Gfx ccm_dl_GRASS2_i4_aligner[] = {gsSPEndDisplayList()};
u8 ccm_dl_GRASS2_i4[] = {
	0xa7, 0x64, 0x74, 0x36, 0x86, 0x76, 0x47, 0x74, 
	0x66, 0x46, 0x77, 0x66, 0x57, 0x68, 0x63, 0x47, 
	0x66, 0x46, 0x95, 0x67, 0x66, 0x46, 0x75, 0x45, 
	0x67, 0x77, 0x67, 0x67, 0x96, 0x58, 0x56, 0x77, 
	0x97, 0x63, 0x56, 0x52, 0x36, 0x46, 0x36, 0x75, 
	0x46, 0x43, 0x44, 0x66, 0x36, 0x56, 0x33, 0x44, 
	0x58, 0x65, 0x86, 0x67, 0x76, 0x47, 0x56, 0x76, 
	0x57, 0x77, 0x77, 0x56, 0x66, 0x45, 0x77, 0x99, 
	0x86, 0x54, 0x35, 0x74, 0x23, 0x24, 0x45, 0x66, 
	0x62, 0x25, 0x43, 0x65, 0x65, 0x45, 0x53, 0x24, 
	0x46, 0x76, 0x67, 0x56, 0x66, 0x54, 0x46, 0x99, 
	0x99, 0x67, 0x57, 0x77, 0x77, 0x64, 0x77, 0x67, 
	0x65, 0x35, 0x44, 0x55, 0x54, 0x34, 0x55, 0x45, 
	0x65, 0x75, 0x44, 0x54, 0x32, 0x45, 0x65, 0x36, 
	0x76, 0x76, 0x77, 0x66, 0x45, 0x55, 0x46, 0x7b, 
	0xb8, 0x66, 0x57, 0x77, 0x6a, 0x65, 0x66, 0x77, 
	0x54, 0x45, 0x22, 0x44, 0x44, 0x53, 0x35, 0x33, 
	0x58, 0x55, 0x22, 0x44, 0x44, 0x46, 0x53, 0x33, 
	0x55, 0x87, 0x57, 0x97, 0x77, 0x68, 0x56, 0x76, 
	0x78, 0x56, 0x67, 0x76, 0x79, 0x96, 0x78, 0x99, 
	0x65, 0x34, 0x45, 0x44, 0x32, 0x46, 0x25, 0x64, 
	0x3b, 0x73, 0x22, 0x22, 0x46, 0x45, 0x65, 0x34, 
	0x45, 0x87, 0x45, 0x66, 0x87, 0x54, 0x55, 0x77, 
	0x96, 0x56, 0x66, 0x66, 0x89, 0x99, 0x67, 0x66, 
	0x66, 0x56, 0x66, 0x44, 0x44, 0x39, 0x24, 0x56, 
	0x58, 0x42, 0x24, 0x22, 0x23, 0x34, 0x67, 0x86, 
	0x67, 0x76, 0x45, 0x65, 0x76, 0x54, 0x67, 0x58, 
	0x65, 0x55, 0x76, 0x76, 0x55, 0x68, 0x57, 0x66, 
	0x87, 0x53, 0x44, 0x44, 0x42, 0x36, 0x44, 0x45, 
	0x75, 0x42, 0x44, 0x44, 0x34, 0x44, 0x65, 0x56, 
	0x67, 0x76, 0x44, 0x55, 0x97, 0x54, 0x58, 0x67, 
	0x76, 0x55, 0x76, 0x58, 0x66, 0x69, 0x67, 0x76, 
	0x86, 0x55, 0x43, 0x34, 0x42, 0x54, 0x55, 0x34, 
	0x65, 0x43, 0x52, 0x24, 0x44, 0x45, 0x45, 0x66, 
	0x66, 0x96, 0x54, 0x65, 0x96, 0x77, 0x78, 0x97, 
	0x64, 0x66, 0x76, 0x67, 0x57, 0x69, 0x66, 0x66, 
	0x68, 0x66, 0x62, 0x44, 0x44, 0x73, 0x88, 0x64, 
	0x75, 0x24, 0x74, 0x24, 0x74, 0x44, 0x35, 0x57, 
	0x65, 0x77, 0x95, 0x56, 0x57, 0x77, 0x89, 0x97, 
	0x66, 0x77, 0x67, 0x69, 0x75, 0x77, 0x77, 0x55, 
	0x67, 0x65, 0x43, 0x44, 0x46, 0x67, 0x44, 0xb4, 
	0x54, 0x35, 0x74, 0x33, 0x54, 0x64, 0x25, 0x46, 
	0x45, 0x96, 0x95, 0x46, 0x47, 0x77, 0x75, 0x47, 
	0x68, 0x85, 0x67, 0x58, 0x95, 0x76, 0x97, 0x77, 
	0x66, 0x55, 0x43, 0x44, 0x44, 0x98, 0x34, 0x84, 
	0x44, 0x44, 0x64, 0x44, 0x43, 0x33, 0x43, 0x46, 
	0x65, 0x96, 0x86, 0x56, 0x85, 0x68, 0x65, 0x57, 
	0x78, 0x98, 0x66, 0x67, 0x76, 0x77, 0x66, 0x87, 
	0x66, 0x35, 0x22, 0x44, 0x34, 0x77, 0x44, 0x53, 
	0x44, 0x46, 0x72, 0x44, 0x52, 0x22, 0x44, 0x46, 
	0x95, 0x66, 0x66, 0x77, 0x65, 0x46, 0x76, 0x45, 
	0x67, 0x99, 0x97, 0x56, 0x67, 0xa7, 0x76, 0x76, 
	0x66, 0x35, 0x44, 0x54, 0x44, 0x74, 0x44, 0x54, 
	0x33, 0x47, 0x42, 0x57, 0x42, 0x42, 0x75, 0x56, 
	0x75, 0x66, 0x67, 0x65, 0x56, 0x55, 0x77, 0x66, 
	0x77, 0x97, 0x67, 0x66, 0x67, 0x99, 0x55, 0x76, 
	0x66, 0x44, 0x74, 0x74, 0x25, 0x63, 0x38, 0x54, 
	0x24, 0x24, 0x73, 0x74, 0x43, 0x44, 0x45, 0x67, 
	0x99, 0x86, 0x66, 0x66, 0x66, 0x76, 0x67, 0x77, 
	0x67, 0x76, 0x57, 0x67, 0x67, 0x97, 0x55, 0x86, 
	0x66, 0x56, 0x66, 0x44, 0x24, 0x43, 0x2a, 0x54, 
	0x22, 0x46, 0x64, 0x62, 0x44, 0x33, 0x45, 0x66, 
	0x69, 0x75, 0x68, 0x77, 0x76, 0x55, 0x57, 0x97, 
	0x67, 0x66, 0x67, 0x77, 0x58, 0x86, 0x69, 0x66, 
	0x66, 0x45, 0x97, 0x34, 0x24, 0x24, 0x37, 0x44, 
	0x42, 0x44, 0x62, 0x42, 0x45, 0x44, 0x42, 0x45, 
	0x45, 0x65, 0x47, 0x66, 0x8b, 0x97, 0x66, 0x87, 
	0x76, 0x96, 0x56, 0x67, 0x46, 0x66, 0x58, 0x66, 
	0x66, 0x35, 0x76, 0x44, 0x53, 0x24, 0x25, 0x42, 
	0x24, 0x32, 0x53, 0x42, 0x24, 0x44, 0x42, 0x45, 
	0x66, 0x67, 0x67, 0x77, 0x79, 0xb7, 0x77, 0x77, 
	0x95, 0x56, 0x55, 0x66, 0x56, 0x57, 0x57, 0x45, 
	0x75, 0x25, 0x53, 0x23, 0x42, 0x42, 0x37, 0x44, 
	0x64, 0x42, 0x33, 0x43, 0x33, 0x44, 0x44, 0x57, 
	0x66, 0x66, 0x67, 0x76, 0x55, 0x66, 0x68, 0x85, 
	0xb6, 0x97, 0x66, 0x66, 0x66, 0x57, 0x67, 0x76, 
	0x96, 0x22, 0x32, 0x22, 0x22, 0x42, 0x25, 0x34, 
	0x63, 0x23, 0x44, 0x24, 0x44, 0x45, 0x45, 0x66, 
	0x57, 0x87, 0x76, 0x78, 0x75, 0x66, 0x67, 0x77, 
	0x76, 0xa8, 0x67, 0x66, 0x65, 0x66, 0x76, 0x87, 
	0x6a, 0x62, 0x56, 0x63, 0x22, 0x52, 0x44, 0x44, 
	0x42, 0x23, 0x44, 0x33, 0x36, 0x65, 0x45, 0x44, 
	0x67, 0x78, 0x95, 0x57, 0x76, 0x67, 0x89, 0x87, 
	0x66, 0x76, 0x46, 0x66, 0x56, 0x76, 0x65, 0x76, 
	0x69, 0x52, 0x55, 0x44, 0x24, 0x62, 0x43, 0x44, 
	0x22, 0x42, 0x34, 0x32, 0x35, 0x44, 0x44, 0x26, 
	0x36, 0x76, 0x96, 0x66, 0x67, 0x86, 0x69, 0x94, 
	0x57, 0x77, 0x57, 0x76, 0x46, 0x76, 0x99, 0x76, 
	0x68, 0x62, 0x22, 0x44, 0x44, 0x44, 0x44, 0x44, 
	0x42, 0x22, 0x24, 0x42, 0x44, 0x54, 0x32, 0x46, 
	0x35, 0x56, 0x96, 0x66, 0x66, 0x98, 0x57, 0x96, 
	0x59, 0x96, 0x57, 0x75, 0x66, 0x77, 0x97, 0x86, 
	0x76, 0x76, 0x42, 0x46, 0x25, 0x24, 0x24, 0x42, 
	0x42, 0x34, 0x24, 0x42, 0x33, 0x44, 0x22, 0x33, 
	0x47, 0x76, 0x96, 0x67, 0x76, 0x77, 0x97, 0x79, 
	0x68, 0x96, 0x66, 0x65, 0x67, 0x75, 0x55, 0x66, 
	0x87, 0x65, 0x64, 0x44, 0x24, 0x24, 0x44, 0x23, 
	0x24, 0x42, 0x44, 0x42, 0x24, 0x43, 0x34, 0x43, 
	0x49, 0x65, 0x99, 0x89, 0x77, 0x65, 0x66, 0x76, 
	0x76, 0x87, 0x87, 0x66, 0x66, 0x66, 0x65, 0x46, 
	0x65, 0x44, 0x22, 0x46, 0x44, 0x34, 0x44, 0x22, 
	0x42, 0x32, 0x44, 0x42, 0x22, 0x45, 0x46, 0x36, 
	0x57, 0x97, 0x96, 0x9b, 0x69, 0x96, 0x65, 0x67, 
	0x76, 0x76, 0x87, 0x67, 0x87, 0x66, 0x76, 0x67, 
	0x43, 0x42, 0x24, 0x46, 0x47, 0x24, 0x24, 0x23, 
	0x22, 0x44, 0x42, 0x22, 0x42, 0x24, 0x44, 0x66, 
	0x68, 0xb9, 0x87, 0x7a, 0x66, 0x8b, 0x65, 0x59, 
	0x88, 0x77, 0x66, 0x77, 0x78, 0x95, 0x66, 0x69, 
	0x65, 0x64, 0x44, 0x35, 0x45, 0x43, 0x22, 0x42, 
	0x42, 0x24, 0x22, 0x42, 0x64, 0x24, 0x45, 0x56, 
	0x67, 0x9b, 0x87, 0x6b, 0x88, 0x66, 0xa8, 0x58, 
	0x67, 0x76, 0x57, 0x46, 0x76, 0x96, 0x75, 0x56, 
	0x82, 0x55, 0x44, 0x24, 0x42, 0x34, 0x22, 0x42, 
	0x64, 0x24, 0x22, 0x44, 0x34, 0x44, 0x45, 0x66, 
	0x55, 0x56, 0x75, 0x57, 0x99, 0x95, 0x66, 0x66, 
	0x87, 0x65, 0x67, 0x45, 0x56, 0x97, 0x99, 0x76, 
	0x93, 0x44, 0x56, 0x22, 0x52, 0x24, 0x22, 0x34, 
	0x54, 0x42, 0x26, 0x34, 0x52, 0x55, 0x56, 0x57, 
	0x77, 0x56, 0x76, 0x57, 0x99, 0x77, 0x66, 0x66, 
	0x67, 0x54, 0x65, 0x57, 0x76, 0x68, 0x88, 0x97, 
	0x86, 0x44, 0x44, 0x23, 0x22, 0x25, 0x42, 0x34, 
	0x42, 0x54, 0x25, 0x42, 0x32, 0x36, 0x55, 0x43, 
	0x66, 0x66, 0x55, 0x57, 0x96, 0x65, 0x66, 0x56, 
	0x66, 0x66, 0x65, 0x59, 0x65, 0x97, 0x66, 0x46, 
	0x75, 0x46, 0x64, 0x35, 0x33, 0x34, 0x63, 0x55, 
	0x65, 0x55, 0x36, 0x56, 0x66, 0x56, 0x55, 0x55, 
	0x56, 0x66, 0x43, 0x55, 0x78, 0x66, 0x65, 0x34, 
	0x67, 0x68, 0x57, 0x56, 0x86, 0x86, 0x63, 0x46, 
	0x74, 0x69, 0x94, 0x46, 0x65, 0x75, 0x85, 0x58, 
	0x66, 0x65, 0x47, 0x66, 0x74, 0x66, 0x45, 0x69, 
	0x45, 0x36, 0x35, 0x56, 0x75, 0x88, 0x63, 0x52, 
	0x25, 0x55, 0x66, 0x66, 0xa8, 0x66, 0x66, 0x76, 
	0x85, 0x8b, 0x65, 0x55, 0x58, 0x57, 0x78, 0x67, 
	0x56, 0x76, 0x76, 0x75, 0x45, 0x66, 0x76, 0x66, 
	0x64, 0x22, 0x52, 0x66, 0x65, 0x57, 0x52, 0x65, 
	0x24, 0x55, 0x55, 0x55, 0x79, 0x65, 0x43, 0x66, 
	0x77, 0x68, 0x55, 0x54, 0x67, 0x87, 0x59, 0x66, 
	0x96, 0x97, 0x96, 0x65, 0x55, 0x56, 0x66, 0x74, 
	0x44, 0x22, 0x53, 0x68, 0x55, 0x36, 0x45, 0x35, 
	0x44, 0x45, 0x55, 0x32, 0x24, 0x53, 0x43, 0x46, 
	0x66, 0x64, 0x75, 0x55, 0x76, 0x69, 0x67, 0x99, 
	0x97, 0x97, 0x8b, 0x76, 0x79, 0x69, 0x76, 0x74, 
	0x34, 0x22, 0x34, 0x44, 0x42, 0x24, 0x44, 0x42, 
	0x44, 0x44, 0x46, 0x44, 0x34, 0x44, 0x35, 0x56, 
	0x64, 0x76, 0x75, 0x58, 0x96, 0x68, 0x7b, 0x9c, 
	0x97, 0x87, 0x89, 0x76, 0x76, 0x99, 0x66, 0x54, 
	0x65, 0x32, 0x45, 0x64, 0x44, 0x22, 0x42, 0x42, 
	0x44, 0x42, 0x25, 0x42, 0x55, 0x74, 0x24, 0x65, 
	0x56, 0x97, 0x77, 0x99, 0x76, 0x67, 0x99, 0x89, 
	0x99, 0x97, 0x78, 0x66, 0x66, 0x97, 0x56, 0x64, 
	0x65, 0x43, 0x47, 0x65, 0x44, 0x32, 0x44, 0x44, 
	0x44, 0x44, 0x44, 0x42, 0x74, 0x44, 0x34, 0x54, 
	0x56, 0x66, 0x77, 0x66, 0x56, 0x97, 0x66, 0x96, 
	0x96, 0x9a, 0x77, 0x86, 0x66, 0x96, 0x88, 0x85, 
	0x55, 0x54, 0x53, 0x45, 0x44, 0x44, 0x45, 0x44, 
	0x42, 0x44, 0x24, 0x64, 0x75, 0x24, 0x25, 0x55, 
	0x56, 0x65, 0x79, 0x76, 0x56, 0xa5, 0x65, 0x97, 
	0x77, 0x77, 0x77, 0x76, 0x68, 0x66, 0x96, 0x76, 
	0x54, 0x44, 0x52, 0x34, 0x43, 0x44, 0x44, 0x44, 
	0x42, 0x24, 0x23, 0x34, 0xa6, 0x42, 0x26, 0x66, 
	0x55, 0x67, 0x78, 0x96, 0x86, 0x66, 0x65, 0x66, 
	0x75, 0x66, 0x68, 0x65, 0x85, 0x66, 0x67, 0x66, 
	0x62, 0x43, 0x42, 0x23, 0x44, 0x45, 0x42, 0x64, 
	0x45, 0x22, 0x44, 0x22, 0x66, 0x46, 0x25, 0x76, 
	0x56, 0x66, 0x66, 0x69, 0x66, 0x57, 0x55, 0x67, 
	0x66, 0x66, 0x76, 0x66, 0x95, 0x96, 0x65, 0x66, 
	0x64, 0x22, 0x24, 0x22, 0x45, 0x45, 0x22, 0x2a, 
	0x26, 0x42, 0x23, 0x24, 0x37, 0x55, 0x56, 0x65, 
	0x69, 0x86, 0x78, 0x99, 0x56, 0x85, 0x65, 0x87, 
	0x67, 0x66, 0x76, 0x56, 0x69, 0x94, 0x66, 0x56, 
	0x38, 0x53, 0x25, 0x43, 0x44, 0x44, 0x24, 0x24, 
	0x63, 0x45, 0x22, 0x42, 0x24, 0x64, 0x34, 0x64, 
	0x56, 0x77, 0x89, 0x98, 0x64, 0x97, 0x79, 0xa6, 
	0x66, 0x67, 0x94, 0x55, 0x69, 0x64, 0x45, 0x56, 
	0x38, 0x54, 0x44, 0x44, 0x44, 0x44, 0x44, 0x24, 
	0x44, 0x46, 0x44, 0x24, 0x24, 0x44, 0x32, 0x56, 
	0x65, 0x66, 0x56, 0x89, 0x75, 0x78, 0x69, 0x65, 
	0x76, 0x65, 0x74, 0x77, 0x79, 0x99, 0x76, 0x66, 
	0x26, 0x86, 0x44, 0x45, 0x54, 0x34, 0x46, 0x24, 
	0x34, 0x45, 0x44, 0x47, 0x44, 0x62, 0x43, 0x56, 
	0x65, 0x68, 0x75, 0x66, 0x77, 0x75, 0x55, 0x66, 
	0x77, 0x67, 0x55, 0x66, 0x67, 0x79, 0x69, 0x76, 
	0x34, 0x94, 0x43, 0x34, 0x44, 0x44, 0x36, 0x42, 
	0x43, 0x74, 0x23, 0x22, 0x42, 0x64, 0x66, 0x56, 
	0x66, 0x46, 0x97, 0x95, 0x87, 0x76, 0x75, 0x66, 
	0x66, 0x58, 0x64, 0x44, 0x56, 0x46, 0x58, 0x66, 
	0x54, 0x84, 0x44, 0x44, 0x43, 0x44, 0x45, 0x42, 
	0x24, 0x75, 0x33, 0x32, 0x44, 0x24, 0x63, 0x46, 
	0x68, 0x65, 0x78, 0x87, 0x97, 0x56, 0x89, 0x76, 
	0x76, 0x65, 0x65, 0x54, 0x47, 0x58, 0x56, 0x66, 
	0x54, 0x84, 0x65, 0x45, 0x54, 0x42, 0x34, 0x42, 
	0x27, 0x44, 0x42, 0x24, 0x44, 0x23, 0x53, 0x56, 
	0x69, 0x54, 0x58, 0x59, 0x75, 0x56, 0x89, 0x87, 
	0x96, 0x65, 0x76, 0x56, 0x67, 0x76, 0x77, 0x63, 
	0x43, 0x64, 0x44, 0x24, 0x54, 0x44, 0x24, 0x52, 
	0x48, 0x42, 0x62, 0x24, 0x32, 0x23, 0x43, 0x66, 
	0x58, 0x54, 0x47, 0x67, 0x97, 0x97, 0x87, 0x55, 
	0x68, 0x66, 0xb8, 0x76, 0x45, 0x97, 0x79, 0x54, 
	0x33, 0x52, 0x24, 0x42, 0x45, 0x43, 0x22, 0x54, 
	0x42, 0x42, 0x24, 0x23, 0x32, 0x24, 0x52, 0x76, 
	0x87, 0x95, 0x79, 0x67, 0x97, 0x65, 0x79, 0x75, 
	0x56, 0x95, 0x69, 0x87, 0x44, 0x77, 0x66, 0x45, 
	0x62, 0x52, 0x24, 0x33, 0x56, 0x42, 0x32, 0x44, 
	0x42, 0x34, 0x22, 0x25, 0x22, 0x22, 0x43, 0x64, 
	0x86, 0x95, 0x79, 0x66, 0x97, 0x79, 0x97, 0x97, 
	0x67, 0x98, 0x55, 0x99, 0x84, 0x57, 0x75, 0x64, 
	0x64, 0x44, 0x34, 0x33, 0x44, 0x44, 0x32, 0x44, 
	0x44, 0x24, 0x42, 0x47, 0x44, 0x44, 0x22, 0x64, 
	0x97, 0x86, 0x65, 0x69, 0x99, 0x87, 0x95, 0x79, 
	0x66, 0x95, 0x79, 0x79, 0x98, 0x56, 0x66, 0x76, 
	0x66, 0x54, 0x44, 0x54, 0x44, 0x33, 0x22, 0x42, 
	0x24, 0x42, 0x57, 0x78, 0x74, 0x74, 0x22, 0x49, 
	0x88, 0x87, 0x56, 0x7b, 0x78, 0x87, 0x68, 0x88, 
	0x95, 0x46, 0x76, 0x79, 0x87, 0x47, 0x76, 0x86, 
	0x43, 0x53, 0x34, 0x44, 0x44, 0x34, 0x42, 0x43, 
	0x44, 0x32, 0x44, 0x99, 0x44, 0x74, 0x44, 0xb9, 
	0x68, 0x55, 0x76, 0xaa, 0x77, 0x88, 0x77, 0x79, 
	0x99, 0x47, 0x54, 0x78, 0x96, 0x56, 0x76, 0x86, 
	0x34, 0x32, 0x24, 0x42, 0x44, 0x37, 0x42, 0x24, 
	0x54, 0x44, 0x24, 0x44, 0x24, 0x42, 0x34, 0x76, 
	0x88, 0x57, 0x56, 0x99, 0x57, 0x97, 0x69, 0xa9, 
	0xc7, 0x55, 0x67, 0x66, 0xcb, 0x56, 0x55, 0x67, 
	0x36, 0x42, 0x22, 0x53, 0x26, 0x54, 0x42, 0x24, 
	0x44, 0x54, 0x44, 0x42, 0x34, 0x22, 0x34, 0x56, 
	0x67, 0xda, 0x75, 0x59, 0x56, 0x87, 0x79, 0x99, 
	0x96, 0x75, 0x78, 0x67, 0x5b, 0x86, 0x65, 0x66, 
	0x36, 0x44, 0x22, 0x42, 0x29, 0x43, 0x32, 0x44, 
	0x45, 0x44, 0x44, 0x42, 0x23, 0x42, 0x55, 0x56, 
	0x67, 0x98, 0x77, 0x47, 0x65, 0x45, 0x66, 0x67, 
	0x88, 0x86, 0x97, 0x79, 0x55, 0x65, 0x77, 0x66, 
	0x64, 0x44, 0x33, 0x42, 0x27, 0x44, 0x24, 0x44, 
	0x24, 0x55, 0x44, 0x42, 0x34, 0x32, 0x55, 0x79, 
	0x67, 0x76, 0x76, 0x67, 0x97, 0x57, 0x77, 0x95, 
	0x67, 0x57, 0x96, 0x6b, 0x69, 0x86, 0x77, 0x66, 
	0x65, 0x54, 0x22, 0x24, 0x34, 0x34, 0x44, 0x34, 
	0x23, 0x44, 0x44, 0x22, 0x44, 0x34, 0x66, 0x69, 
	0x76, 0x5a, 0x76, 0x78, 0x87, 0x79, 0x87, 0x75, 
	0x67, 0x5a, 0x96, 0x67, 0x6a, 0x86, 0x76, 0x76, 
	0x55, 0x52, 0x23, 0x44, 0x22, 0x34, 0x44, 0x42, 
	0x44, 0x24, 0x34, 0x42, 0x36, 0x43, 0x56, 0x75, 
	0x77, 0x4a, 0xa6, 0x89, 0x45, 0x66, 0x67, 0x69, 
	0x66, 0x6a, 0x75, 0x76, 0x67, 0x64, 0x66, 0x66, 
	0x65, 0x55, 0x23, 0x55, 0x22, 0x55, 0x57, 0x54, 
	0x35, 0x22, 0x55, 0x45, 0x27, 0x85, 0x75, 0x56, 
	0x76, 0x56, 0x74, 0x68, 0x55, 0x66, 0x66, 0x89, 
	0x56, 0x97, 0x95, 0x45, 0x77, 0x64, 0x67, 0x66, 
	0x56, 0x64, 0x56, 0x47, 0x22, 0x56, 0x66, 0x34, 
	0x33, 0x55, 0x56, 0x24, 0x32, 0x97, 0x74, 0x56, 
	0x96, 0x64, 0x76, 0x56, 0x75, 0x66, 0x69, 0x75, 
	0x76, 0x76, 0x98, 0x65, 0x99, 0x65, 0x66, 0x56, 
	0x54, 0x56, 0x69, 0x65, 0x45, 0x36, 0x62, 0x35, 
	0x64, 0x56, 0x44, 0x53, 0x63, 0x47, 0x54, 0x76, 
	0x77, 0x66, 0x77, 0x67, 0x88, 0x65, 0x59, 0x75, 
	0x68, 0x86, 0x99, 0x96, 0x89, 0x66, 0x66, 0x55, 
	0x64, 0x36, 0x76, 0x76, 0x54, 0x66, 0x63, 0x44, 
	0x67, 0x66, 0x64, 0x65, 0x46, 0x55, 0x56, 0x75, 
	
};

Gfx ccm_dl_RMGP01_fc61d93d_14_i8_aligner[] = {gsSPEndDisplayList()};
u8 ccm_dl_RMGP01_fc61d93d_14_i8[] = {
	0x3b, 0x36, 0x33, 0x3b, 0x43, 0x3e, 0x4c, 0x4c, 
	0x58, 0x4c, 0x58, 0x58, 0x54, 0x4e, 0x54, 0x44, 
	0x40, 0x42, 0x47, 0x42, 0x4b, 0x4b, 0x58, 0x58, 
	0x57, 0x57, 0x51, 0x49, 0x46, 0x41, 0x3b, 0x3b, 
	0x3b, 0x38, 0x40, 0x40, 0x2f, 0x2f, 0x4a, 0x4a, 
	0x44, 0x44, 0x4a, 0x55, 0x4c, 0x4c, 0x51, 0x48, 
	0x51, 0x55, 0x4d, 0x49, 0x49, 0x49, 0x46, 0x43, 
	0x4a, 0x53, 0x53, 0x3b, 0x3b, 0x3b, 0x37, 0x38, 
	0x3b, 0x36, 0x38, 0x3b, 0x3e, 0x47, 0x4c, 0x4c, 
	0x58, 0x4c, 0x54, 0x58, 0x4e, 0x4a, 0x54, 0x44, 
	0x3b, 0x42, 0x47, 0x42, 0x4b, 0x4b, 0x58, 0x58, 
	0x57, 0x60, 0x49, 0x49, 0x46, 0x41, 0x3b, 0x3b, 
	0x3b, 0x38, 0x40, 0x40, 0x2f, 0x2f, 0x5b, 0x4a, 
	0x44, 0x4a, 0x4a, 0x55, 0x4c, 0x43, 0x51, 0x4c, 
	0x55, 0x55, 0x49, 0x49, 0x49, 0x49, 0x49, 0x43, 
	0x44, 0x53, 0x53, 0x3b, 0x3b, 0x3b, 0x37, 0x3b, 
	0x3b, 0x36, 0x38, 0x38, 0x43, 0x4c, 0x4c, 0x4c, 
	0x58, 0x4c, 0x58, 0x58, 0x54, 0x54, 0x54, 0x4a, 
	0x40, 0x47, 0x47, 0x40, 0x4b, 0x4b, 0x58, 0x58, 
	0x57, 0x60, 0x51, 0x49, 0x4c, 0x41, 0x3b, 0x41, 
	0x3b, 0x33, 0x40, 0x40, 0x2f, 0x3f, 0x5b, 0x4a, 
	0x44, 0x4a, 0x4a, 0x55, 0x4c, 0x4c, 0x51, 0x51, 
	0x55, 0x55, 0x49, 0x49, 0x49, 0x49, 0x46, 0x49, 
	0x44, 0x4a, 0x53, 0x3b, 0x3b, 0x3b, 0x38, 0x3b, 
	0x3b, 0x36, 0x36, 0x3b, 0x3e, 0x4c, 0x4c, 0x4c, 
	0x58, 0x50, 0x54, 0x58, 0x54, 0x4e, 0x54, 0x4a, 
	0x40, 0x47, 0x47, 0x42, 0x43, 0x43, 0x58, 0x58, 
	0x57, 0x60, 0x51, 0x51, 0x4c, 0x3b, 0x3b, 0x3b, 
	0x3b, 0x33, 0x40, 0x40, 0x2f, 0x3f, 0x5b, 0x4a, 
	0x44, 0x4a, 0x4a, 0x55, 0x4c, 0x48, 0x51, 0x51, 
	0x55, 0x55, 0x4d, 0x49, 0x49, 0x43, 0x46, 0x46, 
	0x44, 0x53, 0x53, 0x3b, 0x3b, 0x38, 0x38, 0x38, 
	0x3e, 0x36, 0x3b, 0x3e, 0x3b, 0x43, 0x48, 0x50, 
	0x58, 0x50, 0x54, 0x54, 0x4c, 0x4c, 0x54, 0x4c, 
	0x38, 0x43, 0x48, 0x43, 0x47, 0x47, 0x56, 0x60, 
	0x54, 0x58, 0x50, 0x4b, 0x45, 0x3e, 0x3e, 0x45, 
	0x3c, 0x30, 0x43, 0x43, 0x32, 0x4a, 0x58, 0x4a, 
	0x46, 0x46, 0x46, 0x58, 0x51, 0x4b, 0x51, 0x51, 
	0x53, 0x53, 0x49, 0x49, 0x49, 0x49, 0x44, 0x49, 
	0x40, 0x53, 0x53, 0x40, 0x3b, 0x3b, 0x3b, 0x3b, 
	0x3e, 0x36, 0x39, 0x3e, 0x43, 0x43, 0x48, 0x50, 
	0x58, 0x50, 0x54, 0x58, 0x50, 0x50, 0x54, 0x4c, 
	0x3e, 0x48, 0x48, 0x43, 0x47, 0x47, 0x56, 0x56, 
	0x54, 0x58, 0x54, 0x50, 0x4f, 0x45, 0x34, 0x3e, 
	0x3c, 0x38, 0x43, 0x43, 0x32, 0x4a, 0x58, 0x4a, 
	0x46, 0x4c, 0x4c, 0x58, 0x51, 0x44, 0x51, 0x58, 
	0x53, 0x53, 0x4d, 0x49, 0x49, 0x47, 0x45, 0x49, 
	0x40, 0x4c, 0x53, 0x40, 0x3b, 0x3b, 0x37, 0x3b, 
	0x3e, 0x36, 0x39, 0x3e, 0x43, 0x43, 0x50, 0x50, 
	0x58, 0x54, 0x54, 0x58, 0x50, 0x4c, 0x54, 0x49, 
	0x38, 0x43, 0x48, 0x43, 0x47, 0x47, 0x56, 0x60, 
	0x58, 0x58, 0x50, 0x50, 0x4f, 0x45, 0x3e, 0x3e, 
	0x3c, 0x38, 0x43, 0x3c, 0x32, 0x4a, 0x58, 0x4a, 
	0x46, 0x52, 0x52, 0x58, 0x51, 0x44, 0x58, 0x58, 
	0x53, 0x53, 0x4d, 0x49, 0x49, 0x47, 0x49, 0x49, 
	0x40, 0x4c, 0x53, 0x40, 0x3b, 0x3b, 0x38, 0x3b, 
	0x3b, 0x36, 0x36, 0x3e, 0x43, 0x43, 0x48, 0x50, 
	0x58, 0x4c, 0x58, 0x50, 0x4c, 0x49, 0x50, 0x49, 
	0x38, 0x43, 0x48, 0x3e, 0x47, 0x47, 0x56, 0x60, 
	0x58, 0x50, 0x54, 0x50, 0x4f, 0x45, 0x34, 0x3e, 
	0x3c, 0x38, 0x43, 0x3c, 0x32, 0x40, 0x58, 0x4a, 
	0x46, 0x4c, 0x52, 0x58, 0x51, 0x4b, 0x58, 0x58, 
	0x53, 0x4d, 0x4d, 0x43, 0x44, 0x47, 0x49, 0x49, 
	0x47, 0x47, 0x53, 0x40, 0x3b, 0x3b, 0x37, 0x38, 
	0x3c, 0x36, 0x36, 0x40, 0x3b, 0x44, 0x4c, 0x55, 
	0x5d, 0x50, 0x50, 0x55, 0x4a, 0x46, 0x50, 0x46, 
	0x3b, 0x40, 0x48, 0x48, 0x44, 0x44, 0x54, 0x5d, 
	0x5d, 0x50, 0x50, 0x50, 0x4d, 0x3f, 0x37, 0x3f, 
	0x3f, 0x38, 0x3f, 0x3f, 0x37, 0x42, 0x55, 0x55, 
	0x49, 0x52, 0x58, 0x58, 0x4c, 0x44, 0x5a, 0x5a, 
	0x50, 0x50, 0x50, 0x45, 0x43, 0x43, 0x4c, 0x3e, 
	0x43, 0x49, 0x53, 0x43, 0x3b, 0x3b, 0x38, 0x3b, 
	0x3c, 0x36, 0x3c, 0x40, 0x44, 0x44, 0x4c, 0x55, 
	0x5d, 0x50, 0x58, 0x5d, 0x50, 0x4a, 0x50, 0x4a, 
	0x3b, 0x40, 0x48, 0x40, 0x44, 0x44, 0x54, 0x5d, 
	0x5d, 0x50, 0x49, 0x50, 0x4d, 0x45, 0x37, 0x3f, 
	0x43, 0x38, 0x43, 0x3f, 0x37, 0x42, 0x55, 0x55, 
	0x4f, 0x4f, 0x58, 0x58, 0x52, 0x44, 0x5a, 0x5a, 
	0x50, 0x50, 0x50, 0x3e, 0x43, 0x4c, 0x47, 0x43, 
	0x43, 0x49, 0x53, 0x43, 0x3b, 0x3b, 0x37, 0x3b, 
	0x3c, 0x36, 0x36, 0x40, 0x3b, 0x44, 0x4c, 0x55, 
	0x5d, 0x50, 0x58, 0x5d, 0x50, 0x46, 0x50, 0x46, 
	0x33, 0x3b, 0x40, 0x40, 0x44, 0x44, 0x54, 0x5d, 
	0x5d, 0x50, 0x49, 0x49, 0x4d, 0x45, 0x37, 0x3f, 
	0x43, 0x3c, 0x43, 0x3f, 0x37, 0x37, 0x55, 0x55, 
	0x49, 0x52, 0x58, 0x58, 0x4c, 0x44, 0x5a, 0x5a, 
	0x50, 0x4a, 0x4a, 0x45, 0x43, 0x4c, 0x4c, 0x43, 
	0x43, 0x43, 0x4d, 0x43, 0x3b, 0x38, 0x37, 0x3b, 
	0x3c, 0x36, 0x36, 0x46, 0x44, 0x44, 0x4c, 0x55, 
	0x5d, 0x50, 0x58, 0x5d, 0x50, 0x46, 0x4a, 0x40, 
	0x33, 0x3b, 0x48, 0x40, 0x44, 0x44, 0x4d, 0x5d, 
	0x5d, 0x50, 0x50, 0x56, 0x4d, 0x3f, 0x37, 0x3f, 
	0x43, 0x3f, 0x43, 0x3f, 0x37, 0x37, 0x55, 0x55, 
	0x49, 0x52, 0x58, 0x58, 0x52, 0x44, 0x5a, 0x5a, 
	0x50, 0x50, 0x50, 0x45, 0x3e, 0x4c, 0x4c, 0x47, 
	0x49, 0x49, 0x53, 0x43, 0x3b, 0x38, 0x37, 0x3b, 
	0x3a, 0x37, 0x3a, 0x40, 0x3e, 0x3e, 0x47, 0x55, 
	0x60, 0x49, 0x60, 0x60, 0x50, 0x4a, 0x50, 0x45, 
	0x33, 0x3b, 0x47, 0x47, 0x44, 0x44, 0x4d, 0x5d, 
	0x64, 0x55, 0x4c, 0x5b, 0x50, 0x47, 0x37, 0x40, 
	0x49, 0x40, 0x44, 0x3b, 0x38, 0x38, 0x50, 0x50, 
	0x45, 0x4d, 0x5b, 0x5b, 0x52, 0x44, 0x5b, 0x5b, 
	0x53, 0x4d, 0x4d, 0x43, 0x40, 0x4d, 0x4d, 0x45, 
	0x4b, 0x43, 0x4f, 0x47, 0x40, 0x3a, 0x37, 0x40, 
	0x3c, 0x37, 0x3a, 0x40, 0x3e, 0x3e, 0x4c, 0x55, 
	0x60, 0x49, 0x57, 0x60, 0x50, 0x4a, 0x50, 0x3e, 
	0x33, 0x3b, 0x47, 0x47, 0x44, 0x44, 0x4d, 0x5d, 
	0x64, 0x55, 0x4c, 0x5b, 0x50, 0x47, 0x40, 0x40, 
	0x49, 0x40, 0x40, 0x40, 0x38, 0x38, 0x50, 0x50, 
	0x45, 0x53, 0x5b, 0x5b, 0x52, 0x44, 0x5b, 0x52, 
	0x53, 0x4d, 0x4d, 0x49, 0x40, 0x48, 0x4d, 0x45, 
	0x47, 0x47, 0x4b, 0x43, 0x40, 0x3a, 0x3a, 0x40, 
	0x3a, 0x3a, 0x3a, 0x40, 0x47, 0x3e, 0x4c, 0x55, 
	0x60, 0x49, 0x51, 0x60, 0x50, 0x50, 0x50, 0x45, 
	0x33, 0x3b, 0x47, 0x3f, 0x44, 0x4d, 0x4d, 0x5d, 
	0x64, 0x55, 0x4c, 0x5b, 0x50, 0x40, 0x37, 0x40, 
	0x49, 0x3b, 0x49, 0x3b, 0x38, 0x38, 0x50, 0x50, 
	0x45, 0x4d, 0x5b, 0x5b, 0x52, 0x44, 0x52, 0x5b, 
	0x53, 0x4d, 0x4d, 0x43, 0x40, 0x48, 0x4d, 0x48, 
	0x47, 0x47, 0x4f, 0x43, 0x40, 0x37, 0x3a, 0x40, 
	0x3c, 0x3a, 0x3a, 0x40, 0x47, 0x3e, 0x47, 0x55, 
	0x60, 0x49, 0x49, 0x60, 0x50, 0x50, 0x50, 0x3e, 
	0x3b, 0x3f, 0x47, 0x47, 0x54, 0x4d, 0x4d, 0x5d, 
	0x64, 0x5b, 0x4c, 0x5b, 0x50, 0x40, 0x40, 0x40, 
	0x49, 0x40, 0x44, 0x40, 0x38, 0x38, 0x50, 0x50, 
	0x45, 0x53, 0x5b, 0x5b, 0x52, 0x44, 0x52, 0x5b, 
	0x53, 0x53, 0x4d, 0x49, 0x48, 0x45, 0x4d, 0x45, 
	0x4b, 0x4b, 0x4f, 0x43, 0x3c, 0x37, 0x3c, 0x40, 
	0x39, 0x33, 0x3e, 0x43, 0x4c, 0x3b, 0x4c, 0x55, 
	0x5b, 0x4d, 0x4d, 0x5b, 0x53, 0x53, 0x53, 0x44, 
	0x37, 0x3d, 0x48, 0x48, 0x57, 0x49, 0x49, 0x60, 
	0x60, 0x60, 0x51, 0x57, 0x4c, 0x41, 0x3b, 0x41, 
	0x43, 0x3c, 0x43, 0x3f, 0x3b, 0x3b, 0x58, 0x4d, 
	0x3b, 0x4d, 0x58, 0x58, 0x58, 0x49, 0x58, 0x58, 
	0x50, 0x50, 0x50, 0x48, 0x50, 0x44, 0x4c, 0x44, 
	0x4c, 0x47, 0x4c, 0x40, 0x40, 0x38, 0x38, 0x40, 
	0x39, 0x39, 0x3e, 0x43, 0x44, 0x3b, 0x44, 0x55, 
	0x5b, 0x44, 0x52, 0x5b, 0x53, 0x4d, 0x53, 0x44, 
	0x3d, 0x3d, 0x48, 0x48, 0x51, 0x49, 0x51, 0x60, 
	0x60, 0x60, 0x51, 0x51, 0x4c, 0x3b, 0x41, 0x41, 
	0x43, 0x3c, 0x43, 0x3f, 0x3b, 0x3b, 0x58, 0x4d, 
	0x3b, 0x4d, 0x58, 0x58, 0x52, 0x49, 0x52, 0x58, 
	0x50, 0x50, 0x50, 0x48, 0x50, 0x44, 0x4c, 0x48, 
	0x4c, 0x4c, 0x4c, 0x40, 0x3c, 0x38, 0x3c, 0x40, 
	0x39, 0x39, 0x3e, 0x43, 0x3b, 0x3b, 0x4c, 0x55, 
	0x5b, 0x44, 0x4d, 0x5b, 0x53, 0x4d, 0x53, 0x44, 
	0x37, 0x3d, 0x48, 0x48, 0x51, 0x49, 0x51, 0x60, 
	0x60, 0x60, 0x57, 0x49, 0x4c, 0x3b, 0x41, 0x41, 
	0x43, 0x3c, 0x43, 0x3f, 0x3b, 0x3b, 0x58, 0x4d, 
	0x3b, 0x4d, 0x58, 0x58, 0x58, 0x49, 0x52, 0x52, 
	0x50, 0x50, 0x50, 0x4b, 0x50, 0x48, 0x50, 0x48, 
	0x4c, 0x4c, 0x4c, 0x40, 0x3c, 0x34, 0x3c, 0x40, 
	0x39, 0x33, 0x3e, 0x43, 0x3b, 0x3b, 0x44, 0x55, 
	0x5b, 0x44, 0x4d, 0x5b, 0x4d, 0x4d, 0x53, 0x4d, 
	0x3d, 0x3d, 0x48, 0x48, 0x51, 0x49, 0x49, 0x60, 
	0x60, 0x60, 0x57, 0x49, 0x4c, 0x41, 0x41, 0x46, 
	0x3f, 0x38, 0x43, 0x3f, 0x3b, 0x3b, 0x58, 0x4d, 
	0x3b, 0x46, 0x58, 0x58, 0x58, 0x49, 0x4f, 0x52, 
	0x50, 0x50, 0x50, 0x48, 0x50, 0x48, 0x4c, 0x48, 
	0x4c, 0x4c, 0x53, 0x40, 0x40, 0x38, 0x3c, 0x40, 
	0x39, 0x39, 0x3e, 0x43, 0x3a, 0x3a, 0x42, 0x4d, 
	0x58, 0x44, 0x4b, 0x58, 0x4f, 0x55, 0x55, 0x4a, 
	0x3b, 0x46, 0x4c, 0x46, 0x50, 0x49, 0x50, 0x5d, 
	0x62, 0x62, 0x55, 0x4c, 0x49, 0x40, 0x44, 0x44, 
	0x43, 0x39, 0x3e, 0x3e, 0x3b, 0x3b, 0x5b, 0x4f, 
	0x37, 0x4c, 0x58, 0x58, 0x53, 0x4c, 0x53, 0x50, 
	0x53, 0x50, 0x4c, 0x49, 0x51, 0x4b, 0x4b, 0x44, 
	0x53, 0x4a, 0x53, 0x44, 0x3b, 0x38, 0x3b, 0x3b, 
	0x33, 0x33, 0x3e, 0x43, 0x3a, 0x2f, 0x42, 0x4d, 
	0x58, 0x44, 0x44, 0x58, 0x55, 0x55, 0x55, 0x4a, 
	0x3b, 0x46, 0x4c, 0x4c, 0x56, 0x49, 0x49, 0x5d, 
	0x62, 0x62, 0x55, 0x3f, 0x49, 0x40, 0x40, 0x44, 
	0x43, 0x33, 0x3e, 0x43, 0x3b, 0x3b, 0x5b, 0x4f, 
	0x37, 0x43, 0x58, 0x58, 0x53, 0x4c, 0x50, 0x50, 
	0x50, 0x50, 0x53, 0x4c, 0x51, 0x4b, 0x4b, 0x44, 
	0x4a, 0x4a, 0x53, 0x3b, 0x3b, 0x37, 0x38, 0x3b, 
	0x39, 0x39, 0x3e, 0x43, 0x3a, 0x2f, 0x3a, 0x4d, 
	0x58, 0x44, 0x4b, 0x58, 0x4a, 0x55, 0x55, 0x44, 
	0x3b, 0x41, 0x4c, 0x4c, 0x50, 0x49, 0x50, 0x5d, 
	0x62, 0x62, 0x62, 0x3f, 0x49, 0x44, 0x44, 0x44, 
	0x43, 0x33, 0x43, 0x43, 0x3b, 0x3b, 0x5b, 0x4f, 
	0x37, 0x4c, 0x58, 0x58, 0x53, 0x4c, 0x53, 0x50, 
	0x53, 0x53, 0x53, 0x4c, 0x58, 0x44, 0x4b, 0x44, 
	0x4a, 0x53, 0x53, 0x3b, 0x3b, 0x3a, 0x3a, 0x3b, 
	0x33, 0x39, 0x3e, 0x43, 0x3a, 0x2f, 0x3a, 0x4d, 
	0x58, 0x4b, 0x44, 0x51, 0x4f, 0x4f, 0x55, 0x4a, 
	0x3b, 0x41, 0x4c, 0x4c, 0x50, 0x49, 0x50, 0x5d, 
	0x62, 0x62, 0x55, 0x3f, 0x49, 0x40, 0x40, 0x49, 
	0x43, 0x33, 0x3e, 0x43, 0x3b, 0x3b, 0x5b, 0x4f, 
	0x37, 0x4c, 0x58, 0x58, 0x53, 0x49, 0x50, 0x4c, 
	0x50, 0x53, 0x53, 0x50, 0x58, 0x4b, 0x44, 0x44, 
	0x53, 0x53, 0x53, 0x3b, 0x3b, 0x3a, 0x37, 0x3b, 
	0x33, 0x38, 0x40, 0x40, 0x3f, 0x33, 0x33, 0x55, 
	0x58, 0x44, 0x44, 0x51, 0x4d, 0x4d, 0x58, 0x46, 
	0x3b, 0x46, 0x4c, 0x4c, 0x4e, 0x44, 0x4e, 0x60, 
	0x60, 0x60, 0x53, 0x3e, 0x4c, 0x41, 0x41, 0x46, 
	0x43, 0x2f, 0x43, 0x43, 0x3b, 0x3b, 0x5d, 0x51, 
	0x37, 0x4c, 0x58, 0x58, 0x55, 0x4d, 0x4d, 0x49, 
	0x50, 0x53, 0x53, 0x4c, 0x56, 0x47, 0x47, 0x47, 
	0x4d, 0x58, 0x58, 0x3b, 0x40, 0x3b, 0x37, 0x3b, 
	0x33, 0x38, 0x3b, 0x40, 0x33, 0x33, 0x33, 0x55, 
	0x58, 0x4b, 0x44, 0x51, 0x4d, 0x4d, 0x58, 0x3b, 
	0x3b, 0x41, 0x4c, 0x4c, 0x4e, 0x44, 0x56, 0x60, 
	0x60, 0x60, 0x53, 0x3e, 0x4c, 0x41, 0x3b, 0x41, 
	0x43, 0x2f, 0x3c, 0x43, 0x3b, 0x3b, 0x5d, 0x51, 
	0x37, 0x4c, 0x58, 0x58, 0x55, 0x4d, 0x51, 0x4d, 
	0x53, 0x50, 0x53, 0x50, 0x56, 0x4d, 0x47, 0x3e, 
	0x4d, 0x58, 0x58, 0x3b, 0x40, 0x3b, 0x32, 0x3b, 
	0x33, 0x38, 0x40, 0x40, 0x33, 0x33, 0x33, 0x55, 
	0x58, 0x51, 0x44, 0x51, 0x4d, 0x46, 0x58, 0x3b, 
	0x3b, 0x46, 0x4c, 0x4c, 0x4e, 0x44, 0x56, 0x60, 
	0x60, 0x60, 0x53, 0x3e, 0x4c, 0x41, 0x3b, 0x46, 
	0x43, 0x37, 0x43, 0x43, 0x3b, 0x3b, 0x5d, 0x51, 
	0x37, 0x43, 0x58, 0x58, 0x55, 0x49, 0x4d, 0x49, 
	0x4e, 0x50, 0x53, 0x4c, 0x56, 0x4d, 0x3e, 0x3e, 
	0x46, 0x58, 0x58, 0x3b, 0x40, 0x3b, 0x32, 0x40, 
	0x33, 0x38, 0x40, 0x40, 0x33, 0x33, 0x33, 0x55, 
	0x58, 0x51, 0x4b, 0x51, 0x4d, 0x4d, 0x58, 0x3b, 
	0x3b, 0x41, 0x4c, 0x4c, 0x4e, 0x44, 0x56, 0x60, 
	0x60, 0x60, 0x4a, 0x3e, 0x46, 0x41, 0x3b, 0x41, 
	0x43, 0x2f, 0x43, 0x43, 0x3b, 0x3b, 0x5d, 0x47, 
	0x37, 0x43, 0x58, 0x58, 0x55, 0x4d, 0x51, 0x49, 
	0x53, 0x4e, 0x53, 0x4c, 0x56, 0x4d, 0x3e, 0x3e, 
	0x4d, 0x58, 0x58, 0x3b, 0x3b, 0x40, 0x32, 0x3b, 
	0x33, 0x39, 0x3e, 0x43, 0x32, 0x32, 0x32, 0x55, 
	0x58, 0x52, 0x49, 0x52, 0x4a, 0x51, 0x5d, 0x3e, 
	0x3b, 0x46, 0x4c, 0x4c, 0x4a, 0x3e, 0x5d, 0x5d, 
	0x64, 0x58, 0x43, 0x43, 0x43, 0x3f, 0x3c, 0x43, 
	0x3e, 0x37, 0x3e, 0x3e, 0x40, 0x40, 0x5b, 0x4a, 
	0x3b, 0x47, 0x5b, 0x5b, 0x58, 0x4c, 0x53, 0x4c, 
	0x50, 0x50, 0x50, 0x43, 0x50, 0x50, 0x3e, 0x45, 
	0x4d, 0x58, 0x58, 0x3b, 0x40, 0x40, 0x33, 0x3b, 
	0x33, 0x39, 0x3e, 0x43, 0x32, 0x32, 0x32, 0x55, 
	0x58, 0x52, 0x49, 0x4f, 0x4a, 0x51, 0x5d, 0x3e, 
	0x41, 0x46, 0x4c, 0x4c, 0x4a, 0x3e, 0x5d, 0x5d, 
	0x64, 0x58, 0x50, 0x43, 0x43, 0x43, 0x3c, 0x43, 
	0x3e, 0x37, 0x3e, 0x3e, 0x40, 0x40, 0x5b, 0x40, 
	0x3b, 0x47, 0x5b, 0x5b, 0x58, 0x50, 0x50, 0x4c, 
	0x50, 0x50, 0x50, 0x3b, 0x50, 0x50, 0x45, 0x3e, 
	0x46, 0x58, 0x58, 0x3b, 0x40, 0x40, 0x38, 0x38, 
	0x33, 0x33, 0x3e, 0x43, 0x32, 0x32, 0x3e, 0x55, 
	0x58, 0x52, 0x4f, 0x58, 0x4a, 0x51, 0x5d, 0x3e, 
	0x3b, 0x41, 0x4c, 0x4c, 0x4a, 0x3e, 0x5d, 0x5d, 
	0x64, 0x58, 0x50, 0x43, 0x43, 0x3f, 0x37, 0x43, 
	0x3e, 0x37, 0x3e, 0x3a, 0x40, 0x40, 0x5b, 0x40, 
	0x3b, 0x47, 0x5b, 0x5b, 0x58, 0x50, 0x4c, 0x4c, 
	0x50, 0x50, 0x50, 0x3b, 0x50, 0x50, 0x45, 0x3e, 
	0x46, 0x58, 0x4d, 0x3b, 0x40, 0x40, 0x33, 0x38, 
	0x33, 0x39, 0x3e, 0x43, 0x32, 0x32, 0x3e, 0x55, 
	0x58, 0x58, 0x49, 0x58, 0x4a, 0x51, 0x5d, 0x3e, 
	0x3b, 0x4c, 0x4c, 0x4c, 0x4a, 0x3e, 0x5d, 0x5d, 
	0x64, 0x58, 0x58, 0x43, 0x43, 0x3f, 0x3c, 0x43, 
	0x3e, 0x3a, 0x3e, 0x3a, 0x40, 0x40, 0x5b, 0x40, 
	0x3b, 0x47, 0x5b, 0x5b, 0x58, 0x50, 0x53, 0x4c, 
	0x50, 0x50, 0x48, 0x3b, 0x50, 0x50, 0x45, 0x4a, 
	0x46, 0x58, 0x4d, 0x3b, 0x40, 0x40, 0x38, 0x38, 
	0x33, 0x33, 0x3e, 0x43, 0x33, 0x33, 0x49, 0x55, 
	0x5d, 0x56, 0x4c, 0x5d, 0x49, 0x4f, 0x58, 0x40, 
	0x3b, 0x49, 0x49, 0x49, 0x4d, 0x43, 0x53, 0x5d, 
	0x5d, 0x5d, 0x4e, 0x4e, 0x43, 0x39, 0x34, 0x43, 
	0x43, 0x34, 0x39, 0x34, 0x3b, 0x46, 0x58, 0x46, 
	0x40, 0x4b, 0x54, 0x60, 0x55, 0x4f, 0x4f, 0x4b, 
	0x53, 0x53, 0x4a, 0x44, 0x50, 0x50, 0x4a, 0x40, 
	0x44, 0x55, 0x4c, 0x44, 0x40, 0x40, 0x3b, 0x37, 
	0x33, 0x39, 0x3e, 0x43, 0x33, 0x33, 0x49, 0x55, 
	0x5d, 0x56, 0x4c, 0x56, 0x49, 0x4f, 0x58, 0x40, 
	0x3b, 0x49, 0x49, 0x49, 0x43, 0x43, 0x53, 0x5d, 
	0x5d, 0x5d, 0x4e, 0x46, 0x43, 0x3e, 0x39, 0x43, 
	0x43, 0x39, 0x39, 0x34, 0x3b, 0x46, 0x58, 0x46, 
	0x40, 0x4b, 0x54, 0x54, 0x4f, 0x46, 0x4f, 0x4f, 
	0x53, 0x53, 0x44, 0x3b, 0x50, 0x50, 0x4a, 0x40, 
	0x4c, 0x55, 0x4c, 0x3b, 0x40, 0x40, 0x3b, 0x37, 
	0x33, 0x39, 0x43, 0x43, 0x33, 0x33, 0x49, 0x55, 
	0x5d, 0x56, 0x4c, 0x56, 0x49, 0x4f, 0x58, 0x40, 
	0x3b, 0x49, 0x49, 0x49, 0x43, 0x43, 0x53, 0x5d, 
	0x5d, 0x5d, 0x55, 0x46, 0x43, 0x3e, 0x39, 0x43, 
	0x43, 0x34, 0x3e, 0x39, 0x3b, 0x4d, 0x58, 0x46, 
	0x40, 0x4b, 0x54, 0x54, 0x55, 0x4b, 0x4f, 0x4f, 
	0x53, 0x53, 0x44, 0x3b, 0x50, 0x50, 0x50, 0x46, 
	0x44, 0x55, 0x4c, 0x3b, 0x40, 0x40, 0x40, 0x32, 
	0x33, 0x33, 0x3e, 0x43, 0x33, 0x3f, 0x49, 0x55, 
	0x5d, 0x56, 0x4c, 0x56, 0x49, 0x4f, 0x58, 0x49, 
	0x3b, 0x49, 0x49, 0x49, 0x43, 0x43, 0x53, 0x5d, 
	0x5d, 0x55, 0x55, 0x46, 0x43, 0x3e, 0x34, 0x43, 
	0x43, 0x34, 0x39, 0x39, 0x3b, 0x4d, 0x58, 0x46, 
	0x40, 0x4b, 0x54, 0x54, 0x4f, 0x4b, 0x4f, 0x55, 
	0x53, 0x53, 0x44, 0x3b, 0x4a, 0x50, 0x4a, 0x46, 
	0x44, 0x55, 0x4c, 0x44, 0x40, 0x40, 0x3b, 0x37, 
	0x33, 0x39, 0x43, 0x43, 0x37, 0x48, 0x53, 0x53, 
	0x5b, 0x54, 0x47, 0x54, 0x4b, 0x4b, 0x58, 0x44, 
	0x37, 0x46, 0x46, 0x46, 0x4c, 0x4c, 0x4c, 0x5b, 
	0x58, 0x58, 0x58, 0x4c, 0x46, 0x3a, 0x3a, 0x46, 
	0x48, 0x33, 0x3b, 0x3b, 0x43, 0x4c, 0x58, 0x43, 
	0x3b, 0x49, 0x51, 0x51, 0x4e, 0x49, 0x52, 0x52, 
	0x50, 0x50, 0x43, 0x3b, 0x4d, 0x4d, 0x4d, 0x44, 
	0x45, 0x50, 0x4a, 0x3e, 0x40, 0x40, 0x40, 0x38, 
	0x33, 0x33, 0x43, 0x43, 0x37, 0x48, 0x48, 0x53, 
	0x5b, 0x4e, 0x47, 0x54, 0x4b, 0x51, 0x58, 0x4b, 
	0x3f, 0x46, 0x4f, 0x46, 0x43, 0x4c, 0x52, 0x5b, 
	0x58, 0x58, 0x58, 0x4c, 0x46, 0x3f, 0x33, 0x46, 
	0x48, 0x33, 0x40, 0x3b, 0x37, 0x4c, 0x58, 0x4c, 
	0x43, 0x49, 0x51, 0x51, 0x52, 0x4e, 0x52, 0x58, 
	0x50, 0x50, 0x43, 0x3b, 0x4d, 0x4d, 0x4d, 0x3e, 
	0x4a, 0x50, 0x4a, 0x3e, 0x40, 0x40, 0x40, 0x38, 
	0x33, 0x33, 0x3e, 0x43, 0x37, 0x48, 0x53, 0x53, 
	0x5b, 0x54, 0x47, 0x54, 0x51, 0x4b, 0x58, 0x44, 
	0x37, 0x46, 0x4f, 0x46, 0x43, 0x43, 0x52, 0x5b, 
	0x54, 0x58, 0x58, 0x4c, 0x46, 0x3a, 0x33, 0x46, 
	0x48, 0x33, 0x3b, 0x40, 0x37, 0x4c, 0x58, 0x4c, 
	0x43, 0x49, 0x51, 0x51, 0x58, 0x49, 0x58, 0x58, 
	0x50, 0x50, 0x43, 0x3b, 0x4d, 0x4d, 0x4d, 0x44, 
	0x4a, 0x50, 0x50, 0x3e, 0x40, 0x40, 0x40, 0x33, 
	0x33, 0x39, 0x3e, 0x3e, 0x37, 0x48, 0x48, 0x53, 
	0x5b, 0x4e, 0x47, 0x54, 0x4b, 0x4b, 0x58, 0x4b, 
	0x3f, 0x46, 0x4f, 0x46, 0x43, 0x43, 0x52, 0x5b, 
	0x58, 0x58, 0x58, 0x4c, 0x46, 0x3f, 0x33, 0x46, 
	0x48, 0x33, 0x3b, 0x3b, 0x37, 0x4c, 0x58, 0x4c, 
	0x3b, 0x43, 0x51, 0x51, 0x52, 0x49, 0x52, 0x58, 
	0x50, 0x50, 0x48, 0x3b, 0x48, 0x4d, 0x48, 0x48, 
	0x4a, 0x4a, 0x50, 0x3e, 0x40, 0x40, 0x3b, 0x33, 
	0x38, 0x38, 0x40, 0x40, 0x38, 0x48, 0x50, 0x50, 
	0x60, 0x4c, 0x4c, 0x53, 0x52, 0x4d, 0x5b, 0x44, 
	0x38, 0x41, 0x50, 0x48, 0x3e, 0x48, 0x58, 0x58, 
	0x5b, 0x5b, 0x5b, 0x4f, 0x43, 0x3e, 0x39, 0x43, 
	0x43, 0x33, 0x3e, 0x43, 0x37, 0x4d, 0x5a, 0x4d, 
	0x3d, 0x4b, 0x54, 0x54, 0x53, 0x4d, 0x57, 0x57, 
	0x53, 0x53, 0x4a, 0x3b, 0x49, 0x44, 0x49, 0x44, 
	0x48, 0x48, 0x50, 0x44, 0x40, 0x40, 0x3c, 0x3a, 
	0x38, 0x3b, 0x40, 0x3b, 0x41, 0x41, 0x50, 0x50, 
	0x60, 0x4c, 0x4c, 0x58, 0x52, 0x4d, 0x5b, 0x4d, 
	0x38, 0x41, 0x50, 0x48, 0x3e, 0x48, 0x58, 0x58, 
	0x5b, 0x5b, 0x5b, 0x53, 0x43, 0x39, 0x33, 0x43, 
	0x43, 0x39, 0x3e, 0x3e, 0x37, 0x4d, 0x5a, 0x4d, 
	0x45, 0x45, 0x54, 0x54, 0x5d, 0x4d, 0x5d, 0x5d, 
	0x53, 0x53, 0x4a, 0x3b, 0x49, 0x44, 0x49, 0x44, 
	0x48, 0x44, 0x50, 0x48, 0x40, 0x40, 0x3a, 0x3a, 
	0x38, 0x33, 0x3b, 0x38, 0x38, 0x48, 0x50, 0x50, 
	0x60, 0x4c, 0x4c, 0x58, 0x52, 0x4d, 0x5b, 0x4d, 
	0x38, 0x41, 0x50, 0x48, 0x3e, 0x3e, 0x58, 0x58, 
	0x5b, 0x53, 0x5b, 0x53, 0x43, 0x3e, 0x33, 0x43, 
	0x43, 0x33, 0x3e, 0x3e, 0x37, 0x4d, 0x5a, 0x4d, 
	0x45, 0x3d, 0x54, 0x54, 0x57, 0x4d, 0x5d, 0x5d, 
	0x53, 0x53, 0x4a, 0x3b, 0x44, 0x44, 0x49, 0x44, 
	0x4c, 0x44, 0x50, 0x44, 0x40, 0x40, 0x37, 0x3a, 
	0x38, 0x3b, 0x3b, 0x3b, 0x41, 0x41, 0x50, 0x50, 
	0x60, 0x53, 0x4c, 0x58, 0x52, 0x4d, 0x5b, 0x44, 
	0x38, 0x48, 0x50, 0x48, 0x3e, 0x3e, 0x58, 0x58, 
	0x5b, 0x57, 0x5b, 0x4f, 0x43, 0x39, 0x39, 0x43, 
	0x43, 0x39, 0x3e, 0x43, 0x37, 0x4d, 0x5a, 0x4d, 
	0x3d, 0x45, 0x54, 0x54, 0x5d, 0x4d, 0x5d, 0x5d, 
	0x53, 0x53, 0x4a, 0x3b, 0x44, 0x40, 0x49, 0x49, 
	0x48, 0x44, 0x50, 0x44, 0x40, 0x3c, 0x3a, 0x3c, 
	0x3b, 0x38, 0x3b, 0x38, 0x3e, 0x3e, 0x4c, 0x55, 
	0x60, 0x50, 0x56, 0x5a, 0x4f, 0x49, 0x5b, 0x49, 
	0x38, 0x42, 0x53, 0x49, 0x3e, 0x3e, 0x60, 0x60, 
	0x60, 0x50, 0x60, 0x50, 0x48, 0x3d, 0x37, 0x48, 
	0x48, 0x38, 0x3e, 0x3e, 0x3b, 0x4d, 0x58, 0x4d, 
	0x40, 0x40, 0x54, 0x60, 0x5a, 0x50, 0x60, 0x60, 
	0x54, 0x54, 0x4c, 0x40, 0x47, 0x40, 0x42, 0x47, 
	0x4c, 0x40, 0x53, 0x47, 0x40, 0x3c, 0x37, 0x3c, 
	0x3b, 0x3b, 0x3b, 0x38, 0x3e, 0x3e, 0x55, 0x55, 
	0x60, 0x50, 0x50, 0x5a, 0x4f, 0x49, 0x5b, 0x49, 
	0x38, 0x42, 0x53, 0x49, 0x3e, 0x3e, 0x60, 0x60, 
	0x60, 0x56, 0x5a, 0x50, 0x48, 0x3d, 0x37, 0x48, 
	0x48, 0x38, 0x3e, 0x3e, 0x3b, 0x4d, 0x58, 0x46, 
	0x40, 0x40, 0x54, 0x60, 0x5a, 0x50, 0x60, 0x5a, 
	0x54, 0x54, 0x4c, 0x40, 0x47, 0x3b, 0x42, 0x42, 
	0x47, 0x47, 0x4c, 0x40, 0x40, 0x3a, 0x3c, 0x3c, 
	0x37, 0x38, 0x3b, 0x38, 0x3e, 0x3e, 0x4c, 0x55, 
	0x60, 0x50, 0x50, 0x56, 0x55, 0x49, 0x5b, 0x49, 
	0x38, 0x42, 0x49, 0x49, 0x3e, 0x3e, 0x60, 0x60, 
	0x60, 0x50, 0x5a, 0x50, 0x48, 0x3d, 0x37, 0x48, 
	0x48, 0x38, 0x42, 0x3e, 0x46, 0x4d, 0x58, 0x4d, 
	0x40, 0x40, 0x54, 0x60, 0x56, 0x50, 0x60, 0x5a, 
	0x54, 0x54, 0x47, 0x47, 0x47, 0x3b, 0x42, 0x47, 
	0x4c, 0x4c, 0x4c, 0x40, 0x40, 0x37, 0x3a, 0x3c, 
	0x3b, 0x38, 0x3b, 0x37, 0x3e, 0x47, 0x4c, 0x55, 
	0x60, 0x50, 0x56, 0x5a, 0x55, 0x4f, 0x5b, 0x49, 
	0x38, 0x42, 0x49, 0x49, 0x3e, 0x3e, 0x60, 0x60, 
	0x60, 0x5a, 0x5a, 0x50, 0x48, 0x3d, 0x37, 0x48, 
	0x48, 0x38, 0x42, 0x3e, 0x46, 0x4d, 0x58, 0x4d, 
	0x40, 0x40, 0x54, 0x60, 0x5a, 0x50, 0x60, 0x60, 
	0x54, 0x54, 0x4c, 0x47, 0x47, 0x42, 0x40, 0x47, 
	0x4c, 0x4c, 0x53, 0x40, 0x3c, 0x3a, 0x40, 0x3c, 
	0x38, 0x38, 0x3b, 0x38, 0x40, 0x40, 0x55, 0x55, 
	0x5b, 0x54, 0x54, 0x57, 0x58, 0x4d, 0x58, 0x47, 
	0x3b, 0x47, 0x4f, 0x47, 0x3e, 0x3e, 0x64, 0x64, 
	0x60, 0x60, 0x51, 0x49, 0x4c, 0x41, 0x3b, 0x4c, 
	0x42, 0x36, 0x3d, 0x42, 0x43, 0x4c, 0x58, 0x4c, 
	0x40, 0x40, 0x54, 0x60, 0x58, 0x53, 0x60, 0x58, 
	0x58, 0x58, 0x49, 0x49, 0x4f, 0x3b, 0x3b, 0x47, 
	0x44, 0x55, 0x4c, 0x3b, 0x40, 0x34, 0x40, 0x40, 
	0x38, 0x37, 0x3b, 0x38, 0x40, 0x40, 0x4d, 0x55, 
	0x5b, 0x50, 0x5b, 0x5b, 0x58, 0x51, 0x58, 0x4d, 
	0x3b, 0x47, 0x4f, 0x47, 0x3e, 0x3e, 0x56, 0x64, 
	0x60, 0x60, 0x60, 0x51, 0x4c, 0x3b, 0x3b, 0x4c, 
	0x48, 0x3d, 0x42, 0x3d, 0x43, 0x4c, 0x58, 0x4c, 
	0x40, 0x40, 0x54, 0x60, 0x58, 0x53, 0x60, 0x60, 
	0x58, 0x52, 0x4e, 0x49, 0x4f, 0x42, 0x3b, 0x47, 
	0x4c, 0x55, 0x55, 0x44, 0x40, 0x34, 0x3c, 0x40, 
	0x37, 0x38, 0x3b, 0x3b, 0x40, 0x40, 0x55, 0x55, 
	0x57, 0x50, 0x57, 0x57, 0x51, 0x4d, 0x51, 0x47, 
	0x3b, 0x47, 0x4f, 0x47, 0x3e, 0x3e, 0x64, 0x64, 
	0x60, 0x57, 0x57, 0x49, 0x4c, 0x3b, 0x3b, 0x4c, 
	0x48, 0x36, 0x3d, 0x3d, 0x43, 0x43, 0x58, 0x4c, 
	0x40, 0x40, 0x4b, 0x60, 0x58, 0x4c, 0x58, 0x58, 
	0x58, 0x4e, 0x49, 0x49, 0x4f, 0x42, 0x3b, 0x47, 
	0x4c, 0x55, 0x55, 0x3b, 0x3c, 0x38, 0x40, 0x3c, 
	0x37, 0x37, 0x3b, 0x3b, 0x40, 0x40, 0x4d, 0x55, 
	0x57, 0x50, 0x57, 0x5b, 0x51, 0x4d, 0x58, 0x4d, 
	0x3b, 0x47, 0x4f, 0x4f, 0x3e, 0x3e, 0x56, 0x64, 
	0x60, 0x57, 0x60, 0x49, 0x46, 0x3b, 0x3b, 0x46, 
	0x48, 0x36, 0x42, 0x3d, 0x37, 0x43, 0x58, 0x4c, 
	0x40, 0x40, 0x4b, 0x60, 0x58, 0x53, 0x60, 0x60, 
	0x58, 0x52, 0x4e, 0x4e, 0x4f, 0x42, 0x3b, 0x4f, 
	0x4c, 0x55, 0x55, 0x3b, 0x3c, 0x38, 0x40, 0x40, 
	0x37, 0x33, 0x3a, 0x3a, 0x44, 0x3b, 0x4b, 0x54, 
	0x52, 0x4d, 0x5b, 0x5b, 0x54, 0x4c, 0x54, 0x49, 
	0x3b, 0x4a, 0x53, 0x4a, 0x49, 0x3b, 0x60, 0x60, 
	0x62, 0x59, 0x59, 0x49, 0x46, 0x3d, 0x3d, 0x46, 
	0x40, 0x36, 0x40, 0x40, 0x37, 0x40, 0x50, 0x47, 
	0x40, 0x49, 0x50, 0x58, 0x58, 0x4d, 0x58, 0x58, 
	0x54, 0x4f, 0x4c, 0x4c, 0x53, 0x44, 0x3b, 0x4a, 
	0x49, 0x55, 0x55, 0x42, 0x39, 0x37, 0x3d, 0x3d, 
	0x33, 0x33, 0x3a, 0x3e, 0x3b, 0x3b, 0x54, 0x54, 
	0x4d, 0x4d, 0x52, 0x5b, 0x54, 0x50, 0x54, 0x49, 
	0x3b, 0x44, 0x53, 0x53, 0x49, 0x3b, 0x52, 0x60, 
	0x62, 0x52, 0x59, 0x49, 0x46, 0x3d, 0x3d, 0x41, 
	0x40, 0x36, 0x40, 0x40, 0x37, 0x37, 0x50, 0x50, 
	0x40, 0x40, 0x49, 0x58, 0x58, 0x51, 0x58, 0x58, 
	0x54, 0x51, 0x4c, 0x4f, 0x53, 0x44, 0x3b, 0x44, 
	0x49, 0x55, 0x55, 0x37, 0x39, 0x37, 0x3d, 0x3d, 
	0x37, 0x33, 0x3e, 0x3e, 0x3b, 0x3b, 0x4b, 0x54, 
	0x52, 0x44, 0x52, 0x5b, 0x50, 0x50, 0x50, 0x49, 
	0x3b, 0x44, 0x53, 0x4a, 0x49, 0x3b, 0x52, 0x60, 
	0x62, 0x59, 0x62, 0x49, 0x46, 0x3d, 0x38, 0x41, 
	0x40, 0x36, 0x40, 0x40, 0x37, 0x37, 0x50, 0x50, 
	0x49, 0x40, 0x50, 0x58, 0x54, 0x51, 0x58, 0x58, 
	0x54, 0x51, 0x4f, 0x4c, 0x53, 0x4a, 0x3b, 0x4a, 
	0x49, 0x55, 0x55, 0x37, 0x3d, 0x39, 0x39, 0x39, 
	0x37, 0x33, 0x3a, 0x3e, 0x3b, 0x3b, 0x54, 0x54, 
	0x52, 0x44, 0x52, 0x5b, 0x50, 0x4c, 0x54, 0x49, 
	0x3b, 0x44, 0x53, 0x53, 0x49, 0x3b, 0x52, 0x60, 
	0x62, 0x59, 0x59, 0x49, 0x46, 0x3d, 0x38, 0x41, 
	0x40, 0x3a, 0x40, 0x40, 0x37, 0x37, 0x50, 0x50, 
	0x49, 0x49, 0x49, 0x58, 0x58, 0x4d, 0x58, 0x58, 
	0x54, 0x51, 0x4f, 0x4f, 0x53, 0x4a, 0x44, 0x44, 
	0x49, 0x55, 0x55, 0x37, 0x3d, 0x37, 0x39, 0x3d, 
	0x3b, 0x33, 0x3b, 0x40, 0x38, 0x40, 0x4c, 0x4c, 
	0x51, 0x44, 0x51, 0x58, 0x50, 0x4c, 0x50, 0x43, 
	0x37, 0x43, 0x58, 0x4c, 0x4d, 0x44, 0x55, 0x5e, 
	0x5d, 0x54, 0x5d, 0x44, 0x46, 0x3f, 0x3a, 0x46, 
	0x43, 0x33, 0x43, 0x43, 0x3d, 0x33, 0x4d, 0x4d, 
	0x49, 0x49, 0x49, 0x54, 0x54, 0x4c, 0x58, 0x54, 
	0x50, 0x4f, 0x4f, 0x4c, 0x53, 0x49, 0x43, 0x43, 
	0x48, 0x53, 0x53, 0x37, 0x3e, 0x3e, 0x39, 0x3e, 
	0x38, 0x33, 0x3b, 0x40, 0x40, 0x40, 0x4c, 0x4c, 
	0x51, 0x44, 0x51, 0x58, 0x50, 0x4c, 0x50, 0x43, 
	0x37, 0x43, 0x58, 0x4c, 0x4d, 0x44, 0x55, 0x5e, 
	0x5d, 0x5d, 0x5d, 0x44, 0x46, 0x3f, 0x33, 0x3f, 
	0x3e, 0x33, 0x3e, 0x43, 0x33, 0x33, 0x4d, 0x4d, 
	0x43, 0x49, 0x49, 0x54, 0x54, 0x4c, 0x58, 0x50, 
	0x50, 0x4f, 0x4f, 0x4d, 0x53, 0x49, 0x49, 0x43, 
	0x53, 0x53, 0x53, 0x37, 0x3e, 0x3e, 0x39, 0x3b, 
	0x3b, 0x33, 0x3b, 0x40, 0x44, 0x38, 0x4c, 0x4c, 
	0x51, 0x44, 0x51, 0x58, 0x50, 0x48, 0x50, 0x43, 
	0x37, 0x43, 0x58, 0x4c, 0x4d, 0x44, 0x4d, 0x5e, 
	0x5d, 0x5d, 0x5d, 0x4d, 0x46, 0x3f, 0x33, 0x3f, 
	0x43, 0x39, 0x3e, 0x43, 0x33, 0x33, 0x44, 0x4d, 
	0x49, 0x49, 0x49, 0x54, 0x54, 0x4c, 0x58, 0x50, 
	0x50, 0x50, 0x4d, 0x4f, 0x53, 0x49, 0x49, 0x43, 
	0x53, 0x53, 0x53, 0x37, 0x3e, 0x3e, 0x3b, 0x3b, 
	0x38, 0x33, 0x3b, 0x40, 0x40, 0x38, 0x4c, 0x4c, 
	0x51, 0x4b, 0x51, 0x58, 0x50, 0x4c, 0x50, 0x43, 
	0x37, 0x43, 0x58, 0x4c, 0x4d, 0x44, 0x55, 0x5e, 
	0x5d, 0x5d, 0x5d, 0x44, 0x46, 0x3f, 0x33, 0x3f, 
	0x43, 0x33, 0x3e, 0x43, 0x33, 0x33, 0x3d, 0x4d, 
	0x49, 0x4e, 0x4e, 0x54, 0x54, 0x50, 0x58, 0x50, 
	0x50, 0x4f, 0x4d, 0x4d, 0x53, 0x49, 0x49, 0x43, 
	0x53, 0x53, 0x53, 0x37, 0x3e, 0x3e, 0x37, 0x39, 
	0x37, 0x37, 0x3b, 0x3e, 0x40, 0x3b, 0x49, 0x49, 
	0x50, 0x50, 0x50, 0x54, 0x50, 0x48, 0x50, 0x43, 
	0x3b, 0x43, 0x50, 0x48, 0x4b, 0x44, 0x51, 0x58, 
	0x5d, 0x5d, 0x53, 0x43, 0x49, 0x41, 0x33, 0x41, 
	0x3e, 0x39, 0x3e, 0x43, 0x32, 0x32, 0x43, 0x4d, 
	0x48, 0x51, 0x4c, 0x51, 0x4f, 0x4a, 0x55, 0x4f, 
	0x55, 0x51, 0x4d, 0x4d, 0x4f, 0x49, 0x49, 0x44, 
	0x50, 0x50, 0x50, 0x3a, 0x3e, 0x3b, 0x3b, 0x3b, 
	0x39, 0x37, 0x3b, 0x3e, 0x44, 0x3b, 0x49, 0x49, 
	0x58, 0x4c, 0x54, 0x54, 0x50, 0x4c, 0x50, 0x43, 
	0x3b, 0x43, 0x50, 0x43, 0x51, 0x44, 0x51, 0x58, 
	0x5d, 0x5d, 0x5d, 0x43, 0x49, 0x41, 0x33, 0x41, 
	0x43, 0x39, 0x43, 0x43, 0x32, 0x32, 0x3c, 0x4d, 
	0x48, 0x4c, 0x51, 0x51, 0x4a, 0x44, 0x55, 0x4f, 
	0x55, 0x51, 0x4d, 0x49, 0x4f, 0x49, 0x49, 0x44, 
	0x50, 0x50, 0x50, 0x3a, 0x3e, 0x3e, 0x37, 0x3b, 
	0x39, 0x37, 0x3b, 0x3e, 0x44, 0x40, 0x49, 0x49, 
	0x54, 0x4c, 0x54, 0x58, 0x50, 0x4c, 0x50, 0x43, 
	0x3b, 0x48, 0x50, 0x43, 0x51, 0x44, 0x51, 0x58, 
	0x5d, 0x5d, 0x4d, 0x43, 0x49, 0x41, 0x33, 0x3b, 
	0x3e, 0x39, 0x43, 0x43, 0x32, 0x32, 0x43, 0x4d, 
	0x44, 0x4c, 0x4c, 0x51, 0x4a, 0x44, 0x55, 0x4a, 
	0x55, 0x51, 0x49, 0x49, 0x4f, 0x44, 0x49, 0x3e, 
	0x50, 0x50, 0x50, 0x3a, 0x3b, 0x37, 0x37, 0x3b, 
	0x39, 0x37, 0x39, 0x3b, 0x3b, 0x40, 0x49, 0x49, 
	0x58, 0x4c, 0x50, 0x58, 0x50, 0x50, 0x50, 0x43, 
	0x3b, 0x43, 0x50, 0x43, 0x51, 0x44, 0x51, 0x58, 
	0x5d, 0x5d, 0x4d, 0x43, 0x49, 0x41, 0x33, 0x3b, 
	0x3e, 0x33, 0x43, 0x43, 0x32, 0x32, 0x4d, 0x4d, 
	0x44, 0x4c, 0x4c, 0x51, 0x4f, 0x44, 0x55, 0x4f, 
	0x55, 0x55, 0x49, 0x49, 0x4f, 0x49, 0x44, 0x3e, 
	0x48, 0x50, 0x50, 0x3a, 0x3e, 0x3b, 0x37, 0x3b, 
	
};

Gfx ccm_dl_KKIIDDZZ_DAT_730__p00_i4_aligner[] = {gsSPEndDisplayList()};
u8 ccm_dl_KKIIDDZZ_DAT_730__p00_i4[] = {
	0x34, 0x33, 0x23, 0x46, 0x64, 0x56, 0x76, 0x44, 
	0x46, 0x75, 0x54, 0x33, 0x44, 0x43, 0x32, 0x22, 
	0x22, 0x22, 0x33, 0x43, 0x33, 0x34, 0x33, 0x33, 
	0x45, 0x54, 0x33, 0x33, 0x33, 0x44, 0x44, 0x54, 
	0x43, 0x33, 0x33, 0x44, 0x54, 0x45, 0x65, 0x54, 
	0x45, 0x76, 0x54, 0x44, 0x44, 0x33, 0x22, 0x22, 
	0x22, 0x33, 0x45, 0x55, 0x44, 0x33, 0x33, 0x33, 
	0x45, 0x54, 0x44, 0x43, 0x33, 0x33, 0x33, 0x33, 
	0x33, 0x33, 0x33, 0x33, 0x44, 0x34, 0x45, 0x54, 
	0x56, 0x77, 0x65, 0x55, 0x43, 0x33, 0x22, 0x22, 
	0x23, 0x35, 0x68, 0x87, 0x54, 0x33, 0x33, 0x33, 
	0x44, 0x44, 0x46, 0x75, 0x43, 0x33, 0x33, 0x33, 
	0x33, 0x33, 0x33, 0x33, 0x33, 0x33, 0x44, 0x44, 
	0x57, 0x77, 0x65, 0x55, 0x44, 0x33, 0x33, 0x33, 
	0x33, 0x56, 0x88, 0x87, 0x54, 0x34, 0x43, 0x33, 
	0x34, 0x45, 0x67, 0x75, 0x54, 0x43, 0x44, 0x44, 
	0x22, 0x33, 0x43, 0x43, 0x33, 0x44, 0x44, 0x45, 
	0x56, 0x65, 0x55, 0x54, 0x44, 0x44, 0x33, 0x34, 
	0x45, 0x55, 0x76, 0x55, 0x43, 0x34, 0x44, 0x33, 
	0x34, 0x55, 0x65, 0x55, 0x54, 0x35, 0x56, 0x55, 
	0x22, 0x23, 0x33, 0x33, 0x43, 0x45, 0x65, 0x44, 
	0x44, 0x44, 0x44, 0x45, 0x55, 0x54, 0x33, 0x35, 
	0x54, 0x44, 0x55, 0x43, 0x33, 0x34, 0x44, 0x34, 
	0x44, 0x45, 0x45, 0x55, 0x43, 0x44, 0x57, 0x78, 
	0x33, 0x33, 0x34, 0x44, 0x43, 0x45, 0x76, 0x54, 
	0x54, 0x43, 0x34, 0x44, 0x55, 0x43, 0x33, 0x34, 
	0x54, 0x44, 0x44, 0x43, 0x33, 0x34, 0x44, 0x34, 
	0x44, 0x43, 0x34, 0x44, 0x34, 0x44, 0x55, 0x57, 
	0x33, 0x34, 0x54, 0x44, 0x33, 0x45, 0x77, 0x75, 
	0x44, 0x44, 0x44, 0x45, 0x54, 0x43, 0x33, 0x34, 
	0x54, 0x34, 0x54, 0x44, 0x44, 0x43, 0x33, 0x34, 
	0x54, 0x43, 0x33, 0x33, 0x34, 0x45, 0x44, 0x44, 
	0x33, 0x45, 0x54, 0x43, 0x44, 0x44, 0x56, 0x65, 
	0x55, 0x45, 0x45, 0x56, 0x54, 0x43, 0x33, 0x44, 
	0x44, 0x45, 0x55, 0x54, 0x44, 0x33, 0x33, 0x34, 
	0x55, 0x43, 0x33, 0x33, 0x34, 0x45, 0x43, 0x33, 
	0x33, 0x35, 0x54, 0x44, 0x55, 0x55, 0x54, 0x45, 
	0x45, 0x55, 0x55, 0x66, 0x65, 0x44, 0x44, 0x55, 
	0x45, 0x55, 0x55, 0x55, 0x55, 0x43, 0x23, 0x34, 
	0x55, 0x44, 0x33, 0x34, 0x33, 0x34, 0x33, 0x23, 
	0x33, 0x45, 0x67, 0x77, 0x77, 0x76, 0x55, 0x54, 
	0x55, 0x55, 0x55, 0x56, 0x54, 0x44, 0x55, 0x55, 
	0x45, 0x55, 0x55, 0x55, 0x65, 0x44, 0x33, 0x45, 
	0x55, 0x44, 0x44, 0x33, 0x33, 0x34, 0x43, 0x33, 
	0x33, 0x45, 0x77, 0x88, 0x87, 0x77, 0x76, 0x55, 
	0x65, 0x55, 0x55, 0x55, 0x54, 0x44, 0x55, 0x54, 
	0x55, 0x55, 0x66, 0x55, 0x55, 0x54, 0x45, 0x44, 
	0x44, 0x55, 0x54, 0x44, 0x33, 0x44, 0x43, 0x34, 
	0x34, 0x46, 0x78, 0x88, 0x87, 0x67, 0x77, 0x77, 
	0x76, 0x43, 0x44, 0x45, 0x44, 0x44, 0x45, 0x55, 
	0x55, 0x55, 0x76, 0x55, 0x45, 0x44, 0x55, 0x43, 
	0x44, 0x55, 0x54, 0x45, 0x54, 0x55, 0x43, 0x45, 
	0x34, 0x56, 0x77, 0x77, 0x77, 0x55, 0x67, 0x88, 
	0x77, 0x54, 0x44, 0x44, 0x44, 0x44, 0x45, 0x44, 
	0x44, 0x45, 0x67, 0x55, 0x55, 0x45, 0x44, 0x54, 
	0x44, 0x55, 0x45, 0x56, 0x55, 0x55, 0x44, 0x57, 
	0x44, 0x57, 0x77, 0x66, 0x66, 0x55, 0x67, 0x88, 
	0x87, 0x75, 0x54, 0x44, 0x44, 0x44, 0x33, 0x34, 
	0x34, 0x45, 0x77, 0x77, 0x65, 0x44, 0x44, 0x55, 
	0x55, 0x54, 0x45, 0x55, 0x55, 0x54, 0x45, 0x67, 
	0x44, 0x57, 0x77, 0x77, 0x65, 0x55, 0x58, 0x77, 
	0x77, 0x76, 0x54, 0x44, 0x44, 0x43, 0x33, 0x33, 
	0x44, 0x56, 0x77, 0x77, 0x76, 0x54, 0x44, 0x55, 
	0x55, 0x55, 0x44, 0x45, 0x55, 0x55, 0x55, 0x55, 
	0x44, 0x57, 0x75, 0x77, 0x75, 0x44, 0x57, 0x65, 
	0x44, 0x45, 0x54, 0x44, 0x44, 0x33, 0x34, 0x45, 
	0x56, 0x65, 0x65, 0x56, 0x55, 0x55, 0x44, 0x44, 
	0x45, 0x55, 0x44, 0x44, 0x44, 0x45, 0x56, 0x55, 
	0x55, 0x58, 0x87, 0x77, 0x44, 0x33, 0x55, 0x54, 
	0x44, 0x56, 0x54, 0x34, 0x44, 0x33, 0x34, 0x45, 
	0x66, 0x55, 0x44, 0x44, 0x44, 0x44, 0x33, 0x33, 
	0x34, 0x55, 0x54, 0x44, 0x43, 0x35, 0x77, 0x64, 
	0x55, 0x68, 0x87, 0x76, 0x44, 0x44, 0x44, 0x43, 
	0x45, 0x67, 0x64, 0x43, 0x33, 0x33, 0x44, 0x56, 
	0x66, 0x55, 0x45, 0x45, 0x43, 0x33, 0x33, 0x43, 
	0x33, 0x34, 0x34, 0x44, 0x43, 0x34, 0x56, 0x54, 
	0x55, 0x77, 0x88, 0x75, 0x44, 0x54, 0x44, 0x44, 
	0x57, 0x87, 0x55, 0x44, 0x33, 0x43, 0x44, 0x67, 
	0x56, 0x66, 0x66, 0x54, 0x44, 0x33, 0x34, 0x44, 
	0x44, 0x43, 0x33, 0x33, 0x43, 0x34, 0x44, 0x43, 
	0x66, 0x78, 0x78, 0x54, 0x45, 0x55, 0x44, 0x45, 
	0x77, 0x76, 0x55, 0x65, 0x43, 0x34, 0x45, 0x67, 
	0x66, 0x67, 0x76, 0x55, 0x43, 0x43, 0x46, 0x65, 
	0x55, 0x54, 0x44, 0x44, 0x33, 0x44, 0x43, 0x33, 
	0x77, 0x78, 0x77, 0x54, 0x46, 0x55, 0x45, 0x55, 
	0x66, 0x65, 0x55, 0x65, 0x43, 0x44, 0x56, 0x77, 
	0x77, 0x77, 0x75, 0x44, 0x44, 0x34, 0x46, 0x77, 
	0x77, 0x75, 0x55, 0x44, 0x44, 0x67, 0x53, 0x34, 
	0x56, 0x78, 0x77, 0x55, 0x56, 0x54, 0x45, 0x55, 
	0x44, 0x55, 0x55, 0x54, 0x43, 0x45, 0x78, 0x87, 
	0x77, 0x87, 0x64, 0x44, 0x43, 0x44, 0x55, 0x67, 
	0x77, 0x75, 0x66, 0x54, 0x46, 0x87, 0x54, 0x45, 
	0x77, 0x66, 0x76, 0x65, 0x66, 0x55, 0x45, 0x54, 
	0x44, 0x55, 0x55, 0x44, 0x34, 0x45, 0x88, 0x87, 
	0x78, 0x87, 0x54, 0x44, 0x34, 0x45, 0x44, 0x45, 
	0x77, 0x55, 0x77, 0x55, 0x57, 0x87, 0x54, 0x55, 
	0x87, 0x66, 0x56, 0x67, 0x77, 0x65, 0x65, 0x43, 
	0x33, 0x44, 0x44, 0x33, 0x34, 0x46, 0x88, 0x77, 
	0x77, 0x75, 0x43, 0x33, 0x44, 0x55, 0x53, 0x34, 
	0x45, 0x44, 0x67, 0x65, 0x67, 0x75, 0x55, 0x55, 
	0x88, 0x75, 0x55, 0x67, 0x77, 0x77, 0x65, 0x43, 
	0x33, 0x43, 0x33, 0x33, 0x45, 0x67, 0x87, 0x75, 
	0x57, 0x54, 0x43, 0x33, 0x34, 0x55, 0x43, 0x33, 
	0x33, 0x34, 0x55, 0x55, 0x67, 0x76, 0x55, 0x67, 
	0x87, 0x75, 0x45, 0x56, 0x67, 0x77, 0x54, 0x33, 
	0x33, 0x33, 0x33, 0x34, 0x55, 0x67, 0x77, 0x55, 
	0x66, 0x65, 0x44, 0x44, 0x45, 0x55, 0x43, 0x33, 
	0x33, 0x34, 0x45, 0x54, 0x56, 0x76, 0x66, 0x77, 
	0x87, 0x64, 0x44, 0x44, 0x45, 0x65, 0x43, 0x33, 
	0x44, 0x43, 0x23, 0x44, 0x56, 0x66, 0x55, 0x56, 
	0x77, 0x66, 0x65, 0x55, 0x67, 0x75, 0x43, 0x33, 
	0x44, 0x45, 0x55, 0x44, 0x55, 0x55, 0x57, 0x87, 
	0x77, 0x54, 0x33, 0x33, 0x44, 0x54, 0x33, 0x34, 
	0x44, 0x33, 0x33, 0x45, 0x66, 0x54, 0x55, 0x67, 
	0x77, 0x56, 0x77, 0x77, 0x78, 0x75, 0x44, 0x45, 
	0x44, 0x55, 0x55, 0x54, 0x55, 0x55, 0x67, 0x76, 
	0x77, 0x44, 0x43, 0x33, 0x44, 0x44, 0x34, 0x45, 
	0x54, 0x44, 0x43, 0x45, 0x77, 0x54, 0x45, 0x65, 
	0x54, 0x44, 0x56, 0x66, 0x77, 0x65, 0x45, 0x55, 
	0x44, 0x44, 0x55, 0x56, 0x67, 0x66, 0x66, 0x55, 
	0x76, 0x54, 0x44, 0x33, 0x44, 0x34, 0x33, 0x45, 
	0x55, 0x44, 0x44, 0x45, 0x66, 0x54, 0x55, 0x44, 
	0x43, 0x33, 0x44, 0x44, 0x45, 0x55, 0x55, 0x54, 
	0x44, 0x44, 0x55, 0x56, 0x77, 0x88, 0x77, 0x55, 
	0x77, 0x55, 0x43, 0x34, 0x43, 0x33, 0x33, 0x55, 
	0x54, 0x34, 0x44, 0x45, 0x65, 0x44, 0x45, 0x54, 
	0x43, 0x33, 0x33, 0x34, 0x55, 0x55, 0x55, 0x44, 
	0x45, 0x54, 0x55, 0x55, 0x56, 0x88, 0x76, 0x67, 
	0x55, 0x55, 0x44, 0x44, 0x44, 0x33, 0x33, 0x33, 
	0x33, 0x34, 0x44, 0x55, 0x55, 0x44, 0x55, 0x54, 
	0x43, 0x43, 0x33, 0x45, 0x66, 0x67, 0x64, 0x43, 
	0x45, 0x55, 0x45, 0x56, 0x66, 0x88, 0x77, 0x77, 
	0x54, 0x55, 0x54, 0x44, 0x43, 0x33, 0x33, 0x33, 
	0x33, 0x44, 0x45, 0x57, 0x65, 0x55, 0x55, 0x55, 
	0x44, 0x55, 0x44, 0x45, 0x66, 0x67, 0x54, 0x43, 
	0x55, 0x66, 0x55, 0x67, 0x77, 0x77, 0x77, 0x75, 
	0x34, 0x44, 0x44, 0x44, 0x43, 0x32, 0x22, 0x33, 
	0x45, 0x54, 0x55, 0x56, 0x77, 0x77, 0x55, 0x55, 
	0x55, 0x65, 0x44, 0x55, 0x55, 0x57, 0x75, 0x44, 
	0x45, 0x65, 0x66, 0x65, 0x67, 0x78, 0x77, 0x54, 
	0x33, 0x34, 0x34, 0x44, 0x33, 0x43, 0x33, 0x45, 
	0x66, 0x55, 0x45, 0x45, 0x67, 0x77, 0x55, 0x55, 
	0x67, 0x65, 0x44, 0x55, 0x55, 0x57, 0x77, 0x55, 
	0x56, 0x76, 0x77, 0x76, 0x55, 0x67, 0x86, 0x43, 
	0x34, 0x44, 0x44, 0x43, 0x34, 0x45, 0x44, 0x45, 
	0x76, 0x44, 0x44, 0x54, 0x56, 0x65, 0x45, 0x67, 
	0x77, 0x75, 0x44, 0x45, 0x55, 0x56, 0x66, 0x67, 
	0x77, 0x76, 0x67, 0x76, 0x55, 0x57, 0x75, 0x44, 
	0x45, 0x54, 0x43, 0x43, 0x43, 0x45, 0x55, 0x55, 
	0x54, 0x43, 0x45, 0x76, 0x65, 0x54, 0x56, 0x78, 
	0x87, 0x75, 0x55, 0x55, 0x55, 0x55, 0x55, 0x56, 
	0x78, 0x85, 0x56, 0x76, 0x55, 0x55, 0x65, 0x34, 
	0x56, 0x64, 0x44, 0x33, 0x33, 0x44, 0x55, 0x44, 
	0x44, 0x44, 0x57, 0x87, 0x76, 0x55, 0x57, 0x88, 
	0x87, 0x54, 0x56, 0x77, 0x75, 0x54, 0x55, 0x55, 
	0x67, 0x75, 0x56, 0x77, 0x76, 0x76, 0x55, 0x34, 
	0x55, 0x54, 0x44, 0x33, 0x34, 0x45, 0x76, 0x55, 
	0x44, 0x55, 0x88, 0x87, 0x66, 0x65, 0x57, 0x78, 
	0x75, 0x44, 0x56, 0x77, 0x76, 0x66, 0x67, 0x75, 
	0x55, 0x55, 0x56, 0x87, 0x77, 0x87, 0x64, 0x34, 
	0x44, 0x44, 0x43, 0x34, 0x44, 0x57, 0x87, 0x65, 
	0x55, 0x78, 0x88, 0x76, 0x55, 0x55, 0x57, 0x77, 
	0x54, 0x45, 0x67, 0x66, 0x77, 0x88, 0x88, 0x75, 
	0x44, 0x45, 0x68, 0x88, 0x77, 0x77, 0x54, 0x35, 
	0x33, 0x33, 0x33, 0x34, 0x56, 0x78, 0x88, 0x76, 
	0x56, 0x78, 0x77, 0x54, 0x54, 0x45, 0x67, 0x75, 
	0x44, 0x45, 0x65, 0x67, 0x78, 0x88, 0x88, 0x64, 
	0x54, 0x55, 0x87, 0x88, 0x88, 0x55, 0x43, 0x44, 
	0x33, 0x33, 0x33, 0x45, 0x67, 0x78, 0x78, 0x87, 
	0x57, 0x77, 0x54, 0x44, 0x45, 0x45, 0x66, 0x54, 
	0x43, 0x34, 0x55, 0x67, 0x78, 0x88, 0x87, 0x54, 
	0x54, 0x45, 0x78, 0x88, 0x77, 0x54, 0x33, 0x44, 
	0x44, 0x43, 0x45, 0x77, 0x78, 0x77, 0x77, 0x77, 
	0x66, 0x75, 0x44, 0x33, 0x44, 0x45, 0x55, 0x43, 
	0x33, 0x43, 0x45, 0x56, 0x77, 0x88, 0x76, 0x44, 
	0x44, 0x45, 0x57, 0x77, 0x75, 0x54, 0x33, 0x34, 
	0x55, 0x55, 0x57, 0x88, 0x77, 0x76, 0x55, 0x67, 
	0x65, 0x44, 0x54, 0x33, 0x44, 0x44, 0x43, 0x33, 
	0x33, 0x33, 0x45, 0x56, 0x76, 0x55, 0x44, 0x33, 
	0x34, 0x55, 0x55, 0x55, 0x55, 0x54, 0x33, 0x33, 
	0x55, 0x66, 0x78, 0x87, 0x77, 0x75, 0x45, 0x67, 
	0x64, 0x44, 0x55, 0x54, 0x44, 0x44, 0x33, 0x33, 
	0x34, 0x35, 0x56, 0x66, 0x55, 0x54, 0x43, 0x33, 
	0x45, 0x66, 0x45, 0x45, 0x45, 0x54, 0x33, 0x33, 
	0x77, 0x77, 0x88, 0x87, 0x76, 0x56, 0x56, 0x77, 
	0x64, 0x45, 0x55, 0x55, 0x44, 0x44, 0x43, 0x43, 
	0x44, 0x54, 0x56, 0x75, 0x44, 0x44, 0x43, 0x33, 
	0x46, 0x77, 0x54, 0x55, 0x55, 0x55, 0x33, 0x33, 
	0x77, 0x77, 0x78, 0x87, 0x65, 0x55, 0x78, 0x77, 
	0x55, 0x55, 0x55, 0x54, 0x54, 0x45, 0x54, 0x44, 
	0x44, 0x45, 0x46, 0x75, 0x44, 0x43, 0x33, 0x33, 
	0x57, 0x76, 0x45, 0x55, 0x55, 0x54, 0x44, 0x33, 
	0x66, 0x55, 0x67, 0x77, 0x65, 0x57, 0x87, 0x65, 
	0x55, 0x65, 0x54, 0x44, 0x44, 0x45, 0x55, 0x55, 
	0x55, 0x54, 0x55, 0x65, 0x44, 0x33, 0x33, 0x34, 
	0x57, 0x75, 0x44, 0x44, 0x45, 0x54, 0x33, 0x32, 
	0x54, 0x44, 0x55, 0x67, 0x76, 0x68, 0x88, 0x75, 
	0x55, 0x55, 0x43, 0x33, 0x44, 0x55, 0x45, 0x45, 
	0x55, 0x44, 0x44, 0x54, 0x43, 0x33, 0x44, 0x44, 
	0x56, 0x54, 0x44, 0x44, 0x55, 0x55, 0x32, 0x22, 
	0x44, 0x44, 0x44, 0x45, 0x55, 0x56, 0x87, 0x76, 
	0x55, 0x44, 0x44, 0x44, 0x45, 0x54, 0x44, 0x44, 
	0x44, 0x34, 0x44, 0x33, 0x33, 0x34, 0x55, 0x55, 
	0x55, 0x54, 0x57, 0x66, 0x75, 0x54, 0x32, 0x22, 
	0x54, 0x43, 0x33, 0x34, 0x44, 0x45, 0x77, 0x77, 
	0x65, 0x54, 0x44, 0x55, 0x55, 0x45, 0x45, 0x43, 
	0x33, 0x34, 0x44, 0x33, 0x33, 0x34, 0x55, 0x54, 
	0x55, 0x45, 0x68, 0x77, 0x76, 0x54, 0x32, 0x22, 
	0x45, 0x43, 0x33, 0x44, 0x54, 0x45, 0x66, 0x56, 
	0x76, 0x54, 0x45, 0x67, 0x75, 0x55, 0x65, 0x43, 
	0x33, 0x44, 0x54, 0x44, 0x43, 0x33, 0x44, 0x45, 
	0x55, 0x56, 0x77, 0x65, 0x65, 0x44, 0x33, 0x22, 
	0x44, 0x44, 0x55, 0x55, 0x55, 0x54, 0x45, 0x56, 
	0x65, 0x54, 0x55, 0x56, 0x55, 0x55, 0x55, 0x43, 
	0x44, 0x44, 0x44, 0x55, 0x44, 0x43, 0x34, 0x44, 
	0x55, 0x56, 0x77, 0x77, 0x64, 0x44, 0x43, 0x22, 
	0x54, 0x44, 0x55, 0x55, 0x66, 0x54, 0x44, 0x45, 
	0x55, 0x45, 0x55, 0x44, 0x44, 0x55, 0x43, 0x33, 
	0x33, 0x33, 0x34, 0x56, 0x77, 0x65, 0x45, 0x56, 
	0x55, 0x56, 0x78, 0x78, 0x54, 0x44, 0x44, 0x22, 
	0x54, 0x44, 0x55, 0x66, 0x77, 0x64, 0x43, 0x45, 
	0x45, 0x55, 0x45, 0x44, 0x44, 0x44, 0x33, 0x33, 
	0x33, 0x33, 0x34, 0x55, 0x67, 0x76, 0x67, 0x77, 
	0x55, 0x45, 0x77, 0x87, 0x54, 0x44, 0x53, 0x32, 
	0x54, 0x34, 0x56, 0x78, 0x77, 0x76, 0x43, 0x44, 
	0x44, 0x45, 0x45, 0x55, 0x65, 0x43, 0x34, 0x34, 
	0x33, 0x33, 0x44, 0x54, 0x44, 0x55, 0x57, 0x76, 
	0x44, 0x45, 0x68, 0x87, 0x55, 0x54, 0x44, 0x32, 
	0x33, 0x33, 0x56, 0x77, 0x76, 0x76, 0x54, 0x33, 
	0x34, 0x44, 0x44, 0x67, 0x65, 0x44, 0x44, 0x43, 
	0x33, 0x34, 0x54, 0x33, 0x33, 0x44, 0x44, 0x54, 
	0x45, 0x55, 0x57, 0x65, 0x55, 0x44, 0x44, 0x43, 
	0x33, 0x33, 0x45, 0x55, 0x55, 0x55, 0x44, 0x33, 
	0x34, 0x33, 0x45, 0x66, 0x54, 0x44, 0x44, 0x33, 
	0x33, 0x45, 0x54, 0x43, 0x33, 0x33, 0x34, 0x45, 
	0x56, 0x67, 0x55, 0x44, 0x44, 0x34, 0x44, 0x43, 
	0x33, 0x34, 0x54, 0x55, 0x54, 0x43, 0x44, 0x44, 
	0x44, 0x45, 0x45, 0x55, 0x54, 0x44, 0x44, 0x33, 
	0x35, 0x55, 0x54, 0x43, 0x43, 0x34, 0x55, 0x56, 
	0x77, 0x65, 0x54, 0x43, 0x33, 0x44, 0x55, 0x44, 
	0x44, 0x44, 0x44, 0x55, 0x54, 0x33, 0x34, 0x44, 
	0x56, 0x65, 0x55, 0x54, 0x44, 0x44, 0x44, 0x34, 
	0x46, 0x65, 0x55, 0x34, 0x34, 0x55, 0x67, 0x78, 
	0x87, 0x54, 0x44, 0x44, 0x34, 0x45, 0x55, 0x45, 
	0x44, 0x44, 0x33, 0x45, 0x43, 0x33, 0x34, 0x45, 
	0x55, 0x55, 0x54, 0x43, 0x33, 0x34, 0x45, 0x54, 
	0x55, 0x55, 0x53, 0x33, 0x33, 0x45, 0x78, 0x87, 
	0x77, 0x54, 0x34, 0x44, 0x33, 0x35, 0x44, 0x43, 
	0x44, 0x44, 0x33, 0x33, 0x33, 0x33, 0x34, 0x44, 
	0x34, 0x45, 0x54, 0x43, 0x33, 0x44, 0x56, 0x55, 
	0x44, 0x44, 0x33, 0x33, 0x44, 0x55, 0x57, 0x77, 
	0x65, 0x54, 0x44, 0x54, 0x43, 0x33, 0x43, 0x33, 
	0x44, 0x43, 0x23, 0x45, 0x44, 0x34, 0x44, 0x33, 
	0x34, 0x54, 0x54, 0x33, 0x33, 0x45, 0x65, 0x43, 
	0x32, 0x33, 0x34, 0x33, 0x45, 0x55, 0x55, 0x56, 
	0x56, 0x44, 0x45, 0x65, 0x44, 0x33, 0x33, 0x44, 
	
};

Gfx ccm_dl_Art4727_64x64_i4_aligner[] = {gsSPEndDisplayList()};
u8 ccm_dl_Art4727_64x64_i4[] = {
	0x65, 0x66, 0x67, 0x78, 0x87, 0x77, 0x76, 0x78, 
	0x75, 0x66, 0x66, 0x79, 0x98, 0x65, 0x66, 0x45, 
	0x45, 0x77, 0x78, 0x78, 0x77, 0x77, 0x77, 0x66, 
	0x77, 0x66, 0x78, 0x89, 0x99, 0x89, 0x76, 0x89, 
	0x67, 0x88, 0x9a, 0x99, 0x99, 0xa9, 0x88, 0x9a, 
	0xa9, 0x88, 0x88, 0x89, 0x99, 0x88, 0x99, 0x87, 
	0x67, 0x99, 0x99, 0xaa, 0xaa, 0xaa, 0x99, 0x99, 
	0x99, 0x89, 0x99, 0x9a, 0xaa, 0xaa, 0xa9, 0xaa, 
	0x57, 0x88, 0x9a, 0x98, 0x88, 0x89, 0x98, 0x89, 
	0x98, 0x88, 0x87, 0x88, 0x87, 0x89, 0x88, 0x98, 
	0x78, 0x89, 0x89, 0x9a, 0xa8, 0x89, 0x98, 0x89, 
	0x98, 0x9a, 0xa9, 0xaa, 0xa9, 0xa9, 0xaa, 0xaa, 
	0x57, 0x99, 0xaa, 0x99, 0xaa, 0x99, 0xaa, 0xa9, 
	0x9a, 0xa9, 0x98, 0x87, 0x99, 0x89, 0xa9, 0x97, 
	0x89, 0x9a, 0xa9, 0x99, 0x99, 0x89, 0x99, 0x99, 
	0x9a, 0xaa, 0xa9, 0x9a, 0xaa, 0xa9, 0x9a, 0xaa, 
	0x67, 0x88, 0x9a, 0x9a, 0xaa, 0xaa, 0x9a, 0xa8, 
	0x9a, 0x98, 0x89, 0xa9, 0x9a, 0x98, 0xa9, 0x85, 
	0x79, 0x9a, 0xa9, 0xa9, 0x99, 0x99, 0x89, 0x99, 
	0x9a, 0xaa, 0xaa, 0xaa, 0xaa, 0xa9, 0xa9, 0xaa, 
	0x56, 0x78, 0x8a, 0x99, 0x98, 0x9a, 0xa9, 0x78, 
	0x9a, 0x98, 0x89, 0x99, 0xaa, 0x98, 0x9a, 0xa6, 
	0x8a, 0x99, 0x88, 0x88, 0x99, 0x89, 0x98, 0x89, 
	0x99, 0x9a, 0xaa, 0x9a, 0xaa, 0xaa, 0xa9, 0xaa, 
	0x57, 0x78, 0x9a, 0xa9, 0x99, 0x99, 0x99, 0x79, 
	0xaa, 0x98, 0x88, 0x88, 0x99, 0x89, 0xaa, 0xa7, 
	0x7a, 0xa8, 0x98, 0x88, 0x89, 0x89, 0x98, 0x88, 
	0x98, 0x89, 0xaa, 0xaa, 0xaa, 0xaa, 0xa9, 0xaa, 
	0x57, 0x78, 0x9a, 0xaa, 0x88, 0x99, 0x98, 0x89, 
	0xa9, 0x98, 0x88, 0x98, 0x99, 0x89, 0xaa, 0xa9, 
	0x7a, 0xa9, 0x99, 0x88, 0x89, 0x87, 0x88, 0x98, 
	0x98, 0x89, 0xaa, 0xaa, 0xaa, 0xaa, 0xaa, 0xaa, 
	0x68, 0x97, 0x99, 0xa9, 0x88, 0x99, 0x98, 0x89, 
	0xa9, 0x88, 0x99, 0x88, 0x99, 0xaa, 0x98, 0x96, 
	0x79, 0x99, 0x9a, 0x98, 0x89, 0x87, 0x77, 0x88, 
	0x98, 0x89, 0xaa, 0x9a, 0xaa, 0xaa, 0xaa, 0xaa, 
	0x69, 0xa9, 0x9a, 0xaa, 0x99, 0xaa, 0xa9, 0x9a, 
	0xaa, 0xa9, 0x98, 0x88, 0x9a, 0x99, 0x99, 0x75, 
	0x7a, 0x98, 0x9a, 0xa9, 0x99, 0x87, 0x78, 0x77, 
	0x88, 0x88, 0x9a, 0xaa, 0x99, 0x9a, 0xa9, 0x99, 
	0x57, 0x99, 0x9a, 0xa9, 0x9a, 0xaa, 0xa9, 0x9a, 
	0xaa, 0xaa, 0x87, 0x9a, 0xa9, 0x88, 0x89, 0x75, 
	0x69, 0x98, 0x9a, 0xaa, 0x98, 0x98, 0x77, 0x77, 
	0x78, 0x78, 0x99, 0x89, 0xaa, 0xaa, 0x9a, 0x9a, 
	0x56, 0x99, 0x78, 0xaa, 0xaa, 0x89, 0x99, 0x9a, 
	0xaa, 0xa9, 0x89, 0x99, 0x97, 0x88, 0x89, 0x95, 
	0x57, 0x99, 0xaa, 0xa9, 0xaa, 0x98, 0x87, 0x77, 
	0x78, 0x98, 0x88, 0x88, 0xaa, 0xa9, 0x9a, 0x9a, 
	0x47, 0x99, 0x88, 0x9a, 0xa9, 0x88, 0x88, 0x89, 
	0xaa, 0x99, 0xa9, 0x8a, 0x88, 0x88, 0x9a, 0x96, 
	0x58, 0x9a, 0xaa, 0xaa, 0xaa, 0xa8, 0x87, 0x67, 
	0x89, 0xa9, 0x99, 0x98, 0x9a, 0x99, 0xaa, 0x99, 
	0x47, 0x87, 0x88, 0x8a, 0x98, 0x87, 0x78, 0x89, 
	0xaa, 0x98, 0x88, 0x99, 0x99, 0x98, 0x89, 0x97, 
	0x69, 0xaa, 0xa9, 0x9a, 0x99, 0x99, 0x97, 0x66, 
	0x78, 0x97, 0x89, 0x78, 0x99, 0x88, 0x98, 0x98, 
	0x36, 0x78, 0x88, 0x99, 0x97, 0x77, 0x99, 0x88, 
	0x98, 0x78, 0x88, 0x98, 0x99, 0xa9, 0x88, 0x76, 
	0x58, 0x98, 0x89, 0x99, 0x9a, 0x99, 0xa9, 0x76, 
	0x57, 0x77, 0x66, 0x77, 0x99, 0x99, 0x86, 0x76, 
	0x34, 0x77, 0x76, 0x77, 0x75, 0x56, 0x87, 0x66, 
	0x65, 0x57, 0x86, 0x65, 0x56, 0x77, 0x66, 0x65, 
	0x55, 0x77, 0x77, 0x77, 0x98, 0x88, 0x87, 0x65, 
	0x44, 0x56, 0x55, 0x66, 0x77, 0x77, 0x54, 0x55, 
	0x55, 0x66, 0x66, 0x77, 0x65, 0x56, 0x65, 0x55, 
	0x55, 0x67, 0x66, 0x66, 0x66, 0x55, 0x56, 0x76, 
	0x76, 0x77, 0x76, 0x66, 0x54, 0x44, 0x55, 0x54, 
	0x45, 0x57, 0x66, 0x67, 0x65, 0x55, 0x77, 0x76, 
	0x99, 0x9a, 0xa9, 0x9a, 0x99, 0x99, 0x97, 0x55, 
	0x78, 0x99, 0x98, 0x98, 0x99, 0x87, 0x67, 0x99, 
	0x99, 0x89, 0x98, 0x89, 0x86, 0x76, 0x78, 0x76, 
	0x57, 0x99, 0x99, 0x99, 0x97, 0x57, 0x99, 0x89, 
	0x98, 0xa9, 0x88, 0x88, 0x88, 0x98, 0x89, 0x67, 
	0x99, 0x88, 0x87, 0x77, 0x88, 0x9a, 0x76, 0x78, 
	0x87, 0x9a, 0x98, 0x78, 0x89, 0x98, 0x97, 0x88, 
	0x57, 0x99, 0x77, 0x87, 0x89, 0x87, 0x89, 0x88, 
	0xaa, 0x98, 0x77, 0x87, 0x77, 0x77, 0x88, 0x67, 
	0x87, 0x78, 0x87, 0x88, 0x88, 0x9a, 0x87, 0x78, 
	0x78, 0x9a, 0xa9, 0x77, 0x88, 0x78, 0x98, 0x88, 
	0x68, 0x78, 0x77, 0x88, 0x99, 0xa8, 0x89, 0x88, 
	0x88, 0x87, 0x77, 0x88, 0x87, 0x77, 0x88, 0x57, 
	0x99, 0x77, 0x78, 0x89, 0x98, 0xaa, 0xa9, 0x88, 
	0x78, 0xa9, 0x88, 0x77, 0x78, 0x88, 0x88, 0x86, 
	0x57, 0x78, 0x87, 0x89, 0x98, 0x9a, 0x99, 0x98, 
	0x88, 0x98, 0x77, 0x77, 0x77, 0x66, 0x78, 0x59, 
	0xaa, 0x87, 0x78, 0x89, 0x98, 0x8a, 0xa9, 0x87, 
	0x78, 0x99, 0x98, 0x88, 0x77, 0x89, 0x99, 0x75, 
	0x46, 0x77, 0x99, 0x77, 0x88, 0x78, 0x99, 0x98, 
	0x88, 0x87, 0x77, 0x78, 0x87, 0x76, 0x77, 0x69, 
	0xa8, 0x78, 0x88, 0x89, 0x88, 0x78, 0x99, 0x98, 
	0x88, 0x98, 0x98, 0x88, 0x77, 0x89, 0x99, 0x86, 
	0x45, 0x77, 0x77, 0x77, 0x78, 0x88, 0x88, 0x99, 
	0x88, 0x77, 0x78, 0x78, 0x88, 0x87, 0x76, 0x68, 
	0x98, 0x88, 0x99, 0x88, 0x88, 0x87, 0x78, 0x9a, 
	0x99, 0x88, 0x98, 0x88, 0x77, 0x99, 0x88, 0x88, 
	0x55, 0x77, 0x89, 0x88, 0x77, 0x77, 0x88, 0x99, 
	0x98, 0x77, 0x88, 0x88, 0x88, 0x87, 0x76, 0x58, 
	0xa9, 0x98, 0x98, 0x87, 0x77, 0x88, 0x79, 0x89, 
	0x98, 0x89, 0x79, 0x88, 0x77, 0x88, 0x89, 0x88, 
	0x56, 0x77, 0x89, 0x98, 0x77, 0x78, 0x88, 0x89, 
	0x88, 0x77, 0x77, 0x87, 0x77, 0x77, 0x78, 0x67, 
	0x99, 0x88, 0x87, 0x88, 0x77, 0x78, 0x89, 0x89, 
	0x87, 0x79, 0x89, 0x98, 0x88, 0x88, 0x88, 0x87, 
	0x46, 0x88, 0x88, 0x78, 0x99, 0x87, 0x77, 0x88, 
	0x78, 0x78, 0x78, 0x77, 0x77, 0x77, 0x78, 0x77, 
	0x88, 0x77, 0x78, 0x89, 0x87, 0x88, 0x99, 0x89, 
	0x77, 0x79, 0x99, 0x79, 0x99, 0x99, 0x87, 0x87, 
	0x46, 0x77, 0x77, 0x78, 0x99, 0x87, 0x88, 0x89, 
	0x79, 0x87, 0x77, 0x77, 0x77, 0x87, 0x67, 0x66, 
	0x89, 0xa8, 0x88, 0x99, 0x99, 0x78, 0x99, 0x88, 
	0x76, 0x89, 0x99, 0x78, 0x9a, 0xaa, 0x89, 0x97, 
	0x46, 0x86, 0x76, 0x77, 0x77, 0x77, 0x77, 0x78, 
	0x88, 0x88, 0x88, 0x67, 0x77, 0x77, 0x67, 0x57, 
	0x99, 0xa9, 0x98, 0x9a, 0x99, 0x88, 0x98, 0x97, 
	0x67, 0x88, 0x77, 0x79, 0x99, 0xa9, 0x78, 0x97, 
	0x46, 0x76, 0x67, 0x76, 0x77, 0x77, 0x77, 0x77, 
	0x77, 0x78, 0x98, 0x76, 0x67, 0x77, 0x77, 0x58, 
	0x89, 0x98, 0xa8, 0x78, 0x99, 0x98, 0x99, 0x87, 
	0x67, 0x88, 0x89, 0x89, 0xa8, 0x87, 0x77, 0x76, 
	0x55, 0x77, 0x67, 0x77, 0x77, 0x77, 0x67, 0x77, 
	0x77, 0x68, 0x88, 0x76, 0x66, 0x77, 0x88, 0x67, 
	0x99, 0x98, 0x87, 0x89, 0x99, 0x98, 0x98, 0x76, 
	0x57, 0x89, 0x98, 0x88, 0x97, 0x77, 0x76, 0x65, 
	0x45, 0x66, 0x67, 0x67, 0x77, 0x76, 0x67, 0x66, 
	0x56, 0x65, 0x66, 0x76, 0x55, 0x67, 0x66, 0x45, 
	0x78, 0x86, 0x55, 0x78, 0x76, 0x66, 0x77, 0x65, 
	0x56, 0x88, 0x76, 0x67, 0x76, 0x76, 0x55, 0x44, 
	0x35, 0x55, 0x55, 0x55, 0x66, 0x66, 0x65, 0x44, 
	0x33, 0x55, 0x44, 0x55, 0x66, 0x65, 0x54, 0x56, 
	0x76, 0x65, 0x55, 0x44, 0x54, 0x54, 0x54, 0x44, 
	0x44, 0x55, 0x55, 0x55, 0x54, 0x44, 0x56, 0x66, 
	0x68, 0x88, 0x77, 0x76, 0x77, 0x65, 0x66, 0x54, 
	0x35, 0x76, 0x55, 0x78, 0x99, 0x97, 0x66, 0x89, 
	0x98, 0x89, 0x99, 0x87, 0x76, 0x55, 0x55, 0x44, 
	0x35, 0x77, 0x89, 0x98, 0x76, 0x77, 0x89, 0xa9, 
	0xaa, 0xaa, 0xaa, 0xaa, 0xaa, 0x99, 0xa9, 0x86, 
	0x46, 0x89, 0x96, 0x79, 0x99, 0xaa, 0x87, 0x88, 
	0x88, 0x9a, 0x99, 0x88, 0x86, 0x67, 0x87, 0x75, 
	0x47, 0xa8, 0x89, 0x98, 0x9a, 0xa8, 0x88, 0x9a, 
	0x99, 0xaa, 0xaa, 0xa9, 0x99, 0x89, 0x9a, 0xa9, 
	0x57, 0x89, 0xa8, 0x79, 0xaa, 0xaa, 0x99, 0x89, 
	0x88, 0x89, 0x99, 0x87, 0x77, 0x89, 0x87, 0x97, 
	0x69, 0x98, 0x88, 0x98, 0x98, 0x99, 0x88, 0x99, 
	0x99, 0x98, 0x99, 0x99, 0x88, 0x88, 0x8a, 0xaa, 
	0x58, 0x89, 0x99, 0x99, 0x9a, 0xaa, 0x9a, 0x97, 
	0x88, 0x88, 0x77, 0x78, 0x98, 0x87, 0x77, 0x97, 
	0x69, 0x99, 0x98, 0x99, 0x89, 0xa9, 0x89, 0x98, 
	0x9a, 0x88, 0x98, 0x79, 0x88, 0x97, 0x89, 0xa9, 
	0x58, 0x77, 0x98, 0x88, 0x88, 0xaa, 0xaa, 0x98, 
	0x88, 0x99, 0x78, 0x88, 0x77, 0x87, 0x77, 0x96, 
	0x58, 0x9a, 0x88, 0x88, 0x89, 0x99, 0x88, 0x88, 
	0x89, 0x88, 0x87, 0x79, 0x87, 0x88, 0x89, 0x98, 
	0x46, 0x78, 0x88, 0x87, 0x78, 0x99, 0x99, 0x99, 
	0x99, 0xaa, 0x98, 0x77, 0x77, 0x77, 0x76, 0x75, 
	0x57, 0xa9, 0x99, 0x98, 0x88, 0x87, 0x89, 0x98, 
	0x8a, 0x98, 0x88, 0x79, 0x98, 0x88, 0x78, 0x99, 
	0x56, 0x79, 0x88, 0x78, 0x78, 0x88, 0x88, 0x88, 
	0x89, 0xaa, 0x88, 0x88, 0x77, 0x88, 0x77, 0x77, 
	0x57, 0x88, 0x99, 0x99, 0x88, 0x88, 0x89, 0x98, 
	0x89, 0x99, 0x99, 0x99, 0xa9, 0x98, 0x88, 0x89, 
	0x56, 0x88, 0x98, 0x77, 0x78, 0x88, 0x88, 0x87, 
	0x78, 0x99, 0x89, 0xa9, 0x77, 0x78, 0x77, 0x67, 
	0x56, 0x77, 0x88, 0x98, 0x88, 0x98, 0x79, 0x98, 
	0x98, 0x89, 0x89, 0x89, 0xa9, 0x99, 0x98, 0x88, 
	0x67, 0x99, 0x99, 0x98, 0x88, 0x89, 0x89, 0x98, 
	0x87, 0x99, 0x98, 0x88, 0x87, 0x77, 0x77, 0x76, 
	0x59, 0xa9, 0x87, 0x89, 0x99, 0x99, 0x98, 0x98, 
	0x99, 0x99, 0x88, 0x98, 0xaa, 0xaa, 0x99, 0x88, 
	0x57, 0x88, 0x99, 0x88, 0x88, 0x9a, 0x99, 0x99, 
	0x98, 0x99, 0x97, 0x78, 0x77, 0x77, 0x77, 0x76, 
	0x69, 0xa9, 0x87, 0x88, 0x88, 0x9a, 0x99, 0x99, 
	0x99, 0x88, 0x88, 0x98, 0x99, 0x99, 0x99, 0x87, 
	0x45, 0x78, 0x89, 0x99, 0x89, 0xaa, 0x99, 0x99, 
	0x99, 0x9a, 0xa9, 0x87, 0x77, 0x77, 0x77, 0x75, 
	0x59, 0x99, 0x78, 0x99, 0x99, 0xaa, 0x99, 0xaa, 
	0x99, 0x98, 0x88, 0x89, 0x89, 0x88, 0x79, 0xa7, 
	0x36, 0x89, 0x88, 0x87, 0x89, 0x99, 0x99, 0x99, 
	0x99, 0x99, 0x9a, 0x98, 0x88, 0x77, 0x98, 0x64, 
	0x57, 0x88, 0x89, 0xaa, 0x9a, 0x9a, 0xa8, 0x9a, 
	0x99, 0x9a, 0x87, 0x89, 0x99, 0x9a, 0x99, 0x97, 
	0x58, 0x99, 0x87, 0x88, 0x88, 0x89, 0x88, 0x99, 
	0x99, 0xa9, 0x99, 0x98, 0x99, 0x77, 0x88, 0x75, 
	0x46, 0x99, 0x98, 0x99, 0x99, 0x88, 0x87, 0x88, 
	0x78, 0x68, 0x99, 0x77, 0x89, 0x9a, 0x98, 0x88, 
	0x57, 0x98, 0x88, 0x88, 0x99, 0x98, 0x88, 0x9a, 
	0xaa, 0xa9, 0x88, 0x86, 0x78, 0x77, 0x88, 0x75, 
	0x36, 0x89, 0x87, 0x89, 0x9a, 0x98, 0x87, 0x89, 
	0x88, 0x68, 0x89, 0x87, 0x99, 0x88, 0x88, 0x87, 
	0x34, 0x67, 0x66, 0x57, 0x88, 0x87, 0x66, 0x57, 
	0x77, 0x77, 0x77, 0x64, 0x56, 0x77, 0x77, 0x44, 
	0x34, 0x56, 0x66, 0x76, 0x77, 0x88, 0x88, 0x99, 
	0x87, 0x56, 0x67, 0x77, 0x88, 0x77, 0x77, 0x76, 
	0x55, 0x55, 0x56, 0x55, 0x55, 0x55, 0x64, 0x43, 
	0x33, 0x44, 0x55, 0x66, 0x65, 0x55, 0x55, 0x55, 
	0x56, 0x55, 0x55, 0x78, 0x87, 0x65, 0x56, 0x55, 
	0x45, 0x55, 0x55, 0x55, 0x54, 0x55, 0x55, 0x56, 
	0x89, 0x99, 0x88, 0x88, 0x87, 0x79, 0xa7, 0x43, 
	0x56, 0x77, 0x78, 0x88, 0x99, 0x87, 0x78, 0x98, 
	0x89, 0x98, 0x89, 0xab, 0xaa, 0x97, 0x66, 0x54, 
	0x59, 0x88, 0x88, 0x98, 0x55, 0x67, 0x88, 0x88, 
	0x88, 0x98, 0x77, 0x79, 0x88, 0x9a, 0xaa, 0x55, 
	0x89, 0xa9, 0x77, 0x88, 0x87, 0x78, 0x87, 0x88, 
	0x89, 0x99, 0x88, 0x9a, 0xa9, 0x88, 0x78, 0x85, 
	0x78, 0x88, 0x98, 0x99, 0x88, 0x98, 0x88, 0x78, 
	0x89, 0x87, 0x88, 0x79, 0xaa, 0xa9, 0x99, 0x56, 
	0x9a, 0xa9, 0x89, 0x89, 0x88, 0x89, 0x87, 0x89, 
	0xaa, 0xa9, 0x97, 0xaa, 0xa9, 0x88, 0x99, 0x97, 
	0x78, 0x89, 0x89, 0x99, 0x88, 0x89, 0x88, 0x87, 
	0x99, 0x9a, 0xbb, 0xaa, 0xaa, 0x98, 0x98, 0x67, 
	0xaa, 0x98, 0x8a, 0x98, 0x89, 0x9a, 0x97, 0x88, 
	0xaa, 0x99, 0xa9, 0xaa, 0xaa, 0x87, 0x99, 0x96, 
	0x79, 0xaa, 0x99, 0xa9, 0x97, 0x78, 0x88, 0x77, 
	0x98, 0xac, 0xa9, 0x9a, 0xaa, 0x87, 0x88, 0x75, 
	0x89, 0x98, 0x77, 0x78, 0x9a, 0xa9, 0x98, 0x8a, 
	0xaa, 0x99, 0xaa, 0xb9, 0x9a, 0xa8, 0x98, 0x97, 
	0x6a, 0xaa, 0x98, 0x9a, 0x99, 0x87, 0x87, 0x78, 
	0x78, 0x99, 0x9a, 0x99, 0x9a, 0x89, 0x99, 0x75, 
	0x79, 0x98, 0x88, 0x78, 0x99, 0x98, 0x89, 0xaa, 
	0xaa, 0xaa, 0x99, 0x88, 0x99, 0x99, 0x98, 0x97, 
	0x69, 0xaa, 0xa9, 0x99, 0x89, 0x89, 0x98, 0x88, 
	0x88, 0x88, 0x89, 0x9a, 0x99, 0xa9, 0xaa, 0x76, 
	0x78, 0x89, 0x98, 0x78, 0x88, 0x88, 0x87, 0xaa, 
	0x9a, 0x99, 0x99, 0x89, 0x98, 0x88, 0x88, 0x98, 
	0x68, 0xaa, 0x99, 0x99, 0x99, 0x8a, 0x9a, 0x97, 
	0x77, 0x78, 0x89, 0x99, 0x98, 0x9a, 0xa7, 0x67, 
	0x78, 0x89, 0x97, 0x67, 0x78, 0x88, 0x89, 0x99, 
	0x99, 0x99, 0xa9, 0x88, 0x98, 0x99, 0x88, 0x97, 
	0x78, 0xaa, 0x9a, 0x99, 0xa9, 0xaa, 0x89, 0x98, 
	0x77, 0x89, 0x99, 0x89, 0x88, 0x79, 0x87, 0x57, 
	0x88, 0x99, 0x98, 0x77, 0x78, 0x99, 0x98, 0x99, 
	0x99, 0x99, 0x88, 0x87, 0x78, 0x89, 0x99, 0xa6, 
	0x79, 0x89, 0xaa, 0x99, 0x9a, 0xaa, 0x99, 0xa9, 
	0x87, 0x79, 0x98, 0x89, 0x99, 0x77, 0x77, 0x57, 
	0x77, 0x88, 0x78, 0x77, 0x87, 0x89, 0x98, 0x99, 
	0x98, 0x99, 0x88, 0x88, 0x77, 0x88, 0x99, 0x96, 
	0x9a, 0x99, 0x99, 0x99, 0x99, 0x9a, 0xa9, 0x99, 
	0x89, 0x89, 0x97, 0x99, 0x99, 0x88, 0x97, 0x67, 
	0x88, 0x77, 0x77, 0x77, 0x77, 0x78, 0x97, 0x89, 
	0xaa, 0xa9, 0x89, 0x98, 0x78, 0x99, 0x88, 0x76, 
	0x9a, 0x88, 0x98, 0x89, 0x9a, 0xaa, 0xa9, 0x99, 
	0x88, 0x88, 0x77, 0x87, 0x77, 0x88, 0x98, 0x55, 
	0x89, 0x88, 0x98, 0x88, 0x88, 0x89, 0x99, 0x99, 
	0x99, 0x98, 0x89, 0xa9, 0x88, 0x99, 0x78, 0x76, 
	0x99, 0x89, 0xaa, 0x9a, 0xaa, 0xaa, 0xa9, 0x88, 
	0x88, 0x88, 0x77, 0x88, 0x88, 0x88, 0x88, 0x66, 
	0x89, 0x99, 0x88, 0x89, 0xaa, 0x9a, 0x98, 0x87, 
	0x89, 0x98, 0x99, 0x97, 0x98, 0x99, 0x89, 0xa7, 
	0x89, 0x8a, 0xaa, 0xaa, 0xaa, 0xaa, 0xa8, 0x98, 
	0x98, 0x88, 0x87, 0x87, 0x89, 0x88, 0x87, 0x65, 
	0x88, 0x88, 0x88, 0x78, 0x89, 0x98, 0x77, 0x89, 
	0x9a, 0xa9, 0x89, 0x97, 0x88, 0x99, 0x89, 0xa7, 
	0x79, 0x89, 0xaa, 0x9a, 0xa8, 0x99, 0x98, 0x99, 
	0x76, 0x68, 0x86, 0x65, 0x68, 0x76, 0x75, 0x35, 
	0x66, 0x77, 0x86, 0x65, 0x66, 0x67, 0x77, 0x77, 
	0x89, 0x87, 0x77, 0x86, 0x66, 0x67, 0x67, 0x75, 
	0x57, 0x79, 0x98, 0x76, 0x67, 0x78, 0x77, 0x78, 
	
};

Gfx ccm_dl_Art0_64x64__SHADOW_WARRIOR__i4_aligner[] = {gsSPEndDisplayList()};
u8 ccm_dl_Art0_64x64__SHADOW_WARRIOR__i4[] = {
	0xa8, 0x87, 0x77, 0x78, 0x88, 0x88, 0x88, 0x79, 
	0x77, 0x78, 0x65, 0x67, 0x76, 0x66, 0x77, 0x65, 
	0x66, 0x66, 0x54, 0x46, 0x66, 0x77, 0x77, 0x9a, 
	0x99, 0x98, 0x99, 0x99, 0x87, 0x99, 0x76, 0x78, 
	0xa8, 0x88, 0x88, 0x78, 0x98, 0x99, 0x78, 0x78, 
	0x67, 0x87, 0x65, 0x56, 0x66, 0x66, 0x76, 0x44, 
	0x55, 0x56, 0x78, 0x89, 0x99, 0x99, 0x89, 0xa9, 
	0x99, 0x98, 0x79, 0x99, 0x99, 0x98, 0x55, 0x68, 
	0x99, 0x88, 0x88, 0x79, 0xa9, 0x88, 0x89, 0x68, 
	0x77, 0x88, 0x75, 0x56, 0x67, 0x66, 0x66, 0x44, 
	0x79, 0x89, 0x88, 0x76, 0x88, 0x99, 0x89, 0x98, 
	0x99, 0x98, 0x89, 0xa7, 0x89, 0x77, 0x66, 0x77, 
	0x98, 0x99, 0x88, 0x78, 0x98, 0x78, 0x97, 0x79, 
	0x77, 0x87, 0x76, 0x56, 0x56, 0x56, 0x66, 0x66, 
	0x89, 0x76, 0x67, 0x76, 0x98, 0x89, 0x88, 0x99, 
	0x99, 0x99, 0x99, 0x97, 0x88, 0x77, 0x77, 0x77, 
	0x99, 0x88, 0x87, 0x78, 0x98, 0x88, 0x77, 0x77, 
	0x77, 0x87, 0x66, 0x67, 0x89, 0x99, 0x99, 0x99, 
	0x99, 0x87, 0x79, 0x87, 0x99, 0x88, 0x79, 0x98, 
	0x89, 0x98, 0x88, 0x87, 0x99, 0x98, 0x76, 0x77, 
	0x88, 0x78, 0x88, 0x87, 0x78, 0x97, 0x77, 0x78, 
	0x87, 0x96, 0x55, 0x8a, 0x98, 0x77, 0x89, 0x89, 
	0x99, 0x88, 0x88, 0x88, 0x8a, 0x88, 0x76, 0x67, 
	0x78, 0x87, 0x77, 0x97, 0x89, 0x99, 0x76, 0x66, 
	0x66, 0x67, 0x77, 0x67, 0x76, 0x87, 0x77, 0x77, 
	0x77, 0x66, 0x65, 0x89, 0x99, 0x78, 0x89, 0x99, 
	0x78, 0x9a, 0x97, 0x88, 0x89, 0x98, 0x67, 0x77, 
	0x89, 0x99, 0x89, 0x87, 0x99, 0x88, 0x77, 0xa8, 
	0x65, 0x46, 0x88, 0x66, 0x67, 0x98, 0x67, 0x77, 
	0x88, 0x67, 0x76, 0x99, 0x88, 0x88, 0x89, 0x99, 
	0x99, 0xa9, 0x88, 0x88, 0x78, 0x76, 0x77, 0x77, 
	0x99, 0x89, 0x99, 0x98, 0x97, 0x77, 0x69, 0xa7, 
	0x88, 0x66, 0x77, 0x89, 0x79, 0x98, 0x66, 0x88, 
	0x87, 0x78, 0x66, 0x98, 0x88, 0x88, 0x88, 0x99, 
	0x99, 0x98, 0x88, 0x77, 0x77, 0x66, 0x67, 0x68, 
	0x98, 0x98, 0x79, 0x98, 0x88, 0x79, 0x56, 0x75, 
	0x97, 0x89, 0x86, 0x68, 0x88, 0x77, 0x88, 0x97, 
	0x77, 0x88, 0x65, 0x88, 0x98, 0x88, 0x87, 0x89, 
	0x77, 0x89, 0x97, 0x79, 0x87, 0x67, 0x77, 0x78, 
	0x99, 0x98, 0x98, 0x87, 0x76, 0x76, 0x45, 0x58, 
	0x86, 0x88, 0x89, 0x86, 0x65, 0x43, 0x56, 0x65, 
	0x45, 0x66, 0x44, 0x79, 0x97, 0x88, 0x98, 0x88, 
	0x78, 0x9a, 0x97, 0x89, 0x76, 0x66, 0x77, 0x77, 
	0x79, 0x89, 0xa8, 0x77, 0x78, 0x76, 0x66, 0x79, 
	0x77, 0x77, 0x78, 0x87, 0x63, 0x46, 0x78, 0x97, 
	0x78, 0x98, 0x53, 0x78, 0x88, 0x88, 0x98, 0x77, 
	0x78, 0x99, 0x87, 0x88, 0x66, 0x67, 0x77, 0x78, 
	0x89, 0x89, 0x99, 0x87, 0x67, 0x86, 0x56, 0x98, 
	0x87, 0x77, 0x76, 0x66, 0x55, 0x89, 0x99, 0x9a, 
	0x9a, 0xa9, 0x74, 0x78, 0x88, 0x77, 0x88, 0x77, 
	0x88, 0x98, 0x99, 0x78, 0x77, 0x78, 0x77, 0x68, 
	0x88, 0x87, 0x88, 0x86, 0x46, 0x86, 0x68, 0x87, 
	0x77, 0x65, 0x57, 0x77, 0x78, 0x9a, 0x89, 0x99, 
	0x88, 0x88, 0x75, 0x78, 0x76, 0x78, 0x88, 0x78, 
	0x98, 0x99, 0x88, 0x89, 0x67, 0x66, 0x66, 0x66, 
	0x67, 0x77, 0x66, 0x65, 0x67, 0x66, 0x57, 0x77, 
	0x56, 0x56, 0x79, 0x99, 0x88, 0x99, 0x98, 0x88, 
	0x68, 0x88, 0x74, 0x67, 0x66, 0x78, 0x88, 0x79, 
	0xa9, 0x88, 0x78, 0x97, 0x77, 0x66, 0x63, 0x44, 
	0x56, 0x55, 0x44, 0x56, 0x66, 0x67, 0x76, 0x54, 
	0x88, 0x89, 0xab, 0x99, 0xa9, 0x88, 0x98, 0x98, 
	0x77, 0x89, 0x73, 0x35, 0x56, 0x67, 0x65, 0x56, 
	0x98, 0x78, 0x78, 0x77, 0x77, 0x77, 0x53, 0x68, 
	0x77, 0x66, 0x66, 0x79, 0x96, 0x68, 0x76, 0x46, 
	0x99, 0x98, 0x89, 0x98, 0x97, 0x79, 0x88, 0x87, 
	0x78, 0x78, 0x63, 0x56, 0x67, 0x66, 0x65, 0x44, 
	0x56, 0x68, 0x77, 0x77, 0x78, 0x87, 0x44, 0x67, 
	0x66, 0x65, 0x56, 0x78, 0x87, 0x66, 0x56, 0x78, 
	0x99, 0x98, 0x89, 0x99, 0x79, 0x88, 0x78, 0x98, 
	0x88, 0x78, 0x66, 0xaa, 0x9a, 0x99, 0x99, 0x86, 
	0x33, 0x56, 0x66, 0x66, 0x66, 0x65, 0x44, 0x66, 
	0x67, 0x76, 0x66, 0x66, 0x66, 0x65, 0x68, 0x88, 
	0x89, 0x99, 0x89, 0x88, 0x79, 0x98, 0x87, 0x88, 
	0x98, 0x78, 0x67, 0xa9, 0xa9, 0x97, 0x8a, 0x99, 
	0x65, 0x66, 0x68, 0x87, 0x89, 0x98, 0x99, 0x98, 
	0x87, 0x77, 0x87, 0x76, 0x54, 0x45, 0x89, 0x99, 
	0x88, 0x98, 0x78, 0x88, 0x79, 0x98, 0x86, 0x77, 
	0x87, 0x78, 0x67, 0x99, 0xa9, 0x88, 0x89, 0x87, 
	0x56, 0x9a, 0xaa, 0xa9, 0x89, 0xa9, 0xaa, 0x99, 
	0xaa, 0xab, 0xbb, 0x9a, 0x86, 0x44, 0x89, 0x98, 
	0x77, 0x87, 0x78, 0x88, 0x78, 0x98, 0x76, 0x77, 
	0x88, 0x88, 0x66, 0x99, 0xa9, 0x99, 0x9a, 0x96, 
	0x58, 0xa9, 0x99, 0x99, 0x99, 0x99, 0x9a, 0x99, 
	0x99, 0x9a, 0xaa, 0x8a, 0xa8, 0x75, 0x88, 0x77, 
	0x79, 0x87, 0x89, 0x77, 0x67, 0x86, 0x67, 0x76, 
	0x87, 0x88, 0x66, 0x97, 0x99, 0x89, 0xaa, 0x96, 
	0x69, 0xa9, 0x89, 0x99, 0x87, 0x88, 0x99, 0x98, 
	0x88, 0x88, 0x88, 0x8a, 0x98, 0x65, 0x78, 0x86, 
	0x78, 0x77, 0x77, 0x68, 0x77, 0x76, 0x66, 0x67, 
	0x97, 0x88, 0x66, 0x87, 0x88, 0x88, 0x9a, 0x85, 
	0x69, 0x98, 0x87, 0x88, 0x77, 0x78, 0x97, 0x78, 
	0xa9, 0x77, 0x98, 0x99, 0x98, 0x66, 0x78, 0x76, 
	0x67, 0x77, 0x77, 0x67, 0x67, 0x76, 0x77, 0x77, 
	0x87, 0x87, 0x66, 0x97, 0x99, 0x99, 0x98, 0x75, 
	0x69, 0x87, 0x77, 0x97, 0x88, 0x89, 0x78, 0x89, 
	0xa9, 0x78, 0x88, 0x99, 0x87, 0x66, 0x77, 0x77, 
	0x67, 0x78, 0x67, 0x77, 0x66, 0x66, 0x77, 0x78, 
	0x77, 0x78, 0x66, 0x88, 0x98, 0x99, 0x99, 0x85, 
	0x69, 0x87, 0x68, 0x88, 0x78, 0x98, 0x77, 0x89, 
	0x99, 0x89, 0x76, 0x78, 0x87, 0x65, 0x77, 0x77, 
	0x87, 0x88, 0x76, 0x67, 0x66, 0x67, 0x77, 0x68, 
	0x77, 0x89, 0x76, 0x99, 0x99, 0x98, 0xa9, 0x75, 
	0x79, 0x79, 0x99, 0x88, 0x78, 0x87, 0x77, 0x78, 
	0x88, 0x98, 0x77, 0x77, 0x88, 0x75, 0x89, 0x77, 
	0x67, 0x87, 0x76, 0x77, 0x77, 0x77, 0x66, 0x67, 
	0x77, 0x87, 0x65, 0x99, 0x89, 0x88, 0xaa, 0x86, 
	0x67, 0x89, 0x97, 0x78, 0x87, 0x87, 0x77, 0x77, 
	0x77, 0x87, 0x77, 0x77, 0x88, 0x85, 0x77, 0x77, 
	0x67, 0x77, 0x77, 0x66, 0x67, 0x66, 0x67, 0x78, 
	0x76, 0x77, 0x64, 0x87, 0x89, 0x89, 0xa9, 0x85, 
	0x69, 0x87, 0x77, 0x88, 0x77, 0x98, 0x88, 0x88, 
	0x87, 0x76, 0x66, 0x67, 0x88, 0x86, 0x66, 0x66, 
	0x77, 0x76, 0x78, 0x66, 0x66, 0x66, 0x89, 0x77, 
	0x66, 0x66, 0x35, 0x87, 0x99, 0x99, 0x98, 0x64, 
	0x6a, 0x98, 0x76, 0x67, 0x78, 0x98, 0x88, 0x89, 
	0x97, 0x77, 0x76, 0x67, 0x87, 0x74, 0x66, 0x66, 
	0x77, 0x67, 0x66, 0x67, 0x76, 0x66, 0x77, 0x55, 
	0x56, 0x64, 0x33, 0x56, 0x65, 0x56, 0x65, 0x33, 
	0x68, 0x68, 0x87, 0x79, 0x99, 0x99, 0x97, 0x88, 
	0x87, 0x78, 0x87, 0x87, 0x66, 0x54, 0x66, 0x66, 
	0x66, 0x66, 0x55, 0x66, 0x44, 0x46, 0x67, 0x78, 
	0x78, 0x99, 0x76, 0x76, 0x66, 0x67, 0x66, 0x43, 
	0x68, 0x67, 0x78, 0x77, 0x99, 0x99, 0x97, 0x77, 
	0x78, 0x77, 0x77, 0x87, 0x65, 0x56, 0x66, 0x66, 
	0x66, 0x56, 0x65, 0x56, 0x67, 0x88, 0x8a, 0xa9, 
	0x99, 0x99, 0x99, 0x99, 0xaa, 0x99, 0x99, 0x83, 
	0x79, 0x88, 0x78, 0x88, 0x97, 0x89, 0x87, 0x67, 
	0x78, 0x88, 0x86, 0x66, 0x54, 0x66, 0x55, 0x66, 
	0x99, 0x8a, 0xa8, 0x59, 0x99, 0x99, 0x89, 0x99, 
	0x9a, 0xa9, 0x88, 0x99, 0x99, 0x78, 0x89, 0x84, 
	0x79, 0x99, 0x78, 0x88, 0x86, 0x78, 0x67, 0x77, 
	0x78, 0x77, 0x75, 0x68, 0x87, 0x88, 0x99, 0xa9, 
	0x99, 0xbb, 0xa9, 0x6a, 0x99, 0x99, 0x78, 0x99, 
	0x89, 0xa9, 0x88, 0x99, 0x87, 0x89, 0x9a, 0x96, 
	0x79, 0x88, 0x89, 0x99, 0x97, 0x78, 0x87, 0x76, 
	0x68, 0x66, 0x45, 0x79, 0x87, 0x99, 0x99, 0x99, 
	0x99, 0x99, 0x88, 0x69, 0x89, 0x98, 0x77, 0x88, 
	0x89, 0xa9, 0x88, 0x99, 0x88, 0x98, 0x89, 0x97, 
	0x89, 0x97, 0x89, 0x99, 0x78, 0x98, 0x99, 0x65, 
	0x69, 0x99, 0x86, 0x98, 0x67, 0x99, 0x98, 0x98, 
	0x98, 0x88, 0x77, 0x58, 0x89, 0x98, 0x87, 0x89, 
	0x89, 0x99, 0x88, 0x87, 0x98, 0x78, 0x77, 0x97, 
	0x68, 0x98, 0x88, 0x88, 0x9a, 0x98, 0x86, 0x66, 
	0x89, 0x9a, 0x96, 0x79, 0xa9, 0x77, 0x88, 0x9a, 
	0x87, 0x89, 0x98, 0x57, 0x88, 0x98, 0x76, 0x77, 
	0x89, 0x89, 0x88, 0x88, 0x87, 0x89, 0x97, 0x97, 
	0x66, 0x68, 0x89, 0x97, 0x77, 0x66, 0x99, 0x99, 
	0xaa, 0x9a, 0x96, 0x7a, 0xa9, 0x8a, 0xa8, 0xa9, 
	0x89, 0x89, 0x99, 0x56, 0x79, 0x98, 0x77, 0x76, 
	0x88, 0x79, 0x88, 0x97, 0x88, 0x99, 0x88, 0x97, 
	0x98, 0x55, 0x55, 0x67, 0x99, 0x88, 0x99, 0x89, 
	0xaa, 0x99, 0x85, 0x79, 0x77, 0xaa, 0x97, 0x98, 
	0x99, 0x88, 0x87, 0x57, 0x78, 0x99, 0x76, 0x67, 
	0x77, 0x78, 0x99, 0x77, 0x88, 0x99, 0x99, 0x86, 
	0x98, 0x67, 0x79, 0x99, 0x99, 0x87, 0x88, 0x88, 
	0x99, 0x99, 0x65, 0x77, 0x79, 0xa8, 0x89, 0x98, 
	0x99, 0x87, 0x89, 0x66, 0x76, 0x97, 0x65, 0x56, 
	0x77, 0x88, 0x87, 0x77, 0x79, 0x99, 0xa9, 0x96, 
	0x66, 0x99, 0x88, 0x99, 0x99, 0x98, 0x89, 0x99, 
	0x98, 0x89, 0x66, 0x98, 0x89, 0x98, 0x99, 0x9b, 
	0x98, 0x77, 0x98, 0x68, 0x96, 0x77, 0x76, 0x67, 
	0x77, 0x87, 0x87, 0x77, 0x77, 0x78, 0x99, 0xa6, 
	0x58, 0xa9, 0x89, 0x99, 0x99, 0x88, 0x88, 0x99, 
	0x99, 0x99, 0x86, 0x88, 0x97, 0x78, 0x98, 0x9a, 
	0x99, 0x88, 0x88, 0x68, 0x96, 0x78, 0x76, 0x7a, 
	0x96, 0x78, 0x88, 0x88, 0x77, 0x77, 0x89, 0x96, 
	0x7a, 0x99, 0x9a, 0x99, 0x98, 0x88, 0x89, 0x98, 
	0xaa, 0x97, 0x64, 0x68, 0x87, 0x88, 0x99, 0x89, 
	0xb9, 0x87, 0x89, 0x66, 0x77, 0x89, 0x76, 0x77, 
	0x87, 0x88, 0x98, 0x88, 0x89, 0x98, 0x99, 0x86, 
	0x89, 0x99, 0x98, 0x88, 0x98, 0x99, 0x88, 0x88, 
	0xaa, 0x97, 0x85, 0x67, 0x88, 0x88, 0x99, 0x89, 
	0xa8, 0x79, 0x98, 0x67, 0x89, 0x99, 0x87, 0x77, 
	0x88, 0x88, 0x99, 0x98, 0x89, 0x89, 0x98, 0x85, 
	0x78, 0x99, 0x87, 0x88, 0xa9, 0x88, 0x78, 0x8a, 
	0xa9, 0x87, 0x96, 0x78, 0x99, 0x67, 0x9a, 0xaa, 
	0xa9, 0x99, 0x99, 0x76, 0x88, 0x89, 0x89, 0x89, 
	0x98, 0x78, 0x99, 0x97, 0x89, 0x99, 0xa9, 0x85, 
	0x67, 0x78, 0x89, 0x88, 0x99, 0x77, 0x98, 0x9a, 
	0x99, 0x87, 0x96, 0x69, 0x97, 0x66, 0x8a, 0xa9, 
	0x99, 0x98, 0x87, 0x65, 0x78, 0x99, 0x87, 0x67, 
	0x88, 0x89, 0x99, 0x98, 0x89, 0x98, 0x87, 0x53, 
	0x58, 0x89, 0x99, 0x88, 0x98, 0x98, 0x78, 0x77, 
	0x89, 0x87, 0x85, 0x67, 0x87, 0x66, 0x79, 0x9a, 
	0x97, 0x67, 0x66, 0x66, 0x66, 0x66, 0x76, 0x55, 
	0x66, 0x66, 0x66, 0x66, 0x66, 0x65, 0x66, 0x53, 
	0x37, 0x99, 0x97, 0x88, 0x77, 0x98, 0x79, 0x97, 
	0x77, 0x66, 0x66, 0x76, 0x77, 0x66, 0x77, 0x99, 
	0x98, 0x99, 0x99, 0x99, 0x99, 0x99, 0x88, 0x88, 
	0x78, 0x66, 0x54, 0x58, 0x88, 0x87, 0x89, 0x86, 
	0x36, 0x89, 0x87, 0x89, 0x87, 0x87, 0x88, 0x77, 
	0x98, 0x65, 0x36, 0x76, 0x64, 0x46, 0x76, 0x67, 
	0xba, 0x9a, 0x9a, 0x9a, 0x99, 0x9a, 0xab, 0xbb, 
	0x9a, 0xa8, 0x76, 0x69, 0x98, 0x88, 0x89, 0x96, 
	0x34, 0x66, 0x77, 0x77, 0x66, 0x76, 0x66, 0x56, 
	0x67, 0x66, 0x67, 0x66, 0x67, 0x77, 0x66, 0x9b, 
	0x99, 0x99, 0x88, 0x9a, 0x99, 0x99, 0x9a, 0x9a, 
	0x99, 0xb9, 0x97, 0x68, 0x97, 0x67, 0x78, 0x75, 
	0x33, 0x34, 0x55, 0x44, 0x43, 0x45, 0x56, 0x68, 
	0x99, 0x99, 0x99, 0x99, 0x9a, 0xa9, 0x67, 0xaa, 
	0x9a, 0x99, 0x98, 0x99, 0x99, 0x88, 0x88, 0x88, 
	0x89, 0xa9, 0x96, 0x46, 0x64, 0x35, 0x65, 0x55, 
	0x56, 0x66, 0x66, 0x66, 0x55, 0x66, 0x8a, 0x99, 
	0x99, 0x89, 0x99, 0x98, 0x9a, 0x97, 0x57, 0x8a, 
	0x99, 0x9a, 0x98, 0x98, 0x78, 0x9a, 0x97, 0x88, 
	0x89, 0xa9, 0x74, 0x67, 0x66, 0x77, 0x77, 0x97, 
	0x79, 0x77, 0x99, 0x98, 0x67, 0xa9, 0x98, 0x88, 
	0x89, 0x98, 0x99, 0x99, 0x99, 0xa9, 0x67, 0x9a, 
	0x99, 0x99, 0x88, 0x88, 0x78, 0x9a, 0x77, 0x88, 
	0x99, 0x97, 0x64, 0x69, 0x99, 0x9a, 0x99, 0x97, 
	0x77, 0x68, 0x99, 0x87, 0x67, 0xa9, 0x88, 0x88, 
	0x88, 0x99, 0x99, 0xa9, 0x99, 0x97, 0x57, 0xb9, 
	0xa9, 0x99, 0x97, 0x68, 0x79, 0x99, 0x78, 0x88, 
	0x98, 0x87, 0x66, 0xaa, 0x77, 0x79, 0x97, 0x67, 
	0x87, 0x78, 0x87, 0x67, 0x65, 0x88, 0x77, 0x88, 
	0x87, 0x88, 0x99, 0xa9, 0x99, 0x97, 0x68, 0x99, 
	0x98, 0x89, 0x98, 0x78, 0x87, 0x89, 0x77, 0x87, 
	0x87, 0x87, 0x66, 0x98, 0x66, 0x77, 0x76, 0x67, 
	0x77, 0x79, 0x97, 0x77, 0x76, 0x78, 0x99, 0x89, 
	0x99, 0x78, 0x99, 0x98, 0x8a, 0x98, 0x69, 0x9a, 
	0x98, 0x9a, 0x97, 0x79, 0x89, 0x9a, 0x99, 0x89, 
	0x88, 0xa8, 0x56, 0xa9, 0x86, 0x66, 0x67, 0x67, 
	0x67, 0x79, 0x77, 0x89, 0x87, 0x68, 0x99, 0x99, 
	0x89, 0x87, 0x88, 0x89, 0x99, 0x99, 0x66, 0x88, 
	0xa8, 0x99, 0x86, 0x79, 0x99, 0x98, 0x98, 0x99, 
	0x89, 0xa8, 0x58, 0x99, 0x88, 0x66, 0x66, 0x77, 
	0x77, 0x88, 0x66, 0x79, 0x89, 0x67, 0x98, 0x89, 
	0x89, 0x88, 0x99, 0x99, 0x89, 0x99, 0x76, 0x77, 
	0x87, 0x78, 0x76, 0x78, 0x88, 0x77, 0x76, 0x78, 
	0x88, 0x86, 0x68, 0x9a, 0xa8, 0x77, 0x66, 0x67, 
	0x78, 0x98, 0x67, 0x88, 0x88, 0x65, 0x99, 0x88, 
	0x88, 0x88, 0x99, 0x87, 0x89, 0x9a, 0x96, 0x67, 
	0x66, 0x66, 0x65, 0x66, 0x66, 0x66, 0x66, 0x66, 
	0x66, 0x65, 0x68, 0x99, 0x98, 0x87, 0x66, 0x67, 
	0x78, 0x88, 0x88, 0x98, 0x97, 0x65, 0x88, 0x98, 
	0x88, 0x88, 0x99, 0x88, 0x99, 0x99, 0xaa, 0x86, 
	0x99, 0x97, 0x67, 0x99, 0x87, 0x99, 0x99, 0x99, 
	0x99, 0x86, 0x57, 0x77, 0x88, 0x98, 0x77, 0x67, 
	0x89, 0x98, 0x88, 0x88, 0x87, 0x76, 0x89, 0x88, 
	0x99, 0x87, 0x88, 0x98, 0x79, 0x98, 0xa9, 0x77, 
	0x88, 0x99, 0x99, 0xaa, 0x99, 0x99, 0x9a, 0xa9, 
	0x99, 0x98, 0x67, 0x66, 0x68, 0x87, 0x66, 0x78, 
	0x88, 0x77, 0x89, 0x88, 0x88, 0x76, 0x68, 0x99, 
	0x98, 0x77, 0x78, 0x88, 0x79, 0x77, 0x76, 0x89, 
	0x79, 0x98, 0x88, 0x88, 0x89, 0xaa, 0x9a, 0x99, 
	0x89, 0x98, 0x66, 0x87, 0x88, 0x87, 0x67, 0x78, 
	0x87, 0x77, 0x77, 0x77, 0x88, 0x86, 0x56, 0x77, 
	0x76, 0x66, 0x68, 0x77, 0x66, 0x66, 0x47, 0x87, 
	0x98, 0x88, 0x99, 0x99, 0xaa, 0x98, 0x99, 0x88, 
	0x99, 0x88, 0x66, 0x99, 0x88, 0x78, 0x76, 0x77, 
	0x78, 0x88, 0x77, 0x77, 0x78, 0x87, 0x43, 0x46, 
	0x66, 0x76, 0x69, 0xa9, 0x76, 0x98, 0x56, 0x88, 
	0x98, 0x88, 0x98, 0x89, 0x99, 0x88, 0x9a, 0x77, 
	0x87, 0x78, 0x65, 0x77, 0x77, 0x66, 0x66, 0x66, 
	0x77, 0x77, 0x77, 0x76, 0x66, 0x65, 0x44, 0x68, 
	0x8a, 0xa9, 0xab, 0xaa, 0x99, 0x97, 0x67, 0x88, 
	
};

Gfx ccm_dl_Debris_Coins_Mix_5_64x64_i8_aligner[] = {gsSPEndDisplayList()};
u8 ccm_dl_Debris_Coins_Mix_5_64x64_i8[] = {
	0x88, 0x86, 0xaa, 0xad, 0xaf, 0xad, 0x7e, 0xa4, 
	0xb1, 0x9c, 0xaf, 0xaf, 0x9d, 0x78, 0x70, 0x77, 
	0x9a, 0xa2, 0x93, 0xac, 0x9b, 0xb2, 0x90, 0xa9, 
	0xb0, 0xab, 0x8e, 0x86, 0x8d, 0x91, 0x89, 0xac, 
	0xb4, 0x97, 0xab, 0x91, 0x96, 0x9d, 0xa9, 0x8f, 
	0x8b, 0xad, 0xa2, 0x88, 0x93, 0x9b, 0x87, 0x86, 
	0x84, 0x95, 0x92, 0xa2, 0xb5, 0xb5, 0x99, 0x98, 
	0x89, 0xb1, 0x8d, 0x9c, 0x95, 0xae, 0xb3, 0x8e, 
	0xb2, 0x9e, 0x82, 0x95, 0x90, 0x79, 0x89, 0xb7, 
	0xa4, 0xa8, 0xbf, 0xbc, 0xbb, 0xac, 0x81, 0x94, 
	0xac, 0xae, 0xac, 0x9e, 0x98, 0xa8, 0xb0, 0x8e, 
	0x86, 0x84, 0xa5, 0x9f, 0xa1, 0xa5, 0xa1, 0xb4, 
	0xb2, 0xb3, 0x80, 0x97, 0xb7, 0x95, 0x88, 0x87, 
	0x83, 0x93, 0x95, 0xab, 0xa5, 0x92, 0xa9, 0xaf, 
	0xaa, 0xa9, 0xab, 0xaa, 0xb3, 0xb2, 0x99, 0x79, 
	0x9f, 0xb8, 0xa1, 0xa6, 0xa7, 0x92, 0xa2, 0x90, 
	0xaf, 0xaf, 0xa3, 0x7a, 0x8a, 0x94, 0xb0, 0xb6, 
	0x91, 0xb9, 0xb5, 0xb7, 0xb4, 0xb3, 0x8e, 0x97, 
	0xa9, 0xa6, 0xab, 0x90, 0xaa, 0x88, 0x98, 0x8c, 
	0x75, 0xac, 0xab, 0xaf, 0xa6, 0xad, 0x94, 0xb4, 
	0xb1, 0xaa, 0x86, 0x80, 0x95, 0xa5, 0xb3, 0xad, 
	0x92, 0xb1, 0xb6, 0xb6, 0x9b, 0x94, 0xac, 0xaa, 
	0xae, 0x9b, 0xae, 0xa1, 0xb0, 0xaf, 0x83, 0x76, 
	0xaf, 0xb8, 0xac, 0x9d, 0xa1, 0xb6, 0xb0, 0x91, 
	0xa2, 0x97, 0x75, 0x94, 0x9c, 0xa9, 0xb3, 0xb0, 
	0x96, 0xb4, 0xb5, 0xbc, 0xb1, 0xa6, 0x91, 0x90, 
	0x97, 0xa5, 0x8e, 0x8d, 0xb0, 0xaf, 0x92, 0xac, 
	0xa8, 0xab, 0xa5, 0xab, 0xa4, 0xab, 0xa6, 0x92, 
	0x9f, 0x8b, 0x8f, 0x81, 0xa7, 0xad, 0xb0, 0xaa, 
	0x87, 0xa0, 0xaf, 0x9b, 0xbc, 0xa4, 0xa7, 0xac, 
	0xa8, 0x87, 0xab, 0xab, 0xa0, 0x8c, 0x7b, 0xa5, 
	0x8d, 0xb8, 0xa7, 0x8b, 0x9b, 0xb3, 0xb9, 0x9f, 
	0x77, 0x7e, 0xa3, 0xa1, 0xba, 0x9a, 0x93, 0x91, 
	0x81, 0xad, 0xb7, 0xb5, 0x95, 0xa7, 0x98, 0xae, 
	0x96, 0x88, 0x95, 0x87, 0x85, 0x8a, 0xb7, 0xbd, 
	0xb5, 0x8c, 0xa5, 0x9d, 0x8a, 0xaa, 0xb0, 0x9f, 
	0x96, 0xb7, 0xbb, 0xab, 0x7f, 0x8b, 0x92, 0x7d, 
	0x77, 0x80, 0x96, 0xb7, 0xb6, 0xb0, 0x81, 0x8d, 
	0x81, 0x83, 0x98, 0xa6, 0x9c, 0x7e, 0x99, 0xaf, 
	0x98, 0xa2, 0xa7, 0xa4, 0xa9, 0x97, 0xb5, 0x90, 
	0x9d, 0xb3, 0xb8, 0x9e, 0x9c, 0xa2, 0x83, 0x84, 
	0x95, 0x8d, 0xab, 0xb0, 0x96, 0xb0, 0xa0, 0xae, 
	0xb4, 0xb2, 0xac, 0xa0, 0x76, 0x8a, 0xb7, 0xb5, 
	0xb9, 0xaa, 0x8a, 0x8d, 0xa7, 0x8b, 0x8e, 0x91, 
	0xbd, 0xbb, 0xb5, 0xb1, 0xa9, 0x8e, 0xb9, 0xb7, 
	0x94, 0x78, 0x92, 0xb4, 0xb8, 0xbc, 0xb0, 0xa4, 
	0xa9, 0xb3, 0x86, 0x81, 0x91, 0xa5, 0xb3, 0xab, 
	0xa2, 0x9c, 0xa0, 0xb5, 0xb4, 0xb0, 0x85, 0x7e, 
	0x8c, 0xb1, 0xb4, 0x94, 0xa3, 0xa4, 0xaf, 0x8b, 
	0xa6, 0xa2, 0x8a, 0x88, 0x96, 0xa9, 0xa6, 0xac, 
	0xb3, 0xb3, 0xae, 0xa6, 0x9b, 0xa5, 0xb3, 0xb5, 
	0xbb, 0xb4, 0x99, 0xa2, 0xb2, 0xba, 0x8f, 0x9e, 
	0xbc, 0xb5, 0xbd, 0xb4, 0xb2, 0x91, 0xad, 0xb8, 
	0xb2, 0x78, 0x8f, 0xb3, 0xb6, 0xb6, 0xac, 0xaa, 
	0xa5, 0xa2, 0x8e, 0x93, 0xab, 0xb1, 0xb1, 0xad, 
	0x9b, 0x9a, 0xa0, 0xb4, 0xb1, 0xb1, 0x7f, 0x79, 
	0x94, 0x86, 0x99, 0x8e, 0xb5, 0xb2, 0xb2, 0x8f, 
	0x8f, 0xab, 0xad, 0x93, 0x7e, 0x8d, 0x92, 0xac, 
	0xac, 0xae, 0xb0, 0x95, 0xa5, 0x9f, 0xae, 0xa9, 
	0x98, 0xa3, 0xb2, 0xb5, 0xa7, 0xac, 0x93, 0x9a, 
	0xb7, 0xb5, 0xb7, 0xb4, 0xb0, 0x8e, 0xab, 0xb7, 
	0xad, 0x80, 0x75, 0x9e, 0xb1, 0xb3, 0xaa, 0xb6, 
	0xb4, 0xa9, 0xa7, 0x7f, 0xa7, 0xb0, 0xae, 0xaa, 
	0x7c, 0x91, 0x9e, 0xa3, 0xa6, 0x8f, 0x89, 0x91, 
	0xaa, 0x94, 0x92, 0x76, 0x9d, 0xb3, 0xa6, 0x84, 
	0x7e, 0x81, 0x86, 0x9d, 0xac, 0x96, 0x87, 0x95, 
	0x99, 0xa7, 0x9b, 0x83, 0xa5, 0xbb, 0xbb, 0xb3, 
	0xae, 0x8e, 0x9d, 0xa2, 0xa0, 0x91, 0xa4, 0x74, 
	0x9f, 0xb2, 0xb6, 0xb3, 0xa0, 0x7e, 0x97, 0xa1, 
	0x81, 0x92, 0x9d, 0x81, 0x89, 0x90, 0xa7, 0xb5, 
	0xb2, 0xa1, 0x96, 0x7e, 0x77, 0x87, 0x8c, 0x78, 
	0x94, 0xaf, 0x9e, 0xa7, 0x8e, 0x6f, 0xae, 0xa2, 
	0x9c, 0xa3, 0x81, 0x91, 0x8a, 0x82, 0x7b, 0x90, 
	0x91, 0x81, 0xb3, 0xbe, 0xb5, 0xb3, 0xab, 0xab, 
	0xb2, 0xa4, 0x8a, 0x94, 0xaf, 0xbb, 0xb5, 0xb7, 
	0xb2, 0xa7, 0xad, 0xb6, 0xb6, 0x84, 0x84, 0x7f, 
	0x7e, 0x96, 0x9c, 0x8f, 0x81, 0x7d, 0x95, 0x94, 
	0x91, 0xb5, 0xb5, 0xad, 0x80, 0x7c, 0x8c, 0xa3, 
	0xa1, 0x81, 0x8b, 0x8b, 0xa4, 0x94, 0x9c, 0x81, 
	0xae, 0xb7, 0x99, 0x93, 0x7b, 0x93, 0xac, 0xa9, 
	0x7f, 0x83, 0xb4, 0xbe, 0xb6, 0xa9, 0xad, 0xbf, 
	0xaf, 0xaf, 0xbf, 0xb6, 0xba, 0xb3, 0xaf, 0x8f, 
	0xb6, 0xb8, 0xb5, 0xac, 0xb1, 0xb4, 0xba, 0xbb, 
	0xb3, 0xa3, 0x9b, 0xb7, 0xa9, 0xa9, 0xbc, 0xbd, 
	0xa9, 0x88, 0x7f, 0x9e, 0xaf, 0xac, 0xa7, 0xaf, 
	0xa1, 0xb4, 0xb1, 0xa8, 0xa4, 0xbe, 0xba, 0xac, 
	0x7c, 0x7d, 0x88, 0xa1, 0x91, 0xa2, 0x8e, 0x9e, 
	0xb7, 0xb7, 0x92, 0x89, 0xa0, 0xb0, 0xad, 0xaf, 
	0x7b, 0xa5, 0xbc, 0xb5, 0xb5, 0xb0, 0xbd, 0x9c, 
	0xaa, 0xa3, 0xb9, 0xb5, 0xbc, 0xb5, 0xb2, 0x8e, 
	0xb5, 0xb7, 0xb6, 0x86, 0x9c, 0xb3, 0xb7, 0xb4, 
	0xb2, 0x92, 0xa3, 0xb1, 0xa8, 0xbc, 0xb8, 0xb6, 
	0xb5, 0x9f, 0x85, 0xad, 0xa7, 0xad, 0xa7, 0xac, 
	0x99, 0xaa, 0xb1, 0xa0, 0xbf, 0xb8, 0xb4, 0xb1, 
	0xa3, 0x95, 0xb7, 0xad, 0x98, 0x96, 0x9f, 0x9b, 
	0xaa, 0x92, 0x77, 0xac, 0xad, 0xb0, 0xae, 0x99, 
	0x89, 0xaf, 0xb6, 0xba, 0xb9, 0xa9, 0xa4, 0xb2, 
	0xae, 0x9c, 0xb1, 0xb4, 0xb6, 0xb3, 0xa9, 0x83, 
	0xa9, 0xba, 0xa6, 0x85, 0x82, 0xa1, 0xaf, 0xae, 
	0x9f, 0x7e, 0x99, 0x87, 0xaf, 0xb3, 0xb9, 0xba, 
	0xaf, 0x9f, 0x89, 0xa2, 0xac, 0xac, 0x9b, 0xab, 
	0xa4, 0x8b, 0x81, 0xa3, 0xba, 0xb6, 0xbb, 0xb3, 
	0xad, 0x96, 0xb6, 0xb8, 0xa8, 0x9d, 0xb6, 0xab, 
	0xa0, 0x8f, 0x9c, 0x8c, 0xab, 0xae, 0xa3, 0x7c, 
	0xb8, 0xb5, 0xb3, 0xb5, 0xb6, 0x99, 0x9a, 0xb2, 
	0xb2, 0xb0, 0x91, 0xa7, 0xad, 0xa4, 0x8b, 0x81, 
	0x82, 0x8e, 0x87, 0xad, 0xb2, 0x94, 0x86, 0x87, 
	0x99, 0xa6, 0x97, 0x80, 0xa8, 0xb6, 0xb6, 0xb4, 
	0x94, 0x99, 0x8c, 0xa2, 0x8a, 0x82, 0x79, 0x98, 
	0xa6, 0x9c, 0x75, 0xa0, 0xb5, 0xb6, 0xb7, 0xb3, 
	0xa9, 0x97, 0xb5, 0xb8, 0xa7, 0x94, 0xb4, 0xb3, 
	0xac, 0x8b, 0x91, 0x7f, 0x6f, 0x72, 0x70, 0xaf, 
	0xb8, 0xab, 0xa8, 0xb3, 0xb0, 0x86, 0x8f, 0xb1, 
	0xaf, 0xb3, 0xaa, 0x85, 0x70, 0x73, 0x8a, 0x9c, 
	0x99, 0xac, 0x9e, 0xb4, 0xb2, 0xb1, 0x95, 0x99, 
	0xac, 0xae, 0xac, 0x7b, 0x92, 0xb0, 0xb4, 0x9f, 
	0xab, 0x97, 0xaf, 0xae, 0xa5, 0x96, 0xa5, 0x84, 
	0x77, 0x77, 0x78, 0x78, 0xab, 0xb4, 0xb4, 0xb0, 
	0x8c, 0x92, 0xb0, 0xa5, 0x8a, 0x97, 0xa7, 0x9a, 
	0x8a, 0x82, 0x86, 0xa4, 0xab, 0xa8, 0x88, 0xad, 
	0xb7, 0x97, 0x87, 0x90, 0x8f, 0x80, 0x79, 0xa7, 
	0xab, 0xac, 0xb0, 0x8b, 0x77, 0x9e, 0xab, 0xaf, 
	0x96, 0xa7, 0x9a, 0xb4, 0xb1, 0xad, 0x9f, 0xa7, 
	0xa9, 0xa6, 0xab, 0x84, 0xa4, 0x8e, 0xa2, 0x87, 
	0xb3, 0x9f, 0xb0, 0xb2, 0xb3, 0xaf, 0xb0, 0x8e, 
	0x78, 0x81, 0x8a, 0x83, 0x84, 0x8c, 0x90, 0x83, 
	0x8c, 0x7b, 0x8d, 0x91, 0xa3, 0xb5, 0xb5, 0xa1, 
	0xab, 0x86, 0xb2, 0x88, 0x96, 0x8d, 0x9a, 0xb7, 
	0x9a, 0x9b, 0x9a, 0xbb, 0xbe, 0xbf, 0x8e, 0x80, 
	0x96, 0xa0, 0x8e, 0x79, 0x83, 0xaa, 0xa5, 0xab, 
	0x9b, 0xa0, 0x9d, 0x96, 0x9d, 0x7b, 0xa4, 0xa5, 
	0x9e, 0xa5, 0x8f, 0x80, 0xad, 0xa2, 0x9c, 0x7e, 
	0x9b, 0x93, 0xb0, 0xae, 0xb3, 0xae, 0xb5, 0x82, 
	0x96, 0xbb, 0xbe, 0xbe, 0xa1, 0x82, 0x7f, 0xa0, 
	0xaf, 0xa9, 0x8e, 0xab, 0xae, 0xb3, 0xb2, 0xa9, 
	0xa4, 0x7c, 0xb9, 0xad, 0xa7, 0xa9, 0x92, 0x98, 
	0xb3, 0xa7, 0xb4, 0xb8, 0xb5, 0xab, 0xb5, 0xa8, 
	0x85, 0x84, 0x93, 0x99, 0xa4, 0x8d, 0xaa, 0xa6, 
	0x7e, 0xa4, 0xaf, 0x9a, 0x72, 0x8d, 0xa8, 0xae, 
	0x9c, 0x84, 0x97, 0x83, 0x90, 0xa4, 0x94, 0x94, 
	0xa7, 0x84, 0x99, 0xad, 0xac, 0xb3, 0x9c, 0x7f, 
	0xb7, 0xbb, 0xb7, 0xb5, 0xb6, 0x91, 0x8a, 0xab, 
	0xaa, 0xae, 0x8f, 0xa5, 0x9f, 0xb2, 0xb2, 0x92, 
	0x9a, 0x84, 0xa8, 0xb3, 0xb7, 0xb3, 0xaf, 0x86, 
	0x91, 0x92, 0xb4, 0xb4, 0xbc, 0x9d, 0xb8, 0xb8, 
	0x92, 0xac, 0xa7, 0xb2, 0xb5, 0x88, 0x83, 0x95, 
	0x9b, 0x81, 0x81, 0x7f, 0x78, 0xac, 0xaa, 0xae, 
	0xb4, 0xb2, 0xac, 0x9e, 0x75, 0x76, 0x9b, 0xac, 
	0xb3, 0xb0, 0x89, 0x8d, 0x9c, 0x8f, 0x83, 0x84, 
	0xb6, 0xb4, 0xbb, 0xb7, 0xb1, 0x97, 0x81, 0xa9, 
	0xac, 0xad, 0x7e, 0xaa, 0x9b, 0x84, 0x78, 0x87, 
	0xa6, 0x89, 0x91, 0xa1, 0xa9, 0xa6, 0x88, 0x7d, 
	0x9a, 0x95, 0xa9, 0xb7, 0xb6, 0x9d, 0x9b, 0xb1, 
	0x8f, 0xbb, 0x9b, 0x90, 0x99, 0x86, 0x7d, 0xa2, 
	0x95, 0x96, 0xa3, 0xa1, 0x8c, 0x8b, 0xa6, 0xac, 
	0xb3, 0xb3, 0xae, 0xa6, 0x8c, 0x98, 0x89, 0xad, 
	0xac, 0xac, 0xb1, 0x8c, 0x87, 0xa7, 0xaa, 0x9c, 
	0xa5, 0xb6, 0xb8, 0xad, 0x91, 0x8d, 0x97, 0x86, 
	0x8e, 0x86, 0x77, 0x98, 0xa0, 0x8d, 0x80, 0xa3, 
	0xa9, 0x9a, 0xb5, 0x9d, 0x74, 0x7d, 0xa8, 0xa8, 
	0xa4, 0x87, 0x88, 0xab, 0xb3, 0x8a, 0x98, 0x86, 
	0x82, 0x8b, 0x97, 0x81, 0x8c, 0x80, 0x82, 0x9e, 
	0xa2, 0xbc, 0xb4, 0xa0, 0x94, 0xa6, 0x91, 0xac, 
	0xac, 0xae, 0xb0, 0x95, 0x90, 0xb0, 0x92, 0x9e, 
	0xb5, 0xa8, 0x9a, 0x7d, 0x88, 0x90, 0x9e, 0x9b, 
	0x8a, 0xb1, 0xb4, 0x96, 0xab, 0x90, 0xb1, 0xaa, 
	0x9b, 0x96, 0x97, 0x79, 0x7a, 0x86, 0x9f, 0xa7, 
	0x8b, 0x8e, 0xad, 0xab, 0x83, 0xa5, 0xa8, 0xae, 
	0x9d, 0x97, 0xa1, 0x7d, 0x8b, 0x7f, 0xb4, 0xb4, 
	0xa7, 0x80, 0x8f, 0xa3, 0xb3, 0xa9, 0x90, 0xb0, 
	0xb7, 0xb7, 0x98, 0x9b, 0xac, 0x97, 0x7d, 0x97, 
	0xaf, 0xaf, 0x9a, 0x7d, 0xa6, 0xaf, 0x9d, 0xbe, 
	0xbb, 0xb3, 0xb0, 0xa0, 0x94, 0xb2, 0xaf, 0x9a, 
	0x8b, 0x8e, 0xa0, 0x8c, 0xaa, 0x9c, 0xad, 0xb5, 
	0xb3, 0xac, 0xab, 0x84, 0x88, 0xaf, 0xb3, 0xac, 
	0xa1, 0xa5, 0x8a, 0x99, 0x84, 0x99, 0xa9, 0xa9, 
	0x7e, 0x83, 0xab, 0xa5, 0x9c, 0x7b, 0xa7, 0xb7, 
	0xb5, 0x83, 0xac, 0xac, 0xae, 0xb1, 0x8a, 0x94, 
	0xae, 0xa9, 0x90, 0xb5, 0xb1, 0xa9, 0x7a, 0x7e, 
	0x7c, 0x87, 0x8d, 0xa0, 0xb8, 0x9a, 0xa8, 0xbc, 
	0xb5, 0xba, 0xb3, 0xae, 0x8d, 0xb5, 0xb8, 0xa6, 
	0xa7, 0x90, 0x7e, 0x7a, 0xa3, 0x98, 0xae, 0xb1, 
	0xb3, 0xad, 0xa9, 0x8a, 0xb1, 0x8e, 0xa8, 0xb2, 
	0x93, 0xb7, 0xae, 0x89, 0x8a, 0x93, 0x90, 0x8e, 
	0xa7, 0x7f, 0x82, 0x8f, 0x85, 0x94, 0x86, 0xa8, 
	0xad, 0x7d, 0x7f, 0xa2, 0xa2, 0x90, 0x8d, 0x8c, 
	0x7f, 0x87, 0x93, 0xb2, 0x8a, 0x96, 0xa0, 0x87, 
	0x83, 0x99, 0xb3, 0xae, 0x97, 0xb0, 0xa8, 0xb4, 
	0xb6, 0xba, 0xb3, 0xae, 0x82, 0xb4, 0xb8, 0x9c, 
	0xa2, 0xa7, 0xb3, 0xaf, 0x99, 0x81, 0xa5, 0xad, 
	0xad, 0xae, 0x84, 0xa2, 0xb2, 0xa6, 0x92, 0x90, 
	0x94, 0xb9, 0xa9, 0x98, 0x9e, 0xad, 0x9d, 0x98, 
	0xad, 0x94, 0x79, 0x79, 0xa4, 0xad, 0xa0, 0x80, 
	0x7b, 0x6e, 0x85, 0x7e, 0x76, 0x76, 0xa2, 0xa8, 
	0xa3, 0x99, 0x80, 0x89, 0xaf, 0xaf, 0xac, 0xac, 
	0x90, 0xa4, 0x99, 0x8c, 0xa4, 0xa8, 0x91, 0xb1, 
	0xb6, 0xb4, 0xb2, 0xa2, 0x87, 0xb4, 0xad, 0x82, 
	0x86, 0xae, 0xaf, 0xac, 0xac, 0x92, 0x7d, 0x8f, 
	0xa4, 0x99, 0x82, 0xb8, 0xad, 0xb0, 0xb9, 0xb1, 
	0x92, 0xa8, 0x97, 0x82, 0xb3, 0xb0, 0xb3, 0xb2, 
	0xb0, 0x93, 0xa9, 0x99, 0x87, 0xac, 0xa9, 0x89, 
	0xb3, 0xac, 0x97, 0xb1, 0x9c, 0x7e, 0x80, 0x9d, 
	0x9c, 0x80, 0xa3, 0x9f, 0xa7, 0xb5, 0xb3, 0xac, 
	0xa9, 0x90, 0x93, 0xa5, 0xac, 0x91, 0xa6, 0x8d, 
	0xa6, 0xa9, 0x98, 0x7d, 0x7f, 0x7c, 0x89, 0xa5, 
	0x99, 0x9b, 0xb0, 0xb3, 0xac, 0xa6, 0x82, 0x85, 
	0xb0, 0xb3, 0x9c, 0xa6, 0xaa, 0xb9, 0xb9, 0xb9, 
	0x98, 0x9e, 0x9d, 0x9c, 0xb1, 0xac, 0xb3, 0xb2, 
	0xad, 0x84, 0xaf, 0xaf, 0x8b, 0xae, 0xb9, 0xba, 
	0xbc, 0xb5, 0x90, 0x85, 0x79, 0x82, 0xa3, 0x8d, 
	0x7f, 0xa4, 0xbf, 0xba, 0xa9, 0x96, 0xa6, 0x99, 
	0x99, 0xa4, 0xa4, 0xa3, 0xb3, 0xb0, 0x9c, 0xa5, 
	0x89, 0x83, 0xa1, 0xad, 0x9e, 0x93, 0xbc, 0xbb, 
	0xb3, 0xae, 0x91, 0x99, 0xa7, 0x9a, 0xa6, 0xac, 
	0x98, 0xb2, 0xa3, 0x8b, 0x92, 0xb3, 0xb9, 0xb5, 
	0x92, 0x97, 0x8b, 0x9f, 0x9b, 0xab, 0xac, 0xb0, 
	0x88, 0xa0, 0xb5, 0x99, 0xa7, 0xbd, 0xb2, 0xc0, 
	0xb5, 0xbb, 0xb5, 0xab, 0x93, 0xa3, 0x9d, 0x99, 
	0xa3, 0xbf, 0xb8, 0xb4, 0xb1, 0xa1, 0x9a, 0xaf, 
	0xb1, 0xa4, 0xb0, 0x9a, 0xa5, 0xae, 0x85, 0xb1, 
	0x8f, 0x87, 0xad, 0xad, 0x99, 0xae, 0xbb, 0xb5, 
	0xb7, 0xb2, 0xa7, 0x97, 0xb6, 0xb9, 0x9c, 0xae, 
	0x9d, 0x92, 0x86, 0x76, 0x79, 0x89, 0x94, 0x8e, 
	0x86, 0xb0, 0xb1, 0x90, 0x80, 0x96, 0xa6, 0xa1, 
	0x9f, 0xb6, 0xb0, 0x8b, 0xb4, 0xb8, 0xb2, 0xb1, 
	0xb5, 0xb6, 0xb5, 0xb1, 0x94, 0xb7, 0xb6, 0xb8, 
	0xb7, 0xba, 0xb6, 0xbb, 0xb3, 0xac, 0x97, 0xb6, 
	0xb8, 0xa5, 0xad, 0x9c, 0xa6, 0x99, 0x7e, 0x89, 
	0x96, 0x96, 0xac, 0xa8, 0x96, 0xaf, 0xb4, 0xba, 
	0xbb, 0xb3, 0xa9, 0x8f, 0xb7, 0xb8, 0x9a, 0x93, 
	0xb7, 0xb9, 0xad, 0xa6, 0x91, 0xad, 0xa5, 0xae, 
	0x8d, 0xa6, 0xb1, 0x9e, 0xa0, 0x93, 0x81, 0x8f, 
	0xb0, 0xb0, 0xad, 0xa9, 0xae, 0xb4, 0xb3, 0x8e, 
	0xad, 0xb6, 0xb3, 0xa1, 0x8d, 0xaa, 0xa9, 0x93, 
	0xa6, 0xb5, 0xb6, 0xb7, 0xb3, 0xa8, 0x90, 0xb5, 
	0xb8, 0x9e, 0x90, 0xb7, 0xb9, 0xb9, 0x93, 0xa0, 
	0xb2, 0xaa, 0x86, 0x95, 0x87, 0x9e, 0xb3, 0xb7, 
	0xb4, 0xb2, 0xa0, 0x9b, 0xb7, 0xae, 0x8e, 0x8b, 
	0xa3, 0xb3, 0xb7, 0x9c, 0xa9, 0xa5, 0xab, 0xa6, 
	0xa5, 0x8d, 0x97, 0xa5, 0xa6, 0x93, 0x89, 0x97, 
	0x97, 0x90, 0x94, 0xa4, 0x99, 0xab, 0xb1, 0xa5, 
	0x85, 0x90, 0x82, 0x7f, 0x92, 0x97, 0x99, 0x9a, 
	0x91, 0xa7, 0xb4, 0xb4, 0xb0, 0x95, 0x90, 0xaa, 
	0xa5, 0x89, 0x94, 0x95, 0xa0, 0xb9, 0x94, 0xa0, 
	0xb2, 0xb1, 0x99, 0x90, 0xb5, 0x98, 0x9a, 0xad, 
	0xad, 0x9b, 0x86, 0x84, 0x96, 0x96, 0x9f, 0xb3, 
	0xac, 0x8f, 0xa4, 0x89, 0x9f, 0x95, 0x9b, 0xa7, 
	0xb3, 0xae, 0x95, 0xad, 0xac, 0xac, 0x8e, 0x88, 
	0x97, 0xb2, 0xb2, 0x8b, 0xa5, 0xbe, 0xbf, 0xb8, 
	0x90, 0x75, 0x8e, 0xaf, 0xaf, 0xa5, 0xac, 0xa7, 
	0xaa, 0x84, 0x92, 0x98, 0x86, 0x86, 0x86, 0xa4, 
	0x97, 0xa3, 0xb5, 0xb5, 0x9a, 0x9e, 0x98, 0xa6, 
	0x97, 0x8d, 0x84, 0x97, 0xa2, 0xa7, 0xb1, 0x88, 
	0x7b, 0x95, 0xa4, 0x99, 0xb0, 0xa1, 0xb3, 0xb1, 
	0xb4, 0x9e, 0x80, 0xaa, 0xa7, 0x8d, 0xb2, 0x96, 
	0xa0, 0xad, 0x80, 0xb1, 0xb3, 0xac, 0xa4, 0x85, 
	0xa4, 0xa3, 0xa3, 0x9f, 0xbe, 0xb9, 0xb6, 0xb4, 
	0xad, 0x84, 0xa4, 0xa6, 0xac, 0xab, 0x9f, 0xa0, 
	0xa7, 0xb3, 0x97, 0x79, 0xa3, 0xaf, 0xab, 0xa3, 
	0xac, 0xae, 0xb3, 0xb2, 0xa8, 0x85, 0x96, 0x9d, 
	0x9b, 0xa8, 0x95, 0x9f, 0xb5, 0xb7, 0xba, 0xa6, 
	0x9c, 0xac, 0xae, 0xac, 0xa4, 0xa8, 0xac, 0xb3, 
	0xb3, 0x93, 0x9b, 0xb5, 0xb8, 0x9c, 0xb1, 0xa8, 
	0x95, 0x8a, 0xa9, 0x91, 0x9c, 0x9d, 0x8b, 0x97, 
	0xae, 0x8b, 0x8c, 0xa5, 0xb3, 0xb7, 0xbc, 0xb3, 
	0xae, 0x8d, 0x97, 0xac, 0xad, 0x99, 0xa1, 0xab, 
	0x8b, 0x87, 0x95, 0x87, 0xab, 0xaa, 0xae, 0x8e, 
	0xad, 0xa4, 0xb3, 0xb2, 0x95, 0x85, 0x85, 0xa8, 
	0xb2, 0xb2, 0xa9, 0x94, 0xb2, 0xb0, 0xa1, 0xaf, 
	0xa5, 0xa9, 0xa6, 0xab, 0xa5, 0xad, 0x96, 0x9a, 
	0x93, 0x85, 0x9d, 0xb5, 0xb8, 0xa0, 0x96, 0xb6, 
	0xb9, 0xb6, 0x9f, 0x9e, 0xa2, 0xb6, 0xb0, 0x9c, 
	0x99, 0xaf, 0xb5, 0x9c, 0xb4, 0xb6, 0xb8, 0xb2, 
	0xa7, 0x95, 0xaa, 0x8e, 0x92, 0x80, 0x8d, 0x9f, 
	0x97, 0xb9, 0xc0, 0x9d, 0xa7, 0xac, 0xad, 0x85, 
	0xab, 0xa5, 0x90, 0x7a, 0x8a, 0x9c, 0x85, 0xad, 
	0xae, 0xae, 0xb0, 0x88, 0x9a, 0x98, 0xbe, 0xbb, 
	0xa3, 0x9d, 0xa5, 0x8e, 0x9a, 0xb0, 0xb0, 0xa6, 
	0x78, 0x9e, 0xaf, 0xab, 0xb1, 0x90, 0x8c, 0x92, 
	0xa4, 0xb9, 0x92, 0xa8, 0x9b, 0xb7, 0xb8, 0x97, 
	0x9b, 0xb1, 0xb5, 0x86, 0xa5, 0xb3, 0xb4, 0xa8, 
	0xa2, 0xb0, 0xad, 0xac, 0xa1, 0xab, 0x87, 0x77, 
	0xa0, 0xbb, 0xb6, 0xb5, 0x95, 0x91, 0x89, 0x7a, 
	0x99, 0xa0, 0x8e, 0x82, 0xa4, 0xaf, 0x91, 0x81, 
	0x98, 0x96, 0x80, 0xa5, 0x96, 0xab, 0xb4, 0xb7, 
	0xb9, 0x93, 0x7d, 0x9e, 0x99, 0x87, 0x89, 0x79, 
	0x95, 0xac, 0xab, 0x9a, 0x93, 0x9e, 0xb4, 0xb5, 
	0x99, 0xa4, 0x92, 0xa2, 0xa0, 0xb6, 0xb7, 0x8b, 
	0xaa, 0x9e, 0x89, 0xa9, 0x7d, 0x8d, 0x91, 0xa5, 
	0x99, 0xb6, 0xaf, 0xb3, 0xb3, 0xac, 0x8b, 0x84, 
	0xa5, 0xb4, 0xb8, 0xbc, 0xb2, 0x93, 0x83, 0x94, 
	0xa5, 0x7d, 0x8d, 0xad, 0xb3, 0xab, 0x9b, 0x96, 
	0x98, 0x93, 0x7b, 0xa0, 0xaa, 0xaa, 0xb5, 0xb8, 
	0xb8, 0xaf, 0x9e, 0xb0, 0xb6, 0x9c, 0xa8, 0xad, 
	0xb3, 0xb2, 0xad, 0x92, 0xa6, 0xab, 0xb2, 0xb3, 
	0xa7, 0x82, 0xa3, 0x86, 0x92, 0xae, 0xae, 0x9c, 
	0xb3, 0xb4, 0x94, 0xa5, 0x9e, 0x8d, 0x7d, 0x8d, 
	0x9b, 0xb2, 0xac, 0xb3, 0xb1, 0xb2, 0x85, 0xab, 
	0xa9, 0xb3, 0xb6, 0xb6, 0x95, 0x9e, 0xa5, 0x9a, 
	0xb9, 0xa0, 0xab, 0xb1, 0xb1, 0xad, 0x95, 0x9d, 
	0xb0, 0x9e, 0x9b, 0x8e, 0x8f, 0x9b, 0xb3, 0xb5, 
	0xa8, 0xa8, 0xb5, 0xb3, 0xab, 0xa8, 0x98, 0xac, 
	0xae, 0xae, 0xaf, 0x7d, 0xac, 0x9f, 0xb3, 0xb2, 
	0x96, 0x89, 0x91, 0x99, 0x96, 0xb0, 0xa1, 0xb1, 
	0xb3, 0xb2, 0x9f, 0x89, 0xa8, 0xa1, 0x87, 0xa5, 
	0x8e, 0x8b, 0xab, 0xac, 0xb1, 0x9b, 0x7f, 0xa7, 
	0x9a, 0x9c, 0xb0, 0xab, 0x9a, 0xb6, 0xb4, 0xaf, 
	0xa3, 0xa0, 0xab, 0xb0, 0xae, 0xaa, 0x81, 0xab, 
	0xa6, 0x8e, 0xa3, 0xb3, 0x9b, 0x9e, 0x94, 0xa8, 
	0x93, 0xb4, 0xb2, 0xb2, 0xa9, 0xb1, 0x83, 0x97, 
	0xa7, 0xa0, 0x83, 0x8b, 0x95, 0x9a, 0x88, 0x83, 
	0x70, 0x80, 0x8b, 0xae, 0xa8, 0x94, 0xa6, 0xb0, 
	0xa8, 0xa2, 0x81, 0x81, 0x73, 0x80, 0xa2, 0xb2, 
	0x98, 0x9a, 0xaa, 0xa6, 0x8f, 0x7c, 0xa5, 0x9e, 
	0xae, 0x9a, 0x85, 0x87, 0x9c, 0xb5, 0xb2, 0xae, 
	0x94, 0x93, 0x82, 0x8c, 0x89, 0x83, 0xa6, 0xb6, 
	0xb0, 0x95, 0x99, 0xa1, 0x9e, 0xac, 0x8c, 0x81, 
	0x7b, 0xa3, 0xb5, 0xb1, 0x95, 0x8f, 0x84, 0x8d, 
	0x81, 0x87, 0x86, 0xb3, 0xa6, 0xa8, 0xa3, 0x77, 
	0x7a, 0xab, 0x98, 0xa0, 0xad, 0x8a, 0xaf, 0x9e, 
	0x98, 0x76, 0x8a, 0xa8, 0x70, 0x80, 0xaf, 0x96, 
	0xa8, 0xae, 0xac, 0xab, 0xa4, 0x87, 0xb5, 0x93, 
	0x9d, 0x90, 0xa7, 0x8b, 0x8b, 0xa5, 0xac, 0x8f, 
	0x84, 0x73, 0x96, 0xa8, 0xa6, 0x91, 0xb7, 0xb7, 
	0xb0, 0x8b, 0xb0, 0xb9, 0xa1, 0xa1, 0xab, 0x99, 
	0x75, 0x80, 0x8f, 0x89, 0x8e, 0x9c, 0x86, 0xac, 
	0xb2, 0x95, 0x9e, 0xb6, 0xb4, 0x7a, 0x7b, 0x96, 
	0xaa, 0xab, 0xa3, 0x97, 0x98, 0x8d, 0xae, 0xa8, 
	0x8b, 0x81, 0xa6, 0xae, 0x8b, 0x6e, 0x8f, 0xa1, 
	0xad, 0xb2, 0xb3, 0xaf, 0xb0, 0x88, 0x97, 0xa2, 
	0xb3, 0xac, 0x88, 0x94, 0xb2, 0x9b, 0x87, 0x90, 
	0x7d, 0x7f, 0x8c, 0x9b, 0x8b, 0x95, 0xb7, 0xb8, 
	0xa5, 0x85, 0x97, 0x95, 0x8b, 0x8d, 0x79, 0x96, 
	0xba, 0xb1, 0x99, 0x8e, 0xa5, 0xa8, 0xa5, 0x87, 
	0x86, 0x94, 0xb3, 0xb8, 0x9f, 0x96, 0xaa, 0xb2, 
	0xb2, 0xac, 0xa0, 0x7d, 0x8d, 0x88, 0x92, 0x9b, 
	0x99, 0xab, 0xb2, 0xac, 0x99, 0x9b, 0xbf, 0xb8, 
	0xb5, 0xa9, 0xb1, 0xb0, 0xb1, 0x8d, 0xa6, 0x94, 
	0xb2, 0xb3, 0x95, 0xaa, 0xb2, 0xb3, 0xab, 0xa8, 
	0x7b, 0xa7, 0xa3, 0x97, 0x98, 0x96, 0xb5, 0xab, 
	0x9d, 0x8f, 0x9d, 0xa6, 0x91, 0xb4, 0x94, 0xbe, 
	0xb8, 0xb4, 0xb1, 0x9e, 0xa4, 0xb8, 0xb7, 0x9b, 
	0x96, 0xb6, 0xb4, 0x9c, 0x8d, 0x89, 0xad, 0xae, 
	0xae, 0xb1, 0x8b, 0x7b, 0x94, 0xab, 0x8b, 0x96, 
	0xab, 0xb0, 0xad, 0xb1, 0x97, 0xbc, 0xb8, 0xb7, 
	0xb2, 0xaf, 0x9f, 0xb9, 0xb8, 0xa3, 0xa6, 0xab, 
	0x8e, 0x9f, 0x85, 0xad, 0xad, 0xae, 0xb2, 0x8a, 
	0x8e, 0xa3, 0xb4, 0xb2, 0xa3, 0x80, 0x7d, 0xa8, 
	0xae, 0xaf, 0x9b, 0xa8, 0x89, 0x9a, 0xa6, 0xba, 
	0xb6, 0xbb, 0xb3, 0xaf, 0x95, 0xb5, 0xb8, 0x9d, 
	0xa4, 0xb4, 0xb2, 0xa9, 0x97, 0x92, 0x82, 0x98, 
	0x96, 0x81, 0xa5, 0xb3, 0xac, 0x8e, 0x9c, 0x9f, 
	0xa3, 0xb0, 0xab, 0x92, 0x99, 0xbb, 0xb6, 0xbd, 
	0xb4, 0xb2, 0x91, 0xb4, 0xb8, 0xac, 0x9c, 0xaa, 
	0xb6, 0xaf, 0x84, 0x87, 0x9b, 0x96, 0x81, 0x7a, 
	0xaa, 0x93, 0xa4, 0xa3, 0x7f, 0xa1, 0x82, 0xac, 
	0xa5, 0xac, 0x9a, 0x8c, 0x98, 0xb4, 0xa5, 0xb5, 
	0xb6, 0xb7, 0xb3, 0xad, 0x8c, 0xb2, 0xb8, 0xa1, 
	0x84, 0xaf, 0xaf, 0x91, 0x83, 0x89, 0x9c, 0x8b, 
	0x8b, 0x84, 0xb5, 0xb7, 0xb3, 0x9d, 0xa5, 0x81, 
	0x78, 0x74, 0x76, 0x8c, 0x9a, 0xb4, 0xb4, 0xb7, 
	0xb5, 0xaf, 0x8f, 0xb6, 0xb9, 0xa0, 0x81, 0xa9, 
	0xb3, 0xb9, 0xa0, 0x88, 0x83, 0x88, 0x84, 0x8c, 
	0xad, 0xac, 0xa3, 0x86, 0x7e, 0xac, 0x84, 0x9a, 
	0xad, 0xa7, 0x83, 0x8b, 0xb0, 0xb1, 0xa0, 0xac, 
	0xb4, 0xb4, 0xb2, 0x9a, 0x7d, 0x9d, 0x9c, 0x8e, 
	0x95, 0x9a, 0x7e, 0x99, 0x9f, 0x9a, 0x9f, 0xb0, 
	0x9f, 0xa2, 0xb7, 0xb8, 0xb1, 0x93, 0x7b, 0x84, 
	0xad, 0xa8, 0x9f, 0x9d, 0xb0, 0x99, 0xb0, 0xb3, 
	0xaf, 0x9b, 0x85, 0x91, 0x94, 0x87, 0xa1, 0xa9, 
	0x91, 0xaa, 0x91, 0xa3, 0x99, 0x7f, 0x83, 0x82, 
	0x8e, 0x99, 0x92, 0x7f, 0x9e, 0xa7, 0x77, 0x9a, 
	0x7b, 0x7d, 0x83, 0x98, 0xac, 0xb4, 0xb0, 0x8d, 
	0x9c, 0xa3, 0x97, 0x86, 0x80, 0x8d, 0x92, 0xa4, 
	0xb5, 0xb5, 0x9e, 0xa3, 0x8d, 0xb2, 0x8b, 0x93, 
	0x96, 0x99, 0xaa, 0xa4, 0x93, 0x80, 0x83, 0x8d, 
	0x8e, 0x98, 0x80, 0xa9, 0xb9, 0xab, 0x89, 0x96, 
	0x97, 0x9d, 0x8e, 0xa0, 0xa4, 0xa0, 0xb5, 0xb4, 
	0xaf, 0x7c, 0x8a, 0xb0, 0xb1, 0xad, 0xaa, 0xa9, 
	0x77, 0x83, 0x99, 0xa3, 0x8f, 0x7f, 0x8e, 0xa8, 
	0xab, 0xa4, 0xaf, 0x92, 0xaf, 0xad, 0xaf, 0xa7, 
	0x8e, 0x7b, 0xab, 0xaf, 0xaa, 0x9a, 0xaa, 0xaa, 
	0xb3, 0xb2, 0xa6, 0x8d, 0x91, 0xad, 0x8c, 0xb5, 
	0xb8, 0x9b, 0x78, 0x84, 0x9a, 0xa3, 0x7f, 0x89, 
	0xa1, 0x9d, 0x9a, 0x8e, 0x9b, 0xa1, 0xa3, 0x92, 
	0xa9, 0xae, 0xaf, 0x95, 0xad, 0xa0, 0xb4, 0xb1, 
	0xb1, 0x82, 0x9d, 0xac, 0xb4, 0xb3, 0xac, 0xb2, 
	0x85, 0x94, 0xab, 0xb3, 0xae, 0x93, 0xb6, 0x93, 
	0xb0, 0xaf, 0xad, 0x8d, 0x9c, 0xb0, 0xb0, 0xaf, 
	0x84, 0x90, 0xac, 0xaa, 0xae, 0x8d, 0xad, 0x9f, 
	0xae, 0xad, 0x90, 0x77, 0xa0, 0x8c, 0x83, 0x8e, 
	0x95, 0x8b, 0xa8, 0xb3, 0xa8, 0x9a, 0x83, 0xb3, 
	0xb3, 0xb3, 0x94, 0x82, 0x8a, 0xa1, 0x9a, 0x98, 
	0xac, 0xa5, 0xac, 0x9a, 0xa2, 0x94, 0x9a, 0xa4, 
	0x8f, 0x7f, 0x8d, 0xaf, 0xad, 0xaf, 0xad, 0xaa, 
	0x8a, 0xb3, 0x92, 0xaa, 0xae, 0x99, 0xb7, 0xa3, 
	0x9a, 0xac, 0x88, 0xb0, 0x97, 0x8a, 0x8a, 0x7b, 
	0x95, 0xac, 0xa9, 0xac, 0xa8, 0x7e, 0xab, 0xa6, 
	0x84, 0x74, 0x76, 0x7f, 0x97, 0xa4, 0x9c, 0x91, 
	0xac, 0xa1, 0xb4, 0xb2, 0xb3, 0x81, 0xa1, 0xac, 
	0xa8, 0xa0, 0x89, 0x9f, 0x87, 0xa4, 0xbf, 0xb9, 
	0x9d, 0xad, 0xa7, 0x82, 0xa9, 0xac, 0x9e, 0x92, 
	0x79, 0xb1, 0x89, 0x8f, 0xb0, 0xb0, 0xae, 0x81, 
	0x96, 0xb2, 0xa6, 0xa1, 0x99, 0xa2, 0xb9, 0x98, 
	0x9d, 0xb2, 0x90, 0xb9, 0xb8, 0x9b, 0x93, 0xab, 
	0xb5, 0xb4, 0x97, 0x8f, 0x8c, 0x7d, 0x99, 0xa7, 
	0x9c, 0x85, 0x8b, 0x81, 0xac, 0xab, 0xaf, 0x93, 
	0xaa, 0xa0, 0xb4, 0xb1, 0xad, 0x80, 0xab, 0xa2, 
	0xaf, 0x85, 0x95, 0xa5, 0x8f, 0xb9, 0xb5, 0xb7, 
	0xa7, 0x84, 0x85, 0x93, 0x8c, 0x98, 0x90, 0x7d, 
	0x9c, 0xac, 0xa9, 0x8e, 0x88, 0x8d, 0x7f, 0x8b, 
	0xb9, 0xac, 0xb7, 0xb9, 0xb6, 0xa3, 0xa1, 0x75, 
	0x86, 0x83, 0x90, 0xb2, 0xaf, 0xa7, 0xb4, 0x99, 
	0xad, 0xaf, 0x9c, 0x99, 0xb6, 0xa1, 0x85, 0x92, 
	0x91, 0x98, 0xaa, 0x82, 0xaa, 0xa5, 0xab, 0x91, 
	0xa0, 0xa5, 0x94, 0x9d, 0x7e, 0x95, 0xa4, 0xb0, 
	0x7d, 0x7c, 0x9e, 0x93, 0x90, 0xb4, 0xb5, 0xbc, 
	0xb4, 0xac, 0xa9, 0xaf, 0xad, 0x89, 0x89, 0xa0, 
	0xb3, 0xad, 0xae, 0x8e, 0x82, 0x8a, 0xb0, 0xb5, 
	0xb4, 0xab, 0xb9, 0xb9, 0xb9, 0x91, 0xab, 0x80, 
	0xa8, 0xa8, 0xa3, 0x97, 0x95, 0x96, 0xb8, 0xaa, 
	0x86, 0x82, 0x84, 0x7f, 0x85, 0x85, 0xb2, 0xb2, 
	0xaf, 0x9d, 0xad, 0x82, 0x91, 0xa5, 0x9c, 0x77, 
	0xa8, 0xb0, 0xad, 0x8d, 0x7d, 0xab, 0x93, 0x8a, 
	0xae, 0xad, 0x84, 0x7f, 0x97, 0xac, 0xb7, 0xb5, 
	0xac, 0xad, 0xb4, 0x9e, 0xa8, 0x91, 0xad, 0xad, 
	0xb0, 0xae, 0xa3, 0x6f, 0x87, 0xb0, 0x98, 0xa9, 
	0xae, 0x9f, 0xa1, 0xb7, 0xa7, 0x73, 0x7a, 0x7c, 
	0xb9, 0xb0, 0x97, 0xb5, 0xab, 0xa3, 0x84, 0x89, 
	0x8d, 0xad, 0xa0, 0x95, 0xaf, 0xad, 0xba, 0x99, 
	0x86, 0x94, 0xa9, 0x99, 0xad, 0x90, 0x9a, 0x95, 
	0x7d, 0x87, 0x7d, 0x73, 0x99, 0xad, 0x70, 0x88, 
	0xb0, 0xb3, 0xa3, 0xa1, 0xa1, 0x8c, 0xab, 0xb1, 
	0xa8, 0xb6, 0xb1, 0xb2, 0x8e, 0x96, 0x91, 0xac, 
	0xae, 0xa5, 0x7f, 0x81, 0x89, 0xb4, 0xb5, 0x84, 
	0x7b, 0x85, 0x87, 0x8f, 0x84, 0x88, 0x80, 0x88, 
	0xa4, 0xbc, 0x9e, 0xb2, 0xb6, 0xb1, 0x91, 0xa1, 
	0xae, 0xb1, 0xac, 0x8f, 0xb0, 0xb5, 0xae, 0x94, 
	0xb4, 0xb5, 0x98, 0xa7, 0xb2, 0xb3, 0xae, 0xb0, 
	0x82, 0x6e, 0x9d, 0xac, 0xa7, 0x8b, 0x88, 0x7e, 
	0x85, 0xa2, 0x9a, 0xa0, 0xa7, 0x9a, 0x84, 0x88, 
	0x92, 0xb4, 0xb3, 0xaa, 0x7f, 0x8a, 0x9e, 0x7f, 
	0x76, 0x72, 0xa3, 0xb5, 0x9d, 0x9e, 0x8f, 0x99, 
	0xaa, 0xac, 0xaf, 0xab, 0xaf, 0xae, 0xab, 0xab, 
	0x9b, 0x91, 0x85, 0xa0, 0xb4, 0xb4, 0x81, 0xa7, 
	0xb0, 0xae, 0xaa, 0x9a, 0x87, 0xa1, 0xa0, 0xa8, 
	0xb4, 0xb2, 0xa4, 0x9c, 0xaf, 0xb3, 0xaf, 0xb2, 
	0x89, 0x86, 0xa2, 0xb3, 0xb3, 0x8b, 0xb8, 0x9c, 
	0x8b, 0x9b, 0x95, 0xb2, 0x9d, 0xab, 0xac, 0x95, 
	0x85, 0x96, 0x99, 0x92, 0x89, 0xa0, 0x9d, 0xb0, 
	0xa8, 0x8b, 0xb4, 0xb8, 0xa4, 0x9c, 0xa8, 0xa4, 
	0xaa, 0xa6, 0xb6, 0xaa, 0xad, 0xb5, 0xb3, 0xac, 
	0xaf, 0x82, 0x71, 0x92, 0x91, 0x9c, 0x86, 0x79, 
	0x85, 0x81, 0x79, 0xad, 0x9f, 0x96, 0x80, 0x91, 
	0xb4, 0xb2, 0x96, 0x9e, 0xaa, 0xac, 0xaf, 0xad, 
	0x7e, 0xa8, 0x9b, 0x9d, 0xb0, 0x90, 0xb6, 0xb5, 
	0xa5, 0xb9, 0xb4, 0xaa, 0x9e, 0x86, 0x84, 0x8f, 
	0xb1, 0xab, 0xa5, 0xac, 0x8d, 0x9b, 0x81, 0x97, 
	0x8c, 0x95, 0xb7, 0xb7, 0x97, 0x98, 0xaa, 0xa5, 
	0xa8, 0x8b, 0xae, 0xa9, 0xad, 0xb2, 0xb3, 0xad, 
	0xb2, 0x8a, 0xaa, 0x98, 0xaf, 0xa6, 0x78, 0xab, 
	0xa2, 0x9b, 0x80, 0x9a, 0xab, 0xa7, 0x84, 0x97, 
	0x8f, 0x89, 0x93, 0x89, 0xa5, 0xa0, 0xa1, 0x89, 
	0x9c, 0xb3, 0xaa, 0xae, 0xa6, 0xa7, 0xb8, 0xa6, 
	0xb6, 0xb9, 0xb4, 0xaa, 0x9e, 0x8c, 0x81, 0xa9, 
	0xae, 0xb3, 0xac, 0xb0, 0x84, 0x88, 0xa9, 0xa2, 
	0xa8, 0x9c, 0x93, 0x97, 0x8b, 0x8c, 0xa7, 0xab, 
	0x95, 0x98, 0x95, 0x8d, 0xa7, 0xac, 0xad, 0xb1, 
	0x99, 0x8d, 0xb1, 0xa2, 0xa3, 0xa1, 0x8e, 0x8e, 
	0xa4, 0x92, 0x9d, 0x9f, 0x8c, 0x7f, 0xa0, 0xb3, 
	0xb3, 0xac, 0xaf, 0x7f, 0x7d, 0x9d, 0xa9, 0x96, 
	0xab, 0xb0, 0xb4, 0xb9, 0xb9, 0xac, 0xb1, 0x8c, 
	0x9e, 0xad, 0x92, 0x7e, 0x78, 0xa1, 0xa4, 0x92, 
	0xad, 0xb0, 0xb1, 0x92, 0x87, 0xb5, 0xbb, 0xa7, 
	0xa4, 0xa1, 0x87, 0xae, 0xa7, 0x8b, 0x7a, 0x8c, 
	0x97, 0xae, 0xb3, 0xb1, 0x86, 0x9e, 0xa6, 0x97, 
	0x81, 0xaf, 0xaf, 0xad, 0xb7, 0xa8, 0xaf, 0xae, 
	0x83, 0x8c, 0x89, 0xab, 0x93, 0x8b, 0xac, 0xad, 
	0xb0, 0xad, 0xa2, 0x93, 0x9e, 0x9a, 0xb3, 0xb0, 
	0x96, 0xac, 0xb4, 0xb9, 0xb9, 0xa6, 0xa8, 0x95, 
	0x90, 0x84, 0x99, 0x80, 0x79, 0x89, 0xb0, 0x8c, 
	0x82, 0x8c, 0x7d, 0x78, 0xac, 0xbb, 0xb5, 0xb7, 
	0xaf, 0x99, 0x86, 0x9d, 0x9d, 0x82, 0xa8, 0xb6, 
	0xa1, 0xab, 0xb0, 0xad, 0xab, 0x73, 0x80, 0x8d, 
	0xa2, 0xb7, 0xac, 0xb9, 0xb9, 0xb9, 0x93, 0x86, 
	0xa3, 0xaf, 0x95, 0x9c, 0xa9, 0xa1, 0x8c, 0xac, 
	0xae, 0xa4, 0x7e, 0x93, 0xb0, 0x9e, 0x99, 0xa1, 
	0x83, 0xa4, 0x98, 0xad, 0xa4, 0x86, 0x96, 0x95, 
	0xb4, 0x98, 0xae, 0xac, 0xa2, 0x9f, 0x8d, 0x81, 
	0x73, 0x81, 0x94, 0xa3, 0xac, 0xb4, 0xba, 0xbb, 
	0xb3, 0xa3, 0x92, 0xb3, 0xb7, 0x9b, 0xbf, 0xb6, 
	0x99, 0xa1, 0xb0, 0xac, 0x8b, 0x7f, 0x8d, 0xa4, 
	0xb4, 0xb4, 0xa9, 0xb7, 0xb9, 0xb6, 0x81, 0xa2, 
	0xa5, 0xac, 0xb5, 0xba, 0xb6, 0xb9, 0x91, 0x72, 
	0x71, 0x7c, 0xa7, 0xa0, 0xae, 0x9c, 0xae, 0x9e, 
	0x97, 0x89, 0x77, 0x83, 0x80, 0xaf, 0xb4, 0xa8, 
	0xad, 0x99, 0xae, 0xb3, 0xb3, 0xac, 0xa6, 0x83, 
	0x7c, 0x82, 0x89, 0x89, 0x80, 0xb0, 0xb7, 0xb4, 
	0xb2, 0x94, 0xa1, 0xb7, 0xae, 0x9d, 0xb8, 0xb5, 
	0xb8, 0x84, 0x71, 0x73, 0x8a, 0x9e, 0xba, 0x97, 
	0x9c, 0xa3, 0x98, 0x8d, 0xa2, 0x8b, 0x8e, 0x99, 
	0xad, 0xa4, 0x9e, 0xb5, 0xb6, 0xb7, 0xb2, 0x94, 
	0x82, 0xb2, 0xb8, 0x94, 0x9b, 0xb8, 0xb9, 0xb8, 
	0x93, 0xa5, 0x81, 0x78, 0x78, 0x9d, 0x9e, 0xa1, 
	0xa8, 0x97, 0xad, 0xb2, 0xb2, 0xb1, 0xa0, 0x93, 
	0xac, 0x9c, 0xab, 0x9d, 0x74, 0x85, 0xab, 0xae, 
	0x93, 0x7b, 0x84, 0x8d, 0x96, 0x9b, 0xb1, 0xb4, 
	0xb6, 0xb1, 0x91, 0x80, 0xb0, 0xaf, 0xa4, 0xaf, 
	0x86, 0x95, 0xab, 0x9e, 0x8a, 0xa3, 0xb3, 0x8a, 
	0x7e, 0x8c, 0x96, 0xaa, 0xb4, 0xb4, 0xb2, 0x94, 
	0x92, 0xaa, 0x9f, 0x82, 0x99, 0xab, 0xa2, 0xb8, 
	0x90, 0xb0, 0x88, 0x71, 0x89, 0xb2, 0xaa, 0x87, 
	
};

Gfx ccm_dl_NewGrass_i4_aligner[] = {gsSPEndDisplayList()};
u8 ccm_dl_NewGrass_i4[] = {
	0x65, 0x55, 0x44, 0x54, 0x43, 0x55, 0x65, 0x55, 
	0x33, 0x33, 0x33, 0x33, 0x44, 0x53, 0x35, 0x56, 
	0x35, 0x65, 0x54, 0x44, 0x45, 0x44, 0x55, 0x55, 
	0x44, 0x43, 0x34, 0x44, 0x44, 0x44, 0x44, 0x55, 
	0x56, 0x55, 0x55, 0x55, 0x44, 0x65, 0x55, 0x54, 
	0x34, 0x33, 0x33, 0x44, 0x44, 0x44, 0x44, 0x55, 
	0x44, 0x55, 0x44, 0x44, 0x55, 0x54, 0x44, 0x55, 
	0x44, 0x33, 0x44, 0x45, 0x33, 0x33, 0x43, 0x55, 
	0x55, 0x55, 0x55, 0x55, 0x44, 0x54, 0x65, 0x55, 
	0x33, 0x34, 0x43, 0x34, 0x44, 0x44, 0x44, 0x55, 
	0x64, 0x54, 0x34, 0x45, 0x55, 0x54, 0x44, 0x55, 
	0x44, 0x34, 0x55, 0x34, 0x34, 0x43, 0x44, 0x55, 
	0x65, 0x45, 0x44, 0x65, 0x45, 0x55, 0x55, 0x54, 
	0x33, 0x45, 0x54, 0x34, 0x44, 0x44, 0x55, 0x45, 
	0x55, 0x44, 0x34, 0x45, 0x55, 0x44, 0x34, 0x55, 
	0x44, 0x45, 0x55, 0x65, 0x55, 0x44, 0x44, 0x66, 
	0x64, 0x44, 0x45, 0x65, 0x35, 0x55, 0x55, 0x54, 
	0x33, 0x56, 0x43, 0x43, 0x34, 0x44, 0x55, 0x45, 
	0x55, 0x43, 0x44, 0x44, 0x54, 0x44, 0x44, 0x45, 
	0x54, 0x45, 0x55, 0x65, 0x55, 0x45, 0x65, 0x55, 
	0x54, 0x44, 0x44, 0x54, 0x35, 0x55, 0x54, 0x33, 
	0x44, 0x55, 0x43, 0x34, 0x44, 0x44, 0x45, 0x54, 
	0x55, 0x43, 0x43, 0x45, 0x54, 0x44, 0x44, 0x45, 
	0x54, 0x44, 0x44, 0x44, 0x53, 0x45, 0x55, 0x55, 
	0x34, 0x34, 0x44, 0x54, 0x44, 0x54, 0x43, 0x33, 
	0x45, 0x44, 0x43, 0x43, 0x34, 0x44, 0x55, 0x55, 
	0x54, 0x34, 0x44, 0x44, 0x55, 0x54, 0x44, 0x45, 
	0x55, 0x34, 0x44, 0x45, 0x54, 0x34, 0x44, 0x43, 
	0x44, 0x43, 0x44, 0x45, 0x54, 0x44, 0x43, 0x33, 
	0x44, 0x43, 0x34, 0x43, 0x33, 0x44, 0x45, 0x54, 
	0x44, 0x44, 0x55, 0x55, 0x66, 0x54, 0x44, 0x45, 
	0x54, 0x44, 0x44, 0x45, 0x54, 0x44, 0x44, 0x33, 
	0x33, 0x43, 0x43, 0x45, 0x55, 0x43, 0x33, 0x43, 
	0x44, 0x44, 0x44, 0x45, 0x44, 0x44, 0x35, 0x55, 
	0x44, 0x45, 0x55, 0x55, 0x55, 0x54, 0x44, 0x55, 
	0x54, 0x44, 0x44, 0x45, 0x54, 0x43, 0x44, 0x33, 
	0x43, 0x44, 0x44, 0x44, 0x55, 0x43, 0x34, 0x44, 
	0x44, 0x34, 0x44, 0x45, 0x54, 0x44, 0x44, 0x54, 
	0x44, 0x55, 0x44, 0x44, 0x44, 0x44, 0x44, 0x45, 
	0x45, 0x44, 0x44, 0x44, 0x44, 0x44, 0x34, 0x43, 
	0x43, 0x45, 0x55, 0x54, 0x55, 0x54, 0x34, 0x44, 
	0x44, 0x44, 0x44, 0x45, 0x44, 0x44, 0x44, 0x45, 
	0x55, 0x55, 0x43, 0x44, 0x55, 0x44, 0x34, 0x44, 
	0x55, 0x44, 0x44, 0x54, 0x43, 0x33, 0x43, 0x33, 
	0x43, 0x45, 0x55, 0x44, 0x45, 0x54, 0x34, 0x44, 
	0x55, 0x54, 0x44, 0x44, 0x44, 0x44, 0x44, 0x44, 
	0x45, 0x54, 0x44, 0x34, 0x54, 0x44, 0x44, 0x54, 
	0x45, 0x44, 0x45, 0x54, 0x44, 0x34, 0x34, 0x33, 
	0x44, 0x45, 0x55, 0x44, 0x45, 0x54, 0x44, 0x45, 
	0x55, 0x54, 0x44, 0x44, 0x44, 0x55, 0x44, 0x44, 
	0x44, 0x54, 0x44, 0x44, 0x44, 0x33, 0x44, 0x44, 
	0x44, 0x54, 0x45, 0x54, 0x43, 0x44, 0x44, 0x43, 
	0x34, 0x35, 0x44, 0x34, 0x44, 0x55, 0x43, 0x45, 
	0x55, 0x44, 0x44, 0x44, 0x44, 0x55, 0x54, 0x45, 
	0x54, 0x34, 0x43, 0x44, 0x44, 0x44, 0x44, 0x45, 
	0x54, 0x44, 0x55, 0x54, 0x44, 0x34, 0x44, 0x44, 
	0x33, 0x44, 0x44, 0x44, 0x44, 0x44, 0x44, 0x55, 
	0x55, 0x44, 0x55, 0x44, 0x44, 0x45, 0x54, 0x55, 
	0x54, 0x34, 0x44, 0x45, 0x54, 0x54, 0x45, 0x45, 
	0x54, 0x44, 0x44, 0x54, 0x34, 0x44, 0x34, 0x44, 
	0x33, 0x34, 0x34, 0x34, 0x44, 0x34, 0x44, 0x55, 
	0x55, 0x55, 0x55, 0x44, 0x55, 0x45, 0x65, 0x56, 
	0x64, 0x44, 0x55, 0x55, 0x55, 0x54, 0x44, 0x44, 
	0x54, 0x44, 0x44, 0x54, 0x44, 0x44, 0x33, 0x43, 
	0x33, 0x43, 0x33, 0x44, 0x34, 0x34, 0x44, 0x45, 
	0x45, 0x55, 0x54, 0x34, 0x54, 0x44, 0x55, 0x54, 
	0x54, 0x45, 0x66, 0x66, 0x55, 0x44, 0x44, 0x44, 
	0x44, 0x45, 0x54, 0x44, 0x54, 0x44, 0x33, 0x44, 
	0x43, 0x34, 0x34, 0x43, 0x33, 0x45, 0x44, 0x44, 
	0x44, 0x54, 0x43, 0x34, 0x44, 0x44, 0x56, 0x54, 
	0x43, 0x45, 0x55, 0x55, 0x54, 0x44, 0x44, 0x44, 
	0x44, 0x45, 0x55, 0x44, 0x45, 0x55, 0x44, 0x43, 
	0x34, 0x34, 0x44, 0x54, 0x43, 0x45, 0x54, 0x54, 
	0x44, 0x44, 0x33, 0x34, 0x44, 0x55, 0x55, 0x54, 
	0x34, 0x45, 0x55, 0x44, 0x44, 0x44, 0x33, 0x44, 
	0x45, 0x45, 0x55, 0x44, 0x55, 0x55, 0x44, 0x44, 
	0x55, 0x44, 0x45, 0x54, 0x44, 0x44, 0x45, 0x55, 
	0x44, 0x44, 0x44, 0x44, 0x44, 0x45, 0x55, 0x64, 
	0x44, 0x55, 0x55, 0x44, 0x44, 0x53, 0x34, 0x44, 
	0x54, 0x45, 0x44, 0x44, 0x55, 0x54, 0x43, 0x35, 
	0x55, 0x55, 0x55, 0x54, 0x44, 0x44, 0x55, 0x55, 
	0x55, 0x44, 0x44, 0x44, 0x44, 0x44, 0x45, 0x55, 
	0x44, 0x55, 0x54, 0x45, 0x55, 0x54, 0x43, 0x44, 
	0x44, 0x44, 0x54, 0x54, 0x55, 0x54, 0x43, 0x45, 
	0x54, 0x55, 0x55, 0x54, 0x44, 0x45, 0x55, 0x55, 
	0x44, 0x44, 0x44, 0x44, 0x44, 0x44, 0x44, 0x55, 
	0x55, 0x65, 0x43, 0x45, 0x55, 0x54, 0x43, 0x44, 
	0x44, 0x44, 0x44, 0x44, 0x44, 0x43, 0x33, 0x45, 
	0x44, 0x55, 0x55, 0x55, 0x44, 0x44, 0x44, 0x44, 
	0x44, 0x43, 0x44, 0x34, 0x44, 0x44, 0x44, 0x44, 
	0x55, 0x54, 0x44, 0x44, 0x54, 0x43, 0x44, 0x45, 
	0x54, 0x44, 0x43, 0x33, 0x34, 0x33, 0x33, 0x44, 
	0x34, 0x45, 0x44, 0x55, 0x44, 0x45, 0x54, 0x54, 
	0x43, 0x34, 0x43, 0x44, 0x45, 0x44, 0x44, 0x45, 
	0x45, 0x55, 0x44, 0x55, 0x44, 0x44, 0x44, 0x55, 
	0x54, 0x43, 0x34, 0x33, 0x34, 0x33, 0x44, 0x34, 
	0x33, 0x54, 0x54, 0x45, 0x54, 0x55, 0x54, 0x44, 
	0x34, 0x44, 0x43, 0x44, 0x55, 0x44, 0x44, 0x56, 
	0x55, 0x55, 0x55, 0x55, 0x45, 0x55, 0x55, 0x55, 
	0x54, 0x44, 0x44, 0x44, 0x54, 0x34, 0x44, 0x43, 
	0x34, 0x45, 0x44, 0x45, 0x44, 0x55, 0x55, 0x44, 
	0x34, 0x44, 0x43, 0x34, 0x55, 0x44, 0x44, 0x55, 
	0x65, 0x45, 0x55, 0x65, 0x55, 0x55, 0x45, 0x55, 
	0x65, 0x44, 0x44, 0x55, 0x54, 0x44, 0x44, 0x44, 
	0x44, 0x45, 0x54, 0x44, 0x44, 0x45, 0x55, 0x45, 
	0x44, 0x44, 0x44, 0x45, 0x55, 0x44, 0x56, 0x66, 
	0x54, 0x45, 0x66, 0x65, 0x55, 0x44, 0x55, 0x45, 
	0x55, 0x44, 0x55, 0x55, 0x55, 0x43, 0x44, 0x54, 
	0x44, 0x44, 0x44, 0x44, 0x44, 0x44, 0x65, 0x55, 
	0x54, 0x55, 0x54, 0x45, 0x53, 0x35, 0x55, 0x55, 
	0x43, 0x45, 0x55, 0x55, 0x54, 0x43, 0x44, 0x44, 
	0x55, 0x45, 0x55, 0x55, 0x55, 0x53, 0x44, 0x55, 
	0x54, 0x44, 0x43, 0x34, 0x44, 0x44, 0x45, 0x55, 
	0x55, 0x55, 0x54, 0x44, 0x44, 0x44, 0x44, 0x44, 
	0x33, 0x44, 0x54, 0x43, 0x44, 0x33, 0x44, 0x44, 
	0x44, 0x35, 0x55, 0x55, 0x55, 0x43, 0x34, 0x55, 
	0x55, 0x44, 0x43, 0x43, 0x33, 0x44, 0x55, 0x55, 
	0x55, 0x55, 0x44, 0x45, 0x44, 0x55, 0x44, 0x44, 
	0x44, 0x55, 0x54, 0x34, 0x34, 0x44, 0x43, 0x34, 
	0x34, 0x35, 0x55, 0x54, 0x54, 0x44, 0x44, 0x55, 
	0x44, 0x54, 0x44, 0x33, 0x44, 0x45, 0x55, 0x55, 
	0x55, 0x54, 0x34, 0x45, 0x56, 0x64, 0x45, 0x55, 
	0x44, 0x55, 0x54, 0x34, 0x33, 0x34, 0x45, 0x54, 
	0x43, 0x34, 0x44, 0x44, 0x44, 0x43, 0x44, 0x54, 
	0x44, 0x55, 0x54, 0x34, 0x44, 0x44, 0x45, 0x55, 
	0x45, 0x44, 0x43, 0x45, 0x55, 0x54, 0x44, 0x55, 
	0x55, 0x55, 0x55, 0x53, 0x33, 0x34, 0x55, 0x54, 
	0x33, 0x33, 0x34, 0x44, 0x44, 0x44, 0x44, 0x54, 
	0x45, 0x65, 0x54, 0x44, 0x45, 0x44, 0x55, 0x55, 
	0x44, 0x43, 0x34, 0x44, 0x44, 0x44, 0x44, 0x55, 
	0x65, 0x55, 0x44, 0x54, 0x43, 0x55, 0x65, 0x55, 
	0x33, 0x33, 0x33, 0x33, 0x44, 0x53, 0x35, 0x56, 
	0x44, 0x55, 0x44, 0x44, 0x55, 0x54, 0x44, 0x55, 
	0x44, 0x33, 0x44, 0x45, 0x33, 0x33, 0x43, 0x55, 
	0x56, 0x55, 0x55, 0x55, 0x44, 0x65, 0x55, 0x54, 
	0x34, 0x33, 0x33, 0x44, 0x44, 0x44, 0x44, 0x55, 
	0x64, 0x54, 0x34, 0x45, 0x55, 0x54, 0x44, 0x55, 
	0x44, 0x34, 0x55, 0x34, 0x34, 0x43, 0x44, 0x55, 
	0x55, 0x55, 0x55, 0x55, 0x44, 0x54, 0x65, 0x55, 
	0x33, 0x34, 0x43, 0x34, 0x44, 0x44, 0x44, 0x55, 
	0x55, 0x44, 0x34, 0x45, 0x55, 0x44, 0x34, 0x55, 
	0x44, 0x45, 0x55, 0x65, 0x55, 0x44, 0x44, 0x66, 
	0x65, 0x45, 0x44, 0x65, 0x45, 0x55, 0x55, 0x54, 
	0x33, 0x45, 0x54, 0x34, 0x44, 0x44, 0x55, 0x45, 
	0x55, 0x43, 0x44, 0x44, 0x54, 0x44, 0x44, 0x45, 
	0x54, 0x45, 0x55, 0x65, 0x55, 0x45, 0x65, 0x55, 
	0x64, 0x44, 0x45, 0x65, 0x35, 0x55, 0x55, 0x54, 
	0x33, 0x56, 0x43, 0x43, 0x34, 0x44, 0x55, 0x45, 
	0x55, 0x43, 0x43, 0x45, 0x54, 0x44, 0x44, 0x45, 
	0x54, 0x44, 0x44, 0x44, 0x53, 0x45, 0x55, 0x55, 
	0x54, 0x44, 0x44, 0x54, 0x35, 0x55, 0x54, 0x33, 
	0x44, 0x55, 0x43, 0x34, 0x44, 0x44, 0x45, 0x54, 
	0x54, 0x34, 0x44, 0x44, 0x55, 0x54, 0x44, 0x45, 
	0x55, 0x34, 0x44, 0x45, 0x54, 0x34, 0x44, 0x43, 
	0x34, 0x34, 0x44, 0x54, 0x44, 0x54, 0x43, 0x33, 
	0x45, 0x44, 0x43, 0x43, 0x34, 0x44, 0x55, 0x55, 
	0x44, 0x44, 0x55, 0x55, 0x66, 0x54, 0x44, 0x45, 
	0x54, 0x44, 0x44, 0x45, 0x54, 0x44, 0x44, 0x33, 
	0x44, 0x43, 0x44, 0x45, 0x54, 0x44, 0x43, 0x33, 
	0x44, 0x43, 0x34, 0x43, 0x33, 0x44, 0x45, 0x54, 
	0x44, 0x45, 0x55, 0x55, 0x55, 0x54, 0x44, 0x55, 
	0x54, 0x44, 0x44, 0x45, 0x54, 0x43, 0x44, 0x33, 
	0x33, 0x43, 0x43, 0x45, 0x55, 0x43, 0x33, 0x43, 
	0x44, 0x44, 0x44, 0x45, 0x44, 0x44, 0x35, 0x55, 
	0x44, 0x55, 0x44, 0x44, 0x44, 0x44, 0x44, 0x45, 
	0x45, 0x44, 0x44, 0x44, 0x44, 0x44, 0x34, 0x43, 
	0x43, 0x44, 0x44, 0x44, 0x55, 0x43, 0x34, 0x44, 
	0x44, 0x34, 0x44, 0x45, 0x54, 0x44, 0x44, 0x54, 
	0x55, 0x55, 0x43, 0x44, 0x55, 0x44, 0x34, 0x44, 
	0x55, 0x44, 0x44, 0x54, 0x43, 0x33, 0x43, 0x33, 
	0x43, 0x45, 0x55, 0x54, 0x55, 0x54, 0x34, 0x44, 
	0x44, 0x44, 0x44, 0x45, 0x44, 0x44, 0x44, 0x45, 
	0x45, 0x54, 0x44, 0x34, 0x54, 0x44, 0x44, 0x54, 
	0x45, 0x44, 0x45, 0x54, 0x44, 0x34, 0x34, 0x33, 
	0x43, 0x45, 0x55, 0x44, 0x45, 0x54, 0x34, 0x44, 
	0x55, 0x54, 0x44, 0x44, 0x44, 0x44, 0x44, 0x44, 
	0x44, 0x54, 0x44, 0x44, 0x44, 0x33, 0x44, 0x44, 
	0x44, 0x54, 0x45, 0x54, 0x43, 0x44, 0x44, 0x43, 
	0x44, 0x45, 0x55, 0x44, 0x45, 0x54, 0x44, 0x45, 
	0x55, 0x54, 0x44, 0x44, 0x44, 0x55, 0x44, 0x44, 
	0x54, 0x34, 0x43, 0x44, 0x44, 0x44, 0x44, 0x45, 
	0x54, 0x44, 0x55, 0x54, 0x44, 0x34, 0x44, 0x44, 
	0x34, 0x35, 0x44, 0x34, 0x44, 0x55, 0x43, 0x45, 
	0x55, 0x44, 0x44, 0x44, 0x44, 0x55, 0x54, 0x45, 
	0x54, 0x34, 0x44, 0x45, 0x54, 0x54, 0x45, 0x45, 
	0x54, 0x44, 0x44, 0x54, 0x34, 0x44, 0x34, 0x44, 
	0x33, 0x44, 0x44, 0x44, 0x44, 0x44, 0x44, 0x55, 
	0x55, 0x44, 0x55, 0x44, 0x44, 0x45, 0x54, 0x55, 
	0x64, 0x44, 0x55, 0x55, 0x55, 0x54, 0x44, 0x44, 
	0x54, 0x44, 0x44, 0x54, 0x44, 0x44, 0x33, 0x43, 
	0x33, 0x34, 0x34, 0x34, 0x44, 0x34, 0x44, 0x55, 
	0x55, 0x55, 0x55, 0x44, 0x55, 0x45, 0x65, 0x56, 
	0x54, 0x45, 0x66, 0x66, 0x55, 0x44, 0x44, 0x44, 
	0x44, 0x45, 0x54, 0x44, 0x54, 0x44, 0x33, 0x44, 
	0x33, 0x43, 0x33, 0x44, 0x34, 0x34, 0x44, 0x45, 
	0x45, 0x55, 0x54, 0x34, 0x54, 0x44, 0x55, 0x54, 
	0x43, 0x45, 0x55, 0x55, 0x54, 0x44, 0x44, 0x44, 
	0x44, 0x45, 0x55, 0x44, 0x45, 0x55, 0x44, 0x43, 
	0x43, 0x34, 0x34, 0x43, 0x33, 0x45, 0x44, 0x44, 
	0x44, 0x54, 0x43, 0x34, 0x44, 0x44, 0x56, 0x54, 
	0x34, 0x45, 0x55, 0x44, 0x44, 0x44, 0x33, 0x44, 
	0x45, 0x45, 0x55, 0x44, 0x55, 0x55, 0x44, 0x44, 
	0x34, 0x34, 0x44, 0x54, 0x43, 0x45, 0x54, 0x54, 
	0x44, 0x44, 0x33, 0x34, 0x44, 0x55, 0x55, 0x54, 
	0x44, 0x55, 0x55, 0x44, 0x44, 0x53, 0x34, 0x44, 
	0x54, 0x45, 0x44, 0x44, 0x55, 0x54, 0x43, 0x35, 
	0x55, 0x44, 0x45, 0x54, 0x44, 0x44, 0x45, 0x55, 
	0x44, 0x44, 0x44, 0x44, 0x44, 0x45, 0x55, 0x64, 
	0x44, 0x55, 0x54, 0x45, 0x55, 0x54, 0x43, 0x44, 
	0x44, 0x44, 0x54, 0x54, 0x55, 0x54, 0x43, 0x45, 
	0x55, 0x55, 0x55, 0x54, 0x44, 0x44, 0x55, 0x55, 
	0x55, 0x44, 0x44, 0x44, 0x44, 0x44, 0x45, 0x55, 
	0x55, 0x65, 0x43, 0x45, 0x55, 0x54, 0x43, 0x44, 
	0x44, 0x44, 0x44, 0x44, 0x44, 0x43, 0x33, 0x45, 
	0x54, 0x55, 0x55, 0x54, 0x44, 0x45, 0x55, 0x55, 
	0x44, 0x44, 0x44, 0x44, 0x44, 0x44, 0x44, 0x55, 
	0x55, 0x54, 0x44, 0x44, 0x54, 0x43, 0x44, 0x45, 
	0x54, 0x44, 0x43, 0x33, 0x34, 0x33, 0x33, 0x44, 
	0x44, 0x55, 0x55, 0x55, 0x44, 0x44, 0x44, 0x44, 
	0x44, 0x43, 0x44, 0x34, 0x44, 0x44, 0x44, 0x44, 
	0x45, 0x55, 0x44, 0x55, 0x44, 0x44, 0x44, 0x55, 
	0x54, 0x43, 0x34, 0x33, 0x34, 0x33, 0x44, 0x34, 
	0x34, 0x45, 0x44, 0x55, 0x44, 0x45, 0x54, 0x54, 
	0x43, 0x34, 0x43, 0x44, 0x45, 0x44, 0x44, 0x45, 
	0x55, 0x55, 0x55, 0x55, 0x45, 0x55, 0x55, 0x55, 
	0x54, 0x44, 0x44, 0x44, 0x54, 0x34, 0x44, 0x43, 
	0x33, 0x54, 0x54, 0x45, 0x54, 0x55, 0x54, 0x44, 
	0x34, 0x44, 0x43, 0x44, 0x55, 0x44, 0x44, 0x56, 
	0x65, 0x45, 0x55, 0x65, 0x55, 0x55, 0x45, 0x55, 
	0x65, 0x44, 0x44, 0x55, 0x54, 0x44, 0x44, 0x44, 
	0x34, 0x45, 0x44, 0x45, 0x44, 0x55, 0x55, 0x44, 
	0x34, 0x44, 0x43, 0x34, 0x55, 0x44, 0x44, 0x55, 
	0x54, 0x45, 0x66, 0x65, 0x55, 0x44, 0x55, 0x45, 
	0x55, 0x44, 0x55, 0x55, 0x55, 0x43, 0x44, 0x54, 
	0x44, 0x45, 0x54, 0x44, 0x44, 0x45, 0x55, 0x45, 
	0x44, 0x44, 0x44, 0x45, 0x55, 0x44, 0x56, 0x66, 
	0x43, 0x45, 0x55, 0x55, 0x54, 0x43, 0x44, 0x44, 
	0x55, 0x45, 0x55, 0x55, 0x55, 0x53, 0x44, 0x55, 
	0x44, 0x44, 0x44, 0x44, 0x44, 0x44, 0x65, 0x55, 
	0x54, 0x55, 0x54, 0x45, 0x53, 0x35, 0x55, 0x55, 
	0x33, 0x44, 0x54, 0x43, 0x44, 0x33, 0x44, 0x44, 
	0x44, 0x35, 0x55, 0x55, 0x55, 0x43, 0x34, 0x55, 
	0x54, 0x44, 0x43, 0x34, 0x44, 0x44, 0x45, 0x55, 
	0x55, 0x55, 0x54, 0x44, 0x44, 0x44, 0x44, 0x44, 
	0x44, 0x55, 0x54, 0x34, 0x34, 0x44, 0x43, 0x34, 
	0x34, 0x35, 0x55, 0x54, 0x54, 0x44, 0x44, 0x55, 
	0x55, 0x44, 0x43, 0x43, 0x33, 0x44, 0x55, 0x55, 
	0x55, 0x55, 0x44, 0x45, 0x44, 0x55, 0x44, 0x44, 
	0x44, 0x55, 0x54, 0x34, 0x33, 0x34, 0x45, 0x54, 
	0x43, 0x34, 0x44, 0x44, 0x44, 0x43, 0x44, 0x54, 
	0x44, 0x54, 0x44, 0x33, 0x44, 0x45, 0x55, 0x55, 
	0x55, 0x54, 0x34, 0x45, 0x56, 0x64, 0x45, 0x55, 
	0x55, 0x55, 0x55, 0x53, 0x33, 0x34, 0x55, 0x54, 
	0x33, 0x33, 0x34, 0x44, 0x44, 0x44, 0x44, 0x54, 
	0x44, 0x55, 0x54, 0x34, 0x44, 0x44, 0x45, 0x55, 
	0x45, 0x44, 0x43, 0x45, 0x55, 0x54, 0x44, 0x55, 
	
};

Gfx ccm_dl_greyface_64x64__CRUELTY_SQUAD__i4_aligner[] = {gsSPEndDisplayList()};
u8 ccm_dl_greyface_64x64__CRUELTY_SQUAD__i4[] = {
	0x53, 0x45, 0x88, 0x89, 0x97, 0x89, 0x98, 0x97, 
	0x88, 0x98, 0x99, 0x99, 0x99, 0x89, 0x99, 0x88, 
	0x88, 0x99, 0x88, 0x67, 0x88, 0x87, 0x98, 0x89, 
	0x99, 0x89, 0x99, 0xba, 0x88, 0x99, 0x84, 0x67, 
	0x66, 0x77, 0x89, 0x8b, 0x99, 0x99, 0x99, 0x99, 
	0x99, 0x98, 0xb9, 0x99, 0x99, 0x98, 0x99, 0x99, 
	0x88, 0x88, 0x69, 0x67, 0x99, 0x77, 0x89, 0x99, 
	0x99, 0xb9, 0x99, 0xbb, 0x99, 0x96, 0x81, 0x36, 
	0x66, 0x89, 0x99, 0x99, 0xaa, 0xbb, 0x99, 0x99, 
	0x89, 0x89, 0xb9, 0x99, 0x99, 0xa9, 0x97, 0xab, 
	0x89, 0x86, 0x99, 0x88, 0x99, 0x99, 0x98, 0xaa, 
	0xa8, 0x99, 0x98, 0x99, 0x97, 0x97, 0x96, 0x75, 
	0x69, 0x99, 0x99, 0x99, 0x88, 0x8a, 0x99, 0x99, 
	0xb9, 0xb9, 0xb9, 0x99, 0x99, 0x99, 0x99, 0xa8, 
	0x98, 0x67, 0x98, 0x87, 0x89, 0x89, 0x99, 0xaa, 
	0xbb, 0x89, 0x98, 0x99, 0xb9, 0x99, 0x69, 0x77, 
	0x56, 0x99, 0x99, 0xa8, 0x89, 0x88, 0x89, 0x88, 
	0xa9, 0x99, 0x89, 0xb8, 0x89, 0x99, 0x99, 0x89, 
	0x98, 0x79, 0x89, 0x79, 0x89, 0x99, 0x99, 0xaa, 
	0x99, 0x99, 0xaa, 0x9a, 0x98, 0x88, 0x97, 0x46, 
	0x68, 0x8b, 0xbb, 0xaa, 0x99, 0x98, 0x88, 0x89, 
	0x99, 0x99, 0x99, 0x89, 0x9b, 0x88, 0x88, 0xa8, 
	0x88, 0x96, 0x66, 0x77, 0x89, 0x99, 0x98, 0xaa, 
	0x99, 0x99, 0xaa, 0xb9, 0xb9, 0x98, 0x67, 0x48, 
	0x66, 0xbb, 0xaa, 0xb9, 0x88, 0x88, 0x88, 0x89, 
	0x99, 0x88, 0x88, 0xb9, 0x8a, 0x75, 0x97, 0x99, 
	0x77, 0x87, 0x77, 0x86, 0x67, 0x85, 0x76, 0x88, 
	0xa9, 0x99, 0x99, 0x89, 0x99, 0x79, 0x98, 0x24, 
	0x16, 0x8b, 0xaa, 0x99, 0x88, 0x88, 0x99, 0x99, 
	0x88, 0x88, 0x88, 0x99, 0x88, 0x57, 0x88, 0x97, 
	0x77, 0x77, 0x75, 0x55, 0x56, 0x89, 0x99, 0x9a, 
	0x99, 0xb9, 0x99, 0x89, 0x88, 0x65, 0x55, 0x42, 
	0x55, 0x9a, 0x9b, 0x99, 0x88, 0x79, 0x88, 0x78, 
	0x89, 0x99, 0x99, 0x79, 0x76, 0x86, 0x95, 0x88, 
	0x77, 0x88, 0x86, 0x77, 0x57, 0x66, 0x77, 0x98, 
	0x89, 0xbb, 0xac, 0x98, 0x97, 0x87, 0x66, 0x74, 
	0x57, 0x98, 0x8b, 0x99, 0x99, 0x89, 0x99, 0x88, 
	0x88, 0x99, 0x97, 0x57, 0x76, 0x85, 0x77, 0x95, 
	0xbb, 0x88, 0x97, 0x77, 0x58, 0x88, 0x79, 0x89, 
	0xb8, 0x9a, 0xaa, 0x98, 0x97, 0x88, 0x77, 0x67, 
	0x48, 0x89, 0x9b, 0x98, 0x99, 0x98, 0x88, 0x77, 
	0x46, 0x48, 0x78, 0x74, 0x78, 0x76, 0x57, 0x59, 
	0xaa, 0xb9, 0x96, 0x46, 0x44, 0x52, 0x69, 0x79, 
	0x68, 0x99, 0x99, 0xb8, 0x89, 0x75, 0x75, 0x77, 
	0x48, 0x88, 0x99, 0x89, 0x99, 0x89, 0x88, 0x77, 
	0x82, 0x46, 0x54, 0x47, 0x67, 0x77, 0x58, 0x99, 
	0x8b, 0xa9, 0x98, 0x99, 0x64, 0x55, 0x44, 0x37, 
	0x36, 0x88, 0x88, 0x98, 0x99, 0x77, 0x77, 0x87, 
	0x66, 0x99, 0x99, 0x89, 0x99, 0x98, 0x77, 0x63, 
	0x20, 0x32, 0x03, 0x20, 0x47, 0x77, 0x56, 0x99, 
	0xa8, 0x99, 0x86, 0x44, 0x22, 0x33, 0x33, 0x22, 
	0x52, 0x17, 0x79, 0xba, 0x9b, 0x89, 0x73, 0x56, 
	0x68, 0x88, 0x88, 0x89, 0x99, 0x89, 0x87, 0x30, 
	0x24, 0x53, 0x55, 0x42, 0x24, 0x47, 0x85, 0x95, 
	0x88, 0x79, 0x63, 0x62, 0x20, 0x02, 0x08, 0x22, 
	0x00, 0x33, 0x47, 0xab, 0x98, 0x99, 0x77, 0x63, 
	0x68, 0x89, 0x88, 0x99, 0x88, 0x88, 0x84, 0x31, 
	0x25, 0x47, 0x99, 0x75, 0x00, 0x16, 0x75, 0x75, 
	0x59, 0x77, 0x73, 0x62, 0x20, 0x00, 0x35, 0x75, 
	0x11, 0x25, 0x17, 0x89, 0x9b, 0x98, 0x86, 0x74, 
	0x46, 0x98, 0x99, 0x99, 0x98, 0x88, 0x84, 0x30, 
	0x20, 0x79, 0x89, 0x97, 0x35, 0x48, 0x65, 0x57, 
	0x75, 0x77, 0x73, 0x42, 0x00, 0x22, 0x11, 0x77, 
	0x94, 0x22, 0x37, 0x99, 0x88, 0xb9, 0x96, 0x57, 
	0x68, 0x77, 0x99, 0x89, 0x99, 0x99, 0x22, 0x00, 
	0x02, 0x79, 0x99, 0x99, 0x41, 0x07, 0x35, 0x76, 
	0x53, 0x56, 0x82, 0x32, 0x22, 0x10, 0x33, 0x99, 
	0x99, 0x63, 0x24, 0x69, 0x98, 0x99, 0x99, 0x68, 
	0x14, 0x58, 0x89, 0x89, 0x88, 0x88, 0x50, 0x21, 
	0x03, 0x47, 0x99, 0x99, 0x11, 0x05, 0x75, 0x45, 
	0x65, 0x44, 0x44, 0x56, 0x20, 0x21, 0x39, 0x99, 
	0x99, 0x63, 0x45, 0x66, 0x99, 0xa9, 0x98, 0x66, 
	0x65, 0x78, 0x79, 0x99, 0xb9, 0x85, 0x48, 0x30, 
	0x24, 0x87, 0x99, 0x99, 0x92, 0x15, 0x55, 0x66, 
	0x75, 0x85, 0x37, 0x76, 0x33, 0x33, 0x59, 0x99, 
	0x99, 0x87, 0x46, 0x6b, 0x9b, 0xb9, 0x99, 0x79, 
	0x56, 0x57, 0x77, 0x99, 0xb9, 0x95, 0x68, 0x96, 
	0x79, 0x98, 0x99, 0x99, 0x97, 0x37, 0x55, 0x67, 
	0x55, 0x85, 0x44, 0x47, 0x69, 0x99, 0x77, 0x99, 
	0x99, 0x87, 0x47, 0x38, 0x9b, 0xbb, 0x99, 0x99, 
	0x66, 0x79, 0x99, 0xab, 0xba, 0x75, 0x66, 0x69, 
	0x99, 0x99, 0x99, 0x99, 0x72, 0x55, 0x76, 0x78, 
	0x66, 0x95, 0x36, 0x69, 0x88, 0x99, 0x9b, 0x99, 
	0x9b, 0x99, 0x75, 0x88, 0xb7, 0xb8, 0x88, 0x86, 
	0x46, 0x55, 0x89, 0x99, 0xab, 0x99, 0x77, 0x66, 
	0x9a, 0x99, 0x99, 0x99, 0x44, 0x56, 0x66, 0x57, 
	0x79, 0x68, 0x36, 0x67, 0x98, 0x99, 0xb9, 0x99, 
	0xaa, 0x99, 0x79, 0x96, 0xbb, 0x9b, 0x87, 0x87, 
	0x47, 0x66, 0x79, 0xaa, 0xb9, 0xbb, 0x86, 0x67, 
	0x89, 0xaa, 0x65, 0x77, 0x76, 0x66, 0x55, 0x87, 
	0x78, 0x98, 0x51, 0x79, 0x99, 0x99, 0x99, 0x99, 
	0x66, 0x57, 0x55, 0xbb, 0xb9, 0x98, 0xb9, 0x77, 
	0x77, 0x68, 0x99, 0xab, 0xa9, 0x88, 0xb6, 0x56, 
	0x98, 0xaa, 0x65, 0x57, 0x76, 0x65, 0x76, 0x88, 
	0x67, 0x99, 0x55, 0x73, 0x99, 0x99, 0x99, 0x99, 
	0x46, 0x44, 0x79, 0xbb, 0xb9, 0x89, 0x66, 0x77, 
	0x35, 0x45, 0x77, 0x99, 0xab, 0x88, 0x99, 0x99, 
	0x77, 0x57, 0x85, 0x77, 0x76, 0x77, 0x78, 0x98, 
	0x8b, 0xbb, 0x88, 0x55, 0x86, 0x46, 0x66, 0x67, 
	0x36, 0x35, 0x59, 0xbb, 0xb9, 0x99, 0x74, 0x73, 
	0x15, 0x55, 0x77, 0x8b, 0xb9, 0xba, 0x99, 0x98, 
	0x77, 0x77, 0x88, 0x66, 0x77, 0x57, 0x87, 0x88, 
	0x89, 0x9b, 0x82, 0x66, 0x57, 0x55, 0x88, 0x67, 
	0x88, 0x66, 0x66, 0xaa, 0xb9, 0x88, 0x44, 0x73, 
	0x13, 0x85, 0x38, 0x9a, 0x8c, 0x89, 0x98, 0x98, 
	0x88, 0x88, 0x88, 0x88, 0x76, 0x65, 0x88, 0x77, 
	0x99, 0xbb, 0xb3, 0x35, 0x75, 0x64, 0x77, 0x67, 
	0x88, 0x76, 0x88, 0xbb, 0x9b, 0x57, 0x37, 0x66, 
	0x55, 0x83, 0x55, 0x99, 0x87, 0x99, 0x89, 0x99, 
	0x88, 0x88, 0x88, 0x88, 0x77, 0x77, 0x53, 0x77, 
	0x99, 0xbb, 0xb8, 0x36, 0x53, 0x35, 0x77, 0x68, 
	0x88, 0x88, 0x67, 0x7b, 0x75, 0x67, 0x57, 0x42, 
	0x64, 0x67, 0x85, 0x57, 0x89, 0x99, 0x99, 0x88, 
	0x88, 0x88, 0x88, 0x88, 0x88, 0x77, 0x76, 0x88, 
	0x89, 0xab, 0x9b, 0x94, 0x75, 0x53, 0x63, 0x98, 
	0x88, 0x88, 0x88, 0x87, 0x53, 0x33, 0x77, 0x64, 
	0x27, 0x67, 0x88, 0x57, 0x96, 0x89, 0x99, 0x88, 
	0x88, 0x88, 0x88, 0x88, 0x88, 0x77, 0x76, 0x75, 
	0x98, 0xab, 0xbb, 0xb9, 0x75, 0x37, 0x34, 0x98, 
	0x98, 0x88, 0x88, 0x88, 0x53, 0x56, 0x35, 0x44, 
	0x55, 0x57, 0x53, 0x47, 0x77, 0x99, 0x88, 0x88, 
	0x88, 0x88, 0x88, 0x77, 0x66, 0x66, 0x78, 0x89, 
	0x98, 0x99, 0xbb, 0x9b, 0x95, 0x66, 0x75, 0x98, 
	0x98, 0x99, 0x99, 0x88, 0x57, 0x63, 0x53, 0x55, 
	0x45, 0x11, 0x53, 0x63, 0x67, 0x89, 0x99, 0x88, 
	0x88, 0x88, 0x88, 0x67, 0x66, 0x77, 0x89, 0x99, 
	0x89, 0xab, 0xbb, 0xbb, 0x97, 0x47, 0x78, 0x99, 
	0x89, 0xab, 0x99, 0x89, 0x57, 0x66, 0x38, 0x45, 
	0x37, 0x51, 0x68, 0x78, 0x85, 0x68, 0x99, 0x99, 
	0x88, 0x88, 0x88, 0x56, 0x77, 0x88, 0x89, 0x9b, 
	0x98, 0xab, 0xca, 0x9a, 0x77, 0x37, 0x88, 0x99, 
	0x99, 0x99, 0x98, 0x99, 0x98, 0x79, 0x73, 0x64, 
	0x35, 0x75, 0x88, 0x85, 0x77, 0x77, 0x89, 0x89, 
	0x78, 0x88, 0x88, 0x66, 0x77, 0x89, 0x99, 0x9a, 
	0x99, 0x8a, 0xaa, 0x9b, 0x99, 0x57, 0x99, 0x99, 
	0x99, 0x99, 0x99, 0x99, 0x89, 0x99, 0x55, 0x46, 
	0x55, 0x67, 0x77, 0x77, 0x77, 0x88, 0x89, 0x99, 
	0x98, 0x88, 0x66, 0x74, 0x78, 0x99, 0x99, 0x88, 
	0x44, 0x46, 0x99, 0x77, 0x66, 0x68, 0x88, 0x89, 
	0x8a, 0x99, 0x98, 0x88, 0x89, 0x99, 0x77, 0x65, 
	0x15, 0x76, 0x87, 0x87, 0x88, 0x88, 0x89, 0x89, 
	0x79, 0x88, 0x76, 0x77, 0x97, 0x99, 0x88, 0x82, 
	0x42, 0x22, 0x53, 0x33, 0x26, 0x38, 0x99, 0x98, 
	0xb8, 0x99, 0x98, 0x88, 0x98, 0x89, 0x67, 0x56, 
	0x55, 0x99, 0x28, 0x88, 0x88, 0x88, 0x98, 0x89, 
	0x98, 0x88, 0x77, 0x89, 0x8b, 0xa9, 0x88, 0x87, 
	0x53, 0x13, 0x32, 0x34, 0x26, 0x69, 0x8b, 0x89, 
	0xb9, 0x99, 0x98, 0x99, 0x98, 0x99, 0x96, 0x64, 
	0x73, 0x77, 0x86, 0x88, 0x45, 0x88, 0x88, 0x89, 
	0x97, 0x89, 0x88, 0x99, 0x89, 0x98, 0x89, 0x75, 
	0x33, 0x11, 0x02, 0x54, 0x74, 0x99, 0x8a, 0x99, 
	0x99, 0x99, 0x89, 0x98, 0x88, 0x99, 0x99, 0x67, 
	0x68, 0x99, 0x98, 0x86, 0x68, 0x66, 0x79, 0x99, 
	0x99, 0x99, 0x89, 0x9a, 0x98, 0x99, 0x99, 0x53, 
	0x02, 0x10, 0x00, 0x24, 0x59, 0x98, 0x88, 0xaa, 
	0xaa, 0x89, 0x98, 0x88, 0x88, 0xa9, 0x99, 0x97, 
	0x66, 0x79, 0x98, 0x87, 0x88, 0x88, 0x79, 0x98, 
	0x87, 0xb8, 0x99, 0x99, 0xb9, 0x99, 0x99, 0x53, 
	0x02, 0x00, 0x10, 0x26, 0x57, 0xa8, 0x99, 0x99, 
	0xa8, 0x99, 0x99, 0x88, 0x88, 0x98, 0x99, 0x94, 
	0x47, 0x89, 0x99, 0x73, 0x99, 0x77, 0x69, 0x89, 
	0x99, 0x99, 0x88, 0xaa, 0xa8, 0x99, 0x99, 0x71, 
	0x02, 0x11, 0x20, 0x25, 0x99, 0x9a, 0x99, 0x9a, 
	0x98, 0x98, 0x77, 0x63, 0x86, 0x8b, 0x99, 0x87, 
	0x47, 0x89, 0x98, 0x77, 0x39, 0x99, 0x66, 0x99, 
	0x98, 0x89, 0xa8, 0xa8, 0x98, 0x98, 0x88, 0x53, 
	0x22, 0x22, 0x22, 0x57, 0x99, 0xb9, 0x99, 0xaa, 
	0x98, 0x88, 0x75, 0x58, 0x78, 0x86, 0x99, 0x77, 
	0x49, 0x88, 0x99, 0x99, 0x75, 0x99, 0x88, 0x77, 
	0x99, 0x99, 0x99, 0x99, 0x98, 0x98, 0x98, 0x82, 
	0x22, 0x21, 0x11, 0x36, 0x98, 0xaa, 0xaa, 0x8a, 
	0x98, 0x89, 0x64, 0x24, 0x68, 0x87, 0x98, 0x95, 
	0x49, 0x88, 0x99, 0x99, 0x77, 0x79, 0x98, 0x75, 
	0x97, 0x88, 0x99, 0x98, 0x88, 0x99, 0x99, 0x84, 
	0x20, 0x22, 0x22, 0x36, 0x99, 0x9a, 0xaa, 0xa8, 
	0x99, 0x99, 0x77, 0x24, 0x56, 0x88, 0x89, 0x57, 
	0x46, 0x89, 0x99, 0x99, 0x99, 0x67, 0x88, 0x98, 
	0x67, 0x77, 0x89, 0x99, 0x99, 0x89, 0x98, 0x86, 
	0x60, 0x02, 0x35, 0x99, 0x99, 0x98, 0x98, 0x88, 
	0x89, 0x88, 0x77, 0x24, 0x66, 0x88, 0x89, 0x76, 
	0x48, 0x99, 0x99, 0x99, 0x98, 0x77, 0x77, 0x98, 
	0x75, 0x67, 0x88, 0x99, 0x89, 0x89, 0x99, 0x88, 
	0x63, 0x23, 0x88, 0x79, 0x98, 0x89, 0x98, 0x89, 
	0x98, 0x88, 0x77, 0x24, 0x88, 0x88, 0x88, 0x86, 
	0x68, 0x89, 0x89, 0x99, 0x88, 0x99, 0x98, 0x99, 
	0x98, 0x77, 0x44, 0x77, 0x66, 0x87, 0x77, 0x77, 
	0x77, 0x77, 0x77, 0x66, 0x79, 0x97, 0x86, 0x75, 
	0x87, 0x64, 0x30, 0x33, 0x66, 0x88, 0x99, 0x44, 
	0x48, 0x98, 0x98, 0x99, 0x88, 0x99, 0x99, 0x99, 
	0x99, 0x77, 0x26, 0x33, 0x64, 0x73, 0x77, 0x75, 
	0x48, 0x47, 0x47, 0x58, 0x73, 0x77, 0x88, 0x77, 
	0x77, 0x46, 0x35, 0x77, 0x66, 0x99, 0x97, 0x72, 
	0x77, 0x99, 0x89, 0x98, 0x88, 0x89, 0x99, 0x88, 
	0x88, 0x89, 0x77, 0x37, 0x88, 0x77, 0x46, 0x88, 
	0x99, 0x88, 0x87, 0x77, 0x66, 0x86, 0x77, 0x83, 
	0x87, 0x37, 0x88, 0x77, 0x88, 0x89, 0x99, 0x64, 
	0x49, 0x99, 0x99, 0x88, 0x88, 0x88, 0x89, 0x88, 
	0x88, 0x89, 0x88, 0x88, 0x88, 0x78, 0x86, 0x78, 
	0x88, 0x88, 0x77, 0x77, 0x42, 0x56, 0x46, 0x55, 
	0x37, 0x78, 0x88, 0x77, 0x88, 0x99, 0x99, 0x64, 
	0x49, 0x99, 0x98, 0x88, 0x89, 0x99, 0x88, 0x98, 
	0x88, 0x89, 0x88, 0x88, 0x88, 0x84, 0x57, 0x63, 
	0x53, 0x33, 0x13, 0x44, 0x32, 0x22, 0x44, 0x55, 
	0x48, 0x88, 0x88, 0x88, 0x88, 0x99, 0xaa, 0x44, 
	0x77, 0x89, 0x98, 0x99, 0x99, 0x99, 0x89, 0x99, 
	0x99, 0x89, 0x88, 0x88, 0x88, 0x64, 0x25, 0x33, 
	0x03, 0x30, 0x11, 0x22, 0x32, 0x22, 0x64, 0x11, 
	0x46, 0x88, 0x88, 0x88, 0x99, 0x89, 0xaa, 0x44, 
	0x55, 0x89, 0x98, 0x99, 0x99, 0x99, 0x98, 0x88, 
	0x88, 0x98, 0x89, 0x96, 0x67, 0x24, 0x11, 0x61, 
	0x05, 0x22, 0x22, 0x11, 0x11, 0x24, 0x23, 0x64, 
	0x47, 0x86, 0x88, 0x98, 0x89, 0xaa, 0x98, 0x53, 
	0x57, 0x99, 0x99, 0x99, 0x99, 0x99, 0x98, 0x98, 
	0x98, 0x99, 0x98, 0x85, 0x77, 0x74, 0x56, 0x46, 
	0x75, 0x54, 0x75, 0x75, 0x66, 0x66, 0x65, 0x48, 
	0x47, 0x88, 0x88, 0x88, 0x88, 0xaa, 0x99, 0x53, 
	0x68, 0x88, 0x98, 0x99, 0x88, 0x89, 0xa9, 0x98, 
	0x88, 0x99, 0x79, 0x77, 0x99, 0x88, 0x66, 0x98, 
	0x96, 0x57, 0x69, 0x89, 0x99, 0x74, 0x57, 0x35, 
	0x74, 0x75, 0x88, 0x88, 0x88, 0x89, 0x99, 0x41, 
	0x46, 0x98, 0x99, 0x98, 0x99, 0x99, 0x99, 0x99, 
	0x98, 0x96, 0x76, 0x87, 0x98, 0x88, 0x86, 0x89, 
	0x99, 0x77, 0x69, 0x98, 0x68, 0x97, 0x35, 0x55, 
	0x75, 0x75, 0x88, 0x88, 0x88, 0x99, 0x99, 0x64, 
	0x56, 0x77, 0x99, 0x88, 0x98, 0x99, 0x99, 0x88, 
	0x89, 0x99, 0x79, 0x77, 0x99, 0x99, 0x88, 0x98, 
	0x89, 0x99, 0x89, 0x99, 0x89, 0x97, 0x99, 0x49, 
	0x47, 0x77, 0x88, 0x88, 0x88, 0x98, 0x88, 0x64, 
	0x63, 0x79, 0x99, 0x98, 0x89, 0x99, 0x99, 0x99, 
	0x88, 0x78, 0x97, 0x76, 0x89, 0x98, 0x89, 0x99, 
	0x89, 0x89, 0x99, 0x99, 0x98, 0x98, 0x99, 0x96, 
	0x95, 0x79, 0x88, 0x88, 0x88, 0x88, 0x88, 0x66, 
	0x76, 0x77, 0x89, 0x89, 0x98, 0xaa, 0x97, 0x77, 
	0x78, 0x95, 0x77, 0x89, 0x99, 0x89, 0x89, 0x98, 
	0x89, 0x99, 0x89, 0x88, 0x89, 0x98, 0x99, 0x89, 
	0x99, 0x67, 0x89, 0x88, 0x88, 0x88, 0x88, 0x44, 
	0x66, 0x97, 0x99, 0x98, 0x88, 0xaa, 0x76, 0x57, 
	0x67, 0x59, 0x79, 0x99, 0x99, 0x98, 0x89, 0x88, 
	0x88, 0x88, 0x98, 0x88, 0x98, 0x88, 0x79, 0x98, 
	0x79, 0x99, 0x99, 0x88, 0x88, 0x88, 0x88, 0x84, 
	0x57, 0x88, 0x99, 0x99, 0x98, 0x89, 0x88, 0x67, 
	0x75, 0x77, 0x77, 0x77, 0x88, 0x88, 0x89, 0x88, 
	0x77, 0x64, 0x77, 0x67, 0x42, 0x66, 0x97, 0x66, 
	0x57, 0x66, 0x55, 0x88, 0x77, 0x77, 0x88, 0x44, 
	0x17, 0x98, 0x98, 0x99, 0x98, 0x88, 0x88, 0x68, 
	0x67, 0x47, 0x33, 0x77, 0x75, 0x77, 0x88, 0x56, 
	0x35, 0x42, 0x35, 0x77, 0x44, 0x66, 0x77, 0x46, 
	0x73, 0x44, 0x35, 0x77, 0x54, 0x55, 0x26, 0x62, 
	0x36, 0x66, 0x73, 0x75, 0x79, 0x77, 0x75, 0x44, 
	0x74, 0x42, 0x76, 0x44, 0x68, 0x69, 0x53, 0x42, 
	0x31, 0x74, 0x37, 0x74, 0x22, 0x64, 0x66, 0x64, 
	0x66, 0x51, 0x53, 0x35, 0x32, 0x31, 0x14, 0x10, 
	0x35, 0x55, 0x75, 0x73, 0x99, 0x79, 0x73, 0x44, 
	0x67, 0x74, 0x46, 0x44, 0x44, 0x26, 0x55, 0x22, 
	0x35, 0x44, 0x33, 0x63, 0x46, 0x22, 0x22, 0x24, 
	0x22, 0x35, 0x33, 0x55, 0x32, 0x16, 0x53, 0x31, 
	
};

Gfx ccm_dl_tstone_64x64__CRUELTY_SQUAD__i4_aligner[] = {gsSPEndDisplayList()};
u8 ccm_dl_tstone_64x64__CRUELTY_SQUAD__i4[] = {
	0x88, 0x88, 0x88, 0x88, 0x88, 0x88, 0x88, 0x88, 
	0x88, 0x88, 0x88, 0x87, 0x23, 0x12, 0x48, 0x99, 
	0x88, 0x88, 0x78, 0x88, 0x88, 0x88, 0x95, 0x79, 
	0x88, 0x88, 0x88, 0x88, 0x88, 0x88, 0x88, 0x88, 
	0x88, 0x88, 0x88, 0x88, 0x88, 0x88, 0x88, 0x88, 
	0x88, 0x88, 0x89, 0x72, 0x44, 0x26, 0x87, 0x99, 
	0x88, 0x89, 0x77, 0x88, 0x88, 0x88, 0x93, 0x79, 
	0x88, 0x88, 0x88, 0x88, 0x88, 0x88, 0x88, 0x88, 
	0x88, 0x88, 0x88, 0x88, 0x88, 0x88, 0x88, 0x88, 
	0x88, 0x88, 0x98, 0x33, 0x65, 0x69, 0x88, 0x88, 
	0x88, 0x88, 0x97, 0x67, 0x77, 0x88, 0x84, 0x69, 
	0x88, 0x88, 0x88, 0x88, 0x88, 0x88, 0x88, 0x88, 
	0x88, 0x88, 0x88, 0x88, 0x88, 0x88, 0x88, 0x88, 
	0x88, 0x88, 0x97, 0x34, 0x47, 0x99, 0x88, 0x88, 
	0x88, 0x88, 0x88, 0x87, 0x76, 0x55, 0x62, 0x57, 
	0x88, 0x88, 0x88, 0x88, 0x88, 0x88, 0x88, 0x88, 
	0x88, 0x88, 0x88, 0x88, 0x88, 0x88, 0x88, 0x88, 
	0x88, 0x88, 0x84, 0x23, 0x79, 0x88, 0x88, 0x88, 
	0x88, 0x88, 0x88, 0x88, 0x88, 0x88, 0x88, 0x76, 
	0x78, 0x88, 0x88, 0x88, 0x88, 0x88, 0x88, 0x88, 
	0x88, 0x88, 0x88, 0x88, 0x88, 0x88, 0x88, 0x88, 
	0x88, 0x88, 0x62, 0x25, 0x97, 0x88, 0x88, 0x88, 
	0x88, 0x88, 0x88, 0x88, 0x88, 0x88, 0x88, 0x89, 
	0x66, 0x88, 0x88, 0x88, 0x88, 0x88, 0x88, 0x88, 
	0x88, 0x88, 0x88, 0x88, 0x88, 0x88, 0x98, 0x87, 
	0x64, 0x87, 0x21, 0x49, 0x88, 0x88, 0x88, 0x88, 
	0x88, 0x88, 0x88, 0x88, 0x88, 0x88, 0x88, 0x88, 
	0x86, 0x89, 0x88, 0x88, 0x88, 0x88, 0x88, 0x88, 
	0x88, 0x88, 0x88, 0x88, 0x88, 0x65, 0x65, 0x47, 
	0x68, 0xab, 0x44, 0x87, 0x88, 0x88, 0x88, 0x88, 
	0x88, 0x88, 0x88, 0x88, 0x88, 0x88, 0x88, 0x88, 
	0x86, 0x89, 0x88, 0x88, 0x88, 0x88, 0x88, 0x88, 
	0x88, 0x88, 0x98, 0x77, 0x89, 0xa8, 0x53, 0x78, 
	0x77, 0x8a, 0x48, 0x99, 0x88, 0x88, 0x88, 0x88, 
	0x88, 0x88, 0x88, 0x88, 0x88, 0x88, 0x88, 0x88, 
	0x95, 0x78, 0x88, 0x88, 0x88, 0x88, 0x88, 0x88, 
	0x88, 0x88, 0x76, 0x68, 0x88, 0x88, 0x89, 0x88, 
	0x87, 0x85, 0x27, 0x89, 0x88, 0x88, 0x88, 0x88, 
	0x88, 0x88, 0x88, 0x88, 0x88, 0x88, 0x88, 0x88, 
	0x96, 0x79, 0x88, 0x88, 0x88, 0x88, 0x88, 0x88, 
	0x88, 0x77, 0x89, 0x88, 0x88, 0x88, 0x88, 0x98, 
	0x98, 0x84, 0x69, 0x88, 0x88, 0x88, 0x88, 0x88, 
	0x88, 0x88, 0x88, 0x88, 0x88, 0x88, 0x88, 0x88, 
	0xa8, 0x68, 0x88, 0x88, 0x88, 0x88, 0x88, 0x88, 
	0x87, 0x89, 0x99, 0x88, 0x88, 0x88, 0x88, 0x88, 
	0x88, 0x64, 0x89, 0x98, 0x88, 0x88, 0x88, 0x88, 
	0x88, 0x88, 0x88, 0x88, 0x88, 0x88, 0x88, 0x88, 
	0xa9, 0x67, 0x88, 0x88, 0x88, 0x88, 0x88, 0x88, 
	0x78, 0x88, 0x88, 0x88, 0x88, 0x88, 0x88, 0x88, 
	0x86, 0x37, 0x88, 0x88, 0x88, 0x88, 0x88, 0x88, 
	0x88, 0x88, 0x88, 0x88, 0x88, 0x88, 0x88, 0x89, 
	0xba, 0x57, 0x88, 0x88, 0x88, 0x88, 0x88, 0x87, 
	0x89, 0x88, 0x88, 0x88, 0x88, 0x88, 0x88, 0x88, 
	0x74, 0x58, 0x88, 0x88, 0x88, 0x88, 0x88, 0x88, 
	0x88, 0x88, 0x88, 0x88, 0x88, 0x88, 0x88, 0x78, 
	0xab, 0x46, 0x88, 0x88, 0x88, 0x88, 0x88, 0x87, 
	0x88, 0x88, 0x88, 0x88, 0x88, 0x98, 0x88, 0x97, 
	0x45, 0x88, 0x88, 0x88, 0x88, 0x88, 0x88, 0x88, 
	0x88, 0x88, 0x88, 0x88, 0x88, 0x88, 0x88, 0x88, 
	0xaa, 0x74, 0x89, 0x88, 0x88, 0x88, 0x98, 0x78, 
	0x88, 0x88, 0x88, 0x88, 0x88, 0x99, 0x88, 0x74, 
	0x58, 0x88, 0x88, 0x88, 0x88, 0x88, 0x88, 0x88, 
	0x88, 0x88, 0x88, 0x88, 0x88, 0x88, 0x88, 0x88, 
	0xaa, 0xa5, 0x79, 0x88, 0x88, 0x88, 0x87, 0x79, 
	0x88, 0x88, 0x88, 0x88, 0x88, 0x88, 0x97, 0x35, 
	0x88, 0x88, 0x88, 0x88, 0x88, 0x88, 0x88, 0x88, 
	0x88, 0x88, 0x88, 0x88, 0x88, 0x88, 0x88, 0x88, 
	0x99, 0xa8, 0x48, 0x88, 0x88, 0x98, 0x78, 0x88, 
	0x88, 0x88, 0x88, 0x88, 0x88, 0x88, 0x74, 0x58, 
	0x88, 0x88, 0x88, 0x88, 0x88, 0x88, 0x88, 0x88, 
	0x88, 0x88, 0x88, 0x88, 0x88, 0x88, 0x88, 0x88, 
	0x98, 0x8a, 0x57, 0x99, 0x88, 0x86, 0x89, 0x88, 
	0x88, 0x88, 0x88, 0x88, 0x88, 0x87, 0x45, 0x88, 
	0x88, 0x88, 0x88, 0x88, 0x88, 0x88, 0x88, 0x88, 
	0x88, 0x88, 0x88, 0x88, 0x88, 0x88, 0x88, 0x88, 
	0x88, 0x89, 0x94, 0x78, 0x77, 0x78, 0x88, 0x88, 
	0x88, 0x88, 0x88, 0x99, 0x88, 0x64, 0x57, 0x88, 
	0x88, 0x88, 0x88, 0x88, 0x88, 0x88, 0x88, 0x88, 
	0x88, 0x88, 0x88, 0x88, 0x88, 0x88, 0x88, 0x88, 
	0x88, 0x88, 0xa7, 0x34, 0x78, 0x99, 0x88, 0x88, 
	0x88, 0x88, 0x89, 0x88, 0x85, 0x36, 0x88, 0x88, 
	0x88, 0x88, 0x88, 0x88, 0x88, 0x88, 0x88, 0x88, 
	0x88, 0x88, 0x88, 0x88, 0x88, 0x88, 0x88, 0x88, 
	0x88, 0x88, 0x8a, 0x63, 0x57, 0x89, 0x88, 0x88, 
	0x88, 0x88, 0x99, 0x88, 0x63, 0x68, 0x88, 0x88, 
	0x88, 0x88, 0x88, 0x88, 0x88, 0x88, 0x88, 0x88, 
	0x88, 0x88, 0x88, 0x88, 0x88, 0x88, 0x88, 0x88, 
	0x88, 0x88, 0x89, 0x97, 0x63, 0x38, 0x88, 0x88, 
	0x88, 0x89, 0x98, 0x98, 0x35, 0x88, 0x88, 0x88, 
	0x88, 0x88, 0x88, 0x88, 0x88, 0x88, 0x88, 0x88, 
	0x88, 0x88, 0x88, 0x88, 0x88, 0x88, 0x88, 0x88, 
	0x88, 0x88, 0x88, 0x99, 0xa9, 0x35, 0x89, 0x88, 
	0x88, 0x99, 0x99, 0x96, 0x37, 0x88, 0x88, 0x88, 
	0x88, 0x88, 0x88, 0x88, 0x88, 0x88, 0x88, 0x88, 
	0x88, 0x88, 0x88, 0x88, 0x88, 0x88, 0x88, 0x88, 
	0x88, 0x88, 0x88, 0x88, 0x89, 0x84, 0x89, 0x88, 
	0x99, 0x99, 0x99, 0x83, 0x38, 0x88, 0x88, 0x88, 
	0x88, 0x88, 0x88, 0x88, 0x88, 0x88, 0x88, 0x88, 
	0x88, 0x88, 0x88, 0x88, 0x88, 0x88, 0x88, 0x88, 
	0x88, 0x88, 0x88, 0x88, 0x89, 0x95, 0x79, 0x99, 
	0x99, 0x99, 0x99, 0x72, 0x37, 0x88, 0x88, 0x88, 
	0x88, 0x88, 0x88, 0x88, 0x88, 0x88, 0x88, 0x88, 
	0x88, 0x88, 0x88, 0x99, 0x88, 0x88, 0x88, 0x88, 
	0x88, 0x88, 0x88, 0x88, 0x88, 0x97, 0x36, 0x88, 
	0x89, 0x88, 0x98, 0x32, 0x48, 0x88, 0x88, 0x88, 
	0x88, 0x88, 0x88, 0x88, 0x88, 0x88, 0x88, 0x88, 
	0x88, 0x88, 0x89, 0x89, 0x88, 0x88, 0x88, 0x88, 
	0x88, 0x88, 0x88, 0x88, 0x88, 0x8a, 0x84, 0x44, 
	0x48, 0x88, 0x96, 0x21, 0x69, 0x88, 0x88, 0x88, 
	0x88, 0x88, 0x88, 0x88, 0x88, 0x88, 0x88, 0x88, 
	0x88, 0x88, 0x88, 0x89, 0x88, 0x88, 0x88, 0x88, 
	0x88, 0x88, 0x88, 0x88, 0x88, 0x88, 0xa9, 0x84, 
	0x46, 0x87, 0x62, 0x11, 0x79, 0x88, 0x88, 0x88, 
	0x88, 0x88, 0x88, 0x88, 0x88, 0x88, 0x88, 0x89, 
	0x88, 0x88, 0x88, 0x88, 0x88, 0x88, 0x88, 0x88, 
	0x88, 0x88, 0x88, 0x88, 0x88, 0x88, 0x99, 0x97, 
	0x73, 0x55, 0x33, 0x12, 0x89, 0x88, 0x88, 0x88, 
	0x88, 0x88, 0x88, 0x88, 0x88, 0x88, 0x88, 0x88, 
	0x88, 0x88, 0x88, 0x88, 0x88, 0x88, 0x88, 0x88, 
	0x88, 0x88, 0x88, 0x88, 0x88, 0x88, 0x98, 0x99, 
	0x54, 0x88, 0x8a, 0x35, 0x88, 0x88, 0x88, 0x88, 
	0x88, 0x88, 0x88, 0x88, 0x88, 0x88, 0x88, 0x98, 
	0x88, 0x88, 0x88, 0x88, 0x88, 0x88, 0x88, 0x88, 
	0x89, 0x88, 0x88, 0x88, 0x88, 0x88, 0x98, 0x77, 
	0x58, 0x99, 0x99, 0x46, 0x88, 0x88, 0x88, 0x88, 
	0x88, 0x88, 0x88, 0x88, 0x88, 0x88, 0x88, 0x89, 
	0x98, 0x88, 0x88, 0x88, 0x88, 0x88, 0x88, 0x88, 
	0x88, 0x88, 0x88, 0x88, 0x88, 0x88, 0x74, 0x46, 
	0xaa, 0x98, 0xa9, 0x38, 0x88, 0x88, 0x88, 0x88, 
	0x88, 0x88, 0x88, 0x88, 0x88, 0x88, 0x88, 0x88, 
	0x88, 0x88, 0x88, 0x88, 0x88, 0x88, 0x88, 0x88, 
	0x88, 0x88, 0x99, 0x88, 0x99, 0x85, 0x34, 0x9a, 
	0x88, 0x89, 0xb6, 0x58, 0x88, 0x88, 0x88, 0x88, 
	0x88, 0x88, 0x88, 0x88, 0x88, 0x88, 0x88, 0x88, 
	0x88, 0x88, 0x88, 0x88, 0x88, 0x88, 0x88, 0x88, 
	0x88, 0x89, 0x99, 0x89, 0x97, 0x43, 0x69, 0x98, 
	0x88, 0x99, 0xa4, 0x79, 0x88, 0x88, 0x88, 0x88, 
	0x88, 0x88, 0x88, 0x88, 0x88, 0x88, 0x88, 0x88, 
	0x88, 0x88, 0x88, 0x88, 0x88, 0x88, 0x88, 0x88, 
	0x88, 0x89, 0x88, 0x98, 0x53, 0x58, 0x88, 0x88, 
	0x88, 0x89, 0x84, 0x89, 0x88, 0x88, 0x88, 0x88, 
	0x88, 0x88, 0x88, 0x88, 0x88, 0x88, 0x88, 0x88, 
	0x88, 0x88, 0x88, 0x88, 0x88, 0x88, 0x88, 0x88, 
	0x88, 0x88, 0x88, 0x85, 0x35, 0x99, 0x88, 0x88, 
	0x88, 0x89, 0x84, 0x88, 0x88, 0x88, 0x88, 0x88, 
	0x88, 0x88, 0x88, 0x88, 0x88, 0x88, 0x88, 0x88, 
	0x88, 0x88, 0x88, 0x88, 0x88, 0x88, 0x88, 0x88, 
	0x99, 0x87, 0x55, 0x43, 0x69, 0x98, 0x88, 0x88, 
	0x88, 0x89, 0x74, 0x88, 0x88, 0x88, 0x88, 0x88, 
	0x88, 0x88, 0x88, 0x88, 0x88, 0x88, 0x88, 0x88, 
	0x88, 0x88, 0x88, 0x88, 0x88, 0x88, 0x88, 0x98, 
	0x86, 0x54, 0x67, 0x35, 0x98, 0x88, 0x88, 0x88, 
	0x88, 0x89, 0x66, 0x88, 0x88, 0x88, 0x88, 0x88, 
	0x88, 0x88, 0x88, 0x88, 0x98, 0x88, 0x88, 0x88, 
	0x88, 0x88, 0x88, 0x88, 0x88, 0x88, 0x88, 0x83, 
	0x45, 0x67, 0x95, 0x39, 0x98, 0x88, 0x88, 0x88, 
	0x88, 0x99, 0x62, 0x68, 0x88, 0x88, 0x88, 0x88, 
	0x88, 0x88, 0x88, 0x88, 0x73, 0x58, 0x88, 0x88, 
	0x88, 0x88, 0x88, 0x88, 0x88, 0x88, 0x88, 0x61, 
	0x48, 0x89, 0x74, 0x6a, 0x98, 0x88, 0x88, 0x88, 
	0x88, 0x89, 0x74, 0x67, 0x88, 0x88, 0x88, 0x88, 
	0x88, 0x99, 0x88, 0x76, 0x35, 0x66, 0x77, 0x88, 
	0x88, 0x88, 0x88, 0x88, 0x88, 0x88, 0x88, 0x61, 
	0x68, 0x88, 0x54, 0xaa, 0x88, 0x88, 0x88, 0x88, 
	0x88, 0x9a, 0x47, 0xa7, 0x78, 0x88, 0x88, 0x88, 
	0x88, 0x87, 0x67, 0x87, 0x44, 0x56, 0x88, 0x88, 
	0x88, 0x88, 0x88, 0x88, 0x88, 0x88, 0x88, 0x43, 
	0x89, 0x87, 0x46, 0xa8, 0x88, 0x88, 0x88, 0x88, 
	0x88, 0x9a, 0x47, 0x98, 0x77, 0x88, 0x98, 0x88, 
	0x88, 0x56, 0x32, 0x45, 0x46, 0x43, 0x68, 0x88, 
	0x88, 0x88, 0x88, 0x88, 0x88, 0x88, 0x98, 0x34, 
	0x88, 0x96, 0x28, 0xa8, 0x88, 0x88, 0x88, 0x88, 
	0x88, 0x98, 0x47, 0x89, 0x87, 0x88, 0x88, 0x88, 
	0x76, 0x44, 0x57, 0x99, 0x99, 0x98, 0x57, 0x88, 
	0x88, 0x88, 0x99, 0x88, 0x88, 0x88, 0x85, 0x45, 
	0x68, 0x97, 0x49, 0x88, 0x88, 0x88, 0x88, 0x88, 
	0x88, 0xa7, 0x48, 0x87, 0x63, 0x58, 0x99, 0x96, 
	0x54, 0x66, 0x89, 0xaa, 0x9a, 0xaa, 0x76, 0x89, 
	0x88, 0x88, 0x88, 0x88, 0x89, 0x98, 0x43, 0x58, 
	0x66, 0x86, 0x39, 0x88, 0x88, 0x88, 0x88, 0x88, 
	0x88, 0x95, 0x48, 0x77, 0x86, 0x57, 0x78, 0x74, 
	0x56, 0x67, 0x79, 0x98, 0x79, 0xa8, 0x86, 0x79, 
	0x88, 0x87, 0x76, 0x45, 0x66, 0x52, 0x38, 0x88, 
	0x94, 0x55, 0x49, 0x88, 0x88, 0x88, 0x88, 0x88, 
	0x99, 0x74, 0x56, 0x89, 0x88, 0x65, 0x65, 0x56, 
	0x77, 0x87, 0x88, 0x78, 0x89, 0x98, 0x87, 0x67, 
	0x87, 0x55, 0x78, 0x88, 0x77, 0x77, 0x78, 0x99, 
	0x98, 0x43, 0x78, 0x88, 0x88, 0x88, 0x88, 0x88, 
	0x87, 0x44, 0x78, 0x89, 0x88, 0x88, 0x87, 0x88, 
	0x88, 0x88, 0x88, 0x78, 0x8a, 0x98, 0x87, 0x66, 
	0x64, 0x79, 0x99, 0x88, 0x89, 0x88, 0x88, 0x89, 
	0x8b, 0x43, 0x78, 0x88, 0x88, 0x88, 0x88, 0x88, 
	0x43, 0x47, 0x88, 0x88, 0x89, 0x88, 0x88, 0x88, 
	0x88, 0x88, 0x88, 0x88, 0x8a, 0x98, 0x87, 0x64, 
	0x68, 0xa9, 0x88, 0x99, 0x99, 0x98, 0x99, 0x98, 
	0x89, 0x42, 0x43, 0x24, 0x33, 0x33, 0x46, 0x53, 
	0x77, 0x88, 0x88, 0x88, 0x89, 0x99, 0x88, 0x88, 
	0x88, 0x88, 0x88, 0x88, 0x79, 0x98, 0x86, 0x34, 
	0x99, 0x98, 0x99, 0x99, 0x99, 0x99, 0x99, 0x98, 
	0x87, 0x42, 0x33, 0x32, 0x33, 0x32, 0x33, 0x36, 
	0x88, 0x88, 0x88, 0x88, 0x88, 0x88, 0x88, 0x88, 
	0x88, 0x88, 0x78, 0x88, 0x75, 0x66, 0x75, 0x15, 
	0x99, 0x99, 0x99, 0x99, 0x89, 0x99, 0x99, 0x88, 
	0x83, 0x25, 0x78, 0x87, 0x63, 0x67, 0x78, 0x88, 
	0x88, 0x88, 0x88, 0x88, 0x88, 0x88, 0x98, 0x88, 
	0x87, 0x77, 0x78, 0x88, 0x65, 0x66, 0x99, 0x48, 
	0x98, 0x98, 0x99, 0x89, 0x89, 0x99, 0x98, 0x88, 
	0x43, 0x79, 0x99, 0x99, 0x98, 0x99, 0x99, 0x88, 
	0x88, 0x89, 0x88, 0x88, 0x98, 0x99, 0x89, 0x88, 
	0x88, 0x88, 0x88, 0x87, 0x66, 0x58, 0x88, 0x37, 
	0x88, 0x99, 0x89, 0x88, 0x89, 0x88, 0x98, 0x64, 
	0x47, 0x88, 0x88, 0x88, 0x88, 0x88, 0x88, 0x88, 
	0x88, 0x88, 0x88, 0x88, 0x88, 0x89, 0x99, 0x98, 
	0x88, 0x89, 0x98, 0x77, 0x76, 0x67, 0x77, 0x47, 
	0x89, 0x98, 0x88, 0x88, 0x88, 0x88, 0x76, 0x33, 
	0x79, 0x88, 0x88, 0x88, 0x88, 0x88, 0x88, 0x88, 
	0x88, 0x88, 0x88, 0x88, 0x89, 0x88, 0x89, 0x88, 
	0x88, 0x88, 0x87, 0x77, 0x76, 0x78, 0x86, 0x37, 
	0x88, 0x98, 0x88, 0x88, 0x88, 0x99, 0x64, 0x37, 
	0x88, 0x88, 0x88, 0x88, 0x88, 0x88, 0x88, 0x88, 
	0x88, 0x88, 0x88, 0x88, 0x88, 0x88, 0x89, 0x88, 
	0x99, 0x88, 0x77, 0x77, 0x77, 0x68, 0x87, 0x47, 
	0x88, 0x89, 0x88, 0x88, 0x88, 0x77, 0x33, 0x79, 
	0x88, 0x88, 0x88, 0x88, 0x88, 0x88, 0x88, 0x88, 
	0x88, 0x88, 0x88, 0x88, 0x88, 0x89, 0x88, 0x88, 
	0x88, 0x88, 0x88, 0x87, 0x77, 0x78, 0x77, 0x47, 
	0x89, 0x88, 0x88, 0x99, 0x74, 0x22, 0x26, 0x88, 
	0x88, 0x88, 0x88, 0x88, 0x88, 0x88, 0x88, 0x88, 
	0x88, 0x88, 0x88, 0x88, 0x99, 0x99, 0x98, 0x88, 
	0x88, 0x78, 0x88, 0x77, 0x78, 0x67, 0x77, 0x45, 
	0x88, 0x98, 0x88, 0x85, 0x21, 0x23, 0x38, 0x88, 
	0x88, 0x88, 0x88, 0x88, 0x88, 0x88, 0x88, 0x88, 
	0x88, 0x88, 0x88, 0x89, 0x98, 0x88, 0x88, 0x88, 
	0x88, 0x88, 0x87, 0x77, 0x87, 0x77, 0x76, 0x35, 
	0x88, 0x98, 0x73, 0x21, 0x26, 0x85, 0x58, 0x88, 
	0x88, 0x88, 0x88, 0x88, 0x88, 0x88, 0x88, 0x88, 
	0x88, 0x88, 0x88, 0x88, 0x88, 0x88, 0x88, 0x88, 
	0x88, 0x88, 0x78, 0x78, 0x87, 0x87, 0x63, 0x35, 
	0x88, 0x84, 0x31, 0x36, 0x99, 0x88, 0x48, 0x88, 
	0x88, 0x88, 0x88, 0x88, 0x88, 0x88, 0x88, 0x88, 
	0x88, 0x88, 0x88, 0x88, 0x88, 0x88, 0x88, 0x88, 
	0x88, 0x88, 0x78, 0x77, 0x77, 0x88, 0x53, 0x24, 
	0x76, 0x42, 0x33, 0x89, 0x88, 0x78, 0x37, 0x88, 
	0x88, 0x88, 0x88, 0x88, 0x88, 0x88, 0x88, 0x88, 
	0x88, 0x88, 0x88, 0x88, 0x88, 0x88, 0x88, 0x77, 
	0x88, 0x88, 0x88, 0x77, 0x77, 0x86, 0x42, 0x23, 
	0x44, 0x66, 0x89, 0x88, 0x88, 0x78, 0x66, 0x88, 
	0x88, 0x88, 0x88, 0x88, 0x88, 0x88, 0x88, 0x88, 
	0x88, 0x88, 0x88, 0x88, 0x88, 0x88, 0x88, 0x88, 
	0x88, 0x88, 0x87, 0x77, 0x86, 0x43, 0x21, 0x35, 
	0x9b, 0x98, 0x78, 0x88, 0x88, 0x88, 0x64, 0x89, 
	0x88, 0x88, 0x88, 0x88, 0x88, 0x88, 0x88, 0x88, 
	0x88, 0x88, 0x88, 0x88, 0x88, 0x88, 0x88, 0x88, 
	0x88, 0x88, 0x88, 0x88, 0x64, 0x21, 0x24, 0x89, 
	0x98, 0x87, 0x78, 0x88, 0x88, 0x88, 0x95, 0x79, 
	0x88, 0x88, 0x88, 0x88, 0x88, 0x88, 0x88, 0x88, 
	
};

Gfx ccm_dl_Art274_i4_aligner[] = {gsSPEndDisplayList()};
u8 ccm_dl_Art274_i4[] = {
	0x44, 0x32, 0x35, 0x76, 0x33, 0x33, 0x33, 0x34, 
	0x34, 0x43, 0x44, 0x44, 0x33, 0x34, 0x55, 0x44, 
	0x33, 0x33, 0x33, 0x32, 0x23, 0x42, 0x24, 0x67, 
	0x66, 0x44, 0x56, 0x66, 0x66, 0x44, 0x56, 0x43, 
	0x44, 0x33, 0x44, 0x65, 0x43, 0x33, 0x33, 0x22, 
	0x23, 0x43, 0x33, 0x44, 0x43, 0x23, 0x44, 0x43, 
	0x44, 0x55, 0x43, 0x22, 0x22, 0x22, 0x25, 0x66, 
	0x56, 0x74, 0x66, 0x66, 0x55, 0x55, 0x44, 0x23, 
	0x33, 0x34, 0x54, 0x55, 0x54, 0x34, 0x42, 0x22, 
	0x23, 0x43, 0x44, 0x44, 0x33, 0x22, 0x34, 0x43, 
	0x56, 0x55, 0x44, 0x32, 0x32, 0x33, 0x35, 0x66, 
	0x66, 0x75, 0x55, 0x65, 0x65, 0x44, 0x43, 0x23, 
	0x22, 0x45, 0x45, 0x66, 0x64, 0x34, 0x43, 0x33, 
	0x32, 0x34, 0x44, 0x43, 0x33, 0x32, 0x22, 0x33, 
	0x56, 0x54, 0x44, 0x43, 0x44, 0x44, 0x34, 0x66, 
	0x56, 0x64, 0x45, 0x65, 0x44, 0x43, 0x33, 0x33, 
	0x22, 0x45, 0x65, 0x56, 0x43, 0x44, 0x44, 0x33, 
	0x32, 0x22, 0x43, 0x33, 0x34, 0x23, 0x33, 0x23, 
	0x34, 0x44, 0x44, 0x44, 0x34, 0x44, 0x44, 0x57, 
	0x66, 0x64, 0x44, 0x44, 0x44, 0x43, 0x45, 0x43, 
	0x53, 0x23, 0x45, 0x65, 0x44, 0x44, 0x34, 0x44, 
	0x32, 0x22, 0x22, 0x33, 0x43, 0x23, 0x34, 0x43, 
	0x23, 0x44, 0x44, 0x43, 0x33, 0x44, 0x64, 0x46, 
	0x75, 0x43, 0x34, 0x33, 0x33, 0x35, 0x77, 0x76, 
	0x75, 0x33, 0x33, 0x44, 0x33, 0x44, 0x33, 0x43, 
	0x32, 0x33, 0x22, 0x33, 0x32, 0x33, 0x33, 0x33, 
	0x33, 0x34, 0x44, 0x43, 0x44, 0x44, 0x54, 0x44, 
	0x43, 0x33, 0x33, 0x33, 0x32, 0x45, 0x78, 0x88, 
	0x87, 0x43, 0x33, 0x33, 0x44, 0x43, 0x23, 0x33, 
	0x32, 0x22, 0x22, 0x22, 0x23, 0x33, 0x33, 0x34, 
	0x43, 0x22, 0x33, 0x33, 0x44, 0x45, 0x65, 0x53, 
	0x34, 0x33, 0x22, 0x23, 0x33, 0x44, 0x66, 0x67, 
	0x66, 0x63, 0x34, 0x43, 0x34, 0x33, 0x32, 0x22, 
	0x33, 0x43, 0x32, 0x23, 0x34, 0x33, 0x33, 0x34, 
	0x44, 0x43, 0x22, 0x22, 0x44, 0x56, 0x74, 0x43, 
	0x45, 0x54, 0x42, 0x32, 0x34, 0x44, 0x66, 0x55, 
	0x45, 0x43, 0x44, 0x42, 0x33, 0x33, 0x22, 0x22, 
	0x45, 0x44, 0x44, 0x43, 0x33, 0x33, 0x43, 0x44, 
	0x44, 0x44, 0x33, 0x32, 0x45, 0x56, 0x76, 0x32, 
	0x34, 0x44, 0x32, 0x34, 0x44, 0x44, 0x44, 0x44, 
	0x44, 0x43, 0x44, 0x33, 0x43, 0x44, 0x34, 0x44, 
	0x55, 0x44, 0x44, 0x33, 0x43, 0x33, 0x44, 0x44, 
	0x44, 0x44, 0x45, 0x43, 0x34, 0x46, 0x75, 0x33, 
	0x33, 0x22, 0x24, 0x44, 0x45, 0x56, 0x54, 0x44, 
	0x44, 0x34, 0x44, 0x33, 0x34, 0x43, 0x45, 0x44, 
	0x45, 0x44, 0x43, 0x33, 0x33, 0x33, 0x34, 0x33, 
	0x34, 0x64, 0x45, 0x43, 0x43, 0x45, 0x54, 0x32, 
	0x33, 0x32, 0x44, 0x44, 0x46, 0x55, 0x54, 0x44, 
	0x64, 0x34, 0x43, 0x45, 0x43, 0x33, 0x43, 0x34, 
	0x44, 0x45, 0x54, 0x33, 0x33, 0x33, 0x33, 0x33, 
	0x44, 0x64, 0x43, 0x44, 0x33, 0x33, 0x44, 0x43, 
	0x32, 0x23, 0x55, 0x44, 0x46, 0x64, 0x44, 0x45, 
	0x44, 0x33, 0x33, 0x46, 0x64, 0x23, 0x44, 0x34, 
	0x44, 0x44, 0x44, 0x34, 0x33, 0x33, 0x33, 0x23, 
	0x64, 0x54, 0x33, 0x44, 0x43, 0x33, 0x24, 0x43, 
	0x22, 0x34, 0x66, 0x44, 0x44, 0x45, 0x65, 0x44, 
	0x34, 0x32, 0x24, 0x66, 0x56, 0x43, 0x43, 0x43, 
	0x33, 0x33, 0x34, 0x33, 0x33, 0x33, 0x34, 0x46, 
	0x44, 0x45, 0x43, 0x44, 0x33, 0x34, 0x46, 0x64, 
	0x44, 0x54, 0x54, 0x43, 0x33, 0x44, 0x44, 0x43, 
	0x44, 0x32, 0x34, 0x44, 0x34, 0x53, 0x34, 0x43, 
	0x32, 0x32, 0x23, 0x34, 0x32, 0x33, 0x46, 0x77, 
	0x66, 0x34, 0x43, 0x33, 0x33, 0x34, 0x47, 0x74, 
	0x47, 0x54, 0x44, 0x33, 0x32, 0x33, 0x33, 0x33, 
	0x44, 0x33, 0x55, 0x44, 0x44, 0x54, 0x35, 0x43, 
	0x32, 0x22, 0x34, 0x55, 0x44, 0x33, 0x67, 0x66, 
	0x56, 0x64, 0x43, 0x22, 0x23, 0x44, 0x44, 0x54, 
	0x66, 0x66, 0x44, 0x44, 0x43, 0x22, 0x23, 0x34, 
	0x44, 0x45, 0x54, 0x44, 0x44, 0x44, 0x33, 0x42, 
	0x33, 0x33, 0x56, 0x44, 0x44, 0x44, 0x54, 0x56, 
	0x55, 0x54, 0x33, 0x33, 0x45, 0x65, 0x43, 0x54, 
	0x45, 0x65, 0x44, 0x43, 0x34, 0x33, 0x34, 0x44, 
	0x32, 0x34, 0x44, 0x44, 0x44, 0x44, 0x43, 0x22, 
	0x33, 0x44, 0x44, 0x44, 0x33, 0x33, 0x44, 0x44, 
	0x67, 0x65, 0x44, 0x56, 0x54, 0x44, 0x44, 0x55, 
	0x44, 0x44, 0x43, 0x44, 0x44, 0x44, 0x44, 0x33, 
	0x33, 0x24, 0x43, 0x44, 0x34, 0x45, 0x43, 0x23, 
	0x33, 0x44, 0x33, 0x33, 0x32, 0x24, 0x56, 0x44, 
	0x66, 0x66, 0x54, 0x54, 0x66, 0x44, 0x57, 0x54, 
	0x32, 0x34, 0x44, 0x44, 0x65, 0x56, 0x44, 0x43, 
	0x43, 0x35, 0x43, 0x44, 0x44, 0x44, 0x43, 0x46, 
	0x65, 0x43, 0x33, 0x32, 0x22, 0x34, 0x55, 0x55, 
	0x44, 0x64, 0x34, 0x45, 0x55, 0x44, 0x46, 0x53, 
	0x34, 0x44, 0x44, 0x44, 0x64, 0x44, 0x44, 0x43, 
	0x33, 0x45, 0x64, 0x34, 0x34, 0x34, 0x46, 0x77, 
	0x77, 0x64, 0x32, 0x23, 0x33, 0x33, 0x33, 0x44, 
	0x33, 0x44, 0x22, 0x45, 0x44, 0x43, 0x45, 0x63, 
	0x43, 0x33, 0x33, 0x32, 0x54, 0x54, 0x34, 0x64, 
	0x34, 0x66, 0x77, 0x43, 0x33, 0x34, 0x45, 0x56, 
	0x66, 0x64, 0x43, 0x33, 0x34, 0x43, 0x22, 0x23, 
	0x33, 0x33, 0x43, 0x34, 0x44, 0x34, 0x44, 0x43, 
	0x33, 0x33, 0x33, 0x22, 0x44, 0x42, 0x34, 0x65, 
	0x44, 0x56, 0x66, 0x64, 0x43, 0x23, 0x44, 0x44, 
	0x44, 0x44, 0x34, 0x33, 0x34, 0x33, 0x33, 0x43, 
	0x33, 0x43, 0x33, 0x32, 0x22, 0x44, 0x44, 0x32, 
	0x33, 0x23, 0x33, 0x22, 0x23, 0x33, 0x33, 0x55, 
	0x55, 0x45, 0x66, 0x66, 0x65, 0x44, 0x44, 0x33, 
	0x23, 0x34, 0x44, 0x33, 0x44, 0x43, 0x34, 0x44, 
	0x44, 0x43, 0x44, 0x44, 0x45, 0x64, 0x34, 0x43, 
	0x33, 0x22, 0x33, 0x22, 0x32, 0x22, 0x22, 0x45, 
	0x44, 0x44, 0x46, 0x66, 0x66, 0x54, 0x43, 0x32, 
	0x32, 0x23, 0x44, 0x34, 0x33, 0x33, 0x33, 0x34, 
	0x44, 0x33, 0x45, 0x67, 0x77, 0x76, 0x44, 0x44, 
	0x33, 0x22, 0x22, 0x23, 0x32, 0x23, 0x33, 0x33, 
	0x34, 0x33, 0x46, 0x66, 0x66, 0x53, 0x44, 0x34, 
	0x45, 0x44, 0x44, 0x33, 0x22, 0x22, 0x34, 0x43, 
	0x44, 0x33, 0x67, 0x76, 0x77, 0x77, 0x64, 0x33, 
	0x33, 0x22, 0x22, 0x34, 0x33, 0x44, 0x44, 0x44, 
	0x33, 0x44, 0x44, 0x46, 0x66, 0x65, 0x44, 0x46, 
	0x66, 0x66, 0x54, 0x32, 0x23, 0x32, 0x32, 0x34, 
	0x56, 0x32, 0x54, 0x44, 0x56, 0x77, 0x64, 0x43, 
	0x22, 0x22, 0x23, 0x33, 0x43, 0x33, 0x44, 0x44, 
	0x43, 0x44, 0x33, 0x34, 0x44, 0x45, 0x44, 0x66, 
	0x66, 0x66, 0x43, 0x43, 0x33, 0x23, 0x24, 0x45, 
	0x66, 0x43, 0x44, 0x64, 0x46, 0x66, 0x64, 0x43, 
	0x22, 0x23, 0x33, 0x33, 0x33, 0x44, 0x44, 0x44, 
	0x44, 0x43, 0x33, 0x33, 0x44, 0x44, 0x45, 0x55, 
	0x65, 0x54, 0x34, 0x43, 0x22, 0x22, 0x36, 0x55, 
	0x55, 0x53, 0x45, 0x66, 0x66, 0x65, 0x65, 0x43, 
	0x43, 0x33, 0x33, 0x43, 0x33, 0x44, 0x44, 0x44, 
	0x33, 0x44, 0x43, 0x33, 0x33, 0x33, 0x44, 0x44, 
	0x33, 0x32, 0x34, 0x43, 0x32, 0x22, 0x34, 0x54, 
	0x65, 0x64, 0x45, 0x55, 0x66, 0x54, 0x45, 0x43, 
	0x54, 0x54, 0x33, 0x33, 0x33, 0x34, 0x33, 0x44, 
	0x33, 0x34, 0x54, 0x43, 0x33, 0x44, 0x43, 0x33, 
	0x22, 0x33, 0x34, 0x33, 0x44, 0x34, 0x43, 0x34, 
	0x66, 0x43, 0x34, 0x44, 0x44, 0x45, 0x44, 0x43, 
	0x54, 0x44, 0x33, 0x33, 0x33, 0x33, 0x33, 0x33, 
	0x33, 0x34, 0x44, 0x43, 0x44, 0x64, 0x32, 0x22, 
	0x23, 0x33, 0x56, 0x53, 0x23, 0x46, 0x63, 0x33, 
	0x33, 0x42, 0x44, 0x44, 0x44, 0x44, 0x43, 0x23, 
	0x44, 0x44, 0x23, 0x33, 0x33, 0x33, 0x33, 0x33, 
	0x33, 0x44, 0x33, 0x43, 0x34, 0x43, 0x34, 0x44, 
	0x43, 0x45, 0x54, 0x67, 0x43, 0x44, 0x43, 0x23, 
	0x34, 0x44, 0x34, 0x43, 0x33, 0x45, 0x42, 0x22, 
	0x44, 0x44, 0x33, 0x33, 0x44, 0x33, 0x33, 0x33, 
	0x33, 0x44, 0x33, 0x43, 0x33, 0x23, 0x55, 0x55, 
	0x54, 0x44, 0x44, 0x44, 0x64, 0x33, 0x33, 0x33, 
	0x44, 0x46, 0x43, 0x44, 0x33, 0x33, 0x33, 0x33, 
	0x44, 0x44, 0x43, 0x44, 0x43, 0x33, 0x33, 0x33, 
	0x44, 0x43, 0x44, 0x45, 0x44, 0x35, 0x44, 0x44, 
	0x44, 0x34, 0x44, 0x44, 0x54, 0x33, 0x34, 0x43, 
	0x44, 0x46, 0x54, 0x43, 0x33, 0x33, 0x22, 0x44, 
	0x34, 0x54, 0x44, 0x33, 0x33, 0x33, 0x23, 0x34, 
	0x43, 0x34, 0x44, 0x55, 0x54, 0x34, 0x44, 0x43, 
	0x44, 0x34, 0x45, 0x44, 0x45, 0x43, 0x44, 0x33, 
	0x44, 0x65, 0x44, 0x33, 0x33, 0x32, 0x24, 0x44, 
	0x33, 0x34, 0x43, 0x33, 0x33, 0x44, 0x43, 0x34, 
	0x33, 0x34, 0x44, 0x43, 0x34, 0x33, 0x44, 0x43, 
	0x34, 0x33, 0x44, 0x54, 0x46, 0x53, 0x33, 0x33, 
	0x45, 0x65, 0x44, 0x33, 0x33, 0x44, 0x44, 0x44, 
	0x43, 0x33, 0x33, 0x34, 0x43, 0x44, 0x44, 0x34, 
	0x34, 0x44, 0x44, 0x33, 0x34, 0x33, 0x33, 0x33, 
	0x44, 0x43, 0x33, 0x45, 0x46, 0x64, 0x33, 0x33, 
	0x34, 0x44, 0x44, 0x44, 0x43, 0x44, 0x43, 0x44, 
	0x33, 0x33, 0x44, 0x64, 0x43, 0x33, 0x44, 0x43, 
	0x44, 0x44, 0x33, 0x34, 0x43, 0x33, 0x43, 0x44, 
	0x44, 0x44, 0x43, 0x44, 0x44, 0x66, 0x33, 0x33, 
	0x44, 0x44, 0x44, 0x55, 0x33, 0x44, 0x43, 0x43, 
	0x33, 0x44, 0x44, 0x44, 0x44, 0x34, 0x43, 0x43, 
	0x34, 0x44, 0x44, 0x43, 0x33, 0x34, 0x44, 0x44, 
	0x44, 0x43, 0x43, 0x34, 0x55, 0x45, 0x44, 0x45, 
	0x33, 0x43, 0x34, 0x44, 0x44, 0x32, 0x23, 0x33, 
	0x44, 0x33, 0x44, 0x44, 0x44, 0x43, 0x33, 0x33, 
	0x34, 0x44, 0x44, 0x33, 0x44, 0x56, 0x43, 0x34, 
	0x33, 0x34, 0x33, 0x33, 0x44, 0x44, 0x33, 0x44, 
	0x43, 0x33, 0x33, 0x34, 0x32, 0x23, 0x33, 0x34, 
	0x33, 0x43, 0x44, 0x45, 0x44, 0x43, 0x33, 0x43, 
	0x22, 0x33, 0x34, 0x46, 0x77, 0x77, 0x64, 0x33, 
	0x43, 0x44, 0x43, 0x33, 0x33, 0x34, 0x44, 0x44, 
	0x43, 0x33, 0x22, 0x22, 0x22, 0x33, 0x33, 0x34, 
	0x44, 0x44, 0x44, 0x55, 0x44, 0x53, 0x43, 0x33, 
	0x23, 0x43, 0x36, 0x77, 0x67, 0x77, 0x76, 0x33, 
	0x33, 0x44, 0x45, 0x43, 0x33, 0x45, 0x45, 0x53, 
	0x44, 0x33, 0x32, 0x23, 0x34, 0x44, 0x33, 0x44, 
	0x44, 0x44, 0x45, 0x54, 0x45, 0x54, 0x33, 0x33, 
	0x33, 0x44, 0x45, 0x44, 0x45, 0x67, 0x76, 0x33, 
	0x33, 0x44, 0x45, 0x55, 0x43, 0x44, 0x44, 0x44, 
	0x44, 0x33, 0x23, 0x34, 0x43, 0x33, 0x33, 0x44, 
	0x44, 0x44, 0x45, 0x43, 0x33, 0x43, 0x33, 0x33, 
	0x56, 0x44, 0x44, 0x46, 0x44, 0x66, 0x66, 0x43, 
	0x33, 0x44, 0x45, 0x55, 0x65, 0x44, 0x33, 0x34, 
	0x44, 0x44, 0x34, 0x33, 0x33, 0x33, 0x33, 0x44, 
	0x45, 0x56, 0x53, 0x33, 0x33, 0x33, 0x44, 0x34, 
	0x67, 0x54, 0x44, 0x56, 0x66, 0x66, 0x56, 0x53, 
	0x33, 0x44, 0x56, 0x56, 0x66, 0x65, 0x43, 0x34, 
	0x55, 0x45, 0x43, 0x34, 0x55, 0x34, 0x43, 0x44, 
	0x56, 0x66, 0x43, 0x44, 0x43, 0x34, 0x44, 0x66, 
	0x55, 0x54, 0x44, 0x55, 0x56, 0x65, 0x44, 0x54, 
	0x33, 0x34, 0x65, 0x44, 0x56, 0x55, 0x54, 0x44, 
	0x44, 0x45, 0x43, 0x46, 0x66, 0x54, 0x44, 0x44, 
	0x55, 0x44, 0x44, 0x44, 0x44, 0x34, 0x44, 0x66, 
	0x45, 0x44, 0x33, 0x44, 0x44, 0x44, 0x54, 0x44, 
	0x33, 0x23, 0x43, 0x34, 0x55, 0x55, 0x55, 0x44, 
	0x44, 0x44, 0x44, 0x45, 0x55, 0x56, 0x54, 0x44, 
	0x44, 0x44, 0x33, 0x44, 0x44, 0x44, 0x44, 0x44, 
	0x34, 0x43, 0x34, 0x44, 0x44, 0x44, 0x44, 0x32, 
	0x33, 0x32, 0x23, 0x33, 0x44, 0x56, 0x64, 0x55, 
	0x44, 0x54, 0x44, 0x44, 0x56, 0x65, 0x54, 0x44, 
	0x44, 0x45, 0x43, 0x44, 0x44, 0x34, 0x33, 0x33, 
	0x45, 0x66, 0x43, 0x44, 0x33, 0x34, 0x54, 0x22, 
	0x22, 0x22, 0x34, 0x44, 0x33, 0x55, 0x44, 0x54, 
	0x44, 0x44, 0x44, 0x44, 0x44, 0x45, 0x44, 0x44, 
	0x44, 0x22, 0x43, 0x34, 0x43, 0x32, 0x22, 0x33, 
	0x58, 0x77, 0x64, 0x34, 0x43, 0x33, 0x33, 0x33, 
	0x32, 0x33, 0x45, 0x55, 0x53, 0x33, 0x44, 0x44, 
	0x44, 0x44, 0x34, 0x44, 0x33, 0x44, 0x44, 0x44, 
	0x33, 0x33, 0x33, 0x34, 0x33, 0x22, 0x33, 0x33, 
	0x48, 0x76, 0x65, 0x44, 0x33, 0x33, 0x32, 0x24, 
	0x44, 0x66, 0x55, 0x54, 0x43, 0x22, 0x33, 0x32, 
	0x44, 0x43, 0x43, 0x44, 0x43, 0x44, 0x44, 0x44, 
	0x33, 0x33, 0x32, 0x22, 0x22, 0x32, 0x34, 0x43, 
	0x36, 0x76, 0x54, 0x43, 0x33, 0x33, 0x22, 0x46, 
	0x77, 0x66, 0x44, 0x43, 0x33, 0x23, 0x32, 0x22, 
	0x33, 0x34, 0x64, 0x33, 0x33, 0x33, 0x43, 0x44, 
	0x33, 0x33, 0x23, 0x32, 0x33, 0x33, 0x44, 0x43, 
	0x34, 0x54, 0x57, 0x54, 0x33, 0x22, 0x24, 0x66, 
	0x67, 0x65, 0x44, 0x33, 0x33, 0x33, 0x44, 0x23, 
	0x23, 0x45, 0x43, 0x22, 0x22, 0x23, 0x33, 0x43, 
	0x33, 0x33, 0x34, 0x56, 0x66, 0x65, 0x67, 0x64, 
	0x33, 0x45, 0x77, 0x76, 0x63, 0x22, 0x46, 0x56, 
	0x66, 0x65, 0x33, 0x33, 0x33, 0x33, 0x33, 0x33, 
	0x44, 0x44, 0x43, 0x22, 0x33, 0x33, 0x33, 0x33, 
	0x33, 0x34, 0x57, 0x77, 0x77, 0x77, 0x77, 0x75, 
	0x43, 0x47, 0x87, 0x77, 0x64, 0x24, 0x67, 0x66, 
	0x54, 0x44, 0x32, 0x23, 0x33, 0x33, 0x34, 0x34, 
	0x44, 0x44, 0x44, 0x34, 0x55, 0x54, 0x33, 0x34, 
	0x45, 0x65, 0x67, 0x66, 0x66, 0x66, 0x66, 0x66, 
	0x44, 0x77, 0x78, 0x77, 0x54, 0x36, 0x76, 0x55, 
	0x44, 0x44, 0x32, 0x22, 0x33, 0x45, 0x54, 0x44, 
	0x44, 0x44, 0x34, 0x34, 0x45, 0x53, 0x33, 0x46, 
	0x66, 0x64, 0x56, 0x45, 0x55, 0x56, 0x66, 0x64, 
	0x45, 0x66, 0x77, 0x77, 0x54, 0x45, 0x66, 0x44, 
	0x43, 0x33, 0x43, 0x33, 0x33, 0x47, 0x66, 0x44, 
	0x34, 0x44, 0x43, 0x24, 0x44, 0x44, 0x34, 0x66, 
	0x54, 0x43, 0x54, 0x44, 0x44, 0x44, 0x45, 0x54, 
	0x56, 0x55, 0x55, 0x66, 0x65, 0x44, 0x66, 0x55, 
	0x44, 0x43, 0x34, 0x44, 0x43, 0x45, 0x56, 0x55, 
	0x34, 0x33, 0x43, 0x22, 0x32, 0x23, 0x35, 0x54, 
	0x44, 0x34, 0x44, 0x43, 0x34, 0x44, 0x44, 0x45, 
	0x45, 0x64, 0x44, 0x45, 0x55, 0x44, 0x65, 0x66, 
	0x64, 0x44, 0x44, 0x44, 0x42, 0x34, 0x45, 0x45, 
	0x33, 0x34, 0x33, 0x32, 0x32, 0x22, 0x34, 0x44, 
	0x44, 0x34, 0x43, 0x33, 0x33, 0x33, 0x23, 0x33, 
	0x33, 0x46, 0x44, 0x44, 0x56, 0x44, 0x66, 0x66, 
	0x64, 0x44, 0x44, 0x44, 0x43, 0x22, 0x34, 0x44, 
	0x32, 0x23, 0x24, 0x43, 0x44, 0x43, 0x23, 0x33, 
	0x33, 0x34, 0x33, 0x33, 0x33, 0x33, 0x33, 0x33, 
	0x43, 0x34, 0x43, 0x44, 0x44, 0x43, 0x45, 0x55, 
	0x54, 0x44, 0x44, 0x43, 0x33, 0x34, 0x43, 0x33, 
	0x32, 0x22, 0x44, 0x43, 0x44, 0x44, 0x42, 0x22, 
	0x22, 0x33, 0x33, 0x33, 0x44, 0x56, 0x43, 0x23, 
	0x55, 0x33, 0x33, 0x44, 0x34, 0x43, 0x34, 0x44, 
	0x44, 0x44, 0x44, 0x33, 0x33, 0x45, 0x54, 0x33, 
	0x33, 0x32, 0x24, 0x42, 0x34, 0x44, 0x43, 0x34, 
	0x64, 0x33, 0x34, 0x46, 0x67, 0x66, 0x66, 0x43, 
	
};

Gfx ccm_dl_water_i8_aligner[] = {gsSPEndDisplayList()};
u8 ccm_dl_water_i8[] = {
	0x6b, 0x6b, 0x78, 0x9c, 0xa2, 0x87, 0x87, 0x87, 
	0x8d, 0x8d, 0x7b, 0x73, 0x71, 0x71, 0x71, 0x71, 
	0x7c, 0x86, 0x86, 0x8e, 0x97, 0xa0, 0xaf, 0x9f, 
	0x81, 0x74, 0x7c, 0x7c, 0x80, 0x73, 0x64, 0x64, 
	0x6b, 0x6b, 0x78, 0x9c, 0xa2, 0x87, 0x87, 0x87, 
	0x8d, 0x8d, 0x7b, 0x73, 0x71, 0x71, 0x79, 0x80, 
	0x86, 0x86, 0x86, 0x8e, 0x97, 0xa0, 0xaf, 0x9f, 
	0x91, 0x74, 0x74, 0x7c, 0x80, 0x73, 0x64, 0x64, 
	0x6b, 0x6b, 0x78, 0x9c, 0x93, 0x93, 0x87, 0x93, 
	0x8d, 0x8d, 0x7b, 0x84, 0x7e, 0x7e, 0x7e, 0x7e, 
	0x7c, 0x86, 0x86, 0x8e, 0x97, 0x9f, 0xaf, 0x9f, 
	0x91, 0x7c, 0x74, 0x7c, 0x73, 0x73, 0x65, 0x65, 
	0x6b, 0x6b, 0x78, 0x9c, 0x93, 0x93, 0x80, 0x93, 
	0x8d, 0x8d, 0x84, 0x84, 0x7e, 0x7e, 0x7e, 0x7e, 
	0x7c, 0x7c, 0x7c, 0x8e, 0x97, 0xa0, 0xaf, 0x9f, 
	0x91, 0x81, 0x74, 0x74, 0x73, 0x73, 0x65, 0x65, 
	0x64, 0x64, 0x7d, 0x8c, 0x8d, 0x8d, 0x86, 0x8d, 
	0x86, 0x86, 0x86, 0x86, 0x7b, 0x7b, 0x7b, 0x7b, 
	0x80, 0x80, 0x80, 0x92, 0x9c, 0xac, 0xac, 0xac, 
	0xa4, 0x8f, 0x81, 0x74, 0x74, 0x74, 0x64, 0x64, 
	0x64, 0x64, 0x7d, 0x7d, 0x86, 0x8d, 0x8d, 0x9d, 
	0x86, 0x7e, 0x7e, 0x86, 0x7b, 0x7b, 0x76, 0x76, 
	0x80, 0x80, 0x80, 0x92, 0x99, 0xac, 0xac, 0xac, 
	0xa4, 0xa4, 0x8f, 0x74, 0x64, 0x64, 0x63, 0x63, 
	0x64, 0x64, 0x6d, 0x6d, 0x86, 0x86, 0x8d, 0x8d, 
	0x86, 0x7c, 0x7c, 0x7c, 0x7b, 0x77, 0x77, 0x77, 
	0x80, 0x80, 0x80, 0x92, 0x99, 0x9c, 0xac, 0xac, 
	0xa4, 0xa4, 0x8f, 0x81, 0x64, 0x63, 0x63, 0x63, 
	0x64, 0x64, 0x6d, 0x6d, 0x86, 0x86, 0x8d, 0x8d, 
	0x86, 0x7e, 0x7c, 0x7c, 0x7a, 0x7a, 0x7a, 0x7a, 
	0x7b, 0x7b, 0x7b, 0x80, 0x91, 0x99, 0x99, 0x9c, 
	0xa4, 0xa4, 0xa4, 0x8f, 0x74, 0x64, 0x63, 0x63, 
	0x6f, 0x6f, 0x6f, 0x7f, 0x81, 0x81, 0x89, 0x99, 
	0x89, 0x89, 0x7f, 0x7e, 0x7b, 0x7b, 0x70, 0x70, 
	0x77, 0x77, 0x77, 0x77, 0x7f, 0x8f, 0x8f, 0x8f, 
	0x9d, 0xaa, 0xaa, 0xaa, 0x8f, 0x74, 0x74, 0x74, 
	0x89, 0x89, 0x89, 0x89, 0x90, 0x81, 0x89, 0x89, 
	0x89, 0x89, 0x7f, 0x7e, 0x7b, 0x70, 0x70, 0x6d, 
	0x71, 0x71, 0x71, 0x71, 0x70, 0x78, 0x7f, 0x8f, 
	0x8e, 0x9d, 0xaa, 0xaa, 0xa4, 0x8f, 0x81, 0x81, 
	0x9b, 0x9b, 0x9b, 0x9b, 0x90, 0x90, 0x89, 0x89, 
	0x89, 0x89, 0x81, 0x7e, 0x7b, 0x70, 0x6d, 0x6d, 
	0x6d, 0x71, 0x71, 0x71, 0x70, 0x70, 0x70, 0x78, 
	0x7d, 0x9d, 0xaa, 0xaa, 0xa4, 0x8f, 0xa4, 0xa4, 
	0x9b, 0x9b, 0x9b, 0x89, 0x90, 0x90, 0x89, 0x89, 
	0x89, 0x89, 0x89, 0x81, 0x70, 0x70, 0x6d, 0x6d, 
	0x6d, 0x6d, 0x71, 0x6d, 0x70, 0x70, 0x70, 0x70, 
	0x7d, 0x8e, 0x9d, 0xaa, 0xa4, 0xa4, 0xa4, 0xa4, 
	0x9b, 0x9b, 0x8b, 0x7b, 0x8b, 0x9b, 0x8b, 0x8b, 
	0x89, 0x89, 0x89, 0x89, 0x6a, 0x64, 0x72, 0x72, 
	0x6e, 0x6e, 0x6e, 0x6f, 0x77, 0x77, 0x70, 0x70, 
	0x7d, 0x8e, 0x9d, 0xaa, 0x9f, 0x9f, 0x9c, 0x9c, 
	0x8b, 0x7b, 0x73, 0x73, 0x7b, 0x8b, 0x8b, 0x8b, 
	0x89, 0x8b, 0x8b, 0x89, 0x72, 0x64, 0x6a, 0x6a, 
	0x6e, 0x6e, 0x6e, 0x6f, 0x77, 0x77, 0x7b, 0x70, 
	0x7d, 0x8e, 0x9d, 0xaa, 0x9f, 0x9c, 0x9c, 0x95, 
	0x8b, 0x73, 0x73, 0x73, 0x73, 0x7b, 0x7b, 0x8b, 
	0x8b, 0x8b, 0x91, 0x8b, 0x80, 0x64, 0x64, 0x6a, 
	0x6e, 0x6e, 0x6e, 0x6f, 0x6f, 0x77, 0x77, 0x70, 
	0x7d, 0x7d, 0x8e, 0xaa, 0x9f, 0x9f, 0x95, 0x95, 
	0x8b, 0x73, 0x73, 0x73, 0x73, 0x73, 0x73, 0x7b, 
	0x8b, 0x8b, 0x9b, 0x8b, 0x80, 0x64, 0x64, 0x6a, 
	0x6e, 0x6e, 0x6e, 0x6f, 0x6f, 0x6f, 0x6f, 0x6f, 
	0x7d, 0x7d, 0x8e, 0x9d, 0x9f, 0x9c, 0x9c, 0x95, 
	0x8b, 0x7b, 0x73, 0x73, 0x6d, 0x6d, 0x6d, 0x7b, 
	0x86, 0x8d, 0x9d, 0x8d, 0x8b, 0x71, 0x69, 0x71, 
	0x7a, 0x6f, 0x6f, 0x6b, 0x6a, 0x6a, 0x6a, 0x6f, 
	0x76, 0x86, 0x9d, 0x9d, 0xa1, 0x97, 0x97, 0x8d, 
	0x9b, 0x8b, 0x7b, 0x73, 0x64, 0x6d, 0x6d, 0x7b, 
	0x86, 0x8d, 0x8d, 0x9d, 0x8b, 0x71, 0x69, 0x71, 
	0x7a, 0x6f, 0x6f, 0x6b, 0x6a, 0x6a, 0x6f, 0x72, 
	0x76, 0x86, 0x9d, 0x9d, 0x97, 0x97, 0x97, 0x8f, 
	0x9b, 0x9b, 0x8b, 0x7b, 0x6d, 0x7b, 0x6d, 0x7b, 
	0x86, 0x8d, 0x8d, 0x8d, 0x8b, 0x7a, 0x7a, 0x7a, 
	0x7a, 0x7a, 0x6f, 0x6b, 0x6a, 0x6f, 0x72, 0x72, 
	0x76, 0x86, 0x9d, 0x9d, 0x97, 0x8f, 0x8f, 0x8f, 
	0x9b, 0x9b, 0x9b, 0x8b, 0x7b, 0x8b, 0x7b, 0x7b, 
	0x86, 0x8d, 0x8d, 0x8d, 0x8b, 0x8b, 0x8b, 0x7a, 
	0x82, 0x82, 0x82, 0x82, 0x6a, 0x6f, 0x72, 0x6f, 
	0x70, 0x86, 0x9d, 0x9d, 0x97, 0x8f, 0x8d, 0x8d, 
	0x8f, 0x95, 0x95, 0x95, 0x8d, 0x8d, 0x83, 0x83, 
	0x7f, 0x8d, 0x7f, 0x72, 0x82, 0x82, 0x83, 0x83, 
	0x83, 0x83, 0x83, 0x83, 0x81, 0x79, 0x6f, 0x79, 
	0x79, 0x81, 0x99, 0x99, 0x84, 0x84, 0x83, 0x83, 
	0x95, 0xa4, 0xa4, 0xa4, 0x9c, 0x9c, 0x8b, 0x83, 
	0x7f, 0x7f, 0x6c, 0x6c, 0x75, 0x82, 0x82, 0x82, 
	0x83, 0x8b, 0x8b, 0x83, 0x81, 0x81, 0x79, 0x79, 
	0x79, 0x8a, 0x99, 0x99, 0x84, 0x84, 0x84, 0x84, 
	0x8f, 0x95, 0xa4, 0xa4, 0x9c, 0x9c, 0x8d, 0x8b, 
	0x7f, 0x72, 0x6c, 0x6c, 0x75, 0x82, 0x82, 0x82, 
	0x8b, 0x8b, 0x8b, 0x8d, 0x93, 0x81, 0x81, 0x81, 
	0x8a, 0x99, 0x99, 0x99, 0x84, 0x84, 0x84, 0x84, 
	0x88, 0x8f, 0x95, 0x95, 0x9c, 0x9c, 0x9c, 0x8d, 
	0x7f, 0x72, 0x6c, 0x6c, 0x6b, 0x75, 0x82, 0x82, 
	0x8b, 0x8b, 0x8b, 0x8d, 0x93, 0x93, 0x93, 0x93, 
	0x99, 0x99, 0x99, 0x8a, 0x83, 0x83, 0x84, 0x83, 
	0x7b, 0x7c, 0x8a, 0x8a, 0x95, 0x95, 0x9c, 0x95, 
	0x7f, 0x72, 0x6c, 0x6c, 0x6f, 0x6f, 0x84, 0x84, 
	0x87, 0x87, 0x87, 0x87, 0x95, 0x95, 0x9c, 0x9f, 
	0x99, 0x99, 0x8e, 0x83, 0x75, 0x7d, 0x7d, 0x7d, 
	0x75, 0x7b, 0x7c, 0x8a, 0x8e, 0x95, 0x95, 0x95, 
	0x8d, 0x7f, 0x6c, 0x6c, 0x6f, 0x67, 0x73, 0x84, 
	0x87, 0x87, 0x87, 0x87, 0x95, 0x95, 0x9c, 0xae, 
	0x99, 0x99, 0x83, 0x83, 0x73, 0x75, 0x7d, 0x7d, 
	0x75, 0x75, 0x7b, 0x7c, 0x82, 0x95, 0x9c, 0x95, 
	0x8d, 0x7f, 0x72, 0x6c, 0x6f, 0x6f, 0x67, 0x73, 
	0x87, 0x87, 0x91, 0x91, 0x95, 0x95, 0x9f, 0xae, 
	0x99, 0x99, 0x83, 0x79, 0x73, 0x75, 0x75, 0x7d, 
	0x7b, 0x7b, 0x75, 0x7b, 0x82, 0x9c, 0x9c, 0x95, 
	0x8d, 0x8d, 0x7f, 0x6c, 0x6f, 0x6f, 0x67, 0x6f, 
	0x7c, 0x7e, 0x91, 0x91, 0x95, 0x95, 0x9f, 0x9f, 
	0x99, 0x99, 0x83, 0x79, 0x73, 0x73, 0x73, 0x75, 
	0x74, 0x74, 0x74, 0x80, 0x87, 0x9c, 0x9c, 0x8f, 
	0x81, 0x81, 0x7c, 0x74, 0x6c, 0x69, 0x73, 0x73, 
	0x77, 0x7b, 0x92, 0x92, 0x91, 0x99, 0xad, 0x99, 
	0x95, 0x95, 0x88, 0x82, 0x73, 0x6c, 0x6c, 0x73, 
	0x74, 0x74, 0x74, 0x80, 0x8f, 0xab, 0x9c, 0x8f, 
	0x81, 0x81, 0x7c, 0x74, 0x6c, 0x69, 0x73, 0x73, 
	0x77, 0x7b, 0x85, 0x92, 0x91, 0x99, 0xad, 0x99, 
	0x88, 0x88, 0x95, 0x88, 0x7b, 0x6c, 0x6c, 0x6c, 
	0x74, 0x74, 0x74, 0x80, 0x9c, 0xab, 0x9c, 0x8f, 
	0x81, 0x81, 0x7c, 0x74, 0x6c, 0x69, 0x6d, 0x73, 
	0x77, 0x77, 0x85, 0x92, 0x91, 0x99, 0xad, 0x99, 
	0x82, 0x82, 0x88, 0x88, 0x7b, 0x6c, 0x6c, 0x73, 
	0x74, 0x74, 0x78, 0x8c, 0xab, 0x9c, 0x8f, 0x87, 
	0x81, 0x81, 0x7c, 0x74, 0x6c, 0x69, 0x69, 0x69, 
	0x7b, 0x7b, 0x85, 0x92, 0x91, 0x99, 0xad, 0x99, 
	0x82, 0x82, 0x88, 0x88, 0x7b, 0x6c, 0x6c, 0x73, 
	
};

Gfx ccm_dl_water8_64x64_i4_aligner[] = {gsSPEndDisplayList()};
u8 ccm_dl_water8_64x64_i4[] = {
	0x77, 0x77, 0x77, 0x78, 0x87, 0x76, 0x66, 0x77, 
	0x78, 0x87, 0x77, 0x88, 0x77, 0x77, 0x78, 0x88, 
	0x77, 0x66, 0x66, 0x66, 0x77, 0x77, 0x76, 0x66, 
	0x66, 0x77, 0x77, 0x88, 0x87, 0x77, 0x77, 0x77, 
	0x77, 0x77, 0x77, 0x78, 0x88, 0x76, 0x67, 0x77, 
	0x78, 0x77, 0x67, 0x78, 0x88, 0x77, 0x78, 0x87, 
	0x77, 0x66, 0x66, 0x66, 0x67, 0x77, 0x76, 0x66, 
	0x66, 0x77, 0x77, 0x88, 0x87, 0x77, 0x77, 0x77, 
	0x77, 0x77, 0x77, 0x78, 0x88, 0x77, 0x77, 0x88, 
	0x88, 0x77, 0x66, 0x77, 0x88, 0x87, 0x88, 0x88, 
	0x77, 0x76, 0x66, 0x66, 0x67, 0x87, 0x76, 0x66, 
	0x66, 0x67, 0x77, 0x88, 0x87, 0x77, 0x77, 0x76, 
	0x67, 0x77, 0x77, 0x77, 0x88, 0x88, 0x88, 0x88, 
	0x98, 0x76, 0x66, 0x77, 0x88, 0x88, 0x88, 0x77, 
	0x77, 0x77, 0x66, 0x77, 0x77, 0x87, 0x76, 0x66, 
	0x66, 0x67, 0x77, 0x88, 0x87, 0x77, 0x77, 0x87, 
	0x76, 0x77, 0x77, 0x77, 0x88, 0x88, 0x88, 0x89, 
	0x99, 0x87, 0x76, 0x67, 0x77, 0x88, 0x87, 0x66, 
	0x77, 0x77, 0x77, 0x77, 0x88, 0x87, 0x77, 0x66, 
	0x66, 0x67, 0x77, 0x88, 0x87, 0x77, 0x77, 0x88, 
	0x87, 0x77, 0x76, 0x77, 0x78, 0x87, 0x77, 0x88, 
	0x99, 0x98, 0x77, 0x66, 0x67, 0x88, 0x76, 0x66, 
	0x66, 0x78, 0x87, 0x77, 0x77, 0x77, 0x77, 0x76, 
	0x66, 0x77, 0x77, 0x88, 0x88, 0x77, 0x77, 0x88, 
	0x88, 0x77, 0x76, 0x66, 0x77, 0x88, 0x88, 0x88, 
	0x88, 0x88, 0x87, 0x77, 0x77, 0x88, 0x76, 0x66, 
	0x66, 0x67, 0x77, 0x77, 0x77, 0x76, 0x77, 0x77, 
	0x77, 0x77, 0x77, 0x88, 0x88, 0x88, 0x87, 0x88, 
	0x88, 0x87, 0x77, 0x66, 0x67, 0x78, 0x88, 0x77, 
	0x77, 0x77, 0x77, 0x77, 0x77, 0x87, 0x66, 0x66, 
	0x66, 0x77, 0x77, 0x77, 0x77, 0x66, 0x67, 0x77, 
	0x77, 0x77, 0x77, 0x78, 0x77, 0x77, 0x77, 0x78, 
	0x88, 0x87, 0x77, 0x77, 0x67, 0x78, 0x88, 0x77, 
	0x66, 0x77, 0x77, 0x77, 0x77, 0x77, 0x66, 0x66, 
	0x66, 0x77, 0x77, 0x77, 0x77, 0x66, 0x67, 0x78, 
	0x88, 0x77, 0x77, 0x88, 0x77, 0x66, 0x77, 0x78, 
	0x88, 0x88, 0x77, 0x77, 0x77, 0x78, 0x87, 0x76, 
	0x67, 0x77, 0x77, 0x77, 0x77, 0x77, 0x66, 0x66, 
	0x67, 0x77, 0x77, 0x77, 0x76, 0x66, 0x67, 0x78, 
	0x88, 0x77, 0x77, 0x77, 0x77, 0x66, 0x77, 0x77, 
	0x77, 0x88, 0x88, 0x77, 0x77, 0x88, 0x87, 0x66, 
	0x77, 0x77, 0x76, 0x67, 0x77, 0x77, 0x66, 0x66, 
	0x77, 0x77, 0x77, 0x77, 0x77, 0x76, 0x67, 0x78, 
	0x87, 0x77, 0x77, 0x77, 0x67, 0x66, 0x77, 0x77, 
	0x77, 0x78, 0x88, 0x87, 0x77, 0x88, 0x77, 0x67, 
	0x77, 0x77, 0x77, 0x67, 0x77, 0x77, 0x66, 0x67, 
	0x77, 0x77, 0x77, 0x77, 0x77, 0x77, 0x77, 0x88, 
	0x77, 0x66, 0x67, 0x77, 0x66, 0x77, 0x77, 0x77, 
	0x77, 0x78, 0x98, 0x88, 0x88, 0x98, 0x76, 0x67, 
	0x77, 0x77, 0x77, 0x76, 0x77, 0x77, 0x77, 0x77, 
	0x77, 0x77, 0x77, 0x77, 0x77, 0x77, 0x78, 0x87, 
	0x76, 0x66, 0x66, 0x77, 0x67, 0x77, 0x77, 0x77, 
	0x77, 0x77, 0x89, 0x88, 0x89, 0x98, 0x76, 0x77, 
	0x77, 0x77, 0x77, 0x76, 0x67, 0x77, 0x77, 0x77, 
	0x77, 0x77, 0x77, 0x77, 0x78, 0x88, 0x88, 0x87, 
	0x66, 0x66, 0x66, 0x77, 0x66, 0x77, 0x77, 0x77, 
	0x77, 0x77, 0x89, 0x88, 0x89, 0x98, 0x76, 0x77, 
	0x77, 0x77, 0x77, 0x76, 0x67, 0x88, 0x77, 0x77, 
	0x77, 0x77, 0x77, 0x77, 0x78, 0x88, 0x88, 0x87, 
	0x66, 0x66, 0x66, 0x77, 0x66, 0x77, 0x77, 0x77, 
	0x77, 0x77, 0x88, 0x88, 0x88, 0x98, 0x77, 0x77, 
	0x77, 0x77, 0x77, 0x76, 0x77, 0x88, 0x77, 0x77, 
	0x78, 0x88, 0x77, 0x77, 0x77, 0x77, 0x88, 0x87, 
	0x76, 0x66, 0x66, 0x77, 0x66, 0x77, 0x77, 0x77, 
	0x77, 0x77, 0x88, 0x87, 0x77, 0x88, 0x87, 0x67, 
	0x77, 0x77, 0x77, 0x76, 0x78, 0x87, 0x77, 0x78, 
	0x88, 0x77, 0x77, 0x77, 0x77, 0x77, 0x78, 0x88, 
	0x77, 0x66, 0x67, 0x77, 0x76, 0x77, 0x77, 0x77, 
	0x77, 0x78, 0x88, 0x77, 0x77, 0x78, 0x87, 0x67, 
	0x77, 0x77, 0x77, 0x77, 0x78, 0x77, 0x77, 0x78, 
	0x87, 0x77, 0x77, 0x76, 0x66, 0x77, 0x77, 0x88, 
	0x87, 0x77, 0x77, 0x78, 0x76, 0x77, 0x77, 0x77, 
	0x77, 0x88, 0x77, 0x77, 0x77, 0x78, 0x87, 0x77, 
	0x77, 0x77, 0x77, 0x77, 0x77, 0x77, 0x67, 0x78, 
	0x77, 0x77, 0x77, 0x66, 0x66, 0x67, 0x77, 0x78, 
	0x88, 0x77, 0x77, 0x78, 0x76, 0x66, 0x77, 0x77, 
	0x77, 0x87, 0x77, 0x77, 0x67, 0x78, 0x87, 0x77, 
	0x77, 0x77, 0x77, 0x78, 0x77, 0x77, 0x67, 0x88, 
	0x76, 0x77, 0x77, 0x66, 0x66, 0x67, 0x77, 0x77, 
	0x88, 0x77, 0x77, 0x78, 0x77, 0x67, 0x77, 0x77, 
	0x78, 0x87, 0x77, 0x66, 0x67, 0x78, 0x77, 0x77, 
	0x77, 0x77, 0x77, 0x77, 0x77, 0x77, 0x77, 0x87, 
	0x66, 0x77, 0x76, 0x66, 0x66, 0x67, 0x77, 0x77, 
	0x77, 0x77, 0x77, 0x78, 0x77, 0x77, 0x77, 0x78, 
	0x88, 0x77, 0x76, 0x66, 0x77, 0x87, 0x77, 0x77, 
	0x88, 0x88, 0x87, 0x77, 0x66, 0x77, 0x77, 0x76, 
	0x66, 0x67, 0x76, 0x66, 0x66, 0x67, 0x77, 0x77, 
	0x77, 0x77, 0x77, 0x88, 0x88, 0x88, 0x77, 0x88, 
	0x87, 0x67, 0x76, 0x77, 0x78, 0x87, 0x77, 0x78, 
	0x99, 0x88, 0x77, 0x76, 0x66, 0x77, 0x77, 0x76, 
	0x66, 0x66, 0x66, 0x66, 0x66, 0x77, 0x77, 0x77, 
	0x77, 0x76, 0x77, 0x88, 0x88, 0x77, 0x77, 0x88, 
	0x77, 0x77, 0x77, 0x77, 0x88, 0x87, 0x77, 0x88, 
	0x99, 0x87, 0x76, 0x66, 0x67, 0x78, 0x77, 0x66, 
	0x66, 0x66, 0x66, 0x66, 0x67, 0x77, 0x77, 0x76, 
	0x66, 0x67, 0x77, 0x88, 0x87, 0x77, 0x77, 0x88, 
	0x77, 0x77, 0x77, 0x78, 0x88, 0x88, 0x88, 0x88, 
	0x88, 0x76, 0x66, 0x77, 0x77, 0x88, 0x76, 0x66, 
	0x66, 0x67, 0x66, 0x67, 0x77, 0x77, 0x77, 0x66, 
	0x66, 0x67, 0x77, 0x88, 0x88, 0x77, 0x77, 0x88, 
	0x77, 0x77, 0x77, 0x78, 0x88, 0x77, 0x77, 0x88, 
	0x88, 0x77, 0x66, 0x77, 0x88, 0x87, 0x77, 0x76, 
	0x66, 0x77, 0x77, 0x77, 0x77, 0x77, 0x76, 0x66, 
	0x66, 0x77, 0x77, 0x88, 0x88, 0x77, 0x77, 0x78, 
	0x77, 0x77, 0x77, 0x88, 0x77, 0x76, 0x67, 0x77, 
	0x88, 0x77, 0x76, 0x77, 0x88, 0x87, 0x77, 0x77, 
	0x76, 0x67, 0x77, 0x77, 0x77, 0x77, 0x76, 0x66, 
	0x66, 0x77, 0x77, 0x88, 0x98, 0x77, 0x77, 0x77, 
	0x77, 0x77, 0x77, 0x87, 0x77, 0x66, 0x67, 0x78, 
	0x88, 0x87, 0x77, 0x78, 0x87, 0x77, 0x88, 0x87, 
	0x77, 0x77, 0x77, 0x77, 0x77, 0x77, 0x76, 0x66, 
	0x66, 0x77, 0x77, 0x88, 0x88, 0x77, 0x77, 0x77, 
	0x77, 0x77, 0x78, 0x87, 0x66, 0x66, 0x67, 0x78, 
	0x88, 0x87, 0x77, 0x88, 0x87, 0x77, 0x77, 0x88, 
	0x77, 0x77, 0x77, 0x77, 0x77, 0x77, 0x76, 0x66, 
	0x67, 0x78, 0x77, 0x78, 0x88, 0x87, 0x77, 0x77, 
	0x77, 0x77, 0x88, 0x77, 0x66, 0x66, 0x77, 0x77, 
	0x77, 0x77, 0x77, 0x88, 0x87, 0x77, 0x77, 0x88, 
	0x77, 0x77, 0x77, 0x76, 0x77, 0x77, 0x76, 0x66, 
	0x67, 0x88, 0x87, 0x77, 0x78, 0x87, 0x77, 0x77, 
	0x77, 0x78, 0x87, 0x77, 0x66, 0x66, 0x77, 0x77, 
	0x77, 0x77, 0x77, 0x89, 0x98, 0x87, 0x78, 0x77, 
	0x77, 0x77, 0x76, 0x66, 0x67, 0x77, 0x76, 0x66, 
	0x77, 0x88, 0x87, 0x77, 0x77, 0x77, 0x77, 0x77, 
	0x77, 0x78, 0x87, 0x76, 0x66, 0x67, 0x77, 0x77, 
	0x67, 0x77, 0x77, 0x89, 0x99, 0x88, 0x77, 0x77, 
	0x77, 0x78, 0x77, 0x66, 0x66, 0x77, 0x76, 0x66, 
	0x78, 0x88, 0x77, 0x77, 0x77, 0x77, 0x77, 0x77, 
	0x78, 0x88, 0x87, 0x77, 0x77, 0x77, 0x87, 0x66, 
	0x66, 0x66, 0x77, 0x89, 0x99, 0x98, 0x77, 0x67, 
	0x77, 0x77, 0x87, 0x76, 0x67, 0x77, 0x77, 0x77, 
	0x88, 0x87, 0x77, 0x77, 0x77, 0x77, 0x77, 0x77, 
	0x77, 0x88, 0x88, 0x77, 0x77, 0x88, 0x77, 0x66, 
	0x66, 0x67, 0x77, 0x78, 0x99, 0x98, 0x77, 0x77, 
	0x77, 0x77, 0x78, 0x77, 0x77, 0x77, 0x77, 0x77, 
	0x88, 0x77, 0x66, 0x77, 0x77, 0x77, 0x77, 0x77, 
	0x67, 0x88, 0x88, 0x88, 0x88, 0x98, 0x76, 0x66, 
	0x67, 0x77, 0x77, 0x78, 0x99, 0x98, 0x77, 0x77, 
	0x77, 0x77, 0x78, 0x88, 0x77, 0x78, 0x88, 0x87, 
	0x77, 0x76, 0x66, 0x67, 0x77, 0x77, 0x77, 0x66, 
	0x67, 0x88, 0x99, 0x88, 0x89, 0x98, 0x76, 0x66, 
	0x67, 0x77, 0x77, 0x78, 0x89, 0x98, 0x77, 0x77, 
	0x77, 0x77, 0x88, 0x88, 0x88, 0x88, 0x88, 0x87, 
	0x66, 0x66, 0x66, 0x67, 0x77, 0x77, 0x77, 0x76, 
	0x67, 0x88, 0x98, 0x88, 0x88, 0x97, 0x76, 0x66, 
	0x66, 0x77, 0x77, 0x78, 0x99, 0x98, 0x77, 0x77, 
	0x77, 0x77, 0x88, 0x88, 0x77, 0x78, 0x88, 0x87, 
	0x76, 0x66, 0x66, 0x67, 0x77, 0x77, 0x77, 0x76, 
	0x68, 0x89, 0x88, 0x88, 0x78, 0x88, 0x77, 0x66, 
	0x66, 0x67, 0x77, 0x78, 0x99, 0x98, 0x76, 0x77, 
	0x77, 0x77, 0x88, 0x87, 0x77, 0x77, 0x78, 0x88, 
	0x77, 0x66, 0x67, 0x77, 0x77, 0x77, 0x77, 0x76, 
	0x78, 0x98, 0x87, 0x77, 0x77, 0x88, 0x77, 0x66, 
	0x66, 0x67, 0x77, 0x88, 0x89, 0x97, 0x66, 0x66, 
	0x77, 0x77, 0x88, 0x77, 0x76, 0x77, 0x78, 0x88, 
	0x87, 0x77, 0x77, 0x77, 0x77, 0x77, 0x77, 0x76, 
	0x88, 0x88, 0x77, 0x77, 0x77, 0x78, 0x87, 0x76, 
	0x66, 0x67, 0x78, 0x88, 0x88, 0x97, 0x66, 0x66, 
	0x67, 0x77, 0x88, 0x76, 0x66, 0x67, 0x77, 0x88, 
	0x88, 0x77, 0x77, 0x77, 0x77, 0x77, 0x77, 0x77, 
	0x88, 0x87, 0x77, 0x77, 0x77, 0x78, 0x87, 0x77, 
	0x77, 0x77, 0x88, 0x87, 0x78, 0x98, 0x66, 0x66, 
	0x67, 0x77, 0x88, 0x76, 0x66, 0x67, 0x77, 0x88, 
	0x88, 0x87, 0x77, 0x77, 0x77, 0x77, 0x77, 0x88, 
	0x88, 0x77, 0x77, 0x76, 0x67, 0x78, 0x88, 0x77, 
	0x77, 0x89, 0x98, 0x77, 0x77, 0x88, 0x76, 0x66, 
	0x66, 0x77, 0x88, 0x76, 0x66, 0x67, 0x77, 0x87, 
	0x77, 0x77, 0x77, 0x78, 0x77, 0x77, 0x88, 0x88, 
	0x87, 0x77, 0x77, 0x66, 0x77, 0x88, 0x88, 0x87, 
	0x78, 0x99, 0x97, 0x77, 0x77, 0x88, 0x76, 0x66, 
	0x66, 0x77, 0x87, 0x66, 0x66, 0x67, 0x77, 0x77, 
	0x77, 0x77, 0x77, 0x88, 0x88, 0x87, 0x88, 0x88, 
	0x77, 0x77, 0x77, 0x77, 0x78, 0x87, 0x77, 0x88, 
	0x99, 0x99, 0x77, 0x67, 0x77, 0x88, 0x76, 0x66, 
	0x66, 0x78, 0x87, 0x66, 0x66, 0x67, 0x77, 0x77, 
	0x77, 0x77, 0x77, 0x88, 0x88, 0x77, 0x77, 0x88, 
	0x77, 0x77, 0x77, 0x77, 0x88, 0x88, 0x77, 0x89, 
	0x99, 0x87, 0x76, 0x67, 0x77, 0x78, 0x77, 0x66, 
	0x66, 0x78, 0x87, 0x66, 0x66, 0x77, 0x77, 0x77, 
	0x76, 0x77, 0x77, 0x88, 0x87, 0x77, 0x77, 0x87, 
	0x77, 0x77, 0x77, 0x77, 0x88, 0x88, 0x88, 0x88, 
	0x98, 0x77, 0x66, 0x77, 0x77, 0x77, 0x77, 0x66, 
	0x66, 0x78, 0x77, 0x66, 0x67, 0x77, 0x77, 0x77, 
	0x76, 0x67, 0x77, 0x88, 0x87, 0x77, 0x77, 0x77, 
	0x77, 0x77, 0x77, 0x78, 0x88, 0x77, 0x88, 0x88, 
	0x88, 0x76, 0x66, 0x77, 0x77, 0x77, 0x77, 0x76, 
	0x67, 0x87, 0x76, 0x66, 0x77, 0x77, 0x77, 0x66, 
	0x66, 0x67, 0x77, 0x88, 0x87, 0x77, 0x77, 0x77, 
	0x77, 0x77, 0x77, 0x78, 0x88, 0x76, 0x67, 0x77, 
	0x87, 0x77, 0x66, 0x77, 0x77, 0x77, 0x77, 0x77, 
	0x77, 0x77, 0x66, 0x77, 0x77, 0x77, 0x76, 0x66, 
	0x66, 0x77, 0x77, 0x88, 0x87, 0x77, 0x77, 0x77, 
	0x77, 0x77, 0x77, 0x78, 0x88, 0x76, 0x66, 0x77, 
	0x78, 0x77, 0x77, 0x77, 0x77, 0x77, 0x77, 0x77, 
	0x78, 0x77, 0x67, 0x77, 0x77, 0x77, 0x76, 0x66, 
	0x66, 0x77, 0x77, 0x88, 0x87, 0x77, 0x77, 0x77, 
	0x77, 0x77, 0x77, 0x88, 0x87, 0x66, 0x66, 0x77, 
	0x77, 0x87, 0x77, 0x77, 0x77, 0x77, 0x77, 0x88, 
	0x87, 0x77, 0x77, 0x77, 0x77, 0x77, 0x76, 0x66, 
	0x67, 0x77, 0x78, 0x88, 0x87, 0x77, 0x77, 0x77, 
	0x77, 0x77, 0x77, 0x88, 0x87, 0x66, 0x66, 0x77, 
	0x77, 0x88, 0x77, 0x77, 0x77, 0x77, 0x77, 0x88, 
	0x77, 0x77, 0x77, 0x77, 0x77, 0x77, 0x76, 0x66, 
	0x67, 0x77, 0x88, 0x88, 0x88, 0x77, 0x77, 0x77, 
	0x77, 0x77, 0x77, 0x88, 0x87, 0x66, 0x66, 0x77, 
	0x77, 0x78, 0x77, 0x77, 0x77, 0x77, 0x77, 0x78, 
	0x77, 0x77, 0x77, 0x66, 0x67, 0x77, 0x77, 0x76, 
	0x67, 0x78, 0x87, 0x77, 0x88, 0x77, 0x77, 0x77, 
	0x77, 0x77, 0x77, 0x88, 0x87, 0x77, 0x66, 0x66, 
	0x67, 0x77, 0x87, 0x77, 0x77, 0x77, 0x77, 0x77, 
	0x77, 0x77, 0x76, 0x66, 0x66, 0x77, 0x77, 0x77, 
	0x77, 0x88, 0x77, 0x77, 0x88, 0x77, 0x77, 0x77, 
	0x77, 0x77, 0x77, 0x88, 0x87, 0x77, 0x66, 0x66, 
	0x66, 0x77, 0x88, 0x77, 0x77, 0x77, 0x77, 0x77, 
	0x77, 0x77, 0x76, 0x66, 0x66, 0x77, 0x77, 0x77, 
	0x78, 0x88, 0x77, 0x77, 0x78, 0x77, 0x77, 0x77, 
	0x77, 0x77, 0x78, 0x78, 0x87, 0x77, 0x66, 0x66, 
	0x66, 0x67, 0x78, 0x77, 0x87, 0x77, 0x77, 0x77, 
	0x78, 0x77, 0x76, 0x66, 0x66, 0x77, 0x77, 0x77, 
	0x88, 0x87, 0x77, 0x77, 0x78, 0x87, 0x77, 0x77, 
	0x77, 0x77, 0x78, 0x77, 0x87, 0x77, 0x76, 0x77, 
	0x76, 0x67, 0x78, 0x88, 0x77, 0x77, 0x77, 0x77, 
	0x77, 0x87, 0x77, 0x77, 0x77, 0x77, 0x87, 0x78, 
	0x88, 0x77, 0x77, 0x77, 0x78, 0x88, 0x77, 0x77, 
	0x78, 0x77, 0x77, 0x77, 0x88, 0x77, 0x77, 0x77, 
	0x77, 0x67, 0x78, 0x88, 0x77, 0x77, 0x77, 0x77, 
	0x77, 0x88, 0x77, 0x77, 0x78, 0x88, 0x88, 0x88, 
	0x87, 0x77, 0x77, 0x77, 0x78, 0x88, 0x87, 0x77, 
	0x88, 0x88, 0x87, 0x77, 0x88, 0x77, 0x77, 0x77, 
	0x77, 0x67, 0x88, 0x87, 0x77, 0x77, 0x77, 0x77, 
	0x77, 0x88, 0x88, 0x77, 0x77, 0x88, 0x87, 0x78, 
	0x87, 0x77, 0x77, 0x77, 0x77, 0x88, 0x88, 0x88, 
	0x77, 0x88, 0x88, 0x88, 0x87, 0x77, 0x77, 0x77, 
	0x77, 0x77, 0x88, 0x87, 0x77, 0x77, 0x77, 0x77, 
	0x77, 0x88, 0x77, 0x77, 0x77, 0x78, 0x77, 0x77, 
	0x88, 0x87, 0x77, 0x77, 0x77, 0x78, 0x88, 0x77, 
	0x77, 0x77, 0x88, 0x88, 0x87, 0x77, 0x76, 0x77, 
	0x77, 0x77, 0x88, 0x77, 0x77, 0x77, 0x77, 0x77, 
	0x78, 0x87, 0x76, 0x66, 0x66, 0x77, 0x77, 0x77, 
	0x78, 0x88, 0x77, 0x77, 0x77, 0x77, 0x88, 0x77, 
	0x77, 0x77, 0x78, 0x88, 0x87, 0x77, 0x66, 0x66, 
	0x67, 0x78, 0x87, 0x77, 0x77, 0x77, 0x77, 0x77, 
	0x88, 0x77, 0x76, 0x66, 0x66, 0x77, 0x76, 0x77, 
	0x77, 0x88, 0x77, 0x77, 0x77, 0x77, 0x77, 0x76, 
	0x77, 0x77, 0x77, 0x88, 0x87, 0x76, 0x66, 0x66, 
	0x67, 0x78, 0x87, 0x77, 0x77, 0x77, 0x77, 0x77, 
	0x87, 0x77, 0x66, 0x66, 0x67, 0x77, 0x76, 0x66, 
	0x77, 0x88, 0x87, 0x77, 0x77, 0x77, 0x77, 0x77, 
	0x77, 0x77, 0x77, 0x78, 0x87, 0x66, 0x76, 0x66, 
	0x77, 0x88, 0x87, 0x77, 0x77, 0x77, 0x77, 0x78, 
	0x77, 0x77, 0x66, 0x66, 0x67, 0x77, 0x76, 0x66, 
	0x67, 0x78, 0x87, 0x77, 0x77, 0x77, 0x77, 0x77, 
	0x77, 0x77, 0x77, 0x88, 0x87, 0x66, 0x66, 0x67, 
	0x77, 0x87, 0x78, 0x87, 0x77, 0x77, 0x77, 0x88, 
	0x77, 0x76, 0x66, 0x66, 0x67, 0x77, 0x76, 0x66, 
	0x67, 0x78, 0x77, 0x87, 0x77, 0x77, 0x77, 0x77, 
	
};

Gfx ccm_dl_GRASS2__OVERHANG__i8_aligner[] = {gsSPEndDisplayList()};
u8 ccm_dl_GRASS2__OVERHANG__i8[] = {
	0xae, 0x78, 0x6b, 0x43, 0x78, 0x43, 0x36, 0x5e, 
	0x86, 0x5e, 0x78, 0x6b, 0x43, 0x78, 0x78, 0x43, 
	0x5e, 0x6b, 0x43, 0x6b, 0x78, 0x78, 0x5e, 0x6b, 
	0x50, 0x78, 0x6b, 0x86, 0x5e, 0x36, 0x43, 0x78, 
	0x6b, 0x5e, 0x43, 0x6b, 0x93, 0x50, 0x5e, 0x78, 
	0x6b, 0x6b, 0x43, 0x5e, 0x78, 0x50, 0x43, 0x50, 
	0x6b, 0x78, 0x78, 0x78, 0x6b, 0x78, 0x6b, 0x78, 
	0x93, 0x5e, 0x50, 0x86, 0x50, 0x6b, 0x78, 0x78, 
	0xa1, 0x78, 0x5e, 0x36, 0x50, 0x6b, 0x50, 0x28, 
	0x36, 0x5e, 0x43, 0x5e, 0x36, 0x5e, 0x78, 0x50, 
	0x43, 0x5e, 0x43, 0x36, 0x43, 0x43, 0x5e, 0x5e, 
	0x36, 0x5e, 0x50, 0x5e, 0x36, 0x36, 0x43, 0x43, 
	0x50, 0x86, 0x6b, 0x50, 0x86, 0x6b, 0x5e, 0x78, 
	0x78, 0x6b, 0x43, 0x78, 0x50, 0x6b, 0x78, 0x5e, 
	0x50, 0x78, 0x78, 0x78, 0x78, 0x78, 0x50, 0x6b, 
	0x6b, 0x6b, 0x43, 0x50, 0x78, 0x78, 0x93, 0x93, 
	0x86, 0x6b, 0x50, 0x43, 0x36, 0x50, 0x78, 0x43, 
	0x28, 0x36, 0x28, 0x43, 0x43, 0x50, 0x5e, 0x6b, 
	0x5e, 0x28, 0x28, 0x50, 0x43, 0x36, 0x5e, 0x50, 
	0x5e, 0x50, 0x43, 0x50, 0x50, 0x36, 0x28, 0x43, 
	0x43, 0x6b, 0x78, 0x6b, 0x6b, 0x78, 0x50, 0x5e, 
	0x6b, 0x6b, 0x50, 0x43, 0x43, 0x6b, 0x93, 0x93, 
	0x93, 0x93, 0x5e, 0x78, 0x50, 0x78, 0x78, 0x78, 
	0x78, 0x78, 0x6b, 0x43, 0x78, 0x78, 0x5e, 0x78, 
	0x6b, 0x50, 0x36, 0x50, 0x43, 0x43, 0x50, 0x50, 
	0x50, 0x43, 0x36, 0x43, 0x50, 0x50, 0x43, 0x50, 
	0x5e, 0x50, 0x78, 0x50, 0x43, 0x43, 0x50, 0x43, 
	0x36, 0x28, 0x43, 0x50, 0x6b, 0x50, 0x36, 0x5e, 
	0x78, 0x6b, 0x78, 0x5e, 0x78, 0x78, 0x5e, 0x6b, 
	0x43, 0x50, 0x50, 0x50, 0x43, 0x5e, 0x78, 0xbc, 
	0xbc, 0x86, 0x5e, 0x6b, 0x50, 0x78, 0x78, 0x78, 
	0x5e, 0xae, 0x6b, 0x50, 0x6b, 0x6b, 0x78, 0x78, 
	0x50, 0x43, 0x43, 0x50, 0x28, 0x28, 0x43, 0x43, 
	0x43, 0x43, 0x50, 0x36, 0x36, 0x50, 0x36, 0x36, 
	0x50, 0x86, 0x50, 0x50, 0x28, 0x28, 0x43, 0x43, 
	0x43, 0x43, 0x43, 0x5e, 0x50, 0x36, 0x36, 0x36, 
	0x50, 0x50, 0x86, 0x78, 0x50, 0x78, 0x93, 0x78, 
	0x78, 0x78, 0x6b, 0x86, 0x50, 0x6b, 0x78, 0x6b, 
	0x78, 0x86, 0x50, 0x5e, 0x6b, 0x78, 0x78, 0x6b, 
	0x78, 0x93, 0xa1, 0x6b, 0x78, 0x86, 0x93, 0x93, 
	0x5e, 0x50, 0x36, 0x43, 0x43, 0x50, 0x43, 0x43, 
	0x36, 0x28, 0x43, 0x5e, 0x28, 0x50, 0x5e, 0x43, 
	0x36, 0xbc, 0x78, 0x36, 0x28, 0x28, 0x1b, 0x28, 
	0x43, 0x5e, 0x43, 0x50, 0x5e, 0x50, 0x36, 0x43, 
	0x43, 0x50, 0x86, 0x78, 0x43, 0x50, 0x6b, 0x5e, 
	0x86, 0x78, 0x50, 0x43, 0x50, 0x50, 0x78, 0x78, 
	0x93, 0x6b, 0x50, 0x5e, 0x6b, 0x6b, 0x5e, 0x5e, 
	0x86, 0x93, 0x93, 0x93, 0x6b, 0x78, 0x6b, 0x5e, 
	0x5e, 0x5e, 0x50, 0x5e, 0x5e, 0x5e, 0x43, 0x43, 
	0x43, 0x43, 0x36, 0x93, 0x28, 0x43, 0x50, 0x5e, 
	0x50, 0x86, 0x43, 0x28, 0x28, 0x43, 0x28, 0x28, 
	0x28, 0x36, 0x36, 0x43, 0x5e, 0x78, 0x86, 0x5e, 
	0x5e, 0x78, 0x78, 0x6b, 0x43, 0x50, 0x5e, 0x50, 
	0x78, 0x6b, 0x50, 0x43, 0x6b, 0x78, 0x50, 0x86, 
	0x6b, 0x50, 0x50, 0x50, 0x78, 0x6b, 0x78, 0x6b, 
	0x50, 0x50, 0x6b, 0x86, 0x50, 0x78, 0x6b, 0x6b, 
	0x86, 0x78, 0x50, 0x36, 0x43, 0x43, 0x43, 0x43, 
	0x43, 0x28, 0x36, 0x5e, 0x43, 0x43, 0x43, 0x50, 
	0x78, 0x50, 0x43, 0x28, 0x43, 0x43, 0x43, 0x43, 
	0x36, 0x43, 0x43, 0x43, 0x5e, 0x50, 0x50, 0x6b, 
	0x6b, 0x78, 0x78, 0x6b, 0x43, 0x43, 0x50, 0x50, 
	0x93, 0x78, 0x50, 0x43, 0x50, 0x86, 0x6b, 0x78, 
	0x78, 0x5e, 0x50, 0x50, 0x78, 0x6b, 0x50, 0x86, 
	0x6b, 0x6b, 0x6b, 0x93, 0x5e, 0x78, 0x78, 0x6b, 
	0x86, 0x5e, 0x50, 0x50, 0x43, 0x36, 0x36, 0x43, 
	0x43, 0x28, 0x50, 0x43, 0x50, 0x50, 0x36, 0x43, 
	0x5e, 0x50, 0x43, 0x36, 0x50, 0x28, 0x28, 0x43, 
	0x43, 0x43, 0x43, 0x50, 0x43, 0x50, 0x5e, 0x5e, 
	0x5e, 0x6b, 0xa1, 0x6b, 0x50, 0x43, 0x6b, 0x50, 
	0xa1, 0x6b, 0x78, 0x78, 0x78, 0x86, 0xa1, 0x78, 
	0x6b, 0x43, 0x5e, 0x5e, 0x78, 0x5e, 0x6b, 0x78, 
	0x50, 0x78, 0x6b, 0x93, 0x6b, 0x6b, 0x6b, 0x6b, 
	0x6b, 0x86, 0x6b, 0x5e, 0x5e, 0x28, 0x43, 0x43, 
	0x43, 0x43, 0x78, 0x36, 0x86, 0x86, 0x5e, 0x43, 
	0x78, 0x50, 0x28, 0x43, 0x78, 0x43, 0x28, 0x43, 
	0x78, 0x43, 0x43, 0x43, 0x36, 0x50, 0x50, 0x78, 
	0x5e, 0x50, 0x78, 0x78, 0x93, 0x50, 0x50, 0x6b, 
	0x50, 0x78, 0x78, 0x78, 0x86, 0x93, 0xa1, 0x78, 
	0x5e, 0x6b, 0x78, 0x78, 0x6b, 0x78, 0x6b, 0x93, 
	0x78, 0x50, 0x78, 0x78, 0x78, 0x78, 0x50, 0x50, 
	0x6b, 0x78, 0x6b, 0x50, 0x43, 0x36, 0x43, 0x43, 
	0x43, 0x5e, 0x5e, 0x78, 0x43, 0x43, 0xbc, 0x43, 
	0x50, 0x43, 0x36, 0x50, 0x78, 0x43, 0x36, 0x36, 
	0x50, 0x43, 0x5e, 0x43, 0x28, 0x50, 0x43, 0x5e, 
	0x43, 0x50, 0xa1, 0x6b, 0xa1, 0x50, 0x43, 0x6b, 
	0x43, 0x78, 0x78, 0x78, 0x78, 0x50, 0x43, 0x78, 
	0x5e, 0x86, 0x86, 0x50, 0x5e, 0x78, 0x50, 0x86, 
	0x93, 0x50, 0x78, 0x5e, 0xa1, 0x78, 0x78, 0x78, 
	0x5e, 0x5e, 0x50, 0x50, 0x43, 0x36, 0x43, 0x43, 
	0x43, 0x43, 0x93, 0x86, 0x36, 0x43, 0x86, 0x43, 
	0x43, 0x43, 0x43, 0x43, 0x5e, 0x43, 0x43, 0x43, 
	0x43, 0x36, 0x36, 0x36, 0x43, 0x36, 0x43, 0x5e, 
	0x6b, 0x50, 0x93, 0x5e, 0x86, 0x5e, 0x50, 0x6b, 
	0x86, 0x50, 0x6b, 0x86, 0x6b, 0x50, 0x50, 0x78, 
	0x78, 0x86, 0x93, 0x86, 0x5e, 0x6b, 0x6b, 0x78, 
	0x78, 0x6b, 0x78, 0x78, 0x6b, 0x6b, 0x86, 0x78, 
	0x6b, 0x6b, 0x36, 0x50, 0x28, 0x28, 0x43, 0x43, 
	0x36, 0x43, 0x78, 0x78, 0x43, 0x43, 0x50, 0x36, 
	0x43, 0x43, 0x43, 0x5e, 0x78, 0x28, 0x43, 0x43, 
	0x50, 0x1b, 0x1b, 0x28, 0x43, 0x43, 0x43, 0x5e, 
	0x93, 0x50, 0x6b, 0x6b, 0x6b, 0x5e, 0x78, 0x78, 
	0x5e, 0x50, 0x43, 0x6b, 0x78, 0x5e, 0x43, 0x50, 
	0x5e, 0x78, 0x93, 0xa1, 0xa1, 0x78, 0x50, 0x6b, 
	0x6b, 0x78, 0xae, 0x78, 0x78, 0x6b, 0x78, 0x6b, 
	0x6b, 0x5e, 0x36, 0x50, 0x43, 0x43, 0x50, 0x43, 
	0x43, 0x43, 0x78, 0x43, 0x43, 0x43, 0x50, 0x43, 
	0x36, 0x36, 0x43, 0x78, 0x43, 0x28, 0x50, 0x78, 
	0x43, 0x28, 0x43, 0x28, 0x78, 0x50, 0x50, 0x5e, 
	0x78, 0x50, 0x6b, 0x5e, 0x6b, 0x78, 0x5e, 0x50, 
	0x50, 0x5e, 0x50, 0x50, 0x78, 0x78, 0x5e, 0x6b, 
	0x78, 0x78, 0x93, 0x78, 0x6b, 0x78, 0x6b, 0x6b, 
	0x5e, 0x78, 0xa1, 0x93, 0x50, 0x50, 0x78, 0x6b, 
	0x5e, 0x5e, 0x43, 0x43, 0x78, 0x43, 0x78, 0x43, 
	0x28, 0x50, 0x5e, 0x36, 0x36, 0x86, 0x50, 0x43, 
	0x28, 0x43, 0x28, 0x43, 0x78, 0x36, 0x78, 0x43, 
	0x43, 0x36, 0x43, 0x43, 0x43, 0x50, 0x6b, 0x78, 
	0x93, 0x93, 0x86, 0x6b, 0x6b, 0x5e, 0x5e, 0x5e, 
	0x6b, 0x6b, 0x78, 0x5e, 0x6b, 0x78, 0x78, 0x78, 
	0x5e, 0x78, 0x78, 0x5e, 0x50, 0x78, 0x6b, 0x78, 
	0x6b, 0x78, 0xa1, 0x78, 0x50, 0x50, 0x86, 0x6b, 
	0x5e, 0x5e, 0x50, 0x5e, 0x5e, 0x5e, 0x43, 0x43, 
	0x28, 0x43, 0x43, 0x36, 0x28, 0xae, 0x50, 0x43, 
	0x28, 0x28, 0x43, 0x5e, 0x5e, 0x43, 0x5e, 0x28, 
	0x43, 0x43, 0x36, 0x36, 0x43, 0x50, 0x5e, 0x5e, 
	0x6b, 0xa1, 0x78, 0x50, 0x6b, 0x86, 0x78, 0x78, 
	0x78, 0x6b, 0x50, 0x50, 0x50, 0x78, 0xa1, 0x78, 
	0x6b, 0x78, 0x6b, 0x6b, 0x6b, 0x78, 0x78, 0x78, 
	0x50, 0x86, 0x86, 0x6b, 0x5e, 0x93, 0x6b, 0x6b, 
	0x6b, 0x5e, 0x43, 0x50, 0x93, 0x78, 0x36, 0x43, 
	0x28, 0x43, 0x28, 0x43, 0x36, 0x78, 0x43, 0x43, 
	0x43, 0x28, 0x43, 0x43, 0x5e, 0x28, 0x43, 0x28, 
	0x43, 0x50, 0x43, 0x43, 0x43, 0x1b, 0x43, 0x50, 
	0x43, 0x50, 0x5e, 0x50, 0x43, 0x78, 0x6b, 0x6b, 
	0x86, 0xbc, 0xa1, 0x78, 0x5e, 0x5e, 0x86, 0x78, 
	0x78, 0x5e, 0x93, 0x6b, 0x50, 0x6b, 0x6b, 0x78, 
	0x43, 0x6b, 0x6b, 0x6b, 0x50, 0x86, 0x5e, 0x5e, 
	0x6b, 0x5e, 0x36, 0x50, 0x78, 0x5e, 0x43, 0x43, 
	0x50, 0x36, 0x28, 0x43, 0x28, 0x50, 0x43, 0x28, 
	0x28, 0x43, 0x36, 0x28, 0x50, 0x36, 0x43, 0x28, 
	0x28, 0x43, 0x43, 0x43, 0x43, 0x28, 0x43, 0x50, 
	0x6b, 0x6b, 0x6b, 0x78, 0x6b, 0x78, 0x78, 0x78, 
	0x78, 0xa1, 0xbc, 0x78, 0x78, 0x78, 0x78, 0x78, 
	0x93, 0x50, 0x50, 0x5e, 0x50, 0x50, 0x6b, 0x6b, 
	0x50, 0x6b, 0x50, 0x78, 0x50, 0x78, 0x43, 0x50, 
	0x78, 0x50, 0x28, 0x50, 0x50, 0x36, 0x28, 0x36, 
	0x43, 0x1b, 0x43, 0x28, 0x36, 0x78, 0x43, 0x43, 
	0x5e, 0x43, 0x43, 0x28, 0x36, 0x36, 0x43, 0x36, 
	0x36, 0x36, 0x43, 0x43, 0x43, 0x43, 0x50, 0x78, 
	0x6b, 0x6b, 0x6b, 0x5e, 0x6b, 0x78, 0x78, 0x5e, 
	0x50, 0x50, 0x6b, 0x6b, 0x6b, 0x86, 0x86, 0x50, 
	0xbc, 0x5e, 0x93, 0x78, 0x6b, 0x5e, 0x6b, 0x6b, 
	0x6b, 0x5e, 0x50, 0x78, 0x6b, 0x78, 0x78, 0x6b, 
	0x93, 0x5e, 0x28, 0x28, 0x36, 0x28, 0x28, 0x28, 
	0x1b, 0x1b, 0x43, 0x28, 0x28, 0x50, 0x36, 0x43, 
	0x5e, 0x36, 0x28, 0x36, 0x43, 0x43, 0x28, 0x43, 
	0x43, 0x43, 0x43, 0x50, 0x43, 0x50, 0x5e, 0x5e, 
	0x50, 0x78, 0x86, 0x78, 0x78, 0x6b, 0x78, 0x86, 
	0x78, 0x50, 0x5e, 0x6b, 0x5e, 0x78, 0x78, 0x78, 
	0x78, 0x6b, 0xae, 0x86, 0x6b, 0x78, 0x5e, 0x5e, 
	0x5e, 0x50, 0x6b, 0x5e, 0x78, 0x6b, 0x86, 0x78, 
	0x5e, 0xae, 0x5e, 0x1b, 0x50, 0x5e, 0x5e, 0x36, 
	0x28, 0x28, 0x50, 0x28, 0x43, 0x43, 0x43, 0x43, 
	0x43, 0x28, 0x28, 0x36, 0x43, 0x43, 0x36, 0x36, 
	0x36, 0x5e, 0x5e, 0x50, 0x43, 0x50, 0x43, 0x43, 
	0x6b, 0x78, 0x78, 0x86, 0xa1, 0x50, 0x50, 0x78, 
	0x78, 0x5e, 0x6b, 0x78, 0x86, 0x93, 0x86, 0x78, 
	0x5e, 0x6b, 0x78, 0x6b, 0x43, 0x5e, 0x6b, 0x5e, 
	0x50, 0x6b, 0x78, 0x5e, 0x5e, 0x50, 0x78, 0x5e, 
	0x5e, 0x93, 0x50, 0x1b, 0x50, 0x50, 0x43, 0x43, 
	0x28, 0x43, 0x5e, 0x28, 0x43, 0x36, 0x43, 0x43, 
	0x28, 0x28, 0x43, 0x28, 0x36, 0x43, 0x36, 0x28, 
	0x36, 0x50, 0x43, 0x43, 0x43, 0x43, 0x28, 0x5e, 
	0x36, 0x6b, 0x78, 0x6b, 0xa1, 0x5e, 0x6b, 0x6b, 
	0x6b, 0x78, 0x86, 0x6b, 0x6b, 0xa1, 0xa1, 0x43, 
	0x50, 0x78, 0x78, 0x78, 0x50, 0x78, 0x78, 0x5e, 
	0x43, 0x6b, 0x78, 0x6b, 0xa1, 0x93, 0x78, 0x6b, 
	0x6b, 0x86, 0x6b, 0x28, 0x28, 0x28, 0x43, 0x43, 
	0x43, 0x43, 0x43, 0x43, 0x43, 0x43, 0x43, 0x43, 
	0x43, 0x28, 0x1b, 0x28, 0x28, 0x43, 0x43, 0x1b, 
	0x43, 0x43, 0x50, 0x43, 0x36, 0x28, 0x43, 0x5e, 
	0x36, 0x50, 0x50, 0x6b, 0xa1, 0x5e, 0x5e, 0x6b, 
	0x6b, 0x5e, 0xa1, 0x86, 0x50, 0x78, 0x93, 0x6b, 
	0x50, 0x93, 0x93, 0x6b, 0x50, 0x78, 0x78, 0x50, 
	0x5e, 0x5e, 0x78, 0x78, 0x93, 0x78, 0x86, 0x6b, 
	0x78, 0x5e, 0x78, 0x5e, 0x43, 0x28, 0x43, 0x5e, 
	0x28, 0x50, 0x28, 0x43, 0x28, 0x43, 0x43, 0x28, 
	0x43, 0x28, 0x36, 0x43, 0x28, 0x43, 0x43, 0x1b, 
	0x36, 0x36, 0x43, 0x43, 0x28, 0x1b, 0x36, 0x36, 
	0x43, 0x78, 0x78, 0x6b, 0xa1, 0x6b, 0x6b, 0x78, 
	0x78, 0x5e, 0x78, 0x78, 0x93, 0x78, 0x78, 0x93, 
	0x6b, 0x86, 0x93, 0x5e, 0x6b, 0x6b, 0x6b, 0x50, 
	0x6b, 0x78, 0x78, 0x50, 0x50, 0x50, 0x6b, 0x5e, 
	0x86, 0x78, 0x5e, 0x50, 0x5e, 0x43, 0x43, 0x43, 
	0x28, 0x43, 0x28, 0x43, 0x43, 0x43, 0x28, 0x36, 
	0x28, 0x43, 0x43, 0x28, 0x43, 0x43, 0x43, 0x28, 
	0x28, 0x43, 0x43, 0x36, 0x36, 0x43, 0x43, 0x36, 
	0x43, 0x93, 0x6b, 0x50, 0x93, 0x93, 0x86, 0x93, 
	0x78, 0x78, 0x6b, 0x50, 0x5e, 0x6b, 0x78, 0x5e, 
	0x78, 0x5e, 0x86, 0x78, 0x86, 0x78, 0x6b, 0x6b, 
	0x6b, 0x5e, 0x6b, 0x6b, 0x6b, 0x50, 0x43, 0x5e, 
	0x6b, 0x50, 0x43, 0x43, 0x1b, 0x28, 0x43, 0x5e, 
	0x43, 0x43, 0x36, 0x43, 0x43, 0x43, 0x28, 0x28, 
	0x43, 0x28, 0x36, 0x28, 0x43, 0x43, 0x43, 0x28, 
	0x1b, 0x28, 0x43, 0x50, 0x43, 0x6b, 0x36, 0x6b, 
	0x50, 0x78, 0x93, 0x78, 0x93, 0x6b, 0xa1, 0xbc, 
	0x5e, 0x93, 0xa1, 0x6b, 0x6b, 0x50, 0x6b, 0x78, 
	0x78, 0x5e, 0x78, 0x6b, 0x86, 0x78, 0x5e, 0x78, 
	0x86, 0x78, 0x6b, 0x6b, 0x78, 0x6b, 0x6b, 0x78, 
	0x43, 0x36, 0x43, 0x1b, 0x1b, 0x43, 0x43, 0x5e, 
	0x43, 0x78, 0x28, 0x43, 0x1b, 0x43, 0x28, 0x36, 
	0x28, 0x28, 0x43, 0x43, 0x43, 0x1b, 0x28, 0x28, 
	0x43, 0x1b, 0x1b, 0x43, 0x43, 0x43, 0x5e, 0x5e, 
	0x6b, 0x86, 0x00, 0x00, 0x86, 0x78, 0x78, 0xae, 
	0x6b, 0x6b, 0x86, 0xbc, 0x6b, 0x50, 0x50, 0x93, 
	0x86, 0x86, 0x78, 0x78, 0x6b, 0x5e, 0x78, 0x78, 
	0x78, 0x86, 0xa1, 0x50, 0x6b, 0x6b, 0x6b, 0xa1, 
	0x5e, 0x50, 0x6b, 0x43, 0x43, 0x43, 0x36, 0x50, 
	0x43, 0x50, 0x43, 0x36, 0x1b, 0x28, 0x43, 0x28, 
	0x43, 0x1b, 0x28, 0x43, 0x28, 0x28, 0x43, 0x28, 
	0x5e, 0x43, 0x28, 0x43, 0x43, 0x50, 0x50, 0x5e, 
	0x6b, 0x78, 0x00, 0x00, 0x86, 0x78, 0x6b, 0xbc, 
	0x86, 0x86, 0x6b, 0x5e, 0xae, 0x86, 0x50, 0x86, 
	0x6b, 0x78, 0x78, 0x6b, 0x50, 0x78, 0x43, 0x6b, 
	0x78, 0x6b, 0xa1, 0x6b, 0x78, 0x50, 0x50, 0x6b, 
	0x86, 0x28, 0x50, 0x50, 0x43, 0x43, 0x28, 0x43, 
	0x43, 0x28, 0x36, 0x43, 0x1b, 0x1b, 0x43, 0x28, 
	0x5e, 0x43, 0x28, 0x43, 0x1b, 0x28, 0x43, 0x43, 
	0x36, 0x43, 0x43, 0x43, 0x43, 0x50, 0x5e, 0x5e, 
	0x50, 0x50, 0x00, 0x00, 0x78, 0x50, 0x50, 0x78, 
	0x93, 0x93, 0xa1, 0x50, 0x5e, 0x6b, 0x5e, 0x6b, 
	0x86, 0x78, 0x5e, 0x50, 0x6b, 0x78, 0x43, 0x50, 
	0x50, 0x5e, 0x93, 0x78, 0x93, 0x93, 0x78, 0x5e, 
	0x93, 0x36, 0x43, 0x43, 0x50, 0x6b, 0x1b, 0x28, 
	0x50, 0x28, 0x28, 0x43, 0x28, 0x28, 0x36, 0x43, 
	0x50, 0x43, 0x43, 0x28, 0x28, 0x6b, 0x36, 0x43, 
	0x50, 0x1b, 0x50, 0x50, 0x50, 0x6b, 0x50, 0x78, 
	0x78, 0x78, 0x00, 0x00, 0x78, 0x5e, 0x50, 0x78, 
	0x93, 0x93, 0x78, 0x78, 0x5e, 0x5e, 0x5e, 0x5e, 
	0x6b, 0x78, 0x50, 0x43, 0x5e, 0x50, 0x50, 0x78, 
	0x78, 0x6b, 0x6b, 0x86, 0x86, 0x86, 0x93, 0x78, 
	0x86, 0x5e, 0x43, 0x43, 0x43, 0x43, 0x28, 0x36, 
	0x28, 0x28, 0x28, 0x50, 0x43, 0x28, 0x36, 0x43, 
	0x43, 0x28, 0x50, 0x43, 0x28, 0x50, 0x00, 0x00, 
	0x00, 0x00, 0x36, 0x6b, 0x50, 0x50, 0x43, 0x36, 
	0x6b, 0x6b, 0x00, 0x00, 0x50, 0x50, 0x50, 0x78, 
	0xa1, 0x6b, 0x6b, 0x50, 0x6b, 0x5e, 0x50, 0x6b, 
	0x6b, 0x5e, 0x5e, 0x6b, 0x6b, 0x50, 0x50, 0x93, 
	0x6b, 0x50, 0x93, 0x78, 0x6b, 0x6b, 0x43, 0x5e, 
	0x78, 0x50, 0x43, 0x5e, 0x6b, 0x43, 0x36, 0x50, 
	0x36, 0x36, 0x36, 0x43, 0x5e, 0x36, 0x50, 0x50, 
	0x5e, 0x50, 0x50, 0x50, 0x36, 0x5e, 0x00, 0x00, 
	0x00, 0x00, 0x50, 0x5e, 0x50, 0x50, 0x50, 0x50, 
	0x50, 0x5e, 0x00, 0x00, 0x43, 0x36, 0x50, 0x50, 
	0x78, 0x86, 0x6b, 0x6b, 0x6b, 0x50, 0x36, 0x43, 
	0x5e, 0x78, 0x6b, 0x86, 0x50, 0x78, 0x50, 0x6b, 
	0x86, 0x6b, 0x86, 0x5e, 0x5e, 0x36, 0x43, 0x6b, 
	0x00, 0x00, 0x5e, 0xa1, 0x93, 0x43, 0x43, 0x6b, 
	0x5e, 0x50, 0x78, 0x50, 0x86, 0x50, 0x50, 0x86, 
	0x6b, 0x5e, 0x6b, 0x50, 0x43, 0x78, 0x00, 0x00, 
	0x00, 0x00, 0x5e, 0x5e, 0x43, 0x50, 0x6b, 0x93, 
	0x43, 0x50, 0x00, 0x00, 0x00, 0x00, 0x50, 0x5e, 
	0x78, 0x50, 0x86, 0x86, 0x5e, 0x36, 0x50, 0x28, 
	0x28, 0x50, 0x50, 0x50, 0x6b, 0x5e, 0x5e, 0x6b, 
	0xae, 0x86, 0x6b, 0x5e, 0x5e, 0x5e, 0x78, 0x5e, 
	0x00, 0x00, 0x86, 0xbc, 0x6b, 0x50, 0x50, 0x50, 
	0x50, 0x86, 0x50, 0x78, 0x78, 0x86, 0x5e, 0x78, 
	0x50, 0x5e, 0x78, 0x6b, 0x78, 0x6b, 0x00, 0x00, 
	0x00, 0x00, 0x5e, 0x5e, 0x78, 0x6b, 0x5e, 0x6b, 
	0x5e, 0x43, 0x00, 0x00, 0x00, 0x00, 0x6b, 0x6b, 
	0x5e, 0x50, 0x50, 0x78, 0x50, 0x28, 0x6b, 0x50, 
	0x28, 0x43, 0x50, 0x50, 0x50, 0x50, 0x50, 0x50, 
	0x78, 0xa1, 0x5e, 0x50, 0x43, 0x36, 0x5e, 0x6b, 
	0x00, 0x00, 0x00, 0x00, 0x50, 0x50, 0x50, 0x43, 
	0x6b, 0x78, 0x86, 0x78, 0x50, 0x93, 0x6b, 0x5e, 
	0x93, 0x5e, 0x93, 0x78, 0xa1, 0x6b, 0x00, 0x00, 
	0x00, 0x00, 0x50, 0x6b, 0x6b, 0x5e, 0x78, 0x43, 
	0x43, 0x43, 0x00, 0x00, 0x00, 0x00, 0x5e, 0x86, 
	0x00, 0x00, 0x00, 0x00, 0x43, 0x50, 0x36, 0x50, 
	0x43, 0x43, 0x43, 0x50, 0x50, 0x50, 0x36, 0x28, 
	0x00, 0x00, 0x50, 0x36, 0x43, 0x36, 0x43, 0x6b, 
	0x00, 0x00, 0x00, 0x00, 0x78, 0x50, 0x50, 0x50, 
	0x78, 0x6b, 0x6b, 0xa1, 0x6b, 0x78, 0x93, 0xa1, 
	0xa1, 0x78, 0x93, 0x78, 0x86, 0xbc, 0x00, 0x00, 
	0x00, 0x00, 0x6b, 0xa1, 0x78, 0x5e, 0x78, 0x43, 
	0x36, 0x43, 0x00, 0x00, 0x00, 0x00, 0x43, 0x43, 
	0x00, 0x00, 0x00, 0x00, 0x43, 0x43, 0x43, 0x1b, 
	0x43, 0x43, 0x43, 0x43, 0x43, 0x5e, 0x43, 0x43, 
	0x00, 0x00, 0x43, 0x43, 0x36, 0x50, 0x50, 0x5e, 
	0x00, 0x00, 0x00, 0x00, 0x78, 0x50, 0x50, 0x86, 
	0x93, 0x5e, 0x5e, 0x86, 0x00, 0x00, 0x00, 0x00, 
	0xa1, 0x78, 0x86, 0x78, 0x00, 0x00, 0x00, 0x00, 
	0x00, 0x00, 0x93, 0xa1, 0x6b, 0x5e, 0x50, 0x43, 
	0x00, 0x00, 0x00, 0x00, 0x00, 0x00, 0x5e, 0x43, 
	0x00, 0x00, 0x00, 0x00, 0x43, 0x28, 0x43, 0x28, 
	0x43, 0x43, 0x43, 0x28, 0x1b, 0x50, 0x43, 0x28, 
	0x00, 0x00, 0x00, 0x00, 0x00, 0x00, 0x5e, 0x50, 
	0x00, 0x00, 0x00, 0x00, 0x78, 0x78, 0x93, 0x93, 
	0x78, 0x6b, 0x6b, 0x78, 0x00, 0x00, 0x00, 0x00, 
	0xa1, 0xa1, 0x93, 0x78, 0x00, 0x00, 0x00, 0x00, 
	0x00, 0x00, 0xa1, 0x78, 0x50, 0x6b, 0x5e, 0x43, 
	0x00, 0x00, 0x00, 0x00, 0x00, 0x00, 0x5e, 0x50, 
	0x00, 0x00, 0x00, 0x00, 0x43, 0x43, 0x43, 0x43, 
	0x43, 0x43, 0x43, 0x43, 0x43, 0x43, 0x43, 0x28, 
	0x00, 0x00, 0x00, 0x00, 0x00, 0x00, 0x50, 0x43, 
	0x00, 0x00, 0x00, 0x00, 0x78, 0x78, 0x6b, 0x6b, 
	0x50, 0x6b, 0x93, 0x78, 0x00, 0x00, 0x00, 0x00, 
	0x00, 0x00, 0x00, 0x00, 0x00, 0x00, 0x00, 0x00, 
	0x00, 0x00, 0x00, 0x00, 0x86, 0x86, 0x86, 0x50, 
	0x00, 0x00, 0x00, 0x00, 0x00, 0x00, 0x43, 0x50, 
	0x00, 0x00, 0x00, 0x00, 0x00, 0x00, 0x43, 0x43, 
	0x43, 0x28, 0x43, 0x43, 0x28, 0x43, 0x00, 0x00, 
	0x00, 0x00, 0x00, 0x00, 0x00, 0x00, 0x00, 0x00, 
	0x00, 0x00, 0x00, 0x00, 0x78, 0x93, 0x78, 0x6b, 
	0x50, 0x5e, 0xae, 0x50, 0x00, 0x00, 0x00, 0x00, 
	0x00, 0x00, 0x00, 0x00, 0x00, 0x00, 0x00, 0x00, 
	0x00, 0x00, 0x00, 0x00, 0xa1, 0x5e, 0x78, 0x6b, 
	0x00, 0x00, 0x00, 0x00, 0x00, 0x00, 0x36, 0x43, 
	0x00, 0x00, 0x00, 0x00, 0x00, 0x00, 0x43, 0x43, 
	0x43, 0x28, 0x28, 0x43, 0x28, 0x36, 0x00, 0x00, 
	0x00, 0x00, 0x00, 0x00, 0x00, 0x00, 0x00, 0x00, 
	0x00, 0x00, 0x00, 0x00, 0x00, 0x00, 0x93, 0x6b, 
	0x86, 0x6b, 0x6b, 0x5e, 0x00, 0x00, 0x00, 0x00, 
	0x00, 0x00, 0x00, 0x00, 0x00, 0x00, 0x00, 0x00, 
	0x00, 0x00, 0x00, 0x00, 0x5e, 0x78, 0x5e, 0x5e, 
	0x00, 0x00, 0x00, 0x00, 0x00, 0x00, 0x28, 0x36, 
	0x00, 0x00, 0x00, 0x00, 0x00, 0x00, 0x5e, 0x43, 
	0x43, 0x50, 0x28, 0x28, 0x43, 0x43, 0x00, 0x00, 
	0x00, 0x00, 0x00, 0x00, 0x00, 0x00, 0x00, 0x00, 
	0x00, 0x00, 0x00, 0x00, 0x00, 0x00, 0x6b, 0xa1, 
	0x6b, 0x6b, 0x50, 0x78, 0x00, 0x00, 0x00, 0x00, 
	0x00, 0x00, 0x00, 0x00, 0x00, 0x00, 0x00, 0x00, 
	0x00, 0x00, 0x00, 0x00, 0x6b, 0x50, 0x6b, 0x5e, 
	0x00, 0x00, 0x00, 0x00, 0x00, 0x00, 0x28, 0x28, 
	0x00, 0x00, 0x00, 0x00, 0x00, 0x00, 0x28, 0xae, 
	0x28, 0x5e, 0x43, 0x28, 0x28, 0x36, 0x00, 0x00, 
	0x00, 0x00, 0x00, 0x00, 0x00, 0x00, 0x00, 0x00, 
	0x00, 0x00, 0x00, 0x00, 0x00, 0x00, 0x93, 0x93, 
	0x00, 0x00, 0x00, 0x00, 0x00, 0x00, 0x00, 0x00, 
	0x00, 0x00, 0x00, 0x00, 0x00, 0x00, 0x00, 0x00, 
	0x00, 0x00, 0x00, 0x00, 0x00, 0x00, 0x50, 0x5e, 
	0x00, 0x00, 0x00, 0x00, 0x00, 0x00, 0x00, 0x00, 
	0x00, 0x00, 0x00, 0x00, 0x00, 0x00, 0x00, 0x00, 
	0x00, 0x00, 0x43, 0x50, 0x00, 0x00, 0x00, 0x00, 
	0x00, 0x00, 0x00, 0x00, 0x00, 0x00, 0x00, 0x00, 
	0x00, 0x00, 0x00, 0x00, 0x00, 0x00, 0xa1, 0x86, 
	0x00, 0x00, 0x00, 0x00, 0x00, 0x00, 0x00, 0x00, 
	0x00, 0x00, 0x00, 0x00, 0x00, 0x00, 0x00, 0x00, 
	0x00, 0x00, 0x00, 0x00, 0x00, 0x00, 0x50, 0x5e, 
	0x00, 0x00, 0x00, 0x00, 0x00, 0x00, 0x00, 0x00, 
	0x00, 0x00, 0x00, 0x00, 0x00, 0x00, 0x00, 0x00, 
	0x00, 0x00, 0x43, 0x5e, 0x00, 0x00, 0x00, 0x00, 
	0x00, 0x00, 0x00, 0x00, 0x00, 0x00, 0x00, 0x00, 
	0x00, 0x00, 0x00, 0x00, 0x00, 0x00, 0x86, 0x93, 
	0x00, 0x00, 0x00, 0x00, 0x00, 0x00, 0x00, 0x00, 
	0x00, 0x00, 0x00, 0x00, 0x00, 0x00, 0x00, 0x00, 
	0x00, 0x00, 0x00, 0x00, 0x00, 0x00, 0x00, 0x00, 
	0x00, 0x00, 0x00, 0x00, 0x00, 0x00, 0x00, 0x00, 
	0x00, 0x00, 0x00, 0x00, 0x00, 0x00, 0x00, 0x00, 
	0x00, 0x00, 0x00, 0x00, 0x00, 0x00, 0x00, 0x00, 
	0x00, 0x00, 0x00, 0x00, 0x00, 0x00, 0x00, 0x00, 
	0x00, 0x00, 0x00, 0x00, 0x00, 0x00, 0x6b, 0x6b, 
	0x00, 0x00, 0x00, 0x00, 0x00, 0x00, 0x00, 0x00, 
	0x00, 0x00, 0x00, 0x00, 0x00, 0x00, 0x00, 0x00, 
	0x00, 0x00, 0x00, 0x00, 0x00, 0x00, 0x00, 0x00, 
	0x00, 0x00, 0x00, 0x00, 0x00, 0x00, 0x00, 0x00, 
	0x00, 0x00, 0x00, 0x00, 0x00, 0x00, 0x00, 0x00, 
	0x00, 0x00, 0x00, 0x00, 0x00, 0x00, 0x00, 0x00, 
	0x00, 0x00, 0x00, 0x00, 0x00, 0x00, 0x00, 0x00, 
	0x00, 0x00, 0x00, 0x00, 0x00, 0x00, 0xa1, 0x50, 
	0x00, 0x00, 0x00, 0x00, 0x00, 0x00, 0x00, 0x00, 
	0x00, 0x00, 0x00, 0x00, 0x00, 0x00, 0x00, 0x00, 
	0x00, 0x00, 0x00, 0x00, 0x00, 0x00, 0x00, 0x00, 
	0x00, 0x00, 0x00, 0x00, 0x00, 0x00, 0x00, 0x00, 
	0x00, 0x00, 0x00, 0x00, 0x00, 0x00, 0x00, 0x00, 
	0x00, 0x00, 0x00, 0x00, 0x00, 0x00, 0x00, 0x00, 
	0x00, 0x00, 0x00, 0x00, 0x00, 0x00, 0x00, 0x00, 
	0x00, 0x00, 0x00, 0x00, 0x00, 0x00, 0x86, 0x78, 
	0x00, 0x00, 0x00, 0x00, 0x00, 0x00, 0x00, 0x00, 
	0x00, 0x00, 0x00, 0x00, 0x00, 0x00, 0x00, 0x00, 
	0x00, 0x00, 0x00, 0x00, 0x00, 0x00, 0x00, 0x00, 
	0x00, 0x00, 0x00, 0x00, 0x00, 0x00, 0x00, 0x00, 
	0x00, 0x00, 0x00, 0x00, 0x00, 0x00, 0x00, 0x00, 
	0x00, 0x00, 0x00, 0x00, 0x00, 0x00, 0x00, 0x00, 
	0x00, 0x00, 0x00, 0x00, 0x00, 0x00, 0x00, 0x00, 
	0x00, 0x00, 0x00, 0x00, 0x00, 0x00, 0x50, 0x93, 
	0x00, 0x00, 0x00, 0x00, 0x00, 0x00, 0x00, 0x00, 
	0x00, 0x00, 0x00, 0x00, 0x00, 0x00, 0x00, 0x00, 
	0x00, 0x00, 0x00, 0x00, 0x00, 0x00, 0x00, 0x00, 
	0x00, 0x00, 0x00, 0x00, 0x00, 0x00, 0x00, 0x00, 
	0x00, 0x00, 0x00, 0x00, 0x00, 0x00, 0x00, 0x00, 
	0x00, 0x00, 0x00, 0x00, 0x00, 0x00, 0x00, 0x00, 
	0x00, 0x00, 0x00, 0x00, 0x00, 0x00, 0x00, 0x00, 
	0x00, 0x00, 0x00, 0x00, 0x00, 0x00, 0x6b, 0x78, 
	0x00, 0x00, 0x00, 0x00, 0x00, 0x00, 0x00, 0x00, 
	0x00, 0x00, 0x00, 0x00, 0x00, 0x00, 0x00, 0x00, 
	0x00, 0x00, 0x00, 0x00, 0x00, 0x00, 0x00, 0x00, 
	0x00, 0x00, 0x00, 0x00, 0x00, 0x00, 0x00, 0x00, 
	0x00, 0x00, 0x00, 0x00, 0x00, 0x00, 0x00, 0x00, 
	0x00, 0x00, 0x00, 0x00, 0x00, 0x00, 0x00, 0x00, 
	0x00, 0x00, 0x00, 0x00, 0x00, 0x00, 0x00, 0x00, 
	0x00, 0x00, 0x00, 0x00, 0x00, 0x00, 0x00, 0x00, 
	0x00, 0x00, 0x00, 0x00, 0x00, 0x00, 0x00, 0x00, 
	0x00, 0x00, 0x00, 0x00, 0x00, 0x00, 0x00, 0x00, 
	0x00, 0x00, 0x00, 0x00, 0x00, 0x00, 0x00, 0x00, 
	0x00, 0x00, 0x00, 0x00, 0x00, 0x00, 0x00, 0x00, 
	0x00, 0x00, 0x00, 0x00, 0x00, 0x00, 0x00, 0x00, 
	0x00, 0x00, 0x00, 0x00, 0x00, 0x00, 0x00, 0x00, 
	0x00, 0x00, 0x00, 0x00, 0x00, 0x00, 0x00, 0x00, 
	0x00, 0x00, 0x00, 0x00, 0x00, 0x00, 0x00, 0x00, 
	0x00, 0x00, 0x00, 0x00, 0x00, 0x00, 0x00, 0x00, 
	0x00, 0x00, 0x00, 0x00, 0x00, 0x00, 0x00, 0x00, 
	0x00, 0x00, 0x00, 0x00, 0x00, 0x00, 0x00, 0x00, 
	0x00, 0x00, 0x00, 0x00, 0x00, 0x00, 0x00, 0x00, 
	0x00, 0x00, 0x00, 0x00, 0x00, 0x00, 0x00, 0x00, 
	0x00, 0x00, 0x00, 0x00, 0x00, 0x00, 0x00, 0x00, 
	0x00, 0x00, 0x00, 0x00, 0x00, 0x00, 0x00, 0x00, 
	0x00, 0x00, 0x00, 0x00, 0x00, 0x00, 0x00, 0x00, 
	0x00, 0x00, 0x00, 0x00, 0x00, 0x00, 0x00, 0x00, 
	0x00, 0x00, 0x00, 0x00, 0x00, 0x00, 0x00, 0x00, 
	0x00, 0x00, 0x00, 0x00, 0x00, 0x00, 0x00, 0x00, 
	0x00, 0x00, 0x00, 0x00, 0x00, 0x00, 0x00, 0x00, 
	0x00, 0x00, 0x00, 0x00, 0x00, 0x00, 0x00, 0x00, 
	0x00, 0x00, 0x00, 0x00, 0x00, 0x00, 0x00, 0x00, 
	0x00, 0x00, 0x00, 0x00, 0x00, 0x00, 0x00, 0x00, 
	0x00, 0x00, 0x00, 0x00, 0x00, 0x00, 0x00, 0x00, 
	0x00, 0x00, 0x00, 0x00, 0x00, 0x00, 0x00, 0x00, 
	0x00, 0x00, 0x00, 0x00, 0x00, 0x00, 0x00, 0x00, 
	0x00, 0x00, 0x00, 0x00, 0x00, 0x00, 0x00, 0x00, 
	0x00, 0x00, 0x00, 0x00, 0x00, 0x00, 0x00, 0x00, 
	0x00, 0x00, 0x00, 0x00, 0x00, 0x00, 0x00, 0x00, 
	0x00, 0x00, 0x00, 0x00, 0x00, 0x00, 0x00, 0x00, 
	0x00, 0x00, 0x00, 0x00, 0x00, 0x00, 0x00, 0x00, 
	0x00, 0x00, 0x00, 0x00, 0x00, 0x00, 0x00, 0x00, 
	0x00, 0x00, 0x00, 0x00, 0x00, 0x00, 0x00, 0x00, 
	0x00, 0x00, 0x00, 0x00, 0x00, 0x00, 0x00, 0x00, 
	0x00, 0x00, 0x00, 0x00, 0x00, 0x00, 0x00, 0x00, 
	0x00, 0x00, 0x00, 0x00, 0x00, 0x00, 0x00, 0x00, 
	0x00, 0x00, 0x00, 0x00, 0x00, 0x00, 0x00, 0x00, 
	0x00, 0x00, 0x00, 0x00, 0x00, 0x00, 0x00, 0x00, 
	0x00, 0x00, 0x00, 0x00, 0x00, 0x00, 0x00, 0x00, 
	0x00, 0x00, 0x00, 0x00, 0x00, 0x00, 0x00, 0x00, 
	0x00, 0x00, 0x00, 0x00, 0x00, 0x00, 0x00, 0x00, 
	0x00, 0x00, 0x00, 0x00, 0x00, 0x00, 0x00, 0x00, 
	0x00, 0x00, 0x00, 0x00, 0x00, 0x00, 0x00, 0x00, 
	0x00, 0x00, 0x00, 0x00, 0x00, 0x00, 0x00, 0x00, 
	0x00, 0x00, 0x00, 0x00, 0x00, 0x00, 0x00, 0x00, 
	0x00, 0x00, 0x00, 0x00, 0x00, 0x00, 0x00, 0x00, 
	0x00, 0x00, 0x00, 0x00, 0x00, 0x00, 0x00, 0x00, 
	0x00, 0x00, 0x00, 0x00, 0x00, 0x00, 0x00, 0x00, 
	0x00, 0x00, 0x00, 0x00, 0x00, 0x00, 0x00, 0x00, 
	0x00, 0x00, 0x00, 0x00, 0x00, 0x00, 0x00, 0x00, 
	0x00, 0x00, 0x00, 0x00, 0x00, 0x00, 0x00, 0x00, 
	0x00, 0x00, 0x00, 0x00, 0x00, 0x00, 0x00, 0x00, 
	0x00, 0x00, 0x00, 0x00, 0x00, 0x00, 0x00, 0x00, 
	0x00, 0x00, 0x00, 0x00, 0x00, 0x00, 0x00, 0x00, 
	0x00, 0x00, 0x00, 0x00, 0x00, 0x00, 0x00, 0x00, 
	0x00, 0x00, 0x00, 0x00, 0x00, 0x00, 0x00, 0x00, 
	0x00, 0x00, 0x00, 0x00, 0x00, 0x00, 0x00, 0x00, 
	0x00, 0x00, 0x00, 0x00, 0x00, 0x00, 0x00, 0x00, 
	0x00, 0x00, 0x00, 0x00, 0x00, 0x00, 0x00, 0x00, 
	0x00, 0x00, 0x00, 0x00, 0x00, 0x00, 0x00, 0x00, 
	0x00, 0x00, 0x00, 0x00, 0x00, 0x00, 0x00, 0x00, 
	0x00, 0x00, 0x00, 0x00, 0x00, 0x00, 0x00, 0x00, 
	0x00, 0x00, 0x00, 0x00, 0x00, 0x00, 0x00, 0x00, 
	0x00, 0x00, 0x00, 0x00, 0x00, 0x00, 0x00, 0x00, 
	0x00, 0x00, 0x00, 0x00, 0x00, 0x00, 0x00, 0x00, 
	0x00, 0x00, 0x00, 0x00, 0x00, 0x00, 0x00, 0x00, 
	0x00, 0x00, 0x00, 0x00, 0x00, 0x00, 0x00, 0x00, 
	0x00, 0x00, 0x00, 0x00, 0x00, 0x00, 0x00, 0x00, 
	0x00, 0x00, 0x00, 0x00, 0x00, 0x00, 0x00, 0x00, 
	0x00, 0x00, 0x00, 0x00, 0x00, 0x00, 0x00, 0x00, 
	0x00, 0x00, 0x00, 0x00, 0x00, 0x00, 0x00, 0x00, 
	0x00, 0x00, 0x00, 0x00, 0x00, 0x00, 0x00, 0x00, 
	0x00, 0x00, 0x00, 0x00, 0x00, 0x00, 0x00, 0x00, 
	0x00, 0x00, 0x00, 0x00, 0x00, 0x00, 0x00, 0x00, 
	0x00, 0x00, 0x00, 0x00, 0x00, 0x00, 0x00, 0x00, 
	0x00, 0x00, 0x00, 0x00, 0x00, 0x00, 0x00, 0x00, 
	0x00, 0x00, 0x00, 0x00, 0x00, 0x00, 0x00, 0x00, 
	0x00, 0x00, 0x00, 0x00, 0x00, 0x00, 0x00, 0x00, 
	0x00, 0x00, 0x00, 0x00, 0x00, 0x00, 0x00, 0x00, 
	0x00, 0x00, 0x00, 0x00, 0x00, 0x00, 0x00, 0x00, 
	0x00, 0x00, 0x00, 0x00, 0x00, 0x00, 0x00, 0x00, 
	0x00, 0x00, 0x00, 0x00, 0x00, 0x00, 0x00, 0x00, 
	0x00, 0x00, 0x00, 0x00, 0x00, 0x00, 0x00, 0x00, 
	0x00, 0x00, 0x00, 0x00, 0x00, 0x00, 0x00, 0x00, 
	0x00, 0x00, 0x00, 0x00, 0x00, 0x00, 0x00, 0x00, 
	0x00, 0x00, 0x00, 0x00, 0x00, 0x00, 0x00, 0x00, 
	0x00, 0x00, 0x00, 0x00, 0x00, 0x00, 0x00, 0x00, 
	0x00, 0x00, 0x00, 0x00, 0x00, 0x00, 0x00, 0x00, 
	0x00, 0x00, 0x00, 0x00, 0x00, 0x00, 0x00, 0x00, 
	0x00, 0x00, 0x00, 0x00, 0x00, 0x00, 0x00, 0x00, 
	0x00, 0x00, 0x00, 0x00, 0x00, 0x00, 0x00, 0x00, 
	0x00, 0x00, 0x00, 0x00, 0x00, 0x00, 0x00, 0x00, 
	0x00, 0x00, 0x00, 0x00, 0x00, 0x00, 0x00, 0x00, 
	0x00, 0x00, 0x00, 0x00, 0x00, 0x00, 0x00, 0x00, 
	0x00, 0x00, 0x00, 0x00, 0x00, 0x00, 0x00, 0x00, 
	0x00, 0x00, 0x00, 0x00, 0x00, 0x00, 0x00, 0x00, 
	0x00, 0x00, 0x00, 0x00, 0x00, 0x00, 0x00, 0x00, 
	0x00, 0x00, 0x00, 0x00, 0x00, 0x00, 0x00, 0x00, 
	0x00, 0x00, 0x00, 0x00, 0x00, 0x00, 0x00, 0x00, 
	0x00, 0x00, 0x00, 0x00, 0x00, 0x00, 0x00, 0x00, 
	0x00, 0x00, 0x00, 0x00, 0x00, 0x00, 0x00, 0x00, 
	0x00, 0x00, 0x00, 0x00, 0x00, 0x00, 0x00, 0x00, 
	0x00, 0x00, 0x00, 0x00, 0x00, 0x00, 0x00, 0x00, 
	0x00, 0x00, 0x00, 0x00, 0x00, 0x00, 0x00, 0x00, 
	0x00, 0x00, 0x00, 0x00, 0x00, 0x00, 0x00, 0x00, 
	0x00, 0x00, 0x00, 0x00, 0x00, 0x00, 0x00, 0x00, 
	0x00, 0x00, 0x00, 0x00, 0x00, 0x00, 0x00, 0x00, 
	0x00, 0x00, 0x00, 0x00, 0x00, 0x00, 0x00, 0x00, 
	0x00, 0x00, 0x00, 0x00, 0x00, 0x00, 0x00, 0x00, 
	0x00, 0x00, 0x00, 0x00, 0x00, 0x00, 0x00, 0x00, 
	0x00, 0x00, 0x00, 0x00, 0x00, 0x00, 0x00, 0x00, 
	
};

Vtx ccm_dl_VISUAL_mesh_layer_1_vtx_cull[8] = {
	{{ {-6981, -3813, 2878}, 0, {0, 0}, {0, 0, 0, 0} }},
	{{ {-6981, 1937, 2878}, 0, {0, 0}, {0, 0, 0, 0} }},
	{{ {-6981, 1937, -7787}, 0, {0, 0}, {0, 0, 0, 0} }},
	{{ {-6981, -3813, -7787}, 0, {0, 0}, {0, 0, 0, 0} }},
	{{ {4990, -3813, 2878}, 0, {0, 0}, {0, 0, 0, 0} }},
	{{ {4990, 1937, 2878}, 0, {0, 0}, {0, 0, 0, 0} }},
	{{ {4990, 1937, -7787}, 0, {0, 0}, {0, 0, 0, 0} }},
	{{ {4990, -3813, -7787}, 0, {0, 0}, {0, 0, 0, 0} }},
};

Vtx ccm_dl_VISUAL_mesh_layer_1_vtx_0[373] = {
	{{ {-513, -313, -2746}, 0, {3133, -329}, {14, 143, 0, 78} }},
	{{ {-513, -313, -2483}, 0, {3133, 385}, {14, 143, 0, 78} }},
	{{ {-363, -313, -2483}, 0, {3493, 385}, {14, 143, 0, 78} }},
	{{ {363, -313, -2483}, 0, {5232, 385}, {14, 143, 0, 78} }},
	{{ {-363, -313, -2333}, 0, {3493, 792}, {14, 143, 0, 78} }},
	{{ {363, -313, -2333}, 0, {5232, 792}, {14, 143, 0, 78} }},
	{{ {0, -313, -1075}, 0, {4362, 4214}, {14, 143, 0, 78} }},
	{{ {-363, -313, -1133}, 0, {3493, 4055}, {14, 143, 0, 78} }},
	{{ {0, -313, -988}, 0, {4362, 4452}, {14, 143, 0, 78} }},
	{{ {-872, -313, -858}, 0, {2273, 4804}, {14, 143, 0, 78} }},
	{{ {-698, -313, -698}, 0, {2690, 5238}, {14, 143, 0, 78} }},
	{{ {-988, -313, 0}, 0, {1997, 7137}, {14, 143, 0, 78} }},
	{{ {-1209, -313, 13}, 0, {1467, 7172}, {14, 143, 0, 78} }},
	{{ {-698, -313, 698}, 0, {2690, 9036}, {14, 143, 0, 78} }},
	{{ {-855, -313, 868}, 0, {2315, 9497}, {14, 143, 0, 78} }},
	{{ {0, -313, 988}, 0, {4362, 9822}, {14, 143, 0, 78} }},
	{{ {0, -313, 1222}, 0, {4362, 10459}, {14, 143, 0, 78} }},
	{{ {698, -313, 698}, 0, {6035, 9036}, {14, 143, 0, 78} }},
	{{ {855, -313, 868}, 0, {6410, 9497}, {14, 143, 0, 78} }},
	{{ {988, -313, 0}, 0, {6727, 7137}, {14, 143, 0, 78} }},
	{{ {1209, -313, 13}, 0, {7258, 7172}, {14, 143, 0, 78} }},
	{{ {698, -313, -698}, 0, {6035, 5238}, {14, 143, 0, 78} }},
	{{ {872, -313, -858}, 0, {6451, 4804}, {14, 143, 0, 78} }},
	{{ {363, -313, -1133}, 0, {5232, 4055}, {14, 143, 0, 78} }},
	{{ {542, -235, -542}, 0, {5660, 5663}, {14, 143, 0, 78} }},
	{{ {0, -235, -767}, 0, {4362, 5053}, {14, 143, 0, 78} }},
	{{ {-542, -235, -542}, 0, {3064, 5663}, {14, 143, 0, 78} }},
	{{ {-767, -235, 0}, 0, {2526, 7137}, {14, 143, 0, 78} }},
	{{ {-542, -235, 542}, 0, {3064, 8611}, {14, 143, 0, 78} }},
	{{ {0, -235, 767}, 0, {4362, 9221}, {14, 143, 0, 78} }},
	{{ {542, -235, 542}, 0, {5660, 8611}, {14, 143, 0, 78} }},
	{{ {767, -235, 0}, 0, {6198, 7137}, {14, 143, 0, 78} }},
	{{ {630, -148, 0}, 0, {5870, 7137}, {14, 143, 0, 78} }},
	{{ {767, -235, 0}, 0, {6198, 7137}, {14, 143, 0, 78} }},
	{{ {542, -235, -542}, 0, {5660, 5663}, {14, 143, 0, 78} }},
	{{ {445, -148, -445}, 0, {5429, 5927}, {14, 143, 0, 78} }},
	{{ {0, -235, -767}, 0, {4362, 5053}, {14, 143, 0, 78} }},
	{{ {0, -148, -630}, 0, {4362, 5425}, {14, 143, 0, 78} }},
	{{ {-542, -235, -542}, 0, {3064, 5663}, {14, 143, 0, 78} }},
	{{ {-445, -148, -445}, 0, {3296, 5927}, {14, 143, 0, 78} }},
	{{ {-767, -235, 0}, 0, {2526, 7137}, {14, 143, 0, 78} }},
	{{ {-630, -148, 0}, 0, {2854, 7137}, {14, 143, 0, 78} }},
	{{ {-542, -235, 542}, 0, {3064, 8611}, {14, 143, 0, 78} }},
	{{ {-445, -148, 445}, 0, {3296, 8348}, {14, 143, 0, 78} }},
	{{ {0, -235, 767}, 0, {4362, 9221}, {14, 143, 0, 78} }},
	{{ {0, -148, 630}, 0, {4362, 8849}, {14, 143, 0, 78} }},
	{{ {542, -235, 542}, 0, {5660, 8611}, {14, 143, 0, 78} }},
	{{ {445, -148, 445}, 0, {5429, 8348}, {14, 143, 0, 78} }},
	{{ {318, -85, 318}, 0, {5124, 8002}, {14, 143, 0, 255} }},
	{{ {450, -85, 0}, 0, {5440, 7137}, {14, 143, 0, 255} }},
	{{ {318, -85, -318}, 0, {5124, 6272}, {14, 143, 0, 255} }},
	{{ {0, -85, -450}, 0, {4362, 5914}, {14, 143, 0, 255} }},
	{{ {-318, -85, -318}, 0, {3600, 6272}, {14, 143, 0, 255} }},
	{{ {-450, -85, 0}, 0, {3284, 7137}, {14, 143, 0, 255} }},
	{{ {-318, -85, 318}, 0, {3600, 8002}, {14, 143, 0, 255} }},
	{{ {0, -85, 450}, 0, {4362, 8361}, {14, 143, 0, 255} }},
	{{ {363, -313, -2483}, 0, {5232, 385}, {14, 143, 0, 78} }},
	{{ {513, -313, -2483}, 0, {5591, 385}, {14, 143, 0, 78} }},
	{{ {513, -313, -2746}, 0, {5591, -329}, {14, 143, 0, 78} }},
	{{ {513, -313, -3271}, 0, {5591, -1757}, {14, 143, 0, 78} }},
	{{ {663, -313, -2746}, 0, {5950, -329}, {14, 143, 0, 255} }},
	{{ {663, -313, -3271}, 0, {5950, -1757}, {14, 143, 0, 255} }},
	{{ {1413, -313, -2746}, 0, {7747, -329}, {14, 143, 0, 255} }},
	{{ {1413, -313, -3271}, 0, {7747, -1757}, {14, 143, 0, 255} }},
	{{ {1413, -313, -3271}, 0, {7747, -1757}, {14, 143, 0, 255} }},
	{{ {1413, -313, -2746}, 0, {7747, -329}, {14, 143, 0, 255} }},
	{{ {1413, -313, -2746}, 0, {7747, -329}, {14, 143, 0, 255} }},
	{{ {1595, -313, -3533}, 0, {8181, -2471}, {14, 143, 0, 255} }},
	{{ {1595, -313, -2483}, 0, {8181, 385}, {14, 143, 0, 255} }},
	{{ {1413, -313, -2483}, 0, {7747, 385}, {14, 143, 0, 255} }},
	{{ {2258, -313, -2483}, 0, {9770, 385}, {14, 143, 0, 255} }},
	{{ {1595, -313, -2333}, 0, {8181, 792}, {14, 143, 0, 255} }},
	{{ {2258, -313, -2333}, 0, {9770, 792}, {14, 143, 0, 255} }},
	{{ {1495, -513, -1933}, 0, {7942, 1880}, {14, 143, 0, 255} }},
	{{ {2158, -513, -1933}, 0, {9530, 1880}, {14, 143, 0, 255} }},
	{{ {1495, -613, -1233}, 0, {7942, 3784}, {14, 143, 0, 255} }},
	{{ {2158, -613, -1443}, 0, {9530, 3212}, {14, 143, 0, 255} }},
	{{ {1775, -713, -688}, 0, {8614, 5268}, {14, 143, 0, 255} }},
	{{ {2361, -713, -1070}, 0, {10018, 4226}, {14, 143, 0, 255} }},
	{{ {2283, -813, -400}, 0, {9830, 6049}, {14, 143, 0, 255} }},
	{{ {2634, -813, -1001}, 0, {10671, 4416}, {14, 143, 0, 255} }},
	{{ {2983, -863, -400}, 0, {11506, 6049}, {14, 143, 0, 255} }},
	{{ {2784, -863, -1001}, 0, {11031, 4416}, {14, 143, 0, 255} }},
	{{ {3362, -963, -582}, 0, {12415, 5555}, {14, 143, 0, 255} }},
	{{ {3017, -963, -1118}, 0, {11589, 4098}, {14, 143, 0, 255} }},
	{{ {3630, -1063, -942}, 0, {13055, 4575}, {14, 143, 0, 255} }},
	{{ {3048, -1063, -1257}, 0, {11662, 3719}, {14, 143, 0, 255} }},
	{{ {3630, -1163, -1459}, 0, {13055, 3170}, {14, 143, 0, 255} }},
	{{ {3048, -1163, -1459}, 0, {11662, 3170}, {14, 143, 0, 255} }},
	{{ {3630, -1263, -1690}, 0, {13055, 2541}, {14, 143, 0, 255} }},
	{{ {3048, -1263, -1690}, 0, {11662, 2541}, {14, 143, 0, 255} }},
	{{ {3630, -1513, -2113}, 0, {13055, 1391}, {14, 143, 0, 255} }},
	{{ {3048, -1513, -2113}, 0, {11662, 1391}, {14, 143, 0, 255} }},
	{{ {3630, -1663, -2529}, 0, {13055, 260}, {14, 143, 0, 255} }},
	{{ {3048, -1663, -2529}, 0, {11662, 260}, {14, 143, 0, 255} }},
	{{ {3048, -1663, -2829}, 0, {11662, -556}, {14, 143, 0, 255} }},
	{{ {3630, -1663, -2529}, 0, {13055, 260}, {14, 143, 0, 255} }},
	{{ {3630, -1663, -2829}, 0, {13055, -556}, {14, 143, 0, 255} }},
	{{ {3048, -1663, -2829}, 0, {11662, -556}, {14, 143, 0, 255} }},
	{{ {2258, -313, -2483}, 0, {9770, 385}, {14, 143, 0, 255} }},
	{{ {2439, -313, -2483}, 0, {10204, 385}, {14, 143, 0, 255} }},
	{{ {1595, -313, -3533}, 0, {8181, -2471}, {14, 143, 0, 255} }},
	{{ {2258, -313, -3533}, 0, {9770, -2471}, {14, 143, 0, 255} }},
	{{ {2439, -313, -3533}, 0, {10204, -2471}, {14, 143, 0, 255} }},
	{{ {1413, -313, -3533}, 0, {7747, -2471}, {14, 143, 0, 255} }},
	{{ {1413, -313, -3271}, 0, {7747, -1757}, {14, 143, 0, 255} }},
	{{ {-363, -313, -3533}, 0, {3493, -2471}, {14, 143, 0, 78} }},
	{{ {-513, -313, -3533}, 0, {3133, -2471}, {14, 143, 0, 78} }},
	{{ {-513, -313, -3271}, 0, {3133, -1757}, {14, 143, 0, 78} }},
	{{ {363, -313, -3533}, 0, {5232, -2471}, {14, 143, 0, 78} }},
	{{ {513, -313, -3271}, 0, {5591, -1757}, {14, 143, 0, 78} }},
	{{ {363, -313, -2483}, 0, {5232, 385}, {14, 143, 0, 78} }},
	{{ {-513, -313, -2746}, 0, {3133, -329}, {14, 143, 0, 78} }},
	{{ {-663, -313, -2746}, 0, {2774, -329}, {14, 143, 0, 255} }},
	{{ {-663, -313, -3271}, 0, {2774, -1757}, {14, 143, 0, 255} }},
	{{ {-1897, 287, -3271}, 0, {-182, -1757}, {14, 143, 0, 255} }},
	{{ {-1897, 287, -2746}, 0, {-182, -329}, {14, 143, 0, 255} }},
	{{ {-2047, 287, -3271}, 0, {-541, -1757}, {14, 143, 0, 255} }},
	{{ {-2047, 287, -2746}, 0, {-541, -329}, {14, 143, 0, 255} }},
	{{ {-2947, 287, -3608}, 0, {-2697, -2675}, {14, 143, 0, 255} }},
	{{ {-2047, 287, -3608}, 0, {-541, -2675}, {14, 143, 0, 255} }},
	{{ {-2047, 449, -3917}, 0, {-541, -3514}, {14, 143, 0, 255} }},
	{{ {-2947, 449, -3917}, 0, {-2697, -3514}, {14, 143, 0, 255} }},
	{{ {-2135, 766, -4610}, 0, {-751, -5398}, {14, 143, 0, 255} }},
	{{ {-2991, 766, -4487}, 0, {-2801, -5064}, {14, 143, 0, 255} }},
	{{ {-2529, 987, -5114}, 0, {-1694, -6767}, {14, 143, 0, 255} }},
	{{ {-3118, 987, -4671}, 0, {-3106, -5565}, {14, 143, 0, 255} }},
	{{ {-3057, 1087, -5292}, 0, {-2959, -7254}, {14, 143, 0, 255} }},
	{{ {-3118, 987, -4671}, 0, {-3106, -5565}, {14, 143, 0, 255} }},
	{{ {-3057, 1087, -5292}, 0, {-2959, -7254}, {14, 143, 0, 255} }},
	{{ {-3431, 1087, -4777}, 0, {-3854, -5852}, {14, 143, 0, 255} }},
	{{ {-3841, 1087, -5292}, 0, {-4837, -7254}, {14, 143, 0, 255} }},
	{{ {-3631, 1087, -4777}, 0, {-4333, -5852}, {14, 143, 0, 255} }},
	{{ {-4305, 1087, -5173}, 0, {-5947, -6928}, {14, 143, 0, 255} }},
	{{ {-3838, 1087, -4727}, 0, {-4830, -5717}, {14, 143, 0, 255} }},
	{{ {-4684, 1187, -4953}, 0, {-6856, -6332}, {14, 143, 0, 255} }},
	{{ {-3999, 1187, -4620}, 0, {-5215, -5425}, {14, 143, 0, 255} }},
	{{ {-4941, 1439, -4483}, 0, {-7472, -5052}, {14, 143, 0, 255} }},
	{{ {-4192, 1439, -4326}, 0, {-5678, -4626}, {14, 143, 0, 255} }},
	{{ {-4281, 1837, -3858}, 0, {-5892, -3354}, {14, 143, 0, 255} }},
	{{ {-5037, 1837, -3858}, 0, {-7702, -3354}, {14, 143, 0, 255} }},
	{{ {-5035, 1837, -3708}, 0, {-7697, -2946}, {14, 143, 0, 255} }},
	{{ {-4281, 1837, -3708}, 0, {-5892, -2946}, {14, 143, 0, 255} }},
	{{ {-5035, 1837, -2408}, 0, {-7697, 588}, {14, 143, 0, 255} }},
	{{ {-4735, 1837, -2408}, 0, {-6978, 588}, {14, 143, 0, 255} }},
	{{ {-3637, 1837, -2408}, 0, {-4347, 588}, {14, 143, 0, 255} }},
	{{ {-3937, 1837, -2408}, 0, {-5066, 589}, {14, 143, 0, 255} }},
	{{ {-3937, 1837, -2259}, 0, {-5067, 994}, {14, 143, 0, 255} }},
	{{ {-4735, 1837, -2259}, 0, {-6978, 994}, {14, 143, 0, 255} }},
	{{ {-4735, 1787, -2040}, 0, {-6978, 1590}, {14, 143, 0, 255} }},
	{{ {-3937, 1787, -2040}, 0, {-5067, 1590}, {14, 143, 0, 255} }},
	{{ {-4134, 1837, -3708}, 0, {-5539, -2946}, {14, 143, 0, 255} }},
	{{ {-3637, 1837, -3708}, 0, {-4347, -2946}, {14, 143, 0, 255} }},
	{{ {513, -313, -3271}, 0, {5591, -1757}, {14, 143, 0, 78} }},
	{{ {513, -313, -3533}, 0, {5591, -2471}, {14, 143, 0, 78} }},
	{{ {363, -313, -3533}, 0, {5232, -2471}, {14, 143, 0, 78} }},
	{{ {-2947, 287, -3608}, 0, {-2697, -2675}, {14, 143, 0, 255} }},
	{{ {-2047, 287, -2408}, 0, {-541, 588}, {14, 143, 0, 255} }},
	{{ {-2047, 287, -2746}, 0, {-541, -329}, {14, 143, 0, 255} }},
	{{ {-2947, 287, -2408}, 0, {-2697, 588}, {14, 143, 0, 255} }},
	{{ {-2047, 287, -2408}, 0, {-541, 588}, {14, 143, 0, 255} }},
	{{ {-2947, 287, -2408}, 0, {-2697, 588}, {14, 143, 0, 255} }},
	{{ {-2947, 337, -1908}, 0, {-2697, 1948}, {14, 143, 0, 255} }},
	{{ {-2047, 337, -1908}, 0, {-541, 1948}, {14, 143, 0, 255} }},
	{{ {-2947, 637, -1408}, 0, {-2697, 3308}, {14, 143, 0, 255} }},
	{{ {-2047, 637, -1408}, 0, {-541, 3308}, {14, 143, 0, 255} }},
	{{ {-2947, 1037, -908}, 0, {-2697, 4667}, {14, 143, 0, 255} }},
	{{ {-2047, 1037, -908}, 0, {-541, 4667}, {14, 143, 0, 255} }},
	{{ {-2947, 1187, -408}, 0, {-2697, 6027}, {14, 143, 0, 255} }},
	{{ {-2047, 1187, -408}, 0, {-541, 6027}, {14, 143, 0, 255} }},
	{{ {-3005, 1187, -198}, 0, {-2835, 6599}, {14, 143, 0, 255} }},
	{{ {-2163, 1187, 12}, 0, {-817, 7171}, {14, 143, 0, 255} }},
	{{ {-3183, 1187, -96}, 0, {-3260, 6875}, {14, 143, 0, 255} }},
	{{ {-2525, 1187, 473}, 0, {-1686, 8424}, {14, 143, 0, 255} }},
	{{ {-3496, 1187, -95}, 0, {-4011, 6879}, {14, 143, 0, 255} }},
	{{ {-2958, 1187, 677}, 0, {-2723, 8978}, {14, 143, 0, 255} }},
	{{ {-3745, 1187, -178}, 0, {-4607, 6654}, {14, 143, 0, 255} }},
	{{ {-3603, 1187, 681}, 0, {-4267, 8990}, {14, 143, 0, 255} }},
	{{ {-4189, 1187, 510}, 0, {-5670, 8524}, {14, 143, 0, 255} }},
	{{ {-3898, 1187, -370}, 0, {-4973, 6131}, {14, 143, 0, 255} }},
	{{ {-4565, 1187, 141}, 0, {-6572, 7522}, {14, 143, 0, 255} }},
	{{ {-3933, 1187, -589}, 0, {-5057, 5535}, {14, 143, 0, 255} }},
	{{ {-4697, 1187, -343}, 0, {-6886, 6204}, {14, 143, 0, 255} }},
	{{ {-3939, 1187, -935}, 0, {-5073, 4595}, {14, 143, 0, 255} }},
	{{ {-4734, 1187, -935}, 0, {-6977, 4595}, {14, 143, 0, 255} }},
	{{ {-3939, 1287, -1303}, 0, {-5071, 3593}, {14, 143, 0, 255} }},
	{{ {-4735, 1287, -1303}, 0, {-6977, 3593}, {14, 143, 0, 255} }},
	{{ {-3938, 1587, -1672}, 0, {-5069, 2592}, {14, 143, 0, 255} }},
	{{ {-4735, 1587, -1672}, 0, {-6978, 2592}, {14, 143, 0, 255} }},
	{{ {-3937, 1787, -2040}, 0, {-5067, 1590}, {14, 143, 0, 255} }},
	{{ {-4735, 1787, -2040}, 0, {-6978, 1590}, {14, 143, 0, 255} }},
	{{ {-363, -313, -3683}, 0, {3493, -2878}, {14, 143, 0, 255} }},
	{{ {-363, -313, -3533}, 0, {3493, -2471}, {14, 143, 0, 78} }},
	{{ {363, -313, -3533}, 0, {5232, -2471}, {14, 143, 0, 78} }},
	{{ {363, -313, -3683}, 0, {5232, -2878}, {14, 143, 0, 255} }},
	{{ {324, -388, -3885}, 0, {5138, -3426}, {14, 143, 0, 255} }},
	{{ {-383, -388, -3784}, 0, {3446, -3152}, {14, 143, 0, 255} }},
	{{ {192, -463, -4182}, 0, {4822, -4235}, {14, 143, 0, 255} }},
	{{ {-419, -463, -3908}, 0, {3359, -3489}, {14, 143, 0, 255} }},
	{{ {-122, -538, -4494}, 0, {4071, -5083}, {14, 143, 0, 255} }},
	{{ {-494, -538, -3968}, 0, {3180, -3654}, {14, 143, 0, 255} }},
	{{ {-532, -688, -4632}, 0, {3087, -5458}, {14, 143, 0, 255} }},
	{{ {-694, -688, -4024}, 0, {2699, -3806}, {14, 143, 0, 255} }},
	{{ {-983, -838, -4631}, 0, {2007, -5456}, {14, 143, 0, 255} }},
	{{ {-1131, -838, -4040}, 0, {1653, -3848}, {14, 143, 0, 255} }},
	{{ {-1234, -988, -4695}, 0, {1408, -5630}, {14, 143, 0, 255} }},
	{{ {-1459, -988, -4132}, 0, {867, -4099}, {14, 143, 0, 255} }},
	{{ {-1346, -1138, -4802}, 0, {1139, -5919}, {14, 143, 0, 255} }},
	{{ {-1829, -1138, -4414}, 0, {-18, -4866}, {14, 143, 0, 255} }},
	{{ {-1403, -1213, -4967}, 0, {1002, -6368}, {14, 143, 0, 255} }},
	{{ {-2048, -1213, -4818}, 0, {-544, -5964}, {14, 143, 0, 255} }},
	{{ {-1386, -1213, -5326}, 0, {1044, -7345}, {14, 143, 0, 255} }},
	{{ {-2014, -1213, -5381}, 0, {-461, -7496}, {14, 143, 0, 255} }},
	{{ {-1325, -1288, -5478}, 0, {1190, -7759}, {14, 143, 0, 255} }},
	{{ {-1824, -1288, -5783}, 0, {-6, -8588}, {14, 143, 0, 255} }},
	{{ {-1182, -1363, -5548}, 0, {1531, -7949}, {14, 143, 0, 255} }},
	{{ {-1474, -1363, -6054}, 0, {833, -9325}, {14, 143, 0, 255} }},
	{{ {-951, -1513, -5611}, 0, {2085, -8120}, {14, 143, 0, 255} }},
	{{ {-1033, -1513, -6155}, 0, {1887, -9599}, {14, 143, 0, 255} }},
	{{ {-51, -1663, -5611}, 0, {4241, -8120}, {14, 143, 0, 255} }},
	{{ {-133, -1663, -6155}, 0, {4043, -9599}, {14, 143, 0, 255} }},
	{{ {336, -1663, -5759}, 0, {5167, -8521}, {14, 143, 0, 255} }},
	{{ {60, -1663, -6229}, 0, {4506, -9800}, {14, 143, 0, 255} }},
	{{ {60, -1663, -6229}, 0, {4506, -9800}, {14, 143, 0, 255} }},
	{{ {336, -1663, -5759}, 0, {5167, -8521}, {14, 143, 0, 255} }},
	{{ {582, -1663, -6117}, 0, {5756, -9496}, {14, 143, 0, 255} }},
	{{ {109, -1663, -6301}, 0, {4624, -9995}, {14, 143, 0, 255} }},
	{{ {582, -1663, -6717}, 0, {5756, -11128}, {14, 143, 0, 255} }},
	{{ {109, -1663, -6901}, 0, {4624, -11626}, {14, 143, 0, 255} }},
	{{ {610, -1663, -6840}, 0, {5824, -11462}, {14, 143, 0, 255} }},
	{{ {165, -1663, -7147}, 0, {4759, -12296}, {14, 143, 0, 255} }},
	{{ {775, -1663, -7075}, 0, {6219, -12101}, {14, 143, 0, 255} }},
	{{ {424, -1663, -7480}, 0, {5379, -13201}, {14, 143, 0, 255} }},
	{{ {931, -1663, -7128}, 0, {6592, -12245}, {14, 143, 0, 255} }},
	{{ {934, -1663, -7667}, 0, {6600, -13710}, {14, 143, 0, 255} }},
	{{ {1231, -1663, -7128}, 0, {7311, -12245}, {14, 143, 0, 255} }},
	{{ {1234, -1663, -7667}, 0, {7318, -13710}, {14, 143, 0, 255} }},
	{{ {1387, -1663, -7122}, 0, {7683, -12230}, {14, 143, 0, 255} }},
	{{ {1568, -1663, -7607}, 0, {8117, -13546}, {14, 143, 0, 255} }},
	{{ {1535, -1663, -7078}, 0, {8038, -12110}, {14, 143, 0, 255} }},
	{{ {1805, -1663, -7466}, 0, {8686, -13165}, {14, 143, 0, 255} }},
	{{ {1613, -1663, -7034}, 0, {8225, -11990}, {14, 143, 0, 255} }},
	{{ {2006, -1663, -7265}, 0, {9167, -12618}, {14, 143, 0, 255} }},
	{{ {1675, -1663, -6887}, 0, {8373, -11589}, {14, 143, 0, 255} }},
	{{ {2133, -1663, -6981}, 0, {9470, -11847}, {14, 143, 0, 255} }},
	{{ {1690, -1663, -6736}, 0, {8411, -11180}, {14, 143, 0, 255} }},
	{{ {2162, -1663, -6734}, 0, {9541, -11175}, {14, 143, 0, 255} }},
	{{ {1690, -1663, -6636}, 0, {8411, -10908}, {14, 143, 0, 255} }},
	{{ {2162, -1663, -6634}, 0, {9541, -10903}, {14, 143, 0, 255} }},
	{{ {697, -1663, -6073}, 0, {6032, -9375}, {14, 143, 0, 255} }},
	{{ {1356, -1663, -6511}, 0, {7610, -10568}, {14, 143, 0, 255} }},
	{{ {1570, -1663, -6637}, 0, {8122, -10909}, {14, 143, 0, 255} }},
	{{ {1155, -1663, -6804}, 0, {7130, -11363}, {14, 143, 0, 255} }},
	{{ {1557, -1663, -6862}, 0, {8090, -11522}, {14, 143, 0, 255} }},
	{{ {1570, -1663, -6737}, 0, {8122, -11181}, {14, 143, 0, 255} }},
	{{ {1557, -1663, -6862}, 0, {8090, -11522}, {14, 143, 0, 255} }},
	{{ {1509, -1663, -6973}, 0, {7975, -11823}, {14, 143, 0, 255} }},
	{{ {1155, -1663, -6804}, 0, {7130, -11363}, {14, 143, 0, 255} }},
	{{ {1466, -1663, -6979}, 0, {7873, -11841}, {14, 143, 0, 255} }},
	{{ {1230, -1663, -7008}, 0, {7309, -11919}, {14, 143, 0, 255} }},
	{{ {1344, -1663, -7010}, 0, {7582, -11923}, {14, 143, 0, 255} }},
	{{ {930, -1663, -7008}, 0, {6590, -11919}, {14, 143, 0, 255} }},
	{{ {985, -1663, -6301}, 0, {6721, -9996}, {14, 143, 0, 255} }},
	{{ {709, -1663, -6772}, 0, {6060, -11277}, {14, 143, 0, 255} }},
	{{ {856, -1663, -6982}, 0, {6413, -11847}, {14, 143, 0, 255} }},
	{{ {695, -1663, -6673}, 0, {6027, -11008}, {14, 143, 0, 255} }},
	{{ {697, -1663, -6073}, 0, {6032, -9375}, {14, 143, 0, 255} }},
	{{ {1356, -1663, -6511}, 0, {7610, -10568}, {14, 143, 0, 255} }},
	{{ {1634, -988, -4523}, 0, {8276, -5163}, {14, 143, 0, 255} }},
	{{ {1491, -988, -4193}, 0, {7934, -4265}, {14, 143, 0, 255} }},
	{{ {2352, -988, -4193}, 0, {9995, -4265}, {14, 143, 0, 255} }},
	{{ {2217, -988, -4523}, 0, {9673, -5163}, {14, 143, 0, 255} }},
	{{ {1445, -650, -4073}, 0, {7822, -3939}, {14, 143, 0, 255} }},
	{{ {1344, -650, -3743}, 0, {7581, -3042}, {14, 143, 0, 255} }},
	{{ {2506, -650, -3743}, 0, {10365, -3042}, {14, 143, 0, 255} }},
	{{ {2397, -650, -4073}, 0, {10104, -3939}, {14, 143, 0, 255} }},
	{{ {1263, -1213, -3683}, 0, {7387, -2878}, {14, 143, 0, 255} }},
	{{ {663, -1213, -3477}, 0, {5950, -2318}, {14, 143, 0, 255} }},
	{{ {1263, -1213, -3477}, 0, {7387, -2318}, {14, 143, 0, 255} }},
	{{ {663, -1213, -3683}, 0, {5950, -2878}, {14, 143, 0, 255} }},
	{{ {434, -1213, -3930}, 0, {5402, -3550}, {14, 143, 0, 255} }},
	{{ {1400, -1213, -4133}, 0, {7716, -4102}, {14, 143, 0, 255} }},
	{{ {911, -1213, -4583}, 0, {6543, -5326}, {14, 143, 0, 255} }},
	{{ {1253, -1213, -4583}, 0, {7362, -5326}, {14, 143, 0, 255} }},
	{{ {1595, -1213, -4583}, 0, {8181, -5326}, {14, 143, 0, 255} }},
	{{ {1253, -1363, -4825}, 0, {7362, -5983}, {14, 143, 0, 255} }},
	{{ {1677, -1363, -4796}, 0, {8379, -5904}, {14, 143, 0, 255} }},
	{{ {1595, -1213, -4583}, 0, {8181, -5326}, {14, 143, 0, 255} }},
	{{ {1868, -1348, -4583}, 0, {8837, -5326}, {14, 143, 0, 255} }},
	{{ {1677, -1363, -4796}, 0, {8379, -5904}, {14, 143, 0, 255} }},
	{{ {1971, -1663, -4885}, 0, {9083, -6145}, {14, 143, 0, 255} }},
	{{ {2109, -1663, -4583}, 0, {9414, -5326}, {14, 143, 0, 255} }},
	{{ {2657, -1663, -5160}, 0, {10725, -6893}, {14, 143, 0, 255} }},
	{{ {2835, -1663, -4742}, 0, {11152, -5756}, {14, 143, 0, 255} }},
	{{ {2258, -1663, -4583}, 0, {9770, -5326}, {14, 143, 0, 255} }},
	{{ {2441, -1663, -4133}, 0, {10208, -4102}, {14, 143, 0, 255} }},
	{{ {2589, -1663, -3683}, 0, {10564, -2878}, {14, 143, 0, 255} }},
	{{ {3286, -1663, -4552}, 0, {12232, -5241}, {14, 143, 0, 255} }},
	{{ {2928, -1663, -2829}, 0, {11375, -556}, {14, 143, 0, 255} }},
	{{ {2928, -1663, -2692}, 0, {11375, -184}, {14, 143, 0, 0} }},
	{{ {2589, -1663, -2496}, 0, {10564, 349}, {14, 143, 0, 0} }},
	{{ {3048, -1663, -2829}, 0, {11662, -556}, {14, 143, 0, 255} }},
	{{ {3630, -1663, -2829}, 0, {13055, -556}, {14, 143, 0, 255} }},
	{{ {3750, -1663, -2829}, 0, {13343, -556}, {14, 143, 0, 255} }},
	{{ {3649, -1663, -4566}, 0, {13101, -5277}, {14, 143, 0, 255} }},
	{{ {3850, -1663, -2529}, 0, {13582, 260}, {14, 143, 0, 0} }},
	{{ {3750, -1663, -2529}, 0, {13343, 260}, {14, 143, 0, 255} }},
	{{ {3750, -1663, -2321}, 0, {13343, 825}, {14, 143, 0, 0} }},
	{{ {4089, -1663, -3625}, 0, {14156, -2720}, {14, 143, 0, 0} }},
	{{ {3950, -1663, -2829}, 0, {13822, -556}, {14, 143, 0, 0} }},
	{{ {4131, -1663, -4421}, 0, {14256, -4884}, {14, 143, 0, 0} }},
	{{ {3800, -1663, -4851}, 0, {13463, -6054}, {14, 143, 0, 255} }},
	{{ {3693, -1663, -5261}, 0, {13206, -7168}, {14, 143, 0, 255} }},
	{{ {4131, -1663, -5217}, 0, {14256, -7048}, {14, 143, 0, 0} }},
	{{ {4022, -1663, -6013}, 0, {13995, -9212}, {14, 143, 0, 1} }},
	{{ {3462, -1663, -5671}, 0, {12655, -8283}, {14, 143, 0, 255} }},
	{{ {3466, -1663, -6234}, 0, {12664, -9815}, {14, 143, 0, 255} }},
	{{ {3915, -1663, -6303}, 0, {13739, -10002}, {14, 143, 0, 0} }},
	{{ {3749, -1663, -6352}, 0, {13342, -10134}, {14, 143, 0, 255} }},
	{{ {3749, -1663, -6352}, 0, {13342, -10134}, {14, 143, 0, 255} }},
	{{ {3915, -1663, -6303}, 0, {13739, -10002}, {14, 143, 0, 0} }},
	{{ {3808, -1663, -6493}, 0, {13482, -10518}, {14, 143, 0, 0} }},
	{{ {3133, -1663, -5831}, 0, {11866, -8718}, {14, 143, 0, 255} }},
	{{ {3462, -1663, -5671}, 0, {12655, -8283}, {14, 143, 0, 255} }},
	{{ {3466, -1663, -6234}, 0, {12664, -9815}, {14, 143, 0, 255} }},
	{{ {3183, -1663, -6352}, 0, {11987, -10134}, {14, 143, 0, 255} }},
	{{ {2821, -1663, -5802}, 0, {11120, -8639}, {14, 143, 0, 255} }},
	{{ {2162, -1663, -6634}, 0, {9541, -10903}, {14, 143, 0, 255} }},
	{{ {3066, -1663, -6634}, 0, {11706, -10903}, {14, 143, 0, 255} }},
	{{ {2281, -1663, -6634}, 0, {9826, -10903}, {14, 143, 0, 255} }},
	{{ {2727, -1663, -6784}, 0, {10894, -11310}, {14, 143, 0, 0} }},
	{{ {3125, -1663, -6776}, 0, {11846, -11287}, {14, 143, 0, 13} }},
	{{ {2281, -1663, -6749}, 0, {9826, -11213}, {14, 143, 0, 255} }},
	{{ {2400, -1663, -6954}, 0, {10109, -11772}, {14, 143, 0, 0} }},
	{{ {2251, -1663, -7006}, 0, {9753, -11913}, {14, 143, 0, 0} }},
	{{ {434, -1213, -3930}, 0, {5402, -3550}, {14, 143, 0, 255} }},
	{{ {477, -1213, -3683}, 0, {5506, -2878}, {14, 143, 0, 255} }},
	{{ {663, -1213, -3683}, 0, {5950, -2878}, {14, 143, 0, 255} }},
	{{ {911, -1213, -4583}, 0, {6543, -5326}, {14, 143, 0, 255} }},
	{{ {1253, -1213, -4583}, 0, {7362, -5326}, {14, 143, 0, 255} }},
	{{ {1253, -1363, -4825}, 0, {7362, -5983}, {14, 143, 0, 255} }},
	{{ {911, -1363, -4835}, 0, {6543, -6009}, {14, 143, 0, 255} }},
	{{ {911, -1663, -5113}, 0, {6543, -6765}, {14, 143, 0, 255} }},
	{{ {1253, -1663, -5070}, 0, {7362, -6649}, {14, 143, 0, 255} }},
	{{ {1677, -1363, -4796}, 0, {8379, -5904}, {14, 143, 0, 255} }},
	{{ {1685, -1663, -5023}, 0, {8397, -6521}, {14, 143, 0, 255} }},
	{{ {1971, -1663, -4885}, 0, {9083, -6145}, {14, 143, 0, 255} }},
	{{ {2657, -1663, -5160}, 0, {10725, -6893}, {14, 143, 0, 255} }},
	{{ {2637, -1663, -5578}, 0, {10678, -8029}, {14, 143, 0, 255} }},
	{{ {697, -1663, -6073}, 0, {6032, -9375}, {14, 143, 0, 255} }},
	{{ {398, -1663, -5654}, 0, {5314, -8236}, {14, 143, 0, 255} }},
	{{ {568, -1663, -5085}, 0, {5724, -6688}, {14, 143, 0, 255} }},
	{{ {911, -1663, -5113}, 0, {6543, -6765}, {14, 143, 0, 255} }},
	{{ {398, -1663, -5654}, 0, {5314, -8236}, {14, 143, 0, 255} }},
	{{ {286, -1663, -5017}, 0, {5048, -6505}, {14, 143, 0, 255} }},
	{{ {-27, -1663, -5491}, 0, {4298, -7793}, {14, 143, 0, 255} }},
	{{ {-502, -1663, -4748}, 0, {3161, -5774}, {14, 143, 0, 0} }},
	{{ {-502, -1663, -5491}, 0, {3161, -7793}, {14, 143, 0, 0} }},
	{{ {-51, -1663, -4584}, 0, {4239, -5326}, {14, 143, 0, 255} }},
	{{ {164, -1359, -4583}, 0, {4755, -5326}, {14, 143, 0, 255} }},
	{{ {272, -1363, -4725}, 0, {5013, -5710}, {14, 143, 0, 255} }},
	{{ {267, -1213, -4583}, 0, {5003, -5326}, {14, 143, 0, 255} }},
	{{ {568, -1213, -4583}, 0, {5724, -5326}, {14, 143, 0, 255} }},
	{{ {434, -1213, -3930}, 0, {5402, -3550}, {14, 143, 0, 255} }},
	{{ {293, -1213, -4246}, 0, {5065, -4408}, {14, 143, 0, 255} }},
	{{ {-51, -1213, -4584}, 0, {4239, -5326}, {14, 143, 0, 255} }},
	{{ {911, -1213, -4583}, 0, {6543, -5326}, {14, 143, 0, 255} }},
	{{ {568, -1363, -4824}, 0, {5724, -5979}, {14, 143, 0, 255} }},
	{{ {911, -1363, -4835}, 0, {6543, -6009}, {14, 143, 0, 255} }},
	{{ {-2047, 449, -3917}, 0, {-541, -3514}, {14, 143, 0, 255} }},
	{{ {-1899, 459, -3940}, 0, {-187, -3575}, {14, 143, 0, 255} }},
	{{ {-1899, 559, -3940}, 0, {-187, -3575}, {14, 143, 0, 255} }},
	{{ {-2047, 549, -3917}, 0, {-541, -3514}, {14, 143, 0, 255} }},
};

Gfx ccm_dl_VISUAL_mesh_layer_1_tri_0[] = {
	gsSPVertex(ccm_dl_VISUAL_mesh_layer_1_vtx_0 + 0, 32, 0),
	gsSP2Triangles(0, 1, 2, 0, 0, 2, 3, 0),
	gsSP2Triangles(3, 2, 4, 0, 3, 4, 5, 0),
	gsSP2Triangles(6, 5, 4, 0, 4, 7, 6, 0),
	gsSP2Triangles(8, 6, 7, 0, 8, 7, 9, 0),
	gsSP2Triangles(9, 10, 8, 0, 11, 10, 9, 0),
	gsSP2Triangles(11, 9, 12, 0, 13, 11, 12, 0),
	gsSP2Triangles(13, 12, 14, 0, 15, 13, 14, 0),
	gsSP2Triangles(15, 14, 16, 0, 17, 15, 16, 0),
	gsSP2Triangles(17, 16, 18, 0, 19, 17, 18, 0),
	gsSP2Triangles(19, 18, 20, 0, 21, 19, 20, 0),
	gsSP2Triangles(21, 20, 22, 0, 21, 22, 23, 0),
	gsSP2Triangles(21, 23, 6, 0, 6, 23, 5, 0),
	gsSP2Triangles(6, 8, 21, 0, 24, 21, 8, 0),
	gsSP2Triangles(24, 8, 25, 0, 25, 8, 10, 0),
	gsSP2Triangles(25, 10, 26, 0, 26, 10, 11, 0),
	gsSP2Triangles(26, 11, 27, 0, 27, 11, 13, 0),
	gsSP2Triangles(27, 13, 28, 0, 28, 13, 15, 0),
	gsSP2Triangles(28, 15, 29, 0, 29, 15, 17, 0),
	gsSP2Triangles(29, 17, 30, 0, 30, 17, 19, 0),
	gsSP2Triangles(30, 19, 31, 0, 31, 19, 21, 0),
	gsSP1Triangle(31, 21, 24, 0),
	gsSPVertex(ccm_dl_VISUAL_mesh_layer_1_vtx_0 + 32, 32, 0),
	gsSP2Triangles(0, 1, 2, 0, 0, 2, 3, 0),
	gsSP2Triangles(3, 2, 4, 0, 3, 4, 5, 0),
	gsSP2Triangles(5, 4, 6, 0, 5, 6, 7, 0),
	gsSP2Triangles(7, 6, 8, 0, 7, 8, 9, 0),
	gsSP2Triangles(9, 8, 10, 0, 9, 10, 11, 0),
	gsSP2Triangles(11, 10, 12, 0, 11, 12, 13, 0),
	gsSP2Triangles(13, 12, 14, 0, 13, 14, 15, 0),
	gsSP2Triangles(15, 14, 1, 0, 15, 1, 0, 0),
	gsSP2Triangles(16, 15, 0, 0, 16, 0, 17, 0),
	gsSP2Triangles(17, 0, 3, 0, 17, 3, 18, 0),
	gsSP2Triangles(18, 3, 5, 0, 18, 5, 19, 0),
	gsSP2Triangles(19, 5, 7, 0, 19, 7, 20, 0),
	gsSP2Triangles(20, 7, 9, 0, 20, 9, 21, 0),
	gsSP2Triangles(21, 9, 11, 0, 21, 11, 22, 0),
	gsSP2Triangles(22, 11, 13, 0, 22, 13, 23, 0),
	gsSP2Triangles(23, 13, 15, 0, 23, 15, 16, 0),
	gsSP2Triangles(24, 25, 26, 0, 24, 26, 27, 0),
	gsSP2Triangles(28, 27, 26, 0, 28, 29, 27, 0),
	gsSP2Triangles(29, 28, 30, 0, 29, 30, 31, 0),
	gsSPVertex(ccm_dl_VISUAL_mesh_layer_1_vtx_0 + 64, 32, 0),
	gsSP2Triangles(0, 1, 2, 0, 3, 0, 2, 0),
	gsSP2Triangles(3, 2, 4, 0, 2, 5, 4, 0),
	gsSP2Triangles(4, 6, 3, 0, 6, 4, 7, 0),
	gsSP2Triangles(6, 7, 8, 0, 8, 7, 9, 0),
	gsSP2Triangles(8, 9, 10, 0, 10, 9, 11, 0),
	gsSP2Triangles(10, 11, 12, 0, 12, 11, 13, 0),
	gsSP2Triangles(12, 13, 14, 0, 14, 13, 15, 0),
	gsSP2Triangles(14, 15, 16, 0, 16, 15, 17, 0),
	gsSP2Triangles(16, 17, 18, 0, 18, 17, 19, 0),
	gsSP2Triangles(18, 19, 20, 0, 20, 19, 21, 0),
	gsSP2Triangles(20, 21, 22, 0, 22, 21, 23, 0),
	gsSP2Triangles(22, 23, 24, 0, 24, 23, 25, 0),
	gsSP2Triangles(24, 25, 26, 0, 26, 25, 27, 0),
	gsSP2Triangles(26, 27, 28, 0, 28, 27, 29, 0),
	gsSP2Triangles(28, 29, 30, 0, 29, 31, 30, 0),
	gsSPVertex(ccm_dl_VISUAL_mesh_layer_1_vtx_0 + 96, 32, 0),
	gsSP2Triangles(0, 1, 2, 0, 3, 4, 5, 0),
	gsSP2Triangles(4, 6, 5, 0, 4, 7, 6, 0),
	gsSP2Triangles(5, 8, 9, 0, 10, 11, 12, 0),
	gsSP2Triangles(13, 10, 12, 0, 12, 14, 13, 0),
	gsSP2Triangles(12, 15, 14, 0, 12, 16, 15, 0),
	gsSP2Triangles(17, 16, 12, 0, 17, 12, 18, 0),
	gsSP2Triangles(17, 18, 19, 0, 17, 19, 20, 0),
	gsSP2Triangles(21, 20, 19, 0, 21, 22, 20, 0),
	gsSP2Triangles(22, 21, 23, 0, 21, 24, 23, 0),
	gsSP2Triangles(23, 24, 25, 0, 23, 25, 26, 0),
	gsSP2Triangles(26, 25, 27, 0, 26, 27, 28, 0),
	gsSP2Triangles(28, 27, 29, 0, 28, 29, 30, 0),
	gsSP1Triangle(30, 29, 31, 0),
	gsSPVertex(ccm_dl_VISUAL_mesh_layer_1_vtx_0 + 128, 32, 0),
	gsSP2Triangles(0, 1, 2, 0, 2, 1, 3, 0),
	gsSP2Triangles(2, 3, 4, 0, 4, 3, 5, 0),
	gsSP2Triangles(4, 5, 6, 0, 6, 5, 7, 0),
	gsSP2Triangles(6, 7, 8, 0, 8, 7, 9, 0),
	gsSP2Triangles(8, 9, 10, 0, 9, 11, 10, 0),
	gsSP2Triangles(9, 12, 11, 0, 13, 11, 12, 0),
	gsSP2Triangles(13, 14, 11, 0, 14, 13, 15, 0),
	gsSP2Triangles(14, 15, 16, 0, 17, 14, 16, 0),
	gsSP2Triangles(16, 18, 17, 0, 16, 19, 18, 0),
	gsSP2Triangles(16, 20, 19, 0, 21, 19, 20, 0),
	gsSP2Triangles(21, 22, 19, 0, 17, 23, 14, 0),
	gsSP2Triangles(17, 24, 23, 0, 25, 26, 27, 0),
	gsSP2Triangles(28, 29, 30, 0, 28, 31, 29, 0),
	gsSPVertex(ccm_dl_VISUAL_mesh_layer_1_vtx_0 + 160, 31, 0),
	gsSP2Triangles(0, 1, 2, 0, 0, 2, 3, 0),
	gsSP2Triangles(3, 2, 4, 0, 3, 4, 5, 0),
	gsSP2Triangles(5, 4, 6, 0, 5, 6, 7, 0),
	gsSP2Triangles(7, 6, 8, 0, 7, 8, 9, 0),
	gsSP2Triangles(9, 8, 10, 0, 9, 10, 11, 0),
	gsSP2Triangles(11, 10, 12, 0, 11, 12, 13, 0),
	gsSP2Triangles(13, 12, 14, 0, 13, 14, 15, 0),
	gsSP2Triangles(15, 14, 16, 0, 15, 16, 17, 0),
	gsSP2Triangles(17, 16, 18, 0, 18, 16, 19, 0),
	gsSP2Triangles(18, 19, 20, 0, 20, 19, 21, 0),
	gsSP2Triangles(20, 21, 22, 0, 22, 21, 23, 0),
	gsSP2Triangles(22, 23, 24, 0, 24, 23, 25, 0),
	gsSP2Triangles(24, 25, 26, 0, 26, 25, 27, 0),
	gsSP2Triangles(26, 27, 28, 0, 28, 27, 29, 0),
	gsSP1Triangle(28, 29, 30, 0),
	gsSPVertex(ccm_dl_VISUAL_mesh_layer_1_vtx_0 + 191, 32, 0),
	gsSP2Triangles(0, 1, 2, 0, 0, 2, 3, 0),
	gsSP2Triangles(0, 3, 4, 0, 0, 4, 5, 0),
	gsSP2Triangles(5, 4, 6, 0, 5, 6, 7, 0),
	gsSP2Triangles(7, 6, 8, 0, 7, 8, 9, 0),
	gsSP2Triangles(9, 8, 10, 0, 9, 10, 11, 0),
	gsSP2Triangles(11, 10, 12, 0, 11, 12, 13, 0),
	gsSP2Triangles(13, 12, 14, 0, 13, 14, 15, 0),
	gsSP2Triangles(15, 14, 16, 0, 15, 16, 17, 0),
	gsSP2Triangles(17, 16, 18, 0, 17, 18, 19, 0),
	gsSP2Triangles(19, 18, 20, 0, 19, 20, 21, 0),
	gsSP2Triangles(21, 20, 22, 0, 21, 22, 23, 0),
	gsSP2Triangles(23, 22, 24, 0, 23, 24, 25, 0),
	gsSP2Triangles(25, 24, 26, 0, 25, 26, 27, 0),
	gsSP2Triangles(27, 26, 28, 0, 27, 28, 29, 0),
	gsSP2Triangles(29, 28, 30, 0, 29, 30, 31, 0),
	gsSPVertex(ccm_dl_VISUAL_mesh_layer_1_vtx_0 + 223, 32, 0),
	gsSP2Triangles(0, 1, 2, 0, 0, 2, 3, 0),
	gsSP2Triangles(3, 2, 4, 0, 3, 4, 5, 0),
	gsSP2Triangles(5, 4, 6, 0, 5, 6, 7, 0),
	gsSP2Triangles(7, 6, 8, 0, 7, 8, 9, 0),
	gsSP2Triangles(9, 8, 10, 0, 9, 10, 11, 0),
	gsSP2Triangles(11, 10, 12, 0, 11, 12, 13, 0),
	gsSP2Triangles(13, 12, 14, 0, 13, 14, 15, 0),
	gsSP2Triangles(15, 14, 16, 0, 15, 16, 17, 0),
	gsSP2Triangles(17, 16, 18, 0, 17, 18, 19, 0),
	gsSP2Triangles(19, 18, 20, 0, 19, 20, 21, 0),
	gsSP2Triangles(21, 20, 22, 0, 21, 22, 23, 0),
	gsSP2Triangles(23, 22, 24, 0, 23, 24, 25, 0),
	gsSP2Triangles(26, 25, 24, 0, 27, 26, 24, 0),
	gsSP2Triangles(24, 28, 27, 0, 29, 27, 28, 0),
	gsSP2Triangles(30, 29, 28, 0, 28, 31, 30, 0),
	gsSPVertex(ccm_dl_VISUAL_mesh_layer_1_vtx_0 + 255, 32, 0),
	gsSP2Triangles(0, 1, 2, 0, 2, 1, 3, 0),
	gsSP2Triangles(2, 3, 4, 0, 3, 5, 4, 0),
	gsSP2Triangles(4, 6, 2, 0, 7, 2, 6, 0),
	gsSP2Triangles(7, 6, 8, 0, 6, 9, 8, 0),
	gsSP2Triangles(8, 10, 7, 0, 10, 11, 7, 0),
	gsSP2Triangles(12, 7, 11, 0, 13, 14, 15, 0),
	gsSP2Triangles(13, 15, 16, 0, 17, 18, 19, 0),
	gsSP2Triangles(17, 19, 20, 0, 21, 22, 23, 0),
	gsSP2Triangles(21, 24, 22, 0, 25, 24, 21, 0),
	gsSP2Triangles(25, 21, 26, 0, 27, 25, 26, 0),
	gsSP2Triangles(26, 28, 27, 0, 26, 29, 28, 0),
	gsSP2Triangles(29, 30, 28, 0, 29, 31, 30, 0),
	gsSPVertex(ccm_dl_VISUAL_mesh_layer_1_vtx_0 + 287, 32, 0),
	gsSP2Triangles(0, 1, 2, 0, 3, 2, 1, 0),
	gsSP2Triangles(4, 3, 1, 0, 5, 3, 4, 0),
	gsSP2Triangles(4, 6, 5, 0, 4, 7, 6, 0),
	gsSP2Triangles(7, 8, 6, 0, 9, 6, 8, 0),
	gsSP2Triangles(9, 10, 6, 0, 10, 9, 11, 0),
	gsSP2Triangles(9, 12, 11, 0, 9, 13, 12, 0),
	gsSP2Triangles(10, 11, 14, 0, 14, 15, 10, 0),
	gsSP2Triangles(15, 16, 10, 0, 17, 10, 16, 0),
	gsSP2Triangles(18, 17, 16, 0, 16, 19, 18, 0),
	gsSP2Triangles(19, 20, 18, 0, 18, 21, 17, 0),
	gsSP2Triangles(18, 22, 21, 0, 21, 23, 17, 0),
	gsSP2Triangles(24, 17, 23, 0, 25, 24, 23, 0),
	gsSP2Triangles(23, 26, 25, 0, 27, 25, 26, 0),
	gsSP2Triangles(27, 28, 25, 0, 29, 28, 27, 0),
	gsSP2Triangles(29, 27, 30, 0, 30, 31, 29, 0),
	gsSPVertex(ccm_dl_VISUAL_mesh_layer_1_vtx_0 + 319, 32, 0),
	gsSP2Triangles(0, 1, 2, 0, 3, 4, 5, 0),
	gsSP2Triangles(3, 5, 6, 0, 6, 7, 3, 0),
	gsSP2Triangles(6, 8, 7, 0, 8, 6, 9, 0),
	gsSP2Triangles(8, 9, 10, 0, 10, 9, 11, 0),
	gsSP2Triangles(12, 11, 9, 0, 13, 10, 11, 0),
	gsSP2Triangles(13, 11, 14, 0, 15, 13, 14, 0),
	gsSP2Triangles(16, 17, 18, 0, 19, 20, 21, 0),
	gsSP2Triangles(19, 21, 22, 0, 23, 22, 21, 0),
	gsSP2Triangles(23, 21, 24, 0, 25, 24, 21, 0),
	gsSP2Triangles(25, 26, 24, 0, 25, 27, 26, 0),
	gsSP2Triangles(26, 27, 8, 0, 8, 27, 28, 0),
	gsSP2Triangles(28, 29, 8, 0, 29, 7, 8, 0),
	gsSP2Triangles(26, 8, 24, 0, 24, 8, 30, 0),
	gsSP2Triangles(23, 24, 30, 0, 23, 30, 31, 0),
	gsSPVertex(ccm_dl_VISUAL_mesh_layer_1_vtx_0 + 351, 22, 0),
	gsSP2Triangles(0, 1, 2, 0, 2, 3, 0, 0),
	gsSP2Triangles(2, 4, 3, 0, 3, 4, 5, 0),
	gsSP2Triangles(5, 4, 6, 0, 3, 5, 7, 0),
	gsSP2Triangles(3, 7, 8, 0, 3, 8, 9, 0),
	gsSP2Triangles(10, 9, 8, 0, 11, 9, 10, 0),
	gsSP2Triangles(11, 10, 12, 0, 10, 13, 12, 0),
	gsSP2Triangles(10, 14, 13, 0, 15, 11, 12, 0),
	gsSP2Triangles(15, 16, 11, 0, 15, 17, 16, 0),
	gsSP2Triangles(1, 16, 17, 0, 1, 0, 16, 0),
	gsSP2Triangles(0, 9, 16, 0, 0, 3, 9, 0),
	gsSP2Triangles(11, 16, 9, 0, 18, 19, 20, 0),
	gsSP1Triangle(18, 20, 21, 0),
	gsSPEndDisplayList(),
};

Vtx ccm_dl_VISUAL_mesh_layer_1_vtx_1[1133] = {
	{{ {-933, -313, 923}, 0, {-2135, 16757}, {120, 100, 53, 255} }},
	{{ {0, -223, 1310}, 0, {3277, 18999}, {120, 100, 53, 255} }},
	{{ {-933, -223, 923}, 0, {-2135, 16757}, {120, 100, 53, 255} }},
	{{ {0, -313, 1310}, 0, {3277, 18999}, {120, 100, 53, 255} }},
	{{ {933, -223, 923}, 0, {8690, 16757}, {120, 100, 53, 255} }},
	{{ {933, -313, 923}, 0, {8690, 16757}, {120, 100, 53, 255} }},
	{{ {1320, -223, -10}, 0, {10932, 11345}, {120, 100, 53, 255} }},
	{{ {1320, -313, -10}, 0, {10932, 11345}, {120, 100, 53, 255} }},
	{{ {933, -223, -944}, 0, {8690, 5932}, {120, 100, 53, 255} }},
	{{ {933, -313, -944}, 0, {8690, 5932}, {120, 100, 53, 255} }},
	{{ {483, -223, -1181}, 0, {6079, 4553}, {120, 100, 53, 255} }},
	{{ {483, -313, -1181}, 0, {6079, 4553}, {120, 100, 53, 255} }},
	{{ {483, -223, -2333}, 0, {6079, -2128}, {120, 100, 53, 255} }},
	{{ {483, -313, -2333}, 0, {6079, -2128}, {120, 100, 53, 255} }},
	{{ {663, -223, -2333}, 0, {7123, -2128}, {120, 100, 53, 255} }},
	{{ {663, -313, -2333}, 0, {7123, -2128}, {120, 100, 53, 255} }},
	{{ {663, -223, -2540}, 0, {7123, -3324}, {120, 100, 53, 255} }},
	{{ {663, -313, -2540}, 0, {7123, -3324}, {120, 100, 53, 255} }},
	{{ {1263, -313, -2540}, 0, {10603, -3324}, {120, 100, 53, 255} }},
	{{ {1263, -223, -2540}, 0, {10603, -3324}, {120, 100, 53, 255} }},
	{{ {1263, -313, -2333}, 0, {10603, -2128}, {120, 100, 53, 255} }},
	{{ {1263, -223, -2333}, 0, {10603, -2128}, {120, 100, 53, 255} }},
	{{ {1478, -223, -2333}, 0, {11846, -2128}, {120, 100, 53, 255} }},
	{{ {1478, -313, -2333}, 0, {11846, -2128}, {120, 100, 53, 255} }},
	{{ {1375, -413, -1933}, 0, {11250, 192}, {120, 100, 53, 255} }},
	{{ {1375, -513, -1933}, 0, {11250, 192}, {120, 100, 53, 255} }},
	{{ {1379, -513, -1197}, 0, {11273, 4464}, {120, 100, 53, 255} }},
	{{ {1379, -613, -1197}, 0, {11273, 4464}, {120, 100, 53, 255} }},
	{{ {1674, -613, -622}, 0, {12987, 7799}, {120, 100, 53, 255} }},
	{{ {1674, -713, -622}, 0, {12987, 7799}, {120, 100, 53, 255} }},
	{{ {2222, -713, -297}, 0, {16164, 9683}, {120, 100, 53, 255} }},
	{{ {2222, -813, -297}, 0, {16164, 9683}, {120, 100, 53, 255} }},
	{{ {2222, -813, -297}, 0, {16164, 9683}, {120, 100, 53, 255} }},
	{{ {3021, -763, -286}, 0, {20796, 9748}, {120, 100, 53, 255} }},
	{{ {2222, -713, -297}, 0, {16164, 9683}, {120, 100, 53, 255} }},
	{{ {3021, -863, -286}, 0, {20796, 9748}, {120, 100, 53, 255} }},
	{{ {3428, -863, -480}, 0, {23156, 8619}, {120, 100, 53, 255} }},
	{{ {3428, -963, -480}, 0, {23156, 8619}, {120, 100, 53, 255} }},
	{{ {3736, -963, -885}, 0, {24945, 6274}, {120, 100, 53, 255} }},
	{{ {3736, -1063, -885}, 0, {24945, 6274}, {120, 100, 53, 255} }},
	{{ {3750, -1063, -1459}, 0, {25023, 2943}, {120, 100, 53, 255} }},
	{{ {3750, -1163, -1459}, 0, {25023, 2943}, {120, 100, 53, 255} }},
	{{ {3750, -1163, -1690}, 0, {25023, 1600}, {120, 100, 53, 255} }},
	{{ {3750, -1263, -1690}, 0, {25023, 1600}, {120, 100, 53, 255} }},
	{{ {3750, -1413, -2113}, 0, {25023, -852}, {120, 100, 53, 255} }},
	{{ {3750, -1513, -2113}, 0, {25023, -852}, {120, 100, 53, 255} }},
	{{ {3750, -1563, -2529}, 0, {25023, -3264}, {120, 100, 53, 255} }},
	{{ {3750, -1663, -2529}, 0, {25023, -3264}, {120, 100, 53, 255} }},
	{{ {3750, -1663, -2829}, 0, {25023, -5004}, {120, 100, 53, 255} }},
	{{ {3630, -1663, -2829}, 0, {24327, -5004}, {120, 100, 53, 255} }},
	{{ {3630, -1563, -2529}, 0, {24327, -3264}, {120, 100, 53, 255} }},
	{{ {3630, -1663, -2529}, 0, {24327, -3264}, {120, 100, 53, 255} }},
	{{ {3630, -1413, -2113}, 0, {24327, -852}, {120, 100, 53, 255} }},
	{{ {3630, -1513, -2113}, 0, {24327, -852}, {120, 100, 53, 255} }},
	{{ {3630, -1163, -1690}, 0, {24327, 1600}, {120, 100, 53, 255} }},
	{{ {3630, -1263, -1690}, 0, {24327, 1600}, {120, 100, 53, 255} }},
	{{ {3630, -1063, -1459}, 0, {24327, 2943}, {120, 100, 53, 255} }},
	{{ {3630, -1163, -1459}, 0, {24327, 2943}, {120, 100, 53, 255} }},
	{{ {3630, -963, -942}, 0, {24327, 5940}, {120, 100, 53, 255} }},
	{{ {3630, -1063, -942}, 0, {24327, 5940}, {120, 100, 53, 255} }},
	{{ {3362, -863, -582}, 0, {22776, 8030}, {120, 100, 53, 255} }},
	{{ {3362, -963, -582}, 0, {22776, 8030}, {120, 100, 53, 255} }},
	{{ {2983, -763, -400}, 0, {20576, 9082}, {120, 100, 53, 255} }},
	{{ {2983, -863, -400}, 0, {20576, 9082}, {120, 100, 53, 255} }},
	{{ {2983, -863, -400}, 0, {20576, 9082}, {120, 100, 53, 255} }},
	{{ {2283, -713, -400}, 0, {16516, 9082}, {120, 100, 53, 255} }},
	{{ {2983, -763, -400}, 0, {20576, 9082}, {120, 100, 53, 255} }},
	{{ {2283, -813, -400}, 0, {16516, 9082}, {120, 100, 53, 255} }},
	{{ {1775, -613, -688}, 0, {13572, 7417}, {120, 100, 53, 255} }},
	{{ {1775, -713, -688}, 0, {13572, 7417}, {120, 100, 53, 255} }},
	{{ {1495, -513, -1233}, 0, {11946, 4251}, {120, 100, 53, 255} }},
	{{ {1495, -613, -1233}, 0, {11946, 4251}, {120, 100, 53, 255} }},
	{{ {1495, -413, -1933}, 0, {11946, 192}, {120, 100, 53, 255} }},
	{{ {1495, -513, -1933}, 0, {11946, 192}, {120, 100, 53, 255} }},
	{{ {1595, -313, -2333}, 0, {12525, -2128}, {120, 100, 53, 255} }},
	{{ {1595, -223, -2333}, 0, {12525, -2128}, {120, 100, 53, 255} }},
	{{ {1595, -313, -2483}, 0, {12525, -2998}, {120, 100, 53, 255} }},
	{{ {1595, -223, -2483}, 0, {12525, -2998}, {120, 100, 53, 255} }},
	{{ {1413, -223, -2483}, 0, {11473, -2998}, {120, 100, 53, 255} }},
	{{ {1413, -313, -2483}, 0, {11473, -2998}, {120, 100, 53, 255} }},
	{{ {1413, -313, -2746}, 0, {11473, -4520}, {120, 100, 53, 255} }},
	{{ {1413, -223, -2746}, 0, {11473, -4520}, {120, 100, 53, 255} }},
	{{ {1413, -313, -2746}, 0, {11473, -4520}, {120, 100, 53, 255} }},
	{{ {663, -313, -2746}, 0, {7123, -4520}, {120, 100, 53, 255} }},
	{{ {663, -223, -2746}, 0, {7123, -4520}, {120, 100, 53, 78} }},
	{{ {513, -313, -2746}, 0, {6253, -4520}, {120, 100, 53, 78} }},
	{{ {513, -223, -2746}, 0, {6253, -4520}, {120, 100, 53, 78} }},
	{{ {513, -223, -2483}, 0, {6253, -2998}, {120, 100, 53, 78} }},
	{{ {513, -313, -2483}, 0, {6253, -2998}, {120, 100, 53, 78} }},
	{{ {363, -223, -2483}, 0, {5383, -2998}, {120, 100, 53, 78} }},
	{{ {363, -313, -2483}, 0, {5383, -2998}, {120, 100, 53, 78} }},
	{{ {363, -223, -2333}, 0, {5383, -2128}, {120, 100, 53, 78} }},
	{{ {363, -313, -2333}, 0, {5383, -2128}, {120, 100, 53, 78} }},
	{{ {363, -223, -1133}, 0, {5383, 4831}, {120, 100, 53, 78} }},
	{{ {363, -313, -1133}, 0, {5383, 4831}, {120, 100, 53, 78} }},
	{{ {872, -223, -858}, 0, {8336, 6429}, {120, 100, 53, 78} }},
	{{ {363, -313, -1133}, 0, {5383, 4831}, {120, 100, 53, 78} }},
	{{ {872, -313, -858}, 0, {8336, 6429}, {120, 100, 53, 78} }},
	{{ {872, -223, -858}, 0, {8336, 6429}, {120, 100, 53, 78} }},
	{{ {1209, -223, 13}, 0, {10288, 11479}, {120, 100, 53, 78} }},
	{{ {1209, -313, 13}, 0, {10288, 11479}, {120, 100, 53, 78} }},
	{{ {855, -223, 868}, 0, {8235, 16436}, {120, 100, 53, 78} }},
	{{ {855, -313, 868}, 0, {8235, 16436}, {120, 100, 53, 78} }},
	{{ {0, -223, 1222}, 0, {3277, 18490}, {120, 100, 53, 78} }},
	{{ {0, -313, 1222}, 0, {3277, 18490}, {120, 100, 53, 78} }},
	{{ {-855, -223, 868}, 0, {-1680, 16436}, {120, 100, 53, 78} }},
	{{ {-855, -313, 868}, 0, {-1680, 16436}, {120, 100, 53, 78} }},
	{{ {-1209, -223, 13}, 0, {-3733, 11479}, {120, 100, 53, 78} }},
	{{ {-1209, -313, 13}, 0, {-3733, 11479}, {120, 100, 53, 78} }},
	{{ {-872, -223, -858}, 0, {-1781, 6429}, {120, 100, 53, 78} }},
	{{ {-872, -313, -858}, 0, {-1781, 6429}, {120, 100, 53, 78} }},
	{{ {-363, -223, -1133}, 0, {1172, 4831}, {120, 100, 53, 78} }},
	{{ {-363, -313, -1133}, 0, {1172, 4831}, {120, 100, 53, 78} }},
	{{ {-363, -223, -2333}, 0, {1172, -2128}, {120, 100, 53, 78} }},
	{{ {-363, -313, -2333}, 0, {1172, -2128}, {120, 100, 53, 78} }},
	{{ {-363, -223, -2483}, 0, {1172, -2998}, {120, 100, 53, 78} }},
	{{ {-363, -313, -2483}, 0, {1172, -2998}, {120, 100, 53, 78} }},
	{{ {-513, -223, -2483}, 0, {302, -2998}, {120, 100, 53, 78} }},
	{{ {-513, -313, -2483}, 0, {302, -2998}, {120, 100, 53, 78} }},
	{{ {-513, -223, -2746}, 0, {302, -4520}, {120, 100, 53, 78} }},
	{{ {-513, -313, -2746}, 0, {302, -4520}, {120, 100, 53, 78} }},
	{{ {-663, -313, -2746}, 0, {-568, -4520}, {120, 100, 53, 255} }},
	{{ {-663, -223, -2746}, 0, {-568, -4520}, {120, 100, 53, 255} }},
	{{ {-1897, 287, -2746}, 0, {-7726, -4520}, {120, 100, 53, 255} }},
	{{ {-1897, 377, -2746}, 0, {-7726, -4520}, {120, 100, 53, 255} }},
	{{ {-2047, 377, -2746}, 0, {-8596, -4520}, {120, 100, 53, 255} }},
	{{ {-2047, 287, -2746}, 0, {-8596, -4520}, {120, 100, 53, 255} }},
	{{ {-2047, 377, -2408}, 0, {-8596, -2563}, {120, 100, 53, 255} }},
	{{ {-2047, 287, -2746}, 0, {-8596, -4520}, {120, 100, 53, 255} }},
	{{ {-2047, 287, -2408}, 0, {-8596, -2563}, {120, 100, 53, 255} }},
	{{ {-2047, 377, -2408}, 0, {-8596, -2563}, {120, 100, 53, 255} }},
	{{ {-2047, 337, -1908}, 0, {-8596, 337}, {120, 100, 53, 255} }},
	{{ {-2047, 437, -1908}, 0, {-8596, 337}, {120, 100, 53, 255} }},
	{{ {-2047, 737, -1408}, 0, {-8596, 3236}, {120, 100, 53, 255} }},
	{{ {-2047, 637, -1408}, 0, {-8596, 3236}, {120, 100, 53, 255} }},
	{{ {-2047, 1137, -908}, 0, {-8596, 6136}, {120, 100, 53, 255} }},
	{{ {-2047, 1037, -908}, 0, {-8596, 6136}, {120, 100, 53, 255} }},
	{{ {-2047, 1287, -408}, 0, {-8596, 9036}, {120, 100, 53, 255} }},
	{{ {-2047, 1187, -408}, 0, {-8596, 9036}, {120, 100, 53, 255} }},
	{{ {-2163, 1287, 12}, 0, {-9265, 11476}, {120, 100, 53, 255} }},
	{{ {-2163, 1187, 12}, 0, {-9265, 11476}, {120, 100, 53, 255} }},
	{{ {-2525, 1287, 473}, 0, {-11369, 14150}, {120, 100, 53, 255} }},
	{{ {-2525, 1187, 473}, 0, {-11369, 14150}, {120, 100, 53, 255} }},
	{{ {-2958, 1287, 677}, 0, {-13878, 15331}, {120, 100, 53, 255} }},
	{{ {-2958, 1187, 677}, 0, {-13878, 15331}, {120, 100, 53, 255} }},
	{{ {-3603, 1287, 681}, 0, {-17619, 15355}, {120, 100, 53, 255} }},
	{{ {-3603, 1187, 681}, 0, {-17619, 15355}, {120, 100, 53, 255} }},
	{{ {-4189, 1287, 510}, 0, {-21016, 14363}, {120, 100, 53, 255} }},
	{{ {-4189, 1187, 510}, 0, {-21016, 14363}, {120, 100, 53, 255} }},
	{{ {-4565, 1287, 141}, 0, {-23199, 12224}, {120, 100, 53, 255} }},
	{{ {-4565, 1187, 141}, 0, {-23199, 12224}, {120, 100, 53, 255} }},
	{{ {-4697, 1287, -343}, 0, {-23960, 9414}, {120, 100, 53, 255} }},
	{{ {-4697, 1187, -343}, 0, {-23960, 9414}, {120, 100, 53, 255} }},
	{{ {-4734, 1287, -935}, 0, {-24179, 5982}, {120, 100, 53, 255} }},
	{{ {-4734, 1187, -935}, 0, {-24179, 5982}, {120, 100, 53, 255} }},
	{{ {-4735, 1387, -1303}, 0, {-24180, 3846}, {120, 100, 53, 255} }},
	{{ {-4735, 1287, -1303}, 0, {-24180, 3846}, {120, 100, 53, 255} }},
	{{ {-4735, 1687, -1672}, 0, {-24181, 1709}, {120, 100, 53, 255} }},
	{{ {-4735, 1587, -1672}, 0, {-24181, 1709}, {120, 100, 53, 255} }},
	{{ {-4735, 1887, -2040}, 0, {-24182, -427}, {120, 100, 53, 255} }},
	{{ {-4735, 1587, -1672}, 0, {-24181, 1709}, {120, 100, 53, 255} }},
	{{ {-4735, 1787, -2040}, 0, {-24182, -427}, {120, 100, 53, 255} }},
	{{ {-4735, 1887, -2040}, 0, {-24182, -427}, {120, 100, 53, 255} }},
	{{ {-4735, 1687, -1672}, 0, {-24181, 1709}, {120, 100, 53, 255} }},
	{{ {-4885, 1887, -2040}, 0, {-25052, -427}, {120, 100, 53, 255} }},
	{{ {-4735, 1937, -2259}, 0, {-24183, -1697}, {120, 100, 53, 255} }},
	{{ {-4885, 1937, -2259}, 0, {-25054, -1697}, {120, 100, 53, 255} }},
	{{ {-4735, 1937, -2408}, 0, {-24183, -2563}, {120, 100, 53, 255} }},
	{{ {-4735, 1937, -2259}, 0, {-24183, -1697}, {120, 100, 53, 255} }},
	{{ {-4735, 1837, -2408}, 0, {-24183, -2563}, {120, 100, 53, 255} }},
	{{ {-4735, 1837, -2259}, 0, {-24183, -1697}, {120, 100, 53, 255} }},
	{{ {-5035, 1937, -2408}, 0, {-25923, -2563}, {120, 100, 53, 255} }},
	{{ {-5185, 1937, -2258}, 0, {-26793, -1693}, {120, 100, 53, 255} }},
	{{ {-5185, 1937, -2408}, 0, {-26793, -2563}, {120, 100, 53, 255} }},
	{{ {-5035, 1937, -3708}, 0, {-25923, -10102}, {120, 100, 53, 255} }},
	{{ {-5035, 1837, -3708}, 0, {-25923, -10102}, {120, 100, 53, 255} }},
	{{ {-5035, 1837, -2408}, 0, {-25923, -2563}, {120, 100, 53, 255} }},
	{{ {-5037, 1937, -3858}, 0, {-25936, -10972}, {120, 100, 53, 255} }},
	{{ {-5187, 1937, -3708}, 0, {-26802, -10102}, {120, 100, 53, 255} }},
	{{ {-5185, 1937, -3858}, 0, {-26790, -10972}, {120, 100, 53, 255} }},
	{{ {-5088, 1539, -4513}, 0, {-26230, -14771}, {120, 100, 53, 255} }},
	{{ {-4941, 1539, -4483}, 0, {-25379, -14593}, {120, 100, 53, 255} }},
	{{ {-5037, 1837, -3858}, 0, {-25936, -10972}, {120, 100, 53, 255} }},
	{{ {-4941, 1439, -4483}, 0, {-25379, -14593}, {120, 100, 53, 255} }},
	{{ {-4684, 1287, -4953}, 0, {-23888, -17323}, {120, 100, 53, 255} }},
	{{ {-4684, 1187, -4953}, 0, {-23888, -17323}, {120, 100, 53, 255} }},
	{{ {-4305, 1187, -5173}, 0, {-21687, -18593}, {120, 100, 53, 255} }},
	{{ {-4305, 1087, -5173}, 0, {-21687, -18593}, {120, 100, 53, 255} }},
	{{ {-3841, 1187, -5292}, 0, {-18997, -19288}, {120, 100, 53, 255} }},
	{{ {-3841, 1087, -5292}, 0, {-18997, -19288}, {120, 100, 53, 255} }},
	{{ {-3057, 1187, -5292}, 0, {-14451, -19288}, {120, 100, 53, 255} }},
	{{ {-3057, 1087, -5292}, 0, {-14451, -19288}, {120, 100, 53, 255} }},
	{{ {-3057, 1087, -5292}, 0, {-14451, -19288}, {120, 100, 53, 255} }},
	{{ {-2529, 1087, -5114}, 0, {-11388, -18252}, {120, 100, 53, 255} }},
	{{ {-3057, 1187, -5292}, 0, {-14451, -19288}, {120, 100, 53, 255} }},
	{{ {-2529, 987, -5114}, 0, {-11388, -18252}, {120, 100, 53, 255} }},
	{{ {-2135, 866, -4610}, 0, {-9103, -15332}, {120, 100, 53, 255} }},
	{{ {-2135, 766, -4610}, 0, {-9103, -15332}, {120, 100, 53, 255} }},
	{{ {-2047, 549, -3917}, 0, {-8596, -11312}, {120, 100, 53, 255} }},
	{{ {-2047, 449, -3917}, 0, {-8596, -11312}, {120, 100, 53, 255} }},
	{{ {-2047, 287, -3608}, 0, {-8596, -9522}, {120, 100, 53, 255} }},
	{{ {-2047, 377, -3608}, 0, {-8596, -9522}, {120, 100, 53, 255} }},
	{{ {-2047, 377, -3271}, 0, {-8596, -7565}, {120, 100, 53, 255} }},
	{{ {-2047, 287, -3271}, 0, {-8596, -7565}, {120, 100, 53, 255} }},
	{{ {-1897, 377, -3271}, 0, {-7726, -7565}, {120, 100, 53, 255} }},
	{{ {-1897, 287, -3271}, 0, {-7726, -7565}, {120, 100, 53, 255} }},
	{{ {-663, -313, -3271}, 0, {-568, -7565}, {120, 100, 53, 255} }},
	{{ {-663, -223, -3271}, 0, {-568, -7565}, {120, 100, 53, 255} }},
	{{ {-1897, 377, -3477}, 0, {-7726, -8761}, {120, 100, 53, 78} }},
	{{ {-1897, 377, -3608}, 0, {-7726, -9522}, {120, 100, 53, 255} }},
	{{ {-1897, 287, -3608}, 0, {-7726, -9522}, {120, 100, 53, 255} }},
	{{ {-1897, 287, -3477}, 0, {-7726, -8761}, {120, 100, 53, 255} }},
	{{ {-663, -223, -3477}, 0, {-568, -8761}, {120, 100, 53, 255} }},
	{{ {-1899, 459, -3940}, 0, {-7738, -11443}, {120, 100, 53, 255} }},
	{{ {-1899, 559, -3940}, 0, {-7738, -11443}, {120, 100, 53, 255} }},
	{{ {-1986, 866, -4631}, 0, {-8241, -15455}, {120, 100, 53, 255} }},
	{{ {-1986, 766, -4631}, 0, {-8241, -15455}, {120, 100, 53, 255} }},
	{{ {-2409, 1087, -5204}, 0, {-10692, -18774}, {120, 100, 53, 255} }},
	{{ {-2409, 987, -5204}, 0, {-10692, -18774}, {120, 100, 53, 255} }},
	{{ {-2965, 1187, -5419}, 0, {-13917, -20025}, {120, 100, 53, 255} }},
	{{ {-2965, 1087, -5419}, 0, {-13917, -20025}, {120, 100, 53, 255} }},
	{{ {-3898, 1187, -5433}, 0, {-19329, -20101}, {120, 100, 53, 255} }},
	{{ {-3898, 1087, -5433}, 0, {-19329, -20101}, {120, 100, 53, 255} }},
	{{ {-4418, 1187, -5280}, 0, {-22342, -19218}, {120, 100, 53, 255} }},
	{{ {-3898, 1087, -5433}, 0, {-19329, -20101}, {120, 100, 53, 255} }},
	{{ {-4418, 1087, -5280}, 0, {-22342, -19218}, {120, 100, 53, 255} }},
	{{ {-4418, 1187, -5280}, 0, {-22342, -19218}, {120, 100, 53, 255} }},
	{{ {-4819, 1287, -5019}, 0, {-24673, -17705}, {120, 100, 53, 255} }},
	{{ {-4819, 1187, -5019}, 0, {-24673, -17705}, {120, 100, 53, 255} }},
	{{ {-5088, 1539, -4513}, 0, {-26230, -14771}, {120, 100, 53, 255} }},
	{{ {-5088, 1439, -4513}, 0, {-26230, -14771}, {120, 100, 53, 255} }},
	{{ {-5185, 1937, -3858}, 0, {-26790, -10972}, {120, 100, 53, 255} }},
	{{ {-5185, 1837, -3858}, 0, {-26790, -10972}, {120, 100, 53, 255} }},
	{{ {-5187, 1937, -3708}, 0, {-26802, -10102}, {120, 100, 53, 255} }},
	{{ {-5187, 1837, -3708}, 0, {-26802, -10102}, {120, 100, 53, 255} }},
	{{ {-5187, 1837, -3546}, 0, {-26801, -9160}, {120, 100, 53, 255} }},
	{{ {-5186, 1837, -3221}, 0, {-26799, -7275}, {120, 100, 53, 255} }},
	{{ {-5186, 1837, -3058}, 0, {-26798, -6333}, {120, 100, 53, 255} }},
	{{ {-5186, 1837, -2896}, 0, {-26797, -5390}, {120, 100, 53, 255} }},
	{{ {-5186, 1837, -2733}, 0, {-26795, -4448}, {120, 100, 53, 255} }},
	{{ {-5185, 1837, -2571}, 0, {-26794, -3505}, {120, 100, 53, 255} }},
	{{ {-5185, 1837, -2408}, 0, {-26793, -2563}, {120, 100, 53, 255} }},
	{{ {-5185, 1937, -2408}, 0, {-26793, -2563}, {120, 100, 53, 255} }},
	{{ {-5185, 1937, -2258}, 0, {-26793, -1693}, {120, 100, 53, 255} }},
	{{ {-5185, 1837, -2258}, 0, {-26793, -1693}, {120, 100, 53, 255} }},
	{{ {-4885, 1937, -2259}, 0, {-25054, -1697}, {120, 100, 53, 255} }},
	{{ {-4885, 1837, -2259}, 0, {-25054, -1697}, {120, 100, 53, 255} }},
	{{ {-4885, 1887, -2040}, 0, {-25052, -427}, {120, 100, 53, 255} }},
	{{ {-4885, 1787, -2040}, 0, {-25052, -427}, {120, 100, 53, 255} }},
	{{ {-4885, 1687, -1672}, 0, {-25051, 1709}, {120, 100, 53, 255} }},
	{{ {-4885, 1587, -1672}, 0, {-25051, 1709}, {120, 100, 53, 255} }},
	{{ {-4885, 1387, -1303}, 0, {-25050, 3846}, {120, 100, 53, 255} }},
	{{ {-4885, 1287, -1303}, 0, {-25050, 3846}, {120, 100, 53, 255} }},
	{{ {-4884, 1287, -935}, 0, {-25049, 5982}, {120, 100, 53, 255} }},
	{{ {-4884, 1187, -935}, 0, {-25049, 5982}, {120, 100, 53, 255} }},
	{{ {-4840, 1287, -297}, 0, {-24789, 9681}, {120, 100, 53, 255} }},
	{{ {-4884, 1187, -935}, 0, {-25049, 5982}, {120, 100, 53, 255} }},
	{{ {-4840, 1187, -297}, 0, {-24789, 9681}, {120, 100, 53, 255} }},
	{{ {-4840, 1287, -297}, 0, {-24789, 9681}, {120, 100, 53, 255} }},
	{{ {-4686, 1287, 234}, 0, {-23897, 12758}, {120, 100, 53, 255} }},
	{{ {-4686, 1187, 234}, 0, {-23897, 12758}, {120, 100, 53, 255} }},
	{{ {-4272, 1287, 639}, 0, {-21498, 15108}, {120, 100, 53, 255} }},
	{{ {-4272, 1187, 639}, 0, {-21498, 15108}, {120, 100, 53, 255} }},
	{{ {-3578, 1287, 831}, 0, {-17475, 16224}, {120, 100, 53, 255} }},
	{{ {-3578, 1187, 831}, 0, {-17475, 16224}, {120, 100, 53, 255} }},
	{{ {-2871, 1287, 802}, 0, {-13374, 16055}, {120, 100, 53, 255} }},
	{{ {-2871, 1187, 802}, 0, {-13374, 16055}, {120, 100, 53, 255} }},
	{{ {-2412, 1287, 572}, 0, {-10711, 14720}, {120, 100, 53, 255} }},
	{{ {-2412, 1187, 572}, 0, {-10711, 14720}, {120, 100, 53, 255} }},
	{{ {-2017, 1287, 49}, 0, {-8420, 11687}, {120, 100, 53, 255} }},
	{{ {-2017, 1187, 49}, 0, {-8420, 11687}, {120, 100, 53, 255} }},
	{{ {-1897, 1287, -408}, 0, {-7726, 9036}, {120, 100, 53, 255} }},
	{{ {-1897, 1187, -408}, 0, {-7726, 9036}, {120, 100, 53, 255} }},
	{{ {-1897, 1137, -908}, 0, {-7726, 6136}, {120, 100, 53, 255} }},
	{{ {-1897, 1037, -908}, 0, {-7726, 6136}, {120, 100, 53, 255} }},
	{{ {-1897, 737, -1408}, 0, {-7726, 3236}, {120, 100, 53, 255} }},
	{{ {-1897, 637, -1408}, 0, {-7726, 3236}, {120, 100, 53, 255} }},
	{{ {-1897, 437, -1908}, 0, {-7726, 337}, {120, 100, 53, 255} }},
	{{ {-1897, 337, -1908}, 0, {-7726, 337}, {120, 100, 53, 255} }},
	{{ {-1897, 287, -2408}, 0, {-7726, -2563}, {120, 100, 53, 255} }},
	{{ {-1897, 377, -2408}, 0, {-7726, -2563}, {120, 100, 53, 255} }},
	{{ {-1897, 377, -2540}, 0, {-7726, -3324}, {120, 100, 53, 78} }},
	{{ {-1897, 287, -2540}, 0, {-7726, -3324}, {120, 100, 53, 255} }},
	{{ {-663, -223, -2540}, 0, {-568, -3324}, {120, 100, 53, 255} }},
	{{ {-2047, 377, -2746}, 0, {-8596, -4520}, {120, 100, 53, 255} }},
	{{ {-2047, 377, -2408}, 0, {-8596, -2563}, {120, 100, 53, 255} }},
	{{ {-2047, 437, -1908}, 0, {-8596, 337}, {120, 100, 53, 255} }},
	{{ {-2047, 737, -1408}, 0, {-8596, 3236}, {120, 100, 53, 255} }},
	{{ {-2047, 737, -1408}, 0, {-8596, 3236}, {120, 100, 53, 255} }},
	{{ {-2047, 1137, -908}, 0, {-8596, 6136}, {120, 100, 53, 255} }},
	{{ {-1897, 1137, -908}, 0, {-7726, 6136}, {120, 100, 53, 255} }},
	{{ {-1897, 1287, -408}, 0, {-7726, 9036}, {120, 100, 53, 255} }},
	{{ {-2047, 1287, -408}, 0, {-8596, 9036}, {120, 100, 53, 255} }},
	{{ {-2017, 1287, 49}, 0, {-8420, 11687}, {120, 100, 53, 255} }},
	{{ {-2163, 1287, 12}, 0, {-9265, 11476}, {120, 100, 53, 255} }},
	{{ {-2412, 1287, 572}, 0, {-10711, 14720}, {120, 100, 53, 255} }},
	{{ {-2525, 1287, 473}, 0, {-11369, 14150}, {120, 100, 53, 255} }},
	{{ {-2871, 1287, 802}, 0, {-13374, 16055}, {120, 100, 53, 255} }},
	{{ {-2958, 1287, 677}, 0, {-13878, 15331}, {120, 100, 53, 255} }},
	{{ {-3578, 1287, 831}, 0, {-17475, 16224}, {120, 100, 53, 255} }},
	{{ {-3603, 1287, 681}, 0, {-17619, 15355}, {120, 100, 53, 255} }},
	{{ {-4272, 1287, 639}, 0, {-21498, 15108}, {120, 100, 53, 255} }},
	{{ {-4189, 1287, 510}, 0, {-21016, 14363}, {120, 100, 53, 255} }},
	{{ {-4686, 1287, 234}, 0, {-23897, 12758}, {120, 100, 53, 255} }},
	{{ {-4565, 1287, 141}, 0, {-23199, 12224}, {120, 100, 53, 255} }},
	{{ {-4840, 1287, -297}, 0, {-24789, 9681}, {120, 100, 53, 255} }},
	{{ {-4697, 1287, -343}, 0, {-23960, 9414}, {120, 100, 53, 255} }},
	{{ {-4884, 1287, -935}, 0, {-25049, 5982}, {120, 100, 53, 255} }},
	{{ {-4734, 1287, -935}, 0, {-24179, 5982}, {120, 100, 53, 255} }},
	{{ {-4885, 1387, -1303}, 0, {-25050, 3846}, {120, 100, 53, 255} }},
	{{ {-4735, 1387, -1303}, 0, {-24180, 3846}, {120, 100, 53, 255} }},
	{{ {-4885, 1687, -1672}, 0, {-25051, 1709}, {120, 100, 53, 255} }},
	{{ {-4735, 1687, -1672}, 0, {-24181, 1709}, {120, 100, 53, 255} }},
	{{ {-4885, 1887, -2040}, 0, {-25052, -427}, {120, 100, 53, 255} }},
	{{ {-1897, 377, -2540}, 0, {-7726, -3324}, {120, 100, 53, 78} }},
	{{ {-1897, 377, -2746}, 0, {-7726, -4520}, {120, 100, 53, 255} }},
	{{ {-2047, 377, -2746}, 0, {-8596, -4520}, {120, 100, 53, 255} }},
	{{ {-5035, 1937, -3708}, 0, {-25923, -10102}, {120, 100, 53, 255} }},
	{{ {-5187, 1937, -3708}, 0, {-26802, -10102}, {120, 100, 53, 255} }},
	{{ {-5185, 1937, -2408}, 0, {-26793, -2563}, {120, 100, 53, 255} }},
	{{ {-363, -223, -2333}, 0, {1172, -2128}, {120, 100, 53, 78} }},
	{{ {-363, -223, -2483}, 0, {1172, -2998}, {120, 100, 53, 78} }},
	{{ {-513, -223, -2483}, 0, {302, -2998}, {120, 100, 53, 78} }},
	{{ {-483, -223, -2333}, 0, {476, -2128}, {120, 100, 53, 78} }},
	{{ {-663, -223, -2333}, 0, {-568, -2128}, {120, 100, 53, 78} }},
	{{ {-513, -223, -2746}, 0, {302, -4520}, {120, 100, 53, 78} }},
	{{ {-663, -223, -2540}, 0, {-568, -3324}, {120, 100, 53, 78} }},
	{{ {-663, -223, -2746}, 0, {-568, -4520}, {120, 100, 53, 78} }},
	{{ {-1897, 377, -2746}, 0, {-7726, -4520}, {120, 100, 53, 78} }},
	{{ {-1897, 377, -2540}, 0, {-7726, -3324}, {120, 100, 53, 78} }},
	{{ {-363, -223, -1133}, 0, {1172, 4831}, {120, 100, 53, 78} }},
	{{ {-483, -223, -1181}, 0, {476, 4553}, {120, 100, 53, 229} }},
	{{ {-872, -223, -858}, 0, {-1781, 6429}, {120, 100, 53, 78} }},
	{{ {-933, -223, -944}, 0, {-2135, 5932}, {120, 100, 53, 78} }},
	{{ {-1209, -223, 13}, 0, {-3733, 11479}, {120, 100, 53, 78} }},
	{{ {-1320, -223, -10}, 0, {-4377, 11345}, {120, 100, 53, 78} }},
	{{ {-1127, -223, 456}, 0, {-3256, 14051}, {120, 100, 53, 78} }},
	{{ {-1127, -313, 456}, 0, {-3256, 14051}, {120, 100, 53, 255} }},
	{{ {-933, -223, 923}, 0, {-2135, 16757}, {120, 100, 53, 78} }},
	{{ {-933, -313, 923}, 0, {-2135, 16757}, {120, 100, 53, 255} }},
	{{ {-855, -223, 868}, 0, {-1680, 16436}, {120, 100, 53, 78} }},
	{{ {0, -223, 1222}, 0, {3277, 18490}, {120, 100, 53, 78} }},
	{{ {0, -223, 1310}, 0, {3277, 18999}, {120, 100, 53, 78} }},
	{{ {855, -223, 868}, 0, {8235, 16436}, {120, 100, 53, 78} }},
	{{ {933, -223, 923}, 0, {8690, 16757}, {120, 100, 53, 78} }},
	{{ {1209, -223, 13}, 0, {10288, 11479}, {120, 100, 53, 78} }},
	{{ {1320, -223, -10}, 0, {10932, 11345}, {120, 100, 53, 78} }},
	{{ {872, -223, -858}, 0, {8336, 6429}, {120, 100, 53, 78} }},
	{{ {933, -223, -944}, 0, {8690, 5932}, {120, 100, 53, 78} }},
	{{ {483, -223, -1181}, 0, {6079, 4553}, {120, 100, 53, 229} }},
	{{ {363, -223, -1133}, 0, {5383, 4831}, {120, 100, 53, 78} }},
	{{ {363, -223, -2333}, 0, {5383, -2128}, {120, 100, 53, 78} }},
	{{ {483, -223, -1181}, 0, {6079, 4553}, {120, 100, 53, 229} }},
	{{ {483, -223, -2333}, 0, {6079, -2128}, {120, 100, 53, 78} }},
	{{ {363, -223, -2333}, 0, {5383, -2128}, {120, 100, 53, 78} }},
	{{ {363, -223, -2483}, 0, {5383, -2998}, {120, 100, 53, 78} }},
	{{ {663, -223, -2333}, 0, {7123, -2128}, {120, 100, 53, 78} }},
	{{ {513, -223, -2483}, 0, {6253, -2998}, {120, 100, 53, 78} }},
	{{ {663, -223, -2540}, 0, {7123, -3324}, {120, 100, 53, 78} }},
	{{ {663, -223, -2746}, 0, {7123, -4520}, {120, 100, 53, 78} }},
	{{ {513, -223, -2746}, 0, {6253, -4520}, {120, 100, 53, 78} }},
	{{ {-663, -223, -3271}, 0, {-568, -7565}, {120, 100, 53, 78} }},
	{{ {-1897, 377, -3477}, 0, {-7726, -8761}, {120, 100, 53, 78} }},
	{{ {-1897, 377, -3271}, 0, {-7726, -7565}, {120, 100, 53, 78} }},
	{{ {-663, -223, -3477}, 0, {-568, -8761}, {120, 100, 53, 78} }},
	{{ {-513, -223, -3533}, 0, {302, -9087}, {120, 100, 53, 78} }},
	{{ {-513, -223, -3271}, 0, {302, -7565}, {120, 100, 53, 78} }},
	{{ {-513, -313, -3271}, 0, {302, -7565}, {120, 100, 53, 78} }},
	{{ {-663, -313, -3271}, 0, {-568, -7565}, {120, 100, 53, 255} }},
	{{ {-513, -313, -3533}, 0, {302, -9087}, {120, 100, 53, 78} }},
	{{ {-363, -223, -3533}, 0, {1172, -9087}, {120, 100, 53, 78} }},
	{{ {-363, -313, -3533}, 0, {1172, -9087}, {120, 100, 53, 78} }},
	{{ {-363, -313, -3683}, 0, {1172, -9957}, {120, 100, 53, 255} }},
	{{ {-363, -223, -3683}, 0, {1172, -9957}, {120, 100, 53, 78} }},
	{{ {-383, -288, -3784}, 0, {1058, -10541}, {120, 100, 53, 255} }},
	{{ {-383, -388, -3784}, 0, {1058, -10541}, {120, 100, 53, 255} }},
	{{ {-419, -363, -3908}, 0, {847, -11259}, {120, 100, 53, 255} }},
	{{ {-419, -463, -3908}, 0, {847, -11259}, {120, 100, 53, 255} }},
	{{ {-494, -438, -3968}, 0, {415, -11610}, {120, 100, 53, 255} }},
	{{ {-494, -538, -3968}, 0, {415, -11610}, {120, 100, 53, 255} }},
	{{ {-694, -588, -4024}, 0, {-750, -11935}, {120, 100, 53, 255} }},
	{{ {-694, -688, -4024}, 0, {-750, -11935}, {120, 100, 53, 255} }},
	{{ {-1131, -738, -4040}, 0, {-3282, -12025}, {120, 100, 53, 255} }},
	{{ {-1131, -838, -4040}, 0, {-3282, -12025}, {120, 100, 53, 255} }},
	{{ {-1131, -838, -4040}, 0, {-3282, -12025}, {120, 100, 53, 255} }},
	{{ {-1459, -888, -4132}, 0, {-5186, -12559}, {120, 100, 53, 255} }},
	{{ {-1131, -738, -4040}, 0, {-3282, -12025}, {120, 100, 53, 255} }},
	{{ {-1459, -988, -4132}, 0, {-5186, -12559}, {120, 100, 53, 255} }},
	{{ {-1829, -1038, -4414}, 0, {-7328, -14196}, {120, 100, 53, 255} }},
	{{ {-1829, -1138, -4414}, 0, {-7328, -14196}, {120, 100, 53, 255} }},
	{{ {-2048, -1113, -4818}, 0, {-8602, -16537}, {120, 100, 53, 255} }},
	{{ {-2048, -1213, -4818}, 0, {-8602, -16537}, {120, 100, 53, 255} }},
	{{ {-2014, -1113, -5381}, 0, {-8401, -19804}, {120, 100, 53, 255} }},
	{{ {-2014, -1213, -5381}, 0, {-8401, -19804}, {120, 100, 53, 255} }},
	{{ {-1824, -1188, -5783}, 0, {-7299, -22134}, {120, 100, 53, 255} }},
	{{ {-1824, -1288, -5783}, 0, {-7299, -22134}, {120, 100, 53, 255} }},
	{{ {-1474, -1263, -6054}, 0, {-5269, -23706}, {120, 100, 53, 255} }},
	{{ {-1474, -1363, -6054}, 0, {-5269, -23706}, {120, 100, 53, 255} }},
	{{ {-1033, -1413, -6155}, 0, {-2715, -24291}, {120, 100, 53, 255} }},
	{{ {-1033, -1513, -6155}, 0, {-2715, -24291}, {120, 100, 53, 255} }},
	{{ {-133, -1563, -6155}, 0, {2504, -24291}, {120, 100, 53, 255} }},
	{{ {-133, -1663, -6155}, 0, {2504, -24291}, {120, 100, 53, 255} }},
	{{ {60, -1563, -6229}, 0, {3625, -24719}, {120, 100, 53, 255} }},
	{{ {60, -1663, -6229}, 0, {3625, -24719}, {120, 100, 53, 255} }},
	{{ {109, -1563, -6301}, 0, {3911, -25135}, {120, 100, 53, 255} }},
	{{ {109, -1663, -6301}, 0, {3911, -25135}, {120, 100, 53, 255} }},
	{{ {109, -1563, -6901}, 0, {3911, -28615}, {120, 100, 53, 255} }},
	{{ {109, -1663, -6901}, 0, {3911, -28615}, {120, 100, 53, 255} }},
	{{ {-6, -1563, -6345}, 0, {3244, -25394}, {120, 100, 53, 255} }},
	{{ {-62, -1563, -6295}, 0, {2915, -25103}, {120, 100, 53, 255} }},
	{{ {-6, -1663, -6345}, 0, {3244, -25394}, {120, 100, 53, 255} }},
	{{ {-62, -1663, -6295}, 0, {2915, -25103}, {120, 100, 53, 255} }},
	{{ {-152, -1563, -6275}, 0, {2398, -24987}, {120, 100, 53, 255} }},
	{{ {-152, -1663, -6275}, 0, {2398, -24987}, {120, 100, 53, 255} }},
	{{ {-1051, -1413, -6274}, 0, {-2820, -24981}, {120, 100, 53, 255} }},
	{{ {-1051, -1513, -6274}, 0, {-2820, -24981}, {120, 100, 53, 255} }},
	{{ {-1051, -1513, -6274}, 0, {-2820, -24981}, {120, 100, 53, 255} }},
	{{ {-1534, -1263, -6159}, 0, {-5620, -24315}, {120, 100, 53, 255} }},
	{{ {-1051, -1413, -6274}, 0, {-2820, -24981}, {120, 100, 53, 255} }},
	{{ {-1534, -1363, -6159}, 0, {-5620, -24315}, {120, 100, 53, 255} }},
	{{ {-1927, -1188, -5846}, 0, {-7896, -22498}, {120, 100, 53, 255} }},
	{{ {-1927, -1288, -5846}, 0, {-7896, -22498}, {120, 100, 53, 255} }},
	{{ {-1824, -1188, -5783}, 0, {-7299, -22134}, {120, 100, 53, 255} }},
	{{ {-1474, -1263, -6054}, 0, {-5269, -23706}, {120, 100, 53, 255} }},
	{{ {-1033, -1413, -6155}, 0, {-2715, -24291}, {120, 100, 53, 255} }},
	{{ {-152, -1563, -6275}, 0, {2398, -24987}, {120, 100, 53, 255} }},
	{{ {-133, -1563, -6155}, 0, {2504, -24291}, {120, 100, 53, 255} }},
	{{ {-62, -1563, -6295}, 0, {2915, -25103}, {120, 100, 53, 255} }},
	{{ {60, -1563, -6229}, 0, {3625, -24719}, {120, 100, 53, 255} }},
	{{ {-2014, -1113, -5381}, 0, {-8401, -19804}, {120, 100, 53, 255} }},
	{{ {-2133, -1113, -5392}, 0, {-9095, -19866}, {120, 100, 53, 255} }},
	{{ {-2048, -1113, -4818}, 0, {-8602, -16537}, {120, 100, 53, 255} }},
	{{ {-2170, -1113, -4790}, 0, {-9305, -16375}, {120, 100, 53, 255} }},
	{{ {-1829, -1038, -4414}, 0, {-7328, -14196}, {120, 100, 53, 255} }},
	{{ {-1925, -1038, -4337}, 0, {-7886, -13749}, {120, 100, 53, 255} }},
	{{ {-1459, -888, -4132}, 0, {-5186, -12559}, {120, 100, 53, 255} }},
	{{ {-1504, -888, -4020}, 0, {-5446, -11910}, {120, 100, 53, 255} }},
	{{ {-1131, -738, -4040}, 0, {-3282, -12025}, {120, 100, 53, 255} }},
	{{ {-1160, -738, -3923}, 0, {-3451, -11349}, {120, 100, 53, 255} }},
	{{ {-694, -588, -4024}, 0, {-750, -11935}, {120, 100, 53, 255} }},
	{{ {-726, -588, -3906}, 0, {-933, -11247}, {120, 100, 53, 255} }},
	{{ {-494, -438, -3968}, 0, {415, -11610}, {120, 100, 53, 255} }},
	{{ {-609, -483, -3884}, 0, {-254, -11123}, {120, 100, 53, 255} }},
	{{ {-726, -688, -3906}, 0, {-933, -11247}, {120, 100, 53, 255} }},
	{{ {-609, -583, -3884}, 0, {-254, -11123}, {120, 100, 53, 255} }},
	{{ {-520, -440, -3826}, 0, {262, -10785}, {120, 100, 53, 255} }},
	{{ {-520, -340, -3826}, 0, {262, -10785}, {120, 100, 53, 255} }},
	{{ {-419, -363, -3908}, 0, {847, -11259}, {120, 100, 53, 255} }},
	{{ {-383, -288, -3784}, 0, {1058, -10541}, {120, 100, 53, 255} }},
	{{ {-419, -363, -3908}, 0, {847, -11259}, {120, 100, 53, 255} }},
	{{ {-520, -340, -3826}, 0, {262, -10785}, {120, 100, 53, 255} }},
	{{ {-498, -287, -3750}, 0, {390, -10346}, {120, 100, 53, 255} }},
	{{ {-363, -223, -3683}, 0, {1172, -9957}, {120, 100, 53, 78} }},
	{{ {-484, -223, -3683}, 0, {470, -9957}, {120, 100, 53, 255} }},
	{{ {-494, -438, -3968}, 0, {415, -11610}, {120, 100, 53, 255} }},
	{{ {-609, -483, -3884}, 0, {-254, -11123}, {120, 100, 53, 255} }},
	{{ {-513, -223, -3533}, 0, {302, -9087}, {120, 100, 53, 78} }},
	{{ {-663, -223, -3683}, 0, {-568, -9957}, {120, 100, 53, 78} }},
	{{ {-663, -223, -3477}, 0, {-568, -8761}, {120, 100, 53, 78} }},
	{{ {-363, -223, -3533}, 0, {1172, -9087}, {120, 100, 53, 78} }},
	{{ {-484, -223, -3683}, 0, {470, -9957}, {120, 100, 53, 78} }},
	{{ {663, -223, -2540}, 0, {7123, -3324}, {120, 100, 53, 255} }},
	{{ {1413, -223, -2746}, 0, {11473, -4520}, {120, 100, 53, 255} }},
	{{ {663, -223, -2746}, 0, {7123, -4520}, {120, 100, 53, 78} }},
	{{ {1263, -223, -2540}, 0, {10603, -3324}, {120, 100, 53, 255} }},
	{{ {1413, -223, -2483}, 0, {11473, -2998}, {120, 100, 53, 255} }},
	{{ {1263, -223, -2333}, 0, {10603, -2128}, {120, 100, 53, 255} }},
	{{ {1478, -223, -2333}, 0, {11846, -2128}, {120, 100, 53, 255} }},
	{{ {1595, -223, -2333}, 0, {12525, -2128}, {120, 100, 53, 255} }},
	{{ {1495, -413, -1933}, 0, {11946, 192}, {120, 100, 53, 255} }},
	{{ {1375, -413, -1933}, 0, {11250, 192}, {120, 100, 53, 255} }},
	{{ {1495, -513, -1233}, 0, {11946, 4251}, {120, 100, 53, 255} }},
	{{ {1379, -513, -1197}, 0, {11273, 4464}, {120, 100, 53, 255} }},
	{{ {1775, -613, -688}, 0, {13572, 7417}, {120, 100, 53, 255} }},
	{{ {1674, -613, -622}, 0, {12987, 7799}, {120, 100, 53, 255} }},
	{{ {2283, -713, -400}, 0, {16516, 9082}, {120, 100, 53, 255} }},
	{{ {2222, -713, -297}, 0, {16164, 9683}, {120, 100, 53, 255} }},
	{{ {2983, -763, -400}, 0, {20576, 9082}, {120, 100, 53, 255} }},
	{{ {3021, -763, -286}, 0, {20796, 9748}, {120, 100, 53, 255} }},
	{{ {3362, -863, -582}, 0, {22776, 8030}, {120, 100, 53, 255} }},
	{{ {3362, -863, -582}, 0, {22776, 8030}, {120, 100, 53, 255} }},
	{{ {3021, -763, -286}, 0, {20796, 9748}, {120, 100, 53, 255} }},
	{{ {3428, -863, -480}, 0, {23156, 8619}, {120, 100, 53, 255} }},
	{{ {3630, -963, -942}, 0, {24327, 5940}, {120, 100, 53, 255} }},
	{{ {3736, -963, -885}, 0, {24945, 6274}, {120, 100, 53, 255} }},
	{{ {3630, -1063, -1459}, 0, {24327, 2943}, {120, 100, 53, 255} }},
	{{ {3750, -1063, -1459}, 0, {25023, 2943}, {120, 100, 53, 255} }},
	{{ {3630, -1163, -1690}, 0, {24327, 1600}, {120, 100, 53, 255} }},
	{{ {3750, -1163, -1690}, 0, {25023, 1600}, {120, 100, 53, 255} }},
	{{ {3630, -1413, -2113}, 0, {24327, -852}, {120, 100, 53, 255} }},
	{{ {3750, -1413, -2113}, 0, {25023, -852}, {120, 100, 53, 255} }},
	{{ {3630, -1563, -2529}, 0, {24327, -3264}, {120, 100, 53, 255} }},
	{{ {3750, -1563, -2529}, 0, {25023, -3264}, {120, 100, 53, 255} }},
	{{ {1595, -223, -2333}, 0, {12525, -2128}, {120, 100, 53, 255} }},
	{{ {1595, -223, -2483}, 0, {12525, -2998}, {120, 100, 53, 255} }},
	{{ {1413, -223, -2483}, 0, {11473, -2998}, {120, 100, 53, 255} }},
	{{ {2589, -1072, -3683}, 0, {3231, 12686}, {120, 100, 53, 255} }},
	{{ {2441, -988, -4133}, 0, {2562, 8929}, {120, 100, 53, 255} }},
	{{ {2560, -988, -3773}, 0, {2562, 12686}, {120, 100, 53, 255} }},
	{{ {2441, -1072, -4133}, 0, {3231, 8929}, {120, 100, 53, 255} }},
	{{ {2258, -1072, -4583}, 0, {3231, 5078}, {120, 100, 53, 255} }},
	{{ {2258, -988, -4583}, 0, {2562, 5078}, {120, 100, 53, 255} }},
	{{ {1595, -988, -4583}, 0, {2562, -179}, {120, 100, 53, 255} }},
	{{ {1595, -1072, -4583}, 0, {3231, -179}, {120, 100, 53, 255} }},
	{{ {1400, -988, -4133}, 0, {2562, -4065}, {120, 100, 53, 255} }},
	{{ {1400, -1072, -4133}, 0, {3231, -4065}, {120, 100, 53, 255} }},
	{{ {1263, -1072, -3683}, 0, {3231, -7794}, {120, 100, 53, 255} }},
	{{ {1291, -988, -3773}, 0, {2562, -7049}, {120, 100, 53, 255} }},
	{{ {1263, -650, -3683}, 0, {-114, -7794}, {120, 100, 53, 255} }},
	{{ {1291, -734, -3773}, 0, {555, -7049}, {120, 100, 53, 255} }},
	{{ {1491, -988, -4193}, 0, {2086, -4065}, {120, 100, 53, 255} }},
	{{ {1634, -988, -4523}, 0, {2086, -179}, {120, 100, 53, 255} }},
	{{ {1634, -988, -4523}, 0, {2086, -179}, {120, 100, 53, 255} }},
	{{ {2217, -988, -4523}, 0, {2086, 5078}, {120, 100, 53, 255} }},
	{{ {2258, -988, -4583}, 0, {2562, 5078}, {120, 100, 53, 255} }},
	{{ {2441, -988, -4133}, 0, {2562, 8929}, {120, 100, 53, 255} }},
	{{ {2352, -988, -4193}, 0, {2086, 8929}, {120, 100, 53, 255} }},
	{{ {2589, -650, -3683}, 0, {-114, 7941}, {120, 100, 53, 255} }},
	{{ {2560, -734, -3773}, 0, {555, 7941}, {120, 100, 53, 255} }},
	{{ {2441, -734, -4133}, 0, {555, 4185}, {120, 100, 53, 255} }},
	{{ {2441, -650, -4133}, 0, {-114, 4185}, {120, 100, 53, 255} }},
	{{ {1400, -650, -4133}, 0, {-114, -4065}, {120, 100, 53, 255} }},
	{{ {1400, -734, -4133}, 0, {555, -4065}, {120, 100, 53, 255} }},
	{{ {1263, -650, -3683}, 0, {-114, -7794}, {120, 100, 53, 255} }},
	{{ {1291, -734, -3773}, 0, {555, -7794}, {120, 100, 53, 255} }},
	{{ {1344, -650, -3743}, 0, {-589, -7794}, {120, 100, 53, 255} }},
	{{ {1445, -650, -4073}, 0, {-589, -4065}, {120, 100, 53, 255} }},
	{{ {2397, -650, -4073}, 0, {-589, 4185}, {120, 100, 53, 255} }},
	{{ {2352, -988, -4193}, 0, {2094, -9322}, {120, 100, 53, 255} }},
	{{ {1491, -988, -4193}, 0, {2094, -4065}, {120, 100, 53, 255} }},
	{{ {1400, -988, -4133}, 0, {2562, -4065}, {120, 100, 53, 255} }},
	{{ {2441, -988, -4133}, 0, {2562, -9322}, {120, 100, 53, 255} }},
	{{ {2506, -650, -3743}, 0, {-594, -18308}, {120, 100, 53, 255} }},
	{{ {1344, -650, -3743}, 0, {-594, -7794}, {120, 100, 53, 255} }},
	{{ {1263, -650, -3683}, 0, {-114, -7794}, {120, 100, 53, 255} }},
	{{ {2589, -650, -3683}, 0, {-114, -18308}, {120, 100, 53, 255} }},
	{{ {2397, -650, -4073}, 0, {-589, 4185}, {120, 100, 53, 255} }},
	{{ {2506, -650, -3743}, 0, {-589, 7941}, {120, 100, 53, 255} }},
	{{ {165, -1663, -7147}, 0, {4237, -25946}, {120, 100, 53, 255} }},
	{{ {424, -1663, -7480}, 0, {5739, -27877}, {120, 100, 53, 255} }},
	{{ {424, -1563, -7480}, 0, {5739, -27877}, {120, 100, 53, 255} }},
	{{ {165, -1563, -7147}, 0, {4237, -25946}, {120, 100, 53, 255} }},
	{{ {344, -1563, -7572}, 0, {5274, -28413}, {120, 100, 53, 255} }},
	{{ {66, -1563, -7215}, 0, {3663, -26341}, {120, 100, 53, 255} }},
	{{ {775, -1663, -7075}, 0, {7773, -27580}, {120, 100, 53, 255} }},
	{{ {610, -1663, -6840}, 0, {6816, -26216}, {120, 100, 53, 255} }},
	{{ {610, -1563, -6840}, 0, {6816, -26216}, {120, 100, 53, 255} }},
	{{ {775, -1563, -7075}, 0, {7773, -27580}, {120, 100, 53, 255} }},
	{{ {856, -1563, -6982}, 0, {8243, -27038}, {120, 100, 53, 255} }},
	{{ {709, -1563, -6772}, 0, {7389, -25822}, {120, 100, 53, 255} }},
	{{ {930, -1563, -7008}, 0, {8673, -27190}, {120, 100, 53, 255} }},
	{{ {931, -1563, -7128}, 0, {8677, -27886}, {120, 100, 53, 255} }},
	{{ {1230, -1563, -7008}, 0, {10412, -27190}, {120, 100, 53, 255} }},
	{{ {1231, -1563, -7128}, 0, {10416, -27886}, {120, 100, 53, 255} }},
	{{ {1344, -1563, -7010}, 0, {11074, -27200}, {120, 100, 53, 255} }},
	{{ {1387, -1563, -7122}, 0, {11319, -27853}, {120, 100, 53, 255} }},
	{{ {1466, -1563, -6979}, 0, {11779, -27024}, {120, 100, 53, 255} }},
	{{ {1535, -1563, -7078}, 0, {12179, -27598}, {120, 100, 53, 255} }},
	{{ {1509, -1563, -6973}, 0, {12026, -26986}, {120, 100, 53, 255} }},
	{{ {1613, -1563, -7034}, 0, {12632, -27342}, {120, 100, 53, 255} }},
	{{ {1557, -1563, -6862}, 0, {12304, -26344}, {120, 100, 53, 255} }},
	{{ {1675, -1563, -6887}, 0, {12989, -26486}, {120, 100, 53, 255} }},
	{{ {1675, -1663, -6887}, 0, {12989, -26486}, {120, 100, 53, 255} }},
	{{ {1613, -1663, -7034}, 0, {12632, -27342}, {120, 100, 53, 255} }},
	{{ {1535, -1663, -7078}, 0, {12179, -27598}, {120, 100, 53, 255} }},
	{{ {1387, -1663, -7122}, 0, {11319, -27853}, {120, 100, 53, 255} }},
	{{ {1231, -1663, -7128}, 0, {10416, -27886}, {120, 100, 53, 255} }},
	{{ {931, -1663, -7128}, 0, {8677, -27886}, {120, 100, 53, 255} }},
	{{ {109, -1663, -6901}, 0, {3911, -26567}, {120, 100, 53, 255} }},
	{{ {165, -1663, -7147}, 0, {4237, -27994}, {120, 100, 53, 255} }},
	{{ {165, -1563, -7147}, 0, {4237, -27994}, {120, 100, 53, 255} }},
	{{ {109, -1563, -6901}, 0, {3911, -26567}, {120, 100, 53, 255} }},
	{{ {66, -1563, -7215}, 0, {3663, -28389}, {120, 100, 53, 255} }},
	{{ {-4, -1563, -6944}, 0, {3255, -26821}, {120, 100, 53, 255} }},
	{{ {66, -1663, -7215}, 0, {3663, -28389}, {120, 100, 53, 255} }},
	{{ {-4, -1663, -6944}, 0, {3255, -26821}, {120, 100, 53, 255} }},
	{{ {-4, -1663, -6944}, 0, {3255, -26821}, {120, 100, 53, 255} }},
	{{ {-6, -1563, -6345}, 0, {3244, -23346}, {120, 100, 53, 255} }},
	{{ {-4, -1563, -6944}, 0, {3255, -26821}, {120, 100, 53, 255} }},
	{{ {-6, -1663, -6345}, 0, {3244, -23346}, {120, 100, 53, 255} }},
	{{ {109, -1563, -6301}, 0, {3911, -23087}, {120, 100, 53, 255} }},
	{{ {109, -1563, -6901}, 0, {3911, -26567}, {120, 100, 53, 255} }},
	{{ {2281, -1663, -6749}, 0, {16507, -25685}, {120, 100, 53, 255} }},
	{{ {2251, -1663, -7006}, 0, {16330, -27178}, {120, 100, 53, 0} }},
	{{ {2251, -1563, -7006}, 0, {16330, -27178}, {120, 100, 53, 255} }},
	{{ {2281, -1563, -6749}, 0, {16507, -25685}, {120, 100, 53, 255} }},
	{{ {2110, -1663, -7326}, 0, {15515, -26988}, {120, 100, 53, 255} }},
	{{ {1874, -1663, -7565}, 0, {14146, -28372}, {120, 100, 53, 255} }},
	{{ {1874, -1563, -7565}, 0, {14146, -28372}, {120, 100, 53, 255} }},
	{{ {2110, -1563, -7326}, 0, {15515, -26988}, {120, 100, 53, 255} }},
	{{ {2251, -1663, -7006}, 0, {16330, -25130}, {120, 100, 53, 0} }},
	{{ {2251, -1563, -7006}, 0, {16330, -25130}, {120, 100, 53, 255} }},
	{{ {1509, -1663, -6973}, 0, {12026, -26986}, {120, 100, 53, 255} }},
	{{ {1557, -1663, -6862}, 0, {12304, -26344}, {120, 100, 53, 255} }},
	{{ {1557, -1563, -6862}, 0, {12304, -26344}, {120, 100, 53, 255} }},
	{{ {1509, -1563, -6973}, 0, {12026, -26986}, {120, 100, 53, 255} }},
	{{ {1466, -1663, -6979}, 0, {11779, -27024}, {120, 100, 53, 255} }},
	{{ {1466, -1563, -6979}, 0, {11779, -27024}, {120, 100, 53, 255} }},
	{{ {1344, -1663, -7010}, 0, {11074, -27200}, {120, 100, 53, 255} }},
	{{ {1344, -1563, -7010}, 0, {11074, -27200}, {120, 100, 53, 255} }},
	{{ {1230, -1663, -7008}, 0, {10412, -27190}, {120, 100, 53, 255} }},
	{{ {1230, -1563, -7008}, 0, {10412, -27190}, {120, 100, 53, 255} }},
	{{ {930, -1663, -7008}, 0, {8673, -27190}, {120, 100, 53, 255} }},
	{{ {930, -1563, -7008}, 0, {8673, -27190}, {120, 100, 53, 255} }},
	{{ {856, -1663, -6982}, 0, {8243, -27038}, {120, 100, 53, 255} }},
	{{ {856, -1563, -6982}, 0, {8243, -27038}, {120, 100, 53, 255} }},
	{{ {709, -1663, -6772}, 0, {7389, -25822}, {120, 100, 53, 255} }},
	{{ {709, -1563, -6772}, 0, {7389, -25822}, {120, 100, 53, 255} }},
	{{ {1874, -1663, -7565}, 0, {14146, -26324}, {120, 100, 53, 255} }},
	{{ {1610, -1563, -7721}, 0, {12616, -27228}, {120, 100, 53, 255} }},
	{{ {1874, -1563, -7565}, 0, {14146, -26324}, {120, 100, 53, 255} }},
	{{ {1610, -1663, -7721}, 0, {12616, -27228}, {120, 100, 53, 255} }},
	{{ {1235, -1563, -7787}, 0, {10439, -27611}, {120, 100, 53, 255} }},
	{{ {1235, -1663, -7787}, 0, {10439, -27611}, {120, 100, 53, 255} }},
	{{ {935, -1563, -7787}, 0, {8699, -27611}, {120, 100, 53, 255} }},
	{{ {935, -1663, -7787}, 0, {8699, -27611}, {120, 100, 53, 255} }},
	{{ {344, -1563, -7572}, 0, {5274, -26365}, {120, 100, 53, 255} }},
	{{ {344, -1663, -7572}, 0, {5274, -26365}, {120, 100, 53, 255} }},
	{{ {934, -1563, -7667}, 0, {8695, -26915}, {120, 100, 53, 255} }},
	{{ {1234, -1563, -7667}, 0, {10435, -26915}, {120, 100, 53, 255} }},
	{{ {934, -1663, -7667}, 0, {8695, -26915}, {120, 100, 53, 255} }},
	{{ {424, -1663, -7480}, 0, {5739, -25829}, {120, 100, 53, 255} }},
	{{ {424, -1563, -7480}, 0, {5739, -25829}, {120, 100, 53, 255} }},
	{{ {344, -1563, -7572}, 0, {5274, -26365}, {120, 100, 53, 255} }},
	{{ {1234, -1663, -7667}, 0, {10435, -26915}, {120, 100, 53, 255} }},
	{{ {1568, -1563, -7607}, 0, {12369, -26566}, {120, 100, 53, 255} }},
	{{ {1568, -1663, -7607}, 0, {12369, -26566}, {120, 100, 53, 255} }},
	{{ {1610, -1563, -7721}, 0, {12616, -27228}, {120, 100, 53, 255} }},
	{{ {1805, -1563, -7466}, 0, {13747, -25752}, {120, 100, 53, 255} }},
	{{ {1557, -1663, -6862}, 0, {12304, -28392}, {120, 100, 53, 255} }},
	{{ {1570, -1563, -6737}, 0, {12380, -27664}, {120, 100, 53, 255} }},
	{{ {1557, -1563, -6862}, 0, {12304, -28392}, {120, 100, 53, 255} }},
	{{ {1570, -1663, -6737}, 0, {12380, -27664}, {120, 100, 53, 255} }},
	{{ {1570, -1663, -6637}, 0, {12380, -27085}, {120, 100, 53, 255} }},
	{{ {344, -1663, -7572}, 0, {5274, -28413}, {120, 100, 53, 255} }},
	{{ {66, -1663, -7215}, 0, {3663, -26341}, {120, 100, 53, 255} }},
	{{ {66, -1563, -7215}, 0, {3663, -26341}, {120, 100, 53, 255} }},
	{{ {344, -1563, -7572}, 0, {5274, -28413}, {120, 100, 53, 255} }},
	{{ {695, -1663, -6673}, 0, {7309, -27297}, {120, 100, 53, 255} }},
	{{ {709, -1663, -6772}, 0, {7389, -27870}, {120, 100, 53, 255} }},
	{{ {709, -1563, -6772}, 0, {7389, -27870}, {120, 100, 53, 255} }},
	{{ {695, -1563, -6673}, 0, {7309, -27297}, {120, 100, 53, 255} }},
	{{ {697, -1663, -6073}, 0, {7319, -23813}, {120, 100, 53, 255} }},
	{{ {697, -1563, -6073}, 0, {7319, -23813}, {120, 100, 53, 255} }},
	{{ {398, -1663, -5654}, 0, {5583, -21383}, {120, 100, 53, 255} }},
	{{ {398, -1563, -5654}, 0, {5583, -21383}, {120, 100, 53, 255} }},
	{{ {-27, -1663, -5491}, 0, {3122, -20440}, {120, 100, 53, 255} }},
	{{ {-27, -1563, -5491}, 0, {3122, -20440}, {120, 100, 53, 255} }},
	{{ {-933, -1513, -5491}, 0, {-2131, -20440}, {120, 100, 53, 255} }},
	{{ {-933, -1413, -5491}, 0, {-2131, -20440}, {120, 100, 53, 255} }},
	{{ {-1122, -1363, -5444}, 0, {-3230, -20168}, {120, 100, 53, 255} }},
	{{ {-1122, -1263, -5444}, 0, {-3230, -20168}, {120, 100, 53, 255} }},
	{{ {-1221, -1288, -5415}, 0, {-3803, -20000}, {120, 100, 53, 255} }},
	{{ {-1221, -1188, -5415}, 0, {-3803, -20000}, {120, 100, 53, 255} }},
	{{ {-1262, -1213, -5315}, 0, {-4040, -19419}, {120, 100, 53, 255} }},
	{{ {-1262, -1113, -5315}, 0, {-4040, -19419}, {120, 100, 53, 255} }},
	{{ {-1285, -1213, -4994}, 0, {-4177, -17556}, {120, 100, 53, 255} }},
	{{ {-1285, -1113, -4994}, 0, {-4177, -17556}, {120, 100, 53, 255} }},
	{{ {-1252, -1138, -4877}, 0, {-3982, -16879}, {120, 100, 53, 255} }},
	{{ {-1252, -1038, -4877}, 0, {-3982, -16879}, {120, 100, 53, 255} }},
	{{ {-1403, -1113, -4967}, 0, {-4859, -17399}, {120, 100, 53, 255} }},
	{{ {-1386, -1113, -5326}, 0, {-4758, -19482}, {120, 100, 53, 255} }},
	{{ {-1262, -1113, -5315}, 0, {-4040, -19419}, {120, 100, 53, 255} }},
	{{ {-1325, -1188, -5478}, 0, {-4404, -20367}, {120, 100, 53, 255} }},
	{{ {-1221, -1188, -5415}, 0, {-3803, -20000}, {120, 100, 53, 255} }},
	{{ {-1182, -1263, -5548}, 0, {-3578, -20772}, {120, 100, 53, 255} }},
	{{ {-1122, -1263, -5444}, 0, {-3230, -20168}, {120, 100, 53, 255} }},
	{{ {-951, -1413, -5611}, 0, {-2236, -21136}, {120, 100, 53, 255} }},
	{{ {-933, -1413, -5491}, 0, {-2131, -20440}, {120, 100, 53, 255} }},
	{{ {-51, -1563, -5611}, 0, {2983, -21136}, {120, 100, 53, 255} }},
	{{ {-51, -1563, -5611}, 0, {2983, -21136}, {120, 100, 53, 255} }},
	{{ {-933, -1413, -5491}, 0, {-2131, -20440}, {120, 100, 53, 255} }},
	{{ {-27, -1563, -5491}, 0, {3122, -20440}, {120, 100, 53, 255} }},
	{{ {398, -1563, -5654}, 0, {5583, -21383}, {120, 100, 53, 255} }},
	{{ {336, -1563, -5759}, 0, {5226, -21992}, {120, 100, 53, 255} }},
	{{ {697, -1563, -6073}, 0, {7319, -23813}, {120, 100, 53, 255} }},
	{{ {582, -1563, -6117}, 0, {6653, -24071}, {120, 100, 53, 255} }},
	{{ {695, -1563, -6673}, 0, {7309, -27297}, {120, 100, 53, 255} }},
	{{ {582, -1563, -6717}, 0, {6653, -27551}, {120, 100, 53, 255} }},
	{{ {709, -1563, -6772}, 0, {7389, -27870}, {120, 100, 53, 255} }},
	{{ {610, -1563, -6840}, 0, {6816, -28264}, {120, 100, 53, 255} }},
	{{ {610, -1663, -6840}, 0, {6816, -28264}, {120, 100, 53, 255} }},
	{{ {582, -1663, -6717}, 0, {6653, -27551}, {120, 100, 53, 255} }},
	{{ {582, -1663, -6117}, 0, {6653, -24071}, {120, 100, 53, 255} }},
	{{ {336, -1663, -5759}, 0, {5226, -21992}, {120, 100, 53, 255} }},
	{{ {-51, -1663, -5611}, 0, {2983, -21136}, {120, 100, 53, 255} }},
	{{ {-951, -1413, -5611}, 0, {-2236, -21136}, {120, 100, 53, 255} }},
	{{ {-951, -1513, -5611}, 0, {-2236, -21136}, {120, 100, 53, 255} }},
	{{ {-1182, -1263, -5548}, 0, {-3578, -20772}, {120, 100, 53, 255} }},
	{{ {-1182, -1363, -5548}, 0, {-3578, -20772}, {120, 100, 53, 255} }},
	{{ {-1325, -1188, -5478}, 0, {-4404, -20367}, {120, 100, 53, 255} }},
	{{ {-1325, -1288, -5478}, 0, {-4404, -20367}, {120, 100, 53, 255} }},
	{{ {-1386, -1113, -5326}, 0, {-4758, -19482}, {120, 100, 53, 255} }},
	{{ {-1386, -1213, -5326}, 0, {-4758, -19482}, {120, 100, 53, 255} }},
	{{ {-1403, -1113, -4967}, 0, {-4859, -17399}, {120, 100, 53, 255} }},
	{{ {-1403, -1213, -4967}, 0, {-4859, -17399}, {120, 100, 53, 255} }},
	{{ {-1346, -1038, -4802}, 0, {-4527, -16442}, {120, 100, 53, 255} }},
	{{ {-1346, -1138, -4802}, 0, {-4527, -16442}, {120, 100, 53, 255} }},
	{{ {-1234, -888, -4695}, 0, {-3877, -15826}, {120, 100, 53, 255} }},
	{{ {-1234, -988, -4695}, 0, {-3877, -15826}, {120, 100, 53, 255} }},
	{{ {-983, -738, -4631}, 0, {-2426, -15455}, {120, 100, 53, 255} }},
	{{ {-983, -838, -4631}, 0, {-2426, -15455}, {120, 100, 53, 255} }},
	{{ {-983, -838, -4631}, 0, {-2426, -15455}, {120, 100, 53, 255} }},
	{{ {-532, -588, -4632}, 0, {189, -15458}, {120, 100, 53, 255} }},
	{{ {-983, -738, -4631}, 0, {-2426, -15455}, {120, 100, 53, 255} }},
	{{ {-532, -688, -4632}, 0, {189, -15458}, {120, 100, 53, 255} }},
	{{ {-122, -438, -4494}, 0, {2573, -14659}, {120, 100, 53, 255} }},
	{{ {-122, -538, -4494}, 0, {2573, -14659}, {120, 100, 53, 255} }},
	{{ {192, -363, -4182}, 0, {4392, -12851}, {120, 100, 53, 255} }},
	{{ {192, -463, -4182}, 0, {4392, -12851}, {120, 100, 53, 255} }},
	{{ {324, -288, -3885}, 0, {5155, -11125}, {120, 100, 53, 255} }},
	{{ {324, -388, -3885}, 0, {5155, -11125}, {120, 100, 53, 255} }},
	{{ {363, -223, -3683}, 0, {5383, -9957}, {120, 100, 53, 255} }},
	{{ {363, -313, -3683}, 0, {5383, -9957}, {120, 100, 53, 255} }},
	{{ {363, -223, -3533}, 0, {5383, -9087}, {120, 100, 53, 78} }},
	{{ {363, -313, -3533}, 0, {5383, -9087}, {120, 100, 53, 78} }},
	{{ {513, -223, -3533}, 0, {6253, -9087}, {120, 100, 53, 78} }},
	{{ {513, -313, -3533}, 0, {6253, -9087}, {120, 100, 53, 78} }},
	{{ {513, -223, -3271}, 0, {6253, -7565}, {120, 100, 53, 78} }},
	{{ {513, -313, -3271}, 0, {6253, -7565}, {120, 100, 53, 78} }},
	{{ {663, -313, -3271}, 0, {7123, -7565}, {120, 100, 53, 255} }},
	{{ {663, -223, -3271}, 0, {7123, -7565}, {120, 100, 53, 78} }},
	{{ {1413, -313, -3271}, 0, {11473, -7565}, {120, 100, 53, 255} }},
	{{ {1413, -223, -3271}, 0, {11473, -7565}, {120, 100, 53, 255} }},
	{{ {1413, -313, -3533}, 0, {11473, -9087}, {120, 100, 53, 255} }},
	{{ {1413, -223, -3533}, 0, {11473, -9087}, {120, 100, 53, 255} }},
	{{ {1595, -223, -3533}, 0, {12525, -9087}, {120, 100, 53, 255} }},
	{{ {1595, -313, -3533}, 0, {12525, -9087}, {120, 100, 53, 255} }},
	{{ {1595, -313, -3683}, 0, {12525, -9957}, {120, 100, 53, 255} }},
	{{ {2258, -313, -3683}, 0, {16371, -9957}, {120, 100, 53, 255} }},
	{{ {2258, -313, -3533}, 0, {16371, -9087}, {120, 100, 53, 255} }},
	{{ {2258, -223, -3533}, 0, {16371, -9087}, {120, 100, 53, 255} }},
	{{ {2439, -223, -3533}, 0, {17424, -9087}, {120, 100, 53, 255} }},
	{{ {2439, -313, -3533}, 0, {17424, -9087}, {120, 100, 53, 255} }},
	{{ {2439, -313, -3533}, 0, {17424, -9087}, {120, 100, 53, 255} }},
	{{ {2439, -223, -2483}, 0, {17424, -2998}, {120, 100, 53, 255} }},
	{{ {2439, -223, -3533}, 0, {17424, -9087}, {120, 100, 53, 255} }},
	{{ {2439, -313, -2483}, 0, {17424, -2998}, {120, 100, 53, 255} }},
	{{ {2258, -223, -2483}, 0, {16371, -2998}, {120, 100, 53, 255} }},
	{{ {2258, -313, -2483}, 0, {16371, -2998}, {120, 100, 53, 255} }},
	{{ {2258, -223, -2333}, 0, {16371, -2128}, {120, 100, 53, 255} }},
	{{ {2258, -313, -2333}, 0, {16371, -2128}, {120, 100, 53, 255} }},
	{{ {2158, -513, -1933}, 0, {15791, 192}, {120, 100, 53, 255} }},
	{{ {2158, -413, -1933}, 0, {15791, 192}, {120, 100, 53, 255} }},
	{{ {2158, -513, -1443}, 0, {15791, 3034}, {120, 100, 53, 255} }},
	{{ {2158, -613, -1443}, 0, {15791, 3034}, {120, 100, 53, 255} }},
	{{ {2361, -613, -1070}, 0, {16972, 5196}, {120, 100, 53, 255} }},
	{{ {2361, -713, -1070}, 0, {16972, 5196}, {120, 100, 53, 255} }},
	{{ {2634, -713, -1001}, 0, {18555, 5599}, {120, 100, 53, 255} }},
	{{ {2634, -813, -1001}, 0, {18555, 5599}, {120, 100, 53, 255} }},
	{{ {2784, -763, -1001}, 0, {19425, 5599}, {120, 100, 53, 255} }},
	{{ {2784, -863, -1001}, 0, {19425, 5599}, {120, 100, 53, 255} }},
	{{ {3017, -863, -1118}, 0, {20776, 4923}, {120, 100, 53, 255} }},
	{{ {3017, -963, -1118}, 0, {20776, 4923}, {120, 100, 53, 255} }},
	{{ {3048, -963, -1257}, 0, {20953, 4114}, {120, 100, 53, 255} }},
	{{ {3048, -1063, -1257}, 0, {20953, 4114}, {120, 100, 53, 255} }},
	{{ {3048, -1063, -1459}, 0, {20953, 2943}, {120, 100, 53, 255} }},
	{{ {3048, -1163, -1459}, 0, {20953, 2943}, {120, 100, 53, 255} }},
	{{ {3048, -1163, -1690}, 0, {20953, 1600}, {120, 100, 53, 255} }},
	{{ {3048, -1263, -1690}, 0, {20953, 1600}, {120, 100, 53, 255} }},
	{{ {3048, -1413, -2113}, 0, {20953, -852}, {120, 100, 53, 255} }},
	{{ {3048, -1513, -2113}, 0, {20953, -852}, {120, 100, 53, 255} }},
	{{ {3048, -1563, -2529}, 0, {20953, -3264}, {120, 100, 53, 255} }},
	{{ {3048, -1663, -2529}, 0, {20953, -3264}, {120, 100, 53, 255} }},
	{{ {3048, -1663, -2829}, 0, {20953, -5004}, {120, 100, 53, 255} }},
	{{ {2928, -1663, -2829}, 0, {20257, -5004}, {120, 100, 53, 255} }},
	{{ {3048, -1563, -2529}, 0, {20953, -3264}, {120, 100, 53, 255} }},
	{{ {2928, -1663, -2829}, 0, {20257, -5004}, {120, 100, 53, 255} }},
	{{ {2928, -1563, -2529}, 0, {20257, -3264}, {120, 100, 53, 255} }},
	{{ {2928, -1663, -2692}, 0, {20257, -4210}, {120, 100, 53, 0} }},
	{{ {2928, -1663, -2611}, 0, {20257, -3737}, {120, 100, 53, 0} }},
	{{ {2928, -1663, -2529}, 0, {20257, -3264}, {120, 100, 53, 255} }},
	{{ {2928, -1413, -2113}, 0, {20257, -852}, {120, 100, 53, 255} }},
	{{ {2928, -1513, -2113}, 0, {20257, -852}, {120, 100, 53, 255} }},
	{{ {2928, -1163, -1690}, 0, {20257, 1600}, {120, 100, 53, 255} }},
	{{ {2928, -1263, -1690}, 0, {20257, 1600}, {120, 100, 53, 255} }},
	{{ {2928, -1063, -1459}, 0, {20257, 2943}, {120, 100, 53, 255} }},
	{{ {2928, -1163, -1459}, 0, {20257, 2943}, {120, 100, 53, 255} }},
	{{ {2928, -963, -1316}, 0, {20257, 3774}, {120, 100, 53, 255} }},
	{{ {2928, -1063, -1316}, 0, {20257, 3774}, {120, 100, 53, 255} }},
	{{ {2895, -832, -1184}, 0, {20069, 4535}, {120, 100, 53, 255} }},
	{{ {2895, -932, -1184}, 0, {20069, 4535}, {120, 100, 53, 255} }},
	{{ {2746, -763, -1116}, 0, {19204, 4933}, {120, 100, 53, 255} }},
	{{ {2746, -863, -1116}, 0, {19204, 4933}, {120, 100, 53, 255} }},
	{{ {2635, -686, -1116}, 0, {18558, 4934}, {120, 100, 53, 255} }},
	{{ {2635, -786, -1116}, 0, {18558, 4934}, {120, 100, 53, 255} }},
	{{ {2462, -613, -1136}, 0, {17557, 4815}, {120, 100, 53, 255} }},
	{{ {2462, -713, -1136}, 0, {17557, 4815}, {120, 100, 53, 255} }},
	{{ {2274, -513, -1480}, 0, {16466, 2820}, {120, 100, 53, 255} }},
	{{ {2274, -613, -1480}, 0, {16466, 2820}, {120, 100, 53, 255} }},
	{{ {2278, -413, -1933}, 0, {16487, 192}, {120, 100, 53, 255} }},
	{{ {2278, -513, -1933}, 0, {16487, 192}, {120, 100, 53, 255} }},
	{{ {2375, -313, -2333}, 0, {17050, -2128}, {120, 100, 53, 255} }},
	{{ {2375, -223, -2333}, 0, {17050, -2128}, {120, 100, 53, 255} }},
	{{ {2589, -223, -2333}, 0, {18294, -2128}, {120, 100, 53, 255} }},
	{{ {2589, -313, -2333}, 0, {18294, -2128}, {120, 100, 53, 255} }},
	{{ {2589, -223, -3683}, 0, {18294, -9957}, {120, 100, 53, 255} }},
	{{ {2589, -313, -3683}, 0, {18294, -9957}, {120, 100, 53, 255} }},
	{{ {2589, -313, -3683}, 0, {18294, -9957}, {120, 100, 53, 255} }},
	{{ {2258, -223, -3683}, 0, {16371, -9957}, {120, 100, 53, 255} }},
	{{ {2589, -223, -3683}, 0, {18294, -9957}, {120, 100, 53, 255} }},
	{{ {2258, -313, -3683}, 0, {16371, -9957}, {120, 100, 53, 255} }},
	{{ {2258, -223, -3533}, 0, {16371, -9087}, {120, 100, 53, 255} }},
	{{ {2439, -223, -3533}, 0, {17424, -9087}, {120, 100, 53, 255} }},
	{{ {2589, -223, -2333}, 0, {18294, -2128}, {120, 100, 53, 255} }},
	{{ {2439, -223, -2483}, 0, {17424, -2998}, {120, 100, 53, 255} }},
	{{ {2258, -223, -2483}, 0, {16371, -2998}, {120, 100, 53, 255} }},
	{{ {2375, -223, -2333}, 0, {17050, -2128}, {120, 100, 53, 255} }},
	{{ {2258, -223, -2333}, 0, {16371, -2128}, {120, 100, 53, 255} }},
	{{ {2278, -413, -1933}, 0, {16487, 192}, {120, 100, 53, 255} }},
	{{ {2158, -413, -1933}, 0, {15791, 192}, {120, 100, 53, 255} }},
	{{ {2274, -513, -1480}, 0, {16466, 2820}, {120, 100, 53, 255} }},
	{{ {2158, -513, -1443}, 0, {15791, 3034}, {120, 100, 53, 255} }},
	{{ {2462, -613, -1136}, 0, {17557, 4815}, {120, 100, 53, 255} }},
	{{ {2361, -613, -1070}, 0, {16972, 5196}, {120, 100, 53, 255} }},
	{{ {2635, -686, -1116}, 0, {18558, 4934}, {120, 100, 53, 255} }},
	{{ {2634, -713, -1001}, 0, {18555, 5599}, {120, 100, 53, 255} }},
	{{ {2746, -763, -1116}, 0, {19204, 4933}, {120, 100, 53, 255} }},
	{{ {2784, -763, -1001}, 0, {19425, 5599}, {120, 100, 53, 255} }},
	{{ {2895, -832, -1184}, 0, {20069, 4535}, {120, 100, 53, 255} }},
	{{ {3017, -863, -1118}, 0, {20776, 4923}, {120, 100, 53, 255} }},
	{{ {2928, -963, -1316}, 0, {20257, 3774}, {120, 100, 53, 255} }},
	{{ {3048, -963, -1257}, 0, {20953, 4114}, {120, 100, 53, 255} }},
	{{ {2928, -1063, -1459}, 0, {20257, 2943}, {120, 100, 53, 255} }},
	{{ {3048, -1063, -1459}, 0, {20953, 2943}, {120, 100, 53, 255} }},
	{{ {2928, -1163, -1690}, 0, {20257, 1600}, {120, 100, 53, 255} }},
	{{ {3048, -1163, -1690}, 0, {20953, 1600}, {120, 100, 53, 255} }},
	{{ {2928, -1413, -2113}, 0, {20257, -852}, {120, 100, 53, 255} }},
	{{ {3048, -1413, -2113}, 0, {20953, -852}, {120, 100, 53, 255} }},
	{{ {2928, -1563, -2529}, 0, {20257, -3264}, {120, 100, 53, 255} }},
	{{ {3048, -1413, -2113}, 0, {20953, -852}, {120, 100, 53, 255} }},
	{{ {3048, -1563, -2529}, 0, {20953, -3264}, {120, 100, 53, 255} }},
	{{ {2928, -1563, -2529}, 0, {20257, -3264}, {120, 100, 53, 255} }},
	{{ {1595, -313, -3683}, 0, {12525, -9957}, {120, 100, 53, 255} }},
	{{ {1595, -223, -3683}, 0, {12525, -9957}, {120, 100, 53, 255} }},
	{{ {1595, -223, -3533}, 0, {12525, -9087}, {120, 100, 53, 255} }},
	{{ {1263, -223, -3683}, 0, {10603, -9957}, {120, 100, 53, 255} }},
	{{ {1263, -313, -3683}, 0, {10603, -9957}, {120, 100, 53, 255} }},
	{{ {1263, -223, -3477}, 0, {10603, -8761}, {120, 100, 53, 255} }},
	{{ {1263, -313, -3477}, 0, {10603, -8761}, {120, 100, 53, 255} }},
	{{ {663, -313, -3477}, 0, {7123, -8761}, {120, 100, 53, 255} }},
	{{ {663, -223, -3477}, 0, {7123, -8761}, {120, 100, 53, 255} }},
	{{ {663, -223, -3683}, 0, {7123, -9957}, {120, 100, 53, 255} }},
	{{ {663, -313, -3683}, 0, {7123, -9957}, {120, 100, 53, 255} }},
	{{ {477, -223, -3683}, 0, {6047, -9957}, {120, 100, 53, 255} }},
	{{ {477, -313, -3683}, 0, {6047, -9957}, {120, 100, 53, 255} }},
	{{ {434, -401, -3930}, 0, {5795, -11389}, {120, 100, 53, 255} }},
	{{ {434, -301, -3930}, 0, {5795, -11389}, {120, 100, 53, 255} }},
	{{ {293, -387, -4246}, 0, {4979, -13220}, {120, 100, 53, 255} }},
	{{ {293, -487, -4246}, 0, {4979, -13220}, {120, 100, 53, 255} }},
	{{ {-51, -582, -4584}, 0, {2979, -15178}, {120, 100, 53, 255} }},
	{{ {-51, -482, -4584}, 0, {2979, -15178}, {120, 100, 53, 255} }},
	{{ {-502, -588, -4748}, 0, {369, -16132}, {120, 100, 53, 255} }},
	{{ {-502, -688, -4748}, 0, {369, -16132}, {120, 100, 53, 255} }},
	{{ {-954, -738, -4751}, 0, {-2253, -16149}, {120, 100, 53, 255} }},
	{{ {-954, -838, -4751}, 0, {-2253, -16149}, {120, 100, 53, 255} }},
	{{ {-1189, -888, -4808}, 0, {-3616, -16477}, {120, 100, 53, 255} }},
	{{ {-1189, -988, -4808}, 0, {-3616, -16477}, {120, 100, 53, 255} }},
	{{ {-1252, -1038, -4877}, 0, {-3982, -16879}, {120, 100, 53, 255} }},
	{{ {-1252, -1138, -4877}, 0, {-3982, -16879}, {120, 100, 53, 255} }},
	{{ {-1346, -1038, -4802}, 0, {-4527, -16442}, {120, 100, 53, 255} }},
	{{ {-1234, -888, -4695}, 0, {-3877, -15826}, {120, 100, 53, 255} }},
	{{ {-1234, -888, -4695}, 0, {-3877, -15826}, {120, 100, 53, 255} }},
	{{ {-983, -738, -4631}, 0, {-2426, -15455}, {120, 100, 53, 255} }},
	{{ {-954, -738, -4751}, 0, {-2253, -16149}, {120, 100, 53, 255} }},
	{{ {-502, -588, -4748}, 0, {369, -16132}, {120, 100, 53, 255} }},
	{{ {-532, -588, -4632}, 0, {189, -15458}, {120, 100, 53, 255} }},
	{{ {-51, -482, -4584}, 0, {2979, -15178}, {120, 100, 53, 255} }},
	{{ {-122, -438, -4494}, 0, {2573, -14659}, {120, 100, 53, 255} }},
	{{ {192, -363, -4182}, 0, {4392, -12851}, {120, 100, 53, 255} }},
	{{ {293, -387, -4246}, 0, {4979, -13220}, {120, 100, 53, 255} }},
	{{ {324, -288, -3885}, 0, {5155, -11125}, {120, 100, 53, 255} }},
	{{ {434, -301, -3930}, 0, {5795, -11389}, {120, 100, 53, 255} }},
	{{ {363, -223, -3683}, 0, {5383, -9957}, {120, 100, 53, 255} }},
	{{ {477, -223, -3683}, 0, {6047, -9957}, {120, 100, 53, 255} }},
	{{ {-1403, -1113, -4967}, 0, {-4859, -17399}, {120, 100, 53, 255} }},
	{{ {-1346, -1038, -4802}, 0, {-4527, -16442}, {120, 100, 53, 255} }},
	{{ {-1252, -1038, -4877}, 0, {-3982, -16879}, {120, 100, 53, 255} }},
	{{ {363, -223, -3683}, 0, {5383, -9957}, {120, 100, 53, 78} }},
	{{ {363, -223, -3533}, 0, {5383, -9087}, {120, 100, 53, 78} }},
	{{ {513, -223, -3533}, 0, {6253, -9087}, {120, 100, 53, 78} }},
	{{ {477, -223, -3683}, 0, {6047, -9957}, {120, 100, 53, 78} }},
	{{ {663, -223, -3683}, 0, {7123, -9957}, {120, 100, 53, 78} }},
	{{ {513, -223, -3271}, 0, {6253, -7565}, {120, 100, 53, 78} }},
	{{ {663, -223, -3477}, 0, {7123, -8761}, {120, 100, 53, 78} }},
	{{ {663, -223, -3271}, 0, {7123, -7565}, {120, 100, 53, 78} }},
	{{ {1263, -223, -3477}, 0, {10603, -8761}, {120, 100, 53, 255} }},
	{{ {1413, -223, -3271}, 0, {11473, -7565}, {120, 100, 53, 255} }},
	{{ {1263, -223, -3683}, 0, {10603, -9957}, {120, 100, 53, 255} }},
	{{ {1413, -223, -3533}, 0, {11473, -9087}, {120, 100, 53, 255} }},
	{{ {1595, -223, -3683}, 0, {12525, -9957}, {120, 100, 53, 255} }},
	{{ {1595, -223, -3533}, 0, {12525, -9087}, {120, 100, 53, 255} }},
	{{ {1805, -1563, -7466}, 0, {13747, -27800}, {120, 100, 53, 255} }},
	{{ {2110, -1563, -7326}, 0, {15515, -26988}, {120, 100, 53, 255} }},
	{{ {1874, -1563, -7565}, 0, {14146, -28372}, {120, 100, 53, 255} }},
	{{ {2006, -1563, -7265}, 0, {14912, -26633}, {120, 100, 53, 255} }},
	{{ {1805, -1663, -7466}, 0, {13747, -27800}, {120, 100, 53, 255} }},
	{{ {1568, -1663, -7607}, 0, {12369, -28614}, {120, 100, 53, 255} }},
	{{ {1568, -1563, -7607}, 0, {12369, -28614}, {120, 100, 53, 255} }},
	{{ {2006, -1663, -7265}, 0, {14912, -26633}, {120, 100, 53, 255} }},
	{{ {2133, -1563, -6981}, 0, {15646, -27036}, {120, 100, 53, 255} }},
	{{ {2281, -1563, -6749}, 0, {16507, -25685}, {120, 100, 53, 255} }},
	{{ {2251, -1563, -7006}, 0, {16330, -27178}, {120, 100, 53, 255} }},
	{{ {2162, -1563, -6734}, 0, {15816, -25603}, {120, 100, 53, 255} }},
	{{ {2133, -1663, -6981}, 0, {15646, -27036}, {120, 100, 53, 255} }},
	{{ {2006, -1663, -7265}, 0, {14912, -28681}, {120, 100, 53, 255} }},
	{{ {2006, -1563, -7265}, 0, {14912, -28681}, {120, 100, 53, 255} }},
	{{ {2162, -1663, -6734}, 0, {15816, -25603}, {120, 100, 53, 255} }},
	{{ {2133, -1563, -6981}, 0, {15646, -24988}, {120, 100, 53, 255} }},
	{{ {2251, -1563, -7006}, 0, {16330, -25130}, {120, 100, 53, 255} }},
	{{ {1675, -1563, -6887}, 0, {12989, -28534}, {120, 100, 53, 255} }},
	{{ {1557, -1563, -6862}, 0, {12304, -28392}, {120, 100, 53, 255} }},
	{{ {1570, -1563, -6737}, 0, {12380, -27664}, {120, 100, 53, 255} }},
	{{ {1690, -1563, -6736}, 0, {13080, -27662}, {120, 100, 53, 255} }},
	{{ {1570, -1663, -6637}, 0, {12380, -27085}, {120, 100, 53, 255} }},
	{{ {1690, -1663, -6636}, 0, {13080, -27082}, {120, 100, 53, 255} }},
	{{ {1690, -1663, -6736}, 0, {13080, -27662}, {120, 100, 53, 255} }},
	{{ {1675, -1663, -6887}, 0, {12989, -28534}, {120, 100, 53, 255} }},
	{{ {2281, -1663, -6749}, 0, {16507, -27733}, {120, 100, 53, 255} }},
	{{ {2281, -1563, -6749}, 0, {16507, -27733}, {120, 100, 53, 255} }},
	{{ {2281, -1663, -6634}, 0, {16507, -27071}, {120, 100, 53, 255} }},
	{{ {2162, -1563, -6734}, 0, {15816, -27651}, {120, 100, 53, 255} }},
	{{ {2162, -1663, -6634}, 0, {15816, -27071}, {120, 100, 53, 255} }},
	{{ {2162, -1663, -6734}, 0, {15816, -27651}, {120, 100, 53, 255} }},
	{{ {-4735, 1787, -2040}, 0, {-24182, -427}, {120, 100, 53, 255} }},
	{{ {-4735, 1837, -2259}, 0, {-24183, -1697}, {120, 100, 53, 255} }},
	{{ {-4735, 1937, -2259}, 0, {-24183, -1697}, {120, 100, 53, 255} }},
	{{ {-4735, 1887, -2040}, 0, {-24182, -427}, {120, 100, 53, 255} }},
	{{ {-4941, 1539, -4483}, 0, {-25379, -14593}, {120, 100, 53, 255} }},
	{{ {-4819, 1287, -5019}, 0, {-24673, -17705}, {120, 100, 53, 255} }},
	{{ {-5088, 1539, -4513}, 0, {-26230, -14771}, {120, 100, 53, 255} }},
	{{ {-4684, 1287, -4953}, 0, {-23888, -17323}, {120, 100, 53, 255} }},
	{{ {-4418, 1187, -5280}, 0, {-22342, -19218}, {120, 100, 53, 255} }},
	{{ {-4305, 1187, -5173}, 0, {-21687, -18593}, {120, 100, 53, 255} }},
	{{ {-3898, 1187, -5433}, 0, {-19329, -20101}, {120, 100, 53, 255} }},
	{{ {-3841, 1187, -5292}, 0, {-18997, -19288}, {120, 100, 53, 255} }},
	{{ {-2965, 1187, -5419}, 0, {-13917, -20025}, {120, 100, 53, 255} }},
	{{ {-3057, 1187, -5292}, 0, {-14451, -19288}, {120, 100, 53, 255} }},
	{{ {-2409, 1087, -5204}, 0, {-10692, -18774}, {120, 100, 53, 255} }},
	{{ {-2529, 1087, -5114}, 0, {-11388, -18252}, {120, 100, 53, 255} }},
	{{ {-1986, 866, -4631}, 0, {-8241, -15455}, {120, 100, 53, 255} }},
	{{ {-2135, 866, -4610}, 0, {-9103, -15332}, {120, 100, 53, 255} }},
	{{ {-1899, 559, -3940}, 0, {-7738, -11443}, {120, 100, 53, 255} }},
	{{ {-2047, 549, -3917}, 0, {-8596, -11312}, {120, 100, 53, 255} }},
	{{ {-1897, 377, -3608}, 0, {-7726, -9522}, {120, 100, 53, 255} }},
	{{ {-2047, 377, -3608}, 0, {-8596, -9522}, {120, 100, 53, 255} }},
	{{ {-3097, 737, -1408}, 0, {-14685, 3236}, {120, 100, 53, 255} }},
	{{ {-3097, 776, -1283}, 0, {-14685, 3961}, {120, 100, 53, 255} }},
	{{ {-3097, 1037, -908}, 0, {-14685, 6136}, {120, 100, 53, 255} }},
	{{ {-3097, 1137, -908}, 0, {-14685, 6136}, {120, 100, 53, 255} }},
	{{ {-3097, 1287, -408}, 0, {-14685, 9036}, {120, 100, 53, 255} }},
	{{ {-3097, 1187, -408}, 0, {-14685, 9036}, {120, 100, 53, 255} }},
	{{ {-3151, 1287, -234}, 0, {-14994, 10045}, {120, 100, 53, 255} }},
	{{ {-3151, 1187, -234}, 0, {-14994, 10045}, {120, 100, 53, 255} }},
	{{ {-3303, 1287, -201}, 0, {-15877, 10241}, {120, 100, 53, 255} }},
	{{ {-3303, 1187, -201}, 0, {-15877, 10241}, {120, 100, 53, 255} }},
	{{ {-3303, 1187, -201}, 0, {-15877, 10241}, {120, 100, 53, 255} }},
	{{ {-3568, 1287, -199}, 0, {-17415, 10253}, {120, 100, 53, 255} }},
	{{ {-3303, 1287, -201}, 0, {-15877, 10241}, {120, 100, 53, 255} }},
	{{ {-3568, 1187, -199}, 0, {-17415, 10253}, {120, 100, 53, 255} }},
	{{ {-3700, 1287, -289}, 0, {-18182, 9731}, {120, 100, 53, 255} }},
	{{ {-3700, 1187, -289}, 0, {-18182, 9731}, {120, 100, 53, 255} }},
	{{ {-3779, 1287, -461}, 0, {-18636, 8728}, {120, 100, 53, 255} }},
	{{ {-3779, 1187, -461}, 0, {-18636, 8728}, {120, 100, 53, 255} }},
	{{ {-3789, 1287, -636}, 0, {-18694, 7716}, {120, 100, 53, 255} }},
	{{ {-3789, 1187, -636}, 0, {-18694, 7716}, {120, 100, 53, 255} }},
	{{ {-3789, 1287, -935}, 0, {-18698, 5982}, {120, 100, 53, 255} }},
	{{ {-3789, 1187, -935}, 0, {-18698, 5982}, {120, 100, 53, 255} }},
	{{ {-3789, 1387, -1303}, 0, {-18694, 3846}, {120, 100, 53, 255} }},
	{{ {-3789, 1287, -1303}, 0, {-18694, 3846}, {120, 100, 53, 255} }},
	{{ {-3788, 1687, -1672}, 0, {-18690, 1709}, {120, 100, 53, 255} }},
	{{ {-3788, 1587, -1672}, 0, {-18690, 1709}, {120, 100, 53, 255} }},
	{{ {-3787, 1887, -2040}, 0, {-18686, -427}, {120, 100, 53, 255} }},
	{{ {-3787, 1787, -2040}, 0, {-18686, -427}, {120, 100, 53, 255} }},
	{{ {-3787, 1937, -2259}, 0, {-18684, -1697}, {120, 100, 53, 255} }},
	{{ {-3787, 1837, -2259}, 0, {-18684, -1697}, {120, 100, 53, 255} }},
	{{ {-3487, 1937, -2258}, 0, {-16942, -1693}, {120, 100, 53, 255} }},
	{{ {-3487, 1837, -2258}, 0, {-16942, -1693}, {120, 100, 53, 255} }},
	{{ {-3487, 1837, -2408}, 0, {-16942, -2563}, {120, 100, 53, 255} }},
	{{ {-3487, 1937, -2408}, 0, {-16942, -2563}, {120, 100, 53, 255} }},
	{{ {-3487, 1937, -3858}, 0, {-16942, -10972}, {120, 100, 53, 255} }},
	{{ {-3487, 1837, -3858}, 0, {-16942, -10972}, {120, 100, 53, 255} }},
	{{ {-4134, 1937, -3858}, 0, {-20698, -10972}, {120, 100, 53, 255} }},
	{{ {-4134, 1837, -3858}, 0, {-20698, -10972}, {120, 100, 53, 255} }},
	{{ {-4046, 1440, -4295}, 0, {-20188, -13507}, {120, 100, 53, 255} }},
	{{ {-4046, 1540, -4295}, 0, {-20188, -13507}, {120, 100, 53, 255} }},
	{{ {-3862, 1287, -4554}, 0, {-19122, -15004}, {120, 100, 53, 255} }},
	{{ {-3862, 1187, -4554}, 0, {-19122, -15004}, {120, 100, 53, 255} }},
	{{ {-3862, 1187, -4554}, 0, {-19122, -15004}, {120, 100, 53, 255} }},
	{{ {-3727, 1187, -4622}, 0, {-18339, -15399}, {120, 100, 53, 255} }},
	{{ {-3862, 1287, -4554}, 0, {-19122, -15004}, {120, 100, 53, 255} }},
	{{ {-3727, 1087, -4622}, 0, {-18339, -15399}, {120, 100, 53, 255} }},
	{{ {-3573, 1187, -4636}, 0, {-17445, -15484}, {120, 100, 53, 255} }},
	{{ {-3573, 1087, -4636}, 0, {-17445, -15484}, {120, 100, 53, 255} }},
	{{ {-3522, 1187, -4636}, 0, {-17150, -15484}, {120, 100, 53, 255} }},
	{{ {-3522, 1087, -4636}, 0, {-17150, -15484}, {120, 100, 53, 255} }},
	{{ {-3238, 1087, -4581}, 0, {-15503, -15164}, {120, 100, 53, 255} }},
	{{ {-3238, 987, -4581}, 0, {-15503, -15164}, {120, 100, 53, 255} }},
	{{ {-3140, 866, -4466}, 0, {-14930, -14495}, {120, 100, 53, 255} }},
	{{ {-2991, 866, -4487}, 0, {-14069, -14619}, {120, 100, 53, 255} }},
	{{ {-2947, 549, -3917}, 0, {-13816, -11312}, {120, 100, 53, 255} }},
	{{ {-3097, 549, -3917}, 0, {-14685, -11312}, {120, 100, 53, 255} }},
	{{ {-2947, 377, -3608}, 0, {-13816, -9522}, {120, 100, 53, 255} }},
	{{ {-3097, 377, -3608}, 0, {-14685, -9522}, {120, 100, 53, 255} }},
	{{ {-2947, 377, -2408}, 0, {-13816, -2563}, {120, 100, 53, 255} }},
	{{ {-3097, 377, -2408}, 0, {-14685, -2563}, {120, 100, 53, 255} }},
	{{ {-2947, 437, -1908}, 0, {-13816, 337}, {120, 100, 53, 255} }},
	{{ {-3097, 437, -1908}, 0, {-14685, 337}, {120, 100, 53, 255} }},
	{{ {-2947, 737, -1408}, 0, {-13816, 3236}, {120, 100, 53, 255} }},
	{{ {-3097, 737, -1408}, 0, {-14685, 3236}, {120, 100, 53, 255} }},
	{{ {-2947, 1137, -908}, 0, {-13816, 6136}, {120, 100, 53, 255} }},
	{{ {-3097, 1137, -908}, 0, {-14685, 6136}, {120, 100, 53, 255} }},
	{{ {-2947, 1287, -408}, 0, {-13816, 9036}, {120, 100, 53, 255} }},
	{{ {-3097, 1287, -408}, 0, {-14685, 9036}, {120, 100, 53, 255} }},
	{{ {-3005, 1287, -198}, 0, {-14150, 10256}, {120, 100, 53, 255} }},
	{{ {-3151, 1287, -234}, 0, {-14994, 10045}, {120, 100, 53, 255} }},
	{{ {-3183, 1287, -96}, 0, {-15180, 10845}, {120, 100, 53, 255} }},
	{{ {-3303, 1287, -201}, 0, {-15877, 10241}, {120, 100, 53, 255} }},
	{{ {-3496, 1287, -95}, 0, {-16997, 10853}, {120, 100, 53, 255} }},
	{{ {-3568, 1287, -199}, 0, {-17415, 10253}, {120, 100, 53, 255} }},
	{{ {-3745, 1287, -178}, 0, {-18440, 10374}, {120, 100, 53, 255} }},
	{{ {-3496, 1287, -95}, 0, {-16997, 10853}, {120, 100, 53, 255} }},
	{{ {-3568, 1287, -199}, 0, {-17415, 10253}, {120, 100, 53, 255} }},
	{{ {-3700, 1287, -289}, 0, {-18182, 9731}, {120, 100, 53, 255} }},
	{{ {-3898, 1287, -370}, 0, {-19327, 9258}, {120, 100, 53, 255} }},
	{{ {-3779, 1287, -461}, 0, {-18636, 8728}, {120, 100, 53, 255} }},
	{{ {-3933, 1287, -589}, 0, {-19531, 7986}, {120, 100, 53, 255} }},
	{{ {-3789, 1287, -636}, 0, {-18694, 7716}, {120, 100, 53, 255} }},
	{{ {-3939, 1287, -935}, 0, {-19568, 5982}, {120, 100, 53, 255} }},
	{{ {-3789, 1287, -935}, 0, {-18698, 5982}, {120, 100, 53, 255} }},
	{{ {-3939, 1387, -1303}, 0, {-19564, 3846}, {120, 100, 53, 255} }},
	{{ {-3789, 1387, -1303}, 0, {-18694, 3846}, {120, 100, 53, 255} }},
	{{ {-3938, 1687, -1672}, 0, {-19560, 1709}, {120, 100, 53, 255} }},
	{{ {-3788, 1687, -1672}, 0, {-18690, 1709}, {120, 100, 53, 255} }},
	{{ {-3937, 1887, -2040}, 0, {-19556, -427}, {120, 100, 53, 255} }},
	{{ {-3787, 1887, -2040}, 0, {-18686, -427}, {120, 100, 53, 255} }},
	{{ {-3937, 1937, -2259}, 0, {-19555, -1697}, {120, 100, 53, 255} }},
	{{ {-3787, 1937, -2259}, 0, {-18684, -1697}, {120, 100, 53, 255} }},
	{{ {-3937, 1937, -2408}, 0, {-19553, -2562}, {120, 100, 53, 255} }},
	{{ {-3637, 1937, -2408}, 0, {-17812, -2563}, {120, 100, 53, 255} }},
	{{ {-3487, 1937, -2258}, 0, {-16942, -1693}, {120, 100, 53, 255} }},
	{{ {-3487, 1937, -2408}, 0, {-16942, -2563}, {120, 100, 53, 255} }},
	{{ {-3637, 1937, -3708}, 0, {-17812, -10102}, {120, 100, 53, 255} }},
	{{ {-3487, 1937, -3858}, 0, {-16942, -10972}, {120, 100, 53, 255} }},
	{{ {-4134, 1937, -3708}, 0, {-20698, -10102}, {120, 100, 53, 255} }},
	{{ {-4134, 1937, -3858}, 0, {-20698, -10972}, {120, 100, 53, 255} }},
	{{ {-4281, 1937, -3708}, 0, {-21552, -10102}, {120, 100, 53, 255} }},
	{{ {-4281, 1937, -3858}, 0, {-21552, -10972}, {120, 100, 53, 255} }},
	{{ {-4192, 1539, -4326}, 0, {-21035, -13684}, {120, 100, 53, 255} }},
	{{ {-4046, 1540, -4295}, 0, {-20188, -13507}, {120, 100, 53, 255} }},
	{{ {-3999, 1287, -4620}, 0, {-19913, -15389}, {120, 100, 53, 255} }},
	{{ {-3862, 1287, -4554}, 0, {-19122, -15004}, {120, 100, 53, 255} }},
	{{ {-3838, 1187, -4727}, 0, {-18980, -16012}, {120, 100, 53, 255} }},
	{{ {-3999, 1287, -4620}, 0, {-19913, -15389}, {120, 100, 53, 255} }},
	{{ {-3862, 1287, -4554}, 0, {-19122, -15004}, {120, 100, 53, 255} }},
	{{ {-3727, 1187, -4622}, 0, {-18339, -15399}, {120, 100, 53, 255} }},
	{{ {-3631, 1187, -4777}, 0, {-17778, -16299}, {120, 100, 53, 255} }},
	{{ {-3573, 1187, -4636}, 0, {-17445, -15484}, {120, 100, 53, 255} }},
	{{ {-3431, 1187, -4777}, 0, {-16618, -16299}, {120, 100, 53, 255} }},
	{{ {-3522, 1187, -4636}, 0, {-17150, -15484}, {120, 100, 53, 255} }},
	{{ {-3118, 1087, -4671}, 0, {-14807, -15686}, {120, 100, 53, 255} }},
	{{ {-3238, 1087, -4581}, 0, {-15503, -15164}, {120, 100, 53, 255} }},
	{{ {-2991, 866, -4487}, 0, {-14069, -14619}, {120, 100, 53, 255} }},
	{{ {-2991, 766, -4487}, 0, {-14069, -14619}, {120, 100, 53, 255} }},
	{{ {-2947, 449, -3917}, 0, {-13816, -11312}, {120, 100, 53, 255} }},
	{{ {-2947, 549, -3917}, 0, {-13816, -11312}, {120, 100, 53, 255} }},
	{{ {-2947, 287, -3608}, 0, {-13816, -9522}, {120, 100, 53, 255} }},
	{{ {-2947, 377, -3608}, 0, {-13816, -9522}, {120, 100, 53, 255} }},
	{{ {-2947, 287, -2408}, 0, {-13816, -2563}, {120, 100, 53, 255} }},
	{{ {-2947, 377, -2408}, 0, {-13816, -2563}, {120, 100, 53, 255} }},
	{{ {-2947, 337, -1908}, 0, {-13816, 337}, {120, 100, 53, 255} }},
	{{ {-2947, 437, -1908}, 0, {-13816, 337}, {120, 100, 53, 255} }},
	{{ {-2947, 637, -1408}, 0, {-13816, 3236}, {120, 100, 53, 255} }},
	{{ {-2947, 737, -1408}, 0, {-13816, 3236}, {120, 100, 53, 255} }},
	{{ {-2947, 1037, -908}, 0, {-13816, 6136}, {120, 100, 53, 255} }},
	{{ {-2947, 1137, -908}, 0, {-13816, 6136}, {120, 100, 53, 255} }},
	{{ {-2947, 1187, -408}, 0, {-13816, 9036}, {120, 100, 53, 255} }},
	{{ {-2947, 1287, -408}, 0, {-13816, 9036}, {120, 100, 53, 255} }},
	{{ {-3005, 1187, -198}, 0, {-14150, 10256}, {120, 100, 53, 255} }},
	{{ {-3005, 1287, -198}, 0, {-14150, 10256}, {120, 100, 53, 255} }},
	{{ {-3183, 1187, -96}, 0, {-15180, 10845}, {120, 100, 53, 255} }},
	{{ {-3183, 1287, -96}, 0, {-15180, 10845}, {120, 100, 53, 255} }},
	{{ {-3496, 1187, -95}, 0, {-16997, 10853}, {120, 100, 53, 255} }},
	{{ {-3496, 1287, -95}, 0, {-16997, 10853}, {120, 100, 53, 255} }},
	{{ {-3745, 1187, -178}, 0, {-18440, 10374}, {120, 100, 53, 255} }},
	{{ {-3496, 1187, -95}, 0, {-16997, 10853}, {120, 100, 53, 255} }},
	{{ {-3496, 1287, -95}, 0, {-16997, 10853}, {120, 100, 53, 255} }},
	{{ {-3745, 1287, -178}, 0, {-18440, 10374}, {120, 100, 53, 255} }},
	{{ {-3898, 1187, -370}, 0, {-19327, 9258}, {120, 100, 53, 255} }},
	{{ {-3898, 1287, -370}, 0, {-19327, 9258}, {120, 100, 53, 255} }},
	{{ {-3933, 1187, -589}, 0, {-19531, 7986}, {120, 100, 53, 255} }},
	{{ {-3933, 1287, -589}, 0, {-19531, 7986}, {120, 100, 53, 255} }},
	{{ {-3939, 1187, -935}, 0, {-19568, 5982}, {120, 100, 53, 255} }},
	{{ {-3939, 1287, -935}, 0, {-19568, 5982}, {120, 100, 53, 255} }},
	{{ {-3939, 1287, -1303}, 0, {-19564, 3846}, {120, 100, 53, 255} }},
	{{ {-3939, 1387, -1303}, 0, {-19564, 3846}, {120, 100, 53, 255} }},
	{{ {-3938, 1587, -1672}, 0, {-19560, 1709}, {120, 100, 53, 255} }},
	{{ {-3938, 1687, -1672}, 0, {-19560, 1709}, {120, 100, 53, 255} }},
	{{ {-3937, 1787, -2040}, 0, {-19556, -427}, {120, 100, 53, 255} }},
	{{ {-3937, 1887, -2040}, 0, {-19556, -427}, {120, 100, 53, 255} }},
	{{ {-3937, 1837, -2259}, 0, {-19555, -1697}, {120, 100, 53, 255} }},
	{{ {-3937, 1937, -2259}, 0, {-19555, -1697}, {120, 100, 53, 255} }},
	{{ {-3937, 1937, -2408}, 0, {-19553, -2562}, {120, 100, 53, 255} }},
	{{ {-3937, 1837, -2408}, 0, {-19553, -2562}, {120, 100, 53, 255} }},
	{{ {-3637, 1937, -2408}, 0, {-17812, -2563}, {120, 100, 53, 255} }},
	{{ {-3637, 1837, -2408}, 0, {-17812, -2563}, {120, 100, 53, 255} }},
	{{ {-3637, 1837, -3708}, 0, {-17812, -10102}, {120, 100, 53, 255} }},
	{{ {-3637, 1937, -3708}, 0, {-17812, -10102}, {120, 100, 53, 255} }},
	{{ {-4134, 1837, -3708}, 0, {-20698, -10102}, {120, 100, 53, 255} }},
	{{ {-4134, 1937, -3708}, 0, {-20698, -10102}, {120, 100, 53, 255} }},
	{{ {-4281, 1837, -3708}, 0, {-21552, -10102}, {120, 100, 53, 255} }},
	{{ {-4281, 1937, -3708}, 0, {-21552, -10102}, {120, 100, 53, 255} }},
	{{ {-4281, 1837, -3858}, 0, {-21552, -10972}, {120, 100, 53, 255} }},
	{{ {-4281, 1937, -3858}, 0, {-21552, -10972}, {120, 100, 53, 255} }},
	{{ {-4192, 1439, -4326}, 0, {-21035, -13684}, {120, 100, 53, 255} }},
	{{ {-4192, 1539, -4326}, 0, {-21035, -13684}, {120, 100, 53, 255} }},
	{{ {-3999, 1187, -4620}, 0, {-19913, -15389}, {120, 100, 53, 255} }},
	{{ {-4192, 1439, -4326}, 0, {-21035, -13684}, {120, 100, 53, 255} }},
	{{ {-4192, 1539, -4326}, 0, {-21035, -13684}, {120, 100, 53, 255} }},
	{{ {-3999, 1287, -4620}, 0, {-19913, -15389}, {120, 100, 53, 255} }},
	{{ {-3838, 1087, -4727}, 0, {-18980, -16012}, {120, 100, 53, 255} }},
	{{ {-3838, 1187, -4727}, 0, {-18980, -16012}, {120, 100, 53, 255} }},
	{{ {-3631, 1087, -4777}, 0, {-17778, -16299}, {120, 100, 53, 255} }},
	{{ {-3631, 1187, -4777}, 0, {-17778, -16299}, {120, 100, 53, 255} }},
	{{ {-3431, 1087, -4777}, 0, {-16618, -16299}, {120, 100, 53, 255} }},
	{{ {-3431, 1187, -4777}, 0, {-16618, -16299}, {120, 100, 53, 255} }},
	{{ {-3118, 987, -4671}, 0, {-14807, -15686}, {120, 100, 53, 255} }},
	{{ {-3118, 1087, -4671}, 0, {-14807, -15686}, {120, 100, 53, 255} }},
	{{ {-2991, 766, -4487}, 0, {-14069, -14619}, {120, 100, 53, 255} }},
	{{ {2589, -1072, -3683}, 0, {-114, 11286}, {120, 100, 53, 255} }},
	{{ {2560, -988, -3773}, 0, {555, 11286}, {120, 100, 53, 255} }},
	{{ {2560, -734, -3773}, 0, {555, 7941}, {120, 100, 53, 255} }},
	{{ {2589, -650, -3683}, 0, {-114, 7941}, {120, 100, 53, 255} }},
};

Gfx ccm_dl_VISUAL_mesh_layer_1_tri_1[] = {
	gsSPVertex(ccm_dl_VISUAL_mesh_layer_1_vtx_1 + 0, 32, 0),
	gsSP2Triangles(0, 1, 2, 0, 0, 3, 1, 0),
	gsSP2Triangles(3, 4, 1, 0, 3, 5, 4, 0),
	gsSP2Triangles(5, 6, 4, 0, 5, 7, 6, 0),
	gsSP2Triangles(7, 8, 6, 0, 7, 9, 8, 0),
	gsSP2Triangles(9, 10, 8, 0, 9, 11, 10, 0),
	gsSP2Triangles(11, 12, 10, 0, 11, 13, 12, 0),
	gsSP2Triangles(13, 14, 12, 0, 13, 15, 14, 0),
	gsSP2Triangles(15, 16, 14, 0, 15, 17, 16, 0),
	gsSP2Triangles(16, 17, 18, 0, 16, 18, 19, 0),
	gsSP2Triangles(20, 19, 18, 0, 20, 21, 19, 0),
	gsSP2Triangles(20, 22, 21, 0, 20, 23, 22, 0),
	gsSP2Triangles(24, 22, 23, 0, 24, 23, 25, 0),
	gsSP2Triangles(25, 26, 24, 0, 25, 27, 26, 0),
	gsSP2Triangles(27, 28, 26, 0, 27, 29, 28, 0),
	gsSP2Triangles(29, 30, 28, 0, 29, 31, 30, 0),
	gsSPVertex(ccm_dl_VISUAL_mesh_layer_1_vtx_1 + 32, 32, 0),
	gsSP2Triangles(0, 1, 2, 0, 0, 3, 1, 0),
	gsSP2Triangles(3, 4, 1, 0, 3, 5, 4, 0),
	gsSP2Triangles(5, 6, 4, 0, 5, 7, 6, 0),
	gsSP2Triangles(7, 8, 6, 0, 7, 9, 8, 0),
	gsSP2Triangles(9, 10, 8, 0, 9, 11, 10, 0),
	gsSP2Triangles(11, 12, 10, 0, 11, 13, 12, 0),
	gsSP2Triangles(13, 14, 12, 0, 13, 15, 14, 0),
	gsSP2Triangles(15, 16, 14, 0, 17, 14, 16, 0),
	gsSP2Triangles(17, 18, 14, 0, 17, 19, 18, 0),
	gsSP2Triangles(19, 20, 18, 0, 19, 21, 20, 0),
	gsSP2Triangles(21, 22, 20, 0, 21, 23, 22, 0),
	gsSP2Triangles(23, 24, 22, 0, 23, 25, 24, 0),
	gsSP2Triangles(25, 26, 24, 0, 25, 27, 26, 0),
	gsSP2Triangles(27, 28, 26, 0, 27, 29, 28, 0),
	gsSP2Triangles(29, 30, 28, 0, 29, 31, 30, 0),
	gsSPVertex(ccm_dl_VISUAL_mesh_layer_1_vtx_1 + 64, 32, 0),
	gsSP2Triangles(0, 1, 2, 0, 0, 3, 1, 0),
	gsSP2Triangles(3, 4, 1, 0, 3, 5, 4, 0),
	gsSP2Triangles(5, 6, 4, 0, 5, 7, 6, 0),
	gsSP2Triangles(7, 8, 6, 0, 7, 9, 8, 0),
	gsSP2Triangles(8, 9, 10, 0, 8, 10, 11, 0),
	gsSP2Triangles(11, 10, 12, 0, 11, 12, 13, 0),
	gsSP2Triangles(12, 14, 13, 0, 12, 15, 14, 0),
	gsSP2Triangles(16, 14, 15, 0, 16, 17, 14, 0),
	gsSP2Triangles(18, 17, 16, 0, 18, 17, 17, 0),
	gsSP2Triangles(19, 17, 18, 0, 19, 20, 17, 0),
	gsSP2Triangles(20, 19, 21, 0, 20, 21, 22, 0),
	gsSP2Triangles(21, 23, 22, 0, 21, 24, 23, 0),
	gsSP2Triangles(24, 25, 23, 0, 24, 26, 25, 0),
	gsSP2Triangles(26, 27, 25, 0, 26, 28, 27, 0),
	gsSP2Triangles(28, 29, 27, 0, 28, 30, 29, 0),
	gsSP1Triangle(30, 31, 29, 0),
	gsSPVertex(ccm_dl_VISUAL_mesh_layer_1_vtx_1 + 96, 32, 0),
	gsSP2Triangles(0, 1, 2, 0, 1, 3, 2, 0),
	gsSP2Triangles(1, 4, 3, 0, 4, 5, 3, 0),
	gsSP2Triangles(4, 6, 5, 0, 6, 7, 5, 0),
	gsSP2Triangles(6, 8, 7, 0, 8, 9, 7, 0),
	gsSP2Triangles(8, 10, 9, 0, 10, 11, 9, 0),
	gsSP2Triangles(10, 12, 11, 0, 12, 13, 11, 0),
	gsSP2Triangles(12, 14, 13, 0, 14, 15, 13, 0),
	gsSP2Triangles(14, 16, 15, 0, 16, 17, 15, 0),
	gsSP2Triangles(16, 18, 17, 0, 18, 19, 17, 0),
	gsSP2Triangles(18, 20, 19, 0, 20, 21, 19, 0),
	gsSP2Triangles(20, 22, 21, 0, 22, 23, 21, 0),
	gsSP2Triangles(22, 24, 23, 0, 23, 24, 25, 0),
	gsSP2Triangles(23, 25, 26, 0, 26, 25, 27, 0),
	gsSP2Triangles(26, 27, 28, 0, 27, 29, 28, 0),
	gsSP2Triangles(27, 30, 29, 0, 30, 31, 29, 0),
	gsSPVertex(ccm_dl_VISUAL_mesh_layer_1_vtx_1 + 128, 32, 0),
	gsSP2Triangles(0, 1, 2, 0, 2, 1, 3, 0),
	gsSP2Triangles(2, 3, 4, 0, 3, 5, 4, 0),
	gsSP2Triangles(3, 6, 5, 0, 6, 7, 5, 0),
	gsSP2Triangles(6, 8, 7, 0, 8, 9, 7, 0),
	gsSP2Triangles(8, 10, 9, 0, 10, 11, 9, 0),
	gsSP2Triangles(10, 12, 11, 0, 12, 13, 11, 0),
	gsSP2Triangles(12, 14, 13, 0, 14, 15, 13, 0),
	gsSP2Triangles(14, 16, 15, 0, 16, 17, 15, 0),
	gsSP2Triangles(16, 18, 17, 0, 18, 19, 17, 0),
	gsSP2Triangles(18, 20, 19, 0, 20, 21, 19, 0),
	gsSP2Triangles(20, 22, 21, 0, 22, 23, 21, 0),
	gsSP2Triangles(22, 24, 23, 0, 24, 25, 23, 0),
	gsSP2Triangles(24, 26, 25, 0, 26, 27, 25, 0),
	gsSP2Triangles(26, 28, 27, 0, 28, 29, 27, 0),
	gsSP2Triangles(28, 30, 29, 0, 30, 31, 29, 0),
	gsSPVertex(ccm_dl_VISUAL_mesh_layer_1_vtx_1 + 160, 32, 0),
	gsSP2Triangles(0, 1, 2, 0, 3, 2, 4, 0),
	gsSP2Triangles(5, 4, 2, 0, 5, 6, 4, 0),
	gsSP2Triangles(7, 6, 5, 0, 5, 8, 7, 0),
	gsSP2Triangles(9, 7, 8, 0, 9, 8, 10, 0),
	gsSP2Triangles(11, 7, 9, 0, 7, 11, 6, 0),
	gsSP2Triangles(12, 6, 11, 0, 12, 11, 13, 0),
	gsSP2Triangles(14, 13, 11, 0, 11, 15, 14, 0),
	gsSP2Triangles(11, 16, 15, 0, 11, 9, 16, 0),
	gsSP2Triangles(17, 14, 15, 0, 17, 18, 14, 0),
	gsSP2Triangles(17, 19, 18, 0, 20, 19, 17, 0),
	gsSP2Triangles(20, 17, 21, 0, 22, 21, 17, 0),
	gsSP2Triangles(17, 15, 22, 0, 22, 23, 21, 0),
	gsSP2Triangles(23, 24, 21, 0, 23, 25, 24, 0),
	gsSP2Triangles(25, 26, 24, 0, 25, 27, 26, 0),
	gsSP2Triangles(27, 28, 26, 0, 27, 29, 28, 0),
	gsSP2Triangles(29, 30, 28, 0, 29, 31, 30, 0),
	gsSPVertex(ccm_dl_VISUAL_mesh_layer_1_vtx_1 + 192, 32, 0),
	gsSP2Triangles(0, 1, 2, 0, 0, 3, 1, 0),
	gsSP2Triangles(3, 4, 1, 0, 3, 5, 4, 0),
	gsSP2Triangles(5, 6, 4, 0, 5, 7, 6, 0),
	gsSP2Triangles(8, 6, 7, 0, 8, 9, 6, 0),
	gsSP2Triangles(8, 10, 9, 0, 8, 11, 10, 0),
	gsSP2Triangles(11, 12, 10, 0, 11, 13, 12, 0),
	gsSP2Triangles(14, 12, 13, 0, 14, 15, 12, 0),
	gsSP2Triangles(9, 10, 12, 0, 16, 9, 12, 0),
	gsSP2Triangles(16, 17, 9, 0, 18, 17, 16, 0),
	gsSP2Triangles(18, 16, 19, 0, 19, 16, 20, 0),
	gsSP2Triangles(21, 17, 18, 0, 21, 22, 17, 0),
	gsSP2Triangles(21, 23, 22, 0, 21, 24, 23, 0),
	gsSP2Triangles(24, 25, 23, 0, 24, 26, 25, 0),
	gsSP2Triangles(26, 27, 25, 0, 26, 28, 27, 0),
	gsSP2Triangles(28, 29, 27, 0, 28, 30, 29, 0),
	gsSP1Triangle(30, 31, 29, 0),
	gsSPVertex(ccm_dl_VISUAL_mesh_layer_1_vtx_1 + 224, 32, 0),
	gsSP2Triangles(0, 1, 2, 0, 1, 3, 2, 0),
	gsSP2Triangles(1, 4, 3, 0, 4, 5, 3, 0),
	gsSP2Triangles(4, 6, 5, 0, 6, 7, 5, 0),
	gsSP2Triangles(6, 8, 7, 0, 8, 9, 7, 0),
	gsSP2Triangles(8, 10, 9, 0, 9, 10, 11, 0),
	gsSP2Triangles(9, 11, 12, 0, 9, 12, 13, 0),
	gsSP2Triangles(9, 13, 14, 0, 14, 15, 9, 0),
	gsSP2Triangles(15, 16, 9, 0, 16, 17, 9, 0),
	gsSP2Triangles(17, 18, 9, 0, 17, 19, 18, 0),
	gsSP2Triangles(17, 20, 19, 0, 21, 19, 20, 0),
	gsSP2Triangles(21, 20, 22, 0, 22, 23, 21, 0),
	gsSP2Triangles(22, 24, 23, 0, 24, 25, 23, 0),
	gsSP2Triangles(24, 26, 25, 0, 26, 27, 25, 0),
	gsSP2Triangles(26, 28, 27, 0, 28, 29, 27, 0),
	gsSP2Triangles(28, 30, 29, 0, 30, 31, 29, 0),
	gsSPVertex(ccm_dl_VISUAL_mesh_layer_1_vtx_1 + 256, 32, 0),
	gsSP2Triangles(0, 1, 2, 0, 1, 3, 2, 0),
	gsSP2Triangles(1, 4, 3, 0, 4, 5, 3, 0),
	gsSP2Triangles(4, 6, 5, 0, 6, 7, 5, 0),
	gsSP2Triangles(6, 8, 7, 0, 8, 9, 7, 0),
	gsSP2Triangles(8, 10, 9, 0, 10, 11, 9, 0),
	gsSP2Triangles(10, 12, 11, 0, 12, 13, 11, 0),
	gsSP2Triangles(12, 14, 13, 0, 14, 15, 13, 0),
	gsSP2Triangles(14, 16, 15, 0, 16, 17, 15, 0),
	gsSP2Triangles(16, 18, 17, 0, 18, 19, 17, 0),
	gsSP2Triangles(18, 20, 19, 0, 20, 21, 19, 0),
	gsSP2Triangles(20, 22, 21, 0, 23, 21, 22, 0),
	gsSP2Triangles(23, 24, 21, 0, 23, 25, 24, 0),
	gsSP2Triangles(23, 26, 25, 0, 26, 27, 25, 0),
	gsSP2Triangles(28, 24, 25, 0, 28, 29, 24, 0),
	gsSP2Triangles(29, 21, 24, 0, 29, 30, 21, 0),
	gsSP2Triangles(30, 19, 21, 0, 30, 31, 19, 0),
	gsSP1Triangle(31, 17, 19, 0),
	gsSPVertex(ccm_dl_VISUAL_mesh_layer_1_vtx_1 + 288, 32, 0),
	gsSP2Triangles(0, 1, 2, 0, 1, 3, 2, 0),
	gsSP2Triangles(1, 4, 3, 0, 4, 5, 3, 0),
	gsSP2Triangles(4, 6, 5, 0, 6, 7, 5, 0),
	gsSP2Triangles(6, 8, 7, 0, 8, 9, 7, 0),
	gsSP2Triangles(8, 10, 9, 0, 10, 11, 9, 0),
	gsSP2Triangles(10, 12, 11, 0, 12, 13, 11, 0),
	gsSP2Triangles(12, 14, 13, 0, 14, 15, 13, 0),
	gsSP2Triangles(14, 16, 15, 0, 16, 17, 15, 0),
	gsSP2Triangles(16, 18, 17, 0, 18, 19, 17, 0),
	gsSP2Triangles(18, 20, 19, 0, 20, 21, 19, 0),
	gsSP2Triangles(20, 22, 21, 0, 22, 23, 21, 0),
	gsSP2Triangles(22, 24, 23, 0, 24, 25, 23, 0),
	gsSP2Triangles(26, 27, 28, 0, 29, 30, 31, 0),
	gsSPVertex(ccm_dl_VISUAL_mesh_layer_1_vtx_1 + 320, 32, 0),
	gsSP2Triangles(0, 1, 2, 0, 2, 3, 0, 0),
	gsSP2Triangles(2, 4, 3, 0, 4, 2, 5, 0),
	gsSP2Triangles(5, 6, 4, 0, 5, 7, 6, 0),
	gsSP2Triangles(6, 7, 8, 0, 6, 8, 9, 0),
	gsSP2Triangles(10, 0, 3, 0, 10, 3, 11, 0),
	gsSP2Triangles(12, 10, 11, 0, 12, 11, 13, 0),
	gsSP2Triangles(14, 12, 13, 0, 14, 13, 15, 0),
	gsSP2Triangles(14, 15, 16, 0, 15, 17, 16, 0),
	gsSP2Triangles(17, 18, 16, 0, 17, 19, 18, 0),
	gsSP2Triangles(14, 16, 18, 0, 18, 20, 14, 0),
	gsSP2Triangles(21, 20, 18, 0, 21, 18, 22, 0),
	gsSP2Triangles(23, 21, 22, 0, 23, 22, 24, 0),
	gsSP2Triangles(25, 23, 24, 0, 25, 24, 26, 0),
	gsSP2Triangles(27, 25, 26, 0, 27, 26, 28, 0),
	gsSP2Triangles(27, 28, 29, 0, 27, 29, 30, 0),
	gsSP1Triangle(29, 31, 30, 0),
	gsSPVertex(ccm_dl_VISUAL_mesh_layer_1_vtx_1 + 352, 32, 0),
	gsSP2Triangles(0, 1, 2, 0, 3, 2, 1, 0),
	gsSP2Triangles(3, 1, 4, 0, 4, 5, 3, 0),
	gsSP2Triangles(5, 4, 6, 0, 5, 6, 7, 0),
	gsSP2Triangles(7, 8, 5, 0, 9, 10, 11, 0),
	gsSP2Triangles(9, 12, 10, 0, 13, 12, 9, 0),
	gsSP2Triangles(9, 14, 13, 0, 9, 15, 14, 0),
	gsSP2Triangles(9, 16, 15, 0, 15, 13, 14, 0),
	gsSP2Triangles(15, 17, 13, 0, 17, 18, 13, 0),
	gsSP2Triangles(17, 19, 18, 0, 20, 18, 19, 0),
	gsSP2Triangles(20, 21, 18, 0, 20, 22, 21, 0),
	gsSP2Triangles(20, 23, 22, 0, 23, 24, 22, 0),
	gsSP2Triangles(23, 25, 24, 0, 25, 26, 24, 0),
	gsSP2Triangles(25, 27, 26, 0, 27, 28, 26, 0),
	gsSP2Triangles(27, 29, 28, 0, 29, 30, 28, 0),
	gsSP1Triangle(29, 31, 30, 0),
	gsSPVertex(ccm_dl_VISUAL_mesh_layer_1_vtx_1 + 384, 32, 0),
	gsSP2Triangles(0, 1, 2, 0, 0, 3, 1, 0),
	gsSP2Triangles(3, 4, 1, 0, 3, 5, 4, 0),
	gsSP2Triangles(5, 6, 4, 0, 5, 7, 6, 0),
	gsSP2Triangles(7, 8, 6, 0, 7, 9, 8, 0),
	gsSP2Triangles(9, 10, 8, 0, 9, 11, 10, 0),
	gsSP2Triangles(11, 12, 10, 0, 11, 13, 12, 0),
	gsSP2Triangles(13, 14, 12, 0, 13, 15, 14, 0),
	gsSP2Triangles(15, 16, 14, 0, 15, 17, 16, 0),
	gsSP2Triangles(17, 18, 16, 0, 17, 19, 18, 0),
	gsSP2Triangles(19, 20, 18, 0, 19, 21, 20, 0),
	gsSP2Triangles(21, 22, 20, 0, 21, 23, 22, 0),
	gsSP2Triangles(18, 20, 24, 0, 18, 24, 25, 0),
	gsSP2Triangles(26, 25, 24, 0, 26, 27, 25, 0),
	gsSP2Triangles(27, 28, 25, 0, 27, 29, 28, 0),
	gsSP2Triangles(29, 30, 28, 0, 29, 31, 30, 0),
	gsSPVertex(ccm_dl_VISUAL_mesh_layer_1_vtx_1 + 416, 32, 0),
	gsSP2Triangles(0, 1, 2, 0, 0, 3, 1, 0),
	gsSP2Triangles(3, 4, 1, 0, 3, 5, 4, 0),
	gsSP2Triangles(6, 1, 4, 0, 6, 7, 1, 0),
	gsSP2Triangles(7, 2, 1, 0, 7, 8, 2, 0),
	gsSP2Triangles(8, 9, 2, 0, 8, 10, 9, 0),
	gsSP2Triangles(10, 11, 9, 0, 10, 12, 11, 0),
	gsSP2Triangles(13, 6, 4, 0, 13, 4, 14, 0),
	gsSP2Triangles(15, 13, 14, 0, 15, 14, 16, 0),
	gsSP2Triangles(17, 15, 16, 0, 17, 16, 18, 0),
	gsSP2Triangles(19, 17, 18, 0, 19, 18, 20, 0),
	gsSP2Triangles(21, 19, 20, 0, 21, 20, 22, 0),
	gsSP2Triangles(23, 21, 22, 0, 23, 22, 24, 0),
	gsSP2Triangles(25, 23, 24, 0, 25, 24, 26, 0),
	gsSP2Triangles(27, 26, 24, 0, 27, 28, 26, 0),
	gsSP2Triangles(29, 26, 28, 0, 29, 30, 26, 0),
	gsSP1Triangle(31, 26, 30, 0),
	gsSPVertex(ccm_dl_VISUAL_mesh_layer_1_vtx_1 + 448, 32, 0),
	gsSP2Triangles(0, 1, 2, 0, 0, 2, 3, 0),
	gsSP2Triangles(3, 4, 0, 0, 3, 5, 4, 0),
	gsSP2Triangles(1, 6, 7, 0, 8, 9, 10, 0),
	gsSP2Triangles(9, 8, 11, 0, 11, 12, 9, 0),
	gsSP2Triangles(11, 4, 12, 0, 13, 14, 15, 0),
	gsSP2Triangles(13, 16, 14, 0, 14, 14, 16, 0),
	gsSP2Triangles(17, 14, 16, 0, 16, 18, 17, 0),
	gsSP2Triangles(17, 18, 19, 0, 17, 19, 20, 0),
	gsSP2Triangles(21, 20, 19, 0, 21, 19, 22, 0),
	gsSP2Triangles(23, 21, 22, 0, 23, 22, 24, 0),
	gsSP2Triangles(25, 23, 24, 0, 25, 24, 26, 0),
	gsSP2Triangles(27, 25, 26, 0, 27, 26, 28, 0),
	gsSP2Triangles(29, 27, 28, 0, 29, 28, 30, 0),
	gsSP1Triangle(31, 29, 30, 0),
	gsSPVertex(ccm_dl_VISUAL_mesh_layer_1_vtx_1 + 480, 32, 0),
	gsSP2Triangles(0, 1, 2, 0, 3, 0, 2, 0),
	gsSP2Triangles(3, 2, 4, 0, 5, 3, 4, 0),
	gsSP2Triangles(5, 4, 6, 0, 7, 5, 6, 0),
	gsSP2Triangles(7, 6, 8, 0, 9, 7, 8, 0),
	gsSP2Triangles(9, 8, 10, 0, 11, 9, 10, 0),
	gsSP2Triangles(11, 10, 12, 0, 13, 14, 15, 0),
	gsSP2Triangles(16, 17, 18, 0, 16, 19, 17, 0),
	gsSP2Triangles(17, 19, 20, 0, 17, 20, 21, 0),
	gsSP2Triangles(22, 21, 20, 0, 22, 20, 23, 0),
	gsSP2Triangles(23, 24, 22, 0, 23, 25, 24, 0),
	gsSP2Triangles(26, 24, 25, 0, 26, 27, 24, 0),
	gsSP2Triangles(27, 26, 28, 0, 27, 28, 29, 0),
	gsSP2Triangles(30, 22, 24, 0, 30, 31, 22, 0),
	gsSP1Triangle(31, 21, 22, 0),
	gsSPVertex(ccm_dl_VISUAL_mesh_layer_1_vtx_1 + 512, 32, 0),
	gsSP2Triangles(0, 1, 2, 0, 1, 3, 2, 0),
	gsSP2Triangles(1, 4, 3, 0, 5, 6, 7, 0),
	gsSP2Triangles(5, 7, 8, 0, 7, 9, 8, 0),
	gsSP2Triangles(7, 10, 9, 0, 10, 11, 9, 0),
	gsSP2Triangles(10, 12, 11, 0, 13, 9, 11, 0),
	gsSP2Triangles(13, 14, 9, 0, 14, 8, 9, 0),
	gsSP2Triangles(14, 15, 8, 0, 16, 17, 18, 0),
	gsSP2Triangles(16, 18, 19, 0, 20, 21, 22, 0),
	gsSP2Triangles(20, 22, 23, 0, 24, 25, 5, 0),
	gsSP2Triangles(24, 5, 8, 0, 26, 27, 28, 0),
	gsSP2Triangles(26, 28, 29, 0, 29, 28, 30, 0),
	gsSP1Triangle(29, 30, 31, 0),
	gsSPVertex(ccm_dl_VISUAL_mesh_layer_1_vtx_1 + 544, 32, 0),
	gsSP2Triangles(0, 1, 2, 0, 0, 2, 3, 0),
	gsSP2Triangles(2, 4, 3, 0, 2, 5, 4, 0),
	gsSP2Triangles(3, 4, 6, 0, 3, 6, 7, 0),
	gsSP2Triangles(7, 6, 8, 0, 7, 8, 9, 0),
	gsSP2Triangles(9, 8, 10, 0, 9, 10, 11, 0),
	gsSP2Triangles(11, 10, 12, 0, 11, 12, 13, 0),
	gsSP2Triangles(13, 12, 14, 0, 13, 14, 15, 0),
	gsSP2Triangles(15, 14, 16, 0, 15, 16, 17, 0),
	gsSP2Triangles(18, 15, 17, 0, 18, 19, 15, 0),
	gsSP2Triangles(19, 13, 15, 0, 19, 20, 13, 0),
	gsSP2Triangles(20, 11, 13, 0, 20, 21, 11, 0),
	gsSP2Triangles(21, 9, 11, 0, 21, 22, 9, 0),
	gsSP2Triangles(22, 7, 9, 0, 22, 23, 7, 0),
	gsSP2Triangles(23, 3, 7, 0, 23, 0, 3, 0),
	gsSP2Triangles(24, 25, 26, 0, 24, 26, 27, 0),
	gsSP2Triangles(27, 26, 28, 0, 27, 28, 29, 0),
	gsSP2Triangles(30, 29, 28, 0, 30, 31, 29, 0),
	gsSPVertex(ccm_dl_VISUAL_mesh_layer_1_vtx_1 + 576, 32, 0),
	gsSP2Triangles(0, 1, 2, 0, 0, 3, 1, 0),
	gsSP2Triangles(4, 2, 1, 0, 4, 5, 2, 0),
	gsSP2Triangles(6, 7, 8, 0, 6, 8, 9, 0),
	gsSP2Triangles(10, 11, 12, 0, 10, 12, 13, 0),
	gsSP2Triangles(14, 10, 13, 0, 14, 13, 15, 0),
	gsSP2Triangles(16, 17, 18, 0, 16, 18, 19, 0),
	gsSP2Triangles(20, 16, 19, 0, 20, 19, 21, 0),
	gsSP2Triangles(22, 20, 21, 0, 22, 21, 23, 0),
	gsSP2Triangles(24, 22, 23, 0, 24, 23, 25, 0),
	gsSP2Triangles(26, 24, 25, 0, 26, 25, 27, 0),
	gsSP2Triangles(28, 26, 27, 0, 28, 27, 29, 0),
	gsSP2Triangles(30, 28, 29, 0, 30, 29, 31, 0),
	gsSPVertex(ccm_dl_VISUAL_mesh_layer_1_vtx_1 + 608, 30, 0),
	gsSP2Triangles(0, 1, 2, 0, 0, 3, 1, 0),
	gsSP2Triangles(3, 4, 1, 0, 3, 5, 4, 0),
	gsSP2Triangles(5, 6, 4, 0, 5, 7, 6, 0),
	gsSP2Triangles(7, 8, 6, 0, 7, 9, 8, 0),
	gsSP2Triangles(10, 4, 6, 0, 10, 11, 4, 0),
	gsSP2Triangles(12, 11, 10, 0, 13, 12, 10, 0),
	gsSP2Triangles(13, 10, 14, 0, 14, 10, 6, 0),
	gsSP2Triangles(14, 6, 15, 0, 12, 16, 11, 0),
	gsSP2Triangles(16, 17, 11, 0, 16, 18, 17, 0),
	gsSP2Triangles(11, 17, 19, 0, 17, 2, 19, 0),
	gsSP2Triangles(17, 20, 2, 0, 11, 19, 4, 0),
	gsSP2Triangles(21, 22, 23, 0, 21, 24, 22, 0),
	gsSP2Triangles(22, 24, 25, 0, 26, 27, 28, 0),
	gsSP1Triangle(26, 28, 29, 0),
	gsSPVertex(ccm_dl_VISUAL_mesh_layer_1_vtx_1 + 638, 32, 0),
	gsSP2Triangles(0, 1, 2, 0, 0, 2, 3, 0),
	gsSP2Triangles(4, 0, 3, 0, 4, 3, 5, 0),
	gsSP2Triangles(6, 4, 5, 0, 6, 5, 7, 0),
	gsSP2Triangles(8, 6, 7, 0, 8, 7, 9, 0),
	gsSP2Triangles(10, 8, 9, 0, 10, 9, 11, 0),
	gsSP2Triangles(12, 10, 11, 0, 12, 11, 13, 0),
	gsSP2Triangles(14, 12, 13, 0, 14, 13, 15, 0),
	gsSP2Triangles(16, 14, 15, 0, 16, 15, 17, 0),
	gsSP2Triangles(18, 16, 17, 0, 18, 17, 19, 0),
	gsSP2Triangles(20, 18, 19, 0, 20, 19, 21, 0),
	gsSP2Triangles(22, 21, 19, 0, 23, 22, 19, 0),
	gsSP2Triangles(23, 19, 24, 0, 25, 23, 24, 0),
	gsSP2Triangles(25, 24, 26, 0, 27, 25, 26, 0),
	gsSP2Triangles(27, 26, 28, 0, 29, 27, 28, 0),
	gsSP2Triangles(29, 28, 30, 0, 31, 29, 30, 0),
	gsSPVertex(ccm_dl_VISUAL_mesh_layer_1_vtx_1 + 670, 32, 0),
	gsSP2Triangles(0, 1, 2, 0, 0, 2, 3, 0),
	gsSP2Triangles(0, 3, 4, 0, 4, 3, 5, 0),
	gsSP2Triangles(4, 5, 6, 0, 6, 5, 7, 0),
	gsSP2Triangles(6, 7, 8, 0, 8, 7, 9, 0),
	gsSP2Triangles(8, 9, 10, 0, 11, 8, 10, 0),
	gsSP2Triangles(11, 12, 8, 0, 12, 6, 8, 0),
	gsSP2Triangles(12, 13, 6, 0, 13, 4, 6, 0),
	gsSP2Triangles(13, 14, 4, 0, 14, 0, 4, 0),
	gsSP2Triangles(14, 15, 0, 0, 15, 16, 0, 0),
	gsSP2Triangles(15, 17, 16, 0, 17, 18, 16, 0),
	gsSP2Triangles(17, 19, 18, 0, 19, 20, 18, 0),
	gsSP2Triangles(19, 21, 20, 0, 21, 22, 20, 0),
	gsSP2Triangles(21, 23, 22, 0, 23, 24, 22, 0),
	gsSP2Triangles(23, 25, 24, 0, 25, 26, 24, 0),
	gsSP2Triangles(25, 27, 26, 0, 27, 28, 26, 0),
	gsSP2Triangles(27, 29, 28, 0, 29, 30, 28, 0),
	gsSP1Triangle(29, 31, 30, 0),
	gsSPVertex(ccm_dl_VISUAL_mesh_layer_1_vtx_1 + 702, 32, 0),
	gsSP2Triangles(0, 1, 2, 0, 0, 3, 1, 0),
	gsSP2Triangles(3, 4, 1, 0, 3, 5, 4, 0),
	gsSP2Triangles(5, 6, 4, 0, 5, 7, 6, 0),
	gsSP2Triangles(7, 8, 6, 0, 7, 9, 8, 0),
	gsSP2Triangles(9, 10, 8, 0, 9, 11, 10, 0),
	gsSP2Triangles(11, 12, 10, 0, 11, 13, 12, 0),
	gsSP2Triangles(13, 14, 12, 0, 13, 15, 14, 0),
	gsSP2Triangles(15, 16, 14, 0, 15, 17, 16, 0),
	gsSP2Triangles(18, 16, 17, 0, 18, 19, 16, 0),
	gsSP2Triangles(20, 19, 18, 0, 20, 21, 19, 0),
	gsSP2Triangles(21, 20, 22, 0, 21, 22, 23, 0),
	gsSP2Triangles(22, 24, 23, 0, 22, 25, 24, 0),
	gsSP2Triangles(26, 24, 25, 0, 25, 27, 26, 0),
	gsSP2Triangles(25, 28, 27, 0, 27, 28, 29, 0),
	gsSP2Triangles(28, 30, 29, 0, 28, 31, 30, 0),
	gsSPVertex(ccm_dl_VISUAL_mesh_layer_1_vtx_1 + 734, 32, 0),
	gsSP2Triangles(0, 1, 2, 0, 0, 3, 1, 0),
	gsSP2Triangles(3, 4, 1, 0, 3, 5, 4, 0),
	gsSP2Triangles(6, 4, 5, 0, 6, 5, 7, 0),
	gsSP2Triangles(6, 7, 8, 0, 6, 8, 9, 0),
	gsSP2Triangles(8, 10, 9, 0, 8, 11, 10, 0),
	gsSP2Triangles(11, 12, 10, 0, 11, 13, 12, 0),
	gsSP2Triangles(13, 14, 12, 0, 13, 15, 14, 0),
	gsSP2Triangles(15, 16, 14, 0, 15, 17, 16, 0),
	gsSP2Triangles(17, 18, 16, 0, 17, 19, 18, 0),
	gsSP2Triangles(19, 20, 18, 0, 19, 21, 20, 0),
	gsSP2Triangles(21, 22, 20, 0, 21, 23, 22, 0),
	gsSP2Triangles(23, 24, 22, 0, 23, 25, 24, 0),
	gsSP2Triangles(25, 26, 24, 0, 25, 27, 26, 0),
	gsSP2Triangles(27, 28, 26, 0, 27, 29, 28, 0),
	gsSP2Triangles(29, 30, 28, 0, 28, 30, 31, 0),
	gsSPVertex(ccm_dl_VISUAL_mesh_layer_1_vtx_1 + 766, 32, 0),
	gsSP2Triangles(0, 1, 2, 0, 2, 1, 3, 0),
	gsSP2Triangles(3, 4, 2, 0, 4, 5, 2, 0),
	gsSP2Triangles(5, 6, 2, 0, 5, 7, 6, 0),
	gsSP2Triangles(7, 8, 6, 0, 7, 9, 8, 0),
	gsSP2Triangles(9, 10, 8, 0, 9, 11, 10, 0),
	gsSP2Triangles(11, 12, 10, 0, 11, 13, 12, 0),
	gsSP2Triangles(13, 14, 12, 0, 13, 15, 14, 0),
	gsSP2Triangles(15, 16, 14, 0, 15, 17, 16, 0),
	gsSP2Triangles(17, 18, 16, 0, 17, 19, 18, 0),
	gsSP2Triangles(19, 20, 18, 0, 19, 21, 20, 0),
	gsSP2Triangles(21, 22, 20, 0, 21, 23, 22, 0),
	gsSP2Triangles(23, 24, 22, 0, 23, 25, 24, 0),
	gsSP2Triangles(26, 24, 25, 0, 26, 27, 24, 0),
	gsSP2Triangles(26, 28, 27, 0, 26, 29, 28, 0),
	gsSP2Triangles(29, 30, 28, 0, 29, 31, 30, 0),
	gsSPVertex(ccm_dl_VISUAL_mesh_layer_1_vtx_1 + 798, 32, 0),
	gsSP2Triangles(0, 1, 2, 0, 0, 3, 1, 0),
	gsSP2Triangles(3, 4, 1, 0, 4, 2, 1, 0),
	gsSP2Triangles(4, 5, 2, 0, 5, 6, 2, 0),
	gsSP2Triangles(5, 7, 6, 0, 6, 7, 8, 0),
	gsSP2Triangles(8, 9, 6, 0, 8, 10, 9, 0),
	gsSP2Triangles(11, 9, 10, 0, 11, 10, 12, 0),
	gsSP2Triangles(12, 13, 11, 0, 12, 14, 13, 0),
	gsSP2Triangles(14, 15, 13, 0, 14, 16, 15, 0),
	gsSP2Triangles(16, 17, 15, 0, 16, 18, 17, 0),
	gsSP2Triangles(18, 19, 17, 0, 18, 20, 19, 0),
	gsSP2Triangles(20, 21, 19, 0, 20, 22, 21, 0),
	gsSP2Triangles(22, 23, 21, 0, 22, 24, 23, 0),
	gsSP2Triangles(24, 25, 23, 0, 24, 26, 25, 0),
	gsSP2Triangles(26, 27, 25, 0, 26, 28, 27, 0),
	gsSP2Triangles(28, 29, 27, 0, 28, 30, 29, 0),
	gsSP1Triangle(30, 31, 29, 0),
	gsSPVertex(ccm_dl_VISUAL_mesh_layer_1_vtx_1 + 830, 32, 0),
	gsSP2Triangles(0, 1, 2, 0, 3, 4, 5, 0),
	gsSP2Triangles(3, 6, 4, 0, 3, 7, 6, 0),
	gsSP2Triangles(7, 8, 6, 0, 7, 9, 8, 0),
	gsSP2Triangles(8, 9, 10, 0, 8, 10, 11, 0),
	gsSP2Triangles(10, 12, 11, 0, 10, 13, 12, 0),
	gsSP2Triangles(13, 14, 12, 0, 13, 15, 14, 0),
	gsSP2Triangles(16, 14, 15, 0, 16, 17, 14, 0),
	gsSP2Triangles(16, 18, 17, 0, 16, 19, 18, 0),
	gsSP2Triangles(20, 18, 19, 0, 20, 21, 18, 0),
	gsSP2Triangles(20, 22, 21, 0, 20, 23, 22, 0),
	gsSP2Triangles(23, 24, 22, 0, 23, 25, 24, 0),
	gsSP2Triangles(25, 26, 24, 0, 25, 27, 26, 0),
	gsSP2Triangles(27, 28, 26, 0, 27, 29, 28, 0),
	gsSP2Triangles(30, 26, 28, 0, 30, 31, 26, 0),
	gsSP1Triangle(31, 24, 26, 0),
	gsSPVertex(ccm_dl_VISUAL_mesh_layer_1_vtx_1 + 862, 30, 0),
	gsSP2Triangles(0, 1, 2, 0, 1, 3, 2, 0),
	gsSP2Triangles(1, 4, 3, 0, 4, 5, 3, 0),
	gsSP2Triangles(4, 6, 5, 0, 5, 6, 7, 0),
	gsSP2Triangles(5, 7, 8, 0, 9, 8, 7, 0),
	gsSP2Triangles(9, 10, 8, 0, 11, 10, 9, 0),
	gsSP2Triangles(11, 12, 10, 0, 13, 14, 15, 0),
	gsSP2Triangles(16, 17, 18, 0, 18, 19, 16, 0),
	gsSP2Triangles(18, 20, 19, 0, 20, 18, 21, 0),
	gsSP2Triangles(21, 22, 20, 0, 21, 23, 22, 0),
	gsSP2Triangles(24, 22, 23, 0, 24, 23, 25, 0),
	gsSP2Triangles(25, 26, 24, 0, 25, 27, 26, 0),
	gsSP2Triangles(27, 28, 26, 0, 27, 29, 28, 0),
	gsSPVertex(ccm_dl_VISUAL_mesh_layer_1_vtx_1 + 892, 32, 0),
	gsSP2Triangles(0, 1, 2, 0, 0, 3, 1, 0),
	gsSP2Triangles(4, 3, 0, 0, 5, 4, 0, 0),
	gsSP2Triangles(5, 0, 6, 0, 4, 7, 3, 0),
	gsSP2Triangles(8, 9, 10, 0, 8, 11, 9, 0),
	gsSP2Triangles(12, 11, 8, 0, 13, 12, 8, 0),
	gsSP2Triangles(13, 8, 14, 0, 12, 15, 11, 0),
	gsSP2Triangles(3, 16, 17, 0, 3, 17, 1, 0),
	gsSP2Triangles(18, 19, 20, 0, 18, 20, 21, 0),
	gsSP2Triangles(22, 21, 20, 0, 22, 23, 21, 0),
	gsSP2Triangles(24, 21, 23, 0, 24, 18, 21, 0),
	gsSP2Triangles(24, 25, 18, 0, 26, 27, 28, 0),
	gsSP2Triangles(28, 27, 29, 0, 28, 29, 30, 0),
	gsSP1Triangle(30, 29, 31, 0),
	gsSPVertex(ccm_dl_VISUAL_mesh_layer_1_vtx_1 + 924, 32, 0),
	gsSP2Triangles(0, 1, 2, 0, 0, 2, 3, 0),
	gsSP2Triangles(4, 5, 6, 0, 4, 7, 5, 0),
	gsSP2Triangles(7, 8, 5, 0, 7, 9, 8, 0),
	gsSP2Triangles(9, 10, 8, 0, 9, 11, 10, 0),
	gsSP2Triangles(11, 12, 10, 0, 11, 13, 12, 0),
	gsSP2Triangles(13, 14, 12, 0, 13, 15, 14, 0),
	gsSP2Triangles(15, 16, 14, 0, 15, 17, 16, 0),
	gsSP2Triangles(17, 18, 16, 0, 17, 19, 18, 0),
	gsSP2Triangles(20, 18, 19, 0, 20, 19, 21, 0),
	gsSP2Triangles(22, 23, 24, 0, 22, 24, 25, 0),
	gsSP2Triangles(24, 26, 25, 0, 24, 27, 26, 0),
	gsSP2Triangles(27, 28, 26, 0, 27, 29, 28, 0),
	gsSP2Triangles(29, 30, 28, 0, 29, 31, 30, 0),
	gsSPVertex(ccm_dl_VISUAL_mesh_layer_1_vtx_1 + 956, 32, 0),
	gsSP2Triangles(0, 1, 2, 0, 0, 3, 1, 0),
	gsSP2Triangles(3, 4, 1, 0, 3, 5, 4, 0),
	gsSP2Triangles(5, 6, 4, 0, 5, 7, 6, 0),
	gsSP2Triangles(7, 8, 6, 0, 7, 9, 8, 0),
	gsSP2Triangles(9, 10, 8, 0, 9, 11, 10, 0),
	gsSP2Triangles(11, 12, 10, 0, 11, 13, 12, 0),
	gsSP2Triangles(13, 14, 12, 0, 13, 15, 14, 0),
	gsSP2Triangles(15, 16, 14, 0, 15, 17, 16, 0),
	gsSP2Triangles(17, 18, 16, 0, 17, 19, 18, 0),
	gsSP2Triangles(19, 20, 18, 0, 19, 21, 20, 0),
	gsSP2Triangles(22, 20, 21, 0, 22, 23, 20, 0),
	gsSP2Triangles(22, 24, 23, 0, 22, 25, 24, 0),
	gsSP2Triangles(25, 26, 24, 0, 25, 27, 26, 0),
	gsSP2Triangles(28, 26, 27, 0, 28, 29, 26, 0),
	gsSP2Triangles(28, 30, 29, 0, 28, 31, 30, 0),
	gsSPVertex(ccm_dl_VISUAL_mesh_layer_1_vtx_1 + 988, 32, 0),
	gsSP2Triangles(0, 1, 2, 0, 0, 3, 1, 0),
	gsSP2Triangles(3, 4, 1, 0, 3, 5, 4, 0),
	gsSP2Triangles(5, 6, 4, 0, 5, 7, 6, 0),
	gsSP2Triangles(7, 8, 6, 0, 7, 9, 8, 0),
	gsSP2Triangles(9, 10, 8, 0, 11, 8, 10, 0),
	gsSP2Triangles(12, 11, 10, 0, 12, 10, 13, 0),
	gsSP2Triangles(14, 12, 13, 0, 14, 13, 15, 0),
	gsSP2Triangles(16, 14, 15, 0, 16, 15, 17, 0),
	gsSP2Triangles(18, 16, 17, 0, 18, 17, 19, 0),
	gsSP2Triangles(20, 18, 19, 0, 20, 19, 21, 0),
	gsSP2Triangles(22, 20, 21, 0, 22, 21, 23, 0),
	gsSP2Triangles(24, 22, 23, 0, 24, 23, 25, 0),
	gsSP2Triangles(26, 24, 25, 0, 26, 25, 27, 0),
	gsSP2Triangles(28, 26, 27, 0, 28, 27, 29, 0),
	gsSP2Triangles(30, 28, 29, 0, 30, 29, 31, 0),
	gsSPVertex(ccm_dl_VISUAL_mesh_layer_1_vtx_1 + 1020, 32, 0),
	gsSP2Triangles(0, 1, 2, 0, 0, 2, 3, 0),
	gsSP2Triangles(4, 0, 3, 0, 4, 3, 5, 0),
	gsSP2Triangles(6, 4, 5, 0, 6, 5, 7, 0),
	gsSP2Triangles(8, 6, 7, 0, 8, 7, 9, 0),
	gsSP2Triangles(10, 8, 9, 0, 10, 9, 11, 0),
	gsSP2Triangles(12, 10, 11, 0, 12, 11, 13, 0),
	gsSP2Triangles(14, 12, 13, 0, 14, 13, 15, 0),
	gsSP2Triangles(15, 16, 14, 0, 15, 17, 16, 0),
	gsSP2Triangles(18, 16, 17, 0, 18, 17, 19, 0),
	gsSP2Triangles(19, 17, 20, 0, 19, 20, 21, 0),
	gsSP2Triangles(22, 19, 21, 0, 22, 21, 23, 0),
	gsSP2Triangles(24, 22, 23, 0, 24, 23, 25, 0),
	gsSP2Triangles(26, 24, 25, 0, 26, 25, 27, 0),
	gsSP2Triangles(25, 28, 27, 0, 25, 29, 28, 0),
	gsSP2Triangles(30, 28, 29, 0, 30, 29, 31, 0),
	gsSPVertex(ccm_dl_VISUAL_mesh_layer_1_vtx_1 + 1052, 32, 0),
	gsSP2Triangles(0, 1, 2, 0, 0, 2, 3, 0),
	gsSP2Triangles(4, 0, 3, 0, 4, 3, 5, 0),
	gsSP2Triangles(6, 4, 5, 0, 6, 5, 7, 0),
	gsSP2Triangles(8, 6, 7, 0, 8, 7, 9, 0),
	gsSP2Triangles(10, 8, 9, 0, 11, 8, 10, 0),
	gsSP2Triangles(12, 11, 10, 0, 12, 10, 13, 0),
	gsSP2Triangles(14, 12, 13, 0, 14, 13, 15, 0),
	gsSP2Triangles(16, 14, 15, 0, 16, 15, 17, 0),
	gsSP2Triangles(18, 16, 17, 0, 18, 17, 19, 0),
	gsSP2Triangles(20, 18, 19, 0, 20, 19, 21, 0),
	gsSP2Triangles(22, 20, 21, 0, 22, 21, 23, 0),
	gsSP2Triangles(24, 22, 23, 0, 24, 23, 25, 0),
	gsSP2Triangles(26, 24, 25, 0, 26, 25, 27, 0),
	gsSP2Triangles(28, 26, 27, 0, 28, 27, 29, 0),
	gsSP2Triangles(30, 28, 29, 0, 30, 29, 31, 0),
	gsSPVertex(ccm_dl_VISUAL_mesh_layer_1_vtx_1 + 1084, 32, 0),
	gsSP2Triangles(0, 1, 2, 0, 0, 2, 3, 0),
	gsSP2Triangles(4, 0, 3, 0, 4, 3, 5, 0),
	gsSP2Triangles(6, 4, 5, 0, 6, 5, 7, 0),
	gsSP2Triangles(8, 6, 7, 0, 8, 7, 9, 0),
	gsSP2Triangles(10, 8, 9, 0, 10, 9, 11, 0),
	gsSP2Triangles(12, 10, 11, 0, 12, 11, 13, 0),
	gsSP2Triangles(14, 12, 13, 0, 14, 13, 15, 0),
	gsSP2Triangles(15, 16, 14, 0, 15, 17, 16, 0),
	gsSP2Triangles(18, 16, 17, 0, 18, 19, 16, 0),
	gsSP2Triangles(19, 18, 20, 0, 19, 20, 21, 0),
	gsSP2Triangles(22, 21, 20, 0, 22, 20, 23, 0),
	gsSP2Triangles(24, 22, 23, 0, 24, 23, 25, 0),
	gsSP2Triangles(26, 24, 25, 0, 26, 25, 27, 0),
	gsSP2Triangles(28, 26, 27, 0, 28, 27, 29, 0),
	gsSP2Triangles(29, 30, 28, 0, 29, 31, 30, 0),
	gsSPVertex(ccm_dl_VISUAL_mesh_layer_1_vtx_1 + 1116, 17, 0),
	gsSP2Triangles(0, 1, 2, 0, 0, 2, 3, 0),
	gsSP2Triangles(4, 0, 3, 0, 4, 3, 5, 0),
	gsSP2Triangles(6, 4, 5, 0, 6, 5, 7, 0),
	gsSP2Triangles(8, 6, 7, 0, 8, 7, 9, 0),
	gsSP2Triangles(10, 8, 9, 0, 10, 9, 11, 0),
	gsSP2Triangles(12, 10, 11, 0, 13, 14, 15, 0),
	gsSP1Triangle(13, 15, 16, 0),
	gsSPEndDisplayList(),
};

Vtx ccm_dl_VISUAL_mesh_layer_1_vtx_2[32] = {
	{{ {0, -85, -328}, 0, {4362, 6245}, {75, 99, 0, 255} }},
	{{ {0, -85, -450}, 0, {4362, 5914}, {14, 143, 0, 255} }},
	{{ {-318, -85, -318}, 0, {3600, 6272}, {14, 143, 0, 255} }},
	{{ {232, -85, -232}, 0, {4918, 6506}, {75, 99, 0, 255} }},
	{{ {146, -85, -146}, 0, {4712, 6740}, {77, 53, 0, 0} }},
	{{ {0, -85, -206}, 0, {4362, 6576}, {77, 53, 0, 0} }},
	{{ {-232, -85, -232}, 0, {3806, 6506}, {70, 129, 0, 255} }},
	{{ {-450, -85, 0}, 0, {3284, 7137}, {14, 143, 0, 255} }},
	{{ {-328, -85, 0}, 0, {3576, 7137}, {75, 99, 0, 255} }},
	{{ {-318, -85, 318}, 0, {3600, 8002}, {14, 143, 0, 255} }},
	{{ {-232, -85, 232}, 0, {3806, 7768}, {75, 101, 0, 255} }},
	{{ {0, -85, 450}, 0, {4362, 8361}, {14, 143, 0, 255} }},
	{{ {0, -85, 328}, 0, {4362, 8030}, {75, 99, 0, 255} }},
	{{ {318, -85, 318}, 0, {5124, 8002}, {14, 143, 0, 255} }},
	{{ {232, -85, 232}, 0, {4918, 7768}, {75, 99, 0, 255} }},
	{{ {450, -85, 0}, 0, {5440, 7137}, {14, 143, 0, 255} }},
	{{ {328, -85, 0}, 0, {5148, 7137}, {75, 99, 0, 255} }},
	{{ {318, -85, -318}, 0, {5124, 6272}, {14, 143, 0, 255} }},
	{{ {206, -85, 0}, 0, {4857, 7137}, {77, 53, 0, 0} }},
	{{ {146, -85, 146}, 0, {4712, 7534}, {77, 53, 0, 0} }},
	{{ {109, -85, 0}, 0, {4623, 7137}, {77, 53, 0, 0} }},
	{{ {77, -85, -77}, 0, {4547, 6928}, {77, 53, 0, 0} }},
	{{ {0, -85, -109}, 0, {4362, 6841}, {77, 53, 0, 0} }},
	{{ {0, -85, 109}, 0, {4362, 7434}, {77, 53, 0, 0} }},
	{{ {-109, -85, 0}, 0, {4101, 7137}, {77, 53, 0, 0} }},
	{{ {-77, -85, -77}, 0, {4178, 6928}, {77, 53, 0, 0} }},
	{{ {-146, -85, -146}, 0, {4013, 6740}, {77, 53, 0, 0} }},
	{{ {-206, -85, 0}, 0, {3868, 7137}, {77, 53, 0, 0} }},
	{{ {-146, -85, 146}, 0, {4013, 7534}, {77, 53, 0, 0} }},
	{{ {0, -85, 206}, 0, {4362, 7699}, {77, 53, 0, 0} }},
	{{ {77, -85, 77}, 0, {4547, 7347}, {77, 53, 0, 0} }},
	{{ {-77, -85, 77}, 0, {4178, 7347}, {77, 53, 0, 0} }},
};

Gfx ccm_dl_VISUAL_mesh_layer_1_tri_2[] = {
	gsSPVertex(ccm_dl_VISUAL_mesh_layer_1_vtx_2 + 0, 32, 0),
	gsSP2Triangles(0, 1, 2, 0, 3, 1, 0, 0),
	gsSP2Triangles(4, 3, 0, 0, 4, 0, 5, 0),
	gsSP2Triangles(5, 0, 6, 0, 0, 2, 6, 0),
	gsSP2Triangles(6, 2, 7, 0, 6, 7, 8, 0),
	gsSP2Triangles(8, 7, 9, 0, 8, 9, 10, 0),
	gsSP2Triangles(10, 9, 11, 0, 10, 11, 12, 0),
	gsSP2Triangles(12, 11, 13, 0, 12, 13, 14, 0),
	gsSP2Triangles(14, 13, 15, 0, 14, 15, 16, 0),
	gsSP2Triangles(16, 15, 17, 0, 16, 17, 3, 0),
	gsSP2Triangles(3, 17, 1, 0, 18, 16, 3, 0),
	gsSP2Triangles(19, 16, 18, 0, 20, 19, 18, 0),
	gsSP2Triangles(21, 20, 18, 0, 21, 18, 4, 0),
	gsSP2Triangles(18, 3, 4, 0, 22, 21, 4, 0),
	gsSP2Triangles(20, 21, 22, 0, 23, 20, 22, 0),
	gsSP2Triangles(22, 24, 23, 0, 22, 25, 24, 0),
	gsSP2Triangles(25, 22, 5, 0, 22, 4, 5, 0),
	gsSP2Triangles(25, 5, 26, 0, 5, 6, 26, 0),
	gsSP2Triangles(26, 6, 8, 0, 26, 8, 27, 0),
	gsSP2Triangles(27, 8, 10, 0, 27, 10, 28, 0),
	gsSP2Triangles(28, 10, 12, 0, 28, 12, 29, 0),
	gsSP2Triangles(29, 12, 14, 0, 29, 14, 19, 0),
	gsSP2Triangles(19, 14, 16, 0, 30, 29, 19, 0),
	gsSP2Triangles(30, 23, 29, 0, 23, 30, 20, 0),
	gsSP2Triangles(20, 30, 19, 0, 23, 28, 29, 0),
	gsSP2Triangles(23, 31, 28, 0, 24, 31, 23, 0),
	gsSP2Triangles(31, 24, 27, 0, 24, 26, 27, 0),
	gsSP2Triangles(24, 25, 26, 0, 31, 27, 28, 0),
	gsSPEndDisplayList(),
};

Vtx ccm_dl_VISUAL_mesh_layer_1_vtx_3[441] = {
	{{ {-1127, -313, 456}, 0, {-27023, 60}, {117, 157, 255, 255} }},
	{{ {-933, -563, 923}, 0, {-25072, 1023}, {117, 157, 255, 255} }},
	{{ {-933, -313, 923}, 0, {-25073, 58}, {117, 157, 255, 255} }},
	{{ {2375, -313, -2333}, 0, {29342, -10965}, {117, 157, 255, 255} }},
	{{ {2589, -650, -2333}, 0, {30170, -9662}, {117, 157, 255, 255} }},
	{{ {2589, -313, -2333}, 0, {30170, -10965}, {117, 157, 255, 255} }},
	{{ {2589, -1663, -2333}, 0, {30170, -5753}, {117, 157, 255, 255} }},
	{{ {2603, -888, -1812}, 0, {28156, -8745}, {117, 157, 255, 255} }},
	{{ {-3487, 1837, -2258}, 0, {29160, -12233}, {117, 157, 255, 255} }},
	{{ {-3787, 1837, -2259}, 0, {28228, -11544}, {117, 157, 255, 255} }},
	{{ {-3487, 1615, -2258}, 0, {29670, -11544}, {117, 157, 255, 255} }},
	{{ {-3097, 776, -1283}, 0, {27622, -10965}, {117, 157, 255, 255} }},
	{{ {-3097, 892, -908}, 0, {29073, -11402}, {117, 157, 255, 255} }},
	{{ {-3097, 1037, -908}, 0, {29077, -11963}, {117, 157, 255, 255} }},
	{{ {-1897, 437, -1408}, 0, {28315, -2784}, {117, 157, 255, 255} }},
	{{ {-1897, 337, -1908}, 0, {30243, -2391}, {117, 157, 255, 255} }},
	{{ {-1897, 637, -1408}, 0, {28318, -3555}, {117, 157, 255, 255} }},
	{{ {2222, -813, -297}, 0, {-25089, 1946}, {117, 157, 255, 255} }},
	{{ {1674, -713, -622}, 0, {-27550, 1563}, {117, 157, 255, 255} }},
	{{ {1674, -1663, -622}, 0, {-27545, 5231}, {117, 157, 255, 255} }},
	{{ {4114, -1663, -1352}, 0, {26854, -10965}, {117, 157, 255, 255} }},
	{{ {3750, -1663, -2113}, 0, {30112, -10965}, {117, 157, 255, 255} }},
	{{ {3750, -1513, -2113}, 0, {30112, -11544}, {117, 157, 255, 255} }},
	{{ {1263, -650, -3683}, 0, {30262, -9662}, {117, 157, 255, 255} }},
	{{ {1263, -313, -3683}, 0, {30262, -10965}, {117, 157, 255, 255} }},
	{{ {1595, -313, -3683}, 0, {28982, -10965}, {117, 157, 255, 255} }},
	{{ {2258, -313, -3683}, 0, {26422, -10965}, {117, 157, 255, 255} }},
	{{ {2589, -650, -3683}, 0, {25142, -9662}, {117, 157, 255, 255} }},
	{{ {2589, -313, -3683}, 0, {25142, -10965}, {117, 157, 255, 255} }},
	{{ {1263, -313, -3477}, 0, {29011, -10965}, {117, 157, 255, 255} }},
	{{ {1263, -313, -3683}, 0, {28214, -10965}, {117, 157, 255, 255} }},
	{{ {1263, -650, -3683}, 0, {28214, -9662}, {117, 157, 255, 255} }},
	{{ {1263, -313, -3477}, 0, {29011, -10965}, {117, 157, 255, 255} }},
	{{ {1263, -650, -3683}, 0, {28214, -9662}, {117, 157, 255, 255} }},
	{{ {1263, -1072, -3683}, 0, {28214, -8033}, {117, 157, 255, 255} }},
	{{ {1263, -1213, -3477}, 0, {29011, -7490}, {117, 157, 255, 255} }},
	{{ {1263, -1213, -3683}, 0, {28214, -7490}, {117, 157, 255, 255} }},
	{{ {1595, -1213, -4583}, 0, {27311, -7490}, {117, 157, 255, 255} }},
	{{ {1400, -1213, -4133}, 0, {29204, -7490}, {117, 157, 255, 255} }},
	{{ {1400, -1072, -4133}, 0, {29204, -8033}, {117, 157, 255, 255} }},
	{{ {1595, -1072, -4583}, 0, {27311, -8033}, {117, 157, 255, 255} }},
	{{ {2560, -988, -3773}, 0, {28979, -15933}, {117, 157, 255, 255} }},
	{{ {2441, -988, -4133}, 0, {27515, -15933}, {117, 157, 255, 255} }},
	{{ {2441, -734, -4133}, 0, {27515, -14956}, {117, 157, 255, 255} }},
	{{ {2560, -734, -3773}, 0, {28979, -14956}, {117, 157, 255, 255} }},
	{{ {2441, -988, -4133}, 0, {29563, -15933}, {117, 157, 255, 255} }},
	{{ {1400, -988, -4133}, 0, {25546, -15933}, {117, 157, 255, 255} }},
	{{ {1400, -734, -4133}, 0, {25546, -14956}, {117, 157, 255, 255} }},
	{{ {2441, -734, -4133}, 0, {29563, -14956}, {117, 157, 255, 255} }},
	{{ {1400, -1072, -4133}, 0, {27156, -8033}, {117, 157, 255, 255} }},
	{{ {1400, -1213, -4133}, 0, {27156, -7490}, {117, 157, 255, 255} }},
	{{ {1263, -1213, -3683}, 0, {28972, -7490}, {117, 157, 255, 255} }},
	{{ {1263, -1072, -3683}, 0, {28972, -8033}, {117, 157, 255, 255} }},
	{{ {2589, -1072, -3683}, 0, {27190, -8033}, {117, 157, 255, 255} }},
	{{ {2589, -1663, -3683}, 0, {27190, -5753}, {117, 157, 255, 255} }},
	{{ {2441, -1663, -4133}, 0, {29020, -5753}, {117, 157, 255, 255} }},
	{{ {2441, -1072, -4133}, 0, {29020, -8033}, {117, 157, 255, 255} }},
	{{ {663, -313, -3477}, 0, {29279, -10965}, {117, 157, 255, 255} }},
	{{ {1263, -313, -3477}, 0, {26963, -10965}, {117, 157, 255, 255} }},
	{{ {1263, -1213, -3477}, 0, {26963, -7490}, {117, 157, 255, 255} }},
	{{ {663, -1213, -3477}, 0, {29279, -7490}, {117, 157, 255, 255} }},
	{{ {663, -313, -3683}, 0, {30075, -10965}, {117, 157, 255, 255} }},
	{{ {663, -1213, -3683}, 0, {30075, -7490}, {117, 157, 255, 255} }},
	{{ {2258, -1663, -4583}, 0, {28847, -5753}, {117, 157, 255, 255} }},
	{{ {2258, -1072, -4583}, 0, {28847, -8033}, {117, 157, 255, 255} }},
	{{ {2441, -1072, -4133}, 0, {26972, -8033}, {117, 157, 255, 255} }},
	{{ {2441, -1663, -4133}, 0, {26972, -5753}, {117, 157, 255, 255} }},
	{{ {1868, -1348, -4583}, 0, {28302, -6969}, {117, 157, 255, 255} }},
	{{ {1595, -1213, -4583}, 0, {29359, -7490}, {117, 157, 255, 255} }},
	{{ {1595, -1072, -4583}, 0, {29359, -8033}, {117, 157, 255, 255} }},
	{{ {2258, -1663, -4583}, 0, {26799, -5753}, {117, 157, 255, 255} }},
	{{ {2258, -1072, -4583}, 0, {26799, -8033}, {117, 157, 255, 255} }},
	{{ {2109, -1663, -4583}, 0, {27373, -5753}, {117, 157, 255, 255} }},
	{{ {477, -313, -3683}, 0, {28744, -10965}, {117, 157, 255, 255} }},
	{{ {663, -313, -3683}, 0, {28027, -10965}, {117, 157, 255, 255} }},
	{{ {663, -1213, -3683}, 0, {28027, -7490}, {117, 157, 255, 255} }},
	{{ {477, -1213, -3683}, 0, {28744, -7490}, {117, 157, 255, 255} }},
	{{ {434, -401, -3930}, 0, {29712, -10625}, {117, 157, 255, 255} }},
	{{ {434, -1213, -3930}, 0, {29712, -7490}, {117, 157, 255, 255} }},
	{{ {293, -1213, -4246}, 0, {28998, -7490}, {117, 157, 255, 255} }},
	{{ {293, -487, -4246}, 0, {28998, -10290}, {117, 157, 255, 255} }},
	{{ {434, -401, -3930}, 0, {27664, -10625}, {117, 157, 255, 255} }},
	{{ {434, -1213, -3930}, 0, {27664, -7490}, {117, 157, 255, 255} }},
	{{ {293, -487, -4246}, 0, {26950, -10290}, {117, 157, 255, 255} }},
	{{ {293, -1213, -4246}, 0, {26950, -7490}, {117, 157, 255, 255} }},
	{{ {-51, -1213, -4584}, 0, {28814, -7490}, {117, 157, 255, 255} }},
	{{ {-51, -582, -4584}, 0, {28814, -9926}, {117, 157, 255, 255} }},
	{{ {-502, -1663, -4748}, 0, {30664, -5753}, {117, 157, 255, 0} }},
	{{ {-51, -1663, -4584}, 0, {28814, -5753}, {117, 157, 255, 255} }},
	{{ {164, -1359, -4583}, 0, {27982, -6926}, {117, 157, 255, 255} }},
	{{ {267, -1213, -4583}, 0, {27582, -7490}, {117, 157, 255, 255} }},
	{{ {-502, -688, -4748}, 0, {30663, -9517}, {117, 157, 255, 255} }},
	{{ {-639, -1663, -4749}, 0, {29148, -5753}, {117, 157, 255, 255} }},
	{{ {-502, -688, -4748}, 0, {28615, -9517}, {117, 157, 255, 255} }},
	{{ {-502, -1663, -4748}, 0, {28616, -5753}, {117, 157, 255, 0} }},
	{{ {-639, -1663, -4749}, 0, {29148, -5753}, {117, 157, 255, 255} }},
	{{ {-954, -838, -4751}, 0, {30361, -8938}, {117, 157, 255, 255} }},
	{{ {-502, -688, -4748}, 0, {28615, -9517}, {117, 157, 255, 255} }},
	{{ {-954, -1562, -4751}, 0, {30361, -6141}, {117, 157, 255, 255} }},
	{{ {2589, -763, -2783}, 0, {25763, -9227}, {117, 157, 255, 255} }},
	{{ {2589, -313, -3683}, 0, {29238, -10965}, {117, 157, 255, 255} }},
	{{ {2589, -313, -2333}, 0, {24026, -10965}, {117, 157, 255, 255} }},
	{{ {2589, -763, -3233}, 0, {27501, -9227}, {117, 157, 255, 255} }},
	{{ {2589, -1213, -3233}, 0, {27501, -7490}, {117, 157, 255, 255} }},
	{{ {2589, -650, -3683}, 0, {29238, -9662}, {117, 157, 255, 255} }},
	{{ {2589, -1072, -3683}, 0, {29238, -8033}, {117, 157, 255, 255} }},
	{{ {2589, -1663, -3683}, 0, {29238, -5753}, {117, 157, 255, 255} }},
	{{ {2589, -1213, -2783}, 0, {25763, -7490}, {117, 157, 255, 255} }},
	{{ {2589, -1663, -2496}, 0, {24656, -5753}, {117, 157, 255, 0} }},
	{{ {2589, -1663, -2415}, 0, {24341, -5753}, {117, 157, 255, 60} }},
	{{ {2589, -1663, -2333}, 0, {24026, -5753}, {117, 157, 255, 255} }},
	{{ {2589, -1663, -2333}, 0, {28122, -5753}, {117, 157, 255, 255} }},
	{{ {2589, -1213, -2783}, 0, {29859, -7490}, {117, 157, 255, 255} }},
	{{ {2589, -763, -2783}, 0, {29859, -9227}, {117, 157, 255, 255} }},
	{{ {2589, -650, -2333}, 0, {28122, -9662}, {117, 157, 255, 255} }},
	{{ {2589, -313, -2333}, 0, {28122, -10965}, {117, 157, 255, 255} }},
	{{ {3252, -1463, -6848}, 0, {586, 233}, {117, 157, 255, 255} }},
	{{ {3466, -1463, -6937}, 0, {586, 1783}, {117, 157, 255, 255} }},
	{{ {3466, -1463, -7034}, 0, {-16, 2032}, {117, 157, 255, 255} }},
	{{ {3183, -1463, -6917}, 0, {-16, -16}, {117, 157, 255, 255} }},
	{{ {3183, -1513, -6917}, 0, {-350, -16}, {117, 157, 255, 255} }},
	{{ {3466, -1513, -7034}, 0, {-350, 2032}, {117, 157, 255, 255} }},
	{{ {3164, -1463, -6634}, 0, {586, 1783}, {117, 157, 255, 255} }},
	{{ {3252, -1463, -6848}, 0, {586, 233}, {117, 157, 255, 255} }},
	{{ {3183, -1463, -6917}, 0, {-16, -16}, {117, 157, 255, 255} }},
	{{ {3066, -1463, -6634}, 0, {-16, 2032}, {117, 157, 255, 255} }},
	{{ {3066, -1513, -6634}, 0, {-350, 2032}, {117, 157, 255, 255} }},
	{{ {3183, -1463, -6917}, 0, {-16, -16}, {117, 157, 255, 255} }},
	{{ {3183, -1513, -6917}, 0, {-350, -16}, {117, 157, 255, 255} }},
	{{ {3066, -1513, -6634}, 0, {-350, 2032}, {117, 157, 255, 255} }},
	{{ {3252, -1463, -6420}, 0, {586, 233}, {117, 157, 255, 255} }},
	{{ {3164, -1463, -6634}, 0, {586, 1783}, {117, 157, 255, 255} }},
	{{ {3066, -1463, -6634}, 0, {-16, 2032}, {117, 157, 255, 255} }},
	{{ {3183, -1463, -6352}, 0, {-16, -16}, {117, 157, 255, 255} }},
	{{ {3183, -1513, -6352}, 0, {-350, -16}, {117, 157, 255, 255} }},
	{{ {3066, -1513, -6634}, 0, {-350, 2032}, {117, 157, 255, 255} }},
	{{ {3466, -1463, -6332}, 0, {586, 1783}, {117, 157, 255, 255} }},
	{{ {3252, -1463, -6420}, 0, {586, 233}, {117, 157, 255, 255} }},
	{{ {3183, -1463, -6352}, 0, {-16, -16}, {117, 157, 255, 255} }},
	{{ {3466, -1463, -6234}, 0, {-16, 2032}, {117, 157, 255, 255} }},
	{{ {3466, -1513, -6234}, 0, {-350, 2032}, {117, 157, 255, 255} }},
	{{ {3183, -1513, -6352}, 0, {-350, -16}, {117, 157, 255, 255} }},
	{{ {3680, -1463, -6420}, 0, {586, 233}, {117, 157, 255, 255} }},
	{{ {3466, -1463, -6332}, 0, {586, 1783}, {117, 157, 255, 255} }},
	{{ {3466, -1463, -6234}, 0, {-16, 2032}, {117, 157, 255, 255} }},
	{{ {3749, -1463, -6352}, 0, {-16, -16}, {117, 157, 255, 255} }},
	{{ {3749, -1513, -6352}, 0, {-350, -16}, {117, 157, 255, 255} }},
	{{ {3466, -1513, -6234}, 0, {-350, 2032}, {117, 157, 255, 255} }},
	{{ {3769, -1463, -6634}, 0, {586, 1783}, {117, 157, 255, 255} }},
	{{ {3680, -1463, -6420}, 0, {586, 233}, {117, 157, 255, 255} }},
	{{ {3749, -1463, -6352}, 0, {-16, -16}, {117, 157, 255, 255} }},
	{{ {3866, -1463, -6634}, 0, {-16, 2032}, {117, 157, 255, 255} }},
	{{ {3866, -1513, -6634}, 0, {-350, 2032}, {117, 157, 255, 255} }},
	{{ {3749, -1513, -6352}, 0, {-350, -16}, {117, 157, 255, 255} }},
	{{ {3680, -1463, -6848}, 0, {586, 233}, {117, 157, 255, 255} }},
	{{ {3769, -1463, -6634}, 0, {586, 1783}, {117, 157, 255, 255} }},
	{{ {3866, -1463, -6634}, 0, {-16, 2032}, {117, 157, 255, 255} }},
	{{ {3749, -1463, -6917}, 0, {-16, -16}, {117, 157, 255, 255} }},
	{{ {3749, -1513, -6917}, 0, {-350, -16}, {117, 157, 255, 255} }},
	{{ {3866, -1463, -6634}, 0, {-16, 2032}, {117, 157, 255, 255} }},
	{{ {3866, -1513, -6634}, 0, {-350, 2032}, {117, 157, 255, 255} }},
	{{ {3749, -1513, -6917}, 0, {-350, -16}, {117, 157, 255, 255} }},
	{{ {3466, -1463, -6937}, 0, {586, 1783}, {117, 157, 255, 255} }},
	{{ {3680, -1463, -6848}, 0, {586, 233}, {117, 157, 255, 255} }},
	{{ {3749, -1463, -6917}, 0, {-16, -16}, {117, 157, 255, 255} }},
	{{ {3466, -1463, -7034}, 0, {-16, 2032}, {117, 157, 255, 255} }},
	{{ {3466, -1513, -7034}, 0, {-350, 2032}, {117, 157, 255, 255} }},
	{{ {3749, -1513, -6917}, 0, {-350, -16}, {117, 157, 255, 255} }},
	{{ {3750, -1663, -2529}, 0, {29670, -10965}, {117, 157, 255, 255} }},
	{{ {3750, -1513, -2113}, 0, {28064, -11544}, {117, 157, 255, 255} }},
	{{ {3750, -1663, -2321}, 0, {28867, -10965}, {117, 157, 255, 0} }},
	{{ {3750, -1663, -2113}, 0, {28064, -10965}, {117, 157, 255, 255} }},
	{{ {-1189, -988, -4808}, 0, {29246, -8359}, {117, 157, 255, 255} }},
	{{ {-954, -838, -4751}, 0, {28313, -8938}, {117, 157, 255, 255} }},
	{{ {-954, -1562, -4751}, 0, {28313, -6141}, {117, 157, 255, 255} }},
	{{ {-1189, -1519, -4808}, 0, {29246, -6305}, {117, 157, 255, 255} }},
	{{ {-1252, -1400, -4877}, 0, {29608, -6766}, {117, 157, 255, 255} }},
	{{ {-1252, -1138, -4877}, 0, {29608, -7780}, {117, 157, 255, 255} }},
	{{ {-1285, -1213, -4994}, 0, {30077, -7490}, {117, 157, 255, 255} }},
	{{ {-1285, -1263, -4994}, 0, {30077, -7297}, {117, 157, 255, 255} }},
	{{ {-1262, -1213, -5315}, 0, {29273, -7490}, {117, 157, 255, 255} }},
	{{ {-1285, -1213, -4994}, 0, {28029, -7490}, {117, 157, 255, 255} }},
	{{ {-1285, -1263, -4994}, 0, {28029, -7297}, {117, 157, 255, 255} }},
	{{ {-1262, -1263, -5315}, 0, {29273, -7297}, {117, 157, 255, 255} }},
	{{ {-1221, -1338, -5415}, 0, {29690, -7008}, {117, 157, 255, 255} }},
	{{ {-1221, -1288, -5415}, 0, {29690, -7201}, {117, 157, 255, 255} }},
	{{ {-1122, -1400, -5444}, 0, {30088, -6766}, {117, 157, 255, 255} }},
	{{ {-1122, -1363, -5444}, 0, {30088, -6911}, {117, 157, 255, 255} }},
	{{ {-1122, -1363, -5444}, 0, {28040, -6911}, {117, 157, 255, 255} }},
	{{ {-1122, -1400, -5444}, 0, {28040, -6766}, {117, 157, 255, 255} }},
	{{ {-933, -1541, -5491}, 0, {28794, -6221}, {117, 157, 255, 255} }},
	{{ {-1122, -1363, -5444}, 0, {28040, -6911}, {117, 157, 255, 255} }},
	{{ {-933, -1541, -5491}, 0, {28794, -6221}, {117, 157, 255, 255} }},
	{{ {-933, -1513, -5491}, 0, {28794, -6332}, {117, 157, 255, 255} }},
	{{ {-27, -1663, -5491}, 0, {30243, -5753}, {117, 157, 255, 255} }},
	{{ {-933, -1513, -5491}, 0, {26746, -6332}, {117, 157, 255, 255} }},
	{{ {-933, -1541, -5491}, 0, {26746, -6221}, {117, 157, 255, 255} }},
	{{ {-502, -1663, -5491}, 0, {28410, -5753}, {117, 157, 255, 0} }},
	{{ {-661, -1663, -5491}, 0, {27795, -5753}, {117, 157, 255, 255} }},
	{{ {-3487, 1837, -3858}, 0, {27742, -14910}, {117, 157, 255, 255} }},
	{{ {-3487, 815, -3858}, 0, {27713, -10965}, {117, 157, 255, 255} }},
	{{ {-3810, 1514, -3858}, 0, {28983, -13651}, {117, 157, 255, 255} }},
	{{ {-4134, 1837, -3858}, 0, {30243, -14892}, {117, 157, 255, 255} }},
	{{ {-3487, 1837, -2258}, 0, {29757, -14956}, {117, 157, 255, 255} }},
	{{ {-3487, 1615, -2258}, 0, {29751, -14098}, {117, 157, 255, 255} }},
	{{ {-3487, 1837, -2408}, 0, {30337, -14952}, {117, 157, 255, 255} }},
	{{ {-3487, 815, -2408}, 0, {30307, -11006}, {117, 157, 255, 255} }},
	{{ {-3487, 975, -2258}, 0, {29733, -11628}, {117, 157, 255, 255} }},
	{{ {-3556, 1554, -1903}, 0, {28351, -13873}, {117, 157, 255, 255} }},
	{{ {-3556, 1084, -1903}, 0, {28338, -12058}, {117, 157, 255, 255} }},
	{{ {-3556, 1554, -1903}, 0, {30399, -13873}, {117, 157, 255, 255} }},
	{{ {-3788, 1174, -1672}, 0, {29124, -12413}, {117, 157, 255, 255} }},
	{{ {-3556, 1084, -1903}, 0, {30386, -12058}, {117, 157, 255, 255} }},
	{{ {-3788, 1587, -1672}, 0, {29136, -14010}, {117, 157, 255, 255} }},
	{{ {-3789, 1287, -1303}, 0, {27705, -12863}, {117, 157, 255, 255} }},
	{{ {-3789, 1203, -1303}, 0, {27703, -12536}, {117, 157, 255, 255} }},
	{{ {-3789, 1053, -935}, 0, {26276, -11970}, {117, 157, 255, 255} }},
	{{ {-3789, 1187, -935}, 0, {30376, -12487}, {117, 157, 255, 255} }},
	{{ {-3789, 1043, -636}, 0, {29217, -11936}, {117, 157, 255, 255} }},
	{{ {-3789, 1053, -935}, 0, {30372, -11970}, {117, 157, 255, 255} }},
	{{ {-3789, 1187, -636}, 0, {29222, -12496}, {117, 157, 255, 255} }},
	{{ {-3779, 1084, -461}, 0, {28544, -12101}, {117, 157, 255, 255} }},
	{{ {-3779, 1187, -461}, 0, {28547, -12501}, {117, 157, 255, 255} }},
	{{ {-3779, 1187, -461}, 0, {30595, -12501}, {117, 157, 255, 255} }},
	{{ {-3700, 1141, -289}, 0, {29860, -12328}, {117, 157, 255, 255} }},
	{{ {-3779, 1084, -461}, 0, {30592, -12101}, {117, 157, 255, 255} }},
	{{ {-3700, 1187, -289}, 0, {29862, -12506}, {117, 157, 255, 255} }},
	{{ {-3568, 1169, -199}, 0, {29244, -12439}, {117, 157, 255, 255} }},
	{{ {-3568, 1187, -199}, 0, {29244, -12511}, {117, 157, 255, 255} }},
	{{ {-3303, 1141, -201}, 0, {28219, -12340}, {117, 157, 255, 255} }},
	{{ {-3303, 1187, -201}, 0, {28220, -12518}, {117, 157, 255, 255} }},
	{{ {-3303, 1187, -201}, 0, {30268, -12518}, {117, 157, 255, 255} }},
	{{ {-3151, 1084, -234}, 0, {29663, -12123}, {117, 157, 255, 255} }},
	{{ {-3303, 1141, -201}, 0, {30267, -12340}, {117, 157, 255, 255} }},
	{{ {-3151, 1187, -234}, 0, {29666, -12523}, {117, 157, 255, 255} }},
	{{ {-3097, 1043, -408}, 0, {28960, -11968}, {117, 157, 255, 255} }},
	{{ {-3097, 1187, -408}, 0, {28964, -12528}, {117, 157, 255, 255} }},
	{{ {-3097, 1037, -908}, 0, {27029, -11963}, {117, 157, 255, 255} }},
	{{ {-3097, 892, -908}, 0, {27025, -11402}, {117, 157, 255, 255} }},
	{{ {-3789, 1287, -1303}, 0, {29753, -12863}, {117, 157, 255, 255} }},
	{{ {-3789, 1187, -935}, 0, {28328, -12487}, {117, 157, 255, 255} }},
	{{ {-3789, 1053, -935}, 0, {28324, -11970}, {117, 157, 255, 255} }},
	{{ {-3789, 1203, -1303}, 0, {29751, -12536}, {117, 157, 255, 255} }},
	{{ {-3487, 1477, -2951}, 0, {26277, -13546}, {117, 157, 255, 255} }},
	{{ {-3487, 1837, -3858}, 0, {29790, -14910}, {117, 157, 255, 255} }},
	{{ {-3487, 1837, -2408}, 0, {24193, -14952}, {117, 157, 255, 255} }},
	{{ {-3487, 1477, -3316}, 0, {27686, -13536}, {117, 157, 255, 255} }},
	{{ {-3487, 815, -3858}, 0, {29761, -10965}, {117, 157, 255, 255} }},
	{{ {-3487, 1175, -3316}, 0, {27677, -12370}, {117, 157, 255, 255} }},
	{{ {-3487, 815, -2408}, 0, {24163, -11006}, {117, 157, 255, 255} }},
	{{ {-3487, 1175, -2951}, 0, {26268, -12380}, {117, 157, 255, 255} }},
	{{ {-3487, 1175, -2951}, 0, {30364, -12380}, {117, 157, 255, 255} }},
	{{ {-3487, 1477, -2951}, 0, {30373, -13546}, {117, 157, 255, 255} }},
	{{ {-3487, 1837, -2408}, 0, {28289, -14952}, {117, 157, 255, 255} }},
	{{ {-3487, 815, -2408}, 0, {28259, -11006}, {117, 157, 255, 255} }},
	{{ {3866, -1663, -6634}, 0, {-8288, 5180}, {117, 157, 255, 255} }},
	{{ {3749, -1613, -6917}, 0, {-7106, 4986}, {117, 157, 255, 255} }},
	{{ {3866, -1613, -6634}, 0, {-8288, 4987}, {117, 157, 255, 255} }},
	{{ {3749, -1663, -6917}, 0, {-7106, 5179}, {117, 157, 255, 255} }},
	{{ {3866, -2813, -6634}, 0, {-8283, 9621}, {117, 157, 255, 255} }},
	{{ {3749, -2813, -6917}, 0, {-7101, 9619}, {117, 157, 255, 255} }},
	{{ {3466, -1663, -7034}, 0, {-5924, 5177}, {117, 157, 255, 255} }},
	{{ {3466, -2813, -7034}, 0, {-5919, 9618}, {117, 157, 255, 255} }},
	{{ {3183, -1663, -6917}, 0, {-4742, 5176}, {117, 157, 255, 255} }},
	{{ {3183, -1613, -6917}, 0, {-4742, 4983}, {117, 157, 255, 255} }},
	{{ {3125, -1663, -6776}, 0, {-4151, 5175}, {117, 157, 255, 13} }},
	{{ {3066, -1613, -6634}, 0, {-3560, 4982}, {117, 157, 255, 255} }},
	{{ {3066, -1663, -6634}, 0, {-3560, 5175}, {117, 157, 255, 255} }},
	{{ {3183, -1613, -6352}, 0, {-2378, 4980}, {117, 157, 255, 255} }},
	{{ {3183, -1663, -6352}, 0, {-2377, 5173}, {117, 157, 255, 255} }},
	{{ {3466, -1613, -6234}, 0, {-1196, 4979}, {117, 157, 255, 255} }},
	{{ {3466, -1663, -6234}, 0, {-1195, 5172}, {117, 157, 255, 255} }},
	{{ {3749, -1613, -6352}, 0, {-13, 4977}, {117, 157, 255, 255} }},
	{{ {3749, -1663, -6352}, 0, {-13, 5171}, {117, 157, 255, 255} }},
	{{ {3808, -1663, -6493}, 0, {578, 5170}, {117, 157, 255, 0} }},
	{{ {3866, -1613, -6634}, 0, {1169, 4976}, {117, 157, 255, 255} }},
	{{ {3866, -1663, -6634}, 0, {1169, 5169}, {117, 157, 255, 255} }},
	{{ {3466, -1613, -7034}, 0, {-5924, 4984}, {117, 157, 255, 255} }},
	{{ {483, -313, -1181}, 0, {-25937, 38}, {117, 157, 255, 255} }},
	{{ {933, -313, -944}, 0, {-27903, 40}, {117, 157, 255, 255} }},
	{{ {933, -2813, -944}, 0, {-27891, 9693}, {117, 157, 255, 255} }},
	{{ {483, -2813, -1181}, 0, {-25925, 9691}, {117, 157, 255, 255} }},
	{{ {933, -313, -944}, 0, {-23807, 40}, {117, 157, 255, 255} }},
	{{ {1320, -313, -10}, 0, {-27707, 44}, {117, 157, 255, 255} }},
	{{ {1320, -2813, -10}, 0, {-27696, 9698}, {117, 157, 255, 255} }},
	{{ {933, -2813, -944}, 0, {-23795, 9693}, {117, 157, 255, 255} }},
	{{ {0, -313, 1310}, 0, {-23220, 54}, {117, 157, 255, 255} }},
	{{ {-933, -313, 923}, 0, {-27121, 58}, {117, 157, 255, 255} }},
	{{ {-933, -563, 923}, 0, {-27120, 1023}, {117, 157, 255, 255} }},
	{{ {0, -813, 1310}, 0, {-23218, 1984}, {117, 157, 255, 255} }},
	{{ {933, -313, 923}, 0, {-23416, 49}, {117, 157, 255, 255} }},
	{{ {0, -313, 1310}, 0, {-27316, 54}, {117, 157, 255, 255} }},
	{{ {0, -813, 1310}, 0, {-27314, 1984}, {117, 157, 255, 255} }},
	{{ {933, -2813, 923}, 0, {-23404, 9702}, {117, 157, 255, 255} }},
	{{ {1320, -313, -10}, 0, {-23611, 44}, {117, 157, 255, 255} }},
	{{ {933, -313, 923}, 0, {-27512, 49}, {117, 157, 255, 255} }},
	{{ {933, -2813, 923}, 0, {-27500, 9702}, {117, 157, 255, 255} }},
	{{ {1320, -2813, -10}, 0, {-23600, 9698}, {117, 157, 255, 255} }},
	{{ {-1897, 437, -1408}, 0, {30363, -2784}, {117, 157, 255, 255} }},
	{{ {-1897, 637, -1408}, 0, {30366, -3555}, {117, 157, 255, 255} }},
	{{ {-1897, 1037, -908}, 0, {28442, -5105}, {117, 157, 255, 255} }},
	{{ {-1897, 637, -908}, 0, {28437, -3562}, {117, 157, 255, 255} }},
	{{ {-1897, 787, -408}, 0, {28558, -4147}, {117, 157, 255, 255} }},
	{{ {-1897, 637, -908}, 0, {30485, -3562}, {117, 157, 255, 255} }},
	{{ {-1897, 1037, -908}, 0, {30490, -5105}, {117, 157, 255, 255} }},
	{{ {-1897, 1187, -408}, 0, {28563, -5690}, {117, 157, 255, 255} }},
	{{ {-2017, 787, 49}, 0, {28783, -4153}, {117, 157, 255, 255} }},
	{{ {-1897, 787, -408}, 0, {30606, -4147}, {117, 157, 255, 255} }},
	{{ {-1897, 1187, -408}, 0, {30611, -5690}, {117, 157, 255, 255} }},
	{{ {-2017, 1187, 49}, 0, {28788, -5696}, {117, 157, 255, 255} }},
	{{ {-2412, 487, 572}, 0, {26251, -3004}, {117, 157, 255, 255} }},
	{{ {-2412, 1187, 572}, 0, {26260, -5705}, {117, 157, 255, 255} }},
	{{ {-2871, 287, 802}, 0, {28363, -2239}, {117, 157, 255, 255} }},
	{{ {-2412, 487, 572}, 0, {30347, -3004}, {117, 157, 255, 255} }},
	{{ {-2412, 1187, 572}, 0, {30356, -5705}, {117, 157, 255, 255} }},
	{{ {-2871, 1187, 802}, 0, {28375, -5711}, {117, 157, 255, 255} }},
	{{ {-3578, 287, 831}, 0, {27680, -2249}, {117, 157, 255, 255} }},
	{{ {-2871, 287, 802}, 0, {30411, -2239}, {117, 157, 255, 255} }},
	{{ {-2871, 1187, 802}, 0, {30423, -5711}, {117, 157, 255, 255} }},
	{{ {-3578, 1187, 831}, 0, {27692, -5720}, {117, 157, 255, 255} }},
	{{ {-4686, -2813, 234}, 0, {26726, 9693}, {117, 157, 255, 255} }},
	{{ {-4272, 1187, 639}, 0, {29011, -5730}, {117, 157, 255, 255} }},
	{{ {-4686, 1187, 234}, 0, {26778, -5737}, {117, 157, 255, 255} }},
	{{ {-4272, -2813, 639}, 0, {28960, 9701}, {117, 157, 255, 255} }},
	{{ {-4840, 1187, -297}, 0, {28743, -5744}, {117, 157, 255, 255} }},
	{{ {-4884, 1187, -935}, 0, {26276, -5753}, {117, 157, 255, 255} }},
	{{ {-4884, -2813, -935}, 0, {26224, 9678}, {117, 157, 255, 255} }},
	{{ {-4840, -2813, -297}, 0, {28691, 9686}, {117, 157, 255, 255} }},
	{{ {-4840, 1187, -297}, 0, {26695, -5744}, {117, 157, 255, 255} }},
	{{ {-4686, -2813, 234}, 0, {28774, 9693}, {117, 157, 255, 255} }},
	{{ {-4686, 1187, 234}, 0, {28826, -5737}, {117, 157, 255, 255} }},
	{{ {-4840, -2813, -297}, 0, {26643, 9686}, {117, 157, 255, 255} }},
	{{ {-1609, -842, -4099}, 0, {12686, 1992}, {117, 157, 255, 255} }},
	{{ {-1504, -888, -4020}, 0, {12178, 2167}, {117, 157, 255, 255} }},
	{{ {-1925, -1038, -4337}, 0, {14212, 2743}, {117, 157, 255, 255} }},
	{{ {-1749, -657, -4205}, 0, {13362, 1275}, {117, 157, 255, 255} }},
	{{ {-1842, -422, -4275}, 0, {13808, 367}, {117, 157, 255, 255} }},
	{{ {-1925, -309, -4337}, 0, {14208, -71}, {117, 157, 255, 255} }},
	{{ {-2170, -378, -4790}, 0, {16196, 194}, {117, 157, 255, 255} }},
	{{ {-2170, -1113, -4790}, 0, {16200, 3029}, {117, 157, 255, 255} }},
	{{ {-2133, -1113, -5392}, 0, {18528, 3026}, {117, 157, 255, 255} }},
	{{ {-2133, -378, -5392}, 0, {18524, 190}, {117, 157, 255, 255} }},
	{{ {-1927, -378, -5846}, 0, {20450, 187}, {117, 157, 255, 255} }},
	{{ {-1927, -1188, -5846}, 0, {20454, 3312}, {117, 157, 255, 255} }},
	{{ {-2630, -1188, -6299}, 0, {23686, 3307}, {117, 157, 255, 255} }},
	{{ {-1927, -1288, -5846}, 0, {20455, 3698}, {117, 157, 255, 255} }},
	{{ {-2630, -2813, -6299}, 0, {23696, 9583}, {117, 157, 255, 255} }},
	{{ {-1927, -2813, -5846}, 0, {20463, 9587}, {117, 157, 255, 255} }},
	{{ {-1534, -2813, -6159}, 0, {18523, 9589}, {117, 157, 255, 255} }},
	{{ {-1927, -2813, -5846}, 0, {20463, 9587}, {117, 157, 255, 255} }},
	{{ {-1927, -1288, -5846}, 0, {20455, 3698}, {117, 157, 255, 255} }},
	{{ {-1534, -1363, -6159}, 0, {18516, 3990}, {117, 157, 255, 255} }},
	{{ {-1051, -1513, -6274}, 0, {16601, 4572}, {117, 157, 255, 255} }},
	{{ {-1051, -2813, -6274}, 0, {16607, 9592}, {117, 157, 255, 255} }},
	{{ {-152, -1663, -6275}, 0, {13127, 5155}, {117, 157, 255, 255} }},
	{{ {-152, -2813, -6275}, 0, {13132, 9596}, {117, 157, 255, 255} }},
	{{ {-62, -2813, -6295}, 0, {12779, 9596}, {117, 157, 255, 255} }},
	{{ {-62, -1663, -6295}, 0, {12774, 5156}, {117, 157, 255, 255} }},
	{{ {-6, -2813, -6345}, 0, {12487, 9597}, {117, 157, 255, 255} }},
	{{ {-6, -1663, -6345}, 0, {12482, 5156}, {117, 157, 255, 255} }},
	{{ {-4, -1663, -6944}, 0, {10168, 5159}, {117, 157, 255, 255} }},
	{{ {-4, -2813, -6944}, 0, {10173, 9599}, {117, 157, 255, 255} }},
	{{ {66, -2813, -7215}, 0, {9094, 9601}, {117, 157, 255, 255} }},
	{{ {66, -1663, -7215}, 0, {9089, 5160}, {117, 157, 255, 255} }},
	{{ {344, -2813, -7572}, 0, {7347, 9603}, {117, 157, 255, 255} }},
	{{ {344, -1663, -7572}, 0, {7342, 5162}, {117, 157, 255, 255} }},
	{{ {935, -2813, -7787}, 0, {4920, 9605}, {117, 157, 255, 255} }},
	{{ {935, -1663, -7787}, 0, {4915, 5165}, {117, 157, 255, 255} }},
	{{ {1235, -2813, -7787}, 0, {3762, 9607}, {117, 157, 255, 255} }},
	{{ {1235, -1663, -7787}, 0, {3757, 5166}, {117, 157, 255, 255} }},
	{{ {1610, -2813, -7721}, 0, {2290, 9608}, {117, 157, 255, 255} }},
	{{ {1610, -1663, -7721}, 0, {2285, 5168}, {117, 157, 255, 255} }},
	{{ {1874, -2813, -7565}, 0, {1107, 9610}, {117, 157, 255, 255} }},
	{{ {1874, -1663, -7565}, 0, {1102, 5169}, {117, 157, 255, 255} }},
	{{ {2304, -2813, -7620}, 0, {-567, 9612}, {117, 157, 255, 255} }},
	{{ {-4028, -1188, -6271}, 0, {29086, 3297}, {117, 157, 255, 255} }},
	{{ {-2630, -1188, -6299}, 0, {23686, 3307}, {117, 157, 255, 255} }},
	{{ {-2630, -2813, -6299}, 0, {23696, 9583}, {117, 157, 255, 255} }},
	{{ {-4028, -653, -6271}, 0, {29081, 1233}, {117, 157, 255, 255} }},
	{{ {-2630, -632, -6299}, 0, {23683, 1161}, {117, 157, 255, 255} }},
	{{ {-2630, -1188, -6299}, 0, {23686, 3307}, {117, 157, 255, 255} }},
	{{ {-2630, -632, -6299}, 0, {23683, 1161}, {117, 157, 255, 255} }},
	{{ {-1927, -378, -5846}, 0, {20450, 187}, {117, 157, 255, 255} }},
	{{ {-4028, -1188, -6271}, 0, {29086, 3297}, {117, 157, 255, 255} }},
	{{ {-2630, -2813, -6299}, 0, {23696, 9583}, {117, 157, 255, 255} }},
	{{ {-4028, -2813, -6271}, 0, {29099, 9578}, {117, 157, 255, 255} }},
	{{ {1400, -988, -4133}, 0, {29642, -15933}, {117, 157, 255, 255} }},
	{{ {1291, -988, -3773}, 0, {28189, -15933}, {117, 157, 255, 255} }},
	{{ {1291, -734, -3773}, 0, {28189, -14956}, {117, 157, 255, 255} }},
	{{ {1400, -734, -4133}, 0, {29642, -14956}, {117, 157, 255, 255} }},
	{{ {663, -313, -2333}, 0, {-26937, 32}, {117, 157, 255, 255} }},
	{{ {483, -313, -2333}, 0, {-27632, 33}, {117, 157, 255, 255} }},
	{{ {483, -2813, -2333}, 0, {-27621, 9686}, {117, 157, 255, 255} }},
	{{ {663, -2813, -2333}, 0, {-26926, 9685}, {117, 157, 255, 255} }},
	{{ {663, -313, -2540}, 0, {-26141, 31}, {117, 157, 255, 255} }},
	{{ {663, -2813, -2540}, 0, {-26130, 9684}, {117, 157, 255, 255} }},
	{{ {1263, -313, -2333}, 0, {-27124, 27}, {117, 157, 255, 255} }},
	{{ {1263, -313, -2540}, 0, {-27920, 28}, {117, 157, 255, 255} }},
	{{ {1263, -2813, -2540}, 0, {-27909, 9682}, {117, 157, 255, 255} }},
	{{ {1263, -2813, -2333}, 0, {-27112, 9681}, {117, 157, 255, 255} }},
	{{ {1478, -313, -2333}, 0, {-26296, 26}, {117, 157, 255, 255} }},
	{{ {1478, -2813, -2333}, 0, {-26284, 9680}, {117, 157, 255, 255} }},
	{{ {1263, -313, -2540}, 0, {-25872, 28}, {117, 157, 255, 255} }},
	{{ {663, -313, -2540}, 0, {-28189, 31}, {117, 157, 255, 255} }},
	{{ {663, -2813, -2540}, 0, {-28178, 9684}, {117, 157, 255, 255} }},
	{{ {1263, -2813, -2540}, 0, {-25861, 9682}, {117, 157, 255, 255} }},
	{{ {483, -313, -2333}, 0, {-23536, 33}, {117, 157, 255, 255} }},
	{{ {483, -313, -1181}, 0, {-27985, 38}, {117, 157, 255, 255} }},
	{{ {483, -2813, -1181}, 0, {-27973, 9691}, {117, 157, 255, 255} }},
	{{ {483, -2813, -2333}, 0, {-23525, 9686}, {117, 157, 255, 255} }},
	{{ {1674, -713, -622}, 0, {-25502, 1563}, {117, 157, 255, 255} }},
	{{ {1379, -613, -1197}, 0, {-27999, 1179}, {117, 157, 255, 255} }},
	{{ {1379, -2813, -1197}, 0, {-27989, 9675}, {117, 157, 255, 255} }},
	{{ {1674, -1663, -622}, 0, {-25497, 5231}, {117, 157, 255, 255} }},
	{{ {1375, -513, -1933}, 0, {-26748, 797}, {117, 157, 255, 255} }},
	{{ {1478, -313, -2333}, 0, {-28344, 26}, {117, 157, 255, 255} }},
	{{ {1478, -2813, -2333}, 0, {-28332, 9680}, {117, 157, 255, 255} }},
	{{ {1375, -2813, -1933}, 0, {-26738, 9678}, {117, 157, 255, 255} }},
	{{ {1379, -613, -1197}, 0, {-23903, 1179}, {117, 157, 255, 255} }},
	{{ {1379, -2813, -1197}, 0, {-23893, 9675}, {117, 157, 255, 255} }},
	{{ {-3578, 1187, 831}, 0, {29740, -5720}, {117, 157, 255, 255} }},
	{{ {-4272, 1187, 639}, 0, {26963, -5730}, {117, 157, 255, 255} }},
	{{ {-3578, 287, 831}, 0, {29728, -2249}, {117, 157, 255, 255} }},
	{{ {-4272, -2813, 639}, 0, {26912, 9701}, {117, 157, 255, 255} }},
	{{ {-4884, -2813, -935}, 0, {30320, 9678}, {117, 157, 255, 255} }},
	{{ {-4884, 1187, -935}, 0, {30372, -5753}, {117, 157, 255, 255} }},
	{{ {-5546, -150, -935}, 0, {27804, -603}, {117, 157, 255, 255} }},
	{{ {-5809, -2813, -935}, 0, {26752, 9666}, {117, 157, 255, 255} }},
	{{ {-4028, -653, -6271}, 0, {24985, 1233}, {117, 157, 255, 255} }},
	{{ {-4695, -653, -5549}, 0, {28780, 1222}, {117, 157, 255, 255} }},
	{{ {-4695, -16, -5549}, 0, {28772, -1238}, {117, 157, 255, 255} }},
	{{ {-4028, -1188, -6271}, 0, {24990, 3297}, {117, 157, 255, 255} }},
	{{ {-4695, -1188, -5549}, 0, {28788, 3287}, {117, 157, 255, 255} }},
	{{ {-4028, -2813, -6271}, 0, {25003, 9578}, {117, 157, 255, 255} }},
	{{ {-4695, -2813, -5549}, 0, {28807, 9576}, {117, 157, 255, 255} }},
	{{ {-4695, -653, -5549}, 0, {26732, 1222}, {117, 157, 255, 255} }},
	{{ {-4695, -1188, -5549}, 0, {26740, 3287}, {117, 157, 255, 255} }},
	{{ {-4695, -2813, -5549}, 0, {26759, 9576}, {117, 157, 255, 255} }},
	{{ {-4695, -16, -5549}, 0, {26724, -1238}, {117, 157, 255, 255} }},
	{{ {-5485, -16, -5295}, 0, {29927, -1250}, {117, 157, 255, 255} }},
	{{ {-5485, -2813, -5549}, 0, {29816, 9593}, {117, 157, 255, 255} }},
};

Gfx ccm_dl_VISUAL_mesh_layer_1_tri_3[] = {
	gsSPVertex(ccm_dl_VISUAL_mesh_layer_1_vtx_3 + 0, 32, 0),
	gsSP2Triangles(0, 1, 2, 0, 3, 4, 5, 0),
	gsSP2Triangles(6, 4, 7, 0, 8, 9, 10, 0),
	gsSP2Triangles(11, 12, 13, 0, 14, 15, 16, 0),
	gsSP2Triangles(17, 18, 19, 0, 20, 21, 22, 0),
	gsSP2Triangles(23, 24, 25, 0, 23, 25, 26, 0),
	gsSP2Triangles(26, 27, 23, 0, 26, 28, 27, 0),
	gsSP1Triangle(29, 30, 31, 0),
	gsSPVertex(ccm_dl_VISUAL_mesh_layer_1_vtx_3 + 32, 31, 0),
	gsSP2Triangles(0, 1, 2, 0, 2, 3, 0, 0),
	gsSP2Triangles(2, 4, 3, 0, 5, 6, 7, 0),
	gsSP2Triangles(5, 7, 8, 0, 9, 10, 11, 0),
	gsSP2Triangles(9, 11, 12, 0, 13, 14, 15, 0),
	gsSP2Triangles(13, 15, 16, 0, 17, 18, 19, 0),
	gsSP2Triangles(17, 19, 20, 0, 21, 22, 23, 0),
	gsSP2Triangles(21, 23, 24, 0, 25, 26, 27, 0),
	gsSP2Triangles(25, 27, 28, 0, 29, 25, 28, 0),
	gsSP1Triangle(29, 28, 30, 0),
	gsSPVertex(ccm_dl_VISUAL_mesh_layer_1_vtx_3 + 63, 32, 0),
	gsSP2Triangles(0, 1, 2, 0, 0, 2, 3, 0),
	gsSP2Triangles(4, 5, 6, 0, 6, 7, 4, 0),
	gsSP2Triangles(6, 8, 7, 0, 7, 9, 4, 0),
	gsSP2Triangles(10, 11, 12, 0, 10, 12, 13, 0),
	gsSP2Triangles(13, 14, 10, 0, 13, 15, 14, 0),
	gsSP2Triangles(16, 17, 18, 0, 16, 18, 19, 0),
	gsSP2Triangles(20, 21, 22, 0, 20, 22, 23, 0),
	gsSP2Triangles(23, 22, 24, 0, 25, 24, 22, 0),
	gsSP2Triangles(25, 22, 26, 0, 22, 27, 26, 0),
	gsSP2Triangles(23, 24, 28, 0, 29, 30, 31, 0),
	gsSPVertex(ccm_dl_VISUAL_mesh_layer_1_vtx_3 + 95, 32, 0),
	gsSP2Triangles(0, 1, 2, 0, 0, 3, 1, 0),
	gsSP2Triangles(4, 5, 6, 0, 4, 7, 5, 0),
	gsSP2Triangles(5, 7, 8, 0, 9, 5, 8, 0),
	gsSP2Triangles(8, 10, 9, 0, 8, 11, 10, 0),
	gsSP2Triangles(11, 8, 12, 0, 13, 11, 12, 0),
	gsSP2Triangles(12, 14, 13, 0, 12, 15, 14, 0),
	gsSP2Triangles(16, 17, 18, 0, 18, 19, 16, 0),
	gsSP2Triangles(18, 20, 19, 0, 21, 22, 23, 0),
	gsSP2Triangles(21, 23, 24, 0, 23, 25, 24, 0),
	gsSP2Triangles(23, 26, 25, 0, 27, 28, 29, 0),
	gsSP2Triangles(27, 29, 30, 0, 29, 31, 30, 0),
	gsSPVertex(ccm_dl_VISUAL_mesh_layer_1_vtx_3 + 127, 32, 0),
	gsSP2Triangles(0, 1, 2, 0, 3, 4, 5, 0),
	gsSP2Triangles(3, 5, 6, 0, 5, 7, 6, 0),
	gsSP2Triangles(5, 8, 7, 0, 9, 10, 11, 0),
	gsSP2Triangles(9, 11, 12, 0, 11, 13, 12, 0),
	gsSP2Triangles(11, 14, 13, 0, 15, 16, 17, 0),
	gsSP2Triangles(15, 17, 18, 0, 17, 19, 18, 0),
	gsSP2Triangles(17, 20, 19, 0, 21, 22, 23, 0),
	gsSP2Triangles(21, 23, 24, 0, 23, 25, 24, 0),
	gsSP2Triangles(23, 26, 25, 0, 27, 28, 29, 0),
	gsSP2Triangles(27, 29, 30, 0, 29, 31, 30, 0),
	gsSPVertex(ccm_dl_VISUAL_mesh_layer_1_vtx_3 + 159, 32, 0),
	gsSP2Triangles(0, 1, 2, 0, 3, 4, 5, 0),
	gsSP2Triangles(3, 5, 6, 0, 5, 7, 6, 0),
	gsSP2Triangles(5, 8, 7, 0, 9, 10, 11, 0),
	gsSP2Triangles(10, 12, 11, 0, 13, 14, 15, 0),
	gsSP2Triangles(13, 15, 16, 0, 13, 16, 17, 0),
	gsSP2Triangles(13, 17, 18, 0, 17, 19, 18, 0),
	gsSP2Triangles(17, 20, 19, 0, 21, 22, 23, 0),
	gsSP2Triangles(21, 23, 24, 0, 25, 21, 24, 0),
	gsSP2Triangles(25, 26, 21, 0, 26, 25, 27, 0),
	gsSP2Triangles(26, 27, 28, 0, 29, 30, 31, 0),
	gsSPVertex(ccm_dl_VISUAL_mesh_layer_1_vtx_3 + 191, 32, 0),
	gsSP2Triangles(0, 1, 2, 0, 3, 4, 5, 0),
	gsSP2Triangles(5, 6, 3, 0, 5, 7, 6, 0),
	gsSP2Triangles(8, 9, 10, 0, 8, 10, 11, 0),
	gsSP2Triangles(12, 13, 14, 0, 15, 14, 13, 0),
	gsSP2Triangles(15, 13, 16, 0, 17, 16, 13, 0),
	gsSP2Triangles(17, 18, 16, 0, 19, 20, 21, 0),
	gsSP2Triangles(19, 22, 20, 0, 23, 20, 22, 0),
	gsSP2Triangles(23, 24, 20, 0, 20, 24, 25, 0),
	gsSP2Triangles(26, 27, 28, 0, 26, 29, 27, 0),
	gsSP2Triangles(29, 30, 27, 0, 29, 31, 30, 0),
	gsSPVertex(ccm_dl_VISUAL_mesh_layer_1_vtx_3 + 223, 32, 0),
	gsSP2Triangles(0, 1, 2, 0, 0, 3, 1, 0),
	gsSP2Triangles(3, 4, 1, 0, 3, 5, 4, 0),
	gsSP2Triangles(5, 6, 4, 0, 5, 7, 6, 0),
	gsSP2Triangles(8, 9, 10, 0, 8, 11, 9, 0),
	gsSP2Triangles(11, 12, 9, 0, 11, 13, 12, 0),
	gsSP2Triangles(14, 12, 13, 0, 14, 15, 12, 0),
	gsSP2Triangles(16, 17, 18, 0, 16, 18, 19, 0),
	gsSP2Triangles(20, 21, 22, 0, 20, 23, 21, 0),
	gsSP2Triangles(23, 24, 21, 0, 23, 25, 24, 0),
	gsSP2Triangles(25, 26, 24, 0, 25, 27, 26, 0),
	gsSP2Triangles(28, 29, 30, 0, 28, 30, 31, 0),
	gsSPVertex(ccm_dl_VISUAL_mesh_layer_1_vtx_3 + 255, 31, 0),
	gsSP2Triangles(0, 1, 2, 0, 0, 3, 1, 0),
	gsSP2Triangles(3, 0, 4, 0, 3, 4, 5, 0),
	gsSP2Triangles(6, 3, 5, 0, 6, 5, 7, 0),
	gsSP2Triangles(6, 7, 8, 0, 6, 8, 9, 0),
	gsSP2Triangles(9, 8, 10, 0, 10, 11, 9, 0),
	gsSP2Triangles(10, 12, 11, 0, 12, 13, 11, 0),
	gsSP2Triangles(12, 14, 13, 0, 14, 15, 13, 0),
	gsSP2Triangles(14, 16, 15, 0, 16, 17, 15, 0),
	gsSP2Triangles(16, 18, 17, 0, 17, 18, 19, 0),
	gsSP2Triangles(19, 20, 17, 0, 19, 21, 20, 0),
	gsSP2Triangles(6, 9, 22, 0, 3, 6, 22, 0),
	gsSP2Triangles(3, 22, 1, 0, 23, 24, 25, 0),
	gsSP2Triangles(23, 25, 26, 0, 27, 28, 29, 0),
	gsSP1Triangle(27, 29, 30, 0),
	gsSPVertex(ccm_dl_VISUAL_mesh_layer_1_vtx_3 + 286, 30, 0),
	gsSP2Triangles(0, 1, 2, 0, 0, 2, 3, 0),
	gsSP2Triangles(4, 5, 6, 0, 4, 6, 7, 0),
	gsSP2Triangles(8, 9, 10, 0, 8, 10, 11, 0),
	gsSP2Triangles(12, 13, 14, 0, 12, 14, 15, 0),
	gsSP2Triangles(16, 17, 18, 0, 16, 18, 19, 0),
	gsSP2Triangles(20, 21, 22, 0, 20, 22, 23, 0),
	gsSP2Triangles(24, 20, 23, 0, 24, 23, 25, 0),
	gsSP2Triangles(26, 27, 28, 0, 26, 28, 29, 0),
	gsSPVertex(ccm_dl_VISUAL_mesh_layer_1_vtx_3 + 316, 32, 0),
	gsSP2Triangles(0, 1, 2, 0, 0, 2, 3, 0),
	gsSP2Triangles(4, 5, 6, 0, 4, 7, 5, 0),
	gsSP2Triangles(8, 9, 10, 0, 8, 10, 11, 0),
	gsSP2Triangles(12, 13, 14, 0, 12, 15, 13, 0),
	gsSP2Triangles(16, 17, 18, 0, 19, 16, 18, 0),
	gsSP2Triangles(18, 20, 19, 0, 18, 21, 20, 0),
	gsSP2Triangles(22, 21, 18, 0, 22, 18, 23, 0),
	gsSP2Triangles(24, 22, 23, 0, 24, 25, 22, 0),
	gsSP2Triangles(26, 25, 24, 0, 26, 24, 27, 0),
	gsSP2Triangles(28, 26, 27, 0, 28, 27, 29, 0),
	gsSP2Triangles(30, 28, 29, 0, 30, 29, 31, 0),
	gsSPVertex(ccm_dl_VISUAL_mesh_layer_1_vtx_3 + 348, 32, 0),
	gsSP2Triangles(0, 1, 2, 0, 0, 2, 3, 0),
	gsSP2Triangles(0, 3, 4, 0, 0, 4, 5, 0),
	gsSP2Triangles(6, 5, 4, 0, 6, 7, 5, 0),
	gsSP2Triangles(6, 8, 7, 0, 6, 9, 8, 0),
	gsSP2Triangles(9, 10, 8, 0, 9, 11, 10, 0),
	gsSP2Triangles(12, 10, 11, 0, 12, 13, 10, 0),
	gsSP2Triangles(12, 14, 13, 0, 12, 15, 14, 0),
	gsSP2Triangles(15, 16, 14, 0, 15, 17, 16, 0),
	gsSP2Triangles(17, 18, 16, 0, 17, 19, 18, 0),
	gsSP2Triangles(19, 20, 18, 0, 19, 21, 20, 0),
	gsSP2Triangles(21, 22, 20, 0, 21, 23, 22, 0),
	gsSP2Triangles(23, 24, 22, 0, 23, 25, 24, 0),
	gsSP2Triangles(25, 26, 24, 0, 27, 28, 29, 0),
	gsSP2Triangles(30, 28, 27, 0, 30, 31, 28, 0),
	gsSPVertex(ccm_dl_VISUAL_mesh_layer_1_vtx_3 + 380, 30, 0),
	gsSP2Triangles(0, 1, 2, 0, 3, 4, 5, 0),
	gsSP2Triangles(6, 7, 8, 0, 6, 8, 9, 0),
	gsSP2Triangles(10, 11, 12, 0, 10, 12, 13, 0),
	gsSP2Triangles(14, 10, 13, 0, 14, 13, 15, 0),
	gsSP2Triangles(16, 17, 18, 0, 16, 18, 19, 0),
	gsSP2Triangles(20, 16, 19, 0, 20, 19, 21, 0),
	gsSP2Triangles(22, 23, 24, 0, 22, 24, 25, 0),
	gsSP2Triangles(26, 27, 28, 0, 26, 28, 29, 0),
	gsSPVertex(ccm_dl_VISUAL_mesh_layer_1_vtx_3 + 410, 31, 0),
	gsSP2Triangles(0, 1, 2, 0, 0, 2, 3, 0),
	gsSP2Triangles(4, 5, 6, 0, 4, 6, 7, 0),
	gsSP2Triangles(8, 4, 7, 0, 8, 7, 9, 0),
	gsSP2Triangles(10, 11, 12, 0, 13, 12, 11, 0),
	gsSP2Triangles(14, 15, 16, 0, 16, 17, 14, 0),
	gsSP2Triangles(18, 19, 20, 0, 19, 18, 21, 0),
	gsSP2Triangles(19, 21, 22, 0, 22, 21, 23, 0),
	gsSP2Triangles(22, 23, 24, 0, 25, 26, 27, 0),
	gsSP2Triangles(27, 28, 25, 0, 27, 29, 28, 0),
	gsSP1Triangle(29, 27, 30, 0),
	gsSPEndDisplayList(),
};

Vtx ccm_dl_VISUAL_mesh_layer_1_vtx_4[30] = {
	{{ {3607, -1703, -4637}, 0, {2422, 4584}, {120, 100, 53, 255} }},
	{{ {3286, -1663, -4552}, 0, {475, 4732}, {120, 100, 53, 255} }},
	{{ {3649, -1663, -4566}, 0, {2587, 5103}, {120, 100, 53, 255} }},
	{{ {3309, -1703, -4626}, 0, {726, 4280}, {120, 100, 53, 255} }},
	{{ {3526, -1753, -4753}, 0, {2108, 3786}, {120, 112, 93, 255} }},
	{{ {3603, -1753, -4900}, 0, {2716, 3084}, {120, 112, 93, 255} }},
	{{ {3718, -1703, -4848}, 0, {3342, 3554}, {120, 100, 53, 255} }},
	{{ {3800, -1663, -4851}, 0, {3866, 3681}, {120, 100, 53, 255} }},
	{{ {3620, -1703, -5225}, 0, {3340, 1283}, {120, 100, 53, 255} }},
	{{ {3693, -1663, -5261}, 0, {3866, 1172}, {120, 100, 53, 255} }},
	{{ {3401, -1703, -5615}, 0, {2594, -1219}, {120, 100, 53, 255} }},
	{{ {3462, -1663, -5671}, 0, {3068, -1493}, {120, 100, 53, 255} }},
	{{ {3111, -1703, -5756}, 0, {1124, -2396}, {120, 100, 53, 255} }},
	{{ {3133, -1663, -5831}, 0, {1372, -2856}, {120, 100, 53, 255} }},
	{{ {2856, -1703, -5732}, 0, {-352, -2577}, {120, 100, 53, 255} }},
	{{ {2821, -1663, -5802}, 0, {-477, -3087}, {120, 100, 53, 255} }},
	{{ {2716, -1703, -5561}, 0, {-1383, -1804}, {120, 100, 53, 255} }},
	{{ {2637, -1663, -5578}, 0, {-1859, -2043}, {120, 100, 53, 255} }},
	{{ {2734, -1703, -5182}, 0, {-1814, 368}, {120, 100, 53, 255} }},
	{{ {2657, -1663, -5160}, 0, {-2345, 389}, {120, 100, 53, 255} }},
	{{ {2897, -1703, -4800}, 0, {-1376, 2752}, {120, 100, 53, 255} }},
	{{ {2835, -1663, -4742}, 0, {-1853, 3032}, {120, 100, 53, 255} }},
	{{ {3302, -1753, -4745}, 0, {864, 3542}, {120, 112, 93, 255} }},
	{{ {2969, -1753, -4885}, 0, {-800, 2326}, {120, 112, 93, 255} }},
	{{ {3523, -1753, -5205}, 0, {2692, 1277}, {120, 112, 93, 255} }},
	{{ {3343, -1753, -5527}, 0, {2095, -755}, {120, 112, 93, 255} }},
	{{ {3114, -1753, -5638}, 0, {969, -1668}, {120, 112, 93, 255} }},
	{{ {2923, -1753, -5620}, 0, {-110, -1817}, {120, 112, 93, 255} }},
	{{ {2823, -1753, -5498}, 0, {-816, -1273}, {120, 112, 93, 255} }},
	{{ {2837, -1753, -5194}, 0, {-1137, 439}, {120, 112, 93, 255} }},
};

Gfx ccm_dl_VISUAL_mesh_layer_1_tri_4[] = {
	gsSPVertex(ccm_dl_VISUAL_mesh_layer_1_vtx_4 + 0, 30, 0),
	gsSP2Triangles(0, 1, 2, 0, 0, 3, 1, 0),
	gsSP2Triangles(4, 3, 0, 0, 5, 4, 0, 0),
	gsSP2Triangles(5, 0, 6, 0, 6, 0, 2, 0),
	gsSP2Triangles(6, 2, 7, 0, 8, 6, 7, 0),
	gsSP2Triangles(8, 7, 9, 0, 10, 8, 9, 0),
	gsSP2Triangles(10, 9, 11, 0, 12, 10, 11, 0),
	gsSP2Triangles(12, 11, 13, 0, 14, 12, 13, 0),
	gsSP2Triangles(14, 13, 15, 0, 16, 14, 15, 0),
	gsSP2Triangles(16, 15, 17, 0, 18, 16, 17, 0),
	gsSP2Triangles(18, 17, 19, 0, 20, 18, 19, 0),
	gsSP2Triangles(20, 19, 21, 0, 3, 20, 21, 0),
	gsSP2Triangles(3, 21, 1, 0, 22, 20, 3, 0),
	gsSP2Triangles(22, 23, 20, 0, 23, 22, 4, 0),
	gsSP2Triangles(4, 22, 3, 0, 23, 4, 24, 0),
	gsSP2Triangles(4, 5, 24, 0, 24, 5, 6, 0),
	gsSP2Triangles(24, 6, 8, 0, 25, 24, 8, 0),
	gsSP2Triangles(25, 8, 10, 0, 26, 25, 10, 0),
	gsSP2Triangles(26, 10, 12, 0, 27, 26, 12, 0),
	gsSP2Triangles(27, 12, 14, 0, 28, 27, 14, 0),
	gsSP2Triangles(28, 14, 16, 0, 29, 28, 16, 0),
	gsSP2Triangles(29, 16, 18, 0, 23, 29, 18, 0),
	gsSP2Triangles(23, 18, 20, 0, 28, 29, 23, 0),
	gsSP2Triangles(24, 28, 23, 0, 24, 26, 28, 0),
	gsSP2Triangles(24, 25, 26, 0, 26, 27, 28, 0),
	gsSPEndDisplayList(),
};

Vtx ccm_dl_VISUAL_mesh_layer_1_vtx_5[315] = {
	{{ {-663, -223, -3683}, 0, {-1418, -16028}, {14, 143, 0, 255} }},
	{{ {-609, -483, -3884}, 0, {-2346, -16491}, {14, 143, 0, 255} }},
	{{ {-726, -588, -3906}, 0, {-2751, -16208}, {14, 143, 0, 255} }},
	{{ {-1189, -1519, -4808}, 0, {11425, -15186}, {14, 143, 0, 255} }},
	{{ {-954, -1562, -4751}, 0, {11240, -14491}, {14, 143, 0, 255} }},
	{{ {-639, -1663, -4749}, 0, {11240, -13525}, {14, 143, 0, 255} }},
	{{ {-1897, 437, -1408}, 0, {21595, 14281}, {14, 143, 0, 255} }},
	{{ {-933, -223, -944}, 0, {17982, 13883}, {14, 143, 0, 255} }},
	{{ {-483, -223, -1181}, 0, {17103, 15065}, {14, 143, 0, 255} }},
	{{ {-1160, -738, -3923}, 0, {-3537, -15014}, {14, 143, 0, 255} }},
	{{ {-663, -223, -3683}, 0, {-1418, -16028}, {14, 143, 0, 78} }},
	{{ {-663, -223, -3477}, 0, {-972, -15567}, {14, 143, 0, 255} }},
	{{ {-1897, 287, -3477}, 0, {-1405, -11434}, {14, 143, 0, 255} }},
	{{ {-1504, -888, -4020}, 0, {-4500, -14287}, {14, 143, 0, 255} }},
	{{ {-1609, -842, -4099}, 0, {-4695, -13901}, {14, 143, 0, 255} }},
	{{ {-1749, -657, -4205}, 0, {-4747, -13108}, {14, 143, 0, 255} }},
	{{ {-1842, -422, -4275}, 0, {-4615, -12304}, {14, 143, 0, 255} }},
	{{ {-1897, 287, -3608}, 0, {-1770, -11252}, {14, 143, 0, 255} }},
	{{ {-1859, -159, -4337}, 0, {-4453, -11464}, {14, 143, 0, 255} }},
	{{ {-1925, -309, -4337}, 0, {-4788, -11877}, {14, 143, 0, 255} }},
	{{ {-2170, -378, -4790}, 0, {-6349, -11401}, {14, 143, 0, 255} }},
	{{ {-2005, -226, -4746}, 0, {-5801, -10962}, {14, 143, 0, 255} }},
	{{ {-2035, -241, -5392}, 0, {-7539, -9784}, {14, 143, 0, 255} }},
	{{ {-2133, -378, -5392}, 0, {-7820, -10246}, {14, 143, 0, 255} }},
	{{ {-1927, -378, -5846}, 0, {-8986, -9234}, {14, 143, 0, 255} }},
	{{ {-1987, 17, -5392}, 0, {-7044, -9072}, {14, 143, 0, 255} }},
	{{ {-2207, 9, -5776}, 0, {-8079, -8050}, {14, 143, 0, 255} }},
	{{ {-2630, -259, -6126}, 0, {-9651, -6989}, {14, 143, 0, 255} }},
	{{ {-2630, -632, -6299}, 0, {-10862, -7330}, {14, 143, 0, 255} }},
	{{ {-4028, -280, -6098}, 0, {-10826, -2887}, {14, 143, 0, 255} }},
	{{ {-4028, -653, -6271}, 0, {-12035, -3220}, {14, 143, 0, 255} }},
	{{ {-4695, -16, -5549}, 0, {-10064, -240}, {14, 143, 0, 255} }},
	{{ {-4695, -16, -5549}, 0, {-10064, -240}, {14, 143, 0, 255} }},
	{{ {-4093, 224, -5809}, 0, {-9182, -2188}, {14, 143, 0, 255} }},
	{{ {-4028, -280, -6098}, 0, {-10826, -2887}, {14, 143, 0, 255} }},
	{{ {-4418, 1087, -5280}, 0, {-6497, -344}, {14, 143, 0, 255} }},
	{{ {-4819, 1187, -5019}, 0, {-6274, 1134}, {14, 143, 0, 255} }},
	{{ {-5485, -16, -5295}, 0, {-10403, 2272}, {14, 143, 0, 255} }},
	{{ {-5437, 1187, -4513}, 0, {-6350, 3513}, {14, 143, 0, 255} }},
	{{ {-5859, -16, -4865}, 0, {-10125, 3950}, {14, 143, 0, 255} }},
	{{ {-6151, -2813, -5049}, 0, {-18001, 6057}, {14, 143, 0, 255} }},
	{{ {-5485, -2813, -5549}, 0, {-18545, 3669}, {14, 143, 0, 255} }},
	{{ {-6145, -101, -4305}, 0, {-9949, 5735}, {14, 143, 0, 255} }},
	{{ {-6464, -2813, -4438}, 0, {-17436, 7991}, {14, 143, 0, 255} }},
	{{ {-6407, -150, -3796}, 0, {-9720, 7308}, {14, 143, 0, 255} }},
	{{ {-6749, -2813, -3883}, 0, {-16898, 9746}, {14, 143, 0, 255} }},
	{{ {-6555, -150, -3376}, 0, {-9400, 8475}, {14, 143, 0, 255} }},
	{{ {-6911, -2813, -3425}, 0, {-16441, 11091}, {14, 143, 0, 255} }},
	{{ {-6606, -150, -2996}, 0, {-9065, 9447}, {14, 143, 0, 255} }},
	{{ {-6966, -2813, -3010}, 0, {-16008, 12220}, {14, 143, 0, 255} }},
	{{ {-6620, -150, -2615}, 0, {-8706, 10394}, {14, 143, 0, 255} }},
	{{ {-6981, -2813, -2595}, 0, {-15554, 13329}, {14, 143, 0, 255} }},
	{{ {-6605, -150, -2348}, 0, {-8431, 11056}, {14, 143, 0, 255} }},
	{{ {-6965, -2813, -2303}, 0, {-15220, 14101}, {14, 143, 0, 255} }},
	{{ {-6555, -150, -2193}, 0, {-8230, 11447}, {14, 143, 0, 255} }},
	{{ {-6910, -2813, -2134}, 0, {-15001, 14558}, {14, 143, 0, 255} }},
	{{ {-6246, -150, -1934}, 0, {-7572, 12325}, {14, 143, 0, 255} }},
	{{ {-6574, -2813, -1852}, 0, {-14359, 15682}, {14, 143, 0, 255} }},
	{{ {-5893, -150, -1627}, 0, {-6778, 13389}, {14, 143, 0, 255} }},
	{{ {-6188, -2813, -1517}, 0, {-13616, 16957}, {14, 143, 0, 255} }},
	{{ {-5546, -150, -935}, 0, {-5627, 15347}, {14, 143, 0, 255} }},
	{{ {-5809, -2813, -935}, 0, {-12661, 18703}, {14, 143, 0, 255} }},
	{{ {-5178, 920, -1481}, 0, {-3007, 12598}, {14, 143, 0, 255} }},
	{{ {-5465, 920, -1838}, 0, {-3854, 11533}, {14, 143, 0, 255} }},
	{{ {-5053, 1234, -1588}, 0, {-2174, 11916}, {14, 143, 0, 255} }},
	{{ {-5465, 920, -1838}, 0, {-3854, 11533}, {14, 143, 0, 255} }},
	{{ {-5178, 920, -1481}, 0, {-3007, 12598}, {14, 143, 0, 255} }},
	{{ {-4885, 1287, -1303}, 0, {-1482, 12662}, {14, 143, 0, 255} }},
	{{ {-4884, 1187, -935}, 0, {-1361, 13818}, {14, 143, 0, 255} }},
	{{ {-5546, -150, -935}, 0, {-5627, 15347}, {14, 143, 0, 255} }},
	{{ {-4885, 1587, -1672}, 0, {-1154, 11251}, {14, 143, 0, 255} }},
	{{ {-5331, 1337, -1908}, 0, {-2787, 10744}, {14, 143, 0, 255} }},
	{{ {-4885, 1787, -2040}, 0, {-975, 9987}, {14, 143, 0, 255} }},
	{{ {-5593, 1363, -2136}, 0, {-3462, 9968}, {14, 143, 0, 255} }},
	{{ {-4885, 1837, -2259}, 0, {-972, 9303}, {14, 143, 0, 255} }},
	{{ {-5185, 1837, -2258}, 0, {-1830, 8996}, {14, 143, 0, 255} }},
	{{ {-5185, 1837, -2408}, 0, {-1983, 8570}, {14, 143, 0, 255} }},
	{{ {-5687, 1363, -2328}, 0, {-3839, 9471}, {14, 143, 0, 255} }},
	{{ {-5725, 1363, -2442}, 0, {-4020, 9173}, {14, 143, 0, 255} }},
	{{ {-5185, 1837, -2571}, 0, {-2147, 8106}, {14, 143, 0, 255} }},
	{{ {-5735, 1363, -2641}, 0, {-4233, 8644}, {14, 143, 0, 255} }},
	{{ {-5186, 1837, -2733}, 0, {-2315, 7645}, {14, 143, 0, 255} }},
	{{ {-5725, 1363, -2923}, 0, {-4501, 7882}, {14, 143, 0, 255} }},
	{{ {-5186, 1837, -2896}, 0, {-2491, 7187}, {14, 143, 0, 255} }},
	{{ {-5186, 1837, -3058}, 0, {-2669, 6729}, {14, 143, 0, 255} }},
	{{ {-5688, 1363, -3205}, 0, {-4738, 7098}, {14, 143, 0, 255} }},
	{{ {-5186, 1837, -3221}, 0, {-2856, 6272}, {14, 143, 0, 255} }},
	{{ {-5578, 1363, -3516}, 0, {-4910, 6152}, {14, 143, 0, 255} }},
	{{ {-5187, 1837, -3546}, 0, {-3238, 5349}, {14, 143, 0, 255} }},
	{{ {-5471, 1368, -3961}, 0, {-5270, 4840}, {14, 143, 0, 255} }},
	{{ {-5187, 1837, -3708}, 0, {-3430, 4894}, {14, 143, 0, 255} }},
	{{ {-5185, 1837, -3858}, 0, {-3606, 4471}, {14, 143, 0, 255} }},
	{{ {-5088, 1439, -4513}, 0, {-5296, 2792}, {14, 143, 0, 255} }},
	{{ {-5437, 1187, -4513}, 0, {-6350, 3513}, {14, 143, 0, 255} }},
	{{ {-4819, 1187, -5019}, 0, {-6274, 1134}, {14, 143, 0, 255} }},
	{{ {-5674, 1017, -4051}, 0, {-6476, 5084}, {14, 143, 0, 255} }},
	{{ {-5674, 1017, -4051}, 0, {-6476, 5084}, {14, 143, 0, 255} }},
	{{ {-5437, 1187, -4513}, 0, {-6350, 3513}, {14, 143, 0, 255} }},
	{{ {-5859, -16, -4865}, 0, {-10125, 3950}, {14, 143, 0, 255} }},
	{{ {-6145, -101, -4305}, 0, {-9949, 5735}, {14, 143, 0, 255} }},
	{{ {-5890, 920, -3630}, 0, {-6489, 6470}, {14, 143, 0, 255} }},
	{{ {-6407, -150, -3796}, 0, {-9720, 7308}, {14, 143, 0, 255} }},
	{{ {-6013, 920, -3283}, 0, {-6270, 7487}, {14, 143, 0, 255} }},
	{{ {-6555, -150, -3376}, 0, {-9400, 8475}, {14, 143, 0, 255} }},
	{{ {-6054, 920, -2969}, 0, {-5998, 8328}, {14, 143, 0, 255} }},
	{{ {-6606, -150, -2996}, 0, {-9065, 9447}, {14, 143, 0, 255} }},
	{{ {-6066, 920, -2655}, 0, {-5701, 9148}, {14, 143, 0, 255} }},
	{{ {-6620, -150, -2615}, 0, {-8706, 10394}, {14, 143, 0, 255} }},
	{{ {-6054, 920, -2433}, 0, {-5472, 9715}, {14, 143, 0, 255} }},
	{{ {-6605, -150, -2348}, 0, {-8431, 11056}, {14, 143, 0, 255} }},
	{{ {-6012, 920, -2306}, 0, {-5287, 10043}, {14, 143, 0, 255} }},
	{{ {-6555, -150, -2193}, 0, {-8230, 11447}, {14, 143, 0, 255} }},
	{{ {-5757, 920, -2091}, 0, {-4625, 10713}, {14, 143, 0, 255} }},
	{{ {-6246, -150, -1934}, 0, {-7572, 12325}, {14, 143, 0, 255} }},
	{{ {-5465, 920, -1838}, 0, {-3854, 11533}, {14, 143, 0, 255} }},
	{{ {-5893, -150, -1627}, 0, {-6778, 13389}, {14, 143, 0, 255} }},
	{{ {-5331, 1337, -1908}, 0, {-2787, 10744}, {14, 143, 0, 255} }},
	{{ {-5593, 1363, -2136}, 0, {-3462, 9968}, {14, 143, 0, 255} }},
	{{ {-5687, 1363, -2328}, 0, {-3839, 9471}, {14, 143, 0, 255} }},
	{{ {-5725, 1363, -2442}, 0, {-4020, 9173}, {14, 143, 0, 255} }},
	{{ {-5735, 1363, -2641}, 0, {-4233, 8644}, {14, 143, 0, 255} }},
	{{ {-5725, 1363, -2923}, 0, {-4501, 7882}, {14, 143, 0, 255} }},
	{{ {-5688, 1363, -3205}, 0, {-4738, 7098}, {14, 143, 0, 255} }},
	{{ {-5578, 1363, -3516}, 0, {-4910, 6152}, {14, 143, 0, 255} }},
	{{ {-5471, 1368, -3961}, 0, {-5270, 4840}, {14, 143, 0, 255} }},
	{{ {-5053, 1234, -1588}, 0, {-2174, 11916}, {14, 143, 0, 255} }},
	{{ {-520, -340, -3826}, 0, {-1812, -16640}, {14, 143, 0, 255} }},
	{{ {-609, -483, -3884}, 0, {-2346, -16491}, {14, 143, 0, 255} }},
	{{ {-663, -223, -3683}, 0, {-1418, -16028}, {14, 143, 0, 78} }},
	{{ {-498, -287, -3750}, 0, {-1519, -16609}, {14, 143, 0, 255} }},
	{{ {-484, -223, -3683}, 0, {-1231, -16553}, {14, 143, 0, 255} }},
	{{ {2375, -313, -2333}, 0, {8454, 2923}, {14, 143, 0, 255} }},
	{{ {2278, -513, -1933}, 0, {9324, 3653}, {14, 143, 0, 255} }},
	{{ {2589, -650, -2333}, 0, {9265, 2351}, {14, 143, 0, 255} }},
	{{ {2603, -888, -1812}, 0, {10468, 3108}, {14, 143, 0, 255} }},
	{{ {2274, -613, -1480}, 0, {10181, 4421}, {14, 143, 0, 255} }},
	{{ {2928, -1263, -1690}, 0, {11612, 2562}, {14, 143, 0, 255} }},
	{{ {2928, -1163, -1459}, 0, {11866, 3134}, {14, 143, 0, 255} }},
	{{ {2928, -1063, -1316}, 0, {11993, 3549}, {14, 143, 0, 255} }},
	{{ {2746, -863, -1116}, 0, {11784, 4355}, {14, 143, 0, 255} }},
	{{ {2462, -713, -1136}, 0, {11113, 4794}, {14, 143, 0, 255} }},
	{{ {2635, -786, -1116}, 0, {11517, 4558}, {14, 143, 0, 255} }},
	{{ {2895, -932, -1184}, 0, {12060, 4010}, {14, 143, 0, 255} }},
	{{ {2589, -1663, -2333}, 0, {10564, 792}, {14, 143, 0, 255} }},
	{{ {2928, -1513, -2113}, 0, {11474, 1352}, {14, 143, 0, 255} }},
	{{ {2928, -1663, -2529}, 0, {11375, 260}, {14, 143, 0, 255} }},
	{{ {4114, -1663, -1352}, 0, {13321, 3809}, {14, 143, 0, 255} }},
	{{ {3750, -1513, -2113}, 0, {12440, 1506}, {14, 143, 0, 255} }},
	{{ {3750, -1263, -1690}, 0, {11807, 2770}, {14, 143, 0, 255} }},
	{{ {3750, -1163, -1459}, 0, {11550, 3449}, {14, 143, 0, 255} }},
	{{ {4097, -1663, -626}, 0, {13182, 5810}, {14, 143, 0, 255} }},
	{{ {3736, -1063, -885}, 0, {11244, 5098}, {14, 143, 0, 255} }},
	{{ {3707, -1663, -114}, 0, {12596, 7416}, {14, 143, 0, 255} }},
	{{ {3428, -963, -480}, 0, {10543, 6399}, {14, 143, 0, 255} }},
	{{ {3192, -1663, 133}, 0, {11796, 8709}, {14, 143, 0, 255} }},
	{{ {3021, -863, -286}, 0, {9675, 7369}, {14, 143, 0, 255} }},
	{{ {2222, -813, -297}, 0, {8076, 8946}, {14, 143, 0, 255} }},
	{{ {2067, -1663, 176}, 0, {9870, 10944}, {14, 143, 0, 255} }},
	{{ {1750, -1663, -137}, 0, {8850, 11508}, {14, 143, 0, 255} }},
	{{ {2067, -1663, 176}, 0, {9870, 10944}, {14, 143, 0, 255} }},
	{{ {2222, -813, -297}, 0, {8076, 8946}, {14, 143, 0, 255} }},
	{{ {1674, -1663, -622}, 0, {7559, 11885}, {14, 143, 0, 255} }},
	{{ {1379, -2813, -1197}, 0, {7041, 15460}, {14, 143, 0, 255} }},
	{{ {1622, -2813, 224}, 0, {10758, 14135}, {14, 143, 0, 255} }},
	{{ {1991, -2813, 588}, 0, {12023, 13420}, {14, 143, 0, 255} }},
	{{ {3192, -1663, 133}, 0, {11796, 8709}, {14, 143, 0, 255} }},
	{{ {3299, -2813, 537}, 0, {14506, 10690}, {14, 143, 0, 255} }},
	{{ {3707, -1663, -114}, 0, {12596, 7416}, {14, 143, 0, 255} }},
	{{ {3899, -2813, 250}, 0, {15493, 9095}, {14, 143, 0, 255} }},
	{{ {4097, -1663, -626}, 0, {13182, 5810}, {14, 143, 0, 255} }},
	{{ {4353, -2813, -345}, 0, {16261, 7097}, {14, 143, 0, 255} }},
	{{ {4114, -1663, -1352}, 0, {13321, 3809}, {14, 143, 0, 255} }},
	{{ {4373, -2813, -1191}, 0, {16621, 4666}, {14, 143, 0, 255} }},
	{{ {4373, -2813, -1532}, 0, {16736, 3696}, {14, 143, 0, 255} }},
	{{ {3750, -1663, -2113}, 0, {13343, 1391}, {14, 143, 0, 255} }},
	{{ {4337, -2813, -1803}, 0, {16829, 2919}, {14, 143, 0, 255} }},
	{{ {4050, -1663, -2529}, 0, {14061, 260}, {14, 143, 0, 255} }},
	{{ {4674, -2813, -2270}, 0, {17584, 1418}, {14, 143, 0, 255} }},
	{{ {4150, -1663, -2829}, 0, {14301, -556}, {14, 143, 0, 255} }},
	{{ {4787, -2813, -2607}, 0, {17896, 404}, {14, 143, 0, 255} }},
	{{ {4289, -1663, -3625}, 0, {14635, -2720}, {14, 143, 0, 255} }},
	{{ {4944, -2813, -3502}, 0, {18348, -2219}, {14, 143, 0, 255} }},
	{{ {4331, -1663, -4421}, 0, {14735, -4884}, {14, 143, 0, 255} }},
	{{ {4990, -2813, -4396}, 0, {18483, -4877}, {14, 143, 0, 255} }},
	{{ {4331, -1663, -5217}, 0, {14735, -7048}, {14, 143, 0, 255} }},
	{{ {4990, -2813, -5290}, 0, {18354, -7538}, {14, 143, 0, 255} }},
	{{ {4222, -1663, -6013}, 0, {14474, -9212}, {14, 143, 0, 255} }},
	{{ {4868, -2813, -6185}, 0, {17972, -10007}, {14, 143, 0, 255} }},
	{{ {4115, -1663, -6303}, 0, {14218, -10002}, {14, 143, 0, 255} }},
	{{ {4569, -2813, -6720}, 0, {17397, -11564}, {14, 143, 0, 255} }},
	{{ {3969, -1663, -6551}, 0, {13868, -10677}, {14, 143, 0, 255} }},
	{{ {4115, -1663, -6303}, 0, {14218, -10002}, {14, 143, 0, 255} }},
	{{ {4569, -2813, -6720}, 0, {17397, -11564}, {14, 143, 0, 255} }},
	{{ {4126, -2813, -6691}, 0, {16505, -12365}, {14, 143, 0, 255} }},
	{{ {3866, -2813, -6634}, 0, {16007, -12916}, {14, 143, 0, 255} }},
	{{ {3866, -1663, -6634}, 0, {13622, -10903}, {14, 143, 0, 255} }},
	{{ {-1262, -1263, -5315}, 0, {738, -7394}, {14, 143, 0, 255} }},
	{{ {-1285, -1263, -4994}, 0, {607, -6529}, {14, 143, 0, 255} }},
	{{ {-1252, -1400, -4877}, 0, {947, -6164}, {14, 143, 0, 255} }},
	{{ {-1221, -1338, -5415}, 0, {1000, -7638}, {14, 143, 0, 255} }},
	{{ {-1122, -1400, -5444}, 0, {1322, -7700}, {14, 143, 0, 255} }},
	{{ {-933, -1541, -5491}, 0, {1971, -7794}, {14, 143, 0, 255} }},
	{{ {-1189, -1519, -4808}, 0, {1287, -5930}, {14, 143, 0, 255} }},
	{{ {-661, -1663, -5491}, 0, {2780, -7793}, {14, 143, 0, 255} }},
	{{ {-639, -1663, -4749}, 0, {2831, -5776}, {14, 143, 0, 255} }},
	{{ {-3556, 1554, -1903}, 0, {14464, -14279}, {14, 143, 0, 255} }},
	{{ {-3487, 1615, -2258}, 0, {14518, -15353}, {14, 143, 0, 255} }},
	{{ {-3787, 1837, -2259}, 0, {13424, -15353}, {14, 143, 0, 255} }},
	{{ {-3787, 1787, -2040}, 0, {13510, -14701}, {14, 143, 0, 255} }},
	{{ {-3788, 1587, -1672}, 0, {13863, -13525}, {14, 143, 0, 255} }},
	{{ {-4134, 1837, -3858}, 0, {6191, -15274}, {14, 143, 0, 255} }},
	{{ {-3810, 1514, -3858}, 0, {7505, -15043}, {14, 143, 0, 255} }},
	{{ {-4046, 1440, -4295}, 0, {7421, -16503}, {14, 143, 0, 255} }},
	{{ {-3862, 1187, -4554}, 0, {8455, -17074}, {14, 143, 0, 255} }},
	{{ {-3487, 815, -3858}, 0, {9741, -14878}, {14, 143, 0, 255} }},
	{{ {-3727, 1087, -4622}, 0, {8964, -17215}, {14, 143, 0, 255} }},
	{{ {-3573, 1087, -4636}, 0, {9411, -17270}, {14, 143, 0, 255} }},
	{{ {-3522, 1087, -4636}, 0, {9560, -17274}, {14, 143, 0, 255} }},
	{{ {-3238, 987, -4581}, 0, {10424, -17055}, {14, 143, 0, 255} }},
	{{ {-3140, 866, -4466}, 0, {10795, -16628}, {14, 143, 0, 255} }},
	{{ {-3097, 549, -3917}, 0, {11124, -14807}, {14, 143, 0, 255} }},
	{{ {-3097, 377, -3608}, 0, {11240, -13785}, {14, 143, 0, 255} }},
	{{ {-3097, 377, -3608}, 0, {11240, -13785}, {14, 143, 0, 255} }},
	{{ {-3487, 815, -3858}, 0, {9741, -14878}, {14, 143, 0, 255} }},
	{{ {-3487, 815, -2408}, 0, {8791, -10763}, {14, 143, 0, 255} }},
	{{ {-3097, 377, -2408}, 0, {10454, -10380}, {14, 143, 0, 255} }},
	{{ {-3097, 437, -1908}, 0, {9998, -8986}, {14, 143, 0, 255} }},
	{{ {-3487, 975, -2258}, 0, {8297, -10359}, {14, 143, 0, 255} }},
	{{ {-3327, 853, -1656}, 0, {8483, -8488}, {14, 143, 0, 255} }},
	{{ {-3556, 1084, -1903}, 0, {7713, -9429}, {14, 143, 0, 255} }},
	{{ {-3789, 1053, -935}, 0, {6536, -6736}, {14, 143, 0, 255} }},
	{{ {-3788, 1174, -1672}, 0, {6853, -8916}, {14, 143, 0, 255} }},
	{{ {-3097, 737, -1408}, 0, {9033, -7583}, {14, 143, 0, 255} }},
	{{ {-3097, 776, -1283}, 0, {8909, -7219}, {14, 143, 0, 255} }},
	{{ {-3097, 892, -908}, 0, {8537, -6125}, {14, 143, 0, 255} }},
	{{ {-3789, 1043, -636}, 0, {6319, -5883}, {14, 143, 0, 255} }},
	{{ {-3097, 1043, -408}, 0, {8077, -4659}, {14, 143, 0, 255} }},
	{{ {-3779, 1084, -461}, 0, {6191, -5369}, {14, 143, 0, 255} }},
	{{ {-3151, 1084, -234}, 0, {7772, -4201}, {14, 143, 0, 255} }},
	{{ {-3700, 1141, -289}, 0, {6247, -4788}, {14, 143, 0, 255} }},
	{{ {-3303, 1141, -201}, 0, {7284, -4188}, {14, 143, 0, 255} }},
	{{ {-3568, 1169, -199}, 0, {6529, -4403}, {14, 143, 0, 255} }},
	{{ {-663, -223, -2333}, 0, {18655, 18138}, {14, 143, 0, 255} }},
	{{ {-663, -223, -2540}, 0, {18847, 18703}, {14, 143, 0, 255} }},
	{{ {-1897, 287, -2540}, 0, {22502, 17459}, {14, 143, 0, 255} }},
	{{ {-1897, 287, -2408}, 0, {22380, 17100}, {14, 143, 0, 255} }},
	{{ {-1897, 337, -1908}, 0, {21965, 15708}, {14, 143, 0, 255} }},
	{{ {-1897, 437, -1408}, 0, {21595, 14281}, {14, 143, 0, 255} }},
	{{ {-483, -223, -2333}, 0, {18142, 18229}, {14, 143, 0, 78} }},
	{{ {-483, -223, -1181}, 0, {17103, 15065}, {14, 143, 0, 229} }},
	{{ {-2035, -241, -5392}, 0, {-7539, -9784}, {14, 143, 0, 255} }},
	{{ {-1987, 17, -5392}, 0, {-7044, -9072}, {14, 143, 0, 255} }},
	{{ {-2005, -226, -4746}, 0, {-5801, -10962}, {14, 143, 0, 255} }},
	{{ {-1840, 70, -4701}, 0, {-5049, -10204}, {14, 143, 0, 255} }},
	{{ {-1987, 17, -5392}, 0, {-7044, -9072}, {14, 143, 0, 255} }},
	{{ {-1962, 529, -5014}, 0, {-5105, -8476}, {14, 143, 0, 255} }},
	{{ {-1840, 70, -4701}, 0, {-5049, -10204}, {14, 143, 0, 255} }},
	{{ {-2080, 502, -5298}, 0, {-5875, -7950}, {14, 143, 0, 255} }},
	{{ {-2207, 9, -5776}, 0, {-8079, -8050}, {14, 143, 0, 255} }},
	{{ {-2842, 330, -5800}, 0, {-7820, -5822}, {14, 143, 0, 255} }},
	{{ {-2630, -259, -6126}, 0, {-9651, -6989}, {14, 143, 0, 255} }},
	{{ {-4093, 224, -5809}, 0, {-9182, -2188}, {14, 143, 0, 255} }},
	{{ {-4028, -280, -6098}, 0, {-10826, -2887}, {14, 143, 0, 255} }},
	{{ {-3898, 1087, -5433}, 0, {-6241, -1973}, {14, 143, 0, 255} }},
	{{ {-2965, 1087, -5419}, 0, {-5420, -4706}, {14, 143, 0, 255} }},
	{{ {-2409, 987, -5204}, 0, {-4836, -6466}, {14, 143, 0, 255} }},
	{{ {-1986, 766, -4631}, 0, {-3741, -8443}, {14, 143, 0, 255} }},
	{{ {-1858, 418, -4666}, 0, {-4391, -9358}, {14, 143, 0, 255} }},
	{{ {-1834, 450, -4484}, 0, {-3880, -9575}, {14, 143, 0, 255} }},
	{{ {-1899, 459, -3940}, 0, {-2409, -10312}, {14, 143, 0, 255} }},
	{{ {-1793, 134, -4337}, 0, {-3977, -10618}, {14, 143, 0, 255} }},
	{{ {-1845, 211, -3973}, 0, {-2877, -10943}, {14, 143, 0, 255} }},
	{{ {-1897, 287, -3608}, 0, {-1770, -11252}, {14, 143, 0, 255} }},
	{{ {-1859, -159, -4337}, 0, {-4453, -11464}, {14, 143, 0, 255} }},
	{{ {-2005, -226, -4746}, 0, {-5801, -10962}, {14, 143, 0, 255} }},
	{{ {-4418, 1087, -5280}, 0, {-6497, -344}, {14, 143, 0, 255} }},
	{{ {0, -813, 1310}, 0, {12634, 10253}, {14, 143, 0, 255} }},
	{{ {0, -2813, 2481}, 0, {7664, 5777}, {14, 143, 0, 255} }},
	{{ {933, -2813, 923}, 0, {6191, 10807}, {14, 143, 0, 255} }},
	{{ {-1937, -2813, 2878}, 0, {10937, 1142}, {14, 143, 0, 255} }},
	{{ {-1937, -710, 1371}, 0, {16701, 6211}, {14, 143, 0, 255} }},
	{{ {-933, -563, 923}, 0, {15510, 9289}, {14, 143, 0, 255} }},
	{{ {-1673, -218, 747}, 0, {17866, 8490}, {14, 143, 0, 255} }},
	{{ {-1127, -313, 456}, 0, {16900, 10102}, {14, 143, 0, 255} }},
	{{ {-1320, -223, -10}, 0, {18083, 10969}, {14, 143, 0, 78} }},
	{{ {-1866, -48, 281}, 0, {19123, 9467}, {14, 143, 0, 255} }},
	{{ {-1866, -48, 281}, 0, {19123, 9467}, {14, 143, 0, 255} }},
	{{ {-1320, -223, -10}, 0, {18083, 10969}, {14, 143, 0, 78} }},
	{{ {-1668, 97, 19}, 0, {19380, 10461}, {14, 143, 0, 255} }},
	{{ {-1609, 68, -209}, 0, {19391, 11171}, {14, 143, 0, 196} }},
	{{ {-1415, -7, -926}, 0, {19425, 13372}, {14, 143, 0, 196} }},
	{{ {-933, -223, -944}, 0, {17982, 13883}, {14, 143, 0, 78} }},
	{{ {-1897, 437, -1408}, 0, {21595, 14281}, {14, 143, 0, 255} }},
	{{ {-1897, 637, -908}, 0, {21663, 12745}, {14, 143, 0, 255} }},
	{{ {-1897, 787, -408}, 0, {21731, 11251}, {14, 143, 0, 255} }},
	{{ {-2017, 787, 49}, 0, {21594, 9926}, {14, 143, 0, 255} }},
	{{ {-2412, 487, 572}, 0, {20885, 7937}, {14, 143, 0, 255} }},
	{{ {-1673, -218, 747}, 0, {17866, 8490}, {14, 143, 0, 255} }},
	{{ {-1937, -710, 1371}, 0, {16701, 6211}, {14, 143, 0, 255} }},
	{{ {-2758, -212, 1236}, 0, {19468, 5276}, {14, 143, 0, 255} }},
	{{ {-2871, 287, 802}, 0, {21135, 6349}, {14, 143, 0, 255} }},
	{{ {-3578, 287, 831}, 0, {22502, 4804}, {14, 143, 0, 255} }},
	{{ {-4012, -2813, 1631}, 0, {17110, -3023}, {14, 143, 0, 255} }},
	{{ {-4272, -2813, 639}, 0, {19894, -4188}, {14, 143, 0, 255} }},
	{{ {-3315, -2813, 2594}, 0, {13928, -1612}, {14, 143, 0, 255} }},
	{{ {-1937, -2813, 2878}, 0, {10937, 1142}, {14, 143, 0, 255} }},
	{{ {2110, -1663, -7326}, 0, {9416, -12784}, {14, 143, 0, 255} }},
	{{ {2304, -2813, -7620}, 0, {10740, -15144}, {14, 143, 0, 255} }},
	{{ {1874, -1663, -7565}, 0, {8781, -13193}, {14, 143, 0, 255} }},
	{{ {2682, -2813, -7624}, 0, {11539, -14855}, {14, 143, 0, 255} }},
	{{ {2449, -1663, -7025}, 0, {10228, -11965}, {14, 143, 0, 255} }},
	{{ {3006, -2813, -7517}, 0, {12220, -14570}, {14, 143, 0, 255} }},
	{{ {2788, -1663, -6913}, 0, {11040, -11661}, {14, 143, 0, 255} }},
	{{ {3466, -2813, -7034}, 0, {13506, -13835}, {14, 143, 0, 255} }},
	{{ {3183, -1663, -6917}, 0, {11987, -11672}, {14, 143, 0, 255} }},
};

Gfx ccm_dl_VISUAL_mesh_layer_1_tri_5[] = {
	gsSPVertex(ccm_dl_VISUAL_mesh_layer_1_vtx_5 + 0, 32, 0),
	gsSP2Triangles(0, 1, 2, 0, 3, 4, 5, 0),
	gsSP2Triangles(6, 7, 8, 0, 9, 10, 2, 0),
	gsSP2Triangles(11, 10, 9, 0, 12, 11, 9, 0),
	gsSP2Triangles(12, 9, 13, 0, 12, 13, 14, 0),
	gsSP2Triangles(12, 14, 15, 0, 15, 16, 12, 0),
	gsSP2Triangles(12, 16, 17, 0, 16, 18, 17, 0),
	gsSP2Triangles(19, 18, 16, 0, 19, 20, 18, 0),
	gsSP2Triangles(20, 21, 18, 0, 20, 22, 21, 0),
	gsSP2Triangles(22, 20, 23, 0, 22, 23, 24, 0),
	gsSP2Triangles(25, 22, 24, 0, 25, 24, 26, 0),
	gsSP2Triangles(26, 24, 27, 0, 27, 24, 28, 0),
	gsSP2Triangles(29, 27, 28, 0, 29, 28, 30, 0),
	gsSP1Triangle(29, 30, 31, 0),
	gsSPVertex(ccm_dl_VISUAL_mesh_layer_1_vtx_5 + 32, 32, 0),
	gsSP2Triangles(0, 1, 2, 0, 0, 3, 1, 0),
	gsSP2Triangles(4, 3, 0, 0, 0, 5, 4, 0),
	gsSP2Triangles(6, 4, 5, 0, 7, 6, 5, 0),
	gsSP2Triangles(7, 5, 8, 0, 5, 9, 8, 0),
	gsSP2Triangles(8, 10, 7, 0, 8, 11, 10, 0),
	gsSP2Triangles(12, 10, 11, 0, 12, 11, 13, 0),
	gsSP2Triangles(14, 12, 13, 0, 14, 13, 15, 0),
	gsSP2Triangles(16, 14, 15, 0, 16, 15, 17, 0),
	gsSP2Triangles(18, 16, 17, 0, 18, 17, 19, 0),
	gsSP2Triangles(20, 18, 19, 0, 20, 19, 21, 0),
	gsSP2Triangles(22, 20, 21, 0, 22, 21, 23, 0),
	gsSP2Triangles(24, 22, 23, 0, 24, 23, 25, 0),
	gsSP2Triangles(26, 24, 25, 0, 26, 25, 27, 0),
	gsSP2Triangles(28, 26, 27, 0, 29, 28, 27, 0),
	gsSP2Triangles(30, 26, 28, 0, 30, 31, 26, 0),
	gsSPVertex(ccm_dl_VISUAL_mesh_layer_1_vtx_5 + 64, 32, 0),
	gsSP2Triangles(0, 1, 2, 0, 0, 2, 3, 0),
	gsSP2Triangles(4, 3, 2, 0, 2, 5, 4, 0),
	gsSP2Triangles(6, 0, 3, 0, 0, 6, 7, 0),
	gsSP2Triangles(6, 8, 7, 0, 7, 8, 9, 0),
	gsSP2Triangles(8, 10, 9, 0, 11, 9, 10, 0),
	gsSP2Triangles(12, 9, 11, 0, 9, 12, 13, 0),
	gsSP2Triangles(13, 12, 14, 0, 15, 14, 12, 0),
	gsSP2Triangles(15, 16, 14, 0, 16, 15, 17, 0),
	gsSP2Triangles(16, 17, 18, 0, 17, 19, 18, 0),
	gsSP2Triangles(18, 19, 20, 0, 18, 20, 21, 0),
	gsSP2Triangles(20, 22, 21, 0, 23, 21, 22, 0),
	gsSP2Triangles(22, 24, 23, 0, 25, 23, 24, 0),
	gsSP2Triangles(26, 25, 24, 0, 26, 27, 25, 0),
	gsSP2Triangles(27, 28, 25, 0, 25, 28, 29, 0),
	gsSP2Triangles(28, 30, 29, 0, 29, 31, 25, 0),
	gsSPVertex(ccm_dl_VISUAL_mesh_layer_1_vtx_5 + 96, 30, 0),
	gsSP2Triangles(0, 1, 2, 0, 0, 2, 3, 0),
	gsSP2Triangles(4, 0, 3, 0, 4, 3, 5, 0),
	gsSP2Triangles(6, 4, 5, 0, 6, 5, 7, 0),
	gsSP2Triangles(8, 6, 7, 0, 8, 7, 9, 0),
	gsSP2Triangles(10, 8, 9, 0, 10, 9, 11, 0),
	gsSP2Triangles(12, 10, 11, 0, 12, 11, 13, 0),
	gsSP2Triangles(14, 12, 13, 0, 14, 13, 15, 0),
	gsSP2Triangles(16, 14, 15, 0, 16, 15, 17, 0),
	gsSP2Triangles(18, 16, 17, 0, 18, 17, 19, 0),
	gsSP2Triangles(20, 16, 18, 0, 20, 21, 16, 0),
	gsSP2Triangles(21, 14, 16, 0, 21, 22, 14, 0),
	gsSP2Triangles(22, 12, 14, 0, 22, 23, 12, 0),
	gsSP2Triangles(23, 10, 12, 0, 23, 24, 10, 0),
	gsSP2Triangles(24, 8, 10, 0, 24, 25, 8, 0),
	gsSP2Triangles(25, 6, 8, 0, 25, 26, 6, 0),
	gsSP2Triangles(26, 4, 6, 0, 26, 27, 4, 0),
	gsSP2Triangles(4, 27, 28, 0, 4, 28, 0, 0),
	gsSP1Triangle(29, 20, 18, 0),
	gsSPVertex(ccm_dl_VISUAL_mesh_layer_1_vtx_5 + 126, 32, 0),
	gsSP2Triangles(0, 1, 2, 0, 3, 0, 2, 0),
	gsSP2Triangles(4, 3, 2, 0, 5, 6, 7, 0),
	gsSP2Triangles(7, 6, 8, 0, 6, 9, 8, 0),
	gsSP2Triangles(9, 10, 8, 0, 10, 9, 11, 0),
	gsSP2Triangles(12, 11, 9, 0, 9, 13, 12, 0),
	gsSP2Triangles(14, 13, 9, 0, 14, 15, 13, 0),
	gsSP2Triangles(16, 12, 13, 0, 10, 17, 8, 0),
	gsSP2Triangles(18, 17, 10, 0, 17, 18, 19, 0),
	gsSP2Triangles(20, 21, 22, 0, 20, 22, 23, 0),
	gsSP2Triangles(24, 20, 23, 0, 24, 23, 25, 0),
	gsSP2Triangles(26, 24, 25, 0, 26, 25, 27, 0),
	gsSP2Triangles(28, 26, 27, 0, 28, 27, 29, 0),
	gsSP2Triangles(30, 28, 29, 0, 30, 31, 28, 0),
	gsSPVertex(ccm_dl_VISUAL_mesh_layer_1_vtx_5 + 158, 32, 0),
	gsSP2Triangles(0, 1, 2, 0, 0, 2, 3, 0),
	gsSP2Triangles(4, 0, 3, 0, 4, 5, 0, 0),
	gsSP2Triangles(1, 0, 5, 0, 1, 5, 6, 0),
	gsSP2Triangles(7, 1, 6, 0, 7, 6, 8, 0),
	gsSP2Triangles(9, 7, 8, 0, 9, 8, 10, 0),
	gsSP2Triangles(11, 9, 10, 0, 11, 10, 12, 0),
	gsSP2Triangles(13, 11, 12, 0, 13, 12, 14, 0),
	gsSP2Triangles(13, 14, 15, 0, 16, 13, 15, 0),
	gsSP2Triangles(16, 15, 17, 0, 18, 16, 17, 0),
	gsSP2Triangles(18, 17, 19, 0, 20, 18, 19, 0),
	gsSP2Triangles(20, 19, 21, 0, 22, 20, 21, 0),
	gsSP2Triangles(22, 21, 23, 0, 24, 22, 23, 0),
	gsSP2Triangles(24, 23, 25, 0, 26, 24, 25, 0),
	gsSP2Triangles(26, 25, 27, 0, 28, 26, 27, 0),
	gsSP2Triangles(28, 27, 29, 0, 30, 28, 29, 0),
	gsSP1Triangle(30, 29, 31, 0),
	gsSPVertex(ccm_dl_VISUAL_mesh_layer_1_vtx_5 + 190, 32, 0),
	gsSP2Triangles(0, 1, 2, 0, 0, 2, 3, 0),
	gsSP2Triangles(0, 3, 4, 0, 0, 4, 5, 0),
	gsSP2Triangles(6, 7, 8, 0, 6, 8, 9, 0),
	gsSP2Triangles(10, 9, 8, 0, 8, 11, 10, 0),
	gsSP2Triangles(8, 12, 11, 0, 12, 13, 11, 0),
	gsSP2Triangles(12, 14, 13, 0, 15, 16, 17, 0),
	gsSP2Triangles(17, 18, 15, 0, 18, 19, 15, 0),
	gsSP2Triangles(20, 21, 22, 0, 23, 22, 21, 0),
	gsSP2Triangles(23, 21, 24, 0, 23, 24, 25, 0),
	gsSP2Triangles(26, 25, 24, 0, 26, 24, 27, 0),
	gsSP2Triangles(24, 28, 27, 0, 24, 29, 28, 0),
	gsSP2Triangles(29, 24, 30, 0, 30, 24, 31, 0),
	gsSPVertex(ccm_dl_VISUAL_mesh_layer_1_vtx_5 + 222, 32, 0),
	gsSP2Triangles(0, 1, 2, 0, 0, 2, 3, 0),
	gsSP2Triangles(4, 3, 2, 0, 4, 2, 5, 0),
	gsSP2Triangles(4, 5, 6, 0, 7, 6, 5, 0),
	gsSP2Triangles(6, 7, 8, 0, 7, 9, 8, 0),
	gsSP2Triangles(10, 6, 8, 0, 10, 4, 6, 0),
	gsSP2Triangles(8, 11, 10, 0, 8, 12, 11, 0),
	gsSP2Triangles(13, 12, 8, 0, 13, 14, 12, 0),
	gsSP2Triangles(15, 14, 13, 0, 15, 16, 14, 0),
	gsSP2Triangles(15, 17, 16, 0, 18, 16, 17, 0),
	gsSP2Triangles(19, 18, 17, 0, 20, 21, 22, 0),
	gsSP2Triangles(20, 22, 23, 0, 24, 20, 23, 0),
	gsSP2Triangles(25, 20, 24, 0, 20, 25, 26, 0),
	gsSP2Triangles(25, 27, 26, 0, 28, 29, 30, 0),
	gsSP1Triangle(29, 31, 30, 0),
	gsSPVertex(ccm_dl_VISUAL_mesh_layer_1_vtx_5 + 254, 32, 0),
	gsSP2Triangles(0, 1, 2, 0, 3, 1, 0, 0),
	gsSP2Triangles(3, 0, 4, 0, 3, 4, 5, 0),
	gsSP2Triangles(6, 5, 4, 0, 7, 5, 6, 0),
	gsSP2Triangles(7, 6, 8, 0, 9, 5, 7, 0),
	gsSP2Triangles(9, 10, 5, 0, 10, 3, 5, 0),
	gsSP2Triangles(10, 11, 3, 0, 11, 1, 3, 0),
	gsSP2Triangles(11, 12, 1, 0, 1, 12, 13, 0),
	gsSP2Triangles(13, 12, 14, 0, 12, 15, 14, 0),
	gsSP2Triangles(16, 14, 15, 0, 16, 15, 17, 0),
	gsSP2Triangles(15, 18, 17, 0, 18, 19, 17, 0),
	gsSP2Triangles(16, 17, 19, 0, 16, 19, 2, 0),
	gsSP2Triangles(20, 2, 19, 0, 2, 14, 16, 0),
	gsSP2Triangles(2, 13, 14, 0, 2, 1, 13, 0),
	gsSP2Triangles(9, 7, 21, 0, 22, 23, 24, 0),
	gsSP2Triangles(22, 25, 23, 0, 22, 26, 25, 0),
	gsSP2Triangles(22, 27, 26, 0, 27, 28, 26, 0),
	gsSP2Triangles(27, 29, 28, 0, 29, 30, 28, 0),
	gsSP1Triangle(28, 30, 31, 0),
	gsSPVertex(ccm_dl_VISUAL_mesh_layer_1_vtx_5 + 286, 29, 0),
	gsSP2Triangles(0, 1, 2, 0, 2, 1, 3, 0),
	gsSP2Triangles(1, 4, 3, 0, 1, 5, 4, 0),
	gsSP2Triangles(6, 4, 5, 0, 7, 4, 6, 0),
	gsSP2Triangles(3, 4, 7, 0, 3, 7, 8, 0),
	gsSP2Triangles(8, 2, 3, 0, 8, 9, 2, 0),
	gsSP2Triangles(2, 9, 0, 0, 10, 0, 9, 0),
	gsSP2Triangles(0, 10, 11, 0, 11, 10, 12, 0),
	gsSP2Triangles(12, 10, 13, 0, 13, 10, 14, 0),
	gsSP2Triangles(14, 15, 13, 0, 13, 15, 16, 0),
	gsSP2Triangles(16, 15, 17, 0, 13, 16, 18, 0),
	gsSP2Triangles(12, 13, 18, 0, 12, 18, 19, 0),
	gsSP2Triangles(20, 21, 22, 0, 21, 20, 23, 0),
	gsSP2Triangles(20, 24, 23, 0, 24, 25, 23, 0),
	gsSP2Triangles(24, 26, 25, 0, 26, 27, 25, 0),
	gsSP1Triangle(26, 28, 27, 0),
	gsSPEndDisplayList(),
};

Vtx ccm_dl_VISUAL_mesh_layer_1_vtx_6[40] = {
	{{ {2389, -1213, -2783}, 0, {-16, 2032}, {127, 0, 0, 255} }},
	{{ {2389, -1213, -3233}, 0, {2032, 2032}, {127, 0, 0, 255} }},
	{{ {2389, -763, -3233}, 0, {2032, -16}, {127, 0, 0, 255} }},
	{{ {2389, -763, -2783}, 0, {-16, -16}, {127, 0, 0, 255} }},
	{{ {3749, -1513, -6917}, 0, {-16, -16}, {90, 0, 166, 255} }},
	{{ {3866, -1513, -6634}, 0, {2032, -16}, {127, 0, 0, 255} }},
	{{ {3866, -1613, -6634}, 0, {2032, 2032}, {127, 0, 0, 255} }},
	{{ {3749, -1613, -6917}, 0, {-16, 2032}, {90, 0, 166, 255} }},
	{{ {3749, -1513, -6352}, 0, {-16, -16}, {90, 0, 90, 255} }},
	{{ {3466, -1513, -6234}, 0, {2032, -16}, {0, 0, 127, 255} }},
	{{ {3466, -1613, -6234}, 0, {2032, 2032}, {0, 0, 127, 255} }},
	{{ {3749, -1613, -6352}, 0, {-16, 2032}, {90, 0, 90, 255} }},
	{{ {3183, -1513, -6352}, 0, {-16, -16}, {166, 0, 90, 255} }},
	{{ {3066, -1513, -6634}, 0, {2032, -16}, {129, 0, 0, 255} }},
	{{ {3066, -1613, -6634}, 0, {2032, 2032}, {129, 0, 0, 255} }},
	{{ {3183, -1613, -6352}, 0, {-16, 2032}, {166, 0, 90, 255} }},
	{{ {3183, -1513, -6917}, 0, {-16, -16}, {166, 0, 166, 255} }},
	{{ {3466, -1513, -7034}, 0, {2032, -16}, {0, 0, 129, 255} }},
	{{ {3466, -1613, -7034}, 0, {2032, 2032}, {0, 0, 129, 255} }},
	{{ {3183, -1613, -6917}, 0, {-16, 2032}, {166, 0, 166, 255} }},
	{{ {3466, -1513, -7034}, 0, {-16, -16}, {0, 0, 129, 255} }},
	{{ {3749, -1513, -6917}, 0, {2032, -16}, {90, 0, 166, 255} }},
	{{ {3749, -1613, -6917}, 0, {2032, 2032}, {90, 0, 166, 255} }},
	{{ {3466, -1613, -7034}, 0, {-16, 2032}, {0, 0, 129, 255} }},
	{{ {3866, -1513, -6634}, 0, {-16, -16}, {127, 0, 0, 255} }},
	{{ {3749, -1513, -6352}, 0, {2032, -16}, {90, 0, 90, 255} }},
	{{ {3749, -1613, -6352}, 0, {2032, 2032}, {90, 0, 90, 255} }},
	{{ {3866, -1613, -6634}, 0, {-16, 2032}, {127, 0, 0, 255} }},
	{{ {3466, -1513, -6234}, 0, {-16, -16}, {0, 0, 127, 255} }},
	{{ {3183, -1513, -6352}, 0, {2032, -16}, {166, 0, 90, 255} }},
	{{ {3183, -1613, -6352}, 0, {2032, 2032}, {166, 0, 90, 255} }},
	{{ {3466, -1613, -6234}, 0, {-16, 2032}, {0, 0, 127, 255} }},
	{{ {3066, -1513, -6634}, 0, {-16, -16}, {129, 0, 0, 255} }},
	{{ {3183, -1513, -6917}, 0, {2032, -16}, {166, 0, 166, 255} }},
	{{ {3183, -1613, -6917}, 0, {2032, 2032}, {166, 0, 166, 255} }},
	{{ {3066, -1613, -6634}, 0, {-16, 2032}, {129, 0, 0, 255} }},
	{{ {-3637, 1477, -3316}, 0, {2032, -16}, {127, 0, 0, 255} }},
	{{ {-3637, 1477, -2951}, 0, {-16, -16}, {127, 0, 0, 255} }},
	{{ {-3637, 1175, -2951}, 0, {-16, 2032}, {127, 0, 0, 255} }},
	{{ {-3637, 1175, -3316}, 0, {2032, 2032}, {127, 0, 0, 255} }},
};

Gfx ccm_dl_VISUAL_mesh_layer_1_tri_6[] = {
	gsSPVertex(ccm_dl_VISUAL_mesh_layer_1_vtx_6 + 0, 32, 0),
	gsSP2Triangles(0, 1, 2, 0, 0, 2, 3, 0),
	gsSP2Triangles(4, 5, 6, 0, 4, 6, 7, 0),
	gsSP2Triangles(8, 9, 10, 0, 8, 10, 11, 0),
	gsSP2Triangles(12, 13, 14, 0, 12, 14, 15, 0),
	gsSP2Triangles(16, 17, 18, 0, 16, 18, 19, 0),
	gsSP2Triangles(20, 21, 22, 0, 20, 22, 23, 0),
	gsSP2Triangles(24, 25, 26, 0, 24, 26, 27, 0),
	gsSP2Triangles(28, 29, 30, 0, 28, 30, 31, 0),
	gsSPVertex(ccm_dl_VISUAL_mesh_layer_1_vtx_6 + 32, 8, 0),
	gsSP2Triangles(0, 1, 2, 0, 0, 2, 3, 0),
	gsSP2Triangles(4, 5, 6, 0, 4, 6, 7, 0),
	gsSPEndDisplayList(),
};

Vtx ccm_dl_VISUAL_mesh_layer_1_vtx_7[47] = {
	{{ {2589, -763, -3233}, 0, {-16, 2032}, {57, 57, 57, 255} }},
	{{ {2589, -763, -2783}, 0, {2032, 2032}, {57, 57, 57, 255} }},
	{{ {2389, -763, -2783}, 0, {2032, -16}, {57, 57, 57, 255} }},
	{{ {2389, -763, -3233}, 0, {-16, -16}, {57, 57, 57, 255} }},
	{{ {2589, -1213, -3233}, 0, {-16, 2032}, {57, 57, 57, 255} }},
	{{ {2589, -763, -3233}, 0, {2032, 2032}, {57, 57, 57, 255} }},
	{{ {2389, -763, -3233}, 0, {2032, -16}, {57, 57, 57, 255} }},
	{{ {2389, -1213, -3233}, 0, {-16, -16}, {57, 57, 57, 255} }},
	{{ {2589, -1213, -2783}, 0, {-16, 2032}, {57, 57, 57, 255} }},
	{{ {2589, -1213, -3233}, 0, {2032, 2032}, {57, 57, 57, 255} }},
	{{ {2389, -1213, -3233}, 0, {2032, -16}, {57, 57, 57, 255} }},
	{{ {2389, -1213, -2783}, 0, {-16, -16}, {57, 57, 57, 255} }},
	{{ {2589, -763, -2783}, 0, {-16, 2032}, {57, 57, 57, 255} }},
	{{ {2589, -1213, -2783}, 0, {2032, 2032}, {57, 57, 57, 255} }},
	{{ {2389, -1213, -2783}, 0, {2032, -16}, {57, 57, 57, 255} }},
	{{ {2389, -763, -2783}, 0, {-16, -16}, {57, 57, 57, 255} }},
	{{ {3466, -1463, -6937}, 0, {-440, -440}, {57, 57, 57, 255} }},
	{{ {3252, -1463, -6848}, 0, {1008, -1040}, {57, 57, 57, 255} }},
	{{ {3164, -1463, -6634}, 0, {2456, -440}, {57, 57, 57, 255} }},
	{{ {3466, -1463, -6332}, 0, {2456, 2456}, {57, 57, 57, 255} }},
	{{ {3252, -1463, -6420}, 0, {3056, 1008}, {57, 57, 57, 255} }},
	{{ {3769, -1463, -6634}, 0, {-440, 2456}, {57, 57, 57, 255} }},
	{{ {3680, -1463, -6420}, 0, {1008, 3056}, {57, 57, 57, 255} }},
	{{ {3680, -1463, -6848}, 0, {-1040, 1008}, {57, 57, 57, 255} }},
	{{ {-3487, 1477, -2951}, 0, {-16, 2032}, {57, 57, 57, 255} }},
	{{ {-3487, 1175, -2951}, 0, {2032, 2032}, {57, 57, 57, 255} }},
	{{ {-3637, 1175, -2951}, 0, {2032, -16}, {57, 57, 57, 255} }},
	{{ {-3637, 1477, -2951}, 0, {-16, -16}, {57, 57, 57, 255} }},
	{{ {-3487, 1175, -2951}, 0, {-16, 2032}, {57, 57, 57, 255} }},
	{{ {-3487, 1175, -3316}, 0, {2032, 2032}, {57, 57, 57, 255} }},
	{{ {-3637, 1175, -3316}, 0, {2032, -16}, {57, 57, 57, 255} }},
	{{ {-3637, 1175, -2951}, 0, {-16, -16}, {57, 57, 57, 255} }},
	{{ {-3487, 1175, -3316}, 0, {-16, 2032}, {57, 57, 57, 255} }},
	{{ {-3487, 1477, -3316}, 0, {2032, 2032}, {57, 57, 57, 255} }},
	{{ {-3637, 1477, -3316}, 0, {2032, -16}, {57, 57, 57, 255} }},
	{{ {-3637, 1175, -3316}, 0, {-16, -16}, {57, 57, 57, 255} }},
	{{ {-3487, 1477, -3316}, 0, {-16, 2032}, {57, 57, 57, 255} }},
	{{ {-3487, 1477, -2951}, 0, {2032, 2032}, {57, 57, 57, 255} }},
	{{ {-3637, 1477, -2951}, 0, {2032, -16}, {57, 57, 57, 255} }},
	{{ {-3637, 1477, -3316}, 0, {-16, -16}, {57, 57, 57, 255} }},
	{{ {1356, -1663, -6511}, 0, {3174, 1543}, {57, 57, 57, 255} }},
	{{ {1155, -1663, -6804}, 0, {918, -1745}, {57, 57, 57, 255} }},
	{{ {1155, -1603, -6724}, 0, {910, -846}, {57, 57, 57, 255} }},
	{{ {1035, -1603, -6370}, 0, {-439, 3134}, {57, 57, 57, 255} }},
	{{ {985, -1663, -6301}, 0, {-997, 3907}, {57, 57, 57, 255} }},
	{{ {1296, -1603, -6518}, 0, {2499, 1470}, {57, 57, 57, 255} }},
	{{ {1153, -1532, -6533}, 0, {891, 1296}, {57, 57, 57, 255} }},
};

Gfx ccm_dl_VISUAL_mesh_layer_1_tri_7[] = {
	gsSPVertex(ccm_dl_VISUAL_mesh_layer_1_vtx_7 + 0, 32, 0),
	gsSP2Triangles(0, 1, 2, 0, 0, 2, 3, 0),
	gsSP2Triangles(4, 5, 6, 0, 4, 6, 7, 0),
	gsSP2Triangles(8, 9, 10, 0, 8, 10, 11, 0),
	gsSP2Triangles(12, 13, 14, 0, 12, 14, 15, 0),
	gsSP2Triangles(16, 17, 18, 0, 16, 18, 19, 0),
	gsSP2Triangles(18, 20, 19, 0, 19, 21, 16, 0),
	gsSP2Triangles(19, 22, 21, 0, 21, 23, 16, 0),
	gsSP2Triangles(24, 25, 26, 0, 24, 26, 27, 0),
	gsSP2Triangles(28, 29, 30, 0, 28, 30, 31, 0),
	gsSPVertex(ccm_dl_VISUAL_mesh_layer_1_vtx_7 + 32, 15, 0),
	gsSP2Triangles(0, 1, 2, 0, 0, 2, 3, 0),
	gsSP2Triangles(4, 5, 6, 0, 4, 6, 7, 0),
	gsSP2Triangles(8, 9, 10, 0, 9, 11, 10, 0),
	gsSP2Triangles(9, 12, 11, 0, 12, 13, 11, 0),
	gsSP2Triangles(12, 8, 13, 0, 8, 10, 13, 0),
	gsSP2Triangles(13, 10, 14, 0, 10, 11, 14, 0),
	gsSP1Triangle(11, 13, 14, 0),
	gsSPEndDisplayList(),
};

Vtx ccm_dl_VISUAL_mesh_layer_1_vtx_8[10] = {
	{{ {2897, -1703, -4800}, 0, {2438, -643}, {0, 152, 255, 255} }},
	{{ {3309, -1703, -4626}, 0, {845, -2286}, {0, 152, 255, 255} }},
	{{ {3607, -1703, -4637}, 0, {-576, -2831}, {0, 152, 255, 255} }},
	{{ {3620, -1703, -5225}, 0, {-1815, -91}, {0, 152, 255, 255} }},
	{{ {3718, -1703, -4848}, 0, {-1522, -2064}, {0, 152, 255, 255} }},
	{{ {2716, -1703, -5561}, 0, {1761, 3301}, {0, 152, 255, 255} }},
	{{ {3111, -1703, -5756}, 0, {-488, 3424}, {0, 152, 255, 255} }},
	{{ {3401, -1703, -5615}, 0, {-1567, 2179}, {0, 152, 255, 255} }},
	{{ {2856, -1703, -5732}, 0, {757, 3823}, {0, 152, 255, 255} }},
	{{ {2734, -1703, -5182}, 0, {2438, 1481}, {0, 152, 255, 255} }},
};

Gfx ccm_dl_VISUAL_mesh_layer_1_tri_8[] = {
	gsSPVertex(ccm_dl_VISUAL_mesh_layer_1_vtx_8 + 0, 10, 0),
	gsSP2Triangles(0, 1, 2, 0, 0, 2, 3, 0),
	gsSP2Triangles(2, 4, 3, 0, 3, 5, 0, 0),
	gsSP2Triangles(3, 6, 5, 0, 3, 7, 6, 0),
	gsSP2Triangles(6, 8, 5, 0, 5, 9, 0, 0),
	gsSPEndDisplayList(),
};

Vtx ccm_dl_VISUAL_mesh_layer_1_vtx_9[39] = {
	{{ {2589, -1663, -2415}, 0, {10564, 571}, {14, 143, 0, 60} }},
	{{ {2589, -1663, -2333}, 0, {10564, 792}, {14, 143, 0, 255} }},
	{{ {2928, -1663, -2529}, 0, {11375, 260}, {14, 143, 0, 255} }},
	{{ {2928, -1663, -2611}, 0, {11375, 38}, {14, 143, 0, 0} }},
	{{ {2589, -1663, -2496}, 0, {10564, 349}, {14, 143, 0, 0} }},
	{{ {2928, -1663, -2692}, 0, {11375, -184}, {14, 143, 0, 0} }},
	{{ {-502, -1663, -4748}, 0, {3161, -5774}, {14, 143, 0, 0} }},
	{{ {-502, -1663, -5491}, 0, {3161, -7793}, {14, 143, 0, 0} }},
	{{ {-661, -1663, -5491}, 0, {2780, -7793}, {14, 143, 0, 255} }},
	{{ {-639, -1663, -4749}, 0, {2831, -5776}, {14, 143, 0, 255} }},
	{{ {3750, -1663, -2113}, 0, {13343, 1391}, {14, 143, 0, 255} }},
	{{ {3850, -1663, -2529}, 0, {13582, 260}, {14, 143, 0, 0} }},
	{{ {3750, -1663, -2321}, 0, {13343, 825}, {14, 143, 0, 0} }},
	{{ {4050, -1663, -2529}, 0, {14061, 260}, {14, 143, 0, 255} }},
	{{ {3950, -1663, -2829}, 0, {13822, -556}, {14, 143, 0, 0} }},
	{{ {4150, -1663, -2829}, 0, {14301, -556}, {14, 143, 0, 255} }},
	{{ {4089, -1663, -3625}, 0, {14156, -2720}, {14, 143, 0, 0} }},
	{{ {4289, -1663, -3625}, 0, {14635, -2720}, {14, 143, 0, 255} }},
	{{ {4131, -1663, -4421}, 0, {14256, -4884}, {14, 143, 0, 0} }},
	{{ {4331, -1663, -4421}, 0, {14735, -4884}, {14, 143, 0, 255} }},
	{{ {4131, -1663, -5217}, 0, {14256, -7048}, {14, 143, 0, 0} }},
	{{ {4331, -1663, -5217}, 0, {14735, -7048}, {14, 143, 0, 255} }},
	{{ {4022, -1663, -6013}, 0, {13995, -9212}, {14, 143, 0, 1} }},
	{{ {4222, -1663, -6013}, 0, {14474, -9212}, {14, 143, 0, 255} }},
	{{ {3915, -1663, -6303}, 0, {13739, -10002}, {14, 143, 0, 0} }},
	{{ {4115, -1663, -6303}, 0, {14218, -10002}, {14, 143, 0, 255} }},
	{{ {3808, -1663, -6493}, 0, {13482, -10518}, {14, 143, 0, 0} }},
	{{ {3969, -1663, -6551}, 0, {13868, -10677}, {14, 143, 0, 255} }},
	{{ {3866, -1663, -6634}, 0, {13622, -10903}, {14, 143, 0, 255} }},
	{{ {2727, -1663, -6784}, 0, {10894, -11310}, {14, 143, 0, 0} }},
	{{ {3125, -1663, -6776}, 0, {11846, -11287}, {14, 143, 0, 13} }},
	{{ {3183, -1663, -6917}, 0, {11987, -11672}, {14, 143, 0, 255} }},
	{{ {2727, -1663, -6784}, 0, {10894, -11310}, {14, 143, 0, 0} }},
	{{ {3183, -1663, -6917}, 0, {11987, -11672}, {14, 143, 0, 255} }},
	{{ {2788, -1663, -6913}, 0, {11040, -11661}, {14, 143, 0, 255} }},
	{{ {2400, -1663, -6954}, 0, {10109, -11772}, {14, 143, 0, 0} }},
	{{ {2449, -1663, -7025}, 0, {10228, -11965}, {14, 143, 0, 255} }},
	{{ {2251, -1663, -7006}, 0, {9753, -11913}, {14, 143, 0, 0} }},
	{{ {2110, -1663, -7326}, 0, {9416, -12784}, {14, 143, 0, 255} }},
};

Gfx ccm_dl_VISUAL_mesh_layer_1_tri_9[] = {
	gsSPVertex(ccm_dl_VISUAL_mesh_layer_1_vtx_9 + 0, 32, 0),
	gsSP2Triangles(0, 1, 2, 0, 0, 2, 3, 0),
	gsSP2Triangles(4, 0, 3, 0, 4, 3, 5, 0),
	gsSP2Triangles(6, 7, 8, 0, 6, 8, 9, 0),
	gsSP2Triangles(10, 11, 12, 0, 10, 13, 11, 0),
	gsSP2Triangles(13, 14, 11, 0, 13, 15, 14, 0),
	gsSP2Triangles(15, 16, 14, 0, 15, 17, 16, 0),
	gsSP2Triangles(17, 18, 16, 0, 17, 19, 18, 0),
	gsSP2Triangles(19, 20, 18, 0, 19, 21, 20, 0),
	gsSP2Triangles(21, 22, 20, 0, 21, 23, 22, 0),
	gsSP2Triangles(23, 24, 22, 0, 23, 25, 24, 0),
	gsSP2Triangles(25, 26, 24, 0, 25, 27, 26, 0),
	gsSP2Triangles(27, 28, 26, 0, 29, 30, 31, 0),
	gsSPVertex(ccm_dl_VISUAL_mesh_layer_1_vtx_9 + 32, 7, 0),
	gsSP2Triangles(0, 1, 2, 0, 3, 0, 2, 0),
	gsSP2Triangles(3, 2, 4, 0, 5, 3, 4, 0),
	gsSP1Triangle(5, 4, 6, 0),
	gsSPEndDisplayList(),
};

Vtx ccm_dl_VISUAL_mesh_layer_5_vtx_cull[8] = {
	{{ {-6981, -3813, 2878}, 0, {0, 0}, {0, 0, 0, 0} }},
	{{ {-6981, 1937, 2878}, 0, {0, 0}, {0, 0, 0, 0} }},
	{{ {-6981, 1937, -7787}, 0, {0, 0}, {0, 0, 0, 0} }},
	{{ {-6981, -3813, -7787}, 0, {0, 0}, {0, 0, 0, 0} }},
	{{ {4990, -3813, 2878}, 0, {0, 0}, {0, 0, 0, 0} }},
	{{ {4990, 1937, 2878}, 0, {0, 0}, {0, 0, 0, 0} }},
	{{ {4990, 1937, -7787}, 0, {0, 0}, {0, 0, 0, 0} }},
	{{ {4990, -3813, -7787}, 0, {0, 0}, {0, 0, 0, 0} }},
};

Vtx ccm_dl_VISUAL_mesh_layer_5_vtx_0[493] = {
	{{ {4373, -3563, -1191}, 0, {-25068, 12546}, {117, 157, 255, 0} }},
	{{ {4353, -3813, -345}, 0, {-28334, 13515}, {117, 157, 255, 0} }},
	{{ {4373, -3813, -1191}, 0, {-25067, 13511}, {117, 157, 255, 0} }},
	{{ {4353, -3563, -345}, 0, {-28335, 12550}, {117, 157, 255, 0} }},
	{{ {4373, -3313, -1191}, 0, {-25069, 11580}, {117, 157, 255, 60} }},
	{{ {4353, -3313, -345}, 0, {-28336, 11584}, {117, 157, 255, 45} }},
	{{ {4373, -2813, -1191}, 0, {-25071, 9650}, {117, 157, 255, 255} }},
	{{ {4353, -2813, -345}, 0, {-28339, 9654}, {117, 157, 255, 255} }},
	{{ {483, -3563, -1181}, 0, {-25922, 12587}, {117, 157, 255, 0} }},
	{{ {933, -3813, -944}, 0, {-27887, 13555}, {117, 157, 255, 0} }},
	{{ {483, -3813, -1181}, 0, {-25921, 13553}, {117, 157, 255, 0} }},
	{{ {933, -3563, -944}, 0, {-27888, 12589}, {117, 157, 255, 0} }},
	{{ {483, -3313, -1181}, 0, {-25923, 11622}, {117, 157, 255, 89} }},
	{{ {933, -3313, -944}, 0, {-27889, 11624}, {117, 157, 255, 89} }},
	{{ {483, -2813, -1181}, 0, {-25925, 9691}, {117, 157, 255, 255} }},
	{{ {933, -2813, -944}, 0, {-27891, 9693}, {117, 157, 255, 255} }},
	{{ {-6966, -3563, -3010}, 0, {29273, 12526}, {117, 157, 255, 0} }},
	{{ {-6911, -3813, -3425}, 0, {27655, 13485}, {117, 157, 255, 0} }},
	{{ {-6966, -3813, -3010}, 0, {29269, 13490}, {117, 157, 255, 0} }},
	{{ {-6911, -3563, -3425}, 0, {27658, 12521}, {117, 157, 255, 0} }},
	{{ {-6966, -3313, -3010}, 0, {29276, 11562}, {117, 157, 255, 58} }},
	{{ {-6911, -3313, -3425}, 0, {27661, 11556}, {117, 157, 255, 60} }},
	{{ {-6966, -2813, -3010}, 0, {29282, 9633}, {117, 157, 255, 255} }},
	{{ {-6911, -2813, -3425}, 0, {27668, 9627}, {117, 157, 255, 255} }},
	{{ {4353, -3563, -345}, 0, {-24239, 12550}, {117, 157, 255, 0} }},
	{{ {3899, -3813, 250}, 0, {-27131, 13518}, {117, 157, 255, 0} }},
	{{ {4353, -3813, -345}, 0, {-24238, 13515}, {117, 157, 255, 0} }},
	{{ {3899, -3563, 250}, 0, {-27132, 12553}, {117, 157, 255, 0} }},
	{{ {4353, -3313, -345}, 0, {-24240, 11584}, {117, 157, 255, 45} }},
	{{ {3899, -3313, 250}, 0, {-27133, 11588}, {117, 157, 255, 58} }},
	{{ {4353, -2813, -345}, 0, {-24243, 9654}, {117, 157, 255, 255} }},
	{{ {3899, -2813, 250}, 0, {-27135, 9657}, {117, 157, 255, 255} }},
	{{ {-6911, -3563, -3425}, 0, {29706, 12521}, {117, 157, 255, 0} }},
	{{ {-6749, -3813, -3883}, 0, {27828, 13479}, {117, 157, 255, 0} }},
	{{ {-6911, -3813, -3425}, 0, {29703, 13485}, {117, 157, 255, 0} }},
	{{ {-6749, -3563, -3883}, 0, {27832, 12514}, {117, 157, 255, 0} }},
	{{ {-6911, -3313, -3425}, 0, {29709, 11556}, {117, 157, 255, 60} }},
	{{ {-6749, -3313, -3883}, 0, {27835, 11550}, {117, 157, 255, 69} }},
	{{ {-6911, -2813, -3425}, 0, {29716, 9627}, {117, 157, 255, 255} }},
	{{ {-6749, -2813, -3883}, 0, {27841, 9621}, {117, 157, 255, 255} }},
	{{ {3899, -3563, 250}, 0, {-25084, 12553}, {117, 157, 255, 0} }},
	{{ {3299, -3813, 537}, 0, {-27648, 13521}, {117, 157, 255, 0} }},
	{{ {3899, -3813, 250}, 0, {-25083, 13518}, {117, 157, 255, 0} }},
	{{ {3299, -3563, 537}, 0, {-27650, 12556}, {117, 157, 255, 0} }},
	{{ {3899, -3313, 250}, 0, {-25085, 11588}, {117, 157, 255, 58} }},
	{{ {3299, -3313, 537}, 0, {-27651, 11591}, {117, 157, 255, 89} }},
	{{ {3899, -2813, 250}, 0, {-25087, 9657}, {117, 157, 255, 255} }},
	{{ {3299, -2813, 537}, 0, {-27653, 9660}, {117, 157, 255, 255} }},
	{{ {3299, -3563, 537}, 0, {-23554, 12556}, {117, 157, 255, 0} }},
	{{ {1991, -3813, 588}, 0, {-28610, 13527}, {117, 157, 255, 0} }},
	{{ {3299, -3813, 537}, 0, {-23552, 13521}, {117, 157, 255, 0} }},
	{{ {1991, -3563, 588}, 0, {-28611, 12562}, {117, 157, 255, 0} }},
	{{ {3299, -3313, 537}, 0, {-23555, 11591}, {117, 157, 255, 89} }},
	{{ {1991, -3313, 588}, 0, {-28612, 11596}, {117, 157, 255, 83} }},
	{{ {3299, -2813, 537}, 0, {-23557, 9660}, {117, 157, 255, 255} }},
	{{ {1991, -2813, 588}, 0, {-28614, 9666}, {117, 157, 255, 255} }},
	{{ {483, -3563, -2333}, 0, {-23522, 12582}, {117, 157, 255, 0} }},
	{{ {483, -3813, -1181}, 0, {-27969, 13553}, {117, 157, 255, 0} }},
	{{ {483, -3813, -2333}, 0, {-23521, 13547}, {117, 157, 255, 0} }},
	{{ {483, -3563, -1181}, 0, {-27970, 12587}, {117, 157, 255, 0} }},
	{{ {483, -3313, -2333}, 0, {-23523, 11617}, {117, 157, 255, 86} }},
	{{ {483, -3313, -1181}, 0, {-27971, 11622}, {117, 157, 255, 89} }},
	{{ {483, -2813, -2333}, 0, {-23525, 9686}, {117, 157, 255, 255} }},
	{{ {483, -2813, -1181}, 0, {-27973, 9691}, {117, 157, 255, 255} }},
	{{ {1991, -3563, 588}, 0, {-26563, 12562}, {117, 157, 255, 0} }},
	{{ {1622, -3813, 224}, 0, {-28563, 13529}, {117, 157, 255, 0} }},
	{{ {1991, -3813, 588}, 0, {-26562, 13527}, {117, 157, 255, 0} }},
	{{ {1622, -3563, 224}, 0, {-28564, 12564}, {117, 157, 255, 0} }},
	{{ {1991, -3313, 588}, 0, {-26564, 11596}, {117, 157, 255, 83} }},
	{{ {1622, -3313, 224}, 0, {-28566, 11599}, {117, 157, 255, 89} }},
	{{ {1991, -2813, 588}, 0, {-26566, 9666}, {117, 157, 255, 255} }},
	{{ {1622, -2813, 224}, 0, {-28568, 9668}, {117, 157, 255, 255} }},
	{{ {-6910, -3563, -2134}, 0, {30639, 12538}, {117, 157, 255, 0} }},
	{{ {-6965, -3813, -2303}, 0, {29951, 13500}, {117, 157, 255, 0} }},
	{{ {-6910, -3813, -2134}, 0, {30636, 13502}, {117, 157, 255, 0} }},
	{{ {-6965, -3563, -2303}, 0, {29954, 12535}, {117, 157, 255, 0} }},
	{{ {-6910, -3313, -2134}, 0, {30642, 11573}, {117, 157, 255, 64} }},
	{{ {-6965, -3313, -2303}, 0, {29957, 11571}, {117, 157, 255, 83} }},
	{{ {-6910, -2813, -2134}, 0, {30649, 9644}, {117, 157, 255, 255} }},
	{{ {-6965, -2813, -2303}, 0, {29964, 9642}, {117, 157, 255, 255} }},
	{{ {-6981, -3313, -2595}, 0, {28830, 11567}, {117, 157, 255, 57} }},
	{{ {-6981, -2813, -2595}, 0, {28836, 9638}, {117, 157, 255, 255} }},
	{{ {-6966, -3313, -3010}, 0, {27228, 11562}, {117, 157, 255, 58} }},
	{{ {-6966, -2813, -3010}, 0, {27234, 9633}, {117, 157, 255, 255} }},
	{{ {-6966, -3563, -3010}, 0, {27225, 12526}, {117, 157, 255, 0} }},
	{{ {-6981, -3563, -2595}, 0, {28827, 12531}, {117, 157, 255, 0} }},
	{{ {-6966, -3813, -3010}, 0, {27221, 13490}, {117, 157, 255, 0} }},
	{{ {-6981, -3813, -2595}, 0, {28823, 13496}, {117, 157, 255, 0} }},
	{{ {-6188, -3563, -1517}, 0, {30208, 12550}, {117, 157, 255, 0} }},
	{{ {-6574, -3813, -1852}, 0, {28235, 13508}, {117, 157, 255, 0} }},
	{{ {-6188, -3813, -1517}, 0, {30204, 13514}, {117, 157, 255, 0} }},
	{{ {-6574, -3563, -1852}, 0, {28238, 12543}, {117, 157, 255, 0} }},
	{{ {-6188, -3313, -1517}, 0, {30211, 11586}, {117, 157, 255, 60} }},
	{{ {-6574, -3313, -1852}, 0, {28242, 11579}, {117, 157, 255, 59} }},
	{{ {-6188, -2813, -1517}, 0, {30217, 9657}, {117, 157, 255, 255} }},
	{{ {-6574, -2813, -1852}, 0, {28248, 9650}, {117, 157, 255, 255} }},
	{{ {-6749, -3563, -3883}, 0, {29880, 12514}, {117, 157, 255, 0} }},
	{{ {-6464, -3813, -4438}, 0, {27468, 13471}, {117, 157, 255, 0} }},
	{{ {-6749, -3813, -3883}, 0, {29876, 13479}, {117, 157, 255, 0} }},
	{{ {-6464, -3563, -4438}, 0, {27471, 12506}, {117, 157, 255, 0} }},
	{{ {-6749, -3313, -3883}, 0, {29883, 11550}, {117, 157, 255, 69} }},
	{{ {-6464, -3313, -4438}, 0, {27474, 11542}, {117, 157, 255, 68} }},
	{{ {-6749, -2813, -3883}, 0, {29889, 9621}, {117, 157, 255, 255} }},
	{{ {-6464, -2813, -4438}, 0, {27481, 9613}, {117, 157, 255, 255} }},
	{{ {-6464, -3563, -4438}, 0, {29519, 12506}, {117, 157, 255, 0} }},
	{{ {-6151, -3813, -5049}, 0, {26871, 13462}, {117, 157, 255, 0} }},
	{{ {-6464, -3813, -4438}, 0, {29516, 13471}, {117, 157, 255, 0} }},
	{{ {-6151, -3563, -5049}, 0, {26874, 12497}, {117, 157, 255, 0} }},
	{{ {-6464, -3313, -4438}, 0, {29522, 11542}, {117, 157, 255, 68} }},
	{{ {-6151, -3313, -5049}, 0, {26878, 11533}, {117, 157, 255, 60} }},
	{{ {-6464, -2813, -4438}, 0, {29529, 9613}, {117, 157, 255, 255} }},
	{{ {-6151, -2813, -5049}, 0, {26884, 9604}, {117, 157, 255, 255} }},
	{{ {1379, -3563, -1197}, 0, {-23889, 12571}, {117, 157, 255, 0} }},
	{{ {1375, -3813, -1933}, 0, {-26733, 13539}, {117, 157, 255, 0} }},
	{{ {1379, -3813, -1197}, 0, {-23888, 13536}, {117, 157, 255, 0} }},
	{{ {1375, -3563, -1933}, 0, {-26734, 12574}, {117, 157, 255, 0} }},
	{{ {1379, -3313, -1197}, 0, {-23890, 11605}, {117, 157, 255, 89} }},
	{{ {1375, -3313, -1933}, 0, {-26735, 11609}, {117, 157, 255, 122} }},
	{{ {1379, -2813, -1197}, 0, {-23893, 9675}, {117, 157, 255, 255} }},
	{{ {1375, -2813, -1933}, 0, {-26738, 9678}, {117, 157, 255, 255} }},
	{{ {1478, -3313, -2333}, 0, {-28330, 11610}, {117, 157, 255, 89} }},
	{{ {1478, -2813, -2333}, 0, {-28332, 9680}, {117, 157, 255, 255} }},
	{{ {1478, -3563, -2333}, 0, {-28329, 12576}, {117, 157, 255, 0} }},
	{{ {1478, -3813, -2333}, 0, {-28328, 13541}, {117, 157, 255, 0} }},
	{{ {-4695, -3563, -5549}, 0, {28802, 12478}, {117, 157, 255, 0} }},
	{{ {-4028, -3813, -6271}, 0, {25004, 13442}, {117, 157, 255, 0} }},
	{{ {-4695, -3813, -5549}, 0, {28801, 13443}, {117, 157, 255, 0} }},
	{{ {-4028, -3563, -6271}, 0, {25004, 12476}, {117, 157, 255, 0} }},
	{{ {-4695, -3313, -5549}, 0, {28804, 11512}, {117, 157, 255, 88} }},
	{{ {-4028, -3563, -6271}, 0, {25004, 12476}, {117, 157, 255, 0} }},
	{{ {-4695, -3563, -5549}, 0, {28802, 12478}, {117, 157, 255, 0} }},
	{{ {-4028, -3313, -6271}, 0, {25004, 11510}, {117, 157, 255, 60} }},
	{{ {-4695, -2813, -5549}, 0, {28807, 9576}, {117, 157, 255, 255} }},
	{{ {-4028, -2813, -6271}, 0, {25003, 9578}, {117, 157, 255, 255} }},
	{{ {1622, -3563, 224}, 0, {-22420, 12564}, {117, 157, 255, 0} }},
	{{ {1379, -3813, -1197}, 0, {-27984, 13536}, {117, 157, 255, 0} }},
	{{ {1622, -3813, 224}, 0, {-22419, 13529}, {117, 157, 255, 0} }},
	{{ {1379, -3563, -1197}, 0, {-27985, 12571}, {117, 157, 255, 0} }},
	{{ {1622, -3313, 224}, 0, {-22422, 11599}, {117, 157, 255, 89} }},
	{{ {1379, -3313, -1197}, 0, {-27986, 11605}, {117, 157, 255, 89} }},
	{{ {1622, -2813, 224}, 0, {-22424, 9668}, {117, 157, 255, 255} }},
	{{ {1379, -2813, -1197}, 0, {-27989, 9675}, {117, 157, 255, 255} }},
	{{ {-5485, -3563, -5549}, 0, {29806, 12486}, {117, 157, 255, 0} }},
	{{ {-4695, -3813, -5549}, 0, {26753, 13443}, {117, 157, 255, 0} }},
	{{ {-5485, -3813, -5549}, 0, {29803, 13451}, {117, 157, 255, 0} }},
	{{ {-4695, -3563, -5549}, 0, {26754, 12478}, {117, 157, 255, 0} }},
	{{ {-5485, -3313, -5549}, 0, {29809, 11522}, {117, 157, 255, 56} }},
	{{ {-4695, -3313, -5549}, 0, {26756, 11512}, {117, 157, 255, 88} }},
	{{ {-5485, -2813, -5549}, 0, {29816, 9593}, {117, 157, 255, 255} }},
	{{ {-4695, -2813, -5549}, 0, {26759, 9576}, {117, 157, 255, 255} }},
	{{ {-4012, -3563, 1631}, 0, {28811, 12607}, {117, 157, 255, 0} }},
	{{ {-4272, -3813, 639}, 0, {24851, 13558}, {117, 157, 255, 0} }},
	{{ {-4012, -3813, 1631}, 0, {28808, 13572}, {117, 157, 255, 0} }},
	{{ {-4272, -3563, 639}, 0, {24854, 12594}, {117, 157, 255, 0} }},
	{{ {-4012, -3313, 1631}, 0, {28814, 11643}, {117, 157, 255, 60} }},
	{{ {-4272, -3313, 639}, 0, {24857, 11630}, {117, 157, 255, 60} }},
	{{ {-4012, -2813, 1631}, 0, {28821, 9714}, {117, 157, 255, 255} }},
	{{ {-4272, -2813, 639}, 0, {24864, 9701}, {117, 157, 255, 255} }},
	{{ {-4272, -3563, 639}, 0, {28950, 12594}, {117, 157, 255, 0} }},
	{{ {-4686, -3813, 234}, 0, {26713, 13551}, {117, 157, 255, 0} }},
	{{ {-4272, -3813, 639}, 0, {28947, 13558}, {117, 157, 255, 0} }},
	{{ {-4686, -3563, 234}, 0, {26716, 12586}, {117, 157, 255, 0} }},
	{{ {-4272, -3313, 639}, 0, {28953, 11630}, {117, 157, 255, 60} }},
	{{ {-4686, -3313, 234}, 0, {26719, 11622}, {117, 157, 255, 60} }},
	{{ {-4272, -2813, 639}, 0, {28960, 9701}, {117, 157, 255, 255} }},
	{{ {-4686, -2813, 234}, 0, {26726, 9693}, {117, 157, 255, 255} }},
	{{ {-4884, -3563, -935}, 0, {30310, 12571}, {117, 157, 255, 0} }},
	{{ {-5809, -3813, -935}, 0, {26739, 13523}, {117, 157, 255, 0} }},
	{{ {-4884, -3813, -935}, 0, {30307, 13535}, {117, 157, 255, 0} }},
	{{ {-5809, -3563, -935}, 0, {26742, 12559}, {117, 157, 255, 0} }},
	{{ {-4884, -3313, -935}, 0, {30313, 11607}, {117, 157, 255, 60} }},
	{{ {-5809, -3313, -935}, 0, {26746, 11595}, {117, 157, 255, 75} }},
	{{ {-4884, -2813, -935}, 0, {30320, 9678}, {117, 157, 255, 255} }},
	{{ {-5809, -2813, -935}, 0, {26752, 9666}, {117, 157, 255, 255} }},
	{{ {-4840, -3563, -297}, 0, {28681, 12579}, {117, 157, 255, 0} }},
	{{ {-4884, -3813, -935}, 0, {26211, 13535}, {117, 157, 255, 0} }},
	{{ {-4840, -3813, -297}, 0, {28678, 13544}, {117, 157, 255, 0} }},
	{{ {-4884, -3563, -935}, 0, {26214, 12571}, {117, 157, 255, 0} }},
	{{ {-4840, -3313, -297}, 0, {28684, 11615}, {117, 157, 255, 41} }},
	{{ {-4884, -3313, -935}, 0, {26217, 11607}, {117, 157, 255, 60} }},
	{{ {-4840, -2813, -297}, 0, {28691, 9686}, {117, 157, 255, 255} }},
	{{ {-4884, -2813, -935}, 0, {26224, 9678}, {117, 157, 255, 255} }},
	{{ {0, -3563, 2481}, 0, {-20175, 12607}, {117, 157, 255, 0} }},
	{{ {-1937, -3813, 2878}, 0, {-27807, 13581}, {117, 157, 255, 0} }},
	{{ {0, -3813, 2481}, 0, {-20173, 13572}, {117, 157, 255, 0} }},
	{{ {-1937, -3563, 2878}, 0, {-27808, 12616}, {117, 157, 255, 0} }},
	{{ {0, -3313, 2481}, 0, {-20176, 11641}, {117, 157, 255, 89} }},
	{{ {-1937, -3313, 2878}, 0, {-27809, 11650}, {117, 157, 255, 60} }},
	{{ {0, -2813, 2481}, 0, {-20178, 9711}, {117, 157, 255, 255} }},
	{{ {-1937, -2813, 2878}, 0, {-27811, 9719}, {117, 157, 255, 255} }},
	{{ {-4028, -3563, -6271}, 0, {29100, 12476}, {117, 157, 255, 0} }},
	{{ {-2630, -3813, -6299}, 0, {23699, 13446}, {117, 157, 255, 0} }},
	{{ {-4028, -3813, -6271}, 0, {29100, 13442}, {117, 157, 255, 0} }},
	{{ {-2630, -3563, -6299}, 0, {23699, 12480}, {117, 157, 255, 0} }},
	{{ {-4028, -3313, -6271}, 0, {29100, 11510}, {117, 157, 255, 60} }},
	{{ {-2630, -3313, -6299}, 0, {23698, 11515}, {117, 157, 255, 60} }},
	{{ {-4028, -2813, -6271}, 0, {29099, 9578}, {117, 157, 255, 255} }},
	{{ {-2630, -2813, -6299}, 0, {23696, 9583}, {117, 157, 255, 255} }},
	{{ {-1927, -3313, -5846}, 0, {20465, 11518}, {117, 157, 255, 60} }},
	{{ {-1927, -2813, -5846}, 0, {20463, 9587}, {117, 157, 255, 255} }},
	{{ {-1534, -3313, -6159}, 0, {18526, 11520}, {117, 157, 255, 60} }},
	{{ {-1534, -2813, -6159}, 0, {18523, 9589}, {117, 157, 255, 255} }},
	{{ {-1051, -3313, -6274}, 0, {16609, 11523}, {117, 157, 255, 60} }},
	{{ {-1051, -2813, -6274}, 0, {16607, 9592}, {117, 157, 255, 255} }},
	{{ {-152, -3313, -6275}, 0, {13134, 11527}, {117, 157, 255, 35} }},
	{{ {-152, -2813, -6275}, 0, {13132, 9596}, {117, 157, 255, 255} }},
	{{ {-62, -3313, -6295}, 0, {12782, 11527}, {117, 157, 255, 25} }},
	{{ {-62, -2813, -6295}, 0, {12779, 9596}, {117, 157, 255, 255} }},
	{{ {-6, -3313, -6345}, 0, {12489, 11527}, {117, 157, 255, 36} }},
	{{ {-6, -2813, -6345}, 0, {12487, 9597}, {117, 157, 255, 255} }},
	{{ {-4, -3313, -6944}, 0, {10175, 11530}, {117, 157, 255, 59} }},
	{{ {-4, -2813, -6944}, 0, {10173, 9599}, {117, 157, 255, 255} }},
	{{ {66, -3313, -7215}, 0, {9096, 11531}, {117, 157, 255, 39} }},
	{{ {66, -2813, -7215}, 0, {9094, 9601}, {117, 157, 255, 255} }},
	{{ {344, -3313, -7572}, 0, {7349, 11533}, {117, 157, 255, 39} }},
	{{ {344, -2813, -7572}, 0, {7347, 9603}, {117, 157, 255, 255} }},
	{{ {935, -3313, -7787}, 0, {4923, 11536}, {117, 157, 255, 60} }},
	{{ {935, -2813, -7787}, 0, {4920, 9605}, {117, 157, 255, 255} }},
	{{ {1235, -3313, -7787}, 0, {3764, 11537}, {117, 157, 255, 60} }},
	{{ {1235, -2813, -7787}, 0, {3762, 9607}, {117, 157, 255, 255} }},
	{{ {1610, -3313, -7721}, 0, {2292, 11539}, {117, 157, 255, 60} }},
	{{ {1610, -2813, -7721}, 0, {2290, 9608}, {117, 157, 255, 255} }},
	{{ {1610, -2813, -7721}, 0, {2290, 9608}, {117, 157, 255, 255} }},
	{{ {1874, -3313, -7565}, 0, {1110, 11541}, {117, 157, 255, 60} }},
	{{ {1610, -3313, -7721}, 0, {2292, 11539}, {117, 157, 255, 60} }},
	{{ {1874, -2813, -7565}, 0, {1107, 9610}, {117, 157, 255, 255} }},
	{{ {2304, -3313, -7620}, 0, {-564, 11542}, {117, 157, 255, 39} }},
	{{ {2304, -2813, -7620}, 0, {-567, 9612}, {117, 157, 255, 255} }},
	{{ {2682, -3313, -7624}, 0, {-2023, 11544}, {117, 157, 255, 60} }},
	{{ {2682, -2813, -7624}, 0, {-2026, 9613}, {117, 157, 255, 255} }},
	{{ {3006, -3313, -7517}, 0, {-3341, 11546}, {117, 157, 255, 60} }},
	{{ {3006, -2813, -7517}, 0, {-3344, 9615}, {117, 157, 255, 255} }},
	{{ {3466, -3313, -7034}, 0, {-5916, 11549}, {117, 157, 255, 89} }},
	{{ {3466, -2813, -7034}, 0, {-5919, 9618}, {117, 157, 255, 255} }},
	{{ {3749, -3313, -6917}, 0, {-7099, 11550}, {117, 157, 255, 89} }},
	{{ {3749, -2813, -6917}, 0, {-7101, 9619}, {117, 157, 255, 255} }},
	{{ {3866, -3313, -6634}, 0, {-8281, 11551}, {117, 157, 255, 49} }},
	{{ {3866, -2813, -6634}, 0, {-8283, 9621}, {117, 157, 255, 255} }},
	{{ {4126, -3313, -6691}, 0, {-9308, 11553}, {117, 157, 255, 39} }},
	{{ {4126, -2813, -6691}, 0, {-9310, 9622}, {117, 157, 255, 255} }},
	{{ {4569, -3313, -6720}, 0, {-11022, 11555}, {117, 157, 255, 60} }},
	{{ {4569, -2813, -6720}, 0, {-11024, 9624}, {117, 157, 255, 255} }},
	{{ {4868, -3313, -6185}, 0, {-13390, 11557}, {117, 157, 255, 51} }},
	{{ {4868, -2813, -6185}, 0, {-13392, 9627}, {117, 157, 255, 255} }},
	{{ {4990, -3313, -5290}, 0, {-16875, 11561}, {117, 157, 255, 60} }},
	{{ {4990, -2813, -5290}, 0, {-16877, 9631}, {117, 157, 255, 255} }},
	{{ {4990, -3313, -4396}, 0, {-20329, 11565}, {117, 157, 255, 56} }},
	{{ {4990, -2813, -4396}, 0, {-20331, 9635}, {117, 157, 255, 255} }},
	{{ {4944, -3313, -3502}, 0, {-23787, 11569}, {117, 157, 255, 42} }},
	{{ {4944, -2813, -3502}, 0, {-23789, 9639}, {117, 157, 255, 255} }},
	{{ {4787, -3313, -2607}, 0, {-27293, 11574}, {117, 157, 255, 60} }},
	{{ {4787, -2813, -2607}, 0, {-27295, 9643}, {117, 157, 255, 255} }},
	{{ {4674, -3313, -2270}, 0, {-28665, 11575}, {117, 157, 255, 60} }},
	{{ {4674, -2813, -2270}, 0, {-28667, 9644}, {117, 157, 255, 255} }},
	{{ {4787, -3313, -2607}, 0, {-27293, 11574}, {117, 157, 255, 60} }},
	{{ {4674, -3313, -2270}, 0, {-28665, 11575}, {117, 157, 255, 60} }},
	{{ {4674, -3563, -2270}, 0, {-28664, 12540}, {117, 157, 255, 0} }},
	{{ {4787, -3563, -2607}, 0, {-27292, 12539}, {117, 157, 255, 0} }},
	{{ {4674, -3813, -2270}, 0, {-28663, 13506}, {117, 157, 255, 0} }},
	{{ {4787, -3813, -2607}, 0, {-27290, 13504}, {117, 157, 255, 0} }},
	{{ {4944, -3563, -3502}, 0, {-23785, 12535}, {117, 157, 255, 0} }},
	{{ {4944, -3813, -3502}, 0, {-23784, 13500}, {117, 157, 255, 0} }},
	{{ {4990, -3563, -4396}, 0, {-20327, 12531}, {117, 157, 255, 0} }},
	{{ {4990, -3813, -4396}, 0, {-20326, 13496}, {117, 157, 255, 0} }},
	{{ {4990, -3563, -5290}, 0, {-16874, 12527}, {117, 157, 255, 0} }},
	{{ {4990, -3813, -5290}, 0, {-16873, 13492}, {117, 157, 255, 0} }},
	{{ {4868, -3563, -6185}, 0, {-13389, 12523}, {117, 157, 255, 0} }},
	{{ {4868, -3813, -6185}, 0, {-13388, 13488}, {117, 157, 255, 0} }},
	{{ {4569, -3563, -6720}, 0, {-11021, 12520}, {117, 157, 255, 0} }},
	{{ {4569, -3813, -6720}, 0, {-11020, 13485}, {117, 157, 255, 0} }},
	{{ {4126, -3563, -6691}, 0, {-9307, 12518}, {117, 157, 255, 0} }},
	{{ {4126, -3813, -6691}, 0, {-9306, 13483}, {117, 157, 255, 0} }},
	{{ {3866, -3563, -6634}, 0, {-8280, 12517}, {117, 157, 255, 0} }},
	{{ {3866, -3813, -6634}, 0, {-8279, 13482}, {117, 157, 255, 0} }},
	{{ {3749, -3563, -6917}, 0, {-7098, 12515}, {117, 157, 255, 0} }},
	{{ {3749, -3813, -6917}, 0, {-7096, 13481}, {117, 157, 255, 0} }},
	{{ {3466, -3563, -7034}, 0, {-5915, 12514}, {117, 157, 255, 0} }},
	{{ {3466, -3813, -7034}, 0, {-5914, 13479}, {117, 157, 255, 0} }},
	{{ {3006, -3563, -7517}, 0, {-3340, 12511}, {117, 157, 255, 0} }},
	{{ {3006, -3813, -7517}, 0, {-3339, 13476}, {117, 157, 255, 0} }},
	{{ {2682, -3563, -7624}, 0, {-2022, 12510}, {117, 157, 255, 0} }},
	{{ {2682, -3813, -7624}, 0, {-2021, 13475}, {117, 157, 255, 0} }},
	{{ {2304, -3563, -7620}, 0, {-563, 12508}, {117, 157, 255, 0} }},
	{{ {2304, -3813, -7620}, 0, {-562, 13473}, {117, 157, 255, 0} }},
	{{ {1874, -3563, -7565}, 0, {1111, 12506}, {117, 157, 255, 0} }},
	{{ {1874, -3813, -7565}, 0, {1112, 13471}, {117, 157, 255, 0} }},
	{{ {1610, -3563, -7721}, 0, {2293, 12505}, {117, 157, 255, 0} }},
	{{ {1874, -3563, -7565}, 0, {1111, 12506}, {117, 157, 255, 0} }},
	{{ {1874, -3813, -7565}, 0, {1112, 13471}, {117, 157, 255, 0} }},
	{{ {1610, -3813, -7721}, 0, {2295, 13470}, {117, 157, 255, 0} }},
	{{ {1235, -3563, -7787}, 0, {3765, 12503}, {117, 157, 255, 0} }},
	{{ {1235, -3813, -7787}, 0, {3766, 13468}, {117, 157, 255, 0} }},
	{{ {935, -3563, -7787}, 0, {4924, 12501}, {117, 157, 255, 0} }},
	{{ {935, -3813, -7787}, 0, {4925, 13467}, {117, 157, 255, 0} }},
	{{ {344, -3563, -7572}, 0, {7350, 12499}, {117, 157, 255, 0} }},
	{{ {344, -3813, -7572}, 0, {7351, 13464}, {117, 157, 255, 0} }},
	{{ {66, -3563, -7215}, 0, {9098, 12497}, {117, 157, 255, 0} }},
	{{ {66, -3813, -7215}, 0, {9099, 13462}, {117, 157, 255, 0} }},
	{{ {-4, -3563, -6944}, 0, {10177, 12495}, {117, 157, 255, 0} }},
	{{ {-4, -3813, -6944}, 0, {10178, 13461}, {117, 157, 255, 0} }},
	{{ {-6, -3563, -6345}, 0, {12491, 12493}, {117, 157, 255, 0} }},
	{{ {-6, -3813, -6345}, 0, {12492, 13458}, {117, 157, 255, 0} }},
	{{ {-62, -3563, -6295}, 0, {12783, 12492}, {117, 157, 255, 0} }},
	{{ {-62, -3813, -6295}, 0, {12784, 13458}, {117, 157, 255, 0} }},
	{{ {-152, -3563, -6275}, 0, {13136, 12492}, {117, 157, 255, 0} }},
	{{ {-152, -3813, -6275}, 0, {13137, 13457}, {117, 157, 255, 0} }},
	{{ {-1051, -3563, -6274}, 0, {16610, 12488}, {117, 157, 255, 0} }},
	{{ {-1051, -3813, -6274}, 0, {16611, 13453}, {117, 157, 255, 0} }},
	{{ {-1534, -3563, -6159}, 0, {18527, 12486}, {117, 157, 255, 0} }},
	{{ {-1534, -3813, -6159}, 0, {18528, 13451}, {117, 157, 255, 0} }},
	{{ {-1927, -3563, -5846}, 0, {20466, 12484}, {117, 157, 255, 0} }},
	{{ {-1927, -3813, -5846}, 0, {20467, 13449}, {117, 157, 255, 0} }},
	{{ {-2630, -3563, -6299}, 0, {23699, 12480}, {117, 157, 255, 0} }},
	{{ {-2630, -3813, -6299}, 0, {23699, 13446}, {117, 157, 255, 0} }},
	{{ {-2630, -3313, -6299}, 0, {23698, 11515}, {117, 157, 255, 60} }},
	{{ {-1927, -3313, -5846}, 0, {20465, 11518}, {117, 157, 255, 60} }},
	{{ {-1534, -3313, -6159}, 0, {18526, 11520}, {117, 157, 255, 60} }},
	{{ {-1051, -3313, -6274}, 0, {16609, 11523}, {117, 157, 255, 60} }},
	{{ {-1051, -3313, -6274}, 0, {16609, 11523}, {117, 157, 255, 60} }},
	{{ {-152, -3313, -6275}, 0, {13134, 11527}, {117, 157, 255, 35} }},
	{{ {-152, -3563, -6275}, 0, {13136, 12492}, {117, 157, 255, 0} }},
	{{ {-62, -3563, -6295}, 0, {12783, 12492}, {117, 157, 255, 0} }},
	{{ {-62, -3313, -6295}, 0, {12782, 11527}, {117, 157, 255, 25} }},
	{{ {-6, -3563, -6345}, 0, {12491, 12493}, {117, 157, 255, 0} }},
	{{ {-6, -3313, -6345}, 0, {12489, 11527}, {117, 157, 255, 36} }},
	{{ {-4, -3563, -6944}, 0, {10177, 12495}, {117, 157, 255, 0} }},
	{{ {-4, -3313, -6944}, 0, {10175, 11530}, {117, 157, 255, 59} }},
	{{ {66, -3563, -7215}, 0, {9098, 12497}, {117, 157, 255, 0} }},
	{{ {66, -3313, -7215}, 0, {9096, 11531}, {117, 157, 255, 39} }},
	{{ {344, -3563, -7572}, 0, {7350, 12499}, {117, 157, 255, 0} }},
	{{ {344, -3313, -7572}, 0, {7349, 11533}, {117, 157, 255, 39} }},
	{{ {935, -3563, -7787}, 0, {4924, 12501}, {117, 157, 255, 0} }},
	{{ {935, -3313, -7787}, 0, {4923, 11536}, {117, 157, 255, 60} }},
	{{ {1235, -3563, -7787}, 0, {3765, 12503}, {117, 157, 255, 0} }},
	{{ {1235, -3313, -7787}, 0, {3764, 11537}, {117, 157, 255, 60} }},
	{{ {1610, -3563, -7721}, 0, {2293, 12505}, {117, 157, 255, 0} }},
	{{ {1610, -3313, -7721}, 0, {2292, 11539}, {117, 157, 255, 60} }},
	{{ {1874, -3563, -7565}, 0, {1111, 12506}, {117, 157, 255, 0} }},
	{{ {1874, -3313, -7565}, 0, {1110, 11541}, {117, 157, 255, 60} }},
	{{ {2304, -3563, -7620}, 0, {-563, 12508}, {117, 157, 255, 0} }},
	{{ {2304, -3313, -7620}, 0, {-564, 11542}, {117, 157, 255, 39} }},
	{{ {2682, -3563, -7624}, 0, {-2022, 12510}, {117, 157, 255, 0} }},
	{{ {2682, -3313, -7624}, 0, {-2023, 11544}, {117, 157, 255, 60} }},
	{{ {3006, -3563, -7517}, 0, {-3340, 12511}, {117, 157, 255, 0} }},
	{{ {3006, -3313, -7517}, 0, {-3341, 11546}, {117, 157, 255, 60} }},
	{{ {3466, -3563, -7034}, 0, {-5915, 12514}, {117, 157, 255, 0} }},
	{{ {3466, -3313, -7034}, 0, {-5916, 11549}, {117, 157, 255, 89} }},
	{{ {3749, -3563, -6917}, 0, {-7098, 12515}, {117, 157, 255, 0} }},
	{{ {3749, -3313, -6917}, 0, {-7099, 11550}, {117, 157, 255, 89} }},
	{{ {3866, -3563, -6634}, 0, {-8280, 12517}, {117, 157, 255, 0} }},
	{{ {3749, -3313, -6917}, 0, {-7099, 11550}, {117, 157, 255, 89} }},
	{{ {3866, -3313, -6634}, 0, {-8281, 11551}, {117, 157, 255, 49} }},
	{{ {3866, -3563, -6634}, 0, {-8280, 12517}, {117, 157, 255, 0} }},
	{{ {4126, -3563, -6691}, 0, {-9307, 12518}, {117, 157, 255, 0} }},
	{{ {4126, -3313, -6691}, 0, {-9308, 11553}, {117, 157, 255, 39} }},
	{{ {4569, -3563, -6720}, 0, {-11021, 12520}, {117, 157, 255, 0} }},
	{{ {4569, -3313, -6720}, 0, {-11022, 11555}, {117, 157, 255, 60} }},
	{{ {4868, -3563, -6185}, 0, {-13389, 12523}, {117, 157, 255, 0} }},
	{{ {4868, -3313, -6185}, 0, {-13390, 11557}, {117, 157, 255, 51} }},
	{{ {4990, -3563, -5290}, 0, {-16874, 12527}, {117, 157, 255, 0} }},
	{{ {4990, -3313, -5290}, 0, {-16875, 11561}, {117, 157, 255, 60} }},
	{{ {4990, -3563, -4396}, 0, {-20327, 12531}, {117, 157, 255, 0} }},
	{{ {4990, -3313, -4396}, 0, {-20329, 11565}, {117, 157, 255, 56} }},
	{{ {4944, -3563, -3502}, 0, {-23785, 12535}, {117, 157, 255, 0} }},
	{{ {4944, -3313, -3502}, 0, {-23787, 11569}, {117, 157, 255, 42} }},
	{{ {4787, -3563, -2607}, 0, {-27292, 12539}, {117, 157, 255, 0} }},
	{{ {4787, -3313, -2607}, 0, {-27293, 11574}, {117, 157, 255, 60} }},
	{{ {-4686, -3563, 234}, 0, {28764, 12586}, {117, 157, 255, 0} }},
	{{ {-4840, -3813, -297}, 0, {26630, 13544}, {117, 157, 255, 0} }},
	{{ {-4686, -3813, 234}, 0, {28761, 13551}, {117, 157, 255, 0} }},
	{{ {-4840, -3563, -297}, 0, {26633, 12579}, {117, 157, 255, 0} }},
	{{ {-4686, -3313, 234}, 0, {28767, 11622}, {117, 157, 255, 60} }},
	{{ {-4840, -3313, -297}, 0, {26636, 11615}, {117, 157, 255, 41} }},
	{{ {-4686, -2813, 234}, 0, {28774, 9693}, {117, 157, 255, 255} }},
	{{ {-4840, -2813, -297}, 0, {26643, 9686}, {117, 157, 255, 255} }},
	{{ {-3315, -3563, 2594}, 0, {29299, 12623}, {117, 157, 255, 0} }},
	{{ {-4012, -3813, 1631}, 0, {24712, 13572}, {117, 157, 255, 0} }},
	{{ {-3315, -3813, 2594}, 0, {29296, 13587}, {117, 157, 255, 0} }},
	{{ {-4012, -3563, 1631}, 0, {24715, 12607}, {117, 157, 255, 0} }},
	{{ {-3315, -3313, 2594}, 0, {29303, 11658}, {117, 157, 255, 60} }},
	{{ {-4012, -3313, 1631}, 0, {24718, 11643}, {117, 157, 255, 60} }},
	{{ {-3315, -2813, 2594}, 0, {29309, 9730}, {117, 157, 255, 255} }},
	{{ {-3315, -2813, 2594}, 0, {29309, 9730}, {117, 157, 255, 255} }},
	{{ {-4012, -2813, 1631}, 0, {24725, 9714}, {117, 157, 255, 255} }},
	{{ {-4012, -3313, 1631}, 0, {24718, 11643}, {117, 157, 255, 60} }},
	{{ {-1937, -3563, 2878}, 0, {-21664, 12616}, {117, 157, 255, 0} }},
	{{ {-3315, -3813, 2594}, 0, {-27097, 13587}, {117, 157, 255, 0} }},
	{{ {-1937, -3813, 2878}, 0, {-21663, 13581}, {117, 157, 255, 0} }},
	{{ {-3315, -3563, 2594}, 0, {-27098, 12622}, {117, 157, 255, 0} }},
	{{ {-1937, -3313, 2878}, 0, {-21665, 11650}, {117, 157, 255, 60} }},
	{{ {-3315, -3313, 2594}, 0, {-27099, 11656}, {117, 157, 255, 60} }},
	{{ {-1937, -2813, 2878}, 0, {-21667, 9719}, {117, 157, 255, 255} }},
	{{ {-3315, -2813, 2594}, 0, {-27101, 9726}, {117, 157, 255, 255} }},
	{{ {663, -3563, -2540}, 0, {-26126, 12580}, {117, 157, 255, 0} }},
	{{ {663, -3813, -2333}, 0, {-26922, 13547}, {117, 157, 255, 0} }},
	{{ {663, -3813, -2540}, 0, {-26125, 13546}, {117, 157, 255, 0} }},
	{{ {663, -3563, -2333}, 0, {-26923, 12581}, {117, 157, 255, 0} }},
	{{ {663, -3313, -2540}, 0, {-26127, 11615}, {117, 157, 255, 60} }},
	{{ {663, -3313, -2333}, 0, {-26924, 11616}, {117, 157, 255, 65} }},
	{{ {663, -2813, -2540}, 0, {-26130, 9684}, {117, 157, 255, 255} }},
	{{ {663, -2813, -2333}, 0, {-26926, 9685}, {117, 157, 255, 255} }},
	{{ {483, -3313, -2333}, 0, {-27619, 11617}, {117, 157, 255, 86} }},
	{{ {483, -2813, -2333}, 0, {-27621, 9686}, {117, 157, 255, 255} }},
	{{ {483, -3563, -2333}, 0, {-27618, 12582}, {117, 157, 255, 0} }},
	{{ {483, -3813, -2333}, 0, {-27617, 13547}, {117, 157, 255, 0} }},
	{{ {-6151, -3563, -5049}, 0, {28922, 12497}, {117, 157, 255, 0} }},
	{{ {-5485, -3813, -5549}, 0, {25707, 13451}, {117, 157, 255, 0} }},
	{{ {-6151, -3813, -5049}, 0, {28919, 13462}, {117, 157, 255, 0} }},
	{{ {-5485, -3563, -5549}, 0, {25710, 12486}, {117, 157, 255, 0} }},
	{{ {-6151, -3313, -5049}, 0, {28926, 11533}, {117, 157, 255, 60} }},
	{{ {-5485, -3313, -5549}, 0, {25713, 11522}, {117, 157, 255, 56} }},
	{{ {-6151, -2813, -5049}, 0, {28932, 9604}, {117, 157, 255, 255} }},
	{{ {-5485, -2813, -5549}, 0, {25720, 9593}, {117, 157, 255, 255} }},
	{{ {1263, -3563, -2540}, 0, {-25857, 12578}, {117, 157, 255, 0} }},
	{{ {663, -3813, -2540}, 0, {-28173, 13546}, {117, 157, 255, 0} }},
	{{ {1263, -3813, -2540}, 0, {-25856, 13543}, {117, 157, 255, 0} }},
	{{ {663, -3563, -2540}, 0, {-28174, 12580}, {117, 157, 255, 0} }},
	{{ {1263, -3313, -2540}, 0, {-25859, 11612}, {117, 157, 255, 89} }},
	{{ {663, -3313, -2540}, 0, {-28175, 11615}, {117, 157, 255, 60} }},
	{{ {1263, -2813, -2540}, 0, {-25861, 9682}, {117, 157, 255, 255} }},
	{{ {663, -2813, -2540}, 0, {-28178, 9684}, {117, 157, 255, 255} }},
	{{ {1478, -3563, -2333}, 0, {-26281, 12576}, {117, 157, 255, 0} }},
	{{ {1263, -3813, -2333}, 0, {-27108, 13542}, {117, 157, 255, 0} }},
	{{ {1478, -3813, -2333}, 0, {-26280, 13541}, {117, 157, 255, 0} }},
	{{ {1263, -3563, -2333}, 0, {-27109, 12577}, {117, 157, 255, 0} }},
	{{ {1478, -3313, -2333}, 0, {-26282, 11610}, {117, 157, 255, 89} }},
	{{ {1263, -3313, -2333}, 0, {-27110, 11611}, {117, 157, 255, 89} }},
	{{ {1478, -2813, -2333}, 0, {-26284, 9680}, {117, 157, 255, 255} }},
	{{ {1263, -2813, -2333}, 0, {-27112, 9681}, {117, 157, 255, 255} }},
	{{ {1263, -3313, -2540}, 0, {-27907, 11612}, {117, 157, 255, 89} }},
	{{ {1263, -2813, -2540}, 0, {-27909, 9682}, {117, 157, 255, 255} }},
	{{ {1263, -3563, -2540}, 0, {-27905, 12578}, {117, 157, 255, 0} }},
	{{ {1263, -3813, -2540}, 0, {-27904, 13543}, {117, 157, 255, 0} }},
	{{ {4674, -3563, -2270}, 0, {-24568, 12540}, {117, 157, 255, 0} }},
	{{ {4337, -3813, -1803}, 0, {-26792, 13508}, {117, 157, 255, 0} }},
	{{ {4674, -3813, -2270}, 0, {-24567, 13506}, {117, 157, 255, 0} }},
	{{ {4337, -3563, -1803}, 0, {-26793, 12543}, {117, 157, 255, 0} }},
	{{ {4674, -3313, -2270}, 0, {-24569, 11575}, {117, 157, 255, 60} }},
	{{ {4337, -3313, -1803}, 0, {-26794, 11578}, {117, 157, 255, 60} }},
	{{ {4674, -2813, -2270}, 0, {-24571, 9644}, {117, 157, 255, 255} }},
	{{ {4337, -2813, -1803}, 0, {-26797, 9647}, {117, 157, 255, 255} }},
	{{ {4373, -3313, -1532}, 0, {-27848, 11579}, {117, 157, 255, 58} }},
	{{ {4373, -2813, -1532}, 0, {-27850, 9648}, {117, 157, 255, 255} }},
	{{ {4373, -3563, -1532}, 0, {-27847, 12544}, {117, 157, 255, 0} }},
	{{ {4373, -3813, -1532}, 0, {-27846, 13510}, {117, 157, 255, 0} }},
	{{ {933, -3563, -944}, 0, {-23792, 12589}, {117, 157, 255, 0} }},
	{{ {1320, -3813, -10}, 0, {-27691, 13559}, {117, 157, 255, 0} }},
	{{ {933, -3813, -944}, 0, {-23791, 13555}, {117, 157, 255, 0} }},
	{{ {1320, -3563, -10}, 0, {-27693, 12594}, {117, 157, 255, 0} }},
	{{ {933, -3313, -944}, 0, {-23793, 11624}, {117, 157, 255, 89} }},
	{{ {1320, -3313, -10}, 0, {-27694, 11629}, {117, 157, 255, 91} }},
	{{ {933, -2813, -944}, 0, {-23795, 9693}, {117, 157, 255, 255} }},
	{{ {1320, -2813, -10}, 0, {-27696, 9698}, {117, 157, 255, 255} }},
	{{ {933, -3563, 923}, 0, {-21353, 12599}, {117, 157, 255, 0} }},
	{{ {0, -3813, 2481}, 0, {-28365, 13572}, {117, 157, 255, 0} }},
	{{ {933, -3813, 923}, 0, {-21352, 13564}, {117, 157, 255, 0} }},
	{{ {0, -3563, 2481}, 0, {-28367, 12607}, {117, 157, 255, 0} }},
	{{ {933, -3313, 923}, 0, {-21354, 11633}, {117, 157, 255, 89} }},
	{{ {0, -3313, 2481}, 0, {-28368, 11641}, {117, 157, 255, 89} }},
	{{ {933, -2813, 923}, 0, {-21356, 9702}, {117, 157, 255, 255} }},
	{{ {0, -2813, 2481}, 0, {-28370, 9711}, {117, 157, 255, 255} }},
	{{ {-5809, -3563, -935}, 0, {28790, 12559}, {117, 157, 255, 0} }},
	{{ {-6188, -3813, -1517}, 0, {26108, 13514}, {117, 157, 255, 0} }},
	{{ {-5809, -3813, -935}, 0, {28787, 13523}, {117, 157, 255, 0} }},
	{{ {-6188, -3563, -1517}, 0, {26112, 12550}, {117, 157, 255, 0} }},
	{{ {-5809, -3313, -935}, 0, {28794, 11595}, {117, 157, 255, 75} }},
	{{ {-6188, -3313, -1517}, 0, {26115, 11586}, {117, 157, 255, 60} }},
	{{ {-5809, -2813, -935}, 0, {28800, 9666}, {117, 157, 255, 255} }},
	{{ {-6188, -2813, -1517}, 0, {26121, 9657}, {117, 157, 255, 255} }},
	{{ {4373, -3563, -1532}, 0, {-25799, 12544}, {117, 157, 255, 0} }},
	{{ {4373, -3813, -1191}, 0, {-27115, 13511}, {117, 157, 255, 0} }},
	{{ {4373, -3813, -1532}, 0, {-25798, 13510}, {117, 157, 255, 0} }},
	{{ {4373, -3563, -1191}, 0, {-27116, 12546}, {117, 157, 255, 0} }},
	{{ {4373, -3313, -1532}, 0, {-25800, 11579}, {117, 157, 255, 58} }},
	{{ {4373, -3313, -1191}, 0, {-27117, 11580}, {117, 157, 255, 60} }},
	{{ {4373, -2813, -1532}, 0, {-25802, 9648}, {117, 157, 255, 255} }},
	{{ {4373, -2813, -1191}, 0, {-27119, 9650}, {117, 157, 255, 255} }},
	{{ {1320, -3563, -10}, 0, {-23597, 12594}, {117, 157, 255, 0} }},
	{{ {933, -3813, 923}, 0, {-27496, 13564}, {117, 157, 255, 0} }},
	{{ {1320, -3813, -10}, 0, {-23595, 13559}, {117, 157, 255, 0} }},
	{{ {933, -3563, 923}, 0, {-27497, 12599}, {117, 157, 255, 0} }},
	{{ {1320, -3313, -10}, 0, {-23598, 11629}, {117, 157, 255, 91} }},
	{{ {933, -3313, 923}, 0, {-27498, 11633}, {117, 157, 255, 89} }},
	{{ {1320, -2813, -10}, 0, {-23600, 9698}, {117, 157, 255, 255} }},
	{{ {933, -2813, 923}, 0, {-27500, 9702}, {117, 157, 255, 255} }},
	{{ {-6574, -3563, -1852}, 0, {30286, 12543}, {117, 157, 255, 0} }},
	{{ {-6910, -3813, -2134}, 0, {28588, 13502}, {117, 157, 255, 0} }},
	{{ {-6574, -3813, -1852}, 0, {30283, 13508}, {117, 157, 255, 0} }},
	{{ {-6910, -3563, -2134}, 0, {28591, 12538}, {117, 157, 255, 0} }},
	{{ {-6574, -3313, -1852}, 0, {30290, 11579}, {117, 157, 255, 59} }},
	{{ {-6910, -3313, -2134}, 0, {28594, 11573}, {117, 157, 255, 64} }},
	{{ {-6574, -2813, -1852}, 0, {30296, 9650}, {117, 157, 255, 255} }},
	{{ {-6910, -2813, -2134}, 0, {28601, 9644}, {117, 157, 255, 255} }},
};

Gfx ccm_dl_VISUAL_mesh_layer_5_tri_0[] = {
	gsSPVertex(ccm_dl_VISUAL_mesh_layer_5_vtx_0 + 0, 32, 0),
	gsSP2Triangles(0, 1, 2, 0, 0, 3, 1, 0),
	gsSP2Triangles(4, 3, 0, 0, 4, 5, 3, 0),
	gsSP2Triangles(6, 5, 4, 0, 6, 7, 5, 0),
	gsSP2Triangles(8, 9, 10, 0, 8, 11, 9, 0),
	gsSP2Triangles(12, 11, 8, 0, 12, 13, 11, 0),
	gsSP2Triangles(14, 13, 12, 0, 14, 15, 13, 0),
	gsSP2Triangles(16, 17, 18, 0, 16, 19, 17, 0),
	gsSP2Triangles(20, 19, 16, 0, 20, 21, 19, 0),
	gsSP2Triangles(22, 21, 20, 0, 22, 23, 21, 0),
	gsSP2Triangles(24, 25, 26, 0, 24, 27, 25, 0),
	gsSP2Triangles(28, 27, 24, 0, 28, 29, 27, 0),
	gsSP2Triangles(30, 29, 28, 0, 30, 31, 29, 0),
	gsSPVertex(ccm_dl_VISUAL_mesh_layer_5_vtx_0 + 32, 32, 0),
	gsSP2Triangles(0, 1, 2, 0, 0, 3, 1, 0),
	gsSP2Triangles(4, 3, 0, 0, 4, 5, 3, 0),
	gsSP2Triangles(6, 5, 4, 0, 6, 7, 5, 0),
	gsSP2Triangles(8, 9, 10, 0, 8, 11, 9, 0),
	gsSP2Triangles(12, 11, 8, 0, 12, 13, 11, 0),
	gsSP2Triangles(14, 13, 12, 0, 14, 15, 13, 0),
	gsSP2Triangles(16, 17, 18, 0, 16, 19, 17, 0),
	gsSP2Triangles(20, 19, 16, 0, 20, 21, 19, 0),
	gsSP2Triangles(22, 21, 20, 0, 22, 23, 21, 0),
	gsSP2Triangles(24, 25, 26, 0, 24, 27, 25, 0),
	gsSP2Triangles(28, 27, 24, 0, 28, 29, 27, 0),
	gsSP2Triangles(30, 29, 28, 0, 30, 31, 29, 0),
	gsSPVertex(ccm_dl_VISUAL_mesh_layer_5_vtx_0 + 64, 32, 0),
	gsSP2Triangles(0, 1, 2, 0, 0, 3, 1, 0),
	gsSP2Triangles(4, 3, 0, 0, 4, 5, 3, 0),
	gsSP2Triangles(6, 5, 4, 0, 6, 7, 5, 0),
	gsSP2Triangles(8, 9, 10, 0, 8, 11, 9, 0),
	gsSP2Triangles(12, 11, 8, 0, 12, 13, 11, 0),
	gsSP2Triangles(14, 13, 12, 0, 14, 15, 13, 0),
	gsSP2Triangles(15, 16, 13, 0, 15, 17, 16, 0),
	gsSP2Triangles(17, 18, 16, 0, 17, 19, 18, 0),
	gsSP2Triangles(16, 18, 20, 0, 16, 20, 21, 0),
	gsSP2Triangles(21, 20, 22, 0, 21, 22, 23, 0),
	gsSP2Triangles(11, 21, 23, 0, 11, 23, 9, 0),
	gsSP2Triangles(13, 21, 11, 0, 13, 16, 21, 0),
	gsSP2Triangles(24, 25, 26, 0, 24, 27, 25, 0),
	gsSP2Triangles(28, 27, 24, 0, 28, 29, 27, 0),
	gsSP2Triangles(30, 29, 28, 0, 30, 31, 29, 0),
	gsSPVertex(ccm_dl_VISUAL_mesh_layer_5_vtx_0 + 96, 32, 0),
	gsSP2Triangles(0, 1, 2, 0, 0, 3, 1, 0),
	gsSP2Triangles(4, 3, 0, 0, 4, 5, 3, 0),
	gsSP2Triangles(6, 5, 4, 0, 6, 7, 5, 0),
	gsSP2Triangles(8, 9, 10, 0, 8, 11, 9, 0),
	gsSP2Triangles(12, 11, 8, 0, 12, 13, 11, 0),
	gsSP2Triangles(14, 13, 12, 0, 14, 15, 13, 0),
	gsSP2Triangles(16, 17, 18, 0, 16, 19, 17, 0),
	gsSP2Triangles(20, 19, 16, 0, 20, 21, 19, 0),
	gsSP2Triangles(22, 21, 20, 0, 22, 23, 21, 0),
	gsSP2Triangles(23, 24, 21, 0, 23, 25, 24, 0),
	gsSP2Triangles(21, 24, 26, 0, 21, 26, 19, 0),
	gsSP2Triangles(19, 26, 27, 0, 19, 27, 17, 0),
	gsSP2Triangles(28, 29, 30, 0, 28, 31, 29, 0),
	gsSPVertex(ccm_dl_VISUAL_mesh_layer_5_vtx_0 + 128, 30, 0),
	gsSP2Triangles(0, 1, 2, 0, 0, 3, 1, 0),
	gsSP2Triangles(4, 3, 0, 0, 4, 5, 3, 0),
	gsSP2Triangles(6, 7, 8, 0, 6, 9, 7, 0),
	gsSP2Triangles(10, 9, 6, 0, 10, 11, 9, 0),
	gsSP2Triangles(12, 11, 10, 0, 12, 13, 11, 0),
	gsSP2Triangles(14, 15, 16, 0, 14, 17, 15, 0),
	gsSP2Triangles(18, 17, 14, 0, 18, 19, 17, 0),
	gsSP2Triangles(20, 19, 18, 0, 20, 21, 19, 0),
	gsSP2Triangles(22, 23, 24, 0, 22, 25, 23, 0),
	gsSP2Triangles(26, 25, 22, 0, 26, 27, 25, 0),
	gsSP2Triangles(28, 27, 26, 0, 28, 29, 27, 0),
	gsSPVertex(ccm_dl_VISUAL_mesh_layer_5_vtx_0 + 158, 32, 0),
	gsSP2Triangles(0, 1, 2, 0, 0, 3, 1, 0),
	gsSP2Triangles(4, 3, 0, 0, 4, 5, 3, 0),
	gsSP2Triangles(6, 5, 4, 0, 6, 7, 5, 0),
	gsSP2Triangles(8, 9, 10, 0, 8, 11, 9, 0),
	gsSP2Triangles(12, 11, 8, 0, 12, 13, 11, 0),
	gsSP2Triangles(14, 13, 12, 0, 14, 15, 13, 0),
	gsSP2Triangles(16, 17, 18, 0, 16, 19, 17, 0),
	gsSP2Triangles(20, 19, 16, 0, 20, 21, 19, 0),
	gsSP2Triangles(22, 21, 20, 0, 22, 23, 21, 0),
	gsSP2Triangles(24, 25, 26, 0, 24, 27, 25, 0),
	gsSP2Triangles(28, 27, 24, 0, 28, 29, 27, 0),
	gsSP2Triangles(30, 29, 28, 0, 30, 31, 29, 0),
	gsSPVertex(ccm_dl_VISUAL_mesh_layer_5_vtx_0 + 190, 32, 0),
	gsSP2Triangles(0, 1, 2, 0, 0, 3, 1, 0),
	gsSP2Triangles(4, 3, 0, 0, 4, 5, 3, 0),
	gsSP2Triangles(6, 5, 4, 0, 6, 7, 5, 0),
	gsSP2Triangles(7, 8, 5, 0, 7, 9, 8, 0),
	gsSP2Triangles(9, 10, 8, 0, 9, 11, 10, 0),
	gsSP2Triangles(11, 12, 10, 0, 11, 13, 12, 0),
	gsSP2Triangles(13, 14, 12, 0, 13, 15, 14, 0),
	gsSP2Triangles(15, 16, 14, 0, 15, 17, 16, 0),
	gsSP2Triangles(17, 18, 16, 0, 17, 19, 18, 0),
	gsSP2Triangles(19, 20, 18, 0, 19, 21, 20, 0),
	gsSP2Triangles(21, 22, 20, 0, 21, 23, 22, 0),
	gsSP2Triangles(23, 24, 22, 0, 23, 25, 24, 0),
	gsSP2Triangles(25, 26, 24, 0, 25, 27, 26, 0),
	gsSP2Triangles(27, 28, 26, 0, 27, 29, 28, 0),
	gsSP2Triangles(29, 30, 28, 0, 29, 31, 30, 0),
	gsSPVertex(ccm_dl_VISUAL_mesh_layer_5_vtx_0 + 222, 32, 0),
	gsSP2Triangles(0, 1, 2, 0, 0, 3, 1, 0),
	gsSP2Triangles(3, 4, 1, 0, 3, 5, 4, 0),
	gsSP2Triangles(5, 6, 4, 0, 5, 7, 6, 0),
	gsSP2Triangles(7, 8, 6, 0, 7, 9, 8, 0),
	gsSP2Triangles(9, 10, 8, 0, 9, 11, 10, 0),
	gsSP2Triangles(11, 12, 10, 0, 11, 13, 12, 0),
	gsSP2Triangles(13, 14, 12, 0, 13, 15, 14, 0),
	gsSP2Triangles(15, 16, 14, 0, 15, 17, 16, 0),
	gsSP2Triangles(17, 18, 16, 0, 17, 19, 18, 0),
	gsSP2Triangles(19, 20, 18, 0, 19, 21, 20, 0),
	gsSP2Triangles(21, 22, 20, 0, 21, 23, 22, 0),
	gsSP2Triangles(23, 24, 22, 0, 23, 25, 24, 0),
	gsSP2Triangles(25, 26, 24, 0, 25, 27, 26, 0),
	gsSP2Triangles(27, 28, 26, 0, 27, 29, 28, 0),
	gsSP2Triangles(29, 30, 28, 0, 29, 31, 30, 0),
	gsSPVertex(ccm_dl_VISUAL_mesh_layer_5_vtx_0 + 254, 32, 0),
	gsSP2Triangles(0, 1, 2, 0, 0, 2, 3, 0),
	gsSP2Triangles(3, 2, 4, 0, 3, 4, 5, 0),
	gsSP2Triangles(6, 3, 5, 0, 6, 5, 7, 0),
	gsSP2Triangles(8, 6, 7, 0, 8, 7, 9, 0),
	gsSP2Triangles(10, 8, 9, 0, 10, 9, 11, 0),
	gsSP2Triangles(12, 10, 11, 0, 12, 11, 13, 0),
	gsSP2Triangles(14, 12, 13, 0, 14, 13, 15, 0),
	gsSP2Triangles(16, 14, 15, 0, 16, 15, 17, 0),
	gsSP2Triangles(18, 16, 17, 0, 18, 17, 19, 0),
	gsSP2Triangles(20, 18, 19, 0, 20, 19, 21, 0),
	gsSP2Triangles(22, 20, 21, 0, 22, 21, 23, 0),
	gsSP2Triangles(24, 22, 23, 0, 24, 23, 25, 0),
	gsSP2Triangles(26, 24, 25, 0, 26, 25, 27, 0),
	gsSP2Triangles(28, 26, 27, 0, 28, 27, 29, 0),
	gsSP2Triangles(30, 28, 29, 0, 30, 29, 31, 0),
	gsSPVertex(ccm_dl_VISUAL_mesh_layer_5_vtx_0 + 286, 32, 0),
	gsSP2Triangles(0, 1, 2, 0, 0, 2, 3, 0),
	gsSP2Triangles(4, 0, 3, 0, 4, 3, 5, 0),
	gsSP2Triangles(6, 4, 5, 0, 6, 5, 7, 0),
	gsSP2Triangles(8, 6, 7, 0, 8, 7, 9, 0),
	gsSP2Triangles(10, 8, 9, 0, 10, 9, 11, 0),
	gsSP2Triangles(12, 10, 11, 0, 12, 11, 13, 0),
	gsSP2Triangles(14, 12, 13, 0, 14, 13, 15, 0),
	gsSP2Triangles(16, 14, 15, 0, 16, 15, 17, 0),
	gsSP2Triangles(18, 16, 17, 0, 18, 17, 19, 0),
	gsSP2Triangles(20, 18, 19, 0, 20, 19, 21, 0),
	gsSP2Triangles(22, 20, 21, 0, 22, 21, 23, 0),
	gsSP2Triangles(24, 22, 23, 0, 24, 23, 25, 0),
	gsSP2Triangles(26, 24, 25, 0, 26, 25, 27, 0),
	gsSP2Triangles(28, 24, 26, 0, 28, 29, 24, 0),
	gsSP2Triangles(29, 22, 24, 0, 29, 30, 22, 0),
	gsSP2Triangles(30, 20, 22, 0, 30, 31, 20, 0),
	gsSP1Triangle(31, 18, 20, 0),
	gsSPVertex(ccm_dl_VISUAL_mesh_layer_5_vtx_0 + 318, 32, 0),
	gsSP2Triangles(0, 1, 2, 0, 1, 3, 2, 0),
	gsSP2Triangles(1, 4, 3, 0, 4, 5, 3, 0),
	gsSP2Triangles(4, 6, 5, 0, 6, 7, 5, 0),
	gsSP2Triangles(6, 8, 7, 0, 8, 9, 7, 0),
	gsSP2Triangles(8, 10, 9, 0, 10, 11, 9, 0),
	gsSP2Triangles(10, 12, 11, 0, 12, 13, 11, 0),
	gsSP2Triangles(12, 14, 13, 0, 14, 15, 13, 0),
	gsSP2Triangles(14, 16, 15, 0, 16, 17, 15, 0),
	gsSP2Triangles(16, 18, 17, 0, 18, 19, 17, 0),
	gsSP2Triangles(18, 20, 19, 0, 20, 21, 19, 0),
	gsSP2Triangles(20, 22, 21, 0, 22, 23, 21, 0),
	gsSP2Triangles(22, 24, 23, 0, 24, 25, 23, 0),
	gsSP2Triangles(24, 26, 25, 0, 26, 27, 25, 0),
	gsSP2Triangles(26, 28, 27, 0, 28, 29, 27, 0),
	gsSP2Triangles(28, 30, 29, 0, 30, 31, 29, 0),
	gsSPVertex(ccm_dl_VISUAL_mesh_layer_5_vtx_0 + 350, 32, 0),
	gsSP2Triangles(0, 1, 2, 0, 1, 3, 2, 0),
	gsSP2Triangles(1, 4, 3, 0, 4, 5, 3, 0),
	gsSP2Triangles(4, 6, 5, 0, 6, 7, 5, 0),
	gsSP2Triangles(6, 8, 7, 0, 8, 9, 7, 0),
	gsSP2Triangles(8, 10, 9, 0, 10, 11, 9, 0),
	gsSP2Triangles(10, 12, 11, 0, 12, 13, 11, 0),
	gsSP2Triangles(12, 14, 13, 0, 14, 15, 13, 0),
	gsSP2Triangles(14, 16, 15, 0, 17, 18, 19, 0),
	gsSP2Triangles(17, 20, 18, 0, 21, 20, 17, 0),
	gsSP2Triangles(21, 22, 20, 0, 23, 22, 21, 0),
	gsSP2Triangles(23, 24, 22, 0, 25, 26, 27, 0),
	gsSP2Triangles(25, 28, 26, 0, 29, 28, 25, 0),
	gsSP2Triangles(29, 30, 28, 0, 31, 30, 29, 0),
	gsSPVertex(ccm_dl_VISUAL_mesh_layer_5_vtx_0 + 382, 31, 0),
	gsSP2Triangles(0, 1, 2, 0, 3, 4, 5, 0),
	gsSP2Triangles(3, 6, 4, 0, 7, 6, 3, 0),
	gsSP2Triangles(7, 8, 6, 0, 9, 8, 7, 0),
	gsSP2Triangles(9, 10, 8, 0, 11, 12, 13, 0),
	gsSP2Triangles(11, 14, 12, 0, 15, 14, 11, 0),
	gsSP2Triangles(15, 16, 14, 0, 17, 16, 15, 0),
	gsSP2Triangles(17, 18, 16, 0, 18, 19, 16, 0),
	gsSP2Triangles(18, 20, 19, 0, 16, 19, 21, 0),
	gsSP2Triangles(16, 21, 14, 0, 14, 21, 22, 0),
	gsSP2Triangles(14, 22, 12, 0, 23, 24, 25, 0),
	gsSP2Triangles(23, 26, 24, 0, 27, 26, 23, 0),
	gsSP2Triangles(27, 28, 26, 0, 29, 28, 27, 0),
	gsSP1Triangle(29, 30, 28, 0),
	gsSPVertex(ccm_dl_VISUAL_mesh_layer_5_vtx_0 + 413, 32, 0),
	gsSP2Triangles(0, 1, 2, 0, 0, 3, 1, 0),
	gsSP2Triangles(4, 3, 0, 0, 4, 5, 3, 0),
	gsSP2Triangles(6, 5, 4, 0, 6, 7, 5, 0),
	gsSP2Triangles(8, 9, 10, 0, 8, 11, 9, 0),
	gsSP2Triangles(12, 11, 8, 0, 12, 13, 11, 0),
	gsSP2Triangles(14, 13, 12, 0, 14, 15, 13, 0),
	gsSP2Triangles(15, 16, 13, 0, 15, 17, 16, 0),
	gsSP2Triangles(13, 16, 18, 0, 13, 18, 11, 0),
	gsSP2Triangles(11, 18, 19, 0, 11, 19, 9, 0),
	gsSP2Triangles(20, 21, 22, 0, 20, 23, 21, 0),
	gsSP2Triangles(24, 23, 20, 0, 24, 25, 23, 0),
	gsSP2Triangles(26, 25, 24, 0, 26, 27, 25, 0),
	gsSP2Triangles(27, 28, 25, 0, 27, 29, 28, 0),
	gsSP2Triangles(25, 28, 30, 0, 25, 30, 23, 0),
	gsSP2Triangles(23, 30, 31, 0, 23, 31, 21, 0),
	gsSPVertex(ccm_dl_VISUAL_mesh_layer_5_vtx_0 + 445, 32, 0),
	gsSP2Triangles(0, 1, 2, 0, 0, 3, 1, 0),
	gsSP2Triangles(4, 3, 0, 0, 4, 5, 3, 0),
	gsSP2Triangles(6, 5, 4, 0, 6, 7, 5, 0),
	gsSP2Triangles(8, 9, 10, 0, 8, 11, 9, 0),
	gsSP2Triangles(12, 11, 8, 0, 12, 13, 11, 0),
	gsSP2Triangles(14, 13, 12, 0, 14, 15, 13, 0),
	gsSP2Triangles(16, 17, 18, 0, 16, 19, 17, 0),
	gsSP2Triangles(20, 19, 16, 0, 20, 21, 19, 0),
	gsSP2Triangles(22, 21, 20, 0, 22, 23, 21, 0),
	gsSP2Triangles(24, 25, 26, 0, 24, 27, 25, 0),
	gsSP2Triangles(28, 27, 24, 0, 28, 29, 27, 0),
	gsSP2Triangles(30, 29, 28, 0, 30, 31, 29, 0),
	gsSPVertex(ccm_dl_VISUAL_mesh_layer_5_vtx_0 + 477, 16, 0),
	gsSP2Triangles(0, 1, 2, 0, 0, 3, 1, 0),
	gsSP2Triangles(4, 3, 0, 0, 4, 5, 3, 0),
	gsSP2Triangles(6, 5, 4, 0, 6, 7, 5, 0),
	gsSP2Triangles(8, 9, 10, 0, 8, 11, 9, 0),
	gsSP2Triangles(12, 11, 8, 0, 12, 13, 11, 0),
	gsSP2Triangles(14, 13, 12, 0, 14, 15, 13, 0),
	gsSPEndDisplayList(),
};

Vtx ccm_dl_VISUAL_mesh_layer_2_vtx_cull[8] = {
	{{ {-6981, -3813, 2878}, 0, {0, 0}, {0, 0, 0, 0} }},
	{{ {-6981, 1937, 2878}, 0, {0, 0}, {0, 0, 0, 0} }},
	{{ {-6981, 1937, -7787}, 0, {0, 0}, {0, 0, 0, 0} }},
	{{ {-6981, -3813, -7787}, 0, {0, 0}, {0, 0, 0, 0} }},
	{{ {4990, -3813, 2878}, 0, {0, 0}, {0, 0, 0, 0} }},
	{{ {4990, 1937, 2878}, 0, {0, 0}, {0, 0, 0, 0} }},
	{{ {4990, 1937, -7787}, 0, {0, 0}, {0, 0, 0, 0} }},
	{{ {4990, -3813, -7787}, 0, {0, 0}, {0, 0, 0, 0} }},
};

Vtx ccm_dl_VISUAL_mesh_layer_2_vtx_0[16] = {
	{{ {889, -1213, -4125}, 0, {-16, 1008}, {0, 127, 0, 255} }},
	{{ {857, -1213, -4112}, 0, {-16, 1008}, {0, 127, 0, 255} }},
	{{ {844, -1213, -4080}, 0, {-16, 1008}, {0, 127, 0, 255} }},
	{{ {889, -1213, -4035}, 0, {-16, 1008}, {0, 127, 0, 255} }},
	{{ {857, -1213, -4048}, 0, {-16, 1008}, {0, 127, 0, 255} }},
	{{ {934, -1213, -4080}, 0, {-16, 1008}, {0, 127, 0, 255} }},
	{{ {920, -1213, -4048}, 0, {-16, 1008}, {0, 127, 0, 255} }},
	{{ {920, -1213, -4112}, 0, {-16, 1008}, {0, 127, 0, 255} }},
	{{ {-4346, 1837, -3103}, 0, {-16, 1008}, {0, 127, 0, 255} }},
	{{ {-4378, 1837, -3090}, 0, {-16, 1008}, {0, 127, 0, 255} }},
	{{ {-4391, 1837, -3058}, 0, {-16, 1008}, {0, 127, 0, 255} }},
	{{ {-4346, 1837, -3013}, 0, {-16, 1008}, {0, 127, 0, 255} }},
	{{ {-4378, 1837, -3027}, 0, {-16, 1008}, {0, 127, 0, 255} }},
	{{ {-4301, 1837, -3058}, 0, {-16, 1008}, {0, 127, 0, 255} }},
	{{ {-4314, 1837, -3027}, 0, {-16, 1008}, {0, 127, 0, 255} }},
	{{ {-4314, 1837, -3090}, 0, {-16, 1008}, {0, 127, 0, 255} }},
};

Gfx ccm_dl_VISUAL_mesh_layer_2_tri_0[] = {
	gsSPVertex(ccm_dl_VISUAL_mesh_layer_2_vtx_0 + 0, 16, 0),
	gsSP2Triangles(0, 1, 2, 0, 0, 2, 3, 0),
	gsSP2Triangles(2, 4, 3, 0, 3, 5, 0, 0),
	gsSP2Triangles(3, 6, 5, 0, 5, 7, 0, 0),
	gsSP2Triangles(8, 9, 10, 0, 8, 10, 11, 0),
	gsSP2Triangles(10, 12, 11, 0, 11, 13, 8, 0),
	gsSP2Triangles(11, 14, 13, 0, 13, 15, 8, 0),
	gsSPEndDisplayList(),
};

Vtx ccm_dl_VISUAL_mesh_layer_2_vtx_1[22] = {
	{{ {2897, -1703, -4800}, 0, {8672, 1577}, {14, 143, 0, 255} }},
	{{ {2734, -1703, -5182}, 0, {10615, 1577}, {14, 143, 0, 255} }},
	{{ {2657, -1663, -5160}, 0, {10615, -21}, {14, 143, 0, 255} }},
	{{ {2835, -1663, -4742}, 0, {8672, -21}, {14, 143, 0, 255} }},
	{{ {3309, -1703, -4626}, 0, {6580, 1577}, {14, 143, 0, 255} }},
	{{ {3286, -1663, -4552}, 0, {6580, -21}, {14, 143, 0, 255} }},
	{{ {3607, -1703, -4637}, 0, {5104, 1577}, {14, 143, 0, 255} }},
	{{ {3649, -1663, -4566}, 0, {5104, -21}, {14, 143, 0, 255} }},
	{{ {3718, -1703, -4848}, 0, {3849, 1577}, {14, 143, 0, 255} }},
	{{ {3800, -1663, -4851}, 0, {3849, -21}, {14, 143, 0, 255} }},
	{{ {3620, -1703, -5225}, 0, {2032, 1577}, {14, 143, 0, 255} }},
	{{ {3693, -1663, -5261}, 0, {2032, -21}, {14, 143, 0, 255} }},
	{{ {3401, -1703, -5615}, 0, {-16, 1577}, {14, 143, 0, 255} }},
	{{ {3462, -1663, -5671}, 0, {-16, -21}, {14, 143, 0, 255} }},
	{{ {3111, -1703, -5756}, 0, {-1554, 1577}, {14, 143, 0, 255} }},
	{{ {3133, -1663, -5831}, 0, {-1554, -21}, {14, 143, 0, 255} }},
	{{ {2856, -1703, -5732}, 0, {-2824, 1577}, {14, 143, 0, 255} }},
	{{ {2821, -1663, -5802}, 0, {-2824, -21}, {14, 143, 0, 255} }},
	{{ {2716, -1703, -5561}, 0, {-3968, 1577}, {14, 143, 0, 255} }},
	{{ {2637, -1663, -5578}, 0, {-3968, -21}, {14, 143, 0, 255} }},
	{{ {2734, -1703, -5182}, 0, {-5751, 1577}, {14, 143, 0, 255} }},
	{{ {2657, -1663, -5160}, 0, {-5751, -21}, {14, 143, 0, 255} }},
};

Gfx ccm_dl_VISUAL_mesh_layer_2_tri_1[] = {
	gsSPVertex(ccm_dl_VISUAL_mesh_layer_2_vtx_1 + 0, 22, 0),
	gsSP2Triangles(0, 1, 2, 0, 0, 2, 3, 0),
	gsSP2Triangles(4, 0, 3, 0, 4, 3, 5, 0),
	gsSP2Triangles(6, 4, 5, 0, 6, 5, 7, 0),
	gsSP2Triangles(8, 6, 7, 0, 8, 7, 9, 0),
	gsSP2Triangles(10, 8, 9, 0, 10, 9, 11, 0),
	gsSP2Triangles(12, 10, 11, 0, 12, 11, 13, 0),
	gsSP2Triangles(14, 12, 13, 0, 14, 13, 15, 0),
	gsSP2Triangles(16, 14, 15, 0, 16, 15, 17, 0),
	gsSP2Triangles(18, 16, 17, 0, 18, 17, 19, 0),
	gsSP2Triangles(20, 18, 19, 0, 20, 19, 21, 0),
	gsSPEndDisplayList(),
};

Gfx mat_ccm_dl_Grass_walkable[] = {
	gsSPGeometryMode(G_LIGHTING, 0),
	gsDPPipeSync(),
	gsDPSetCombineLERP(TEXEL0, 0, SHADE, 0, ENVIRONMENT, 0, SHADE, 0, TEXEL0, 0, SHADE, 0, ENVIRONMENT, 0, SHADE, 0),
	gsDPSetAlphaDither(G_AD_NOISE),
	gsSPTexture(65535, 65535, 0, 0, 1),
	gsDPSetTextureImage(G_IM_FMT_I, G_IM_SIZ_16b, 1, ccm_dl_GRASS2_i4),
	gsDPSetTile(G_IM_FMT_I, G_IM_SIZ_16b, 0, 0, 7, 0, G_TX_WRAP | G_TX_NOMIRROR, 0, 0, G_TX_WRAP | G_TX_NOMIRROR, 0, 0),
	gsDPLoadBlock(7, 0, 0, 1023, 512),
	gsDPSetTile(G_IM_FMT_I, G_IM_SIZ_4b, 4, 0, 0, 0, G_TX_WRAP | G_TX_NOMIRROR, 6, 0, G_TX_WRAP | G_TX_NOMIRROR, 6, 0),
	gsDPSetTileSize(0, 0, 0, 252, 252),
	gsSPEndDisplayList(),
};

Gfx mat_revert_ccm_dl_Grass_walkable[] = {
	gsSPGeometryMode(0, G_LIGHTING),
	gsDPPipeSync(),
	gsDPSetAlphaDither(G_AD_DISABLE),
	gsSPEndDisplayList(),
};

Gfx mat_ccm_dl_wood_001[] = {
	gsSPGeometryMode(G_LIGHTING, 0),
	gsDPPipeSync(),
	gsDPSetCombineLERP(TEXEL0, 0, SHADE, 0, ENVIRONMENT, 0, SHADE, 0, TEXEL0, 0, SHADE, 0, ENVIRONMENT, 0, SHADE, 0),
	gsDPSetAlphaDither(G_AD_NOISE),
	gsSPTexture(65535, 65535, 0, 0, 1),
	gsDPSetTextureImage(G_IM_FMT_I, G_IM_SIZ_8b_LOAD_BLOCK, 1, ccm_dl_RMGP01_fc61d93d_14_i8),
	gsDPSetTile(G_IM_FMT_I, G_IM_SIZ_8b_LOAD_BLOCK, 0, 0, 7, 0, G_TX_WRAP | G_TX_NOMIRROR, 0, 0, G_TX_WRAP | G_TX_NOMIRROR, 0, 0),
	gsDPLoadBlock(7, 0, 0, 2047, 256),
	gsDPSetTile(G_IM_FMT_I, G_IM_SIZ_8b, 8, 0, 0, 0, G_TX_WRAP | G_TX_NOMIRROR, 6, 0, G_TX_WRAP | G_TX_NOMIRROR, 6, 0),
	gsDPSetTileSize(0, 0, 0, 252, 252),
	gsSPEndDisplayList(),
};

Gfx mat_revert_ccm_dl_wood_001[] = {
	gsSPGeometryMode(0, G_LIGHTING),
	gsDPPipeSync(),
	gsDPSetAlphaDither(G_AD_DISABLE),
	gsSPEndDisplayList(),
};

Gfx mat_ccm_dl_mix_layer1[] = {
	gsSPGeometryMode(G_LIGHTING, 0),
	gsDPPipeSync(),
	gsDPSetCombineLERP(TEXEL1, TEXEL0, SHADE_ALPHA, TEXEL0, 0, 0, 0, 1, COMBINED, 0, SHADE, 0, 0, 0, 0, 1),
	gsDPSetAlphaDither(G_AD_NOISE),
	gsDPSetCycleType(G_CYC_2CYCLE),
	gsDPSetRenderMode(GBL_c1(G_BL_CLR_IN, G_BL_A_IN, G_BL_CLR_IN, G_BL_1MA) | GBL_c2(G_BL_CLR_IN, G_BL_A_IN, G_BL_CLR_IN, G_BL_1MA), AA_EN | Z_CMP | Z_UPD | CVG_DST_CLAMP | ZMODE_OPA),
	gsSPTexture(65535, 65535, 0, 0, 1),
	gsDPSetTextureImage(G_IM_FMT_I, G_IM_SIZ_16b, 1, ccm_dl_KKIIDDZZ_DAT_730__p00_i4),
	gsDPSetTile(G_IM_FMT_I, G_IM_SIZ_16b, 0, 0, 7, 0, G_TX_WRAP | G_TX_NOMIRROR, 0, 0, G_TX_WRAP | G_TX_NOMIRROR, 0, 0),
	gsDPLoadBlock(7, 0, 0, 1023, 512),
	gsDPSetTile(G_IM_FMT_I, G_IM_SIZ_4b, 4, 0, 0, 0, G_TX_WRAP | G_TX_NOMIRROR, 6, 0, G_TX_WRAP | G_TX_NOMIRROR, 6, 0),
	gsDPSetTileSize(0, 0, 0, 252, 252),
	gsDPSetTextureImage(G_IM_FMT_I, G_IM_SIZ_16b, 1, ccm_dl_GRASS2_i4),
	gsDPSetTile(G_IM_FMT_I, G_IM_SIZ_16b, 0, 256, 6, 0, G_TX_WRAP | G_TX_NOMIRROR, 0, 0, G_TX_WRAP | G_TX_NOMIRROR, 0, 0),
	gsDPLoadBlock(6, 0, 0, 1023, 512),
	gsDPSetTile(G_IM_FMT_I, G_IM_SIZ_4b, 4, 256, 1, 0, G_TX_WRAP | G_TX_NOMIRROR, 6, 0, G_TX_WRAP | G_TX_NOMIRROR, 6, 0),
	gsDPSetTileSize(1, 0, 0, 252, 252),
	gsSPEndDisplayList(),
};

Gfx mat_revert_ccm_dl_mix_layer1[] = {
	gsSPGeometryMode(0, G_LIGHTING),
	gsDPPipeSync(),
	gsDPSetAlphaDither(G_AD_DISABLE),
	gsDPSetCycleType(G_CYC_1CYCLE),
	gsDPSetRenderMode(G_RM_AA_ZB_OPA_SURF, G_RM_AA_ZB_OPA_SURF2),
	gsSPEndDisplayList(),
};

Gfx mat_ccm_dl_bricks_layer1[] = {
	gsSPGeometryMode(G_LIGHTING, 0),
	gsDPPipeSync(),
	gsDPSetCombineLERP(TEXEL0, 0, TEXEL1, 0, 0, 0, 0, ENVIRONMENT, COMBINED, 0, SHADE, 0, 0, 0, 0, COMBINED),
	gsDPSetAlphaDither(G_AD_NOISE),
	gsDPSetCycleType(G_CYC_2CYCLE),
	gsDPSetRenderMode(G_RM_NOOP, G_RM_AA_ZB_OPA_SURF2),
	gsSPTexture(65535, 65535, 0, 0, 1),
	gsDPSetTextureImage(G_IM_FMT_I, G_IM_SIZ_16b, 1, ccm_dl_Art4727_64x64_i4),
	gsDPSetTile(G_IM_FMT_I, G_IM_SIZ_16b, 0, 0, 7, 0, G_TX_WRAP | G_TX_NOMIRROR, 0, 0, G_TX_WRAP | G_TX_NOMIRROR, 0, 0),
	gsDPLoadBlock(7, 0, 0, 1023, 512),
	gsDPSetTile(G_IM_FMT_I, G_IM_SIZ_4b, 4, 0, 0, 0, G_TX_WRAP | G_TX_NOMIRROR, 6, 0, G_TX_WRAP | G_TX_NOMIRROR, 6, 0),
	gsDPSetTileSize(0, 0, 0, 252, 252),
	gsDPSetTextureImage(G_IM_FMT_I, G_IM_SIZ_16b, 1, ccm_dl_Art0_64x64__SHADOW_WARRIOR__i4),
	gsDPSetTile(G_IM_FMT_I, G_IM_SIZ_16b, 0, 256, 6, 0, G_TX_WRAP | G_TX_NOMIRROR, 0, 0, G_TX_WRAP | G_TX_NOMIRROR, 0, 0),
	gsDPLoadBlock(6, 0, 0, 1023, 512),
	gsDPSetTile(G_IM_FMT_I, G_IM_SIZ_4b, 4, 256, 1, 0, G_TX_WRAP | G_TX_NOMIRROR, 6, 0, G_TX_WRAP | G_TX_NOMIRROR, 6, 0),
	gsDPSetTileSize(1, 0, 0, 252, 252),
	gsSPEndDisplayList(),
};

Gfx mat_revert_ccm_dl_bricks_layer1[] = {
	gsSPGeometryMode(0, G_LIGHTING),
	gsDPPipeSync(),
	gsDPSetAlphaDither(G_AD_DISABLE),
	gsDPSetCycleType(G_CYC_1CYCLE),
	gsDPSetRenderMode(G_RM_AA_ZB_OPA_SURF, G_RM_AA_ZB_OPA_SURF2),
	gsSPEndDisplayList(),
};

Gfx mat_ccm_dl_Gravel[] = {
	gsSPGeometryMode(G_LIGHTING, 0),
	gsDPPipeSync(),
	gsDPSetCombineLERP(TEXEL0, 0, SHADE, 0, ENVIRONMENT, 0, SHADE, 0, TEXEL0, 0, SHADE, 0, ENVIRONMENT, 0, SHADE, 0),
	gsDPSetAlphaDither(G_AD_NOISE),
	gsSPTexture(65535, 65535, 0, 0, 1),
	gsDPSetTextureImage(G_IM_FMT_I, G_IM_SIZ_8b_LOAD_BLOCK, 1, ccm_dl_Debris_Coins_Mix_5_64x64_i8),
	gsDPSetTile(G_IM_FMT_I, G_IM_SIZ_8b_LOAD_BLOCK, 0, 0, 7, 0, G_TX_WRAP | G_TX_NOMIRROR, 0, 0, G_TX_WRAP | G_TX_NOMIRROR, 0, 0),
	gsDPLoadBlock(7, 0, 0, 2047, 256),
	gsDPSetTile(G_IM_FMT_I, G_IM_SIZ_8b, 8, 0, 0, 0, G_TX_WRAP | G_TX_NOMIRROR, 6, 0, G_TX_WRAP | G_TX_NOMIRROR, 6, 0),
	gsDPSetTileSize(0, 0, 0, 252, 252),
	gsSPEndDisplayList(),
};

Gfx mat_revert_ccm_dl_Gravel[] = {
	gsSPGeometryMode(0, G_LIGHTING),
	gsDPPipeSync(),
	gsDPSetAlphaDither(G_AD_DISABLE),
	gsSPEndDisplayList(),
};

Gfx mat_ccm_dl_Grass_VERY_slippery[] = {
	gsSPGeometryMode(G_LIGHTING, 0),
	gsDPPipeSync(),
	gsDPSetCombineLERP(TEXEL0, 0, SHADE, 0, ENVIRONMENT, 0, SHADE, 0, TEXEL0, 0, SHADE, 0, ENVIRONMENT, 0, SHADE, 0),
	gsDPSetAlphaDither(G_AD_NOISE),
	gsSPTexture(65535, 65535, 0, 0, 1),
	gsDPSetTextureImage(G_IM_FMT_I, G_IM_SIZ_16b, 1, ccm_dl_NewGrass_i4),
	gsDPSetTile(G_IM_FMT_I, G_IM_SIZ_16b, 0, 0, 7, 0, G_TX_WRAP | G_TX_NOMIRROR, 0, 0, G_TX_WRAP | G_TX_NOMIRROR, 0, 0),
	gsDPLoadBlock(7, 0, 0, 1023, 512),
	gsDPSetTile(G_IM_FMT_I, G_IM_SIZ_4b, 4, 0, 0, 0, G_TX_WRAP | G_TX_NOMIRROR, 6, 0, G_TX_WRAP | G_TX_NOMIRROR, 6, 0),
	gsDPSetTileSize(0, 0, 0, 252, 252),
	gsSPEndDisplayList(),
};

Gfx mat_revert_ccm_dl_Grass_VERY_slippery[] = {
	gsSPGeometryMode(0, G_LIGHTING),
	gsDPPipeSync(),
	gsDPSetAlphaDither(G_AD_DISABLE),
	gsSPEndDisplayList(),
};

Gfx mat_ccm_dl_face[] = {
	gsSPLightColor(LIGHT_1, 0xFFFFFFFF),
	gsSPLightColor(LIGHT_2, 0x7F7F7FFF),
	gsDPPipeSync(),
	gsDPSetCombineLERP(TEXEL0, 0, SHADE, 0, 0, 0, 0, ENVIRONMENT, TEXEL0, 0, SHADE, 0, 0, 0, 0, ENVIRONMENT),
	gsDPSetAlphaDither(G_AD_NOISE),
	gsSPTexture(65535, 65535, 0, 0, 1),
	gsDPSetTextureImage(G_IM_FMT_I, G_IM_SIZ_16b, 1, ccm_dl_greyface_64x64__CRUELTY_SQUAD__i4),
	gsDPSetTile(G_IM_FMT_I, G_IM_SIZ_16b, 0, 0, 7, 0, G_TX_WRAP | G_TX_NOMIRROR, 0, 0, G_TX_WRAP | G_TX_NOMIRROR, 0, 0),
	gsDPLoadBlock(7, 0, 0, 1023, 512),
	gsDPSetTile(G_IM_FMT_I, G_IM_SIZ_4b, 4, 0, 0, 0, G_TX_WRAP | G_TX_NOMIRROR, 6, 0, G_TX_WRAP | G_TX_NOMIRROR, 6, 0),
	gsDPSetTileSize(0, 0, 0, 252, 252),
	gsSPEndDisplayList(),
};

Gfx mat_revert_ccm_dl_face[] = {
	gsDPPipeSync(),
	gsDPSetAlphaDither(G_AD_DISABLE),
	gsSPEndDisplayList(),
};

Gfx mat_ccm_dl_Stone_layer1[] = {
	gsSPGeometryMode(G_LIGHTING, 0),
	gsDPPipeSync(),
	gsDPSetCombineLERP(TEXEL0, 0, TEXEL1, 0, 0, 0, 0, ENVIRONMENT, PRIMITIVE, 0, SHADE, COMBINED, 0, 0, 0, 1),
	gsDPSetAlphaDither(G_AD_NOISE),
	gsDPSetCycleType(G_CYC_2CYCLE),
	gsDPSetRenderMode(G_RM_NOOP, G_RM_AA_ZB_OPA_SURF2),
	gsSPTexture(65535, 65535, 0, 0, 1),
	gsDPSetPrimColor(0, 0, 255, 255, 255, 255),
	gsDPSetTextureImage(G_IM_FMT_I, G_IM_SIZ_16b, 1, ccm_dl_tstone_64x64__CRUELTY_SQUAD__i4),
	gsDPSetTile(G_IM_FMT_I, G_IM_SIZ_16b, 0, 0, 7, 0, G_TX_WRAP | G_TX_NOMIRROR, 0, 0, G_TX_WRAP | G_TX_NOMIRROR, 0, 0),
	gsDPLoadBlock(7, 0, 0, 1023, 512),
	gsDPSetTile(G_IM_FMT_I, G_IM_SIZ_4b, 4, 0, 0, 0, G_TX_WRAP | G_TX_NOMIRROR, 6, 0, G_TX_WRAP | G_TX_NOMIRROR, 6, 0),
	gsDPSetTileSize(0, 0, 0, 252, 252),
	gsDPSetTextureImage(G_IM_FMT_I, G_IM_SIZ_16b, 1, ccm_dl_Art274_i4),
	gsDPSetTile(G_IM_FMT_I, G_IM_SIZ_16b, 0, 256, 6, 0, G_TX_WRAP | G_TX_NOMIRROR, 0, 0, G_TX_WRAP | G_TX_NOMIRROR, 0, 0),
	gsDPLoadBlock(6, 0, 0, 1023, 512),
	gsDPSetTile(G_IM_FMT_I, G_IM_SIZ_4b, 4, 256, 1, 0, G_TX_WRAP | G_TX_MIRROR, 6, 0, G_TX_WRAP | G_TX_MIRROR, 6, 0),
	gsDPSetTileSize(1, 0, 0, 252, 252),
	gsSPEndDisplayList(),
};

Gfx mat_revert_ccm_dl_Stone_layer1[] = {
	gsSPGeometryMode(0, G_LIGHTING),
	gsDPPipeSync(),
	gsDPSetAlphaDither(G_AD_DISABLE),
	gsDPSetCycleType(G_CYC_1CYCLE),
	gsDPSetRenderMode(G_RM_AA_ZB_OPA_SURF, G_RM_AA_ZB_OPA_SURF2),
	gsSPEndDisplayList(),
};

Gfx mat_ccm_dl_water_layer1[] = {
	gsSPGeometryMode(G_LIGHTING, 0),
	gsDPPipeSync(),
	gsDPSetCombineLERP(TEXEL0, 0, TEXEL1, 0, 0, 0, 0, ENVIRONMENT, COMBINED, 0, SHADE, 0, 0, 0, 0, COMBINED),
	gsDPSetAlphaDither(G_AD_NOISE),
	gsDPSetCycleType(G_CYC_2CYCLE),
	gsDPSetRenderMode(G_RM_PASS, G_RM_AA_ZB_XLU_SURF2),
	gsSPTexture(65535, 65535, 0, 0, 1),
	gsDPSetEnvColor(255, 255, 255, 153),
	gsDPSetTextureImage(G_IM_FMT_I, G_IM_SIZ_8b_LOAD_BLOCK, 1, ccm_dl_water_i8),
	gsDPSetTile(G_IM_FMT_I, G_IM_SIZ_8b_LOAD_BLOCK, 0, 0, 7, 0, G_TX_WRAP | G_TX_NOMIRROR, 0, 0, G_TX_WRAP | G_TX_NOMIRROR, 0, 0),
	gsDPLoadBlock(7, 0, 0, 511, 512),
	gsDPSetTile(G_IM_FMT_I, G_IM_SIZ_8b, 4, 0, 0, 0, G_TX_WRAP | G_TX_NOMIRROR, 5, 0, G_TX_WRAP | G_TX_NOMIRROR, 5, 0),
	gsDPSetTileSize(0, 0, 0, 124, 124),
	gsDPSetTextureImage(G_IM_FMT_I, G_IM_SIZ_16b, 1, ccm_dl_water8_64x64_i4),
	gsDPSetTile(G_IM_FMT_I, G_IM_SIZ_16b, 0, 128, 6, 0, G_TX_WRAP | G_TX_NOMIRROR, 0, 0, G_TX_WRAP | G_TX_NOMIRROR, 0, 0),
	gsDPLoadBlock(6, 0, 0, 1023, 512),
	gsDPSetTile(G_IM_FMT_I, G_IM_SIZ_4b, 4, 128, 1, 0, G_TX_WRAP | G_TX_NOMIRROR, 6, 0, G_TX_WRAP | G_TX_NOMIRROR, 6, 0),
	gsDPSetTileSize(1, 0, 0, 252, 252),
	gsSPEndDisplayList(),
};

Gfx mat_revert_ccm_dl_water_layer1[] = {
	gsSPGeometryMode(0, G_LIGHTING),
	gsDPPipeSync(),
	gsDPSetAlphaDither(G_AD_DISABLE),
	gsDPSetCycleType(G_CYC_1CYCLE),
	gsDPSetRenderMode(G_RM_AA_ZB_OPA_SURF, G_RM_AA_ZB_OPA_SURF2),
	gsSPEndDisplayList(),
};

Gfx mat_ccm_dl_Mix_Grass_layer1[] = {
	gsSPGeometryMode(G_LIGHTING, 0),
	gsDPPipeSync(),
	gsDPSetCombineLERP(TEXEL1, TEXEL0, SHADE_ALPHA, TEXEL0, 0, 0, 0, 1, COMBINED, 0, SHADE, 0, 0, 0, 0, 1),
	gsDPSetAlphaDither(G_AD_NOISE),
	gsDPSetCycleType(G_CYC_2CYCLE),
	gsDPSetRenderMode(GBL_c1(G_BL_CLR_IN, G_BL_A_IN, G_BL_CLR_IN, G_BL_1MA) | GBL_c2(G_BL_CLR_IN, G_BL_A_IN, G_BL_CLR_IN, G_BL_1MA), AA_EN | Z_CMP | Z_UPD | CVG_DST_CLAMP | ZMODE_OPA),
	gsSPTexture(65535, 65535, 0, 0, 1),
	gsDPSetTextureImage(G_IM_FMT_I, G_IM_SIZ_16b, 1, ccm_dl_GRASS2_i4),
	gsDPSetTile(G_IM_FMT_I, G_IM_SIZ_16b, 0, 0, 7, 0, G_TX_WRAP | G_TX_NOMIRROR, 0, 0, G_TX_WRAP | G_TX_NOMIRROR, 0, 0),
	gsDPLoadBlock(7, 0, 0, 1023, 512),
	gsDPSetTile(G_IM_FMT_I, G_IM_SIZ_4b, 4, 0, 0, 0, G_TX_WRAP | G_TX_NOMIRROR, 6, 0, G_TX_WRAP | G_TX_NOMIRROR, 6, 0),
	gsDPSetTileSize(0, 0, 0, 252, 252),
	gsDPSetTextureImage(G_IM_FMT_I, G_IM_SIZ_16b, 1, ccm_dl_NewGrass_i4),
	gsDPSetTile(G_IM_FMT_I, G_IM_SIZ_16b, 0, 256, 6, 0, G_TX_WRAP | G_TX_NOMIRROR, 0, 0, G_TX_WRAP | G_TX_NOMIRROR, 0, 0),
	gsDPLoadBlock(6, 0, 0, 1023, 512),
	gsDPSetTile(G_IM_FMT_I, G_IM_SIZ_4b, 4, 256, 1, 0, G_TX_WRAP | G_TX_NOMIRROR, 6, 0, G_TX_WRAP | G_TX_NOMIRROR, 6, 0),
	gsDPSetTileSize(1, 0, 0, 252, 252),
	gsSPEndDisplayList(),
};

Gfx mat_revert_ccm_dl_Mix_Grass_layer1[] = {
	gsSPGeometryMode(0, G_LIGHTING),
	gsDPPipeSync(),
	gsDPSetAlphaDither(G_AD_DISABLE),
	gsDPSetCycleType(G_CYC_1CYCLE),
	gsDPSetRenderMode(G_RM_AA_ZB_OPA_SURF, G_RM_AA_ZB_OPA_SURF2),
	gsSPEndDisplayList(),
};

Gfx mat_ccm_dl_bricks_FADE_layer5[] = {
	gsSPGeometryMode(G_LIGHTING, 0),
	gsDPPipeSync(),
	gsDPSetCombineLERP(TEXEL0, 0, TEXEL1, 0, 0, 0, 0, SHADE, COMBINED, 0, SHADE, 0, 0, 0, 0, SHADE),
	gsDPSetAlphaDither(G_AD_NOISE),
	gsDPSetCycleType(G_CYC_2CYCLE),
	gsDPSetRenderMode(G_RM_PASS, G_RM_AA_ZB_XLU_SURF2),
	gsSPTexture(65535, 65535, 0, 0, 1),
	gsDPSetTextureImage(G_IM_FMT_I, G_IM_SIZ_16b, 1, ccm_dl_Art4727_64x64_i4),
	gsDPSetTile(G_IM_FMT_I, G_IM_SIZ_16b, 0, 0, 7, 0, G_TX_WRAP | G_TX_NOMIRROR, 0, 0, G_TX_WRAP | G_TX_NOMIRROR, 0, 0),
	gsDPLoadBlock(7, 0, 0, 1023, 512),
	gsDPSetTile(G_IM_FMT_I, G_IM_SIZ_4b, 4, 0, 0, 0, G_TX_WRAP | G_TX_NOMIRROR, 6, 0, G_TX_WRAP | G_TX_NOMIRROR, 6, 0),
	gsDPSetTileSize(0, 0, 0, 252, 252),
	gsDPSetTextureImage(G_IM_FMT_I, G_IM_SIZ_16b, 1, ccm_dl_Art0_64x64__SHADOW_WARRIOR__i4),
	gsDPSetTile(G_IM_FMT_I, G_IM_SIZ_16b, 0, 256, 6, 0, G_TX_WRAP | G_TX_NOMIRROR, 0, 0, G_TX_WRAP | G_TX_NOMIRROR, 0, 0),
	gsDPLoadBlock(6, 0, 0, 1023, 512),
	gsDPSetTile(G_IM_FMT_I, G_IM_SIZ_4b, 4, 256, 1, 0, G_TX_WRAP | G_TX_NOMIRROR, 6, 0, G_TX_WRAP | G_TX_NOMIRROR, 6, 0),
	gsDPSetTileSize(1, 0, 0, 252, 252),
	gsSPEndDisplayList(),
};

Gfx mat_revert_ccm_dl_bricks_FADE_layer5[] = {
	gsSPGeometryMode(0, G_LIGHTING),
	gsDPPipeSync(),
	gsDPSetAlphaDither(G_AD_DISABLE),
	gsDPSetCycleType(G_CYC_1CYCLE),
	gsDPSetRenderMode(G_RM_AA_ZB_XLU_SURF, G_RM_AA_ZB_XLU_SURF2),
	gsSPEndDisplayList(),
};

Gfx mat_ccm_dl_f3dlite_material[] = {
	gsSPLightColor(LIGHT_1, 0xFFFFFFFF),
	gsSPLightColor(LIGHT_2, 0x7F7F7FFF),
	gsDPPipeSync(),
	gsDPSetCombineLERP(PRIMITIVE, 0, SHADE, 0, 0, 0, 0, 1, PRIMITIVE, 0, SHADE, 0, 0, 0, 0, 1),
	gsDPSetAlphaDither(G_AD_NOISE),
	gsSPTexture(65535, 65535, 0, 0, 1),
	gsDPSetPrimColor(0, 0, 0, 0, 0, 255),
	gsSPEndDisplayList(),
};

Gfx mat_revert_ccm_dl_f3dlite_material[] = {
	gsDPPipeSync(),
	gsDPSetAlphaDither(G_AD_DISABLE),
	gsSPEndDisplayList(),
};

Gfx mat_ccm_dl_OVERHANG_GRASS_layer2[] = {
	gsSPGeometryMode(G_LIGHTING, 0),
	gsDPPipeSync(),
	gsDPSetCombineLERP(TEXEL0, 0, SHADE, 0, 0, 0, 0, TEXEL0, TEXEL0, 0, SHADE, 0, 0, 0, 0, TEXEL0),
	gsDPSetAlphaDither(G_AD_NOISE),
	gsDPSetRenderMode(GBL_c1(G_BL_CLR_IN, G_BL_A_IN, G_BL_CLR_MEM, G_BL_A_MEM) | GBL_c2(G_BL_CLR_IN, G_BL_A_IN, G_BL_CLR_MEM, G_BL_A_MEM), AA_EN | Z_CMP | IM_RD | CVG_DST_WRAP | ZMODE_DEC | CVG_X_ALPHA | ALPHA_CVG_SEL),
	gsSPTexture(65535, 65535, 0, 0, 1),
	gsDPSetTextureImage(G_IM_FMT_I, G_IM_SIZ_8b_LOAD_BLOCK, 1, ccm_dl_GRASS2__OVERHANG__i8),
	gsDPSetTile(G_IM_FMT_I, G_IM_SIZ_8b_LOAD_BLOCK, 0, 0, 7, 0, G_TX_WRAP | G_TX_NOMIRROR, 0, 0, G_TX_WRAP | G_TX_NOMIRROR, 0, 0),
	gsDPLoadBlock(7, 0, 0, 2047, 256),
	gsDPSetTile(G_IM_FMT_I, G_IM_SIZ_8b, 8, 0, 0, 0, G_TX_WRAP | G_TX_NOMIRROR, 6, 0, G_TX_WRAP | G_TX_NOMIRROR, 6, 0),
	gsDPSetTileSize(0, 0, 0, 252, 252),
	gsSPEndDisplayList(),
};

Gfx mat_revert_ccm_dl_OVERHANG_GRASS_layer2[] = {
	gsSPGeometryMode(0, G_LIGHTING),
	gsDPPipeSync(),
	gsDPSetAlphaDither(G_AD_DISABLE),
	gsDPSetRenderMode(G_RM_AA_ZB_OPA_DECAL, G_RM_AA_ZB_OPA_DECAL2),
	gsSPEndDisplayList(),
};

Gfx ccm_dl_VISUAL_mesh_layer_1[] = {
	gsSPClearGeometryMode(G_LIGHTING),
	gsSPVertex(ccm_dl_VISUAL_mesh_layer_1_vtx_cull + 0, 8, 0),
	gsSPSetGeometryMode(G_LIGHTING),
	gsSPCullDisplayList(0, 7),
	gsSPDisplayList(mat_ccm_dl_Grass_walkable),
	gsSPDisplayList(ccm_dl_VISUAL_mesh_layer_1_tri_0),
	gsSPDisplayList(mat_revert_ccm_dl_Grass_walkable),
	gsSPDisplayList(mat_ccm_dl_wood_001),
	gsSPDisplayList(ccm_dl_VISUAL_mesh_layer_1_tri_1),
	gsSPDisplayList(mat_revert_ccm_dl_wood_001),
	gsSPDisplayList(mat_ccm_dl_mix_layer1),
	gsSPDisplayList(ccm_dl_VISUAL_mesh_layer_1_tri_2),
	gsSPDisplayList(mat_revert_ccm_dl_mix_layer1),
	gsSPDisplayList(mat_ccm_dl_bricks_layer1),
	gsSPDisplayList(ccm_dl_VISUAL_mesh_layer_1_tri_3),
	gsSPDisplayList(mat_revert_ccm_dl_bricks_layer1),
	gsSPDisplayList(mat_ccm_dl_Gravel),
	gsSPDisplayList(ccm_dl_VISUAL_mesh_layer_1_tri_4),
	gsSPDisplayList(mat_revert_ccm_dl_Gravel),
	gsSPDisplayList(mat_ccm_dl_Grass_VERY_slippery),
	gsSPDisplayList(ccm_dl_VISUAL_mesh_layer_1_tri_5),
	gsSPDisplayList(mat_revert_ccm_dl_Grass_VERY_slippery),
	gsSPDisplayList(mat_ccm_dl_face),
	gsSPDisplayList(ccm_dl_VISUAL_mesh_layer_1_tri_6),
	gsSPDisplayList(mat_revert_ccm_dl_face),
	gsSPDisplayList(mat_ccm_dl_Stone_layer1),
	gsSPDisplayList(ccm_dl_VISUAL_mesh_layer_1_tri_7),
	gsSPDisplayList(mat_revert_ccm_dl_Stone_layer1),
	gsSPDisplayList(mat_ccm_dl_water_layer1),
	gsSPDisplayList(ccm_dl_VISUAL_mesh_layer_1_tri_8),
	gsSPDisplayList(mat_revert_ccm_dl_water_layer1),
	gsSPDisplayList(mat_ccm_dl_Mix_Grass_layer1),
	gsSPDisplayList(ccm_dl_VISUAL_mesh_layer_1_tri_9),
	gsSPDisplayList(mat_revert_ccm_dl_Mix_Grass_layer1),
	gsDPPipeSync(),
	gsSPSetGeometryMode(G_LIGHTING),
	gsSPClearGeometryMode(G_TEXTURE_GEN),
	gsDPSetCombineLERP(0, 0, 0, SHADE, 0, 0, 0, ENVIRONMENT, 0, 0, 0, SHADE, 0, 0, 0, ENVIRONMENT),
	gsSPTexture(65535, 65535, 0, 0, 0),
	gsDPSetEnvColor(255, 255, 255, 255),
	gsDPSetAlphaCompare(G_AC_NONE),
	gsSPEndDisplayList(),
};

Gfx ccm_dl_VISUAL_mesh_layer_5[] = {
	gsSPClearGeometryMode(G_LIGHTING),
	gsSPVertex(ccm_dl_VISUAL_mesh_layer_5_vtx_cull + 0, 8, 0),
	gsSPSetGeometryMode(G_LIGHTING),
	gsSPCullDisplayList(0, 7),
	gsSPDisplayList(mat_ccm_dl_bricks_FADE_layer5),
	gsSPDisplayList(ccm_dl_VISUAL_mesh_layer_5_tri_0),
	gsSPDisplayList(mat_revert_ccm_dl_bricks_FADE_layer5),
	gsDPPipeSync(),
	gsSPSetGeometryMode(G_LIGHTING),
	gsSPClearGeometryMode(G_TEXTURE_GEN),
	gsDPSetCombineLERP(0, 0, 0, SHADE, 0, 0, 0, ENVIRONMENT, 0, 0, 0, SHADE, 0, 0, 0, ENVIRONMENT),
	gsSPTexture(65535, 65535, 0, 0, 0),
	gsDPSetEnvColor(255, 255, 255, 255),
	gsDPSetAlphaCompare(G_AC_NONE),
	gsSPEndDisplayList(),
};

Gfx ccm_dl_VISUAL_mesh_layer_2[] = {
	gsSPClearGeometryMode(G_LIGHTING),
	gsSPVertex(ccm_dl_VISUAL_mesh_layer_2_vtx_cull + 0, 8, 0),
	gsSPSetGeometryMode(G_LIGHTING),
	gsSPCullDisplayList(0, 7),
	gsSPDisplayList(mat_ccm_dl_f3dlite_material),
	gsSPDisplayList(ccm_dl_VISUAL_mesh_layer_2_tri_0),
	gsSPDisplayList(mat_revert_ccm_dl_f3dlite_material),
	gsSPDisplayList(mat_ccm_dl_OVERHANG_GRASS_layer2),
	gsSPDisplayList(ccm_dl_VISUAL_mesh_layer_2_tri_1),
	gsSPDisplayList(mat_revert_ccm_dl_OVERHANG_GRASS_layer2),
	gsDPPipeSync(),
	gsSPSetGeometryMode(G_LIGHTING),
	gsSPClearGeometryMode(G_TEXTURE_GEN),
	gsDPSetCombineLERP(0, 0, 0, SHADE, 0, 0, 0, ENVIRONMENT, 0, 0, 0, SHADE, 0, 0, 0, ENVIRONMENT),
	gsSPTexture(65535, 65535, 0, 0, 0),
	gsDPSetEnvColor(255, 255, 255, 255),
	gsDPSetAlphaCompare(G_AC_NONE),
	gsSPEndDisplayList(),
};

