Gfx castle_grounds_dl_greyface_alt_2_64x64__CRUELTY_SQUAD__i4_aligner[] = {gsSPEndDisplayList()};
u8 castle_grounds_dl_greyface_alt_2_64x64__CRUELTY_SQUAD__i4[] = {
	0x76, 0x48, 0x99, 0x88, 0xab, 0x99, 0x98, 0x99, 
	0x98, 0x89, 0x78, 0x88, 0x76, 0x88, 0x99, 0x88, 
	0x88, 0x99, 0x88, 0x67, 0x88, 0x87, 0x98, 0x89, 
	0x99, 0x89, 0x99, 0xba, 0x88, 0x99, 0x84, 0x67, 
	0x63, 0x18, 0x69, 0x99, 0xbb, 0x99, 0x9b, 0x99, 
	0x99, 0x98, 0x77, 0x99, 0x76, 0x96, 0x88, 0x88, 
	0x88, 0x88, 0x69, 0x67, 0x99, 0x77, 0x89, 0x99, 
	0x99, 0xb9, 0x99, 0xbb, 0x99, 0x96, 0x81, 0x36, 
	0x57, 0x69, 0x79, 0x79, 0x99, 0x89, 0x99, 0x8a, 
	0xaa, 0x89, 0x99, 0x99, 0x88, 0x99, 0x68, 0x98, 
	0x89, 0x86, 0x99, 0x88, 0x99, 0x99, 0x98, 0xaa, 
	0xa8, 0x99, 0x98, 0x99, 0x97, 0x97, 0x96, 0x75, 
	0x77, 0x96, 0x99, 0x9b, 0x99, 0x89, 0x98, 0xbb, 
	0xaa, 0x99, 0x98, 0x98, 0x78, 0x89, 0x76, 0x89, 
	0x98, 0x67, 0x98, 0x87, 0x89, 0x89, 0x99, 0xaa, 
	0xbb, 0x89, 0x98, 0x99, 0xb9, 0x99, 0x69, 0x77, 
	0x64, 0x79, 0x88, 0x89, 0xa9, 0xaa, 0x99, 0x99, 
	0xaa, 0x99, 0x99, 0x98, 0x97, 0x98, 0x97, 0x89, 
	0x98, 0x79, 0x89, 0x79, 0x89, 0x99, 0x99, 0xaa, 
	0x99, 0x99, 0xaa, 0x9a, 0x98, 0x88, 0x97, 0x46, 
	0x84, 0x76, 0x89, 0x9b, 0x9b, 0xaa, 0x99, 0x99, 
	0xaa, 0x89, 0x99, 0x98, 0x77, 0x66, 0x69, 0x88, 
	0x88, 0x96, 0x66, 0x77, 0x89, 0x99, 0x98, 0xaa, 
	0x99, 0x99, 0xaa, 0xb9, 0xb9, 0x98, 0x67, 0x48, 
	0x42, 0x89, 0x97, 0x99, 0x98, 0x99, 0x99, 0x9a, 
	0x88, 0x67, 0x58, 0x76, 0x68, 0x77, 0x78, 0x77, 
	0x77, 0x87, 0x77, 0x86, 0x67, 0x85, 0x76, 0x88, 
	0xa9, 0x99, 0x99, 0x89, 0x99, 0x79, 0x98, 0x24, 
	0x24, 0x55, 0x56, 0x88, 0x98, 0x99, 0x9b, 0x99, 
	0xa9, 0x99, 0x98, 0x65, 0x55, 0x57, 0x77, 0x77, 
	0x77, 0x77, 0x75, 0x55, 0x56, 0x89, 0x99, 0x9a, 
	0x99, 0xb9, 0x99, 0x89, 0x88, 0x65, 0x55, 0x42, 
	0x47, 0x66, 0x78, 0x79, 0x89, 0xca, 0xbb, 0x98, 
	0x89, 0x77, 0x66, 0x75, 0x77, 0x68, 0x88, 0x77, 
	0x77, 0x88, 0x86, 0x77, 0x57, 0x66, 0x77, 0x98, 
	0x89, 0xbb, 0xac, 0x98, 0x97, 0x87, 0x66, 0x74, 
	0x76, 0x77, 0x88, 0x79, 0x89, 0xaa, 0xa9, 0x8b, 
	0x98, 0x97, 0x88, 0x85, 0x77, 0x79, 0x88, 0xbb, 
	0xbb, 0x88, 0x97, 0x77, 0x58, 0x88, 0x79, 0x89, 
	0xb8, 0x9a, 0xaa, 0x98, 0x97, 0x88, 0x77, 0x67, 
	0x77, 0x57, 0x57, 0x98, 0x8b, 0x99, 0x99, 0x86, 
	0x97, 0x96, 0x25, 0x44, 0x64, 0x69, 0x9b, 0xaa, 
	0xaa, 0xb9, 0x96, 0x46, 0x44, 0x52, 0x69, 0x79, 
	0x68, 0x99, 0x99, 0xb8, 0x89, 0x75, 0x75, 0x77, 
	0x78, 0x77, 0x77, 0x99, 0x89, 0x88, 0x88, 0x63, 
	0x73, 0x44, 0x55, 0x46, 0x99, 0x89, 0x9a, 0xb8, 
	0x8b, 0xa9, 0x98, 0x99, 0x64, 0x55, 0x44, 0x37, 
	0x36, 0x88, 0x88, 0x98, 0x99, 0x77, 0x77, 0x87, 
	0x65, 0x37, 0x98, 0xb9, 0xab, 0x97, 0x71, 0x25, 
	0x22, 0x33, 0x33, 0x22, 0x44, 0x68, 0x99, 0x8a, 
	0xa8, 0x99, 0x86, 0x44, 0x22, 0x33, 0x33, 0x22, 
	0x52, 0x17, 0x79, 0xba, 0x9b, 0x89, 0x73, 0x56, 
	0x36, 0x77, 0x99, 0x89, 0xba, 0x74, 0x33, 0x00, 
	0x22, 0x80, 0x20, 0x02, 0x26, 0x36, 0x97, 0x88, 
	0x88, 0x79, 0x63, 0x62, 0x20, 0x02, 0x08, 0x22, 
	0x00, 0x33, 0x47, 0xab, 0x98, 0x99, 0x77, 0x63, 
	0x47, 0x68, 0x89, 0xb9, 0x98, 0x71, 0x52, 0x11, 
	0x57, 0x53, 0x00, 0x02, 0x26, 0x37, 0x77, 0x95, 
	0x59, 0x77, 0x73, 0x62, 0x20, 0x00, 0x35, 0x75, 
	0x11, 0x25, 0x17, 0x89, 0x9b, 0x98, 0x86, 0x74, 
	0x75, 0x69, 0x9b, 0x88, 0x99, 0x73, 0x22, 0x49, 
	0x77, 0x11, 0x22, 0x00, 0x24, 0x37, 0x77, 0x57, 
	0x75, 0x77, 0x73, 0x42, 0x00, 0x22, 0x11, 0x77, 
	0x94, 0x22, 0x37, 0x99, 0x88, 0xb9, 0x96, 0x57, 
	0x86, 0x99, 0x99, 0x89, 0x96, 0x42, 0x36, 0x99, 
	0x99, 0x33, 0x01, 0x22, 0x23, 0x28, 0x65, 0x35, 
	0x53, 0x56, 0x82, 0x32, 0x22, 0x10, 0x33, 0x99, 
	0x99, 0x63, 0x24, 0x69, 0x98, 0x99, 0x99, 0x68, 
	0x66, 0x89, 0x9a, 0x99, 0x66, 0x54, 0x36, 0x99, 
	0x99, 0x93, 0x12, 0x02, 0x65, 0x44, 0x44, 0x56, 
	0x65, 0x44, 0x44, 0x56, 0x20, 0x21, 0x39, 0x99, 
	0x99, 0x63, 0x45, 0x66, 0x99, 0xa9, 0x98, 0x66, 
	0x97, 0x99, 0x9b, 0xb9, 0xb6, 0x64, 0x78, 0x99, 
	0x99, 0x95, 0x33, 0x33, 0x67, 0x73, 0x58, 0x57, 
	0x75, 0x85, 0x37, 0x76, 0x33, 0x33, 0x59, 0x99, 
	0x99, 0x87, 0x46, 0x6b, 0x9b, 0xb9, 0x99, 0x79, 
	0x99, 0x99, 0xbb, 0xb9, 0x83, 0x74, 0x78, 0x99, 
	0x99, 0x77, 0x99, 0x96, 0x74, 0x44, 0x58, 0x55, 
	0x55, 0x85, 0x44, 0x47, 0x69, 0x99, 0x77, 0x99, 
	0x99, 0x87, 0x47, 0x38, 0x9b, 0xbb, 0x99, 0x99, 
	0x68, 0x88, 0x8b, 0x7b, 0x88, 0x57, 0x99, 0xb9, 
	0x99, 0xb9, 0x99, 0x88, 0x96, 0x63, 0x59, 0x66, 
	0x66, 0x95, 0x36, 0x69, 0x88, 0x99, 0x9b, 0x99, 
	0x9b, 0x99, 0x75, 0x88, 0xb7, 0xb8, 0x88, 0x86, 
	0x78, 0x78, 0xb9, 0xbb, 0x69, 0x97, 0x99, 0xaa, 
	0x99, 0x9b, 0x99, 0x89, 0x76, 0x63, 0x86, 0x97, 
	0x79, 0x68, 0x36, 0x67, 0x98, 0x99, 0xb9, 0x99, 
	0xaa, 0x99, 0x79, 0x96, 0xbb, 0x9b, 0x87, 0x87, 
	0x77, 0x9b, 0x89, 0x9b, 0xbb, 0x55, 0x75, 0x66, 
	0x99, 0x99, 0x99, 0x99, 0x97, 0x15, 0x89, 0x87, 
	0x78, 0x98, 0x51, 0x79, 0x99, 0x99, 0x99, 0x99, 
	0x66, 0x57, 0x55, 0xbb, 0xb9, 0x98, 0xb9, 0x77, 
	0x77, 0x66, 0x98, 0x9b, 0xbb, 0x97, 0x44, 0x64, 
	0x99, 0x99, 0x99, 0x99, 0x37, 0x55, 0x99, 0x76, 
	0x67, 0x99, 0x55, 0x73, 0x99, 0x99, 0x99, 0x99, 
	0x46, 0x44, 0x79, 0xbb, 0xb9, 0x89, 0x66, 0x77, 
	0x37, 0x47, 0x99, 0x9b, 0xbb, 0x95, 0x53, 0x63, 
	0x76, 0x66, 0x64, 0x68, 0x55, 0x88, 0xbb, 0xb8, 
	0x8b, 0xbb, 0x88, 0x55, 0x86, 0x46, 0x66, 0x67, 
	0x36, 0x35, 0x59, 0xbb, 0xb9, 0x99, 0x74, 0x73, 
	0x37, 0x44, 0x88, 0x9b, 0xaa, 0x66, 0x66, 0x88, 
	0x76, 0x88, 0x55, 0x75, 0x66, 0x28, 0xb9, 0x98, 
	0x89, 0x9b, 0x82, 0x66, 0x57, 0x55, 0x88, 0x67, 
	0x88, 0x66, 0x66, 0xaa, 0xb9, 0x88, 0x44, 0x73, 
	0x66, 0x73, 0x75, 0xb9, 0xbb, 0x88, 0x67, 0x88, 
	0x76, 0x77, 0x46, 0x57, 0x53, 0x3b, 0xbb, 0x99, 
	0x99, 0xbb, 0xb3, 0x35, 0x75, 0x64, 0x77, 0x67, 
	0x88, 0x76, 0x88, 0xbb, 0x9b, 0x57, 0x37, 0x66, 
	0x24, 0x75, 0x76, 0x57, 0xb7, 0x76, 0x88, 0x88, 
	0x86, 0x77, 0x53, 0x35, 0x63, 0x8b, 0xbb, 0x99, 
	0x99, 0xbb, 0xb8, 0x36, 0x53, 0x35, 0x77, 0x68, 
	0x88, 0x88, 0x67, 0x7b, 0x75, 0x67, 0x57, 0x42, 
	0x46, 0x77, 0x33, 0x35, 0x78, 0x88, 0x88, 0x88, 
	0x89, 0x36, 0x35, 0x57, 0x49, 0xb9, 0xba, 0x98, 
	0x89, 0xab, 0x9b, 0x94, 0x75, 0x53, 0x63, 0x98, 
	0x88, 0x88, 0x88, 0x87, 0x53, 0x33, 0x77, 0x64, 
	0x44, 0x53, 0x65, 0x35, 0x88, 0x88, 0x88, 0x89, 
	0x89, 0x43, 0x73, 0x57, 0x9b, 0xbb, 0xba, 0x89, 
	0x98, 0xab, 0xbb, 0xb9, 0x75, 0x37, 0x34, 0x98, 
	0x98, 0x88, 0x88, 0x88, 0x53, 0x56, 0x35, 0x44, 
	0x55, 0x35, 0x36, 0x75, 0x88, 0x99, 0x99, 0x89, 
	0x89, 0x57, 0x66, 0x59, 0xb9, 0xbb, 0x99, 0x89, 
	0x98, 0x99, 0xbb, 0x9b, 0x95, 0x66, 0x75, 0x98, 
	0x98, 0x99, 0x99, 0x88, 0x57, 0x63, 0x53, 0x55, 
	0x54, 0x83, 0x66, 0x75, 0x98, 0x99, 0xba, 0x98, 
	0x99, 0x87, 0x74, 0x79, 0xbb, 0xbb, 0xba, 0x98, 
	0x89, 0xab, 0xbb, 0xbb, 0x97, 0x47, 0x78, 0x99, 
	0x89, 0xab, 0x99, 0x89, 0x57, 0x66, 0x38, 0x45, 
	0x46, 0x37, 0x97, 0x89, 0x99, 0x89, 0x99, 0x99, 
	0x99, 0x88, 0x73, 0x77, 0xa9, 0xac, 0xba, 0x89, 
	0x98, 0xab, 0xca, 0x9a, 0x77, 0x37, 0x88, 0x99, 
	0x99, 0x99, 0x98, 0x99, 0x98, 0x79, 0x73, 0x64, 
	0x64, 0x55, 0x99, 0x98, 0x99, 0x99, 0x99, 0x99, 
	0x99, 0x99, 0x75, 0x99, 0xb9, 0xaa, 0xa8, 0x99, 
	0x99, 0x8a, 0xaa, 0x9b, 0x99, 0x57, 0x99, 0x99, 
	0x99, 0x99, 0x99, 0x99, 0x89, 0x99, 0x55, 0x46, 
	0x56, 0x77, 0x99, 0x98, 0x88, 0x89, 0x99, 0xa8, 
	0x98, 0x88, 0x86, 0x66, 0x77, 0x99, 0x64, 0x44, 
	0x44, 0x46, 0x99, 0x77, 0x66, 0x68, 0x88, 0x89, 
	0x8a, 0x99, 0x98, 0x88, 0x89, 0x99, 0x77, 0x65, 
	0x65, 0x76, 0x98, 0x89, 0x88, 0x89, 0x99, 0x8b, 
	0x89, 0x99, 0x83, 0x62, 0x33, 0x35, 0x22, 0x24, 
	0x42, 0x22, 0x53, 0x33, 0x26, 0x38, 0x99, 0x98, 
	0xb8, 0x99, 0x98, 0x88, 0x98, 0x89, 0x67, 0x56, 
	0x46, 0x69, 0x99, 0x89, 0x99, 0x89, 0x99, 0x9b, 
	0x98, 0xb8, 0x96, 0x62, 0x43, 0x23, 0x31, 0x35, 
	0x53, 0x13, 0x32, 0x34, 0x26, 0x69, 0x8b, 0x89, 
	0xb9, 0x99, 0x98, 0x99, 0x98, 0x99, 0x96, 0x64, 
	0x76, 0x99, 0x99, 0x88, 0x89, 0x98, 0x99, 0x99, 
	0x99, 0xa8, 0x99, 0x47, 0x45, 0x20, 0x11, 0x33, 
	0x33, 0x11, 0x02, 0x54, 0x74, 0x99, 0x8a, 0x99, 
	0x99, 0x99, 0x89, 0x98, 0x88, 0x99, 0x99, 0x67, 
	0x79, 0x99, 0x9a, 0x88, 0x88, 0x89, 0x98, 0xaa, 
	0xaa, 0x88, 0x89, 0x95, 0x42, 0x00, 0x01, 0x20, 
	0x02, 0x10, 0x00, 0x24, 0x59, 0x98, 0x88, 0xaa, 
	0xaa, 0x89, 0x98, 0x88, 0x88, 0xa9, 0x99, 0x97, 
	0x49, 0x99, 0x89, 0x88, 0x88, 0x99, 0x99, 0x8a, 
	0x99, 0x99, 0x8a, 0x75, 0x62, 0x01, 0x00, 0x20, 
	0x02, 0x00, 0x10, 0x26, 0x57, 0xa8, 0x99, 0x99, 
	0xa8, 0x99, 0x99, 0x88, 0x88, 0x98, 0x99, 0x94, 
	0x78, 0x99, 0xb8, 0x68, 0x36, 0x77, 0x89, 0x89, 
	0xa9, 0x99, 0xa9, 0x99, 0x52, 0x02, 0x11, 0x20, 
	0x02, 0x11, 0x20, 0x25, 0x99, 0x9a, 0x99, 0x9a, 
	0x98, 0x98, 0x77, 0x63, 0x86, 0x8b, 0x99, 0x87, 
	0x77, 0x99, 0x68, 0x87, 0x85, 0x57, 0x88, 0x89, 
	0xaa, 0x99, 0x9b, 0x99, 0x75, 0x22, 0x22, 0x22, 
	0x22, 0x22, 0x22, 0x57, 0x99, 0xb9, 0x99, 0xaa, 
	0x98, 0x88, 0x75, 0x58, 0x78, 0x86, 0x99, 0x77, 
	0x59, 0x89, 0x78, 0x86, 0x42, 0x46, 0x98, 0x89, 
	0xa8, 0xaa, 0xaa, 0x89, 0x63, 0x11, 0x12, 0x22, 
	0x22, 0x21, 0x11, 0x36, 0x98, 0xaa, 0xaa, 0x8a, 
	0x98, 0x89, 0x64, 0x24, 0x68, 0x87, 0x98, 0x95, 
	0x75, 0x98, 0x88, 0x65, 0x42, 0x77, 0x99, 0x99, 
	0x8a, 0xaa, 0xa9, 0x99, 0x63, 0x22, 0x22, 0x02, 
	0x20, 0x22, 0x22, 0x36, 0x99, 0x9a, 0xaa, 0xa8, 
	0x99, 0x99, 0x77, 0x24, 0x56, 0x88, 0x89, 0x57, 
	0x67, 0x98, 0x88, 0x66, 0x42, 0x77, 0x88, 0x98, 
	0x88, 0x89, 0x89, 0x99, 0x99, 0x53, 0x20, 0x06, 
	0x60, 0x02, 0x35, 0x99, 0x99, 0x98, 0x98, 0x88, 
	0x89, 0x88, 0x77, 0x24, 0x66, 0x88, 0x89, 0x76, 
	0x68, 0x88, 0x88, 0x88, 0x42, 0x77, 0x88, 0x89, 
	0x98, 0x89, 0x98, 0x89, 0x97, 0x88, 0x32, 0x36, 
	0x63, 0x23, 0x88, 0x79, 0x98, 0x89, 0x98, 0x89, 
	0x98, 0x88, 0x77, 0x24, 0x88, 0x88, 0x88, 0x86, 
	0x44, 0x99, 0x88, 0x66, 0x33, 0x03, 0x46, 0x78, 
	0x57, 0x68, 0x79, 0x97, 0x66, 0x77, 0x77, 0x77, 
	0x77, 0x77, 0x77, 0x66, 0x79, 0x97, 0x86, 0x75, 
	0x87, 0x64, 0x30, 0x33, 0x66, 0x88, 0x99, 0x44, 
	0x27, 0x79, 0x99, 0x66, 0x77, 0x53, 0x64, 0x77, 
	0x77, 0x88, 0x77, 0x37, 0x85, 0x74, 0x74, 0x84, 
	0x48, 0x47, 0x47, 0x58, 0x73, 0x77, 0x88, 0x77, 
	0x77, 0x46, 0x35, 0x77, 0x66, 0x99, 0x97, 0x72, 
	0x46, 0x99, 0x98, 0x88, 0x77, 0x88, 0x73, 0x78, 
	0x38, 0x77, 0x68, 0x66, 0x77, 0x78, 0x88, 0x99, 
	0x99, 0x88, 0x87, 0x77, 0x66, 0x86, 0x77, 0x83, 
	0x87, 0x37, 0x88, 0x77, 0x88, 0x89, 0x99, 0x64, 
	0x46, 0x99, 0x99, 0x88, 0x77, 0x88, 0x87, 0x73, 
	0x55, 0x64, 0x65, 0x24, 0x77, 0x77, 0x88, 0x88, 
	0x88, 0x88, 0x77, 0x77, 0x42, 0x56, 0x46, 0x55, 
	0x37, 0x78, 0x88, 0x77, 0x88, 0x99, 0x99, 0x64, 
	0x44, 0xaa, 0x99, 0x88, 0x88, 0x88, 0x88, 0x84, 
	0x55, 0x44, 0x22, 0x23, 0x44, 0x31, 0x33, 0x35, 
	0x53, 0x33, 0x13, 0x44, 0x32, 0x22, 0x44, 0x55, 
	0x48, 0x88, 0x88, 0x88, 0x88, 0x99, 0xaa, 0x44, 
	0x44, 0xaa, 0x98, 0x99, 0x88, 0x88, 0x88, 0x64, 
	0x11, 0x46, 0x22, 0x23, 0x22, 0x11, 0x03, 0x30, 
	0x03, 0x30, 0x11, 0x22, 0x32, 0x22, 0x64, 0x11, 
	0x46, 0x88, 0x88, 0x88, 0x99, 0x89, 0xaa, 0x44, 
	0x35, 0x89, 0xaa, 0x98, 0x89, 0x88, 0x68, 0x74, 
	0x46, 0x32, 0x42, 0x11, 0x11, 0x22, 0x22, 0x50, 
	0x05, 0x22, 0x22, 0x11, 0x11, 0x24, 0x23, 0x64, 
	0x47, 0x86, 0x88, 0x98, 0x89, 0xaa, 0x98, 0x53, 
	0x35, 0x99, 0xaa, 0x88, 0x88, 0x88, 0x88, 0x74, 
	0x84, 0x56, 0x66, 0x66, 0x57, 0x57, 0x45, 0x57, 
	0x75, 0x54, 0x75, 0x75, 0x66, 0x66, 0x65, 0x48, 
	0x47, 0x88, 0x88, 0x88, 0x88, 0xaa, 0x99, 0x53, 
	0x14, 0x99, 0x98, 0x88, 0x88, 0x88, 0x57, 0x47, 
	0x53, 0x75, 0x47, 0x99, 0x98, 0x96, 0x75, 0x69, 
	0x96, 0x57, 0x69, 0x89, 0x99, 0x74, 0x57, 0x35, 
	0x74, 0x75, 0x88, 0x88, 0x88, 0x89, 0x99, 0x41, 
	0x46, 0x99, 0x99, 0x88, 0x88, 0x88, 0x57, 0x57, 
	0x55, 0x53, 0x79, 0x86, 0x89, 0x96, 0x77, 0x99, 
	0x99, 0x77, 0x69, 0x98, 0x68, 0x97, 0x35, 0x55, 
	0x75, 0x75, 0x88, 0x88, 0x88, 0x99, 0x99, 0x64, 
	0x46, 0x88, 0x89, 0x88, 0x88, 0x88, 0x77, 0x74, 
	0x94, 0x99, 0x79, 0x98, 0x99, 0x98, 0x99, 0x98, 
	0x89, 0x99, 0x89, 0x99, 0x89, 0x97, 0x99, 0x49, 
	0x47, 0x77, 0x88, 0x88, 0x88, 0x98, 0x88, 0x64, 
	0x66, 0x88, 0x88, 0x88, 0x88, 0x88, 0x97, 0x59, 
	0x69, 0x99, 0x89, 0x89, 0x99, 0x99, 0x98, 0x98, 
	0x89, 0x89, 0x99, 0x99, 0x98, 0x98, 0x99, 0x96, 
	0x95, 0x79, 0x88, 0x88, 0x88, 0x88, 0x88, 0x66, 
	0x44, 0x88, 0x88, 0x88, 0x88, 0x98, 0x76, 0x99, 
	0x98, 0x99, 0x89, 0x98, 0x88, 0x98, 0x99, 0x98, 
	0x89, 0x99, 0x89, 0x88, 0x89, 0x98, 0x99, 0x89, 
	0x99, 0x67, 0x89, 0x88, 0x88, 0x88, 0x88, 0x44, 
	0x48, 0x88, 0x88, 0x88, 0x88, 0x99, 0x99, 0x97, 
	0x89, 0x97, 0x88, 0x89, 0x88, 0x89, 0x88, 0x88, 
	0x88, 0x88, 0x98, 0x88, 0x98, 0x88, 0x79, 0x98, 
	0x79, 0x99, 0x99, 0x88, 0x88, 0x88, 0x88, 0x84, 
	0x44, 0x88, 0x77, 0x77, 0x88, 0x55, 0x66, 0x75, 
	0x66, 0x79, 0x66, 0x24, 0x76, 0x77, 0x46, 0x77, 
	0x77, 0x64, 0x77, 0x67, 0x42, 0x66, 0x97, 0x66, 
	0x57, 0x66, 0x55, 0x88, 0x77, 0x77, 0x88, 0x44, 
	0x26, 0x62, 0x55, 0x45, 0x77, 0x53, 0x44, 0x37, 
	0x64, 0x77, 0x66, 0x44, 0x77, 0x53, 0x24, 0x53, 
	0x35, 0x42, 0x35, 0x77, 0x44, 0x66, 0x77, 0x46, 
	0x73, 0x44, 0x35, 0x77, 0x54, 0x55, 0x26, 0x62, 
	0x01, 0x41, 0x13, 0x23, 0x53, 0x35, 0x15, 0x66, 
	0x46, 0x66, 0x46, 0x22, 0x47, 0x73, 0x47, 0x13, 
	0x31, 0x74, 0x37, 0x74, 0x22, 0x64, 0x66, 0x64, 
	0x66, 0x51, 0x53, 0x35, 0x32, 0x31, 0x14, 0x10, 
	0x13, 0x35, 0x61, 0x23, 0x55, 0x33, 0x53, 0x22, 
	0x42, 0x22, 0x22, 0x64, 0x36, 0x33, 0x44, 0x53, 
	0x35, 0x44, 0x33, 0x63, 0x46, 0x22, 0x22, 0x24, 
	0x22, 0x35, 0x33, 0x55, 0x32, 0x16, 0x53, 0x31, 
	
};

Gfx castle_grounds_dl_Pattern_02_Green_Wallpaper_1_64x64_i4_aligner[] = {gsSPEndDisplayList()};
u8 castle_grounds_dl_Pattern_02_Green_Wallpaper_1_64x64_i4[] = {
	0x44, 0x44, 0x44, 0x44, 0x44, 0x44, 0x44, 0x44, 
	0x58, 0x88, 0x88, 0x88, 0x77, 0x77, 0x77, 0x77, 
	0x77, 0x77, 0x77, 0x88, 0x88, 0x88, 0x88, 0x54, 
	0x44, 0x44, 0x44, 0x44, 0x44, 0x44, 0x44, 0x44, 
	0x44, 0x44, 0x44, 0x44, 0x44, 0x44, 0x44, 0x44, 
	0x88, 0x88, 0x88, 0x87, 0x77, 0x77, 0x77, 0x77, 
	0x77, 0x77, 0x77, 0x78, 0x88, 0x88, 0x98, 0x74, 
	0x44, 0x44, 0x44, 0x44, 0x44, 0x44, 0x44, 0x44, 
	0x44, 0x44, 0x44, 0x44, 0x44, 0x44, 0x44, 0x45, 
	0x89, 0x98, 0x88, 0x77, 0x77, 0x77, 0x77, 0x77, 
	0x77, 0x77, 0x77, 0x77, 0x88, 0x89, 0x98, 0x85, 
	0x44, 0x44, 0x44, 0x44, 0x44, 0x44, 0x44, 0x44, 
	0x44, 0x44, 0x44, 0x44, 0x44, 0x44, 0x44, 0x68, 
	0x88, 0x88, 0x87, 0x77, 0x77, 0x77, 0x77, 0x77, 
	0x77, 0x77, 0x77, 0x77, 0x77, 0x88, 0x88, 0x88, 
	0x54, 0x44, 0x44, 0x44, 0x44, 0x44, 0x44, 0x44, 
	0x44, 0x44, 0x44, 0x44, 0x44, 0x44, 0x58, 0x88, 
	0x88, 0x78, 0x77, 0x77, 0x77, 0x77, 0x77, 0x77, 
	0x77, 0x77, 0x77, 0x77, 0x77, 0x77, 0x88, 0x88, 
	0x87, 0x54, 0x44, 0x44, 0x44, 0x44, 0x44, 0x44, 
	0x44, 0x44, 0x44, 0x44, 0x57, 0x78, 0x88, 0x88, 
	0x88, 0x87, 0x77, 0x77, 0x77, 0x77, 0x77, 0x77, 
	0x77, 0x77, 0x77, 0x77, 0x77, 0x77, 0x88, 0x88, 
	0x88, 0x88, 0x77, 0x54, 0x44, 0x44, 0x44, 0x44, 
	0x44, 0x44, 0x44, 0x45, 0x78, 0x88, 0x88, 0x88, 
	0x88, 0x77, 0x77, 0x77, 0x77, 0x77, 0x77, 0x77, 
	0x77, 0x77, 0x77, 0x77, 0x77, 0x77, 0x78, 0x88, 
	0x88, 0x88, 0x88, 0x75, 0x43, 0x44, 0x44, 0x44, 
	0x44, 0x44, 0x44, 0x57, 0x88, 0x88, 0x88, 0x88, 
	0x87, 0x77, 0x77, 0x77, 0x77, 0x77, 0x77, 0x77, 
	0x77, 0x77, 0x77, 0x77, 0x77, 0x77, 0x77, 0x88, 
	0x99, 0x88, 0x87, 0x76, 0x44, 0x44, 0x44, 0x44, 
	0x44, 0x44, 0x44, 0x68, 0x88, 0x88, 0x88, 0x87, 
	0x77, 0x77, 0x77, 0x77, 0x77, 0x77, 0x77, 0x77, 
	0x77, 0x77, 0x77, 0x77, 0x77, 0x77, 0x77, 0x77, 
	0x88, 0x88, 0x88, 0x88, 0x64, 0x44, 0x44, 0x44, 
	0x44, 0x44, 0x44, 0x78, 0x88, 0x88, 0x88, 0x77, 
	0x77, 0x77, 0x77, 0x77, 0x77, 0x77, 0x77, 0x77, 
	0x77, 0x77, 0x77, 0x77, 0x77, 0x77, 0x77, 0x77, 
	0x88, 0x88, 0x88, 0x88, 0x64, 0x44, 0x44, 0x44, 
	0x44, 0x44, 0x44, 0x88, 0x88, 0x88, 0x88, 0x77, 
	0x77, 0x77, 0x77, 0x77, 0x77, 0x77, 0x77, 0x77, 
	0x77, 0x77, 0x77, 0x77, 0x77, 0x77, 0x77, 0x76, 
	0x78, 0x88, 0x88, 0x88, 0x74, 0x44, 0x44, 0x44, 
	0x44, 0x44, 0x45, 0x88, 0x88, 0x88, 0x88, 0x77, 
	0x77, 0x77, 0x77, 0x77, 0x77, 0x77, 0x77, 0x79, 
	0x97, 0x77, 0x77, 0x77, 0x77, 0x77, 0x77, 0x77, 
	0x78, 0x88, 0x88, 0x88, 0x84, 0x44, 0x44, 0x44, 
	0x44, 0x44, 0x47, 0x88, 0x88, 0x88, 0x87, 0x77, 
	0x77, 0x77, 0x77, 0x77, 0x77, 0x77, 0x77, 0x9a, 
	0xa9, 0x77, 0x77, 0x77, 0x77, 0x77, 0x77, 0x77, 
	0x77, 0x88, 0x88, 0x88, 0x87, 0x44, 0x44, 0x44, 
	0x44, 0x44, 0x58, 0x88, 0x88, 0x88, 0x77, 0x77, 
	0x77, 0x77, 0x77, 0x77, 0x77, 0x77, 0x79, 0xaa, 
	0xaa, 0x97, 0x77, 0x77, 0x77, 0x77, 0x77, 0x77, 
	0x77, 0x78, 0x88, 0x88, 0x88, 0x54, 0x44, 0x44, 
	0x44, 0x46, 0x88, 0x88, 0x88, 0x77, 0x77, 0x77, 
	0x77, 0x77, 0x77, 0x77, 0x77, 0x77, 0x9a, 0xaa, 
	0xaa, 0xa9, 0x77, 0x77, 0x77, 0x77, 0x77, 0x77, 
	0x77, 0x77, 0x77, 0x88, 0x88, 0x85, 0x44, 0x44, 
	0x46, 0x88, 0x88, 0x88, 0x87, 0x77, 0x77, 0x77, 
	0x77, 0x77, 0x77, 0x77, 0x77, 0x79, 0xaa, 0xaa, 
	0xaa, 0xaa, 0x97, 0x77, 0x77, 0x77, 0x77, 0x77, 
	0x77, 0x77, 0x77, 0x88, 0x88, 0x88, 0x86, 0x44, 
	0x88, 0x88, 0x88, 0x88, 0x77, 0x77, 0x77, 0x77, 
	0x77, 0x77, 0x77, 0x77, 0x77, 0x9a, 0xaa, 0xaa, 
	0xaa, 0xaa, 0xa9, 0x77, 0x77, 0x77, 0x77, 0x77, 
	0x77, 0x77, 0x77, 0x78, 0x88, 0x88, 0x88, 0x88, 
	0x88, 0x88, 0x88, 0x87, 0x77, 0x77, 0x77, 0x77, 
	0x77, 0x77, 0x77, 0x77, 0x79, 0xaa, 0xaa, 0xaa, 
	0xaa, 0xaa, 0xaa, 0x97, 0x77, 0x77, 0x77, 0x77, 
	0x77, 0x77, 0x77, 0x77, 0x88, 0x88, 0x88, 0x88, 
	0x88, 0x88, 0x88, 0x77, 0x77, 0x77, 0x77, 0x77, 
	0x77, 0x77, 0x77, 0x77, 0x79, 0xaa, 0xaa, 0xaa, 
	0xaa, 0xaa, 0xaa, 0x97, 0x77, 0x77, 0x77, 0x77, 
	0x77, 0x77, 0x77, 0x77, 0x78, 0x88, 0x88, 0x88, 
	0x88, 0x88, 0x77, 0x77, 0x77, 0x77, 0x77, 0x77, 
	0x77, 0x77, 0x77, 0x77, 0x77, 0x9a, 0xaa, 0xaa, 
	0xaa, 0xaa, 0xa9, 0x77, 0x77, 0x77, 0x77, 0x77, 
	0x77, 0x77, 0x77, 0x77, 0x77, 0x78, 0x88, 0x88, 
	0x88, 0x87, 0x77, 0x77, 0x77, 0x77, 0x77, 0x77, 
	0x77, 0x77, 0x77, 0x77, 0x77, 0x79, 0xaa, 0xaa, 
	0xaa, 0xaa, 0x97, 0x77, 0x77, 0x77, 0x77, 0x77, 
	0x77, 0x77, 0x77, 0x77, 0x77, 0x78, 0x88, 0x88, 
	0x88, 0x87, 0x77, 0x77, 0x77, 0x77, 0x77, 0x77, 
	0x77, 0x77, 0x77, 0x77, 0x77, 0x77, 0x9a, 0xaa, 
	0xaa, 0xa9, 0x77, 0x77, 0x77, 0x77, 0x78, 0x88, 
	0x77, 0x77, 0x77, 0x77, 0x77, 0x78, 0x88, 0x88, 
	0x88, 0x87, 0x77, 0x77, 0x77, 0x77, 0x77, 0x77, 
	0x77, 0x77, 0x77, 0x77, 0x77, 0x77, 0x89, 0xaa, 
	0xaa, 0x97, 0x77, 0x77, 0x77, 0x77, 0x77, 0x77, 
	0x77, 0x77, 0x77, 0x77, 0x77, 0x77, 0x88, 0x88, 
	0x88, 0x77, 0x77, 0x77, 0x77, 0x77, 0x77, 0x77, 
	0x77, 0x77, 0x77, 0x77, 0x77, 0x77, 0x77, 0x9a, 
	0xa9, 0x77, 0x77, 0x77, 0x77, 0x77, 0x77, 0x77, 
	0x77, 0x77, 0x77, 0x77, 0x77, 0x77, 0x78, 0x88, 
	0x87, 0x77, 0x77, 0x77, 0x77, 0x77, 0x77, 0x77, 
	0x77, 0x99, 0x77, 0x77, 0x77, 0x77, 0x77, 0x79, 
	0x97, 0x77, 0x77, 0x77, 0x77, 0x77, 0x89, 0x77, 
	0x77, 0x77, 0x77, 0x77, 0x77, 0x77, 0x77, 0x88, 
	0x77, 0x77, 0x77, 0x77, 0x77, 0x77, 0x77, 0x77, 
	0x79, 0xaa, 0x97, 0x77, 0x77, 0x77, 0x77, 0x89, 
	0x99, 0x77, 0x77, 0x77, 0x77, 0x79, 0x99, 0x87, 
	0x77, 0x77, 0x77, 0x77, 0x77, 0x77, 0x77, 0x77, 
	0x77, 0x77, 0x77, 0x77, 0x77, 0x77, 0x77, 0x77, 
	0x9a, 0xaa, 0xa9, 0x77, 0x77, 0x76, 0x78, 0x99, 
	0xaa, 0x97, 0x77, 0x77, 0x77, 0x9a, 0xaa, 0xa9, 
	0x77, 0x77, 0x77, 0x77, 0x77, 0x77, 0x77, 0x77, 
	0x77, 0x77, 0x77, 0x77, 0x77, 0x77, 0x77, 0x79, 
	0xaa, 0xaa, 0xaa, 0x97, 0x77, 0x77, 0x89, 0xaa, 
	0xaa, 0xa9, 0x77, 0x77, 0x79, 0xaa, 0xaa, 0xaa, 
	0x97, 0x77, 0x77, 0x77, 0x77, 0x77, 0x77, 0x77, 
	0x77, 0x77, 0x77, 0x77, 0x77, 0x77, 0x77, 0x9a, 
	0xaa, 0xaa, 0xaa, 0xa9, 0x77, 0x79, 0xaa, 0xaa, 
	0xaa, 0xaa, 0x97, 0x77, 0x9a, 0xaa, 0xaa, 0xaa, 
	0xa9, 0x77, 0x77, 0x77, 0x77, 0x77, 0x77, 0x77, 
	0x77, 0x77, 0x77, 0x77, 0x77, 0x77, 0x79, 0xaa, 
	0xaa, 0xaa, 0xaa, 0xaa, 0x97, 0x9a, 0xaa, 0xaa, 
	0xaa, 0xaa, 0xa9, 0x79, 0xaa, 0xaa, 0xaa, 0xaa, 
	0xaa, 0x97, 0x77, 0x77, 0x77, 0x77, 0x77, 0x77, 
	0x77, 0x77, 0x77, 0x77, 0x77, 0x77, 0x89, 0xaa, 
	0xaa, 0xaa, 0xaa, 0xaa, 0xa9, 0xaa, 0xaa, 0xaa, 
	0xaa, 0xaa, 0xaa, 0x9a, 0xaa, 0xaa, 0xaa, 0xaa, 
	0xaa, 0xa9, 0x77, 0x77, 0x77, 0x77, 0x77, 0x77, 
	0x77, 0x77, 0x77, 0x77, 0x77, 0x77, 0x8a, 0xaa, 
	0xaa, 0xaa, 0xaa, 0xaa, 0xa9, 0xaa, 0xaa, 0xaa, 
	0xaa, 0xaa, 0xaa, 0x9a, 0xaa, 0xaa, 0xaa, 0xaa, 
	0xaa, 0xa9, 0x77, 0x77, 0x77, 0x77, 0x77, 0x77, 
	0x77, 0x77, 0x77, 0x77, 0x77, 0x77, 0x79, 0xaa, 
	0xaa, 0xaa, 0xaa, 0xaa, 0x97, 0x9a, 0xaa, 0xaa, 
	0xaa, 0xaa, 0xa9, 0x79, 0xaa, 0xaa, 0xaa, 0xaa, 
	0xaa, 0x97, 0x77, 0x77, 0x77, 0x77, 0x77, 0x77, 
	0x77, 0x77, 0x77, 0x77, 0x77, 0x77, 0x77, 0x9a, 
	0xaa, 0xaa, 0xaa, 0xa9, 0x77, 0x79, 0xaa, 0xaa, 
	0xaa, 0xaa, 0x97, 0x77, 0x8a, 0xaa, 0xaa, 0xaa, 
	0xa9, 0x77, 0x77, 0x77, 0x77, 0x77, 0x77, 0x77, 
	0x77, 0x77, 0x77, 0x77, 0x77, 0x77, 0x77, 0x79, 
	0xaa, 0xaa, 0xaa, 0x97, 0x77, 0x77, 0x9a, 0xaa, 
	0xaa, 0xa9, 0x77, 0x77, 0x78, 0x99, 0x9a, 0xa9, 
	0x97, 0x77, 0x77, 0x77, 0x77, 0x77, 0x77, 0x77, 
	0x77, 0x77, 0x77, 0x77, 0x77, 0x77, 0x77, 0x77, 
	0x9a, 0xaa, 0xa9, 0x77, 0x77, 0x77, 0x79, 0xaa, 
	0xaa, 0x97, 0x77, 0x77, 0x77, 0x8a, 0xa9, 0x98, 
	0x77, 0x77, 0x77, 0x77, 0x77, 0x77, 0x77, 0x77, 
	0x77, 0x77, 0x77, 0x77, 0x77, 0x78, 0x87, 0x77, 
	0x79, 0xaa, 0x97, 0x77, 0x77, 0x77, 0x77, 0x9a, 
	0xa9, 0x77, 0x77, 0x77, 0x77, 0x78, 0x99, 0x87, 
	0x77, 0x77, 0x77, 0x77, 0x77, 0x77, 0x77, 0x78, 
	0x88, 0x77, 0x77, 0x77, 0x77, 0x77, 0x77, 0x77, 
	0x77, 0x99, 0x77, 0x77, 0x77, 0x77, 0x77, 0x79, 
	0x97, 0x77, 0x77, 0x77, 0x77, 0x77, 0x99, 0x77, 
	0x77, 0x77, 0x77, 0x77, 0x77, 0x77, 0x77, 0x78, 
	0x88, 0x87, 0x77, 0x77, 0x77, 0x77, 0x77, 0x77, 
	0x77, 0x77, 0x77, 0x77, 0x77, 0x77, 0x77, 0x9a, 
	0xa9, 0x77, 0x77, 0x77, 0x77, 0x77, 0x77, 0x77, 
	0x77, 0x77, 0x77, 0x77, 0x77, 0x77, 0x77, 0x88, 
	0x88, 0x88, 0x77, 0x77, 0x77, 0x77, 0x77, 0x77, 
	0x77, 0x77, 0x77, 0x77, 0x77, 0x77, 0x79, 0xaa, 
	0xaa, 0x97, 0x77, 0x77, 0x77, 0x77, 0x77, 0x77, 
	0x77, 0x77, 0x77, 0x77, 0x77, 0x78, 0x88, 0x88, 
	0x88, 0x88, 0x88, 0x77, 0x77, 0x77, 0x77, 0x77, 
	0x77, 0x77, 0x77, 0x77, 0x77, 0x77, 0x9a, 0xaa, 
	0xaa, 0xa9, 0x77, 0x77, 0x77, 0x77, 0x77, 0x77, 
	0x77, 0x77, 0x77, 0x77, 0x78, 0x88, 0x88, 0x88, 
	0x88, 0x88, 0x88, 0x87, 0x77, 0x77, 0x77, 0x77, 
	0x77, 0x77, 0x77, 0x77, 0x77, 0x79, 0xaa, 0xaa, 
	0xaa, 0xaa, 0x97, 0x77, 0x77, 0x77, 0x77, 0x77, 
	0x77, 0x77, 0x77, 0x77, 0x88, 0x88, 0x88, 0x88, 
	0x88, 0x78, 0x88, 0x88, 0x77, 0x77, 0x67, 0x77, 
	0x77, 0x77, 0x77, 0x77, 0x77, 0x9a, 0xaa, 0xaa, 
	0xaa, 0xaa, 0xa9, 0x77, 0x77, 0x77, 0x77, 0x77, 
	0x77, 0x77, 0x77, 0x78, 0x88, 0x88, 0x88, 0x88, 
	0x56, 0x88, 0x88, 0x88, 0x87, 0x77, 0x77, 0x77, 
	0x77, 0x77, 0x77, 0x77, 0x79, 0xaa, 0xaa, 0xaa, 
	0xaa, 0xaa, 0xaa, 0x97, 0x77, 0x77, 0x77, 0x77, 
	0x77, 0x77, 0x77, 0x88, 0x88, 0x88, 0x86, 0x54, 
	0x44, 0x47, 0x88, 0x88, 0x88, 0x77, 0x77, 0x77, 
	0x77, 0x77, 0x77, 0x77, 0x79, 0xaa, 0xaa, 0xaa, 
	0xaa, 0xaa, 0xaa, 0x97, 0x77, 0x77, 0x77, 0x77, 
	0x77, 0x77, 0x77, 0x88, 0x88, 0x86, 0x44, 0x44, 
	0x44, 0x44, 0x68, 0x88, 0x88, 0x77, 0x77, 0x77, 
	0x77, 0x77, 0x77, 0x77, 0x77, 0x9a, 0xaa, 0xaa, 
	0xaa, 0xaa, 0xa9, 0x77, 0x77, 0x77, 0x77, 0x77, 
	0x77, 0x77, 0x78, 0x88, 0x88, 0x54, 0x44, 0x44, 
	0x44, 0x44, 0x48, 0x88, 0x88, 0x77, 0x77, 0x77, 
	0x77, 0x77, 0x77, 0x77, 0x77, 0x79, 0xaa, 0xaa, 
	0xaa, 0xaa, 0x97, 0x77, 0x77, 0x77, 0x77, 0x77, 
	0x77, 0x77, 0x78, 0x88, 0x87, 0x44, 0x44, 0x44, 
	0x44, 0x44, 0x45, 0x88, 0x88, 0x87, 0x77, 0x77, 
	0x77, 0x77, 0x77, 0x77, 0x77, 0x77, 0x9a, 0xaa, 
	0xaa, 0xa9, 0x77, 0x77, 0x77, 0x77, 0x77, 0x77, 
	0x77, 0x77, 0x88, 0x88, 0x85, 0x44, 0x44, 0x44, 
	0x44, 0x44, 0x44, 0x88, 0x88, 0x87, 0x77, 0x77, 
	0x77, 0x77, 0x77, 0x77, 0x77, 0x77, 0x79, 0xaa, 
	0xaa, 0x97, 0x77, 0x77, 0x77, 0x77, 0x77, 0x77, 
	0x77, 0x77, 0x88, 0x88, 0x84, 0x44, 0x44, 0x44, 
	0x44, 0x44, 0x44, 0x78, 0x88, 0x88, 0x77, 0x77, 
	0x77, 0x77, 0x77, 0x77, 0x77, 0x77, 0x77, 0x9a, 
	0xa8, 0x77, 0x77, 0x77, 0x77, 0x77, 0x77, 0x77, 
	0x77, 0x78, 0x88, 0x88, 0x64, 0x44, 0x44, 0x44, 
	0x44, 0x44, 0x44, 0x68, 0x88, 0x88, 0x88, 0x87, 
	0x77, 0x77, 0x77, 0x77, 0x77, 0x77, 0x77, 0x79, 
	0x97, 0x77, 0x77, 0x77, 0x77, 0x77, 0x77, 0x77, 
	0x88, 0x88, 0x88, 0x88, 0x64, 0x44, 0x44, 0x44, 
	0x44, 0x44, 0x44, 0x58, 0x88, 0x88, 0x88, 0x88, 
	0x87, 0x77, 0x77, 0x77, 0x77, 0x77, 0x77, 0x77, 
	0x77, 0x77, 0x77, 0x77, 0x77, 0x77, 0x77, 0x88, 
	0x88, 0x88, 0x88, 0x88, 0x54, 0x44, 0x44, 0x44, 
	0x44, 0x44, 0x44, 0x45, 0x88, 0x88, 0x88, 0x88, 
	0x88, 0x77, 0x77, 0x77, 0x77, 0x77, 0x77, 0x77, 
	0x77, 0x77, 0x77, 0x77, 0x77, 0x77, 0x78, 0x88, 
	0x88, 0x88, 0x88, 0x85, 0x44, 0x44, 0x44, 0x44, 
	0x44, 0x44, 0x44, 0x44, 0x58, 0x88, 0x88, 0x88, 
	0x88, 0x87, 0x77, 0x77, 0x77, 0x77, 0x77, 0x77, 
	0x77, 0x77, 0x77, 0x77, 0x77, 0x77, 0x88, 0x88, 
	0x88, 0x88, 0x88, 0x54, 0x44, 0x44, 0x44, 0x44, 
	0x44, 0x44, 0x44, 0x44, 0x44, 0x45, 0x68, 0x88, 
	0x88, 0x88, 0x77, 0x77, 0x77, 0x77, 0x77, 0x77, 
	0x77, 0x77, 0x77, 0x77, 0x77, 0x78, 0x88, 0x88, 
	0x88, 0x65, 0x44, 0x44, 0x44, 0x44, 0x44, 0x44, 
	0x44, 0x44, 0x44, 0x44, 0x44, 0x44, 0x44, 0x68, 
	0x88, 0x88, 0x87, 0x77, 0x77, 0x77, 0x77, 0x77, 
	0x77, 0x67, 0x77, 0x77, 0x77, 0x78, 0x88, 0x88, 
	0x64, 0x44, 0x44, 0x44, 0x44, 0x44, 0x44, 0x44, 
	0x44, 0x44, 0x44, 0x44, 0x44, 0x44, 0x44, 0x46, 
	0x88, 0x88, 0x87, 0x77, 0x77, 0x77, 0x77, 0x77, 
	0x77, 0x77, 0x77, 0x77, 0x77, 0x88, 0x88, 0x86, 
	0x44, 0x44, 0x44, 0x44, 0x44, 0x44, 0x44, 0x44, 
	0x44, 0x44, 0x44, 0x44, 0x44, 0x44, 0x44, 0x44, 
	0x88, 0x88, 0x87, 0x77, 0x77, 0x77, 0x77, 0x77, 
	0x77, 0x77, 0x77, 0x77, 0x77, 0x88, 0x88, 0x74, 
	0x44, 0x44, 0x44, 0x44, 0x44, 0x44, 0x44, 0x44, 
	0x44, 0x44, 0x44, 0x44, 0x44, 0x44, 0x44, 0x44, 
	0x69, 0x99, 0x88, 0x77, 0x77, 0x77, 0x77, 0x77, 
	0x77, 0x77, 0x77, 0x77, 0x77, 0x88, 0x88, 0x54, 
	0x44, 0x44, 0x44, 0x44, 0x44, 0x44, 0x44, 0x44, 
	0x44, 0x44, 0x44, 0x44, 0x44, 0x44, 0x44, 0x44, 
	0x49, 0x99, 0x98, 0x77, 0x77, 0x77, 0x77, 0x66, 
	0x67, 0x77, 0x77, 0x77, 0x78, 0x88, 0x88, 0x44, 
	0x44, 0x44, 0x44, 0x44, 0x44, 0x44, 0x44, 0x44, 
	0x44, 0x44, 0x44, 0x44, 0x44, 0x44, 0x44, 0x44, 
	0x47, 0x88, 0x88, 0x87, 0x77, 0x77, 0x77, 0x77, 
	0x77, 0x77, 0x77, 0x77, 0x88, 0x88, 0x87, 0x44, 
	0x44, 0x44, 0x44, 0x44, 0x44, 0x44, 0x44, 0x44, 
	0x44, 0x44, 0x44, 0x44, 0x34, 0x43, 0x44, 0x44, 
	0x47, 0x88, 0x88, 0x88, 0x88, 0x77, 0x77, 0x77, 
	0x77, 0x77, 0x77, 0x78, 0x88, 0x88, 0x86, 0x44, 
	0x44, 0x44, 0x44, 0x44, 0x44, 0x44, 0x44, 0x44, 
	0x44, 0x44, 0x44, 0x44, 0x43, 0x34, 0x44, 0x44, 
	0x45, 0x78, 0x88, 0x88, 0x88, 0x88, 0x77, 0x77, 
	0x77, 0x77, 0x78, 0x88, 0x88, 0x88, 0x86, 0x44, 
	0x44, 0x44, 0x44, 0x44, 0x44, 0x44, 0x44, 0x44, 
	0x44, 0x44, 0x44, 0x44, 0x44, 0x44, 0x44, 0x44, 
	0x44, 0x57, 0x88, 0x88, 0x88, 0x88, 0x87, 0x77, 
	0x77, 0x77, 0x88, 0x88, 0x88, 0x88, 0x64, 0x44, 
	0x44, 0x44, 0x44, 0x44, 0x44, 0x44, 0x44, 0x44, 
	
};

Gfx castle_grounds_dl_Art4727_64x64_i4_aligner[] = {gsSPEndDisplayList()};
u8 castle_grounds_dl_Art4727_64x64_i4[] = {
	0x65, 0x66, 0x67, 0x78, 0x87, 0x77, 0x76, 0x78, 
	0x75, 0x66, 0x66, 0x79, 0x98, 0x65, 0x66, 0x45, 
	0x45, 0x77, 0x78, 0x78, 0x77, 0x77, 0x77, 0x66, 
	0x77, 0x66, 0x78, 0x89, 0x99, 0x89, 0x76, 0x89, 
	0x67, 0x88, 0x9a, 0x99, 0x99, 0xa9, 0x88, 0x9a, 
	0xa9, 0x88, 0x88, 0x89, 0x99, 0x88, 0x99, 0x87, 
	0x67, 0x99, 0x99, 0xaa, 0xaa, 0xaa, 0x99, 0x99, 
	0x99, 0x89, 0x99, 0x9a, 0xaa, 0xaa, 0xa9, 0xaa, 
	0x57, 0x88, 0x9a, 0x98, 0x88, 0x89, 0x98, 0x89, 
	0x98, 0x88, 0x87, 0x88, 0x87, 0x89, 0x88, 0x98, 
	0x78, 0x89, 0x89, 0x9a, 0xa8, 0x89, 0x98, 0x89, 
	0x98, 0x9a, 0xa9, 0xaa, 0xa9, 0xa9, 0xaa, 0xaa, 
	0x57, 0x99, 0xaa, 0x99, 0xaa, 0x99, 0xaa, 0xa9, 
	0x9a, 0xa9, 0x98, 0x87, 0x99, 0x89, 0xa9, 0x97, 
	0x89, 0x9a, 0xa9, 0x99, 0x99, 0x89, 0x99, 0x99, 
	0x9a, 0xaa, 0xa9, 0x9a, 0xaa, 0xa9, 0x9a, 0xaa, 
	0x67, 0x88, 0x9a, 0x9a, 0xaa, 0xaa, 0x9a, 0xa8, 
	0x9a, 0x98, 0x89, 0xa9, 0x9a, 0x98, 0xa9, 0x85, 
	0x79, 0x9a, 0xa9, 0xa9, 0x99, 0x99, 0x89, 0x99, 
	0x9a, 0xaa, 0xaa, 0xaa, 0xaa, 0xa9, 0xa9, 0xaa, 
	0x56, 0x78, 0x8a, 0x99, 0x98, 0x9a, 0xa9, 0x78, 
	0x9a, 0x98, 0x89, 0x99, 0xaa, 0x98, 0x9a, 0xa6, 
	0x8a, 0x99, 0x88, 0x88, 0x99, 0x89, 0x98, 0x89, 
	0x99, 0x9a, 0xaa, 0x9a, 0xaa, 0xaa, 0xa9, 0xaa, 
	0x57, 0x78, 0x9a, 0xa9, 0x99, 0x99, 0x99, 0x79, 
	0xaa, 0x98, 0x88, 0x88, 0x99, 0x89, 0xaa, 0xa7, 
	0x7a, 0xa8, 0x98, 0x88, 0x89, 0x89, 0x98, 0x88, 
	0x98, 0x89, 0xaa, 0xaa, 0xaa, 0xaa, 0xa9, 0xaa, 
	0x57, 0x78, 0x9a, 0xaa, 0x88, 0x99, 0x98, 0x89, 
	0xa9, 0x98, 0x88, 0x98, 0x99, 0x89, 0xaa, 0xa9, 
	0x7a, 0xa9, 0x99, 0x88, 0x89, 0x87, 0x88, 0x98, 
	0x98, 0x89, 0xaa, 0xaa, 0xaa, 0xaa, 0xaa, 0xaa, 
	0x68, 0x97, 0x99, 0xa9, 0x88, 0x99, 0x98, 0x89, 
	0xa9, 0x88, 0x99, 0x88, 0x99, 0xaa, 0x98, 0x96, 
	0x79, 0x99, 0x9a, 0x98, 0x89, 0x87, 0x77, 0x88, 
	0x98, 0x89, 0xaa, 0x9a, 0xaa, 0xaa, 0xaa, 0xaa, 
	0x69, 0xa9, 0x9a, 0xaa, 0x99, 0xaa, 0xa9, 0x9a, 
	0xaa, 0xa9, 0x98, 0x88, 0x9a, 0x99, 0x99, 0x75, 
	0x7a, 0x98, 0x9a, 0xa9, 0x99, 0x87, 0x78, 0x77, 
	0x88, 0x88, 0x9a, 0xaa, 0x99, 0x9a, 0xa9, 0x99, 
	0x57, 0x99, 0x9a, 0xa9, 0x9a, 0xaa, 0xa9, 0x9a, 
	0xaa, 0xaa, 0x87, 0x9a, 0xa9, 0x88, 0x89, 0x75, 
	0x69, 0x98, 0x9a, 0xaa, 0x98, 0x98, 0x77, 0x77, 
	0x78, 0x78, 0x99, 0x89, 0xaa, 0xaa, 0x9a, 0x9a, 
	0x56, 0x99, 0x78, 0xaa, 0xaa, 0x89, 0x99, 0x9a, 
	0xaa, 0xa9, 0x89, 0x99, 0x97, 0x88, 0x89, 0x95, 
	0x57, 0x99, 0xaa, 0xa9, 0xaa, 0x98, 0x87, 0x77, 
	0x78, 0x98, 0x88, 0x88, 0xaa, 0xa9, 0x9a, 0x9a, 
	0x47, 0x99, 0x88, 0x9a, 0xa9, 0x88, 0x88, 0x89, 
	0xaa, 0x99, 0xa9, 0x8a, 0x88, 0x88, 0x9a, 0x96, 
	0x58, 0x9a, 0xaa, 0xaa, 0xaa, 0xa8, 0x87, 0x67, 
	0x89, 0xa9, 0x99, 0x98, 0x9a, 0x99, 0xaa, 0x99, 
	0x47, 0x87, 0x88, 0x8a, 0x98, 0x87, 0x78, 0x89, 
	0xaa, 0x98, 0x88, 0x99, 0x99, 0x98, 0x89, 0x97, 
	0x69, 0xaa, 0xa9, 0x9a, 0x99, 0x99, 0x97, 0x66, 
	0x78, 0x97, 0x89, 0x78, 0x99, 0x88, 0x98, 0x98, 
	0x36, 0x78, 0x88, 0x99, 0x97, 0x77, 0x99, 0x88, 
	0x98, 0x78, 0x88, 0x98, 0x99, 0xa9, 0x88, 0x76, 
	0x58, 0x98, 0x89, 0x99, 0x9a, 0x99, 0xa9, 0x76, 
	0x57, 0x77, 0x66, 0x77, 0x99, 0x99, 0x86, 0x76, 
	0x34, 0x77, 0x76, 0x77, 0x75, 0x56, 0x87, 0x66, 
	0x65, 0x57, 0x86, 0x65, 0x56, 0x77, 0x66, 0x65, 
	0x55, 0x77, 0x77, 0x77, 0x98, 0x88, 0x87, 0x65, 
	0x44, 0x56, 0x55, 0x66, 0x77, 0x77, 0x54, 0x55, 
	0x55, 0x66, 0x66, 0x77, 0x65, 0x56, 0x65, 0x55, 
	0x55, 0x67, 0x66, 0x66, 0x66, 0x55, 0x56, 0x76, 
	0x76, 0x77, 0x76, 0x66, 0x54, 0x44, 0x55, 0x54, 
	0x45, 0x57, 0x66, 0x67, 0x65, 0x55, 0x77, 0x76, 
	0x99, 0x9a, 0xa9, 0x9a, 0x99, 0x99, 0x97, 0x55, 
	0x78, 0x99, 0x98, 0x98, 0x99, 0x87, 0x67, 0x99, 
	0x99, 0x89, 0x98, 0x89, 0x86, 0x76, 0x78, 0x76, 
	0x57, 0x99, 0x99, 0x99, 0x97, 0x57, 0x99, 0x89, 
	0x98, 0xa9, 0x88, 0x88, 0x88, 0x98, 0x89, 0x67, 
	0x99, 0x88, 0x87, 0x77, 0x88, 0x9a, 0x76, 0x78, 
	0x87, 0x9a, 0x98, 0x78, 0x89, 0x98, 0x97, 0x88, 
	0x57, 0x99, 0x77, 0x87, 0x89, 0x87, 0x89, 0x88, 
	0xaa, 0x98, 0x77, 0x87, 0x77, 0x77, 0x88, 0x67, 
	0x87, 0x78, 0x87, 0x88, 0x88, 0x9a, 0x87, 0x78, 
	0x78, 0x9a, 0xa9, 0x77, 0x88, 0x78, 0x98, 0x88, 
	0x68, 0x78, 0x77, 0x88, 0x99, 0xa8, 0x89, 0x88, 
	0x88, 0x87, 0x77, 0x88, 0x87, 0x77, 0x88, 0x57, 
	0x99, 0x77, 0x78, 0x89, 0x98, 0xaa, 0xa9, 0x88, 
	0x78, 0xa9, 0x88, 0x77, 0x78, 0x88, 0x88, 0x86, 
	0x57, 0x78, 0x87, 0x89, 0x98, 0x9a, 0x99, 0x98, 
	0x88, 0x98, 0x77, 0x77, 0x77, 0x66, 0x78, 0x59, 
	0xaa, 0x87, 0x78, 0x89, 0x98, 0x8a, 0xa9, 0x87, 
	0x78, 0x99, 0x98, 0x88, 0x77, 0x89, 0x99, 0x75, 
	0x46, 0x77, 0x99, 0x77, 0x88, 0x78, 0x99, 0x98, 
	0x88, 0x87, 0x77, 0x78, 0x87, 0x76, 0x77, 0x69, 
	0xa8, 0x78, 0x88, 0x89, 0x88, 0x78, 0x99, 0x98, 
	0x88, 0x98, 0x98, 0x88, 0x77, 0x89, 0x99, 0x86, 
	0x45, 0x77, 0x77, 0x77, 0x78, 0x88, 0x88, 0x99, 
	0x88, 0x77, 0x78, 0x78, 0x88, 0x87, 0x76, 0x68, 
	0x98, 0x88, 0x99, 0x88, 0x88, 0x87, 0x78, 0x9a, 
	0x99, 0x88, 0x98, 0x88, 0x77, 0x99, 0x88, 0x88, 
	0x55, 0x77, 0x89, 0x88, 0x77, 0x77, 0x88, 0x99, 
	0x98, 0x77, 0x88, 0x88, 0x88, 0x87, 0x76, 0x58, 
	0xa9, 0x98, 0x98, 0x87, 0x77, 0x88, 0x79, 0x89, 
	0x98, 0x89, 0x79, 0x88, 0x77, 0x88, 0x89, 0x88, 
	0x56, 0x77, 0x89, 0x98, 0x77, 0x78, 0x88, 0x89, 
	0x88, 0x77, 0x77, 0x87, 0x77, 0x77, 0x78, 0x67, 
	0x99, 0x88, 0x87, 0x88, 0x77, 0x78, 0x89, 0x89, 
	0x87, 0x79, 0x89, 0x98, 0x88, 0x88, 0x88, 0x87, 
	0x46, 0x88, 0x88, 0x78, 0x99, 0x87, 0x77, 0x88, 
	0x78, 0x78, 0x78, 0x77, 0x77, 0x77, 0x78, 0x77, 
	0x88, 0x77, 0x78, 0x89, 0x87, 0x88, 0x99, 0x89, 
	0x77, 0x79, 0x99, 0x79, 0x99, 0x99, 0x87, 0x87, 
	0x46, 0x77, 0x77, 0x78, 0x99, 0x87, 0x88, 0x89, 
	0x79, 0x87, 0x77, 0x77, 0x77, 0x87, 0x67, 0x66, 
	0x89, 0xa8, 0x88, 0x99, 0x99, 0x78, 0x99, 0x88, 
	0x76, 0x89, 0x99, 0x78, 0x9a, 0xaa, 0x89, 0x97, 
	0x46, 0x86, 0x76, 0x77, 0x77, 0x77, 0x77, 0x78, 
	0x88, 0x88, 0x88, 0x67, 0x77, 0x77, 0x67, 0x57, 
	0x99, 0xa9, 0x98, 0x9a, 0x99, 0x88, 0x98, 0x97, 
	0x67, 0x88, 0x77, 0x79, 0x99, 0xa9, 0x78, 0x97, 
	0x46, 0x76, 0x67, 0x76, 0x77, 0x77, 0x77, 0x77, 
	0x77, 0x78, 0x98, 0x76, 0x67, 0x77, 0x77, 0x58, 
	0x89, 0x98, 0xa8, 0x78, 0x99, 0x98, 0x99, 0x87, 
	0x67, 0x88, 0x89, 0x89, 0xa8, 0x87, 0x77, 0x76, 
	0x55, 0x77, 0x67, 0x77, 0x77, 0x77, 0x67, 0x77, 
	0x77, 0x68, 0x88, 0x76, 0x66, 0x77, 0x88, 0x67, 
	0x99, 0x98, 0x87, 0x89, 0x99, 0x98, 0x98, 0x76, 
	0x57, 0x89, 0x98, 0x88, 0x97, 0x77, 0x76, 0x65, 
	0x45, 0x66, 0x67, 0x67, 0x77, 0x76, 0x67, 0x66, 
	0x56, 0x65, 0x66, 0x76, 0x55, 0x67, 0x66, 0x45, 
	0x78, 0x86, 0x55, 0x78, 0x76, 0x66, 0x77, 0x65, 
	0x56, 0x88, 0x76, 0x67, 0x76, 0x76, 0x55, 0x44, 
	0x35, 0x55, 0x55, 0x55, 0x66, 0x66, 0x65, 0x44, 
	0x33, 0x55, 0x44, 0x55, 0x66, 0x65, 0x54, 0x56, 
	0x76, 0x65, 0x55, 0x44, 0x54, 0x54, 0x54, 0x44, 
	0x44, 0x55, 0x55, 0x55, 0x54, 0x44, 0x56, 0x66, 
	0x68, 0x88, 0x77, 0x76, 0x77, 0x65, 0x66, 0x54, 
	0x35, 0x76, 0x55, 0x78, 0x99, 0x97, 0x66, 0x89, 
	0x98, 0x89, 0x99, 0x87, 0x76, 0x55, 0x55, 0x44, 
	0x35, 0x77, 0x89, 0x98, 0x76, 0x77, 0x89, 0xa9, 
	0xaa, 0xaa, 0xaa, 0xaa, 0xaa, 0x99, 0xa9, 0x86, 
	0x46, 0x89, 0x96, 0x79, 0x99, 0xaa, 0x87, 0x88, 
	0x88, 0x9a, 0x99, 0x88, 0x86, 0x67, 0x87, 0x75, 
	0x47, 0xa8, 0x89, 0x98, 0x9a, 0xa8, 0x88, 0x9a, 
	0x99, 0xaa, 0xaa, 0xa9, 0x99, 0x89, 0x9a, 0xa9, 
	0x57, 0x89, 0xa8, 0x79, 0xaa, 0xaa, 0x99, 0x89, 
	0x88, 0x89, 0x99, 0x87, 0x77, 0x89, 0x87, 0x97, 
	0x69, 0x98, 0x88, 0x98, 0x98, 0x99, 0x88, 0x99, 
	0x99, 0x98, 0x99, 0x99, 0x88, 0x88, 0x8a, 0xaa, 
	0x58, 0x89, 0x99, 0x99, 0x9a, 0xaa, 0x9a, 0x97, 
	0x88, 0x88, 0x77, 0x78, 0x98, 0x87, 0x77, 0x97, 
	0x69, 0x99, 0x98, 0x99, 0x89, 0xa9, 0x89, 0x98, 
	0x9a, 0x88, 0x98, 0x79, 0x88, 0x97, 0x89, 0xa9, 
	0x58, 0x77, 0x98, 0x88, 0x88, 0xaa, 0xaa, 0x98, 
	0x88, 0x99, 0x78, 0x88, 0x77, 0x87, 0x77, 0x96, 
	0x58, 0x9a, 0x88, 0x88, 0x89, 0x99, 0x88, 0x88, 
	0x89, 0x88, 0x87, 0x79, 0x87, 0x88, 0x89, 0x98, 
	0x46, 0x78, 0x88, 0x87, 0x78, 0x99, 0x99, 0x99, 
	0x99, 0xaa, 0x98, 0x77, 0x77, 0x77, 0x76, 0x75, 
	0x57, 0xa9, 0x99, 0x98, 0x88, 0x87, 0x89, 0x98, 
	0x8a, 0x98, 0x88, 0x79, 0x98, 0x88, 0x78, 0x99, 
	0x56, 0x79, 0x88, 0x78, 0x78, 0x88, 0x88, 0x88, 
	0x89, 0xaa, 0x88, 0x88, 0x77, 0x88, 0x77, 0x77, 
	0x57, 0x88, 0x99, 0x99, 0x88, 0x88, 0x89, 0x98, 
	0x89, 0x99, 0x99, 0x99, 0xa9, 0x98, 0x88, 0x89, 
	0x56, 0x88, 0x98, 0x77, 0x78, 0x88, 0x88, 0x87, 
	0x78, 0x99, 0x89, 0xa9, 0x77, 0x78, 0x77, 0x67, 
	0x56, 0x77, 0x88, 0x98, 0x88, 0x98, 0x79, 0x98, 
	0x98, 0x89, 0x89, 0x89, 0xa9, 0x99, 0x98, 0x88, 
	0x67, 0x99, 0x99, 0x98, 0x88, 0x89, 0x89, 0x98, 
	0x87, 0x99, 0x98, 0x88, 0x87, 0x77, 0x77, 0x76, 
	0x59, 0xa9, 0x87, 0x89, 0x99, 0x99, 0x98, 0x98, 
	0x99, 0x99, 0x88, 0x98, 0xaa, 0xaa, 0x99, 0x88, 
	0x57, 0x88, 0x99, 0x88, 0x88, 0x9a, 0x99, 0x99, 
	0x98, 0x99, 0x97, 0x78, 0x77, 0x77, 0x77, 0x76, 
	0x69, 0xa9, 0x87, 0x88, 0x88, 0x9a, 0x99, 0x99, 
	0x99, 0x88, 0x88, 0x98, 0x99, 0x99, 0x99, 0x87, 
	0x45, 0x78, 0x89, 0x99, 0x89, 0xaa, 0x99, 0x99, 
	0x99, 0x9a, 0xa9, 0x87, 0x77, 0x77, 0x77, 0x75, 
	0x59, 0x99, 0x78, 0x99, 0x99, 0xaa, 0x99, 0xaa, 
	0x99, 0x98, 0x88, 0x89, 0x89, 0x88, 0x79, 0xa7, 
	0x36, 0x89, 0x88, 0x87, 0x89, 0x99, 0x99, 0x99, 
	0x99, 0x99, 0x9a, 0x98, 0x88, 0x77, 0x98, 0x64, 
	0x57, 0x88, 0x89, 0xaa, 0x9a, 0x9a, 0xa8, 0x9a, 
	0x99, 0x9a, 0x87, 0x89, 0x99, 0x9a, 0x99, 0x97, 
	0x58, 0x99, 0x87, 0x88, 0x88, 0x89, 0x88, 0x99, 
	0x99, 0xa9, 0x99, 0x98, 0x99, 0x77, 0x88, 0x75, 
	0x46, 0x99, 0x98, 0x99, 0x99, 0x88, 0x87, 0x88, 
	0x78, 0x68, 0x99, 0x77, 0x89, 0x9a, 0x98, 0x88, 
	0x57, 0x98, 0x88, 0x88, 0x99, 0x98, 0x88, 0x9a, 
	0xaa, 0xa9, 0x88, 0x86, 0x78, 0x77, 0x88, 0x75, 
	0x36, 0x89, 0x87, 0x89, 0x9a, 0x98, 0x87, 0x89, 
	0x88, 0x68, 0x89, 0x87, 0x99, 0x88, 0x88, 0x87, 
	0x34, 0x67, 0x66, 0x57, 0x88, 0x87, 0x66, 0x57, 
	0x77, 0x77, 0x77, 0x64, 0x56, 0x77, 0x77, 0x44, 
	0x34, 0x56, 0x66, 0x76, 0x77, 0x88, 0x88, 0x99, 
	0x87, 0x56, 0x67, 0x77, 0x88, 0x77, 0x77, 0x76, 
	0x55, 0x55, 0x56, 0x55, 0x55, 0x55, 0x64, 0x43, 
	0x33, 0x44, 0x55, 0x66, 0x65, 0x55, 0x55, 0x55, 
	0x56, 0x55, 0x55, 0x78, 0x87, 0x65, 0x56, 0x55, 
	0x45, 0x55, 0x55, 0x55, 0x54, 0x55, 0x55, 0x56, 
	0x89, 0x99, 0x88, 0x88, 0x87, 0x79, 0xa7, 0x43, 
	0x56, 0x77, 0x78, 0x88, 0x99, 0x87, 0x78, 0x98, 
	0x89, 0x98, 0x89, 0xab, 0xaa, 0x97, 0x66, 0x54, 
	0x59, 0x88, 0x88, 0x98, 0x55, 0x67, 0x88, 0x88, 
	0x88, 0x98, 0x77, 0x79, 0x88, 0x9a, 0xaa, 0x55, 
	0x89, 0xa9, 0x77, 0x88, 0x87, 0x78, 0x87, 0x88, 
	0x89, 0x99, 0x88, 0x9a, 0xa9, 0x88, 0x78, 0x85, 
	0x78, 0x88, 0x98, 0x99, 0x88, 0x98, 0x88, 0x78, 
	0x89, 0x87, 0x88, 0x79, 0xaa, 0xa9, 0x99, 0x56, 
	0x9a, 0xa9, 0x89, 0x89, 0x88, 0x89, 0x87, 0x89, 
	0xaa, 0xa9, 0x97, 0xaa, 0xa9, 0x88, 0x99, 0x97, 
	0x78, 0x89, 0x89, 0x99, 0x88, 0x89, 0x88, 0x87, 
	0x99, 0x9a, 0xbb, 0xaa, 0xaa, 0x98, 0x98, 0x67, 
	0xaa, 0x98, 0x8a, 0x98, 0x89, 0x9a, 0x97, 0x88, 
	0xaa, 0x99, 0xa9, 0xaa, 0xaa, 0x87, 0x99, 0x96, 
	0x79, 0xaa, 0x99, 0xa9, 0x97, 0x78, 0x88, 0x77, 
	0x98, 0xac, 0xa9, 0x9a, 0xaa, 0x87, 0x88, 0x75, 
	0x89, 0x98, 0x77, 0x78, 0x9a, 0xa9, 0x98, 0x8a, 
	0xaa, 0x99, 0xaa, 0xb9, 0x9a, 0xa8, 0x98, 0x97, 
	0x6a, 0xaa, 0x98, 0x9a, 0x99, 0x87, 0x87, 0x78, 
	0x78, 0x99, 0x9a, 0x99, 0x9a, 0x89, 0x99, 0x75, 
	0x79, 0x98, 0x88, 0x78, 0x99, 0x98, 0x89, 0xaa, 
	0xaa, 0xaa, 0x99, 0x88, 0x99, 0x99, 0x98, 0x97, 
	0x69, 0xaa, 0xa9, 0x99, 0x89, 0x89, 0x98, 0x88, 
	0x88, 0x88, 0x89, 0x9a, 0x99, 0xa9, 0xaa, 0x76, 
	0x78, 0x89, 0x98, 0x78, 0x88, 0x88, 0x87, 0xaa, 
	0x9a, 0x99, 0x99, 0x89, 0x98, 0x88, 0x88, 0x98, 
	0x68, 0xaa, 0x99, 0x99, 0x99, 0x8a, 0x9a, 0x97, 
	0x77, 0x78, 0x89, 0x99, 0x98, 0x9a, 0xa7, 0x67, 
	0x78, 0x89, 0x97, 0x67, 0x78, 0x88, 0x89, 0x99, 
	0x99, 0x99, 0xa9, 0x88, 0x98, 0x99, 0x88, 0x97, 
	0x78, 0xaa, 0x9a, 0x99, 0xa9, 0xaa, 0x89, 0x98, 
	0x77, 0x89, 0x99, 0x89, 0x88, 0x79, 0x87, 0x57, 
	0x88, 0x99, 0x98, 0x77, 0x78, 0x99, 0x98, 0x99, 
	0x99, 0x99, 0x88, 0x87, 0x78, 0x89, 0x99, 0xa6, 
	0x79, 0x89, 0xaa, 0x99, 0x9a, 0xaa, 0x99, 0xa9, 
	0x87, 0x79, 0x98, 0x89, 0x99, 0x77, 0x77, 0x57, 
	0x77, 0x88, 0x78, 0x77, 0x87, 0x89, 0x98, 0x99, 
	0x98, 0x99, 0x88, 0x88, 0x77, 0x88, 0x99, 0x96, 
	0x9a, 0x99, 0x99, 0x99, 0x99, 0x9a, 0xa9, 0x99, 
	0x89, 0x89, 0x97, 0x99, 0x99, 0x88, 0x97, 0x67, 
	0x88, 0x77, 0x77, 0x77, 0x77, 0x78, 0x97, 0x89, 
	0xaa, 0xa9, 0x89, 0x98, 0x78, 0x99, 0x88, 0x76, 
	0x9a, 0x88, 0x98, 0x89, 0x9a, 0xaa, 0xa9, 0x99, 
	0x88, 0x88, 0x77, 0x87, 0x77, 0x88, 0x98, 0x55, 
	0x89, 0x88, 0x98, 0x88, 0x88, 0x89, 0x99, 0x99, 
	0x99, 0x98, 0x89, 0xa9, 0x88, 0x99, 0x78, 0x76, 
	0x99, 0x89, 0xaa, 0x9a, 0xaa, 0xaa, 0xa9, 0x88, 
	0x88, 0x88, 0x77, 0x88, 0x88, 0x88, 0x88, 0x66, 
	0x89, 0x99, 0x88, 0x89, 0xaa, 0x9a, 0x98, 0x87, 
	0x89, 0x98, 0x99, 0x97, 0x98, 0x99, 0x89, 0xa7, 
	0x89, 0x8a, 0xaa, 0xaa, 0xaa, 0xaa, 0xa8, 0x98, 
	0x98, 0x88, 0x87, 0x87, 0x89, 0x88, 0x87, 0x65, 
	0x88, 0x88, 0x88, 0x78, 0x89, 0x98, 0x77, 0x89, 
	0x9a, 0xa9, 0x89, 0x97, 0x88, 0x99, 0x89, 0xa7, 
	0x79, 0x89, 0xaa, 0x9a, 0xa8, 0x99, 0x98, 0x99, 
	0x76, 0x68, 0x86, 0x65, 0x68, 0x76, 0x75, 0x35, 
	0x66, 0x77, 0x86, 0x65, 0x66, 0x67, 0x77, 0x77, 
	0x89, 0x87, 0x77, 0x86, 0x66, 0x67, 0x67, 0x75, 
	0x57, 0x79, 0x98, 0x76, 0x67, 0x78, 0x77, 0x78, 
	
};

Gfx castle_grounds_dl_Grass_01_Orange_1_64x64_i4_aligner[] = {gsSPEndDisplayList()};
u8 castle_grounds_dl_Grass_01_Orange_1_64x64_i4[] = {
	0x55, 0x55, 0x55, 0x55, 0x44, 0x44, 0x55, 0x54, 
	0x44, 0x55, 0x55, 0x54, 0x55, 0x55, 0x54, 0x44, 
	0x34, 0x33, 0x44, 0x44, 0x45, 0x55, 0x55, 0x55, 
	0x44, 0x44, 0x44, 0x44, 0x44, 0x45, 0x55, 0x55, 
	0x55, 0x55, 0x55, 0x55, 0x44, 0x44, 0x54, 0x44, 
	0x44, 0x55, 0x55, 0x54, 0x55, 0x55, 0x54, 0x44, 
	0x44, 0x44, 0x44, 0x55, 0x55, 0x55, 0x55, 0x55, 
	0x53, 0x44, 0x44, 0x44, 0x44, 0x45, 0x55, 0x55, 
	0x55, 0x55, 0x55, 0x55, 0x55, 0x44, 0x44, 0x44, 
	0x44, 0x45, 0x55, 0x55, 0x55, 0x55, 0x55, 0x44, 
	0x44, 0x44, 0x55, 0x55, 0x55, 0x55, 0x55, 0x55, 
	0x44, 0x44, 0x55, 0x54, 0x44, 0x44, 0x55, 0x55, 
	0x55, 0x55, 0x55, 0x55, 0x55, 0x55, 0x55, 0x44, 
	0x44, 0x44, 0x55, 0x55, 0x55, 0x55, 0x54, 0x44, 
	0x44, 0x45, 0x55, 0x55, 0x55, 0x55, 0x55, 0x55, 
	0x53, 0x44, 0x55, 0x44, 0x55, 0x45, 0x55, 0x55, 
	0x55, 0x55, 0x55, 0x55, 0x55, 0x56, 0x55, 0x44, 
	0x44, 0x45, 0x55, 0x55, 0x55, 0x45, 0x54, 0x44, 
	0x44, 0x45, 0x55, 0x56, 0x55, 0x55, 0x55, 0x55, 
	0x44, 0x44, 0x44, 0x44, 0x55, 0x54, 0x55, 0x55, 
	0x55, 0x55, 0x55, 0x55, 0x55, 0x55, 0x54, 0x44, 
	0x44, 0x44, 0x55, 0x55, 0x54, 0x44, 0x44, 0x44, 
	0x44, 0x45, 0x56, 0x56, 0x55, 0x55, 0x55, 0x55, 
	0x44, 0x44, 0x44, 0x44, 0x44, 0x45, 0x55, 0x55, 
	0x55, 0x55, 0x55, 0x55, 0x55, 0x54, 0x33, 0x43, 
	0x34, 0x44, 0x55, 0x55, 0x44, 0x44, 0x44, 0x44, 
	0x44, 0x45, 0x55, 0x55, 0x55, 0x55, 0x55, 0x55, 
	0x44, 0x44, 0x54, 0x44, 0x44, 0x44, 0x55, 0x55, 
	0x44, 0x45, 0x55, 0x55, 0x55, 0x54, 0x43, 0x43, 
	0x33, 0x44, 0x45, 0x44, 0x44, 0x44, 0x44, 0x44, 
	0x44, 0x45, 0x55, 0x55, 0x55, 0x55, 0x55, 0x55, 
	0x44, 0x45, 0x54, 0x55, 0x44, 0x45, 0x55, 0x54, 
	0x44, 0x45, 0x55, 0x55, 0x55, 0x53, 0x44, 0x44, 
	0x44, 0x44, 0x44, 0x44, 0x44, 0x44, 0x44, 0x44, 
	0x44, 0x54, 0x45, 0x55, 0x55, 0x55, 0x55, 0x55, 
	0x44, 0x45, 0x55, 0x54, 0x44, 0x44, 0x45, 0x54, 
	0x44, 0x45, 0x55, 0x55, 0x55, 0x33, 0x44, 0x54, 
	0x54, 0x44, 0x44, 0x44, 0x44, 0x44, 0x43, 0x44, 
	0x44, 0x44, 0x45, 0x55, 0x55, 0x55, 0x55, 0x55, 
	0x54, 0x44, 0x44, 0x44, 0x44, 0x45, 0x45, 0x55, 
	0x44, 0x44, 0x43, 0x34, 0x44, 0x44, 0x44, 0x45, 
	0x44, 0x44, 0x44, 0x54, 0x44, 0x43, 0x44, 0x44, 
	0x55, 0x44, 0x45, 0x55, 0x55, 0x55, 0x55, 0x55, 
	0x55, 0x44, 0x44, 0x44, 0x44, 0x45, 0x55, 0x54, 
	0x44, 0x44, 0x44, 0x43, 0x44, 0x44, 0x44, 0x44, 
	0x44, 0x44, 0x45, 0x54, 0x44, 0x33, 0x44, 0x34, 
	0x55, 0x45, 0x55, 0x55, 0x56, 0x55, 0x55, 0x55, 
	0x55, 0x44, 0x44, 0x44, 0x44, 0x44, 0x44, 0x44, 
	0x44, 0x44, 0x44, 0x44, 0x44, 0x44, 0x44, 0x44, 
	0x44, 0x44, 0x46, 0x55, 0x44, 0x44, 0x44, 0x33, 
	0x55, 0x55, 0x55, 0x55, 0x55, 0x55, 0x55, 0x55, 
	0x54, 0x54, 0x44, 0x44, 0x44, 0x44, 0x44, 0x44, 
	0x34, 0x44, 0x44, 0x44, 0x44, 0x44, 0x44, 0x44, 
	0x44, 0x54, 0x45, 0x44, 0x44, 0x45, 0x44, 0x34, 
	0x55, 0x55, 0x55, 0x55, 0x55, 0x55, 0x55, 0x55, 
	0x54, 0x65, 0x44, 0x44, 0x44, 0x44, 0x44, 0x43, 
	0x44, 0x44, 0x44, 0x44, 0x44, 0x44, 0x44, 0x44, 
	0x44, 0x55, 0x55, 0x44, 0x45, 0x55, 0x44, 0x44, 
	0x45, 0x55, 0x55, 0x55, 0x55, 0x55, 0x55, 0x54, 
	0x55, 0x54, 0x44, 0x44, 0x44, 0x44, 0x44, 0x44, 
	0x44, 0x44, 0x44, 0x44, 0x44, 0x44, 0x44, 0x44, 
	0x44, 0x55, 0x55, 0x44, 0x44, 0x44, 0x44, 0x44, 
	0x55, 0x55, 0x55, 0x55, 0x55, 0x55, 0x55, 0x54, 
	0x43, 0x44, 0x44, 0x44, 0x54, 0x44, 0x44, 0x44, 
	0x34, 0x44, 0x34, 0x55, 0x44, 0x44, 0x44, 0x44, 
	0x44, 0x55, 0x55, 0x33, 0x44, 0x44, 0x45, 0x44, 
	0x55, 0x55, 0x55, 0x55, 0x55, 0x55, 0x55, 0x55, 
	0x44, 0x44, 0x44, 0x44, 0x54, 0x43, 0x44, 0x44, 
	0x34, 0x43, 0x34, 0x55, 0x54, 0x44, 0x44, 0x44, 
	0x54, 0x55, 0x55, 0x44, 0x44, 0x55, 0x55, 0x55, 
	0x55, 0x55, 0x55, 0x55, 0x55, 0x55, 0x44, 0x44, 
	0x44, 0x44, 0x44, 0x44, 0x55, 0x43, 0x44, 0x33, 
	0x34, 0x44, 0x43, 0x45, 0x54, 0x44, 0x44, 0x55, 
	0x55, 0x55, 0x55, 0x43, 0x34, 0x55, 0x55, 0x55, 
	0x55, 0x55, 0x55, 0x55, 0x55, 0x55, 0x43, 0x44, 
	0x44, 0x44, 0x44, 0x44, 0x44, 0x44, 0x43, 0x33, 
	0x44, 0x44, 0x43, 0x33, 0x44, 0x44, 0x55, 0x55, 
	0x55, 0x55, 0x55, 0x44, 0x44, 0x55, 0x55, 0x55, 
	0x55, 0x55, 0x55, 0x55, 0x55, 0x54, 0x43, 0x44, 
	0x44, 0x44, 0x44, 0x44, 0x44, 0x44, 0x44, 0x44, 
	0x44, 0x44, 0x44, 0x44, 0x44, 0x44, 0x55, 0x55, 
	0x55, 0x55, 0x55, 0x54, 0x44, 0x45, 0x55, 0x55, 
	0x55, 0x55, 0x55, 0x55, 0x55, 0x54, 0x34, 0x44, 
	0x44, 0x44, 0x44, 0x44, 0x44, 0x44, 0x55, 0x44, 
	0x44, 0x44, 0x44, 0x44, 0x44, 0x44, 0x45, 0x55, 
	0x55, 0x55, 0x55, 0x44, 0x44, 0x55, 0x55, 0x54, 
	0x55, 0x55, 0x55, 0x55, 0x55, 0x55, 0x44, 0x45, 
	0x55, 0x44, 0x44, 0x44, 0x44, 0x44, 0x55, 0x54, 
	0x44, 0x45, 0x45, 0x44, 0x44, 0x44, 0x34, 0x54, 
	0x45, 0x55, 0x54, 0x44, 0x44, 0x45, 0x55, 0x55, 
	0x55, 0x55, 0x55, 0x44, 0x45, 0x55, 0x34, 0x45, 
	0x54, 0x44, 0x44, 0x45, 0x44, 0x44, 0x44, 0x54, 
	0x45, 0x55, 0x55, 0x44, 0x44, 0x44, 0x33, 0x44, 
	0x45, 0x55, 0x55, 0x44, 0x44, 0x55, 0x55, 0x55, 
	0x55, 0x55, 0x44, 0x44, 0x44, 0x55, 0x44, 0x45, 
	0x44, 0x44, 0x44, 0x55, 0x54, 0x44, 0x44, 0x44, 
	0x55, 0x65, 0x55, 0x54, 0x44, 0x45, 0x54, 0x54, 
	0x44, 0x54, 0x55, 0x44, 0x55, 0x55, 0x55, 0x55, 
	0x54, 0x55, 0x44, 0x44, 0x44, 0x44, 0x44, 0x44, 
	0x44, 0x45, 0x45, 0x45, 0x54, 0x44, 0x43, 0x34, 
	0x55, 0x55, 0x44, 0x55, 0x55, 0x44, 0x55, 0x54, 
	0x43, 0x33, 0x43, 0x44, 0x45, 0x44, 0x55, 0x45, 
	0x54, 0x45, 0x44, 0x44, 0x44, 0x44, 0x44, 0x44, 
	0x44, 0x45, 0x55, 0x45, 0x54, 0x33, 0x44, 0x34, 
	0x55, 0x55, 0x55, 0x55, 0x55, 0x54, 0x44, 0x44, 
	0x44, 0x43, 0x33, 0x34, 0x44, 0x45, 0x44, 0x44, 
	0x45, 0x55, 0x54, 0x44, 0x44, 0x44, 0x44, 0x44, 
	0x44, 0x44, 0x55, 0x55, 0x54, 0x43, 0x44, 0x34, 
	0x55, 0x55, 0x55, 0x55, 0x55, 0x54, 0x44, 0x44, 
	0x44, 0x43, 0x43, 0x33, 0x44, 0x55, 0x44, 0x44, 
	0x45, 0x55, 0x44, 0x44, 0x44, 0x44, 0x44, 0x44, 
	0x44, 0x44, 0x55, 0x55, 0x55, 0x44, 0x44, 0x45, 
	0x55, 0x55, 0x55, 0x55, 0x55, 0x55, 0x44, 0x44, 
	0x44, 0x43, 0x44, 0x33, 0x44, 0x44, 0x44, 0x44, 
	0x44, 0x54, 0x44, 0x44, 0x44, 0x44, 0x44, 0x44, 
	0x44, 0x44, 0x55, 0x55, 0x55, 0x54, 0x55, 0x55, 
	0x55, 0x55, 0x55, 0x55, 0x55, 0x55, 0x54, 0x44, 
	0x55, 0x43, 0x33, 0x34, 0x44, 0x44, 0x44, 0x44, 
	0x44, 0x44, 0x44, 0x44, 0x44, 0x44, 0x45, 0x44, 
	0x54, 0x45, 0x55, 0x55, 0x55, 0x55, 0x55, 0x55, 
	0x55, 0x55, 0x55, 0x55, 0x55, 0x55, 0x54, 0x54, 
	0x55, 0x44, 0x33, 0x44, 0x44, 0x44, 0x44, 0x44, 
	0x44, 0x44, 0x44, 0x44, 0x44, 0x45, 0x55, 0x54, 
	0x55, 0x55, 0x55, 0x55, 0x54, 0x55, 0x55, 0x55, 
	0x55, 0x55, 0x55, 0x55, 0x55, 0x55, 0x55, 0x55, 
	0x54, 0x34, 0x43, 0x34, 0x44, 0x54, 0x43, 0x44, 
	0x44, 0x44, 0x55, 0x54, 0x44, 0x45, 0x55, 0x55, 
	0x54, 0x55, 0x55, 0x55, 0x55, 0x55, 0x55, 0x55, 
	0x55, 0x55, 0x55, 0x55, 0x55, 0x55, 0x55, 0x55, 
	0x55, 0x54, 0x33, 0x44, 0x33, 0x54, 0x44, 0x43, 
	0x44, 0x44, 0x45, 0x55, 0x44, 0x45, 0x65, 0x55, 
	0x55, 0x44, 0x45, 0x55, 0x55, 0x55, 0x55, 0x55, 
	0x55, 0x55, 0x55, 0x65, 0x55, 0x55, 0x55, 0x55, 
	0x55, 0x44, 0x44, 0x44, 0x45, 0x55, 0x55, 0x55, 
	0x43, 0x44, 0x44, 0x54, 0x44, 0x45, 0x56, 0x55, 
	0x55, 0x43, 0x35, 0x55, 0x55, 0x55, 0x55, 0x55, 
	0x55, 0x55, 0x55, 0x55, 0x55, 0x55, 0x55, 0x55, 
	0x54, 0x44, 0x44, 0x44, 0x45, 0x55, 0x55, 0x55, 
	0x54, 0x44, 0x44, 0x44, 0x44, 0x55, 0x56, 0x55, 
	0x55, 0x43, 0x44, 0x45, 0x55, 0x55, 0x55, 0x55, 
	0x55, 0x55, 0x55, 0x55, 0x55, 0x55, 0x55, 0x56, 
	0x55, 0x44, 0x45, 0x55, 0x44, 0x55, 0x44, 0x55, 
	0x54, 0x43, 0x44, 0x44, 0x44, 0x55, 0x54, 0x55, 
	0x55, 0x43, 0x44, 0x45, 0x54, 0x54, 0x44, 0x55, 
	0x55, 0x55, 0x55, 0x55, 0x55, 0x55, 0x55, 0x55, 
	0x55, 0x44, 0x44, 0x55, 0x54, 0x44, 0x44, 0x55, 
	0x55, 0x54, 0x44, 0x44, 0x44, 0x55, 0x55, 0x55, 
	0x55, 0x44, 0x44, 0x44, 0x44, 0x34, 0x43, 0x45, 
	0x45, 0x55, 0x55, 0x55, 0x55, 0x55, 0x55, 0x55, 
	0x55, 0x44, 0x44, 0x45, 0x54, 0x44, 0x44, 0x55, 
	0x55, 0x55, 0x44, 0x44, 0x45, 0x55, 0x55, 0x55, 
	0x54, 0x44, 0x54, 0x54, 0x44, 0x44, 0x44, 0x43, 
	0x33, 0x44, 0x55, 0x55, 0x55, 0x55, 0x55, 0x55, 
	0x54, 0x44, 0x44, 0x44, 0x44, 0x44, 0x45, 0x55, 
	0x55, 0x55, 0x44, 0x44, 0x55, 0x55, 0x55, 0x55, 
	0x44, 0x44, 0x44, 0x44, 0x44, 0x55, 0x44, 0x44, 
	0x44, 0x34, 0x55, 0x55, 0x44, 0x55, 0x55, 0x55, 
	0x54, 0x54, 0x44, 0x44, 0x44, 0x44, 0x45, 0x55, 
	0x55, 0x54, 0x44, 0x44, 0x46, 0x55, 0x55, 0x55, 
	0x44, 0x44, 0x44, 0x44, 0x44, 0x44, 0x44, 0x44, 
	0x33, 0x43, 0x54, 0x44, 0x33, 0x45, 0x55, 0x55, 
	0x55, 0x55, 0x44, 0x44, 0x44, 0x44, 0x45, 0x55, 
	0x55, 0x54, 0x44, 0x44, 0x55, 0x55, 0x55, 0x55, 
	0x54, 0x44, 0x44, 0x44, 0x44, 0x43, 0x44, 0x43, 
	0x34, 0x43, 0x33, 0x44, 0x43, 0x45, 0x55, 0x55, 
	0x55, 0x54, 0x44, 0x44, 0x44, 0x44, 0x44, 0x55, 
	0x54, 0x44, 0x44, 0x44, 0x55, 0x55, 0x55, 0x55, 
	0x55, 0x44, 0x43, 0x44, 0x44, 0x44, 0x34, 0x43, 
	0x34, 0x54, 0x33, 0x44, 0x44, 0x34, 0x45, 0x54, 
	0x44, 0x44, 0x44, 0x44, 0x44, 0x34, 0x44, 0x44, 
	0x44, 0x44, 0x44, 0x44, 0x55, 0x55, 0x55, 0x55, 
	0x55, 0x44, 0x44, 0x44, 0x44, 0x44, 0x45, 0x54, 
	0x54, 0x55, 0x44, 0x44, 0x44, 0x44, 0x45, 0x54, 
	0x44, 0x44, 0x44, 0x44, 0x44, 0x34, 0x44, 0x44, 
	0x44, 0x44, 0x54, 0x44, 0x55, 0x55, 0x55, 0x55, 
	0x55, 0x54, 0x44, 0x44, 0x44, 0x55, 0x56, 0x55, 
	0x55, 0x55, 0x34, 0x44, 0x44, 0x43, 0x34, 0x44, 
	0x44, 0x44, 0x44, 0x44, 0x44, 0x43, 0x34, 0x44, 
	0x54, 0x44, 0x55, 0x55, 0x55, 0x56, 0x54, 0x44, 
	0x55, 0x43, 0x44, 0x44, 0x45, 0x55, 0x65, 0x55, 
	0x55, 0x55, 0x44, 0x44, 0x44, 0x55, 0x44, 0x44, 
	0x44, 0x44, 0x44, 0x44, 0x33, 0x43, 0x44, 0x44, 
	0x54, 0x44, 0x55, 0x55, 0x55, 0x55, 0x54, 0x44, 
	0x45, 0x44, 0x44, 0x44, 0x44, 0x55, 0x55, 0x55, 
	0x55, 0x55, 0x44, 0x44, 0x44, 0x55, 0x54, 0x44, 
	0x44, 0x44, 0x54, 0x44, 0x43, 0x43, 0x44, 0x44, 
	0x45, 0x55, 0x55, 0x55, 0x55, 0x55, 0x55, 0x44, 
	0x44, 0x44, 0x44, 0x54, 0x44, 0x55, 0x55, 0x55, 
	0x55, 0x55, 0x44, 0x44, 0x44, 0x44, 0x43, 0x44, 
	0x44, 0x45, 0x55, 0x44, 0x43, 0x43, 0x44, 0x44, 
	0x45, 0x55, 0x55, 0x55, 0x55, 0x55, 0x55, 0x44, 
	0x44, 0x44, 0x44, 0x55, 0x45, 0x55, 0x55, 0x55, 
	0x55, 0x55, 0x54, 0x44, 0x44, 0x44, 0x34, 0x54, 
	0x34, 0x45, 0x65, 0x44, 0x33, 0x44, 0x44, 0x55, 
	0x55, 0x55, 0x55, 0x55, 0x55, 0x55, 0x55, 0x55, 
	0x44, 0x44, 0x45, 0x55, 0x45, 0x55, 0x55, 0x55, 
	0x55, 0x55, 0x54, 0x44, 0x44, 0x44, 0x34, 0x55, 
	0x33, 0x45, 0x55, 0x54, 0x54, 0x44, 0x44, 0x55, 
	0x55, 0x55, 0x55, 0x55, 0x55, 0x55, 0x55, 0x55, 
	0x44, 0x45, 0x44, 0x54, 0x44, 0x54, 0x55, 0x54, 
	0x45, 0x44, 0x44, 0x44, 0x44, 0x44, 0x44, 0x44, 
	0x44, 0x44, 0x45, 0x55, 0x54, 0x44, 0x44, 0x55, 
	0x55, 0x55, 0x55, 0x55, 0x55, 0x55, 0x55, 0x55, 
	0x54, 0x55, 0x44, 0x44, 0x44, 0x44, 0x55, 0x55, 
	0x54, 0x44, 0x44, 0x44, 0x44, 0x34, 0x44, 0x44, 
	0x44, 0x44, 0x45, 0x55, 0x55, 0x54, 0x44, 0x55, 
	0x55, 0x55, 0x55, 0x55, 0x55, 0x65, 0x55, 0x55, 
	0x55, 0x55, 0x54, 0x44, 0x44, 0x43, 0x55, 0x55, 
	0x54, 0x44, 0x44, 0x44, 0x44, 0x44, 0x44, 0x44, 
	0x44, 0x44, 0x45, 0x55, 0x55, 0x54, 0x44, 0x55, 
	0x55, 0x55, 0x45, 0x55, 0x55, 0x55, 0x55, 0x55, 
	0x55, 0x55, 0x44, 0x44, 0x34, 0x44, 0x45, 0x55, 
	0x55, 0x43, 0x44, 0x55, 0x44, 0x53, 0x44, 0x44, 
	0x44, 0x44, 0x55, 0x55, 0x55, 0x53, 0x33, 0x45, 
	0x55, 0x55, 0x45, 0x55, 0x55, 0x55, 0x55, 0x55, 
	0x55, 0x55, 0x44, 0x43, 0x34, 0x43, 0x34, 0x55, 
	0x44, 0x43, 0x34, 0x55, 0x55, 0x54, 0x44, 0x44, 
	0x44, 0x44, 0x55, 0x55, 0x55, 0x43, 0x44, 0x33, 
	0x45, 0x55, 0x55, 0x55, 0x55, 0x55, 0x55, 0x55, 
	0x55, 0x54, 0x44, 0x43, 0x34, 0x43, 0x33, 0x44, 
	0x34, 0x34, 0x45, 0x55, 0x55, 0x54, 0x44, 0x44, 
	0x54, 0x44, 0x55, 0x55, 0x55, 0x54, 0x33, 0x44, 
	0x44, 0x45, 0x55, 0x55, 0x55, 0x65, 0x55, 0x54, 
	0x44, 0x43, 0x44, 0x43, 0x34, 0x44, 0x44, 0x44, 
	0x35, 0x45, 0x44, 0x55, 0x55, 0x65, 0x54, 0x44, 
	0x55, 0x44, 0x56, 0x55, 0x55, 0x54, 0x34, 0x34, 
	0x44, 0x45, 0x55, 0x55, 0x55, 0x55, 0x55, 0x55, 
	0x43, 0x43, 0x44, 0x43, 0x34, 0x44, 0x55, 0x44, 
	0x55, 0x55, 0x55, 0x55, 0x55, 0x65, 0x55, 0x44, 
	0x44, 0x44, 0x45, 0x55, 0x54, 0x54, 0x43, 0x33, 
	0x44, 0x44, 0x55, 0x55, 0x45, 0x55, 0x55, 0x55, 
	0x54, 0x44, 0x44, 0x43, 0x34, 0x44, 0x45, 0x55, 
	0x55, 0x55, 0x55, 0x55, 0x55, 0x55, 0x55, 0x55, 
	0x44, 0x44, 0x44, 0x44, 0x44, 0x44, 0x44, 0x44, 
	0x44, 0x44, 0x44, 0x55, 0x45, 0x55, 0x55, 0x45, 
	0x44, 0x44, 0x54, 0x33, 0x33, 0x43, 0x45, 0x55, 
	0x55, 0x55, 0x55, 0x55, 0x55, 0x55, 0x55, 0x55, 
	0x44, 0x44, 0x44, 0x44, 0x44, 0x44, 0x44, 0x44, 
	0x34, 0x44, 0x44, 0x44, 0x44, 0x45, 0x44, 0x43, 
	0x44, 0x45, 0x54, 0x34, 0x43, 0x34, 0x55, 0x55, 
	0x55, 0x55, 0x55, 0x55, 0x55, 0x55, 0x44, 0x55, 
	0x55, 0x44, 0x44, 0x44, 0x44, 0x44, 0x44, 0x45, 
	0x54, 0x44, 0x44, 0x44, 0x45, 0x55, 0x54, 0x33, 
	0x44, 0x44, 0x54, 0x45, 0x44, 0x34, 0x55, 0x55, 
	0x55, 0x55, 0x55, 0x54, 0x44, 0x54, 0x45, 0x55, 
	0x44, 0x44, 0x44, 0x44, 0x45, 0x55, 0x44, 0x45, 
	0x54, 0x44, 0x44, 0x44, 0x45, 0x55, 0x55, 0x54, 
	0x44, 0x44, 0x44, 0x44, 0x44, 0x44, 0x55, 0x55, 
	0x55, 0x55, 0x55, 0x54, 0x44, 0x45, 0x44, 0x44, 
	0x44, 0x44, 0x44, 0x44, 0x55, 0x55, 0x44, 0x44, 
	0x34, 0x44, 0x44, 0x44, 0x45, 0x55, 0x55, 0x54, 
	0x44, 0x44, 0x44, 0x44, 0x44, 0x44, 0x55, 0x55, 
	0x55, 0x55, 0x55, 0x55, 0x44, 0x45, 0x55, 0x54, 
	0x44, 0x45, 0x55, 0x45, 0x55, 0x54, 0x44, 0x44, 
	0x34, 0x44, 0x44, 0x44, 0x55, 0x55, 0x55, 0x55, 
	0x44, 0x44, 0x44, 0x44, 0x44, 0x45, 0x56, 0x55, 
	
};

Gfx castle_grounds_dl_KKIIDDZZ_DAT_1755__p00_64x64_i4_aligner[] = {gsSPEndDisplayList()};
u8 castle_grounds_dl_KKIIDDZZ_DAT_1755__p00_64x64_i4[] = {
	0x44, 0x44, 0x44, 0x44, 0x45, 0x56, 0x77, 0x77, 
	0x88, 0x88, 0x88, 0x88, 0x88, 0x88, 0x88, 0x88, 
	0x89, 0x99, 0x99, 0x99, 0x99, 0x99, 0x99, 0x99, 
	0x88, 0x66, 0x55, 0x55, 0x54, 0x44, 0x44, 0x44, 
	0x44, 0x44, 0x44, 0x44, 0x45, 0x68, 0x88, 0x88, 
	0x88, 0x88, 0x88, 0x88, 0x87, 0x77, 0x66, 0x66, 
	0x78, 0x88, 0x99, 0x99, 0x99, 0xaa, 0xaa, 0xaa, 
	0x98, 0x87, 0x66, 0x65, 0x55, 0x54, 0x44, 0x44, 
	0x44, 0x44, 0x44, 0x45, 0x56, 0x88, 0x9a, 0xaa, 
	0xaa, 0x99, 0x99, 0x88, 0x88, 0x76, 0x55, 0x55, 
	0x67, 0x78, 0x9a, 0xaa, 0xaa, 0xbb, 0xbb, 0xbb, 
	0xa9, 0x88, 0x87, 0x66, 0x55, 0x55, 0x44, 0x44, 
	0x44, 0x44, 0x44, 0x55, 0x68, 0x89, 0xaa, 0xbb, 
	0xbb, 0xba, 0xaa, 0x99, 0x88, 0x66, 0x55, 0x55, 
	0x56, 0x78, 0x9a, 0xab, 0xbb, 0xbb, 0xbb, 0xba, 
	0xa9, 0x88, 0x88, 0x76, 0x65, 0x55, 0x54, 0x44, 
	0x44, 0x44, 0x55, 0x56, 0x88, 0x99, 0xab, 0xbb, 
	0xbb, 0xbb, 0xba, 0xa9, 0x98, 0x66, 0x66, 0x55, 
	0x56, 0x78, 0x99, 0xaa, 0xba, 0xab, 0xbb, 0xaa, 
	0x98, 0x88, 0x88, 0x77, 0x66, 0x55, 0x55, 0x44, 
	0x44, 0x45, 0x55, 0x67, 0x88, 0x89, 0xaa, 0xaa, 
	0xaa, 0xaa, 0xa9, 0x98, 0x88, 0x77, 0x78, 0x65, 
	0x55, 0x67, 0x89, 0x99, 0x99, 0x98, 0x99, 0x88, 
	0x77, 0x77, 0x88, 0x88, 0x76, 0x66, 0x55, 0x54, 
	0x44, 0x55, 0x66, 0x78, 0x88, 0x88, 0x88, 0x88, 
	0x88, 0x88, 0x88, 0x88, 0x88, 0x78, 0x9a, 0x85, 
	0x55, 0x67, 0x88, 0x87, 0x76, 0x66, 0x66, 0x66, 
	0x66, 0x66, 0x66, 0x77, 0x77, 0x66, 0x65, 0x54, 
	0x44, 0x55, 0x67, 0x88, 0x88, 0x87, 0x77, 0x77, 
	0x77, 0x77, 0x77, 0x78, 0x88, 0x88, 0xab, 0xa6, 
	0x55, 0x67, 0x77, 0x66, 0x55, 0x55, 0x55, 0x55, 
	0x56, 0x66, 0x66, 0x66, 0x67, 0x76, 0x66, 0x55, 
	0x45, 0x56, 0x67, 0x88, 0x88, 0x76, 0x66, 0x56, 
	0x66, 0x67, 0x66, 0x67, 0x88, 0x88, 0xbb, 0xa6, 
	0x56, 0x67, 0x66, 0x65, 0x55, 0x55, 0x55, 0x55, 
	0x66, 0x66, 0x66, 0x66, 0x66, 0x77, 0x66, 0x55, 
	0x45, 0x66, 0x78, 0x88, 0x87, 0x66, 0x55, 0x55, 
	0x66, 0x66, 0x65, 0x56, 0x78, 0x88, 0x89, 0x76, 
	0x66, 0x66, 0x66, 0x55, 0x55, 0x45, 0x55, 0x56, 
	0x77, 0x87, 0x76, 0x66, 0x66, 0x67, 0x76, 0x65, 
	0x46, 0x67, 0x88, 0x88, 0x76, 0x55, 0x66, 0x55, 
	0x55, 0x55, 0x55, 0x56, 0x68, 0x88, 0x88, 0x66, 
	0x66, 0x65, 0x55, 0x55, 0x55, 0x55, 0x56, 0x78, 
	0x89, 0x99, 0x88, 0x76, 0x66, 0x66, 0x67, 0x65, 
	0x56, 0x78, 0x88, 0x87, 0x66, 0x68, 0x88, 0x87, 
	0x76, 0x55, 0x66, 0x66, 0x66, 0x88, 0x88, 0x66, 
	0x65, 0x55, 0x55, 0x55, 0x55, 0x56, 0x78, 0x9b, 
	0xbb, 0xba, 0xa8, 0x87, 0x66, 0x66, 0x66, 0x66, 
	0x56, 0x88, 0x87, 0x76, 0x68, 0x9a, 0xaa, 0xaa, 
	0x98, 0x87, 0x77, 0x77, 0x66, 0x78, 0x88, 0x66, 
	0x55, 0x55, 0x55, 0x55, 0x56, 0x78, 0xab, 0xbc, 
	0xba, 0x98, 0x88, 0x87, 0x76, 0x66, 0x66, 0x66, 
	0x57, 0x78, 0x76, 0x66, 0x89, 0xaa, 0xaa, 0xaa, 
	0xaa, 0xaa, 0x99, 0x99, 0x86, 0x78, 0x88, 0x86, 
	0x55, 0x55, 0x55, 0x56, 0x78, 0xab, 0xbb, 0xaa, 
	0x98, 0x76, 0x66, 0x67, 0x77, 0x76, 0x66, 0x66, 
	0x57, 0x76, 0x66, 0x67, 0x88, 0x88, 0x87, 0x78, 
	0x88, 0x9a, 0xab, 0xbc, 0xba, 0x88, 0x88, 0x87, 
	0x65, 0x55, 0x55, 0x68, 0x9a, 0xbb, 0xa8, 0x76, 
	0x66, 0x65, 0x66, 0x66, 0x77, 0x77, 0x77, 0x66, 
	0x56, 0x66, 0x66, 0x78, 0x87, 0x76, 0x66, 0x55, 
	0x66, 0x78, 0x9a, 0xbb, 0xcc, 0xb8, 0x88, 0x77, 
	0x65, 0x55, 0x67, 0x88, 0xaa, 0xa9, 0x76, 0x65, 
	0x55, 0x55, 0x66, 0x77, 0x77, 0x76, 0x76, 0x66, 
	0x66, 0x66, 0x67, 0x88, 0x77, 0x66, 0x55, 0x55, 
	0x55, 0x56, 0x67, 0x89, 0xab, 0xba, 0x98, 0x76, 
	0x55, 0x55, 0x56, 0x78, 0x98, 0x76, 0x66, 0x66, 
	0x66, 0x67, 0x77, 0x88, 0x77, 0x77, 0x66, 0x66, 
	0x66, 0x66, 0x78, 0x88, 0x87, 0x66, 0x66, 0x65, 
	0x55, 0x55, 0x55, 0x55, 0x66, 0x8a, 0x98, 0x86, 
	0x55, 0x45, 0x55, 0x66, 0x77, 0x66, 0x67, 0x88, 
	0x88, 0x88, 0x88, 0x88, 0x87, 0x76, 0x66, 0x66, 
	0x65, 0x66, 0x88, 0xa9, 0x88, 0x77, 0x77, 0x76, 
	0x65, 0x54, 0x44, 0x44, 0x45, 0x68, 0x99, 0x87, 
	0x54, 0x45, 0x55, 0x56, 0x66, 0x66, 0x78, 0x89, 
	0x99, 0x99, 0xa9, 0x99, 0x88, 0x87, 0x76, 0x66, 
	0x65, 0x67, 0x8a, 0xaa, 0xa9, 0x88, 0x88, 0x77, 
	0x76, 0x55, 0x44, 0x44, 0x45, 0x58, 0xaa, 0x86, 
	0x54, 0x45, 0x55, 0x55, 0x55, 0x56, 0x67, 0x88, 
	0x89, 0x9a, 0xaa, 0xaa, 0x99, 0x88, 0x77, 0x66, 
	0x65, 0x68, 0x8a, 0xaa, 0xa9, 0x88, 0x88, 0x77, 
	0x76, 0x55, 0x54, 0x44, 0x44, 0x58, 0xaa, 0x86, 
	0x54, 0x44, 0x45, 0x55, 0x55, 0x55, 0x66, 0x67, 
	0x78, 0x88, 0x89, 0x99, 0x99, 0x88, 0x87, 0x76, 
	0x55, 0x78, 0x99, 0x99, 0x88, 0x87, 0x77, 0x77, 
	0x76, 0x65, 0x54, 0x44, 0x44, 0x58, 0xaa, 0x86, 
	0x55, 0x44, 0x45, 0x55, 0x55, 0x56, 0x66, 0x66, 
	0x66, 0x66, 0x67, 0x78, 0x88, 0x88, 0x88, 0x77, 
	0x56, 0x78, 0x88, 0x88, 0x76, 0x66, 0x66, 0x67, 
	0x88, 0x75, 0x55, 0x55, 0x44, 0x58, 0xaa, 0x86, 
	0x55, 0x44, 0x45, 0x55, 0x55, 0x68, 0x99, 0x87, 
	0x65, 0x55, 0x66, 0x66, 0x77, 0x88, 0x88, 0x87, 
	0x56, 0x88, 0x77, 0x66, 0x66, 0x56, 0x56, 0x8a, 
	0xba, 0x98, 0x76, 0x65, 0x54, 0x58, 0xbb, 0x87, 
	0x65, 0x44, 0x45, 0x55, 0x56, 0x9a, 0xbb, 0xa8, 
	0x65, 0x55, 0x55, 0x56, 0x56, 0x78, 0x88, 0x88, 
	0x58, 0x88, 0x66, 0x65, 0x65, 0x56, 0x68, 0xab, 
	0xcc, 0xba, 0x98, 0x65, 0x54, 0x59, 0xcb, 0x97, 
	0x65, 0x45, 0x55, 0x56, 0x68, 0xab, 0xbb, 0xba, 
	0x87, 0x65, 0x55, 0x55, 0x55, 0x67, 0x88, 0x88, 
	0x68, 0x87, 0x66, 0x55, 0x66, 0x68, 0x89, 0xaa, 
	0xaa, 0xaa, 0x87, 0x65, 0x45, 0x59, 0xcb, 0x97, 
	0x55, 0x44, 0x45, 0x66, 0x78, 0xaa, 0xaa, 0xa9, 
	0x98, 0x76, 0x55, 0x55, 0x55, 0x56, 0x78, 0x88, 
	0x68, 0x86, 0x66, 0x66, 0x66, 0x78, 0x88, 0x88, 
	0x99, 0x87, 0x76, 0x55, 0x55, 0x6a, 0xcb, 0xa8, 
	0x65, 0x44, 0x55, 0x56, 0x78, 0x88, 0x88, 0x88, 
	0x88, 0x87, 0x65, 0x55, 0x55, 0x56, 0x68, 0x88, 
	0x68, 0x76, 0x66, 0x66, 0x67, 0x77, 0x77, 0x78, 
	0x88, 0x76, 0x66, 0x55, 0x55, 0x6a, 0xcc, 0xb8, 
	0x64, 0x44, 0x55, 0x55, 0x67, 0x77, 0x88, 0x88, 
	0x77, 0x88, 0x76, 0x55, 0x55, 0x56, 0x67, 0x88, 
	0x68, 0x76, 0x66, 0x66, 0x67, 0x76, 0x66, 0x67, 
	0x88, 0x77, 0x66, 0x55, 0x55, 0x6a, 0xcc, 0xb8, 
	0x74, 0x44, 0x55, 0x55, 0x67, 0x88, 0x88, 0x88, 
	0x88, 0x77, 0x76, 0x65, 0x55, 0x66, 0x68, 0x88, 
	0x78, 0x77, 0x67, 0x66, 0x67, 0x77, 0x78, 0x88, 
	0x89, 0x88, 0x76, 0x55, 0x56, 0x7b, 0xcc, 0xb8, 
	0x75, 0x44, 0x55, 0x56, 0x89, 0xab, 0xbb, 0xaa, 
	0xa9, 0x87, 0x76, 0x65, 0x55, 0x67, 0x88, 0x87, 
	0x77, 0x77, 0x77, 0x67, 0x77, 0x88, 0x9a, 0xbb, 
	0xbb, 0xa8, 0x76, 0x55, 0x56, 0x9b, 0xcc, 0xb9, 
	0x75, 0x55, 0x55, 0x67, 0x8a, 0xbb, 0xcc, 0xcc, 
	0xcb, 0xa8, 0x76, 0x66, 0x66, 0x67, 0x88, 0x87, 
	0x77, 0x78, 0x77, 0x77, 0x88, 0x9a, 0xbb, 0xcd, 
	0xcc, 0xba, 0x86, 0x55, 0x57, 0xac, 0xdd, 0xc9, 
	0x75, 0x55, 0x55, 0x68, 0x8a, 0xbb, 0xcc, 0xcd, 
	0xdc, 0xb9, 0x87, 0x76, 0x66, 0x77, 0x88, 0x88, 
	0x77, 0x78, 0x77, 0x77, 0x89, 0xab, 0xbc, 0xdd, 
	0xdc, 0xba, 0x98, 0x65, 0x57, 0xbd, 0xdd, 0xc9, 
	0x85, 0x55, 0x55, 0x67, 0x8a, 0xbc, 0xcc, 0xdd, 
	0xdd, 0xba, 0x98, 0x76, 0x66, 0x77, 0x88, 0x88, 
	0x87, 0x77, 0x77, 0x78, 0x8a, 0xbb, 0xcd, 0xdd, 
	0xdd, 0xbb, 0xa8, 0x66, 0x67, 0xbd, 0xdd, 0xd9, 
	0x85, 0x55, 0x55, 0x67, 0x8a, 0xbb, 0xcc, 0xdd, 
	0xdd, 0xcb, 0xa9, 0x87, 0x66, 0x77, 0x88, 0x88, 
	0x88, 0x87, 0x77, 0x78, 0x8a, 0xbc, 0xdd, 0xdd, 
	0xdd, 0xcb, 0xa9, 0x76, 0x67, 0xbd, 0xdd, 0xd9, 
	0x85, 0x55, 0x55, 0x67, 0x8a, 0xbb, 0xcc, 0xdd, 
	0xdd, 0xdc, 0xba, 0x87, 0x66, 0x66, 0x78, 0x87, 
	0x67, 0x77, 0x77, 0x78, 0x9a, 0xbc, 0xdd, 0xdd, 
	0xdd, 0xba, 0xa9, 0x86, 0x68, 0xbd, 0xdd, 0xda, 
	0x96, 0x54, 0x55, 0x66, 0x8a, 0xbb, 0xcc, 0xdd, 
	0xdd, 0xdc, 0xca, 0x87, 0x66, 0x66, 0x77, 0x86, 
	0x66, 0x77, 0x77, 0x78, 0x8a, 0xbc, 0xdd, 0xdd, 
	0xdd, 0xba, 0xa9, 0x86, 0x78, 0xbd, 0xdd, 0xdb, 
	0xa8, 0x65, 0x55, 0x56, 0x79, 0xab, 0xcc, 0xdd, 
	0xdd, 0xdc, 0xba, 0x86, 0x66, 0x66, 0x77, 0x76, 
	0x55, 0x67, 0x88, 0x88, 0x8a, 0xbc, 0xcc, 0xdd, 
	0xdc, 0xba, 0xa9, 0x87, 0x8a, 0xbd, 0xdd, 0xdb, 
	0xaa, 0x86, 0x55, 0x56, 0x79, 0xab, 0xcd, 0xdd, 
	0xdd, 0xdc, 0xba, 0x86, 0x66, 0x66, 0x77, 0x76, 
	0x45, 0x67, 0x88, 0x88, 0x8a, 0xbb, 0xbc, 0xcc, 
	0xcb, 0xaa, 0x99, 0x88, 0x9b, 0xbb, 0xcd, 0xca, 
	0x89, 0x98, 0x65, 0x56, 0x79, 0xab, 0xcc, 0xdd, 
	0xdd, 0xcb, 0xa9, 0x86, 0x66, 0x66, 0x77, 0x65, 
	0x45, 0x67, 0x88, 0x88, 0x8a, 0xbb, 0xbb, 0xcc, 
	0xcb, 0xa9, 0x99, 0x89, 0xaa, 0xaa, 0xcd, 0xb8, 
	0x78, 0x98, 0x65, 0x56, 0x79, 0xab, 0xbc, 0xcc, 
	0xdc, 0xbb, 0xa8, 0x76, 0x65, 0x66, 0x77, 0x65, 
	0x44, 0x56, 0x78, 0x88, 0x8a, 0xab, 0xbb, 0xcc, 
	0xcb, 0xa9, 0x99, 0x88, 0xaa, 0x87, 0xab, 0x96, 
	0x56, 0x88, 0x75, 0x68, 0x89, 0xaa, 0xbb, 0xbc, 
	0xbc, 0xba, 0x98, 0x66, 0x65, 0x56, 0x67, 0x65, 
	0x44, 0x56, 0x78, 0x88, 0x89, 0xab, 0xbb, 0xcc, 
	0xcb, 0xa9, 0x99, 0x89, 0xa8, 0x65, 0x69, 0x85, 
	0x55, 0x68, 0x77, 0x88, 0x99, 0xaa, 0xab, 0xbb, 
	0xbb, 0xba, 0x87, 0x66, 0x55, 0x56, 0x76, 0x55, 
	0x44, 0x55, 0x67, 0x88, 0x88, 0xaa, 0xbb, 0xbb, 
	0xba, 0xa9, 0x99, 0x99, 0x87, 0x65, 0x68, 0x65, 
	0x56, 0x67, 0x88, 0x88, 0x89, 0x99, 0xaa, 0xaa, 
	0xab, 0xaa, 0x87, 0x66, 0x55, 0x56, 0x66, 0x54, 
	0x44, 0x55, 0x66, 0x88, 0x88, 0x9a, 0xaa, 0xaa, 
	0xa9, 0x98, 0x88, 0x88, 0x76, 0x66, 0x66, 0x66, 
	0x66, 0x67, 0x67, 0x78, 0x88, 0x88, 0x89, 0x99, 
	0xaa, 0xa9, 0x87, 0x65, 0x55, 0x66, 0x65, 0x44, 
	0x44, 0x45, 0x56, 0x78, 0x88, 0x89, 0x9a, 0xaa, 
	0x99, 0x88, 0x88, 0x77, 0x66, 0x55, 0x55, 0x56, 
	0x66, 0x55, 0x56, 0x77, 0x88, 0x88, 0x88, 0x99, 
	0xaa, 0x98, 0x86, 0x65, 0x55, 0x66, 0x65, 0x44, 
	0x44, 0x45, 0x56, 0x67, 0x77, 0x88, 0x99, 0x99, 
	0x88, 0x88, 0x87, 0x66, 0x55, 0x56, 0x67, 0x88, 
	0x87, 0x66, 0x55, 0x67, 0x78, 0x88, 0x88, 0x88, 
	0x99, 0x98, 0x76, 0x55, 0x55, 0x66, 0x55, 0x44, 
	0x44, 0x44, 0x55, 0x66, 0x77, 0x78, 0x88, 0x88, 
	0x88, 0x88, 0x76, 0x65, 0x67, 0x79, 0xaa, 0xab, 
	0xaa, 0x98, 0x66, 0x56, 0x56, 0x67, 0x88, 0x88, 
	0x89, 0x87, 0x66, 0x55, 0x55, 0x65, 0x55, 0x44, 
	0x44, 0x44, 0x55, 0x66, 0x66, 0x67, 0x88, 0x87, 
	0x77, 0x66, 0x65, 0x56, 0x77, 0x89, 0xaa, 0xaa, 
	0xaa, 0x99, 0x88, 0x87, 0x76, 0x55, 0x56, 0x77, 
	0x78, 0x86, 0x65, 0x55, 0x55, 0x65, 0x44, 0x44, 
	0x44, 0x44, 0x55, 0x55, 0x66, 0x66, 0x88, 0x77, 
	0x76, 0x66, 0x55, 0x55, 0x66, 0x78, 0x89, 0xaa, 
	0xa9, 0x88, 0x77, 0x88, 0x87, 0x76, 0x55, 0x56, 
	0x77, 0x66, 0x55, 0x55, 0x55, 0x55, 0x44, 0x44, 
	0x44, 0x44, 0x45, 0x55, 0x55, 0x56, 0x77, 0x77, 
	0x66, 0x65, 0x54, 0x45, 0x66, 0x89, 0xab, 0xbc, 
	0xbb, 0x98, 0x76, 0x66, 0x66, 0x67, 0x66, 0x66, 
	0x66, 0x65, 0x55, 0x55, 0x55, 0x54, 0x44, 0x44, 
	0x44, 0x44, 0x44, 0x55, 0x55, 0x55, 0x66, 0x66, 
	0x65, 0x54, 0x45, 0x56, 0x78, 0xab, 0xcd, 0xdd, 
	0xdb, 0xba, 0x86, 0x55, 0x55, 0x56, 0x66, 0x66, 
	0x55, 0x55, 0x55, 0x55, 0x55, 0x44, 0x44, 0x44, 
	0x44, 0x44, 0x44, 0x45, 0x55, 0x55, 0x56, 0x65, 
	0x54, 0x45, 0x56, 0x78, 0x9a, 0xbc, 0xcd, 0xdd, 
	0xdc, 0xcb, 0xa8, 0x76, 0x54, 0x44, 0x45, 0x55, 
	0x55, 0x55, 0x55, 0x55, 0x55, 0x44, 0x44, 0x44, 
	0x44, 0x44, 0x44, 0x44, 0x55, 0x55, 0x55, 0x55, 
	0x44, 0x55, 0x78, 0x89, 0xaa, 0xaa, 0xaa, 0xaa, 
	0xbb, 0xbb, 0xaa, 0x98, 0x65, 0x44, 0x44, 0x44, 
	0x55, 0x55, 0x55, 0x55, 0x54, 0x44, 0x44, 0x44, 
	0x44, 0x44, 0x44, 0x44, 0x44, 0x55, 0x55, 0x54, 
	0x45, 0x67, 0x88, 0x87, 0x76, 0x65, 0x55, 0x67, 
	0x77, 0x78, 0x89, 0x99, 0x87, 0x54, 0x44, 0x44, 
	0x45, 0x55, 0x55, 0x55, 0x44, 0x44, 0x44, 0x44, 
	0x44, 0x44, 0x44, 0x44, 0x44, 0x45, 0x55, 0x55, 
	0x56, 0x67, 0x77, 0x65, 0x55, 0x55, 0x56, 0x77, 
	0x77, 0x77, 0x78, 0x88, 0x87, 0x65, 0x54, 0x45, 
	0x55, 0x55, 0x55, 0x55, 0x44, 0x44, 0x44, 0x44, 
	0x44, 0x44, 0x44, 0x44, 0x44, 0x44, 0x55, 0x55, 
	0x66, 0x66, 0x65, 0x55, 0x56, 0x89, 0xaa, 0xab, 
	0xaa, 0x98, 0x88, 0x77, 0x76, 0x66, 0x65, 0x55, 
	0x55, 0x55, 0x55, 0x54, 0x44, 0x44, 0x44, 0x44, 
	0x44, 0x44, 0x44, 0x44, 0x44, 0x44, 0x55, 0x55, 
	0x66, 0x66, 0x65, 0x66, 0x89, 0xab, 0xbc, 0xcc, 
	0xbb, 0xba, 0xa9, 0x88, 0x76, 0x66, 0x66, 0x65, 
	0x55, 0x55, 0x44, 0x44, 0x44, 0x44, 0x44, 0x44, 
	0x44, 0x44, 0x44, 0x44, 0x44, 0x44, 0x45, 0x55, 
	0x66, 0x66, 0x67, 0x88, 0x9a, 0xab, 0xcd, 0xdd, 
	0xcd, 0xcb, 0xba, 0xaa, 0x87, 0x77, 0x66, 0x65, 
	0x55, 0x54, 0x44, 0x44, 0x44, 0x44, 0x44, 0x44, 
	0x44, 0x44, 0x44, 0x44, 0x44, 0x44, 0x44, 0x55, 
	0x56, 0x67, 0x78, 0x88, 0x99, 0xab, 0xcd, 0xdc, 
	0xcc, 0xcb, 0xbb, 0xaa, 0x98, 0x77, 0x76, 0x66, 
	0x55, 0x44, 0x44, 0x44, 0x44, 0x44, 0x44, 0x44, 
	0x44, 0x44, 0x44, 0x44, 0x44, 0x44, 0x44, 0x45, 
	0x55, 0x66, 0x77, 0x78, 0x88, 0xaa, 0xbc, 0xcb, 
	0xbb, 0xbb, 0xaa, 0x98, 0x88, 0x77, 0x66, 0x65, 
	0x54, 0x44, 0x44, 0x44, 0x44, 0x44, 0x44, 0x44, 
	0x44, 0x44, 0x44, 0x44, 0x44, 0x44, 0x44, 0x44, 
	0x55, 0x56, 0x56, 0x67, 0x78, 0x89, 0xab, 0xbb, 
	0xaa, 0xa9, 0x98, 0x88, 0x87, 0x66, 0x66, 0x55, 
	0x44, 0x44, 0x44, 0x44, 0x44, 0x44, 0x44, 0x44, 
	0x44, 0x44, 0x44, 0x44, 0x44, 0x44, 0x44, 0x44, 
	0x44, 0x55, 0x55, 0x66, 0x67, 0x78, 0x89, 0x99, 
	0x99, 0x89, 0x88, 0x77, 0x66, 0x65, 0x55, 0x54, 
	0x44, 0x44, 0x44, 0x44, 0x44, 0x44, 0x44, 0x44, 
	0x44, 0x44, 0x44, 0x44, 0x44, 0x44, 0x44, 0x44, 
	0x44, 0x44, 0x45, 0x55, 0x56, 0x66, 0x67, 0x77, 
	0x77, 0x77, 0x66, 0x66, 0x55, 0x55, 0x54, 0x44, 
	0x44, 0x44, 0x44, 0x44, 0x44, 0x44, 0x44, 0x44, 
	0x44, 0x44, 0x44, 0x44, 0x44, 0x44, 0x44, 0x44, 
	0x44, 0x44, 0x44, 0x55, 0x55, 0x55, 0x55, 0x65, 
	0x56, 0x55, 0x55, 0x55, 0x55, 0x44, 0x44, 0x44, 
	0x44, 0x44, 0x44, 0x44, 0x44, 0x44, 0x44, 0x44, 
	
};

Gfx castle_grounds_dl_Material14_i8_aligner[] = {gsSPEndDisplayList()};
u8 castle_grounds_dl_Material14_i8[] = {
	0x66, 0x69, 0x6f, 0x6d, 0x73, 0x71, 0x6c, 0x42, 
	0x3d, 0x4b, 0x48, 0x53, 0x4c, 0x59, 0x5e, 0x5b, 
	0x56, 0x4b, 0x50, 0x50, 0x4f, 0x52, 0x60, 0x45, 
	0x46, 0x62, 0x66, 0x6a, 0x62, 0x65, 0x71, 0x66, 
	0x66, 0x69, 0x6f, 0x6d, 0x73, 0x71, 0x6c, 0x42, 
	0x3d, 0x61, 0x5e, 0x69, 0x62, 0x6f, 0x74, 0x71, 
	0x6c, 0x61, 0x66, 0x66, 0x65, 0x68, 0x76, 0x45, 
	0x46, 0x62, 0x66, 0x6a, 0x62, 0x65, 0x71, 0x66, 
	0x69, 0x66, 0x68, 0x76, 0x74, 0x7a, 0x7b, 0x4c, 
	0x37, 0x56, 0x52, 0x4c, 0x53, 0x52, 0x56, 0x5e, 
	0x64, 0x53, 0x59, 0x5d, 0x4c, 0x52, 0x5a, 0x50, 
	0x49, 0x63, 0x69, 0x76, 0x6a, 0x6f, 0x78, 0x73, 
	0x69, 0x66, 0x68, 0x76, 0x74, 0x7a, 0x7b, 0x4c, 
	0x37, 0x6c, 0x68, 0x62, 0x69, 0x68, 0x6c, 0x74, 
	0x7a, 0x69, 0x6f, 0x73, 0x62, 0x68, 0x70, 0x50, 
	0x49, 0x63, 0x69, 0x76, 0x6a, 0x6f, 0x78, 0x73, 
	0x6a, 0x74, 0x74, 0x76, 0x76, 0x76, 0x71, 0x5d, 
	0x4f, 0x5e, 0x5b, 0x4d, 0x49, 0x56, 0x4c, 0x4b, 
	0x57, 0x56, 0x4d, 0x57, 0x59, 0x62, 0x5d, 0x51, 
	0x41, 0x6c, 0x6a, 0x7a, 0x7c, 0x74, 0x70, 0x6f, 
	0x6a, 0x74, 0x74, 0x76, 0x76, 0x76, 0x71, 0x5d, 
	0x4f, 0x74, 0x71, 0x63, 0x5f, 0x6c, 0x62, 0x61, 
	0x6d, 0x6c, 0x63, 0x6d, 0x6f, 0x78, 0x73, 0x51, 
	0x41, 0x6c, 0x6a, 0x7a, 0x7c, 0x74, 0x70, 0x6f, 
	0x71, 0x6c, 0x70, 0x6c, 0x7e, 0x7a, 0x6a, 0x50, 
	0x4c, 0x53, 0x5e, 0x62, 0x4d, 0x4c, 0x52, 0x4b, 
	0x53, 0x62, 0x52, 0x53, 0x54, 0x56, 0x4c, 0x43, 
	0x4c, 0x69, 0x70, 0x7c, 0x78, 0x77, 0x77, 0x76, 
	0x71, 0x6c, 0x70, 0x6c, 0x7e, 0x7a, 0x6a, 0x50, 
	0x4c, 0x69, 0x74, 0x78, 0x63, 0x62, 0x68, 0x61, 
	0x69, 0x78, 0x68, 0x69, 0x6a, 0x6c, 0x62, 0x43, 
	0x4c, 0x69, 0x70, 0x7c, 0x78, 0x77, 0x77, 0x76, 
	0x6d, 0x73, 0x76, 0x71, 0x6c, 0x7a, 0x6c, 0x48, 
	0x4a, 0x53, 0x52, 0x5e, 0x50, 0x59, 0x5b, 0x4f, 
	0x4c, 0x4b, 0x54, 0x48, 0x53, 0x53, 0x53, 0x3b, 
	0x43, 0x63, 0x57, 0x6c, 0x78, 0x7c, 0x84, 0x7f, 
	0x6d, 0x73, 0x76, 0x71, 0x6c, 0x7a, 0x6c, 0x48, 
	0x4a, 0x69, 0x68, 0x74, 0x66, 0x6f, 0x71, 0x65, 
	0x62, 0x61, 0x6a, 0x5e, 0x69, 0x69, 0x69, 0x3b, 
	0x43, 0x63, 0x57, 0x6c, 0x78, 0x7c, 0x84, 0x7f, 
	0x77, 0x73, 0x6f, 0x66, 0x5e, 0x5f, 0x66, 0x54, 
	0x46, 0x4b, 0x54, 0x56, 0x50, 0x56, 0x52, 0x53, 
	0x4d, 0x47, 0x4d, 0x45, 0x40, 0x48, 0x48, 0x3e, 
	0x49, 0x61, 0x6c, 0x66, 0x68, 0x77, 0x7a, 0x7a, 
	0x77, 0x73, 0x6f, 0x66, 0x5e, 0x5f, 0x66, 0x54, 
	0x46, 0x61, 0x6a, 0x6c, 0x66, 0x6c, 0x68, 0x69, 
	0x63, 0x5d, 0x63, 0x5b, 0x57, 0x5e, 0x5e, 0x3e, 
	0x49, 0x61, 0x6c, 0x66, 0x68, 0x77, 0x7a, 0x7a, 
	0x71, 0x74, 0x6f, 0x5e, 0x57, 0x54, 0x5b, 0x4f, 
	0x43, 0x48, 0x4d, 0x4d, 0x54, 0x4d, 0x54, 0x4d, 
	0x4b, 0x54, 0x4c, 0x43, 0x40, 0x41, 0x49, 0x48, 
	0x45, 0x57, 0x62, 0x6c, 0x77, 0x73, 0x7a, 0x7a, 
	0x71, 0x74, 0x6f, 0x5e, 0x57, 0x54, 0x5b, 0x4f, 
	0x43, 0x5e, 0x63, 0x63, 0x6a, 0x63, 0x6a, 0x63, 
	0x61, 0x6a, 0x62, 0x5a, 0x57, 0x58, 0x5f, 0x48, 
	0x45, 0x57, 0x62, 0x6c, 0x77, 0x73, 0x7a, 0x7a, 
	0x58, 0x51, 0x50, 0x4c, 0x45, 0x41, 0x4c, 0x3a, 
	0x2f, 0x42, 0x46, 0x50, 0x56, 0x4d, 0x42, 0x49, 
	0x4d, 0x49, 0x45, 0x48, 0x49, 0x3d, 0x49, 0x31, 
	0x37, 0x37, 0x42, 0x46, 0x4f, 0x58, 0x5f, 0x4f, 
	0x58, 0x51, 0x50, 0x4c, 0x45, 0x41, 0x4c, 0x3a, 
	0x2f, 0x42, 0x46, 0x50, 0x56, 0x4d, 0x42, 0x49, 
	0x4d, 0x49, 0x45, 0x48, 0x49, 0x3d, 0x49, 0x31, 
	0x37, 0x37, 0x42, 0x46, 0x4f, 0x58, 0x5f, 0x4f, 
	0x4c, 0x6a, 0x68, 0x71, 0x6c, 0x76, 0x77, 0x6c, 
	0x76, 0x62, 0x6c, 0x70, 0x78, 0x7c, 0x71, 0x4f, 
	0x48, 0x7d, 0x79, 0x78, 0x71, 0x7d, 0x7a, 0x6f, 
	0x78, 0x58, 0x6b, 0x6f, 0x86, 0x82, 0x86, 0x4a, 
	0x4c, 0x6a, 0x68, 0x71, 0x6c, 0x76, 0x77, 0x6c, 
	0x76, 0x62, 0x6c, 0x70, 0x78, 0x7c, 0x71, 0x4f, 
	0x48, 0x6d, 0x69, 0x68, 0x61, 0x6d, 0x6a, 0x5f, 
	0x68, 0x48, 0x5b, 0x5f, 0x77, 0x73, 0x77, 0x4a, 
	0x62, 0x68, 0x6f, 0x7f, 0x88, 0x7f, 0x7b, 0x6c, 
	0x6a, 0x5d, 0x6c, 0x71, 0x81, 0x82, 0x76, 0x49, 
	0x45, 0x73, 0x86, 0x8a, 0x8d, 0x85, 0x87, 0x8d, 
	0x7f, 0x6f, 0x78, 0x75, 0x83, 0x85, 0x86, 0x54, 
	0x62, 0x68, 0x6f, 0x7f, 0x88, 0x7f, 0x7b, 0x6c, 
	0x6a, 0x5d, 0x6c, 0x71, 0x81, 0x82, 0x76, 0x49, 
	0x45, 0x63, 0x77, 0x7b, 0x7e, 0x76, 0x78, 0x7e, 
	0x6f, 0x5f, 0x68, 0x65, 0x74, 0x76, 0x77, 0x54, 
	0x58, 0x69, 0x69, 0x7f, 0x78, 0x7f, 0x76, 0x74, 
	0x76, 0x6c, 0x77, 0x82, 0x7f, 0x7f, 0x70, 0x4d, 
	0x4a, 0x78, 0x87, 0x92, 0x87, 0x80, 0x87, 0x7a, 
	0x7a, 0x83, 0x7d, 0x80, 0x8d, 0x8e, 0x7f, 0x56, 
	0x58, 0x69, 0x69, 0x7f, 0x78, 0x7f, 0x76, 0x74, 
	0x76, 0x6c, 0x77, 0x82, 0x7f, 0x7f, 0x70, 0x4d, 
	0x4a, 0x68, 0x78, 0x82, 0x78, 0x71, 0x78, 0x6a, 
	0x6a, 0x74, 0x6d, 0x71, 0x7e, 0x7f, 0x6f, 0x56, 
	0x57, 0x6d, 0x6f, 0x87, 0x78, 0x6c, 0x74, 0x6d, 
	0x6c, 0x80, 0x81, 0x7a, 0x82, 0x7f, 0x62, 0x3f, 
	0x46, 0x76, 0x83, 0x89, 0x83, 0x83, 0x82, 0x7f, 
	0x7f, 0x83, 0x83, 0x8a, 0x83, 0x8d, 0x82, 0x53, 
	0x57, 0x6d, 0x6f, 0x87, 0x78, 0x6c, 0x74, 0x6d, 
	0x6c, 0x80, 0x81, 0x7a, 0x82, 0x7f, 0x62, 0x3f, 
	0x46, 0x66, 0x74, 0x7a, 0x74, 0x74, 0x73, 0x70, 
	0x6f, 0x74, 0x74, 0x7b, 0x74, 0x7e, 0x73, 0x53, 
	0x4f, 0x66, 0x7b, 0x7a, 0x73, 0x74, 0x77, 0x74, 
	0x6d, 0x78, 0x77, 0x78, 0x69, 0x69, 0x74, 0x46, 
	0x4d, 0x79, 0x7f, 0x85, 0x85, 0x8a, 0x87, 0x7f, 
	0x79, 0x85, 0x85, 0x7a, 0x76, 0x85, 0x86, 0x54, 
	0x4f, 0x66, 0x7b, 0x7a, 0x73, 0x74, 0x77, 0x74, 
	0x6d, 0x78, 0x77, 0x78, 0x69, 0x69, 0x74, 0x46, 
	0x4d, 0x69, 0x70, 0x76, 0x76, 0x7b, 0x78, 0x6f, 
	0x69, 0x76, 0x76, 0x6a, 0x66, 0x76, 0x77, 0x54, 
	0x42, 0x6d, 0x77, 0x70, 0x6c, 0x70, 0x7c, 0x71, 
	0x70, 0x74, 0x7a, 0x69, 0x70, 0x70, 0x76, 0x54, 
	0x49, 0x78, 0x82, 0x82, 0x80, 0x85, 0x89, 0x83, 
	0x7c, 0x7f, 0x85, 0x87, 0x86, 0x80, 0x83, 0x53, 
	0x42, 0x6d, 0x77, 0x70, 0x6c, 0x70, 0x7c, 0x71, 
	0x70, 0x74, 0x7a, 0x69, 0x70, 0x70, 0x76, 0x54, 
	0x49, 0x68, 0x73, 0x73, 0x71, 0x76, 0x7a, 0x74, 
	0x6c, 0x70, 0x76, 0x78, 0x77, 0x71, 0x74, 0x53, 
	0x51, 0x69, 0x6a, 0x70, 0x74, 0x7e, 0x77, 0x76, 
	0x70, 0x73, 0x76, 0x65, 0x68, 0x63, 0x6a, 0x4a, 
	0x49, 0x76, 0x7f, 0x8b, 0x85, 0x83, 0x85, 0x83, 
	0x7f, 0x76, 0x7d, 0x87, 0x97, 0x8e, 0x7d, 0x5d, 
	0x51, 0x69, 0x6a, 0x70, 0x74, 0x7e, 0x77, 0x76, 
	0x70, 0x73, 0x76, 0x65, 0x68, 0x63, 0x6a, 0x4a, 
	0x49, 0x66, 0x70, 0x7c, 0x76, 0x74, 0x76, 0x74, 
	0x70, 0x66, 0x6d, 0x78, 0x87, 0x7f, 0x6d, 0x5d, 
	0x3d, 0x4d, 0x49, 0x48, 0x48, 0x57, 0x56, 0x57, 
	0x61, 0x50, 0x54, 0x51, 0x53, 0x50, 0x53, 0x45, 
	0x3f, 0x4f, 0x53, 0x49, 0x48, 0x4c, 0x61, 0x63, 
	0x51, 0x4d, 0x4a, 0x4a, 0x54, 0x5a, 0x54, 0x46, 
	0x3d, 0x4d, 0x49, 0x48, 0x48, 0x57, 0x56, 0x57, 
	0x61, 0x50, 0x54, 0x51, 0x53, 0x50, 0x53, 0x45, 
	0x3f, 0x4f, 0x53, 0x49, 0x48, 0x4c, 0x61, 0x63, 
	0x51, 0x4d, 0x4a, 0x4a, 0x54, 0x5a, 0x54, 0x46, 
	0x53, 0x4d, 0x4c, 0x4d, 0x59, 0x5b, 0x4f, 0x4a, 
	0x4f, 0x6c, 0x62, 0x66, 0x73, 0x74, 0x7b, 0x6c, 
	0x6a, 0x77, 0x7a, 0x69, 0x73, 0x71, 0x70, 0x4d, 
	0x42, 0x63, 0x61, 0x5e, 0x74, 0x70, 0x70, 0x6a, 
	0x69, 0x63, 0x62, 0x63, 0x6f, 0x71, 0x65, 0x4a, 
	0x4f, 0x7c, 0x72, 0x76, 0x82, 0x83, 0x8a, 0x7c, 
	0x7a, 0x86, 0x89, 0x79, 0x82, 0x80, 0x7f, 0x4d, 
	0x42, 0x4d, 0x4b, 0x48, 0x5e, 0x5a, 0x5a, 0x54, 
	0x54, 0x5d, 0x57, 0x54, 0x5e, 0x60, 0x54, 0x51, 
	0x51, 0x71, 0x70, 0x71, 0x7a, 0x78, 0x78, 0x76, 
	0x7b, 0x7b, 0x80, 0x71, 0x7a, 0x7f, 0x77, 0x5b, 
	0x43, 0x68, 0x5d, 0x62, 0x6a, 0x69, 0x6f, 0x6f, 
	0x6a, 0x73, 0x6d, 0x6a, 0x74, 0x76, 0x6a, 0x51, 
	0x51, 0x80, 0x7f, 0x80, 0x89, 0x87, 0x87, 0x85, 
	0x8a, 0x8a, 0x90, 0x80, 0x89, 0x8e, 0x86, 0x5b, 
	0x43, 0x52, 0x47, 0x4c, 0x54, 0x53, 0x59, 0x59, 
	0x59, 0x62, 0x5e, 0x50, 0x50, 0x56, 0x56, 0x54, 
	0x4d, 0x73, 0x71, 0x6d, 0x78, 0x78, 0x6d, 0x63, 
	0x7b, 0x7c, 0x78, 0x73, 0x6c, 0x77, 0x81, 0x63, 
	0x4c, 0x66, 0x5e, 0x69, 0x6f, 0x69, 0x7a, 0x74, 
	0x6f, 0x78, 0x74, 0x66, 0x66, 0x6c, 0x6c, 0x54, 
	0x4d, 0x82, 0x80, 0x7d, 0x87, 0x87, 0x7d, 0x73, 
	0x8a, 0x8b, 0x87, 0x82, 0x7c, 0x86, 0x91, 0x63, 
	0x4c, 0x50, 0x48, 0x53, 0x59, 0x53, 0x64, 0x5e, 
	0x62, 0x5a, 0x5d, 0x53, 0x56, 0x56, 0x5b, 0x4f, 
	0x49, 0x63, 0x5f, 0x6c, 0x77, 0x7b, 0x85, 0x76, 
	0x6f, 0x82, 0x88, 0x76, 0x70, 0x6a, 0x6d, 0x54, 
	0x4a, 0x6c, 0x5f, 0x63, 0x68, 0x65, 0x77, 0x74, 
	0x78, 0x70, 0x73, 0x69, 0x6c, 0x6c, 0x71, 0x4f, 
	0x49, 0x73, 0x6f, 0x7c, 0x86, 0x8a, 0x95, 0x85, 
	0x7f, 0x92, 0x98, 0x85, 0x7f, 0x7a, 0x7d, 0x54, 
	0x4a, 0x56, 0x49, 0x4d, 0x52, 0x4f, 0x61, 0x5e, 
	0x4d, 0x56, 0x50, 0x4c, 0x57, 0x66, 0x53, 0x45, 
	0x41, 0x54, 0x5e, 0x56, 0x77, 0x7e, 0x85, 0x7e, 
	0x76, 0x74, 0x84, 0x74, 0x78, 0x6a, 0x6a, 0x4a, 
	0x49, 0x62, 0x63, 0x66, 0x66, 0x68, 0x76, 0x77, 
	0x63, 0x6c, 0x66, 0x62, 0x6d, 0x7c, 0x69, 0x45, 
	0x41, 0x64, 0x6e, 0x66, 0x86, 0x8d, 0x95, 0x8d, 
	0x85, 0x83, 0x94, 0x83, 0x87, 0x7a, 0x7a, 0x4a, 
	0x49, 0x4c, 0x4d, 0x50, 0x50, 0x52, 0x60, 0x61, 
	0x47, 0x48, 0x48, 0x53, 0x57, 0x56, 0x47, 0x4d, 
	0x51, 0x58, 0x6c, 0x74, 0x7c, 0x82, 0x6f, 0x6c, 
	0x6c, 0x7b, 0x70, 0x76, 0x70, 0x63, 0x5d, 0x43, 
	0x3f, 0x65, 0x6a, 0x6c, 0x68, 0x69, 0x78, 0x77, 
	0x5d, 0x5e, 0x5e, 0x69, 0x6d, 0x6c, 0x5d, 0x4d, 
	0x51, 0x68, 0x7c, 0x83, 0x8b, 0x92, 0x7f, 0x7c, 
	0x7c, 0x8a, 0x7f, 0x85, 0x7f, 0x73, 0x6d, 0x43, 
	0x3f, 0x4f, 0x54, 0x56, 0x52, 0x53, 0x62, 0x61, 
	0x53, 0x4d, 0x49, 0x43, 0x49, 0x50, 0x43, 0x53, 
	0x56, 0x78, 0x76, 0x77, 0x7c, 0x89, 0x71, 0x69, 
	0x7a, 0x70, 0x62, 0x68, 0x6f, 0x68, 0x56, 0x3f, 
	0x3a, 0x58, 0x5f, 0x65, 0x69, 0x66, 0x6a, 0x76, 
	0x69, 0x63, 0x5f, 0x5a, 0x5f, 0x66, 0x5a, 0x53, 
	0x56, 0x87, 0x85, 0x86, 0x8b, 0x99, 0x80, 0x79, 
	0x89, 0x7f, 0x72, 0x78, 0x7f, 0x78, 0x66, 0x3f, 
	0x3a, 0x41, 0x49, 0x4f, 0x53, 0x50, 0x54, 0x60, 
	0x4d, 0x4c, 0x4c, 0x46, 0x41, 0x41, 0x3a, 0x33, 
	0x3b, 0x4d, 0x5a, 0x53, 0x56, 0x56, 0x5d, 0x5e, 
	0x62, 0x5a, 0x4a, 0x4a, 0x4f, 0x4f, 0x3b, 0x37, 
	0x2c, 0x45, 0x46, 0x4a, 0x46, 0x53, 0x58, 0x54, 
	0x4d, 0x4c, 0x4c, 0x46, 0x41, 0x41, 0x3a, 0x33, 
	0x3b, 0x4d, 0x5a, 0x53, 0x56, 0x56, 0x5d, 0x5e, 
	0x62, 0x5a, 0x4a, 0x4a, 0x4f, 0x4f, 0x3b, 0x37, 
	0x2c, 0x45, 0x46, 0x4a, 0x46, 0x53, 0x58, 0x54, 
	0x43, 0x79, 0x75, 0x7a, 0x79, 0x78, 0x82, 0x7d, 
	0x7d, 0x83, 0x87, 0x85, 0x85, 0x89, 0x90, 0x54, 
	0x49, 0x62, 0x70, 0x69, 0x68, 0x6d, 0x69, 0x5a, 
	0x6d, 0x74, 0x74, 0x6d, 0x6f, 0x6d, 0x7b, 0x58, 
	0x43, 0x53, 0x4f, 0x54, 0x53, 0x52, 0x5d, 0x57, 
	0x57, 0x5e, 0x62, 0x60, 0x60, 0x64, 0x6b, 0x54, 
	0x49, 0x62, 0x70, 0x69, 0x68, 0x6d, 0x69, 0x5a, 
	0x6d, 0x74, 0x74, 0x6d, 0x6f, 0x6d, 0x7b, 0x58, 
	0x4c, 0x73, 0x78, 0x85, 0x83, 0x79, 0x83, 0x8e, 
	0x97, 0x89, 0x8a, 0x87, 0x98, 0x92, 0x8a, 0x62, 
	0x50, 0x6d, 0x65, 0x6d, 0x7a, 0x80, 0x6a, 0x6c, 
	0x7e, 0x7e, 0x7f, 0x7f, 0x76, 0x6c, 0x7a, 0x5e, 
	0x4c, 0x4d, 0x52, 0x60, 0x5e, 0x53, 0x5e, 0x69, 
	0x72, 0x64, 0x65, 0x62, 0x73, 0x6d, 0x65, 0x62, 
	0x50, 0x6d, 0x65, 0x6d, 0x7a, 0x80, 0x6a, 0x6c, 
	0x7e, 0x7e, 0x7f, 0x7f, 0x76, 0x6c, 0x7a, 0x5e, 
	0x4f, 0x71, 0x7a, 0x8a, 0x82, 0x7d, 0x73, 0x86, 
	0x8e, 0x82, 0x7d, 0x82, 0x94, 0x94, 0x98, 0x65, 
	0x53, 0x6c, 0x6a, 0x74, 0x76, 0x68, 0x69, 0x76, 
	0x7f, 0x7c, 0x74, 0x7c, 0x76, 0x73, 0x74, 0x54, 
	0x4f, 0x4b, 0x54, 0x65, 0x5d, 0x57, 0x4d, 0x61, 
	0x69, 0x5d, 0x57, 0x5d, 0x6f, 0x6f, 0x73, 0x65, 
	0x53, 0x6c, 0x6a, 0x74, 0x76, 0x68, 0x69, 0x76, 
	0x7f, 0x7c, 0x74, 0x7c, 0x76, 0x73, 0x74, 0x54, 
	0x4a, 0x7a, 0x75, 0x85, 0x85, 0x85, 0x73, 0x82, 
	0x78, 0x82, 0x83, 0x7f, 0x8d, 0x87, 0x95, 0x58, 
	0x4a, 0x6a, 0x71, 0x7c, 0x7a, 0x6c, 0x7b, 0x80, 
	0x7e, 0x7a, 0x66, 0x61, 0x74, 0x77, 0x76, 0x4f, 
	0x4a, 0x54, 0x4f, 0x60, 0x60, 0x60, 0x4d, 0x5d, 
	0x52, 0x5d, 0x5e, 0x5a, 0x68, 0x62, 0x70, 0x58, 
	0x4a, 0x6a, 0x71, 0x7c, 0x7a, 0x6c, 0x7b, 0x80, 
	0x7e, 0x7a, 0x66, 0x61, 0x74, 0x77, 0x76, 0x4f, 
	0x43, 0x80, 0x6e, 0x85, 0x8b, 0x7f, 0x8b, 0x82, 
	0x89, 0x87, 0x82, 0x8a, 0x95, 0x94, 0x97, 0x50, 
	0x4a, 0x6a, 0x6f, 0x77, 0x71, 0x71, 0x78, 0x6a, 
	0x6f, 0x78, 0x6c, 0x6a, 0x71, 0x65, 0x73, 0x4d, 
	0x43, 0x5b, 0x48, 0x60, 0x66, 0x59, 0x66, 0x5d, 
	0x64, 0x62, 0x5d, 0x65, 0x70, 0x6f, 0x72, 0x50, 
	0x4a, 0x6a, 0x6f, 0x77, 0x71, 0x71, 0x78, 0x6a, 
	0x6f, 0x78, 0x6c, 0x6a, 0x71, 0x65, 0x73, 0x4d, 
	0x49, 0x7a, 0x79, 0x7a, 0x86, 0x82, 0x8d, 0x85, 
	0x7f, 0x7d, 0x7d, 0x85, 0x86, 0x7f, 0x82, 0x5a, 
	0x54, 0x74, 0x6d, 0x70, 0x6a, 0x56, 0x69, 0x69, 
	0x62, 0x69, 0x6d, 0x69, 0x63, 0x65, 0x66, 0x54, 
	0x49, 0x54, 0x53, 0x54, 0x61, 0x5d, 0x68, 0x60, 
	0x5a, 0x57, 0x57, 0x60, 0x61, 0x5a, 0x5d, 0x5a, 
	0x54, 0x74, 0x6d, 0x70, 0x6a, 0x56, 0x69, 0x69, 
	0x62, 0x69, 0x6d, 0x69, 0x63, 0x65, 0x66, 0x54, 
	0x48, 0x75, 0x6f, 0x7a, 0x7f, 0x83, 0x7f, 0x7d, 
	0x7a, 0x78, 0x80, 0x76, 0x80, 0x80, 0x87, 0x50, 
	0x4d, 0x69, 0x68, 0x74, 0x6c, 0x61, 0x69, 0x68, 
	0x66, 0x6a, 0x66, 0x62, 0x5a, 0x6a, 0x69, 0x66, 
	0x48, 0x4f, 0x49, 0x54, 0x59, 0x5e, 0x59, 0x57, 
	0x54, 0x52, 0x5b, 0x50, 0x5b, 0x5b, 0x62, 0x50, 
	0x4d, 0x69, 0x68, 0x74, 0x6c, 0x61, 0x69, 0x68, 
	0x66, 0x6a, 0x66, 0x62, 0x5a, 0x6a, 0x69, 0x66, 
	0x28, 0x3d, 0x3e, 0x49, 0x4f, 0x51, 0x4d, 0x54, 
	0x54, 0x51, 0x58, 0x46, 0x4d, 0x51, 0x57, 0x3d, 
	0x41, 0x5b, 0x54, 0x54, 0x4a, 0x50, 0x48, 0x45, 
	0x51, 0x58, 0x48, 0x4c, 0x4f, 0x53, 0x5f, 0x50, 
	0x28, 0x3d, 0x3e, 0x49, 0x4f, 0x51, 0x4d, 0x54, 
	0x54, 0x51, 0x58, 0x46, 0x4d, 0x51, 0x57, 0x3d, 
	0x41, 0x5b, 0x54, 0x54, 0x4a, 0x50, 0x48, 0x45, 
	0x51, 0x58, 0x48, 0x4c, 0x4f, 0x53, 0x5f, 0x50, 
	
};

Gfx castle_grounds_dl_RMGP01_416f6a32_14_64x64__brodute__i4_aligner[] = {gsSPEndDisplayList()};
u8 castle_grounds_dl_RMGP01_416f6a32_14_64x64__brodute__i4[] = {
	0xdd, 0xcb, 0xbb, 0xbb, 0xcc, 0xcc, 0xcc, 0xcc, 
	0xdc, 0xdd, 0xcd, 0xdc, 0xbb, 0xcb, 0xbd, 0xdc, 
	0x76, 0x77, 0x65, 0x56, 0x66, 0x87, 0x87, 0x55, 
	0x66, 0x44, 0x44, 0x44, 0x45, 0x55, 0x54, 0x46, 
	0xbb, 0xcc, 0xbb, 0xbb, 0xbb, 0xbc, 0xbc, 0xcc, 
	0xcc, 0xdc, 0xcc, 0xcc, 0xcb, 0xbb, 0xcd, 0xcb, 
	0x56, 0x77, 0x56, 0x66, 0x66, 0x68, 0x77, 0x55, 
	0x54, 0x44, 0x44, 0x54, 0x44, 0x44, 0x43, 0x57, 
	0xba, 0xcc, 0xbb, 0xbb, 0xbb, 0xba, 0xbc, 0xcc, 
	0xcc, 0xdd, 0xcc, 0xcb, 0xbb, 0xbc, 0xbc, 0xcc, 
	0x57, 0x77, 0x66, 0x66, 0x66, 0x66, 0x77, 0x75, 
	0x54, 0x44, 0x45, 0x54, 0x44, 0x45, 0x55, 0x45, 
	0xbb, 0xbc, 0xcc, 0xbb, 0xbb, 0xbb, 0xbb, 0xbb, 
	0xcc, 0xdc, 0xcb, 0xbb, 0xbb, 0xcb, 0xbd, 0xcc, 
	0x64, 0x67, 0x66, 0x65, 0x56, 0x65, 0x77, 0x76, 
	0x54, 0x44, 0x46, 0x55, 0x45, 0x45, 0x55, 0x44, 
	0xcb, 0xcc, 0xcd, 0xcb, 0xbb, 0xbb, 0xbb, 0xbb, 
	0xbc, 0xcb, 0xcc, 0xdb, 0xbc, 0xcb, 0xbb, 0xbc, 
	0x54, 0x56, 0x77, 0x66, 0x55, 0x66, 0x67, 0x67, 
	0x55, 0x44, 0x45, 0x55, 0x55, 0x45, 0x44, 0x34, 
	0xcc, 0xcc, 0xcc, 0xcb, 0xbb, 0xbb, 0xbb, 0xbb, 
	0xab, 0xbb, 0xcd, 0xdd, 0xdd, 0xcb, 0xbc, 0xbb, 
	0x54, 0x45, 0x77, 0x66, 0x54, 0x56, 0x66, 0x56, 
	0x76, 0x54, 0x45, 0x54, 0x44, 0x45, 0x43, 0x34, 
	0xcb, 0xcd, 0xdc, 0xcb, 0xbb, 0xcc, 0xbb, 0xbc, 
	0x8b, 0xcb, 0xbc, 0xdd, 0xdd, 0xcc, 0xbb, 0xbb, 
	0x64, 0x44, 0x77, 0x76, 0x54, 0x56, 0x56, 0x54, 
	0x44, 0x44, 0x56, 0x65, 0x44, 0x56, 0x33, 0x34, 
	0xbc, 0xcc, 0xcc, 0xcc, 0xbb, 0xbc, 0xcb, 0xbc, 
	0x8a, 0xbb, 0xcc, 0xdd, 0xdc, 0xcb, 0xbb, 0xbb, 
	0x76, 0x55, 0x68, 0x75, 0x54, 0x55, 0x55, 0x54, 
	0x44, 0x45, 0x55, 0x44, 0x44, 0x44, 0x44, 0x34, 
	0xbb, 0xbc, 0xcc, 0xcb, 0xbb, 0xbb, 0xbb, 0xcc, 
	0x8a, 0xbc, 0xdd, 0xdd, 0xcc, 0xcb, 0xcc, 0xcb, 
	0x66, 0x55, 0x57, 0x75, 0x55, 0x44, 0x54, 0x66, 
	0x44, 0x44, 0x44, 0x44, 0x44, 0x43, 0x34, 0x34, 
	0xbc, 0xcc, 0xcc, 0xcb, 0xbb, 0xbc, 0xbb, 0xcb, 
	0x79, 0xbc, 0xdd, 0xdc, 0xcb, 0xbb, 0xcc, 0xcc, 
	0x54, 0x44, 0x45, 0x75, 0x55, 0x44, 0x44, 0x46, 
	0x64, 0x44, 0x54, 0x44, 0x44, 0x54, 0x33, 0x45, 
	0xbc, 0xcc, 0xcc, 0xca, 0xbc, 0xbb, 0xbb, 0xcb, 
	0xa8, 0xac, 0xdd, 0xdc, 0xcc, 0xcc, 0xcc, 0xcb, 
	0x54, 0x44, 0x55, 0x66, 0x55, 0x54, 0x44, 0x44, 
	0x74, 0x44, 0x44, 0x44, 0x44, 0x55, 0x43, 0x45, 
	0xbb, 0xbb, 0xcc, 0xcb, 0xbb, 0xbc, 0xbc, 0xba, 
	0xa9, 0xbc, 0xcd, 0xcb, 0xbc, 0xcc, 0xcc, 0xcc, 
	0x55, 0x54, 0x55, 0x66, 0x55, 0x55, 0x44, 0x44, 
	0x56, 0x54, 0x44, 0x44, 0x44, 0x44, 0x43, 0x45, 
	0xbb, 0xbb, 0xbc, 0xcc, 0xbb, 0xbb, 0xbb, 0xaa, 
	0xba, 0x9b, 0xcd, 0xbb, 0xcc, 0xcc, 0xcd, 0xdc, 
	0x55, 0x55, 0x65, 0x56, 0x56, 0x55, 0x55, 0x55, 
	0x44, 0x65, 0x55, 0x44, 0x45, 0x44, 0x44, 0x45, 
	0xbb, 0xbb, 0xbc, 0xcc, 0xcb, 0xcb, 0xbb, 0xba, 
	0xbb, 0xa9, 0xbc, 0xcc, 0xdd, 0xcc, 0xdd, 0xdc, 
	0x65, 0x65, 0x66, 0x68, 0x66, 0x55, 0x56, 0x65, 
	0x54, 0x55, 0x55, 0x54, 0x55, 0x44, 0x45, 0x55, 
	0xcc, 0xcc, 0xbb, 0xbc, 0xbb, 0xaa, 0xaa, 0xab, 
	0xab, 0xba, 0x99, 0xcc, 0xcc, 0xcd, 0xdd, 0xcc, 
	0x66, 0x66, 0x66, 0x67, 0x75, 0x55, 0x55, 0x66, 
	0x55, 0x66, 0x65, 0x55, 0x65, 0x45, 0x44, 0x45, 
	0xcc, 0xcc, 0xbc, 0xaa, 0x99, 0xa9, 0xa9, 0x9a, 
	0xbb, 0xba, 0xba, 0x9b, 0xaa, 0xcc, 0xcc, 0xcc, 
	0x66, 0x66, 0x67, 0x77, 0x86, 0x45, 0x55, 0x55, 
	0x54, 0x66, 0x76, 0x65, 0x66, 0x54, 0x44, 0x45, 
	0xcc, 0xcc, 0xcc, 0xcc, 0xbb, 0xaa, 0xaa, 0xaa, 
	0xab, 0xbb, 0xbb, 0xbb, 0xbb, 0xcc, 0xcb, 0xbb, 
	0x66, 0x66, 0x67, 0x66, 0x76, 0x55, 0x56, 0x55, 
	0x66, 0x54, 0x67, 0x65, 0x66, 0x55, 0x44, 0x45, 
	0xcb, 0xdd, 0xcc, 0xcc, 0xcc, 0xcb, 0xaa, 0xaa, 
	0xab, 0xbb, 0xab, 0xcd, 0xdd, 0xcd, 0xcc, 0xbb, 
	0x66, 0x66, 0x66, 0x66, 0x66, 0x45, 0x55, 0x54, 
	0x46, 0x55, 0x57, 0x66, 0x55, 0x56, 0x45, 0x55, 
	0xdc, 0xdc, 0xcc, 0xcc, 0xbb, 0xcd, 0xca, 0xa9, 
	0xab, 0xba, 0xab, 0xcd, 0xdd, 0xdd, 0xcc, 0xbb, 
	0x75, 0x77, 0x65, 0x55, 0x54, 0x55, 0x55, 0x45, 
	0x54, 0x45, 0x56, 0x76, 0x54, 0x45, 0x55, 0x55, 
	0xdd, 0xbc, 0xcd, 0xcb, 0xbb, 0xbc, 0xdc, 0xaa, 
	0x99, 0x8a, 0xcb, 0xcd, 0xdd, 0xdd, 0xcc, 0xbb, 
	0x76, 0x66, 0x65, 0x55, 0x55, 0x57, 0x55, 0x44, 
	0x44, 0x44, 0x55, 0x66, 0x54, 0x44, 0x46, 0x55, 
	0xdd, 0xcc, 0xcd, 0xcc, 0xbb, 0xbb, 0xcd, 0xca, 
	0x98, 0x7a, 0xbb, 0xcb, 0xcd, 0xcd, 0xcb, 0xbb, 
	0x67, 0x55, 0x55, 0x54, 0x66, 0x67, 0x75, 0x43, 
	0x44, 0x55, 0x56, 0x66, 0x44, 0x54, 0x45, 0x55, 
	0xdd, 0xdc, 0xcc, 0xcc, 0xcb, 0xbb, 0xbc, 0xdb, 
	0x97, 0x9a, 0xbb, 0xcc, 0xcd, 0xcc, 0xbc, 0xcc, 
	0x66, 0x55, 0x66, 0x55, 0x66, 0x66, 0x75, 0x43, 
	0x45, 0x55, 0x55, 0x66, 0x55, 0x54, 0x35, 0x55, 
	0xdd, 0xdd, 0xcb, 0xcc, 0xcc, 0xcb, 0xbb, 0xdc, 
	0x88, 0xbb, 0xbb, 0xdc, 0xdd, 0xdc, 0xcc, 0xcc, 
	0x65, 0x65, 0x56, 0x65, 0x56, 0x66, 0x66, 0x54, 
	0x56, 0x55, 0x66, 0x66, 0x55, 0x75, 0x34, 0x45, 
	0xcc, 0xdd, 0xdc, 0xcb, 0xcc, 0xcb, 0xbb, 0xcd, 
	0x8a, 0xbc, 0xbc, 0xcc, 0xdd, 0xdd, 0xdd, 0xcc, 
	0x66, 0x56, 0x56, 0x55, 0x44, 0x54, 0x56, 0x76, 
	0x54, 0x55, 0x55, 0x56, 0x65, 0x65, 0x44, 0x45, 
	0xdd, 0xdd, 0xdd, 0xcc, 0xdc, 0xcc, 0xbb, 0xcd, 
	0x9b, 0xbb, 0xbb, 0xbc, 0xdd, 0xcc, 0xcc, 0xcc, 
	0x66, 0x55, 0x65, 0x56, 0x55, 0x55, 0x56, 0x77, 
	0x65, 0x65, 0x54, 0x45, 0x65, 0x54, 0x44, 0x44, 
	0xdc, 0xdd, 0xdd, 0xcc, 0xcc, 0xcc, 0xcc, 0xcd, 
	0xac, 0xbb, 0xcc, 0xdd, 0xcc, 0xcc, 0xcc, 0xdc, 
	0x66, 0x56, 0x65, 0x66, 0x55, 0x55, 0x66, 0x67, 
	0x86, 0x76, 0x64, 0x45, 0x65, 0x44, 0x44, 0x45, 
	0xdd, 0xcd, 0xdd, 0xcc, 0xcc, 0xcc, 0xcc, 0xcd, 
	0xcc, 0xcb, 0xdd, 0xdc, 0xbc, 0xcc, 0xcc, 0xcd, 
	0x65, 0x66, 0x76, 0x55, 0x56, 0x66, 0x66, 0x77, 
	0x88, 0x66, 0x75, 0x34, 0x56, 0x44, 0x44, 0x55, 
	0xcc, 0xcc, 0xcc, 0xbc, 0xbc, 0xcc, 0xcc, 0xcc, 
	0xbc, 0xbc, 0xcd, 0xdc, 0xcc, 0xcb, 0xbc, 0xbc, 
	0x66, 0x76, 0x77, 0x55, 0x55, 0x66, 0x76, 0x56, 
	0x78, 0x87, 0x76, 0x43, 0x56, 0x44, 0x45, 0x55, 
	0xdc, 0xcc, 0xcb, 0xbc, 0xbc, 0xcc, 0xcd, 0xdc, 
	0xcc, 0xbc, 0xcc, 0xcc, 0xdc, 0xcb, 0xbc, 0xbb, 
	0x66, 0x67, 0x66, 0x66, 0x56, 0x65, 0x66, 0x66, 
	0x67, 0x87, 0x76, 0x44, 0x45, 0x54, 0x55, 0x55, 
	0xdc, 0xcb, 0xcb, 0xbc, 0xbc, 0xcb, 0xcc, 0xcc, 
	0xcb, 0xcc, 0xcc, 0xcb, 0xcb, 0xcc, 0xbb, 0xbc, 
	0x75, 0x66, 0x67, 0x66, 0x67, 0x76, 0x66, 0x65, 
	0x56, 0x78, 0x77, 0x56, 0x55, 0x54, 0x55, 0x55, 
	0xdc, 0xcc, 0xcb, 0xbb, 0xcb, 0xbc, 0xcc, 0xcc, 
	0xcc, 0xbc, 0xcc, 0xcb, 0xcb, 0xbb, 0xba, 0xbc, 
	0x65, 0x66, 0x66, 0x66, 0x67, 0x66, 0x65, 0x55, 
	0x55, 0x67, 0x66, 0x77, 0x55, 0x45, 0x54, 0x44, 
	0xcc, 0xcc, 0xcc, 0xbb, 0xbb, 0xbb, 0xcc, 0xcc, 
	0xcc, 0xcc, 0xdd, 0xcb, 0xcb, 0xbc, 0xbc, 0xcc, 
	0x77, 0x76, 0x66, 0x76, 0x67, 0x87, 0x65, 0x55, 
	0x66, 0x56, 0x66, 0x78, 0x66, 0x55, 0x65, 0x66, 
	0x66, 0x66, 0x55, 0x56, 0x65, 0x66, 0x65, 0x55, 
	0x56, 0x77, 0x77, 0x65, 0x66, 0x67, 0x77, 0x78, 
	0xcc, 0xbb, 0xcc, 0xcc, 0xcd, 0xdc, 0xdc, 0xcc, 
	0xcb, 0xbb, 0xcc, 0xcc, 0xcc, 0xcc, 0xbb, 0xcc, 
	0x75, 0x65, 0x54, 0x46, 0x55, 0x65, 0x55, 0x44, 
	0x44, 0x56, 0x55, 0x44, 0x44, 0x55, 0x66, 0x68, 
	0xcc, 0xcc, 0xcc, 0xcc, 0xcc, 0xdd, 0xdd, 0xcc, 
	0xcb, 0xbb, 0xcc, 0xcb, 0xcc, 0xcc, 0xcc, 0xcd, 
	0x65, 0x65, 0x55, 0x55, 0x56, 0x76, 0x55, 0x44, 
	0x44, 0x55, 0x44, 0x44, 0x44, 0x46, 0x66, 0x66, 
	0xcc, 0xcb, 0xcc, 0xcb, 0xcb, 0xcc, 0xcc, 0xcc, 
	0xbb, 0xbb, 0xbb, 0xba, 0xbb, 0xcc, 0xcc, 0xdd, 
	0x65, 0x45, 0x45, 0x54, 0x67, 0x76, 0x55, 0x44, 
	0x44, 0x44, 0x44, 0x44, 0x45, 0x56, 0x66, 0x66, 
	0xcc, 0xbb, 0xab, 0xcb, 0xbb, 0xbc, 0xbb, 0xcb, 
	0xbb, 0xbb, 0xba, 0xaa, 0xaa, 0xbb, 0xbc, 0xcd, 
	0x65, 0x55, 0x65, 0x56, 0x66, 0x65, 0x54, 0x45, 
	0x54, 0x44, 0x45, 0x54, 0x45, 0x55, 0x66, 0x67, 
	0xcc, 0xcb, 0xdd, 0xdd, 0xcd, 0xdd, 0xdd, 0xdd, 
	0xdd, 0xdd, 0xdd, 0xcc, 0xdd, 0xdd, 0xbb, 0xbc, 
	0x65, 0x56, 0x65, 0x55, 0x55, 0x55, 0x45, 0x45, 
	0x44, 0x44, 0x44, 0x55, 0x45, 0x55, 0x56, 0x77, 
	0xdc, 0xbb, 0xdc, 0xcd, 0xcb, 0xbc, 0xcc, 0xcc, 
	0xcc, 0xcc, 0xcb, 0xbb, 0xcc, 0xcd, 0xaa, 0xbb, 
	0x66, 0x66, 0x66, 0x55, 0x55, 0x55, 0x45, 0x44, 
	0x44, 0x44, 0x45, 0x55, 0x55, 0x54, 0x56, 0x77, 
	0xcc, 0xbb, 0xdc, 0xcc, 0xcb, 0xab, 0xcc, 0xcb, 
	0xbc, 0xcc, 0xcc, 0xbc, 0xcc, 0xbd, 0xaa, 0xbb, 
	0x66, 0x67, 0x77, 0x66, 0x55, 0x55, 0x54, 0x44, 
	0x55, 0x44, 0x44, 0x44, 0x45, 0x55, 0x46, 0x68, 
	0xdc, 0xbb, 0xdd, 0xdd, 0xdb, 0xbb, 0xbc, 0xcb, 
	0xbc, 0xcc, 0xcc, 0xbb, 0xbb, 0xbd, 0xaa, 0xbb, 
	0x67, 0x77, 0x75, 0x56, 0x55, 0x55, 0x55, 0x44, 
	0x35, 0x44, 0x55, 0x44, 0x54, 0x54, 0x56, 0x78, 
	0xdd, 0xbb, 0xdd, 0xdc, 0xcb, 0xbc, 0xbc, 0xcc, 
	0xbc, 0xcc, 0xcc, 0xcc, 0xbb, 0xbc, 0xaa, 0xbb, 
	0x77, 0x78, 0x76, 0x56, 0x55, 0x54, 0x45, 0x54, 
	0x44, 0x44, 0x44, 0x44, 0x45, 0x54, 0x56, 0x77, 
	0xdc, 0xbb, 0xdc, 0xcb, 0xbb, 0xbc, 0xbc, 0xcc, 
	0xcb, 0xcb, 0xbb, 0xbb, 0xbb, 0xbd, 0xab, 0xcb, 
	0x77, 0x77, 0x76, 0x66, 0x56, 0x55, 0x56, 0x44, 
	0x44, 0x54, 0x45, 0x65, 0x54, 0x56, 0x65, 0x56, 
	0xcc, 0xca, 0xdc, 0xcb, 0xbb, 0xab, 0xcc, 0xcc, 
	0xbb, 0xbb, 0xbb, 0xbb, 0xbb, 0xcd, 0xab, 0xcc, 
	0x78, 0x76, 0x67, 0x65, 0x55, 0x55, 0x55, 0x45, 
	0x54, 0x55, 0x55, 0x56, 0x54, 0x56, 0x65, 0x46, 
	0xcc, 0xca, 0xdc, 0xcb, 0xbb, 0xbb, 0xcc, 0xcb, 
	0xbb, 0xbb, 0xbb, 0xbb, 0xab, 0xcd, 0xab, 0xcc, 
	0x77, 0x77, 0x66, 0x45, 0x56, 0x65, 0x55, 0x54, 
	0x45, 0x45, 0x54, 0x55, 0x44, 0x55, 0x76, 0x56, 
	0xcb, 0xbb, 0xdc, 0xbb, 0xba, 0xbb, 0xcb, 0xbb, 
	0xaa, 0xbb, 0xbb, 0xba, 0xab, 0xcd, 0xac, 0xcc, 
	0x77, 0x76, 0x64, 0x45, 0x56, 0x56, 0x55, 0x55, 
	0x55, 0x54, 0x45, 0x55, 0x45, 0x55, 0x67, 0x66, 
	0xcc, 0xbb, 0xdc, 0xcb, 0xba, 0xbb, 0xcc, 0xbb, 
	0xab, 0xbb, 0xbb, 0xaa, 0xaa, 0xbd, 0xab, 0xcc, 
	0x66, 0x66, 0x55, 0x55, 0x65, 0x56, 0x76, 0x54, 
	0x54, 0x55, 0x54, 0x45, 0x55, 0x55, 0x55, 0x66, 
	0xcc, 0xba, 0xcc, 0xbb, 0xbb, 0xbc, 0xbb, 0xab, 
	0xaa, 0xbb, 0xbb, 0xaa, 0xbb, 0xbd, 0xbb, 0xbc, 
	0x66, 0x55, 0x56, 0x55, 0x66, 0x55, 0x55, 0x77, 
	0x54, 0x45, 0x65, 0x66, 0x55, 0x66, 0x55, 0x57, 
	0xbb, 0xaa, 0xdc, 0xcc, 0xbb, 0xcc, 0xbb, 0xb9, 
	0xaa, 0xbb, 0xbb, 0xaa, 0xbb, 0xcd, 0xbb, 0xbb, 
	0x76, 0x56, 0x55, 0x55, 0x56, 0x54, 0x44, 0x56, 
	0x65, 0x45, 0x55, 0x66, 0x55, 0x56, 0x64, 0x67, 
	0xcb, 0xaa, 0xdc, 0xcc, 0xbb, 0xcc, 0xcb, 0xba, 
	0xab, 0xbb, 0xbb, 0xba, 0xbb, 0xcd, 0xbb, 0xbb, 
	0x55, 0x55, 0x65, 0x55, 0x45, 0x55, 0x44, 0x55, 
	0x55, 0x55, 0x56, 0x55, 0x66, 0x66, 0x75, 0x76, 
	0xcb, 0xaa, 0xdc, 0xcc, 0xbb, 0xcc, 0xbb, 0xca, 
	0xbb, 0xaa, 0xbb, 0xbb, 0xbc, 0xcd, 0xbb, 0xbb, 
	0x44, 0x44, 0x65, 0x54, 0x45, 0x55, 0x44, 0x45, 
	0x55, 0x65, 0x66, 0x56, 0x66, 0x45, 0x66, 0x67, 
	0xcb, 0xaa, 0xdc, 0xcc, 0xcb, 0xcc, 0xbc, 0xcb, 
	0xbb, 0xbb, 0xbb, 0xbc, 0xbc, 0xcd, 0xbb, 0xbb, 
	0x44, 0x44, 0x55, 0x55, 0x45, 0x54, 0x44, 0x55, 
	0x65, 0x66, 0x65, 0x44, 0x56, 0x65, 0x77, 0x77, 
	0xbb, 0xaa, 0xdc, 0xcc, 0xbc, 0xcc, 0xcc, 0xcc, 
	0xbb, 0xcb, 0xbb, 0xcb, 0xcb, 0xcd, 0xbb, 0xbb, 
	0x44, 0x56, 0x55, 0x54, 0x45, 0x54, 0x44, 0x55, 
	0x56, 0x66, 0x65, 0x55, 0x55, 0x67, 0x76, 0x67, 
	0xba, 0xaa, 0xdc, 0xcb, 0xbc, 0xcb, 0xbc, 0xcd, 
	0xcb, 0xbb, 0xcb, 0xcb, 0xcc, 0xcd, 0xbb, 0xbb, 
	0x45, 0x56, 0x55, 0x54, 0x45, 0x44, 0x44, 0x55, 
	0x55, 0x55, 0x55, 0x55, 0x44, 0x66, 0x66, 0x67, 
	0xaa, 0xaa, 0xdc, 0xcc, 0xcc, 0xbb, 0xcc, 0xcc, 
	0xcc, 0xcc, 0xbb, 0xcb, 0xbc, 0xbd, 0xbb, 0xbb, 
	0x44, 0x56, 0x65, 0x44, 0x44, 0x44, 0x55, 0x55, 
	0x55, 0x66, 0x55, 0x55, 0x44, 0x45, 0x66, 0x67, 
	0xcb, 0xab, 0xdd, 0xcc, 0xdd, 0xbc, 0xcc, 0xcc, 
	0xcb, 0xbb, 0xcc, 0xbb, 0xbc, 0xbc, 0xab, 0xbb, 
	0x45, 0x55, 0x54, 0x44, 0x44, 0x55, 0x55, 0x54, 
	0x45, 0x75, 0x55, 0x45, 0x45, 0x45, 0x67, 0x66, 
	0xcc, 0xbb, 0xdd, 0xcd, 0xcd, 0xcc, 0xcc, 0xcb, 
	0xbb, 0xba, 0xbb, 0xcc, 0xcc, 0xbc, 0xab, 0xcb, 
	0x55, 0x44, 0x55, 0x44, 0x45, 0x55, 0x44, 0x44, 
	0x55, 0x56, 0x54, 0x55, 0x45, 0x55, 0x46, 0x77, 
	0xbc, 0xcb, 0xdd, 0xcd, 0xcd, 0xdc, 0xcc, 0xbb, 
	0xbb, 0xbb, 0xbb, 0xbb, 0xcc, 0xbc, 0xab, 0xcb, 
	0x55, 0x55, 0x55, 0x54, 0x55, 0x55, 0x44, 0x54, 
	0x55, 0x45, 0x66, 0x54, 0x45, 0x56, 0x66, 0x67, 
	0xcc, 0xcb, 0xdd, 0xdc, 0xdc, 0xdd, 0xcc, 0xcb, 
	0xbb, 0xbc, 0xdb, 0xbb, 0xcc, 0xcc, 0xbb, 0xab, 
	0x55, 0x55, 0x44, 0x45, 0x56, 0x55, 0x54, 0x54, 
	0x44, 0x55, 0x67, 0x65, 0x54, 0x45, 0x55, 0x56, 
	0xcc, 0xcb, 0xdd, 0xcc, 0xcd, 0xdd, 0xcc, 0xcc, 
	0xcb, 0xcd, 0xcc, 0xbb, 0xcc, 0xcd, 0xbc, 0xab, 
	0x65, 0x55, 0x55, 0x55, 0x55, 0x55, 0x44, 0x45, 
	0x56, 0x66, 0x66, 0x56, 0x55, 0x55, 0x45, 0x67, 
	0xcc, 0xcc, 0xed, 0xdd, 0xdd, 0xdd, 0xdd, 0xdd, 
	0xdd, 0xdd, 0xdd, 0xcc, 0xdd, 0xdd, 0xac, 0xcb, 
	0x54, 0x66, 0x55, 0x45, 0x65, 0x56, 0x55, 0x55, 
	0x55, 0x66, 0x66, 0x55, 0x54, 0x56, 0x66, 0x56, 
	0xcc, 0xcc, 0xaa, 0xbb, 0xab, 0xbc, 0xcb, 0xbb, 
	0xab, 0xab, 0xba, 0xaa, 0xbb, 0xbb, 0xab, 0xcc, 
	0x55, 0x66, 0x55, 0x45, 0x65, 0x66, 0x65, 0x55, 
	0x45, 0x66, 0x66, 0x55, 0x55, 0x56, 0x65, 0x56, 
	0xcd, 0xdb, 0xba, 0xac, 0xbb, 0xbc, 0xcb, 0xbb, 
	0xbb, 0xbb, 0xba, 0xab, 0xbb, 0xbb, 0xbc, 0xcc, 
	0x66, 0x64, 0x55, 0x56, 0x65, 0x66, 0x64, 0x54, 
	0x44, 0x56, 0x66, 0x66, 0x55, 0x55, 0x44, 0x56, 
	0xbc, 0xbc, 0xab, 0xaa, 0xcb, 0xbc, 0xdb, 0xbb, 
	0xbb, 0xbc, 0xbb, 0xbb, 0xcc, 0xcb, 0xbb, 0xbd, 
	0x87, 0x65, 0x55, 0x57, 0x76, 0x66, 0x65, 0x65, 
	0x55, 0x56, 0x66, 0x66, 0x55, 0x55, 0x45, 0x56, 
	0xcb, 0xbc, 0xbb, 0xbb, 0xbc, 0xcd, 0xdd, 0xcb, 
	0xbc, 0xbc, 0xcc, 0xcb, 0xbc, 0xcb, 0xbc, 0xcd, 
	
};

Gfx castle_grounds_dl_wall00_n_alb_64x64_i4_aligner[] = {gsSPEndDisplayList()};
u8 castle_grounds_dl_wall00_n_alb_64x64_i4[] = {
	0x33, 0x33, 0x34, 0x44, 0x44, 0x44, 0x44, 0x44, 
	0x44, 0x44, 0x44, 0x45, 0x55, 0x54, 0x44, 0x44, 
	0x44, 0x44, 0x44, 0x55, 0x55, 0x44, 0x44, 0x44, 
	0x44, 0x44, 0x44, 0x44, 0x44, 0x43, 0x33, 0x33, 
	0x33, 0x33, 0x44, 0x44, 0x44, 0x44, 0x44, 0x44, 
	0x44, 0x44, 0x45, 0x55, 0x55, 0x44, 0x44, 0x55, 
	0x54, 0x44, 0x44, 0x45, 0x55, 0x54, 0x44, 0x44, 
	0x44, 0x44, 0x44, 0x44, 0x44, 0x44, 0x33, 0x33, 
	0x33, 0x34, 0x44, 0x44, 0x44, 0x44, 0x44, 0x44, 
	0x44, 0x44, 0x55, 0x55, 0x44, 0x44, 0x44, 0x55, 
	0x55, 0x44, 0x44, 0x44, 0x55, 0x55, 0x44, 0x44, 
	0x44, 0x44, 0x44, 0x44, 0x44, 0x44, 0x43, 0x33, 
	0x33, 0x44, 0x44, 0x44, 0x44, 0x44, 0x44, 0x44, 
	0x44, 0x44, 0x55, 0x54, 0x44, 0x44, 0x55, 0x55, 
	0x55, 0x54, 0x44, 0x44, 0x45, 0x55, 0x54, 0x44, 
	0x44, 0x44, 0x44, 0x44, 0x44, 0x44, 0x44, 0x43, 
	0x34, 0x44, 0x44, 0x44, 0x44, 0x44, 0x44, 0x44, 
	0x44, 0x45, 0x55, 0x44, 0x44, 0x45, 0x55, 0x55, 
	0x55, 0x55, 0x44, 0x44, 0x44, 0x55, 0x54, 0x44, 
	0x44, 0x44, 0x44, 0x44, 0x44, 0x44, 0x44, 0x43, 
	0x44, 0x44, 0x44, 0x44, 0x44, 0x44, 0x44, 0x44, 
	0x44, 0x55, 0x54, 0x44, 0x44, 0x55, 0x55, 0x56, 
	0x65, 0x55, 0x54, 0x44, 0x44, 0x55, 0x55, 0x44, 
	0x44, 0x44, 0x44, 0x44, 0x44, 0x44, 0x44, 0x44, 
	0x44, 0x44, 0x44, 0x44, 0x44, 0x44, 0x44, 0x44, 
	0x55, 0x55, 0x44, 0x44, 0x44, 0x55, 0x55, 0x66, 
	0x66, 0x55, 0x55, 0x44, 0x44, 0x44, 0x55, 0x54, 
	0x44, 0x44, 0x44, 0x44, 0x44, 0x44, 0x44, 0x44, 
	0x44, 0x44, 0x44, 0x44, 0x44, 0x44, 0x44, 0x45, 
	0x55, 0x54, 0x44, 0x44, 0x55, 0x55, 0x56, 0x76, 
	0x66, 0x65, 0x55, 0x54, 0x44, 0x44, 0x45, 0x55, 
	0x44, 0x44, 0x44, 0x44, 0x44, 0x44, 0x44, 0x44, 
	0x44, 0x44, 0x44, 0x44, 0x44, 0x44, 0x44, 0x55, 
	0x55, 0x54, 0x44, 0x45, 0x55, 0x55, 0x66, 0x76, 
	0x66, 0x66, 0x55, 0x55, 0x44, 0x44, 0x44, 0x55, 
	0x54, 0x44, 0x44, 0x44, 0x44, 0x44, 0x44, 0x44, 
	0x44, 0x44, 0x44, 0x44, 0x44, 0x44, 0x45, 0x55, 
	0x54, 0x44, 0x44, 0x55, 0x55, 0x56, 0x66, 0x66, 
	0x66, 0x66, 0x65, 0x55, 0x54, 0x44, 0x44, 0x45, 
	0x55, 0x54, 0x44, 0x44, 0x44, 0x44, 0x44, 0x44, 
	0x44, 0x44, 0x44, 0x44, 0x44, 0x44, 0x45, 0x55, 
	0x44, 0x44, 0x44, 0x55, 0x55, 0x66, 0x67, 0x65, 
	0x56, 0x76, 0x66, 0x55, 0x55, 0x44, 0x44, 0x44, 
	0x55, 0x55, 0x44, 0x44, 0x44, 0x44, 0x44, 0x44, 
	0x44, 0x44, 0x44, 0x44, 0x44, 0x45, 0x55, 0x54, 
	0x44, 0x44, 0x45, 0x55, 0x56, 0x66, 0x66, 0x55, 
	0x55, 0x66, 0x66, 0x65, 0x55, 0x54, 0x44, 0x44, 
	0x45, 0x55, 0x54, 0x44, 0x44, 0x44, 0x44, 0x44, 
	0x44, 0x44, 0x44, 0x44, 0x44, 0x45, 0x55, 0x44, 
	0x44, 0x45, 0x55, 0x55, 0x66, 0x66, 0x65, 0x55, 
	0x55, 0x56, 0x66, 0x66, 0x55, 0x55, 0x44, 0x44, 
	0x45, 0x55, 0x55, 0x44, 0x44, 0x44, 0x44, 0x44, 
	0x44, 0x44, 0x44, 0x44, 0x45, 0x45, 0x55, 0x44, 
	0x44, 0x45, 0x55, 0x56, 0x66, 0x66, 0x55, 0x55, 
	0x55, 0x55, 0x66, 0x66, 0x65, 0x55, 0x54, 0x44, 
	0x44, 0x45, 0x55, 0x54, 0x44, 0x44, 0x44, 0x44, 
	0x44, 0x44, 0x44, 0x44, 0x55, 0x55, 0x54, 0x44, 
	0x44, 0x55, 0x55, 0x66, 0x66, 0x65, 0x55, 0x55, 
	0x55, 0x55, 0x56, 0x66, 0x66, 0x55, 0x55, 0x44, 
	0x44, 0x44, 0x55, 0x55, 0x44, 0x44, 0x44, 0x44, 
	0x44, 0x44, 0x44, 0x44, 0x55, 0x55, 0x44, 0x44, 
	0x55, 0x55, 0x56, 0x76, 0x66, 0x55, 0x55, 0x55, 
	0x55, 0x55, 0x55, 0x66, 0x66, 0x65, 0x55, 0x54, 
	0x44, 0x44, 0x45, 0x55, 0x44, 0x44, 0x44, 0x44, 
	0x44, 0x44, 0x44, 0x55, 0x55, 0x44, 0x44, 0x44, 
	0x55, 0x55, 0x66, 0x66, 0x65, 0x55, 0x55, 0x54, 
	0x45, 0x55, 0x55, 0x56, 0x66, 0x66, 0x55, 0x55, 
	0x44, 0x44, 0x45, 0x55, 0x55, 0x44, 0x44, 0x44, 
	0x44, 0x44, 0x44, 0x55, 0x55, 0x44, 0x44, 0x45, 
	0x55, 0x56, 0x66, 0x76, 0x55, 0x55, 0x55, 0x54, 
	0x44, 0x55, 0x55, 0x55, 0x66, 0x66, 0x65, 0x55, 
	0x54, 0x44, 0x44, 0x45, 0x55, 0x44, 0x44, 0x44, 
	0x44, 0x44, 0x45, 0x55, 0x44, 0x44, 0x44, 0x55, 
	0x55, 0x66, 0x66, 0x65, 0x55, 0x55, 0x45, 0x44, 
	0x55, 0x54, 0x55, 0x55, 0x56, 0x66, 0x66, 0x55, 
	0x55, 0x44, 0x44, 0x44, 0x55, 0x55, 0x44, 0x44, 
	0x44, 0x44, 0x55, 0x54, 0x44, 0x44, 0x55, 0x55, 
	0x56, 0x66, 0x66, 0x55, 0x55, 0x54, 0x44, 0x54, 
	0x54, 0x44, 0x45, 0x55, 0x55, 0x66, 0x66, 0x65, 
	0x55, 0x54, 0x44, 0x44, 0x45, 0x55, 0x54, 0x44, 
	0x44, 0x45, 0x55, 0x44, 0x44, 0x45, 0x55, 0x55, 
	0x66, 0x66, 0x65, 0x55, 0x55, 0x54, 0x44, 0x55, 
	0x54, 0x44, 0x45, 0x55, 0x55, 0x56, 0x66, 0x66, 
	0x55, 0x55, 0x54, 0x44, 0x44, 0x55, 0x55, 0x44, 
	0x44, 0x55, 0x55, 0x44, 0x44, 0x45, 0x55, 0x56, 
	0x66, 0x66, 0x55, 0x55, 0x54, 0x44, 0x45, 0x45, 
	0x44, 0x55, 0x54, 0x45, 0x55, 0x55, 0x66, 0x66, 
	0x65, 0x55, 0x54, 0x44, 0x44, 0x45, 0x55, 0x44, 
	0x55, 0x55, 0x44, 0x44, 0x45, 0x55, 0x55, 0x66, 
	0x66, 0x65, 0x55, 0x55, 0x54, 0x54, 0x45, 0x44, 
	0x44, 0x45, 0x44, 0x45, 0x55, 0x55, 0x56, 0x66, 
	0x66, 0x55, 0x55, 0x44, 0x44, 0x44, 0x55, 0x54, 
	0x55, 0x54, 0x44, 0x44, 0x45, 0x55, 0x56, 0x66, 
	0x66, 0x55, 0x55, 0x54, 0x54, 0x44, 0x55, 0x44, 
	0x44, 0x54, 0x55, 0x55, 0x55, 0x55, 0x55, 0x66, 
	0x67, 0x65, 0x55, 0x54, 0x44, 0x44, 0x45, 0x55, 
	0x55, 0x44, 0x44, 0x45, 0x55, 0x55, 0x66, 0x66, 
	0x65, 0x55, 0x55, 0x54, 0x54, 0x54, 0x54, 0x44, 
	0x44, 0x55, 0x44, 0x54, 0x54, 0x55, 0x55, 0x56, 
	0x66, 0x66, 0x55, 0x55, 0x54, 0x44, 0x44, 0x55, 
	0x54, 0x44, 0x44, 0x55, 0x55, 0x56, 0x66, 0x66, 
	0x55, 0x55, 0x55, 0x44, 0x55, 0x44, 0x45, 0x55, 
	0x55, 0x54, 0x44, 0x54, 0x54, 0x55, 0x55, 0x55, 
	0x66, 0x67, 0x65, 0x55, 0x54, 0x44, 0x44, 0x45, 
	0x44, 0x44, 0x45, 0x55, 0x55, 0x66, 0x66, 0x65, 
	0x55, 0x55, 0x54, 0x45, 0x45, 0x45, 0x55, 0x55, 
	0x55, 0x55, 0x44, 0x54, 0x54, 0x44, 0x55, 0x55, 
	0x56, 0x67, 0x66, 0x55, 0x55, 0x44, 0x44, 0x44, 
	0x44, 0x44, 0x55, 0x55, 0x56, 0x66, 0x66, 0x55, 
	0x55, 0x55, 0x44, 0x55, 0x45, 0x45, 0x55, 0x54, 
	0x45, 0x55, 0x54, 0x44, 0x45, 0x54, 0x55, 0x55, 
	0x55, 0x67, 0x76, 0x65, 0x55, 0x55, 0x44, 0x44, 
	0x44, 0x44, 0x55, 0x55, 0x66, 0x66, 0x65, 0x55, 
	0x55, 0x54, 0x44, 0x55, 0x54, 0x55, 0x55, 0x53, 
	0x45, 0x55, 0x55, 0x44, 0x55, 0x44, 0x54, 0x55, 
	0x55, 0x56, 0x66, 0x66, 0x55, 0x55, 0x44, 0x44, 
	0x44, 0x55, 0x55, 0x56, 0x66, 0x66, 0x55, 0x55, 
	0x54, 0x45, 0x44, 0x55, 0x44, 0x55, 0x55, 0x43, 
	0x33, 0x55, 0x55, 0x44, 0x44, 0x45, 0x55, 0x55, 
	0x55, 0x55, 0x66, 0x66, 0x65, 0x55, 0x54, 0x44, 
	0x44, 0x55, 0x55, 0x66, 0x66, 0x65, 0x55, 0x55, 
	0x54, 0x44, 0x44, 0x45, 0x55, 0x55, 0x54, 0x33, 
	0x33, 0x44, 0x55, 0x54, 0x54, 0x55, 0x55, 0x45, 
	0x55, 0x55, 0x56, 0x66, 0x66, 0x55, 0x55, 0x44, 
	0x45, 0x55, 0x56, 0x66, 0x66, 0x55, 0x55, 0x55, 
	0x45, 0x45, 0x54, 0x44, 0x55, 0x55, 0x44, 0x34, 
	0x43, 0x33, 0x55, 0x55, 0x55, 0x54, 0x44, 0x45, 
	0x45, 0x55, 0x55, 0x66, 0x66, 0x65, 0x55, 0x54, 
	0x45, 0x55, 0x56, 0x66, 0x66, 0x55, 0x55, 0x55, 
	0x55, 0x45, 0x44, 0x45, 0x45, 0x55, 0x43, 0x34, 
	0x33, 0x44, 0x55, 0x55, 0x55, 0x54, 0x55, 0x54, 
	0x45, 0x55, 0x55, 0x66, 0x66, 0x65, 0x55, 0x54, 
	0x45, 0x55, 0x55, 0x67, 0x67, 0x65, 0x55, 0x55, 
	0x44, 0x54, 0x55, 0x55, 0x45, 0x55, 0x53, 0x33, 
	0x44, 0x45, 0x55, 0x54, 0x44, 0x44, 0x54, 0x45, 
	0x55, 0x55, 0x56, 0x66, 0x66, 0x55, 0x55, 0x44, 
	0x44, 0x45, 0x55, 0x56, 0x67, 0x66, 0x55, 0x55, 
	0x55, 0x45, 0x45, 0x45, 0x45, 0x55, 0x54, 0x44, 
	0x34, 0x55, 0x55, 0x54, 0x54, 0x44, 0x44, 0x55, 
	0x55, 0x55, 0x66, 0x66, 0x65, 0x55, 0x54, 0x44, 
	0x44, 0x44, 0x55, 0x55, 0x66, 0x66, 0x65, 0x55, 
	0x55, 0x54, 0x44, 0x55, 0x54, 0x55, 0x55, 0x53, 
	0x35, 0x55, 0x55, 0x45, 0x54, 0x45, 0x55, 0x55, 
	0x55, 0x56, 0x66, 0x66, 0x55, 0x55, 0x44, 0x44, 
	0x44, 0x44, 0x45, 0x55, 0x56, 0x76, 0x66, 0x55, 
	0x55, 0x55, 0x44, 0x54, 0x54, 0x55, 0x55, 0x55, 
	0x55, 0x55, 0x54, 0x55, 0x54, 0x44, 0x55, 0x55, 
	0x55, 0x66, 0x66, 0x65, 0x55, 0x54, 0x44, 0x44, 
	0x54, 0x44, 0x44, 0x55, 0x55, 0x66, 0x66, 0x65, 
	0x55, 0x55, 0x44, 0x45, 0x54, 0x45, 0x55, 0x55, 
	0x55, 0x55, 0x54, 0x44, 0x54, 0x45, 0x55, 0x55, 
	0x56, 0x77, 0x66, 0x55, 0x55, 0x44, 0x44, 0x44, 
	0x54, 0x44, 0x44, 0x45, 0x55, 0x56, 0x66, 0x66, 
	0x55, 0x55, 0x54, 0x54, 0x54, 0x54, 0x54, 0x55, 
	0x55, 0x55, 0x45, 0x45, 0x45, 0x55, 0x55, 0x55, 
	0x66, 0x66, 0x65, 0x55, 0x54, 0x44, 0x44, 0x45, 
	0x55, 0x44, 0x44, 0x44, 0x55, 0x55, 0x66, 0x66, 
	0x65, 0x55, 0x55, 0x45, 0x55, 0x45, 0x55, 0x45, 
	0x44, 0x54, 0x44, 0x45, 0x44, 0x55, 0x55, 0x56, 
	0x66, 0x66, 0x55, 0x55, 0x44, 0x44, 0x44, 0x55, 
	0x55, 0x55, 0x44, 0x44, 0x45, 0x55, 0x56, 0x66, 
	0x66, 0x55, 0x55, 0x55, 0x44, 0x45, 0x44, 0x54, 
	0x54, 0x54, 0x44, 0x45, 0x55, 0x55, 0x55, 0x66, 
	0x66, 0x65, 0x55, 0x54, 0x44, 0x44, 0x55, 0x55, 
	0x45, 0x55, 0x44, 0x44, 0x45, 0x55, 0x55, 0x66, 
	0x66, 0x65, 0x55, 0x55, 0x54, 0x45, 0x44, 0x55, 
	0x45, 0x45, 0x44, 0x45, 0x55, 0x55, 0x56, 0x66, 
	0x66, 0x55, 0x55, 0x44, 0x44, 0x45, 0x55, 0x54, 
	0x44, 0x55, 0x54, 0x44, 0x44, 0x45, 0x55, 0x56, 
	0x66, 0x66, 0x55, 0x55, 0x55, 0x45, 0x54, 0x44, 
	0x44, 0x55, 0x54, 0x55, 0x55, 0x55, 0x66, 0x66, 
	0x65, 0x55, 0x55, 0x44, 0x44, 0x55, 0x55, 0x44, 
	0x44, 0x45, 0x55, 0x44, 0x44, 0x44, 0x55, 0x55, 
	0x66, 0x66, 0x65, 0x55, 0x55, 0x54, 0x44, 0x44, 
	0x45, 0x55, 0x55, 0x55, 0x55, 0x56, 0x66, 0x66, 
	0x55, 0x55, 0x44, 0x44, 0x45, 0x55, 0x55, 0x44, 
	0x44, 0x44, 0x55, 0x55, 0x44, 0x44, 0x45, 0x55, 
	0x56, 0x76, 0x66, 0x55, 0x55, 0x55, 0x44, 0x55, 
	0x44, 0x54, 0x45, 0x55, 0x55, 0x66, 0x66, 0x65, 
	0x55, 0x54, 0x44, 0x44, 0x45, 0x55, 0x54, 0x44, 
	0x44, 0x44, 0x55, 0x55, 0x44, 0x44, 0x44, 0x55, 
	0x55, 0x66, 0x66, 0x65, 0x55, 0x55, 0x55, 0x45, 
	0x45, 0x45, 0x55, 0x55, 0x56, 0x66, 0x66, 0x55, 
	0x55, 0x44, 0x44, 0x44, 0x55, 0x55, 0x44, 0x44, 
	0x44, 0x44, 0x45, 0x55, 0x55, 0x44, 0x44, 0x45, 
	0x55, 0x56, 0x66, 0x66, 0x55, 0x55, 0x55, 0x54, 
	0x55, 0x55, 0x55, 0x55, 0x66, 0x67, 0x65, 0x55, 
	0x54, 0x44, 0x44, 0x45, 0x55, 0x54, 0x44, 0x44, 
	0x44, 0x44, 0x44, 0x55, 0x55, 0x44, 0x44, 0x44, 
	0x55, 0x55, 0x66, 0x66, 0x65, 0x55, 0x55, 0x44, 
	0x44, 0x55, 0x55, 0x56, 0x66, 0x66, 0x55, 0x55, 
	0x44, 0x44, 0x44, 0x55, 0x55, 0x44, 0x44, 0x44, 
	0x44, 0x44, 0x44, 0x45, 0x55, 0x54, 0x44, 0x44, 
	0x45, 0x55, 0x56, 0x66, 0x66, 0x55, 0x55, 0x55, 
	0x45, 0x55, 0x55, 0x66, 0x66, 0x65, 0x55, 0x54, 
	0x44, 0x44, 0x45, 0x55, 0x44, 0x44, 0x44, 0x44, 
	0x44, 0x44, 0x44, 0x44, 0x45, 0x55, 0x54, 0x44, 
	0x44, 0x55, 0x55, 0x66, 0x66, 0x65, 0x55, 0x55, 
	0x55, 0x55, 0x56, 0x66, 0x66, 0x55, 0x55, 0x44, 
	0x44, 0x44, 0x55, 0x54, 0x44, 0x44, 0x44, 0x44, 
	0x44, 0x44, 0x44, 0x44, 0x44, 0x55, 0x54, 0x44, 
	0x44, 0x45, 0x55, 0x56, 0x76, 0x76, 0x55, 0x55, 
	0x55, 0x55, 0x66, 0x66, 0x65, 0x55, 0x54, 0x44, 
	0x44, 0x45, 0x55, 0x54, 0x44, 0x44, 0x44, 0x44, 
	0x44, 0x44, 0x44, 0x44, 0x44, 0x55, 0x55, 0x44, 
	0x44, 0x44, 0x55, 0x55, 0x66, 0x66, 0x65, 0x55, 
	0x55, 0x56, 0x66, 0x66, 0x55, 0x55, 0x44, 0x44, 
	0x44, 0x55, 0x54, 0x44, 0x44, 0x44, 0x44, 0x44, 
	0x44, 0x44, 0x44, 0x44, 0x44, 0x45, 0x55, 0x54, 
	0x44, 0x44, 0x45, 0x55, 0x56, 0x66, 0x66, 0x55, 
	0x55, 0x66, 0x66, 0x65, 0x55, 0x54, 0x44, 0x44, 
	0x45, 0x55, 0x54, 0x44, 0x44, 0x44, 0x44, 0x44, 
	0x44, 0x44, 0x44, 0x44, 0x44, 0x44, 0x55, 0x55, 
	0x54, 0x44, 0x44, 0x55, 0x55, 0x66, 0x66, 0x65, 
	0x56, 0x66, 0x66, 0x55, 0x55, 0x44, 0x44, 0x45, 
	0x55, 0x55, 0x44, 0x44, 0x44, 0x44, 0x44, 0x44, 
	0x44, 0x44, 0x44, 0x44, 0x44, 0x44, 0x44, 0x55, 
	0x54, 0x44, 0x44, 0x45, 0x55, 0x56, 0x66, 0x66, 
	0x67, 0x66, 0x65, 0x55, 0x55, 0x44, 0x44, 0x55, 
	0x55, 0x54, 0x44, 0x44, 0x44, 0x44, 0x44, 0x44, 
	0x44, 0x44, 0x44, 0x44, 0x44, 0x44, 0x44, 0x45, 
	0x55, 0x44, 0x44, 0x45, 0x55, 0x55, 0x66, 0x66, 
	0x66, 0x66, 0x55, 0x55, 0x44, 0x44, 0x44, 0x55, 
	0x55, 0x44, 0x44, 0x44, 0x44, 0x44, 0x44, 0x44, 
	0x44, 0x44, 0x44, 0x44, 0x44, 0x44, 0x44, 0x45, 
	0x55, 0x54, 0x44, 0x44, 0x45, 0x55, 0x56, 0x66, 
	0x66, 0x65, 0x55, 0x54, 0x44, 0x44, 0x45, 0x55, 
	0x54, 0x44, 0x44, 0x44, 0x44, 0x44, 0x44, 0x44, 
	0x44, 0x44, 0x44, 0x44, 0x44, 0x44, 0x44, 0x44, 
	0x55, 0x55, 0x44, 0x44, 0x45, 0x55, 0x55, 0x66, 
	0x66, 0x55, 0x55, 0x54, 0x44, 0x44, 0x55, 0x55, 
	0x44, 0x44, 0x44, 0x44, 0x44, 0x44, 0x44, 0x44, 
	0x44, 0x44, 0x44, 0x44, 0x44, 0x44, 0x44, 0x44, 
	0x44, 0x55, 0x55, 0x44, 0x44, 0x45, 0x55, 0x56, 
	0x65, 0x55, 0x55, 0x44, 0x44, 0x45, 0x55, 0x44, 
	0x44, 0x44, 0x44, 0x44, 0x44, 0x44, 0x44, 0x44, 
	0x44, 0x44, 0x44, 0x44, 0x44, 0x44, 0x44, 0x44, 
	0x44, 0x45, 0x55, 0x44, 0x44, 0x44, 0x55, 0x55, 
	0x55, 0x55, 0x44, 0x44, 0x44, 0x55, 0x55, 0x44, 
	0x44, 0x44, 0x44, 0x44, 0x44, 0x44, 0x44, 0x43, 
	0x33, 0x44, 0x44, 0x44, 0x44, 0x44, 0x44, 0x44, 
	0x44, 0x45, 0x55, 0x54, 0x44, 0x44, 0x55, 0x55, 
	0x55, 0x54, 0x44, 0x44, 0x45, 0x55, 0x54, 0x44, 
	0x44, 0x44, 0x44, 0x44, 0x44, 0x44, 0x44, 0x33, 
	0x33, 0x44, 0x44, 0x44, 0x44, 0x44, 0x44, 0x44, 
	0x44, 0x44, 0x55, 0x55, 0x44, 0x44, 0x44, 0x55, 
	0x55, 0x44, 0x44, 0x45, 0x55, 0x54, 0x44, 0x44, 
	0x44, 0x44, 0x44, 0x44, 0x44, 0x44, 0x43, 0x33, 
	0x33, 0x33, 0x44, 0x44, 0x44, 0x44, 0x44, 0x44, 
	0x44, 0x44, 0x44, 0x55, 0x54, 0x44, 0x44, 0x45, 
	0x55, 0x44, 0x44, 0x45, 0x55, 0x54, 0x44, 0x44, 
	0x44, 0x44, 0x44, 0x44, 0x44, 0x44, 0x43, 0x33, 
	0x33, 0x33, 0x34, 0x44, 0x44, 0x44, 0x44, 0x44, 
	0x44, 0x44, 0x44, 0x45, 0x55, 0x44, 0x44, 0x44, 
	0x44, 0x44, 0x45, 0x55, 0x55, 0x44, 0x44, 0x44, 
	0x44, 0x44, 0x44, 0x44, 0x44, 0x43, 0x33, 0x33, 
	
};

Gfx castle_grounds_dl_SUPER_MARIO_64_6069E288_0_2_all_i8_aligner[] = {gsSPEndDisplayList()};
u8 castle_grounds_dl_SUPER_MARIO_64_6069E288_0_2_all_i8[] = {
	0x93, 0x89, 0x81, 0x80, 0x81, 0x81, 0x83, 0x8a, 
	0x91, 0x92, 0x92, 0x92, 0x92, 0x8a, 0x83, 0x81, 
	0x81, 0x81, 0x81, 0x81, 0x89, 0x8a, 0x91, 0x8b, 
	0x89, 0x83, 0x81, 0x81, 0x81, 0x81, 0x83, 0x9a, 
	0x92, 0x89, 0x83, 0x81, 0x81, 0x83, 0x89, 0x8a, 
	0x92, 0x92, 0x92, 0x92, 0x92, 0x8b, 0x89, 0x83, 
	0x81, 0x81, 0x81, 0x89, 0x8a, 0x8b, 0x91, 0x91, 
	0x8a, 0x89, 0x83, 0x81, 0x81, 0x83, 0x89, 0x9a, 
	0x9a, 0x91, 0x89, 0x81, 0x81, 0x81, 0x81, 0x89, 
	0x8a, 0x92, 0x93, 0x92, 0x8a, 0x89, 0x81, 0x81, 
	0x81, 0x81, 0x89, 0x8a, 0x8b, 0x92, 0x92, 0x8a, 
	0x89, 0x81, 0x81, 0x81, 0x81, 0x89, 0x91, 0x9b, 
	0x91, 0x89, 0x81, 0x81, 0x80, 0x80, 0x80, 0x81, 
	0x89, 0x8a, 0x91, 0x92, 0x91, 0x8a, 0x89, 0x81, 
	0x81, 0x81, 0x81, 0x83, 0x89, 0x8a, 0x92, 0x8b, 
	0x8a, 0x89, 0x81, 0x81, 0x81, 0x81, 0x89, 0x92, 
	0x93, 0x8b, 0x83, 0x80, 0x78, 0x78, 0x7a, 0x81, 
	0x89, 0x8b, 0x91, 0x92, 0x92, 0x91, 0x89, 0x81, 
	0x80, 0x80, 0x81, 0x89, 0x8b, 0x8a, 0x92, 0x92, 
	0x91, 0x89, 0x81, 0x81, 0x81, 0x83, 0x89, 0x92, 
	0xcd, 0xc3, 0xb4, 0xac, 0xab, 0xab, 0xac, 0xac, 
	0xb4, 0xbb, 0xbb, 0xb5, 0xb4, 0xac, 0xac, 0xac, 
	0xab, 0xac, 0xb4, 0xb4, 0xb4, 0xb4, 0xb4, 0xac, 
	0xb3, 0xb3, 0xb3, 0xac, 0xab, 0xb4, 0xc3, 0xc6, 
	0xce, 0xac, 0x9b, 0x8b, 0x89, 0x89, 0x91, 0x9b, 
	0xac, 0xad, 0xac, 0xab, 0xab, 0x9b, 0x9b, 0xa4, 
	0xa4, 0xac, 0xac, 0xad, 0xa4, 0xb4, 0xab, 0xa4, 
	0x9b, 0x9b, 0x91, 0x8a, 0x89, 0xab, 0xd4, 0xcd, 
	0x67, 0x67, 0x67, 0x67, 0x67, 0x67, 0x67, 0x67, 
	0x67, 0x67, 0x67, 0x67, 0x67, 0x67, 0x67, 0x67, 
	0x67, 0x67, 0x67, 0x67, 0x67, 0x67, 0x67, 0x67, 
	0x67, 0x67, 0x67, 0x67, 0x67, 0x67, 0x67, 0x67, 
	0x6f, 0x7a, 0x6f, 0x72, 0x78, 0x6f, 0x6f, 0xa5, 
	0x67, 0x8b, 0x80, 0x80, 0x83, 0x83, 0x6f, 0x8b, 
	0x67, 0x78, 0x78, 0x88, 0x78, 0x6f, 0x6f, 0x9a, 
	0x6f, 0x80, 0x7a, 0x80, 0x67, 0x93, 0x6f, 0xa2, 
	0xb3, 0x6f, 0x78, 0x6f, 0x6f, 0x6f, 0xa4, 0xad, 
	0xac, 0x67, 0x80, 0x78, 0x78, 0x6f, 0x8b, 0xa2, 
	0xb4, 0x6f, 0x99, 0x78, 0x78, 0x6f, 0xab, 0x9a, 
	0x83, 0x67, 0x80, 0x80, 0x80, 0x67, 0xac, 0xac, 
	0xb4, 0xb3, 0x6f, 0x6f, 0x6f, 0x99, 0x9b, 0xa4, 
	0xb4, 0xbd, 0x67, 0x81, 0x6f, 0x89, 0xa2, 0xa2, 
	0xa5, 0xa2, 0x6f, 0x78, 0x67, 0xab, 0xab, 0x9a, 
	0x9a, 0x9b, 0x6f, 0x9b, 0x6f, 0xcc, 0xac, 0x9b, 
	0xb4, 0xa4, 0xb3, 0x6f, 0x8b, 0x99, 0x99, 0xac, 
	0xb5, 0xbd, 0xbb, 0x67, 0x89, 0x9b, 0x9b, 0xa2, 
	0xa5, 0xa4, 0xac, 0x6f, 0xc6, 0xab, 0xa5, 0xa5, 
	0xa2, 0xa4, 0xab, 0x6f, 0xad, 0xc5, 0xcd, 0xac, 
	0x67, 0x67, 0x67, 0x67, 0x67, 0x67, 0x67, 0x67, 
	0x67, 0x67, 0x67, 0x67, 0x67, 0x67, 0x67, 0x67, 
	0x67, 0x67, 0x67, 0x67, 0x67, 0x67, 0x67, 0x67, 
	0x67, 0x67, 0x67, 0x67, 0x67, 0x67, 0x67, 0x67, 
	0xc6, 0xbc, 0xad, 0xa4, 0xa2, 0xa2, 0xab, 0xab, 
	0xb4, 0xbc, 0xc5, 0xb5, 0xb3, 0xad, 0xb3, 0xad, 
	0xb5, 0xc3, 0xb4, 0xb5, 0xb4, 0xbd, 0xbb, 0xb3, 
	0xb3, 0xb3, 0xb4, 0xb5, 0xb5, 0xbb, 0xc3, 0xc6, 
	0x79, 0x5f, 0x56, 0x56, 0x55, 0x4e, 0x4e, 0x55, 
	0x56, 0x56, 0x56, 0x55, 0x55, 0x4e, 0x55, 0x55, 
	0x55, 0x55, 0x55, 0x56, 0x55, 0x55, 0x55, 0x55, 
	0x55, 0x55, 0x55, 0x56, 0x55, 0x56, 0x5e, 0x67, 
	0x90, 0x76, 0x6e, 0x67, 0x60, 0x5e, 0x60, 0x66, 
	0x69, 0x69, 0x69, 0x67, 0x66, 0x60, 0x66, 0x66, 
	0x67, 0x67, 0x67, 0x69, 0x67, 0x6f, 0x67, 0x67, 
	0x60, 0x66, 0x60, 0x66, 0x67, 0x6f, 0x71, 0x80, 
	0xd6, 0xde, 0xd6, 0xd6, 0xd6, 0xd6, 0xd6, 0xde, 
	0xde, 0xde, 0xde, 0xde, 0xde, 0xdc, 0xc6, 0xd6, 
	0xdc, 0xdd, 0xdc, 0xde, 0xde, 0xe7, 0xde, 0xdc, 
	0xd6, 0xd6, 0xc6, 0xd6, 0xdc, 0xdc, 0xde, 0xd6, 
	0xb5, 0xbb, 0xb3, 0xab, 0xaa, 0xa2, 0xab, 0xac, 
	0xbb, 0xb5, 0xbb, 0xb3, 0xb3, 0xac, 0xbb, 0xbb, 
	0xbb, 0xbc, 0xbd, 0xbd, 0xbd, 0xc3, 0xc5, 0xbd, 
	0xb4, 0xac, 0xab, 0xa2, 0xbc, 0xc3, 0xc5, 0xb4, 
	0xab, 0xa2, 0xa2, 0x92, 0x92, 0x89, 0x79, 0x89, 
	0x9a, 0x9a, 0x8f, 0x92, 0x89, 0x99, 0x9b, 0x9b, 
	0x9c, 0x9c, 0xa4, 0xa4, 0xab, 0xac, 0xb3, 0xab, 
	0x9a, 0x91, 0x8f, 0x83, 0xa4, 0x9b, 0xa2, 0xa2, 
	0xa4, 0xa2, 0x9a, 0x92, 0x99, 0x8a, 0x87, 0x89, 
	0x93, 0x92, 0x88, 0x81, 0x81, 0x99, 0x9b, 0xa2, 
	0xa2, 0xa4, 0xa4, 0xa4, 0xa4, 0xa4, 0xac, 0xa4, 
	0x9a, 0x92, 0x8f, 0x99, 0x91, 0x9b, 0x9a, 0xa2, 
	0xab, 0xa4, 0x9b, 0x9a, 0x9a, 0x92, 0x8a, 0x91, 
	0x9a, 0x9a, 0x92, 0x81, 0x92, 0x99, 0x9b, 0x9b, 
	0x9b, 0xa4, 0xa4, 0xa4, 0xaa, 0xab, 0xac, 0xa4, 
	0xa2, 0x92, 0x92, 0x9a, 0x89, 0x9a, 0xab, 0xa2, 
	0xbd, 0xb4, 0xa4, 0x9b, 0x9a, 0x9a, 0x99, 0x9b, 
	0xa2, 0xa4, 0xa2, 0x99, 0x9b, 0x93, 0x9a, 0xa2, 
	0xa4, 0xa2, 0xa2, 0xa4, 0xa4, 0xab, 0xac, 0xa4, 
	0xa2, 0x9a, 0x9a, 0x89, 0xa4, 0x93, 0xb4, 0xbb, 
	0xc5, 0xb5, 0xa4, 0x9a, 0x91, 0x9a, 0x9b, 0x9a, 
	0xa2, 0xab, 0xa4, 0xa4, 0x9a, 0x99, 0x9b, 0xa2, 
	0xa2, 0xa4, 0x9b, 0xa4, 0xa4, 0xa4, 0xab, 0xa4, 
	0x9b, 0x99, 0x89, 0x81, 0xa2, 0xac, 0x99, 0xc5, 
	0xc5, 0xb5, 0xa4, 0x9b, 0x91, 0x99, 0x9b, 0x93, 
	0xa2, 0x99, 0xac, 0xa4, 0x9b, 0x99, 0x9a, 0xa2, 
	0xa4, 0x9b, 0x9b, 0xa4, 0xa4, 0xa2, 0x93, 0x93, 
	0x93, 0x99, 0x83, 0x93, 0x93, 0xab, 0x9b, 0xd6, 
	0xc6, 0xb5, 0xab, 0x9a, 0x91, 0x9a, 0x9b, 0x9a, 
	0x93, 0xab, 0xac, 0xa4, 0x9a, 0x99, 0x9a, 0xa2, 
	0xa2, 0xa2, 0xa2, 0xa2, 0x9a, 0x93, 0x93, 0x92, 
	0x93, 0x83, 0x93, 0x92, 0x93, 0x99, 0xb5, 0xa4, 
	0xbb, 0xb4, 0xab, 0x9b, 0x9a, 0x91, 0x9b, 0x91, 
	0x89, 0xab, 0xab, 0xa4, 0x9b, 0x99, 0x9a, 0xa2, 
	0xa2, 0x9b, 0x9b, 0x9b, 0x67, 0x92, 0x8c, 0x92, 
	0x67, 0x92, 0x92, 0x92, 0x9b, 0x99, 0xb4, 0xaa, 
	0xbc, 0xb4, 0xac, 0xa2, 0x9a, 0x91, 0x91, 0x89, 
	0x9a, 0x91, 0xab, 0xa4, 0x9b, 0x9a, 0x9a, 0xa2, 
	0x9b, 0x9b, 0x67, 0x5f, 0x67, 0x9b, 0x5f, 0x67, 
	0x67, 0x92, 0x67, 0x8b, 0x9b, 0xa4, 0xac, 0xbd, 
	0xc3, 0xb4, 0x67, 0x67, 0x67, 0x91, 0x89, 0x91, 
	0x91, 0x91, 0xab, 0xa4, 0x9b, 0x9a, 0x9a, 0x9b, 
	0x93, 0x5f, 0x5f, 0x67, 0x67, 0x67, 0x5f, 0x67, 
	0x67, 0x67, 0x5f, 0x8b, 0x9b, 0xa4, 0xac, 0xbc, 
	0xc3, 0xb3, 0x67, 0x9b, 0x99, 0x67, 0x91, 0x91, 
	0x91, 0x67, 0xa4, 0xa2, 0x9b, 0x9a, 0x9a, 0x9b, 
	0x5f, 0x67, 0x91, 0x5f, 0x67, 0x67, 0x67, 0x5f, 
	0x8b, 0x67, 0x5f, 0x67, 0x9b, 0xa2, 0xa4, 0xaa, 
	0xb5, 0xb3, 0xac, 0x67, 0x67, 0x91, 0x89, 0x91, 
	0x6f, 0x91, 0x6f, 0x67, 0x9b, 0x9b, 0x9a, 0x9a, 
	0x93, 0x9a, 0x5f, 0x67, 0x67, 0x67, 0x67, 0x67, 
	0x67, 0x8b, 0x8b, 0x5f, 0x5f, 0x99, 0xb3, 0xb3, 
	0xbd, 0xb4, 0x67, 0x9b, 0x67, 0x67, 0x67, 0x91, 
	0x6f, 0x91, 0xa2, 0xa4, 0x67, 0x9a, 0x67, 0x67, 
	0x67, 0x67, 0x67, 0x8b, 0x67, 0x67, 0x67, 0x67, 
	0x67, 0x67, 0x8b, 0x67, 0x91, 0xa2, 0xac, 0xb3, 
	0xbc, 0xb3, 0x67, 0x67, 0x67, 0x67, 0x67, 0x91, 
	0x91, 0x78, 0x6f, 0xab, 0x9c, 0x67, 0x67, 0x67, 
	0x67, 0x92, 0x92, 0x8b, 0x8a, 0x5f, 0x67, 0x67, 
	0x67, 0x67, 0x8b, 0x5f, 0x5f, 0xa4, 0xac, 0xac, 
	0xbc, 0xb4, 0xa4, 0x67, 0x93, 0x91, 0x89, 0x89, 
	0x6f, 0x91, 0xa4, 0x67, 0x9b, 0x67, 0x92, 0x67, 
	0x8b, 0x93, 0x93, 0x8a, 0x67, 0x67, 0x67, 0x5f, 
	0x67, 0x8b, 0x8b, 0x8b, 0x5f, 0x67, 0xab, 0xac, 
	0xb5, 0xb4, 0xa4, 0x93, 0x92, 0xa2, 0x91, 0x89, 
	0xa2, 0x67, 0x94, 0x93, 0x67, 0x93, 0x67, 0x67, 
	0x8b, 0x92, 0x93, 0x67, 0x6f, 0x8c, 0x8a, 0x5f, 
	0x67, 0x67, 0x67, 0x5f, 0x67, 0xa2, 0xa4, 0xac, 
	0xbc, 0xb3, 0xa4, 0x93, 0x93, 0x8b, 0x8b, 0x89, 
	0x9b, 0x67, 0x67, 0x67, 0x67, 0x67, 0x67, 0x8a, 
	0x8a, 0x92, 0x92, 0x92, 0x92, 0x8c, 0x8b, 0x67, 
	0x67, 0x67, 0x67, 0x67, 0x78, 0xa4, 0xa4, 0xab, 
	0xb5, 0xb3, 0xa4, 0x9a, 0x93, 0x93, 0x99, 0x93, 
	0xa4, 0xa4, 0x67, 0x67, 0x67, 0x83, 0x83, 0x8a, 
	0x83, 0x8c, 0x8c, 0x92, 0x8c, 0x93, 0x67, 0x67, 
	0x67, 0x92, 0x67, 0x67, 0x78, 0x78, 0xab, 0xab, 
	0xbb, 0xb3, 0xa4, 0x9a, 0x92, 0x93, 0x99, 0x93, 
	0x91, 0x89, 0x99, 0x93, 0x92, 0x8b, 0x8a, 0x8a, 
	0x8a, 0x8b, 0x81, 0x8c, 0x8b, 0x67, 0x67, 0x67, 
	0x93, 0x93, 0x8a, 0x67, 0x67, 0x67, 0x67, 0xab, 
	0xc5, 0x93, 0xa4, 0x9b, 0x93, 0x93, 0x91, 0x8b, 
	0xa4, 0xaa, 0xa2, 0x9a, 0x9a, 0x92, 0x8a, 0x8a, 
	0x8b, 0x8b, 0x8c, 0x81, 0x8b, 0x8c, 0x8a, 0x8a, 
	0x8a, 0x8a, 0x8a, 0x84, 0x8c, 0x92, 0x94, 0xa4, 
	0xbb, 0xad, 0x91, 0x99, 0x99, 0x83, 0x89, 0xa4, 
	0xac, 0xa4, 0x92, 0x84, 0x8b, 0x92, 0x83, 0x8a, 
	0x92, 0x8c, 0x8c, 0x83, 0x83, 0x93, 0x94, 0x94, 
	0x92, 0x92, 0x83, 0x83, 0x92, 0x93, 0x91, 0xb5, 
	0xbd, 0xac, 0x9b, 0x80, 0x89, 0x99, 0x99, 0xa2, 
	0xab, 0xad, 0xad, 0x9b, 0x93, 0x93, 0x93, 0x92, 
	0x93, 0x93, 0x92, 0x92, 0x81, 0x8b, 0x9c, 0xa2, 
	0x9b, 0x93, 0x8b, 0x8b, 0x92, 0x8b, 0x99, 0xb4, 
	0xbb, 0xac, 0xac, 0x8b, 0x91, 0x92, 0x99, 0xa2, 
	0xac, 0xb4, 0xb3, 0xab, 0xa2, 0x99, 0x99, 0x93, 
	0x93, 0x93, 0x9a, 0x9a, 0x93, 0x88, 0xa4, 0xa5, 
	0x93, 0x9b, 0x93, 0x92, 0x92, 0x91, 0xab, 0xb5, 
	0xc3, 0xb3, 0xab, 0x99, 0x89, 0x81, 0x93, 0xa2, 
	0xac, 0xb3, 0xb4, 0xab, 0x9a, 0x99, 0x92, 0x93, 
	0x93, 0x93, 0x9a, 0x9b, 0x9b, 0x99, 0x91, 0x9b, 
	0xab, 0xa2, 0x99, 0x93, 0x89, 0x99, 0xab, 0xb4, 
	0xbd, 0xc3, 0xbb, 0xb4, 0x9b, 0x90, 0xac, 0xb4, 
	0xc5, 0xbd, 0xc5, 0xbc, 0xa4, 0x99, 0xa2, 0xa2, 
	0xa2, 0xab, 0xab, 0xac, 0xac, 0xb3, 0xaa, 0xaa, 
	0xb4, 0xb4, 0xac, 0x9b, 0xaa, 0xab, 0xbb, 0xbc, 
	0xab, 0x9b, 0x92, 0x8a, 0x81, 0x70, 0x78, 0x8a, 
	0x9a, 0x9b, 0x9b, 0x93, 0x8b, 0x93, 0x81, 0x79, 
	0x7a, 0x81, 0x83, 0x8c, 0x8b, 0x8c, 0x92, 0x94, 
	0x89, 0x8b, 0x83, 0x8b, 0x81, 0x83, 0x92, 0x9b, 
	0x69, 0x5f, 0x58, 0x56, 0x56, 0x56, 0x58, 0x58, 
	0x5f, 0x5f, 0x5f, 0x5f, 0x56, 0x56, 0x56, 0x55, 
	0x56, 0x56, 0x5f, 0x5f, 0x69, 0x5f, 0x67, 0x5f, 
	0x5e, 0x58, 0x56, 0x56, 0x56, 0x56, 0x5f, 0x60, 
	0x82, 0x69, 0x69, 0x67, 0x60, 0x60, 0x60, 0x67, 
	0x69, 0x71, 0x71, 0x67, 0x60, 0x60, 0x60, 0x60, 
	0x60, 0x5f, 0x60, 0x71, 0x71, 0x71, 0x69, 0x69, 
	0x69, 0x67, 0x61, 0x60, 0x67, 0x69, 0x71, 0x81, 
	0xc6, 0xbd, 0xb5, 0xa5, 0xab, 0xab, 0xa5, 0xa5, 
	0xad, 0xb3, 0xad, 0xa5, 0xab, 0x9c, 0x9c, 0xa2, 
	0xa2, 0x9c, 0xa2, 0xab, 0xab, 0xa5, 0xa3, 0xa5, 
	0xa5, 0xa2, 0x9c, 0xad, 0xad, 0xad, 0xab, 0xb3, 
	0xc6, 0xce, 0xc5, 0xbd, 0xc6, 0xc6, 0xbd, 0xc3, 
	0xcd, 0xce, 0xc6, 0xc3, 0xc5, 0xbd, 0xbb, 0xbd, 
	0xc3, 0xc5, 0xc6, 0xd5, 0xd5, 0xc6, 0xc6, 0xc6, 
	0xc6, 0xc5, 0xc3, 0xc6, 0xcc, 0xc6, 0xc3, 0xbc, 
	0x9a, 0x9c, 0x9a, 0x93, 0x93, 0x8b, 0x92, 0x9a, 
	0x94, 0x94, 0x94, 0x94, 0x93, 0x8b, 0x8c, 0x94, 
	0x9a, 0x9b, 0x9c, 0x9c, 0x9c, 0x94, 0x94, 0x9b, 
	0x9a, 0x9a, 0x9a, 0x94, 0x92, 0x8a, 0x92, 0x93, 
	0x67, 0x67, 0x67, 0x67, 0x67, 0x67, 0x67, 0x67, 
	0x67, 0x67, 0x67, 0x67, 0x67, 0x67, 0x67, 0x67, 
	0x67, 0x67, 0x67, 0x67, 0x67, 0x67, 0x67, 0x67, 
	0x67, 0x67, 0x67, 0x67, 0x67, 0x67, 0x67, 0x67, 
	0xb4, 0xa4, 0xb3, 0x6f, 0x8b, 0x99, 0x99, 0xac, 
	0xb5, 0xbd, 0xbb, 0x67, 0x89, 0x9b, 0x9b, 0xa2, 
	0xa5, 0xa4, 0xac, 0x6f, 0xc6, 0xab, 0xa5, 0xa5, 
	0xa2, 0xa4, 0xab, 0x6f, 0xad, 0xc5, 0xcd, 0xac, 
	0xb4, 0xb3, 0x6f, 0x6f, 0x6f, 0x99, 0x9b, 0xa4, 
	0xb4, 0xbd, 0x67, 0x81, 0x6f, 0x89, 0xa2, 0xa2, 
	0xa5, 0xa2, 0x6f, 0x78, 0x67, 0xab, 0xab, 0x9a, 
	0x9a, 0x9b, 0x6f, 0x9b, 0x6f, 0xcc, 0xac, 0x9b, 
	0xb3, 0x6f, 0x78, 0x6f, 0x6f, 0x6f, 0xa4, 0xad, 
	0xac, 0x67, 0x80, 0x78, 0x78, 0x6f, 0x8b, 0xa2, 
	0xb4, 0x6f, 0x99, 0x78, 0x78, 0x6f, 0xab, 0x9a, 
	0x83, 0x67, 0x80, 0x80, 0x80, 0x67, 0xac, 0xac, 
	0x6f, 0x7a, 0x6f, 0x72, 0x78, 0x6f, 0x6f, 0xa5, 
	0x67, 0x8b, 0x80, 0x80, 0x83, 0x83, 0x6f, 0x8b, 
	0x67, 0x78, 0x78, 0x88, 0x78, 0x6f, 0x6f, 0x9a, 
	0x6f, 0x80, 0x7a, 0x80, 0x67, 0x93, 0x6f, 0xa2, 
	0x67, 0x67, 0x67, 0x67, 0x67, 0x67, 0x67, 0x67, 
	0x67, 0x67, 0x67, 0x67, 0x67, 0x67, 0x67, 0x67, 
	0x67, 0x67, 0x67, 0x67, 0x67, 0x67, 0x67, 0x67, 
	0x67, 0x67, 0x67, 0x67, 0x67, 0x67, 0x67, 0x67, 
	0xa5, 0xa4, 0x94, 0x92, 0x94, 0x94, 0x92, 0x93, 
	0x94, 0x93, 0x8c, 0x8c, 0x8c, 0x8a, 0x84, 0x8a, 
	0x84, 0x8b, 0x8c, 0x93, 0x93, 0x8c, 0x8c, 0x8c, 
	0x8c, 0x92, 0x92, 0x93, 0x94, 0x94, 0x94, 0x9c, 
	0x92, 0x92, 0x81, 0x81, 0x81, 0x81, 0x81, 0x83, 
	0x8b, 0x92, 0x92, 0x92, 0x8a, 0x81, 0x7a, 0x7a, 
	0x78, 0x7a, 0x81, 0x8a, 0x92, 0x92, 0x92, 0x8b, 
	0x81, 0x80, 0x78, 0x81, 0x81, 0x81, 0x8a, 0x92, 
	0x92, 0x8a, 0x81, 0x81, 0x81, 0x7a, 0x81, 0x81, 
	0x8a, 0x8a, 0x92, 0x8b, 0x89, 0x81, 0x80, 0x7a, 
	0x7a, 0x7a, 0x81, 0x8a, 0x92, 0x92, 0x8b, 0x8a, 
	0x81, 0x81, 0x7a, 0x7a, 0x7a, 0x81, 0x8a, 0x92, 
	0x8b, 0x89, 0x81, 0x81, 0x80, 0x7a, 0x81, 0x81, 
	0x89, 0x8a, 0x92, 0x8a, 0x89, 0x81, 0x81, 0x7a, 
	0x7a, 0x80, 0x81, 0x89, 0x8b, 0x92, 0x8a, 0x89, 
	0x81, 0x80, 0x7a, 0x7a, 0x80, 0x81, 0x89, 0x8a, 
	0x8a, 0x83, 0x81, 0x78, 0x78, 0x78, 0x78, 0x81, 
	0x83, 0x8a, 0x92, 0x8a, 0x89, 0x81, 0x78, 0x78, 
	0x78, 0x78, 0x81, 0x89, 0x8a, 0x92, 0x8a, 0x89, 
	0x80, 0x78, 0x78, 0x78, 0x78, 0x81, 0x89, 0x8a, 
	0x8a, 0x83, 0x81, 0x78, 0x78, 0x78, 0x78, 0x80, 
	0x83, 0x8a, 0x92, 0x8a, 0x89, 0x81, 0x78, 0x78, 
	0x78, 0x78, 0x81, 0x89, 0x8a, 0x92, 0x8a, 0x83, 
	0x81, 0x78, 0x78, 0x78, 0x78, 0x81, 0x89, 0x8b, 
	0x8a, 0x89, 0x81, 0x81, 0x7a, 0x7a, 0x80, 0x81, 
	0x89, 0x8a, 0x92, 0x8b, 0x89, 0x81, 0x80, 0x7a, 
	0x7a, 0x81, 0x81, 0x89, 0x8a, 0x92, 0x8a, 0x89, 
	0x81, 0x80, 0x7a, 0x7a, 0x81, 0x81, 0x89, 0x8b, 
	0x8a, 0x89, 0x81, 0x81, 0x7a, 0x7a, 0x7a, 0x81, 
	0x89, 0x8a, 0x92, 0x92, 0x8a, 0x81, 0x7a, 0x7a, 
	0x7a, 0x81, 0x81, 0x89, 0x8a, 0x92, 0x8a, 0x89, 
	0x81, 0x80, 0x7a, 0x7a, 0x80, 0x81, 0x89, 0x92, 
	0x92, 0x8a, 0x81, 0x81, 0x80, 0x80, 0x80, 0x81, 
	0x8a, 0x8b, 0x92, 0x92, 0x8a, 0x81, 0x80, 0x80, 
	0x80, 0x81, 0x81, 0x89, 0x8a, 0x92, 0x8b, 0x8a, 
	0x81, 0x81, 0x80, 0x80, 0x81, 0x83, 0x8a, 0x92, 
	
};

Gfx castle_grounds_dl_isi_yoko_32x32__64DS__rgba16_aligner[] = {gsSPEndDisplayList()};
u8 castle_grounds_dl_isi_yoko_32x32__64DS__rgba16[] = {
	0x9c, 0xeb, 0xad, 0x6d, 0xad, 0x6d, 0xa5, 0x6d, 
	0xa5, 0x2b, 0xad, 0x6d, 0x9c, 0xe9, 0x7b, 0xe1, 
	0x8c, 0x65, 0x94, 0xa7, 0x84, 0x23, 0x73, 0x9f, 
	0x6b, 0x5d, 0x73, 0xa1, 0x94, 0xa9, 0x94, 0xa9, 
	0x94, 0xa9, 0xad, 0x6f, 0xb5, 0xaf, 0xa5, 0x2d, 
	0xa5, 0x2d, 0x94, 0xa7, 0x84, 0x65, 0x73, 0x9f, 
	0x6b, 0x9f, 0x7b, 0xe1, 0x8c, 0x65, 0xa5, 0x2d, 
	0xa5, 0x2b, 0x8c, 0xa7, 0x84, 0x67, 0x8c, 0xa9, 
	0xa5, 0x6d, 0x94, 0xe9, 0x9c, 0xeb, 0x94, 0xa9, 
	0x9c, 0xe9, 0xb5, 0xaf, 0xa5, 0x2b, 0x94, 0xa7, 
	0x9c, 0xe9, 0x9c, 0xe9, 0xa5, 0x2b, 0x94, 0xa7, 
	0x8c, 0x65, 0x7b, 0xe1, 0xad, 0x6d, 0xa5, 0x2d, 
	0xad, 0xaf, 0xad, 0x6d, 0xa5, 0x2d, 0x94, 0xa9, 
	0x9c, 0xeb, 0xad, 0x6d, 0xb5, 0xb1, 0xa5, 0x2d, 
	0x7c, 0x23, 0x8c, 0x65, 0xb5, 0xaf, 0xad, 0x6f, 
	0x9d, 0x2b, 0x9c, 0xeb, 0x9c, 0xeb, 0xa5, 0x2d, 
	0x9c, 0xeb, 0xa5, 0x2b, 0xad, 0x6d, 0xad, 0x6d, 
	0xad, 0x6d, 0xbd, 0xf1, 0x8c, 0x65, 0x94, 0xa7, 
	0xb5, 0xaf, 0xad, 0x6d, 0xad, 0x6d, 0xa5, 0x2d, 
	0x9c, 0xeb, 0x8c, 0x65, 0xb5, 0xaf, 0xa5, 0x2b, 
	0xb5, 0xaf, 0xad, 0x6d, 0xad, 0x6d, 0xa5, 0x2b, 
	0x9c, 0xeb, 0xad, 0x6d, 0xbd, 0xf1, 0xad, 0x6d, 
	0x94, 0xa9, 0xa5, 0x2b, 0xb5, 0xaf, 0xa5, 0x2b, 
	0xa5, 0x2b, 0xad, 0x6d, 0xad, 0x6d, 0x9c, 0xe9, 
	0xb5, 0xaf, 0xad, 0x6d, 0xad, 0x6d, 0xad, 0x6d, 
	0xb5, 0xb1, 0xa5, 0x2d, 0x8c, 0x67, 0xa5, 0x2d, 
	0xad, 0x6d, 0xa5, 0x2d, 0xa5, 0x2d, 0xa5, 0x2b, 
	0x9c, 0xeb, 0x94, 0xa9, 0x94, 0xa9, 0xad, 0x6f, 
	0xbd, 0xf3, 0xb5, 0xaf, 0xa5, 0x2b, 0x94, 0xa9, 
	0x9c, 0xeb, 0x9c, 0xeb, 0x9c, 0xeb, 0xa5, 0x2d, 
	0x94, 0xe9, 0x9c, 0xeb, 0xad, 0x6d, 0xa5, 0x2b, 
	0x94, 0xa9, 0xa5, 0x2b, 0xad, 0x6d, 0xad, 0x6d, 
	0x8c, 0x65, 0x94, 0xa7, 0xad, 0x6d, 0xb5, 0xaf, 
	0x9c, 0xeb, 0x7b, 0xe3, 0xa5, 0x2d, 0xa5, 0x2d, 
	0x94, 0xa9, 0x9c, 0xeb, 0xa5, 0x6d, 0xad, 0x6d, 
	0xa5, 0x2d, 0xad, 0x6d, 0x94, 0xa9, 0x9c, 0xeb, 
	0xa5, 0x2d, 0xa5, 0x2b, 0x9c, 0xeb, 0x94, 0xa9, 
	0x9c, 0xeb, 0x9c, 0xe9, 0x9c, 0xeb, 0xa5, 0x2b, 
	0x94, 0xa9, 0x94, 0xa9, 0xb5, 0xaf, 0xa5, 0x2d, 
	0xa5, 0x2d, 0xad, 0x6d, 0xad, 0x6d, 0x9c, 0xeb, 
	0x9c, 0xe9, 0x9c, 0xe9, 0xad, 0x6d, 0x94, 0xa9, 
	0x84, 0x23, 0x84, 0x65, 0x8c, 0x67, 0x8c, 0x67, 
	0x8c, 0xa9, 0x94, 0xa9, 0x8c, 0x67, 0x9c, 0xeb, 
	0x94, 0xa9, 0x94, 0xa9, 0x8c, 0x67, 0xa5, 0x2b, 
	0xa5, 0x2b, 0x9c, 0xeb, 0x94, 0xa9, 0xa5, 0x2d, 
	0xb5, 0xaf, 0xa5, 0x2d, 0x9c, 0xeb, 0x9c, 0xe9, 
	0x94, 0xa9, 0x84, 0x25, 0xa5, 0x2b, 0xa5, 0x2b, 
	0x9c, 0xeb, 0x9c, 0xeb, 0xa5, 0x2d, 0x9c, 0xeb, 
	0xb5, 0xaf, 0xb5, 0xaf, 0x94, 0xa7, 0x94, 0xa7, 
	0xad, 0x6d, 0xad, 0x6d, 0x84, 0x65, 0x94, 0xa9, 
	0xa5, 0x2d, 0x9c, 0xeb, 0x9c, 0xe9, 0xa5, 0x2b, 
	0x9c, 0xeb, 0x8c, 0xa7, 0x94, 0xa7, 0xa5, 0x2b, 
	0xad, 0x6d, 0xa5, 0x2d, 0xa5, 0x2b, 0xad, 0x6d, 
	0xa5, 0x2b, 0x94, 0xa9, 0x9c, 0xeb, 0xad, 0x6d, 
	0xad, 0x6d, 0x94, 0xa7, 0xad, 0x6f, 0xb5, 0xaf, 
	0xb5, 0xaf, 0xad, 0x6d, 0xb5, 0xaf, 0xb5, 0xf1, 
	0x9c, 0xeb, 0x8c, 0x65, 0x84, 0x23, 0xad, 0x6d, 
	0xad, 0x6f, 0xb5, 0xaf, 0xa5, 0x2d, 0x8c, 0x67, 
	0xa5, 0x2b, 0xa5, 0x2b, 0xa5, 0x2b, 0xa5, 0x2b, 
	0xa5, 0x2d, 0x9d, 0x2b, 0x94, 0xa7, 0x94, 0xa7, 
	0xa5, 0x2b, 0xa5, 0x2b, 0x9c, 0xe9, 0x94, 0xa9, 
	0x9c, 0xe9, 0x9c, 0xeb, 0xa5, 0x2d, 0xad, 0x6f, 
	0xad, 0x6d, 0x84, 0x23, 0xad, 0x6d, 0xbd, 0xf1, 
	0xbd, 0xf1, 0xb5, 0xb1, 0xb5, 0xaf, 0xa5, 0x6d, 
	0x7b, 0xe3, 0x94, 0xa7, 0xad, 0x6d, 0xad, 0x6d, 
	0x9c, 0xeb, 0xa5, 0x2b, 0xa5, 0x2b, 0xa5, 0x2b, 
	0x9c, 0xe9, 0x94, 0xa7, 0x8c, 0x67, 0x94, 0xa9, 
	0x8c, 0xa9, 0x9c, 0xeb, 0x94, 0xa9, 0x9c, 0xeb, 
	0x94, 0xa9, 0x94, 0xa9, 0x9c, 0xeb, 0xa5, 0x2b, 
	0xa5, 0x2b, 0xad, 0x6d, 0xad, 0x6f, 0xad, 0x6f, 
	0x94, 0xa7, 0x6b, 0x5b, 0x7c, 0x23, 0xa5, 0x2d, 
	0x94, 0xa9, 0x84, 0x25, 0x94, 0xa9, 0x9c, 0xeb, 
	0xa5, 0x2d, 0xad, 0x6f, 0xad, 0x6d, 0xa5, 0x2b, 
	0xad, 0x6d, 0xa5, 0x2b, 0x9c, 0xeb, 0xa5, 0x2b, 
	0x94, 0xa7, 0x9c, 0xe9, 0x94, 0xa9, 0x8c, 0x67, 
	0x8c, 0xa7, 0x9c, 0xeb, 0x94, 0xa7, 0x94, 0xa9, 
	0x9c, 0xeb, 0x84, 0x67, 0x94, 0xa9, 0xa5, 0x2d, 
	0xb5, 0xaf, 0xb5, 0xaf, 0xa5, 0x2d, 0x94, 0xa9, 
	0x7b, 0xe1, 0x8c, 0x65, 0x9c, 0xe9, 0xad, 0x6d, 
	0xad, 0x6d, 0x94, 0xa9, 0x84, 0x23, 0x8c, 0x65, 
	0xbd, 0xf1, 0xb5, 0xb1, 0xad, 0x6d, 0xad, 0x6d, 
	0x9c, 0xeb, 0x94, 0xa9, 0x9c, 0xeb, 0xa5, 0x2d, 
	0xa5, 0x2d, 0x8c, 0x67, 0x8c, 0xa7, 0x94, 0xa9, 
	0xa5, 0x2b, 0xb5, 0xaf, 0x94, 0xa9, 0x94, 0xa9, 
	0xa5, 0x2b, 0xa5, 0x2b, 0xb5, 0xaf, 0xb5, 0xaf, 
	0xad, 0x6d, 0x94, 0xe9, 0x84, 0x25, 0x8c, 0x67, 
	0xa5, 0x2d, 0xa5, 0x2d, 0xa5, 0x2b, 0xa5, 0x2d, 
	0xb5, 0xaf, 0xb5, 0xb1, 0x94, 0xa9, 0x8c, 0x67, 
	0x94, 0xa9, 0xad, 0x6f, 0xa5, 0x2b, 0xa5, 0x6d, 
	0x9c, 0xeb, 0x94, 0xa9, 0x9c, 0xeb, 0xad, 0x6d, 
	0xad, 0x6f, 0x94, 0xa9, 0x94, 0xa9, 0x9c, 0xeb, 
	0x9c, 0xe9, 0x9c, 0xe9, 0x8c, 0x65, 0x9c, 0xeb, 
	0xad, 0x6d, 0xa5, 0x2d, 0xb5, 0xaf, 0x9c, 0xe9, 
	0x84, 0x23, 0x6b, 0x9f, 0x9c, 0xeb, 0xad, 0x6d, 
	0xad, 0x6d, 0xad, 0x6d, 0x9c, 0xeb, 0x94, 0xa9, 
	0x9c, 0xeb, 0x9c, 0xeb, 0xb5, 0xaf, 0xad, 0x6f, 
	0x84, 0x25, 0x9c, 0xeb, 0xad, 0xaf, 0xb5, 0xaf, 
	0xb5, 0xaf, 0xb5, 0xaf, 0xad, 0x6f, 0xa5, 0x2d, 
	0xa5, 0x2d, 0x84, 0x25, 0x7c, 0x25, 0x94, 0xa9, 
	0x8c, 0x65, 0x7b, 0xe3, 0x73, 0xa1, 0x7b, 0xe3, 
	0x9c, 0xeb, 0x94, 0xa9, 0x7b, 0xe1, 0x8c, 0x67, 
	0xa5, 0x2d, 0x94, 0xa9, 0xad, 0x6d, 0xb5, 0xaf, 
	0xad, 0x6d, 0xad, 0x6d, 0xa5, 0x2d, 0xad, 0x6d, 
	0xa5, 0x2d, 0xa5, 0x2b, 0xa5, 0x2d, 0xa5, 0x2d, 
	0xa5, 0x2d, 0x84, 0x25, 0xa5, 0x2d, 0xbd, 0xf1, 
	0xb5, 0xaf, 0xa5, 0x2d, 0x94, 0xa9, 0x84, 0x25, 
	0x84, 0x25, 0x84, 0x25, 0x94, 0xa7, 0x9c, 0xeb, 
	0xa5, 0x2b, 0xa5, 0x2b, 0x94, 0xa9, 0x84, 0x25, 
	0x73, 0xa1, 0x6b, 0x5f, 0x84, 0x23, 0xa5, 0x2d, 
	0xad, 0x6f, 0x9c, 0xeb, 0xa5, 0x2b, 0xa5, 0x2b, 
	0xad, 0x6d, 0xad, 0x6d, 0xa5, 0x2b, 0xad, 0x6d, 
	0xb5, 0xad, 0xad, 0x6d, 0xa5, 0x2b, 0xad, 0x6d, 
	0xa5, 0x2b, 0x84, 0x25, 0x84, 0x23, 0x8c, 0xa7, 
	0x94, 0xa9, 0x94, 0xa9, 0xad, 0x6d, 0xad, 0x6d, 
	0xa5, 0x2b, 0xa5, 0x2d, 0xb5, 0xaf, 0xbd, 0xf1, 
	0xb5, 0xaf, 0xa5, 0x2d, 0x9c, 0xeb, 0x9c, 0xeb, 
	0x8c, 0x67, 0x84, 0x25, 0x73, 0xa1, 0x84, 0x25, 
	0x8c, 0xa7, 0x84, 0x65, 0xa5, 0x2d, 0xad, 0x6f, 
	0x9c, 0xeb, 0x9c, 0xeb, 0xa5, 0x2b, 0xa5, 0x2b, 
	0x9c, 0xeb, 0xa5, 0x2d, 0xad, 0x6d, 0xbd, 0xf1, 
	0xa5, 0x2b, 0x9c, 0xe9, 0x84, 0x23, 0x9d, 0x2b, 
	0xb5, 0xb1, 0xad, 0x6f, 0x9c, 0xeb, 0xa5, 0x2b, 
	0x9c, 0xe9, 0xa5, 0x2d, 0xad, 0x6d, 0xa5, 0x2b, 
	0xa5, 0x2d, 0xa5, 0x2b, 0xa5, 0x2d, 0xa5, 0x2b, 
	0x9c, 0xeb, 0xa5, 0x2d, 0x9d, 0x2b, 0x8c, 0x67, 
	0x94, 0xa7, 0x94, 0xa7, 0x94, 0xa9, 0x9c, 0xeb, 
	0x94, 0xa9, 0xad, 0x6d, 0xa5, 0x2b, 0x94, 0xa9, 
	0x94, 0xa9, 0x9c, 0xe9, 0xad, 0x6d, 0xb5, 0xaf, 
	0xa5, 0x2b, 0xad, 0x6d, 0x8c, 0x67, 0xad, 0x6d, 
	0xb5, 0xaf, 0xad, 0x6d, 0xad, 0x6d, 0xa5, 0x2b, 
	0xa5, 0x2b, 0xa5, 0x2b, 0x9c, 0xeb, 0x94, 0xa9, 
	0x94, 0xa9, 0x94, 0xe9, 0x94, 0xa9, 0x9c, 0xeb, 
	0xa5, 0x2b, 0xad, 0x6f, 0xb5, 0xaf, 0x9c, 0xe9, 
	0xad, 0x6d, 0xad, 0x6d, 0xad, 0x6d, 0xa5, 0x2d, 
	0x9c, 0xeb, 0x9c, 0xeb, 0x94, 0xa9, 0x8c, 0x67, 
	0x94, 0xa7, 0x8c, 0x65, 0x7b, 0xe3, 0x9c, 0xeb, 
	0xb5, 0xaf, 0x9c, 0xeb, 0x94, 0xa9, 0xad, 0x6d, 
	0x9c, 0xeb, 0xa5, 0x2b, 0xad, 0x6d, 0xad, 0x6d, 
	0xb5, 0xaf, 0xad, 0x6d, 0xa5, 0x2d, 0x94, 0xe9, 
	0x94, 0xa9, 0x9d, 0x2b, 0xad, 0x6d, 0xb5, 0xaf, 
	0xb5, 0xaf, 0xa5, 0x2b, 0xa5, 0x2d, 0x8c, 0x65, 
	0x8c, 0x67, 0xa5, 0x2d, 0xb5, 0xaf, 0xb5, 0xaf, 
	0xad, 0x6d, 0xad, 0x6d, 0xa5, 0x2d, 0x9c, 0xeb, 
	0x94, 0xa7, 0x94, 0xa9, 0x8c, 0x65, 0xad, 0x6f, 
	0xad, 0x6d, 0xa5, 0x2b, 0xad, 0x6d, 0xa5, 0x2d, 
	0xad, 0x6d, 0xb5, 0xaf, 0xb5, 0xaf, 0xa5, 0x2b, 
	0xad, 0x6d, 0xad, 0x6d, 0xad, 0x6f, 0xa5, 0x2d, 
	0x9c, 0xeb, 0xad, 0x6f, 0xbd, 0xf1, 0xb5, 0xad, 
	0xad, 0x6d, 0xad, 0x6d, 0xb5, 0xaf, 0x8c, 0x65, 
	0x7b, 0xe3, 0xa5, 0x2d, 0xad, 0x6d, 0xa5, 0x2b, 
	0xa5, 0x2b, 0xad, 0x6d, 0x9c, 0xe9, 0x7b, 0xe3, 
	0xa5, 0x2b, 0xb5, 0xaf, 0xa5, 0x2b, 0x8c, 0x65, 
	0xb5, 0xf1, 0xa5, 0x2d, 0x9c, 0xeb, 0x9c, 0xeb, 
	0xa5, 0x2b, 0xa5, 0x2b, 0xa5, 0x2b, 0xa5, 0x2b, 
	0xa5, 0x2b, 0xad, 0x6d, 0x9c, 0xeb, 0x94, 0xa7, 
	0x8c, 0x67, 0x94, 0xa9, 0xad, 0x6d, 0xb5, 0xaf, 
	0xbd, 0xf1, 0xbd, 0xf1, 0xb5, 0xaf, 0x7b, 0xe1, 
	0xa5, 0x2d, 0xad, 0x6f, 0xad, 0x6d, 0xb5, 0xaf, 
	0xb5, 0xaf, 0xb5, 0xaf, 0x8c, 0x67, 0x8c, 0x67, 
	0x94, 0xa9, 0x9c, 0xeb, 0xad, 0x6d, 0x8c, 0x65, 
	0x84, 0x25, 0xad, 0x6d, 0xa5, 0x2d, 0x94, 0xa9, 
	0x8c, 0x65, 0x8c, 0x65, 0x8c, 0x67, 0x94, 0xa9, 
	0x9c, 0xe9, 0x94, 0xa9, 0x94, 0xa9, 0x9c, 0xeb, 
	0x94, 0xa9, 0x84, 0x23, 0x8c, 0x65, 0x94, 0xa7, 
	0xa5, 0x2d, 0xb5, 0xaf, 0x9c, 0xe9, 0x94, 0xa7, 
	0xad, 0x6d, 0xa5, 0x2b, 0xa5, 0x2d, 0xad, 0x6d, 
	0xad, 0x6d, 0xb5, 0xaf, 0xad, 0x6d, 0x9c, 0xe9, 
	0xa5, 0x2d, 0xa5, 0x2d, 0xa5, 0x2b, 0x84, 0x23, 
	0x8c, 0x67, 0x84, 0x25, 0x94, 0xa9, 0xb5, 0xb1, 
	0xb5, 0xaf, 0xb5, 0xaf, 0xa5, 0x2d, 0x9c, 0xeb, 
	0x9c, 0xeb, 0xa5, 0x2b, 0x94, 0xe9, 0xad, 0x6d, 
	0x9c, 0xe9, 0x73, 0x9f, 0x9c, 0xeb, 0x94, 0xa9, 
	0xa5, 0x2d, 0xa5, 0x2d, 0x94, 0xa7, 0xb5, 0xaf, 
	0xad, 0x6d, 0xa5, 0x2b, 0x9c, 0xeb, 0x94, 0xa9, 
	0x94, 0xa9, 0xa5, 0x2b, 0x9c, 0xe9, 0x8c, 0x65, 
	0x9c, 0xe9, 0x8c, 0x67, 0x94, 0xa7, 0xad, 0x6d, 
	0xa5, 0x2d, 0x94, 0xa7, 0x9c, 0xeb, 0xad, 0x6f, 
	0x9c, 0xeb, 0x94, 0xa9, 0x94, 0xa9, 0x9c, 0xeb, 
	0x9c, 0xeb, 0xa5, 0x2b, 0x9c, 0xeb, 0x9c, 0xeb, 
	0x94, 0xa9, 0x84, 0x25, 0xad, 0x6d, 0xad, 0x6d, 
	0xa5, 0x2b, 0x8c, 0xa7, 0xa5, 0x2b, 0xb5, 0xaf, 
	0x94, 0xa9, 0x8c, 0xa9, 0x94, 0xa9, 0x9c, 0xeb, 
	0x9c, 0xeb, 0xa5, 0x2b, 0xa5, 0x2b, 0x7b, 0xe3, 
	0x84, 0x23, 0x7b, 0xe3, 0xa5, 0x2b, 0xb5, 0xaf, 
	0x9d, 0x2b, 0xa5, 0x2b, 0x94, 0xa9, 0x9c, 0xeb, 
	0x94, 0xa9, 0x9c, 0xe9, 0xa5, 0x2b, 0xa5, 0x2d, 
	0xa5, 0x2b, 0xa5, 0x2b, 0xad, 0x6d, 0xad, 0x6f, 
	0x94, 0xa9, 0x8c, 0x67, 0xa5, 0x2d, 0x94, 0xa9, 
	0xa5, 0x2b, 0x84, 0x25, 0x9c, 0xe9, 0xad, 0x6d, 
	0x94, 0xa9, 0x9c, 0xeb, 0xa5, 0x2b, 0xad, 0x6d, 
	0xa5, 0x2d, 0xa5, 0x2d, 0xb5, 0xaf, 0x84, 0x25, 
	0x8c, 0x67, 0x84, 0x23, 0x94, 0xa9, 0x9c, 0xe9, 
	0x9c, 0xe9, 0x8c, 0x65, 0x94, 0xa7, 0xa5, 0x2d, 
	0x9c, 0xeb, 0xa5, 0x2d, 0xa5, 0x2d, 0xa5, 0x2d, 
	0x9c, 0xeb, 0x94, 0xa9, 0x9c, 0xeb, 0xa5, 0x2d, 
	0x8c, 0x67, 0x94, 0xa7, 0xa5, 0x2d, 0x9c, 0xeb, 
	0xa5, 0x2b, 0x8c, 0x67, 0xa5, 0x2b, 0xad, 0x6d, 
	0xa5, 0x2b, 0xad, 0x6d, 0xa5, 0x2b, 0xad, 0x6d, 
	0xad, 0x6d, 0xad, 0x6d, 0xb5, 0xaf, 0x8c, 0x65, 
	0xa5, 0x2b, 0x94, 0xa7, 0x8c, 0x65, 0x9c, 0xeb, 
	0x7b, 0xe1, 0x73, 0x9f, 0x84, 0x65, 0xa5, 0x2b, 
	0xa5, 0x2d, 0x9c, 0xeb, 0x94, 0xa9, 0x8c, 0x67, 
	0x84, 0x25, 0x8c, 0x65, 0x8c, 0x65, 0x84, 0x25, 
	0x7b, 0xe3, 0x84, 0x65, 0x9c, 0xeb, 0x9c, 0xeb, 
	0xa5, 0x2d, 0x9c, 0xe9, 0xa5, 0x2b, 0xb5, 0xad, 
	0xb5, 0xaf, 0xb5, 0xaf, 0xa5, 0x2d, 0x9c, 0xeb, 
	0xa5, 0x2b, 0xad, 0x6d, 0xb5, 0xaf, 0x8c, 0x65, 
	0xa5, 0x2d, 0x9c, 0xeb, 0x73, 0x9f, 0x84, 0x25, 
	0x94, 0xa7, 0xa5, 0x2b, 0xa5, 0x2d, 0x9d, 0x2b, 
	0x9c, 0xeb, 0x8c, 0x67, 0x7b, 0xe1, 0x6b, 0x5d, 
	0xa5, 0x2b, 0xa5, 0x2d, 0x9c, 0xeb, 0x9c, 0xeb, 
	0x94, 0xa9, 0x8c, 0x67, 0xa5, 0x2b, 0xa5, 0x2d, 
	0xad, 0x6d, 0xa5, 0x2b, 0xb5, 0xaf, 0xb5, 0xaf, 
	0xad, 0x6d, 0xad, 0x6d, 0xa5, 0x2b, 0xa5, 0x2b, 
	0xad, 0x6d, 0xad, 0x6d, 0xbd, 0xf1, 0x9c, 0xeb, 
	0xad, 0x6d, 0x9c, 0xe9, 0x8c, 0x65, 0x9c, 0xe9, 
	0xb5, 0xaf, 0x9c, 0xe9, 0xad, 0x6d, 0xb5, 0xaf, 
	0xad, 0x6f, 0xad, 0x6f, 0xb5, 0xaf, 0x94, 0xa7, 
	0xb5, 0xaf, 0xad, 0x6d, 0x9c, 0xeb, 0x8c, 0x67, 
	0x94, 0xa9, 0x84, 0x25, 0xad, 0x6d, 0xb5, 0xaf, 
	0xb5, 0xaf, 0xa5, 0x2b, 0xa5, 0x2d, 0xad, 0x6d, 
	0xa5, 0x2b, 0xa5, 0x2b, 0xb5, 0xaf, 0xbd, 0xf1, 
	0xb5, 0xaf, 0xb5, 0xaf, 0xbd, 0xf1, 0x9c, 0xe9, 
	0x8c, 0x65, 0x8c, 0x65, 0xb5, 0xaf, 0xc6, 0x33, 
	0xa5, 0x2d, 0xa5, 0x2d, 0xa5, 0x2b, 0xa5, 0x2b, 
	0xad, 0x6d, 0xb5, 0xaf, 0xbd, 0xf1, 0x94, 0xa9, 
	0xad, 0x6d, 0xa5, 0x2b, 0xa5, 0x2d, 0xa5, 0x2d, 
	0x9c, 0xeb, 0x9c, 0xe9, 0x9c, 0xeb, 0xa5, 0x2b, 
	0xb5, 0xaf, 0xb5, 0xaf, 0xa5, 0x2b, 0xb5, 0xaf, 
	0xad, 0x6d, 0xad, 0xad, 0xbd, 0xf1, 0xbd, 0xf1, 
	0xb5, 0xaf, 0xb5, 0xaf, 0xb5, 0xb1, 0xb5, 0xaf, 
	0x84, 0x25, 0x94, 0xa7, 0xbd, 0xf1, 0xbd, 0xf1, 
	0xad, 0x6f, 0xad, 0x6f, 0xad, 0x6d, 0xb5, 0xaf, 
	0xad, 0x6d, 0xad, 0x6d, 0xad, 0x6d, 0x8c, 0x65, 
	0xad, 0x6d, 0xa5, 0x2d, 0x9c, 0xeb, 0x9c, 0xeb, 
	0xa5, 0x2d, 0x9c, 0xeb, 0x9c, 0xeb, 0xad, 0x6d, 
	0xbd, 0xf1, 0xbd, 0xf1, 0x94, 0xa7, 0xbd, 0xf1, 
	0xb5, 0xaf, 0xad, 0x6d, 0x9d, 0x2b, 0xa5, 0x6d, 
	0xad, 0x6f, 0xb5, 0xaf, 0xad, 0x6d, 0xad, 0x6f, 
	0x94, 0xa7, 0xbd, 0xf1, 0xbd, 0xf1, 0xb5, 0xaf, 
	0xa5, 0x2b, 0x9c, 0xeb, 0x94, 0xa9, 0x94, 0xa9, 
	0x94, 0xe9, 0x9c, 0xeb, 0xb5, 0xaf, 0x94, 0xa7, 
	0xa5, 0x2b, 0x9c, 0xe9, 0xa5, 0x2b, 0xad, 0x6d, 
	0xa5, 0x2b, 0x9c, 0xeb, 0xa5, 0x2b, 0xb5, 0xaf, 
	0xad, 0x6f, 0x9c, 0xeb, 0x73, 0x9f, 0x8c, 0x65, 
	0x9c, 0xeb, 0x9c, 0xeb, 0x9c, 0xeb, 0xa5, 0x2d, 
	0xa5, 0x2b, 0x9c, 0xeb, 0xa5, 0x2d, 0x9c, 0xeb, 
	0x9c, 0xeb, 0xbd, 0xf1, 0xb5, 0xb1, 0xbd, 0xf1, 
	0xa5, 0x2b, 0xad, 0x6d, 0xad, 0x6f, 0x9c, 0xeb, 
	0x9c, 0xeb, 0xa5, 0x2b, 0x9c, 0xe9, 0x84, 0x23, 
	0x9c, 0xeb, 0xad, 0x6d, 0xa5, 0x2b, 0xa5, 0x2b, 
	0x94, 0xa9, 0x84, 0x25, 0xa5, 0x2d, 0xad, 0x6d, 
	0xad, 0x6f, 0x94, 0xa9, 0x8c, 0x65, 0x84, 0x23, 
	0x8c, 0x67, 0x8c, 0x67, 0x94, 0xa9, 0x9c, 0xeb, 
	0x9c, 0xeb, 0xad, 0x6d, 0x94, 0xa9, 0x8c, 0x65, 
	0xb5, 0xaf, 0xa5, 0x2d, 0xb5, 0xaf, 0xb5, 0xaf, 
	
};

Gfx castle_grounds_dl_Wood_Planks_05_Wide_1_64x64_i4_aligner[] = {gsSPEndDisplayList()};
u8 castle_grounds_dl_Wood_Planks_05_Wide_1_64x64_i4[] = {
	0x44, 0x44, 0x44, 0x44, 0x44, 0x44, 0x33, 0x43, 
	0x34, 0x33, 0x33, 0x33, 0x33, 0x33, 0x33, 0x44, 
	0x44, 0x44, 0x44, 0x44, 0x44, 0x44, 0x44, 0x44, 
	0x43, 0x34, 0x44, 0x44, 0x43, 0x33, 0x33, 0x44, 
	0x44, 0x44, 0x44, 0x44, 0x44, 0x44, 0x44, 0x44, 
	0x44, 0x33, 0x33, 0x44, 0x44, 0x44, 0x44, 0x44, 
	0x44, 0x44, 0x44, 0x44, 0x44, 0x44, 0x44, 0x44, 
	0x43, 0x34, 0x44, 0x44, 0x43, 0x34, 0x33, 0x44, 
	0x44, 0x44, 0x44, 0x44, 0x44, 0x44, 0x44, 0x44, 
	0x43, 0x33, 0x34, 0x44, 0x44, 0x44, 0x44, 0x44, 
	0x44, 0x44, 0x44, 0x44, 0x43, 0x33, 0x34, 0x44, 
	0x42, 0x34, 0x44, 0x44, 0x33, 0x34, 0x44, 0x44, 
	0x44, 0x33, 0x33, 0x33, 0x33, 0x44, 0x44, 0x44, 
	0x43, 0x33, 0x34, 0x44, 0x44, 0x44, 0x44, 0x44, 
	0x33, 0x34, 0x44, 0x44, 0x44, 0x43, 0x34, 0x44, 
	0x43, 0x34, 0x44, 0x44, 0x33, 0x44, 0x44, 0x44, 
	0x34, 0x44, 0x44, 0x44, 0x44, 0x44, 0x44, 0x44, 
	0x43, 0x33, 0x33, 0x33, 0x33, 0x33, 0x33, 0x44, 
	0x44, 0x44, 0x44, 0x44, 0x44, 0x33, 0x44, 0x44, 
	0x43, 0x24, 0x44, 0x44, 0x33, 0x33, 0x33, 0x33, 
	0x44, 0x44, 0x44, 0x44, 0x44, 0x44, 0x44, 0x33, 
	0x33, 0x33, 0x33, 0x33, 0x44, 0x44, 0x44, 0x44, 
	0x44, 0x44, 0x44, 0x43, 0x33, 0x33, 0x44, 0x54, 
	0x44, 0x24, 0x45, 0x44, 0x44, 0x44, 0x44, 0x44, 
	0x44, 0x44, 0x44, 0x44, 0x33, 0x44, 0x44, 0x44, 
	0x44, 0x44, 0x43, 0x33, 0x44, 0x44, 0x44, 0x44, 
	0x44, 0x44, 0x44, 0x44, 0x44, 0x34, 0x44, 0x44, 
	0x44, 0x24, 0x33, 0x33, 0x44, 0x44, 0x44, 0x44, 
	0x44, 0x44, 0x44, 0x44, 0x43, 0x33, 0x34, 0x44, 
	0x44, 0x44, 0x44, 0x44, 0x44, 0x44, 0x44, 0x44, 
	0x44, 0x44, 0x44, 0x44, 0x33, 0x33, 0x44, 0x44, 
	0x43, 0x23, 0x44, 0x44, 0x44, 0x44, 0x44, 0x44, 
	0x44, 0x33, 0x34, 0x43, 0x33, 0x33, 0x33, 0x33, 
	0x33, 0x33, 0x34, 0x44, 0x44, 0x44, 0x44, 0x44, 
	0x44, 0x33, 0x33, 0x34, 0x44, 0x44, 0x44, 0x44, 
	0x43, 0x23, 0x44, 0x44, 0x44, 0x44, 0x44, 0x44, 
	0x33, 0x33, 0x33, 0x33, 0x33, 0x33, 0x33, 0x33, 
	0x33, 0x33, 0x33, 0x33, 0x33, 0x33, 0x33, 0x33, 
	0x33, 0x33, 0x33, 0x33, 0x33, 0x33, 0x44, 0x44, 
	0x32, 0x22, 0x33, 0x43, 0x33, 0x33, 0x33, 0x33, 
	0x23, 0x33, 0x33, 0x33, 0x33, 0x32, 0x22, 0x22, 
	0x23, 0x33, 0x33, 0x33, 0x22, 0x23, 0x22, 0x33, 
	0x33, 0x32, 0x23, 0x33, 0x33, 0x33, 0x33, 0x33, 
	0x22, 0x22, 0x22, 0x33, 0x33, 0x33, 0x33, 0x32, 
	0x34, 0x44, 0x44, 0x44, 0x44, 0x44, 0x32, 0x23, 
	0x34, 0x44, 0x44, 0x44, 0x33, 0x33, 0x33, 0x33, 
	0x33, 0x33, 0x34, 0x44, 0x44, 0x44, 0x44, 0x44, 
	0x33, 0x33, 0x34, 0x44, 0x44, 0x44, 0x34, 0x43, 
	0x33, 0x44, 0x44, 0x44, 0x44, 0x44, 0x43, 0x23, 
	0x44, 0x44, 0x44, 0x44, 0x44, 0x33, 0x33, 0x34, 
	0x44, 0x43, 0x33, 0x44, 0x44, 0x44, 0x44, 0x44, 
	0x44, 0x44, 0x44, 0x44, 0x44, 0x44, 0x43, 0x33, 
	0x33, 0x33, 0x34, 0x44, 0x44, 0x44, 0x43, 0x34, 
	0x44, 0x44, 0x44, 0x44, 0x44, 0x44, 0x44, 0x44, 
	0x43, 0x33, 0x33, 0x33, 0x33, 0x44, 0x44, 0x44, 
	0x44, 0x34, 0x44, 0x44, 0x44, 0x44, 0x44, 0x43, 
	0x43, 0x33, 0x33, 0x44, 0x44, 0x54, 0x43, 0x34, 
	0x54, 0x43, 0x44, 0x33, 0x33, 0x33, 0x34, 0x44, 
	0x43, 0x33, 0x33, 0x34, 0x44, 0x44, 0x33, 0x33, 
	0x33, 0x33, 0x44, 0x44, 0x44, 0x44, 0x33, 0x33, 
	0x43, 0x33, 0x44, 0x44, 0x44, 0x44, 0x43, 0x34, 
	0x44, 0x44, 0x44, 0x44, 0x44, 0x44, 0x44, 0x33, 
	0x33, 0x33, 0x33, 0x33, 0x44, 0x44, 0x44, 0x44, 
	0x33, 0x33, 0x34, 0x44, 0x44, 0x33, 0x34, 0x44, 
	0x44, 0x44, 0x44, 0x44, 0x44, 0x44, 0x42, 0x34, 
	0x44, 0x44, 0x44, 0x44, 0x44, 0x44, 0x44, 0x44, 
	0x44, 0x44, 0x34, 0x33, 0x34, 0x44, 0x44, 0x44, 
	0x44, 0x33, 0x33, 0x44, 0x44, 0x44, 0x44, 0x44, 
	0x44, 0x44, 0x44, 0x44, 0x44, 0x44, 0x43, 0x44, 
	0x44, 0x44, 0x44, 0x44, 0x44, 0x44, 0x44, 0x44, 
	0x44, 0x44, 0x44, 0x44, 0x34, 0x44, 0x44, 0x44, 
	0x44, 0x43, 0x34, 0x44, 0x44, 0x44, 0x44, 0x44, 
	0x44, 0x33, 0x44, 0x44, 0x44, 0x33, 0x43, 0x34, 
	0x43, 0x44, 0x44, 0x44, 0x44, 0x44, 0x44, 0x44, 
	0x33, 0x33, 0x44, 0x44, 0x44, 0x44, 0x44, 0x44, 
	0x44, 0x44, 0x44, 0x44, 0x44, 0x44, 0x44, 0x44, 
	0x33, 0x33, 0x33, 0x34, 0x44, 0x44, 0x43, 0x34, 
	0x44, 0x44, 0x44, 0x33, 0x44, 0x44, 0x44, 0x44, 
	0x44, 0x44, 0x44, 0x44, 0x44, 0x44, 0x44, 0x44, 
	0x43, 0x44, 0x44, 0x44, 0x44, 0x44, 0x44, 0x33, 
	0x33, 0x33, 0x33, 0x33, 0x44, 0x44, 0x43, 0x24, 
	0x44, 0x43, 0x33, 0x33, 0x33, 0x44, 0x33, 0x44, 
	0x44, 0x44, 0x43, 0x44, 0x44, 0x44, 0x44, 0x33, 
	0x33, 0x33, 0x33, 0x33, 0x34, 0x44, 0x44, 0x44, 
	0x33, 0x33, 0x33, 0x44, 0x44, 0x33, 0x43, 0x24, 
	0x44, 0x43, 0x33, 0x33, 0x33, 0x33, 0x44, 0x44, 
	0x44, 0x44, 0x44, 0x44, 0x44, 0x44, 0x44, 0x44, 
	0x43, 0x44, 0x44, 0x44, 0x44, 0x44, 0x33, 0x33, 
	0x34, 0x44, 0x44, 0x44, 0x44, 0x54, 0x43, 0x34, 
	0x45, 0x44, 0x44, 0x43, 0x33, 0x33, 0x33, 0x33, 
	0x44, 0x44, 0x44, 0x43, 0x34, 0x33, 0x33, 0x34, 
	0x34, 0x44, 0x44, 0x44, 0x33, 0x44, 0x33, 0x33, 
	0x44, 0x44, 0x44, 0x44, 0x44, 0x44, 0x43, 0x33, 
	0x44, 0x44, 0x44, 0x44, 0x43, 0x33, 0x33, 0x33, 
	0x34, 0x43, 0x33, 0x34, 0x44, 0x43, 0x33, 0x44, 
	0x34, 0x44, 0x44, 0x44, 0x43, 0x44, 0x33, 0x34, 
	0x44, 0x44, 0x44, 0x34, 0x43, 0x44, 0x42, 0x33, 
	0x34, 0x44, 0x44, 0x44, 0x44, 0x44, 0x44, 0x33, 
	0x34, 0x44, 0x44, 0x44, 0x44, 0x44, 0x44, 0x44, 
	0x44, 0x44, 0x44, 0x44, 0x33, 0x33, 0x33, 0x34, 
	0x44, 0x43, 0x43, 0x34, 0x43, 0x43, 0x32, 0x23, 
	0x33, 0x44, 0x44, 0x44, 0x44, 0x43, 0x33, 0x33, 
	0x33, 0x33, 0x33, 0x33, 0x33, 0x33, 0x33, 0x33, 
	0x33, 0x34, 0x34, 0x43, 0x33, 0x33, 0x33, 0x34, 
	0x22, 0x22, 0x22, 0x22, 0x22, 0x22, 0x22, 0x22, 
	0x22, 0x33, 0x33, 0x33, 0x33, 0x33, 0x32, 0x22, 
	0x22, 0x22, 0x22, 0x22, 0x33, 0x33, 0x33, 0x33, 
	0x33, 0x33, 0x33, 0x33, 0x33, 0x33, 0x33, 0x33, 
	0x33, 0x33, 0x33, 0x33, 0x33, 0x33, 0x33, 0x33, 
	0x33, 0x33, 0x34, 0x44, 0x33, 0x33, 0x44, 0x33, 
	0x44, 0x43, 0x32, 0x33, 0x34, 0x44, 0x44, 0x43, 
	0x33, 0x43, 0x33, 0x33, 0x33, 0x33, 0x33, 0x33, 
	0x44, 0x44, 0x43, 0x33, 0x33, 0x34, 0x44, 0x44, 
	0x44, 0x44, 0x44, 0x44, 0x44, 0x44, 0x44, 0x44, 
	0x44, 0x44, 0x42, 0x34, 0x44, 0x44, 0x43, 0x33, 
	0x34, 0x44, 0x44, 0x44, 0x44, 0x44, 0x44, 0x44, 
	0x44, 0x44, 0x44, 0x33, 0x34, 0x44, 0x44, 0x44, 
	0x44, 0x44, 0x44, 0x44, 0x44, 0x44, 0x44, 0x44, 
	0x44, 0x44, 0x42, 0x34, 0x44, 0x44, 0x33, 0x33, 
	0x44, 0x44, 0x44, 0x44, 0x44, 0x44, 0x44, 0x44, 
	0x44, 0x44, 0x44, 0x43, 0x44, 0x44, 0x44, 0x44, 
	0x44, 0x44, 0x44, 0x44, 0x44, 0x44, 0x44, 0x44, 
	0x45, 0x44, 0x42, 0x44, 0x45, 0x44, 0x33, 0x33, 
	0x44, 0x44, 0x44, 0x44, 0x44, 0x44, 0x44, 0x44, 
	0x44, 0x44, 0x44, 0x44, 0x44, 0x44, 0x44, 0x44, 
	0x44, 0x44, 0x44, 0x44, 0x44, 0x44, 0x44, 0x44, 
	0x44, 0x44, 0x42, 0x44, 0x54, 0x44, 0x44, 0x34, 
	0x44, 0x44, 0x44, 0x44, 0x44, 0x44, 0x44, 0x44, 
	0x43, 0x33, 0x33, 0x33, 0x33, 0x44, 0x44, 0x44, 
	0x44, 0x44, 0x44, 0x44, 0x44, 0x33, 0x34, 0x33, 
	0x44, 0x44, 0x32, 0x44, 0x44, 0x44, 0x44, 0x34, 
	0x44, 0x44, 0x44, 0x44, 0x44, 0x44, 0x44, 0x43, 
	0x43, 0x33, 0x33, 0x44, 0x44, 0x44, 0x44, 0x44, 
	0x44, 0x44, 0x44, 0x44, 0x43, 0x33, 0x33, 0x34, 
	0x44, 0x44, 0x32, 0x34, 0x44, 0x44, 0x44, 0x44, 
	0x44, 0x44, 0x44, 0x44, 0x44, 0x44, 0x44, 0x44, 
	0x43, 0x43, 0x34, 0x44, 0x44, 0x44, 0x44, 0x44, 
	0x44, 0x44, 0x44, 0x43, 0x33, 0x33, 0x34, 0x44, 
	0x44, 0x44, 0x32, 0x34, 0x44, 0x44, 0x44, 0x44, 
	0x44, 0x44, 0x44, 0x44, 0x44, 0x44, 0x44, 0x44, 
	0x44, 0x44, 0x44, 0x44, 0x44, 0x44, 0x44, 0x44, 
	0x44, 0x44, 0x44, 0x44, 0x44, 0x44, 0x33, 0x33, 
	0x33, 0x34, 0x32, 0x33, 0x44, 0x43, 0x43, 0x34, 
	0x43, 0x33, 0x33, 0x33, 0x34, 0x44, 0x44, 0x44, 
	0x44, 0x44, 0x44, 0x44, 0x33, 0x33, 0x33, 0x44, 
	0x33, 0x33, 0x33, 0x33, 0x44, 0x44, 0x44, 0x33, 
	0x44, 0x44, 0x42, 0x34, 0x44, 0x44, 0x33, 0x44, 
	0x44, 0x44, 0x44, 0x44, 0x44, 0x44, 0x44, 0x44, 
	0x44, 0x44, 0x44, 0x44, 0x43, 0x44, 0x44, 0x43, 
	0x34, 0x44, 0x44, 0x44, 0x34, 0x44, 0x44, 0x43, 
	0x34, 0x44, 0x42, 0x34, 0x44, 0x33, 0x33, 0x44, 
	0x44, 0x44, 0x43, 0x44, 0x44, 0x44, 0x44, 0x44, 
	0x44, 0x44, 0x44, 0x44, 0x44, 0x44, 0x44, 0x43, 
	0x33, 0x44, 0x44, 0x44, 0x44, 0x44, 0x33, 0x33, 
	0x44, 0x44, 0x33, 0x34, 0x45, 0x44, 0x43, 0x33, 
	0x33, 0x33, 0x33, 0x44, 0x44, 0x44, 0x44, 0x44, 
	0x44, 0x33, 0x44, 0x34, 0x44, 0x44, 0x44, 0x44, 
	0x33, 0x34, 0x44, 0x44, 0x44, 0x44, 0x44, 0x44, 
	0x44, 0x54, 0x32, 0x34, 0x44, 0x43, 0x33, 0x33, 
	0x33, 0x43, 0x34, 0x44, 0x44, 0x44, 0x44, 0x44, 
	0x43, 0x33, 0x33, 0x34, 0x44, 0x44, 0x44, 0x44, 
	0x44, 0x34, 0x44, 0x44, 0x44, 0x44, 0x44, 0x44, 
	0x44, 0x44, 0x32, 0x34, 0x44, 0x44, 0x44, 0x44, 
	0x44, 0x44, 0x44, 0x44, 0x44, 0x44, 0x33, 0x33, 
	0x33, 0x33, 0x34, 0x43, 0x33, 0x33, 0x33, 0x33, 
	0x34, 0x44, 0x44, 0x44, 0x44, 0x44, 0x44, 0x44, 
	0x44, 0x43, 0x32, 0x23, 0x34, 0x44, 0x44, 0x44, 
	0x44, 0x44, 0x44, 0x44, 0x33, 0x33, 0x33, 0x33, 
	0x33, 0x33, 0x33, 0x33, 0x33, 0x33, 0x33, 0x33, 
	0x32, 0x33, 0x33, 0x33, 0x33, 0x33, 0x33, 0x33, 
	0x33, 0x33, 0x22, 0x23, 0x33, 0x33, 0x33, 0x33, 
	0x33, 0x33, 0x33, 0x33, 0x22, 0x23, 0x33, 0x33, 
	0x33, 0x33, 0x33, 0x33, 0x33, 0x33, 0x33, 0x33, 
	0x33, 0x33, 0x32, 0x22, 0x33, 0x33, 0x33, 0x33, 
	0x33, 0x33, 0x33, 0x22, 0x22, 0x23, 0x33, 0x33, 
	0x33, 0x33, 0x33, 0x33, 0x33, 0x33, 0x33, 0x33, 
	0x44, 0x44, 0x43, 0x33, 0x33, 0x34, 0x44, 0x44, 
	0x44, 0x44, 0x33, 0x23, 0x34, 0x44, 0x44, 0x44, 
	0x44, 0x44, 0x44, 0x33, 0x33, 0x33, 0x44, 0x44, 
	0x44, 0x44, 0x44, 0x44, 0x44, 0x44, 0x44, 0x44, 
	0x44, 0x44, 0x44, 0x33, 0x44, 0x44, 0x44, 0x44, 
	0x44, 0x44, 0x43, 0x33, 0x44, 0x44, 0x44, 0x44, 
	0x44, 0x44, 0x44, 0x44, 0x43, 0x33, 0x44, 0x44, 
	0x44, 0x44, 0x44, 0x44, 0x44, 0x44, 0x44, 0x44, 
	0x44, 0x44, 0x44, 0x44, 0x44, 0x44, 0x44, 0x44, 
	0x44, 0x45, 0x43, 0x34, 0x44, 0x44, 0x44, 0x44, 
	0x44, 0x44, 0x44, 0x44, 0x44, 0x43, 0x44, 0x44, 
	0x44, 0x44, 0x43, 0x33, 0x43, 0x44, 0x43, 0x33, 
	0x43, 0x44, 0x34, 0x44, 0x44, 0x44, 0x44, 0x44, 
	0x44, 0x44, 0x43, 0x34, 0x54, 0x44, 0x44, 0x44, 
	0x44, 0x44, 0x44, 0x44, 0x44, 0x44, 0x44, 0x44, 
	0x44, 0x44, 0x44, 0x44, 0x44, 0x44, 0x44, 0x34, 
	0x44, 0x44, 0x44, 0x44, 0x44, 0x44, 0x44, 0x43, 
	0x44, 0x44, 0x43, 0x34, 0x34, 0x44, 0x44, 0x44, 
	0x44, 0x44, 0x33, 0x33, 0x44, 0x44, 0x44, 0x44, 
	0x44, 0x44, 0x44, 0x44, 0x44, 0x44, 0x44, 0x44, 
	0x44, 0x44, 0x44, 0x44, 0x44, 0x43, 0x44, 0x43, 
	0x34, 0x44, 0x43, 0x34, 0x44, 0x44, 0x44, 0x44, 
	0x44, 0x44, 0x43, 0x44, 0x44, 0x44, 0x44, 0x44, 
	0x44, 0x44, 0x44, 0x44, 0x44, 0x44, 0x44, 0x44, 
	0x44, 0x44, 0x44, 0x44, 0x44, 0x44, 0x33, 0x34, 
	0x44, 0x44, 0x43, 0x34, 0x44, 0x44, 0x44, 0x43, 
	0x33, 0x33, 0x34, 0x44, 0x43, 0x44, 0x44, 0x44, 
	0x44, 0x44, 0x44, 0x44, 0x44, 0x44, 0x44, 0x44, 
	0x33, 0x33, 0x33, 0x44, 0x44, 0x43, 0x33, 0x44, 
	0x44, 0x43, 0x32, 0x34, 0x44, 0x44, 0x44, 0x43, 
	0x44, 0x44, 0x44, 0x44, 0x44, 0x44, 0x44, 0x44, 
	0x44, 0x44, 0x44, 0x44, 0x44, 0x43, 0x33, 0x33, 
	0x44, 0x44, 0x44, 0x44, 0x44, 0x44, 0x43, 0x34, 
	0x44, 0x44, 0x43, 0x34, 0x45, 0x44, 0x44, 0x44, 
	0x44, 0x44, 0x44, 0x44, 0x44, 0x44, 0x44, 0x44, 
	0x44, 0x44, 0x44, 0x43, 0x33, 0x33, 0x44, 0x33, 
	0x44, 0x44, 0x44, 0x44, 0x44, 0x44, 0x44, 0x44, 
	0x44, 0x54, 0x43, 0x33, 0x44, 0x44, 0x44, 0x44, 
	0x44, 0x44, 0x44, 0x44, 0x43, 0x44, 0x44, 0x44, 
	0x44, 0x44, 0x44, 0x33, 0x34, 0x43, 0x34, 0x44, 
	0x44, 0x44, 0x44, 0x44, 0x44, 0x44, 0x44, 0x44, 
	0x44, 0x44, 0x43, 0x33, 0x33, 0x44, 0x44, 0x44, 
	0x44, 0x34, 0x44, 0x44, 0x44, 0x33, 0x33, 0x33, 
	0x33, 0x33, 0x33, 0x34, 0x44, 0x44, 0x44, 0x44, 
	0x44, 0x44, 0x44, 0x44, 0x44, 0x44, 0x44, 0x44, 
	0x44, 0x44, 0x43, 0x33, 0x44, 0x44, 0x44, 0x44, 
	0x44, 0x44, 0x44, 0x44, 0x44, 0x44, 0x44, 0x44, 
	0x44, 0x44, 0x44, 0x44, 0x44, 0x44, 0x44, 0x44, 
	0x33, 0x33, 0x33, 0x33, 0x34, 0x44, 0x44, 0x44, 
	0x44, 0x43, 0x32, 0x23, 0x34, 0x44, 0x44, 0x44, 
	0x44, 0x44, 0x33, 0x33, 0x33, 0x34, 0x44, 0x44, 
	0x44, 0x43, 0x33, 0x34, 0x44, 0x44, 0x44, 0x33, 
	0x33, 0x33, 0x33, 0x33, 0x33, 0x33, 0x33, 0x33, 
	0x33, 0x33, 0x22, 0x23, 0x33, 0x33, 0x33, 0x33, 
	0x33, 0x33, 0x33, 0x32, 0x22, 0x23, 0x33, 0x33, 
	0x33, 0x33, 0x33, 0x33, 0x33, 0x33, 0x33, 0x33, 
	0x33, 0x33, 0x33, 0x33, 0x33, 0x33, 0x33, 0x33, 
	0x33, 0x33, 0x33, 0x33, 0x33, 0x33, 0x32, 0x22, 
	0x22, 0x22, 0x22, 0x23, 0x33, 0x33, 0x33, 0x22, 
	0x22, 0x22, 0x22, 0x32, 0x22, 0x23, 0x32, 0x22, 
	0x44, 0x44, 0x44, 0x44, 0x44, 0x44, 0x44, 0x44, 
	0x44, 0x34, 0x43, 0x34, 0x44, 0x44, 0x33, 0x33, 
	0x33, 0x33, 0x33, 0x33, 0x33, 0x33, 0x34, 0x43, 
	0x42, 0x22, 0x34, 0x44, 0x44, 0x33, 0x33, 0x44, 
	0x44, 0x43, 0x44, 0x44, 0x44, 0x44, 0x44, 0x44, 
	0x44, 0x43, 0x34, 0x44, 0x44, 0x44, 0x44, 0x44, 
	0x33, 0x33, 0x33, 0x34, 0x44, 0x43, 0x34, 0x44, 
	0x43, 0x24, 0x34, 0x44, 0x44, 0x33, 0x33, 0x44, 
	0x44, 0x44, 0x43, 0x33, 0x33, 0x33, 0x34, 0x44, 
	0x44, 0x43, 0x33, 0x44, 0x44, 0x44, 0x44, 0x44, 
	0x44, 0x44, 0x44, 0x44, 0x44, 0x44, 0x44, 0x44, 
	0x43, 0x24, 0x44, 0x44, 0x43, 0x33, 0x33, 0x34, 
	0x44, 0x43, 0x33, 0x33, 0x33, 0x33, 0x33, 0x34, 
	0x44, 0x43, 0x33, 0x34, 0x44, 0x44, 0x44, 0x44, 
	0x44, 0x44, 0x44, 0x44, 0x44, 0x44, 0x44, 0x44, 
	0x43, 0x34, 0x44, 0x44, 0x44, 0x33, 0x33, 0x44, 
	0x44, 0x44, 0x44, 0x44, 0x43, 0x33, 0x33, 0x33, 
	0x44, 0x33, 0x44, 0x44, 0x44, 0x44, 0x44, 0x44, 
	0x44, 0x44, 0x44, 0x44, 0x44, 0x44, 0x45, 0x43, 
	0x43, 0x34, 0x45, 0x44, 0x43, 0x33, 0x33, 0x44, 
	
};

Gfx castle_grounds_dl_dull_bricks_i8_aligner[] = {gsSPEndDisplayList()};
u8 castle_grounds_dl_dull_bricks_i8[] = {
	0xc8, 0xc8, 0xc8, 0xc8, 0xc8, 0xc8, 0xc8, 0xc8, 
	0xc8, 0xc8, 0xc8, 0xc0, 0xa8, 0xa0, 0x88, 0x70, 
	0xc8, 0xc8, 0xc8, 0xc8, 0xc8, 0xc8, 0xc8, 0xc8, 
	0xc8, 0xc8, 0xc8, 0xc8, 0xc8, 0xc8, 0xc8, 0xc8, 
	0xc8, 0xc8, 0xc0, 0xc8, 0xb8, 0xa8, 0xa8, 0xa8, 
	0xa8, 0xa8, 0xa0, 0xa0, 0xa0, 0xa0, 0xa0, 0x70, 
	0xc8, 0x90, 0xa0, 0xb8, 0xa0, 0xb8, 0xb8, 0xc0, 
	0xc0, 0xc0, 0xc0, 0xb8, 0xa0, 0xa8, 0xc0, 0xc0, 
	0xc0, 0xb8, 0xc8, 0xb8, 0xb8, 0xa8, 0xa8, 0xa0, 
	0xa0, 0xa0, 0xa8, 0xa0, 0xa0, 0xa0, 0xb8, 0x70, 
	0xc8, 0xa0, 0xb8, 0xb8, 0xb8, 0xb8, 0xb8, 0xb8, 
	0xb8, 0xb8, 0xb8, 0xb8, 0xa8, 0xa8, 0xa8, 0xb8, 
	0xa8, 0xb8, 0xc8, 0xc0, 0xc8, 0xb8, 0xa0, 0xa0, 
	0xa8, 0xa8, 0xa0, 0xa8, 0xb8, 0xa0, 0x98, 0x70, 
	0xc8, 0xa8, 0xa8, 0xb8, 0xa8, 0xa8, 0xb8, 0xa8, 
	0xc0, 0xb8, 0xb8, 0xb8, 0xa0, 0xa8, 0xa8, 0xa8, 
	0xc0, 0xa8, 0xa8, 0xb8, 0xb8, 0xb8, 0xa8, 0xa8, 
	0xa0, 0xa0, 0xa8, 0xa8, 0x98, 0xa0, 0x90, 0x70, 
	0xc8, 0xa0, 0xa0, 0xa8, 0xa8, 0xb8, 0xa8, 0xa8, 
	0xc0, 0xb8, 0xc0, 0xa0, 0xa8, 0xa8, 0xb8, 0xa0, 
	0xa8, 0xa0, 0xa0, 0xb8, 0xb8, 0xb8, 0xb8, 0xa8, 
	0xa8, 0xa8, 0xa8, 0xb8, 0xa8, 0xa8, 0xb8, 0x70, 
	0xc8, 0x98, 0xa0, 0xa0, 0xb8, 0xb8, 0xa8, 0xa8, 
	0xa8, 0xa8, 0xb8, 0xa0, 0xa0, 0xa8, 0xa8, 0xb8, 
	0xa0, 0xa0, 0x98, 0xa8, 0xb8, 0xa8, 0xa8, 0xb8, 
	0xa0, 0xa0, 0xa8, 0xa8, 0xa8, 0xa0, 0xa0, 0x70, 
	0xc8, 0xa8, 0xa0, 0xa0, 0xa8, 0xb8, 0xa8, 0xa8, 
	0xa8, 0xa8, 0xa8, 0xa0, 0x98, 0xa8, 0xa0, 0xb8, 
	0xa0, 0x98, 0x90, 0x98, 0xa8, 0xa8, 0xa8, 0xa8, 
	0xa0, 0x90, 0x90, 0xa8, 0xa8, 0xa8, 0xa8, 0x70, 
	0xc8, 0xa0, 0x90, 0xa0, 0xa0, 0xb8, 0xb8, 0xa8, 
	0xa0, 0xa0, 0xa8, 0xb8, 0xb8, 0x98, 0x98, 0xa8, 
	0xa8, 0xa0, 0x98, 0x98, 0xa0, 0xa0, 0xa0, 0xa0, 
	0xa0, 0x90, 0x88, 0xa0, 0xa8, 0xa8, 0xa8, 0x70, 
	0xc8, 0xa8, 0xa0, 0xa0, 0xa8, 0xa8, 0xb8, 0xa0, 
	0xa0, 0xa0, 0xb8, 0xa8, 0xb8, 0xa8, 0xa8, 0xa0, 
	0xa8, 0xa0, 0xb8, 0xa8, 0xa0, 0xa8, 0xa8, 0xa0, 
	0xa0, 0xa0, 0x78, 0x90, 0x90, 0xa0, 0xa8, 0x70, 
	0xc8, 0xa0, 0xa8, 0xa0, 0xa0, 0xa0, 0xa0, 0x98, 
	0xa0, 0xa0, 0xa8, 0xa0, 0xa0, 0xb8, 0xb8, 0xb8, 
	0xa0, 0xa8, 0xb8, 0xb8, 0xb8, 0xa0, 0xa0, 0xa0, 
	0x98, 0x90, 0x98, 0x90, 0x98, 0x90, 0x98, 0x70, 
	0xc8, 0xa0, 0xa8, 0xa0, 0xa0, 0xa0, 0xa0, 0x90, 
	0x90, 0xa0, 0xa0, 0xa0, 0xa0, 0xa8, 0xb8, 0xa8, 
	0xa8, 0xa0, 0xb8, 0xa8, 0xa8, 0xa0, 0xa0, 0xa0, 
	0xa0, 0x90, 0x90, 0x98, 0x98, 0xa0, 0x90, 0x70, 
	0xc0, 0xa0, 0xa0, 0xa8, 0xa0, 0xa0, 0x88, 0x78, 
	0x78, 0x90, 0xa0, 0xa0, 0xa0, 0xa8, 0xb8, 0xa8, 
	0xa8, 0xb8, 0xb8, 0xb8, 0xa0, 0x90, 0x90, 0xa0, 
	0xa0, 0xa0, 0x98, 0x98, 0x98, 0x90, 0x88, 0x70, 
	0xa8, 0xa0, 0xa8, 0xa8, 0xa8, 0xa0, 0xa0, 0x88, 
	0x98, 0xa0, 0xa0, 0xa0, 0xa0, 0xa0, 0xa0, 0xa0, 
	0x98, 0xa0, 0xc8, 0xa0, 0x98, 0x90, 0x78, 0x78, 
	0x78, 0xa0, 0xa0, 0x90, 0x70, 0x88, 0x88, 0x70, 
	0xa0, 0xa0, 0xa0, 0xa0, 0x98, 0x90, 0x90, 0xa0, 
	0xa0, 0xa0, 0xa0, 0xa0, 0xa0, 0xa0, 0xa0, 0x98, 
	0x90, 0x98, 0xb8, 0xa8, 0x78, 0x88, 0x98, 0x90, 
	0x78, 0x78, 0x88, 0x78, 0x88, 0x88, 0x70, 0x70, 
	0x90, 0x98, 0xa0, 0x98, 0x98, 0xa0, 0x90, 0x98, 
	0xa0, 0xa0, 0xa0, 0xa0, 0xa8, 0x78, 0x78, 0x90, 
	0x70, 0x70, 0x70, 0x70, 0x70, 0x70, 0x70, 0x70, 
	0x70, 0x70, 0x70, 0x70, 0x70, 0x70, 0x70, 0x70, 
	0x70, 0x70, 0x70, 0x70, 0x70, 0x70, 0x70, 0x70, 
	0x70, 0x70, 0x70, 0x70, 0x70, 0x70, 0x70, 0x70, 
	0xc8, 0xc8, 0xc8, 0xc8, 0xc8, 0xc8, 0xc8, 0xc8, 
	0xc8, 0xc8, 0xc8, 0xc8, 0xc8, 0xc8, 0xc8, 0xc8, 
	0xc8, 0xc8, 0xc8, 0xc8, 0xc8, 0xc8, 0xc8, 0xc8, 
	0xc8, 0xc8, 0xc8, 0xc8, 0xb8, 0xa8, 0x88, 0x70, 
	0xc8, 0xb8, 0xa8, 0xa8, 0xa0, 0xa0, 0xa8, 0xa8, 
	0xa0, 0xa8, 0xa8, 0xa8, 0xa0, 0xa8, 0xb8, 0xb8, 
	0xb8, 0xc0, 0xb8, 0xb8, 0xb8, 0xa0, 0xa8, 0xb8, 
	0xc0, 0xc8, 0xb8, 0xb8, 0xb8, 0xa8, 0xb8, 0x70, 
	0xc8, 0xa8, 0xa0, 0xa8, 0xb8, 0xa8, 0xa8, 0xb8, 
	0xb8, 0xb8, 0xb8, 0xb8, 0xb8, 0xb8, 0xc0, 0xb8, 
	0xb8, 0xb8, 0xb8, 0xa8, 0xb8, 0xb8, 0xb8, 0xb8, 
	0xc8, 0xc8, 0xb8, 0xc0, 0xa8, 0xa8, 0xa8, 0x70, 
	0xc8, 0xa8, 0xa8, 0xb8, 0xb8, 0xc8, 0xc0, 0xa8, 
	0xb8, 0xb8, 0xc0, 0xb8, 0xc8, 0xc0, 0xb8, 0xb8, 
	0xa8, 0xb8, 0xb8, 0xa8, 0xa8, 0xb8, 0xb8, 0xa8, 
	0xa8, 0xb8, 0xb8, 0xa8, 0xa8, 0xa0, 0xa8, 0x70, 
	0xc8, 0xb8, 0xc8, 0xb8, 0xc0, 0xb8, 0xb8, 0xb8, 
	0xb8, 0xb8, 0xb8, 0xb8, 0xc0, 0xc0, 0xb8, 0xa8, 
	0xa8, 0xa8, 0xa8, 0xa8, 0xa8, 0xb8, 0xb8, 0xb8, 
	0xa8, 0xb8, 0xa8, 0xa8, 0xa0, 0xa0, 0xa0, 0x70, 
	0xc8, 0xb8, 0xc8, 0xa8, 0xb8, 0xb8, 0xb8, 0xc0, 
	0xb8, 0xc0, 0xb8, 0xb8, 0xb8, 0xa8, 0xc0, 0xb8, 
	0xa8, 0xa0, 0xa0, 0xa8, 0xa8, 0xb8, 0xc0, 0xb8, 
	0xc8, 0xc0, 0xb8, 0xa8, 0xa0, 0xa8, 0xa8, 0x70, 
	0xc8, 0xa8, 0xc0, 0xb8, 0xb8, 0xb8, 0xb8, 0xb8, 
	0xb8, 0xb8, 0xb8, 0xc0, 0xa8, 0xa8, 0xa8, 0xb8, 
	0xa8, 0xa8, 0xa0, 0xa8, 0xa8, 0xa8, 0xa8, 0xc0, 
	0xa0, 0xa0, 0xa8, 0xb8, 0xa8, 0xa8, 0xb8, 0x70, 
	0xc8, 0xb8, 0xa8, 0xb8, 0xb8, 0xb8, 0xa8, 0xb8, 
	0xa8, 0xc0, 0xc8, 0xa8, 0xa8, 0xa0, 0xa8, 0xa8, 
	0xa8, 0xa8, 0xa8, 0xb8, 0xa0, 0xa0, 0x98, 0xa0, 
	0x98, 0x98, 0xa0, 0xa8, 0xa8, 0xa8, 0xa8, 0x70, 
	0xc8, 0xb8, 0xa8, 0xa8, 0xb8, 0xb8, 0xc8, 0xb8, 
	0xb8, 0xb8, 0xa8, 0xa8, 0xa0, 0xa8, 0xa0, 0xa8, 
	0x98, 0x98, 0xa0, 0xa0, 0x98, 0x78, 0x98, 0x78, 
	0x78, 0xa0, 0xa0, 0xa8, 0xa8, 0xa0, 0xa0, 0x70, 
	0xc8, 0xb8, 0xa8, 0xb8, 0xa0, 0xa0, 0xa0, 0xa8, 
	0xb8, 0xa8, 0xa0, 0xa8, 0xa0, 0xa8, 0x98, 0x98, 
	0x98, 0x98, 0xa0, 0xa0, 0x78, 0x78, 0x88, 0x98, 
	0x78, 0x78, 0x88, 0x78, 0xa0, 0xb8, 0xa8, 0x70, 
	0xc8, 0xa8, 0xa0, 0xa0, 0xa0, 0xa0, 0xa0, 0x90, 
	0x78, 0x98, 0xa0, 0xa0, 0xa0, 0x98, 0x90, 0x98, 
	0x98, 0xa0, 0xa0, 0xa0, 0xa0, 0x78, 0x78, 0x98, 
	0x98, 0x98, 0x78, 0x78, 0x90, 0xa0, 0xb8, 0x70, 
	0xc8, 0xa0, 0xa0, 0xa8, 0xa0, 0xa0, 0x98, 0x98, 
	0xa0, 0xb8, 0xa0, 0xa0, 0xa0, 0x78, 0x98, 0x90, 
	0x90, 0x98, 0xa0, 0xa0, 0x90, 0x78, 0x90, 0x98, 
	0x98, 0xa0, 0xb8, 0xa0, 0xa8, 0xa0, 0xa8, 0x70, 
	0xb8, 0xa8, 0xa0, 0xa8, 0xa8, 0xa0, 0xa0, 0x98, 
	0x88, 0x78, 0xa0, 0xa0, 0x98, 0x88, 0x88, 0x98, 
	0x98, 0xa0, 0xa0, 0x98, 0xa0, 0xa0, 0x98, 0x98, 
	0x90, 0xa0, 0xa0, 0xa0, 0xa0, 0x98, 0xa0, 0x70, 
	0xa8, 0xb8, 0xa8, 0xa8, 0xa0, 0x98, 0x98, 0x78, 
	0x78, 0x70, 0x88, 0xa0, 0x78, 0x78, 0x78, 0x88, 
	0x88, 0x78, 0xa0, 0xa0, 0xa0, 0xa8, 0xa8, 0xb8, 
	0xa0, 0xa0, 0xa0, 0x90, 0x98, 0x98, 0x98, 0x70, 
	0x80, 0xa8, 0xb8, 0xa8, 0x88, 0x98, 0x88, 0x70, 
	0x70, 0x70, 0x70, 0x98, 0x88, 0x88, 0x78, 0x78, 
	0x78, 0x88, 0xa0, 0xa8, 0xa0, 0xa8, 0xa0, 0xa8, 
	0xa8, 0xa0, 0xa8, 0x98, 0x98, 0x98, 0xa8, 0x70, 
	0x70, 0x70, 0x70, 0x70, 0x70, 0x70, 0x70, 0x70, 
	0x70, 0x70, 0x70, 0x70, 0x70, 0x70, 0x70, 0x70, 
	0x70, 0x70, 0x70, 0x70, 0x70, 0x70, 0x70, 0x70, 
	0x70, 0x70, 0x70, 0x70, 0x70, 0x70, 0x70, 0x70, 
	
};

Gfx castle_grounds_dl_stone_floor_i8_aligner[] = {gsSPEndDisplayList()};
u8 castle_grounds_dl_stone_floor_i8[] = {
	0xc7, 0xca, 0xca, 0xd8, 0xca, 0xde, 0xde, 0xca, 
	0xab, 0x9a, 0xbf, 0xca, 0xc7, 0xb2, 0x9a, 0xbf, 
	0xca, 0xd7, 0xf0, 0xde, 0xab, 0xbf, 0xd8, 0xf8, 
	0xde, 0x9a, 0x9a, 0xab, 0xbf, 0xab, 0x9a, 0xab, 
	0xab, 0xbf, 0xd8, 0xd8, 0xca, 0xde, 0xde, 0xde, 
	0xde, 0xde, 0xca, 0xc7, 0xbf, 0xab, 0xab, 0xab, 
	0xd7, 0xca, 0xf8, 0xf8, 0xf0, 0xde, 0xf0, 0xf0, 
	0xde, 0x9a, 0xab, 0x9a, 0xc7, 0xc7, 0xab, 0xbf, 
	0x9a, 0xc7, 0xd8, 0xd8, 0xca, 0xde, 0xb2, 0xc7, 
	0xc7, 0xc7, 0xde, 0xde, 0xde, 0xc7, 0xbf, 0xab, 
	0xbf, 0xde, 0xf8, 0xf0, 0xf0, 0xd8, 0xb2, 0xc7, 
	0xf0, 0xde, 0x9a, 0x9a, 0xbf, 0xc7, 0xbf, 0xbf, 
	0xbf, 0xca, 0xd8, 0xca, 0xde, 0xca, 0x9a, 0xab, 
	0xbf, 0xce, 0xce, 0xb2, 0xb2, 0xde, 0xde, 0xde, 
	0xf0, 0xf8, 0xf0, 0xf0, 0xd8, 0xab, 0x9a, 0xb2, 
	0xc7, 0xf0, 0xde, 0xb2, 0xab, 0xab, 0xbf, 0xab, 
	0xab, 0xca, 0xca, 0xca, 0xde, 0x9a, 0x9a, 0xab, 
	0xab, 0xab, 0xab, 0xb2, 0xc7, 0xc7, 0xb2, 0xce, 
	0xde, 0xf0, 0xf0, 0xde, 0xab, 0x9a, 0xab, 0xab, 
	0xb2, 0xce, 0xde, 0xde, 0xb2, 0xab, 0xab, 0x9a, 
	0xbf, 0xbf, 0xca, 0xde, 0xf0, 0x9a, 0xab, 0xab, 
	0xbf, 0xca, 0xbf, 0xab, 0xab, 0x9a, 0x9a, 0xab, 
	0xb2, 0xce, 0xde, 0xce, 0x9a, 0x9a, 0xb2, 0xca, 
	0xb2, 0xab, 0xb2, 0xde, 0xce, 0x9a, 0xab, 0xbf, 
	0xca, 0xbf, 0xde, 0xf0, 0xde, 0xab, 0x9a, 0xbf, 
	0xca, 0xc7, 0xbf, 0xc7, 0xbf, 0xab, 0x9a, 0xb2, 
	0xab, 0xbf, 0xd8, 0xb2, 0x9a, 0xab, 0xc7, 0xc7, 
	0xbf, 0xab, 0xb2, 0xc7, 0xde, 0xce, 0xbf, 0xc7, 
	0xde, 0xde, 0xf0, 0xde, 0xde, 0xce, 0x9a, 0xab, 
	0xc7, 0xab, 0xab, 0xbf, 0xc7, 0xbf, 0xab, 0xca, 
	0xca, 0xbf, 0xde, 0xab, 0x9a, 0xab, 0xbf, 0xb2, 
	0xab, 0xb2, 0xd7, 0xca, 0xc7, 0xde, 0xce, 0xc7, 
	0xce, 0xc7, 0xb2, 0xab, 0xde, 0xde, 0x9a, 0x9a, 
	0xab, 0x9a, 0xbf, 0xca, 0xc7, 0xd7, 0xca, 0xca, 
	0xbf, 0xde, 0xf0, 0xce, 0xab, 0x9a, 0xab, 0x9a, 
	0xab, 0xca, 0xd8, 0xd7, 0xca, 0xde, 0xde, 0xde, 
	0x9a, 0xb2, 0xab, 0xab, 0xc7, 0xde, 0xab, 0x9a, 
	0xab, 0xab, 0xca, 0xc7, 0xd7, 0xca, 0xbf, 0xca, 
	0xd8, 0xde, 0xde, 0xde, 0xca, 0x9a, 0x9a, 0xab, 
	0xbf, 0xbf, 0xd8, 0xd8, 0xc7, 0xf0, 0xde, 0xce, 
	0xb2, 0xab, 0x9a, 0xbf, 0xc7, 0xd8, 0xca, 0xab, 
	0xab, 0xbf, 0xca, 0xca, 0xd7, 0xbf, 0xd8, 0xf0, 
	0xde, 0xab, 0xb2, 0xce, 0xde, 0xab, 0x9a, 0xbf, 
	0xc7, 0xbf, 0xca, 0xc7, 0xde, 0xde, 0xb2, 0x9a, 
	0xab, 0xbf, 0xc7, 0xd7, 0xca, 0xd7, 0xde, 0xb2, 
	0x9a, 0xab, 0xc7, 0xd7, 0xca, 0xd8, 0xf0, 0xde, 
	0x9a, 0x9a, 0xbf, 0xc7, 0xde, 0xce, 0xb2, 0xab, 
	0xbf, 0xbf, 0xab, 0xce, 0xde, 0xab, 0x9a, 0xab, 
	0xc7, 0xca, 0xca, 0xca, 0xd7, 0xce, 0xde, 0xca, 
	0xb2, 0xab, 0xbf, 0xca, 0xf0, 0xde, 0xce, 0x9a, 
	0x9a, 0xab, 0xbf, 0xbf, 0xce, 0xde, 0xbf, 0xab, 
	0xab, 0xc7, 0xce, 0xde, 0xab, 0x9a, 0x9a, 0xab, 
	0xca, 0xc7, 0xd7, 0xca, 0xce, 0xc7, 0xd8, 0xde, 
	0xbf, 0xbf, 0xca, 0xf0, 0xde, 0xb2, 0x9a, 0x9a, 
	0xab, 0xc7, 0xbf, 0xbf, 0xce, 0xde, 0xce, 0xbf, 
	0xca, 0xde, 0xde, 0xb2, 0xab, 0xab, 0xab, 0xbf, 
	0xb2, 0xca, 0xbf, 0xb2, 0xab, 0xbf, 0xce, 0xde, 
	0xc7, 0xca, 0xde, 0xce, 0x9a, 0x9a, 0xab, 0xbf, 
	0xc7, 0xca, 0xab, 0xbf, 0xc7, 0xde, 0xde, 0xde, 
	0xde, 0xde, 0xb2, 0x9a, 0xab, 0xab, 0xbf, 0xab, 
	0xab, 0xb2, 0x9a, 0xab, 0xbf, 0xca, 0xce, 0xd8, 
	0xde, 0xde, 0xb2, 0x9a, 0xab, 0xbf, 0xc7, 0xbf, 
	0xbf, 0xab, 0xab, 0xc7, 0xca, 0xce, 0xde, 0xde, 
	0xde, 0xce, 0x9a, 0xab, 0xab, 0xbf, 0xbf, 0xb2, 
	0xbf, 0xab, 0xab, 0xb2, 0xca, 0xd8, 0xca, 0xd8, 
	0xf0, 0xce, 0x9a, 0x9a, 0xbf, 0xc7, 0xc7, 0xbf, 
	0xc7, 0xc7, 0xbf, 0xc7, 0xd8, 0xbf, 0xce, 0xde, 
	0xce, 0x9a, 0x9a, 0xab, 0xbf, 0xc7, 0xc7, 0xc7, 
	0xab, 0xab, 0xbf, 0xca, 0xd8, 0xca, 0xd8, 0xde, 
	0xde, 0xde, 0xab, 0x9a, 0xab, 0xbf, 0xab, 0xc7, 
	0xc7, 0xbf, 0xc7, 0xca, 0xca, 0xc7, 0xc7, 0xde, 
	0xab, 0x9a, 0xab, 0xb2, 0xbf, 0xb2, 0xb2, 0xbf, 
	0xab, 0xbf, 0xca, 0xca, 0xca, 0xde, 0xde, 0xde, 
	0xce, 0xde, 0xde, 0xca, 0xab, 0x9a, 0xc7, 0xbf, 
	0xbf, 0xca, 0xc7, 0xd8, 0xd7, 0xc7, 0xce, 0xde, 
	0xab, 0x9a, 0xab, 0xb2, 0xab, 0xb2, 0xc7, 0xbf, 
	0xbf, 0xca, 0xc7, 0xde, 0xde, 0xde, 0xc7, 0x9a, 
	0xab, 0xab, 0xd8, 0xde, 0xca, 0xab, 0xbf, 0xc7, 
	0xd7, 0xd7, 0xd8, 0xd7, 0xd7, 0xce, 0xde, 0xf0, 
	0xb2, 0xab, 0x9a, 0x9a, 0xab, 0xca, 0xbf, 0xab, 
	0xbf, 0xc7, 0xde, 0xf0, 0xc7, 0x9a, 0x9a, 0xab, 
	0xab, 0xbf, 0xab, 0xd8, 0xde, 0xca, 0xb2, 0xbf, 
	0xd7, 0xd8, 0xd8, 0xbf, 0xce, 0xde, 0xf0, 0xde, 
	0xde, 0xde, 0xab, 0x9a, 0xbf, 0xab, 0x9a, 0x9a, 
	0xc7, 0xde, 0xf0, 0xc7, 0x9a, 0xab, 0xb2, 0xb2, 
	0xab, 0xb2, 0xc7, 0xbf, 0xd8, 0xde, 0xca, 0xab, 
	0xca, 0xbf, 0xbf, 0xca, 0xde, 0xde, 0xc7, 0xab, 
	0xb2, 0xc7, 0xde, 0xde, 0xab, 0xab, 0xab, 0x9a, 
	0xde, 0xde, 0xce, 0x9a, 0x9a, 0x9a, 0xb2, 0xb2, 
	0xc7, 0xc7, 0xb2, 0xbf, 0xbf, 0xce, 0xde, 0xca, 
	0xbf, 0xca, 0xde, 0xde, 0xc7, 0x9a, 0xab, 0xbf, 
	0xca, 0xc7, 0xc7, 0xde, 0xde, 0xce, 0xbf, 0xab, 
	0xde, 0xde, 0x9a, 0x9a, 0xab, 0xab, 0xab, 0xc7, 
	0xca, 0xd7, 0xd7, 0xca, 0xca, 0xca, 0xde, 0xf0, 
	0xde, 0xde, 0xce, 0x9a, 0x9a, 0xab, 0xb2, 0xb2, 
	0xbf, 0xab, 0xb2, 0xb2, 0xce, 0xde, 0xde, 0xf0, 
	0xf0, 0xd8, 0x9a, 0x9a, 0xab, 0x9a, 0xb2, 0xca, 
	0xd7, 0xca, 0xc7, 0xca, 0xd8, 0xf0, 0xde, 0xde, 
	0xde, 0xb2, 0x9a, 0xab, 0xab, 0xb2, 0xb2, 0xab, 
	0x9a, 0x9a, 0xab, 0xab, 0xb2, 0xce, 0xf0, 0xde, 
	0xb2, 0xce, 0xab, 0x9a, 0x9a, 0xab, 0xca, 0xd7, 
	0xca, 0xd8, 0xf0, 0xde, 0xde, 0xce, 0xc7, 0xce, 
	0xde, 0xab, 0x9a, 0x9a, 0xab, 0xbf, 0xc7, 0xbf, 
	0xab, 0xab, 0xbf, 0xbf, 0xbf, 0xce, 0xde, 0xce, 
	0xab, 0xb2, 0xde, 0xce, 0x9a, 0xab, 0xbf, 0xca, 
	0xde, 0xf0, 0xde, 0xc7, 0x9a, 0xab, 0xbf, 0xce, 
	0xde, 0xb2, 0x9a, 0xab, 0xca, 0xc7, 0xca, 0xca, 
	0xbf, 0xca, 0xd7, 0xca, 0xc7, 0xde, 0xde, 0x9a, 
	0xab, 0xbf, 0xce, 0xf0, 0xde, 0xca, 0xca, 0xde, 
	0xd8, 0xc7, 0x9a, 0x9a, 0xab, 0xbf, 0xc7, 0xbf, 
	0xd8, 0xde, 0xab, 0x9a, 0xab, 0xc7, 0xca, 0xc7, 
	0xab, 0xd7, 0xd7, 0xce, 0xde, 0xde, 0xc7, 0xab, 
	0xab, 0xc7, 0xd8, 0xce, 0xde, 0xde, 0xde, 0xc7, 
	0x9a, 0x9a, 0xab, 0xab, 0xbf, 0xc7, 0xc7, 0xbf, 
	0xce, 0xde, 0xb2, 0x9a, 0x9a, 0xab, 0xbf, 0xbf, 
	0xca, 0xd7, 0xc7, 0xde, 0xde, 0xc7, 0xab, 0xbf, 
	0xca, 0xbf, 0xb2, 0xce, 0xce, 0xde, 0xc7, 0x9a, 
	0xab, 0xbf, 0xab, 0xab, 0xc7, 0xc7, 0xca, 0xca, 
	0xbf, 0xde, 0xce, 0xb2, 0x9a, 0xbf, 0xbf, 0xce, 
	0xca, 0xc7, 0xde, 0xc7, 0x9a, 0x9a, 0xbf, 0xc7, 
	0xab, 0xbf, 0xbf, 0xab, 0xbf, 0xde, 0x9a, 0xab, 
	0xc7, 0xab, 0xab, 0xbf, 0xca, 0xc7, 0xb2, 0xca, 
	0xbf, 0xd8, 0xde, 0xab, 0xb2, 0xce, 0xca, 0xd7, 
	0xce, 0xde, 0xc7, 0x9a, 0xab, 0xab, 0xc7, 0xca, 
	0xbf, 0xca, 0xca, 0xca, 0xbf, 0xde, 0xab, 0xab, 
	0xbf, 0xab, 0xbf, 0xbf, 0xca, 0xab, 0xab, 0xca, 
	0xca, 0xce, 0xde, 0xab, 0xb2, 0xce, 0xd7, 0xd8, 
	0xf0, 0xc7, 0x9a, 0x9a, 0xab, 0xc7, 0xab, 0xab, 
	
};

Gfx castle_grounds_dl_Newgrass4_i4_aligner[] = {gsSPEndDisplayList()};
u8 castle_grounds_dl_Newgrass4_i4[] = {
	0x44, 0x45, 0x55, 0x44, 0x45, 0x44, 0x54, 0x44, 
	0x44, 0x44, 0x44, 0x44, 0x44, 0x44, 0x44, 0x44, 
	0x44, 0x44, 0x44, 0x33, 0x44, 0x44, 0x44, 0x44, 
	0x44, 0x44, 0x44, 0x44, 0x44, 0x44, 0x44, 0x44, 
	0x44, 0x44, 0x55, 0x44, 0x55, 0x54, 0x54, 0x44, 
	0x44, 0x44, 0x44, 0x44, 0x44, 0x44, 0x44, 0x44, 
	0x44, 0x44, 0x44, 0x44, 0x44, 0x44, 0x44, 0x44, 
	0x54, 0x44, 0x44, 0x44, 0x44, 0x44, 0x44, 0x44, 
	0x44, 0x54, 0x54, 0x55, 0x55, 0x55, 0x54, 0x44, 
	0x44, 0x44, 0x44, 0x44, 0x44, 0x44, 0x44, 0x44, 
	0x44, 0x44, 0x44, 0x44, 0x44, 0x44, 0x44, 0x44, 
	0x44, 0x44, 0x44, 0x44, 0x44, 0x54, 0x44, 0x44, 
	0x44, 0x44, 0x55, 0x54, 0x54, 0x45, 0x55, 0x44, 
	0x44, 0x44, 0x44, 0x44, 0x44, 0x44, 0x44, 0x44, 
	0x44, 0x44, 0x44, 0x33, 0x43, 0x44, 0x44, 0x44, 
	0x44, 0x44, 0x44, 0x44, 0x45, 0x44, 0x44, 0x44, 
	0x44, 0x44, 0x45, 0x44, 0x55, 0x44, 0x44, 0x44, 
	0x44, 0x44, 0x44, 0x44, 0x44, 0x44, 0x44, 0x44, 
	0x44, 0x44, 0x33, 0x44, 0x34, 0x34, 0x44, 0x44, 
	0x44, 0x43, 0x43, 0x44, 0x44, 0x44, 0x44, 0x44, 
	0x44, 0x54, 0x44, 0x44, 0x44, 0x44, 0x44, 0x44, 
	0x44, 0x44, 0x44, 0x44, 0x44, 0x44, 0x44, 0x44, 
	0x54, 0x44, 0x44, 0x33, 0x44, 0x44, 0x44, 0x44, 
	0x44, 0x44, 0x33, 0x33, 0x44, 0x34, 0x44, 0x44, 
	0x44, 0x44, 0x44, 0x44, 0x44, 0x44, 0x44, 0x44, 
	0x44, 0x44, 0x44, 0x44, 0x44, 0x44, 0x44, 0x44, 
	0x44, 0x34, 0x44, 0x44, 0x44, 0x44, 0x44, 0x44, 
	0x44, 0x43, 0x44, 0x33, 0x33, 0x43, 0x44, 0x44, 
	0x44, 0x44, 0x44, 0x44, 0x44, 0x44, 0x44, 0x44, 
	0x44, 0x44, 0x44, 0x44, 0x44, 0x44, 0x44, 0x44, 
	0x34, 0x34, 0x44, 0x44, 0x44, 0x44, 0x44, 0x44, 
	0x44, 0x44, 0x44, 0x44, 0x34, 0x43, 0x44, 0x44, 
	0x44, 0x44, 0x44, 0x44, 0x44, 0x34, 0x44, 0x44, 
	0x44, 0x33, 0x44, 0x44, 0x44, 0x44, 0x44, 0x44, 
	0x34, 0x44, 0x44, 0x44, 0x44, 0x44, 0x44, 0x44, 
	0x44, 0x44, 0x44, 0x44, 0x44, 0x33, 0x33, 0x44, 
	0x44, 0x44, 0x44, 0x44, 0x44, 0x44, 0x44, 0x44, 
	0x44, 0x34, 0x44, 0x44, 0x44, 0x44, 0x44, 0x44, 
	0x44, 0x44, 0x44, 0x44, 0x44, 0x44, 0x44, 0x44, 
	0x44, 0x44, 0x44, 0x44, 0x44, 0x44, 0x44, 0x44, 
	0x44, 0x44, 0x44, 0x44, 0x44, 0x44, 0x44, 0x44, 
	0x44, 0x44, 0x44, 0x44, 0x44, 0x44, 0x45, 0x44, 
	0x44, 0x44, 0x44, 0x44, 0x44, 0x44, 0x44, 0x44, 
	0x44, 0x44, 0x44, 0x44, 0x44, 0x44, 0x44, 0x44, 
	0x44, 0x44, 0x44, 0x44, 0x44, 0x44, 0x44, 0x44, 
	0x44, 0x44, 0x44, 0x44, 0x45, 0x44, 0x54, 0x44, 
	0x45, 0x44, 0x44, 0x54, 0x44, 0x44, 0x44, 0x44, 
	0x44, 0x44, 0x44, 0x44, 0x44, 0x44, 0x44, 0x44, 
	0x44, 0x44, 0x44, 0x44, 0x44, 0x44, 0x44, 0x44, 
	0x44, 0x44, 0x44, 0x44, 0x44, 0x44, 0x44, 0x55, 
	0x55, 0x44, 0x44, 0x44, 0x44, 0x45, 0x54, 0x44, 
	0x44, 0x44, 0x44, 0x44, 0x44, 0x44, 0x44, 0x44, 
	0x44, 0x44, 0x44, 0x44, 0x44, 0x44, 0x44, 0x44, 
	0x44, 0x44, 0x44, 0x44, 0x44, 0x44, 0x44, 0x44, 
	0x55, 0x54, 0x44, 0x45, 0x44, 0x44, 0x44, 0x44, 
	0x44, 0x44, 0x44, 0x44, 0x44, 0x44, 0x44, 0x44, 
	0x44, 0x44, 0x45, 0x44, 0x44, 0x44, 0x44, 0x44, 
	0x44, 0x44, 0x44, 0x44, 0x44, 0x44, 0x44, 0x44, 
	0x55, 0x45, 0x44, 0x44, 0x44, 0x44, 0x44, 0x44, 
	0x44, 0x44, 0x44, 0x44, 0x44, 0x44, 0x44, 0x44, 
	0x44, 0x54, 0x44, 0x45, 0x44, 0x44, 0x44, 0x44, 
	0x44, 0x44, 0x44, 0x44, 0x44, 0x44, 0x44, 0x44, 
	0x44, 0x55, 0x44, 0x44, 0x44, 0x44, 0x44, 0x54, 
	0x44, 0x44, 0x44, 0x44, 0x44, 0x45, 0x44, 0x44, 
	0x44, 0x45, 0x44, 0x55, 0x44, 0x44, 0x44, 0x44, 
	0x44, 0x44, 0x44, 0x44, 0x44, 0x44, 0x44, 0x44, 
	0x44, 0x44, 0x44, 0x44, 0x44, 0x54, 0x44, 0x44, 
	0x54, 0x44, 0x44, 0x44, 0x44, 0x44, 0x44, 0x44, 
	0x54, 0x44, 0x54, 0x44, 0x55, 0x54, 0x45, 0x54, 
	0x44, 0x44, 0x44, 0x45, 0x44, 0x45, 0x44, 0x44, 
	0x44, 0x45, 0x44, 0x44, 0x44, 0x54, 0x44, 0x45, 
	0x44, 0x44, 0x44, 0x54, 0x44, 0x44, 0x44, 0x44, 
	0x44, 0x45, 0x44, 0x45, 0x44, 0x44, 0x44, 0x44, 
	0x44, 0x44, 0x44, 0x44, 0x44, 0x44, 0x45, 0x44, 
	0x44, 0x55, 0x44, 0x44, 0x54, 0x45, 0x44, 0x45, 
	0x44, 0x44, 0x44, 0x45, 0x54, 0x54, 0x44, 0x44, 
	0x44, 0x44, 0x44, 0x44, 0x44, 0x44, 0x54, 0x45, 
	0x44, 0x44, 0x44, 0x44, 0x44, 0x44, 0x44, 0x54, 
	0x44, 0x45, 0x54, 0x55, 0x45, 0x44, 0x54, 0x55, 
	0x54, 0x44, 0x44, 0x44, 0x44, 0x44, 0x44, 0x44, 
	0x44, 0x44, 0x44, 0x44, 0x44, 0x44, 0x44, 0x44, 
	0x44, 0x44, 0x44, 0x44, 0x44, 0x44, 0x54, 0x45, 
	0x44, 0x44, 0x44, 0x55, 0x44, 0x44, 0x44, 0x55, 
	0x44, 0x44, 0x44, 0x44, 0x44, 0x44, 0x44, 0x44, 
	0x44, 0x44, 0x44, 0x44, 0x44, 0x44, 0x44, 0x44, 
	0x44, 0x44, 0x44, 0x44, 0x44, 0x44, 0x54, 0x45, 
	0x44, 0x44, 0x54, 0x44, 0x44, 0x44, 0x45, 0x45, 
	0x44, 0x44, 0x44, 0x44, 0x44, 0x44, 0x44, 0x44, 
	0x44, 0x44, 0x44, 0x44, 0x44, 0x44, 0x44, 0x44, 
	0x44, 0x44, 0x44, 0x44, 0x44, 0x44, 0x44, 0x55, 
	0x54, 0x54, 0x44, 0x44, 0x44, 0x44, 0x44, 0x44, 
	0x44, 0x44, 0x44, 0x44, 0x44, 0x44, 0x44, 0x44, 
	0x44, 0x44, 0x44, 0x44, 0x44, 0x44, 0x44, 0x44, 
	0x44, 0x44, 0x44, 0x44, 0x44, 0x44, 0x54, 0x55, 
	0x45, 0x44, 0x44, 0x44, 0x54, 0x44, 0x44, 0x44, 
	0x44, 0x44, 0x55, 0x44, 0x44, 0x44, 0x44, 0x44, 
	0x44, 0x44, 0x44, 0x44, 0x44, 0x44, 0x44, 0x44, 
	0x44, 0x44, 0x44, 0x44, 0x44, 0x44, 0x45, 0x55, 
	0x44, 0x44, 0x45, 0x44, 0x45, 0x45, 0x44, 0x54, 
	0x44, 0x44, 0x44, 0x54, 0x44, 0x44, 0x44, 0x44, 
	0x44, 0x44, 0x44, 0x44, 0x44, 0x44, 0x44, 0x44, 
	0x44, 0x44, 0x43, 0x34, 0x44, 0x44, 0x44, 0x54, 
	0x44, 0x44, 0x44, 0x44, 0x44, 0x55, 0x55, 0x55, 
	0x44, 0x44, 0x54, 0x54, 0x44, 0x44, 0x44, 0x44, 
	0x44, 0x44, 0x44, 0x44, 0x44, 0x44, 0x44, 0x44, 
	0x44, 0x44, 0x33, 0x33, 0x44, 0x44, 0x54, 0x54, 
	0x44, 0x44, 0x44, 0x44, 0x44, 0x45, 0x54, 0x44, 
	0x44, 0x44, 0x44, 0x44, 0x44, 0x44, 0x44, 0x44, 
	0x44, 0x44, 0x44, 0x44, 0x44, 0x44, 0x44, 0x44, 
	0x44, 0x44, 0x43, 0x44, 0x44, 0x44, 0x44, 0x44, 
	0x44, 0x45, 0x44, 0x44, 0x45, 0x44, 0x45, 0x44, 
	0x44, 0x44, 0x44, 0x44, 0x44, 0x44, 0x44, 0x44, 
	0x44, 0x44, 0x44, 0x44, 0x44, 0x44, 0x44, 0x44, 
	0x44, 0x44, 0x44, 0x44, 0x44, 0x44, 0x45, 0x54, 
	0x44, 0x44, 0x44, 0x44, 0x44, 0x44, 0x44, 0x44, 
	0x44, 0x44, 0x44, 0x44, 0x44, 0x44, 0x44, 0x44, 
	0x44, 0x44, 0x44, 0x44, 0x44, 0x44, 0x44, 0x44, 
	0x44, 0x44, 0x44, 0x44, 0x44, 0x45, 0x44, 0x44, 
	0x44, 0x45, 0x44, 0x44, 0x44, 0x44, 0x44, 0x44, 
	0x44, 0x44, 0x44, 0x44, 0x44, 0x44, 0x44, 0x44, 
	0x44, 0x44, 0x44, 0x44, 0x44, 0x44, 0x44, 0x44, 
	0x44, 0x44, 0x44, 0x44, 0x44, 0x44, 0x44, 0x44, 
	0x44, 0x55, 0x55, 0x54, 0x44, 0x44, 0x44, 0x44, 
	0x44, 0x44, 0x44, 0x44, 0x44, 0x44, 0x44, 0x44, 
	0x44, 0x44, 0x44, 0x43, 0x44, 0x44, 0x44, 0x44, 
	0x44, 0x44, 0x44, 0x44, 0x44, 0x44, 0x44, 0x44, 
	0x44, 0x45, 0x55, 0x54, 0x44, 0x44, 0x44, 0x44, 
	0x44, 0x44, 0x34, 0x44, 0x44, 0x44, 0x44, 0x44, 
	0x44, 0x44, 0x44, 0x33, 0x44, 0x44, 0x44, 0x44, 
	0x44, 0x44, 0x44, 0x44, 0x44, 0x44, 0x44, 0x44, 
	0x44, 0x45, 0x55, 0x44, 0x45, 0x44, 0x54, 0x44, 
	0x44, 0x44, 0x44, 0x44, 0x44, 0x44, 0x44, 0x44, 
	0x44, 0x44, 0x44, 0x44, 0x44, 0x44, 0x44, 0x44, 
	0x54, 0x44, 0x44, 0x44, 0x44, 0x44, 0x44, 0x44, 
	0x44, 0x44, 0x55, 0x44, 0x55, 0x54, 0x54, 0x44, 
	0x44, 0x44, 0x44, 0x44, 0x44, 0x44, 0x44, 0x44, 
	0x44, 0x44, 0x44, 0x44, 0x44, 0x44, 0x44, 0x44, 
	0x44, 0x44, 0x44, 0x44, 0x44, 0x54, 0x44, 0x44, 
	0x44, 0x54, 0x54, 0x55, 0x55, 0x55, 0x54, 0x44, 
	0x44, 0x44, 0x44, 0x44, 0x44, 0x44, 0x44, 0x44, 
	0x44, 0x44, 0x44, 0x33, 0x43, 0x44, 0x44, 0x44, 
	0x44, 0x44, 0x44, 0x44, 0x45, 0x44, 0x44, 0x44, 
	0x44, 0x44, 0x55, 0x54, 0x54, 0x45, 0x55, 0x44, 
	0x44, 0x44, 0x44, 0x44, 0x44, 0x44, 0x44, 0x44, 
	0x44, 0x44, 0x33, 0x44, 0x34, 0x34, 0x44, 0x44, 
	0x44, 0x43, 0x43, 0x44, 0x44, 0x44, 0x44, 0x44, 
	0x44, 0x44, 0x45, 0x44, 0x55, 0x44, 0x44, 0x44, 
	0x44, 0x44, 0x44, 0x44, 0x44, 0x44, 0x44, 0x44, 
	0x54, 0x44, 0x44, 0x33, 0x44, 0x44, 0x44, 0x44, 
	0x44, 0x44, 0x33, 0x33, 0x44, 0x34, 0x44, 0x44, 
	0x44, 0x54, 0x44, 0x44, 0x44, 0x44, 0x44, 0x44, 
	0x44, 0x44, 0x44, 0x44, 0x44, 0x44, 0x44, 0x44, 
	0x44, 0x34, 0x44, 0x44, 0x44, 0x44, 0x44, 0x44, 
	0x44, 0x43, 0x44, 0x33, 0x33, 0x43, 0x44, 0x44, 
	0x44, 0x44, 0x44, 0x44, 0x44, 0x44, 0x44, 0x44, 
	0x44, 0x44, 0x44, 0x44, 0x44, 0x44, 0x44, 0x44, 
	0x34, 0x34, 0x44, 0x44, 0x44, 0x44, 0x44, 0x44, 
	0x44, 0x44, 0x44, 0x44, 0x34, 0x43, 0x44, 0x44, 
	0x44, 0x44, 0x44, 0x44, 0x44, 0x44, 0x44, 0x44, 
	0x44, 0x44, 0x44, 0x44, 0x44, 0x44, 0x44, 0x44, 
	0x34, 0x44, 0x44, 0x44, 0x44, 0x44, 0x44, 0x44, 
	0x44, 0x44, 0x44, 0x44, 0x44, 0x33, 0x33, 0x44, 
	0x44, 0x44, 0x44, 0x44, 0x44, 0x34, 0x44, 0x44, 
	0x44, 0x33, 0x44, 0x44, 0x44, 0x44, 0x44, 0x44, 
	0x44, 0x44, 0x44, 0x44, 0x44, 0x44, 0x44, 0x44, 
	0x44, 0x44, 0x44, 0x44, 0x44, 0x44, 0x44, 0x44, 
	0x44, 0x44, 0x44, 0x44, 0x44, 0x44, 0x44, 0x44, 
	0x44, 0x34, 0x44, 0x44, 0x44, 0x44, 0x44, 0x44, 
	0x44, 0x44, 0x44, 0x44, 0x44, 0x44, 0x44, 0x44, 
	0x44, 0x44, 0x44, 0x44, 0x44, 0x44, 0x44, 0x44, 
	0x44, 0x44, 0x44, 0x44, 0x44, 0x44, 0x44, 0x44, 
	0x44, 0x44, 0x44, 0x44, 0x44, 0x44, 0x45, 0x44, 
	0x45, 0x44, 0x44, 0x54, 0x44, 0x44, 0x44, 0x44, 
	0x44, 0x44, 0x44, 0x44, 0x44, 0x44, 0x44, 0x44, 
	0x44, 0x44, 0x44, 0x44, 0x44, 0x44, 0x44, 0x44, 
	0x44, 0x44, 0x44, 0x44, 0x45, 0x44, 0x54, 0x44, 
	0x55, 0x44, 0x44, 0x44, 0x44, 0x45, 0x54, 0x44, 
	0x44, 0x44, 0x44, 0x44, 0x44, 0x44, 0x44, 0x44, 
	0x44, 0x44, 0x44, 0x44, 0x44, 0x44, 0x44, 0x44, 
	0x44, 0x44, 0x44, 0x44, 0x44, 0x44, 0x44, 0x55, 
	0x55, 0x54, 0x44, 0x45, 0x44, 0x44, 0x44, 0x44, 
	0x44, 0x44, 0x44, 0x44, 0x44, 0x44, 0x44, 0x44, 
	0x44, 0x44, 0x44, 0x44, 0x44, 0x44, 0x44, 0x44, 
	0x44, 0x44, 0x44, 0x44, 0x44, 0x44, 0x44, 0x44, 
	0x55, 0x45, 0x44, 0x44, 0x44, 0x44, 0x44, 0x44, 
	0x44, 0x44, 0x44, 0x44, 0x44, 0x44, 0x44, 0x44, 
	0x44, 0x44, 0x45, 0x44, 0x44, 0x44, 0x44, 0x44, 
	0x44, 0x44, 0x44, 0x44, 0x44, 0x44, 0x44, 0x44, 
	0x44, 0x55, 0x44, 0x44, 0x44, 0x44, 0x44, 0x54, 
	0x44, 0x44, 0x44, 0x44, 0x44, 0x45, 0x44, 0x44, 
	0x44, 0x54, 0x44, 0x45, 0x44, 0x44, 0x44, 0x44, 
	0x44, 0x44, 0x44, 0x44, 0x44, 0x44, 0x44, 0x44, 
	0x44, 0x44, 0x44, 0x44, 0x44, 0x54, 0x44, 0x44, 
	0x54, 0x44, 0x44, 0x44, 0x44, 0x44, 0x44, 0x44, 
	0x44, 0x45, 0x44, 0x55, 0x44, 0x44, 0x44, 0x44, 
	0x44, 0x44, 0x44, 0x44, 0x44, 0x44, 0x44, 0x44, 
	0x44, 0x45, 0x44, 0x44, 0x44, 0x54, 0x44, 0x45, 
	0x44, 0x44, 0x44, 0x54, 0x44, 0x44, 0x44, 0x44, 
	0x54, 0x44, 0x54, 0x44, 0x55, 0x54, 0x45, 0x54, 
	0x44, 0x44, 0x44, 0x45, 0x44, 0x45, 0x44, 0x44, 
	0x44, 0x55, 0x44, 0x44, 0x54, 0x45, 0x44, 0x45, 
	0x44, 0x44, 0x44, 0x45, 0x54, 0x54, 0x44, 0x44, 
	0x44, 0x45, 0x44, 0x45, 0x44, 0x44, 0x44, 0x44, 
	0x44, 0x44, 0x44, 0x44, 0x44, 0x44, 0x45, 0x44, 
	0x44, 0x45, 0x54, 0x55, 0x45, 0x44, 0x54, 0x55, 
	0x54, 0x44, 0x44, 0x44, 0x44, 0x44, 0x44, 0x44, 
	0x44, 0x44, 0x44, 0x44, 0x44, 0x44, 0x54, 0x45, 
	0x44, 0x44, 0x44, 0x44, 0x44, 0x44, 0x44, 0x54, 
	0x44, 0x44, 0x44, 0x55, 0x44, 0x44, 0x44, 0x55, 
	0x44, 0x44, 0x44, 0x44, 0x44, 0x44, 0x44, 0x44, 
	0x44, 0x44, 0x44, 0x44, 0x44, 0x44, 0x44, 0x44, 
	0x44, 0x44, 0x44, 0x44, 0x44, 0x44, 0x54, 0x45, 
	0x44, 0x44, 0x54, 0x44, 0x44, 0x44, 0x45, 0x45, 
	0x44, 0x44, 0x44, 0x44, 0x44, 0x44, 0x44, 0x44, 
	0x44, 0x44, 0x44, 0x44, 0x44, 0x44, 0x44, 0x44, 
	0x44, 0x44, 0x44, 0x44, 0x44, 0x44, 0x54, 0x45, 
	0x54, 0x54, 0x44, 0x44, 0x44, 0x44, 0x44, 0x44, 
	0x44, 0x44, 0x44, 0x44, 0x44, 0x44, 0x44, 0x44, 
	0x44, 0x44, 0x44, 0x44, 0x44, 0x44, 0x44, 0x44, 
	0x44, 0x44, 0x44, 0x44, 0x44, 0x44, 0x44, 0x55, 
	0x45, 0x44, 0x44, 0x44, 0x54, 0x44, 0x44, 0x44, 
	0x44, 0x44, 0x55, 0x44, 0x44, 0x44, 0x44, 0x44, 
	0x44, 0x44, 0x44, 0x44, 0x44, 0x44, 0x44, 0x44, 
	0x44, 0x44, 0x44, 0x44, 0x44, 0x44, 0x54, 0x55, 
	0x44, 0x44, 0x45, 0x44, 0x45, 0x45, 0x44, 0x54, 
	0x44, 0x44, 0x44, 0x54, 0x44, 0x44, 0x44, 0x44, 
	0x44, 0x44, 0x44, 0x44, 0x44, 0x44, 0x44, 0x44, 
	0x44, 0x44, 0x44, 0x44, 0x44, 0x44, 0x45, 0x55, 
	0x44, 0x44, 0x44, 0x44, 0x44, 0x55, 0x55, 0x55, 
	0x44, 0x44, 0x54, 0x54, 0x44, 0x44, 0x44, 0x44, 
	0x44, 0x44, 0x44, 0x44, 0x44, 0x44, 0x44, 0x44, 
	0x44, 0x44, 0x43, 0x34, 0x44, 0x44, 0x44, 0x54, 
	0x44, 0x44, 0x44, 0x44, 0x44, 0x45, 0x54, 0x44, 
	0x44, 0x44, 0x44, 0x44, 0x44, 0x44, 0x44, 0x44, 
	0x44, 0x44, 0x44, 0x44, 0x44, 0x44, 0x44, 0x44, 
	0x44, 0x44, 0x33, 0x33, 0x44, 0x44, 0x54, 0x54, 
	0x44, 0x45, 0x44, 0x44, 0x45, 0x44, 0x45, 0x44, 
	0x44, 0x44, 0x44, 0x44, 0x44, 0x44, 0x44, 0x44, 
	0x44, 0x44, 0x44, 0x44, 0x44, 0x44, 0x44, 0x44, 
	0x44, 0x44, 0x43, 0x44, 0x44, 0x44, 0x44, 0x44, 
	0x44, 0x44, 0x44, 0x44, 0x44, 0x44, 0x44, 0x44, 
	0x44, 0x44, 0x44, 0x44, 0x44, 0x44, 0x44, 0x44, 
	0x44, 0x44, 0x44, 0x44, 0x44, 0x44, 0x44, 0x44, 
	0x44, 0x44, 0x44, 0x44, 0x44, 0x44, 0x45, 0x54, 
	0x44, 0x45, 0x44, 0x44, 0x44, 0x44, 0x44, 0x44, 
	0x44, 0x44, 0x44, 0x44, 0x44, 0x44, 0x44, 0x44, 
	0x44, 0x44, 0x44, 0x44, 0x44, 0x44, 0x44, 0x44, 
	0x44, 0x44, 0x44, 0x44, 0x44, 0x45, 0x44, 0x44, 
	0x44, 0x55, 0x55, 0x54, 0x44, 0x44, 0x44, 0x44, 
	0x44, 0x44, 0x44, 0x44, 0x44, 0x44, 0x44, 0x44, 
	0x44, 0x44, 0x44, 0x44, 0x44, 0x44, 0x44, 0x44, 
	0x44, 0x44, 0x44, 0x44, 0x44, 0x44, 0x44, 0x44, 
	0x44, 0x45, 0x55, 0x54, 0x44, 0x44, 0x44, 0x44, 
	0x44, 0x44, 0x34, 0x44, 0x44, 0x44, 0x44, 0x44, 
	0x44, 0x44, 0x44, 0x43, 0x44, 0x44, 0x44, 0x44, 
	0x44, 0x44, 0x44, 0x44, 0x44, 0x44, 0x44, 0x44, 
	
};

Gfx castle_grounds_dl_Wallpaper_03_Green_1_64x64_i4_aligner[] = {gsSPEndDisplayList()};
u8 castle_grounds_dl_Wallpaper_03_Green_1_64x64_i4[] = {
	0x99, 0x99, 0x99, 0x99, 0x99, 0x99, 0x99, 0x99, 
	0x99, 0x99, 0x99, 0x99, 0x98, 0x88, 0x88, 0x88, 
	0x88, 0x88, 0x88, 0x88, 0x88, 0x88, 0x88, 0x89, 
	0x99, 0x99, 0x99, 0x99, 0x99, 0x99, 0x99, 0x99, 
	0x99, 0x99, 0x99, 0x99, 0x99, 0x99, 0x99, 0x99, 
	0x99, 0x99, 0x99, 0x99, 0x88, 0x88, 0x88, 0x88, 
	0x88, 0x88, 0x88, 0x88, 0x88, 0x88, 0x88, 0x99, 
	0x99, 0x99, 0x99, 0x99, 0x99, 0x99, 0x99, 0x99, 
	0x99, 0x99, 0x99, 0x99, 0x99, 0x99, 0x99, 0x99, 
	0x99, 0x99, 0x99, 0x88, 0x88, 0x88, 0x88, 0x88, 
	0x88, 0x88, 0x88, 0x88, 0x88, 0x88, 0x99, 0x99, 
	0x99, 0x99, 0x99, 0x99, 0x99, 0x99, 0x99, 0x99, 
	0x99, 0x88, 0x88, 0x88, 0x99, 0x99, 0x99, 0x99, 
	0x99, 0x99, 0x98, 0x88, 0x88, 0x88, 0x88, 0x88, 
	0x88, 0x88, 0x88, 0x88, 0x88, 0x89, 0x99, 0x99, 
	0x99, 0x99, 0x98, 0x88, 0x88, 0x99, 0x99, 0x99, 
	0x98, 0x88, 0x88, 0x88, 0x89, 0x99, 0x99, 0x99, 
	0x99, 0x99, 0x98, 0x88, 0x88, 0x88, 0x88, 0x88, 
	0x88, 0x88, 0x88, 0x88, 0x88, 0x89, 0x99, 0x99, 
	0x99, 0x98, 0x88, 0x88, 0x88, 0x99, 0x99, 0x99, 
	0x98, 0x88, 0x88, 0x88, 0x88, 0x99, 0x99, 0x99, 
	0x99, 0x99, 0x88, 0x88, 0x88, 0x88, 0x88, 0x88, 
	0x88, 0x88, 0x88, 0x88, 0x88, 0x99, 0x99, 0x99, 
	0x99, 0x88, 0x88, 0x88, 0x88, 0x89, 0x99, 0x99, 
	0x88, 0x88, 0x88, 0x88, 0x88, 0x99, 0x99, 0x99, 
	0x99, 0x88, 0x88, 0x88, 0x88, 0x88, 0x88, 0x88, 
	0x88, 0x88, 0x88, 0x88, 0x99, 0x99, 0x99, 0x99, 
	0x99, 0x88, 0x88, 0x88, 0x88, 0x88, 0x99, 0x99, 
	0x88, 0x88, 0x88, 0x88, 0x88, 0x99, 0x99, 0x99, 
	0x98, 0x88, 0x88, 0x88, 0x88, 0x88, 0x88, 0x88, 
	0x88, 0x88, 0x88, 0x89, 0x99, 0x99, 0x99, 0x99, 
	0x99, 0x88, 0x88, 0x88, 0x88, 0x88, 0x99, 0x99, 
	0x88, 0x88, 0x88, 0x88, 0x88, 0x99, 0x99, 0x99, 
	0x98, 0x88, 0x88, 0x88, 0x88, 0x88, 0x88, 0x88, 
	0x88, 0x88, 0x88, 0x89, 0x99, 0x99, 0x99, 0x99, 
	0x99, 0x88, 0x88, 0x88, 0x88, 0x88, 0x99, 0x99, 
	0x88, 0x88, 0x88, 0x88, 0x88, 0x99, 0x99, 0x99, 
	0x88, 0x88, 0x88, 0x88, 0x88, 0x88, 0x88, 0x88, 
	0x88, 0x88, 0x88, 0x99, 0x99, 0x99, 0x99, 0x99, 
	0x99, 0x88, 0x88, 0x88, 0x88, 0x88, 0x99, 0x99, 
	0x98, 0x88, 0x88, 0x88, 0x88, 0x99, 0x99, 0x88, 
	0x88, 0x88, 0x88, 0x88, 0x88, 0x88, 0x88, 0x88, 
	0x88, 0x88, 0x99, 0x99, 0x99, 0x99, 0x99, 0x99, 
	0x99, 0x88, 0x88, 0x88, 0x88, 0x89, 0x99, 0x99, 
	0x98, 0x88, 0x88, 0x88, 0x89, 0x99, 0x98, 0x88, 
	0x88, 0x88, 0x88, 0x88, 0x88, 0x88, 0x88, 0x88, 
	0x88, 0x89, 0x99, 0x99, 0x99, 0x99, 0x99, 0x99, 
	0x99, 0x98, 0x88, 0x88, 0x88, 0x99, 0x99, 0x98, 
	0x99, 0x88, 0x88, 0x88, 0x99, 0x99, 0x98, 0x88, 
	0x88, 0x88, 0x88, 0x88, 0x88, 0x88, 0x88, 0x88, 
	0x88, 0x89, 0x99, 0x99, 0x99, 0x99, 0x99, 0x99, 
	0x99, 0x99, 0x98, 0x88, 0x99, 0x99, 0x99, 0x98, 
	0x99, 0x99, 0x99, 0x99, 0x99, 0x99, 0x88, 0x88, 
	0x88, 0x88, 0x88, 0x88, 0x88, 0x88, 0x88, 0x88, 
	0x88, 0x99, 0x99, 0x99, 0x99, 0x99, 0x99, 0x99, 
	0x99, 0x99, 0x99, 0x99, 0x99, 0x99, 0x99, 0x88, 
	0x99, 0x99, 0x99, 0x99, 0x99, 0x88, 0x88, 0x88, 
	0x88, 0x88, 0x88, 0x88, 0x88, 0x88, 0x88, 0x88, 
	0x99, 0x99, 0x99, 0x99, 0x99, 0x99, 0x99, 0x99, 
	0x99, 0x99, 0x99, 0x99, 0x99, 0x99, 0x88, 0x88, 
	0x99, 0x99, 0x99, 0x99, 0x98, 0x88, 0x88, 0x88, 
	0x88, 0x88, 0x88, 0x88, 0x88, 0x88, 0x88, 0x89, 
	0x99, 0x99, 0x99, 0x99, 0x99, 0x99, 0x99, 0x99, 
	0x99, 0x99, 0x99, 0x99, 0x99, 0x98, 0x88, 0x88, 
	0x99, 0x99, 0x99, 0x99, 0x98, 0x88, 0x88, 0x88, 
	0x88, 0x88, 0x88, 0x88, 0x88, 0x88, 0x88, 0x89, 
	0x99, 0x99, 0x99, 0x99, 0x99, 0x99, 0x99, 0x99, 
	0x99, 0x99, 0x99, 0x99, 0x99, 0x98, 0x88, 0x88, 
	0x99, 0x99, 0x99, 0x99, 0x88, 0x88, 0x88, 0x88, 
	0x88, 0x88, 0x88, 0x88, 0x88, 0x88, 0x88, 0x99, 
	0x99, 0x99, 0x99, 0x99, 0x99, 0x99, 0x99, 0x99, 
	0x99, 0x99, 0x99, 0x99, 0x99, 0x88, 0x88, 0x88, 
	0x99, 0x99, 0x99, 0x88, 0x88, 0x88, 0x88, 0x88, 
	0x88, 0x88, 0x88, 0x88, 0x88, 0x88, 0x99, 0x99, 
	0x99, 0x99, 0x99, 0x99, 0x99, 0x99, 0x99, 0x99, 
	0x99, 0x99, 0x99, 0x99, 0x88, 0x88, 0x88, 0x88, 
	0x99, 0x99, 0x98, 0x88, 0x88, 0x88, 0x88, 0x88, 
	0x88, 0x88, 0x88, 0x88, 0x88, 0x89, 0x99, 0x99, 
	0x99, 0x99, 0x99, 0x99, 0x99, 0x99, 0x99, 0x99, 
	0x99, 0x99, 0x99, 0x98, 0x88, 0x88, 0x88, 0x88, 
	0x99, 0x99, 0x98, 0x88, 0x88, 0x88, 0x88, 0x88, 
	0x88, 0x88, 0x88, 0x88, 0x88, 0x89, 0x99, 0x99, 
	0x99, 0x99, 0x99, 0x99, 0x99, 0x99, 0x99, 0x99, 
	0x99, 0x99, 0x99, 0x98, 0x88, 0x88, 0x88, 0x88, 
	0x99, 0x99, 0x88, 0x88, 0x88, 0x88, 0x88, 0x88, 
	0x88, 0x88, 0x88, 0x88, 0x88, 0x99, 0x99, 0x99, 
	0x99, 0x99, 0x99, 0x99, 0x99, 0x99, 0x99, 0x99, 
	0x99, 0x99, 0x99, 0x88, 0x88, 0x88, 0x88, 0x88, 
	0x99, 0x88, 0x88, 0x88, 0x88, 0x88, 0x88, 0x88, 
	0x88, 0x88, 0x88, 0x88, 0x99, 0x99, 0x99, 0x99, 
	0x99, 0x99, 0x99, 0x99, 0x99, 0x99, 0x99, 0x99, 
	0x99, 0x99, 0x88, 0x88, 0x88, 0x88, 0x88, 0x88, 
	0x98, 0x88, 0x88, 0x88, 0x88, 0x88, 0x88, 0x88, 
	0x88, 0x88, 0x88, 0x89, 0x99, 0x99, 0x99, 0x99, 
	0x99, 0x99, 0x99, 0x99, 0x99, 0x99, 0x99, 0x99, 
	0x99, 0x98, 0x88, 0x88, 0x88, 0x88, 0x88, 0x88, 
	0x98, 0x88, 0x88, 0x88, 0x88, 0x88, 0x88, 0x88, 
	0x88, 0x88, 0x88, 0x89, 0x99, 0x99, 0x99, 0x99, 
	0x99, 0x99, 0x99, 0x99, 0x99, 0x99, 0x99, 0x99, 
	0x99, 0x98, 0x88, 0x88, 0x88, 0x88, 0x88, 0x88, 
	0x88, 0x88, 0x88, 0x88, 0x88, 0x88, 0x88, 0x88, 
	0x88, 0x88, 0x88, 0x99, 0x99, 0x99, 0x99, 0x99, 
	0x99, 0x99, 0x99, 0x99, 0x99, 0x99, 0x99, 0x99, 
	0x99, 0x88, 0x88, 0x88, 0x88, 0x88, 0x88, 0x88, 
	0x88, 0x88, 0x88, 0x88, 0x88, 0x88, 0x88, 0x88, 
	0x88, 0x88, 0x99, 0x99, 0x99, 0x99, 0x99, 0x99, 
	0x99, 0x99, 0x99, 0x99, 0x99, 0x99, 0x99, 0x99, 
	0x88, 0x88, 0x88, 0x88, 0x88, 0x88, 0x88, 0x88, 
	0x88, 0x88, 0x88, 0x88, 0x88, 0x88, 0x88, 0x88, 
	0x88, 0x89, 0x99, 0x99, 0x99, 0x99, 0x99, 0x99, 
	0x99, 0x99, 0x99, 0x99, 0x99, 0x99, 0x99, 0x98, 
	0x88, 0x88, 0x88, 0x88, 0x88, 0x88, 0x88, 0x88, 
	0x88, 0x88, 0x88, 0x88, 0x88, 0x88, 0x88, 0x88, 
	0x88, 0x89, 0x99, 0x99, 0x99, 0x99, 0x99, 0x99, 
	0x99, 0x99, 0x99, 0x99, 0x99, 0x99, 0x99, 0x98, 
	0x88, 0x88, 0x88, 0x88, 0x88, 0x88, 0x88, 0x88, 
	0x88, 0x88, 0x88, 0x88, 0x88, 0x88, 0x88, 0x88, 
	0x88, 0x99, 0x99, 0x99, 0x99, 0x99, 0x99, 0x99, 
	0x99, 0x99, 0x99, 0x99, 0x99, 0x99, 0x99, 0x88, 
	0x88, 0x88, 0x88, 0x88, 0x88, 0x88, 0x88, 0x88, 
	0x88, 0x88, 0x88, 0x88, 0x88, 0x88, 0x88, 0x88, 
	0x99, 0x99, 0x99, 0x99, 0x99, 0x99, 0x99, 0x99, 
	0x99, 0x99, 0x99, 0x99, 0x99, 0x99, 0x88, 0x88, 
	0x88, 0x88, 0x88, 0x88, 0x88, 0x88, 0x88, 0x88, 
	0x88, 0x88, 0x88, 0x88, 0x88, 0x88, 0x88, 0x89, 
	0x99, 0x99, 0x99, 0x99, 0x99, 0x99, 0x99, 0x99, 
	0x99, 0x99, 0x99, 0x99, 0x99, 0x98, 0x88, 0x88, 
	0x88, 0x88, 0x88, 0x88, 0x88, 0x88, 0x88, 0x88, 
	0x88, 0x88, 0x88, 0x88, 0x88, 0x88, 0x88, 0x89, 
	0x99, 0x99, 0x99, 0x99, 0x99, 0x99, 0x99, 0x99, 
	0x99, 0x99, 0x99, 0x99, 0x99, 0x98, 0x88, 0x88, 
	0x88, 0x88, 0x88, 0x88, 0x88, 0x88, 0x88, 0x88, 
	0x88, 0x88, 0x88, 0x88, 0x88, 0x88, 0x88, 0x99, 
	0x99, 0x99, 0x99, 0x99, 0x99, 0x99, 0x99, 0x99, 
	0x99, 0x99, 0x99, 0x99, 0x99, 0x88, 0x88, 0x88, 
	0x88, 0x88, 0x88, 0x88, 0x88, 0x88, 0x88, 0x88, 
	0x88, 0x88, 0x88, 0x88, 0x88, 0x88, 0x99, 0x99, 
	0x99, 0x99, 0x99, 0x99, 0x99, 0x99, 0x99, 0x99, 
	0x99, 0x99, 0x99, 0x99, 0x88, 0x88, 0x88, 0x88, 
	0x88, 0x88, 0x88, 0x88, 0x88, 0x88, 0x88, 0x88, 
	0x88, 0x88, 0x88, 0x88, 0x88, 0x89, 0x99, 0x99, 
	0x99, 0x99, 0x99, 0x99, 0x99, 0x99, 0x99, 0x99, 
	0x99, 0x99, 0x99, 0x98, 0x88, 0x88, 0x88, 0x88, 
	0x88, 0x88, 0x88, 0x88, 0x88, 0x88, 0x88, 0x88, 
	0x88, 0x88, 0x88, 0x88, 0x88, 0x89, 0x99, 0x99, 
	0x99, 0x99, 0x99, 0x99, 0x99, 0x99, 0x99, 0x99, 
	0x99, 0x99, 0x99, 0x98, 0x88, 0x88, 0x88, 0x88, 
	0x88, 0x88, 0x88, 0x88, 0x88, 0x88, 0x88, 0x89, 
	0x88, 0x88, 0x88, 0x88, 0x88, 0x99, 0x99, 0x99, 
	0x99, 0x99, 0x99, 0x99, 0x99, 0x99, 0x99, 0x99, 
	0x99, 0x99, 0x99, 0x88, 0x88, 0x88, 0x88, 0x88, 
	0x88, 0x88, 0x88, 0x88, 0x88, 0x88, 0x89, 0x99, 
	0x88, 0x88, 0x88, 0x88, 0x99, 0x99, 0x99, 0x99, 
	0x99, 0x99, 0x99, 0x99, 0x99, 0x99, 0x99, 0x99, 
	0x99, 0x99, 0x88, 0x88, 0x88, 0x88, 0x88, 0x88, 
	0x88, 0x88, 0x88, 0x88, 0x88, 0x88, 0x99, 0x99, 
	0x88, 0x88, 0x88, 0x89, 0x99, 0x99, 0x99, 0x99, 
	0x99, 0x99, 0x99, 0x99, 0x99, 0x99, 0x99, 0x99, 
	0x99, 0x98, 0x88, 0x88, 0x88, 0x88, 0x88, 0x88, 
	0x88, 0x88, 0x88, 0x88, 0x88, 0x88, 0x99, 0x99, 
	0x88, 0x88, 0x88, 0x89, 0x99, 0x99, 0x99, 0x99, 
	0x99, 0x99, 0x99, 0x99, 0x99, 0x99, 0x99, 0x99, 
	0x99, 0x98, 0x88, 0x88, 0x88, 0x88, 0x88, 0x88, 
	0x88, 0x88, 0x88, 0x88, 0x88, 0x89, 0x99, 0x99, 
	0x88, 0x88, 0x88, 0x99, 0x99, 0x99, 0x99, 0x99, 
	0x99, 0x99, 0x99, 0x99, 0x99, 0x99, 0x99, 0x99, 
	0x99, 0x88, 0x88, 0x88, 0x88, 0x88, 0x88, 0x88, 
	0x88, 0x88, 0x88, 0x88, 0x89, 0x99, 0x99, 0x99, 
	0x88, 0x88, 0x99, 0x99, 0x99, 0x99, 0x99, 0x99, 
	0x99, 0x99, 0x99, 0x99, 0x99, 0x99, 0x99, 0x99, 
	0x88, 0x88, 0x88, 0x88, 0x88, 0x88, 0x88, 0x88, 
	0x88, 0x88, 0x88, 0x88, 0x99, 0x99, 0x99, 0x99, 
	0x88, 0x89, 0x99, 0x99, 0x99, 0x99, 0x99, 0x99, 
	0x99, 0x99, 0x99, 0x99, 0x99, 0x99, 0x99, 0x98, 
	0x88, 0x88, 0x88, 0x88, 0x88, 0x88, 0x88, 0x88, 
	0x88, 0x88, 0x88, 0x88, 0x99, 0x99, 0x99, 0x99, 
	0x88, 0x89, 0x99, 0x99, 0x99, 0x99, 0x99, 0x99, 
	0x99, 0x99, 0x99, 0x99, 0x99, 0x99, 0x99, 0x98, 
	0x88, 0x88, 0x88, 0x88, 0x88, 0x88, 0x88, 0x88, 
	0x88, 0x88, 0x88, 0x89, 0x99, 0x99, 0x99, 0x99, 
	0x88, 0x99, 0x99, 0x99, 0x99, 0x99, 0x99, 0x99, 
	0x99, 0x99, 0x99, 0x99, 0x99, 0x99, 0x99, 0x88, 
	0x88, 0x88, 0x88, 0x88, 0x88, 0x88, 0x88, 0x88, 
	0x88, 0x88, 0x89, 0x99, 0x99, 0x99, 0x99, 0x99, 
	0x99, 0x99, 0x99, 0x99, 0x99, 0x99, 0x99, 0x99, 
	0x99, 0x99, 0x99, 0x99, 0x99, 0x99, 0x88, 0x88, 
	0x88, 0x88, 0x88, 0x88, 0x88, 0x88, 0x88, 0x88, 
	0x88, 0x88, 0x99, 0x99, 0x99, 0x99, 0x99, 0x99, 
	0x99, 0x99, 0x99, 0x99, 0x99, 0x99, 0x99, 0x99, 
	0x99, 0x99, 0x99, 0x99, 0x99, 0x98, 0x88, 0x88, 
	0x88, 0x88, 0x88, 0x88, 0x88, 0x88, 0x88, 0x88, 
	0x88, 0x88, 0x99, 0x99, 0x99, 0x99, 0x99, 0x99, 
	0x99, 0x99, 0x99, 0x99, 0x99, 0x99, 0x99, 0x99, 
	0x99, 0x99, 0x99, 0x99, 0x99, 0x98, 0x88, 0x88, 
	0x88, 0x88, 0x88, 0x88, 0x88, 0x88, 0x88, 0x88, 
	0x88, 0x89, 0x99, 0x99, 0x99, 0x99, 0x99, 0x99, 
	0x99, 0x99, 0x99, 0x99, 0x99, 0x99, 0x99, 0x99, 
	0x99, 0x99, 0x99, 0x99, 0x99, 0x88, 0x88, 0x88, 
	0x88, 0x88, 0x88, 0x88, 0x88, 0x88, 0x88, 0x88, 
	0x89, 0x99, 0x99, 0x99, 0x99, 0x99, 0x99, 0x99, 
	0x99, 0x99, 0x99, 0x99, 0x99, 0x99, 0x99, 0x99, 
	0x99, 0x99, 0x99, 0x99, 0x88, 0x88, 0x88, 0x88, 
	0x88, 0x88, 0x88, 0x88, 0x88, 0x88, 0x88, 0x88, 
	0x99, 0x99, 0x99, 0x99, 0x99, 0x99, 0x99, 0x99, 
	0x99, 0x99, 0x99, 0x99, 0x99, 0x99, 0x99, 0x99, 
	0x99, 0x99, 0x99, 0x98, 0x88, 0x88, 0x88, 0x88, 
	0x88, 0x88, 0x88, 0x88, 0x88, 0x88, 0x88, 0x88, 
	0x99, 0x99, 0x99, 0x99, 0x99, 0x99, 0x99, 0x99, 
	0x99, 0x99, 0x99, 0x99, 0x99, 0x99, 0x99, 0x99, 
	0x99, 0x99, 0x99, 0x98, 0x88, 0x88, 0x88, 0x88, 
	0x88, 0x88, 0x88, 0x88, 0x88, 0x88, 0x88, 0x89, 
	0x99, 0x99, 0x99, 0x99, 0x99, 0x99, 0x99, 0x99, 
	0x99, 0x99, 0x88, 0x88, 0x88, 0x99, 0x99, 0x99, 
	0x99, 0x99, 0x99, 0x88, 0x88, 0x88, 0x88, 0x88, 
	0x88, 0x88, 0x88, 0x88, 0x88, 0x88, 0x89, 0x99, 
	0x99, 0x99, 0x99, 0x98, 0x88, 0x89, 0x99, 0x99, 
	0x99, 0x98, 0x88, 0x88, 0x88, 0x89, 0x99, 0x99, 
	0x99, 0x99, 0x88, 0x88, 0x88, 0x88, 0x88, 0x88, 
	0x88, 0x88, 0x88, 0x88, 0x88, 0x88, 0x99, 0x99, 
	0x99, 0x99, 0x99, 0x88, 0x88, 0x88, 0x99, 0x99, 
	0x99, 0x88, 0x88, 0x88, 0x88, 0x89, 0x99, 0x99, 
	0x99, 0x98, 0x88, 0x88, 0x88, 0x88, 0x88, 0x88, 
	0x88, 0x88, 0x88, 0x88, 0x88, 0x88, 0x99, 0x99, 
	0x99, 0x99, 0x98, 0x88, 0x88, 0x88, 0x89, 0x99, 
	0x99, 0x88, 0x88, 0x88, 0x88, 0x88, 0x99, 0x99, 
	0x99, 0x98, 0x88, 0x88, 0x88, 0x88, 0x88, 0x88, 
	0x88, 0x88, 0x88, 0x88, 0x88, 0x89, 0x99, 0x99, 
	0x99, 0x99, 0x88, 0x88, 0x88, 0x88, 0x88, 0x99, 
	0x99, 0x88, 0x88, 0x88, 0x88, 0x88, 0x99, 0x99, 
	0x99, 0x88, 0x88, 0x88, 0x88, 0x88, 0x88, 0x88, 
	0x88, 0x88, 0x88, 0x88, 0x89, 0x99, 0x99, 0x99, 
	0x99, 0x99, 0x88, 0x88, 0x88, 0x88, 0x88, 0x99, 
	0x99, 0x88, 0x88, 0x88, 0x88, 0x88, 0x99, 0x99, 
	0x88, 0x88, 0x88, 0x88, 0x88, 0x88, 0x88, 0x88, 
	0x88, 0x88, 0x88, 0x88, 0x99, 0x99, 0x99, 0x99, 
	0x99, 0x99, 0x88, 0x88, 0x88, 0x88, 0x88, 0x99, 
	0x99, 0x88, 0x88, 0x88, 0x88, 0x88, 0x99, 0x98, 
	0x88, 0x88, 0x88, 0x88, 0x88, 0x88, 0x88, 0x88, 
	0x88, 0x88, 0x88, 0x88, 0x99, 0x99, 0x99, 0x99, 
	0x99, 0x99, 0x88, 0x88, 0x88, 0x88, 0x88, 0x99, 
	0x99, 0x88, 0x88, 0x88, 0x88, 0x89, 0x99, 0x98, 
	0x88, 0x88, 0x88, 0x88, 0x88, 0x88, 0x88, 0x88, 
	0x88, 0x88, 0x88, 0x89, 0x99, 0x99, 0x99, 0x99, 
	0x99, 0x99, 0x98, 0x88, 0x88, 0x88, 0x89, 0x99, 
	0x99, 0x98, 0x88, 0x88, 0x88, 0x89, 0x99, 0x88, 
	0x88, 0x88, 0x88, 0x88, 0x88, 0x88, 0x88, 0x88, 
	0x88, 0x88, 0x89, 0x99, 0x99, 0x99, 0x99, 0x99, 
	0x99, 0x99, 0x99, 0x88, 0x88, 0x88, 0x99, 0x99, 
	0x99, 0x99, 0x88, 0x88, 0x88, 0x99, 0x88, 0x88, 
	0x88, 0x88, 0x88, 0x88, 0x88, 0x88, 0x88, 0x88, 
	0x88, 0x88, 0x99, 0x99, 0x99, 0x99, 0x99, 0x99, 
	0x99, 0x99, 0x99, 0x98, 0x88, 0x89, 0x99, 0x99, 
	0x99, 0x99, 0x99, 0x99, 0x99, 0x98, 0x88, 0x88, 
	0x88, 0x88, 0x88, 0x88, 0x88, 0x88, 0x88, 0x88, 
	0x88, 0x88, 0x99, 0x99, 0x99, 0x99, 0x99, 0x99, 
	0x99, 0x99, 0x99, 0x99, 0x99, 0x99, 0x99, 0x99, 
	
};

Gfx castle_grounds_dl_PAPER_MARIO_D005BDCE_2_0_F2BE7755_ciByRGBA_i8_aligner[] = {gsSPEndDisplayList()};
u8 castle_grounds_dl_PAPER_MARIO_D005BDCE_2_0_F2BE7755_ciByRGBA_i8[] = {
	0x96, 0x69, 0x71, 0x54, 0x43, 0x3a, 0x3d, 0x3a, 
	0x50, 0x6f, 0x82, 0xa9, 0xa9, 0xa8, 0xa9, 0xa8, 
	0x8d, 0x94, 0x7b, 0x6f, 0x52, 0x58, 0x90, 0x9b, 
	0x5a, 0x7e, 0xa0, 0xa9, 0xa8, 0xa8, 0xaa, 0x96, 
	0x72, 0x6b, 0x71, 0x50, 0x50, 0x4b, 0x39, 0x3a, 
	0x51, 0x70, 0x79, 0x96, 0xa8, 0xa5, 0xa7, 0x91, 
	0x8b, 0x79, 0x6a, 0x6f, 0x69, 0x43, 0x59, 0x5f, 
	0x4e, 0x84, 0x98, 0xaa, 0xa8, 0xa8, 0xa8, 0x80, 
	0x8a, 0x77, 0x6c, 0x71, 0x72, 0x6d, 0x48, 0x37, 
	0x4b, 0x6d, 0x6d, 0x6c, 0x8a, 0x8d, 0x8d, 0x8d, 
	0x69, 0x6b, 0x6e, 0x6d, 0x72, 0x4d, 0x49, 0x57, 
	0x50, 0x5c, 0x92, 0xa7, 0xa9, 0xaa, 0x8f, 0x8f, 
	0x95, 0x68, 0x6e, 0x6d, 0x6b, 0x6d, 0x6d, 0x48, 
	0x35, 0x48, 0x6d, 0x6e, 0x6a, 0x8d, 0x95, 0x6c, 
	0x69, 0x8f, 0x89, 0x6b, 0x6e, 0x77, 0x33, 0x45, 
	0x41, 0x50, 0x84, 0x97, 0xa9, 0x8f, 0x8e, 0x8f, 
	0x8c, 0x6a, 0x6a, 0x6c, 0x85, 0x79, 0x6c, 0x6d, 
	0x48, 0x35, 0x48, 0x6d, 0x6f, 0x6c, 0x7c, 0x6a, 
	0x8d, 0x95, 0x6d, 0x6d, 0x6f, 0x78, 0x34, 0x36, 
	0x49, 0x4c, 0x89, 0x91, 0x8c, 0x8e, 0x8f, 0x91, 
	0x6a, 0x6b, 0x81, 0x95, 0x9e, 0x96, 0x78, 0x6c, 
	0x6d, 0x48, 0x35, 0x48, 0x6d, 0x6f, 0x6a, 0x79, 
	0x93, 0x81, 0x6a, 0x6f, 0x69, 0x43, 0x4b, 0x56, 
	0x6d, 0x82, 0x6c, 0x84, 0x96, 0x90, 0x94, 0x76, 
	0x6a, 0x8b, 0xa1, 0xa8, 0xaa, 0xa8, 0x91, 0x78, 
	0x6b, 0x6d, 0x48, 0x34, 0x45, 0x6c, 0x6c, 0x87, 
	0x91, 0x8b, 0x6a, 0x70, 0x4c, 0x69, 0x66, 0x65, 
	0x9e, 0xb3, 0x6e, 0x6c, 0x55, 0x8c, 0x7a, 0x6a, 
	0x8c, 0x8d, 0xa6, 0xa8, 0xa8, 0xa6, 0x8c, 0x91, 
	0x81, 0x6e, 0x6c, 0x50, 0x4f, 0x4a, 0x70, 0x6d, 
	0x93, 0x90, 0x8d, 0x6c, 0x6d, 0x6d, 0x8a, 0xa9, 
	0xaf, 0x85, 0x75, 0x6d, 0x6a, 0x3f, 0x73, 0x6f, 
	0x81, 0x8d, 0xa6, 0xa8, 0xa8, 0xa6, 0x8a, 0x9f, 
	0xa7, 0x93, 0x73, 0x4f, 0x6b, 0x6f, 0x6b, 0x6c, 
	0x8c, 0x8f, 0x92, 0x76, 0x82, 0x95, 0x9e, 0xaa, 
	0xaa, 0x99, 0x67, 0x6a, 0x6c, 0x6c, 0x49, 0x6a, 
	0x77, 0x8e, 0xa6, 0xa8, 0xa9, 0x9e, 0x89, 0xa6, 
	0xa8, 0x94, 0x70, 0x56, 0x6e, 0x85, 0x85, 0x6c, 
	0x77, 0x92, 0x91, 0x8a, 0x8d, 0xa7, 0xa9, 0xa8, 
	0xa8, 0xaa, 0xac, 0x81, 0x88, 0x69, 0x63, 0x47, 
	0x6e, 0x92, 0x9f, 0xaa, 0xa7, 0x95, 0x94, 0xaa, 
	0xaa, 0x9a, 0x6f, 0x5d, 0x8f, 0x91, 0x91, 0x8c, 
	0x75, 0x8e, 0x86, 0x78, 0x99, 0xaa, 0xa8, 0xa8, 
	0xa8, 0xa8, 0xa8, 0xae, 0xb1, 0x94, 0x6f, 0x4e, 
	0x64, 0x85, 0x8c, 0x9f, 0xa8, 0x87, 0xa7, 0xa8, 
	0xaa, 0x99, 0x6e, 0x67, 0x96, 0x8f, 0x8f, 0x91, 
	0x91, 0x68, 0x47, 0x6f, 0x99, 0xaa, 0xa8, 0xa8, 
	0xa8, 0xa9, 0x8f, 0x96, 0xa1, 0x93, 0x6d, 0x4e, 
	0x61, 0x6e, 0x95, 0x8c, 0x97, 0x95, 0xaa, 0xa8, 
	0xaa, 0x97, 0x6d, 0x6e, 0x7a, 0x95, 0x93, 0x8d, 
	0x6e, 0x4b, 0x4d, 0x71, 0x99, 0xaa, 0xa8, 0xa8, 
	0xaa, 0x95, 0x7d, 0x8a, 0x8a, 0x81, 0x6f, 0x4e, 
	0x4c, 0x70, 0x76, 0x91, 0x8d, 0x95, 0xaa, 0xa8, 
	0xa8, 0xab, 0x6b, 0x51, 0x57, 0x75, 0x71, 0x6f, 
	0x6d, 0x48, 0x4e, 0x71, 0x99, 0xaa, 0xa8, 0xa8, 
	0xab, 0x98, 0x82, 0x6d, 0x72, 0x76, 0x70, 0x4e, 
	0x4a, 0x65, 0x75, 0x91, 0x8e, 0x96, 0xac, 0xa8, 
	0xa9, 0xa9, 0x8a, 0x6e, 0x60, 0x46, 0x5b, 0x65, 
	0x48, 0x36, 0x50, 0x72, 0x9b, 0xaa, 0xa8, 0xa9, 
	0x9e, 0x8d, 0x83, 0x65, 0x68, 0x6f, 0x73, 0x4f, 
	0x61, 0x7a, 0xa6, 0x90, 0x8e, 0x8d, 0x95, 0xa7, 
	0xa7, 0x8f, 0x90, 0x8d, 0x6b, 0x72, 0x60, 0x4b, 
	0x43, 0x3a, 0x4a, 0x6b, 0x8a, 0xa9, 0xaa, 0xaa, 
	0x90, 0x8e, 0x95, 0x73, 0x4b, 0x65, 0x67, 0x42, 
	0x5e, 0x84, 0xa8, 0xaa, 0x8f, 0x8b, 0x8d, 0x8c, 
	0x8c, 0x8e, 0x8f, 0x92, 0x91, 0x6d, 0x6f, 0x75, 
	0x4c, 0x3a, 0x3e, 0x59, 0x6d, 0x90, 0x9a, 0x92, 
	0x90, 0x94, 0x84, 0x72, 0x50, 0x3f, 0x4c, 0x39, 
	0x53, 0x88, 0xa9, 0xa9, 0xa8, 0xa6, 0x95, 0x8b, 
	0x8f, 0x8f, 0x94, 0x84, 0x6e, 0x6d, 0x6e, 0x72, 
	0x51, 0x3a, 0x3a, 0x4a, 0x6d, 0x6d, 0x78, 0x85, 
	0x79, 0x6e, 0x6d, 0x6d, 0x48, 0x42, 0x41, 0x3f, 
	0x5a, 0x58, 0x9b, 0xaa, 0xa9, 0xa9, 0xab, 0xa7, 
	0x8e, 0x8d, 0x6c, 0x6a, 0x6d, 0x6e, 0x70, 0x6d, 
	0x4b, 0x39, 0x3a, 0x38, 0x48, 0x6d, 0x70, 0x6f, 
	0x70, 0x72, 0x64, 0x46, 0x49, 0x55, 0x66, 0x51, 
	0x78, 0x65, 0x50, 0x9b, 0xa7, 0xa5, 0xa7, 0x91, 
	0x8d, 0x6a, 0x6d, 0x6f, 0x6f, 0x72, 0x63, 0x46, 
	0x35, 0x4e, 0x52, 0x3d, 0x36, 0x49, 0x50, 0x50, 
	0x50, 0x51, 0x41, 0x43, 0x55, 0x6b, 0x6f, 0x70, 
	0x77, 0x74, 0x30, 0x59, 0x97, 0x8c, 0x8d, 0x8d, 
	0x6b, 0x72, 0x74, 0x61, 0x63, 0x50, 0x4d, 0x51, 
	0x4f, 0x4f, 0x7a, 0x58, 0x50, 0x48, 0x40, 0x36, 
	0x37, 0x37, 0x3a, 0x43, 0x66, 0x6f, 0x78, 0x77, 
	0x79, 0x65, 0x5d, 0x6d, 0x55, 0x9c, 0x92, 0x6f, 
	0x64, 0x3f, 0x42, 0x42, 0x4b, 0x5d, 0x5c, 0x5d, 
	0x56, 0x4c, 0x56, 0x73, 0x72, 0x6a, 0x64, 0x4e, 
	0x50, 0x52, 0x3c, 0x43, 0x5c, 0x72, 0x76, 0x78, 
	0x73, 0x52, 0x6c, 0x6e, 0x6c, 0x4b, 0x3e, 0x4a, 
	0x3d, 0x56, 0x5c, 0x59, 0x70, 0x6f, 0x71, 0x6f, 
	0x73, 0x53, 0x4c, 0x6a, 0x6e, 0x6e, 0x6f, 0x71, 
	0x71, 0x74, 0x59, 0x44, 0x54, 0x53, 0x64, 0x62, 
	0x4b, 0x6e, 0x73, 0x78, 0x73, 0x6f, 0x48, 0x4e, 
	0x67, 0x7d, 0x84, 0x83, 0x80, 0x88, 0x91, 0x8d, 
	0x6a, 0x73, 0x51, 0x62, 0x6f, 0x6b, 0x6f, 0x6d, 
	0x6d, 0x6d, 0x71, 0x63, 0x4b, 0x41, 0x41, 0x41, 
	0x49, 0x70, 0x76, 0x76, 0x78, 0x70, 0x59, 0x5b, 
	0x7c, 0x94, 0xab, 0xa7, 0xa7, 0xa6, 0xa7, 0x91, 
	0x8c, 0x6a, 0x73, 0x4e, 0x6d, 0x78, 0x95, 0x8d, 
	0x6c, 0x6f, 0x6d, 0x6f, 0x6d, 0x48, 0x42, 0x43, 
	0x4f, 0x45, 0x6f, 0x73, 0x72, 0x71, 0x58, 0x63, 
	0x82, 0xac, 0x93, 0xaa, 0xa8, 0xa8, 0xa8, 0xaa, 
	0x90, 0x8c, 0x6b, 0x6e, 0x78, 0x94, 0x8d, 0x8d, 
	0x91, 0x93, 0x8e, 0x6d, 0x71, 0x54, 0x55, 0x55, 
	0x74, 0x4c, 0x45, 0x6f, 0x70, 0x5d, 0x3d, 0x72, 
	0x88, 0xb0, 0x67, 0xae, 0xa8, 0xa8, 0xa8, 0xa8, 
	0xaa, 0x91, 0x85, 0x6c, 0x95, 0x8b, 0x9f, 0xa7, 
	0x95, 0x8e, 0x8c, 0x6d, 0x6e, 0x48, 0x69, 0x69, 
	0x75, 0x73, 0x4c, 0x45, 0x71, 0x5d, 0x5c, 0x6f, 
	0x93, 0x8f, 0x5f, 0xb0, 0xa4, 0xa8, 0xa8, 0xa8, 
	0xa8, 0xa9, 0x81, 0x6c, 0x90, 0x9f, 0xaa, 0xa9, 
	0xa7, 0x8d, 0x85, 0x67, 0x80, 0xa2, 0x83, 0x6d, 
	0x76, 0x75, 0x73, 0x4b, 0x4e, 0x56, 0x6f, 0x88, 
	0x99, 0x5f, 0x7d, 0xab, 0x88, 0x8f, 0xaa, 0xa8, 
	0xa8, 0xa7, 0x81, 0x6c, 0x90, 0xa6, 0xa8, 0xa8, 
	0xa6, 0x8f, 0x68, 0x8d, 0xa9, 0xad, 0x99, 0x75, 
	0x74, 0x76, 0x75, 0x74, 0x45, 0x76, 0x6d, 0x6e, 
	0x69, 0x60, 0x93, 0xa5, 0x8f, 0x8d, 0x8f, 0xaa, 
	0xa9, 0xa9, 0x81, 0x6c, 0x91, 0xa7, 0xa8, 0xa8, 
	0xa6, 0x8c, 0x89, 0xab, 0xa8, 0xa8, 0xa7, 0x8d, 
	0x85, 0x74, 0x77, 0x70, 0x54, 0x62, 0x6f, 0x76, 
	0x37, 0x66, 0x91, 0xa6, 0xaa, 0x8f, 0x8d, 0x8f, 
	0xa9, 0x91, 0x83, 0x68, 0x84, 0x97, 0xab, 0xa8, 
	0x9f, 0x8a, 0xa9, 0xa8, 0xa8, 0xa8, 0xaa, 0x94, 
	0x8c, 0x73, 0x77, 0x71, 0x49, 0x48, 0x75, 0x51, 
	0x45, 0x65, 0x91, 0xa6, 0xa9, 0xaa, 0x91, 0x8e, 
	0x8c, 0x90, 0x84, 0x6b, 0x6a, 0x87, 0xa5, 0x8f, 
	0x8c, 0x8c, 0xa6, 0xa8, 0xa8, 0xa8, 0xa8, 0xa5, 
	
};

Gfx castle_grounds_dl_KKIIDDZZ_DAT_2237__p00_i4_aligner[] = {gsSPEndDisplayList()};
u8 castle_grounds_dl_KKIIDDZZ_DAT_2237__p00_i4[] = {
	0xee, 0xec, 0xcc, 0xca, 0xca, 0x9c, 0xa5, 0x33, 
	0x21, 0x11, 0x49, 0xca, 0xee, 0xec, 0xaa, 0xac, 
	0xea, 0xac, 0xcc, 0x55, 0x55, 0x45, 0x45, 0x53, 
	0x11, 0x11, 0x11, 0x33, 0x21, 0x5c, 0xec, 0xec, 
	0xec, 0xcc, 0xcc, 0xcc, 0xaa, 0x98, 0x86, 0x53, 
	0x32, 0x11, 0x38, 0x89, 0xcc, 0xac, 0xaa, 0x88, 
	0x9a, 0xac, 0xc9, 0x54, 0x43, 0x43, 0x33, 0x22, 
	0x21, 0x11, 0x11, 0x12, 0x21, 0x5e, 0xce, 0xac, 
	0xcc, 0xcc, 0xca, 0xca, 0xac, 0xa8, 0x88, 0x54, 
	0x32, 0x22, 0x33, 0x44, 0x6a, 0xca, 0x9a, 0x86, 
	0x89, 0xca, 0x96, 0x54, 0x33, 0x33, 0x32, 0x21, 
	0x22, 0x34, 0x32, 0x21, 0x23, 0x5c, 0xce, 0xaa, 
	0xca, 0xca, 0xac, 0xaa, 0xca, 0xaa, 0x85, 0x55, 
	0x33, 0x21, 0x33, 0x54, 0x46, 0x86, 0x99, 0x66, 
	0x89, 0xa9, 0x65, 0x54, 0x33, 0x33, 0x32, 0x22, 
	0x25, 0x54, 0x32, 0x21, 0x12, 0x58, 0x5e, 0xac, 
	0xca, 0xac, 0xca, 0xaa, 0xaa, 0xaa, 0x85, 0x54, 
	0x43, 0x32, 0x11, 0x35, 0x34, 0x86, 0x98, 0x68, 
	0x58, 0x65, 0x55, 0x44, 0x33, 0x43, 0x33, 0x56, 
	0x89, 0x54, 0x32, 0x31, 0x13, 0x35, 0x48, 0x9c, 
	0xca, 0xaa, 0xaa, 0xaa, 0xaa, 0xaa, 0xa5, 0x44, 
	0x34, 0x32, 0x12, 0x33, 0x44, 0x85, 0x96, 0x66, 
	0x55, 0x35, 0x45, 0x43, 0x33, 0x33, 0x25, 0xac, 
	0xca, 0x65, 0x44, 0x43, 0x13, 0x23, 0x45, 0x9a, 
	0xac, 0xaa, 0xaa, 0xaa, 0xaa, 0xa9, 0x96, 0x43, 
	0x33, 0x33, 0x11, 0x43, 0x45, 0x55, 0x86, 0x66, 
	0x54, 0x35, 0x33, 0x32, 0x24, 0x53, 0x5e, 0xee, 
	0xcc, 0x86, 0x55, 0x62, 0x11, 0x12, 0x35, 0xaa, 
	0xca, 0xaa, 0xaa, 0xaa, 0x99, 0x99, 0x85, 0x43, 
	0x33, 0x33, 0x11, 0x23, 0x33, 0x55, 0x85, 0x56, 
	0x54, 0x43, 0x21, 0x22, 0x35, 0x9a, 0xff, 0xfe, 
	0xec, 0xa9, 0x86, 0x83, 0x11, 0x12, 0x34, 0xaa, 
	0xac, 0xaa, 0x9a, 0x9a, 0x99, 0x98, 0x54, 0x33, 
	0x32, 0x22, 0x11, 0x23, 0x33, 0x34, 0x85, 0x55, 
	0x43, 0x42, 0x11, 0x33, 0x9f, 0xff, 0xff, 0xef, 
	0xee, 0xca, 0x99, 0x94, 0x31, 0x11, 0x45, 0x5a, 
	0x8a, 0xca, 0xa9, 0xa9, 0x98, 0x85, 0x43, 0x33, 
	0x32, 0x11, 0x11, 0x11, 0x21, 0x34, 0x65, 0x55, 
	0x43, 0x31, 0x13, 0x8c, 0xff, 0xff, 0xfe, 0xfe, 
	0xcc, 0xcc, 0xaa, 0x96, 0x62, 0x11, 0x35, 0x66, 
	0x68, 0xac, 0xaa, 0x99, 0x86, 0x54, 0x43, 0x33, 
	0x22, 0x10, 0x11, 0x11, 0x01, 0x11, 0x55, 0x55, 
	0x32, 0x10, 0x3a, 0xff, 0xff, 0xff, 0xef, 0xce, 
	0xec, 0xcc, 0xca, 0xa8, 0x64, 0x21, 0x04, 0x55, 
	0x56, 0x8c, 0xa9, 0x98, 0x55, 0x44, 0x33, 0x32, 
	0x21, 0x02, 0x95, 0x11, 0x46, 0x11, 0x13, 0x55, 
	0x11, 0x15, 0xaf, 0xff, 0xff, 0xff, 0xee, 0xce, 
	0xcc, 0xcc, 0xcc, 0xa8, 0x55, 0x32, 0x11, 0x85, 
	0x55, 0x59, 0xea, 0x85, 0x54, 0x33, 0x33, 0x22, 
	0x10, 0x2c, 0xfe, 0x5c, 0xec, 0x53, 0x11, 0x22, 
	0x12, 0x8c, 0xef, 0xef, 0xef, 0xef, 0xec, 0xee, 
	0xcc, 0xcc, 0xcc, 0xa6, 0x55, 0x53, 0x21, 0x45, 
	0x55, 0x54, 0x8c, 0x85, 0x44, 0x33, 0x32, 0x21, 
	0x11, 0xaf, 0xee, 0xcf, 0xef, 0x94, 0x31, 0x11, 
	0x13, 0x9c, 0xee, 0xfe, 0xfe, 0xec, 0xee, 0xcc, 
	0xcc, 0xcc, 0xcc, 0x96, 0x54, 0x33, 0x31, 0x13, 
	0x45, 0x55, 0x4a, 0x95, 0x43, 0x33, 0x22, 0x11, 
	0x1a, 0xff, 0xfe, 0xfe, 0xee, 0xc9, 0x53, 0x11, 
	0x12, 0x56, 0xce, 0xee, 0xee, 0xec, 0xcc, 0xcc, 
	0xcc, 0xac, 0xaa, 0xc9, 0x54, 0x33, 0x33, 0x21, 
	0x34, 0x44, 0x56, 0x95, 0x43, 0x32, 0x21, 0x11, 
	0xae, 0xef, 0xee, 0xfe, 0xcc, 0xcc, 0x84, 0x31, 
	0x12, 0x5a, 0xcc, 0xcc, 0xee, 0xcc, 0xec, 0xcc, 
	0xcc, 0xca, 0xaa, 0xc9, 0x65, 0x43, 0x22, 0x21, 
	0x34, 0x45, 0x55, 0x65, 0x33, 0x22, 0x21, 0x1a, 
	0xef, 0xfe, 0xff, 0xec, 0xce, 0xcc, 0x95, 0x41, 
	0x13, 0x89, 0xac, 0xcc, 0xec, 0xcc, 0xec, 0xcc, 
	0xca, 0xca, 0xaa, 0xe8, 0x55, 0x43, 0x32, 0x21, 
	0x33, 0x44, 0x55, 0x54, 0x33, 0x23, 0x32, 0x9e, 
	0xfe, 0xff, 0xee, 0xee, 0xcc, 0xcc, 0xc8, 0x45, 
	0x13, 0x56, 0xce, 0xea, 0xec, 0xcc, 0xcc, 0xcc, 
	0xcc, 0xaa, 0xac, 0xa6, 0x45, 0x54, 0x43, 0x31, 
	0x33, 0x34, 0x34, 0x54, 0x33, 0x22, 0x59, 0xce, 
	0xef, 0xfe, 0xee, 0xce, 0xcc, 0xcc, 0xca, 0x33, 
	0x12, 0x36, 0x9c, 0xec, 0xcc, 0xcc, 0xcc, 0xcc, 
	0xcc, 0xac, 0x99, 0x65, 0x44, 0x54, 0x33, 0x31, 
	0x23, 0x33, 0x34, 0x43, 0x33, 0x21, 0x4a, 0xef, 
	0xff, 0xee, 0xec, 0xcc, 0xcc, 0xca, 0xa6, 0x84, 
	0x21, 0x35, 0x6e, 0xec, 0xcc, 0xca, 0xac, 0xcc, 
	0xca, 0xaa, 0xa6, 0x54, 0x44, 0x34, 0x33, 0x32, 
	0x22, 0x23, 0x33, 0x43, 0x32, 0x13, 0xae, 0xef, 
	0xef, 0xee, 0xcc, 0xcc, 0xcc, 0xca, 0xac, 0x94, 
	0x31, 0x36, 0x5c, 0xf9, 0xee, 0xaa, 0xaa, 0xaa, 
	0xca, 0xcc, 0xa8, 0x54, 0x33, 0x33, 0x33, 0x12, 
	0x11, 0x22, 0x23, 0x33, 0x22, 0x15, 0xae, 0xee, 
	0xee, 0xca, 0xcc, 0xcc, 0xca, 0xaa, 0xca, 0xa4, 
	0x41, 0x26, 0x4c, 0xe5, 0xae, 0xaa, 0xcc, 0xaa, 
	0xaa, 0xaa, 0xa9, 0x44, 0x32, 0x23, 0x32, 0x22, 
	0x21, 0x11, 0x23, 0x33, 0x21, 0x18, 0x9c, 0xee, 
	0xce, 0xce, 0xcc, 0xcc, 0xac, 0xaa, 0xca, 0x95, 
	0x51, 0x25, 0x49, 0xf5, 0x5f, 0xca, 0xce, 0xca, 
	0x56, 0x99, 0x96, 0x45, 0x21, 0x22, 0x22, 0x22, 
	0x21, 0x11, 0x11, 0x12, 0x11, 0x48, 0x9c, 0xec, 
	0xec, 0xcc, 0xca, 0xaa, 0xaa, 0xac, 0xca, 0xa5, 
	0x80, 0x15, 0x49, 0xc4, 0x5f, 0xcc, 0xce, 0xc8, 
	0x34, 0x56, 0x65, 0x54, 0x41, 0x23, 0x23, 0x23, 
	0x21, 0x31, 0x11, 0x11, 0x12, 0x54, 0x38, 0xce, 
	0xcc, 0xec, 0xec, 0xcc, 0xca, 0xac, 0xca, 0x95, 
	0x61, 0x15, 0x48, 0xa4, 0x4f, 0xfc, 0xce, 0xc5, 
	0x33, 0x64, 0x55, 0x44, 0x32, 0x21, 0x33, 0x32, 
	0x33, 0x11, 0x11, 0x11, 0x12, 0x33, 0x33, 0x8c, 
	0xee, 0xee, 0xee, 0xcc, 0xcc, 0xcc, 0xa8, 0x86, 
	0x54, 0x13, 0x38, 0x93, 0x58, 0x89, 0xce, 0xa4, 
	0x32, 0x54, 0x45, 0x54, 0x32, 0x12, 0x58, 0x63, 
	0x54, 0x11, 0x11, 0x11, 0x11, 0x33, 0x33, 0x49, 
	0xce, 0xee, 0xcc, 0xec, 0xce, 0xca, 0x96, 0x66, 
	0x45, 0x13, 0x38, 0x84, 0x46, 0x66, 0x99, 0x54, 
	0x33, 0x43, 0x33, 0x44, 0x31, 0x13, 0x9a, 0x94, 
	0x52, 0x11, 0x13, 0x55, 0x21, 0x13, 0x33, 0x5a, 
	0xcc, 0xa6, 0x68, 0xcf, 0xec, 0xcc, 0x56, 0x55, 
	0x54, 0x12, 0x35, 0x53, 0x45, 0x55, 0x55, 0x53, 
	0x33, 0x43, 0x34, 0x43, 0x11, 0x39, 0xaa, 0x95, 
	0x42, 0x12, 0x6a, 0xcc, 0xa1, 0x12, 0x33, 0x49, 
	0xa8, 0x45, 0x55, 0x6c, 0xaa, 0xaa, 0x85, 0x35, 
	0x54, 0x12, 0x35, 0x33, 0x45, 0x55, 0x55, 0x54, 
	0x32, 0x35, 0x53, 0x22, 0x14, 0x9a, 0xaa, 0x85, 
	0x42, 0x26, 0xcc, 0xcc, 0xc5, 0x11, 0x23, 0x23, 
	0x43, 0x35, 0x55, 0x65, 0x36, 0x6a, 0x85, 0x44, 
	0x54, 0x11, 0x34, 0x33, 0x34, 0x54, 0x55, 0x43, 
	0x33, 0x23, 0x22, 0x12, 0x38, 0xaa, 0x99, 0x85, 
	0x31, 0x3a, 0xec, 0xca, 0xa9, 0x21, 0x12, 0x22, 
	0x22, 0x34, 0x55, 0x54, 0x31, 0x35, 0x64, 0x43, 
	0x45, 0x21, 0x23, 0x32, 0x34, 0x33, 0x44, 0x53, 
	0x32, 0x32, 0x11, 0x13, 0x59, 0x99, 0x65, 0x55, 
	0x21, 0x9e, 0xec, 0xcc, 0xa9, 0x21, 0x11, 0x22, 
	0x23, 0x33, 0x44, 0x33, 0x22, 0x33, 0x54, 0x43, 
	0x34, 0x21, 0x24, 0x32, 0x33, 0x33, 0x34, 0x43, 
	0x22, 0x11, 0x11, 0x23, 0x55, 0x54, 0x33, 0x44, 
	0x39, 0xce, 0xcc, 0xca, 0xca, 0x64, 0x31, 0x12, 
	0x23, 0x33, 0x22, 0x22, 0x22, 0x33, 0x33, 0x33, 
	0x32, 0x21, 0x13, 0x22, 0x23, 0x32, 0x33, 0x33, 
	0x11, 0x11, 0x12, 0x33, 0x44, 0x34, 0x33, 0x33, 
	0x59, 0xcc, 0xec, 0xca, 0xaa, 0x95, 0x42, 0x12, 
	0x22, 0x22, 0x22, 0x22, 0x32, 0x32, 0x33, 0x22, 
	0x11, 0x11, 0x12, 0x22, 0x22, 0x33, 0x33, 0x32, 
	0x11, 0x11, 0x35, 0x65, 0x45, 0x45, 0x43, 0x33, 
	0x35, 0xac, 0xca, 0x9a, 0x99, 0x55, 0x53, 0x22, 
	0x23, 0x11, 0x11, 0x25, 0x55, 0x43, 0x23, 0x22, 
	0x11, 0x11, 0x11, 0x11, 0x22, 0x32, 0x33, 0x21, 
	0x02, 0x58, 0xcc, 0xcc, 0xa8, 0x59, 0x53, 0x32, 
	0x13, 0x8a, 0xa9, 0x99, 0x98, 0x55, 0x53, 0x33, 
	0x33, 0x43, 0x34, 0x5a, 0xaa, 0x95, 0x55, 0x33, 
	0x21, 0x11, 0x11, 0x11, 0x22, 0x33, 0x33, 0x01, 
	0x4c, 0xef, 0xef, 0xef, 0xff, 0xce, 0x63, 0x32, 
	0x12, 0x59, 0xa9, 0x99, 0x96, 0x44, 0x54, 0x33, 
	0x23, 0x58, 0xcc, 0xee, 0xec, 0xc9, 0x95, 0x55, 
	0x43, 0x11, 0x11, 0x11, 0x22, 0x33, 0x53, 0x2a, 
	0xff, 0xee, 0xfe, 0xfe, 0xec, 0xc8, 0xa3, 0x32, 
	0x12, 0x35, 0x89, 0x89, 0x84, 0x34, 0x44, 0x33, 
	0x33, 0x6f, 0xef, 0xec, 0xec, 0xcc, 0xa9, 0x86, 
	0x54, 0x43, 0x11, 0x11, 0x12, 0x33, 0x46, 0xef, 
	0xff, 0xff, 0xee, 0xee, 0xee, 0xca, 0x85, 0x32, 
	0x32, 0x23, 0x68, 0x88, 0x53, 0x33, 0x33, 0x33, 
	0x34, 0xaf, 0xee, 0xee, 0xce, 0xec, 0x98, 0x66, 
	0x66, 0x55, 0x31, 0x11, 0x21, 0x32, 0xaf, 0xfe, 
	0xfe, 0xfe, 0xff, 0xec, 0xee, 0xcc, 0x95, 0x53, 
	0x33, 0x22, 0x35, 0x85, 0x33, 0x33, 0x33, 0x33, 
	0x35, 0xee, 0xee, 0xec, 0xca, 0x88, 0x89, 0x99, 
	0x99, 0x88, 0x52, 0x11, 0x12, 0x25, 0xef, 0xff, 
	0xef, 0xee, 0xee, 0xcc, 0xcc, 0xec, 0xa8, 0x53, 
	0x33, 0x33, 0x33, 0x55, 0x33, 0x33, 0x33, 0x33, 
	0x5a, 0xef, 0xef, 0xcc, 0xaa, 0xaa, 0xa9, 0xaa, 
	0x99, 0x86, 0x43, 0x21, 0x21, 0x2a, 0xee, 0xfe, 
	0xfe, 0xee, 0xcc, 0xcc, 0xcc, 0xcc, 0xca, 0x83, 
	0x53, 0x33, 0x23, 0x34, 0x33, 0x33, 0x33, 0x24, 
	0x9e, 0xff, 0xee, 0xec, 0xcc, 0xca, 0xaa, 0xaa, 
	0x99, 0x96, 0x33, 0x22, 0x21, 0x3a, 0xee, 0xef, 
	0xee, 0xec, 0xcc, 0xcc, 0xcc, 0xcc, 0xca, 0x96, 
	0x95, 0x33, 0x32, 0x23, 0x33, 0x33, 0x33, 0x25, 
	0xcf, 0xee, 0xfc, 0xcc, 0xcc, 0xcc, 0xca, 0xa9, 
	0x99, 0x98, 0x63, 0x22, 0x11, 0x4c, 0xef, 0xef, 
	0xee, 0xce, 0xcc, 0xcc, 0xaa, 0xca, 0xaa, 0x99, 
	0x95, 0x43, 0x33, 0x12, 0x33, 0x33, 0x32, 0x26, 
	0xff, 0xfe, 0xec, 0xcc, 0xcc, 0xcc, 0xca, 0xa9, 
	0x99, 0x98, 0x83, 0x32, 0x21, 0x6c, 0xee, 0xee, 
	0xfc, 0xcc, 0xcc, 0xcc, 0xcc, 0xaa, 0xaa, 0x99, 
	0x85, 0x54, 0x33, 0x21, 0x12, 0x23, 0x22, 0x2c, 
	0xff, 0xee, 0xec, 0xcc, 0xcc, 0xac, 0xaa, 0x98, 
	0x66, 0x88, 0x64, 0x22, 0x11, 0xae, 0xee, 0xfe, 
	0xec, 0xcc, 0xca, 0xca, 0xaa, 0xaa, 0xaa, 0xa9, 
	0x95, 0x55, 0x44, 0x32, 0x11, 0x23, 0x21, 0x5f, 
	0xfe, 0xee, 0xcc, 0xac, 0xca, 0xca, 0xaa, 0xa8, 
	0x44, 0x55, 0x43, 0x33, 0x22, 0xae, 0xee, 0xec, 
	0xec, 0xcc, 0xcc, 0xaa, 0xaa, 0xaa, 0xa9, 0x99, 
	0x86, 0x55, 0x54, 0x33, 0x21, 0x22, 0x12, 0xaf, 
	0xee, 0xec, 0xcc, 0xcc, 0xaa, 0xaa, 0xa9, 0x86, 
	0x53, 0x33, 0x33, 0x22, 0x22, 0x6e, 0xec, 0xce, 
	0xcc, 0xcc, 0xca, 0xca, 0xaa, 0xaa, 0xaa, 0x98, 
	0x65, 0x55, 0x54, 0x43, 0x31, 0x11, 0x15, 0xef, 
	0xee, 0xcc, 0xac, 0xca, 0xaa, 0xaa, 0xaa, 0x96, 
	0x33, 0x33, 0x33, 0x23, 0x21, 0x5a, 0x9a, 0xcf, 
	0xec, 0xcc, 0xac, 0xaa, 0xac, 0xaa, 0x99, 0x98, 
	0x65, 0x55, 0x34, 0x43, 0x31, 0x11, 0x36, 0xee, 
	0xee, 0x9a, 0xac, 0xac, 0xaa, 0xaa, 0xa9, 0x95, 
	0x43, 0x32, 0x32, 0x32, 0x11, 0x25, 0x46, 0x9c, 
	0xee, 0xcc, 0xcc, 0xca, 0xaa, 0xaa, 0x9a, 0x98, 
	0x65, 0x55, 0x33, 0x33, 0x21, 0x11, 0x3a, 0xee, 
	0xe8, 0x8a, 0xaa, 0xca, 0xaa, 0x9a, 0x99, 0x98, 
	0x32, 0x33, 0x32, 0x33, 0x11, 0x33, 0x45, 0x56, 
	0x9f, 0xee, 0xcc, 0xca, 0xaa, 0xaa, 0xa9, 0x96, 
	0x55, 0x54, 0x33, 0x32, 0x21, 0x11, 0x3a, 0xcc, 
	0xc8, 0x5c, 0xca, 0xaa, 0xaa, 0x96, 0x86, 0x55, 
	0x33, 0x22, 0x32, 0x23, 0x12, 0x23, 0x45, 0x55, 
	0x55, 0xcc, 0xec, 0xca, 0xaa, 0xa9, 0x98, 0x55, 
	0x44, 0x43, 0x33, 0x32, 0x21, 0x11, 0x3a, 0x8e, 
	0xc5, 0x5c, 0xca, 0xaa, 0xaa, 0x96, 0x44, 0x43, 
	0x31, 0x12, 0x22, 0x33, 0x12, 0x23, 0x33, 0x44, 
	0x55, 0x59, 0xae, 0xca, 0xaa, 0x96, 0x54, 0x55, 
	0x44, 0x53, 0x33, 0x32, 0x32, 0x12, 0x25, 0x68, 
	0xc5, 0x58, 0xac, 0xaa, 0xaa, 0xa8, 0x53, 0x22, 
	0x21, 0x12, 0x23, 0x33, 0x32, 0x33, 0x33, 0x33, 
	0x45, 0x55, 0xaa, 0xac, 0xc9, 0x65, 0x33, 0x55, 
	0x43, 0x33, 0x22, 0x22, 0x22, 0x23, 0x12, 0x35, 
	0x95, 0x55, 0x49, 0xa9, 0x9a, 0x96, 0x33, 0x21, 
	0x12, 0x22, 0x22, 0x33, 0x53, 0x12, 0x33, 0x33, 
	0x45, 0x45, 0x9c, 0xca, 0x96, 0x44, 0x33, 0x44, 
	0x33, 0x32, 0x21, 0x21, 0x13, 0x23, 0x22, 0x45, 
	0x54, 0x45, 0x43, 0x9c, 0x89, 0x85, 0x31, 0x22, 
	0x22, 0x22, 0x23, 0x45, 0x6c, 0x32, 0x22, 0x33, 
	0x45, 0x44, 0x38, 0x98, 0x55, 0x43, 0x33, 0x43, 
	0x23, 0x31, 0x12, 0x34, 0x55, 0x55, 0x21, 0x55, 
	0x33, 0x44, 0x43, 0x35, 0x85, 0x43, 0x22, 0x12, 
	0x22, 0x13, 0x5c, 0xcc, 0xcf, 0xa4, 0x31, 0x23, 
	0x44, 0x33, 0x34, 0x55, 0x54, 0x33, 0x33, 0x33, 
	0x22, 0x11, 0x55, 0x5a, 0xce, 0xc8, 0x32, 0x54, 
	0x33, 0x33, 0x33, 0x33, 0x33, 0x22, 0x22, 0x23, 
	0x12, 0x5a, 0xef, 0xef, 0xee, 0xc9, 0x33, 0x22, 
	0x34, 0x32, 0x34, 0x55, 0x54, 0x33, 0x33, 0x21, 
	0x11, 0x29, 0xce, 0xff, 0xfc, 0xfa, 0x42, 0x44, 
	0x33, 0x33, 0x33, 0x33, 0x33, 0x22, 0x22, 0x21, 
	0x39, 0xef, 0xee, 0xee, 0xee, 0xca, 0x94, 0x12, 
	0x33, 0x22, 0x34, 0x45, 0x53, 0x33, 0x32, 0x11, 
	0x16, 0xce, 0xff, 0xfe, 0xfa, 0xec, 0x63, 0x34, 
	0x33, 0x33, 0x33, 0x33, 0x32, 0x22, 0x32, 0x35, 
	0xae, 0xee, 0xce, 0xee, 0xcc, 0xea, 0xa9, 0x42, 
	0x33, 0x22, 0x33, 0x55, 0x43, 0x33, 0x11, 0x12, 
	0x9f, 0xee, 0xff, 0xfe, 0xf8, 0xea, 0x94, 0x23, 
	0x33, 0x33, 0x22, 0x23, 0x23, 0x23, 0x33, 0x9c, 
	0xfe, 0xec, 0xcc, 0xcc, 0xcc, 0xcc, 0xcc, 0xa5, 
	0x32, 0x21, 0x33, 0x45, 0x53, 0x21, 0x11, 0x49, 
	0xec, 0xef, 0xff, 0xec, 0xe9, 0xca, 0x98, 0x33, 
	0x32, 0x32, 0x22, 0x22, 0x22, 0x33, 0x4a, 0xce, 
	0xee, 0xec, 0xaa, 0xcc, 0xcc, 0xcc, 0xcc, 0xa5, 
	0x32, 0x21, 0x23, 0x35, 0x33, 0x11, 0x15, 0xae, 
	0xef, 0xff, 0xfe, 0xec, 0xaa, 0x9c, 0x88, 0x63, 
	0x22, 0x32, 0x12, 0x21, 0x23, 0x35, 0xae, 0xee, 
	0xee, 0xcc, 0xca, 0xac, 0xcc, 0xcc, 0x98, 0x83, 
	0x22, 0x11, 0x23, 0x34, 0x32, 0x12, 0x8a, 0xee, 
	0xee, 0xff, 0xfc, 0xcc, 0xaa, 0x9c, 0x95, 0x54, 
	0x11, 0x21, 0x13, 0x35, 0x8a, 0x9c, 0xec, 0xce, 
	0xee, 0xca, 0xaa, 0x88, 0xac, 0xa6, 0x58, 0x51, 
	0x21, 0x11, 0x23, 0x34, 0x32, 0x15, 0xac, 0xee, 
	0xee, 0xfe, 0xcc, 0xcc, 0xaa, 0x9c, 0x55, 0x55, 
	0x41, 0x12, 0x14, 0xca, 0xce, 0xec, 0xcc, 0xce, 
	0xcc, 0xca, 0xca, 0x55, 0x56, 0x44, 0x55, 0x63, 
	0x11, 0x11, 0x12, 0x33, 0x31, 0x5c, 0xee, 0xec, 
	
};

Gfx castle_grounds_dl_rock_i4_aligner[] = {gsSPEndDisplayList()};
u8 castle_grounds_dl_rock_i4[] = {
	0xaa, 0x88, 0x77, 0x89, 0x88, 0x64, 0x45, 0x66, 
	0x66, 0x66, 0x66, 0x99, 0x9a, 0xaa, 0xaa, 0x98, 
	0x87, 0x88, 0x88, 0x88, 0x76, 0x44, 0x57, 0x77, 
	0x65, 0x55, 0x66, 0x55, 0x66, 0x79, 0xaa, 0xaa, 
	0xa9, 0x88, 0x77, 0x88, 0x86, 0x54, 0x44, 0x56, 
	0x66, 0x55, 0x66, 0x89, 0x9a, 0xaa, 0xa9, 0x87, 
	0x77, 0x78, 0x88, 0x87, 0x66, 0x54, 0x55, 0x55, 
	0x55, 0x55, 0x56, 0x55, 0x56, 0x79, 0xaa, 0xaa, 
	0xa9, 0x88, 0x77, 0x88, 0x86, 0x54, 0x33, 0x45, 
	0x55, 0x55, 0x66, 0x69, 0x9a, 0xaa, 0xa8, 0x77, 
	0x76, 0x67, 0x66, 0x76, 0x55, 0x44, 0x44, 0x45, 
	0x55, 0x55, 0x56, 0x65, 0x56, 0x77, 0xaa, 0xaa, 
	0xa9, 0x88, 0x78, 0x88, 0x85, 0x44, 0x33, 0x33, 
	0x55, 0x55, 0x66, 0x67, 0x99, 0xa9, 0x98, 0x77, 
	0x76, 0x66, 0x66, 0x66, 0x44, 0x44, 0x44, 0x44, 
	0x55, 0x55, 0x55, 0x65, 0x55, 0x67, 0x9a, 0xaa, 
	0xa9, 0x98, 0x88, 0x88, 0x75, 0x44, 0x44, 0x44, 
	0x44, 0x55, 0x55, 0x56, 0x89, 0x99, 0x88, 0x77, 
	0x76, 0x65, 0x55, 0x54, 0x55, 0x55, 0x44, 0x44, 
	0x44, 0x45, 0x55, 0x55, 0x55, 0x67, 0x99, 0xaa, 
	0xa9, 0x99, 0x88, 0x88, 0x65, 0x65, 0x44, 0x54, 
	0x44, 0x45, 0x55, 0x45, 0x78, 0x98, 0x88, 0x77, 
	0x76, 0x55, 0x44, 0x44, 0x56, 0x66, 0x55, 0x55, 
	0x44, 0x44, 0x44, 0x44, 0x54, 0x57, 0x99, 0xaa, 
	0xa9, 0x89, 0x88, 0x87, 0x55, 0x66, 0x56, 0x66, 
	0x54, 0x45, 0x55, 0x44, 0x67, 0x77, 0x77, 0x66, 
	0x65, 0x55, 0x44, 0x34, 0x68, 0x88, 0x77, 0x66, 
	0x66, 0x54, 0x44, 0x44, 0x44, 0x57, 0x99, 0x9a, 
	0xa9, 0x88, 0x88, 0x86, 0x45, 0x55, 0x55, 0x66, 
	0x65, 0x55, 0x55, 0x44, 0x67, 0x66, 0x66, 0x55, 
	0x55, 0x55, 0x43, 0x34, 0x68, 0x88, 0x77, 0x77, 
	0x77, 0x76, 0x54, 0x44, 0x44, 0x56, 0x99, 0x99, 
	0x99, 0x88, 0x88, 0x75, 0x45, 0x55, 0x55, 0x55, 
	0x66, 0x55, 0x55, 0x44, 0x46, 0x65, 0x55, 0x55, 
	0x55, 0x44, 0x43, 0x35, 0x67, 0x77, 0x78, 0x87, 
	0x88, 0x88, 0x66, 0x54, 0x44, 0x55, 0x89, 0x99, 
	0x99, 0x88, 0x88, 0x75, 0x55, 0x56, 0x65, 0x56, 
	0x66, 0x65, 0x55, 0x55, 0x45, 0x44, 0x44, 0x44, 
	0x43, 0x33, 0x33, 0x45, 0x66, 0x66, 0x78, 0x88, 
	0x88, 0x89, 0x88, 0x66, 0x54, 0x44, 0x69, 0x99, 
	0x98, 0x88, 0x88, 0x65, 0x66, 0x66, 0x55, 0x56, 
	0x55, 0x66, 0x65, 0x45, 0x55, 0x44, 0x33, 0x33, 
	0x33, 0x33, 0x34, 0x56, 0x66, 0x66, 0x78, 0x98, 
	0x88, 0x99, 0x88, 0x88, 0x75, 0x44, 0x58, 0x99, 
	0x88, 0x88, 0x87, 0x55, 0x66, 0x66, 0x55, 0x55, 
	0x55, 0x55, 0x66, 0x54, 0x45, 0x44, 0x33, 0x33, 
	0x33, 0x33, 0x34, 0x66, 0x66, 0x66, 0x78, 0x99, 
	0x88, 0xa9, 0x88, 0x88, 0x76, 0x54, 0x56, 0x99, 
	0x88, 0x87, 0x75, 0x55, 0x55, 0x55, 0x55, 0x55, 
	0x55, 0x55, 0x55, 0x65, 0x54, 0x44, 0x33, 0x33, 
	0x44, 0x33, 0x45, 0x67, 0x77, 0x77, 0x78, 0x88, 
	0x88, 0xaa, 0x97, 0x77, 0x88, 0x65, 0x45, 0x88, 
	0x88, 0x87, 0x55, 0x55, 0x55, 0x55, 0x55, 0x55, 
	0x55, 0x65, 0x56, 0x66, 0x66, 0x65, 0x54, 0x44, 
	0x44, 0x33, 0x46, 0x77, 0x77, 0x77, 0x78, 0x88, 
	0x88, 0x9a, 0x97, 0x77, 0x66, 0x65, 0x44, 0x88, 
	0x78, 0x87, 0x53, 0x55, 0x55, 0x55, 0x56, 0x55, 
	0x55, 0x65, 0x55, 0x66, 0x66, 0x66, 0x66, 0x55, 
	0x54, 0x33, 0x47, 0x77, 0x77, 0x77, 0x78, 0x88, 
	0x88, 0x9a, 0x97, 0x76, 0x66, 0x66, 0x44, 0x68, 
	0x78, 0x87, 0x53, 0x55, 0x55, 0x56, 0x66, 0x66, 
	0x55, 0x55, 0x55, 0x55, 0x55, 0x56, 0x66, 0x65, 
	0x54, 0x33, 0x57, 0x76, 0x77, 0x77, 0x77, 0x88, 
	0x88, 0x89, 0x97, 0x76, 0x66, 0x68, 0x54, 0x58, 
	0x77, 0x75, 0x55, 0x66, 0x56, 0x66, 0x67, 0x76, 
	0x66, 0x65, 0x55, 0x55, 0x55, 0x55, 0x55, 0x55, 
	0x54, 0x44, 0x66, 0x66, 0x66, 0x66, 0x67, 0x77, 
	0x77, 0x89, 0x87, 0x77, 0x66, 0x67, 0x84, 0x46, 
	0x55, 0x55, 0x56, 0x66, 0x67, 0x77, 0x78, 0x76, 
	0x55, 0x55, 0x55, 0x54, 0x44, 0x44, 0x55, 0x55, 
	0x54, 0x44, 0x55, 0x55, 0x55, 0x55, 0x66, 0x77, 
	0x67, 0x88, 0x87, 0x78, 0x76, 0x67, 0x85, 0x45, 
	0x55, 0x55, 0x56, 0x66, 0x77, 0x77, 0x88, 0x76, 
	0x65, 0x55, 0x55, 0x44, 0x44, 0x33, 0x34, 0x55, 
	0x44, 0x45, 0x55, 0x54, 0x55, 0x55, 0x56, 0x66, 
	0x67, 0x77, 0x77, 0x88, 0x88, 0x76, 0x86, 0x44, 
	0x33, 0x35, 0x66, 0x88, 0x97, 0x77, 0x76, 0x66, 
	0x65, 0x55, 0x55, 0x44, 0x43, 0x33, 0x33, 0x44, 
	0x43, 0x45, 0x44, 0x44, 0x44, 0x55, 0x55, 0x56, 
	0x66, 0x77, 0x77, 0x88, 0x88, 0x87, 0x86, 0x44, 
	0x44, 0x45, 0x67, 0x88, 0x98, 0x87, 0x66, 0x66, 
	0x66, 0x66, 0x55, 0x44, 0x44, 0x33, 0x33, 0x34, 
	0x44, 0x44, 0x44, 0x44, 0x34, 0x44, 0x44, 0x45, 
	0x57, 0x77, 0x78, 0x88, 0x99, 0x87, 0x77, 0x44, 
	0x44, 0x45, 0x66, 0x78, 0x89, 0x98, 0x66, 0x66, 
	0x66, 0x66, 0x55, 0x44, 0x44, 0x33, 0x33, 0x33, 
	0x44, 0x44, 0x44, 0x44, 0x33, 0x44, 0x44, 0x44, 
	0x57, 0x77, 0x77, 0x88, 0x89, 0x88, 0x77, 0x44, 
	0x44, 0x45, 0x66, 0x66, 0x79, 0x87, 0x76, 0x66, 
	0x77, 0x65, 0x55, 0x44, 0x43, 0x33, 0x33, 0x44, 
	0x44, 0x44, 0x33, 0x33, 0x33, 0x33, 0x44, 0x44, 
	0x45, 0x57, 0x66, 0x67, 0x89, 0x98, 0x77, 0x44, 
	0x44, 0x55, 0x66, 0x66, 0x67, 0x76, 0x77, 0x77, 
	0x77, 0x65, 0x54, 0x44, 0x43, 0x33, 0x44, 0x67, 
	0x66, 0x66, 0x66, 0x54, 0x33, 0x33, 0x44, 0x54, 
	0x44, 0x55, 0x66, 0x66, 0x78, 0x88, 0x77, 0x54, 
	0x55, 0x66, 0x66, 0x66, 0x66, 0x67, 0x77, 0x87, 
	0x87, 0x65, 0x54, 0x44, 0x33, 0x34, 0x56, 0x66, 
	0x67, 0x67, 0x66, 0x66, 0x55, 0x54, 0x33, 0x45, 
	0x44, 0x45, 0x56, 0x56, 0x67, 0x88, 0x87, 0x54, 
	0x56, 0x66, 0x66, 0x66, 0x68, 0x89, 0x97, 0x77, 
	0x87, 0x66, 0x54, 0x33, 0x33, 0x46, 0x66, 0x76, 
	0x76, 0x66, 0x66, 0x66, 0x55, 0x55, 0x43, 0x34, 
	0x44, 0x45, 0x56, 0x66, 0x67, 0x78, 0x88, 0x54, 
	0x67, 0x76, 0x66, 0x66, 0x78, 0x99, 0x98, 0x66, 
	0x88, 0x77, 0x54, 0x33, 0x44, 0x67, 0x76, 0x77, 
	0x76, 0x56, 0x76, 0x67, 0x77, 0x75, 0x53, 0x33, 
	0x44, 0x45, 0x56, 0x66, 0x66, 0x77, 0x77, 0x54, 
	0x67, 0x87, 0x66, 0x77, 0x89, 0x99, 0x99, 0x76, 
	0x77, 0x77, 0x54, 0x33, 0x46, 0x67, 0x77, 0x77, 
	0x76, 0x67, 0x77, 0x88, 0x77, 0x77, 0x65, 0x33, 
	0x44, 0x55, 0x66, 0x77, 0x66, 0x67, 0x77, 0x55, 
	0x67, 0x87, 0x78, 0x77, 0x88, 0x88, 0x99, 0x86, 
	0x66, 0x66, 0x53, 0x34, 0x66, 0x67, 0x77, 0x77, 
	0x76, 0x66, 0x77, 0x88, 0x97, 0x67, 0x76, 0x43, 
	0x34, 0x45, 0x67, 0x88, 0x77, 0x77, 0x77, 0x55, 
	0x67, 0x88, 0x88, 0x87, 0x88, 0x88, 0x99, 0x86, 
	0x55, 0x55, 0x44, 0x45, 0x66, 0x67, 0x77, 0x77, 
	0x66, 0x66, 0x77, 0x78, 0x97, 0x66, 0x66, 0x43, 
	0x34, 0x45, 0x68, 0x89, 0x87, 0x77, 0x76, 0x56, 
	0x67, 0x88, 0x88, 0x87, 0x78, 0x88, 0x89, 0x86, 
	0x55, 0x54, 0x44, 0x56, 0x67, 0x77, 0x77, 0x77, 
	0x66, 0x67, 0x77, 0x78, 0x99, 0x65, 0x66, 0x43, 
	0x34, 0x45, 0x67, 0x89, 0x97, 0x77, 0x76, 0x56, 
	0x67, 0x88, 0x88, 0x88, 0x78, 0x87, 0x77, 0x66, 
	0x65, 0x54, 0x44, 0x56, 0x67, 0x67, 0x77, 0x77, 
	0x66, 0x68, 0x97, 0x78, 0x99, 0x55, 0x44, 0x44, 
	0x44, 0x44, 0x66, 0x78, 0x98, 0x77, 0x75, 0x56, 
	0x68, 0x88, 0x99, 0x98, 0x78, 0x87, 0x76, 0x66, 
	0x66, 0x64, 0x44, 0x56, 0x78, 0x77, 0x66, 0x77, 
	0x77, 0x79, 0xa9, 0x88, 0x86, 0x64, 0x55, 0x56, 
	0x66, 0x66, 0x66, 0x66, 0x66, 0x88, 0x65, 0x55, 
	0x68, 0x89, 0x99, 0x98, 0x88, 0x86, 0x66, 0x76, 
	0x66, 0x64, 0x44, 0x56, 0x78, 0x77, 0x66, 0x77, 
	0x77, 0x79, 0xaa, 0x88, 0x66, 0x64, 0x56, 0x86, 
	0x67, 0x77, 0x76, 0x66, 0x66, 0x55, 0x65, 0x55, 
	0x68, 0x89, 0x99, 0xa9, 0x88, 0x76, 0x66, 0x75, 
	0x55, 0x54, 0x44, 0x56, 0x67, 0x77, 0x66, 0x77, 
	0x77, 0x78, 0xaa, 0x96, 0x55, 0x45, 0x68, 0x88, 
	0x79, 0x99, 0x99, 0x88, 0x98, 0x65, 0x44, 0x55, 
	0x67, 0x89, 0x98, 0xaa, 0x77, 0x76, 0x66, 0x54, 
	0x44, 0x44, 0x44, 0x56, 0x67, 0x66, 0x66, 0x67, 
	0x77, 0x77, 0xaa, 0x96, 0x54, 0x56, 0x68, 0x88, 
	0x77, 0x77, 0x88, 0x99, 0x99, 0x86, 0x54, 0x55, 
	0x66, 0x79, 0x97, 0x77, 0x77, 0x66, 0x55, 0x55, 
	0x44, 0x44, 0x44, 0x45, 0x66, 0x66, 0x66, 0x77, 
	0x77, 0x67, 0x88, 0x86, 0x55, 0x66, 0x77, 0x68, 
	0x88, 0x77, 0x77, 0x89, 0xaa, 0x98, 0x65, 0x56, 
	0x56, 0x69, 0x97, 0x76, 0x66, 0x65, 0x55, 0x66, 
	0x77, 0x77, 0x65, 0x44, 0x56, 0x56, 0x56, 0x67, 
	0x77, 0x66, 0x77, 0x66, 0x55, 0x76, 0x76, 0x67, 
	0x88, 0x87, 0x77, 0x89, 0x99, 0x88, 0x65, 0x56, 
	0x55, 0x57, 0x76, 0x65, 0x55, 0x56, 0x67, 0x77, 
	0x98, 0x89, 0x88, 0x64, 0x44, 0x55, 0x55, 0x67, 
	0x77, 0x66, 0x66, 0x66, 0x56, 0x77, 0x76, 0x66, 
	0x88, 0x87, 0x77, 0x89, 0x88, 0x88, 0x65, 0x56, 
	0x55, 0x55, 0x55, 0x55, 0x66, 0x67, 0x79, 0x99, 
	0x99, 0x89, 0x88, 0x86, 0x54, 0x44, 0x55, 0x67, 
	0x77, 0x76, 0x66, 0x66, 0x56, 0x77, 0x76, 0x66, 
	0x78, 0x88, 0x77, 0x78, 0x88, 0x88, 0x66, 0x55, 
	0x65, 0x44, 0x55, 0x66, 0x67, 0x77, 0x99, 0xaa, 
	0x99, 0xa8, 0x89, 0x87, 0x64, 0x44, 0x55, 0x57, 
	0x66, 0x65, 0x55, 0x66, 0x56, 0x77, 0x65, 0x56, 
	0x78, 0x88, 0x77, 0x77, 0x87, 0x77, 0x66, 0x55, 
	0x64, 0x45, 0x67, 0x67, 0x77, 0x79, 0xa9, 0x99, 
	0xaa, 0x98, 0x88, 0x87, 0x85, 0x44, 0x45, 0x55, 
	0x66, 0x66, 0x55, 0x55, 0x56, 0x76, 0x65, 0x55, 
	0x77, 0x87, 0x76, 0x66, 0x77, 0x77, 0x66, 0x54, 
	0x54, 0x47, 0x77, 0x77, 0x77, 0x99, 0x99, 0x99, 
	0xa9, 0x98, 0x88, 0x88, 0x86, 0x44, 0x44, 0x45, 
	0x55, 0x55, 0x55, 0x55, 0x56, 0x66, 0x65, 0x55, 
	0x66, 0x77, 0x66, 0x66, 0x77, 0x77, 0x66, 0x54, 
	0x44, 0x67, 0x77, 0x77, 0x77, 0x99, 0x99, 0x99, 
	0x99, 0xa9, 0x87, 0x78, 0x86, 0x54, 0x44, 0x44, 
	0x55, 0x55, 0x65, 0x55, 0x55, 0x66, 0x55, 0x55, 
	0x66, 0x66, 0x66, 0x66, 0x76, 0x66, 0x66, 0x44, 
	0x44, 0x68, 0x87, 0x78, 0x77, 0x88, 0x88, 0x88, 
	0x89, 0x99, 0x97, 0x77, 0x87, 0x54, 0x43, 0x33, 
	0x44, 0x45, 0x55, 0x55, 0x44, 0x65, 0x56, 0x55, 
	0x55, 0x66, 0x66, 0x66, 0x65, 0x44, 0x44, 0x44, 
	0x44, 0x68, 0x87, 0x77, 0x77, 0x77, 0x77, 0x77, 
	0x88, 0x89, 0x99, 0x77, 0x87, 0x54, 0x44, 0x34, 
	0x44, 0x44, 0x45, 0x55, 0x54, 0x56, 0x55, 0x55, 
	0x56, 0x66, 0x66, 0x65, 0x44, 0x44, 0x44, 0x44, 
	0x44, 0x68, 0x87, 0x77, 0x66, 0x67, 0x66, 0x67, 
	0x89, 0x99, 0x97, 0x77, 0x87, 0x54, 0x54, 0x44, 
	0x44, 0x44, 0x44, 0x45, 0x54, 0x55, 0x55, 0x66, 
	0x65, 0x65, 0x65, 0x44, 0x44, 0x55, 0x66, 0x66, 
	0x54, 0x58, 0x88, 0x77, 0x66, 0x67, 0x66, 0x68, 
	0x89, 0x89, 0x77, 0x77, 0x77, 0x54, 0x55, 0x55, 
	0x55, 0x44, 0x33, 0x44, 0x54, 0x45, 0x55, 0x66, 
	0x66, 0x55, 0x44, 0x45, 0x66, 0x66, 0x77, 0x76, 
	0x64, 0x46, 0x77, 0x67, 0x66, 0x66, 0x67, 0x78, 
	0x78, 0x87, 0x77, 0x77, 0x78, 0x65, 0x55, 0x56, 
	0x88, 0x76, 0x55, 0x55, 0x44, 0x44, 0x56, 0x66, 
	0x55, 0x54, 0x46, 0x66, 0x88, 0x77, 0x78, 0x77, 
	0x64, 0x45, 0x77, 0x76, 0x66, 0x66, 0x66, 0x77, 
	0x77, 0x76, 0x67, 0x77, 0x88, 0x75, 0x55, 0x55, 
	0x78, 0x88, 0x77, 0x66, 0x55, 0x44, 0x45, 0x66, 
	0x65, 0x45, 0x68, 0x88, 0x88, 0x88, 0x88, 0x87, 
	0x85, 0x45, 0x67, 0x76, 0x66, 0x66, 0x66, 0x66, 
	0x67, 0x77, 0x77, 0x77, 0x88, 0x75, 0x55, 0x55, 
	0x56, 0x67, 0x77, 0x77, 0x86, 0x54, 0x44, 0x45, 
	0x65, 0x46, 0x88, 0x88, 0x88, 0x88, 0x89, 0x88, 
	0x88, 0x64, 0x56, 0x67, 0x66, 0x76, 0x66, 0x66, 
	0x67, 0x77, 0x77, 0x67, 0x88, 0x65, 0x55, 0x55, 
	0x66, 0x55, 0x55, 0x67, 0x88, 0x65, 0x44, 0x44, 
	0x44, 0x57, 0x88, 0x88, 0x87, 0x88, 0x88, 0x88, 
	0x98, 0x76, 0x44, 0x66, 0x66, 0x77, 0x66, 0x67, 
	0x67, 0x77, 0x77, 0x67, 0x88, 0x65, 0x55, 0x55, 
	0x66, 0x65, 0x54, 0x45, 0x77, 0x77, 0x64, 0x44, 
	0x55, 0x68, 0x88, 0x88, 0x77, 0x88, 0x88, 0x99, 
	0x99, 0x87, 0x65, 0x45, 0x76, 0x67, 0x76, 0x77, 
	0x77, 0x78, 0x77, 0x77, 0x66, 0x55, 0x55, 0x55, 
	0x55, 0x66, 0x55, 0x55, 0x67, 0x88, 0x76, 0x44, 
	0x56, 0x88, 0x98, 0x87, 0x66, 0x78, 0x88, 0x99, 
	0x99, 0x87, 0x86, 0x54, 0x56, 0x66, 0x77, 0x88, 
	0x78, 0x88, 0x77, 0x67, 0x66, 0x55, 0x56, 0x65, 
	0x55, 0x65, 0x55, 0x55, 0x67, 0x88, 0x75, 0x44, 
	0x56, 0x88, 0x99, 0x87, 0x66, 0x67, 0x88, 0x9a, 
	0x99, 0x98, 0x88, 0x65, 0x55, 0x56, 0x68, 0x88, 
	0x78, 0x78, 0x77, 0x76, 0x66, 0x55, 0x56, 0x66, 
	0x66, 0x66, 0x54, 0x45, 0x76, 0x78, 0x75, 0x44, 
	0x56, 0x88, 0x88, 0x87, 0x66, 0x66, 0x78, 0x9a, 
	0x99, 0x98, 0x98, 0x76, 0x55, 0x55, 0x66, 0x68, 
	0x77, 0x77, 0x77, 0x76, 0x65, 0x55, 0x67, 0x77, 
	0x77, 0x77, 0x65, 0x55, 0x55, 0x77, 0x86, 0x44, 
	0x57, 0x67, 0x78, 0x87, 0x77, 0x77, 0x77, 0x89, 
	0x99, 0x89, 0x99, 0x86, 0x55, 0x55, 0x66, 0x66, 
	0x66, 0x66, 0x66, 0x65, 0x55, 0x55, 0x67, 0x77, 
	0x78, 0x88, 0x86, 0x55, 0x55, 0x57, 0x86, 0x44, 
	0x66, 0x66, 0x67, 0x78, 0x99, 0x87, 0x77, 0x88, 
	0x88, 0x88, 0x99, 0x97, 0x55, 0x45, 0x56, 0x65, 
	0x66, 0x55, 0x55, 0x55, 0x55, 0x55, 0x67, 0x77, 
	0x88, 0x99, 0x98, 0x65, 0x55, 0x55, 0x54, 0x44, 
	0x66, 0x66, 0x66, 0x78, 0x9a, 0xa9, 0x87, 0x78, 
	0x77, 0x88, 0x99, 0x98, 0x65, 0x44, 0x45, 0x55, 
	0x55, 0x55, 0x55, 0x55, 0x56, 0x66, 0x67, 0x78, 
	0x89, 0x99, 0x99, 0x85, 0x55, 0x55, 0x54, 0x45, 
	0x66, 0x66, 0x66, 0x78, 0xaa, 0xaa, 0xa9, 0x88, 
	0x77, 0x78, 0x88, 0x99, 0x65, 0x44, 0x44, 0x44, 
	0x55, 0x55, 0x67, 0x77, 0x77, 0x77, 0x66, 0x77, 
	0x88, 0x89, 0x99, 0x86, 0x54, 0x55, 0x54, 0x46, 
	0x66, 0x66, 0x66, 0x77, 0x9a, 0xaa, 0xa9, 0x99, 
	0x87, 0x77, 0x88, 0x99, 0x86, 0x44, 0x44, 0x46, 
	0x66, 0x66, 0x67, 0x88, 0x77, 0x88, 0x77, 0x77, 
	0x88, 0x88, 0x99, 0x98, 0x64, 0x45, 0x54, 0x56, 
	0x66, 0x66, 0x66, 0x66, 0x79, 0xaa, 0x9a, 0xa9, 
	0xa8, 0x77, 0x78, 0x89, 0x88, 0x54, 0x44, 0x67, 
	0x77, 0x76, 0x78, 0x98, 0x9a, 0xaa, 0x97, 0x77, 
	0x77, 0x88, 0x99, 0x99, 0x85, 0x44, 0x55, 0x66, 
	0x66, 0x66, 0x66, 0x66, 0x78, 0x9a, 0x9a, 0xa9, 
	0xa9, 0x87, 0x77, 0x99, 0x88, 0x64, 0x44, 0x67, 
	0x77, 0x77, 0x78, 0x99, 0xaa, 0xaa, 0x99, 0x77, 
	0x77, 0x78, 0x99, 0x99, 0x86, 0x44, 0x55, 0x77, 
	0x66, 0x66, 0x66, 0x66, 0x77, 0x9a, 0x9a, 0xaa, 
	
};

Gfx castle_grounds_dl_wc_isi_i4_aligner[] = {gsSPEndDisplayList()};
u8 castle_grounds_dl_wc_isi_i4[] = {
	0x99, 0x88, 0x8b, 0x7b, 0xa9, 0xa9, 0xa9, 0x9a, 
	0xaa, 0x93, 0x57, 0x99, 0x88, 0xaa, 0xba, 0xaa, 
	0xba, 0x98, 0xaa, 0x8a, 0x99, 0x84, 0x25, 0x77, 
	0x88, 0x55, 0x8a, 0x89, 0x87, 0xbb, 0xba, 0x99, 
	0x7b, 0x78, 0xb9, 0x89, 0xa9, 0x9b, 0xba, 0x88, 
	0xaa, 0x95, 0x35, 0x77, 0x8a, 0xa8, 0xab, 0x98, 
	0x9b, 0x88, 0x88, 0x8a, 0x99, 0x84, 0x22, 0x57, 
	0x66, 0x36, 0x89, 0x99, 0xbb, 0x89, 0xaa, 0x9b, 
	0xb8, 0x78, 0xb9, 0xb9, 0xa9, 0x98, 0xa8, 0xaa, 
	0xaa, 0xa9, 0x55, 0x77, 0x88, 0xaa, 0xaa, 0xba, 
	0xbb, 0xba, 0xa9, 0xa9, 0x64, 0x46, 0x53, 0x23, 
	0x53, 0x38, 0x98, 0x9a, 0x9b, 0x89, 0xb9, 0x9b, 
	0x99, 0x88, 0xbb, 0xb9, 0x8a, 0x89, 0x88, 0xa9, 
	0xaa, 0xaa, 0x95, 0x57, 0x88, 0x9a, 0xaa, 0xaa, 
	0xab, 0xbb, 0xa8, 0x44, 0x44, 0x66, 0x55, 0x33, 
	0x33, 0x56, 0x88, 0x9a, 0xb8, 0xb9, 0x9b, 0x99, 
	0x99, 0x9b, 0x9b, 0xb9, 0x99, 0x9a, 0x88, 0x89, 
	0xca, 0x9a, 0x99, 0x65, 0x68, 0x88, 0x99, 0xaa, 
	0x99, 0x98, 0x64, 0x46, 0x88, 0x9b, 0xa9, 0x99, 
	0xa7, 0x44, 0x57, 0x7b, 0xa9, 0xaa, 0xaa, 0xb9, 
	0xbb, 0xbb, 0xa9, 0xab, 0xa9, 0x98, 0x9a, 0x9b, 
	0xcb, 0x9a, 0xbb, 0xb5, 0x48, 0x88, 0x99, 0xaa, 
	0x98, 0x86, 0x46, 0x68, 0x9a, 0xba, 0xbb, 0xbb, 
	0xda, 0xa7, 0x55, 0x78, 0x9b, 0xab, 0xaa, 0x9a, 
	0x88, 0x88, 0x9a, 0x99, 0xab, 0xbb, 0xab, 0x89, 
	0x9a, 0xb9, 0x9b, 0xbb, 0x44, 0x64, 0x55, 0x55, 
	0x66, 0x66, 0x86, 0x8b, 0xbb, 0xa9, 0xaa, 0xaa, 
	0xaa, 0xaa, 0x88, 0x57, 0x9a, 0x9a, 0xaa, 0xba, 
	0xb8, 0xb8, 0x99, 0xba, 0x8a, 0xaa, 0x9b, 0x89, 
	0x99, 0xb9, 0x99, 0xbb, 0x63, 0x43, 0x33, 0x33, 
	0x46, 0x68, 0x66, 0xbb, 0xa9, 0x89, 0xaa, 0xa9, 
	0xaa, 0xaa, 0xbb, 0x85, 0x89, 0x9a, 0xba, 0xaa, 
	0x9a, 0x9a, 0xab, 0xaa, 0x88, 0x99, 0xba, 0xbb, 
	0x88, 0x98, 0x99, 0xba, 0xa3, 0x35, 0x88, 0xaa, 
	0xab, 0xcb, 0x44, 0xaa, 0xaa, 0x87, 0x96, 0x67, 
	0x77, 0x9a, 0xbb, 0x86, 0x5a, 0xaa, 0xab, 0xba, 
	0xb9, 0xba, 0x9a, 0xaa, 0x97, 0x77, 0xbb, 0xba, 
	0x88, 0x98, 0xaa, 0xa8, 0x55, 0x58, 0xab, 0xbb, 
	0xcc, 0xca, 0x44, 0xaa, 0xa8, 0x78, 0x69, 0x79, 
	0x77, 0x99, 0xbb, 0x88, 0x27, 0xaa, 0xab, 0x9a, 
	0xaa, 0x9b, 0x8a, 0x9b, 0x98, 0x98, 0xa8, 0x99, 
	0xb8, 0x99, 0xa8, 0xb8, 0x53, 0x8a, 0xbb, 0xbb, 
	0xbb, 0xbb, 0x44, 0x7a, 0xb8, 0x88, 0xaa, 0x99, 
	0x89, 0x99, 0xbb, 0x86, 0x25, 0xaa, 0xa8, 0x9a, 
	0x99, 0x9a, 0xa8, 0xb8, 0xa9, 0xa9, 0x99, 0x9a, 
	0x9b, 0xb8, 0x89, 0xb8, 0x38, 0xaa, 0xbb, 0xbb, 
	0xaa, 0xbb, 0x74, 0x4a, 0xb8, 0xaa, 0x79, 0x77, 
	0x88, 0x98, 0xb8, 0x44, 0x25, 0xaa, 0xa9, 0xaa, 
	0xb9, 0x98, 0x99, 0x9b, 0xa8, 0x8a, 0xbb, 0x9a, 
	0xaa, 0xa9, 0xb8, 0x85, 0x79, 0xac, 0xcb, 0xab, 
	0xaa, 0xcb, 0x94, 0x49, 0xca, 0x9a, 0xb8, 0x99, 
	0xaa, 0xaa, 0x74, 0x22, 0x46, 0xbb, 0xa8, 0xa9, 
	0x89, 0xba, 0xb8, 0x98, 0x89, 0xaa, 0x8a, 0xba, 
	0xca, 0x99, 0xbb, 0x55, 0x7a, 0xcc, 0xcb, 0xaa, 
	0x99, 0xcb, 0x96, 0x29, 0xcc, 0x99, 0xa8, 0x99, 
	0xaa, 0xa7, 0x42, 0x24, 0x64, 0xbb, 0xaa, 0x8a, 
	0x9a, 0x8a, 0xb9, 0x88, 0x88, 0x9a, 0xab, 0xa8, 
	0x9a, 0xaa, 0xb8, 0x57, 0x99, 0xcc, 0xba, 0xbb, 
	0xaa, 0x9b, 0x99, 0x24, 0xac, 0xaa, 0xab, 0xba, 
	0xa7, 0x41, 0x24, 0x77, 0x46, 0x8b, 0xbb, 0xb9, 
	0x98, 0xba, 0xbb, 0x79, 0x98, 0x89, 0xab, 0x9b, 
	0xaa, 0xaa, 0xb5, 0x57, 0x9a, 0xcc, 0xba, 0xcb, 
	0x99, 0xbb, 0x99, 0x22, 0x9a, 0xca, 0xba, 0x88, 
	0x44, 0x11, 0x7a, 0xaa, 0x88, 0x6b, 0xbb, 0xa9, 
	0xb8, 0x99, 0x8a, 0xaa, 0xbb, 0xb9, 0x9a, 0xac, 
	0xab, 0xaa, 0xa5, 0x58, 0xab, 0xba, 0x99, 0xbb, 
	0xcc, 0xbb, 0xaa, 0x33, 0x4a, 0xaa, 0x77, 0x55, 
	0x11, 0x3c, 0xbc, 0xbc, 0xb6, 0x38, 0xbb, 0xbb, 
	0x7b, 0x9b, 0x88, 0x99, 0x97, 0x98, 0xac, 0xca, 
	0xaa, 0x9a, 0x85, 0x5a, 0xab, 0xab, 0x9b, 0xb9, 
	0x9b, 0xbb, 0xaa, 0x33, 0x47, 0xa7, 0x75, 0x22, 
	0x37, 0xcc, 0xbb, 0xcc, 0xbb, 0x66, 0xbb, 0xb7, 
	0x8b, 0x99, 0x88, 0x89, 0x89, 0x9b, 0x99, 0x9a, 
	0xa9, 0xaa, 0x33, 0x8a, 0xba, 0x9a, 0xaa, 0xbb, 
	0xac, 0xa9, 0xaa, 0x53, 0x22, 0x22, 0x22, 0x27, 
	0x7c, 0xcc, 0xbb, 0xbb, 0xbb, 0x66, 0x5b, 0xbb, 
	0xb9, 0x89, 0x8a, 0x98, 0x98, 0xb9, 0xa9, 0xa9, 
	0x99, 0xa8, 0x35, 0x8a, 0xaa, 0xaa, 0xa9, 0x99, 
	0xcb, 0xa9, 0xaa, 0x55, 0x22, 0x24, 0x77, 0xaa, 
	0xcc, 0xcc, 0xbc, 0xbb, 0xbb, 0x86, 0x57, 0xbb, 
	0x88, 0xaa, 0x88, 0x9a, 0x88, 0xaa, 0xaa, 0xaa, 
	0xaa, 0x53, 0x38, 0x8c, 0xba, 0xbb, 0x8a, 0x99, 
	0xb9, 0x99, 0xb8, 0x44, 0x77, 0xaa, 0xbb, 0xbb, 
	0xcc, 0xba, 0xaa, 0xa9, 0xab, 0xaa, 0x72, 0xaa, 
	0xa8, 0xa8, 0x98, 0x98, 0x8a, 0xaa, 0xa7, 0xa7, 
	0x55, 0x57, 0x38, 0x8c, 0xbb, 0xba, 0xbb, 0xba, 
	0xa9, 0x9a, 0xb8, 0x46, 0xaa, 0xbb, 0xbb, 0xbd, 
	0xac, 0xb9, 0xaa, 0xaa, 0xab, 0xca, 0x75, 0x5a, 
	0x87, 0x8a, 0xaa, 0x99, 0x88, 0x88, 0x77, 0x73, 
	0x75, 0xaa, 0xa3, 0x8c, 0xbb, 0xbb, 0xa8, 0x8a, 
	0xbb, 0x9b, 0x88, 0x46, 0xab, 0xbb, 0xaa, 0xbb, 
	0xbc, 0x99, 0xa9, 0xaa, 0xaa, 0xcb, 0xa7, 0x27, 
	0x78, 0x88, 0x88, 0x8a, 0x88, 0x87, 0x33, 0x33, 
	0xaa, 0xaa, 0xaa, 0x38, 0xbb, 0xbb, 0xa9, 0x89, 
	0x9b, 0xaa, 0x86, 0x68, 0xbb, 0xba, 0xab, 0xdb, 
	0xcc, 0x99, 0xab, 0xaa, 0xaa, 0xcc, 0xa7, 0x27, 
	0x46, 0x44, 0x33, 0x35, 0x53, 0x53, 0x38, 0xab, 
	0xbb, 0xba, 0xbb, 0x77, 0x9c, 0x9c, 0x9a, 0xac, 
	0xbb, 0xbb, 0x65, 0x6a, 0xbb, 0x9a, 0x99, 0xaa, 
	0xbb, 0xab, 0x99, 0xba, 0xaa, 0xcc, 0xca, 0x33, 
	0x44, 0x44, 0x33, 0x35, 0x33, 0x58, 0xbb, 0xbb, 
	0x98, 0xab, 0xab, 0x77, 0x8c, 0xcc, 0x99, 0x99, 
	0xab, 0xbb, 0x55, 0x8a, 0xaa, 0xaa, 0xa8, 0xa9, 
	0xcb, 0xab, 0xab, 0xcb, 0xab, 0xbc, 0xaa, 0x53, 
	0x44, 0x69, 0xa9, 0x95, 0x33, 0x8a, 0xbb, 0xa8, 
	0x88, 0x88, 0xbb, 0xa8, 0x69, 0xcc, 0x9b, 0x9a, 
	0xab, 0xb7, 0x56, 0xaa, 0xba, 0x88, 0xa8, 0xba, 
	0xbb, 0xbb, 0xcb, 0xab, 0xbb, 0xbb, 0xca, 0x55, 
	0x66, 0x99, 0x9a, 0xa9, 0x85, 0xaa, 0xaa, 0x88, 
	0x88, 0x88, 0xab, 0xb7, 0x68, 0xcc, 0xb9, 0x99, 
	0xbb, 0xb7, 0x58, 0xaa, 0xb9, 0x99, 0xb9, 0xa9, 
	0xab, 0xcb, 0xa9, 0xbc, 0xbb, 0xbb, 0xca, 0x55, 
	0x89, 0x9b, 0xaa, 0xa9, 0x77, 0xbb, 0xaa, 0x9a, 
	0xa9, 0x98, 0x8b, 0xb8, 0x66, 0x9c, 0xba, 0xbb, 
	0xbb, 0xa5, 0x56, 0xaa, 0x87, 0x89, 0xb9, 0xaa, 
	0xba, 0xbb, 0x9a, 0xab, 0xaa, 0xcc, 0xb8, 0x46, 
	0x99, 0xbb, 0xaa, 0xaa, 0x77, 0xbb, 0x9b, 0xaa, 
	0xb9, 0xa8, 0x8a, 0xbb, 0x86, 0x8c, 0xbb, 0xba, 
	0xbb, 0x95, 0x58, 0xaa, 0x97, 0x97, 0xa9, 0xab, 
	0xaa, 0xbb, 0xb9, 0xa9, 0x9a, 0xcc, 0x86, 0x46, 
	0x99, 0xb9, 0xaa, 0x99, 0x77, 0xba, 0x9a, 0xaa, 
	0xa9, 0xb8, 0x88, 0xbb, 0x86, 0x89, 0xbc, 0xba, 
	0xba, 0x95, 0x68, 0xaa, 0x77, 0xbb, 0x99, 0x9a, 
	0xaa, 0xaa, 0xbb, 0xaa, 0xac, 0xa9, 0x44, 0x46, 
	0x97, 0xb8, 0xca, 0x99, 0x78, 0xba, 0x9a, 0xaa, 
	0x99, 0x99, 0x88, 0xab, 0x98, 0x89, 0xcb, 0xbb, 
	0xba, 0x55, 0x6a, 0xaa, 0x78, 0xbb, 0x9c, 0x99, 
	0x9a, 0xab, 0xbb, 0xaa, 0xcc, 0xa7, 0x44, 0x48, 
	0x89, 0xa8, 0xbb, 0x88, 0x87, 0xba, 0x9a, 0x9a, 
	0x9a, 0xa8, 0x98, 0x8b, 0x98, 0x48, 0x99, 0x99, 
	0x99, 0x43, 0x89, 0xaa, 0x99, 0xb9, 0xaa, 0x98, 
	0x9a, 0xab, 0xbb, 0xbb, 0xaa, 0x42, 0x44, 0x89, 
	0x88, 0x89, 0x88, 0x77, 0x78, 0xba, 0x9a, 0x99, 
	0x89, 0x88, 0x89, 0x8a, 0x99, 0x38, 0x69, 0x88, 
	0x98, 0x44, 0x89, 0xba, 0xa8, 0xa9, 0xa8, 0x89, 
	0xaa, 0xbb, 0xbb, 0xbb, 0xa7, 0x22, 0x44, 0x86, 
	0x88, 0x88, 0x88, 0x55, 0x8b, 0xaa, 0x9a, 0xaa, 
	0x89, 0x88, 0x89, 0x9a, 0x99, 0x43, 0x44, 0x86, 
	0x44, 0x34, 0x89, 0xbb, 0xa9, 0xa9, 0xaa, 0x99, 
	0xbb, 0xbb, 0xb9, 0x99, 0xa4, 0x22, 0x44, 0x88, 
	0x88, 0x99, 0x75, 0x7b, 0xba, 0xaa, 0xaa, 0x9a, 
	0x88, 0x9a, 0x8a, 0x9a, 0x99, 0x43, 0x46, 0x64, 
	0x33, 0x44, 0x88, 0xbb, 0x9a, 0x99, 0xa9, 0xab, 
	0xbb, 0x95, 0x21, 0x22, 0x24, 0x24, 0x46, 0x89, 
	0x77, 0x75, 0x58, 0xb8, 0x99, 0xa9, 0xa9, 0xa9, 
	0xaa, 0xab, 0x9a, 0xaa, 0x99, 0x44, 0x77, 0x79, 
	0xcc, 0x66, 0x68, 0xbb, 0xab, 0xaa, 0xbb, 0xbb, 
	0x96, 0x42, 0x35, 0x58, 0x67, 0x66, 0x33, 0x68, 
	0x77, 0x55, 0x8b, 0x88, 0x9b, 0xbb, 0xba, 0xbb, 
	0xba, 0xbb, 0x99, 0x9a, 0x99, 0x44, 0x99, 0xaa, 
	0xcc, 0x66, 0x46, 0xbb, 0xab, 0xaa, 0xbb, 0xb8, 
	0x62, 0x26, 0x88, 0xaa, 0x88, 0x75, 0x53, 0x55, 
	0x33, 0x57, 0xbb, 0x88, 0x99, 0xab, 0xaa, 0xba, 
	0xba, 0xab, 0xaa, 0x9a, 0x99, 0x46, 0xaa, 0xac, 
	0x9c, 0x96, 0x44, 0xbb, 0xb9, 0xab, 0xbb, 0x52, 
	0x24, 0x99, 0xaa, 0x88, 0x88, 0x86, 0x55, 0x33, 
	0x33, 0x5a, 0x88, 0x88, 0x9a, 0xab, 0xab, 0xa8, 
	0xbb, 0xbc, 0xaa, 0x9a, 0x99, 0x46, 0xca, 0xac, 
	0x99, 0x98, 0x44, 0x8b, 0xaa, 0xa9, 0xb2, 0x25, 
	0x99, 0x99, 0xa8, 0x88, 0x88, 0x88, 0x88, 0x65, 
	0x75, 0x37, 0xb9, 0x99, 0x9a, 0xbb, 0x9a, 0xa9, 
	0xa9, 0x9a, 0xaa, 0x9b, 0x96, 0x49, 0xb9, 0x88, 
	0x9b, 0xbb, 0x44, 0x47, 0x77, 0x41, 0x33, 0x8a, 
	0xbb, 0xba, 0x98, 0x89, 0x89, 0x98, 0x88, 0x88, 
	0x75, 0x53, 0xb9, 0xbb, 0xb9, 0xbb, 0xa9, 0x99, 
	0xb9, 0xaa, 0xbb, 0x9b, 0x94, 0x49, 0xb9, 0x88, 
	0xc9, 0xbc, 0x74, 0x11, 0x11, 0x14, 0x8a, 0xac, 
	0xba, 0xa9, 0x88, 0x99, 0x99, 0x88, 0x88, 0x87, 
	0x97, 0x75, 0x78, 0xbb, 0xaa, 0xaa, 0xaa, 0x88, 
	0x8a, 0x9a, 0x9b, 0x9b, 0x94, 0x69, 0xaa, 0x99, 
	0x99, 0x9b, 0x77, 0x44, 0x44, 0x7a, 0xcc, 0xca, 
	0x99, 0x98, 0x89, 0xa9, 0x99, 0x88, 0xa8, 0x8a, 
	0x99, 0x75, 0x79, 0xbb, 0xba, 0xbb, 0xa8, 0xba, 
	0xba, 0xa9, 0x9a, 0x9b, 0x84, 0x89, 0xa9, 0x8a, 
	0xbb, 0x99, 0xa7, 0x44, 0x47, 0xaa, 0xca, 0xaa, 
	0x88, 0x89, 0xaa, 0xaa, 0x88, 0x87, 0xa8, 0xaa, 
	0xaa, 0x99, 0x53, 0x59, 0xcc, 0x99, 0xa9, 0x9a, 
	0xaa, 0xac, 0x99, 0xaa, 0x74, 0x49, 0xa9, 0x8a, 
	0x8b, 0x98, 0x88, 0x88, 0xab, 0xcc, 0xa8, 0xa8, 
	0x88, 0x99, 0xaa, 0xaa, 0xa9, 0xcc, 0x99, 0x99, 
	0x99, 0xaa, 0x73, 0x57, 0x9c, 0xc9, 0x9a, 0xab, 
	0xaa, 0xaa, 0xca, 0xca, 0x66, 0x49, 0xa9, 0x98, 
	0x88, 0x79, 0x8a, 0x86, 0xbc, 0xca, 0x88, 0x88, 
	0xa9, 0xaa, 0xaa, 0xba, 0xa9, 0xac, 0x99, 0xa9, 
	0xac, 0xaa, 0x97, 0x53, 0x69, 0xcc, 0xab, 0x9a, 
	0x9c, 0xaa, 0xa9, 0xaa, 0x66, 0x49, 0x99, 0x9a, 
	0x97, 0x99, 0x8a, 0x5a, 0xcb, 0xc9, 0xa8, 0x88, 
	0xaa, 0x99, 0xa9, 0x9b, 0x8a, 0x98, 0xaa, 0xaa, 
	0xaa, 0xaa, 0x99, 0x75, 0x26, 0x9c, 0xbb, 0x99, 
	0xc9, 0xc9, 0xc9, 0xac, 0x94, 0x47, 0x99, 0x99, 
	0x87, 0x99, 0xa8, 0x58, 0xcb, 0x99, 0xa8, 0x88, 
	0x99, 0xab, 0x99, 0x9a, 0x89, 0xa8, 0xca, 0xaa, 
	0x88, 0xb8, 0xaa, 0xa5, 0x42, 0x69, 0xac, 0xa8, 
	0xaa, 0x99, 0xca, 0xaa, 0x85, 0x57, 0x99, 0x78, 
	0xa6, 0xaa, 0xa8, 0x58, 0xca, 0xab, 0xa9, 0xaa, 
	0xa8, 0xa9, 0x9c, 0x9a, 0xa8, 0xa8, 0xaa, 0x89, 
	0xbb, 0xbb, 0xaa, 0xa7, 0x24, 0x44, 0x8a, 0xa8, 
	0xab, 0x9a, 0xba, 0xac, 0x85, 0x57, 0x98, 0x98, 
	0x8a, 0x8a, 0x68, 0x58, 0xca, 0xaa, 0xba, 0xba, 
	0x9b, 0xa8, 0xcc, 0x9a, 0x99, 0xa7, 0xba, 0xba, 
	0x68, 0x44, 0x75, 0x33, 0x44, 0x44, 0x5a, 0xca, 
	0x99, 0xbb, 0xaa, 0xab, 0x85, 0x56, 0x98, 0x98, 
	0x8a, 0x66, 0xa8, 0x68, 0xba, 0xaa, 0xa9, 0xa9, 
	0x9b, 0xa8, 0x9a, 0xaa, 0x77, 0xa8, 0x8a, 0xb9, 
	0x88, 0x66, 0x33, 0x53, 0x44, 0x24, 0x5a, 0xca, 
	0x9b, 0xaa, 0xba, 0xab, 0x86, 0x56, 0x98, 0x88, 
	0x88, 0x66, 0xa6, 0x58, 0xaa, 0xaa, 0xaa, 0xaa, 
	0xa9, 0x98, 0xca, 0xaa, 0x77, 0x8a, 0xa9, 0x9a, 
	0x75, 0x52, 0x64, 0x46, 0x57, 0x52, 0x38, 0xcc, 
	0x9a, 0xaa, 0x8a, 0xa8, 0x75, 0x35, 0x88, 0x89, 
	0x85, 0x65, 0xa8, 0x38, 0x98, 0xbb, 0xaa, 0xaa, 
	0xbb, 0xa8, 0x9a, 0x9a, 0xaa, 0xca, 0xaa, 0xa7, 
	0x52, 0x57, 0x66, 0x66, 0x77, 0x52, 0x38, 0xac, 
	0x9a, 0xa9, 0x89, 0x89, 0x77, 0x37, 0x87, 0x88, 
	0x88, 0x86, 0xaa, 0x38, 0x89, 0xaa, 0xcb, 0xba, 
	0x99, 0x89, 0x99, 0x88, 0xaa, 0xaa, 0xaa, 0x74, 
	0x77, 0xaa, 0x89, 0x98, 0x7a, 0x75, 0x33, 0x8c, 
	0x99, 0xbb, 0xa9, 0xaa, 0x75, 0x35, 0x97, 0x77, 
	0x66, 0x8a, 0xaa, 0x35, 0x89, 0xba, 0xab, 0x9c, 
	0xba, 0xba, 0x98, 0x9a, 0xcc, 0x99, 0x74, 0x24, 
	0xaa, 0xaa, 0x99, 0x99, 0xaa, 0x77, 0x33, 0x8c, 
	0xba, 0x99, 0x99, 0xa9, 0x73, 0x35, 0x8b, 0x78, 
	0x66, 0xaa, 0x85, 0x33, 0x89, 0xab, 0xba, 0xab, 
	0xbb, 0x9a, 0x88, 0x9a, 0xaa, 0xa9, 0x44, 0x77, 
	0xaa, 0x8a, 0xaa, 0x9a, 0x98, 0x97, 0x63, 0x58, 
	0xcc, 0xaa, 0xaa, 0xa7, 0x42, 0x64, 0x79, 0x99, 
	0x66, 0x64, 0x55, 0x55, 0x68, 0x8b, 0xca, 0x9a, 
	0xba, 0xbb, 0xb8, 0xbb, 0xbb, 0x84, 0x79, 0xac, 
	0x98, 0x88, 0xa9, 0x9a, 0x9b, 0x77, 0x65, 0x36, 
	0x88, 0xac, 0xa7, 0x75, 0x46, 0x64, 0x46, 0x99, 
	0x64, 0x22, 0x55, 0x88, 0x46, 0x88, 0xca, 0x99, 
	0x99, 0xbb, 0x8b, 0xbb, 0x86, 0x48, 0x9a, 0xca, 
	0x98, 0x89, 0x88, 0x9a, 0x9b, 0xb8, 0x65, 0x33, 
	0x33, 0x88, 0x33, 0x35, 0x99, 0x66, 0x44, 0x66, 
	0x44, 0x44, 0x8a, 0xcc, 0x86, 0x68, 0xca, 0xaa, 
	0xb9, 0xaa, 0xbb, 0xa8, 0x44, 0x8b, 0xcc, 0xa9, 
	0x89, 0xaa, 0x8a, 0x98, 0x9b, 0x99, 0x66, 0x53, 
	0x33, 0x33, 0x57, 0xaa, 0x99, 0x99, 0x99, 0x66, 
	0x64, 0x69, 0xac, 0xcc, 0xb6, 0x66, 0xaa, 0xa9, 
	0x88, 0xab, 0xba, 0x83, 0x48, 0xbb, 0xcc, 0x97, 
	0x88, 0xaa, 0x8a, 0xa9, 0x88, 0x9b, 0xba, 0x77, 
	0x75, 0x35, 0xab, 0xbb, 0xaa, 0xbb, 0xaa, 0xab, 
	0xba, 0xab, 0xba, 0x9b, 0xda, 0x74, 0x88, 0xbb, 
	0xbb, 0xbb, 0x84, 0x46, 0xab, 0xcc, 0x9b, 0x87, 
	0x88, 0x88, 0x98, 0x9a, 0x98, 0xab, 0xba, 0xaa, 
	0xaa, 0x35, 0x9a, 0xba, 0x99, 0xbb, 0xca, 0xaa, 
	0xab, 0xbc, 0xbb, 0xa9, 0xaa, 0x74, 0x68, 0xbb, 
	0xbb, 0xbb, 0x44, 0x48, 0xbc, 0xcd, 0xb8, 0x88, 
	0x9a, 0xa8, 0xaa, 0xaa, 0x9b, 0xb9, 0xdb, 0xab, 
	0xa7, 0x53, 0x89, 0xaa, 0x9a, 0xa9, 0xcc, 0xcb, 
	0xba, 0xaa, 0xba, 0x99, 0xaa, 0xa7, 0x48, 0x88, 
	0x8b, 0x82, 0x46, 0x8b, 0xdb, 0xab, 0xbb, 0xb9, 
	0x98, 0x88, 0xb8, 0xab, 0xaa, 0x9a, 0xda, 0xba, 
	0xaa, 0x53, 0x88, 0xaa, 0xa9, 0x9a, 0xab, 0xbb, 
	0xba, 0xaa, 0xba, 0xaa, 0xaa, 0xa7, 0x46, 0x88, 
	0x88, 0x55, 0x68, 0xbb, 0xdc, 0xaa, 0xb9, 0x98, 
	
};

Gfx castle_grounds_dl_weird_rgass_i8_aligner[] = {gsSPEndDisplayList()};
u8 castle_grounds_dl_weird_rgass_i8[] = {
	0x73, 0x7e, 0x7a, 0x73, 0x72, 0x6c, 0x6c, 0x6c, 
	0x93, 0x77, 0x75, 0x6c, 0x7b, 0x6e, 0x69, 0x76, 
	0x79, 0x76, 0x76, 0x7d, 0x72, 0x72, 0x76, 0x6a, 
	0x6c, 0x73, 0x73, 0x6c, 0x75, 0x6e, 0x6c, 0x6d, 
	0x7a, 0x7e, 0x83, 0x7f, 0x7f, 0x72, 0x7a, 0x84, 
	0x85, 0x7e, 0x6e, 0x63, 0x63, 0x7a, 0x76, 0x7c, 
	0x7f, 0x76, 0x77, 0x77, 0x76, 0x6d, 0x7a, 0x7a, 
	0x81, 0x7b, 0x7a, 0x7b, 0x6d, 0x63, 0x85, 0x91, 
	0x8a, 0x83, 0x89, 0x83, 0x82, 0x82, 0x83, 0x81, 
	0x81, 0x7a, 0x63, 0x6b, 0x65, 0x71, 0x7f, 0x7c, 
	0x7b, 0x76, 0x7b, 0x7b, 0x82, 0x6d, 0x67, 0x76, 
	0x7e, 0x7f, 0x81, 0x84, 0x63, 0x73, 0x7d, 0x80, 
	0x75, 0xa4, 0x8c, 0x85, 0x82, 0x84, 0x82, 0x81, 
	0x81, 0x7a, 0x89, 0x67, 0x63, 0x6e, 0x7f, 0x72, 
	0x76, 0x6b, 0x7a, 0x75, 0x7d, 0x6b, 0x63, 0x7f, 
	0x81, 0x7e, 0x7e, 0x8a, 0x84, 0x7f, 0x69, 0x67, 
	0x6b, 0x7f, 0x76, 0x83, 0x81, 0x7a, 0x7a, 0x83, 
	0x88, 0x83, 0x83, 0x7f, 0x6d, 0x7a, 0x7f, 0x7b, 
	0x6e, 0x5b, 0x76, 0x7f, 0x77, 0x6f, 0x75, 0x96, 
	0x76, 0x76, 0x7a, 0x87, 0x7a, 0x76, 0x63, 0x59, 
	0x6b, 0x5f, 0x78, 0x82, 0x81, 0x99, 0x7f, 0x81, 
	0x7f, 0x7a, 0x86, 0x91, 0x7a, 0x81, 0x7d, 0x7f, 
	0x8a, 0x83, 0x77, 0x7f, 0x7b, 0x6e, 0x75, 0x72, 
	0x6e, 0x8e, 0x81, 0x90, 0x8e, 0x96, 0x8c, 0x81, 
	0x7e, 0x78, 0x7f, 0x7a, 0x8d, 0x86, 0x87, 0x8d, 
	0x8c, 0x89, 0x90, 0x91, 0x69, 0x8c, 0x6e, 0x84, 
	0x7b, 0x8f, 0x87, 0x84, 0x82, 0x7b, 0x6d, 0x83, 
	0x76, 0xa5, 0x94, 0x84, 0x8b, 0x8b, 0x89, 0x8a, 
	0x7f, 0x7c, 0x83, 0x82, 0x82, 0x82, 0x8f, 0x76, 
	0x78, 0x8a, 0x88, 0x8d, 0x7a, 0x7b, 0x87, 0x82, 
	0x77, 0x87, 0x83, 0x8a, 0x85, 0x7d, 0x85, 0x85, 
	0x8f, 0x89, 0x8a, 0x8b, 0x8f, 0x88, 0x88, 0x85, 
	0x8a, 0x76, 0x6e, 0x87, 0x92, 0x86, 0x8f, 0x7c, 
	0x88, 0x7a, 0x76, 0x92, 0x96, 0x7f, 0x8a, 0x7f, 
	0x77, 0x76, 0x88, 0x85, 0x83, 0x88, 0x91, 0x85, 
	0x87, 0x8f, 0x85, 0x7f, 0x7f, 0x86, 0x83, 0x85, 
	0x87, 0x7c, 0x7f, 0x81, 0x7e, 0x6e, 0x85, 0x7d, 
	0x81, 0x7e, 0x7e, 0x7c, 0x86, 0x8b, 0x85, 0x8b, 
	0x81, 0x89, 0x91, 0x87, 0x85, 0x7f, 0x83, 0x83, 
	0x81, 0x76, 0x69, 0x6f, 0x7d, 0x7d, 0x86, 0x88, 
	0x85, 0x87, 0x7e, 0x76, 0x76, 0x7a, 0x77, 0x7d, 
	0x7f, 0x76, 0x7a, 0x7e, 0x7e, 0x6b, 0x72, 0x82, 
	0x82, 0x8d, 0x85, 0x7d, 0x85, 0x76, 0x72, 0x85, 
	0x7a, 0x72, 0x6e, 0x6e, 0x7b, 0x85, 0x86, 0x81, 
	0x7b, 0x7b, 0x76, 0x7b, 0x7a, 0x7d, 0x7a, 0x85, 
	0x7f, 0x7b, 0x7b, 0x7a, 0x72, 0x79, 0x72, 0x82, 
	0x85, 0x87, 0x78, 0x85, 0x88, 0x7f, 0x8e, 0x7b, 
	0x7f, 0x7f, 0x71, 0x7b, 0x85, 0x8e, 0x83, 0x77, 
	0x72, 0x76, 0x6b, 0x7a, 0x73, 0x7b, 0x79, 0x6e, 
	0x6d, 0x89, 0x7c, 0x6d, 0x65, 0x77, 0x77, 0x8b, 
	0x9b, 0x69, 0x76, 0x7d, 0x77, 0x6d, 0x7a, 0x7b, 
	0x81, 0x88, 0x6d, 0x7b, 0x6a, 0x6d, 0x7c, 0x7f, 
	0x81, 0x6e, 0x5b, 0x76, 0x7f, 0x7d, 0x6e, 0x6e, 
	0x63, 0x81, 0x81, 0x7a, 0x89, 0x78, 0x86, 0x77, 
	0x7f, 0x67, 0x69, 0x7b, 0x6d, 0x6b, 0x7a, 0x83, 
	0x77, 0x6d, 0x69, 0x83, 0x76, 0x71, 0x7a, 0x7f, 
	0x7f, 0x8a, 0x83, 0x77, 0x7f, 0x81, 0x76, 0x76, 
	0x7a, 0x83, 0x88, 0x83, 0x83, 0x7f, 0x81, 0x81, 
	0x73, 0x78, 0x67, 0x7f, 0x67, 0x56, 0x6b, 0x83, 
	0x8d, 0x70, 0x76, 0x86, 0x85, 0x88, 0x81, 0x7d, 
	0x84, 0x81, 0x8d, 0x87, 0x85, 0x82, 0x67, 0x99, 
	0x7f, 0x81, 0x7f, 0x7a, 0x86, 0x91, 0x7a, 0x78, 
	0x67, 0x73, 0x6e, 0x81, 0x63, 0x5f, 0x6e, 0x76, 
	0x8f, 0x87, 0x85, 0x7b, 0x7d, 0x85, 0x8c, 0x6e, 
	0x82, 0x7d, 0x82, 0x82, 0x8a, 0x85, 0x73, 0x86, 
	0x87, 0x8d, 0x8c, 0x8b, 0x90, 0x91, 0x69, 0x82, 
	0x6d, 0x67, 0x76, 0x7f, 0x6b, 0x6a, 0x65, 0x63, 
	0x6d, 0x81, 0x7f, 0x83, 0x6e, 0x87, 0x7b, 0x87, 
	0x7f, 0x7d, 0x76, 0x88, 0x85, 0x69, 0x7b, 0x82, 
	0x8f, 0x76, 0x78, 0x8a, 0x88, 0x8d, 0x7a, 0x78, 
	0x65, 0x73, 0x65, 0x65, 0x6c, 0x73, 0x72, 0x76, 
	0x7b, 0x86, 0x76, 0x75, 0x67, 0x75, 0x76, 0x8a, 
	0x8b, 0x81, 0x89, 0x91, 0x81, 0x6e, 0x73, 0x80, 
	0x8f, 0x7c, 0x88, 0x7a, 0x76, 0x92, 0x96, 0x63, 
	0x5b, 0x7f, 0x59, 0x60, 0x71, 0x72, 0x75, 0x87, 
	0x93, 0x91, 0x8d, 0x91, 0x77, 0x5f, 0x76, 0x72, 
	0x7f, 0x6e, 0x6e, 0x7b, 0x76, 0x88, 0x82, 0x7f, 
	0x85, 0x7d, 0x81, 0x7e, 0x7e, 0x7c, 0x6a, 0x63, 
	0x6a, 0x62, 0x57, 0x66, 0x6b, 0x6b, 0x7f, 0x7f, 
	0x7f, 0x90, 0x82, 0x77, 0x79, 0x69, 0x67, 0x72, 
	0x72, 0x77, 0x73, 0x77, 0x6e, 0x88, 0x7f, 0x72, 
	0x6c, 0x77, 0x7f, 0x76, 0x7a, 0x69, 0x69, 0x71, 
	0x6b, 0x56, 0x5f, 0x68, 0x6e, 0x86, 0x85, 0x6c, 
	0x72, 0x6e, 0x6d, 0x6a, 0x6b, 0x65, 0x6d, 0x7f, 
	0x6a, 0x76, 0x79, 0x76, 0x76, 0x72, 0x85, 0x72, 
	0x7a, 0x65, 0x76, 0x73, 0x73, 0x72, 0x69, 0x6e, 
	0x6e, 0x6c, 0x6b, 0x72, 0x82, 0x82, 0x86, 0x7f, 
	0x76, 0x77, 0x75, 0x67, 0x63, 0x75, 0x7f, 0x87, 
	0x72, 0x7b, 0x7f, 0x76, 0x77, 0x77, 0x76, 0x6d, 
	0x76, 0x7b, 0x6e, 0x7a, 0x7d, 0x6f, 0x79, 0x6f, 
	0x6e, 0x72, 0x79, 0x72, 0x82, 0x85, 0x82, 0x7b, 
	0x7b, 0x77, 0x73, 0x85, 0x7d, 0x90, 0x91, 0x76, 
	0x72, 0x7b, 0x76, 0x76, 0x7b, 0x7b, 0x82, 0x6d, 
	0x67, 0x6a, 0x6f, 0x75, 0x6e, 0x6e, 0x77, 0x77, 
	0x6d, 0x65, 0x77, 0x7d, 0x8b, 0x9b, 0x69, 0x76, 
	0x76, 0x65, 0x6e, 0x79, 0x77, 0x6c, 0x7a, 0x78, 
	0x7b, 0x72, 0x76, 0x6b, 0x7a, 0x73, 0x7d, 0x6b, 
	0x63, 0x65, 0x7a, 0x71, 0x73, 0x85, 0x91, 0x87, 
	0x7e, 0x83, 0x78, 0x86, 0x77, 0x7f, 0x67, 0x69, 
	0x65, 0x61, 0x66, 0x63, 0x67, 0x5b, 0x7a, 0x6b, 
	0x77, 0x81, 0x6e, 0x5b, 0x76, 0x7f, 0x7d, 0x6f, 
	0x75, 0x63, 0x63, 0x75, 0x73, 0x7b, 0x7b, 0x8a, 
	0x7f, 0x7f, 0x82, 0x7b, 0x81, 0x73, 0x78, 0x67, 
	0x7f, 0x8e, 0x72, 0x73, 0x72, 0x6e, 0x7b, 0x5d, 
	0x76, 0x7f, 0x8a, 0x83, 0x77, 0x7f, 0x7b, 0x6e, 
	0x75, 0x6a, 0x6e, 0x75, 0x7f, 0x69, 0x67, 0x75, 
	0x77, 0x6b, 0x7a, 0x76, 0x79, 0x67, 0x73, 0x6e, 
	0x87, 0x86, 0x73, 0x6f, 0x73, 0x6c, 0x65, 0x6f, 
	0x73, 0x5f, 0x6f, 0x74, 0x72, 0x6f, 0x75, 0x75, 
	0x7a, 0x86, 0x7f, 0x68, 0x63, 0x63, 0x59, 0x71, 
	0x7a, 0x62, 0x56, 0x6d, 0x82, 0x6d, 0x67, 0x63, 
	0x72, 0x6e, 0x76, 0x69, 0x61, 0x79, 0x75, 0x73, 
	0x61, 0x6d, 0x56, 0x6e, 0x8c, 0x69, 0x71, 0x68, 
	0x7a, 0x79, 0x64, 0x75, 0x63, 0x63, 0x73, 0x60, 
	0x7f, 0x6c, 0x73, 0x71, 0x78, 0x65, 0x61, 0x64, 
	0x72, 0x85, 0x82, 0x7b, 0x7b, 0x6e, 0x6e, 0x83, 
	0x64, 0x6b, 0x73, 0x65, 0x82, 0x83, 0x6c, 0x76, 
	0x69, 0x72, 0x72, 0x5b, 0x5f, 0x5d, 0x88, 0x67, 
	0x6e, 0x6b, 0x78, 0x69, 0x61, 0x61, 0x69, 0x64, 
	0x6e, 0x9b, 0x69, 0x76, 0x76, 0x63, 0x6e, 0x6c, 
	0x74, 0x6b, 0x75, 0x6b, 0x70, 0x76, 0x78, 0x72, 
	0x7a, 0x73, 0x7f, 0x77, 0x65, 0x89, 0x70, 0x6e, 
	0x6e, 0x7b, 0x72, 0x72, 0x72, 0x72, 0x69, 0x63, 
	0x73, 0x7f, 0x67, 0x69, 0x65, 0x69, 0x6d, 0x62, 
	0x71, 0x6e, 0x72, 0x73, 0x7f, 0x7b, 0x78, 0x6c, 
	0x94, 0x72, 0x77, 0x81, 0x6b, 0x7a, 0x6c, 0x77, 
	0x73, 0x7d, 0x7c, 0x7f, 0x77, 0x72, 0x6a, 0x63, 
	0x6a, 0x73, 0x78, 0x67, 0x7f, 0x6c, 0x65, 0x62, 
	
};

Gfx castle_grounds_dl__2_64x64_i4_aligner[] = {gsSPEndDisplayList()};
u8 castle_grounds_dl__2_64x64_i4[] = {
	0x87, 0x98, 0x89, 0x89, 0x88, 0x78, 0x89, 0x88, 
	0x67, 0x66, 0x76, 0x76, 0x65, 0x56, 0x66, 0x66, 
	0x78, 0x88, 0x89, 0x88, 0x89, 0x88, 0x88, 0x88, 
	0x76, 0x66, 0x66, 0x67, 0x66, 0x66, 0x66, 0x76, 
	0x88, 0x89, 0x98, 0x88, 0x88, 0x88, 0x88, 0x88, 
	0x76, 0x66, 0x66, 0x66, 0x56, 0x66, 0x67, 0x66, 
	0x88, 0x88, 0x89, 0x98, 0x88, 0x98, 0x88, 0x78, 
	0x67, 0x77, 0x65, 0x67, 0x66, 0x66, 0x66, 0x67, 
	0x99, 0x99, 0x89, 0x78, 0x88, 0x89, 0x88, 0x78, 
	0x76, 0x56, 0x67, 0x56, 0x77, 0x76, 0x66, 0x66, 
	0x89, 0x89, 0x99, 0x88, 0x87, 0x89, 0x88, 0x88, 
	0x77, 0x67, 0x67, 0x66, 0x66, 0x66, 0x66, 0x65, 
	0x88, 0x88, 0x87, 0x78, 0x88, 0x88, 0x88, 0x88, 
	0x65, 0x66, 0x66, 0x66, 0x67, 0x66, 0x66, 0x66, 
	0x88, 0x99, 0x89, 0x89, 0x98, 0x9a, 0x87, 0x88, 
	0x77, 0x76, 0x66, 0x66, 0x67, 0x66, 0x77, 0x56, 
	0x88, 0x88, 0x77, 0x87, 0x78, 0x88, 0x89, 0x88, 
	0x66, 0x66, 0x66, 0x76, 0x76, 0x66, 0x66, 0x76, 
	0x89, 0x99, 0x99, 0x88, 0x89, 0x99, 0x89, 0x99, 
	0x66, 0x66, 0x76, 0x66, 0x66, 0x65, 0x67, 0x66, 
	0x88, 0x87, 0x87, 0x88, 0x88, 0x88, 0x88, 0x98, 
	0x66, 0x76, 0x66, 0x66, 0x76, 0x66, 0x76, 0x67, 
	0x88, 0x99, 0x89, 0x98, 0x89, 0x88, 0x88, 0x99, 
	0x76, 0x65, 0x66, 0x66, 0x66, 0x76, 0x57, 0x66, 
	0x88, 0x88, 0x88, 0x88, 0x88, 0x89, 0x88, 0x88, 
	0x66, 0x77, 0x66, 0x65, 0x67, 0x65, 0x67, 0x66, 
	0x98, 0x98, 0x89, 0x98, 0x88, 0x88, 0x98, 0x79, 
	0x66, 0x76, 0x66, 0x66, 0x76, 0x76, 0x55, 0x66, 
	0x87, 0x87, 0x88, 0x78, 0x99, 0x88, 0x89, 0x88, 
	0x66, 0x66, 0x66, 0x66, 0x66, 0x66, 0x65, 0x66, 
	0x99, 0x99, 0x99, 0x99, 0x88, 0x88, 0x99, 0x88, 
	0x66, 0x76, 0x66, 0x76, 0x77, 0x66, 0x66, 0x76, 
	0x87, 0x98, 0x88, 0x79, 0x88, 0x88, 0x99, 0x98, 
	0x76, 0x66, 0x66, 0x67, 0x76, 0x77, 0x76, 0x67, 
	0x99, 0xa9, 0x99, 0x89, 0x98, 0x99, 0x99, 0x99, 
	0x66, 0x66, 0x56, 0x66, 0x77, 0x77, 0x66, 0x65, 
	0x88, 0x88, 0x88, 0x88, 0x87, 0x89, 0x88, 0x88, 
	0x66, 0x66, 0x77, 0x76, 0x66, 0x66, 0x75, 0x66, 
	0x89, 0x99, 0x89, 0x99, 0x88, 0x99, 0x99, 0x99, 
	0x65, 0x55, 0x67, 0x76, 0x67, 0x66, 0x66, 0x66, 
	0x87, 0x88, 0x88, 0x88, 0x88, 0x98, 0x88, 0x88, 
	0x66, 0x66, 0x57, 0x76, 0x66, 0x66, 0x75, 0x66, 
	0x87, 0x89, 0x99, 0x88, 0x89, 0x99, 0xa8, 0x98, 
	0x56, 0x67, 0x66, 0x66, 0x66, 0x67, 0x66, 0x66, 
	0x87, 0x88, 0x89, 0x98, 0x88, 0x98, 0x87, 0x89, 
	0x77, 0x66, 0x66, 0x68, 0x76, 0x67, 0x66, 0x56, 
	0x78, 0x88, 0x99, 0x98, 0x88, 0x99, 0x89, 0x87, 
	0x67, 0x76, 0x76, 0x76, 0x76, 0x67, 0x66, 0x76, 
	0x88, 0x89, 0x89, 0x88, 0x88, 0x98, 0x89, 0x99, 
	0x67, 0x67, 0x67, 0x78, 0x76, 0x77, 0x66, 0x67, 
	0x89, 0x88, 0x89, 0x98, 0x98, 0x89, 0x88, 0x88, 
	0x76, 0x67, 0x76, 0x77, 0x66, 0x57, 0x66, 0x66, 
	0x98, 0x89, 0x98, 0x98, 0x98, 0x98, 0x88, 0x99, 
	0x77, 0x76, 0x77, 0x76, 0x67, 0x76, 0x67, 0x77, 
	0x88, 0x98, 0x98, 0x99, 0x98, 0x88, 0x88, 0x89, 
	0x67, 0x67, 0x76, 0x67, 0x67, 0x66, 0x67, 0x65, 
	0x87, 0x89, 0x99, 0x88, 0x98, 0x88, 0x89, 0x99, 
	0x67, 0x77, 0x77, 0x66, 0x67, 0x76, 0x66, 0x56, 
	0x89, 0x88, 0x88, 0x88, 0x88, 0x88, 0x88, 0x88, 
	0x66, 0x66, 0x66, 0x66, 0x66, 0x67, 0x67, 0x65, 
	0x98, 0x88, 0x89, 0x89, 0x98, 0x98, 0x98, 0x88, 
	0x77, 0x77, 0x76, 0x66, 0x66, 0x66, 0x66, 0x66, 
	0x88, 0x98, 0x88, 0x88, 0x98, 0x89, 0x87, 0x88, 
	0x66, 0x66, 0x66, 0x66, 0x76, 0x77, 0x66, 0x66, 
	0x66, 0x76, 0x77, 0x76, 0x77, 0x65, 0x67, 0x66, 
	0x89, 0x88, 0x98, 0x89, 0x99, 0x99, 0x88, 0x99, 
	0x76, 0x66, 0x77, 0x67, 0x66, 0x76, 0x76, 0x66, 
	0x88, 0x98, 0x98, 0x88, 0x88, 0x88, 0x89, 0x98, 
	0x65, 0x66, 0x76, 0x56, 0x77, 0x66, 0x56, 0x66, 
	0x88, 0x89, 0x88, 0x88, 0x99, 0x99, 0x98, 0x98, 
	0x66, 0x67, 0x67, 0x67, 0x66, 0x65, 0x66, 0x67, 
	0x99, 0x99, 0x98, 0x88, 0x88, 0x88, 0x78, 0x89, 
	0x56, 0x65, 0x66, 0x66, 0x77, 0x67, 0x66, 0x65, 
	0x89, 0x88, 0x87, 0x88, 0x89, 0x99, 0x98, 0x88, 
	0x65, 0x66, 0x66, 0x66, 0x66, 0x67, 0x66, 0x66, 
	0x99, 0x98, 0x88, 0x98, 0x89, 0x98, 0x87, 0x88, 
	0x66, 0x66, 0x66, 0x67, 0x77, 0x76, 0x66, 0x66, 
	0x89, 0x88, 0x99, 0x88, 0x99, 0x88, 0x88, 0x88, 
	0x66, 0x67, 0x65, 0x66, 0x76, 0x66, 0x56, 0x66, 
	0x99, 0x89, 0x88, 0x88, 0x89, 0x88, 0x88, 0x88, 
	0x66, 0x77, 0x76, 0x66, 0x77, 0x77, 0x76, 0x67, 
	0x88, 0x88, 0x88, 0x78, 0x99, 0x99, 0x89, 0x99, 
	0x66, 0x67, 0x66, 0x67, 0x77, 0x66, 0x65, 0x76, 
	0x99, 0x99, 0x87, 0x98, 0x88, 0x88, 0x88, 0x89, 
	0x66, 0x67, 0x76, 0x66, 0x77, 0x77, 0x65, 0x66, 
	0x88, 0x89, 0x88, 0x88, 0x89, 0x99, 0x98, 0x99, 
	0x65, 0x65, 0x65, 0x77, 0x77, 0x66, 0x67, 0x76, 
	0x89, 0x99, 0x89, 0x98, 0x88, 0x88, 0x89, 0x88, 
	0x76, 0x56, 0x77, 0x65, 0x66, 0x76, 0x66, 0x66, 
	0x88, 0x89, 0x88, 0x88, 0x88, 0x99, 0x98, 0x98, 
	0x66, 0x76, 0x66, 0x77, 0x76, 0x57, 0x66, 0x66, 
	0x88, 0x99, 0x88, 0x98, 0x88, 0x89, 0x87, 0x89, 
	0x66, 0x67, 0x66, 0x66, 0x66, 0x66, 0x77, 0x67, 
	0x99, 0x98, 0x78, 0x88, 0x88, 0x89, 0x98, 0x88, 
	0x76, 0x65, 0x66, 0x66, 0x66, 0x77, 0x66, 0x55, 
	0x88, 0x89, 0x98, 0x89, 0x88, 0x89, 0x88, 0x88, 
	0x66, 0x67, 0x66, 0x67, 0x77, 0x66, 0x67, 0x67, 
	0x98, 0x88, 0x89, 0x89, 0x88, 0x99, 0x89, 0x98, 
	0x66, 0x66, 0x65, 0x67, 0x66, 0x67, 0x76, 0x55, 
	0x88, 0x89, 0x98, 0x89, 0x98, 0x99, 0x89, 0x78, 
	0x67, 0x66, 0x67, 0x77, 0x67, 0x67, 0x66, 0x66, 
	0x87, 0x88, 0x98, 0x89, 0x98, 0x89, 0x99, 0x99, 
	0x65, 0x67, 0x76, 0x77, 0x77, 0x76, 0x66, 0x66, 
	0x89, 0x98, 0x88, 0x88, 0x89, 0x88, 0x89, 0x88, 
	0x77, 0x77, 0x77, 0x77, 0x77, 0x77, 0x76, 0x66, 
	0x87, 0x98, 0x88, 0x89, 0x99, 0x98, 0x89, 0x88, 
	0x66, 0x56, 0x67, 0x76, 0x66, 0x56, 0x55, 0x66, 
	0x89, 0x99, 0x98, 0x89, 0x88, 0x88, 0x89, 0x87, 
	0x66, 0x76, 0x66, 0x67, 0x76, 0x77, 0x67, 0x66, 
	0x99, 0x88, 0x88, 0x89, 0x88, 0x88, 0x79, 0x99, 
	0x66, 0x65, 0x56, 0x56, 0x67, 0x66, 0x66, 0x77, 
	0x88, 0x89, 0x99, 0x89, 0x87, 0x88, 0x88, 0x88, 
	0x66, 0x77, 0x77, 0x67, 0x77, 0x76, 0x66, 0x66, 
	0x89, 0x88, 0x88, 0x89, 0x89, 0x99, 0x89, 0x99, 
	0x77, 0x66, 0x66, 0x55, 0x66, 0x67, 0x76, 0x77, 
	0x88, 0x88, 0x89, 0x99, 0x88, 0x98, 0x88, 0x88, 
	0x66, 0x67, 0x77, 0x76, 0x87, 0x66, 0x67, 0x67, 
	0x88, 0x88, 0x88, 0x98, 0x98, 0x88, 0x88, 0x98, 
	0x77, 0x66, 0x66, 0x66, 0x76, 0x67, 0x66, 0x66, 
	0x88, 0x98, 0x87, 0x78, 0x89, 0x88, 0x88, 0x98, 
	0x66, 0x76, 0x76, 0x67, 0x77, 0x56, 0x76, 0x76, 
	0x88, 0x89, 0x98, 0x99, 0x98, 0x88, 0x89, 0x89, 
	0x77, 0x66, 0x66, 0x66, 0x77, 0x77, 0x66, 0x78, 
	0x88, 0x98, 0x78, 0x88, 0x88, 0x99, 0x88, 0x88, 
	0x66, 0x66, 0x66, 0x77, 0x76, 0x66, 0x66, 0x66, 
	0x88, 0x88, 0x88, 0x89, 0x99, 0x88, 0x89, 0x98, 
	0x77, 0x76, 0x77, 0x76, 0x66, 0x67, 0x66, 0x77, 
	0x88, 0x99, 0x88, 0x89, 0x88, 0x97, 0x87, 0x88, 
	0x78, 0x88, 0x88, 0x88, 0x98, 0x88, 0x88, 0x88, 
	0x76, 0x66, 0x77, 0x66, 0x67, 0x67, 0x76, 0x77, 
	0x99, 0x99, 0x88, 0x88, 0x98, 0x87, 0x88, 0x88, 
	0x77, 0x67, 0x78, 0x77, 0x65, 0x56, 0x65, 0x66, 
	0x88, 0x88, 0x98, 0x78, 0x78, 0x89, 0x88, 0x88, 
	0x77, 0x66, 0x77, 0x76, 0x77, 0x67, 0x77, 0x67, 
	0x99, 0x99, 0x88, 0x78, 0x88, 0x78, 0x87, 0x88, 
	0x66, 0x66, 0x77, 0x67, 0x77, 0x55, 0x55, 0x56, 
	0x78, 0x88, 0x98, 0x89, 0x88, 0x88, 0x88, 0x89, 
	0x66, 0x66, 0x66, 0x66, 0x67, 0x77, 0x76, 0x67, 
	0x88, 0x88, 0x87, 0x88, 0x89, 0x88, 0x88, 0x88, 
	0x76, 0x66, 0x77, 0x67, 0x77, 0x66, 0x76, 0x56, 
	0x77, 0x88, 0x88, 0x78, 0x88, 0x88, 0x89, 0x88, 
	0x67, 0x76, 0x67, 0x77, 0x67, 0x65, 0x66, 0x66, 
	0x88, 0x88, 0x88, 0x99, 0x88, 0x89, 0x98, 0x98, 
	0x66, 0x67, 0x67, 0x77, 0x66, 0x56, 0x56, 0x65, 
	0x88, 0x88, 0x88, 0x88, 0x88, 0x98, 0x88, 0x89, 
	0x76, 0x76, 0x77, 0x77, 0x67, 0x66, 0x76, 0x66, 
	0x99, 0x88, 0x78, 0x98, 0x88, 0x88, 0x88, 0x89, 
	0x66, 0x67, 0x66, 0x87, 0x65, 0x66, 0x66, 0x66, 
	0x88, 0x88, 0x88, 0x89, 0x88, 0x88, 0x89, 0x88, 
	0x77, 0x76, 0x76, 0x66, 0x76, 0x76, 0x66, 0x67, 
	0x98, 0x88, 0x89, 0x87, 0x88, 0x78, 0x78, 0x99, 
	0x65, 0x55, 0x67, 0x77, 0x67, 0x77, 0x66, 0x66, 
	0x99, 0x98, 0x88, 0x98, 0x98, 0x88, 0x89, 0x98, 
	0x77, 0x77, 0x76, 0x66, 0x66, 0x66, 0x76, 0x67, 
	0x98, 0x87, 0x79, 0x98, 0x89, 0x98, 0x88, 0x98, 
	0x67, 0x66, 0x66, 0x77, 0x66, 0x77, 0x66, 0x56, 
	0x89, 0x98, 0x88, 0x89, 0x88, 0x98, 0x88, 0x99, 
	0x77, 0x67, 0x76, 0x66, 0x67, 0x76, 0x66, 0x77, 
	0x88, 0x88, 0x88, 0x99, 0x89, 0x99, 0x88, 0x99, 
	0x76, 0x66, 0x66, 0x77, 0x76, 0x76, 0x55, 0x65, 
	0x88, 0x88, 0x89, 0x99, 0x88, 0x99, 0x98, 0x98, 
	0x76, 0x66, 0x66, 0x66, 0x77, 0x77, 0x76, 0x77, 
	0x89, 0x98, 0x88, 0x98, 0x89, 0x99, 0x98, 0x88, 
	0x76, 0x56, 0x77, 0x76, 0x76, 0x77, 0x55, 0x56, 
	0x89, 0x98, 0x88, 0x88, 0x98, 0x99, 0x98, 0x98, 
	0x66, 0x66, 0x56, 0x66, 0x66, 0x66, 0x67, 0x76, 
	0x89, 0x88, 0x98, 0x98, 0x88, 0x99, 0x88, 0x88, 
	0x76, 0x77, 0x56, 0x66, 0x76, 0x76, 0x55, 0x55, 
	0x89, 0x99, 0x88, 0x89, 0x89, 0x98, 0x88, 0x78, 
	0x65, 0x56, 0x56, 0x65, 0x76, 0x66, 0x66, 0x66, 
	0x89, 0x89, 0x88, 0x98, 0x97, 0x88, 0x88, 0x88, 
	0x77, 0x67, 0x65, 0x57, 0x77, 0x76, 0x55, 0x55, 
	0x99, 0x89, 0x88, 0x99, 0x98, 0x89, 0x88, 0x89, 
	0x76, 0x67, 0x66, 0x65, 0x67, 0x66, 0x56, 0x76, 
	0x99, 0x99, 0x88, 0x99, 0x99, 0x88, 0x89, 0x88, 
	0x76, 0x66, 0x66, 0x67, 0x66, 0x76, 0x55, 0x55, 
	0x87, 0x87, 0x89, 0x9a, 0x99, 0x8a, 0x89, 0x99, 
	0x67, 0x66, 0x67, 0x76, 0x66, 0x66, 0x66, 0x76, 
	0x88, 0x89, 0x87, 0x89, 0x88, 0x88, 0x78, 0x99, 
	0x67, 0x66, 0x66, 0x67, 0x77, 0x75, 0x55, 0x65, 
	0x88, 0x88, 0x98, 0x89, 0x88, 0x99, 0x98, 0x87, 
	0x66, 0x66, 0x66, 0x67, 0x66, 0x75, 0x66, 0x66, 
	0x89, 0x88, 0x88, 0x88, 0x88, 0x97, 0x88, 0x98, 
	0x66, 0x77, 0x56, 0x76, 0x66, 0x66, 0x55, 0x65, 
	0x89, 0x99, 0xa9, 0x99, 0x88, 0x98, 0x99, 0x88, 
	0x76, 0x76, 0x66, 0x67, 0x65, 0x57, 0x76, 0x66, 
	0x89, 0x89, 0x98, 0x87, 0x79, 0x99, 0x88, 0x88, 
	0x76, 0x66, 0x66, 0x66, 0x66, 0x67, 0x55, 0x65, 
	0x88, 0x99, 0x98, 0x88, 0x89, 0x99, 0x99, 0x97, 
	0x66, 0x66, 0x66, 0x77, 0x76, 0x77, 0x66, 0x66, 
	0x89, 0x89, 0x98, 0x87, 0x78, 0x88, 0x88, 0x98, 
	0x56, 0x67, 0x56, 0x66, 0x67, 0x66, 0x56, 0x65, 
	0x66, 0x66, 0x76, 0x66, 0x66, 0x77, 0x77, 0x76, 
	0x79, 0x88, 0x99, 0x99, 0x98, 0x88, 0x89, 0x88, 
	0x66, 0x76, 0x76, 0x67, 0x66, 0x67, 0x75, 0x65, 
	0x88, 0x88, 0x87, 0x78, 0x78, 0x88, 0x99, 0x89, 
	0x66, 0x56, 0x67, 0x66, 0x76, 0x66, 0x77, 0x76, 
	0x88, 0x89, 0x89, 0x88, 0x99, 0x78, 0x88, 0x89, 
	0x66, 0x66, 0x66, 0x76, 0x77, 0x56, 0x76, 0x67, 
	0x88, 0x98, 0x98, 0x78, 0x89, 0x88, 0x99, 0x98, 
	0x76, 0x66, 0x77, 0x66, 0x76, 0x65, 0x76, 0x66, 
	0x89, 0x98, 0x88, 0x98, 0x88, 0x78, 0x88, 0x88, 
	0x66, 0x67, 0x67, 0x76, 0x66, 0x66, 0x76, 0x78, 
	0x88, 0x89, 0x98, 0x78, 0x99, 0x88, 0x98, 0x98, 
	0x66, 0x66, 0x66, 0x66, 0x76, 0x66, 0x66, 0x67, 
	0x88, 0x98, 0x89, 0x98, 0x88, 0x79, 0x98, 0x88, 
	0x66, 0x65, 0x66, 0x66, 0x77, 0x66, 0x67, 0x77, 
	0x88, 0x99, 0x89, 0x78, 0x88, 0x88, 0x99, 0x99, 
	0x66, 0x76, 0x66, 0x76, 0x67, 0x66, 0x66, 0x66, 
	0x78, 0x78, 0x88, 0x89, 0x98, 0x88, 0x89, 0x99, 
	0x77, 0x56, 0x66, 0x56, 0x77, 0x66, 0x87, 0x67, 
	0x88, 0x99, 0x88, 0x98, 0x88, 0x89, 0x88, 0x88, 
	0x56, 0x66, 0x66, 0x66, 0x66, 0x67, 0x77, 0x67, 
	0x88, 0x88, 0x88, 0x89, 0x98, 0x98, 0x99, 0x9a, 
	0x66, 0x66, 0x66, 0x67, 0x77, 0x76, 0x67, 0x77, 
	0x88, 0x88, 0x88, 0x98, 0x88, 0x88, 0x89, 0x78, 
	0x66, 0x66, 0x66, 0x67, 0x65, 0x66, 0x66, 0x66, 
	0x88, 0x98, 0x87, 0x89, 0x99, 0x9a, 0x98, 0x88, 
	0x66, 0x66, 0x66, 0x66, 0x66, 0x76, 0x76, 0x67, 
	0x88, 0x89, 0x98, 0x98, 0x98, 0x88, 0x88, 0x88, 
	0x66, 0x66, 0x56, 0x67, 0x66, 0x66, 0x67, 0x77, 
	0x88, 0x89, 0x99, 0x88, 0x99, 0x99, 0x99, 0x98, 
	0x75, 0x66, 0x66, 0x76, 0x67, 0x67, 0x76, 0x66, 
	0x88, 0x99, 0x98, 0x88, 0x88, 0x88, 0x88, 0x99, 
	0x76, 0x66, 0x56, 0x66, 0x76, 0x66, 0x66, 0x67, 
	0x88, 0x89, 0x89, 0x99, 0x98, 0x88, 0x89, 0x98, 
	0x66, 0x76, 0x67, 0x67, 0x76, 0x77, 0x87, 0x66, 
	0x88, 0x88, 0x98, 0x89, 0x99, 0x88, 0x88, 0x88, 
	0x66, 0x55, 0x66, 0x65, 0x56, 0x67, 0x67, 0x66, 
	0x98, 0x89, 0x89, 0x89, 0x88, 0x97, 0x89, 0x97, 
	0x55, 0x65, 0x66, 0x76, 0x66, 0x66, 0x76, 0x76, 
	0x88, 0x98, 0x88, 0x99, 0x99, 0x88, 0x98, 0x88, 
	0x76, 0x75, 0x55, 0x66, 0x66, 0x57, 0x76, 0x77, 
	0x88, 0x89, 0x99, 0x99, 0x99, 0x98, 0x78, 0x77, 
	0x66, 0x66, 0x66, 0x66, 0x76, 0x66, 0x76, 0x77, 
	0x88, 0x87, 0x88, 0x89, 0x89, 0x98, 0x88, 0x88, 
	0x67, 0x65, 0x55, 0x66, 0x66, 0x66, 0x67, 0x76, 
	0x89, 0x87, 0x88, 0x89, 0x89, 0x99, 0x88, 0x78, 
	0x67, 0x76, 0x66, 0x66, 0x66, 0x66, 0x67, 0x87, 
	0x99, 0x89, 0x99, 0x89, 0x88, 0x88, 0x88, 0x88, 
	0x67, 0x66, 0x65, 0x65, 0x66, 0x66, 0x77, 0x77, 
	0x77, 0x77, 0x77, 0x77, 0x78, 0x88, 0x79, 0x78, 
	0x66, 0x66, 0x65, 0x66, 0x56, 0x76, 0x56, 0x77, 
	0x88, 0x88, 0x88, 0x88, 0x87, 0x88, 0x98, 0x88, 
	0x76, 0x66, 0x66, 0x66, 0x76, 0x66, 0x66, 0x67, 
	0x77, 0x87, 0x78, 0x77, 0x78, 0x88, 0x88, 0x87, 
	0x66, 0x66, 0x66, 0x77, 0x67, 0x76, 0x56, 0x77, 
	0x89, 0x98, 0x89, 0x88, 0x77, 0x89, 0x98, 0x88, 
	0x56, 0x76, 0x65, 0x65, 0x56, 0x55, 0x66, 0x56, 
	0x88, 0x88, 0x77, 0x77, 0x87, 0x88, 0x87, 0x78, 
	0x66, 0x65, 0x66, 0x77, 0x67, 0x77, 0x56, 0x76, 
	0x89, 0x98, 0x98, 0x88, 0x98, 0x88, 0x78, 0x89, 
	0x66, 0x76, 0x66, 0x65, 0x66, 0x65, 0x67, 0x67, 
	0x77, 0x87, 0x77, 0x78, 0x88, 0x88, 0x78, 0x88, 
	0x66, 0x55, 0x66, 0x76, 0x66, 0x67, 0x66, 0x66, 
	0x87, 0x78, 0x88, 0x87, 0x88, 0x88, 0x88, 0x98, 
	
};

Gfx castle_grounds_dl_Debris_Coins_Mix_5_64x64_i4_aligner[] = {gsSPEndDisplayList()};
u8 castle_grounds_dl_Debris_Coins_Mix_5_64x64_i4[] = {
	0x88, 0xaa, 0xaa, 0x7a, 0xa9, 0xaa, 0x97, 0x77, 
	0x9a, 0x9a, 0x9a, 0x8a, 0xaa, 0x88, 0x89, 0x8a, 
	0xb9, 0xa9, 0x99, 0xa8, 0x8a, 0xa8, 0x99, 0x88, 
	0x89, 0x9a, 0xbb, 0x99, 0x8a, 0x89, 0x9a, 0xb8, 
	0xa9, 0x89, 0x87, 0x8b, 0xaa, 0xbb, 0xba, 0x89, 
	0xaa, 0xa9, 0x9a, 0xa8, 0x88, 0xa9, 0x9a, 0x9b, 
	0xab, 0x89, 0xb9, 0x88, 0x89, 0x9a, 0xa9, 0xaa, 
	0xaa, 0xaa, 0xba, 0x97, 0x9b, 0x9a, 0xa9, 0xa8, 
	0xaa, 0xa7, 0x89, 0xab, 0x9b, 0xbb, 0xbb, 0x89, 
	0xaa, 0xa8, 0xa8, 0x98, 0x7a, 0xaa, 0xaa, 0x9b, 
	0xaa, 0x88, 0x9a, 0xba, 0x9a, 0xbb, 0x99, 0xaa, 
	0xa9, 0xa9, 0xaa, 0x87, 0xab, 0xa9, 0x9b, 0xa9, 
	0xa9, 0x79, 0x9a, 0xba, 0x9b, 0xbb, 0xaa, 0x98, 
	0x9a, 0x88, 0xaa, 0x9a, 0xaa, 0xaa, 0xaa, 0xa9, 
	0x98, 0x88, 0xaa, 0xaa, 0x89, 0xa9, 0xba, 0xaa, 
	0xa8, 0xaa, 0x98, 0x7a, 0x8b, 0xa8, 0x9b, 0xb9, 
	0x77, 0xa9, 0xb9, 0x99, 0x8a, 0xbb, 0x9a, 0x9a, 
	0x98, 0x98, 0x88, 0xbb, 0xb8, 0xa9, 0x8a, 0xa9, 
	0x9b, 0xba, 0x78, 0x97, 0x78, 0x9b, 0xba, 0x88, 
	0x88, 0x9a, 0x97, 0x9a, 0x9a, 0xaa, 0xa9, 0xb8, 
	0x9b, 0xb9, 0x9a, 0x88, 0x98, 0xaa, 0x9a, 0x9a, 
	0xba, 0xa9, 0x78, 0xbb, 0xba, 0x88, 0xa8, 0x89, 
	0xbb, 0xba, 0xa8, 0xbb, 0x97, 0x9b, 0xbb, 0xaa, 
	0xab, 0x88, 0x9a, 0xba, 0xa9, 0x9b, 0xba, 0x87, 
	0x8a, 0xb9, 0xaa, 0xa8, 0xaa, 0x88, 0x9a, 0xaa, 
	0xbb, 0xaa, 0x9a, 0xbb, 0xbb, 0x9a, 0xab, 0x89, 
	0xbb, 0xbb, 0xa9, 0xab, 0xa7, 0x8b, 0xbb, 0xaa, 
	0xaa, 0x89, 0xaa, 0xaa, 0x99, 0x9b, 0xaa, 0x77, 
	0x98, 0x98, 0xba, 0xa8, 0x8a, 0xa9, 0x78, 0x9a, 
	0xaa, 0xa9, 0xa9, 0xaa, 0x9a, 0xab, 0xaa, 0x99, 
	0xbb, 0xbb, 0xa8, 0xab, 0xa8, 0x79, 0xab, 0xab, 
	0xba, 0xa7, 0xaa, 0xaa, 0x79, 0x9a, 0xa8, 0x89, 
	0xa9, 0x97, 0x9b, 0xa8, 0x78, 0x89, 0xa9, 0x89, 
	0x9a, 0x98, 0xab, 0xbb, 0xa8, 0x9a, 0x99, 0xa7, 
	0x9a, 0xbb, 0x97, 0x99, 0x89, 0x98, 0x88, 0xab, 
	0xa9, 0x97, 0x78, 0x87, 0x9a, 0x9a, 0x87, 0xaa, 
	0x9a, 0x89, 0x88, 0x78, 0x98, 0xbb, 0xbb, 0xaa, 
	0xaa, 0x89, 0xab, 0xbb, 0xaa, 0xab, 0xb8, 0x87, 
	0x79, 0x98, 0x87, 0x99, 0x9b, 0xba, 0x87, 0x8a, 
	0x98, 0x88, 0xa9, 0x98, 0xab, 0x99, 0x79, 0xaa, 
	0x78, 0xbb, 0xba, 0xab, 0xaa, 0xbb, 0xbb, 0xa8, 
	0xbb, 0xba, 0xab, 0xbb, 0xba, 0x9b, 0xaa, 0xbb, 
	0xa8, 0x79, 0xaa, 0xaa, 0x9b, 0xaa, 0xab, 0xba, 
	0x77, 0x89, 0x9a, 0x89, 0xbb, 0x98, 0x9a, 0xaa, 
	0x7a, 0xbb, 0xba, 0xb9, 0xaa, 0xbb, 0xbb, 0xa8, 
	0xbb, 0xb8, 0x9b, 0xbb, 0xa9, 0xaa, 0xab, 0xbb, 
	0xb9, 0x8a, 0xaa, 0xaa, 0x9a, 0xa9, 0xbb, 0xba, 
	0xa9, 0xba, 0x99, 0x99, 0xa9, 0x7a, 0xaa, 0xa9, 
	0x8a, 0xbb, 0xba, 0xaa, 0xa9, 0xab, 0xbb, 0xa8, 
	0xab, 0xa8, 0x89, 0xaa, 0x97, 0x98, 0xab, 0xbb, 
	0xa9, 0x8a, 0xaa, 0x9a, 0xa8, 0x8a, 0xbb, 0xbb, 
	0xa9, 0xbb, 0xa9, 0xba, 0x98, 0x98, 0xaa, 0xa7, 
	0xbb, 0xbb, 0xb9, 0x9a, 0xaa, 0x9a, 0xaa, 0x88, 
	0x88, 0x8a, 0xa9, 0x88, 0x9a, 0x98, 0xab, 0xbb, 
	0x99, 0x8a, 0x88, 0x79, 0xa9, 0x79, 0xbb, 0xbb, 
	0xa9, 0xbb, 0xa9, 0xbb, 0xa8, 0x97, 0x77, 0x7a, 
	0xba, 0xab, 0xa8, 0x8a, 0xab, 0xa8, 0x77, 0x89, 
	0x9a, 0x9b, 0xaa, 0x99, 0xaa, 0xa7, 0x9a, 0xb9, 
	0xa9, 0xaa, 0xa9, 0xa8, 0x77, 0x77, 0xab, 0xba, 
	0x89, 0xaa, 0x89, 0xa9, 0x88, 0x8a, 0xaa, 0x8a, 
	0xb9, 0x88, 0x88, 0x7a, 0xaa, 0xa8, 0x79, 0xaa, 
	0x9a, 0x9b, 0xaa, 0x9a, 0xaa, 0xa8, 0xa8, 0xa8, 
	0xb9, 0xaa, 0xba, 0xa8, 0x78, 0x88, 0x88, 0x88, 
	0x87, 0x89, 0xab, 0xb9, 0xa8, 0xa8, 0x98, 0x9b, 
	0x99, 0x9b, 0xbb, 0x88, 0x99, 0x87, 0x8a, 0xaa, 
	0x99, 0x99, 0x97, 0xaa, 0x9a, 0x88, 0xaa, 0x97, 
	0x99, 0xaa, 0xba, 0xb8, 0x9b, 0xbb, 0x98, 0x79, 
	0xaa, 0x8a, 0xab, 0xaa, 0xa7, 0xba, 0xaa, 0x99, 
	0xba, 0xbb, 0xba, 0xba, 0x88, 0x99, 0xa8, 0xaa, 
	0x7a, 0xa9, 0x78, 0xaa, 0x98, 0x98, 0x8a, 0x99, 
	0xa8, 0x9a, 0xab, 0x97, 0xbb, 0xbb, 0xb9, 0x8a, 
	0xaa, 0x8a, 0x9a, 0xa9, 0x98, 0xab, 0xbb, 0xa8, 
	0x99, 0xbb, 0xb9, 0xbb, 0x9a, 0xaa, 0xb8, 0x89, 
	0x98, 0x87, 0x7a, 0xaa, 0xba, 0xa9, 0x77, 0x9a, 
	0xba, 0x88, 0x98, 0x88, 0xbb, 0xbb, 0xa9, 0x8a, 
	0xaa, 0x7a, 0x98, 0x78, 0xa8, 0x99, 0xaa, 0x87, 
	0x99, 0xab, 0xb9, 0x9a, 0x8b, 0x98, 0x98, 0x7a, 
	0x99, 0xa9, 0x88, 0xaa, 0xbb, 0xaa, 0x89, 0x8a, 
	0xaa, 0xa8, 0x8a, 0xa9, 0xab, 0xba, 0x98, 0x98, 
	0x88, 0x79, 0x98, 0x8a, 0xa9, 0xb9, 0x77, 0xaa, 
	0xa8, 0x8a, 0xb8, 0x98, 0x88, 0x98, 0x88, 0x89, 
	0xab, 0xb9, 0x9a, 0x9a, 0xaa, 0xa9, 0x8a, 0x99, 
	0xba, 0x97, 0x88, 0x99, 0x8a, 0xb9, 0xa8, 0xaa, 
	0x99, 0x97, 0x78, 0x9a, 0x88, 0xaa, 0x8a, 0xaa, 
	0x99, 0x97, 0x87, 0xbb, 0xa8, 0x8a, 0xba, 0x8a, 
	0xbb, 0x99, 0xa9, 0x79, 0xaa, 0x97, 0xaa, 0x9b, 
	0xbb, 0xa9, 0x9a, 0xa9, 0x88, 0x98, 0xa9, 0xab, 
	0xba, 0xa8, 0x8a, 0xba, 0x9a, 0x89, 0x89, 0xaa, 
	0x78, 0xaa, 0x97, 0xab, 0xb8, 0xaa, 0xaa, 0x89, 
	0xaa, 0x8b, 0xaa, 0x77, 0x78, 0x89, 0xb9, 0xab, 
	0xbb, 0xba, 0x8b, 0xba, 0xa8, 0x77, 0xa9, 0xaa, 
	0xba, 0xa8, 0xa8, 0xaa, 0x9b, 0xa8, 0x89, 0x88, 
	0xa7, 0x88, 0x89, 0x8a, 0xa7, 0x7a, 0xa8, 0x88, 
	0x78, 0x9a, 0x89, 0x98, 0x89, 0xba, 0x9a, 0xab, 
	0xbb, 0xba, 0x8b, 0xb9, 0xaa, 0xba, 0x98, 0xaa, 
	0xaa, 0x8a, 0xaa, 0x98, 0x9b, 0xa9, 0x9a, 0x99, 
	0xa9, 0x77, 0xaa, 0x98, 0x76, 0x87, 0x77, 0xaa, 
	0xa9, 0x88, 0xaa, 0xaa, 0x8a, 0x98, 0xaa, 0x9a, 
	0xbb, 0xaa, 0x8b, 0xa8, 0x8a, 0xaa, 0xa9, 0x78, 
	0xa9, 0x8b, 0xaa, 0xba, 0x9a, 0x98, 0xba, 0xba, 
	0xa9, 0xa9, 0x8a, 0xa8, 0xba, 0x9a, 0x97, 0x89, 
	0x98, 0xa9, 0xab, 0xba, 0xa8, 0x9a, 0xa9, 0xa8, 
	0xaa, 0x97, 0x77, 0x8a, 0x99, 0xab, 0xaa, 0x88, 
	0xab, 0x9a, 0xab, 0xbb, 0x99, 0x99, 0xaa, 0xba, 
	0xa8, 0xaa, 0x8a, 0xbb, 0xbb, 0x88, 0x78, 0xa8, 
	0x7a, 0xbb, 0xa9, 0xa9, 0x9a, 0xaa, 0xba, 0x9a, 
	0x88, 0x9a, 0x99, 0xbb, 0xba, 0x99, 0xa9, 0xaa, 
	0x9a, 0xa8, 0x9b, 0xbb, 0x99, 0x89, 0x9a, 0xaa, 
	0x89, 0xb9, 0xab, 0xab, 0xbb, 0xba, 0x9a, 0x99, 
	0xab, 0xbb, 0xa9, 0x9a, 0xaa, 0xa9, 0xaa, 0x8a, 
	0x88, 0xaa, 0x9a, 0xbb, 0xba, 0xa9, 0xbb, 0x9a, 
	0x99, 0x87, 0x78, 0x98, 0x8a, 0xa8, 0x89, 0xa9, 
	0x9b, 0xa8, 0xbb, 0xaa, 0xbb, 0xba, 0x9b, 0xbb, 
	0xbb, 0xbb, 0xba, 0x9b, 0xba, 0xa9, 0xa9, 0x78, 
	0x99, 0xaa, 0x9a, 0xbb, 0xbb, 0xa8, 0xbb, 0x99, 
	0xbb, 0xaa, 0x9a, 0xaa, 0x8a, 0xa9, 0x99, 0x88, 
	0xaa, 0xaa, 0xab, 0xb8, 0xab, 0xb9, 0x8a, 0xa9, 
	0xab, 0xbb, 0xba, 0x8b, 0xb9, 0x8b, 0xbb, 0x99, 
	0xaa, 0x89, 0x89, 0xbb, 0xba, 0x99, 0xba, 0x88, 
	0xab, 0xb9, 0xaa, 0xaa, 0xa8, 0x9a, 0xa9, 0x89, 
	0x98, 0x9a, 0x9a, 0xaa, 0x88, 0x87, 0x99, 0x99, 
	0x9a, 0xbb, 0xa9, 0x8a, 0xa8, 0x99, 0x9b, 0x99, 
	0xaa, 0x98, 0xb9, 0x9a, 0xa9, 0x88, 0x99, 0x9b, 
	0xa8, 0xa8, 0x99, 0x9a, 0xba, 0x9a, 0xaa, 0x88, 
	0x9a, 0xa8, 0xab, 0xbb, 0x87, 0x8a, 0xaa, 0xaa, 
	0xa8, 0x99, 0x88, 0x8a, 0x9a, 0xbb, 0x99, 0x9a, 
	0x98, 0x89, 0xaa, 0xa8, 0x79, 0xa9, 0xa9, 0xba, 
	0xb9, 0x8a, 0xa8, 0xa9, 0x9a, 0x8a, 0xba, 0xa8, 
	0xaa, 0xa9, 0xbb, 0xbb, 0xa8, 0xaa, 0xaa, 0x99, 
	0xab, 0x97, 0xaa, 0xaa, 0xaa, 0xba, 0xa8, 0x99, 
	0x9a, 0x99, 0xbb, 0xba, 0x9a, 0xaa, 0xaa, 0xab, 
	0xb9, 0x9b, 0xb9, 0xaa, 0x98, 0xa9, 0x99, 0x89, 
	0xa8, 0x8a, 0xbb, 0xbb, 0xa8, 0x9a, 0xa9, 0x9a, 
	0x88, 0x98, 0xaa, 0xa8, 0xaa, 0xba, 0x98, 0x8a, 
	0xaa, 0xa9, 0xaa, 0x9a, 0xaa, 0xaa, 0xaa, 0x99, 
	0x98, 0x9b, 0xb9, 0x9b, 0xbb, 0x99, 0xab, 0xa9, 
	0x9a, 0xb9, 0xbb, 0xba, 0xa9, 0xa8, 0x98, 0x89, 
	0x9b, 0xb9, 0xaa, 0xa8, 0xaa, 0x87, 0x89, 0x8a, 
	0xaa, 0xa8, 0x99, 0xbb, 0xa9, 0xa8, 0x9a, 0xaa, 
	0x79, 0xaa, 0xa8, 0x89, 0xab, 0x9a, 0x9b, 0xb9, 
	0x9a, 0xb8, 0xab, 0xba, 0xaa, 0xaa, 0x9a, 0x87, 
	0x9b, 0xbb, 0x99, 0x87, 0x99, 0x88, 0xaa, 0x98, 
	0x99, 0x8a, 0x9a, 0xbb, 0xb9, 0x79, 0x98, 0x87, 
	0x9a, 0xa9, 0x99, 0xbb, 0x9a, 0x9a, 0x9b, 0xb8, 
	0xa9, 0x8a, 0x78, 0x9a, 0x9b, 0xab, 0xba, 0x88, 
	0xab, 0xbb, 0xa9, 0x89, 0xa7, 0x8a, 0xba, 0x99, 
	0x99, 0x79, 0xaa, 0xbb, 0xba, 0x9a, 0xb9, 0xaa, 
	0xba, 0xa9, 0xaa, 0xab, 0xa8, 0xa8, 0x9a, 0xa9, 
	0xbb, 0x9a, 0x98, 0x78, 0x9a, 0xab, 0xaa, 0x8a, 
	0xab, 0xbb, 0x99, 0xa9, 0xb9, 0xaa, 0xaa, 0x99, 
	0xa9, 0x98, 0x89, 0xbb, 0xaa, 0xbb, 0xaa, 0x9a, 
	0xaa, 0xa7, 0xa9, 0xba, 0x98, 0x99, 0x9a, 0x9a, 
	0xba, 0x98, 0xa9, 0x8a, 0x88, 0xaa, 0xa9, 0x7a, 
	0x99, 0xaa, 0x9b, 0xba, 0xa9, 0xaa, 0xaa, 0x8a, 
	0xa8, 0xab, 0x99, 0x9a, 0x9b, 0xaa, 0xaa, 0x89, 
	0xa9, 0x88, 0x99, 0x88, 0x78, 0x8a, 0xa9, 0xaa, 
	0xaa, 0x88, 0x78, 0xaa, 0x99, 0xaa, 0x87, 0xa9, 
	0xa9, 0x88, 0x9b, 0xaa, 0x99, 0x88, 0x88, 0xab, 
	0xa9, 0x99, 0x9a, 0x88, 0x7a, 0xba, 0x98, 0x88, 
	0x88, 0x8b, 0xaa, 0xa7, 0x7a, 0x99, 0xa8, 0xa9, 
	0x97, 0x8a, 0x78, 0xa9, 0xaa, 0xaa, 0xa8, 0xb9, 
	0x98, 0xa8, 0x8a, 0xa8, 0x87, 0x9a, 0xa9, 0xbb, 
	0xa8, 0xab, 0x99, 0xa9, 0x78, 0x88, 0x89, 0x8a, 
	0xa9, 0x9b, 0xb7, 0x79, 0xaa, 0xa9, 0x98, 0xaa, 
	0x88, 0xaa, 0x86, 0x89, 0xaa, 0xba, 0xa8, 0x9a, 
	0xba, 0x89, 0xa9, 0x88, 0x77, 0x89, 0x89, 0xbb, 
	0xa8, 0x99, 0x88, 0x79, 0xba, 0x98, 0xaa, 0xa8, 
	0x89, 0xbb, 0x99, 0xaa, 0xaa, 0x97, 0x88, 0x99, 
	0x9a, 0xaa, 0x99, 0xbb, 0xba, 0xaa, 0xa8, 0xa9, 
	0xab, 0x9a, 0xab, 0xaa, 0x7a, 0xa9, 0x99, 0xba, 
	0x98, 0x9a, 0x9b, 0x9b, 0xbb, 0xa9, 0xab, 0xb9, 
	0x9b, 0xb9, 0x88, 0xaa, 0xaa, 0x87, 0x9a, 0x89, 
	0xaa, 0xaa, 0x9b, 0xbb, 0xaa, 0x9b, 0xba, 0xaa, 
	0x89, 0x8a, 0xaa, 0xa8, 0x8a, 0xba, 0xa8, 0x7a, 
	0xaa, 0x9a, 0x89, 0xab, 0xbb, 0xba, 0x9b, 0xb9, 
	0xab, 0xaa, 0x99, 0x89, 0x98, 0xab, 0xa8, 0x99, 
	0xaa, 0xa9, 0x9b, 0xbb, 0xba, 0x9b, 0xba, 0x9a, 
	0xba, 0x88, 0x99, 0x87, 0xa9, 0xaa, 0x79, 0x8a, 
	0xaa, 0x98, 0x9b, 0xab, 0xbb, 0xba, 0x8a, 0xb9, 
	0x8a, 0xa9, 0x88, 0x98, 0x88, 0xbb, 0xb9, 0xa8, 
	0x77, 0x78, 0x9b, 0xbb, 0xba, 0x8b, 0xb9, 0x8a, 
	0xbb, 0x98, 0x88, 0x88, 0xaa, 0xa8, 0x7a, 0x89, 
	0xaa, 0x88, 0xaa, 0x9a, 0xbb, 0xa9, 0x79, 0x98, 
	0x99, 0x79, 0x99, 0x9a, 0x9a, 0xbb, 0xa9, 0x78, 
	0xaa, 0x99, 0xa9, 0xab, 0xa9, 0x89, 0x98, 0x9a, 
	0x9a, 0x9a, 0x97, 0x88, 0x89, 0x97, 0x9a, 0x79, 
	0x77, 0x89, 0xab, 0xa8, 0x9a, 0x98, 0x88, 0x9a, 
	0xbb, 0x9a, 0x8a, 0x89, 0x99, 0xaa, 0x98, 0x88, 
	0x89, 0x8a, 0xba, 0x89, 0x99, 0x89, 0xa9, 0xbb, 
	0xa7, 0x8a, 0xaa, 0xaa, 0x78, 0x9a, 0x87, 0x8a, 
	0xaa, 0xa9, 0xaa, 0xaa, 0x87, 0xaa, 0xa9, 0xaa, 
	0xba, 0xa8, 0x9a, 0x8b, 0xb9, 0x78, 0x9a, 0x78, 
	0x99, 0x98, 0x99, 0xa9, 0xaa, 0xa9, 0xa9, 0xba, 
	0xa8, 0x9a, 0xbb, 0xaa, 0x89, 0xab, 0xa9, 0xb9, 
	0xaa, 0xa8, 0x9a, 0xaa, 0x88, 0xaa, 0xa8, 0xa9, 
	0xaa, 0x87, 0x98, 0x88, 0x98, 0xab, 0xa9, 0x8b, 
	0xbb, 0x98, 0x89, 0x99, 0xaa, 0xa9, 0xa9, 0x9a, 
	0x87, 0x8a, 0xaa, 0xaa, 0x8b, 0x9a, 0xa9, 0xba, 
	0x9a, 0x8a, 0x98, 0x87, 0x9a, 0xaa, 0xa7, 0xaa, 
	0x87, 0x77, 0x9a, 0x99, 0xa9, 0xba, 0xb8, 0x9a, 
	0xa9, 0x89, 0x8a, 0xbb, 0x9a, 0xa8, 0xaa, 0x99, 
	0x7a, 0x88, 0xaa, 0xa8, 0x9a, 0xa9, 0x9a, 0xb9, 
	0x9a, 0x8b, 0xb9, 0x9a, 0xbb, 0x98, 0x87, 0x9a, 
	0x98, 0x88, 0xaa, 0xa9, 0xa9, 0xba, 0xa8, 0xaa, 
	0xa8, 0x9a, 0x8b, 0xbb, 0xa8, 0x89, 0x89, 0x87, 
	0x9a, 0xa8, 0x88, 0x78, 0xba, 0xbb, 0xba, 0x97, 
	0x88, 0x8a, 0xaa, 0xb9, 0xaa, 0x99, 0xb9, 0x89, 
	0x99, 0xa8, 0xaa, 0xa9, 0x9a, 0x99, 0x79, 0xaa, 
	0x77, 0x99, 0x8b, 0xbb, 0xba, 0xaa, 0xa8, 0x89, 
	0xba, 0xa8, 0x88, 0xab, 0xba, 0xbb, 0xb9, 0xa8, 
	0xaa, 0xa9, 0x99, 0xba, 0x88, 0x87, 0x88, 0xaa, 
	0xa9, 0xa8, 0x9a, 0x97, 0xaa, 0xa8, 0x7a, 0x98, 
	0xaa, 0x87, 0x9a, 0xbb, 0xaa, 0xb9, 0xa9, 0xaa, 
	0xaa, 0xa7, 0x8a, 0x9a, 0xa9, 0x9b, 0xa7, 0x77, 
	0xba, 0x9b, 0xaa, 0x88, 0x8a, 0x99, 0xaa, 0xb9, 
	0x89, 0xa9, 0xa8, 0x99, 0x78, 0x77, 0x9a, 0x78, 
	0xab, 0xa9, 0x98, 0xaa, 0xab, 0xaa, 0x89, 0x9a, 
	0xaa, 0x78, 0x8b, 0xb8, 0x78, 0x88, 0x88, 0x88, 
	0xab, 0x9a, 0xba, 0x99, 0xaa, 0xa8, 0xab, 0xa9, 
	0xbb, 0x9a, 0xab, 0xaa, 0x86, 0x9a, 0xa8, 0x87, 
	0x8a, 0x99, 0xa9, 0x88, 0x9b, 0xba, 0x78, 0x97, 
	0x77, 0xab, 0x99, 0x89, 0xaa, 0xaa, 0xaa, 0xaa, 
	0x99, 0x89, 0xbb, 0x8a, 0xaa, 0xa9, 0x89, 0x9a, 
	0xba, 0xa9, 0xab, 0xaa, 0x88, 0xab, 0xb8, 0xb9, 
	0x89, 0x9a, 0x9a, 0xa9, 0x89, 0x99, 0x89, 0x9a, 
	0xa8, 0xbb, 0xa9, 0xaa, 0xaa, 0xba, 0xab, 0xba, 
	0xa8, 0x79, 0x99, 0x87, 0x88, 0x7a, 0x99, 0x89, 
	0xba, 0x99, 0xaa, 0xaa, 0x7a, 0x99, 0xa8, 0xbb, 
	0xab, 0xba, 0x98, 0x88, 0xaa, 0xaa, 0x89, 0x89, 
	0x89, 0xbb, 0x99, 0xaa, 0xa8, 0xaa, 0xaa, 0xba, 
	0xa8, 0xa9, 0xaa, 0x7a, 0xa9, 0x89, 0xaa, 0x89, 
	0x88, 0x98, 0xa9, 0x98, 0x9b, 0xaa, 0xaa, 0xba, 
	0xbb, 0xba, 0x98, 0x8a, 0xab, 0xaa, 0x88, 0xaa, 
	0xa9, 0x99, 0x88, 0xaa, 0x99, 0x98, 0xaa, 0xaa, 
	0x98, 0xaa, 0xa9, 0x88, 0xa9, 0x99, 0x87, 0x9b, 
	0xba, 0xa7, 0x79, 0xa9, 0xaa, 0xbb, 0xba, 0xa8, 
	0x9a, 0x97, 0x79, 0xa9, 0xaa, 0xa9, 0x8b, 0xba, 
	0xa9, 0x8a, 0xa8, 0x78, 0x9a, 0xba, 0x89, 0xa9, 
	0x8a, 0xaa, 0xba, 0xaa, 0x88, 0x8a, 0x98, 0xaa, 
	0xaa, 0xa9, 0x99, 0xba, 0x9a, 0xbb, 0xba, 0xa9, 
	0x88, 0x98, 0x78, 0xa8, 0x88, 0x77, 0xab, 0xbb, 
	0xa9, 0x89, 0x98, 0xab, 0x9a, 0xaa, 0xa7, 0x88, 
	0xab, 0xab, 0xbb, 0x98, 0xaa, 0x99, 0xa9, 0x8a, 
	0xaa, 0x79, 0xa9, 0x99, 0x8a, 0x9a, 0xa8, 0x99, 
	0xb9, 0xaa, 0xa9, 0x88, 0x78, 0x9a, 0xab, 0xbb, 
	0xba, 0x9b, 0xb9, 0xbb, 0x99, 0xaa, 0x87, 0x8a, 
	0xbb, 0xab, 0xbb, 0x8a, 0xaa, 0xbb, 0xbb, 0x97, 
	0x77, 0xa9, 0xa9, 0xa9, 0x98, 0x78, 0x8a, 0xba, 
	0xa9, 0xab, 0xba, 0xa8, 0x78, 0x88, 0x8a, 0xbb, 
	0xa9, 0x9b, 0xa9, 0xbb, 0xb8, 0x77, 0x89, 0xb9, 
	0x9a, 0x98, 0xa8, 0x89, 0xaa, 0x9b, 0xbb, 0xa9, 
	0x8a, 0xb9, 0x9b, 0xbb, 0x9a, 0x87, 0x79, 0x99, 
	0xa9, 0xaa, 0xaa, 0x99, 0xa9, 0xa9, 0x78, 0xaa, 
	0x97, 0x88, 0x99, 0xab, 0xba, 0x98, 0xaa, 0xaa, 
	0x89, 0xa9, 0x8a, 0xb8, 0x78, 0x9a, 0xbb, 0xa9, 
	0x9a, 0x98, 0x9a, 0xab, 0x8a, 0x87, 0x8a, 0xa8, 
	
};

Gfx castle_grounds_dl_Rock_Grey_01_64x64_i4_aligner[] = {gsSPEndDisplayList()};
u8 castle_grounds_dl_Rock_Grey_01_64x64_i4[] = {
	0x11, 0x11, 0x11, 0x11, 0x22, 0x11, 0x11, 0x22, 
	0x22, 0x21, 0x12, 0x22, 0x22, 0x21, 0x11, 0x11, 
	0x11, 0x11, 0x11, 0x11, 0x21, 0x11, 0x11, 0x11, 
	0x12, 0x21, 0x11, 0x12, 0x11, 0x21, 0x11, 0x11, 
	0x11, 0x11, 0x11, 0x11, 0x23, 0x11, 0x11, 0x22, 
	0x22, 0x21, 0x11, 0x22, 0x22, 0x21, 0x11, 0x11, 
	0x11, 0x11, 0x11, 0x11, 0x11, 0x11, 0x11, 0x11, 
	0x22, 0x12, 0x11, 0x12, 0x21, 0x11, 0x11, 0x11, 
	0x11, 0x12, 0x21, 0x12, 0x32, 0x21, 0x11, 0x22, 
	0x21, 0x21, 0x11, 0x11, 0x22, 0x11, 0x11, 0x11, 
	0x11, 0x11, 0x11, 0x11, 0x11, 0x11, 0x11, 0x11, 
	0x12, 0x22, 0x11, 0x12, 0x21, 0x11, 0x11, 0x11, 
	0x11, 0x12, 0x21, 0x12, 0x11, 0x11, 0x11, 0x21, 
	0x22, 0x11, 0x11, 0x21, 0x21, 0x11, 0x11, 0x11, 
	0x11, 0x11, 0x11, 0x12, 0x22, 0x21, 0x12, 0x21, 
	0x12, 0x11, 0x11, 0x12, 0x11, 0x11, 0x11, 0x11, 
	0x12, 0x22, 0x21, 0x11, 0x12, 0x11, 0x11, 0x11, 
	0x12, 0x11, 0x11, 0x21, 0x11, 0x11, 0x11, 0x11, 
	0x11, 0x11, 0x11, 0x12, 0x11, 0x13, 0x33, 0x21, 
	0x11, 0x11, 0x11, 0x11, 0x11, 0x11, 0x11, 0x11, 
	0x12, 0x22, 0x21, 0x11, 0x22, 0x21, 0x11, 0x11, 
	0x22, 0x21, 0x11, 0x11, 0x11, 0x11, 0x11, 0x11, 
	0x11, 0x11, 0x12, 0x11, 0x22, 0x33, 0x12, 0x11, 
	0x22, 0x22, 0x11, 0x11, 0x11, 0x11, 0x11, 0x11, 
	0x22, 0x22, 0x11, 0x12, 0x21, 0x11, 0x11, 0x12, 
	0x22, 0x22, 0x11, 0x11, 0x11, 0x11, 0x11, 0x11, 
	0x11, 0x11, 0x12, 0x11, 0x21, 0x32, 0x12, 0x21, 
	0x12, 0x22, 0x21, 0x11, 0x11, 0x11, 0x11, 0x11, 
	0x21, 0x11, 0x11, 0x12, 0x21, 0x12, 0x11, 0x22, 
	0x22, 0x11, 0x11, 0x11, 0x11, 0x11, 0x11, 0x11, 
	0x11, 0x12, 0x22, 0x11, 0x11, 0x12, 0x22, 0x21, 
	0x22, 0x22, 0x11, 0x11, 0x22, 0x11, 0x11, 0x12, 
	0x11, 0x11, 0x11, 0x12, 0x22, 0x11, 0x12, 0x22, 
	0x22, 0x11, 0x11, 0x11, 0x12, 0x21, 0x11, 0x11, 
	0x12, 0x22, 0x21, 0x11, 0x11, 0x12, 0x22, 0x21, 
	0x22, 0x22, 0x11, 0x11, 0x22, 0x11, 0x11, 0x12, 
	0x11, 0x11, 0x11, 0x12, 0x21, 0x11, 0x22, 0x22, 
	0x22, 0x21, 0x21, 0x11, 0x12, 0x31, 0x11, 0x21, 
	0x12, 0x33, 0x21, 0x11, 0x11, 0x12, 0x22, 0x11, 
	0x22, 0x22, 0x11, 0x12, 0x11, 0x11, 0x11, 0x11, 
	0x11, 0x11, 0x11, 0x22, 0x21, 0x11, 0x22, 0x22, 
	0x22, 0x22, 0x22, 0x11, 0x12, 0x31, 0x11, 0x21, 
	0x11, 0x22, 0x22, 0x11, 0x11, 0x11, 0x21, 0x11, 
	0x12, 0x22, 0x21, 0x11, 0x11, 0x11, 0x11, 0x11, 
	0x11, 0x11, 0x21, 0x22, 0x22, 0x11, 0x22, 0x22, 
	0x22, 0x22, 0x11, 0x11, 0x12, 0x21, 0x11, 0x21, 
	0x11, 0x21, 0x11, 0x11, 0x11, 0x11, 0x11, 0x11, 
	0x11, 0x22, 0x21, 0x11, 0x11, 0x11, 0x11, 0x11, 
	0x11, 0x11, 0x22, 0x22, 0x22, 0x12, 0x22, 0x22, 
	0x21, 0x22, 0x11, 0x21, 0x12, 0x31, 0x12, 0x22, 
	0x12, 0x21, 0x11, 0x11, 0x11, 0x11, 0x11, 0x21, 
	0x11, 0x12, 0x21, 0x11, 0x12, 0x11, 0x11, 0x11, 
	0x22, 0x11, 0x22, 0x22, 0x22, 0x12, 0x22, 0x22, 
	0x12, 0x22, 0x11, 0x21, 0x22, 0x31, 0x11, 0x22, 
	0x11, 0x11, 0x21, 0x12, 0x11, 0x11, 0x11, 0x21, 
	0x11, 0x12, 0x21, 0x11, 0x12, 0x12, 0x11, 0x11, 
	0x22, 0x11, 0x12, 0x22, 0x22, 0x22, 0x21, 0x11, 
	0x22, 0x11, 0x12, 0x12, 0x22, 0x21, 0x12, 0x22, 
	0x11, 0x11, 0x11, 0x11, 0x11, 0x11, 0x11, 0x11, 
	0x11, 0x22, 0x11, 0x11, 0x22, 0x21, 0x12, 0x22, 
	0x11, 0x11, 0x22, 0x22, 0x22, 0x22, 0x22, 0x12, 
	0x22, 0x11, 0x12, 0x11, 0x22, 0x21, 0x11, 0x22, 
	0x11, 0x11, 0x11, 0x11, 0x11, 0x11, 0x11, 0x11, 
	0x11, 0x22, 0x11, 0x11, 0x22, 0x11, 0x11, 0x11, 
	0x12, 0x11, 0x22, 0x22, 0x22, 0x11, 0x12, 0x22, 
	0x11, 0x11, 0x11, 0x11, 0x22, 0x11, 0x11, 0x22, 
	0x11, 0x11, 0x11, 0x12, 0x12, 0x11, 0x11, 0x21, 
	0x11, 0x21, 0x11, 0x12, 0x22, 0x11, 0x11, 0x11, 
	0x22, 0x11, 0x22, 0x22, 0x21, 0x11, 0x12, 0x21, 
	0x22, 0x11, 0x21, 0x11, 0x21, 0x11, 0x12, 0x32, 
	0x11, 0x11, 0x11, 0x12, 0x21, 0x11, 0x12, 0x21, 
	0x21, 0x11, 0x11, 0x22, 0x22, 0x11, 0x11, 0x11, 
	0x21, 0x11, 0x12, 0x21, 0x11, 0x11, 0x11, 0x22, 
	0x32, 0x12, 0x22, 0x11, 0x21, 0x11, 0x11, 0x22, 
	0x11, 0x11, 0x11, 0x22, 0x22, 0x11, 0x12, 0x21, 
	0x11, 0x11, 0x11, 0x22, 0x21, 0x11, 0x11, 0x12, 
	0x11, 0x11, 0x22, 0x11, 0x11, 0x11, 0x11, 0x22, 
	0x21, 0x11, 0x12, 0x22, 0x21, 0x21, 0x11, 0x21, 
	0x11, 0x11, 0x12, 0x22, 0x22, 0x11, 0x12, 0x22, 
	0x11, 0x11, 0x11, 0x21, 0x21, 0x11, 0x11, 0x22, 
	0x11, 0x11, 0x22, 0x11, 0x11, 0x11, 0x11, 0x22, 
	0x21, 0x11, 0x11, 0x22, 0x22, 0x21, 0x12, 0x22, 
	0x11, 0x11, 0x13, 0x22, 0x22, 0x11, 0x22, 0x21, 
	0x21, 0x11, 0x22, 0x21, 0x11, 0x11, 0x12, 0x22, 
	0x11, 0x11, 0x11, 0x11, 0x11, 0x21, 0x12, 0x22, 
	0x11, 0x11, 0x12, 0x22, 0x11, 0x22, 0x11, 0x11, 
	0x11, 0x11, 0x12, 0x21, 0x12, 0x11, 0x22, 0x21, 
	0x22, 0x12, 0x22, 0x11, 0x11, 0x12, 0x22, 0x11, 
	0x21, 0x11, 0x21, 0x11, 0x11, 0x11, 0x12, 0x22, 
	0x11, 0x11, 0x12, 0x22, 0x21, 0x12, 0x11, 0x21, 
	0x11, 0x11, 0x12, 0x11, 0x22, 0x11, 0x22, 0x21, 
	0x11, 0x12, 0x22, 0x11, 0x12, 0x22, 0x22, 0x22, 
	0x21, 0x12, 0x21, 0x11, 0x11, 0x11, 0x22, 0x12, 
	0x11, 0x11, 0x11, 0x21, 0x11, 0x11, 0x11, 0x11, 
	0x11, 0x11, 0x22, 0x12, 0x21, 0x11, 0x22, 0x11, 
	0x11, 0x12, 0x21, 0x11, 0x12, 0x22, 0x11, 0x22, 
	0x11, 0x21, 0x11, 0x11, 0x11, 0x12, 0x22, 0x21, 
	0x11, 0x11, 0x12, 0x22, 0x22, 0x11, 0x11, 0x11, 
	0x11, 0x11, 0x21, 0x22, 0x11, 0x22, 0x21, 0x11, 
	0x22, 0x22, 0x22, 0x21, 0x11, 0x11, 0x22, 0x22, 
	0x21, 0x11, 0x11, 0x11, 0x11, 0x12, 0x22, 0x21, 
	0x11, 0x11, 0x12, 0x22, 0x22, 0x21, 0x11, 0x11, 
	0x11, 0x12, 0x11, 0x11, 0x11, 0x23, 0x21, 0x12, 
	0x22, 0x22, 0x22, 0x12, 0x11, 0x12, 0x22, 0x12, 
	0x21, 0x12, 0x11, 0x11, 0x11, 0x21, 0x22, 0x11, 
	0x11, 0x11, 0x12, 0x22, 0x22, 0x21, 0x11, 0x11, 
	0x11, 0x11, 0x11, 0x11, 0x22, 0x22, 0x21, 0x12, 
	0x22, 0x22, 0x22, 0x11, 0x11, 0x22, 0x21, 0x12, 
	0x11, 0x12, 0x11, 0x11, 0x12, 0x21, 0x21, 0x11, 
	0x11, 0x11, 0x12, 0x21, 0x22, 0x21, 0x11, 0x11, 
	0x11, 0x11, 0x11, 0x11, 0x12, 0x22, 0x11, 0x12, 
	0x22, 0x21, 0x12, 0x21, 0x11, 0x22, 0x11, 0x21, 
	0x11, 0x21, 0x11, 0x11, 0x12, 0x22, 0x21, 0x22, 
	0x21, 0x11, 0x11, 0x21, 0x22, 0x11, 0x11, 0x11, 
	0x11, 0x11, 0x11, 0x12, 0x12, 0x22, 0x22, 0x22, 
	0x21, 0x11, 0x22, 0x11, 0x12, 0x22, 0x12, 0x11, 
	0x11, 0x12, 0x11, 0x11, 0x22, 0x22, 0x22, 0x22, 
	0x11, 0x11, 0x22, 0x21, 0x11, 0x12, 0x11, 0x11, 
	0x11, 0x11, 0x11, 0x11, 0x11, 0x22, 0x22, 0x22, 
	0x11, 0x11, 0x22, 0x11, 0x11, 0x21, 0x12, 0x11, 
	0x11, 0x11, 0x11, 0x11, 0x12, 0x22, 0x22, 0x21, 
	0x12, 0x11, 0x11, 0x12, 0x22, 0x12, 0x21, 0x11, 
	0x11, 0x11, 0x11, 0x11, 0x21, 0x22, 0x22, 0x21, 
	0x11, 0x12, 0x22, 0x22, 0x12, 0x21, 0x11, 0x11, 
	0x11, 0x11, 0x11, 0x11, 0x22, 0x22, 0x12, 0x21, 
	0x11, 0x11, 0x11, 0x12, 0x22, 0x12, 0x11, 0x11, 
	0x11, 0x11, 0x11, 0x11, 0x11, 0x12, 0x22, 0x21, 
	0x11, 0x12, 0x22, 0x11, 0x12, 0x11, 0x11, 0x11, 
	0x11, 0x11, 0x11, 0x11, 0x22, 0x33, 0x22, 0x11, 
	0x12, 0x11, 0x11, 0x12, 0x22, 0x21, 0x11, 0x22, 
	0x21, 0x11, 0x11, 0x11, 0x11, 0x12, 0x21, 0x21, 
	0x11, 0x11, 0x22, 0x22, 0x11, 0x11, 0x11, 0x11, 
	0x11, 0x21, 0x11, 0x12, 0x22, 0x31, 0x22, 0x11, 
	0x22, 0x21, 0x12, 0x12, 0x22, 0x22, 0x12, 0x22, 
	0x21, 0x11, 0x12, 0x11, 0x11, 0x11, 0x22, 0x12, 
	0x11, 0x22, 0x22, 0x21, 0x11, 0x11, 0x11, 0x11, 
	0x12, 0x11, 0x11, 0x11, 0x23, 0x21, 0x21, 0x11, 
	0x11, 0x22, 0x22, 0x22, 0x11, 0x21, 0x12, 0x22, 
	0x11, 0x11, 0x11, 0x11, 0x11, 0x22, 0x22, 0x11, 
	0x11, 0x12, 0x22, 0x22, 0x11, 0x11, 0x11, 0x11, 
	0x11, 0x11, 0x11, 0x12, 0x33, 0x22, 0x21, 0x11, 
	0x11, 0x22, 0x22, 0x21, 0x21, 0x11, 0x12, 0x22, 
	0x21, 0x11, 0x11, 0x21, 0x11, 0x12, 0x22, 0x21, 
	0x11, 0x12, 0x22, 0x22, 0x11, 0x11, 0x11, 0x11, 
	0x11, 0x11, 0x12, 0x32, 0x32, 0x22, 0x11, 0x11, 
	0x11, 0x11, 0x22, 0x21, 0x21, 0x11, 0x12, 0x22, 
	0x21, 0x12, 0x11, 0x21, 0x11, 0x12, 0x23, 0x21, 
	0x11, 0x11, 0x22, 0x23, 0x21, 0x11, 0x11, 0x11, 
	0x11, 0x11, 0x22, 0x21, 0x21, 0x11, 0x11, 0x11, 
	0x11, 0x11, 0x12, 0x22, 0x11, 0x11, 0x11, 0x11, 
	0x11, 0x11, 0x11, 0x11, 0x12, 0x12, 0x23, 0x32, 
	0x11, 0x21, 0x11, 0x22, 0x11, 0x11, 0x11, 0x11, 
	0x11, 0x12, 0x22, 0x11, 0x11, 0x11, 0x11, 0x11, 
	0x11, 0x11, 0x12, 0x22, 0x11, 0x11, 0x11, 0x11, 
	0x11, 0x11, 0x11, 0x22, 0x12, 0x12, 0x22, 0x22, 
	0x21, 0x21, 0x11, 0x22, 0x21, 0x11, 0x11, 0x11, 
	0x11, 0x12, 0x21, 0x11, 0x11, 0x11, 0x11, 0x11, 
	0x11, 0x11, 0x12, 0x22, 0x11, 0x11, 0x11, 0x11, 
	0x11, 0x11, 0x11, 0x22, 0x11, 0x11, 0x22, 0x22, 
	0x21, 0x11, 0x11, 0x12, 0x22, 0x11, 0x11, 0x11, 
	0x11, 0x12, 0x21, 0x11, 0x11, 0x11, 0x11, 0x11, 
	0x11, 0x11, 0x12, 0x32, 0x21, 0x11, 0x11, 0x11, 
	0x11, 0x11, 0x13, 0x31, 0x11, 0x11, 0x12, 0x22, 
	0x21, 0x11, 0x11, 0x12, 0x21, 0x11, 0x11, 0x11, 
	0x11, 0x11, 0x11, 0x12, 0x11, 0x11, 0x11, 0x11, 
	0x11, 0x11, 0x11, 0x12, 0x21, 0x11, 0x11, 0x11, 
	0x11, 0x11, 0x23, 0x22, 0x11, 0x11, 0x12, 0x22, 
	0x32, 0x11, 0x11, 0x13, 0x21, 0x11, 0x21, 0x11, 
	0x11, 0x12, 0x11, 0x11, 0x11, 0x11, 0x11, 0x11, 
	0x11, 0x11, 0x12, 0x12, 0x21, 0x11, 0x11, 0x11, 
	0x11, 0x12, 0x32, 0x22, 0x11, 0x11, 0x11, 0x22, 
	0x22, 0x11, 0x11, 0x13, 0x21, 0x11, 0x11, 0x11, 
	0x11, 0x12, 0x11, 0x21, 0x11, 0x11, 0x11, 0x11, 
	0x11, 0x11, 0x12, 0x22, 0x33, 0x11, 0x11, 0x11, 
	0x11, 0x13, 0x32, 0x22, 0x21, 0x11, 0x11, 0x23, 
	0x32, 0x12, 0x11, 0x12, 0x22, 0x11, 0x11, 0x11, 
	0x11, 0x11, 0x11, 0x11, 0x11, 0x11, 0x11, 0x12, 
	0x12, 0x21, 0x11, 0x12, 0x22, 0x11, 0x11, 0x11, 
	0x11, 0x13, 0x22, 0x22, 0x21, 0x11, 0x11, 0x12, 
	0x32, 0x22, 0x12, 0x13, 0x32, 0x11, 0x11, 0x12, 
	0x11, 0x11, 0x11, 0x11, 0x11, 0x11, 0x11, 0x12, 
	0x12, 0x21, 0x11, 0x11, 0x22, 0x11, 0x11, 0x11, 
	0x11, 0x12, 0x22, 0x11, 0x22, 0x11, 0x11, 0x11, 
	0x22, 0x22, 0x11, 0x12, 0x21, 0x11, 0x12, 0x22, 
	0x11, 0x11, 0x11, 0x21, 0x11, 0x11, 0x12, 0x22, 
	0x12, 0x21, 0x11, 0x11, 0x12, 0x11, 0x11, 0x11, 
	0x11, 0x22, 0x21, 0x11, 0x22, 0x11, 0x11, 0x11, 
	0x12, 0x12, 0x11, 0x13, 0x22, 0x11, 0x11, 0x21, 
	0x12, 0x11, 0x11, 0x11, 0x11, 0x11, 0x12, 0x22, 
	0x11, 0x22, 0x11, 0x11, 0x11, 0x11, 0x11, 0x11, 
	0x11, 0x22, 0x12, 0x11, 0x22, 0x21, 0x11, 0x11, 
	0x11, 0x11, 0x11, 0x12, 0x22, 0x11, 0x11, 0x21, 
	0x21, 0x11, 0x11, 0x11, 0x11, 0x11, 0x22, 0x22, 
	0x11, 0x22, 0x11, 0x11, 0x11, 0x11, 0x11, 0x11, 
	0x11, 0x11, 0x12, 0x12, 0x22, 0x21, 0x11, 0x11, 
	0x11, 0x11, 0x11, 0x11, 0x22, 0x11, 0x11, 0x21, 
	0x21, 0x11, 0x11, 0x11, 0x11, 0x12, 0x22, 0x21, 
	0x11, 0x23, 0x21, 0x11, 0x11, 0x11, 0x11, 0x11, 
	0x11, 0x11, 0x11, 0x22, 0x22, 0x11, 0x11, 0x11, 
	0x11, 0x11, 0x11, 0x11, 0x11, 0x11, 0x21, 0x11, 
	0x11, 0x11, 0x11, 0x11, 0x11, 0x22, 0x22, 0x11, 
	0x11, 0x13, 0x31, 0x11, 0x11, 0x11, 0x11, 0x11, 
	0x11, 0x12, 0x11, 0x12, 0x22, 0x11, 0x11, 0x11, 
	0x11, 0x11, 0x12, 0x21, 0x11, 0x22, 0x11, 0x11, 
	0x11, 0x11, 0x11, 0x11, 0x12, 0x22, 0x22, 0x11, 
	0x11, 0x23, 0x32, 0x11, 0x11, 0x11, 0x11, 0x11, 
	0x11, 0x12, 0x11, 0x12, 0x22, 0x11, 0x11, 0x11, 
	0x11, 0x12, 0x32, 0x21, 0x11, 0x22, 0x21, 0x11, 
	0x11, 0x11, 0x11, 0x11, 0x12, 0x22, 0x21, 0x11, 
	0x11, 0x22, 0x21, 0x11, 0x11, 0x11, 0x11, 0x11, 
	0x11, 0x22, 0x11, 0x11, 0x12, 0x11, 0x11, 0x11, 
	0x11, 0x23, 0x32, 0x21, 0x11, 0x22, 0x22, 0x21, 
	0x11, 0x11, 0x21, 0x11, 0x22, 0x21, 0x11, 0x11, 
	0x11, 0x23, 0x21, 0x11, 0x11, 0x12, 0x11, 0x11, 
	0x11, 0x22, 0x11, 0x21, 0x22, 0x11, 0x11, 0x11, 
	0x12, 0x22, 0x32, 0x22, 0x11, 0x22, 0x22, 0x11, 
	0x11, 0x11, 0x21, 0x11, 0x22, 0x21, 0x11, 0x11, 
	0x12, 0x33, 0x11, 0x11, 0x11, 0x11, 0x11, 0x11, 
	0x11, 0x12, 0x11, 0x21, 0x21, 0x11, 0x12, 0x11, 
	0x22, 0x11, 0x22, 0x22, 0x22, 0x22, 0x22, 0x11, 
	0x21, 0x11, 0x12, 0x11, 0x22, 0x22, 0x11, 0x11, 
	0x11, 0x32, 0x11, 0x11, 0x12, 0x11, 0x11, 0x11, 
	0x11, 0x22, 0x11, 0x21, 0x11, 0x11, 0x12, 0x11, 
	0x12, 0x11, 0x12, 0x22, 0x22, 0x22, 0x21, 0x11, 
	0x21, 0x11, 0x11, 0x11, 0x22, 0x22, 0x11, 0x11, 
	0x12, 0x31, 0x11, 0x11, 0x11, 0x11, 0x11, 0x11, 
	0x11, 0x11, 0x11, 0x12, 0x21, 0x11, 0x22, 0x11, 
	0x21, 0x11, 0x12, 0x22, 0x22, 0x23, 0x21, 0x12, 
	0x11, 0x11, 0x11, 0x22, 0x22, 0x22, 0x11, 0x11, 
	0x12, 0x21, 0x11, 0x11, 0x11, 0x11, 0x11, 0x11, 
	0x11, 0x11, 0x12, 0x22, 0x22, 0x11, 0x22, 0x11, 
	0x11, 0x11, 0x22, 0x11, 0x22, 0x22, 0x11, 0x12, 
	0x11, 0x11, 0x11, 0x12, 0x22, 0x22, 0x11, 0x11, 
	0x12, 0x21, 0x11, 0x11, 0x11, 0x11, 0x12, 0x12, 
	0x11, 0x11, 0x12, 0x22, 0x22, 0x21, 0x22, 0x11, 
	0x11, 0x12, 0x22, 0x11, 0x22, 0x21, 0x11, 0x11, 
	0x11, 0x11, 0x11, 0x22, 0x12, 0x31, 0x11, 0x11, 
	0x23, 0x21, 0x11, 0x11, 0x11, 0x11, 0x21, 0x22, 
	0x11, 0x11, 0x12, 0x12, 0x22, 0x21, 0x21, 0x11, 
	0x11, 0x12, 0x21, 0x11, 0x22, 0x21, 0x11, 0x11, 
	0x11, 0x11, 0x11, 0x21, 0x11, 0x21, 0x11, 0x22, 
	0x22, 0x32, 0x21, 0x22, 0x11, 0x11, 0x22, 0x11, 
	0x11, 0x11, 0x12, 0x11, 0x22, 0x11, 0x21, 0x11, 
	0x11, 0x22, 0x21, 0x22, 0x22, 0x11, 0x11, 0x11, 
	0x11, 0x11, 0x11, 0x11, 0x11, 0x11, 0x11, 0x12, 
	0x22, 0x22, 0x11, 0x22, 0x21, 0x22, 0x22, 0x11, 
	0x11, 0x11, 0x11, 0x11, 0x11, 0x11, 0x21, 0x21, 
	0x11, 0x12, 0x21, 0x21, 0x22, 0x11, 0x11, 0x11, 
	0x11, 0x11, 0x11, 0x11, 0x12, 0x21, 0x11, 0x22, 
	0x22, 0x22, 0x12, 0x21, 0x11, 0x12, 0x11, 0x11, 
	0x11, 0x11, 0x11, 0x11, 0x21, 0x13, 0x21, 0x11, 
	0x11, 0x22, 0x11, 0x11, 0x21, 0x22, 0x11, 0x11, 
	0x11, 0x11, 0x12, 0x11, 0x11, 0x11, 0x11, 0x22, 
	0x22, 0x22, 0x12, 0x22, 0x21, 0x21, 0x11, 0x11, 
	0x11, 0x11, 0x11, 0x11, 0x11, 0x12, 0x11, 0x11, 
	0x11, 0x11, 0x11, 0x11, 0x21, 0x32, 0x11, 0x11, 
	
};

Gfx castle_grounds_dl_cs_waterfall_alb_i8_aligner[] = {gsSPEndDisplayList()};
u8 castle_grounds_dl_cs_waterfall_alb_i8[] = {
	0xf4, 0xf3, 0xf4, 0xf7, 0xf7, 0xf6, 0xed, 0xee, 
	0xf1, 0xf0, 0xf7, 0xfb, 0xfc, 0xf6, 0xf8, 0xf9, 
	0xf8, 0xfb, 0xfb, 0xf6, 0xf1, 0xf4, 0xf3, 0xf2, 
	0xf5, 0xf1, 0xf8, 0xfa, 0xfd, 0xfd, 0xf5, 0xf6, 
	0xf3, 0xf4, 0xf2, 0xf6, 0xf4, 0xf4, 0xec, 0xed, 
	0xec, 0xeb, 0xf2, 0xf6, 0xf6, 0xf8, 0xf6, 0xf6, 
	0xf3, 0xf6, 0xf7, 0xf4, 0xed, 0xf1, 0xf0, 0xf1, 
	0xf5, 0xf1, 0xf8, 0xfa, 0xfc, 0xfd, 0xf7, 0xf8, 
	0xf3, 0xf4, 0xed, 0xf3, 0xf0, 0xf0, 0xe7, 0xea, 
	0xe9, 0xe7, 0xed, 0xef, 0xf2, 0xf5, 0xf5, 0xf0, 
	0xee, 0xef, 0xf0, 0xed, 0xec, 0xee, 0xee, 0xee, 
	0xee, 0xef, 0xf6, 0xf9, 0xf9, 0xfa, 0xf9, 0xf9, 
	0xf3, 0xf2, 0xee, 0xf3, 0xf0, 0xeb, 0xe6, 0xe9, 
	0xe6, 0xe6, 0xe3, 0xe8, 0xf0, 0xf5, 0xf2, 0xec, 
	0xe9, 0xeb, 0xec, 0xea, 0xea, 0xec, 0xeb, 0xe9, 
	0xed, 0xf0, 0xf4, 0xf7, 0xf5, 0xfa, 0xfa, 0xf8, 
	0xf0, 0xec, 0xec, 0xf4, 0xf1, 0xe7, 0xe4, 0xe5, 
	0xe2, 0xe3, 0xe1, 0xe3, 0xec, 0xf3, 0xf0, 0xea, 
	0xe5, 0xe7, 0xe8, 0xe7, 0xea, 0xeb, 0xe8, 0xe4, 
	0xe7, 0xec, 0xef, 0xf0, 0xf0, 0xfa, 0xfa, 0xf8, 
	0xee, 0xe9, 0xed, 0xf4, 0xf1, 0xe5, 0xe4, 0xe4, 
	0xe3, 0xe4, 0xe2, 0xe1, 0xeb, 0xf3, 0xf0, 0xea, 
	0xe5, 0xe7, 0xe9, 0xe5, 0xee, 0xea, 0xe7, 0xe3, 
	0xe5, 0xea, 0xea, 0xeb, 0xec, 0xf6, 0xf8, 0xf6, 
	0xe9, 0xe7, 0xeb, 0xf5, 0xf3, 0xe4, 0xe7, 0xe7, 
	0xe3, 0xe4, 0xe1, 0xe0, 0xee, 0xf0, 0xf0, 0xea, 
	0xe2, 0xec, 0xeb, 0xe1, 0xf0, 0xec, 0xea, 0xe2, 
	0xe6, 0xe4, 0xe7, 0xe8, 0xea, 0xf0, 0xf1, 0xee, 
	0xe8, 0xe5, 0xec, 0xf5, 0xf6, 0xea, 0xe6, 0xe8, 
	0xe2, 0xe7, 0xe2, 0xe1, 0xf0, 0xf7, 0xf1, 0xeb, 
	0xe8, 0xf0, 0xec, 0xe1, 0xf1, 0xef, 0xf0, 0xe7, 
	0xe6, 0xe3, 0xe3, 0xe6, 0xea, 0xee, 0xee, 0xed, 
	0xe8, 0xe7, 0xea, 0xf0, 0xfb, 0xed, 0xec, 0xed, 
	0xe7, 0xec, 0xe4, 0xe2, 0xf5, 0xf6, 0xf1, 0xee, 
	0xee, 0xf1, 0xed, 0xe1, 0xf2, 0xf0, 0xf5, 0xee, 
	0xeb, 0xe2, 0xe6, 0xe7, 0xed, 0xed, 0xed, 0xeb, 
	0xe9, 0xeb, 0xe7, 0xf1, 0xfa, 0xef, 0xf1, 0xee, 
	0xea, 0xf0, 0xe5, 0xe6, 0xf7, 0xf7, 0xf5, 0xf0, 
	0xf0, 0xf3, 0xf0, 0xe1, 0xf1, 0xf3, 0xfc, 0xf2, 
	0xed, 0xe5, 0xe6, 0xe9, 0xf0, 0xee, 0xee, 0xed, 
	0xec, 0xef, 0xe8, 0xf1, 0xfb, 0xf3, 0xf6, 0xf4, 
	0xf0, 0xf5, 0xeb, 0xea, 0xf8, 0xf9, 0xf5, 0xf3, 
	0xf5, 0xf5, 0xef, 0xe4, 0xf0, 0xf8, 0xfe, 0xfc, 
	0xf5, 0xed, 0xe9, 0xed, 0xf3, 0xf2, 0xf2, 0xf1, 
	0xee, 0xf0, 0xe9, 0xf1, 0xf7, 0xf3, 0xfb, 0xf5, 
	0xf3, 0xf8, 0xed, 0xf0, 0xf8, 0xf9, 0xf6, 0xf4, 
	0xf5, 0xf6, 0xee, 0xe5, 0xed, 0xf8, 0xfd, 0xfc, 
	0xf8, 0xee, 0xeb, 0xf0, 0xf3, 0xf5, 0xf4, 0xf2, 
	0xf1, 0xf2, 0xec, 0xed, 0xf7, 0xf6, 0xfa, 0xf8, 
	0xf7, 0xfa, 0xf3, 0xf3, 0xf8, 0xf9, 0xf7, 0xf7, 
	0xf9, 0xf9, 0xed, 0xeb, 0xed, 0xf6, 0xfd, 0xfb, 
	0xfa, 0xf4, 0xed, 0xf0, 0xf3, 0xf5, 0xf4, 0xf4, 
	0xf1, 0xf4, 0xef, 0xee, 0xf7, 0xf7, 0xfa, 0xfa, 
	0xfa, 0xfb, 0xf7, 0xf8, 0xf7, 0xf7, 0xf8, 0xf7, 
	0xf9, 0xf8, 0xee, 0xed, 0xec, 0xf7, 0xfc, 0xfa, 
	0xf8, 0xf6, 0xee, 0xf0, 0xf3, 0xf3, 0xf2, 0xf5, 
	0xf1, 0xf2, 0xf4, 0xf3, 0xf6, 0xf8, 0xfa, 0xfa, 
	0xfa, 0xfe, 0xfb, 0xfa, 0xf7, 0xf8, 0xf7, 0xf8, 
	0xf8, 0xf7, 0xee, 0xf0, 0xef, 0xf3, 0xfa, 0xf7, 
	0xf7, 0xf9, 0xf1, 0xf0, 0xee, 0xf0, 0xf0, 0xf4, 
	0xf1, 0xf4, 0xf6, 0xf8, 0xf8, 0xfa, 0xfa, 0xfa, 
	0xfa, 0xfe, 0xfd, 0xfa, 0xf6, 0xf7, 0xf6, 0xf8, 
	0xf8, 0xf7, 0xee, 0xf1, 0xec, 0xf4, 0xfb, 0xf8, 
	0xf4, 0xf9, 0xf3, 0xef, 0xef, 0xed, 0xef, 0xf2, 
	0xf1, 0xf5, 0xf8, 0xfa, 0xfa, 0xfc, 0xf9, 0xf9, 
	0xf5, 0xfa, 0xfd, 0xfa, 0xf4, 0xf4, 0xf6, 0xf9, 
	0xf7, 0xf8, 0xed, 0xf0, 0xe9, 0xf3, 0xf9, 0xf8, 
	0xf4, 0xfa, 0xf2, 0xf1, 0xf0, 0xed, 0xee, 0xf3, 
	0xf1, 0xf5, 0xf8, 0xfa, 0xfa, 0xfe, 0xfb, 0xf7, 
	0xf2, 0xfa, 0xfc, 0xfc, 0xf3, 0xf2, 0xf7, 0xfa, 
	0xf8, 0xf9, 0xed, 0xf0, 0xe5, 0xef, 0xf9, 0xf8, 
	0xf4, 0xfa, 0xf2, 0xf0, 0xf2, 0xee, 0xee, 0xf3, 
	0xf0, 0xf2, 0xf8, 0xf9, 0xfc, 0xfe, 0xfa, 0xf7, 
	0xed, 0xf4, 0xf6, 0xf6, 0xf2, 0xef, 0xf6, 0xf9, 
	0xfb, 0xfc, 0xed, 0xed, 0xe2, 0xec, 0xf4, 0xf5, 
	0xf2, 0xf5, 0xf2, 0xf0, 0xf3, 0xf2, 0xef, 0xf3, 
	0xed, 0xf1, 0xf8, 0xf8, 0xfc, 0xfc, 0xfa, 0xf7, 
	0xeb, 0xf0, 0xf4, 0xf4, 0xf2, 0xed, 0xf5, 0xf9, 
	0xfc, 0xfc, 0xed, 0xec, 0xe3, 0xeb, 0xef, 0xf4, 
	0xf2, 0xf6, 0xf0, 0xf0, 0xf3, 0xf2, 0xec, 0xf3, 
	0xeb, 0xee, 0xf5, 0xf3, 0xf5, 0xf4, 0xfa, 0xf3, 
	0xe8, 0xea, 0xf0, 0xf3, 0xf1, 0xe9, 0xf0, 0xf8, 
	0xfc, 0xf7, 0xee, 0xed, 0xe5, 0xeb, 0xe9, 0xee, 
	0xef, 0xf3, 0xed, 0xee, 0xf3, 0xf2, 0xec, 0xf0, 
	0xe9, 0xed, 0xf6, 0xf2, 0xf1, 0xf1, 0xf5, 0xf1, 
	0xe6, 0xe7, 0xeb, 0xf1, 0xf0, 0xe4, 0xec, 0xf7, 
	0xfd, 0xf7, 0xef, 0xed, 0xe6, 0xeb, 0xe4, 0xe9, 
	0xf0, 0xf2, 0xed, 0xef, 0xf2, 0xf2, 0xea, 0xee, 
	0xe9, 0xef, 0xf6, 0xee, 0xe8, 0xea, 0xee, 0xee, 
	0xe3, 0xe3, 0xea, 0xf2, 0xed, 0xe2, 0xe6, 0xf4, 
	0xf9, 0xf4, 0xf3, 0xf0, 0xe9, 0xed, 0xe2, 0xe5, 
	0xed, 0xef, 0xed, 0xed, 0xf1, 0xf1, 0xeb, 0xed, 
	0xea, 0xee, 0xf6, 0xed, 0xe6, 0xe7, 0xeb, 0xec, 
	0xe4, 0xe3, 0xe9, 0xf1, 0xed, 0xe2, 0xe5, 0xf0, 
	0xf7, 0xf3, 0xf6, 0xee, 0xeb, 0xec, 0xe3, 0xe5, 
	0xed, 0xee, 0xee, 0xed, 0xef, 0xf1, 0xeb, 0xec, 
	0xeb, 0xf2, 0xf9, 0xeb, 0xe4, 0xe7, 0xe7, 0xe8, 
	0xe7, 0xe2, 0xe8, 0xf4, 0xea, 0xe6, 0xe8, 0xef, 
	0xf3, 0xf2, 0xf2, 0xef, 0xec, 0xec, 0xe4, 0xe4, 
	0xec, 0xed, 0xee, 0xed, 0xef, 0xf1, 0xec, 0xed, 
	0xeb, 0xf3, 0xf8, 0xee, 0xe5, 0xea, 0xe8, 0xe9, 
	0xea, 0xe4, 0xeb, 0xf3, 0xeb, 0xe7, 0xea, 0xf1, 
	0xf3, 0xf3, 0xf3, 0xef, 0xee, 0xed, 0xe6, 0xe6, 
	0xec, 0xeb, 0xee, 0xee, 0xee, 0xf1, 0xee, 0xee, 
	0xf0, 0xf7, 0xfc, 0xf3, 0xec, 0xee, 0xec, 0xea, 
	0xf0, 0xe8, 0xef, 0xf6, 0xee, 0xec, 0xf0, 0xf3, 
	0xf4, 0xf4, 0xf3, 0xf1, 0xed, 0xee, 0xea, 0xe7, 
	0xec, 0xeb, 0xf0, 0xf0, 0xf0, 0xf3, 0xef, 0xf1, 
	0xf2, 0xf9, 0xfa, 0xf8, 0xec, 0xf1, 0xef, 0xeb, 
	0xf4, 0xec, 0xf3, 0xf5, 0xf0, 0xef, 0xf3, 0xf4, 
	0xf7, 0xf5, 0xf3, 0xf1, 0xee, 0xf1, 0xea, 0xe8, 
	0xed, 0xed, 0xf0, 0xf0, 0xf1, 0xf5, 0xf1, 0xf3, 
	0xf2, 0xf9, 0xfd, 0xfc, 0xf2, 0xf4, 0xf4, 0xea, 
	0xf8, 0xf3, 0xf9, 0xf9, 0xf3, 0xf3, 0xf7, 0xfc, 
	0xfb, 0xfb, 0xf5, 0xf5, 0xf1, 0xf4, 0xec, 0xea, 
	0xee, 0xee, 0xf3, 0xf2, 0xf2, 0xf6, 0xf3, 0xf1, 
	0xf3, 0xf9, 0xfd, 0xfd, 0xf4, 0xf6, 0xf3, 0xed, 
	0xfa, 0xf6, 0xfb, 0xfb, 0xf6, 0xf3, 0xfa, 0xfb, 
	0xfd, 0xfd, 0xf9, 0xf5, 0xf2, 0xf5, 0xee, 0xed, 
	0xf0, 0xef, 0xf3, 0xf2, 0xf3, 0xfb, 0xf2, 0xf1, 
	0xf4, 0xf7, 0xfc, 0xfd, 0xf7, 0xf8, 0xf3, 0xed, 
	0xf8, 0xf9, 0xfd, 0xfe, 0xf9, 0xf5, 0xfa, 0xfd, 
	0xfe, 0xfd, 0xfd, 0xfb, 0xf4, 0xf8, 0xed, 0xee, 
	0xf5, 0xef, 0xf8, 0xf4, 0xf7, 0xfd, 0xf2, 0xf2, 
	0xf4, 0xf6, 0xfb, 0xfc, 0xf8, 0xf8, 0xf3, 0xed, 
	0xf7, 0xf6, 0xfd, 0xfe, 0xfb, 0xf7, 0xfa, 0xfd, 
	0xfe, 0xff, 0xff, 0xfb, 0xf4, 0xf8, 0xf0, 0xef, 
	0xf6, 0xf0, 0xf8, 0xf6, 0xf9, 0xfd, 0xf2, 0xf3, 
	
};

Gfx castle_grounds_dl_Water_01_Blue_2_64x64_i4_aligner[] = {gsSPEndDisplayList()};
u8 castle_grounds_dl_Water_01_Blue_2_64x64_i4[] = {
	0x77, 0x77, 0x78, 0x77, 0x87, 0x76, 0x67, 0x76, 
	0x86, 0x77, 0x97, 0x67, 0x78, 0x86, 0x66, 0x78, 
	0x68, 0x66, 0x67, 0x69, 0x86, 0x66, 0x66, 0x77, 
	0x79, 0x67, 0x77, 0x66, 0x97, 0x67, 0x77, 0x98, 
	0x66, 0x77, 0x78, 0x77, 0x97, 0x67, 0x77, 0x67, 
	0x76, 0x77, 0x96, 0x66, 0x88, 0x97, 0x76, 0x77, 
	0x87, 0x66, 0x67, 0x79, 0x87, 0x66, 0x67, 0x77, 
	0x99, 0x87, 0x67, 0x68, 0x97, 0x67, 0x79, 0xa7, 
	0x67, 0x77, 0x79, 0x76, 0x98, 0x67, 0x77, 0x67, 
	0x66, 0x77, 0x96, 0x66, 0x79, 0xa8, 0x77, 0x77, 
	0x97, 0x66, 0x67, 0x88, 0x77, 0x77, 0x67, 0x78, 
	0xa7, 0x86, 0x67, 0x69, 0x87, 0x68, 0x9b, 0x97, 
	0x67, 0x77, 0x98, 0x77, 0x89, 0x67, 0x77, 0x77, 
	0x66, 0x77, 0x96, 0x66, 0x77, 0x76, 0x78, 0x77, 
	0x97, 0x67, 0x67, 0x87, 0x67, 0x87, 0x77, 0x78, 
	0xa9, 0x86, 0x67, 0x79, 0x66, 0x79, 0x89, 0x66, 
	0x77, 0x8a, 0x97, 0x67, 0x79, 0x76, 0x77, 0x76, 
	0x67, 0x78, 0x86, 0x66, 0x77, 0x66, 0x68, 0x98, 
	0x97, 0x67, 0x77, 0x97, 0x78, 0x88, 0x77, 0x77, 
	0xaa, 0x67, 0x67, 0x78, 0x77, 0x77, 0x78, 0x66, 
	0x78, 0x7a, 0x76, 0x67, 0x79, 0x86, 0x77, 0x76, 
	0x67, 0x69, 0x86, 0x66, 0x77, 0x66, 0x66, 0x79, 
	0xa8, 0x77, 0x77, 0x97, 0x77, 0x77, 0x87, 0x77, 
	0x98, 0x66, 0x67, 0x89, 0x86, 0x67, 0x78, 0x67, 
	0x77, 0x78, 0x86, 0x77, 0x89, 0x86, 0x76, 0x86, 
	0x67, 0x67, 0x76, 0x66, 0x77, 0x66, 0x66, 0x78, 
	0xa6, 0x77, 0x77, 0x98, 0x67, 0x77, 0x87, 0x87, 
	0x87, 0x66, 0x67, 0x88, 0x66, 0x67, 0x78, 0x67, 
	0x87, 0x78, 0x86, 0x77, 0x88, 0x86, 0x67, 0x87, 
	0x76, 0x77, 0x87, 0x77, 0x77, 0x76, 0x67, 0x77, 
	0x97, 0x67, 0x87, 0x97, 0x67, 0x77, 0x87, 0x98, 
	0x87, 0x66, 0x77, 0x88, 0x66, 0x67, 0x88, 0x67, 
	0x86, 0x78, 0x87, 0x78, 0x87, 0x96, 0x68, 0x78, 
	0x76, 0x87, 0x77, 0x66, 0x67, 0x76, 0x67, 0x77, 
	0x97, 0x67, 0x77, 0x97, 0x67, 0x77, 0x87, 0x7a, 
	0x96, 0x66, 0x76, 0x97, 0x66, 0x66, 0x77, 0x76, 
	0x77, 0x77, 0x87, 0x77, 0x77, 0xa9, 0x77, 0x67, 
	0x86, 0x96, 0x78, 0x77, 0x77, 0x86, 0x67, 0x77, 
	0x97, 0x67, 0x78, 0x97, 0x67, 0x77, 0x97, 0x67, 
	0xa7, 0x67, 0x66, 0x86, 0x66, 0x66, 0x78, 0x77, 
	0x87, 0x77, 0x87, 0x77, 0x76, 0x77, 0x67, 0x67, 
	0x78, 0xa8, 0x97, 0x66, 0x67, 0x78, 0x77, 0x77, 
	0x97, 0x67, 0x78, 0x87, 0x67, 0x78, 0x86, 0x66, 
	0x88, 0x67, 0x67, 0x76, 0x66, 0x66, 0x79, 0x88, 
	0x77, 0x76, 0x87, 0x77, 0x76, 0x66, 0x67, 0x67, 
	0x77, 0xaa, 0x76, 0x66, 0x67, 0x67, 0x77, 0x79, 
	0x9a, 0x77, 0x78, 0x77, 0x67, 0x78, 0x86, 0x66, 
	0x78, 0x76, 0x67, 0x66, 0x66, 0x67, 0x79, 0x76, 
	0x87, 0x76, 0x86, 0x67, 0x86, 0x66, 0x67, 0x77, 
	0x76, 0x89, 0x66, 0x66, 0x67, 0x68, 0x88, 0x97, 
	0x67, 0x97, 0x77, 0x76, 0x77, 0x68, 0x86, 0x66, 
	0x77, 0x66, 0x77, 0x66, 0x76, 0x77, 0x79, 0x76, 
	0x87, 0x77, 0x86, 0x67, 0x86, 0x66, 0x77, 0x77, 
	0x76, 0x98, 0x66, 0x66, 0x76, 0x77, 0x67, 0x87, 
	0x66, 0x79, 0x77, 0x77, 0x77, 0x68, 0x86, 0x67, 
	0x67, 0x68, 0x76, 0x77, 0x77, 0x77, 0x79, 0x96, 
	0x87, 0x67, 0x77, 0x67, 0x97, 0x67, 0x67, 0x68, 
	0x67, 0x97, 0x66, 0x77, 0x76, 0x76, 0x66, 0x78, 
	0x66, 0x68, 0x86, 0x67, 0x77, 0x79, 0x86, 0x67, 
	0x68, 0x76, 0x77, 0x66, 0x89, 0x99, 0x97, 0x99, 
	0x86, 0x68, 0x86, 0x77, 0x88, 0x67, 0x68, 0x88, 
	0x89, 0x87, 0x67, 0x77, 0x77, 0x76, 0x66, 0x67, 
	0x76, 0x67, 0x86, 0x66, 0x76, 0x7a, 0x76, 0x67, 
	0x78, 0x77, 0x76, 0x79, 0x97, 0x79, 0x87, 0x67, 
	0x88, 0x78, 0x86, 0x67, 0x79, 0x76, 0x78, 0x68, 
	0x79, 0x66, 0x67, 0x77, 0x78, 0x76, 0x66, 0x67, 
	0x76, 0x66, 0x87, 0x77, 0x66, 0x99, 0x76, 0x77, 
	0x77, 0x76, 0x66, 0x99, 0x67, 0x89, 0x76, 0x68, 
	0x78, 0x77, 0x77, 0x66, 0x69, 0x97, 0x88, 0x68, 
	0x67, 0x66, 0x77, 0x77, 0x78, 0x86, 0x66, 0x67, 
	0x77, 0x66, 0x78, 0x66, 0x79, 0x97, 0x76, 0x66, 
	0x77, 0x67, 0x77, 0x77, 0x79, 0x97, 0x77, 0x78, 
	0x78, 0x77, 0x77, 0x76, 0x67, 0x99, 0xa8, 0x77, 
	0x77, 0x77, 0x77, 0x87, 0x88, 0x87, 0x66, 0x77, 
	0x78, 0x66, 0x68, 0x88, 0xa8, 0x67, 0x77, 0x67, 
	0x87, 0x77, 0x66, 0x76, 0x8a, 0x76, 0x67, 0x78, 
	0x78, 0x87, 0x76, 0x87, 0x66, 0x67, 0x97, 0x77, 
	0x89, 0x77, 0x78, 0x77, 0x76, 0x68, 0x76, 0x76, 
	0x68, 0x76, 0x67, 0x9a, 0x86, 0x66, 0x78, 0x87, 
	0x66, 0x66, 0x66, 0x76, 0x98, 0x66, 0x76, 0x77, 
	0x76, 0x67, 0x77, 0x78, 0x77, 0x77, 0x97, 0x77, 
	0x9a, 0x97, 0x87, 0x77, 0x76, 0x67, 0x77, 0x76, 
	0x89, 0x97, 0x77, 0x79, 0x76, 0x67, 0x88, 0x88, 
	0x66, 0x66, 0x66, 0x76, 0x87, 0x67, 0x76, 0x86, 
	0x77, 0x77, 0x68, 0x77, 0x87, 0x77, 0x88, 0x7a, 
	0x87, 0x99, 0x87, 0x77, 0x86, 0x67, 0x86, 0x68, 
	0x77, 0x98, 0x67, 0x69, 0x67, 0x77, 0x87, 0x79, 
	0x66, 0x66, 0x66, 0x76, 0x77, 0x67, 0x67, 0x77, 
	0x77, 0x86, 0x67, 0x86, 0x67, 0x78, 0x97, 0x79, 
	0x76, 0x69, 0x76, 0x67, 0x86, 0x77, 0x76, 0x77, 
	0x67, 0x89, 0x78, 0x78, 0x87, 0x87, 0x87, 0x79, 
	0x76, 0x66, 0x66, 0x77, 0x87, 0x77, 0x67, 0x77, 
	0x78, 0x77, 0x77, 0x88, 0x78, 0x88, 0x78, 0x79, 
	0xa7, 0x79, 0x87, 0x77, 0x77, 0x76, 0x77, 0x76, 
	0x67, 0x89, 0x67, 0x88, 0x76, 0x68, 0x87, 0x89, 
	0x76, 0x76, 0x67, 0x67, 0x77, 0x77, 0x77, 0x77, 
	0x78, 0x77, 0x77, 0x87, 0x87, 0x77, 0x68, 0x87, 
	0x89, 0xa9, 0x99, 0x76, 0x68, 0x76, 0x87, 0x66, 
	0x77, 0x88, 0x66, 0x7a, 0x97, 0x77, 0x87, 0x89, 
	0x76, 0x76, 0x77, 0x79, 0x77, 0x76, 0x77, 0x77, 
	0x78, 0x77, 0x77, 0x88, 0x77, 0x77, 0x99, 0x77, 
	0x89, 0x76, 0x68, 0xa7, 0x77, 0x88, 0x76, 0x66, 
	0x77, 0x98, 0x77, 0x79, 0x89, 0x87, 0x77, 0xaa, 
	0x76, 0x77, 0x77, 0x99, 0x77, 0x76, 0x77, 0x77, 
	0x78, 0x77, 0x77, 0x87, 0x78, 0x99, 0x87, 0x66, 
	0x87, 0x66, 0x66, 0x89, 0x76, 0x77, 0x66, 0x67, 
	0x77, 0xaa, 0x78, 0x77, 0x66, 0x66, 0x67, 0x98, 
	0x96, 0x77, 0x79, 0xa7, 0x76, 0x77, 0x77, 0x77, 
	0x79, 0x77, 0x78, 0x87, 0x68, 0x88, 0x88, 0x67, 
	0x88, 0x66, 0x66, 0x69, 0x76, 0x76, 0x66, 0x67, 
	0x68, 0x99, 0xa9, 0x87, 0x66, 0x76, 0x77, 0x87, 
	0x87, 0x67, 0x99, 0x97, 0x67, 0x78, 0x66, 0x77, 
	0x79, 0x86, 0x7a, 0x77, 0x87, 0x66, 0x78, 0x87, 
	0x67, 0x76, 0x66, 0x68, 0x97, 0x76, 0x66, 0x77, 
	0x79, 0x77, 0x7a, 0xa9, 0x77, 0x77, 0x77, 0x78, 
	0x77, 0x77, 0x88, 0x96, 0x67, 0x87, 0x77, 0x77, 
	0x78, 0x97, 0x98, 0x67, 0x87, 0x78, 0x86, 0x66, 
	0x67, 0x76, 0x66, 0x68, 0xa8, 0x66, 0x67, 0x76, 
	0x88, 0x77, 0x69, 0x79, 0x97, 0x77, 0x77, 0x77, 
	0x87, 0x77, 0x77, 0x97, 0x68, 0x77, 0x77, 0x77, 
	0x77, 0xaa, 0xa7, 0x77, 0x78, 0x87, 0x66, 0x66, 
	0x67, 0x77, 0x67, 0x77, 0xaa, 0x66, 0x67, 0x67, 
	0x88, 0x76, 0x89, 0x76, 0x68, 0x77, 0x77, 0x77, 
	0x78, 0x76, 0x77, 0x98, 0x77, 0x77, 0x77, 0x77, 
	0x79, 0x97, 0x99, 0x76, 0x77, 0x86, 0x66, 0x66, 
	0x67, 0x67, 0x67, 0x7a, 0xaa, 0x76, 0x76, 0x78, 
	0x77, 0x87, 0x89, 0x76, 0x77, 0x77, 0x8a, 0xaa, 
	0x99, 0x86, 0x77, 0xa7, 0x67, 0x77, 0x77, 0x77, 
	0x79, 0x76, 0x78, 0x76, 0x67, 0x76, 0x66, 0x66, 
	0x67, 0x67, 0x77, 0x9a, 0xaa, 0x86, 0x77, 0x87, 
	0x77, 0x78, 0x79, 0x76, 0x77, 0x78, 0xab, 0x87, 
	0x78, 0x97, 0x78, 0xa7, 0x67, 0x77, 0x77, 0x77, 
	0x79, 0x67, 0x76, 0x66, 0x67, 0x76, 0x66, 0x66, 
	0x67, 0x67, 0x7a, 0x97, 0x67, 0x98, 0x78, 0x77, 
	0x77, 0x78, 0x77, 0x86, 0x77, 0x77, 0xa9, 0x66, 
	0x66, 0x68, 0x79, 0xa8, 0x67, 0x77, 0x77, 0x77, 
	0x88, 0x67, 0x76, 0x66, 0x67, 0x76, 0x66, 0x66, 
	0x77, 0x79, 0x9a, 0x76, 0x66, 0x67, 0x68, 0x77, 
	0x77, 0x87, 0x77, 0x87, 0x77, 0x77, 0x99, 0x66, 
	0x76, 0x67, 0x89, 0x8a, 0x87, 0x77, 0x77, 0x77, 
	0x97, 0x66, 0x87, 0x66, 0x67, 0x86, 0x66, 0x67, 
	0x76, 0x7a, 0xb8, 0x66, 0x66, 0x77, 0x78, 0x76, 
	0x78, 0x97, 0x77, 0x87, 0x77, 0x77, 0x8a, 0x66, 
	0x76, 0x76, 0x76, 0x66, 0x99, 0x77, 0x77, 0x76, 
	0xa6, 0x66, 0x68, 0x66, 0x66, 0x77, 0x66, 0x67, 
	0x67, 0x9a, 0xa7, 0x66, 0x77, 0x77, 0x78, 0x77, 
	0x88, 0x99, 0x98, 0x87, 0x77, 0x77, 0x8a, 0x66, 
	0x66, 0x76, 0x77, 0x66, 0x79, 0x87, 0x77, 0x77, 
	0xa8, 0x78, 0x77, 0x76, 0x66, 0x68, 0x77, 0x76, 
	0x68, 0x66, 0x77, 0x67, 0x77, 0x77, 0x87, 0x78, 
	0x77, 0x87, 0x7a, 0x97, 0x77, 0x77, 0x8a, 0x76, 
	0x66, 0x77, 0x77, 0x67, 0x77, 0x77, 0x78, 0x99, 
	0x89, 0x67, 0x76, 0x87, 0x66, 0x67, 0x87, 0x66, 
	0x77, 0x77, 0x77, 0x76, 0x66, 0x78, 0x77, 0x78, 
	0x77, 0x87, 0x78, 0xa9, 0x77, 0x77, 0x99, 0x76, 
	0x66, 0x67, 0x77, 0x66, 0x77, 0x67, 0x88, 0x87, 
	0x79, 0x67, 0x88, 0x89, 0x76, 0x67, 0x77, 0x88, 
	0x87, 0x67, 0x77, 0x76, 0x78, 0x86, 0x88, 0x87, 
	0x77, 0x88, 0x78, 0x87, 0x77, 0x78, 0x87, 0x97, 
	0x66, 0x66, 0x87, 0x77, 0x76, 0x77, 0x77, 0x76, 
	0x78, 0x66, 0x77, 0x98, 0x97, 0x77, 0x77, 0x87, 
	0x77, 0x67, 0x77, 0x78, 0x87, 0x77, 0x77, 0x77, 
	0x77, 0x78, 0x78, 0x87, 0x76, 0x76, 0x66, 0x79, 
	0x86, 0x66, 0x77, 0x67, 0x76, 0x77, 0x77, 0x77, 
	0x76, 0x66, 0x78, 0x97, 0x89, 0x77, 0x87, 0x77, 
	0x66, 0x67, 0x77, 0x88, 0x77, 0x77, 0x67, 0x77, 
	0x78, 0x78, 0x78, 0x99, 0x77, 0x77, 0x77, 0x79, 
	0xa7, 0x66, 0x77, 0x77, 0x76, 0x77, 0x77, 0x78, 
	0x66, 0x66, 0x67, 0x98, 0x68, 0x87, 0x87, 0x77, 
	0x66, 0x77, 0x78, 0x78, 0x77, 0x78, 0x77, 0x77, 
	0x87, 0x78, 0x78, 0x98, 0x67, 0x77, 0x77, 0x67, 
	0xaa, 0x66, 0x77, 0x87, 0x67, 0x66, 0x78, 0x87, 
	0x66, 0x66, 0x66, 0x89, 0x67, 0x89, 0x77, 0x87, 
	0x66, 0x76, 0x77, 0x77, 0x87, 0x89, 0x87, 0x78, 
	0x87, 0x77, 0x79, 0x77, 0x66, 0x77, 0x77, 0x67, 
	0x7a, 0x86, 0x77, 0x78, 0x67, 0x67, 0x77, 0x77, 
	0x66, 0x66, 0x67, 0x79, 0x86, 0x79, 0x86, 0x87, 
	0x67, 0x76, 0x86, 0x76, 0x78, 0xa8, 0x87, 0x87, 
	0x77, 0x77, 0x79, 0x76, 0x67, 0x77, 0x76, 0x68, 
	0x68, 0xa7, 0x77, 0x79, 0x77, 0x88, 0x77, 0x66, 
	0x66, 0x66, 0x77, 0x79, 0x86, 0x78, 0x86, 0x87, 
	0x77, 0x67, 0x76, 0x77, 0x9a, 0x97, 0x68, 0x77, 
	0x77, 0x77, 0x78, 0x76, 0x66, 0x77, 0x66, 0x86, 
	0x67, 0xa9, 0x67, 0x89, 0x78, 0x97, 0x76, 0x66, 
	0x67, 0x77, 0x77, 0x78, 0x96, 0x77, 0x77, 0x78, 
	0x77, 0x68, 0x66, 0x77, 0xa9, 0x67, 0x69, 0x87, 
	0x77, 0x78, 0x78, 0x76, 0x77, 0x76, 0x67, 0x76, 
	0x67, 0x89, 0x97, 0x89, 0x8a, 0x87, 0x66, 0x66, 
	0x76, 0x66, 0x78, 0x79, 0x86, 0x67, 0x77, 0x76, 
	0x78, 0x87, 0x66, 0x78, 0x97, 0x66, 0x79, 0x77, 
	0x77, 0x79, 0x77, 0x87, 0x66, 0x67, 0x87, 0x66, 
	0x77, 0x77, 0x97, 0x7a, 0xa9, 0x87, 0x67, 0x77, 
	0x66, 0x78, 0x89, 0x9a, 0x86, 0x67, 0x77, 0x77, 
	0x87, 0x76, 0x67, 0x78, 0x96, 0x67, 0x79, 0x76, 
	0x77, 0x79, 0x87, 0x78, 0x77, 0x87, 0x66, 0x67, 
	0x77, 0x77, 0x79, 0x88, 0x86, 0x67, 0x78, 0x99, 
	0x98, 0x77, 0x77, 0x78, 0x96, 0x77, 0x76, 0x77, 
	0x76, 0x76, 0x67, 0x78, 0x86, 0x67, 0x89, 0x76, 
	0x77, 0x78, 0x96, 0x77, 0x97, 0x66, 0x66, 0x67, 
	0x77, 0x77, 0x78, 0x76, 0x76, 0x67, 0x76, 0x79, 
	0xa7, 0x77, 0x77, 0x77, 0x99, 0x77, 0x76, 0x87, 
	0x77, 0x77, 0x77, 0x78, 0x86, 0x67, 0x88, 0x76, 
	0x77, 0x77, 0x98, 0x66, 0x87, 0x66, 0x66, 0x77, 
	0x77, 0x77, 0x77, 0x77, 0x77, 0x77, 0x77, 0x77, 
	0x97, 0x67, 0x77, 0x77, 0x77, 0x77, 0x88, 0x77, 
	0x77, 0x87, 0x76, 0x77, 0x86, 0x67, 0x88, 0x66, 
	0x77, 0x77, 0x89, 0x66, 0x79, 0x66, 0x66, 0x77, 
	0x77, 0x77, 0x77, 0x77, 0x87, 0x77, 0x77, 0x77, 
	0x98, 0x67, 0x77, 0x77, 0x77, 0x67, 0x68, 0x77, 
	0x78, 0x77, 0x66, 0x67, 0x86, 0x67, 0x8a, 0x77, 
	0x77, 0x88, 0xa9, 0x66, 0x69, 0x86, 0x67, 0x77, 
	0x77, 0x77, 0x88, 0x77, 0x87, 0x77, 0x77, 0xaa, 
	0x99, 0x77, 0x77, 0x77, 0x77, 0x77, 0x78, 0x77, 
	0x78, 0x77, 0x66, 0x67, 0x87, 0x67, 0x8a, 0xa8, 
	0x89, 0x9a, 0xa8, 0x66, 0x68, 0x96, 0x77, 0x77, 
	0x77, 0x78, 0x77, 0x87, 0x87, 0x77, 0x79, 0x97, 
	0x68, 0x98, 0x77, 0x77, 0x78, 0x87, 0x87, 0x77, 
	0x79, 0x76, 0x66, 0x67, 0x87, 0x77, 0x78, 0x99, 
	0x99, 0x78, 0xa8, 0x66, 0x67, 0x98, 0x77, 0x77, 
	0x77, 0x88, 0x77, 0x77, 0x87, 0x77, 0x8a, 0x86, 
	0x67, 0x76, 0x88, 0x88, 0x77, 0x77, 0x87, 0x77, 
	0x88, 0x86, 0x66, 0x77, 0x87, 0x77, 0x78, 0x76, 
	0x97, 0x69, 0x96, 0x66, 0x67, 0x98, 0x77, 0x77, 
	0x77, 0x88, 0x77, 0x78, 0x88, 0x87, 0x99, 0x86, 
	0x77, 0x77, 0x66, 0x67, 0x77, 0x77, 0x87, 0x68, 
	0x97, 0x86, 0x66, 0x77, 0x87, 0x77, 0x87, 0x77, 
	0x89, 0x9a, 0x76, 0x66, 0x67, 0x98, 0x67, 0x67, 
	0x77, 0x98, 0x67, 0x88, 0x76, 0x79, 0x98, 0x96, 
	0x67, 0x77, 0x77, 0x77, 0x77, 0x77, 0x97, 0x8a, 
	0x97, 0x97, 0x66, 0x77, 0x87, 0x78, 0x77, 0x77, 
	0x78, 0x8a, 0x66, 0x66, 0x76, 0x98, 0x78, 0x77, 
	0x78, 0xa8, 0x67, 0x89, 0x76, 0x67, 0x88, 0x97, 
	0x67, 0x77, 0x77, 0x77, 0x77, 0x79, 0x98, 0x99, 
	0x99, 0xa9, 0x67, 0x77, 0x98, 0x77, 0x76, 0x77, 
	0x77, 0x89, 0x66, 0x67, 0x67, 0x97, 0x79, 0x87, 
	0x79, 0x97, 0x66, 0x89, 0x76, 0x66, 0x78, 0x68, 
	0x97, 0x77, 0x77, 0x77, 0x77, 0x79, 0x78, 0x67, 
	0x98, 0x79, 0x86, 0x67, 0xa9, 0x77, 0x66, 0x77, 
	0x76, 0x89, 0x76, 0x76, 0x79, 0x86, 0x67, 0xa7, 
	0x9a, 0x76, 0x67, 0x8a, 0x76, 0x66, 0x67, 0x88, 
	0x89, 0x77, 0x77, 0x77, 0x77, 0x88, 0x77, 0x77, 
	0x97, 0x86, 0x77, 0x79, 0x89, 0x88, 0x77, 0x77, 
	0x76, 0x8a, 0xa8, 0x77, 0x99, 0x66, 0x66, 0x8a, 
	0xb9, 0x77, 0x77, 0x9b, 0x86, 0x66, 0x67, 0x78, 
	0x78, 0x97, 0x77, 0x77, 0x77, 0x98, 0x86, 0x77, 
	0x86, 0x78, 0x77, 0x78, 0x78, 0x86, 0x77, 0x77, 
	0x76, 0x77, 0xaa, 0xaa, 0x96, 0x66, 0x67, 0x78, 
	0xa8, 0x76, 0x68, 0x99, 0x86, 0x66, 0x67, 0x78, 
	0x77, 0x89, 0x77, 0x77, 0x78, 0x98, 0x76, 0x77, 
	0x76, 0x69, 0xa7, 0x76, 0x78, 0x76, 0x67, 0x77, 
	0x76, 0x76, 0x67, 0x78, 0x86, 0x66, 0x66, 0x77, 
	0x98, 0x66, 0x79, 0x76, 0x96, 0x67, 0x77, 0x78, 
	0x77, 0x78, 0x87, 0x88, 0x88, 0x77, 0x66, 0x76, 
	0x76, 0x67, 0xa8, 0x77, 0x68, 0x76, 0x66, 0x87, 
	0x77, 0x76, 0x67, 0x77, 0x86, 0x66, 0x66, 0x77, 
	0x89, 0x67, 0x76, 0x76, 0x97, 0x67, 0x77, 0x88, 
	
};

Gfx castle_grounds_dl_skull2_64x64__CRUELTY_SQUAD__i4_aligner[] = {gsSPEndDisplayList()};
u8 castle_grounds_dl_skull2_64x64__CRUELTY_SQUAD__i4[] = {
	0x95, 0x44, 0x44, 0x56, 0x66, 0x66, 0x77, 0x77, 
	0x77, 0x88, 0x89, 0x99, 0x99, 0x9a, 0x98, 0x77, 
	0x77, 0x78, 0xa9, 0x99, 0x99, 0x99, 0x88, 0x88, 
	0x77, 0x77, 0x76, 0x66, 0x66, 0x44, 0x44, 0x46, 
	0x74, 0x44, 0x44, 0x66, 0x66, 0x66, 0x88, 0x77, 
	0x77, 0x88, 0x89, 0x99, 0x99, 0x9a, 0x98, 0x77, 
	0x77, 0x79, 0xa9, 0x99, 0x99, 0x98, 0x88, 0x87, 
	0x77, 0x88, 0x76, 0x66, 0x66, 0x54, 0x44, 0x46, 
	0x64, 0x44, 0x44, 0x66, 0x66, 0x57, 0x88, 0x76, 
	0x77, 0x89, 0x99, 0x88, 0x89, 0x99, 0x98, 0x77, 
	0x77, 0x89, 0xa9, 0x98, 0x88, 0x89, 0x88, 0x77, 
	0x66, 0x88, 0x85, 0x66, 0x66, 0x54, 0x44, 0x45, 
	0x54, 0x44, 0x44, 0x66, 0x66, 0x45, 0x66, 0x56, 
	0x67, 0x89, 0xaa, 0x98, 0x88, 0x99, 0x98, 0x87, 
	0x77, 0x89, 0x99, 0x98, 0x89, 0xaa, 0x98, 0x86, 
	0x55, 0x56, 0x54, 0x56, 0x66, 0x54, 0x44, 0x45, 
	0x65, 0x44, 0x44, 0x56, 0x65, 0x44, 0x45, 0x58, 
	0x88, 0x99, 0x9a, 0xb9, 0x88, 0x98, 0x89, 0x98, 
	0x89, 0x98, 0x89, 0x88, 0x8a, 0xaa, 0x99, 0x98, 
	0x86, 0x55, 0x44, 0x56, 0x66, 0x54, 0x44, 0x56, 
	0x77, 0x65, 0x44, 0x66, 0x65, 0x44, 0x45, 0x7a, 
	0x98, 0x88, 0x99, 0xaa, 0x98, 0x88, 0x88, 0xaa, 
	0xaa, 0x98, 0x88, 0x89, 0xaa, 0x99, 0x88, 0x99, 
	0xa8, 0x65, 0x44, 0x56, 0x66, 0x54, 0x56, 0x77, 
	0x78, 0x86, 0x44, 0x56, 0x65, 0x43, 0x56, 0x8a, 
	0x99, 0x99, 0x99, 0x99, 0xa9, 0x98, 0x78, 0xab, 
	0xba, 0x98, 0x88, 0x99, 0xaa, 0x99, 0x99, 0x98, 
	0xaa, 0x65, 0x43, 0x55, 0x65, 0x54, 0x67, 0x88, 
	0x78, 0x98, 0x64, 0x44, 0x44, 0x33, 0x46, 0xaa, 
	0xaa, 0xab, 0xbb, 0xaa, 0xba, 0xa9, 0x77, 0x9a, 
	0xaa, 0x87, 0x89, 0xaa, 0xaa, 0xbb, 0xba, 0xaa, 
	0xab, 0x75, 0x33, 0x44, 0x44, 0x45, 0x68, 0x97, 
	0x67, 0x99, 0x76, 0x43, 0x32, 0x23, 0x57, 0xba, 
	0xab, 0xbc, 0xcc, 0xcc, 0xbb, 0xa9, 0x87, 0x78, 
	0x98, 0x77, 0x9a, 0xab, 0xcc, 0xcc, 0xcb, 0xbb, 
	0xab, 0x95, 0x43, 0x22, 0x34, 0x56, 0x89, 0x86, 
	0x56, 0x89, 0x86, 0x42, 0x22, 0x24, 0x69, 0xdb, 
	0xab, 0xbb, 0xcc, 0xcc, 0xcb, 0xa9, 0x87, 0x77, 
	0x87, 0x78, 0x9a, 0xab, 0xcc, 0xcb, 0xbb, 0xbb, 
	0xac, 0xc6, 0x43, 0x22, 0x23, 0x57, 0xa8, 0x65, 
	0x54, 0x67, 0x76, 0x42, 0x22, 0x34, 0x7b, 0xdb, 
	0xba, 0xaa, 0xaa, 0xbb, 0xbb, 0xa9, 0x97, 0x78, 
	0x98, 0x78, 0x9a, 0xbb, 0xcb, 0xba, 0xaa, 0xab, 
	0xab, 0xd9, 0x53, 0x22, 0x23, 0x57, 0x86, 0x55, 
	0x64, 0x45, 0x55, 0x42, 0x23, 0x46, 0x9c, 0xca, 
	0x98, 0x77, 0x88, 0x9a, 0xbb, 0xba, 0x98, 0x79, 
	0x98, 0x78, 0xaa, 0xbb, 0xa9, 0x88, 0x87, 0x89, 
	0x9a, 0xdc, 0x75, 0x42, 0x24, 0x46, 0x54, 0x45, 
	0x85, 0x44, 0x44, 0x43, 0x35, 0x68, 0xbc, 0x87, 
	0x65, 0x55, 0x55, 0x67, 0x9b, 0xbb, 0x98, 0x8a, 
	0xa9, 0x89, 0xab, 0xca, 0x87, 0x55, 0x55, 0x56, 
	0x67, 0xac, 0x97, 0x54, 0x34, 0x44, 0x44, 0x57, 
	0xa8, 0x54, 0x44, 0x44, 0x56, 0x89, 0xb9, 0x54, 
	0x44, 0x44, 0x44, 0x44, 0x6b, 0xbb, 0xba, 0xaa, 
	0xaa, 0x9a, 0xbb, 0xc8, 0x54, 0x44, 0x44, 0x45, 
	0x55, 0x6b, 0xa9, 0x75, 0x54, 0x44, 0x44, 0x6a, 
	0xaa, 0x75, 0x44, 0x56, 0x78, 0x9a, 0xb5, 0x44, 
	0x44, 0x44, 0x44, 0x33, 0x35, 0x8a, 0xbb, 0xaa, 
	0xaa, 0xab, 0xb9, 0x74, 0x33, 0x44, 0x44, 0x45, 
	0x44, 0x59, 0xb9, 0x97, 0x66, 0x54, 0x45, 0x9a, 
	0xaa, 0x86, 0x55, 0x79, 0x89, 0xab, 0x64, 0x55, 
	0x66, 0x66, 0x55, 0x43, 0x33, 0x58, 0xaa, 0xa9, 
	0x9a, 0xab, 0x95, 0x33, 0x34, 0x55, 0x66, 0x66, 
	0x55, 0x45, 0x9c, 0x99, 0x99, 0x64, 0x57, 0xaa, 
	0x9a, 0x97, 0x66, 0xaa, 0x9a, 0x85, 0x45, 0x56, 
	0x66, 0x66, 0x66, 0x54, 0x33, 0x35, 0x9a, 0x99, 
	0x99, 0x9a, 0x64, 0x33, 0x45, 0x66, 0x66, 0x66, 
	0x65, 0x54, 0x58, 0xa9, 0x9a, 0x86, 0x68, 0x99, 
	0x68, 0x87, 0x68, 0x99, 0x86, 0x44, 0x45, 0x66, 
	0x77, 0x77, 0x77, 0x65, 0x43, 0x34, 0x68, 0x99, 
	0x99, 0x87, 0x43, 0x34, 0x56, 0x77, 0x77, 0x77, 
	0x76, 0x55, 0x45, 0x58, 0x89, 0x96, 0x68, 0x87, 
	0x56, 0x77, 0x79, 0x75, 0x44, 0x44, 0x46, 0x78, 
	0x89, 0x87, 0x77, 0x76, 0x54, 0x33, 0x56, 0x89, 
	0x98, 0x75, 0x43, 0x34, 0x66, 0x77, 0x78, 0x99, 
	0x88, 0x65, 0x44, 0x44, 0x46, 0x97, 0x77, 0x65, 
	0x55, 0x56, 0x89, 0x63, 0x34, 0x44, 0x57, 0x88, 
	0xac, 0xb9, 0x87, 0x77, 0x64, 0x33, 0x46, 0x79, 
	0x98, 0x64, 0x33, 0x45, 0x67, 0x78, 0x8a, 0xcb, 
	0x99, 0x76, 0x44, 0x44, 0x34, 0x87, 0x76, 0x44, 
	0x54, 0x56, 0x89, 0x53, 0x44, 0x44, 0x67, 0x89, 
	0xbe, 0xdb, 0x98, 0x77, 0x65, 0x32, 0x35, 0x68, 
	0x87, 0x64, 0x33, 0x45, 0x77, 0x78, 0xac, 0xec, 
	0xa8, 0x87, 0x54, 0x44, 0x34, 0x88, 0x65, 0x44, 
	0x65, 0x55, 0x68, 0x53, 0x44, 0x45, 0x68, 0x89, 
	0xbd, 0xda, 0x98, 0x77, 0x65, 0x32, 0x35, 0x67, 
	0x86, 0x64, 0x23, 0x46, 0x77, 0x78, 0xac, 0xec, 
	0x98, 0x87, 0x64, 0x44, 0x33, 0x87, 0x65, 0x45, 
	0x86, 0x55, 0x67, 0x53, 0x44, 0x45, 0x67, 0x88, 
	0x9b, 0xa9, 0x87, 0x77, 0x65, 0x32, 0x35, 0x57, 
	0x76, 0x54, 0x33, 0x56, 0x77, 0x78, 0x8a, 0xba, 
	0x98, 0x87, 0x54, 0x44, 0x34, 0x76, 0x65, 0x57, 
	0x99, 0x65, 0x67, 0x54, 0x44, 0x44, 0x67, 0x88, 
	0x89, 0x98, 0x77, 0x77, 0x65, 0x33, 0x35, 0x55, 
	0x65, 0x54, 0x33, 0x56, 0x77, 0x77, 0x89, 0x99, 
	0x88, 0x87, 0x54, 0x44, 0x34, 0x76, 0x66, 0x7a, 
	0x9a, 0x97, 0x78, 0x64, 0x44, 0x44, 0x56, 0x77, 
	0x78, 0x77, 0x77, 0x77, 0x65, 0x33, 0x45, 0x44, 
	0x54, 0x54, 0x33, 0x56, 0x77, 0x77, 0x77, 0x87, 
	0x77, 0x76, 0x44, 0x44, 0x45, 0x87, 0x78, 0xaa, 
	0x79, 0x98, 0x79, 0x87, 0x44, 0x44, 0x45, 0x67, 
	0x77, 0x77, 0x77, 0x77, 0x65, 0x34, 0x55, 0x23, 
	0x42, 0x45, 0x43, 0x45, 0x67, 0x77, 0x77, 0x77, 
	0x77, 0x64, 0x44, 0x44, 0x58, 0x87, 0x89, 0x97, 
	0x45, 0x78, 0x89, 0xab, 0x64, 0x44, 0x45, 0x56, 
	0x66, 0x67, 0x77, 0x76, 0x64, 0x44, 0x53, 0x12, 
	0x31, 0x25, 0x54, 0x45, 0x66, 0x77, 0x77, 0x66, 
	0x66, 0x54, 0x44, 0x44, 0x9a, 0x99, 0x88, 0x64, 
	0x44, 0x67, 0x9a, 0xbb, 0xd6, 0x54, 0x44, 0x45, 
	0x66, 0x66, 0x66, 0x66, 0x65, 0x55, 0x53, 0x11, 
	0x31, 0x14, 0x65, 0x55, 0x66, 0x66, 0x66, 0x66, 
	0x55, 0x44, 0x45, 0x4a, 0xda, 0xaa, 0x87, 0x54, 
	0x55, 0x78, 0xab, 0xbb, 0xed, 0x86, 0x54, 0x44, 
	0x55, 0x56, 0x66, 0x66, 0x66, 0x66, 0x51, 0x12, 
	0x41, 0x13, 0x66, 0x66, 0x66, 0x66, 0x66, 0x55, 
	0x44, 0x45, 0x57, 0xae, 0xbb, 0xbb, 0x88, 0x65, 
	0x88, 0x88, 0xab, 0xaa, 0xbe, 0xd9, 0x76, 0x65, 
	0x55, 0x55, 0x66, 0x66, 0x78, 0x86, 0x31, 0x15, 
	0x72, 0x11, 0x47, 0x87, 0x66, 0x66, 0x55, 0x55, 
	0x55, 0x66, 0x8b, 0xec, 0xaa, 0xbb, 0x98, 0x88, 
	0x88, 0x88, 0xab, 0xa9, 0xab, 0xde, 0xca, 0x88, 
	0x77, 0x76, 0x77, 0x78, 0x9a, 0xa7, 0x21, 0x28, 
	0x85, 0x11, 0x5a, 0xaa, 0x97, 0x77, 0x66, 0x77, 
	0x88, 0x9b, 0xde, 0xcb, 0xaa, 0xab, 0x98, 0x88, 
	0x88, 0x88, 0x9a, 0xaa, 0xbb, 0xbc, 0xcc, 0xbb, 
	0xaa, 0x98, 0x99, 0x8a, 0xbc, 0xbb, 0x63, 0x6b, 
	0xb8, 0x44, 0x8b, 0xcc, 0xa9, 0x99, 0x89, 0x9a, 
	0xab, 0xcc, 0xcc, 0xcc, 0xba, 0xa9, 0x88, 0x88, 
	0x98, 0x88, 0x89, 0x9a, 0xcb, 0xbb, 0xcc, 0xcb, 
	0xbb, 0xaa, 0x98, 0x9a, 0xbd, 0xcc, 0xca, 0xbd, 
	0xdc, 0xbb, 0xcc, 0xdc, 0xb9, 0x99, 0x9a, 0xbb, 
	0xbb, 0xcc, 0xbb, 0xbb, 0xba, 0x98, 0x88, 0x88, 
	0x88, 0x78, 0x88, 0x99, 0xaa, 0xa9, 0xab, 0xcc, 
	0xcc, 0xba, 0x98, 0x89, 0xab, 0xcc, 0xbb, 0xca, 
	0x9c, 0xcb, 0xbb, 0xcb, 0x98, 0x89, 0xab, 0xcc, 
	0xcc, 0xbb, 0xa9, 0xaa, 0xa9, 0x98, 0x87, 0x88, 
	0x99, 0x76, 0x88, 0x99, 0x99, 0x87, 0x77, 0x9b, 
	0xcc, 0xa9, 0x87, 0x66, 0x78, 0x99, 0x9a, 0x99, 
	0x99, 0xaa, 0x99, 0x97, 0x66, 0x67, 0x9a, 0xcd, 
	0xca, 0x87, 0x78, 0x99, 0x99, 0x88, 0x76, 0x89, 
	0x98, 0x66, 0x68, 0x89, 0x99, 0x87, 0x76, 0x67, 
	0x89, 0x88, 0x75, 0x54, 0x44, 0x55, 0x54, 0x55, 
	0x55, 0x45, 0x55, 0x44, 0x44, 0x56, 0x78, 0x99, 
	0x87, 0x66, 0x78, 0x99, 0x99, 0x87, 0x66, 0x79, 
	0x98, 0x65, 0x69, 0xbb, 0xba, 0x98, 0x76, 0x66, 
	0x78, 0x77, 0x65, 0x55, 0x33, 0x45, 0x43, 0x33, 
	0x33, 0x34, 0x55, 0x44, 0x55, 0x56, 0x77, 0x88, 
	0x66, 0x66, 0x78, 0xaa, 0xbb, 0xa8, 0x66, 0x69, 
	0x86, 0x45, 0x7b, 0xcc, 0xcb, 0x98, 0x66, 0x67, 
	0x9b, 0xa8, 0x76, 0x68, 0x66, 0x78, 0x64, 0x44, 
	0x44, 0x46, 0x88, 0x66, 0x87, 0x67, 0x79, 0xca, 
	0x86, 0x66, 0x79, 0xab, 0xcc, 0xb9, 0x64, 0x56, 
	0x54, 0x45, 0x8b, 0xcc, 0xcc, 0xa9, 0x76, 0x66, 
	0x8b, 0xca, 0xa8, 0x69, 0x86, 0x7a, 0x97, 0x67, 
	0x76, 0x68, 0xa8, 0x68, 0xa8, 0x7a, 0xaa, 0xc9, 
	0x76, 0x67, 0x8a, 0xbc, 0xcc, 0xca, 0x64, 0x34, 
	0x33, 0x47, 0xab, 0xbc, 0xcb, 0xa9, 0x99, 0x76, 
	0x68, 0xaa, 0xdb, 0x7a, 0xa6, 0x7b, 0xa7, 0x68, 
	0x96, 0x69, 0xb8, 0x68, 0xa7, 0x9c, 0xba, 0x98, 
	0x67, 0x89, 0x9a, 0xbc, 0xcc, 0xbb, 0x95, 0x33, 
	0x23, 0x79, 0xbb, 0xbb, 0xaa, 0xa9, 0xaa, 0x98, 
	0x77, 0x99, 0xa9, 0x7a, 0xc6, 0x8c, 0xc9, 0x59, 
	0xb7, 0x6a, 0xca, 0x5a, 0xc8, 0x8a, 0x99, 0x87, 
	0x78, 0xaa, 0x99, 0x9a, 0xbb, 0xbb, 0xa8, 0x52, 
	0x35, 0x8b, 0xba, 0x99, 0x99, 0x87, 0x8a, 0xa9, 
	0x87, 0x89, 0x76, 0x69, 0xc7, 0x7c, 0xda, 0x5a, 
	0xc7, 0x7a, 0xda, 0x5a, 0xb7, 0x67, 0x98, 0x77, 
	0x9a, 0xa9, 0x88, 0x89, 0x9a, 0xab, 0xba, 0x74, 
	0x48, 0xab, 0xaa, 0x99, 0x88, 0x77, 0x67, 0xab, 
	0x97, 0x78, 0x96, 0x66, 0x75, 0x48, 0x97, 0x35, 
	0x73, 0x68, 0x96, 0x47, 0x76, 0x68, 0x97, 0x89, 
	0xaa, 0x86, 0x67, 0x88, 0x89, 0x9a, 0xbb, 0xa6, 
	0x7a, 0xbb, 0xa9, 0x99, 0x99, 0x99, 0x86, 0x8a, 
	0xa9, 0x77, 0x98, 0x66, 0x55, 0x55, 0x64, 0x21, 
	0x11, 0x45, 0x65, 0x55, 0x66, 0x79, 0x87, 0x8a, 
	0xa8, 0x67, 0x9a, 0x99, 0x99, 0x99, 0xab, 0xa9, 
	0x9a, 0xaa, 0x88, 0x77, 0x78, 0xaa, 0xa8, 0x67, 
	0xaa, 0x75, 0x88, 0x66, 0x77, 0x76, 0x67, 0x41, 
	0x12, 0x66, 0x66, 0x77, 0x76, 0x78, 0x55, 0x8a, 
	0x96, 0x79, 0xba, 0x98, 0x77, 0x78, 0x9a, 0xa9, 
	0x9a, 0x98, 0x86, 0x55, 0x66, 0x68, 0xba, 0x87, 
	0x8a, 0x95, 0x59, 0xa9, 0x78, 0x66, 0x86, 0x53, 
	0x34, 0x67, 0x75, 0x78, 0x7b, 0x97, 0x57, 0xa8, 
	0x78, 0x9b, 0x97, 0x66, 0x55, 0x67, 0x89, 0x99, 
	0x99, 0x88, 0x76, 0x78, 0x9a, 0x97, 0x8a, 0xb8, 
	0x68, 0x97, 0x48, 0xb7, 0x59, 0xa5, 0xa7, 0x57, 
	0x75, 0x5a, 0x77, 0xa6, 0x5a, 0xa5, 0x69, 0x96, 
	0x7a, 0xb9, 0x78, 0xaa, 0x87, 0x67, 0x78, 0x88, 
	0x98, 0x77, 0x76, 0x78, 0x9a, 0xbb, 0x98, 0xba, 
	0x77, 0x9a, 0x64, 0x75, 0x48, 0x64, 0xb9, 0x8b, 
	0xab, 0x7c, 0x94, 0x96, 0x46, 0x64, 0x8b, 0x86, 
	0x8b, 0x98, 0xab, 0xaa, 0x87, 0x76, 0x77, 0x88, 
	0x98, 0x76, 0x67, 0x77, 0x77, 0x9c, 0xa9, 0x8a, 
	0x96, 0x8b, 0x95, 0x43, 0x34, 0x22, 0x54, 0x68, 
	0x87, 0x46, 0x31, 0x34, 0x33, 0x47, 0xaa, 0x78, 
	0xa9, 0x7a, 0xcb, 0x76, 0x88, 0x66, 0x67, 0x89, 
	0xb9, 0x86, 0x67, 0x88, 0x75, 0x48, 0xba, 0x79, 
	0xa7, 0x7b, 0xa8, 0x53, 0x22, 0x12, 0x22, 0x6a, 
	0xa8, 0x32, 0x21, 0x22, 0x34, 0x69, 0xb9, 0x69, 
	0xa8, 0xab, 0xa5, 0x46, 0x88, 0x76, 0x67, 0x9a, 
	0xba, 0x76, 0x78, 0x88, 0x86, 0x44, 0x9b, 0x97, 
	0xa8, 0x7a, 0xb9, 0x98, 0x66, 0x45, 0x66, 0x8a, 
	0xba, 0x76, 0x65, 0x55, 0x78, 0x9a, 0xb8, 0x7a, 
	0x88, 0xab, 0x64, 0x57, 0x88, 0x97, 0x66, 0x9a, 
	0xaa, 0x76, 0x88, 0x89, 0x88, 0x54, 0x5b, 0xa7, 
	0x8a, 0x8a, 0xba, 0x99, 0x99, 0x9a, 0xa9, 0x99, 
	0x99, 0x9a, 0xbb, 0xa8, 0x99, 0xaa, 0xb9, 0x8a, 
	0x79, 0xa8, 0x44, 0x78, 0x99, 0x98, 0x76, 0xaa, 
	0xaa, 0x77, 0x87, 0x55, 0x98, 0x74, 0x47, 0x97, 
	0x79, 0x8a, 0xbb, 0xa9, 0x89, 0xab, 0xbb, 0xa9, 
	0x9a, 0xbb, 0xbb, 0xa9, 0x99, 0xab, 0xb8, 0x98, 
	0x68, 0x85, 0x46, 0x89, 0x75, 0x68, 0x76, 0xaa, 
	0xaa, 0x77, 0x76, 0x54, 0x59, 0x86, 0x45, 0x88, 
	0x69, 0x89, 0xcc, 0xa9, 0x88, 0xab, 0xcc, 0xba, 
	0x9a, 0xbc, 0xcb, 0x98, 0x99, 0xbc, 0xa8, 0x97, 
	0x68, 0x64, 0x58, 0x97, 0x45, 0x67, 0x76, 0x9a, 
	0xa8, 0x56, 0x66, 0x54, 0x37, 0x97, 0x54, 0x77, 
	0x58, 0x99, 0xcc, 0xa9, 0x87, 0x9b, 0xcc, 0xba, 
	0xab, 0xcc, 0xba, 0x77, 0x99, 0xbc, 0xa8, 0x85, 
	0x67, 0x54, 0x69, 0x94, 0x34, 0x56, 0x65, 0x6a, 
	0x75, 0x45, 0x66, 0x43, 0x34, 0x98, 0x64, 0x67, 
	0x57, 0x88, 0xbb, 0xa9, 0x87, 0x7a, 0xbb, 0xbb, 
	0xab, 0xbb, 0xa7, 0x67, 0x99, 0xbb, 0x97, 0x75, 
	0x67, 0x55, 0x7a, 0x74, 0x33, 0x56, 0x64, 0x46, 
	0x54, 0x45, 0x66, 0x33, 0x35, 0x89, 0x75, 0x67, 
	0x56, 0x66, 0x9b, 0xa9, 0x87, 0x77, 0xab, 0xba, 
	0xab, 0xbb, 0x87, 0x78, 0x9a, 0xbb, 0x76, 0x65, 
	0x67, 0x56, 0x89, 0x64, 0x33, 0x56, 0x64, 0x44, 
	0x44, 0x46, 0x75, 0x33, 0x35, 0x7a, 0x75, 0x77, 
	0x56, 0x65, 0x58, 0xaa, 0x89, 0x98, 0x9b, 0xa9, 
	0x9a, 0xba, 0x88, 0x99, 0x9a, 0x97, 0x56, 0x65, 
	0x67, 0x56, 0x88, 0x64, 0x33, 0x46, 0x65, 0x44, 
	0x44, 0x57, 0x74, 0x33, 0x45, 0x79, 0x85, 0x66, 
	0x57, 0x75, 0x46, 0x99, 0x9a, 0x99, 0x8a, 0x98, 
	0x79, 0x99, 0x89, 0xa9, 0x99, 0x74, 0x46, 0x86, 
	0x57, 0x66, 0x88, 0x64, 0x33, 0x36, 0x85, 0x44, 
	0x45, 0x78, 0x54, 0x44, 0x46, 0x88, 0x76, 0x65, 
	0x59, 0x95, 0x45, 0x89, 0xaa, 0xa9, 0x89, 0x87, 
	0x67, 0x98, 0x8a, 0xa9, 0x99, 0x74, 0x47, 0xa8, 
	0x56, 0x66, 0x88, 0x75, 0x43, 0x33, 0x79, 0x64, 
	0x57, 0xa6, 0x44, 0x44, 0x68, 0x77, 0x65, 0x55, 
	0x8b, 0x95, 0x57, 0x99, 0x9a, 0xa9, 0x89, 0x66, 
	0x66, 0x88, 0x8a, 0xaa, 0x99, 0x86, 0x58, 0xba, 
	0x54, 0x56, 0x77, 0x88, 0x54, 0x33, 0x48, 0x96, 
	0x7a, 0x74, 0x44, 0x44, 0x78, 0x76, 0x65, 0x56, 
	0x9b, 0x85, 0x69, 0x99, 0x9a, 0xa9, 0x88, 0x77, 
	0x77, 0x78, 0x9a, 0xa9, 0x99, 0x98, 0x57, 0xbb, 
	0x74, 0x55, 0x67, 0x78, 0x54, 0x44, 0x45, 0xa8, 
	0xa9, 0x44, 0x44, 0x45, 0x76, 0x66, 0x56, 0x67, 
	0x89, 0x86, 0x89, 0x99, 0x99, 0xaa, 0x87, 0x77, 
	0x77, 0x78, 0x9a, 0xa9, 0x99, 0x98, 0x77, 0x99, 
	0x76, 0x65, 0x66, 0x66, 0x64, 0x44, 0x44, 0x69, 
	0xa6, 0x44, 0x44, 0x45, 0x66, 0x66, 0x66, 0x77, 
	0x88, 0x77, 0x89, 0x99, 0x99, 0xaa, 0x87, 0x77, 
	0x77, 0x78, 0x99, 0xa9, 0x99, 0x99, 0x87, 0x88, 
	0x77, 0x76, 0x66, 0x66, 0x65, 0x44, 0x44, 0x49, 
	
};

Gfx castle_grounds_dl_Art4875_i4_aligner[] = {gsSPEndDisplayList()};
u8 castle_grounds_dl_Art4875_i4[] = {
	0x65, 0x55, 0x78, 0x88, 0x86, 0x66, 0x56, 0x66, 
	0x66, 0x56, 0x55, 0x55, 0x55, 0x55, 0x68, 0x88, 
	0x88, 0x85, 0x55, 0x55, 0x67, 0x66, 0x67, 0x66, 
	0x76, 0x77, 0x67, 0x77, 0x77, 0x77, 0x66, 0x76, 
	0x55, 0x56, 0x88, 0x99, 0x86, 0x55, 0x55, 0x65, 
	0x65, 0x55, 0x55, 0x65, 0x55, 0x55, 0x56, 0x78, 
	0x88, 0x88, 0x55, 0x55, 0x66, 0x77, 0x77, 0x86, 
	0x77, 0x76, 0x66, 0x66, 0x77, 0x77, 0x67, 0x66, 
	0x55, 0x68, 0x89, 0x98, 0x85, 0x55, 0x65, 0x56, 
	0x76, 0x55, 0x56, 0x75, 0x67, 0x55, 0x55, 0x56, 
	0x88, 0x88, 0x86, 0x55, 0x57, 0x67, 0x77, 0x77, 
	0x77, 0x67, 0x76, 0x66, 0x66, 0x77, 0x66, 0x64, 
	0x56, 0x88, 0x89, 0x86, 0x55, 0x57, 0x77, 0x77, 
	0x77, 0x77, 0x77, 0x77, 0x67, 0x75, 0x55, 0x55, 
	0x68, 0x88, 0x87, 0x55, 0x56, 0x66, 0x76, 0x76, 
	0x76, 0x77, 0x76, 0x67, 0x67, 0x76, 0x75, 0x55, 
	0x88, 0x88, 0x98, 0x86, 0x56, 0x67, 0x78, 0x77, 
	0x77, 0x77, 0x77, 0x77, 0x67, 0x66, 0x55, 0x55, 
	0x56, 0x88, 0x88, 0x85, 0x55, 0x56, 0x76, 0x66, 
	0x76, 0x76, 0x67, 0x66, 0x77, 0x66, 0x65, 0x55, 
	0x89, 0x89, 0x86, 0x65, 0x67, 0x67, 0x77, 0x77, 
	0x77, 0x77, 0x77, 0x77, 0x77, 0x77, 0x76, 0x65, 
	0x55, 0x68, 0x88, 0x88, 0x55, 0x55, 0x66, 0x67, 
	0x66, 0x66, 0x66, 0x66, 0x67, 0x65, 0x55, 0x55, 
	0x89, 0x98, 0x66, 0x55, 0x68, 0x77, 0x77, 0x78, 
	0x77, 0x77, 0x77, 0x77, 0x77, 0x67, 0x76, 0x75, 
	0x55, 0x66, 0x88, 0x88, 0x85, 0x55, 0x56, 0x56, 
	0x66, 0x55, 0x65, 0x55, 0x55, 0x65, 0x55, 0x67, 
	0x99, 0x87, 0x55, 0x55, 0x77, 0x77, 0x77, 0x77, 
	0x77, 0x77, 0x77, 0x77, 0x77, 0x77, 0x76, 0x66, 
	0x55, 0x55, 0x88, 0x88, 0x88, 0x55, 0x55, 0x55, 
	0x55, 0x55, 0x55, 0x55, 0x55, 0x55, 0x56, 0x88, 
	0x98, 0x85, 0x55, 0x57, 0x78, 0x77, 0x77, 0x78, 
	0x77, 0x77, 0x77, 0x77, 0x76, 0x66, 0x77, 0x76, 
	0x75, 0x55, 0x67, 0x88, 0x88, 0x85, 0x55, 0x55, 
	0x55, 0x66, 0x56, 0x65, 0x55, 0x56, 0x78, 0x88, 
	0x86, 0x55, 0x57, 0x77, 0x67, 0x77, 0x88, 0x87, 
	0x77, 0x77, 0x77, 0x77, 0x77, 0x66, 0x76, 0x77, 
	0x75, 0x55, 0x56, 0x88, 0x88, 0x88, 0x88, 0x88, 
	0x88, 0x88, 0x88, 0x76, 0x55, 0x67, 0x88, 0x88, 
	0x85, 0x55, 0x77, 0x77, 0x77, 0x77, 0x77, 0x77, 
	0x77, 0x67, 0x77, 0x77, 0x77, 0x67, 0x76, 0x77, 
	0x77, 0x55, 0x55, 0x66, 0x88, 0x88, 0x88, 0x88, 
	0x88, 0x88, 0x88, 0x65, 0x55, 0x68, 0x88, 0x87, 
	0x65, 0x67, 0x77, 0x77, 0x77, 0x77, 0x77, 0x77, 
	0x77, 0x77, 0x77, 0x77, 0x76, 0x77, 0x67, 0x77, 
	0x77, 0x76, 0x55, 0x55, 0x78, 0x88, 0x88, 0x88, 
	0x88, 0x88, 0x88, 0x65, 0x55, 0x78, 0x88, 0x66, 
	0x55, 0x77, 0x77, 0x77, 0x77, 0x77, 0x77, 0x77, 
	0x77, 0x78, 0x77, 0x77, 0x77, 0x66, 0x77, 0x76, 
	0x77, 0x66, 0x55, 0x55, 0x58, 0x88, 0x88, 0x88, 
	0x88, 0x88, 0x76, 0x55, 0x56, 0x88, 0x88, 0x65, 
	0x55, 0x77, 0x88, 0x87, 0x78, 0x77, 0x77, 0x77, 
	0x77, 0x77, 0x77, 0x77, 0x77, 0x66, 0x66, 0x77, 
	0x67, 0x77, 0x76, 0x55, 0x68, 0x88, 0x88, 0x88, 
	0x88, 0x86, 0x55, 0x55, 0x68, 0x88, 0x86, 0x55, 
	0x55, 0x78, 0x77, 0x77, 0x77, 0x77, 0x78, 0x77, 
	0x77, 0x77, 0x67, 0x77, 0x77, 0x67, 0x76, 0x76, 
	0x77, 0x77, 0x76, 0x55, 0x68, 0x88, 0x88, 0x88, 
	0x88, 0x85, 0x55, 0x56, 0x88, 0x88, 0x75, 0x55, 
	0x55, 0x77, 0x77, 0x77, 0x77, 0x77, 0x77, 0x77, 
	0x77, 0x77, 0x77, 0x77, 0x77, 0x77, 0x76, 0x77, 
	0x67, 0x67, 0x65, 0x55, 0x68, 0x88, 0x88, 0x88, 
	0x88, 0x65, 0x55, 0x78, 0x88, 0x86, 0x65, 0x67, 
	0x56, 0x77, 0x77, 0x78, 0x77, 0x87, 0x77, 0x77, 
	0x77, 0x77, 0x77, 0x77, 0x76, 0x77, 0x76, 0x67, 
	0x77, 0x77, 0x65, 0x55, 0x58, 0x88, 0x88, 0x88, 
	0x86, 0x55, 0x56, 0x78, 0x88, 0x66, 0x56, 0x87, 
	0x56, 0x77, 0x77, 0x78, 0x87, 0x77, 0x77, 0x77, 
	0x77, 0x76, 0x77, 0x77, 0x67, 0x66, 0x66, 0x67, 
	0x77, 0x67, 0x76, 0x55, 0x68, 0x88, 0x88, 0x87, 
	0x65, 0x55, 0x78, 0x88, 0x86, 0x55, 0x67, 0x87, 
	0x56, 0x77, 0x77, 0x77, 0x77, 0x77, 0x87, 0x77, 
	0x76, 0x77, 0x77, 0x77, 0x76, 0x67, 0x67, 0x77, 
	0x77, 0x77, 0x75, 0x55, 0x58, 0x88, 0x88, 0x66, 
	0x65, 0x67, 0x88, 0x86, 0x65, 0x55, 0x88, 0x86, 
	0x56, 0x87, 0x77, 0x87, 0x77, 0x78, 0x77, 0x77, 
	0x77, 0x77, 0x77, 0x77, 0x76, 0x66, 0x67, 0x77, 
	0x76, 0x77, 0x75, 0x55, 0x78, 0x88, 0x86, 0x55, 
	0x56, 0x88, 0x88, 0x66, 0x55, 0x68, 0x88, 0x87, 
	0x56, 0x77, 0x77, 0x77, 0x77, 0x77, 0x77, 0x77, 
	0x77, 0x77, 0x77, 0x77, 0x76, 0x77, 0x67, 0x76, 
	0x77, 0x67, 0x66, 0x55, 0x78, 0x88, 0x65, 0x55, 
	0x78, 0x88, 0x87, 0x65, 0x56, 0x88, 0x88, 0x87, 
	0x56, 0x77, 0x77, 0x77, 0x77, 0x77, 0x77, 0x77, 
	0x77, 0x77, 0x77, 0x77, 0x76, 0x66, 0x77, 0x66, 
	0x76, 0x67, 0x75, 0x55, 0x78, 0x86, 0x65, 0x56, 
	0x78, 0x88, 0x66, 0x55, 0x68, 0x88, 0x88, 0x87, 
	0x55, 0x77, 0x77, 0x77, 0x77, 0x77, 0x77, 0x77, 
	0x77, 0x77, 0x77, 0x67, 0x77, 0x67, 0x77, 0x76, 
	0x76, 0x77, 0x76, 0x55, 0x87, 0x65, 0x55, 0x68, 
	0x88, 0x86, 0x65, 0x56, 0x88, 0x88, 0x88, 0x87, 
	0x55, 0x77, 0x77, 0x77, 0x77, 0x77, 0x78, 0x77, 
	0x77, 0x77, 0x77, 0x77, 0x77, 0x66, 0x77, 0x66, 
	0x76, 0x77, 0x76, 0x56, 0x66, 0x55, 0x56, 0x88, 
	0x88, 0x86, 0x55, 0x78, 0x88, 0x88, 0x88, 0x87, 
	0x55, 0x77, 0x77, 0x77, 0x77, 0x88, 0x77, 0x78, 
	0x77, 0x77, 0x77, 0x77, 0x67, 0x77, 0x77, 0x66, 
	0x67, 0x76, 0x66, 0x56, 0x65, 0x56, 0x78, 0x88, 
	0x88, 0x65, 0x56, 0x88, 0x88, 0x88, 0x88, 0x87, 
	0x55, 0x77, 0x77, 0x77, 0x77, 0x77, 0x77, 0x77, 
	0x77, 0x77, 0x77, 0x77, 0x77, 0x77, 0x77, 0x77, 
	0x67, 0x66, 0x76, 0x56, 0x55, 0x68, 0x88, 0x88, 
	0x76, 0x56, 0x68, 0x88, 0x88, 0x88, 0x88, 0x87, 
	0x55, 0x77, 0x77, 0x77, 0x77, 0x77, 0x77, 0x77, 
	0x77, 0x77, 0x77, 0x77, 0x77, 0x76, 0x77, 0x77, 
	0x76, 0x76, 0x65, 0x55, 0x56, 0x88, 0x88, 0x88, 
	0x65, 0x56, 0x88, 0x88, 0x88, 0x88, 0x88, 0x87, 
	0x55, 0x67, 0x77, 0x77, 0x77, 0x77, 0x77, 0x77, 
	0x77, 0x77, 0x77, 0x77, 0x77, 0x77, 0x76, 0x77, 
	0x67, 0x76, 0x75, 0x55, 0x78, 0x88, 0x88, 0x87, 
	0x55, 0x57, 0x88, 0x88, 0x88, 0x88, 0x88, 0x87, 
	0x55, 0x56, 0x67, 0x77, 0x77, 0x77, 0x77, 0x77, 
	0x77, 0x77, 0x77, 0x77, 0x77, 0x66, 0x67, 0x77, 
	0x77, 0x76, 0x55, 0x57, 0x88, 0x88, 0x88, 0x65, 
	0x55, 0x68, 0x88, 0x88, 0x88, 0x88, 0x88, 0x87, 
	0x55, 0x55, 0x67, 0x77, 0x77, 0x77, 0x76, 0x78, 
	0x77, 0x77, 0x77, 0x77, 0x77, 0x76, 0x67, 0x67, 
	0x77, 0x66, 0x55, 0x57, 0x88, 0x88, 0x86, 0x55, 
	0x67, 0x88, 0x88, 0x88, 0x88, 0x88, 0x88, 0x87, 
	0x76, 0x55, 0x66, 0x77, 0x77, 0x77, 0x77, 0x77, 
	0x77, 0x77, 0x77, 0x77, 0x77, 0x76, 0x67, 0x77, 
	0x66, 0x65, 0x55, 0x78, 0x88, 0x88, 0x76, 0x55, 
	0x78, 0x88, 0x88, 0x88, 0x88, 0x88, 0x88, 0x87, 
	0x88, 0x56, 0x56, 0x67, 0x77, 0x77, 0x77, 0x77, 
	0x77, 0x77, 0x77, 0x77, 0x76, 0x76, 0x66, 0x66, 
	0x55, 0x55, 0x57, 0x88, 0x88, 0x87, 0x65, 0x56, 
	0x76, 0x66, 0x65, 0x66, 0x66, 0x66, 0x66, 0x87, 
	0x88, 0x86, 0x55, 0x56, 0x77, 0x77, 0x77, 0x77, 
	0x77, 0x77, 0x77, 0x66, 0x76, 0x66, 0x76, 0x66, 
	0x65, 0x55, 0x78, 0x88, 0x88, 0x65, 0x55, 0x56, 
	0x65, 0x55, 0x55, 0x55, 0x55, 0x55, 0x55, 0x68, 
	0x88, 0x87, 0x55, 0x55, 0x77, 0x77, 0x77, 0x77, 
	0x77, 0x77, 0x77, 0x66, 0x77, 0x77, 0x77, 0x66, 
	0x55, 0x57, 0x88, 0x88, 0x66, 0x55, 0x55, 0x55, 
	0x55, 0x55, 0x55, 0x55, 0x55, 0x55, 0x55, 0x67, 
	0x88, 0x88, 0x76, 0x55, 0x66, 0x77, 0x77, 0x77, 
	0x77, 0x67, 0x76, 0x77, 0x76, 0x76, 0x76, 0x55, 
	0x56, 0x78, 0x88, 0x87, 0x55, 0x55, 0x76, 0x66, 
	0x67, 0x77, 0x76, 0x76, 0x77, 0x76, 0x55, 0x56, 
	0x88, 0x88, 0x87, 0x55, 0x56, 0x67, 0x76, 0x77, 
	0x77, 0x77, 0x77, 0x77, 0x76, 0x66, 0x65, 0x55, 
	0x68, 0x88, 0x88, 0x85, 0x55, 0x66, 0x77, 0x77, 
	0x77, 0x76, 0x67, 0x77, 0x66, 0x77, 0x55, 0x55, 
	0x68, 0x88, 0x88, 0x65, 0x55, 0x67, 0x77, 0x67, 
	0x77, 0x77, 0x76, 0x67, 0x66, 0x66, 0x65, 0x56, 
	0x78, 0x88, 0x87, 0x66, 0x55, 0x67, 0x76, 0x77, 
	0x76, 0x67, 0x66, 0x77, 0x77, 0x66, 0x65, 0x54, 
	0x58, 0x88, 0x88, 0x86, 0x55, 0x55, 0x65, 0x66, 
	0x65, 0x66, 0x67, 0x66, 0x66, 0x65, 0x55, 0x68, 
	0x88, 0x88, 0x75, 0x55, 0x56, 0x66, 0x66, 0x77, 
	0x77, 0x67, 0x76, 0x66, 0x66, 0x67, 0x76, 0x54, 
	0x56, 0x78, 0x88, 0x88, 0x65, 0x55, 0x55, 0x56, 
	0x55, 0x55, 0x56, 0x55, 0x55, 0x55, 0x56, 0x88, 
	0x88, 0x87, 0x65, 0x55, 0x67, 0x77, 0x76, 0x67, 
	0x77, 0x76, 0x66, 0x77, 0x67, 0x66, 0x77, 0x65, 
	0x55, 0x66, 0x88, 0x88, 0x87, 0x65, 0x55, 0x55, 
	0x55, 0x55, 0x56, 0x55, 0x55, 0x55, 0x68, 0x88, 
	0x88, 0x66, 0x65, 0x66, 0x66, 0x77, 0x77, 0x67, 
	0x77, 0x76, 0x66, 0x66, 0x66, 0x76, 0x76, 0x66, 
	0x75, 0x55, 0x88, 0x88, 0x88, 0x87, 0x65, 0x56, 
	0x88, 0x88, 0x88, 0x88, 0x88, 0x88, 0x88, 0x88, 
	0x86, 0x56, 0x55, 0x76, 0x76, 0x67, 0x77, 0x77, 
	0x76, 0x66, 0x76, 0x76, 0x66, 0x76, 0x66, 0x66, 
	0x77, 0x55, 0x68, 0x88, 0x88, 0x88, 0x75, 0x55, 
	0x88, 0x88, 0x88, 0x88, 0x88, 0x88, 0x88, 0x88, 
	0x76, 0x55, 0x57, 0x76, 0x76, 0x67, 0x67, 0x77, 
	0x76, 0x77, 0x67, 0x76, 0x67, 0x66, 0x66, 0x66, 
	0x76, 0x55, 0x56, 0x88, 0x88, 0x88, 0x86, 0x55, 
	0x68, 0x88, 0x88, 0x88, 0x88, 0x88, 0x88, 0x86, 
	0x65, 0x57, 0x67, 0x67, 0x77, 0x67, 0x67, 0x77, 
	0x77, 0x77, 0x66, 0x77, 0x77, 0x77, 0x67, 0x76, 
	0x77, 0x65, 0x55, 0x67, 0x88, 0x88, 0x88, 0x55, 
	0x66, 0x88, 0x88, 0x88, 0x88, 0x88, 0x88, 0x85, 
	0x55, 0x76, 0x76, 0x66, 0x76, 0x77, 0x77, 0x67, 
	0x67, 0x67, 0x66, 0x66, 0x66, 0x66, 0x77, 0x76, 
	0x77, 0x77, 0x75, 0x57, 0x77, 0x88, 0x88, 0x85, 
	0x56, 0x66, 0x88, 0x88, 0x88, 0x88, 0x88, 0x85, 
	0x46, 0x77, 0x76, 0x67, 0x77, 0x66, 0x66, 0x66, 
	0x67, 0x76, 0x76, 0x77, 0x77, 0x66, 0x76, 0x76, 
	0x77, 0x77, 0x76, 0x55, 0x66, 0x68, 0x88, 0x88, 
	0x75, 0x55, 0x68, 0x88, 0x88, 0x88, 0x88, 0x85, 
	0x55, 0x77, 0x77, 0x77, 0x76, 0x67, 0x76, 0x77, 
	0x76, 0x76, 0x67, 0x66, 0x76, 0x77, 0x66, 0x66, 
	0x77, 0x77, 0x76, 0x55, 0x55, 0x67, 0x88, 0x88, 
	0x86, 0x55, 0x56, 0x88, 0x88, 0x88, 0x88, 0x86, 
	0x55, 0x67, 0x67, 0x66, 0x76, 0x66, 0x67, 0x77, 
	0x77, 0x66, 0x66, 0x76, 0x66, 0x77, 0x67, 0x76, 
	0x77, 0x77, 0x75, 0x55, 0x65, 0x56, 0x88, 0x88, 
	0x88, 0x65, 0x55, 0x68, 0x88, 0x88, 0x88, 0x86, 
	0x55, 0x66, 0x76, 0x77, 0x77, 0x66, 0x76, 0x66, 
	0x66, 0x66, 0x66, 0x66, 0x67, 0x77, 0x77, 0x66, 
	0x77, 0x77, 0x75, 0x55, 0x76, 0x56, 0x66, 0x88, 
	0x88, 0x86, 0x65, 0x57, 0x88, 0x88, 0x88, 0x87, 
	0x55, 0x77, 0x76, 0x67, 0x77, 0x77, 0x66, 0x67, 
	0x77, 0x66, 0x77, 0x76, 0x76, 0x66, 0x67, 0x66, 
	0x77, 0x77, 0x66, 0x55, 0x67, 0x65, 0x55, 0x78, 
	0x88, 0x88, 0x66, 0x55, 0x68, 0x88, 0x88, 0x87, 
	0x55, 0x76, 0x66, 0x77, 0x77, 0x66, 0x77, 0x77, 
	0x77, 0x67, 0x67, 0x77, 0x77, 0x77, 0x77, 0x76, 
	0x77, 0x67, 0x66, 0x55, 0x78, 0x86, 0x55, 0x78, 
	0x88, 0x88, 0x86, 0x55, 0x56, 0x88, 0x88, 0x86, 
	0x55, 0x66, 0x67, 0x76, 0x77, 0x76, 0x67, 0x76, 
	0x76, 0x76, 0x77, 0x67, 0x77, 0x66, 0x76, 0x66, 
	0x77, 0x77, 0x76, 0x55, 0x78, 0x88, 0x75, 0x56, 
	0x78, 0x88, 0x88, 0x66, 0x56, 0x78, 0x88, 0x86, 
	0x55, 0x67, 0x67, 0x77, 0x67, 0x76, 0x77, 0x76, 
	0x77, 0x66, 0x76, 0x66, 0x76, 0x66, 0x76, 0x66, 
	0x76, 0x66, 0x66, 0x55, 0x78, 0x88, 0x86, 0x65, 
	0x67, 0x68, 0x88, 0x87, 0x55, 0x67, 0x88, 0x87, 
	0x55, 0x77, 0x67, 0x67, 0x77, 0x76, 0x67, 0x67, 
	0x77, 0x67, 0x77, 0x77, 0x67, 0x77, 0x76, 0x76, 
	0x76, 0x67, 0x66, 0x55, 0x88, 0x88, 0x88, 0x66, 
	0x55, 0x68, 0x88, 0x87, 0x65, 0x56, 0x78, 0x87, 
	0x55, 0x76, 0x76, 0x77, 0x77, 0x66, 0x77, 0x76, 
	0x66, 0x76, 0x67, 0x77, 0x76, 0x77, 0x66, 0x76, 
	0x76, 0x76, 0x76, 0x56, 0x88, 0x88, 0x88, 0x88, 
	0x55, 0x66, 0x68, 0x88, 0x86, 0x55, 0x56, 0x87, 
	0x55, 0x67, 0x66, 0x67, 0x66, 0x66, 0x76, 0x67, 
	0x77, 0x66, 0x77, 0x77, 0x76, 0x77, 0x76, 0x66, 
	0x67, 0x77, 0x65, 0x55, 0x88, 0x88, 0x88, 0x87, 
	0x85, 0x55, 0x66, 0x88, 0x88, 0x65, 0x55, 0x66, 
	0x55, 0x77, 0x67, 0x77, 0x77, 0x76, 0x77, 0x77, 
	0x66, 0x77, 0x76, 0x76, 0x76, 0x76, 0x66, 0x76, 
	0x77, 0x78, 0x66, 0x55, 0x88, 0x88, 0x88, 0x88, 
	0x88, 0x55, 0x55, 0x78, 0x88, 0x86, 0x55, 0x55, 
	0x56, 0x77, 0x77, 0x66, 0x67, 0x76, 0x67, 0x76, 
	0x66, 0x66, 0x77, 0x67, 0x66, 0x66, 0x76, 0x66, 
	0x76, 0x76, 0x76, 0x55, 0x88, 0x88, 0x88, 0x88, 
	0x88, 0x85, 0x55, 0x67, 0x88, 0x88, 0x75, 0x55, 
	0x55, 0x76, 0x66, 0x76, 0x67, 0x76, 0x67, 0x67, 
	0x77, 0x76, 0x67, 0x77, 0x77, 0x67, 0x76, 0x76, 
	0x77, 0x67, 0x66, 0x55, 0x78, 0x88, 0x88, 0x88, 
	0x88, 0x88, 0x55, 0x56, 0x88, 0x88, 0x87, 0x65, 
	0x55, 0x67, 0x77, 0x76, 0x77, 0x76, 0x76, 0x67, 
	0x67, 0x67, 0x76, 0x77, 0x67, 0x67, 0x77, 0x66, 
	0x67, 0x76, 0x65, 0x55, 0x88, 0x88, 0x88, 0x88, 
	0x88, 0x87, 0x87, 0x55, 0x67, 0x88, 0x88, 0x75, 
	0x55, 0x57, 0x77, 0x66, 0x67, 0x66, 0x67, 0x66, 
	0x66, 0x76, 0x77, 0x77, 0x76, 0x67, 0x77, 0x76, 
	0x77, 0x66, 0x55, 0x55, 0x88, 0x88, 0x88, 0x88, 
	0x88, 0x88, 0x88, 0x55, 0x56, 0x78, 0x88, 0x87, 
	0x55, 0x56, 0x76, 0x77, 0x77, 0x77, 0x76, 0x66, 
	0x66, 0x77, 0x76, 0x67, 0x67, 0x67, 0x76, 0x66, 
	0x76, 0x65, 0x55, 0x56, 0x88, 0x88, 0x88, 0x88, 
	0x88, 0x88, 0x88, 0x85, 0x55, 0x67, 0x88, 0x88, 
	0x75, 0x56, 0x67, 0x66, 0x77, 0x66, 0x77, 0x77, 
	0x67, 0x77, 0x76, 0x76, 0x67, 0x76, 0x67, 0x76, 
	0x66, 0x55, 0x56, 0x78, 0x88, 0x88, 0x88, 0x88, 
	0x88, 0x88, 0x87, 0x66, 0x54, 0x55, 0x68, 0x88, 
	0x76, 0x55, 0x66, 0x66, 0x76, 0x67, 0x76, 0x76, 
	0x67, 0x77, 0x76, 0x67, 0x77, 0x67, 0x77, 0x76, 
	0x65, 0x55, 0x67, 0x78, 0x86, 0x66, 0x67, 0x66, 
	0x66, 0x66, 0x66, 0x66, 0x65, 0x56, 0x68, 0x88, 
	0x87, 0x65, 0x55, 0x66, 0x66, 0x66, 0x66, 0x66, 
	0x66, 0x77, 0x67, 0x66, 0x77, 0x67, 0x77, 0x76, 
	
};

Vtx castle_grounds_dl_Circle_001_mesh_layer_1_vtx_cull[8] = {
	{{ {-4025, -230, 2800}, 0, {0, 0}, {0, 0, 0, 0} }},
	{{ {-4025, 2000, 2800}, 0, {0, 0}, {0, 0, 0, 0} }},
	{{ {-4025, 2000, -3900}, 0, {0, 0}, {0, 0, 0, 0} }},
	{{ {-4025, -230, -3900}, 0, {0, 0}, {0, 0, 0, 0} }},
	{{ {3449, -230, 2800}, 0, {0, 0}, {0, 0, 0, 0} }},
	{{ {3449, 2000, 2800}, 0, {0, 0}, {0, 0, 0, 0} }},
	{{ {3449, 2000, -3900}, 0, {0, 0}, {0, 0, 0, 0} }},
	{{ {3449, -230, -3900}, 0, {0, 0}, {0, 0, 0, 0} }},
};

Vtx castle_grounds_dl_Circle_001_mesh_layer_1_vtx_0[14] = {
	{{ {-150, 0, -2800}, 0, {-16, 2032}, {255, 255, 255, 255} }},
	{{ {150, 0, -2800}, 0, {-16, 2032}, {255, 255, 255, 255} }},
	{{ {150, 250, -2800}, 0, {-16, 2032}, {255, 255, 255, 255} }},
	{{ {-150, 250, -2800}, 0, {-16, -16}, {255, 255, 255, 255} }},
	{{ {150, 250, -2700}, 0, {761, 752}, {255, 255, 255, 255} }},
	{{ {-150, 250, -2800}, 0, {925, 1135}, {255, 255, 255, 255} }},
	{{ {150, 250, -2800}, 0, {880, 775}, {255, 255, 255, 255} }},
	{{ {-150, 250, -2700}, 0, {791, 1189}, {255, 255, 255, 255} }},
	{{ {150, 250, -2600}, 0, {598, 679}, {255, 255, 255, 255} }},
	{{ {-150, 250, -2600}, 0, {612, 1307}, {255, 255, 255, 255} }},
	{{ {-270, 1162, -1900}, 0, {-16, 2032}, {18, 11, 0, 255} }},
	{{ {270, 1162, -1900}, 0, {2032, 2032}, {18, 11, 0, 255} }},
	{{ {270, 1702, -1900}, 0, {2032, -16}, {18, 11, 0, 255} }},
	{{ {-270, 1702, -1900}, 0, {-16, -16}, {18, 11, 0, 255} }},
};

Gfx castle_grounds_dl_Circle_001_mesh_layer_1_tri_0[] = {
	gsSPVertex(castle_grounds_dl_Circle_001_mesh_layer_1_vtx_0 + 0, 14, 0),
	gsSP2Triangles(0, 1, 2, 0, 0, 2, 3, 0),
	gsSP2Triangles(4, 5, 6, 0, 4, 7, 5, 0),
	gsSP2Triangles(8, 7, 4, 0, 8, 9, 7, 0),
	gsSP2Triangles(10, 11, 12, 0, 10, 12, 13, 0),
	gsSPEndDisplayList(),
};

Vtx castle_grounds_dl_Circle_001_mesh_layer_1_vtx_1[95] = {
	{{ {150, 0, -2700}, 0, {5768, -3580}, {87, 150, 0, 255} }},
	{{ {150, 250, -2800}, 0, {6046, -2747}, {87, 150, 0, 255} }},
	{{ {150, 0, -2800}, 0, {6046, -3580}, {87, 150, 0, 255} }},
	{{ {150, 250, -2700}, 0, {5768, -2747}, {87, 150, 0, 255} }},
	{{ {150, 0, -2600}, 0, {5491, -3580}, {87, 150, 0, 255} }},
	{{ {150, 250, -2600}, 0, {5491, -2747}, {87, 150, 0, 255} }},
	{{ {525, 0, -2600}, 0, {4449, -3580}, {87, 150, 0, 255} }},
	{{ {300, 613, -2600}, 0, {5074, -1537}, {87, 150, 0, 255} }},
	{{ {525, 779, -2600}, 0, {4449, -983}, {87, 150, 0, 255} }},
	{{ {444, 865, -2600}, 0, {4674, -699}, {87, 150, 0, 255} }},
	{{ {212, 825, -2600}, 0, {5318, -830}, {87, 150, 0, 255} }},
	{{ {0, 965, -2600}, 0, {5907, -365}, {87, 150, 0, 255} }},
	{{ {0, 913, -2600}, 0, {5907, -537}, {87, 150, 0, 255} }},
	{{ {-444, 865, -2600}, 0, {7140, -699}, {87, 150, 0, 255} }},
	{{ {-212, 825, -2600}, 0, {6496, -830}, {87, 150, 0, 255} }},
	{{ {-300, 613, -2600}, 0, {6740, -1537}, {87, 150, 0, 255} }},
	{{ {-525, 779, -2600}, 0, {7365, -983}, {87, 150, 0, 255} }},
	{{ {-525, 0, -2600}, 0, {7365, -3580}, {87, 150, 0, 255} }},
	{{ {-150, 250, -2600}, 0, {6324, -2747}, {87, 150, 0, 255} }},
	{{ {-150, 0, -2600}, 0, {6324, -3580}, {87, 150, 0, 255} }},
	{{ {-150, 0, -2700}, 0, {6046, -3580}, {87, 150, 0, 255} }},
	{{ {-150, 250, -2700}, 0, {6046, -2747}, {87, 150, 0, 255} }},
	{{ {-150, 0, -2800}, 0, {5768, -3580}, {87, 150, 0, 255} }},
	{{ {-150, 250, -2800}, 0, {5768, -2747}, {87, 150, 0, 255} }},
	{{ {-212, 401, -2600}, 0, {6496, -2243}, {87, 150, 0, 255} }},
	{{ {0, 313, -2600}, 0, {5907, -2536}, {87, 150, 0, 255} }},
	{{ {212, 401, -2600}, 0, {5318, -2243}, {87, 150, 0, 255} }},
	{{ {-1688, 0, -1900}, 0, {-4591, 3229}, {65, 112, 0, 255} }},
	{{ {-1688, 750, -3900}, 0, {-10144, 1563}, {87, 150, 0, 255} }},
	{{ {-1688, 0, -3900}, 0, {-10144, 3229}, {65, 112, 0, 255} }},
	{{ {-1688, 750, -1900}, 0, {-4591, 1563}, {87, 150, 0, 255} }},
	{{ {-1481, 728, -1900}, 0, {-4018, 1611}, {87, 150, 0, 255} }},
	{{ {-1688, 0, -1900}, 0, {-4591, 3229}, {65, 112, 0, 255} }},
	{{ {-1481, 28, -1900}, 0, {-4018, 3166}, {65, 112, 0, 255} }},
	{{ {-1481, 728, -1900}, 0, {-4018, 1611}, {87, 150, 0, 255} }},
	{{ {-881, 28, -1900}, 0, {-2352, 3166}, {65, 112, 0, 255} }},
	{{ {-810, 0, -1900}, 0, {-2154, 3229}, {65, 112, 0, 255} }},
	{{ {-810, 264, -1900}, 0, {-2154, 2644}, {65, 112, 0, 255} }},
	{{ {-881, 728, -1900}, 0, {-2352, 1611}, {87, 150, 0, 255} }},
	{{ {-846, 846, -1900}, 0, {-2253, 1350}, {87, 150, 0, 255} }},
	{{ {-837, 973, -1900}, 0, {-2230, 1067}, {87, 150, 0, 255} }},
	{{ {-794, 519, -1900}, 0, {-2109, 2078}, {65, 112, 0, 255} }},
	{{ {-803, 1083, -1900}, 0, {-2135, 823}, {87, 150, 0, 255} }},
	{{ {-725, 738, -1900}, 0, {-1918, 1589}, {65, 112, 0, 255} }},
	{{ {-707, 1185, -1900}, 0, {-1868, 598}, {87, 150, 0, 255} }},
	{{ {-533, 941, -1900}, 0, {-1384, 1139}, {65, 112, 0, 255} }},
	{{ {-360, 1072, -1900}, 0, {-904, 847}, {65, 112, 0, 255} }},
	{{ {0, 1061, -1900}, 0, {95, 872}, {65, 112, 0, 255} }},
	{{ {360, 1072, -1900}, 0, {1095, 847}, {65, 112, 0, 255} }},
	{{ {533, 941, -1900}, 0, {1574, 1139}, {65, 112, 0, 255} }},
	{{ {707, 1185, -1900}, 0, {2058, 598}, {87, 150, 0, 255} }},
	{{ {803, 1083, -1900}, 0, {2325, 823}, {87, 150, 0, 255} }},
	{{ {725, 738, -1900}, 0, {2108, 1589}, {65, 112, 0, 255} }},
	{{ {837, 973, -1900}, 0, {2421, 1067}, {87, 150, 0, 255} }},
	{{ {794, 519, -1900}, 0, {2299, 2078}, {65, 112, 0, 255} }},
	{{ {846, 846, -1900}, 0, {2443, 1350}, {87, 150, 0, 255} }},
	{{ {810, 264, -1900}, 0, {2344, 2644}, {65, 112, 0, 255} }},
	{{ {881, 28, -1900}, 0, {2542, 3166}, {65, 112, 0, 255} }},
	{{ {810, 0, -1900}, 0, {2344, 3229}, {65, 112, 0, 255} }},
	{{ {1481, 28, -1900}, 0, {4208, 3166}, {65, 112, 0, 255} }},
	{{ {1687, 0, -1900}, 0, {4781, 3229}, {65, 112, 0, 255} }},
	{{ {1481, 728, -1900}, 0, {4208, 1611}, {87, 150, 0, 255} }},
	{{ {1687, 750, -1900}, 0, {4781, 1563}, {87, 150, 0, 255} }},
	{{ {1687, 0, -3900}, 0, {10334, 3229}, {65, 112, 0, 255} }},
	{{ {1687, 750, -1900}, 0, {4781, 1563}, {87, 150, 0, 255} }},
	{{ {1687, 0, -3900}, 0, {10334, 3229}, {65, 112, 0, 255} }},
	{{ {1687, 750, -3900}, 0, {10334, 1563}, {87, 150, 0, 255} }},
	{{ {1687, 1500, -1900}, 0, {4781, -103}, {87, 150, 0, 255} }},
	{{ {1687, 1500, -3900}, 0, {10334, -103}, {87, 150, 0, 255} }},
	{{ {1481, 1428, -1900}, 0, {4208, 56}, {87, 150, 0, 255} }},
	{{ {360, 1792, -1900}, 0, {1095, -752}, {87, 150, 0, 255} }},
	{{ {0, 2000, -1900}, 0, {95, -1213}, {87, 150, 0, 255} }},
	{{ {-360, 1792, -1900}, 0, {-904, -752}, {87, 150, 0, 255} }},
	{{ {-1688, 1500, -1900}, 0, {-4591, -103}, {87, 150, 0, 255} }},
	{{ {-881, 1428, -1900}, 0, {-2352, 56}, {87, 150, 0, 255} }},
	{{ {-1481, 1428, -1900}, 0, {-4018, 56}, {87, 150, 0, 255} }},
	{{ {-1688, 750, -1900}, 0, {-4591, 1563}, {87, 150, 0, 255} }},
	{{ {-1688, 1500, -3900}, 0, {-10144, -103}, {87, 150, 0, 255} }},
	{{ {-1688, 750, -3900}, 0, {-10144, 1563}, {87, 150, 0, 255} }},
	{{ {-1481, 728, -1900}, 0, {-4018, 1611}, {87, 150, 0, 255} }},
	{{ {1481, 728, -1900}, 0, {4208, 1611}, {87, 150, 0, 255} }},
	{{ {-360, 1072, -1900}, 0, {-904, 847}, {65, 112, 0, 255} }},
	{{ {-707, 1185, -1900}, 0, {-1868, 598}, {87, 150, 0, 255} }},
	{{ {-803, 1083, -1900}, 0, {-2135, 823}, {87, 150, 0, 255} }},
	{{ {-837, 973, -1900}, 0, {-2230, 1067}, {87, 150, 0, 255} }},
	{{ {-846, 846, -1900}, 0, {-2253, 1350}, {87, 150, 0, 255} }},
	{{ {-881, 728, -1900}, 0, {-2352, 1611}, {87, 150, 0, 255} }},
	{{ {881, 1428, -1900}, 0, {2542, 56}, {87, 150, 0, 255} }},
	{{ {360, 1072, -1900}, 0, {1095, 847}, {65, 112, 0, 255} }},
	{{ {707, 1185, -1900}, 0, {2058, 598}, {87, 150, 0, 255} }},
	{{ {803, 1083, -1900}, 0, {2325, 823}, {87, 150, 0, 255} }},
	{{ {837, 973, -1900}, 0, {2421, 1067}, {87, 150, 0, 255} }},
	{{ {846, 846, -1900}, 0, {2443, 1350}, {87, 150, 0, 255} }},
	{{ {881, 728, -1900}, 0, {2542, 1611}, {87, 150, 0, 255} }},
	{{ {881, 28, -1900}, 0, {2542, 3166}, {65, 112, 0, 255} }},
};

Gfx castle_grounds_dl_Circle_001_mesh_layer_1_tri_1[] = {
	gsSPVertex(castle_grounds_dl_Circle_001_mesh_layer_1_vtx_1 + 0, 32, 0),
	gsSP2Triangles(0, 1, 2, 0, 0, 3, 1, 0),
	gsSP2Triangles(4, 3, 0, 0, 4, 5, 3, 0),
	gsSP2Triangles(5, 4, 6, 0, 6, 7, 5, 0),
	gsSP2Triangles(6, 8, 7, 0, 7, 8, 9, 0),
	gsSP2Triangles(7, 9, 10, 0, 11, 10, 9, 0),
	gsSP2Triangles(11, 12, 10, 0, 13, 12, 11, 0),
	gsSP2Triangles(13, 14, 12, 0, 15, 14, 13, 0),
	gsSP2Triangles(15, 13, 16, 0, 15, 16, 17, 0),
	gsSP2Triangles(18, 15, 17, 0, 17, 19, 18, 0),
	gsSP2Triangles(18, 19, 20, 0, 18, 20, 21, 0),
	gsSP2Triangles(21, 20, 22, 0, 21, 22, 23, 0),
	gsSP2Triangles(18, 24, 15, 0, 25, 24, 18, 0),
	gsSP2Triangles(5, 25, 18, 0, 5, 26, 25, 0),
	gsSP2Triangles(7, 26, 5, 0, 27, 28, 29, 0),
	gsSP2Triangles(27, 30, 28, 0, 27, 31, 30, 0),
	gsSPVertex(castle_grounds_dl_Circle_001_mesh_layer_1_vtx_1 + 32, 32, 0),
	gsSP2Triangles(0, 1, 2, 0, 0, 3, 1, 0),
	gsSP2Triangles(0, 4, 3, 0, 3, 4, 5, 0),
	gsSP2Triangles(6, 3, 5, 0, 5, 7, 6, 0),
	gsSP2Triangles(5, 8, 7, 0, 5, 9, 8, 0),
	gsSP2Triangles(9, 10, 8, 0, 9, 11, 10, 0),
	gsSP2Triangles(11, 12, 10, 0, 11, 13, 12, 0),
	gsSP2Triangles(14, 12, 13, 0, 14, 13, 15, 0),
	gsSP2Triangles(14, 15, 16, 0, 15, 17, 16, 0),
	gsSP2Triangles(18, 16, 17, 0, 17, 19, 18, 0),
	gsSP2Triangles(17, 20, 19, 0, 20, 21, 19, 0),
	gsSP2Triangles(20, 22, 21, 0, 22, 23, 21, 0),
	gsSP2Triangles(22, 24, 23, 0, 25, 23, 24, 0),
	gsSP2Triangles(24, 26, 25, 0, 26, 27, 25, 0),
	gsSP2Triangles(26, 28, 27, 0, 28, 29, 27, 0),
	gsSP2Triangles(28, 30, 29, 0, 30, 28, 31, 0),
	gsSPVertex(castle_grounds_dl_Circle_001_mesh_layer_1_vtx_1 + 64, 31, 0),
	gsSP2Triangles(0, 1, 2, 0, 3, 0, 2, 0),
	gsSP2Triangles(3, 2, 4, 0, 0, 3, 5, 0),
	gsSP2Triangles(6, 5, 3, 0, 3, 7, 6, 0),
	gsSP2Triangles(8, 6, 7, 0, 7, 9, 8, 0),
	gsSP2Triangles(9, 10, 8, 0, 9, 11, 10, 0),
	gsSP2Triangles(12, 11, 9, 0, 12, 9, 13, 0),
	gsSP2Triangles(12, 13, 14, 0, 12, 15, 11, 0),
	gsSP2Triangles(0, 5, 16, 0, 17, 8, 10, 0),
	gsSP2Triangles(17, 10, 18, 0, 19, 18, 10, 0),
	gsSP2Triangles(20, 19, 10, 0, 21, 20, 10, 0),
	gsSP2Triangles(21, 10, 22, 0, 6, 23, 5, 0),
	gsSP2Triangles(6, 24, 23, 0, 25, 23, 24, 0),
	gsSP2Triangles(25, 26, 23, 0, 26, 27, 23, 0),
	gsSP2Triangles(27, 28, 23, 0, 28, 29, 23, 0),
	gsSP1Triangle(30, 29, 28, 0),
	gsSPEndDisplayList(),
};

Vtx castle_grounds_dl_Circle_001_mesh_layer_1_vtx_2[8] = {
	{{ {-240, 613, -2600}, 0, {2032, 1008}, {18, 11, 0, 255} }},
	{{ {-170, 443, -2600}, 0, {1732, 1732}, {18, 11, 0, 255} }},
	{{ {0, 373, -2600}, 0, {1008, 2032}, {18, 11, 0, 255} }},
	{{ {240, 613, -2600}, 0, {-16, 1008}, {18, 11, 0, 255} }},
	{{ {170, 443, -2600}, 0, {284, 1732}, {18, 11, 0, 255} }},
	{{ {0, 853, -2600}, 0, {1008, -16}, {18, 11, 0, 255} }},
	{{ {170, 783, -2600}, 0, {284, 284}, {18, 11, 0, 255} }},
	{{ {-170, 783, -2600}, 0, {1732, 284}, {18, 11, 0, 255} }},
};

Gfx castle_grounds_dl_Circle_001_mesh_layer_1_tri_2[] = {
	gsSPVertex(castle_grounds_dl_Circle_001_mesh_layer_1_vtx_2 + 0, 8, 0),
	gsSP2Triangles(0, 1, 2, 0, 0, 2, 3, 0),
	gsSP2Triangles(2, 4, 3, 0, 3, 5, 0, 0),
	gsSP2Triangles(3, 6, 5, 0, 5, 7, 0, 0),
	gsSPEndDisplayList(),
};

Vtx castle_grounds_dl_Circle_001_mesh_layer_1_vtx_3[48] = {
	{{ {300, 613, -2600}, 0, {-16, -16}, {18, 11, 0, 255} }},
	{{ {240, 613, -2600}, 0, {478, 189}, {18, 11, 0, 255} }},
	{{ {170, 443, -2600}, 0, {478, 1827}, {18, 11, 0, 255} }},
	{{ {212, 401, -2600}, 0, {-16, 2032}, {18, 11, 0, 255} }},
	{{ {0, 913, -2600}, 0, {-16, -16}, {18, 11, 0, 255} }},
	{{ {0, 853, -2600}, 0, {478, 189}, {18, 11, 0, 255} }},
	{{ {170, 783, -2600}, 0, {478, 1827}, {18, 11, 0, 255} }},
	{{ {212, 825, -2600}, 0, {-16, 2032}, {18, 11, 0, 255} }},
	{{ {-300, 613, -2600}, 0, {-16, -16}, {18, 11, 0, 255} }},
	{{ {-240, 613, -2600}, 0, {478, 189}, {18, 11, 0, 255} }},
	{{ {-170, 783, -2600}, 0, {478, 1827}, {18, 11, 0, 255} }},
	{{ {-212, 825, -2600}, 0, {-16, 2032}, {18, 11, 0, 255} }},
	{{ {0, 313, -2600}, 0, {-16, -16}, {18, 11, 0, 255} }},
	{{ {0, 373, -2600}, 0, {478, 189}, {18, 11, 0, 255} }},
	{{ {-170, 443, -2600}, 0, {478, 1827}, {18, 11, 0, 255} }},
	{{ {-212, 401, -2600}, 0, {-16, 2032}, {18, 11, 0, 255} }},
	{{ {212, 401, -2600}, 0, {-16, 2032}, {18, 11, 0, 255} }},
	{{ {170, 443, -2600}, 0, {478, 1827}, {18, 11, 0, 255} }},
	{{ {0, 373, -2600}, 0, {478, 189}, {18, 11, 0, 255} }},
	{{ {0, 313, -2600}, 0, {-16, -16}, {18, 11, 0, 255} }},
	{{ {212, 825, -2600}, 0, {-16, 2032}, {18, 11, 0, 255} }},
	{{ {170, 783, -2600}, 0, {478, 1827}, {18, 11, 0, 255} }},
	{{ {240, 613, -2600}, 0, {478, 189}, {18, 11, 0, 255} }},
	{{ {300, 613, -2600}, 0, {-16, -16}, {18, 11, 0, 255} }},
	{{ {-212, 825, -2600}, 0, {-16, 2032}, {18, 11, 0, 255} }},
	{{ {-170, 783, -2600}, 0, {478, 1827}, {18, 11, 0, 255} }},
	{{ {0, 853, -2600}, 0, {478, 189}, {18, 11, 0, 255} }},
	{{ {0, 913, -2600}, 0, {-16, -16}, {18, 11, 0, 255} }},
	{{ {-212, 401, -2600}, 0, {-16, 2032}, {18, 11, 0, 255} }},
	{{ {-170, 443, -2600}, 0, {478, 1827}, {18, 11, 0, 255} }},
	{{ {-240, 613, -2600}, 0, {478, 189}, {18, 11, 0, 255} }},
	{{ {-300, 613, -2600}, 0, {-16, -16}, {18, 11, 0, 255} }},
	{{ {-270, 1162, -1900}, 0, {368, -528}, {9, 5, 0, 255} }},
	{{ {-270, 1702, -1900}, 0, {368, 2544}, {18, 11, 0, 255} }},
	{{ {-360, 1792, -1900}, 0, {-144, 3056}, {18, 11, 0, 255} }},
	{{ {-360, 1072, -1900}, 0, {-144, -1040}, {9, 5, 0, 255} }},
	{{ {270, 1162, -1900}, 0, {368, 2544}, {9, 5, 0, 255} }},
	{{ {-270, 1162, -1900}, 0, {368, -528}, {9, 5, 0, 255} }},
	{{ {-360, 1072, -1900}, 0, {-144, -1040}, {9, 5, 0, 255} }},
	{{ {360, 1072, -1900}, 0, {-144, 3056}, {9, 5, 0, 255} }},
	{{ {270, 1702, -1900}, 0, {368, -528}, {18, 11, 0, 255} }},
	{{ {270, 1162, -1900}, 0, {368, 2544}, {9, 5, 0, 255} }},
	{{ {360, 1072, -1900}, 0, {-144, 3056}, {9, 5, 0, 255} }},
	{{ {360, 1792, -1900}, 0, {-144, -1040}, {18, 11, 0, 255} }},
	{{ {-270, 1702, -1900}, 0, {368, 2544}, {18, 11, 0, 255} }},
	{{ {270, 1702, -1900}, 0, {368, -528}, {18, 11, 0, 255} }},
	{{ {360, 1792, -1900}, 0, {-144, -1040}, {18, 11, 0, 255} }},
	{{ {-360, 1792, -1900}, 0, {-144, 3056}, {18, 11, 0, 255} }},
};

Gfx castle_grounds_dl_Circle_001_mesh_layer_1_tri_3[] = {
	gsSPVertex(castle_grounds_dl_Circle_001_mesh_layer_1_vtx_3 + 0, 32, 0),
	gsSP2Triangles(0, 1, 2, 0, 0, 2, 3, 0),
	gsSP2Triangles(4, 5, 6, 0, 4, 6, 7, 0),
	gsSP2Triangles(8, 9, 10, 0, 8, 10, 11, 0),
	gsSP2Triangles(12, 13, 14, 0, 12, 14, 15, 0),
	gsSP2Triangles(16, 17, 18, 0, 16, 18, 19, 0),
	gsSP2Triangles(20, 21, 22, 0, 20, 22, 23, 0),
	gsSP2Triangles(24, 25, 26, 0, 24, 26, 27, 0),
	gsSP2Triangles(28, 29, 30, 0, 28, 30, 31, 0),
	gsSPVertex(castle_grounds_dl_Circle_001_mesh_layer_1_vtx_3 + 32, 16, 0),
	gsSP2Triangles(0, 1, 2, 0, 0, 2, 3, 0),
	gsSP2Triangles(4, 5, 6, 0, 4, 6, 7, 0),
	gsSP2Triangles(8, 9, 10, 0, 8, 10, 11, 0),
	gsSP2Triangles(12, 13, 14, 0, 12, 14, 15, 0),
	gsSPEndDisplayList(),
};

Vtx castle_grounds_dl_Circle_001_mesh_layer_1_vtx_4[16] = {
	{{ {569, 733, -2494}, 0, {-52, -1774}, {18, 11, 0, 255} }},
	{{ {525, 779, -2600}, 0, {-505, -2139}, {18, 11, 0, 255} }},
	{{ {525, 0, -2600}, 0, {-505, 4005}, {18, 11, 0, 255} }},
	{{ {569, 0, -2494}, 0, {-52, 4005}, {18, 11, 0, 255} }},
	{{ {675, 0, -2450}, 0, {400, 4005}, {18, 11, 0, 255} }},
	{{ {661, 512, -2456}, 0, {342, -36}, {18, 11, 0, 255} }},
	{{ {675, 300, -2450}, 0, {400, 1640}, {18, 11, 0, 255} }},
	{{ {604, 696, -2479}, 0, {98, -1481}, {18, 11, 0, 255} }},
	{{ {-569, 733, -2494}, 0, {20, -1774}, {18, 11, 0, 255} }},
	{{ {-525, 0, -2600}, 0, {473, 4005}, {18, 11, 0, 255} }},
	{{ {-525, 779, -2600}, 0, {473, -2139}, {18, 11, 0, 255} }},
	{{ {-569, 0, -2494}, 0, {20, 4005}, {18, 11, 0, 255} }},
	{{ {-675, 0, -2450}, 0, {-432, 4005}, {18, 11, 0, 255} }},
	{{ {-661, 512, -2456}, 0, {-374, -36}, {18, 11, 0, 255} }},
	{{ {-604, 696, -2479}, 0, {-130, -1481}, {18, 11, 0, 255} }},
	{{ {-675, 300, -2450}, 0, {-432, 1640}, {18, 11, 0, 255} }},
};

Gfx castle_grounds_dl_Circle_001_mesh_layer_1_tri_4[] = {
	gsSPVertex(castle_grounds_dl_Circle_001_mesh_layer_1_vtx_4 + 0, 16, 0),
	gsSP2Triangles(0, 1, 2, 0, 0, 2, 3, 0),
	gsSP2Triangles(0, 3, 4, 0, 5, 0, 4, 0),
	gsSP2Triangles(4, 6, 5, 0, 5, 7, 0, 0),
	gsSP2Triangles(8, 9, 10, 0, 8, 11, 9, 0),
	gsSP2Triangles(12, 11, 8, 0, 12, 8, 13, 0),
	gsSP2Triangles(8, 14, 13, 0, 13, 15, 12, 0),
	gsSPEndDisplayList(),
};

Vtx castle_grounds_dl_Circle_001_mesh_layer_1_vtx_5[70] = {
	{{ {675, 0, -2037}, 0, {8650, 1520}, {9, 5, 0, 255} }},
	{{ {675, 300, -2450}, 0, {7379, 5003}, {9, 5, 0, 255} }},
	{{ {675, 0, -2450}, 0, {8413, 5072}, {9, 5, 0, 255} }},
	{{ {675, 300, -2037}, 0, {7580, 1520}, {9, 5, 0, 255} }},
	{{ {675, 0, -1900}, 0, {8650, 496}, {9, 5, 0, 255} }},
	{{ {675, 300, -1900}, 0, {7580, 496}, {9, 5, 0, 255} }},
	{{ {661, 512, -1900}, 0, {6749, 496}, {9, 5, 0, 255} }},
	{{ {661, 512, -2037}, 0, {6749, 1520}, {9, 5, 0, 255} }},
	{{ {604, 696, -1900}, 0, {5844, 496}, {10, 6, 0, 255} }},
	{{ {604, 696, -2037}, 0, {5844, 1520}, {9, 5, 0, 255} }},
	{{ {444, 865, -2037}, 0, {4470, 1520}, {9, 5, 0, 255} }},
	{{ {444, 865, -1900}, 0, {4470, 496}, {17, 10, 0, 255} }},
	{{ {0, 965, -1900}, 0, {1008, 496}, {18, 10, 0, 255} }},
	{{ {0, 965, -2037}, 0, {1008, 1520}, {9, 5, 0, 255} }},
	{{ {-444, 865, -1900}, 0, {-2454, 496}, {17, 10, 0, 255} }},
	{{ {-444, 865, -2037}, 0, {-2454, 1520}, {9, 5, 0, 255} }},
	{{ {-604, 696, -1900}, 0, {-3828, 496}, {12, 7, 0, 255} }},
	{{ {-604, 696, -2037}, 0, {-3828, 1520}, {9, 5, 0, 255} }},
	{{ {-661, 512, -2037}, 0, {-4733, 1520}, {9, 5, 0, 255} }},
	{{ {-661, 512, -1900}, 0, {-4733, 496}, {9, 5, 0, 255} }},
	{{ {-675, 300, -2037}, 0, {-5564, 1520}, {9, 5, 0, 255} }},
	{{ {-675, 300, -1900}, 0, {-5564, 496}, {9, 5, 0, 255} }},
	{{ {-675, 0, -1900}, 0, {-6634, 496}, {9, 5, 0, 255} }},
	{{ {-675, 0, -2037}, 0, {-6634, 1520}, {9, 5, 0, 255} }},
	{{ {-675, 300, -2450}, 0, {-5363, 5003}, {9, 5, 0, 255} }},
	{{ {-675, 0, -2450}, 0, {-6397, 5072}, {9, 5, 0, 255} }},
	{{ {-661, 512, -2456}, 0, {-4623, 4991}, {9, 5, 0, 255} }},
	{{ {-604, 696, -2479}, 0, {-3845, 5118}, {9, 5, 0, 255} }},
	{{ {-569, 733, -2494}, 0, {-3535, 5180}, {9, 5, 0, 255} }},
	{{ {-444, 865, -2600}, 0, {-2466, 5966}, {9, 5, 0, 255} }},
	{{ {-525, 779, -2600}, 0, {-3143, 5986}, {9, 5, 0, 255} }},
	{{ {0, 965, -2600}, 0, {1008, 5942}, {9, 5, 0, 255} }},
	{{ {0, 965, -2037}, 0, {1008, 1520}, {9, 5, 0, 255} }},
	{{ {0, 965, -2600}, 0, {1008, 5942}, {9, 5, 0, 255} }},
	{{ {444, 865, -2600}, 0, {4482, 5966}, {9, 5, 0, 255} }},
	{{ {444, 865, -2037}, 0, {4470, 1520}, {9, 5, 0, 255} }},
	{{ {569, 733, -2494}, 0, {5551, 5180}, {9, 5, 0, 255} }},
	{{ {525, 779, -2600}, 0, {5159, 5986}, {9, 5, 0, 255} }},
	{{ {604, 696, -2479}, 0, {5861, 5118}, {9, 5, 0, 255} }},
	{{ {604, 696, -2037}, 0, {5844, 1520}, {9, 5, 0, 255} }},
	{{ {661, 512, -2456}, 0, {6639, 4991}, {9, 5, 0, 255} }},
	{{ {661, 512, -2037}, 0, {6749, 1520}, {9, 5, 0, 255} }},
	{{ {675, 300, -2450}, 0, {7379, 5003}, {9, 5, 0, 255} }},
	{{ {675, 300, -2037}, 0, {7580, 1520}, {9, 5, 0, 255} }},
	{{ {-675, 0, -1900}, 0, {-6634, 496}, {9, 5, 0, 255} }},
	{{ {-810, 264, -1900}, 0, {-5564, 1520}, {18, 11, 0, 255} }},
	{{ {-810, 0, -1900}, 0, {-6634, 1520}, {17, 10, 0, 255} }},
	{{ {-675, 300, -1900}, 0, {-5564, 496}, {9, 5, 0, 255} }},
	{{ {-794, 519, -1900}, 0, {-4733, 1520}, {18, 11, 0, 255} }},
	{{ {-661, 512, -1900}, 0, {-4733, 496}, {9, 5, 0, 255} }},
	{{ {-725, 738, -1900}, 0, {-3828, 1520}, {18, 11, 0, 255} }},
	{{ {-604, 696, -1900}, 0, {-3828, 496}, {12, 7, 0, 255} }},
	{{ {-533, 941, -1900}, 0, {-2454, 1520}, {18, 11, 0, 255} }},
	{{ {-444, 865, -1900}, 0, {-2454, 496}, {17, 10, 0, 255} }},
	{{ {0, 1061, -1900}, 0, {1008, 1520}, {18, 11, 0, 255} }},
	{{ {0, 965, -1900}, 0, {1008, 496}, {18, 10, 0, 255} }},
	{{ {0, 965, -1900}, 0, {1008, 496}, {18, 10, 0, 255} }},
	{{ {533, 941, -1900}, 0, {4470, 1520}, {18, 11, 0, 255} }},
	{{ {0, 1061, -1900}, 0, {1008, 1520}, {18, 11, 0, 255} }},
	{{ {444, 865, -1900}, 0, {4470, 496}, {17, 10, 0, 255} }},
	{{ {725, 738, -1900}, 0, {5844, 1520}, {18, 11, 0, 255} }},
	{{ {604, 696, -1900}, 0, {5844, 496}, {10, 6, 0, 255} }},
	{{ {794, 519, -1900}, 0, {6749, 1520}, {18, 11, 0, 255} }},
	{{ {661, 512, -1900}, 0, {6749, 496}, {9, 5, 0, 255} }},
	{{ {661, 512, -1900}, 0, {6749, 496}, {9, 5, 0, 255} }},
	{{ {810, 264, -1900}, 0, {7580, 1520}, {18, 11, 0, 255} }},
	{{ {794, 519, -1900}, 0, {6749, 1520}, {18, 11, 0, 255} }},
	{{ {675, 300, -1900}, 0, {7580, 496}, {9, 5, 0, 255} }},
	{{ {675, 0, -1900}, 0, {8650, 496}, {9, 5, 0, 255} }},
	{{ {810, 0, -1900}, 0, {8650, 1520}, {18, 11, 0, 255} }},
};

Gfx castle_grounds_dl_Circle_001_mesh_layer_1_tri_5[] = {
	gsSPVertex(castle_grounds_dl_Circle_001_mesh_layer_1_vtx_5 + 0, 32, 0),
	gsSP2Triangles(0, 1, 2, 0, 0, 3, 1, 0),
	gsSP2Triangles(4, 3, 0, 0, 4, 5, 3, 0),
	gsSP2Triangles(6, 3, 5, 0, 6, 7, 3, 0),
	gsSP2Triangles(8, 7, 6, 0, 8, 9, 7, 0),
	gsSP2Triangles(8, 10, 9, 0, 8, 11, 10, 0),
	gsSP2Triangles(12, 10, 11, 0, 12, 13, 10, 0),
	gsSP2Triangles(14, 13, 12, 0, 14, 15, 13, 0),
	gsSP2Triangles(16, 15, 14, 0, 16, 17, 15, 0),
	gsSP2Triangles(16, 18, 17, 0, 16, 19, 18, 0),
	gsSP2Triangles(19, 20, 18, 0, 19, 21, 20, 0),
	gsSP2Triangles(22, 20, 21, 0, 22, 23, 20, 0),
	gsSP2Triangles(23, 24, 20, 0, 23, 25, 24, 0),
	gsSP2Triangles(18, 20, 24, 0, 18, 24, 26, 0),
	gsSP2Triangles(17, 18, 26, 0, 17, 26, 27, 0),
	gsSP2Triangles(27, 15, 17, 0, 27, 28, 15, 0),
	gsSP2Triangles(29, 15, 28, 0, 30, 29, 28, 0),
	gsSP2Triangles(15, 29, 31, 0, 15, 31, 13, 0),
	gsSPVertex(castle_grounds_dl_Circle_001_mesh_layer_1_vtx_5 + 32, 32, 0),
	gsSP2Triangles(0, 1, 2, 0, 0, 2, 3, 0),
	gsSP2Triangles(3, 2, 4, 0, 5, 4, 2, 0),
	gsSP2Triangles(6, 3, 4, 0, 6, 7, 3, 0),
	gsSP2Triangles(7, 6, 8, 0, 7, 8, 9, 0),
	gsSP2Triangles(9, 8, 10, 0, 9, 10, 11, 0),
	gsSP2Triangles(12, 13, 14, 0, 12, 15, 13, 0),
	gsSP2Triangles(15, 16, 13, 0, 15, 17, 16, 0),
	gsSP2Triangles(17, 18, 16, 0, 17, 19, 18, 0),
	gsSP2Triangles(19, 20, 18, 0, 19, 21, 20, 0),
	gsSP2Triangles(21, 22, 20, 0, 21, 23, 22, 0),
	gsSP2Triangles(24, 25, 26, 0, 24, 27, 25, 0),
	gsSP2Triangles(27, 28, 25, 0, 27, 29, 28, 0),
	gsSP2Triangles(29, 30, 28, 0, 29, 31, 30, 0),
	gsSPVertex(castle_grounds_dl_Circle_001_mesh_layer_1_vtx_5 + 64, 6, 0),
	gsSP2Triangles(0, 1, 2, 0, 0, 3, 1, 0),
	gsSP2Triangles(1, 3, 4, 0, 1, 4, 5, 0),
	gsSPEndDisplayList(),
};

Vtx castle_grounds_dl_Circle_001_mesh_layer_1_vtx_6[75] = {
	{{ {-1120, 450, 2042}, 0, {-734, -162}, {18, 11, 0, 255} }},
	{{ {-1397, 450, 2157}, 0, {870, -162}, {18, 11, 0, 255} }},
	{{ {-1397, 450, 2265}, 0, {1092, 373}, {18, 11, 0, 255} }},
	{{ {-1044, 450, 2119}, 0, {-956, 373}, {18, 11, 0, 255} }},
	{{ {-1397, 0, 2265}, 0, {1092, 2360}, {18, 11, 0, 255} }},
	{{ {-1751, 0, 2119}, 0, {-956, 2360}, {18, 11, 0, 255} }},
	{{ {-1751, 450, 2119}, 0, {-956, 373}, {18, 11, 0, 255} }},
	{{ {-1397, 450, 2157}, 0, {870, -162}, {18, 11, 0, 255} }},
	{{ {-1674, 450, 2042}, 0, {-734, -162}, {18, 11, 0, 255} }},
	{{ {-1044, 0, 2119}, 0, {-956, 2360}, {18, 11, 0, 255} }},
	{{ {-1005, 450, 1765}, 0, {870, -162}, {18, 11, 0, 255} }},
	{{ {-1120, 450, 2042}, 0, {-734, -162}, {18, 11, 0, 255} }},
	{{ {-1044, 450, 2119}, 0, {-956, 373}, {18, 11, 0, 255} }},
	{{ {-897, 450, 1765}, 0, {1092, 373}, {18, 11, 0, 255} }},
	{{ {-1044, 0, 2119}, 0, {-956, 2360}, {18, 11, 0, 255} }},
	{{ {-897, 112, 1765}, 0, {1092, 1862}, {18, 11, 0, 255} }},
	{{ {-1120, 450, 1488}, 0, {-734, -162}, {18, 11, 0, 255} }},
	{{ {-1005, 450, 1765}, 0, {870, -162}, {18, 11, 0, 255} }},
	{{ {-897, 450, 1765}, 0, {1092, 373}, {18, 11, 0, 255} }},
	{{ {-1044, 450, 1411}, 0, {-956, 373}, {18, 11, 0, 255} }},
	{{ {-970, 249, 1588}, 0, {68, 1266}, {18, 11, 0, 255} }},
	{{ {-897, 112, 1765}, 0, {1092, 1862}, {18, 11, 0, 255} }},
	{{ {-1044, 301, 1411}, 0, {-956, 1054}, {18, 11, 0, 255} }},
	{{ {-1789, 450, 1765}, 0, {870, -162}, {18, 11, 0, 255} }},
	{{ {-1674, 450, 1488}, 0, {-734, -162}, {18, 11, 0, 255} }},
	{{ {-1751, 450, 1411}, 0, {-956, 373}, {18, 11, 0, 255} }},
	{{ {-1897, 450, 1765}, 0, {1092, 373}, {18, 11, 0, 255} }},
	{{ {-1751, 360, 1411}, 0, {-956, 791}, {18, 11, 0, 255} }},
	{{ {-1897, 180, 1765}, 0, {1092, 1565}, {18, 11, 0, 255} }},
	{{ {-1674, 450, 2042}, 0, {-734, -162}, {18, 11, 0, 255} }},
	{{ {-1789, 450, 1765}, 0, {870, -162}, {18, 11, 0, 255} }},
	{{ {-1897, 450, 1765}, 0, {1092, 373}, {18, 11, 0, 255} }},
	{{ {-1674, 450, 2042}, 0, {-734, -162}, {18, 11, 0, 255} }},
	{{ {-1897, 450, 1765}, 0, {1092, 373}, {18, 11, 0, 255} }},
	{{ {-1751, 450, 2119}, 0, {-956, 373}, {18, 11, 0, 255} }},
	{{ {-1897, 180, 1765}, 0, {1092, 1565}, {18, 11, 0, 255} }},
	{{ {-1751, 0, 2119}, 0, {-956, 2360}, {18, 11, 0, 255} }},
	{{ {-1397, 450, 1373}, 0, {870, -162}, {18, 11, 0, 255} }},
	{{ {-1397, 450, 1265}, 0, {1092, 373}, {18, 11, 0, 255} }},
	{{ {-1597, 450, 1348}, 0, {-66, 373}, {18, 11, 0, 255} }},
	{{ {-1597, 450, 1456}, 0, {-288, -162}, {18, 11, 0, 255} }},
	{{ {-1674, 450, 1488}, 0, {-734, -162}, {18, 11, 0, 255} }},
	{{ {-1751, 450, 1411}, 0, {-956, 373}, {18, 11, 0, 255} }},
	{{ {-1751, 360, 1411}, 0, {-956, 791}, {18, 11, 0, 255} }},
	{{ {-1397, 450, 1265}, 0, {1095, 373}, {18, 11, 0, 255} }},
	{{ {-1397, 450, 1373}, 0, {873, -162}, {18, 11, 0, 255} }},
	{{ {-1197, 450, 1456}, 0, {-285, -162}, {18, 11, 0, 255} }},
	{{ {-1197, 450, 1348}, 0, {-64, 373}, {18, 11, 0, 255} }},
	{{ {-1120, 450, 1488}, 0, {-731, -162}, {18, 11, 0, 255} }},
	{{ {-1044, 450, 1411}, 0, {-953, 373}, {18, 11, 0, 255} }},
	{{ {-1044, 301, 1411}, 0, {-953, 1054}, {18, 11, 0, 255} }},
	{{ {-1481, 728, -1900}, 0, {-2064, 48}, {18, 11, 0, 255} }},
	{{ {-1381, 728, -1900}, 0, {-2064, 277}, {18, 11, 0, 255} }},
	{{ {-1381, 1328, -1900}, 0, {129, 277}, {18, 11, 0, 255} }},
	{{ {-1481, 28, -1900}, 0, {-4623, 48}, {9, 5, 0, 255} }},
	{{ {-1381, 128, -1900}, 0, {-4257, 277}, {9, 5, 0, 255} }},
	{{ {-881, 28, -1900}, 0, {-4623, 1419}, {11, 6, 0, 255} }},
	{{ {-981, 128, -1900}, 0, {-4257, 1191}, {9, 5, 0, 255} }},
	{{ {-881, 728, -1900}, 0, {-2064, 1419}, {18, 11, 0, 255} }},
	{{ {-981, 728, -1900}, 0, {-2064, 1191}, {18, 11, 0, 255} }},
	{{ {-881, 1428, -1900}, 0, {495, 1419}, {18, 11, 0, 255} }},
	{{ {-981, 1328, -1900}, 0, {129, 1191}, {18, 11, 0, 255} }},
	{{ {-1481, 1428, -1900}, 0, {495, 48}, {18, 11, 0, 255} }},
	{{ {981, 128, -1900}, 0, {5249, 1191}, {9, 5, 0, 255} }},
	{{ {881, 28, -1900}, 0, {5615, 1419}, {9, 5, 0, 255} }},
	{{ {1481, 28, -1900}, 0, {5615, 48}, {9, 5, 0, 255} }},
	{{ {881, 728, -1900}, 0, {3056, 1419}, {18, 11, 0, 255} }},
	{{ {981, 728, -1900}, 0, {3056, 1191}, {18, 11, 0, 255} }},
	{{ {881, 1428, -1900}, 0, {497, 1419}, {18, 11, 0, 255} }},
	{{ {981, 1328, -1900}, 0, {863, 1191}, {18, 11, 0, 255} }},
	{{ {1381, 1328, -1900}, 0, {863, 277}, {18, 11, 0, 255} }},
	{{ {1481, 1428, -1900}, 0, {497, 48}, {18, 11, 0, 255} }},
	{{ {1481, 728, -1900}, 0, {3056, 48}, {18, 11, 0, 255} }},
	{{ {1381, 728, -1900}, 0, {3056, 277}, {18, 11, 0, 255} }},
	{{ {1381, 128, -1900}, 0, {5249, 277}, {9, 5, 0, 255} }},
};

Gfx castle_grounds_dl_Circle_001_mesh_layer_1_tri_6[] = {
	gsSPVertex(castle_grounds_dl_Circle_001_mesh_layer_1_vtx_6 + 0, 32, 0),
	gsSP2Triangles(0, 1, 2, 0, 0, 2, 3, 0),
	gsSP2Triangles(3, 2, 4, 0, 2, 5, 4, 0),
	gsSP2Triangles(2, 6, 5, 0, 7, 6, 2, 0),
	gsSP2Triangles(7, 8, 6, 0, 3, 4, 9, 0),
	gsSP2Triangles(10, 11, 12, 0, 10, 12, 13, 0),
	gsSP2Triangles(13, 12, 14, 0, 13, 14, 15, 0),
	gsSP2Triangles(16, 17, 18, 0, 16, 18, 19, 0),
	gsSP2Triangles(19, 18, 20, 0, 21, 20, 18, 0),
	gsSP2Triangles(20, 22, 19, 0, 23, 24, 25, 0),
	gsSP2Triangles(23, 25, 26, 0, 26, 25, 27, 0),
	gsSP2Triangles(26, 27, 28, 0, 29, 30, 31, 0),
	gsSPVertex(castle_grounds_dl_Circle_001_mesh_layer_1_vtx_6 + 32, 31, 0),
	gsSP2Triangles(0, 1, 2, 0, 2, 1, 3, 0),
	gsSP2Triangles(2, 3, 4, 0, 5, 6, 7, 0),
	gsSP2Triangles(5, 7, 8, 0, 7, 9, 8, 0),
	gsSP2Triangles(7, 10, 9, 0, 10, 7, 11, 0),
	gsSP2Triangles(12, 13, 14, 0, 12, 14, 15, 0),
	gsSP2Triangles(16, 15, 14, 0, 16, 17, 15, 0),
	gsSP2Triangles(15, 17, 18, 0, 19, 20, 21, 0),
	gsSP2Triangles(22, 20, 19, 0, 22, 23, 20, 0),
	gsSP2Triangles(24, 23, 22, 0, 24, 25, 23, 0),
	gsSP2Triangles(26, 25, 24, 0, 26, 27, 25, 0),
	gsSP2Triangles(28, 27, 26, 0, 28, 29, 27, 0),
	gsSP2Triangles(28, 21, 29, 0, 28, 30, 21, 0),
	gsSP1Triangle(19, 21, 30, 0),
	gsSPVertex(castle_grounds_dl_Circle_001_mesh_layer_1_vtx_6 + 63, 12, 0),
	gsSP2Triangles(0, 1, 2, 0, 3, 1, 0, 0),
	gsSP2Triangles(3, 0, 4, 0, 5, 3, 4, 0),
	gsSP2Triangles(5, 4, 6, 0, 7, 5, 6, 0),
	gsSP2Triangles(7, 8, 5, 0, 9, 8, 7, 0),
	gsSP2Triangles(9, 7, 10, 0, 2, 9, 10, 0),
	gsSP2Triangles(2, 10, 11, 0, 0, 2, 11, 0),
	gsSPEndDisplayList(),
};

Vtx castle_grounds_dl_Circle_001_mesh_layer_1_vtx_7[11] = {
	{{ {-150, 0, -2700}, 0, {2323, 4081}, {55, 0, 0, 255} }},
	{{ {150, 0, -2800}, 0, {-1575, 5381}, {55, 0, 0, 255} }},
	{{ {-150, 0, -2800}, 0, {2323, 5381}, {55, 0, 0, 255} }},
	{{ {150, 0, -2700}, 0, {-1575, 4081}, {55, 0, 0, 255} }},
	{{ {-150, 0, -2600}, 0, {2323, 2782}, {55, 0, 0, 255} }},
	{{ {150, 0, -2600}, 0, {-1575, 2782}, {55, 0, 0, 255} }},
	{{ {150, 0, -2132}, 0, {-1575, -3295}, {55, 0, 0, 255} }},
	{{ {94, 0, -2046}, 0, {-848, -4422}, {55, 0, 0, 255} }},
	{{ {-94, 0, -2046}, 0, {1596, -4422}, {55, 0, 0, 255} }},
	{{ {-150, 0, -2132}, 0, {2323, -3295}, {55, 0, 0, 255} }},
	{{ {0, 0, -2012}, 0, {374, -4858}, {55, 0, 0, 255} }},
};

Gfx castle_grounds_dl_Circle_001_mesh_layer_1_tri_7[] = {
	gsSPVertex(castle_grounds_dl_Circle_001_mesh_layer_1_vtx_7 + 0, 11, 0),
	gsSP2Triangles(0, 1, 2, 0, 0, 3, 1, 0),
	gsSP2Triangles(4, 3, 0, 0, 4, 5, 3, 0),
	gsSP2Triangles(6, 5, 4, 0, 7, 6, 4, 0),
	gsSP2Triangles(4, 8, 7, 0, 4, 9, 8, 0),
	gsSP1Triangle(8, 10, 7, 0),
	gsSPEndDisplayList(),
};

Vtx castle_grounds_dl_Circle_001_mesh_layer_1_vtx_8[23] = {
	{{ {-1397, 450, 1265}, 0, {103, -2044}, {18, 11, 0, 255} }},
	{{ {-1197, 450, 1348}, 0, {-316, -1031}, {18, 11, 0, 255} }},
	{{ {-1197, 400, 765}, 0, {2636, -1031}, {18, 11, 0, 255} }},
	{{ {-1597, 400, 765}, 0, {2636, -3058}, {18, 11, 0, 255} }},
	{{ {-1091, 350, 536}, 0, {3796, -492}, {18, 11, 0, 255} }},
	{{ {-1416, 350, 308}, 0, {4954, -2140}, {18, 11, 0, 255} }},
	{{ {-897, 300, 465}, 0, {4156, 489}, {18, 11, 0, 255} }},
	{{ {-897, 300, 65}, 0, {6182, 489}, {18, 11, 0, 255} }},
	{{ {-697, 250, 465}, 0, {4156, 1502}, {18, 11, 0, 255} }},
	{{ {-697, 250, 65}, 0, {6182, 1502}, {18, 11, 0, 255} }},
	{{ {-527, 200, 555}, 0, {3703, 2366}, {18, 11, 0, 255} }},
	{{ {-244, 200, 287}, 0, {5057, 3796}, {18, 11, 0, 255} }},
	{{ {-397, 150, 765}, 0, {2636, 3021}, {18, 11, 0, 255} }},
	{{ {3, 150, 765}, 0, {2636, 5048}, {18, 11, 0, 255} }},
	{{ {-397, 100, 1265}, 0, {103, 3021}, {18, 11, 0, 255} }},
	{{ {3, 100, 1265}, 0, {103, 5048}, {18, 11, 0, 255} }},
	{{ {-397, 20, 1649}, 0, {-1847, 3021}, {18, 11, 0, 255} }},
	{{ {3, 20, 1649}, 0, {-1847, 5048}, {18, 11, 0, 255} }},
	{{ {-397, 0, 2230}, 0, {-4790, 3021}, {18, 11, 0, 255} }},
	{{ {3, 0, 2230}, 0, {-4790, 5048}, {18, 11, 0, 255} }},
	{{ {-397, 0, 2800}, 0, {-7680, 3021}, {18, 11, 0, 255} }},
	{{ {3, 0, 2800}, 0, {-7680, 5048}, {18, 11, 0, 255} }},
	{{ {-1597, 450, 1348}, 0, {-316, -3058}, {18, 11, 0, 255} }},
};

Gfx castle_grounds_dl_Circle_001_mesh_layer_1_tri_8[] = {
	gsSPVertex(castle_grounds_dl_Circle_001_mesh_layer_1_vtx_8 + 0, 23, 0),
	gsSP2Triangles(0, 1, 2, 0, 0, 2, 3, 0),
	gsSP2Triangles(3, 2, 4, 0, 3, 4, 5, 0),
	gsSP2Triangles(5, 4, 6, 0, 5, 6, 7, 0),
	gsSP2Triangles(7, 6, 8, 0, 7, 8, 9, 0),
	gsSP2Triangles(9, 8, 10, 0, 9, 10, 11, 0),
	gsSP2Triangles(11, 10, 12, 0, 11, 12, 13, 0),
	gsSP2Triangles(13, 12, 14, 0, 13, 14, 15, 0),
	gsSP2Triangles(15, 14, 16, 0, 15, 16, 17, 0),
	gsSP2Triangles(17, 16, 18, 0, 17, 18, 19, 0),
	gsSP2Triangles(19, 18, 20, 0, 19, 20, 21, 0),
	gsSP1Triangle(22, 0, 3, 0),
	gsSPEndDisplayList(),
};

Vtx castle_grounds_dl_Circle_001_mesh_layer_1_vtx_9[30] = {
	{{ {-675, 0, -1900}, 0, {1715, 4079}, {18, 11, 0, 255} }},
	{{ {-506, 0, -1743}, 0, {2430, 3311}, {18, 11, 0, 255} }},
	{{ {0, 0, -1641}, 0, {2894, 1008}, {18, 11, 0, 255} }},
	{{ {0, 0, -2012}, 0, {1204, 1008}, {18, 11, 0, 255} }},
	{{ {675, 0, -1900}, 0, {1715, -2063}, {18, 11, 0, 255} }},
	{{ {506, 0, -1743}, 0, {2430, -1295}, {18, 11, 0, 255} }},
	{{ {94, 0, -2046}, 0, {1052, 580}, {18, 11, 0, 255} }},
	{{ {150, 0, -2132}, 0, {657, 325}, {18, 11, 0, 255} }},
	{{ {150, 0, -2600}, 0, {-1471, 325}, {18, 11, 0, 255} }},
	{{ {675, 0, -2037}, 0, {1089, -2063}, {18, 11, 0, 255} }},
	{{ {569, 0, -2494}, 0, {-988, -1581}, {18, 11, 0, 255} }},
	{{ {675, 0, -2450}, 0, {-788, -2063}, {18, 11, 0, 255} }},
	{{ {525, 0, -2600}, 0, {-1471, -1381}, {18, 11, 0, 255} }},
	{{ {-94, 0, -2046}, 0, {1052, 1436}, {18, 11, 0, 255} }},
	{{ {-150, 0, -2132}, 0, {657, 1691}, {18, 11, 0, 255} }},
	{{ {-150, 0, -2600}, 0, {-1471, 1691}, {18, 11, 0, 255} }},
	{{ {-675, 0, -2037}, 0, {1089, 4079}, {18, 11, 0, 255} }},
	{{ {-569, 0, -2494}, 0, {-988, 3597}, {18, 11, 0, 255} }},
	{{ {-525, 0, -2600}, 0, {-1471, 3397}, {18, 11, 0, 255} }},
	{{ {-675, 0, -2450}, 0, {-788, 4079}, {18, 11, 0, 255} }},
	{{ {-1197, 450, 1456}, 0, {-706, 2190}, {18, 11, 0, 255} }},
	{{ {-1397, 450, 1373}, 0, {160, 3056}, {18, 11, 0, 255} }},
	{{ {-1597, 450, 1456}, 0, {1385, 3056}, {18, 11, 0, 255} }},
	{{ {-1789, 450, 1765}, 0, {3056, 1856}, {18, 11, 0, 255} }},
	{{ {-1674, 450, 1488}, 0, {1856, 3056}, {18, 11, 0, 255} }},
	{{ {-1005, 450, 1765}, 0, {-1040, 160}, {18, 11, 0, 255} }},
	{{ {-1397, 450, 2157}, 0, {1856, -1040}, {18, 11, 0, 255} }},
	{{ {-1674, 450, 2042}, 0, {3056, 160}, {18, 11, 0, 255} }},
	{{ {-1120, 450, 2042}, 0, {160, -1040}, {18, 11, 0, 255} }},
	{{ {-1120, 450, 1488}, 0, {-1040, 1856}, {18, 11, 0, 255} }},
};

Gfx castle_grounds_dl_Circle_001_mesh_layer_1_tri_9[] = {
	gsSPVertex(castle_grounds_dl_Circle_001_mesh_layer_1_vtx_9 + 0, 30, 0),
	gsSP2Triangles(0, 1, 2, 0, 3, 0, 2, 0),
	gsSP2Triangles(3, 2, 4, 0, 2, 5, 4, 0),
	gsSP2Triangles(4, 6, 3, 0, 7, 6, 4, 0),
	gsSP2Triangles(8, 7, 4, 0, 8, 4, 9, 0),
	gsSP2Triangles(9, 10, 8, 0, 9, 11, 10, 0),
	gsSP2Triangles(10, 12, 8, 0, 3, 13, 0, 0),
	gsSP2Triangles(14, 0, 13, 0, 15, 0, 14, 0),
	gsSP2Triangles(16, 0, 15, 0, 15, 17, 16, 0),
	gsSP2Triangles(15, 18, 17, 0, 17, 19, 16, 0),
	gsSP2Triangles(20, 21, 22, 0, 20, 22, 23, 0),
	gsSP2Triangles(22, 24, 23, 0, 23, 25, 20, 0),
	gsSP2Triangles(23, 26, 25, 0, 23, 27, 26, 0),
	gsSP2Triangles(26, 28, 25, 0, 25, 29, 20, 0),
	gsSPEndDisplayList(),
};

Vtx castle_grounds_dl_Circle_001_mesh_layer_1_vtx_10[104] = {
	{{ {-1044, 301, 1411}, 0, {106, 2538}, {17, 56, 0, 255} }},
	{{ {-1197, 400, 765}, 0, {-271, 884}, {17, 56, 0, 255} }},
	{{ {-1197, 450, 1348}, 0, {-311, 2369}, {17, 56, 0, 255} }},
	{{ {-1091, 350, 536}, 0, {15, 305}, {17, 56, 0, 255} }},
	{{ {-897, 300, 465}, 0, {513, 131}, {17, 56, 0, 255} }},
	{{ {-697, 250, 465}, 0, {1026, 139}, {17, 56, 0, 255} }},
	{{ {-970, 249, 1588}, 0, {291, 2992}, {17, 56, 0, 255} }},
	{{ {-527, 200, 555}, 0, {1460, 373}, {17, 56, 0, 255} }},
	{{ {-397, 150, 765}, 0, {1785, 915}, {17, 56, 0, 255} }},
	{{ {-397, 100, 1265}, 0, {1772, 2190}, {17, 56, 0, 255} }},
	{{ {-397, 20, 1649}, 0, {1768, 3171}, {17, 56, 0, 255} }},
	{{ {-897, 112, 1765}, 0, {488, 3459}, {17, 56, 0, 255} }},
	{{ {-397, 0, 2230}, 0, {1760, 4652}, {17, 56, 0, 255} }},
	{{ {-1044, 0, 2119}, 0, {113, 4366}, {17, 56, 0, 255} }},
	{{ {-397, 0, 2800}, 0, {1758, 6105}, {17, 56, 0, 255} }},
	{{ {-1397, 0, 2265}, 0, {-788, 4741}, {17, 56, 0, 255} }},
	{{ {-1342, 0, 2800}, 0, {-653, 6100}, {17, 56, 0, 255} }},
	{{ {-2416, 0, 2365}, 0, {-3363, 4978}, {17, 56, 0, 255} }},
	{{ {-1751, 0, 2119}, 0, {-1680, 4370}, {17, 56, 0, 255} }},
	{{ {-2759, 0, 1383}, 0, {-4227, 2483}, {17, 56, 0, 255} }},
	{{ {-2110, 0, 1604}, 0, {-2566, 3045}, {17, 56, 0, 255} }},
	{{ {-1897, 180, 1765}, 0, {-1983, 3433}, {17, 56, 0, 255} }},
	{{ {-1781, 180, 765}, 0, {-1746, 898}, {17, 56, 0, 255} }},
	{{ {-1751, 360, 1411}, 0, {-1582, 2537}, {17, 56, 0, 255} }},
	{{ {-1597, 400, 765}, 0, {-1237, 908}, {17, 56, 0, 255} }},
	{{ {-1597, 450, 1348}, 0, {-1191, 2368}, {17, 56, 0, 255} }},
	{{ {-1416, 350, 308}, 0, {-800, -218}, {17, 56, 0, 255} }},
	{{ {-1590, 175, 217}, 0, {-1253, -471}, {17, 56, 0, 255} }},
	{{ {-897, 0, -167}, 0, {484, -1472}, {17, 56, 0, 255} }},
	{{ {-897, 300, 65}, 0, {491, -812}, {17, 56, 0, 255} }},
	{{ {-697, 250, 65}, 0, {988, -831}, {17, 56, 0, 255} }},
	{{ {-569, 0, -157}, 0, {1325, -1439}, {17, 56, 0, 255} }},
	{{ {-697, 250, 65}, 0, {988, -831}, {17, 56, 0, 255} }},
	{{ {-116, 0, 66}, 0, {2481, -872}, {17, 56, 0, 255} }},
	{{ {-569, 0, -157}, 0, {1325, -1439}, {17, 56, 0, 255} }},
	{{ {-244, 200, 287}, 0, {2135, -288}, {17, 56, 0, 255} }},
	{{ {303, 0, 665}, 0, {3549, 657}, {17, 56, 0, 255} }},
	{{ {3, 150, 765}, 0, {2771, 917}, {17, 56, 0, 255} }},
	{{ {3, 100, 1265}, 0, {2778, 2187}, {17, 56, 0, 255} }},
	{{ {203, 0, 1265}, 0, {3297, 2190}, {17, 56, 0, 255} }},
	{{ {3, 20, 1649}, 0, {2786, 3167}, {17, 56, 0, 255} }},
	{{ {2120, 0, 984}, 0, {8182, 1472}, {17, 56, 0, 255} }},
	{{ {3, 0, 2230}, 0, {2784, 4649}, {17, 56, 0, 255} }},
	{{ {424, 0, 2800}, 0, {3856, 6104}, {17, 56, 0, 255} }},
	{{ {3, 0, 2800}, 0, {2782, 6104}, {17, 56, 0, 255} }},
	{{ {845, 100, 2800}, 0, {4930, 6104}, {17, 56, 0, 255} }},
	{{ {2120, 100, 1625}, 0, {8182, 3107}, {17, 56, 0, 255} }},
	{{ {1805, 300, 2480}, 0, {7379, 5289}, {17, 56, 0, 255} }},
	{{ {-2464, 0, 1193}, 0, {-3480, 1999}, {17, 56, 0, 255} }},
	{{ {-2759, 0, 1192}, 0, {-4228, 2001}, {17, 56, 0, 255} }},
	{{ {-2759, 0, 1383}, 0, {-4227, 2483}, {17, 56, 0, 255} }},
	{{ {-2110, 0, 1604}, 0, {-2566, 3045}, {17, 56, 0, 255} }},
	{{ {-2137, 0, 1027}, 0, {-2658, 1572}, {17, 56, 0, 255} }},
	{{ {-1781, 180, 765}, 0, {-1746, 898}, {17, 56, 0, 255} }},
	{{ {-1986, 0, 713}, 0, {-2295, 759}, {17, 56, 0, 255} }},
	{{ {-1590, 175, 217}, 0, {-1253, -471}, {17, 56, 0, 255} }},
	{{ {-1764, 0, 127}, 0, {-1713, -726}, {17, 56, 0, 255} }},
	{{ {-897, 0, -167}, 0, {484, -1472}, {17, 56, 0, 255} }},
	{{ {-1952, 0, -144}, 0, {-2187, -1413}, {17, 56, 0, 255} }},
	{{ {-1770, 0, -466}, 0, {-1733, -2226}, {17, 56, 0, 255} }},
	{{ {-1374, 0, -612}, 0, {-733, -2603}, {17, 56, 0, 255} }},
	{{ {770, 0, -614}, 0, {4744, -2601}, {17, 56, 0, 255} }},
	{{ {1037, 0, -501}, 0, {5427, -2309}, {17, 56, 0, 255} }},
	{{ {1144, 0, -212}, 0, {5699, -1574}, {17, 56, 0, 255} }},
	{{ {1144, 0, -212}, 0, {5699, -1574}, {17, 56, 0, 255} }},
	{{ {-116, 0, 66}, 0, {2481, -872}, {17, 56, 0, 255} }},
	{{ {1451, 0, 143}, 0, {6479, -669}, {17, 56, 0, 255} }},
	{{ {303, 0, 665}, 0, {3549, 657}, {17, 56, 0, 255} }},
	{{ {1948, 0, 344}, 0, {7745, -154}, {17, 56, 0, 255} }},
	{{ {2120, 0, 984}, 0, {8182, 1472}, {17, 56, 0, 255} }},
	{{ {203, 0, 1265}, 0, {3297, 2190}, {17, 56, 0, 255} }},
	{{ {2120, 0, 342}, 0, {8181, -159}, {17, 56, 0, 255} }},
	{{ {-1986, 0, 713}, 0, {-2295, 759}, {17, 56, 0, 255} }},
	{{ {-1764, 0, 127}, 0, {-1713, -726}, {17, 56, 0, 255} }},
	{{ {-1985, 0, 177}, 0, {-2279, -604}, {17, 56, 0, 255} }},
	{{ {-1952, 0, -144}, 0, {-2187, -1413}, {17, 56, 0, 255} }},
	{{ {2037, 0, -113}, 0, {7969, -1325}, {17, 56, 0, 255} }},
	{{ {2120, 0, -117}, 0, {8182, -1334}, {17, 56, 0, 255} }},
	{{ {2120, 0, -725}, 0, {8182, -2886}, {17, 56, 0, 255} }},
	{{ {1722, 0, -234}, 0, {7167, -1635}, {17, 56, 0, 255} }},
	{{ {1538, 0, -461}, 0, {6697, -2214}, {17, 56, 0, 255} }},
	{{ {1687, 0, -1900}, 0, {7079, -5883}, {17, 56, 0, 255} }},
	{{ {1367, 0, -825}, 0, {6261, -3141}, {17, 56, 0, 255} }},
	{{ {872, 0, -1068}, 0, {4998, -3761}, {17, 56, 0, 255} }},
	{{ {810, 0, -1900}, 0, {4841, -5883}, {17, 56, 0, 255} }},
	{{ {506, 0, -1743}, 0, {4066, -5482}, {17, 56, 0, 255} }},
	{{ {675, 0, -1900}, 0, {4496, -5883}, {17, 56, 0, 255} }},
	{{ {0, 0, -1641}, 0, {2775, -5222}, {17, 56, 0, 255} }},
	{{ {-1462, 0, -1069}, 0, {-954, -3764}, {17, 56, 0, 255} }},
	{{ {-506, 0, -1743}, 0, {1484, -5482}, {17, 56, 0, 255} }},
	{{ {-810, 0, -1900}, 0, {709, -5883}, {17, 56, 0, 255} }},
	{{ {-675, 0, -1900}, 0, {1053, -5883}, {17, 56, 0, 255} }},
	{{ {-1688, 0, -1900}, 0, {-1529, -5883}, {17, 56, 0, 255} }},
	{{ {-2348, 0, -1149}, 0, {-3213, -3967}, {17, 56, 0, 255} }},
	{{ {-2071, 0, -818}, 0, {-2507, -3124}, {17, 56, 0, 255} }},
	{{ {-2759, 0, 26}, 0, {-4262, -970}, {17, 56, 0, 255} }},
	{{ {-2759, 0, 26}, 0, {-4262, -970}, {17, 56, 0, 255} }},
	{{ {-2392, 0, -295}, 0, {-3325, -1791}, {17, 56, 0, 255} }},
	{{ {-2071, 0, -818}, 0, {-2507, -3124}, {17, 56, 0, 255} }},
	{{ {-2451, 0, 148}, 0, {-3476, -660}, {17, 56, 0, 255} }},
	{{ {-2759, 0, 733}, 0, {-4262, 833}, {17, 56, 0, 255} }},
	{{ {-2442, 0, 617}, 0, {-3453, 535}, {17, 56, 0, 255} }},
	{{ {-2566, 0, 739}, 0, {-3770, 847}, {17, 56, 0, 255} }},
	{{ {-2468, 0, 705}, 0, {-3519, 761}, {17, 56, 0, 255} }},
};

Gfx castle_grounds_dl_Circle_001_mesh_layer_1_tri_10[] = {
	gsSPVertex(castle_grounds_dl_Circle_001_mesh_layer_1_vtx_10 + 0, 32, 0),
	gsSP2Triangles(0, 1, 2, 0, 0, 3, 1, 0),
	gsSP2Triangles(4, 3, 0, 0, 0, 5, 4, 0),
	gsSP2Triangles(6, 5, 0, 0, 7, 5, 6, 0),
	gsSP2Triangles(7, 6, 8, 0, 8, 6, 9, 0),
	gsSP2Triangles(9, 6, 10, 0, 6, 11, 10, 0),
	gsSP2Triangles(10, 11, 12, 0, 11, 13, 12, 0),
	gsSP2Triangles(13, 14, 12, 0, 14, 13, 15, 0),
	gsSP2Triangles(14, 15, 16, 0, 15, 17, 16, 0),
	gsSP2Triangles(15, 18, 17, 0, 19, 17, 18, 0),
	gsSP2Triangles(19, 18, 20, 0, 18, 21, 20, 0),
	gsSP2Triangles(22, 20, 21, 0, 21, 23, 22, 0),
	gsSP2Triangles(23, 24, 22, 0, 24, 23, 25, 0),
	gsSP2Triangles(26, 22, 24, 0, 26, 27, 22, 0),
	gsSP2Triangles(27, 26, 28, 0, 26, 29, 28, 0),
	gsSP2Triangles(30, 28, 29, 0, 30, 31, 28, 0),
	gsSPVertex(castle_grounds_dl_Circle_001_mesh_layer_1_vtx_10 + 32, 32, 0),
	gsSP2Triangles(0, 1, 2, 0, 0, 3, 1, 0),
	gsSP2Triangles(3, 4, 1, 0, 3, 5, 4, 0),
	gsSP2Triangles(4, 5, 6, 0, 4, 6, 7, 0),
	gsSP2Triangles(6, 8, 7, 0, 7, 8, 9, 0),
	gsSP2Triangles(10, 9, 8, 0, 11, 9, 10, 0),
	gsSP2Triangles(12, 11, 10, 0, 9, 11, 13, 0),
	gsSP2Triangles(9, 13, 14, 0, 15, 14, 13, 0),
	gsSP2Triangles(16, 17, 18, 0, 16, 18, 19, 0),
	gsSP2Triangles(16, 19, 20, 0, 19, 21, 20, 0),
	gsSP2Triangles(22, 20, 21, 0, 22, 21, 23, 0),
	gsSP2Triangles(22, 23, 24, 0, 23, 25, 24, 0),
	gsSP2Triangles(25, 26, 24, 0, 26, 25, 27, 0),
	gsSP2Triangles(27, 25, 28, 0, 25, 29, 28, 0),
	gsSP2Triangles(25, 2, 29, 0, 2, 30, 29, 0),
	gsSP2Triangles(2, 1, 30, 0, 30, 1, 31, 0),
	gsSPVertex(castle_grounds_dl_Circle_001_mesh_layer_1_vtx_10 + 64, 32, 0),
	gsSP2Triangles(0, 1, 2, 0, 3, 2, 1, 0),
	gsSP2Triangles(2, 3, 4, 0, 4, 3, 5, 0),
	gsSP2Triangles(6, 5, 3, 0, 4, 5, 7, 0),
	gsSP2Triangles(8, 9, 10, 0, 11, 10, 9, 0),
	gsSP2Triangles(12, 13, 14, 0, 12, 14, 15, 0),
	gsSP2Triangles(14, 16, 15, 0, 17, 16, 14, 0),
	gsSP2Triangles(17, 18, 16, 0, 19, 18, 17, 0),
	gsSP2Triangles(19, 17, 20, 0, 21, 19, 20, 0),
	gsSP2Triangles(21, 20, 22, 0, 23, 19, 21, 0),
	gsSP2Triangles(19, 23, 24, 0, 24, 23, 25, 0),
	gsSP2Triangles(24, 25, 26, 0, 25, 27, 26, 0),
	gsSP2Triangles(26, 28, 24, 0, 28, 29, 24, 0),
	gsSP2Triangles(29, 30, 24, 0, 31, 30, 29, 0),
	gsSPVertex(castle_grounds_dl_Circle_001_mesh_layer_1_vtx_10 + 96, 8, 0),
	gsSP2Triangles(0, 1, 2, 0, 3, 1, 0, 0),
	gsSP2Triangles(3, 0, 4, 0, 5, 3, 4, 0),
	gsSP2Triangles(4, 6, 5, 0, 6, 7, 5, 0),
	gsSPEndDisplayList(),
};

Vtx castle_grounds_dl_Circle_001_mesh_layer_1_vtx_11[284] = {
	{{ {-1417, -230, -837}, 0, {-22992, 65}, {18, 11, 0, 255} }},
	{{ {-1917, -230, -637}, 0, {-28112, -1983}, {18, 11, 0, 255} }},
	{{ {-1813, -200, -516}, 0, {-27050, -3231}, {18, 11, 0, 255} }},
	{{ {-1387, -200, -680}, 0, {-22683, -1545}, {18, 11, 0, 255} }},
	{{ {-1784, -50, -481}, 0, {-26556, -3811}, {18, 11, 0, 255} }},
	{{ {-1378, -50, -633}, 0, {-22539, -2317}, {18, 11, 0, 255} }},
	{{ {-1917, -230, -637}, 0, {-26064, -1983}, {18, 11, 0, 255} }},
	{{ {-2169, -230, -218}, 0, {-28644, -6282}, {18, 11, 0, 255} }},
	{{ {-2018, -200, -165}, 0, {-27095, -6818}, {18, 11, 0, 255} }},
	{{ {-1813, -200, -516}, 0, {-25002, -3231}, {18, 11, 0, 255} }},
	{{ {-1972, -50, -150}, 0, {-26353, -7065}, {18, 11, 0, 255} }},
	{{ {-2007, -50, 176}, 0, {-26704, -10327}, {18, 11, 0, 255} }},
	{{ {-2057, -200, 173}, 0, {-27501, -10279}, {18, 11, 0, 255} }},
	{{ {-2009, -50, 708}, 0, {-26738, -15823}, {18, 11, 0, 255} }},
	{{ {-2061, -200, 696}, 0, {-27535, -15641}, {18, 11, 0, 255} }},
	{{ {-1986, 0, 713}, 0, {-26433, -15893}, {18, 11, 0, 255} }},
	{{ {-1985, 0, 177}, 0, {-26399, -10346}, {18, 11, 0, 255} }},
	{{ {-1952, 0, -144}, 0, {-26069, -7160}, {18, 11, 0, 255} }},
	{{ {-2137, 0, 1027}, 0, {-28074, -19271}, {18, 11, 0, 255} }},
	{{ {-2154, -50, 1011}, 0, {-28298, -19052}, {18, 11, 0, 255} }},
	{{ {-1784, -50, -481}, 0, {-24508, -3811}, {18, 11, 0, 255} }},
	{{ {-2169, -230, -218}, 0, {-26596, -6282}, {18, 11, 0, 255} }},
	{{ {-2057, -200, 173}, 0, {-25453, -10279}, {18, 11, 0, 255} }},
	{{ {-2018, -200, -165}, 0, {-25047, -6818}, {18, 11, 0, 255} }},
	{{ {-2217, -230, 163}, 0, {-27088, -10175}, {18, 11, 0, 255} }},
	{{ {-2061, -200, 696}, 0, {-25487, -15641}, {18, 11, 0, 255} }},
	{{ {-2217, -230, 662}, 0, {-27088, -15295}, {18, 11, 0, 255} }},
	{{ {-2192, -200, 973}, 0, {-26837, -18477}, {18, 11, 0, 255} }},
	{{ {-2307, -230, 861}, 0, {-28009, -17332}, {18, 11, 0, 255} }},
	{{ {-2154, -50, 1011}, 0, {-26250, -19052}, {18, 11, 0, 255} }},
	{{ {-2009, -50, 708}, 0, {-24690, -15823}, {18, 11, 0, 255} }},
	{{ {-3465, -230, 962}, 0, {-25532, -18365}, {18, 11, 0, 255} }},
	{{ {-3517, -200, 802}, 0, {-26064, -16729}, {18, 11, 0, 255} }},
	{{ {-3767, -200, 878}, 0, {-28630, -17504}, {18, 11, 0, 255} }},
	{{ {-3653, -230, 1019}, 0, {-27456, -18946}, {18, 11, 0, 255} }},
	{{ {-3413, -200, 1122}, 0, {-24999, -20002}, {18, 11, 0, 255} }},
	{{ {-3538, -200, 1160}, 0, {-26282, -20389}, {18, 11, 0, 255} }},
	{{ {-3771, -230, 1177}, 0, {-28670, -20565}, {18, 11, 0, 255} }},
	{{ {-3591, -200, 1230}, 0, {-26822, -21109}, {18, 11, 0, 255} }},
	{{ {-3771, -230, 1530}, 0, {-28670, -24181}, {18, 11, 0, 255} }},
	{{ {-3591, -200, 1530}, 0, {-26822, -24181}, {18, 11, 0, 255} }},
	{{ {-3551, -50, 1530}, 0, {-26083, -24181}, {18, 11, 0, 255} }},
	{{ {-3548, -50, 1245}, 0, {-26096, -21352}, {18, 11, 0, 255} }},
	{{ {-3512, -50, 1197}, 0, {-25845, -21017}, {18, 11, 0, 255} }},
	{{ {-3653, -230, 1019}, 0, {-25408, -18946}, {18, 11, 0, 255} }},
	{{ {-3767, -200, 878}, 0, {-26582, -17504}, {18, 11, 0, 255} }},
	{{ {-3952, -200, 1124}, 0, {-28470, -20021}, {18, 11, 0, 255} }},
	{{ {-3771, -230, 1177}, 0, {-26622, -20565}, {18, 11, 0, 255} }},
	{{ {-3952, -200, 1530}, 0, {-28470, -24181}, {18, 11, 0, 255} }},
	{{ {-3771, -230, 1530}, 0, {-26622, -24181}, {18, 11, 0, 255} }},
	{{ {-1378, -50, -633}, 0, {-26635, -2317}, {18, 11, 0, 255} }},
	{{ {774, -50, -635}, 0, {-4714, -2298}, {18, 11, 0, 255} }},
	{{ {784, -200, -681}, 0, {-4550, -1534}, {18, 11, 0, 255} }},
	{{ {-1387, -200, -680}, 0, {-26779, -1545}, {18, 11, 0, 255} }},
	{{ {819, -230, -837}, 0, {-4190, 65}, {18, 11, 0, 255} }},
	{{ {-1417, -230, -837}, 0, {-27088, 65}, {18, 11, 0, 255} }},
	{{ {854, -200, -994}, 0, {-3830, 1663}, {18, 11, 0, 255} }},
	{{ {-1447, -200, -995}, 0, {-27398, 1673}, {18, 11, 0, 255} }},
	{{ {866, -50, -1045}, 0, {-3646, 2460}, {18, 11, 0, 255} }},
	{{ {-1457, -50, -1046}, 0, {-27556, 2474}, {18, 11, 0, 255} }},
	{{ {872, 0, -1068}, 0, {-3575, 2763}, {18, 11, 0, 255} }},
	{{ {-1462, 0, -1069}, 0, {-27616, 2780}, {18, 11, 0, 255} }},
	{{ {-2453, -50, 719}, 0, {-27673, -15665}, {18, 11, 0, 255} }},
	{{ {-2562, -50, 760}, 0, {-28631, -16004}, {18, 11, 0, 255} }},
	{{ {-2553, -200, 807}, 0, {-28477, -16770}, {18, 11, 0, 255} }},
	{{ {-2421, -200, 750}, 0, {-27133, -16188}, {18, 11, 0, 255} }},
	{{ {-2517, -230, 962}, 0, {-28112, -18367}, {18, 11, 0, 255} }},
	{{ {-2307, -230, 861}, 0, {-25961, -17332}, {18, 11, 0, 255} }},
	{{ {-2481, -200, 1118}, 0, {-27748, -19965}, {18, 11, 0, 255} }},
	{{ {-2192, -200, 973}, 0, {-24789, -18477}, {18, 11, 0, 255} }},
	{{ {-2469, -50, 1170}, 0, {-27558, -20761}, {18, 11, 0, 255} }},
	{{ {-2154, -50, 1011}, 0, {-24202, -19052}, {18, 11, 0, 255} }},
	{{ {-2464, 0, 1193}, 0, {-27485, -21065}, {18, 11, 0, 255} }},
	{{ {-2137, 0, 1027}, 0, {-23978, -19271}, {18, 11, 0, 255} }},
	{{ {-2373, -200, 629}, 0, {-26642, -14951}, {18, 11, 0, 255} }},
	{{ {-2420, -50, 620}, 0, {-27413, -14808}, {18, 11, 0, 255} }},
	{{ {-2428, -50, 149}, 0, {-27484, -10022}, {18, 11, 0, 255} }},
	{{ {-2377, -200, 152}, 0, {-26676, -10073}, {18, 11, 0, 255} }},
	{{ {-2217, -230, 662}, 0, {-25040, -15295}, {18, 11, 0, 255} }},
	{{ {-2217, -230, 163}, 0, {-25040, -10175}, {18, 11, 0, 255} }},
	{{ {-2320, -200, -270}, 0, {-26096, -5746}, {18, 11, 0, 255} }},
	{{ {-2169, -230, -218}, 0, {-24548, -6282}, {18, 11, 0, 255} }},
	{{ {-2370, -50, -288}, 0, {-26866, -5473}, {18, 11, 0, 255} }},
	{{ {-2392, 0, -295}, 0, {-27160, -5369}, {18, 11, 0, 255} }},
	{{ {-2071, 0, -818}, 0, {-23766, 127}, {18, 11, 0, 255} }},
	{{ {-2056, -50, -800}, 0, {-23563, -111}, {18, 11, 0, 255} }},
	{{ {-2021, -200, -759}, 0, {-23031, -736}, {18, 11, 0, 255} }},
	{{ {-2451, 0, 148}, 0, {-27792, -10003}, {18, 11, 0, 255} }},
	{{ {-2442, 0, 617}, 0, {-27709, -14754}, {18, 11, 0, 255} }},
	{{ {-2468, 0, 705}, 0, {-27881, -15464}, {18, 11, 0, 255} }},
	{{ {-3524, -50, 751}, 0, {-24134, -15923}, {18, 11, 0, 255} }},
	{{ {-3767, -200, 878}, 0, {-26582, -17504}, {18, 11, 0, 255} }},
	{{ {-3517, -200, 802}, 0, {-24016, -16729}, {18, 11, 0, 255} }},
	{{ {-3798, -50, 834}, 0, {-27053, -16831}, {18, 11, 0, 255} }},
	{{ {-3528, 0, 728}, 0, {-24178, -15615}, {18, 11, 0, 255} }},
	{{ {-3798, -50, 834}, 0, {-27053, -16831}, {18, 11, 0, 255} }},
	{{ {-3524, -50, 751}, 0, {-24134, -15923}, {18, 11, 0, 255} }},
	{{ {-3812, 0, 815}, 0, {-27232, -16574}, {18, 11, 0, 255} }},
	{{ {-3512, -50, 1197}, 0, {-27893, -21017}, {18, 11, 0, 255} }},
	{{ {-3413, -200, 1122}, 0, {-27047, -20002}, {18, 11, 0, 255} }},
	{{ {-3538, -200, 1160}, 0, {-28330, -20389}, {18, 11, 0, 255} }},
	{{ {-3406, -50, 1170}, 0, {-26932, -20783}, {18, 11, 0, 255} }},
	{{ {-3500, 0, 1215}, 0, {-27725, -21259}, {18, 11, 0, 255} }},
	{{ {-3528, 0, 1251}, 0, {-27864, -21445}, {18, 11, 0, 255} }},
	{{ {-3548, -50, 1245}, 0, {-28144, -21352}, {18, 11, 0, 255} }},
	{{ {-3534, 0, 1530}, 0, {-27862, -24181}, {18, 11, 0, 255} }},
	{{ {-3551, -50, 1530}, 0, {-28131, -24181}, {18, 11, 0, 255} }},
	{{ {-3403, 0, 1192}, 0, {-26888, -21082}, {18, 11, 0, 255} }},
	{{ {-2759, -50, 1170}, 0, {-20349, -20783}, {18, 11, 0, 255} }},
	{{ {-2759, 0, 1192}, 0, {-20349, -21087}, {18, 11, 0, 255} }},
	{{ {-2759, -200, 1120}, 0, {-20350, -19983}, {18, 11, 0, 255} }},
	{{ {-2759, -230, 962}, 0, {-20350, -18366}, {18, 11, 0, 255} }},
	{{ {-3465, -230, 962}, 0, {-27580, -18365}, {18, 11, 0, 255} }},
	{{ {-2759, -200, 805}, 0, {-20350, -16750}, {18, 11, 0, 255} }},
	{{ {-3517, -200, 802}, 0, {-28112, -16729}, {18, 11, 0, 255} }},
	{{ {-2759, -50, 755}, 0, {-20349, -15955}, {18, 11, 0, 255} }},
	{{ {-3524, -50, 751}, 0, {-28230, -15923}, {18, 11, 0, 255} }},
	{{ {-2759, 0, 733}, 0, {-20349, -15651}, {18, 11, 0, 255} }},
	{{ {-3528, 0, 728}, 0, {-28274, -15615}, {18, 11, 0, 255} }},
	{{ {-3798, -50, 834}, 0, {-25005, -16831}, {18, 11, 0, 255} }},
	{{ {-3952, -200, 1124}, 0, {-26422, -20021}, {18, 11, 0, 255} }},
	{{ {-3767, -200, 878}, 0, {-24534, -17504}, {18, 11, 0, 255} }},
	{{ {-4003, -50, 1107}, 0, {-27202, -19761}, {18, 11, 0, 255} }},
	{{ {-3812, 0, 815}, 0, {-25184, -16574}, {18, 11, 0, 255} }},
	{{ {-4025, 0, 1100}, 0, {-27500, -19662}, {18, 11, 0, 255} }},
	{{ {-3992, -50, 1530}, 0, {-27160, -24181}, {18, 11, 0, 255} }},
	{{ {-4025, 0, 1100}, 0, {-27500, -19662}, {18, 11, 0, 255} }},
	{{ {-4009, 0, 1530}, 0, {-27427, -24181}, {18, 11, 0, 255} }},
	{{ {-3992, -50, 1530}, 0, {-27160, -24181}, {18, 11, 0, 255} }},
	{{ {-4003, -50, 1107}, 0, {-27202, -19761}, {18, 11, 0, 255} }},
	{{ {-3952, -200, 1530}, 0, {-26422, -24181}, {18, 11, 0, 255} }},
	{{ {-3952, -200, 1124}, 0, {-26422, -20021}, {18, 11, 0, 255} }},
	{{ {-2759, 0, 1192}, 0, {-28539, -21087}, {18, 11, 0, 255} }},
	{{ {-2464, 0, 1193}, 0, {-25437, -21065}, {18, 11, 0, 255} }},
	{{ {-2469, -50, 1170}, 0, {-25510, -20761}, {18, 11, 0, 255} }},
	{{ {-2759, -50, 1170}, 0, {-28540, -20783}, {18, 11, 0, 255} }},
	{{ {-2481, -200, 1118}, 0, {-25700, -19965}, {18, 11, 0, 255} }},
	{{ {-2759, -200, 1120}, 0, {-28542, -19983}, {18, 11, 0, 255} }},
	{{ {-2517, -230, 962}, 0, {-26064, -18367}, {18, 11, 0, 255} }},
	{{ {-2759, -230, 962}, 0, {-28542, -18366}, {18, 11, 0, 255} }},
	{{ {-2553, -200, 807}, 0, {-26429, -16770}, {18, 11, 0, 255} }},
	{{ {-2759, -200, 805}, 0, {-28542, -16750}, {18, 11, 0, 255} }},
	{{ {-2562, -50, 760}, 0, {-26583, -16004}, {18, 11, 0, 255} }},
	{{ {-2759, -50, 755}, 0, {-28539, -15955}, {18, 11, 0, 255} }},
	{{ {-2566, 0, 739}, 0, {-26643, -15710}, {18, 11, 0, 255} }},
	{{ {-2468, 0, 705}, 0, {-25833, -15464}, {18, 11, 0, 255} }},
	{{ {-2453, -50, 719}, 0, {-25625, -15665}, {18, 11, 0, 255} }},
	{{ {-2759, 0, 733}, 0, {-28539, -15651}, {18, 11, 0, 255} }},
	{{ {-1952, 0, -144}, 0, {-28117, -7160}, {18, 11, 0, 255} }},
	{{ {-1770, 0, -466}, 0, {-26366, -4034}, {18, 11, 0, 255} }},
	{{ {-1784, -50, -481}, 0, {-26556, -3811}, {18, 11, 0, 255} }},
	{{ {-1972, -50, -150}, 0, {-28401, -7065}, {18, 11, 0, 255} }},
	{{ {-1770, 0, -466}, 0, {-28414, -4034}, {18, 11, 0, 255} }},
	{{ {-1374, 0, -612}, 0, {-24532, -2613}, {18, 11, 0, 255} }},
	{{ {-1378, -50, -633}, 0, {-24587, -2317}, {18, 11, 0, 255} }},
	{{ {-1784, -50, -481}, 0, {-28604, -3811}, {18, 11, 0, 255} }},
	{{ {2941, 0, 544}, 0, {8976, -14179}, {18, 11, 0, 255} }},
	{{ {2949, 0, 826}, 0, {9002, -16967}, {18, 11, 0, 255} }},
	{{ {2966, -50, 826}, 0, {9271, -16968}, {18, 11, 0, 255} }},
	{{ {2961, -50, 538}, 0, {9263, -14101}, {18, 11, 0, 255} }},
	{{ {3006, -200, 826}, 0, {10009, -16967}, {18, 11, 0, 255} }},
	{{ {3006, -200, 526}, 0, {10009, -13895}, {18, 11, 0, 255} }},
	{{ {3190, -230, 471}, 0, {11899, -13338}, {18, 11, 0, 255} }},
	{{ {3190, -230, 826}, 0, {11899, -16967}, {18, 11, 0, 255} }},
	{{ {3375, -200, 417}, 0, {13788, -12783}, {18, 11, 0, 255} }},
	{{ {3375, -200, 826}, 0, {13788, -16967}, {18, 11, 0, 255} }},
	{{ {3415, -50, 826}, 0, {14526, -16967}, {18, 11, 0, 255} }},
	{{ {3427, -50, 403}, 0, {14579, -12565}, {18, 11, 0, 255} }},
	{{ {3432, 0, 826}, 0, {14793, -16967}, {18, 11, 0, 255} }},
	{{ {3449, 0, 397}, 0, {14882, -12482}, {18, 11, 0, 255} }},
	{{ {3219, -50, 56}, 0, {12367, -8879}, {18, 11, 0, 255} }},
	{{ {3234, 0, 38}, 0, {12569, -8640}, {18, 11, 0, 255} }},
	{{ {2826, -50, -98}, 0, {8222, -7240}, {18, 11, 0, 255} }},
	{{ {2831, 0, -120}, 0, {8279, -6933}, {18, 11, 0, 255} }},
	{{ {2120, -50, -95}, 0, {938, -7253}, {18, 11, 0, 255} }},
	{{ {2120, 0, -117}, 0, {938, -6949}, {18, 11, 0, 255} }},
	{{ {2120, -200, -45}, 0, {938, -8049}, {18, 11, 0, 255} }},
	{{ {2817, -200, -46}, 0, {8072, -8043}, {18, 11, 0, 255} }},
	{{ {2120, -230, 113}, 0, {938, -9670}, {18, 11, 0, 255} }},
	{{ {1993, -230, 113}, 0, {-359, -9663}, {18, 11, 0, 255} }},
	{{ {2024, -200, -45}, 0, {-48, -8055}, {18, 11, 0, 255} }},
	{{ {2120, -50, -95}, 0, {936, -7253}, {18, 11, 0, 255} }},
	{{ {2033, -50, -92}, 0, {97, -7285}, {18, 11, 0, 255} }},
	{{ {2120, 0, -117}, 0, {937, -6949}, {18, 11, 0, 255} }},
	{{ {2037, 0, -113}, 0, {153, -6990}, {18, 11, 0, 255} }},
	{{ {1710, -50, -217}, 0, {-3089, -6048}, {18, 11, 0, 255} }},
	{{ {1722, 0, -234}, 0, {-2915, -5807}, {18, 11, 0, 255} }},
	{{ {1520, -50, -450}, 0, {-4966, -3749}, {18, 11, 0, 255} }},
	{{ {1722, 0, -234}, 0, {-2915, -5807}, {18, 11, 0, 255} }},
	{{ {1538, 0, -461}, 0, {-4711, -3585}, {18, 11, 0, 255} }},
	{{ {1520, -50, -450}, 0, {-4966, -3749}, {18, 11, 0, 255} }},
	{{ {1350, -50, -808}, 0, {-6755, -46}, {18, 11, 0, 255} }},
	{{ {1367, 0, -825}, 0, {-6532, 175}, {18, 11, 0, 255} }},
	{{ {866, -50, -1045}, 0, {-11838, 2460}, {18, 11, 0, 255} }},
	{{ {872, 0, -1068}, 0, {-11767, 2763}, {18, 11, 0, 255} }},
	{{ {854, -200, -994}, 0, {-12022, 1663}, {18, 11, 0, 255} }},
	{{ {1312, -200, -770}, 0, {-7338, -625}, {18, 11, 0, 255} }},
	{{ {819, -230, -837}, 0, {-12382, 65}, {18, 11, 0, 255} }},
	{{ {1198, -230, -658}, 0, {-8506, -1773}, {18, 11, 0, 255} }},
	{{ {784, -200, -681}, 0, {-12742, -1534}, {18, 11, 0, 255} }},
	{{ {1084, -200, -546}, 0, {-9674, -2923}, {18, 11, 0, 255} }},
	{{ {774, -50, -635}, 0, {-12906, -2298}, {18, 11, 0, 255} }},
	{{ {1052, -50, -515}, 0, {-10215, -3450}, {18, 11, 0, 255} }},
	{{ {770, 0, -614}, 0, {-12969, -2592}, {18, 11, 0, 255} }},
	{{ {1037, 0, -501}, 0, {-10423, -3653}, {18, 11, 0, 255} }},
	{{ {1164, -50, -224}, 0, {-9091, -6365}, {18, 11, 0, 255} }},
	{{ {1144, 0, -212}, 0, {-9356, -6529}, {18, 11, 0, 255} }},
	{{ {1465, -50, 124}, 0, {-5931, -10004}, {18, 11, 0, 255} }},
	{{ {1451, 0, 143}, 0, {-6112, -10258}, {18, 11, 0, 255} }},
	{{ {1953, -50, 321}, 0, {-829, -12073}, {18, 11, 0, 255} }},
	{{ {1948, 0, 344}, 0, {-890, -12379}, {18, 11, 0, 255} }},
	{{ {2120, -50, 321}, 0, {934, -12087}, {18, 11, 0, 255} }},
	{{ {2120, 0, 342}, 0, {933, -12389}, {18, 11, 0, 255} }},
	{{ {2120, -200, 272}, 0, {938, -11292}, {18, 11, 0, 255} }},
	{{ {1963, -200, 270}, 0, {-671, -11272}, {18, 11, 0, 255} }},
	{{ {2120, -230, 113}, 0, {938, -9670}, {18, 11, 0, 255} }},
	{{ {2755, -230, 114}, 0, {7440, -9677}, {18, 11, 0, 255} }},
	{{ {2693, -200, 274}, 0, {6808, -11313}, {18, 11, 0, 255} }},
	{{ {2120, -50, 321}, 0, {937, -12087}, {18, 11, 0, 255} }},
	{{ {2683, -50, 320}, 0, {6644, -12077}, {18, 11, 0, 255} }},
	{{ {2120, 0, 342}, 0, {937, -12389}, {18, 11, 0, 255} }},
	{{ {2683, -50, 320}, 0, {6644, -12077}, {18, 11, 0, 255} }},
	{{ {2120, -50, 321}, 0, {937, -12087}, {18, 11, 0, 255} }},
	{{ {2679, 0, 341}, 0, {6581, -12370}, {18, 11, 0, 255} }},
	{{ {2884, -50, 407}, 0, {8563, -12897}, {18, 11, 0, 255} }},
	{{ {2870, 0, 422}, 0, {8368, -13118}, {18, 11, 0, 255} }},
	{{ {2961, -50, 538}, 0, {9263, -14101}, {18, 11, 0, 255} }},
	{{ {2941, 0, 544}, 0, {8976, -14179}, {18, 11, 0, 255} }},
	{{ {3006, -200, 526}, 0, {10009, -13895}, {18, 11, 0, 255} }},
	{{ {2914, -200, 372}, 0, {9073, -12323}, {18, 11, 0, 255} }},
	{{ {3049, -230, 235}, 0, {10455, -10914}, {18, 11, 0, 255} }},
	{{ {3190, -230, 471}, 0, {11899, -13338}, {18, 11, 0, 255} }},
	{{ {3184, -200, 97}, 0, {11837, -9507}, {18, 11, 0, 255} }},
	{{ {3375, -200, 417}, 0, {13788, -12783}, {18, 11, 0, 255} }},
	{{ {3427, -50, 403}, 0, {14579, -12565}, {18, 11, 0, 255} }},
	{{ {3219, -50, 56}, 0, {12367, -8879}, {18, 11, 0, 255} }},
	{{ {2817, -200, -46}, 0, {8072, -8043}, {18, 11, 0, 255} }},
	{{ {2826, -50, -98}, 0, {8222, -7240}, {18, 11, 0, 255} }},
	{{ {2755, -230, 114}, 0, {7440, -9677}, {18, 11, 0, 255} }},
	{{ {2120, -230, 113}, 0, {938, -9670}, {18, 11, 0, 255} }},
	{{ {2693, -200, 274}, 0, {6808, -11313}, {18, 11, 0, 255} }},
	{{ {1993, -230, 113}, 0, {-359, -9663}, {18, 11, 0, 255} }},
	{{ {1963, -200, 270}, 0, {-671, -11272}, {18, 11, 0, 255} }},
	{{ {1496, -200, 81}, 0, {-5455, -9338}, {18, 11, 0, 255} }},
	{{ {1589, -230, -49}, 0, {-4499, -8007}, {18, 11, 0, 255} }},
	{{ {2024, -200, -45}, 0, {-48, -8055}, {18, 11, 0, 255} }},
	{{ {1682, -200, -179}, 0, {-3544, -6677}, {18, 11, 0, 255} }},
	{{ {2033, -50, -92}, 0, {97, -7285}, {18, 11, 0, 255} }},
	{{ {1710, -50, -217}, 0, {-3089, -6048}, {18, 11, 0, 255} }},
	{{ {1478, -200, -423}, 0, {-5632, -4177}, {18, 11, 0, 255} }},
	{{ {1520, -50, -450}, 0, {-4966, -3749}, {18, 11, 0, 255} }},
	{{ {1312, -200, -770}, 0, {-7338, -625}, {18, 11, 0, 255} }},
	{{ {1520, -50, -450}, 0, {-4966, -3749}, {18, 11, 0, 255} }},
	{{ {1350, -50, -808}, 0, {-6755, -46}, {18, 11, 0, 255} }},
	{{ {1312, -200, -770}, 0, {-7338, -625}, {18, 11, 0, 255} }},
	{{ {1478, -200, -423}, 0, {-5632, -4177}, {18, 11, 0, 255} }},
	{{ {1198, -230, -658}, 0, {-8506, -1773}, {18, 11, 0, 255} }},
	{{ {1343, -230, -337}, 0, {-7015, -5055}, {18, 11, 0, 255} }},
	{{ {1084, -200, -546}, 0, {-9674, -2923}, {18, 11, 0, 255} }},
	{{ {1208, -200, -252}, 0, {-8398, -5934}, {18, 11, 0, 255} }},
	{{ {1052, -50, -515}, 0, {-10215, -3450}, {18, 11, 0, 255} }},
	{{ {1164, -50, -224}, 0, {-9091, -6365}, {18, 11, 0, 255} }},
	{{ {1496, -200, 81}, 0, {-5455, -9338}, {18, 11, 0, 255} }},
	{{ {1465, -50, 124}, 0, {-5931, -10004}, {18, 11, 0, 255} }},
	{{ {1963, -200, 270}, 0, {-671, -11272}, {18, 11, 0, 255} }},
	{{ {1953, -50, 321}, 0, {-829, -12073}, {18, 11, 0, 255} }},
	{{ {1589, -230, -49}, 0, {-4499, -8007}, {18, 11, 0, 255} }},
	{{ {1682, -200, -179}, 0, {-3544, -6677}, {18, 11, 0, 255} }},
	{{ {-1462, 0, -1069}, 0, {-21472, 2780}, {18, 11, 0, 255} }},
	{{ {-2071, 0, -818}, 0, {-27862, 127}, {18, 11, 0, 255} }},
	{{ {-2056, -50, -800}, 0, {-27659, -111}, {18, 11, 0, 255} }},
	{{ {-1457, -50, -1046}, 0, {-21412, 2474}, {18, 11, 0, 255} }},
	{{ {-2021, -200, -759}, 0, {-27127, -736}, {18, 11, 0, 255} }},
	{{ {-1447, -200, -995}, 0, {-21254, 1673}, {18, 11, 0, 255} }},
	{{ {-1917, -230, -637}, 0, {-26064, -1983}, {18, 11, 0, 255} }},
	{{ {-1417, -230, -837}, 0, {-20944, 65}, {18, 11, 0, 255} }},
	{{ {-1374, 0, -612}, 0, {-28628, -2613}, {18, 11, 0, 255} }},
	{{ {770, 0, -614}, 0, {-6825, -2592}, {18, 11, 0, 255} }},
	{{ {774, -50, -635}, 0, {-6762, -2298}, {18, 11, 0, 255} }},
	{{ {-1378, -50, -633}, 0, {-28683, -2317}, {18, 11, 0, 255} }},
	{{ {-2021, -200, -759}, 0, {-25079, -736}, {18, 11, 0, 255} }},
	{{ {-2320, -200, -270}, 0, {-28144, -5746}, {18, 11, 0, 255} }},
	{{ {-2169, -230, -218}, 0, {-26596, -6282}, {18, 11, 0, 255} }},
	{{ {-1917, -230, -637}, 0, {-24016, -1983}, {18, 11, 0, 255} }},
};

Gfx castle_grounds_dl_Circle_001_mesh_layer_1_tri_11[] = {
	gsSPVertex(castle_grounds_dl_Circle_001_mesh_layer_1_vtx_11 + 0, 31, 0),
	gsSP2Triangles(0, 1, 2, 0, 0, 2, 3, 0),
	gsSP2Triangles(4, 3, 2, 0, 4, 5, 3, 0),
	gsSP2Triangles(6, 7, 8, 0, 6, 8, 9, 0),
	gsSP2Triangles(10, 9, 8, 0, 11, 10, 8, 0),
	gsSP2Triangles(11, 8, 12, 0, 13, 11, 12, 0),
	gsSP2Triangles(13, 12, 14, 0, 15, 11, 13, 0),
	gsSP2Triangles(15, 16, 11, 0, 16, 10, 11, 0),
	gsSP2Triangles(16, 17, 10, 0, 18, 15, 13, 0),
	gsSP2Triangles(18, 13, 19, 0, 10, 20, 9, 0),
	gsSP2Triangles(21, 22, 23, 0, 21, 24, 22, 0),
	gsSP2Triangles(24, 25, 22, 0, 24, 26, 25, 0),
	gsSP2Triangles(26, 27, 25, 0, 26, 28, 27, 0),
	gsSP2Triangles(29, 25, 27, 0, 29, 30, 25, 0),
	gsSPVertex(castle_grounds_dl_Circle_001_mesh_layer_1_vtx_11 + 31, 31, 0),
	gsSP2Triangles(0, 1, 2, 0, 0, 2, 3, 0),
	gsSP2Triangles(4, 0, 3, 0, 4, 3, 5, 0),
	gsSP2Triangles(5, 3, 6, 0, 5, 6, 7, 0),
	gsSP2Triangles(7, 6, 8, 0, 7, 8, 9, 0),
	gsSP2Triangles(10, 7, 9, 0, 10, 11, 7, 0),
	gsSP2Triangles(11, 5, 7, 0, 11, 12, 5, 0),
	gsSP2Triangles(13, 14, 15, 0, 13, 15, 16, 0),
	gsSP2Triangles(16, 15, 17, 0, 16, 17, 18, 0),
	gsSP2Triangles(19, 20, 21, 0, 19, 21, 22, 0),
	gsSP2Triangles(23, 22, 21, 0, 23, 24, 22, 0),
	gsSP2Triangles(25, 24, 23, 0, 25, 26, 24, 0),
	gsSP2Triangles(27, 26, 25, 0, 27, 28, 26, 0),
	gsSP2Triangles(29, 28, 27, 0, 29, 30, 28, 0),
	gsSPVertex(castle_grounds_dl_Circle_001_mesh_layer_1_vtx_11 + 62, 32, 0),
	gsSP2Triangles(0, 1, 2, 0, 0, 2, 3, 0),
	gsSP2Triangles(3, 2, 4, 0, 3, 4, 5, 0),
	gsSP2Triangles(5, 4, 6, 0, 5, 6, 7, 0),
	gsSP2Triangles(8, 7, 6, 0, 8, 9, 7, 0),
	gsSP2Triangles(10, 9, 8, 0, 10, 11, 9, 0),
	gsSP2Triangles(12, 3, 5, 0, 13, 3, 12, 0),
	gsSP2Triangles(14, 13, 12, 0, 14, 12, 15, 0),
	gsSP2Triangles(15, 12, 16, 0, 12, 5, 16, 0),
	gsSP2Triangles(15, 16, 17, 0, 18, 15, 17, 0),
	gsSP2Triangles(18, 17, 19, 0, 20, 15, 18, 0),
	gsSP2Triangles(20, 14, 15, 0, 21, 14, 20, 0),
	gsSP2Triangles(22, 21, 20, 0, 22, 20, 23, 0),
	gsSP2Triangles(23, 20, 18, 0, 23, 18, 24, 0),
	gsSP2Triangles(21, 25, 14, 0, 25, 13, 14, 0),
	gsSP2Triangles(25, 26, 13, 0, 26, 0, 13, 0),
	gsSP2Triangles(26, 27, 0, 0, 13, 0, 3, 0),
	gsSP2Triangles(28, 29, 30, 0, 28, 31, 29, 0),
	gsSPVertex(castle_grounds_dl_Circle_001_mesh_layer_1_vtx_11 + 94, 32, 0),
	gsSP2Triangles(0, 1, 2, 0, 0, 3, 1, 0),
	gsSP2Triangles(4, 5, 6, 0, 4, 7, 5, 0),
	gsSP2Triangles(8, 7, 4, 0, 9, 8, 4, 0),
	gsSP2Triangles(9, 4, 10, 0, 11, 9, 10, 0),
	gsSP2Triangles(11, 10, 12, 0, 8, 13, 7, 0),
	gsSP2Triangles(13, 14, 7, 0, 13, 15, 14, 0),
	gsSP2Triangles(7, 14, 16, 0, 7, 16, 5, 0),
	gsSP2Triangles(17, 5, 16, 0, 17, 18, 5, 0),
	gsSP2Triangles(19, 18, 17, 0, 19, 20, 18, 0),
	gsSP2Triangles(21, 20, 19, 0, 21, 22, 20, 0),
	gsSP2Triangles(23, 22, 21, 0, 23, 24, 22, 0),
	gsSP2Triangles(25, 26, 27, 0, 25, 28, 26, 0),
	gsSP2Triangles(29, 28, 25, 0, 29, 30, 28, 0),
	gsSP1Triangle(30, 31, 28, 0),
	gsSPVertex(castle_grounds_dl_Circle_001_mesh_layer_1_vtx_11 + 126, 30, 0),
	gsSP2Triangles(0, 1, 2, 0, 3, 2, 4, 0),
	gsSP2Triangles(3, 4, 5, 0, 6, 7, 8, 0),
	gsSP2Triangles(6, 8, 9, 0, 9, 8, 10, 0),
	gsSP2Triangles(9, 10, 11, 0, 12, 11, 10, 0),
	gsSP2Triangles(12, 13, 11, 0, 14, 13, 12, 0),
	gsSP2Triangles(14, 15, 13, 0, 16, 15, 14, 0),
	gsSP2Triangles(16, 17, 15, 0, 18, 17, 16, 0),
	gsSP2Triangles(19, 18, 16, 0, 19, 16, 20, 0),
	gsSP2Triangles(18, 21, 17, 0, 22, 23, 24, 0),
	gsSP2Triangles(22, 24, 25, 0, 26, 27, 28, 0),
	gsSP1Triangle(26, 28, 29, 0),
	gsSPVertex(castle_grounds_dl_Circle_001_mesh_layer_1_vtx_11 + 156, 32, 0),
	gsSP2Triangles(0, 1, 2, 0, 0, 2, 3, 0),
	gsSP2Triangles(3, 2, 4, 0, 3, 4, 5, 0),
	gsSP2Triangles(6, 5, 4, 0, 6, 4, 7, 0),
	gsSP2Triangles(8, 6, 7, 0, 8, 7, 9, 0),
	gsSP2Triangles(10, 8, 9, 0, 10, 11, 8, 0),
	gsSP2Triangles(12, 11, 10, 0, 12, 13, 11, 0),
	gsSP2Triangles(13, 14, 11, 0, 13, 15, 14, 0),
	gsSP2Triangles(15, 16, 14, 0, 15, 17, 16, 0),
	gsSP2Triangles(17, 18, 16, 0, 17, 19, 18, 0),
	gsSP2Triangles(16, 18, 20, 0, 16, 20, 21, 0),
	gsSP2Triangles(21, 20, 22, 0, 20, 23, 22, 0),
	gsSP2Triangles(20, 24, 23, 0, 25, 24, 20, 0),
	gsSP2Triangles(25, 26, 24, 0, 27, 26, 25, 0),
	gsSP2Triangles(27, 28, 26, 0, 28, 29, 26, 0),
	gsSP2Triangles(28, 30, 29, 0, 30, 31, 29, 0),
	gsSPVertex(castle_grounds_dl_Circle_001_mesh_layer_1_vtx_11 + 188, 32, 0),
	gsSP2Triangles(0, 1, 2, 0, 1, 3, 2, 0),
	gsSP2Triangles(1, 4, 3, 0, 4, 5, 3, 0),
	gsSP2Triangles(4, 6, 5, 0, 3, 5, 7, 0),
	gsSP2Triangles(3, 7, 8, 0, 8, 7, 9, 0),
	gsSP2Triangles(8, 9, 10, 0, 10, 9, 11, 0),
	gsSP2Triangles(10, 11, 12, 0, 13, 12, 11, 0),
	gsSP2Triangles(13, 14, 12, 0, 15, 14, 13, 0),
	gsSP2Triangles(15, 16, 14, 0, 16, 17, 14, 0),
	gsSP2Triangles(16, 18, 17, 0, 18, 19, 17, 0),
	gsSP2Triangles(18, 20, 19, 0, 20, 21, 19, 0),
	gsSP2Triangles(20, 22, 21, 0, 22, 23, 21, 0),
	gsSP2Triangles(22, 24, 23, 0, 21, 23, 25, 0),
	gsSP2Triangles(21, 25, 26, 0, 27, 26, 25, 0),
	gsSP2Triangles(28, 27, 25, 0, 28, 25, 29, 0),
	gsSP2Triangles(30, 29, 25, 0, 30, 31, 29, 0),
	gsSPVertex(castle_grounds_dl_Circle_001_mesh_layer_1_vtx_11 + 220, 32, 0),
	gsSP2Triangles(0, 1, 2, 0, 0, 3, 1, 0),
	gsSP2Triangles(3, 4, 1, 0, 3, 5, 4, 0),
	gsSP2Triangles(5, 6, 4, 0, 5, 7, 6, 0),
	gsSP2Triangles(4, 6, 8, 0, 4, 8, 9, 0),
	gsSP2Triangles(10, 9, 8, 0, 10, 8, 11, 0),
	gsSP2Triangles(12, 10, 11, 0, 12, 11, 13, 0),
	gsSP2Triangles(14, 12, 13, 0, 14, 15, 12, 0),
	gsSP2Triangles(15, 16, 12, 0, 15, 17, 16, 0),
	gsSP2Triangles(16, 10, 12, 0, 16, 18, 10, 0),
	gsSP2Triangles(16, 19, 18, 0, 18, 9, 10, 0),
	gsSP2Triangles(18, 20, 9, 0, 1, 9, 20, 0),
	gsSP2Triangles(1, 4, 9, 0, 19, 21, 22, 0),
	gsSP2Triangles(21, 23, 22, 0, 21, 24, 23, 0),
	gsSP2Triangles(25, 24, 21, 0, 25, 26, 24, 0),
	gsSP2Triangles(27, 26, 25, 0, 27, 28, 26, 0),
	gsSP2Triangles(28, 29, 26, 0, 28, 30, 29, 0),
	gsSP1Triangle(30, 31, 29, 0),
	gsSPVertex(castle_grounds_dl_Circle_001_mesh_layer_1_vtx_11 + 252, 32, 0),
	gsSP2Triangles(0, 1, 2, 0, 3, 2, 4, 0),
	gsSP2Triangles(3, 4, 5, 0, 5, 4, 6, 0),
	gsSP2Triangles(5, 6, 7, 0, 8, 7, 6, 0),
	gsSP2Triangles(8, 9, 7, 0, 9, 10, 7, 0),
	gsSP2Triangles(9, 11, 10, 0, 11, 12, 10, 0),
	gsSP2Triangles(11, 13, 12, 0, 14, 7, 10, 0),
	gsSP2Triangles(14, 5, 7, 0, 15, 5, 14, 0),
	gsSP2Triangles(15, 3, 5, 0, 16, 17, 18, 0),
	gsSP2Triangles(16, 18, 19, 0, 19, 18, 20, 0),
	gsSP2Triangles(19, 20, 21, 0, 21, 20, 22, 0),
	gsSP2Triangles(21, 22, 23, 0, 24, 25, 26, 0),
	gsSP2Triangles(24, 26, 27, 0, 28, 29, 30, 0),
	gsSP1Triangle(28, 30, 31, 0),
	gsSPEndDisplayList(),
};

Vtx castle_grounds_dl_Circle_001_mesh_layer_1_vtx_12[50] = {
	{{ {3415, -50, 826}, 0, {-16, -16936}, {0, 168, 255, 255} }},
	{{ {2961, -50, 538}, 0, {1008, -15635}, {0, 168, 255, 255} }},
	{{ {2966, -50, 826}, 0, {1008, -16936}, {0, 168, 255, 255} }},
	{{ {3427, -50, 403}, 0, {-16, -15635}, {0, 168, 255, 255} }},
	{{ {2884, -50, 407}, 0, {1008, -14616}, {0, 168, 255, 255} }},
	{{ {3219, -50, 56}, 0, {-16, -14616}, {0, 168, 255, 255} }},
	{{ {2683, -50, 320}, 0, {1008, -13444}, {0, 168, 255, 255} }},
	{{ {2826, -50, -98}, 0, {-16, -13444}, {0, 168, 255, 255} }},
	{{ {2120, -50, 321}, 0, {1008, -11120}, {0, 168, 255, 255} }},
	{{ {2120, -50, -95}, 0, {-16, -11120}, {0, 168, 255, 255} }},
	{{ {1953, -50, 321}, 0, {1008, -10654}, {0, 168, 255, 255} }},
	{{ {2033, -50, -92}, 0, {-16, -10654}, {0, 168, 255, 255} }},
	{{ {1465, -50, 124}, 0, {1008, -9056}, {0, 168, 255, 255} }},
	{{ {1710, -50, -217}, 0, {-16, -9056}, {0, 168, 255, 255} }},
	{{ {1164, -50, -224}, 0, {1008, -7664}, {0, 168, 255, 255} }},
	{{ {1520, -50, -450}, 0, {-16, -7664}, {0, 168, 255, 255} }},
	{{ {1052, -50, -515}, 0, {1008, -6368}, {0, 168, 255, 255} }},
	{{ {1350, -50, -808}, 0, {-16, -6368}, {0, 168, 255, 255} }},
	{{ {774, -50, -635}, 0, {1008, -4828}, {0, 168, 255, 255} }},
	{{ {866, -50, -1045}, 0, {-16, -4828}, {0, 168, 255, 255} }},
	{{ {-1378, -50, -633}, 0, {1008, 3364}, {0, 168, 255, 255} }},
	{{ {-1457, -50, -1046}, 0, {-16, 3364}, {0, 168, 255, 255} }},
	{{ {-1784, -50, -481}, 0, {1008, 5341}, {0, 168, 255, 255} }},
	{{ {-2056, -50, -800}, 0, {-16, 5341}, {0, 168, 255, 255} }},
	{{ {-1972, -50, -150}, 0, {1008, 7139}, {0, 168, 255, 255} }},
	{{ {-2370, -50, -288}, 0, {-16, 7139}, {0, 168, 255, 255} }},
	{{ {-2007, -50, 176}, 0, {1008, 8545}, {0, 168, 255, 255} }},
	{{ {-2428, -50, 149}, 0, {-16, 8545}, {0, 168, 255, 255} }},
	{{ {-2009, -50, 708}, 0, {1008, 10382}, {0, 168, 255, 255} }},
	{{ {-2420, -50, 620}, 0, {-16, 10382}, {0, 168, 255, 255} }},
	{{ {-2154, -50, 1011}, 0, {-454, 11187}, {0, 168, 255, 255} }},
	{{ {-2009, -50, 708}, 0, {-454, 10382}, {0, 168, 255, 255} }},
	{{ {-2420, -50, 620}, 0, {-1478, 10606}, {0, 168, 255, 255} }},
	{{ {-2453, -50, 719}, 0, {-1478, 10963}, {0, 168, 255, 255} }},
	{{ {-2469, -50, 1170}, 0, {2863, 12047}, {0, 168, 255, 255} }},
	{{ {-2154, -50, 1011}, 0, {2863, 11187}, {0, 168, 255, 255} }},
	{{ {-2453, -50, 719}, 0, {1839, 11476}, {0, 168, 255, 255} }},
	{{ {-2562, -50, 760}, 0, {1839, 11758}, {0, 168, 255, 255} }},
	{{ {-2759, -50, 1170}, 0, {1008, 12938}, {0, 168, 255, 255} }},
	{{ {-2469, -50, 1170}, 0, {1008, 12047}, {0, 168, 255, 255} }},
	{{ {-2562, -50, 760}, 0, {-16, 12047}, {0, 168, 255, 255} }},
	{{ {-2759, -50, 755}, 0, {-16, 12938}, {0, 168, 255, 255} }},
	{{ {-3406, -50, 1170}, 0, {1008, 15523}, {0, 168, 255, 255} }},
	{{ {-3524, -50, 751}, 0, {-16, 15523}, {0, 168, 255, 255} }},
	{{ {-3512, -50, 1197}, 0, {1008, 16248}, {0, 168, 255, 255} }},
	{{ {-3798, -50, 834}, 0, {-16, 16248}, {0, 168, 255, 255} }},
	{{ {-3548, -50, 1245}, 0, {1008, 16981}, {0, 168, 255, 255} }},
	{{ {-4003, -50, 1107}, 0, {-16, 16981}, {0, 168, 255, 255} }},
	{{ {-3551, -50, 1530}, 0, {1008, 18279}, {0, 168, 255, 255} }},
	{{ {-3992, -50, 1530}, 0, {-16, 18279}, {0, 168, 255, 255} }},
};

Gfx castle_grounds_dl_Circle_001_mesh_layer_1_tri_12[] = {
	gsSPVertex(castle_grounds_dl_Circle_001_mesh_layer_1_vtx_12 + 0, 30, 0),
	gsSP2Triangles(0, 1, 2, 0, 0, 3, 1, 0),
	gsSP2Triangles(3, 4, 1, 0, 3, 5, 4, 0),
	gsSP2Triangles(5, 6, 4, 0, 5, 7, 6, 0),
	gsSP2Triangles(7, 8, 6, 0, 7, 9, 8, 0),
	gsSP2Triangles(10, 8, 9, 0, 10, 9, 11, 0),
	gsSP2Triangles(12, 10, 11, 0, 12, 11, 13, 0),
	gsSP2Triangles(14, 12, 13, 0, 14, 13, 15, 0),
	gsSP2Triangles(15, 16, 14, 0, 15, 17, 16, 0),
	gsSP2Triangles(17, 18, 16, 0, 17, 19, 18, 0),
	gsSP2Triangles(19, 20, 18, 0, 19, 21, 20, 0),
	gsSP2Triangles(21, 22, 20, 0, 21, 23, 22, 0),
	gsSP2Triangles(23, 24, 22, 0, 23, 25, 24, 0),
	gsSP2Triangles(25, 26, 24, 0, 25, 27, 26, 0),
	gsSP2Triangles(28, 26, 27, 0, 28, 27, 29, 0),
	gsSPVertex(castle_grounds_dl_Circle_001_mesh_layer_1_vtx_12 + 30, 20, 0),
	gsSP2Triangles(0, 1, 2, 0, 0, 2, 3, 0),
	gsSP2Triangles(4, 5, 6, 0, 4, 6, 7, 0),
	gsSP2Triangles(8, 9, 10, 0, 8, 10, 11, 0),
	gsSP2Triangles(11, 12, 8, 0, 11, 13, 12, 0),
	gsSP2Triangles(13, 14, 12, 0, 13, 15, 14, 0),
	gsSP2Triangles(15, 16, 14, 0, 15, 17, 16, 0),
	gsSP2Triangles(17, 18, 16, 0, 17, 19, 18, 0),
	gsSPEndDisplayList(),
};

Vtx castle_grounds_dl_Circle_001_mesh_layer_1_vtx_13[12] = {
	{{ {-1381, 728, -1900}, 0, {-16, 1008}, {18, 11, 0, 255} }},
	{{ {-981, 1328, -1900}, 0, {2032, -2064}, {18, 11, 0, 255} }},
	{{ {-1381, 1328, -1900}, 0, {-16, -2064}, {18, 11, 0, 255} }},
	{{ {-981, 728, -1900}, 0, {2032, 1008}, {18, 11, 0, 255} }},
	{{ {-1381, 128, -1900}, 0, {-16, 4080}, {18, 11, 0, 255} }},
	{{ {-981, 128, -1900}, 0, {2032, 4080}, {18, 11, 0, 255} }},
	{{ {981, 728, -1900}, 0, {-16, 1008}, {18, 11, 0, 255} }},
	{{ {1381, 1328, -1900}, 0, {2032, -2064}, {18, 11, 0, 255} }},
	{{ {981, 1328, -1900}, 0, {-16, -2064}, {18, 11, 0, 255} }},
	{{ {1381, 728, -1900}, 0, {2032, 1008}, {18, 11, 0, 255} }},
	{{ {981, 128, -1900}, 0, {-16, 4080}, {18, 11, 0, 255} }},
	{{ {1381, 128, -1900}, 0, {2032, 4080}, {18, 11, 0, 255} }},
};

Gfx castle_grounds_dl_Circle_001_mesh_layer_1_tri_13[] = {
	gsSPVertex(castle_grounds_dl_Circle_001_mesh_layer_1_vtx_13 + 0, 12, 0),
	gsSP2Triangles(0, 1, 2, 0, 0, 3, 1, 0),
	gsSP2Triangles(4, 3, 0, 0, 4, 5, 3, 0),
	gsSP2Triangles(6, 7, 8, 0, 6, 9, 7, 0),
	gsSP2Triangles(10, 9, 6, 0, 10, 11, 9, 0),
	gsSPEndDisplayList(),
};

Gfx mat_castle_grounds_dl_decor_layer1[] = {
	gsSPGeometryMode(G_LIGHTING, 0),
	gsDPPipeSync(),
	gsDPSetCombineLERP(TEXEL0, 0, TEXEL1, 0, 0, 0, 0, ENVIRONMENT, PRIMITIVE, 0, SHADE, COMBINED, 0, 0, 0, 1),
	gsDPSetAlphaDither(G_AD_NOISE),
	gsDPSetCycleType(G_CYC_2CYCLE),
	gsDPSetRenderMode(G_RM_NOOP, G_RM_AA_ZB_OPA_SURF2),
	gsSPTexture(65535, 65535, 0, 0, 1),
	gsDPSetPrimColor(0, 0, 255, 255, 255, 255),
	gsDPSetTextureImage(G_IM_FMT_I, G_IM_SIZ_16b, 1, castle_grounds_dl_greyface_alt_2_64x64__CRUELTY_SQUAD__i4),
	gsDPSetTile(G_IM_FMT_I, G_IM_SIZ_16b, 0, 0, 7, 0, G_TX_WRAP | G_TX_NOMIRROR, 0, 0, G_TX_WRAP | G_TX_NOMIRROR, 0, 0),
	gsDPLoadBlock(7, 0, 0, 1023, 512),
	gsDPSetTile(G_IM_FMT_I, G_IM_SIZ_4b, 4, 0, 0, 0, G_TX_WRAP | G_TX_NOMIRROR, 6, 0, G_TX_WRAP | G_TX_NOMIRROR, 6, 0),
	gsDPSetTileSize(0, 0, 0, 252, 252),
	gsDPSetTextureImage(G_IM_FMT_I, G_IM_SIZ_16b, 1, castle_grounds_dl_Pattern_02_Green_Wallpaper_1_64x64_i4),
	gsDPSetTile(G_IM_FMT_I, G_IM_SIZ_16b, 0, 256, 6, 0, G_TX_WRAP | G_TX_NOMIRROR, 0, 0, G_TX_WRAP | G_TX_NOMIRROR, 0, 0),
	gsDPLoadBlock(6, 0, 0, 1023, 512),
	gsDPSetTile(G_IM_FMT_I, G_IM_SIZ_4b, 4, 256, 1, 0, G_TX_WRAP | G_TX_NOMIRROR, 6, 0, G_TX_WRAP | G_TX_NOMIRROR, 6, 0),
	gsDPSetTileSize(1, 0, 0, 252, 252),
	gsSPEndDisplayList(),
};

Gfx mat_revert_castle_grounds_dl_decor_layer1[] = {
	gsSPGeometryMode(0, G_LIGHTING),
	gsDPPipeSync(),
	gsDPSetAlphaDither(G_AD_DISABLE),
	gsDPSetCycleType(G_CYC_1CYCLE),
	gsDPSetRenderMode(G_RM_AA_ZB_OPA_SURF, G_RM_AA_ZB_OPA_SURF2),
	gsSPEndDisplayList(),
};

Gfx mat_castle_grounds_dl_wall_layer1[] = {
	gsSPGeometryMode(G_LIGHTING, 0),
	gsDPPipeSync(),
	gsDPSetCombineLERP(TEXEL0, TEXEL1, TEXEL1, 0, 0, 0, 0, ENVIRONMENT, SHADE, TEXEL0, SHADE, COMBINED, 0, 0, 0, COMBINED),
	gsDPSetAlphaDither(G_AD_NOISE),
	gsDPSetCycleType(G_CYC_2CYCLE),
	gsDPSetRenderMode(G_RM_PASS, G_RM_AA_ZB_OPA_SURF2),
	gsSPTexture(65535, 65535, 0, 0, 1),
	gsDPSetTextureImage(G_IM_FMT_I, G_IM_SIZ_16b, 1, castle_grounds_dl_Art4727_64x64_i4),
	gsDPSetTile(G_IM_FMT_I, G_IM_SIZ_16b, 0, 0, 7, 0, G_TX_WRAP | G_TX_NOMIRROR, 0, 0, G_TX_WRAP | G_TX_NOMIRROR, 0, 0),
	gsDPLoadBlock(7, 0, 0, 1023, 512),
	gsDPSetTile(G_IM_FMT_I, G_IM_SIZ_4b, 4, 0, 0, 0, G_TX_WRAP | G_TX_NOMIRROR, 6, 0, G_TX_WRAP | G_TX_NOMIRROR, 6, 0),
	gsDPSetTileSize(0, 0, 0, 252, 252),
	gsDPSetTextureImage(G_IM_FMT_I, G_IM_SIZ_16b, 1, castle_grounds_dl_Grass_01_Orange_1_64x64_i4),
	gsDPSetTile(G_IM_FMT_I, G_IM_SIZ_16b, 0, 256, 6, 0, G_TX_WRAP | G_TX_NOMIRROR, 0, 0, G_TX_WRAP | G_TX_NOMIRROR, 0, 0),
	gsDPLoadBlock(6, 0, 0, 1023, 512),
	gsDPSetTile(G_IM_FMT_I, G_IM_SIZ_4b, 4, 256, 1, 0, G_TX_WRAP | G_TX_MIRROR, 6, 0, G_TX_WRAP | G_TX_NOMIRROR, 6, 0),
	gsDPSetTileSize(1, 0, 0, 252, 252),
	gsSPEndDisplayList(),
};

Gfx mat_revert_castle_grounds_dl_wall_layer1[] = {
	gsSPGeometryMode(0, G_LIGHTING),
	gsDPPipeSync(),
	gsDPSetAlphaDither(G_AD_DISABLE),
	gsDPSetCycleType(G_CYC_1CYCLE),
	gsDPSetRenderMode(G_RM_AA_ZB_OPA_SURF, G_RM_AA_ZB_OPA_SURF2),
	gsSPEndDisplayList(),
};

Gfx mat_castle_grounds_dl_decor_2_layer1[] = {
	gsSPGeometryMode(G_LIGHTING, 0),
	gsDPPipeSync(),
	gsDPSetCombineLERP(TEXEL0, 0, TEXEL1, 0, 0, 0, 0, ENVIRONMENT, PRIMITIVE, 0, SHADE, COMBINED, 0, 0, 0, 1),
	gsDPSetAlphaDither(G_AD_NOISE),
	gsDPSetCycleType(G_CYC_2CYCLE),
	gsDPSetRenderMode(G_RM_NOOP, G_RM_AA_ZB_OPA_SURF2),
	gsSPTexture(65535, 65535, 0, 0, 1),
	gsDPSetPrimColor(0, 0, 255, 255, 255, 255),
	gsDPSetTextureImage(G_IM_FMT_I, G_IM_SIZ_16b, 1, castle_grounds_dl_KKIIDDZZ_DAT_1755__p00_64x64_i4),
	gsDPSetTile(G_IM_FMT_I, G_IM_SIZ_16b, 0, 0, 7, 0, G_TX_WRAP | G_TX_NOMIRROR, 0, 0, G_TX_WRAP | G_TX_NOMIRROR, 0, 0),
	gsDPLoadBlock(7, 0, 0, 1023, 512),
	gsDPSetTile(G_IM_FMT_I, G_IM_SIZ_4b, 4, 0, 0, 0, G_TX_WRAP | G_TX_NOMIRROR, 6, 0, G_TX_WRAP | G_TX_NOMIRROR, 6, 0),
	gsDPSetTileSize(0, 0, 0, 252, 252),
	gsDPSetTextureImage(G_IM_FMT_I, G_IM_SIZ_8b_LOAD_BLOCK, 1, castle_grounds_dl_Material14_i8),
	gsDPSetTile(G_IM_FMT_I, G_IM_SIZ_8b_LOAD_BLOCK, 0, 256, 6, 0, G_TX_WRAP | G_TX_NOMIRROR, 0, 0, G_TX_WRAP | G_TX_NOMIRROR, 0, 0),
	gsDPLoadBlock(6, 0, 0, 1023, 256),
	gsDPSetTile(G_IM_FMT_I, G_IM_SIZ_8b, 8, 256, 1, 0, G_TX_WRAP | G_TX_NOMIRROR, 5, 0, G_TX_WRAP | G_TX_NOMIRROR, 6, 0),
	gsDPSetTileSize(1, 0, 0, 252, 124),
	gsSPEndDisplayList(),
};

Gfx mat_revert_castle_grounds_dl_decor_2_layer1[] = {
	gsSPGeometryMode(0, G_LIGHTING),
	gsDPPipeSync(),
	gsDPSetAlphaDither(G_AD_DISABLE),
	gsDPSetCycleType(G_CYC_1CYCLE),
	gsDPSetRenderMode(G_RM_AA_ZB_OPA_SURF, G_RM_AA_ZB_OPA_SURF2),
	gsSPEndDisplayList(),
};

Gfx mat_castle_grounds_dl_wall_2_layer1[] = {
	gsSPGeometryMode(G_LIGHTING, 0),
	gsDPPipeSync(),
	gsDPSetCombineLERP(TEXEL0, 0, TEXEL1, 0, 0, 0, 0, ENVIRONMENT, PRIMITIVE, 0, SHADE, COMBINED, 0, 0, 0, 1),
	gsDPSetAlphaDither(G_AD_NOISE),
	gsDPSetCycleType(G_CYC_2CYCLE),
	gsDPSetRenderMode(G_RM_NOOP, G_RM_AA_ZB_OPA_SURF2),
	gsSPTexture(65535, 65535, 0, 0, 1),
	gsDPSetPrimColor(0, 0, 255, 255, 255, 255),
	gsDPSetTextureImage(G_IM_FMT_I, G_IM_SIZ_16b, 1, castle_grounds_dl_RMGP01_416f6a32_14_64x64__brodute__i4),
	gsDPSetTile(G_IM_FMT_I, G_IM_SIZ_16b, 0, 0, 7, 0, G_TX_WRAP | G_TX_NOMIRROR, 0, 0, G_TX_WRAP | G_TX_NOMIRROR, 0, 0),
	gsDPLoadBlock(7, 0, 0, 1023, 512),
	gsDPSetTile(G_IM_FMT_I, G_IM_SIZ_4b, 4, 0, 0, 0, G_TX_CLAMP | G_TX_NOMIRROR, 6, 0, G_TX_CLAMP | G_TX_NOMIRROR, 6, 0),
	gsDPSetTileSize(0, 0, 0, 252, 252),
	gsDPSetTextureImage(G_IM_FMT_I, G_IM_SIZ_16b, 1, castle_grounds_dl_wall00_n_alb_64x64_i4),
	gsDPSetTile(G_IM_FMT_I, G_IM_SIZ_16b, 0, 256, 6, 0, G_TX_WRAP | G_TX_NOMIRROR, 0, 0, G_TX_WRAP | G_TX_NOMIRROR, 0, 0),
	gsDPLoadBlock(6, 0, 0, 1023, 512),
	gsDPSetTile(G_IM_FMT_I, G_IM_SIZ_4b, 4, 256, 1, 0, G_TX_WRAP | G_TX_NOMIRROR, 6, 0, G_TX_WRAP | G_TX_NOMIRROR, 6, 0),
	gsDPSetTileSize(1, 0, 0, 252, 252),
	gsSPEndDisplayList(),
};

Gfx mat_revert_castle_grounds_dl_wall_2_layer1[] = {
	gsSPGeometryMode(0, G_LIGHTING),
	gsDPPipeSync(),
	gsDPSetAlphaDither(G_AD_DISABLE),
	gsDPSetCycleType(G_CYC_1CYCLE),
	gsDPSetRenderMode(G_RM_AA_ZB_OPA_SURF, G_RM_AA_ZB_OPA_SURF2),
	gsSPEndDisplayList(),
};

Gfx mat_castle_grounds_dl_PILLAR_layer1[] = {
	gsSPGeometryMode(G_LIGHTING, 0),
	gsDPPipeSync(),
	gsDPSetCombineLERP(TEXEL0, 0, TEXEL1, 0, 0, 0, 0, ENVIRONMENT, PRIMITIVE, 0, SHADE, COMBINED, 0, 0, 0, 1),
	gsDPSetAlphaDither(G_AD_NOISE),
	gsDPSetCycleType(G_CYC_2CYCLE),
	gsDPSetRenderMode(G_RM_NOOP, G_RM_AA_ZB_OPA_SURF2),
	gsSPTexture(65535, 65535, 0, 0, 1),
	gsDPSetPrimColor(0, 0, 255, 255, 255, 255),
	gsDPSetTextureImage(G_IM_FMT_I, G_IM_SIZ_8b_LOAD_BLOCK, 1, castle_grounds_dl_SUPER_MARIO_64_6069E288_0_2_all_i8),
	gsDPSetTile(G_IM_FMT_I, G_IM_SIZ_8b_LOAD_BLOCK, 0, 0, 7, 0, G_TX_WRAP | G_TX_NOMIRROR, 0, 0, G_TX_WRAP | G_TX_NOMIRROR, 0, 0),
	gsDPLoadBlock(7, 0, 0, 1023, 512),
	gsDPSetTile(G_IM_FMT_I, G_IM_SIZ_8b, 4, 0, 0, 0, G_TX_WRAP | G_TX_NOMIRROR, 6, 0, G_TX_WRAP | G_TX_MIRROR, 5, 0),
	gsDPSetTileSize(0, 0, 0, 124, 252),
	gsDPSetTextureImage(G_IM_FMT_RGBA, G_IM_SIZ_16b_LOAD_BLOCK, 1, castle_grounds_dl_isi_yoko_32x32__64DS__rgba16),
	gsDPSetTile(G_IM_FMT_RGBA, G_IM_SIZ_16b_LOAD_BLOCK, 0, 256, 6, 0, G_TX_WRAP | G_TX_NOMIRROR, 0, 0, G_TX_WRAP | G_TX_NOMIRROR, 0, 0),
	gsDPLoadBlock(6, 0, 0, 1023, 256),
	gsDPSetTile(G_IM_FMT_RGBA, G_IM_SIZ_16b, 8, 256, 1, 0, G_TX_WRAP | G_TX_NOMIRROR, 5, 0, G_TX_WRAP | G_TX_NOMIRROR, 5, 0),
	gsDPSetTileSize(1, 0, 0, 124, 124),
	gsSPEndDisplayList(),
};

Gfx mat_revert_castle_grounds_dl_PILLAR_layer1[] = {
	gsSPGeometryMode(0, G_LIGHTING),
	gsDPPipeSync(),
	gsDPSetAlphaDither(G_AD_DISABLE),
	gsDPSetCycleType(G_CYC_1CYCLE),
	gsDPSetRenderMode(G_RM_AA_ZB_OPA_SURF, G_RM_AA_ZB_OPA_SURF2),
	gsSPEndDisplayList(),
};

Gfx mat_castle_grounds_dl_BORDER_layer1[] = {
	gsSPGeometryMode(G_LIGHTING, 0),
	gsDPPipeSync(),
	gsDPSetCombineLERP(TEXEL0, 0, TEXEL1, 0, 0, 0, 0, ENVIRONMENT, PRIMITIVE, 0, SHADE, COMBINED, 0, 0, 0, 1),
	gsDPSetAlphaDither(G_AD_NOISE),
	gsDPSetCycleType(G_CYC_2CYCLE),
	gsDPSetRenderMode(G_RM_NOOP, G_RM_AA_ZB_OPA_SURF2),
	gsSPTexture(65535, 65535, 0, 0, 1),
	gsDPSetPrimColor(0, 0, 255, 255, 255, 255),
	gsDPSetTextureImage(G_IM_FMT_I, G_IM_SIZ_16b, 1, castle_grounds_dl_Wood_Planks_05_Wide_1_64x64_i4),
	gsDPSetTile(G_IM_FMT_I, G_IM_SIZ_16b, 0, 0, 7, 0, G_TX_WRAP | G_TX_NOMIRROR, 0, 0, G_TX_WRAP | G_TX_NOMIRROR, 0, 0),
	gsDPLoadBlock(7, 0, 0, 1023, 512),
	gsDPSetTile(G_IM_FMT_I, G_IM_SIZ_4b, 4, 0, 0, 0, G_TX_WRAP | G_TX_NOMIRROR, 6, 0, G_TX_WRAP | G_TX_NOMIRROR, 6, 0),
	gsDPSetTileSize(0, 0, 0, 252, 252),
	gsDPSetTextureImage(G_IM_FMT_RGBA, G_IM_SIZ_16b_LOAD_BLOCK, 1, castle_grounds_dl_isi_yoko_32x32__64DS__rgba16),
	gsDPSetTile(G_IM_FMT_RGBA, G_IM_SIZ_16b_LOAD_BLOCK, 0, 256, 6, 0, G_TX_WRAP | G_TX_NOMIRROR, 0, 0, G_TX_WRAP | G_TX_NOMIRROR, 0, 0),
	gsDPLoadBlock(6, 0, 0, 1023, 256),
	gsDPSetTile(G_IM_FMT_RGBA, G_IM_SIZ_16b, 8, 256, 1, 0, G_TX_WRAP | G_TX_NOMIRROR, 5, 0, G_TX_WRAP | G_TX_NOMIRROR, 5, 0),
	gsDPSetTileSize(1, 0, 0, 124, 124),
	gsSPEndDisplayList(),
};

Gfx mat_revert_castle_grounds_dl_BORDER_layer1[] = {
	gsSPGeometryMode(0, G_LIGHTING),
	gsDPPipeSync(),
	gsDPSetAlphaDither(G_AD_DISABLE),
	gsDPSetCycleType(G_CYC_1CYCLE),
	gsDPSetRenderMode(G_RM_AA_ZB_OPA_SURF, G_RM_AA_ZB_OPA_SURF2),
	gsSPEndDisplayList(),
};

Gfx mat_castle_grounds_dl_wall_3_layer1[] = {
	gsSPGeometryMode(G_LIGHTING, 0),
	gsDPPipeSync(),
	gsDPSetCombineLERP(TEXEL0, 0, TEXEL1, 0, 0, 0, 0, ENVIRONMENT, PRIMITIVE, 0, SHADE, COMBINED, 0, 0, 0, 1),
	gsDPSetAlphaDither(G_AD_NOISE),
	gsDPSetCycleType(G_CYC_2CYCLE),
	gsDPSetRenderMode(G_RM_NOOP, G_RM_AA_ZB_OPA_SURF2),
	gsSPTexture(65535, 65535, 0, 0, 1),
	gsDPSetPrimColor(0, 0, 255, 255, 255, 255),
	gsDPSetTextureImage(G_IM_FMT_I, G_IM_SIZ_8b_LOAD_BLOCK, 1, castle_grounds_dl_dull_bricks_i8),
	gsDPSetTile(G_IM_FMT_I, G_IM_SIZ_8b_LOAD_BLOCK, 0, 0, 7, 0, G_TX_WRAP | G_TX_NOMIRROR, 0, 0, G_TX_WRAP | G_TX_NOMIRROR, 0, 0),
	gsDPLoadBlock(7, 0, 0, 511, 512),
	gsDPSetTile(G_IM_FMT_I, G_IM_SIZ_8b, 4, 0, 0, 0, G_TX_WRAP | G_TX_NOMIRROR, 5, 0, G_TX_WRAP | G_TX_NOMIRROR, 5, 0),
	gsDPSetTileSize(0, 0, 0, 124, 124),
	gsDPSetTextureImage(G_IM_FMT_I, G_IM_SIZ_8b_LOAD_BLOCK, 1, castle_grounds_dl_stone_floor_i8),
	gsDPSetTile(G_IM_FMT_I, G_IM_SIZ_8b_LOAD_BLOCK, 0, 128, 6, 0, G_TX_WRAP | G_TX_NOMIRROR, 0, 0, G_TX_WRAP | G_TX_NOMIRROR, 0, 0),
	gsDPLoadBlock(6, 0, 0, 511, 512),
	gsDPSetTile(G_IM_FMT_I, G_IM_SIZ_8b, 4, 128, 1, 0, G_TX_WRAP | G_TX_NOMIRROR, 5, 0, G_TX_WRAP | G_TX_NOMIRROR, 5, 0),
	gsDPSetTileSize(1, 0, 0, 124, 124),
	gsSPEndDisplayList(),
};

Gfx mat_revert_castle_grounds_dl_wall_3_layer1[] = {
	gsSPGeometryMode(0, G_LIGHTING),
	gsDPPipeSync(),
	gsDPSetAlphaDither(G_AD_DISABLE),
	gsDPSetCycleType(G_CYC_1CYCLE),
	gsDPSetRenderMode(G_RM_AA_ZB_OPA_SURF, G_RM_AA_ZB_OPA_SURF2),
	gsSPEndDisplayList(),
};

Gfx mat_castle_grounds_dl_CARPET_CAPUSSY_layer1[] = {
	gsSPGeometryMode(G_LIGHTING, 0),
	gsDPPipeSync(),
	gsDPSetCombineLERP(TEXEL0, 0, TEXEL1, 0, 0, 0, 0, ENVIRONMENT, PRIMITIVE, 0, SHADE, COMBINED, 0, 0, 0, 1),
	gsDPSetAlphaDither(G_AD_NOISE),
	gsDPSetCycleType(G_CYC_2CYCLE),
	gsDPSetRenderMode(G_RM_NOOP, G_RM_AA_ZB_OPA_SURF2),
	gsSPTexture(65535, 65535, 0, 0, 1),
	gsDPSetPrimColor(0, 0, 255, 255, 255, 255),
	gsDPSetTextureImage(G_IM_FMT_I, G_IM_SIZ_16b, 1, castle_grounds_dl_Newgrass4_i4),
	gsDPSetTile(G_IM_FMT_I, G_IM_SIZ_16b, 0, 0, 7, 0, G_TX_WRAP | G_TX_NOMIRROR, 0, 0, G_TX_WRAP | G_TX_NOMIRROR, 0, 0),
	gsDPLoadBlock(7, 0, 0, 1023, 512),
	gsDPSetTile(G_IM_FMT_I, G_IM_SIZ_4b, 4, 0, 0, 0, G_TX_WRAP | G_TX_NOMIRROR, 6, 0, G_TX_WRAP | G_TX_NOMIRROR, 6, 0),
	gsDPSetTileSize(0, 0, 0, 252, 252),
	gsDPSetTextureImage(G_IM_FMT_I, G_IM_SIZ_16b, 1, castle_grounds_dl_Wallpaper_03_Green_1_64x64_i4),
	gsDPSetTile(G_IM_FMT_I, G_IM_SIZ_16b, 0, 256, 6, 0, G_TX_WRAP | G_TX_NOMIRROR, 0, 0, G_TX_WRAP | G_TX_NOMIRROR, 0, 0),
	gsDPLoadBlock(6, 0, 0, 1023, 512),
	gsDPSetTile(G_IM_FMT_I, G_IM_SIZ_4b, 4, 256, 1, 0, G_TX_WRAP | G_TX_MIRROR, 6, 0, G_TX_WRAP | G_TX_MIRROR, 6, 0),
	gsDPSetTileSize(1, 0, 0, 252, 252),
	gsSPEndDisplayList(),
};

Gfx mat_revert_castle_grounds_dl_CARPET_CAPUSSY_layer1[] = {
	gsSPGeometryMode(0, G_LIGHTING),
	gsDPPipeSync(),
	gsDPSetAlphaDither(G_AD_DISABLE),
	gsDPSetCycleType(G_CYC_1CYCLE),
	gsDPSetRenderMode(G_RM_AA_ZB_OPA_SURF, G_RM_AA_ZB_OPA_SURF2),
	gsSPEndDisplayList(),
};

Gfx mat_castle_grounds_dl_path_layer1[] = {
	gsSPGeometryMode(G_LIGHTING, 0),
	gsDPPipeSync(),
	gsDPSetCombineLERP(TEXEL0, 0, TEXEL1, 0, 0, 0, 0, ENVIRONMENT, PRIMITIVE, 0, SHADE, COMBINED, 0, 0, 0, 1),
	gsDPSetAlphaDither(G_AD_NOISE),
	gsDPSetCycleType(G_CYC_2CYCLE),
	gsDPSetRenderMode(G_RM_NOOP, G_RM_AA_ZB_OPA_SURF2),
	gsSPTexture(65535, 65535, 0, 0, 1),
	gsDPSetPrimColor(0, 0, 255, 255, 255, 255),
	gsDPSetTextureImage(G_IM_FMT_I, G_IM_SIZ_8b_LOAD_BLOCK, 1, castle_grounds_dl_PAPER_MARIO_D005BDCE_2_0_F2BE7755_ciByRGBA_i8),
	gsDPSetTile(G_IM_FMT_I, G_IM_SIZ_8b_LOAD_BLOCK, 0, 0, 7, 0, G_TX_WRAP | G_TX_NOMIRROR, 0, 0, G_TX_WRAP | G_TX_NOMIRROR, 0, 0),
	gsDPLoadBlock(7, 0, 0, 511, 512),
	gsDPSetTile(G_IM_FMT_I, G_IM_SIZ_8b, 4, 0, 0, 0, G_TX_WRAP | G_TX_NOMIRROR, 5, 0, G_TX_WRAP | G_TX_NOMIRROR, 5, 0),
	gsDPSetTileSize(0, 0, 0, 124, 124),
	gsDPSetTextureImage(G_IM_FMT_I, G_IM_SIZ_16b, 1, castle_grounds_dl_KKIIDDZZ_DAT_2237__p00_i4),
	gsDPSetTile(G_IM_FMT_I, G_IM_SIZ_16b, 0, 128, 6, 0, G_TX_WRAP | G_TX_NOMIRROR, 0, 0, G_TX_WRAP | G_TX_NOMIRROR, 0, 0),
	gsDPLoadBlock(6, 0, 0, 1023, 512),
	gsDPSetTile(G_IM_FMT_I, G_IM_SIZ_4b, 4, 128, 1, 0, G_TX_WRAP | G_TX_NOMIRROR, 6, 0, G_TX_WRAP | G_TX_NOMIRROR, 6, 0),
	gsDPSetTileSize(1, 0, 0, 252, 252),
	gsSPEndDisplayList(),
};

Gfx mat_revert_castle_grounds_dl_path_layer1[] = {
	gsSPGeometryMode(0, G_LIGHTING),
	gsDPPipeSync(),
	gsDPSetAlphaDither(G_AD_DISABLE),
	gsDPSetCycleType(G_CYC_1CYCLE),
	gsDPSetRenderMode(G_RM_AA_ZB_OPA_SURF, G_RM_AA_ZB_OPA_SURF2),
	gsSPEndDisplayList(),
};

Gfx mat_castle_grounds_dl_floor_layer1[] = {
	gsSPGeometryMode(G_LIGHTING, 0),
	gsDPPipeSync(),
	gsDPSetCombineLERP(TEXEL0, 0, TEXEL1, 0, 0, 0, 0, ENVIRONMENT, PRIMITIVE, 0, SHADE, COMBINED, 0, 0, 0, 1),
	gsDPSetAlphaDither(G_AD_NOISE),
	gsDPSetCycleType(G_CYC_2CYCLE),
	gsDPSetRenderMode(G_RM_NOOP, G_RM_AA_ZB_OPA_SURF2),
	gsSPTexture(65535, 65535, 0, 0, 1),
	gsDPSetPrimColor(0, 0, 255, 255, 255, 255),
	gsDPSetTextureImage(G_IM_FMT_I, G_IM_SIZ_16b, 1, castle_grounds_dl_rock_i4),
	gsDPSetTile(G_IM_FMT_I, G_IM_SIZ_16b, 0, 0, 7, 0, G_TX_WRAP | G_TX_NOMIRROR, 0, 0, G_TX_WRAP | G_TX_NOMIRROR, 0, 0),
	gsDPLoadBlock(7, 0, 0, 1023, 512),
	gsDPSetTile(G_IM_FMT_I, G_IM_SIZ_4b, 4, 0, 0, 0, G_TX_WRAP | G_TX_NOMIRROR, 6, 0, G_TX_WRAP | G_TX_NOMIRROR, 6, 0),
	gsDPSetTileSize(0, 0, 0, 252, 252),
	gsDPSetTextureImage(G_IM_FMT_I, G_IM_SIZ_16b, 1, castle_grounds_dl_wc_isi_i4),
	gsDPSetTile(G_IM_FMT_I, G_IM_SIZ_16b, 0, 256, 6, 0, G_TX_WRAP | G_TX_NOMIRROR, 0, 0, G_TX_WRAP | G_TX_NOMIRROR, 0, 0),
	gsDPLoadBlock(6, 0, 0, 1023, 512),
	gsDPSetTile(G_IM_FMT_I, G_IM_SIZ_4b, 4, 256, 1, 0, G_TX_WRAP | G_TX_NOMIRROR, 6, 0, G_TX_WRAP | G_TX_NOMIRROR, 6, 0),
	gsDPSetTileSize(1, 0, 0, 252, 252),
	gsSPEndDisplayList(),
};

Gfx mat_revert_castle_grounds_dl_floor_layer1[] = {
	gsSPGeometryMode(0, G_LIGHTING),
	gsDPPipeSync(),
	gsDPSetAlphaDither(G_AD_DISABLE),
	gsDPSetCycleType(G_CYC_1CYCLE),
	gsDPSetRenderMode(G_RM_AA_ZB_OPA_SURF, G_RM_AA_ZB_OPA_SURF2),
	gsSPEndDisplayList(),
};

Gfx mat_castle_grounds_dl_GRASS__MINETH_ASS_layer1[] = {
	gsSPGeometryMode(G_LIGHTING, 0),
	gsDPPipeSync(),
	gsDPSetCombineLERP(TEXEL0, 0, TEXEL1, 0, 0, 0, 0, ENVIRONMENT, PRIMITIVE, 0, SHADE, COMBINED, 0, 0, 0, 1),
	gsDPSetAlphaDither(G_AD_NOISE),
	gsDPSetCycleType(G_CYC_2CYCLE),
	gsDPSetRenderMode(G_RM_NOOP, G_RM_AA_ZB_OPA_SURF2),
	gsSPTexture(65535, 65535, 0, 0, 1),
	gsDPSetPrimColor(0, 0, 255, 255, 255, 255),
	gsDPSetTextureImage(G_IM_FMT_I, G_IM_SIZ_8b_LOAD_BLOCK, 1, castle_grounds_dl_weird_rgass_i8),
	gsDPSetTile(G_IM_FMT_I, G_IM_SIZ_8b_LOAD_BLOCK, 0, 0, 7, 0, G_TX_WRAP | G_TX_NOMIRROR, 0, 0, G_TX_WRAP | G_TX_NOMIRROR, 0, 0),
	gsDPLoadBlock(7, 0, 0, 511, 512),
	gsDPSetTile(G_IM_FMT_I, G_IM_SIZ_8b, 4, 0, 0, 0, G_TX_WRAP | G_TX_NOMIRROR, 5, 0, G_TX_WRAP | G_TX_NOMIRROR, 5, 0),
	gsDPSetTileSize(0, 0, 0, 124, 124),
	gsDPSetTextureImage(G_IM_FMT_I, G_IM_SIZ_16b, 1, castle_grounds_dl__2_64x64_i4),
	gsDPSetTile(G_IM_FMT_I, G_IM_SIZ_16b, 0, 128, 6, 0, G_TX_WRAP | G_TX_NOMIRROR, 0, 0, G_TX_WRAP | G_TX_NOMIRROR, 0, 0),
	gsDPLoadBlock(6, 0, 0, 1023, 512),
	gsDPSetTile(G_IM_FMT_I, G_IM_SIZ_4b, 4, 128, 1, 0, G_TX_WRAP | G_TX_MIRROR, 6, 0, G_TX_WRAP | G_TX_MIRROR, 6, 0),
	gsDPSetTileSize(1, 0, 0, 252, 252),
	gsSPEndDisplayList(),
};

Gfx mat_revert_castle_grounds_dl_GRASS__MINETH_ASS_layer1[] = {
	gsSPGeometryMode(0, G_LIGHTING),
	gsDPPipeSync(),
	gsDPSetAlphaDither(G_AD_DISABLE),
	gsDPSetCycleType(G_CYC_1CYCLE),
	gsDPSetRenderMode(G_RM_AA_ZB_OPA_SURF, G_RM_AA_ZB_OPA_SURF2),
	gsSPEndDisplayList(),
};

Gfx mat_castle_grounds_dl_GRAVEL_layer1[] = {
	gsSPGeometryMode(G_LIGHTING, 0),
	gsDPPipeSync(),
	gsDPSetCombineLERP(TEXEL0, 0, TEXEL1, 0, 0, 0, 0, ENVIRONMENT, PRIMITIVE, 0, SHADE, COMBINED, 0, 0, 0, 1),
	gsDPSetAlphaDither(G_AD_NOISE),
	gsDPSetCycleType(G_CYC_2CYCLE),
	gsDPSetRenderMode(G_RM_NOOP, G_RM_AA_ZB_OPA_SURF2),
	gsSPTexture(65535, 65535, 0, 0, 1),
	gsDPSetPrimColor(0, 0, 255, 255, 255, 255),
	gsDPSetTextureImage(G_IM_FMT_I, G_IM_SIZ_16b, 1, castle_grounds_dl_Debris_Coins_Mix_5_64x64_i4),
	gsDPSetTile(G_IM_FMT_I, G_IM_SIZ_16b, 0, 0, 7, 0, G_TX_WRAP | G_TX_NOMIRROR, 0, 0, G_TX_WRAP | G_TX_NOMIRROR, 0, 0),
	gsDPLoadBlock(7, 0, 0, 1023, 512),
	gsDPSetTile(G_IM_FMT_I, G_IM_SIZ_4b, 4, 0, 0, 0, G_TX_WRAP | G_TX_NOMIRROR, 6, 0, G_TX_WRAP | G_TX_NOMIRROR, 6, 0),
	gsDPSetTileSize(0, 0, 0, 252, 252),
	gsDPSetTextureImage(G_IM_FMT_I, G_IM_SIZ_16b, 1, castle_grounds_dl_Rock_Grey_01_64x64_i4),
	gsDPSetTile(G_IM_FMT_I, G_IM_SIZ_16b, 0, 256, 6, 0, G_TX_WRAP | G_TX_NOMIRROR, 0, 0, G_TX_WRAP | G_TX_NOMIRROR, 0, 0),
	gsDPLoadBlock(6, 0, 0, 1023, 512),
	gsDPSetTile(G_IM_FMT_I, G_IM_SIZ_4b, 4, 256, 1, 0, G_TX_WRAP | G_TX_NOMIRROR, 6, 0, G_TX_WRAP | G_TX_NOMIRROR, 6, 0),
	gsDPSetTileSize(1, 0, 0, 252, 252),
	gsSPEndDisplayList(),
};

Gfx mat_revert_castle_grounds_dl_GRAVEL_layer1[] = {
	gsSPGeometryMode(0, G_LIGHTING),
	gsDPPipeSync(),
	gsDPSetAlphaDither(G_AD_DISABLE),
	gsDPSetCycleType(G_CYC_1CYCLE),
	gsDPSetRenderMode(G_RM_AA_ZB_OPA_SURF, G_RM_AA_ZB_OPA_SURF2),
	gsSPEndDisplayList(),
};

Gfx mat_castle_grounds_dl_water_layer1[] = {
	gsSPGeometryMode(G_LIGHTING, 0),
	gsDPPipeSync(),
	gsDPSetCombineLERP(TEXEL0, 0, TEXEL1, 0, 0, 0, 0, ENVIRONMENT, COMBINED, 0, SHADE, 0, 0, 0, 0, COMBINED),
	gsDPSetAlphaDither(G_AD_NOISE),
	gsDPSetCycleType(G_CYC_2CYCLE),
	gsDPSetRenderMode(G_RM_NOOP, G_RM_AA_ZB_XLU_SURF2),
	gsSPTexture(65535, 65535, 0, 0, 1),
	gsDPSetEnvColor(255, 255, 255, 128),
	gsDPSetTextureImage(G_IM_FMT_I, G_IM_SIZ_8b_LOAD_BLOCK, 1, castle_grounds_dl_cs_waterfall_alb_i8),
	gsDPSetTile(G_IM_FMT_I, G_IM_SIZ_8b_LOAD_BLOCK, 0, 0, 7, 0, G_TX_WRAP | G_TX_NOMIRROR, 0, 0, G_TX_WRAP | G_TX_NOMIRROR, 0, 0),
	gsDPLoadBlock(7, 0, 0, 511, 512),
	gsDPSetTile(G_IM_FMT_I, G_IM_SIZ_8b, 4, 0, 0, 0, G_TX_WRAP | G_TX_NOMIRROR, 5, 0, G_TX_WRAP | G_TX_NOMIRROR, 5, 0),
	gsDPSetTileSize(0, 0, 0, 124, 124),
	gsDPSetTextureImage(G_IM_FMT_I, G_IM_SIZ_16b, 1, castle_grounds_dl_Water_01_Blue_2_64x64_i4),
	gsDPSetTile(G_IM_FMT_I, G_IM_SIZ_16b, 0, 128, 6, 0, G_TX_WRAP | G_TX_NOMIRROR, 0, 0, G_TX_WRAP | G_TX_NOMIRROR, 0, 0),
	gsDPLoadBlock(6, 0, 0, 1023, 512),
	gsDPSetTile(G_IM_FMT_I, G_IM_SIZ_4b, 4, 128, 1, 0, G_TX_WRAP | G_TX_NOMIRROR, 6, 0, G_TX_WRAP | G_TX_NOMIRROR, 6, 0),
	gsDPSetTileSize(1, 0, 0, 252, 252),
	gsSPEndDisplayList(),
};

Gfx mat_revert_castle_grounds_dl_water_layer1[] = {
	gsSPGeometryMode(0, G_LIGHTING),
	gsDPPipeSync(),
	gsDPSetAlphaDither(G_AD_DISABLE),
	gsDPSetCycleType(G_CYC_1CYCLE),
	gsDPSetRenderMode(G_RM_AA_ZB_OPA_SURF, G_RM_AA_ZB_OPA_SURF2),
	gsSPEndDisplayList(),
};

Gfx mat_castle_grounds_dl_decor_3_001_layer1[] = {
	gsSPGeometryMode(G_LIGHTING, 0),
	gsDPPipeSync(),
	gsDPSetCombineLERP(TEXEL0, 0, TEXEL1, 0, 0, 0, 0, ENVIRONMENT, PRIMITIVE, 0, SHADE, COMBINED, 0, 0, 0, 1),
	gsDPSetAlphaDither(G_AD_NOISE),
	gsDPSetCycleType(G_CYC_2CYCLE),
	gsDPSetRenderMode(G_RM_NOOP, G_RM_AA_ZB_OPA_SURF2),
	gsSPTexture(65535, 65535, 0, 0, 1),
	gsDPSetPrimColor(0, 0, 255, 255, 255, 255),
	gsDPSetTextureImage(G_IM_FMT_I, G_IM_SIZ_16b, 1, castle_grounds_dl_skull2_64x64__CRUELTY_SQUAD__i4),
	gsDPSetTile(G_IM_FMT_I, G_IM_SIZ_16b, 0, 0, 7, 0, G_TX_WRAP | G_TX_NOMIRROR, 0, 0, G_TX_WRAP | G_TX_NOMIRROR, 0, 0),
	gsDPLoadBlock(7, 0, 0, 1023, 512),
	gsDPSetTile(G_IM_FMT_I, G_IM_SIZ_4b, 4, 0, 0, 0, G_TX_WRAP | G_TX_MIRROR, 6, 0, G_TX_CLAMP | G_TX_NOMIRROR, 6, 0),
	gsDPSetTileSize(0, 0, 0, 252, 252),
	gsDPSetTextureImage(G_IM_FMT_I, G_IM_SIZ_16b, 1, castle_grounds_dl_Art4875_i4),
	gsDPSetTile(G_IM_FMT_I, G_IM_SIZ_16b, 0, 256, 6, 0, G_TX_WRAP | G_TX_NOMIRROR, 0, 0, G_TX_WRAP | G_TX_NOMIRROR, 0, 0),
	gsDPLoadBlock(6, 0, 0, 1023, 512),
	gsDPSetTile(G_IM_FMT_I, G_IM_SIZ_4b, 4, 256, 1, 0, G_TX_WRAP | G_TX_NOMIRROR, 6, 0, G_TX_CLAMP | G_TX_NOMIRROR, 6, 0),
	gsDPSetTileSize(1, 0, 0, 252, 252),
	gsSPEndDisplayList(),
};

Gfx mat_revert_castle_grounds_dl_decor_3_001_layer1[] = {
	gsSPGeometryMode(0, G_LIGHTING),
	gsDPPipeSync(),
	gsDPSetAlphaDither(G_AD_DISABLE),
	gsDPSetCycleType(G_CYC_1CYCLE),
	gsDPSetRenderMode(G_RM_AA_ZB_OPA_SURF, G_RM_AA_ZB_OPA_SURF2),
	gsSPEndDisplayList(),
};

Gfx castle_grounds_dl_Circle_001_mesh_layer_1[] = {
	gsSPClearGeometryMode(G_LIGHTING),
	gsSPVertex(castle_grounds_dl_Circle_001_mesh_layer_1_vtx_cull + 0, 8, 0),
	gsSPSetGeometryMode(G_LIGHTING),
	gsSPCullDisplayList(0, 7),
	gsSPDisplayList(mat_castle_grounds_dl_decor_layer1),
	gsSPDisplayList(castle_grounds_dl_Circle_001_mesh_layer_1_tri_0),
	gsSPDisplayList(mat_revert_castle_grounds_dl_decor_layer1),
	gsSPDisplayList(mat_castle_grounds_dl_wall_layer1),
	gsSPDisplayList(castle_grounds_dl_Circle_001_mesh_layer_1_tri_1),
	gsSPDisplayList(mat_revert_castle_grounds_dl_wall_layer1),
	gsSPDisplayList(mat_castle_grounds_dl_decor_2_layer1),
	gsSPDisplayList(castle_grounds_dl_Circle_001_mesh_layer_1_tri_2),
	gsSPDisplayList(mat_revert_castle_grounds_dl_decor_2_layer1),
	gsSPDisplayList(mat_castle_grounds_dl_wall_2_layer1),
	gsSPDisplayList(castle_grounds_dl_Circle_001_mesh_layer_1_tri_3),
	gsSPDisplayList(mat_revert_castle_grounds_dl_wall_2_layer1),
	gsSPDisplayList(mat_castle_grounds_dl_PILLAR_layer1),
	gsSPDisplayList(castle_grounds_dl_Circle_001_mesh_layer_1_tri_4),
	gsSPDisplayList(mat_revert_castle_grounds_dl_PILLAR_layer1),
	gsSPDisplayList(mat_castle_grounds_dl_BORDER_layer1),
	gsSPDisplayList(castle_grounds_dl_Circle_001_mesh_layer_1_tri_5),
	gsSPDisplayList(mat_revert_castle_grounds_dl_BORDER_layer1),
	gsSPDisplayList(mat_castle_grounds_dl_wall_3_layer1),
	gsSPDisplayList(castle_grounds_dl_Circle_001_mesh_layer_1_tri_6),
	gsSPDisplayList(mat_revert_castle_grounds_dl_wall_3_layer1),
	gsSPDisplayList(mat_castle_grounds_dl_CARPET_CAPUSSY_layer1),
	gsSPDisplayList(castle_grounds_dl_Circle_001_mesh_layer_1_tri_7),
	gsSPDisplayList(mat_revert_castle_grounds_dl_CARPET_CAPUSSY_layer1),
	gsSPDisplayList(mat_castle_grounds_dl_path_layer1),
	gsSPDisplayList(castle_grounds_dl_Circle_001_mesh_layer_1_tri_8),
	gsSPDisplayList(mat_revert_castle_grounds_dl_path_layer1),
	gsSPDisplayList(mat_castle_grounds_dl_floor_layer1),
	gsSPDisplayList(castle_grounds_dl_Circle_001_mesh_layer_1_tri_9),
	gsSPDisplayList(mat_revert_castle_grounds_dl_floor_layer1),
	gsSPDisplayList(mat_castle_grounds_dl_GRASS__MINETH_ASS_layer1),
	gsSPDisplayList(castle_grounds_dl_Circle_001_mesh_layer_1_tri_10),
	gsSPDisplayList(mat_revert_castle_grounds_dl_GRASS__MINETH_ASS_layer1),
	gsSPDisplayList(mat_castle_grounds_dl_GRAVEL_layer1),
	gsSPDisplayList(castle_grounds_dl_Circle_001_mesh_layer_1_tri_11),
	gsSPDisplayList(mat_revert_castle_grounds_dl_GRAVEL_layer1),
	gsSPDisplayList(mat_castle_grounds_dl_water_layer1),
	gsSPDisplayList(castle_grounds_dl_Circle_001_mesh_layer_1_tri_12),
	gsSPDisplayList(mat_revert_castle_grounds_dl_water_layer1),
	gsSPDisplayList(mat_castle_grounds_dl_decor_3_001_layer1),
	gsSPDisplayList(castle_grounds_dl_Circle_001_mesh_layer_1_tri_13),
	gsSPDisplayList(mat_revert_castle_grounds_dl_decor_3_001_layer1),
	gsDPPipeSync(),
	gsSPSetGeometryMode(G_LIGHTING),
	gsSPClearGeometryMode(G_TEXTURE_GEN),
	gsDPSetCombineLERP(0, 0, 0, SHADE, 0, 0, 0, ENVIRONMENT, 0, 0, 0, SHADE, 0, 0, 0, ENVIRONMENT),
	gsSPTexture(65535, 65535, 0, 0, 0),
	gsDPSetEnvColor(255, 255, 255, 255),
	gsDPSetAlphaCompare(G_AC_NONE),
	gsSPEndDisplayList(),
};

