













Gfx bob_dl_a_ami02_ia8_aligner[] = {gsSPEndDisplayList()};
u8 bob_dl_a_ami02_ia8[] = {
	0x2f, 0x2f, 0x2f, 0x2f, 0x2f, 0x2f, 0x1f, 0x4f, 
	0x6f, 0x2f, 0x2f, 0x2f, 0x2f, 0x2f, 0x2f, 0x2f, 
	0x2f, 0x2f, 0x2f, 0x4f, 0x2f, 0x1f, 0x1f, 0x1f, 
	0x4f, 0x2f, 0x2f, 0x4f, 0x2f, 0x1f, 0x1f, 0x1f, 
	0x2f, 0x00, 0x00, 0x00, 0x00, 0x00, 0x00, 0x2f, 
	0x6f, 0x00, 0x00, 0x00, 0x00, 0x00, 0x00, 0x2f, 
	0x2f, 0x00, 0x00, 0x00, 0x00, 0x00, 0x00, 0x2f, 
	0x6f, 0x00, 0x00, 0x00, 0x00, 0x00, 0x00, 0x2f, 
	0x4f, 0x00, 0x00, 0x00, 0x00, 0x00, 0x00, 0x2f, 
	0x6f, 0x00, 0x00, 0x00, 0x00, 0x00, 0x00, 0x2f, 
	0x4f, 0x00, 0x00, 0x00, 0x00, 0x00, 0x00, 0x2f, 
	0x6f, 0x00, 0x00, 0x00, 0x00, 0x00, 0x00, 0x2f, 
	0x6f, 0x00, 0x00, 0x00, 0x00, 0x00, 0x00, 0x4f, 
	0x6f, 0x00, 0x00, 0x00, 0x00, 0x00, 0x00, 0x2f, 
	0x6f, 0x00, 0x00, 0x00, 0x00, 0x00, 0x00, 0x4f, 
	0x6f, 0x00, 0x00, 0x00, 0x00, 0x00, 0x00, 0x4f, 
	0x4f, 0x00, 0x00, 0x00, 0x00, 0x00, 0x00, 0x4f, 
	0x6f, 0x00, 0x00, 0x00, 0x00, 0x00, 0x00, 0x4f, 
	0x6f, 0x00, 0x00, 0x00, 0x00, 0x00, 0x00, 0x4f, 
	0x4f, 0x00, 0x00, 0x00, 0x00, 0x00, 0x00, 0x4f, 
	0x6f, 0x00, 0x00, 0x00, 0x00, 0x00, 0x00, 0x1f, 
	0x6f, 0x00, 0x00, 0x00, 0x00, 0x00, 0x00, 0x2f, 
	0x6f, 0x00, 0x00, 0x00, 0x00, 0x00, 0x00, 0x1f, 
	0x4f, 0x00, 0x00, 0x00, 0x00, 0x00, 0x00, 0x2f, 
	0x6f, 0x00, 0x00, 0x00, 0x00, 0x00, 0x00, 0x1f, 
	0x6f, 0x00, 0x00, 0x00, 0x00, 0x00, 0x00, 0x2f, 
	0x6f, 0x00, 0x00, 0x00, 0x00, 0x00, 0x00, 0x1f, 
	0x2f, 0x00, 0x00, 0x00, 0x00, 0x00, 0x00, 0x2f, 
	0x6f, 0x2f, 0x2f, 0x4f, 0x4f, 0x8f, 0x8f, 0x8f, 
	0x6f, 0x4f, 0x2f, 0x4f, 0x6f, 0x6f, 0x6f, 0x2f, 
	0x6f, 0x2f, 0x2f, 0x4f, 0x4f, 0x8f, 0x8f, 0x8f, 
	0x6f, 0x4f, 0x2f, 0x4f, 0x6f, 0x6f, 0x6f, 0x2f, 
	0x8f, 0x1f, 0x1f, 0x4f, 0x4f, 0x2f, 0x2f, 0x1f, 
	0x1f, 0x1f, 0x1f, 0x4f, 0x4f, 0x1f, 0x1f, 0x2f, 
	0x8f, 0x1f, 0x1f, 0x4f, 0x4f, 0x1f, 0x1f, 0x1f, 
	0x1f, 0x4f, 0x1f, 0x4f, 0x4f, 0x1f, 0x1f, 0x2f, 
	0x8f, 0x00, 0x00, 0x00, 0x00, 0x00, 0x00, 0x4f, 
	0x8f, 0x00, 0x00, 0x00, 0x00, 0x00, 0x00, 0x2f, 
	0x8f, 0x00, 0x00, 0x00, 0x00, 0x00, 0x00, 0x2f, 
	0x8f, 0x00, 0x00, 0x00, 0x00, 0x00, 0x00, 0x2f, 
	0x8f, 0x00, 0x00, 0x00, 0x00, 0x00, 0x00, 0x4f, 
	0x8f, 0x00, 0x00, 0x00, 0x00, 0x00, 0x00, 0x2f, 
	0x8f, 0x00, 0x00, 0x00, 0x00, 0x00, 0x00, 0x2f, 
	0x8f, 0x00, 0x00, 0x00, 0x00, 0x00, 0x00, 0x2f, 
	0x8f, 0x00, 0x00, 0x00, 0x00, 0x00, 0x00, 0x4f, 
	0x8f, 0x00, 0x00, 0x00, 0x00, 0x00, 0x00, 0x4f, 
	0x8f, 0x00, 0x00, 0x00, 0x00, 0x00, 0x00, 0x4f, 
	0x8f, 0x00, 0x00, 0x00, 0x00, 0x00, 0x00, 0x4f, 
	0x6f, 0x00, 0x00, 0x00, 0x00, 0x00, 0x00, 0x1f, 
	0x7f, 0x00, 0x00, 0x00, 0x00, 0x00, 0x00, 0x2f, 
	0x6f, 0x00, 0x00, 0x00, 0x00, 0x00, 0x00, 0x2f, 
	0x7f, 0x00, 0x00, 0x00, 0x00, 0x00, 0x00, 0x2f, 
	0x6f, 0x00, 0x00, 0x00, 0x00, 0x00, 0x00, 0x2f, 
	0x7f, 0x00, 0x00, 0x00, 0x00, 0x00, 0x00, 0x2f, 
	0x5f, 0x00, 0x00, 0x00, 0x00, 0x00, 0x00, 0x2f, 
	0x7f, 0x00, 0x00, 0x00, 0x00, 0x00, 0x00, 0x2f, 
	0x6f, 0x00, 0x00, 0x00, 0x00, 0x00, 0x00, 0x1f, 
	0x7f, 0x00, 0x00, 0x00, 0x00, 0x00, 0x00, 0x2f, 
	0x5f, 0x00, 0x00, 0x00, 0x00, 0x00, 0x00, 0x2f, 
	0x7f, 0x00, 0x00, 0x00, 0x00, 0x00, 0x00, 0x2f, 
	0x8f, 0x8f, 0x6f, 0x5f, 0x4f, 0x2f, 0x2f, 0x2f, 
	0x7f, 0x7f, 0x7f, 0x8f, 0x6f, 0x6f, 0x6f, 0x6f, 
	0x8f, 0x8f, 0x8f, 0x8f, 0x7f, 0x2f, 0x2f, 0x2f, 
	0x7f, 0x7f, 0x7f, 0x7f, 0x8f, 0x8f, 0x8f, 0x7f, 
	0x1f, 0x1f, 0x1f, 0x1f, 0x1f, 0x1f, 0x2f, 0x4f, 
	0x6f, 0x4f, 0x4f, 0x4f, 0x4f, 0x1f, 0x1f, 0x1f, 
	0x1f, 0x1f, 0x4f, 0x4f, 0x1f, 0x1f, 0x1f, 0x2f, 
	0x6f, 0x4f, 0x4f, 0x4f, 0x1f, 0x1f, 0x1f, 0x1f, 
	0x4f, 0x00, 0x00, 0x00, 0x00, 0x00, 0x00, 0x2f, 
	0x5f, 0x00, 0x00, 0x00, 0x00, 0x00, 0x00, 0x2f, 
	0x4f, 0x00, 0x00, 0x00, 0x00, 0x00, 0x00, 0x2f, 
	0x6f, 0x00, 0x00, 0x00, 0x00, 0x00, 0x00, 0x2f, 
	0x4f, 0x00, 0x00, 0x00, 0x00, 0x00, 0x00, 0x2f, 
	0x5f, 0x00, 0x00, 0x00, 0x00, 0x00, 0x00, 0x2f, 
	0x4f, 0x00, 0x00, 0x00, 0x00, 0x00, 0x00, 0x4f, 
	0x5f, 0x00, 0x00, 0x00, 0x00, 0x00, 0x00, 0x2f, 
	0x4f, 0x00, 0x00, 0x00, 0x00, 0x00, 0x00, 0x4f, 
	0x5f, 0x00, 0x00, 0x00, 0x00, 0x00, 0x00, 0x4f, 
	0x4f, 0x00, 0x00, 0x00, 0x00, 0x00, 0x00, 0x2f, 
	0x5f, 0x00, 0x00, 0x00, 0x00, 0x00, 0x00, 0x4f, 
	0x5f, 0x00, 0x00, 0x00, 0x00, 0x00, 0x00, 0x2f, 
	0x5f, 0x00, 0x00, 0x00, 0x00, 0x00, 0x00, 0x2f, 
	0x4f, 0x00, 0x00, 0x00, 0x00, 0x00, 0x00, 0x2f, 
	0x5f, 0x00, 0x00, 0x00, 0x00, 0x00, 0x00, 0x2f, 
	0x6f, 0x00, 0x00, 0x00, 0x00, 0x00, 0x00, 0x2f, 
	0x6f, 0x00, 0x00, 0x00, 0x00, 0x00, 0x00, 0x2f, 
	0x6f, 0x00, 0x00, 0x00, 0x00, 0x00, 0x00, 0x2f, 
	0x5f, 0x00, 0x00, 0x00, 0x00, 0x00, 0x00, 0x2f, 
	0x6f, 0x00, 0x00, 0x00, 0x00, 0x00, 0x00, 0x2f, 
	0x6f, 0x00, 0x00, 0x00, 0x00, 0x00, 0x00, 0x2f, 
	0x6f, 0x00, 0x00, 0x00, 0x00, 0x00, 0x00, 0x2f, 
	0x4f, 0x00, 0x00, 0x00, 0x00, 0x00, 0x00, 0x2f, 
	0x6f, 0x4f, 0x4f, 0x4f, 0x6f, 0x6f, 0x6f, 0x6f, 
	0x6f, 0x6f, 0x5f, 0x4f, 0x6f, 0x6f, 0x6f, 0x2f, 
	0x6f, 0x4f, 0x4f, 0x4f, 0x6f, 0x6f, 0x6f, 0x6f, 
	0x6f, 0x6f, 0x5f, 0x4f, 0x4f, 0x6f, 0x6f, 0x2f, 
	0x8f, 0x1f, 0x1f, 0x4f, 0x4f, 0x1f, 0x2f, 0x1f, 
	0x1f, 0x1f, 0x1f, 0x4f, 0x2f, 0x1f, 0x1f, 0x2f, 
	0x8f, 0x1f, 0x1f, 0x4f, 0x2f, 0x2f, 0x2f, 0x4f, 
	0x4f, 0x2f, 0x2f, 0x2f, 0x2f, 0x2f, 0x2f, 0x2f, 
	0x8f, 0x00, 0x00, 0x00, 0x00, 0x00, 0x00, 0x2f, 
	0x8f, 0x00, 0x00, 0x00, 0x00, 0x00, 0x00, 0x2f, 
	0x8f, 0x00, 0x00, 0x00, 0x00, 0x00, 0x00, 0x2f, 
	0x2f, 0x00, 0x00, 0x00, 0x00, 0x00, 0x00, 0x2f, 
	0x8f, 0x00, 0x00, 0x00, 0x00, 0x00, 0x00, 0x2f, 
	0x8f, 0x00, 0x00, 0x00, 0x00, 0x00, 0x00, 0x4f, 
	0x8f, 0x00, 0x00, 0x00, 0x00, 0x00, 0x00, 0x2f, 
	0x6f, 0x00, 0x00, 0x00, 0x00, 0x00, 0x00, 0x2f, 
	0x8f, 0x00, 0x00, 0x00, 0x00, 0x00, 0x00, 0x4f, 
	0x8f, 0x00, 0x00, 0x00, 0x00, 0x00, 0x00, 0x4f, 
	0x8f, 0x00, 0x00, 0x00, 0x00, 0x00, 0x00, 0x4f, 
	0x6f, 0x00, 0x00, 0x00, 0x00, 0x00, 0x00, 0x2f, 
	0x8f, 0x00, 0x00, 0x00, 0x00, 0x00, 0x00, 0x2f, 
	0x7f, 0x00, 0x00, 0x00, 0x00, 0x00, 0x00, 0x2f, 
	0x6f, 0x00, 0x00, 0x00, 0x00, 0x00, 0x00, 0x1f, 
	0x7f, 0x00, 0x00, 0x00, 0x00, 0x00, 0x00, 0x2f, 
	0x5f, 0x00, 0x00, 0x00, 0x00, 0x00, 0x00, 0x2f, 
	0x7f, 0x00, 0x00, 0x00, 0x00, 0x00, 0x00, 0x2f, 
	0x5f, 0x00, 0x00, 0x00, 0x00, 0x00, 0x00, 0x1f, 
	0x7f, 0x00, 0x00, 0x00, 0x00, 0x00, 0x00, 0x2f, 
	0x5f, 0x00, 0x00, 0x00, 0x00, 0x00, 0x00, 0x2f, 
	0x7f, 0x00, 0x00, 0x00, 0x00, 0x00, 0x00, 0x2f, 
	0x5f, 0x00, 0x00, 0x00, 0x00, 0x00, 0x00, 0x1f, 
	0x7f, 0x00, 0x00, 0x00, 0x00, 0x00, 0x00, 0x2f, 
	0x8f, 0x8f, 0x8f, 0x6f, 0x6f, 0x2f, 0x2f, 0x2f, 
	0x7f, 0x7f, 0x7f, 0x7f, 0x6f, 0x4f, 0x4f, 0x6f, 
	0x8f, 0x8f, 0x8f, 0x8f, 0x8f, 0x8f, 0x4f, 0x1f, 
	0x7f, 0x8f, 0x8f, 0x8f, 0x8f, 0x8f, 0x7f, 0x7f, 
	
};

Gfx bob_dl_SFLATDD_i4_aligner[] = {gsSPEndDisplayList()};
u8 bob_dl_SFLATDD_i4[] = {
	0x23, 0x44, 0x44, 0x34, 0x44, 0x44, 0x54, 0x56, 
	0x56, 0x66, 0x65, 0x65, 0x56, 0x66, 0x64, 0x55, 
	0x65, 0x66, 0x65, 0x55, 0x55, 0x65, 0x55, 0x56, 
	0x65, 0x45, 0x85, 0x55, 0x65, 0x88, 0x66, 0x32, 
	0x32, 0x34, 0x44, 0x44, 0x44, 0x44, 0x44, 0x55, 
	0x55, 0x55, 0x54, 0x65, 0x66, 0x66, 0x66, 0x65, 
	0x55, 0x65, 0x56, 0x55, 0x54, 0x45, 0x54, 0x44, 
	0x45, 0x45, 0x54, 0x55, 0x55, 0x55, 0x43, 0x23, 
	0x53, 0x23, 0x44, 0x44, 0x44, 0x45, 0x44, 0x44, 
	0x64, 0x48, 0x66, 0x44, 0x88, 0x66, 0x65, 0x46, 
	0x45, 0x66, 0x45, 0x44, 0x44, 0x64, 0x44, 0x44, 
	0x55, 0x66, 0x54, 0x65, 0x45, 0x46, 0x32, 0x35, 
	0x64, 0x32, 0x34, 0x44, 0x45, 0x45, 0x44, 0x54, 
	0x56, 0x44, 0x45, 0x55, 0x65, 0x66, 0x56, 0x55, 
	0x54, 0x55, 0x65, 0x44, 0x54, 0x54, 0x44, 0x44, 
	0x54, 0x54, 0x55, 0x64, 0x56, 0x43, 0x23, 0x68, 
	0x66, 0x53, 0x23, 0x44, 0x54, 0x44, 0x55, 0x66, 
	0x54, 0x65, 0x44, 0x56, 0x65, 0x88, 0x56, 0x55, 
	0x66, 0x65, 0x54, 0x44, 0x66, 0x55, 0x56, 0x44, 
	0x46, 0x55, 0x55, 0x65, 0x44, 0x32, 0x35, 0x65, 
	0x54, 0x84, 0x32, 0x34, 0x44, 0x44, 0x54, 0x54, 
	0x55, 0x64, 0x55, 0x56, 0x55, 0x85, 0x66, 0x65, 
	0x55, 0x66, 0x64, 0x44, 0x54, 0x55, 0x44, 0x44, 
	0x45, 0x55, 0x45, 0x44, 0x43, 0x23, 0x66, 0x56, 
	0x56, 0x66, 0x63, 0x23, 0x46, 0x44, 0x46, 0x55, 
	0x55, 0x65, 0x44, 0x54, 0x56, 0x65, 0x85, 0x65, 
	0x55, 0x68, 0x64, 0x43, 0x55, 0x54, 0x45, 0x66, 
	0x54, 0x45, 0x45, 0x64, 0x32, 0x36, 0x86, 0x55, 
	0x45, 0x58, 0x65, 0x32, 0x34, 0x44, 0x45, 0x55, 
	0x45, 0x44, 0x54, 0x65, 0x66, 0x55, 0x85, 0x64, 
	0x66, 0x55, 0x54, 0x55, 0x64, 0x44, 0x55, 0x46, 
	0x55, 0x44, 0x45, 0x43, 0x23, 0x58, 0x56, 0x55, 
	0x46, 0x55, 0x86, 0x43, 0x23, 0x66, 0x54, 0x45, 
	0x45, 0x64, 0x44, 0x65, 0x66, 0x56, 0x65, 0x65, 
	0x56, 0x56, 0x56, 0x55, 0x46, 0x54, 0x45, 0x66, 
	0x66, 0x54, 0x54, 0x32, 0x35, 0x66, 0x65, 0x55, 
	0x54, 0x45, 0x64, 0x65, 0x32, 0x36, 0x56, 0x86, 
	0x66, 0x45, 0x56, 0x56, 0x55, 0x54, 0x65, 0x65, 
	0x56, 0x58, 0x54, 0x55, 0x56, 0x45, 0x56, 0x68, 
	0x86, 0x64, 0x43, 0x23, 0x46, 0x65, 0x55, 0x55, 
	0x54, 0x44, 0x44, 0x66, 0x43, 0x23, 0x34, 0x43, 
	0x44, 0x45, 0x66, 0x55, 0x55, 0x55, 0x54, 0x65, 
	0x65, 0x55, 0x44, 0x64, 0x56, 0x84, 0x34, 0x33, 
	0x44, 0x44, 0x32, 0x35, 0x85, 0x66, 0x56, 0x65, 
	0x54, 0x44, 0x44, 0x44, 0x65, 0x32, 0x32, 0x22, 
	0x22, 0x22, 0x45, 0x64, 0x55, 0x65, 0x54, 0x55, 
	0x56, 0x66, 0x65, 0x55, 0x58, 0x43, 0x22, 0x22, 
	0x22, 0x23, 0x23, 0x68, 0x65, 0x66, 0x56, 0x46, 
	0x45, 0x44, 0x45, 0x54, 0x46, 0x43, 0x22, 0x33, 
	0x44, 0x43, 0x23, 0x45, 0x45, 0x55, 0x56, 0x65, 
	0x54, 0x55, 0x55, 0x64, 0x84, 0x32, 0x23, 0x44, 
	0x44, 0x32, 0x34, 0x66, 0x56, 0x65, 0x66, 0x56, 
	0x44, 0x44, 0x45, 0x44, 0x48, 0x63, 0x23, 0x65, 
	0x55, 0x55, 0x32, 0x34, 0x65, 0x56, 0x55, 0x56, 
	0x55, 0x68, 0x65, 0x55, 0x43, 0x23, 0x54, 0x55, 
	0x65, 0x42, 0x46, 0x86, 0x65, 0x66, 0x65, 0x55, 
	0x54, 0x64, 0x44, 0x64, 0x68, 0x53, 0x23, 0x54, 
	0x44, 0x43, 0x54, 0x23, 0x46, 0x55, 0x55, 0x55, 
	0x65, 0x68, 0x65, 0x54, 0x32, 0x45, 0x34, 0x34, 
	0x45, 0x42, 0x45, 0x86, 0x66, 0x56, 0x66, 0x56, 
	0x65, 0x55, 0x45, 0x55, 0x48, 0x53, 0x23, 0x54, 
	0x36, 0x33, 0x35, 0x42, 0x34, 0x68, 0x55, 0x55, 
	0x46, 0x66, 0x46, 0x43, 0x24, 0x53, 0x43, 0x63, 
	0x45, 0x42, 0x36, 0x65, 0x56, 0x55, 0x55, 0x55, 
	0x55, 0x55, 0x54, 0x65, 0x48, 0x64, 0x23, 0x54, 
	0x33, 0x23, 0x43, 0x55, 0x23, 0x46, 0x64, 0x56, 
	0x46, 0x55, 0x64, 0x32, 0x46, 0x34, 0x33, 0x32, 
	0x45, 0x32, 0x48, 0x65, 0x55, 0x55, 0x54, 0x55, 
	0x55, 0x65, 0x54, 0x55, 0x58, 0x64, 0x23, 0x54, 
	0x20, 0x23, 0x44, 0x45, 0x42, 0x34, 0x68, 0x54, 
	0x45, 0x56, 0x43, 0x24, 0x64, 0x44, 0x32, 0x02, 
	0x43, 0x32, 0x48, 0x66, 0x46, 0x55, 0x55, 0x55, 
	0x45, 0x55, 0x56, 0x55, 0x54, 0x64, 0x23, 0x44, 
	0x43, 0x44, 0x43, 0x44, 0x55, 0x23, 0x46, 0x68, 
	0x86, 0x44, 0x32, 0x45, 0x44, 0x33, 0x44, 0x34, 
	0x44, 0x22, 0x46, 0x45, 0x56, 0x64, 0x54, 0x55, 
	0x65, 0x56, 0x55, 0x45, 0x64, 0x56, 0x42, 0x34, 
	0x43, 0x43, 0x43, 0x34, 0x45, 0x42, 0x33, 0x33, 
	0x33, 0x33, 0x24, 0x54, 0x43, 0x33, 0x34, 0x34, 
	0x43, 0x23, 0x56, 0x56, 0x46, 0x65, 0x55, 0x44, 
	0x45, 0x55, 0x55, 0x45, 0x44, 0x46, 0x63, 0x23, 
	0x43, 0x43, 0x43, 0x44, 0x44, 0x54, 0x22, 0x22, 
	0x22, 0x22, 0x45, 0x44, 0x44, 0x34, 0x34, 0x34, 
	0x32, 0x34, 0x65, 0x56, 0x55, 0x65, 0x65, 0x64, 
	0x46, 0x46, 0x55, 0x45, 0x44, 0x55, 0x64, 0x32, 
	0x34, 0x34, 0x44, 0x43, 0x34, 0x45, 0x43, 0x43, 
	0x44, 0x34, 0x54, 0x43, 0x33, 0x33, 0x43, 0x54, 
	0x23, 0x46, 0x56, 0x56, 0x55, 0x65, 0x85, 0x45, 
	0x55, 0x56, 0x64, 0x56, 0x56, 0x55, 0x86, 0x43, 
	0x23, 0x44, 0x44, 0x33, 0x34, 0x33, 0x55, 0x55, 
	0x55, 0x55, 0x33, 0x43, 0x33, 0x43, 0x44, 0x32, 
	0x34, 0x86, 0x55, 0x56, 0x56, 0x55, 0x54, 0x45, 
	0x56, 0x46, 0x65, 0x55, 0x56, 0x56, 0x56, 0x64, 
	0x32, 0x35, 0x43, 0x33, 0x34, 0x33, 0x34, 0x34, 
	0x34, 0x33, 0x33, 0x43, 0x33, 0x33, 0x53, 0x23, 
	0x46, 0x64, 0x55, 0x66, 0x55, 0x66, 0x66, 0x54, 
	0x56, 0x55, 0x65, 0x45, 0x66, 0x55, 0x66, 0x84, 
	0x43, 0x23, 0x44, 0x44, 0x33, 0x34, 0x44, 0x34, 
	0x43, 0x44, 0x43, 0x33, 0x44, 0x45, 0x32, 0x34, 
	0x68, 0x55, 0x55, 0x65, 0x55, 0x45, 0x55, 0x54, 
	0x55, 0x44, 0x55, 0x66, 0x56, 0x45, 0x66, 0x58, 
	0x64, 0x32, 0x35, 0x43, 0x44, 0x44, 0x34, 0x44, 
	0x43, 0x43, 0x44, 0x43, 0x34, 0x43, 0x23, 0x46, 
	0x55, 0x64, 0x55, 0x55, 0x45, 0x54, 0x55, 0x54, 
	0x55, 0x55, 0x56, 0x65, 0x66, 0x56, 0x65, 0x54, 
	0x66, 0x43, 0x23, 0x44, 0x44, 0x43, 0x34, 0x54, 
	0x44, 0x33, 0x34, 0x43, 0x44, 0x32, 0x34, 0x66, 
	0x65, 0x55, 0x44, 0x55, 0x65, 0x56, 0x55, 0x55, 
	0x65, 0x55, 0x85, 0x66, 0x65, 0x56, 0x66, 0x55, 
	0x58, 0x84, 0x32, 0x43, 0x44, 0x44, 0x43, 0x22, 
	0x22, 0x34, 0x44, 0x44, 0x33, 0x23, 0x45, 0x45, 
	0x65, 0x65, 0x64, 0x65, 0x56, 0x65, 0x55, 0x65, 
	0x55, 0x45, 0x56, 0x56, 0x66, 0x56, 0x65, 0x65, 
	0x56, 0x65, 0x32, 0x45, 0x34, 0x34, 0x32, 0x33, 
	0x33, 0x23, 0x43, 0x44, 0x34, 0x23, 0x48, 0x66, 
	0x66, 0x85, 0x45, 0x55, 0x45, 0x56, 0x65, 0x55, 
	0x65, 0x44, 0x58, 0x56, 0x55, 0x56, 0x55, 0x65, 
	0x65, 0x66, 0x32, 0x35, 0x33, 0x44, 0x23, 0x33, 
	0x33, 0x32, 0x54, 0x34, 0x53, 0x23, 0x66, 0x55, 
	0x55, 0x54, 0x45, 0x55, 0x54, 0x65, 0x65, 0x56, 
	0x46, 0x54, 0x58, 0x65, 0x55, 0x65, 0x56, 0x65, 
	0x56, 0x66, 0x32, 0x35, 0x33, 0x44, 0x23, 0x33, 
	0x33, 0x32, 0x44, 0x43, 0x53, 0x23, 0x66, 0x55, 
	0x45, 0x66, 0x54, 0x54, 0x45, 0x55, 0x45, 0x55, 
	0x45, 0x55, 0x56, 0x65, 0x45, 0x45, 0x56, 0x55, 
	0x54, 0x56, 0x32, 0x45, 0x34, 0x44, 0x23, 0x33, 
	0x33, 0x32, 0x43, 0x43, 0x54, 0x23, 0x68, 0x55, 
	0x55, 0x55, 0x54, 0x54, 0x45, 0x65, 0x45, 0x54, 
	0x45, 0x55, 0x65, 0x55, 0x45, 0x46, 0x68, 0x65, 
	0x55, 0x46, 0x32, 0x36, 0x43, 0x45, 0x23, 0x33, 
	0x33, 0x32, 0x53, 0x44, 0x54, 0x23, 0x66, 0x45, 
	0x45, 0x55, 0x54, 0x65, 0x56, 0x65, 0x44, 0x54, 
	0x55, 0x44, 0x65, 0x55, 0x65, 0x56, 0x55, 0x55, 
	0x55, 0x64, 0x32, 0x35, 0x43, 0x34, 0x42, 0x33, 
	0x33, 0x25, 0x43, 0x44, 0x53, 0x23, 0x46, 0x55, 
	0x54, 0x55, 0x55, 0x54, 0x44, 0x65, 0x54, 0x44, 
	0x56, 0x45, 0x65, 0x55, 0x65, 0x55, 0x55, 0x54, 
	0x56, 0x64, 0x32, 0x45, 0x44, 0x44, 0x45, 0x33, 
	0x33, 0x54, 0x44, 0x43, 0x53, 0x23, 0x46, 0x56, 
	0x56, 0x55, 0x65, 0x56, 0x55, 0x64, 0x45, 0x55, 
	0x58, 0x55, 0x55, 0x55, 0x66, 0x46, 0x55, 0x55, 
	0x56, 0x43, 0x25, 0x54, 0x34, 0x43, 0x44, 0x56, 
	0x65, 0x44, 0x34, 0x43, 0x44, 0x52, 0x34, 0x58, 
	0x54, 0x65, 0x55, 0x45, 0x54, 0x45, 0x54, 0x45, 
	0x58, 0x44, 0x66, 0x56, 0x45, 0x56, 0x64, 0x64, 
	0x84, 0x32, 0x45, 0x34, 0x34, 0x43, 0x33, 0x44, 
	0x34, 0x44, 0x34, 0x43, 0x43, 0x54, 0x23, 0x46, 
	0x44, 0x65, 0x56, 0x46, 0x55, 0x44, 0x45, 0x46, 
	0x56, 0x45, 0x66, 0x56, 0x56, 0x46, 0x65, 0x58, 
	0x43, 0x25, 0x54, 0x34, 0x34, 0x34, 0x43, 0x44, 
	0x43, 0x34, 0x33, 0x34, 0x33, 0x45, 0x42, 0x34, 
	0x66, 0x45, 0x55, 0x54, 0x45, 0x64, 0x44, 0x46, 
	0x56, 0x55, 0x44, 0x55, 0x56, 0x55, 0x68, 0x64, 
	0x32, 0x45, 0x44, 0x44, 0x34, 0x34, 0x43, 0x33, 
	0x43, 0x34, 0x44, 0x33, 0x34, 0x43, 0x54, 0x23, 
	0x46, 0x65, 0x54, 0x54, 0x45, 0x54, 0x44, 0x55, 
	0x56, 0x55, 0x44, 0x56, 0x56, 0x55, 0x65, 0x43, 
	0x24, 0x63, 0x43, 0x34, 0x43, 0x33, 0x44, 0x34, 
	0x33, 0x44, 0x33, 0x34, 0x43, 0x34, 0x35, 0x42, 
	0x34, 0x64, 0x54, 0x44, 0x54, 0x55, 0x44, 0x45, 
	0x46, 0x55, 0x44, 0x45, 0x56, 0x56, 0x84, 0x32, 
	0x45, 0x33, 0x43, 0x33, 0x43, 0x33, 0x34, 0x44, 
	0x44, 0x44, 0x44, 0x33, 0x43, 0x33, 0x33, 0x54, 
	0x23, 0x46, 0x44, 0x44, 0x55, 0x44, 0x45, 0x55, 
	0x46, 0x54, 0x65, 0x45, 0x65, 0x54, 0x53, 0x24, 
	0x53, 0x33, 0x43, 0x33, 0x44, 0x33, 0x22, 0x22, 
	0x22, 0x22, 0x33, 0x34, 0x33, 0x33, 0x33, 0x35, 
	0x42, 0x35, 0x85, 0x44, 0x56, 0x55, 0x44, 0x44, 
	0x46, 0x55, 0x46, 0x45, 0x55, 0x56, 0x32, 0x45, 
	0x34, 0x33, 0x43, 0x33, 0x43, 0x32, 0x33, 0x33, 
	0x33, 0x33, 0x23, 0x34, 0x33, 0x24, 0x33, 0x43, 
	0x54, 0x23, 0x48, 0x45, 0x65, 0x54, 0x44, 0x45, 
	0x46, 0x55, 0x56, 0x55, 0x56, 0x55, 0x22, 0x55, 
	0x33, 0x33, 0x43, 0x33, 0x43, 0x23, 0x46, 0x88, 
	0x85, 0x54, 0x32, 0x43, 0x34, 0x34, 0x33, 0x33, 
	0x45, 0x22, 0x46, 0x56, 0x66, 0x54, 0x44, 0x55, 
	0x46, 0x55, 0x66, 0x65, 0x55, 0x63, 0x23, 0x53, 
	0x36, 0x33, 0x43, 0x34, 0x32, 0x34, 0x66, 0x65, 
	0x46, 0x65, 0x43, 0x23, 0x44, 0x34, 0x33, 0x63, 
	0x44, 0x42, 0x46, 0x56, 0x56, 0x55, 0x44, 0x54, 
	0x46, 0x65, 0x65, 0x65, 0x56, 0x64, 0x23, 0x43, 
	0x33, 0x23, 0x33, 0x43, 0x23, 0x48, 0x44, 0x55, 
	0x44, 0x54, 0x64, 0x32, 0x34, 0x33, 0x33, 0x32, 
	0x34, 0x32, 0x45, 0x54, 0x55, 0x55, 0x55, 0x54, 
	0x65, 0x68, 0x55, 0x45, 0x55, 0x84, 0x24, 0x43, 
	0x20, 0x24, 0x34, 0x32, 0x34, 0x65, 0x44, 0x44, 
	0x45, 0x44, 0x66, 0x43, 0x23, 0x43, 0x42, 0x02, 
	0x45, 0x32, 0x35, 0x44, 0x45, 0x55, 0x55, 0x54, 
	0x55, 0x86, 0x64, 0x45, 0x54, 0x63, 0x23, 0x43, 
	0x34, 0x43, 0x43, 0x23, 0x46, 0x65, 0x44, 0x54, 
	0x44, 0x55, 0x56, 0x54, 0x32, 0x34, 0x34, 0x44, 
	0x44, 0x42, 0x36, 0x44, 0x55, 0x55, 0x55, 0x44, 
	0x64, 0x66, 0x65, 0x44, 0x54, 0x64, 0x23, 0x43, 
	0x43, 0x43, 0x42, 0x34, 0x66, 0x85, 0x64, 0x44, 
	0x44, 0x54, 0x54, 0x65, 0x43, 0x23, 0x43, 0x44, 
	0x34, 0x32, 0x46, 0x44, 0x46, 0x45, 0x45, 0x44, 
	0x65, 0x56, 0x65, 0x54, 0x46, 0x83, 0x23, 0x44, 
	0x44, 0x33, 0x23, 0x46, 0x64, 0x44, 0x55, 0x46, 
	0x44, 0x46, 0x65, 0x56, 0x44, 0x32, 0x23, 0x33, 
	0x43, 0x32, 0x48, 0x64, 0x55, 0x46, 0x44, 0x44, 
	0x65, 0x56, 0x66, 0x45, 0x56, 0x43, 0x32, 0x22, 
	0x22, 0x22, 0x34, 0x64, 0x44, 0x44, 0x45, 0x44, 
	0x44, 0x45, 0x55, 0x55, 0x64, 0x43, 0x22, 0x22, 
	0x22, 0x23, 0x45, 0x64, 0x55, 0x56, 0x54, 0x64, 
	0x66, 0x46, 0x56, 0x86, 0x66, 0x43, 0x23, 0x43, 
	0x33, 0x34, 0x44, 0x65, 0x46, 0x44, 0x54, 0x44, 
	0x44, 0x44, 0x55, 0x45, 0x55, 0x54, 0x33, 0x34, 
	0x43, 0x32, 0x34, 0x64, 0x54, 0x55, 0x54, 0x44, 
	0x46, 0x46, 0x66, 0x66, 0x44, 0x32, 0x34, 0x64, 
	0x66, 0x66, 0x46, 0x44, 0x44, 0x44, 0x45, 0x55, 
	0x55, 0x44, 0x44, 0x44, 0x34, 0x58, 0x66, 0x68, 
	0x86, 0x53, 0x23, 0x46, 0x44, 0x44, 0x55, 0x56, 
	0x66, 0x66, 0x66, 0x45, 0x43, 0x23, 0x45, 0x44, 
	0x45, 0x45, 0x44, 0x54, 0x54, 0x44, 0x55, 0x54, 
	0x45, 0x54, 0x44, 0x44, 0x44, 0x44, 0x45, 0x55, 
	0x66, 0x64, 0x32, 0x34, 0x45, 0x44, 0x44, 0x65, 
	0x66, 0x56, 0x46, 0x64, 0x32, 0x35, 0x65, 0x64, 
	0x44, 0x34, 0x44, 0x44, 0x54, 0x56, 0x58, 0x56, 
	0x45, 0x45, 0x44, 0x44, 0x44, 0x44, 0x45, 0x44, 
	0x44, 0x65, 0x43, 0x23, 0x45, 0x44, 0x54, 0x66, 
	0x46, 0x64, 0x65, 0x43, 0x23, 0x46, 0x65, 0x44, 
	0x44, 0x44, 0x44, 0x44, 0x44, 0x55, 0x56, 0x56, 
	0x55, 0x44, 0x44, 0x44, 0x44, 0x45, 0x45, 0x44, 
	0x54, 0x55, 0x64, 0x32, 0x34, 0x55, 0x66, 0x85, 
	0x66, 0x55, 0x55, 0x32, 0x34, 0x68, 0x44, 0x45, 
	0x45, 0x54, 0x54, 0x45, 0x44, 0x44, 0x65, 0x58, 
	0x55, 0x44, 0x55, 0x45, 0x54, 0x44, 0x45, 0x45, 
	0x54, 0x56, 0x66, 0x43, 0x23, 0x45, 0x54, 0x54, 
	0x65, 0x56, 0x43, 0x23, 0x48, 0x55, 0x44, 0x55, 
	0x66, 0x54, 0x65, 0x45, 0x44, 0x54, 0x54, 0x55, 
	0x54, 0x55, 0x64, 0x45, 0x45, 0x44, 0x55, 0x66, 
	0x54, 0x45, 0x54, 0x64, 0x32, 0x36, 0x54, 0x65, 
	0x66, 0x56, 0x32, 0x34, 0x66, 0x44, 0x44, 0x54, 
	0x54, 0x55, 0x65, 0x45, 0x65, 0x54, 0x55, 0x56, 
	0x56, 0x55, 0x46, 0x55, 0x44, 0x44, 0x54, 0x54, 
	0x55, 0x45, 0x54, 0x86, 0x53, 0x23, 0x55, 0x65, 
	0x55, 0x63, 0x23, 0x56, 0x45, 0x56, 0x44, 0x46, 
	0x55, 0x55, 0x65, 0x55, 0x55, 0x56, 0x65, 0x58, 
	0x54, 0x55, 0x56, 0x55, 0x44, 0x44, 0x46, 0x55, 
	0x55, 0x45, 0x45, 0x48, 0x66, 0x32, 0x35, 0x66, 
	0x56, 0x32, 0x35, 0x88, 0x44, 0x44, 0x44, 0x45, 
	0x55, 0x45, 0x46, 0x55, 0x56, 0x55, 0x55, 0x55, 
	0x44, 0x64, 0x56, 0x45, 0x44, 0x44, 0x45, 0x55, 
	0x45, 0x55, 0x44, 0x44, 0x46, 0x53, 0x23, 0x46, 
	0x53, 0x23, 0x56, 0x65, 0x44, 0x44, 0x45, 0x45, 
	0x55, 0x44, 0x56, 0x55, 0x55, 0x55, 0x55, 0x54, 
	0x44, 0x45, 0x65, 0x56, 0x65, 0x55, 0x55, 0x56, 
	0x54, 0x55, 0x44, 0x55, 0x55, 0x65, 0x32, 0x35, 
	0x32, 0x34, 0x86, 0x44, 0x44, 0x43, 0x45, 0x45, 
	0x66, 0x65, 0x55, 0x88, 0x66, 0x65, 0x46, 0x45, 
	0x65, 0x66, 0x66, 0x45, 0x45, 0x55, 0x44, 0x55, 
	0x45, 0x55, 0x55, 0x56, 0x64, 0x56, 0x53, 0x23, 
	0x23, 0x56, 0x55, 0x44, 0x44, 0x44, 0x55, 0x45, 
	0x64, 0x66, 0x45, 0x65, 0x66, 0x56, 0x55, 0x54, 
	0x66, 0x45, 0x55, 0x44, 0x54, 0x44, 0x66, 0x65, 
	0x46, 0x54, 0x54, 0x65, 0x54, 0x45, 0x64, 0x32, 
	
};

Gfx bob_dl_TAKEOFF_ALL_25__p00_i4_aligner[] = {gsSPEndDisplayList()};
u8 bob_dl_TAKEOFF_ALL_25__p00_i4[] = {
	0x66, 0x66, 0x66, 0x66, 0x66, 0x66, 0x76, 0x53, 
	0x36, 0x66, 0x66, 0x63, 0x57, 0x76, 0x77, 0x77, 
	0x77, 0x76, 0x66, 0x74, 0x46, 0x66, 0x79, 0x44, 
	0x66, 0x66, 0x67, 0x93, 0x48, 0x96, 0x66, 0x66, 
	0x66, 0x66, 0x66, 0x66, 0x66, 0x66, 0x77, 0x53, 
	0x46, 0x66, 0x66, 0x63, 0x57, 0x77, 0x77, 0x77, 
	0x77, 0x77, 0x77, 0x64, 0x46, 0x66, 0x88, 0x44, 
	0x76, 0x66, 0x67, 0x84, 0x48, 0x96, 0x66, 0x66, 
	0x66, 0x66, 0x66, 0x66, 0x66, 0x56, 0x77, 0x53, 
	0x46, 0x66, 0x66, 0x63, 0x45, 0x55, 0x55, 0x55, 
	0x55, 0x55, 0x55, 0x54, 0x46, 0x66, 0x98, 0x44, 
	0x86, 0x66, 0x67, 0x84, 0x48, 0x86, 0x66, 0x66, 
	0x66, 0x66, 0x66, 0x56, 0x55, 0x56, 0x77, 0x53, 
	0x46, 0x66, 0x66, 0x63, 0x33, 0x33, 0x33, 0x33, 
	0x33, 0x33, 0x33, 0x34, 0x45, 0x66, 0x98, 0x45, 
	0x86, 0x66, 0x67, 0x84, 0x57, 0x76, 0x66, 0x66, 
	0x66, 0x66, 0x55, 0x55, 0x55, 0x55, 0x67, 0x53, 
	0x56, 0x66, 0x66, 0x65, 0x66, 0x66, 0x67, 0x88, 
	0x86, 0x66, 0x65, 0x66, 0x66, 0x66, 0x98, 0x45, 
	0x86, 0x65, 0x67, 0x84, 0x57, 0x75, 0x66, 0x66, 
	0x66, 0x66, 0x65, 0x55, 0x55, 0x56, 0x67, 0x63, 
	0x46, 0x66, 0x66, 0x56, 0x56, 0x66, 0x78, 0x65, 
	0x66, 0x66, 0x65, 0x55, 0x56, 0x66, 0x98, 0x45, 
	0x86, 0x55, 0x67, 0x84, 0x47, 0x75, 0x66, 0x66, 
	0x66, 0x77, 0x66, 0x66, 0x66, 0x67, 0x76, 0x53, 
	0x56, 0x65, 0x66, 0x65, 0x55, 0x56, 0x67, 0x44, 
	0x55, 0x66, 0x66, 0x55, 0x56, 0x66, 0x98, 0x45, 
	0x86, 0x55, 0x57, 0x84, 0x47, 0x65, 0x66, 0x66, 
	0x66, 0x76, 0x33, 0x33, 0x33, 0x33, 0x33, 0x33, 
	0x56, 0x56, 0x66, 0x66, 0x55, 0x55, 0x55, 0x55, 
	0x56, 0x66, 0x66, 0x56, 0x66, 0x66, 0x98, 0x45, 
	0x75, 0x55, 0x57, 0x84, 0x57, 0x65, 0x56, 0x66, 
	0x66, 0x76, 0x35, 0x66, 0x66, 0x66, 0x76, 0x67, 
	0x76, 0x66, 0x66, 0x66, 0x55, 0x55, 0x55, 0x55, 
	0x56, 0x56, 0x66, 0x66, 0x66, 0x66, 0x98, 0x45, 
	0x86, 0x55, 0x57, 0x84, 0x57, 0x65, 0x66, 0x66, 
	0x66, 0x76, 0x34, 0x66, 0x66, 0x77, 0x77, 0x77, 
	0x77, 0x67, 0x77, 0x66, 0x66, 0x65, 0x55, 0x55, 
	0x56, 0x66, 0x66, 0x67, 0x88, 0x88, 0xa9, 0x45, 
	0x96, 0x65, 0x67, 0x84, 0x57, 0x65, 0x56, 0x66, 
	0x66, 0x76, 0x34, 0x65, 0x66, 0x77, 0x77, 0x77, 
	0x77, 0x77, 0x77, 0x77, 0x66, 0x66, 0x65, 0x56, 
	0x66, 0x66, 0x67, 0x78, 0x89, 0x99, 0xa8, 0x45, 
	0x98, 0x87, 0x98, 0x94, 0x47, 0x65, 0x66, 0x66, 
	0x66, 0x76, 0x34, 0x65, 0x56, 0x77, 0x66, 0x66, 
	0x66, 0x66, 0x66, 0x66, 0x67, 0x66, 0x66, 0x66, 
	0x66, 0x66, 0x67, 0x66, 0x66, 0x66, 0x65, 0x44, 
	0x66, 0x66, 0x79, 0x94, 0x47, 0x65, 0x56, 0x66, 
	0x66, 0x76, 0x34, 0x65, 0x66, 0x76, 0x43, 0x33, 
	0x44, 0x44, 0x43, 0x33, 0x46, 0x66, 0x57, 0x88, 
	0x76, 0x66, 0x76, 0x54, 0x34, 0x34, 0x44, 0x33, 
	0x33, 0x35, 0x79, 0x94, 0x47, 0x65, 0x66, 0x66, 
	0x66, 0x76, 0x35, 0x65, 0x56, 0x76, 0x43, 0x33, 
	0x34, 0x33, 0x53, 0x33, 0x46, 0x65, 0x57, 0x53, 
	0x55, 0x66, 0x76, 0x43, 0x34, 0x33, 0x33, 0x33, 
	0x33, 0x34, 0x7a, 0x94, 0x57, 0x65, 0x56, 0x66, 
	0x66, 0x76, 0x35, 0x65, 0x56, 0x75, 0x33, 0x33, 
	0x35, 0x43, 0x53, 0x33, 0x36, 0x65, 0x67, 0x43, 
	0x45, 0x56, 0x76, 0x33, 0x35, 0x33, 0x33, 0x33, 
	0x33, 0x33, 0x44, 0x44, 0x57, 0x65, 0x66, 0x66, 
	0x66, 0x76, 0x35, 0x65, 0x67, 0x76, 0x33, 0x33, 
	0x45, 0x43, 0x53, 0x33, 0x36, 0x65, 0x66, 0x54, 
	0x55, 0x56, 0x76, 0x33, 0x35, 0x33, 0x33, 0x33, 
	0x33, 0x33, 0x33, 0x33, 0x47, 0x65, 0x66, 0x66, 
	0x66, 0x76, 0x35, 0x66, 0x67, 0x75, 0x33, 0x33, 
	0x45, 0x43, 0x53, 0x33, 0x36, 0x66, 0x56, 0x55, 
	0x65, 0x56, 0x76, 0x33, 0x35, 0x33, 0x33, 0x33, 
	0x33, 0x34, 0x78, 0x98, 0x88, 0x65, 0x66, 0x66, 
	0x66, 0x76, 0x34, 0x56, 0x55, 0x53, 0x33, 0x33, 
	0x45, 0x43, 0x53, 0x33, 0x36, 0x66, 0x55, 0x55, 
	0x55, 0x67, 0x76, 0x33, 0x35, 0x33, 0x33, 0x33, 
	0x33, 0x34, 0x69, 0x99, 0x86, 0x55, 0x66, 0x66, 
	0x66, 0x76, 0x33, 0x33, 0x34, 0x33, 0x33, 0x33, 
	0x45, 0x43, 0x53, 0x33, 0x46, 0x76, 0x66, 0x66, 
	0x66, 0x77, 0x76, 0x43, 0x45, 0x44, 0x45, 0x55, 
	0x55, 0x44, 0x67, 0x76, 0x65, 0x55, 0x66, 0x66, 
	0x67, 0x77, 0x77, 0x77, 0x77, 0x64, 0x33, 0x33, 
	0x44, 0x55, 0x64, 0x33, 0x35, 0x66, 0x66, 0x66, 
	0x66, 0x66, 0x65, 0x33, 0x45, 0x44, 0x44, 0x43, 
	0x44, 0x34, 0x67, 0x76, 0x65, 0x55, 0x66, 0x66, 
	0x76, 0x77, 0x67, 0x66, 0x77, 0x76, 0x54, 0x44, 
	0x44, 0x44, 0x65, 0x33, 0x33, 0x44, 0x44, 0x44, 
	0x44, 0x44, 0x43, 0x33, 0x45, 0x44, 0x43, 0x44, 
	0x33, 0x34, 0x57, 0x76, 0x65, 0x55, 0x66, 0x66, 
	0x66, 0x66, 0x66, 0x66, 0x67, 0x76, 0x46, 0x66, 
	0x66, 0x66, 0x65, 0x43, 0x33, 0x33, 0x33, 0x33, 
	0x33, 0x33, 0x33, 0x34, 0x55, 0x55, 0x44, 0x44, 
	0x44, 0x34, 0x67, 0x76, 0x65, 0x56, 0x66, 0x66, 
	0x66, 0x66, 0x66, 0x66, 0x67, 0x76, 0x56, 0x66, 
	0x66, 0x66, 0x55, 0x54, 0x44, 0x44, 0x33, 0x33, 
	0x33, 0x33, 0x34, 0x44, 0x56, 0x55, 0x55, 0x55, 
	0x55, 0x44, 0x67, 0x76, 0x65, 0x56, 0x66, 0x66, 
	0x66, 0x66, 0x66, 0x56, 0x67, 0x75, 0x33, 0x33, 
	0x33, 0x33, 0x34, 0x56, 0x66, 0x66, 0x66, 0x66, 
	0x66, 0x66, 0x66, 0x66, 0x55, 0x44, 0x33, 0x33, 
	0x33, 0x33, 0x57, 0x76, 0x66, 0x56, 0x66, 0x66, 
	0x66, 0x66, 0x65, 0x55, 0x67, 0x76, 0x43, 0x33, 
	0x33, 0x33, 0x34, 0x56, 0x66, 0x66, 0x66, 0x66, 
	0x66, 0x66, 0x66, 0x66, 0x55, 0x43, 0x33, 0x33, 
	0x33, 0x34, 0x67, 0x76, 0x66, 0x66, 0x66, 0x66, 
	0xba, 0x87, 0x65, 0x55, 0x67, 0x76, 0x54, 0x33, 
	0x33, 0x33, 0x33, 0x36, 0x67, 0x78, 0x88, 0x88, 
	0x88, 0x88, 0x77, 0x66, 0x55, 0x43, 0x33, 0x44, 
	0x33, 0x44, 0x67, 0x66, 0x66, 0x66, 0x68, 0xaa, 
	0xbb, 0xa9, 0x66, 0x55, 0x67, 0x77, 0x66, 0x66, 
	0x66, 0x53, 0x33, 0x36, 0x77, 0x9a, 0xaa, 0xaa, 
	0xaa, 0xaa, 0x97, 0x76, 0x44, 0x33, 0x35, 0x66, 
	0x66, 0x67, 0x76, 0x65, 0x56, 0x66, 0x8b, 0xbb, 
	0xbb, 0xa9, 0x76, 0x55, 0x66, 0x77, 0x77, 0x77, 
	0x77, 0x53, 0x33, 0x36, 0x78, 0xab, 0xbb, 0xbb, 
	0xbb, 0xbb, 0xa8, 0x76, 0x44, 0x33, 0x45, 0x77, 
	0x77, 0x77, 0x66, 0x66, 0x56, 0x68, 0xab, 0xbb, 
	0xbb, 0xb9, 0x76, 0x55, 0x56, 0x67, 0x77, 0x77, 
	0x77, 0x64, 0x33, 0x36, 0x78, 0xab, 0xb8, 0x53, 
	0x58, 0xbb, 0xa8, 0x76, 0x44, 0x33, 0x46, 0x77, 
	0x77, 0x66, 0x66, 0x66, 0x66, 0x79, 0xbb, 0xbb, 
	0x34, 0x69, 0x76, 0x65, 0x55, 0x66, 0x66, 0x67, 
	0x77, 0x64, 0x33, 0x36, 0x78, 0xab, 0x83, 0x33, 
	0x33, 0x8b, 0xa8, 0x76, 0x43, 0x33, 0x46, 0x77, 
	0x66, 0x66, 0x65, 0x65, 0x66, 0x89, 0xab, 0x74, 
	0x33, 0x36, 0x76, 0x65, 0x55, 0x65, 0x55, 0x66, 
	0x67, 0x63, 0x33, 0x36, 0x78, 0xab, 0x53, 0x33, 
	0x33, 0x5b, 0xa8, 0x76, 0x43, 0x33, 0x36, 0x76, 
	0x66, 0x66, 0x65, 0x56, 0x67, 0x89, 0xa6, 0x33, 
	0x34, 0x44, 0x76, 0x65, 0x56, 0x65, 0x55, 0x56, 
	0x67, 0x64, 0x56, 0x56, 0x78, 0xab, 0x33, 0x33, 
	0x33, 0x3b, 0xa8, 0x76, 0x43, 0x33, 0x36, 0x76, 
	0x65, 0x66, 0x55, 0x56, 0x66, 0x78, 0x94, 0x33, 
	0x34, 0x44, 0x76, 0x55, 0x66, 0x66, 0x55, 0x56, 
	0x67, 0x64, 0x44, 0x46, 0x78, 0xab, 0x53, 0x33, 
	0x33, 0x5b, 0xa8, 0x76, 0x44, 0x33, 0x36, 0x76, 
	0x65, 0x55, 0x55, 0x56, 0x66, 0x67, 0x83, 0x33, 
	0x45, 0x55, 0x65, 0x55, 0x56, 0x66, 0x55, 0x56, 
	0x67, 0x64, 0x33, 0x36, 0x78, 0xab, 0x83, 0x33, 
	0x33, 0x8b, 0xa8, 0x76, 0x44, 0x33, 0x36, 0x76, 
	0x65, 0x55, 0x55, 0x55, 0x56, 0x66, 0x74, 0x34, 
	0x55, 0x55, 0x55, 0x55, 0x56, 0x66, 0x55, 0x56, 
	0x67, 0x63, 0x33, 0x36, 0x78, 0xab, 0xb8, 0x43, 
	0x47, 0xbb, 0xa8, 0x76, 0x55, 0x54, 0x36, 0x77, 
	0x66, 0x56, 0x55, 0x55, 0x65, 0x66, 0x65, 0x45, 
	0x55, 0x55, 0x45, 0x55, 0x56, 0x66, 0x55, 0x66, 
	0x77, 0x64, 0x34, 0x46, 0x78, 0xab, 0xbb, 0xbb, 
	0xbb, 0xbb, 0xa8, 0x76, 0x44, 0x33, 0x46, 0x77, 
	0x77, 0x66, 0x66, 0x55, 0x55, 0x55, 0x66, 0x55, 
	0x54, 0x44, 0x45, 0x55, 0x56, 0x67, 0x67, 0x77, 
	0x77, 0x64, 0x45, 0x56, 0x67, 0x9a, 0xaa, 0xaa, 
	0xaa, 0xaa, 0x97, 0x66, 0x44, 0x33, 0x46, 0x77, 
	0x77, 0x77, 0x66, 0x55, 0x55, 0x55, 0x45, 0x55, 
	0x44, 0x44, 0x45, 0x55, 0x66, 0x77, 0x77, 0x77, 
	0x77, 0x63, 0x53, 0x36, 0x66, 0x78, 0x88, 0x88, 
	0x88, 0x88, 0x76, 0x66, 0x44, 0x33, 0x46, 0x77, 
	0x77, 0x77, 0x66, 0x65, 0x55, 0x55, 0x44, 0x44, 
	0x44, 0x44, 0x55, 0x55, 0x67, 0x77, 0x66, 0x66, 
	0x66, 0x53, 0x43, 0x46, 0x66, 0x66, 0x66, 0x66, 
	0x66, 0x66, 0x66, 0x66, 0x45, 0x33, 0x35, 0x66, 
	0x66, 0x66, 0x76, 0x66, 0x66, 0x66, 0x44, 0x44, 
	0x44, 0x45, 0x65, 0x66, 0x67, 0x76, 0x43, 0x33, 
	0x44, 0x33, 0x43, 0x46, 0x66, 0x66, 0x66, 0x66, 
	0x66, 0x66, 0x66, 0x66, 0x55, 0x43, 0x33, 0x33, 
	0x33, 0x34, 0x67, 0x66, 0x66, 0x66, 0x65, 0x44, 
	0x66, 0x66, 0x66, 0x66, 0x67, 0x75, 0x43, 0x33, 
	0x33, 0x33, 0x43, 0x45, 0x44, 0x43, 0x33, 0x33, 
	0x33, 0x33, 0x44, 0x44, 0x45, 0x43, 0x33, 0x33, 
	0x33, 0x34, 0x67, 0x66, 0x66, 0x66, 0x66, 0x66, 
	0x66, 0x66, 0x65, 0x56, 0x66, 0x75, 0x33, 0x33, 
	0x33, 0x33, 0x54, 0x45, 0x43, 0x33, 0x33, 0x33, 
	0x33, 0x33, 0x33, 0x34, 0x45, 0x44, 0x33, 0x33, 
	0x33, 0x33, 0x67, 0x66, 0x56, 0x66, 0x66, 0x66, 
	0x66, 0x66, 0x65, 0x55, 0x66, 0x75, 0x33, 0x33, 
	0x33, 0x33, 0x54, 0x45, 0x43, 0x33, 0x33, 0x33, 
	0x33, 0x33, 0x33, 0x33, 0x45, 0x44, 0x33, 0x33, 
	0x33, 0x33, 0x57, 0x66, 0x56, 0x66, 0x66, 0x66, 
	0x66, 0x66, 0x65, 0x55, 0x67, 0x76, 0x44, 0x44, 
	0x44, 0x44, 0x54, 0x34, 0x43, 0x34, 0x43, 0x33, 
	0x33, 0x43, 0x33, 0x33, 0x45, 0x55, 0x54, 0x54, 
	0x44, 0x53, 0x57, 0x76, 0x66, 0x66, 0x66, 0x66, 
	0x66, 0x66, 0x65, 0x55, 0x66, 0x76, 0x55, 0x56, 
	0x66, 0x66, 0x54, 0x34, 0x45, 0x66, 0x66, 0x66, 
	0x66, 0x66, 0x65, 0x33, 0x45, 0x45, 0x54, 0x54, 
	0x44, 0x53, 0x57, 0x76, 0x66, 0x66, 0x66, 0x66, 
	0x66, 0x66, 0x65, 0x55, 0x66, 0x76, 0x33, 0x33, 
	0x46, 0x35, 0x53, 0x34, 0x56, 0x77, 0x76, 0x66, 
	0x66, 0x77, 0x76, 0x43, 0x34, 0x54, 0x43, 0x55, 
	0x33, 0x33, 0x57, 0x76, 0x66, 0x67, 0x66, 0x66, 
	0x66, 0x66, 0x65, 0x55, 0x66, 0x76, 0x33, 0x33, 
	0x46, 0x35, 0x53, 0x34, 0x56, 0x77, 0x66, 0x66, 
	0x66, 0x77, 0x76, 0x43, 0x33, 0x54, 0x33, 0x55, 
	0x33, 0x33, 0x57, 0x76, 0x66, 0x66, 0x66, 0x66, 
	0x66, 0x66, 0x66, 0x55, 0x67, 0x76, 0x55, 0x55, 
	0x56, 0x55, 0x54, 0x45, 0x56, 0x77, 0x66, 0x55, 
	0x66, 0x77, 0x76, 0x43, 0x33, 0x54, 0x43, 0x55, 
	0x33, 0x33, 0x57, 0x66, 0x66, 0x55, 0x55, 0x66, 
	0x66, 0x66, 0x66, 0x66, 0x57, 0x75, 0x44, 0x44, 
	0x44, 0x44, 0x44, 0x44, 0x45, 0x76, 0x65, 0x55, 
	0x56, 0x77, 0x75, 0x33, 0x33, 0x54, 0x33, 0x55, 
	0x33, 0x33, 0x57, 0x75, 0x66, 0x66, 0x66, 0x66, 
	0x66, 0x66, 0x66, 0x66, 0x67, 0x75, 0x33, 0x33, 
	0x33, 0x33, 0x33, 0x33, 0x36, 0x76, 0x65, 0x55, 
	0x55, 0x67, 0x75, 0x33, 0x33, 0x54, 0x33, 0x55, 
	0x33, 0x33, 0x57, 0x66, 0x66, 0x66, 0x66, 0x66, 
	0x77, 0x77, 0x77, 0x76, 0x67, 0x76, 0x43, 0x33, 
	0x33, 0x33, 0x33, 0x33, 0x46, 0x76, 0x65, 0x55, 
	0x55, 0x67, 0x76, 0x43, 0x33, 0x54, 0x33, 0x55, 
	0x33, 0x34, 0x67, 0x76, 0x67, 0x77, 0x77, 0x77, 
	0x99, 0x99, 0x98, 0x76, 0x67, 0x76, 0x54, 0x44, 
	0x44, 0x44, 0x33, 0x34, 0x56, 0x76, 0x55, 0x55, 
	0x55, 0x67, 0x76, 0x54, 0x33, 0x54, 0x44, 0x44, 
	0x44, 0x44, 0x67, 0x76, 0x67, 0x89, 0x99, 0x99, 
	0x44, 0x44, 0x48, 0x76, 0x56, 0x77, 0x66, 0x66, 
	0x66, 0x66, 0x66, 0x66, 0x67, 0x76, 0x55, 0x55, 
	0x55, 0x66, 0x77, 0x66, 0x66, 0x66, 0x66, 0x66, 
	0x66, 0x66, 0x77, 0x65, 0x67, 0x84, 0x44, 0x44, 
	0x44, 0x44, 0x48, 0x76, 0x66, 0x77, 0x77, 0x77, 
	0x77, 0x77, 0x77, 0x77, 0x77, 0x66, 0x55, 0x55, 
	0x55, 0x56, 0x77, 0x77, 0x77, 0x77, 0x77, 0x77, 
	0x77, 0x77, 0x77, 0x76, 0x67, 0x84, 0x44, 0x44, 
	0x88, 0x88, 0x88, 0x76, 0x66, 0x77, 0x77, 0x77, 
	0x77, 0x77, 0x77, 0x77, 0x77, 0x76, 0x55, 0x55, 
	0x55, 0x56, 0x77, 0x67, 0x67, 0x77, 0x77, 0x77, 
	0x77, 0x77, 0x66, 0x76, 0x67, 0x88, 0x88, 0x88, 
	0x88, 0x88, 0x88, 0x76, 0x66, 0x66, 0x77, 0x76, 
	0x66, 0x66, 0x66, 0x66, 0x66, 0x65, 0x55, 0x55, 
	0x55, 0x55, 0x66, 0x66, 0x66, 0x66, 0x66, 0x66, 
	0x76, 0x66, 0x66, 0x76, 0x67, 0x88, 0x88, 0x88, 
	0x66, 0x66, 0x66, 0x66, 0x66, 0x66, 0x66, 0x66, 
	0x66, 0x65, 0x66, 0x65, 0x55, 0x55, 0x55, 0x55, 
	0x55, 0x55, 0x55, 0x55, 0x55, 0x55, 0x55, 0x66, 
	0x66, 0x66, 0x66, 0x66, 0x66, 0x66, 0x66, 0x66, 
	0x66, 0x66, 0x66, 0x66, 0x66, 0x65, 0x55, 0x66, 
	0x66, 0x55, 0x55, 0x55, 0x55, 0x55, 0x55, 0x66, 
	0x65, 0x55, 0x55, 0x55, 0x55, 0x55, 0x55, 0x56, 
	0x66, 0x66, 0x66, 0x66, 0x66, 0x66, 0x66, 0x66, 
	0x66, 0x66, 0x66, 0x66, 0x65, 0x55, 0x55, 0x56, 
	0x66, 0x65, 0x55, 0x55, 0x55, 0x66, 0x66, 0x66, 
	0x66, 0x66, 0x55, 0x55, 0x55, 0x55, 0x55, 0x56, 
	0x66, 0x66, 0x66, 0x66, 0x66, 0x66, 0x66, 0x66, 
	0x66, 0x66, 0x66, 0x66, 0x66, 0x65, 0x65, 0x65, 
	0x66, 0x66, 0x66, 0x65, 0x66, 0x66, 0x66, 0x66, 
	0x66, 0x66, 0x66, 0x66, 0x65, 0x66, 0x66, 0x66, 
	0x66, 0x56, 0x66, 0x66, 0x66, 0x66, 0x66, 0x66, 
	0x66, 0x66, 0x66, 0x66, 0x66, 0x66, 0x66, 0x66, 
	0x66, 0x66, 0x66, 0x63, 0x33, 0x33, 0x33, 0x33, 
	0x33, 0x33, 0x33, 0x34, 0x46, 0x66, 0x66, 0x66, 
	0x66, 0x66, 0x66, 0x66, 0x66, 0x66, 0x66, 0x66, 
	0x66, 0x66, 0x66, 0x66, 0x66, 0x66, 0x66, 0x66, 
	0x66, 0x66, 0x66, 0x63, 0x45, 0x55, 0x55, 0x55, 
	0x55, 0x55, 0x55, 0x54, 0x46, 0x66, 0x66, 0x66, 
	0x66, 0x66, 0x66, 0x66, 0x66, 0x66, 0x66, 0x66, 
	0x66, 0x66, 0x66, 0x66, 0x66, 0x66, 0x66, 0x66, 
	0x66, 0x66, 0x66, 0x63, 0x57, 0x77, 0x77, 0x77, 
	0x77, 0x76, 0x67, 0x64, 0x46, 0x66, 0x66, 0x66, 
	0x66, 0x66, 0x66, 0x66, 0x66, 0x66, 0x66, 0x66, 
	0x66, 0x66, 0x66, 0x66, 0x66, 0x66, 0x66, 0x66, 
	0x66, 0x66, 0x66, 0x63, 0x57, 0x66, 0x77, 0x77, 
	0x77, 0x76, 0x67, 0x74, 0x46, 0x66, 0x66, 0x66, 
	0x66, 0x66, 0x66, 0x66, 0x66, 0x66, 0x66, 0x66, 
	
};

Gfx bob_dl_Metal041B_1K_PNG_Color_64x64_i8_aligner[] = {gsSPEndDisplayList()};
u8 bob_dl_Metal041B_1K_PNG_Color_64x64_i8[] = {
	0xa7, 0x88, 0xa3, 0x8f, 0x8e, 0x95, 0x9f, 0x8a, 
	0x98, 0x83, 0x85, 0xb4, 0xa0, 0xa0, 0x7d, 0x60, 
	0x52, 0x5a, 0x5a, 0x7e, 0x77, 0x79, 0x8a, 0x83, 
	0x92, 0xa5, 0x8f, 0x8c, 0x85, 0x74, 0x84, 0x93, 
	0x94, 0xa2, 0xa8, 0xab, 0xb4, 0xb5, 0xaf, 0xad, 
	0xa4, 0x99, 0x92, 0x7d, 0x7e, 0x95, 0x89, 0x96, 
	0x93, 0xa3, 0xa0, 0x8f, 0xa2, 0xae, 0xa9, 0xac, 
	0xb0, 0xa4, 0xa2, 0xa5, 0x9f, 0x90, 0x9d, 0xa5, 
	0xb2, 0x90, 0x89, 0x78, 0x7b, 0x86, 0x99, 0x82, 
	0x8a, 0x90, 0xa4, 0xae, 0xa8, 0x98, 0x88, 0x70, 
	0x5c, 0x63, 0x67, 0x8a, 0x76, 0x7b, 0x7d, 0x6e, 
	0x64, 0x6c, 0x73, 0x71, 0x89, 0x6a, 0x73, 0x96, 
	0xa9, 0xaf, 0xac, 0xb2, 0xb7, 0xb4, 0xac, 0xa7, 
	0x97, 0x98, 0x93, 0x86, 0x81, 0x80, 0x82, 0x8a, 
	0x86, 0x9c, 0xb0, 0x9a, 0xac, 0xaa, 0xad, 0xab, 
	0xb4, 0xb5, 0xb3, 0xaa, 0xa8, 0x8e, 0xa3, 0xae, 
	0xae, 0xa7, 0x9d, 0x89, 0x7b, 0x9e, 0x99, 0x73, 
	0x69, 0x73, 0x95, 0xa2, 0x96, 0x91, 0x87, 0x84, 
	0x5f, 0x68, 0x5a, 0x65, 0x64, 0x61, 0x75, 0x69, 
	0x5d, 0x4d, 0x51, 0x6b, 0x86, 0x63, 0x6b, 0x9c, 
	0xb0, 0xa6, 0xac, 0xb1, 0xb7, 0xb5, 0xb6, 0xb2, 
	0xa5, 0xa9, 0x9e, 0x90, 0x80, 0x89, 0x86, 0x84, 
	0x8a, 0xaa, 0xac, 0xad, 0xae, 0xac, 0xa5, 0x9d, 
	0xaf, 0xb3, 0xb7, 0xb3, 0xb4, 0xa8, 0xae, 0xae, 
	0xb6, 0xa4, 0xa1, 0x98, 0x7a, 0x9b, 0x87, 0x78, 
	0x6e, 0x85, 0x92, 0x9f, 0xa1, 0xa3, 0x82, 0x86, 
	0x79, 0x66, 0x54, 0x5a, 0x63, 0x51, 0x6e, 0x52, 
	0x5c, 0x44, 0x4c, 0x62, 0x6d, 0x7a, 0x73, 0x9a, 
	0xb1, 0xa1, 0x9e, 0xa4, 0xaf, 0xb2, 0xb1, 0xab, 
	0xa5, 0xa7, 0x8e, 0x8b, 0x75, 0x91, 0x8c, 0x89, 
	0x88, 0xa7, 0xab, 0xad, 0xb0, 0xac, 0xa6, 0xa2, 
	0xa1, 0xb1, 0xb3, 0xb4, 0xae, 0xaa, 0xb1, 0xb3, 
	0xb2, 0xa5, 0xa4, 0xa5, 0x7f, 0x6e, 0x6d, 0x79, 
	0x74, 0x8f, 0xa1, 0xa6, 0x93, 0xa3, 0x7b, 0x7f, 
	0x79, 0x6b, 0x5e, 0x5a, 0x5b, 0x55, 0x6a, 0x54, 
	0x5e, 0x4e, 0x53, 0x56, 0x65, 0x7b, 0x73, 0x89, 
	0x9b, 0x7c, 0x85, 0x98, 0xb4, 0xaf, 0xb3, 0xaf, 
	0x9a, 0x8f, 0x70, 0x81, 0x77, 0x99, 0x80, 0x98, 
	0x8c, 0xa1, 0xa9, 0x9e, 0xa1, 0xa2, 0x9f, 0x9d, 
	0xa0, 0xa8, 0xa0, 0x9f, 0xa7, 0xa2, 0xaf, 0xb5, 
	0xb5, 0x9f, 0xa0, 0x9d, 0x86, 0x65, 0x58, 0x7b, 
	0x7c, 0x85, 0x9f, 0x8d, 0x90, 0x93, 0x7b, 0x77, 
	0x6b, 0x6d, 0x6b, 0x5d, 0x5a, 0x61, 0x63, 0x46, 
	0x53, 0x62, 0x65, 0x53, 0x6a, 0x79, 0x7a, 0x83, 
	0x8f, 0x67, 0x89, 0x9c, 0xab, 0xa2, 0xac, 0x96, 
	0x86, 0x96, 0x75, 0x78, 0x7c, 0xa1, 0x85, 0xa1, 
	0x87, 0x96, 0x9e, 0x99, 0x91, 0x99, 0x97, 0x99, 
	0xa2, 0x90, 0x9b, 0xa1, 0xb1, 0xad, 0xaf, 0xb3, 
	0xb2, 0xa9, 0xaa, 0xa7, 0x7e, 0x67, 0x58, 0x7f, 
	0x87, 0x81, 0x90, 0x85, 0x8c, 0x8a, 0x73, 0x6d, 
	0x6e, 0x62, 0x60, 0x55, 0x5e, 0x6c, 0x57, 0x42, 
	0x51, 0x6a, 0x6b, 0x5c, 0x5d, 0x4d, 0x68, 0x77, 
	0x87, 0x6a, 0x79, 0xa6, 0xad, 0x94, 0x80, 0x6e, 
	0x82, 0x99, 0x72, 0x62, 0x81, 0x74, 0x8a, 0x85, 
	0x68, 0x80, 0x89, 0x84, 0x88, 0x87, 0x9a, 0x94, 
	0x9c, 0x8f, 0x89, 0x9c, 0xa8, 0xa6, 0xaf, 0xb2, 
	0xb2, 0xb6, 0xad, 0xa8, 0x82, 0x79, 0x62, 0x7f, 
	0x8a, 0x8f, 0x92, 0x87, 0x8b, 0x89, 0x72, 0x6a, 
	0x6a, 0x6c, 0x66, 0x56, 0x66, 0x6e, 0x5a, 0x48, 
	0x59, 0x70, 0x73, 0x58, 0x5c, 0x49, 0x6e, 0x74, 
	0x7c, 0x66, 0x76, 0x9b, 0xa1, 0x7d, 0x6b, 0x6f, 
	0x84, 0x89, 0x65, 0x5b, 0x84, 0x69, 0x6d, 0x7d, 
	0x65, 0x78, 0x82, 0x7e, 0x7d, 0x84, 0x9e, 0x99, 
	0xa3, 0x8e, 0x88, 0xa5, 0xa9, 0xaa, 0xaa, 0xa1, 
	0xab, 0xb1, 0xac, 0xa6, 0x9c, 0x95, 0x67, 0x81, 
	0x96, 0x94, 0x88, 0x7b, 0x81, 0x83, 0x79, 0x70, 
	0x67, 0x70, 0x6f, 0x69, 0x67, 0x70, 0x54, 0x4d, 
	0x5e, 0x70, 0x6d, 0x5b, 0x5d, 0x68, 0x70, 0x6a, 
	0x5f, 0x58, 0x74, 0x8d, 0xa2, 0x70, 0x57, 0x67, 
	0x6a, 0x7d, 0x66, 0x5b, 0x81, 0x5c, 0x68, 0x6c, 
	0x5c, 0x67, 0x7c, 0x77, 0x87, 0x85, 0x93, 0x98, 
	0x98, 0x8d, 0x8d, 0xab, 0xa7, 0x9f, 0x9b, 0x9a, 
	0xa9, 0xb0, 0xb1, 0xac, 0x9c, 0x95, 0x83, 0x8c, 
	0xa6, 0x8c, 0x65, 0x71, 0x6a, 0x7d, 0x7e, 0x73, 
	0x6b, 0x6f, 0x6f, 0x6f, 0x73, 0x77, 0x5c, 0x52, 
	0x67, 0x78, 0x67, 0x5f, 0x4a, 0x64, 0x65, 0x61, 
	0x51, 0x53, 0x72, 0x97, 0xa7, 0x74, 0x54, 0x5a, 
	0x62, 0x6f, 0x52, 0x5d, 0x77, 0x56, 0x52, 0x5c, 
	0x4b, 0x4b, 0x66, 0x69, 0x87, 0x7d, 0x87, 0x95, 
	0x93, 0x8f, 0x8b, 0xb0, 0xb1, 0xa1, 0x84, 0x92, 
	0xab, 0xb3, 0xab, 0xad, 0x93, 0x9f, 0x98, 0x9d, 
	0xa8, 0x95, 0x63, 0x73, 0x73, 0x84, 0x83, 0x79, 
	0x72, 0x6f, 0x73, 0x79, 0x77, 0x73, 0x63, 0x4d, 
	0x6e, 0x77, 0x61, 0x62, 0x51, 0x75, 0x77, 0x64, 
	0x5d, 0x5a, 0x77, 0x9b, 0xa7, 0x7a, 0x65, 0x4b, 
	0x65, 0x75, 0x53, 0x53, 0x73, 0x59, 0x4d, 0x4c, 
	0x42, 0x42, 0x5c, 0x4f, 0x57, 0x53, 0x7e, 0x94, 
	0x8d, 0x8b, 0x8e, 0xae, 0xb0, 0xa6, 0x91, 0x9b, 
	0xaf, 0xb3, 0xb2, 0xb0, 0xa2, 0xa9, 0xa7, 0xb0, 
	0xaf, 0xab, 0x86, 0x7b, 0x82, 0x9e, 0x8d, 0x80, 
	0x7b, 0x7b, 0x81, 0x79, 0x7c, 0x75, 0x63, 0x52, 
	0x6c, 0x78, 0x68, 0x6c, 0x56, 0x75, 0x7c, 0x6a, 
	0x60, 0x44, 0x5d, 0x8d, 0x98, 0x83, 0x6f, 0x67, 
	0x64, 0x66, 0x49, 0x4b, 0x68, 0x57, 0x45, 0x3d, 
	0x3e, 0x3f, 0x54, 0x59, 0x54, 0x44, 0x5f, 0x7e, 
	0x7d, 0x89, 0x7e, 0xa1, 0xa0, 0x97, 0x92, 0xa1, 
	0xa7, 0xac, 0xb2, 0xac, 0xa7, 0xae, 0xaf, 0xb3, 
	0xb3, 0xb6, 0x9c, 0x93, 0x9b, 0xa0, 0x94, 0x8b, 
	0x8c, 0x87, 0x88, 0x81, 0x7d, 0x75, 0x6b, 0x59, 
	0x70, 0x78, 0x7c, 0x69, 0x59, 0x60, 0x71, 0x63, 
	0x5d, 0x48, 0x50, 0x7f, 0x7b, 0x69, 0x76, 0x66, 
	0x63, 0x5a, 0x52, 0x5b, 0x6b, 0x4a, 0x44, 0x45, 
	0x40, 0x48, 0x53, 0x60, 0x5a, 0x42, 0x49, 0x5d, 
	0x6c, 0x72, 0x7b, 0xa3, 0x9e, 0xa3, 0x84, 0xa2, 
	0xa8, 0xa8, 0xb0, 0xb2, 0xa8, 0xab, 0xab, 0xb1, 
	0xb1, 0xb4, 0xa6, 0xae, 0xb5, 0xa9, 0x93, 0x8d, 
	0x93, 0x98, 0x8f, 0x83, 0x85, 0x78, 0x7a, 0x75, 
	0x79, 0x75, 0x89, 0x76, 0x64, 0x61, 0x5a, 0x5a, 
	0x58, 0x3d, 0x4b, 0x85, 0x76, 0x4e, 0x56, 0x48, 
	0x66, 0x5d, 0x6a, 0x72, 0x69, 0x4b, 0x4f, 0x40, 
	0x3d, 0x40, 0x55, 0x60, 0x5e, 0x50, 0x44, 0x5a, 
	0x61, 0x6b, 0x7e, 0xa9, 0xaf, 0xa8, 0x8b, 0xad, 
	0xa5, 0xa5, 0xb1, 0xaf, 0xaf, 0xae, 0xaf, 0xb4, 
	0xb2, 0xb6, 0xb0, 0xb1, 0xad, 0xb1, 0xa9, 0x99, 
	0x9c, 0x98, 0x92, 0x94, 0x95, 0x85, 0x8c, 0x86, 
	0x85, 0x76, 0x81, 0x7a, 0x65, 0x5f, 0x57, 0x56, 
	0x5e, 0x41, 0x4f, 0x8e, 0x6c, 0x4d, 0x54, 0x3d, 
	0x5f, 0x5a, 0x70, 0x80, 0x66, 0x49, 0x5b, 0x40, 
	0x3f, 0x3f, 0x57, 0x62, 0x5d, 0x4f, 0x4e, 0x56, 
	0x62, 0x6b, 0x87, 0xa6, 0xae, 0xae, 0xa2, 0xab, 
	0x9c, 0xa2, 0xaf, 0xb3, 0xb2, 0xb5, 0xb2, 0xb5, 
	0xb0, 0xae, 0xaa, 0xb2, 0xb4, 0xb3, 0xaf, 0x9f, 
	0x9f, 0x8f, 0x97, 0x96, 0x96, 0x8b, 0x98, 0x8d, 
	0x88, 0x7a, 0x8a, 0x7a, 0x6f, 0x5b, 0x51, 0x5e, 
	0x60, 0x60, 0x64, 0x8f, 0x6d, 0x52, 0x4b, 0x3a, 
	0x59, 0x5f, 0x7a, 0x90, 0x78, 0x56, 0x58, 0x40, 
	0x3d, 0x3f, 0x57, 0x63, 0x5c, 0x59, 0x59, 0x57, 
	0x60, 0x77, 0x8d, 0xa4, 0xac, 0xb2, 0xab, 0xa6, 
	0x90, 0x8b, 0x9a, 0xb5, 0xb6, 0xb5, 0xb2, 0xb3, 
	0xb2, 0xb4, 0xb2, 0xb5, 0xb3, 0xae, 0xa3, 0x98, 
	0x93, 0x82, 0x9d, 0x9b, 0x9b, 0xa6, 0x9e, 0x8d, 
	0x89, 0x73, 0x82, 0x77, 0x5b, 0x55, 0x59, 0x68, 
	0x5c, 0x66, 0x5c, 0x87, 0x64, 0x5e, 0x4d, 0x41, 
	0x5b, 0x73, 0x81, 0x9a, 0x89, 0x72, 0x53, 0x3a, 
	0x3d, 0x4a, 0x55, 0x57, 0x55, 0x58, 0x61, 0x67, 
	0x64, 0x82, 0x96, 0xa1, 0xab, 0xa7, 0xa0, 0x93, 
	0x93, 0x90, 0xa2, 0xa5, 0xb4, 0xb3, 0xb3, 0xb3, 
	0xb2, 0xb0, 0xaf, 0xb5, 0xb2, 0xaf, 0xa6, 0xa2, 
	0xa1, 0x8c, 0xa8, 0xa9, 0xac, 0xae, 0xa6, 0x8c, 
	0x8c, 0x79, 0x89, 0x79, 0x55, 0x6a, 0x5b, 0x73, 
	0x5b, 0x65, 0x59, 0x75, 0x68, 0x5a, 0x44, 0x4f, 
	0x61, 0x7f, 0x85, 0x94, 0x95, 0x86, 0x64, 0x42, 
	0x3f, 0x56, 0x5e, 0x66, 0x5f, 0x61, 0x74, 0x7f, 
	0x80, 0x8f, 0xa6, 0x95, 0x9c, 0xa2, 0x9b, 0xa2, 
	0xa2, 0x9c, 0xa9, 0xa5, 0xb1, 0xb0, 0xb2, 0xb3, 
	0xb2, 0xb0, 0xb0, 0xb5, 0xb5, 0xb3, 0xa0, 0xa7, 
	0x9f, 0x98, 0xab, 0xaa, 0xa8, 0xad, 0xa5, 0x8a, 
	0x94, 0x94, 0x9f, 0x8e, 0x73, 0x89, 0x4e, 0x74, 
	0x53, 0x5f, 0x51, 0x63, 0x66, 0x69, 0x4d, 0x5b, 
	0x71, 0x7f, 0x7f, 0x84, 0x90, 0x90, 0x5e, 0x62, 
	0x5c, 0x7c, 0x71, 0x75, 0x78, 0x7d, 0x8b, 0x96, 
	0x9f, 0xa7, 0xa2, 0xa5, 0xa5, 0xae, 0xa5, 0xa0, 
	0x96, 0xa8, 0x9a, 0xa2, 0xaf, 0xae, 0xb1, 0xad, 
	0xb1, 0xb2, 0xae, 0xb0, 0xb2, 0xb7, 0xa7, 0x93, 
	0x97, 0x9a, 0xb7, 0xb3, 0xae, 0xa3, 0xa6, 0x8d, 
	0x9a, 0xa4, 0xa6, 0xa3, 0xa5, 0x9e, 0x5c, 0x7b, 
	0x5e, 0x5b, 0x63, 0x6c, 0x74, 0x72, 0x57, 0x73, 
	0x64, 0x6e, 0x77, 0x91, 0x9d, 0x8a, 0x5a, 0x6d, 
	0x74, 0x99, 0x94, 0x8c, 0x99, 0x9a, 0x9a, 0xa6, 
	0xaf, 0xad, 0xab, 0xa8, 0x8e, 0xa2, 0x9d, 0x97, 
	0xa2, 0xa2, 0xa0, 0xad, 0xb3, 0xb4, 0xb0, 0xae, 
	0xb3, 0xb3, 0xb0, 0xb1, 0xaf, 0xb8, 0xb0, 0xa2, 
	0xa6, 0xa8, 0xb1, 0xb5, 0xa9, 0xa5, 0xa1, 0x8a, 
	0x9e, 0x9f, 0x9d, 0xa3, 0xa8, 0xa0, 0x7a, 0x6f, 
	0x68, 0x66, 0x87, 0x71, 0x83, 0x83, 0x5e, 0x77, 
	0x56, 0x6b, 0x6d, 0x7f, 0x81, 0x7d, 0x6c, 0x87, 
	0x96, 0xa5, 0xa3, 0xa8, 0x9d, 0xa9, 0xab, 0xa3, 
	0xac, 0xb1, 0xb2, 0xaa, 0xa9, 0x9c, 0xa4, 0x93, 
	0x94, 0xa5, 0xb6, 0xb3, 0xb2, 0xb3, 0xb3, 0xac, 
	0xb2, 0xb3, 0xb5, 0xb4, 0xb1, 0xbc, 0x94, 0xa8, 
	0xb2, 0xad, 0xb3, 0xae, 0x9b, 0x9c, 0x9d, 0x8a, 
	0x96, 0x95, 0x92, 0x8c, 0x93, 0x96, 0x86, 0x78, 
	0x77, 0x75, 0x91, 0x80, 0x85, 0x87, 0x71, 0x81, 
	0x68, 0x5f, 0x69, 0x6b, 0x72, 0x8a, 0x8f, 0xa1, 
	0x9d, 0xa7, 0xa9, 0xa8, 0x97, 0x9d, 0xad, 0xac, 
	0xb1, 0xaf, 0xad, 0xab, 0xaf, 0x9c, 0x9d, 0x99, 
	0xae, 0xaa, 0xa7, 0xa0, 0xb0, 0xb3, 0xb2, 0xb1, 
	0xb3, 0xb5, 0xb1, 0xae, 0xa7, 0xb6, 0xa1, 0xb5, 
	0xad, 0xaf, 0xb1, 0xac, 0xa0, 0x9a, 0x89, 0x7f, 
	0x91, 0x98, 0xa3, 0xa0, 0x94, 0xa0, 0x94, 0x80, 
	0x81, 0x90, 0xa5, 0x9d, 0x91, 0x8b, 0x89, 0x87, 
	0x70, 0x66, 0x69, 0x6e, 0x7a, 0x90, 0x8f, 0x98, 
	0x8a, 0x9d, 0xa5, 0xa6, 0x96, 0x8e, 0xa5, 0xa9, 
	0xad, 0xa6, 0x9c, 0xac, 0xae, 0xa5, 0xad, 0xaa, 
	0xac, 0xa5, 0xa2, 0x98, 0xb1, 0xb5, 0xac, 0xb6, 
	0xb2, 0xb5, 0xb9, 0xb5, 0xb2, 0xb5, 0xa9, 0xae, 
	0xab, 0xb5, 0xb7, 0xb6, 0xa9, 0x9d, 0x88, 0x8c, 
	0x9f, 0xa5, 0xa4, 0xa5, 0xa6, 0xa0, 0x99, 0x98, 
	0x98, 0x90, 0xa2, 0xae, 0x98, 0x8d, 0x90, 0x88, 
	0x74, 0x6f, 0x6d, 0x7b, 0x76, 0x75, 0x84, 0x6f, 
	0x83, 0x90, 0xa5, 0x9c, 0x94, 0x9a, 0xad, 0xa6, 
	0xa4, 0x89, 0x88, 0x83, 0x8c, 0xa3, 0xa6, 0x9d, 
	0xb0, 0xa6, 0xa4, 0xab, 0xb5, 0xb5, 0xb1, 0xb7, 
	0xb5, 0xb2, 0xb2, 0xb2, 0xb1, 0xb5, 0xa7, 0xa3, 
	0xa6, 0xb5, 0xb6, 0xb2, 0xb3, 0x8f, 0x7e, 0x92, 
	0x9e, 0x90, 0x93, 0x8a, 0x8d, 0x95, 0x93, 0x8a, 
	0x95, 0x93, 0x98, 0xb0, 0x9b, 0xa6, 0x97, 0x89, 
	0x7d, 0x74, 0x76, 0x74, 0x7c, 0x74, 0x7e, 0x6c, 
	0x58, 0x77, 0x84, 0x8a, 0x75, 0x7f, 0xa7, 0xa9, 
	0xa1, 0x7b, 0x93, 0x80, 0x7a, 0x9e, 0x9c, 0x97, 
	0xb2, 0xab, 0xab, 0xb0, 0xb6, 0xb6, 0xb0, 0xb8, 
	0xb3, 0xb5, 0xb2, 0xb0, 0xb3, 0xaf, 0xaa, 0xa5, 
	0xa8, 0xab, 0xb3, 0xb1, 0xb5, 0x8d, 0x71, 0x83, 
	0xa0, 0x89, 0x8c, 0x85, 0x86, 0x8a, 0x91, 0x9a, 
	0x9b, 0xa8, 0xa9, 0xa1, 0x83, 0x99, 0x88, 0x7c, 
	0x71, 0x73, 0x7d, 0x73, 0x72, 0x75, 0x72, 0x69, 
	0x4d, 0x5c, 0x64, 0x63, 0x6f, 0x95, 0x9d, 0xb1, 
	0xa6, 0x81, 0x84, 0x79, 0x6f, 0x9b, 0x99, 0xa0, 
	0xac, 0xb1, 0x9e, 0xa9, 0xb7, 0xb3, 0xb0, 0xb8, 
	0xb7, 0xac, 0xb1, 0xab, 0xb5, 0xaf, 0xa1, 0xad, 
	0xa7, 0xa4, 0xb6, 0xb2, 0x98, 0x88, 0x68, 0x76, 
	0x91, 0x7d, 0x7c, 0x77, 0x93, 0x78, 0x7a, 0x80, 
	0x90, 0xa3, 0xa4, 0x92, 0x8e, 0xa6, 0x86, 0x65, 
	0x61, 0x5f, 0x8d, 0x68, 0x6a, 0x58, 0x78, 0x67, 
	0x65, 0x85, 0x99, 0x74, 0x89, 0x93, 0x95, 0x97, 
	0x85, 0x7c, 0x77, 0x74, 0x6f, 0x95, 0x89, 0x96, 
	0x92, 0x9f, 0x91, 0x99, 0xaa, 0xb4, 0xb6, 0xb8, 
	0xb4, 0xb4, 0xb1, 0xb2, 0xa1, 0xaa, 0xa6, 0xb0, 
	0xad, 0xa9, 0xb2, 0xa8, 0x8c, 0x7e, 0x78, 0x72, 
	0x80, 0x7f, 0x85, 0x86, 0x8d, 0x76, 0x7a, 0x82, 
	0x92, 0x9e, 0x9c, 0x7d, 0x8c, 0x94, 0x74, 0x66, 
	0x79, 0x6b, 0x96, 0x65, 0x6a, 0x60, 0x7f, 0x71, 
	0x71, 0x88, 0x9b, 0x8e, 0x86, 0x96, 0x94, 0x9b, 
	0xa3, 0x8b, 0x81, 0x73, 0x76, 0x70, 0x5c, 0x79, 
	0x91, 0x8f, 0x96, 0x92, 0xb2, 0xb4, 0xb5, 0xba, 
	0xb1, 0xaa, 0xae, 0xab, 0x96, 0xa1, 0x9a, 0xa4, 
	0xb2, 0xa6, 0xb1, 0x95, 0x85, 0x72, 0x7e, 0x73, 
	0x88, 0x8a, 0x8d, 0x87, 0x96, 0x7f, 0x8f, 0x89, 
	0x8a, 0x98, 0xa1, 0x8e, 0x84, 0x91, 0x7b, 0x72, 
	0x8a, 0x94, 0x8e, 0x5a, 0x76, 0x7f, 0x98, 0x8c, 
	0x86, 0x91, 0x9c, 0x9c, 0x8b, 0x89, 0x92, 0xa0, 
	0x99, 0x85, 0x89, 0x7b, 0x6f, 0x69, 0x66, 0x86, 
	0x89, 0x85, 0xab, 0xa6, 0xaa, 0xb3, 0xb4, 0xb2, 
	0xaa, 0xb6, 0xad, 0xa0, 0xaa, 0xa1, 0x72, 0x9e, 
	0xa0, 0x93, 0xa8, 0x8d, 0x70, 0x6b, 0x7b, 0x78, 
	0x6f, 0x86, 0x7f, 0x7f, 0x85, 0x71, 0x97, 0x84, 
	0x76, 0x92, 0x96, 0x71, 0x7e, 0x86, 0x67, 0x6e, 
	0x5c, 0x92, 0x8e, 0x69, 0x89, 0x90, 0x93, 0x7c, 
	0x83, 0x96, 0x9c, 0xa1, 0x80, 0x84, 0x8c, 0xa2, 
	0x96, 0x89, 0x90, 0x79, 0x67, 0x6b, 0x71, 0x7b, 
	0x79, 0x8d, 0xad, 0xa9, 0xa8, 0xb1, 0xb4, 0xab, 
	0xa2, 0xb0, 0xac, 0xa0, 0xa0, 0x91, 0x79, 0x9c, 
	0xa7, 0x99, 0xa0, 0x8a, 0x77, 0x80, 0x7d, 0x94, 
	0x8d, 0x8c, 0xa1, 0x99, 0x85, 0x7a, 0x94, 0x7d, 
	0x7f, 0x88, 0x8c, 0x88, 0x68, 0x7b, 0x74, 0x81, 
	0x96, 0x8c, 0x97, 0x70, 0x90, 0x96, 0xa2, 0x88, 
	0x7d, 0x87, 0xa2, 0x9c, 0x8a, 0x95, 0x8f, 0x9f, 
	0x96, 0x98, 0x92, 0x82, 0x6a, 0x6a, 0x80, 0x75, 
	0x87, 0x98, 0xae, 0xac, 0xa5, 0xab, 0xae, 0xa3, 
	0xa3, 0x9d, 0xb4, 0xad, 0x9b, 0x96, 0x82, 0x9d, 
	0x9e, 0x97, 0x8f, 0x84, 0x7a, 0x90, 0x83, 0x8f, 
	0x9b, 0x86, 0x93, 0x92, 0x79, 0x6d, 0x84, 0x8b, 
	0x89, 0x79, 0x8c, 0x91, 0x67, 0x6b, 0x69, 0x6f, 
	0x96, 0x90, 0x98, 0x71, 0x88, 0x8f, 0x94, 0x8b, 
	0x63, 0x5f, 0xa0, 0x8a, 0x85, 0x8c, 0x91, 0xa0, 
	0x89, 0x8f, 0x7e, 0x7a, 0x6d, 0x7f, 0x7b, 0x65, 
	0x82, 0x8b, 0xa4, 0xad, 0x9e, 0xa5, 0xab, 0x98, 
	0x9a, 0xa6, 0xb4, 0xac, 0xa3, 0x94, 0x8c, 0x9d, 
	0x8d, 0x93, 0x89, 0x7b, 0x80, 0x8b, 0x80, 0x96, 
	0xa1, 0x8f, 0x94, 0x92, 0x8b, 0x83, 0x84, 0x81, 
	0x7c, 0x76, 0x82, 0x79, 0x67, 0x78, 0x77, 0x78, 
	0x78, 0x7d, 0x96, 0x70, 0x8e, 0x9c, 0x99, 0x8d, 
	0x56, 0x62, 0x79, 0x75, 0x6b, 0x80, 0x8d, 0x9a, 
	0x85, 0x79, 0x72, 0x73, 0x65, 0x5f, 0x50, 0x5c, 
	0x78, 0x84, 0x97, 0xa0, 0x96, 0x97, 0xa5, 0x9f, 
	0xa1, 0xa1, 0xa8, 0xa7, 0x93, 0x8d, 0x84, 0x9c, 
	0x8d, 0x97, 0x8a, 0x7f, 0x86, 0x97, 0x8c, 0xa0, 
	0x97, 0x8c, 0x8f, 0x79, 0x7f, 0x94, 0x7c, 0x7e, 
	0x7e, 0x86, 0x8b, 0x7f, 0x66, 0x80, 0x85, 0x7e, 
	0x64, 0x72, 0x90, 0x74, 0x97, 0x95, 0x9b, 0x83, 
	0x5e, 0x6b, 0x76, 0x75, 0x70, 0x85, 0x8d, 0x89, 
	0x87, 0x75, 0x64, 0x61, 0x5c, 0x5a, 0x59, 0x5b, 
	0x72, 0x7b, 0x8b, 0x94, 0x84, 0x88, 0x9f, 0x9b, 
	0xa6, 0xa2, 0xa6, 0x96, 0x95, 0x7a, 0x6a, 0x76, 
	0x7b, 0x82, 0x7e, 0x83, 0x90, 0xa7, 0xa5, 0xa4, 
	0x98, 0x8d, 0x8e, 0x87, 0x86, 0x7b, 0x77, 0x74, 
	0x7b, 0x86, 0x8f, 0x7b, 0x77, 0x8e, 0x80, 0x80, 
	0x63, 0x73, 0x89, 0x72, 0x99, 0x91, 0x9d, 0x91, 
	0x6c, 0x75, 0x79, 0x77, 0x71, 0x8d, 0x8c, 0x93, 
	0x76, 0x6c, 0x61, 0x5a, 0x5f, 0x48, 0x62, 0x51, 
	0x69, 0x67, 0x83, 0x7e, 0x7b, 0x82, 0x92, 0x84, 
	0x9c, 0xa0, 0xa3, 0x82, 0x8f, 0x8a, 0x87, 0x7f, 
	0x8d, 0x78, 0x7d, 0x89, 0x8f, 0xa3, 0x9f, 0x98, 
	0x98, 0xa1, 0x9c, 0x9b, 0x89, 0x7d, 0x7f, 0x76, 
	0x81, 0x7b, 0x8c, 0x81, 0x82, 0x8c, 0x7c, 0x77, 
	0x5b, 0x6d, 0x82, 0x81, 0x96, 0x9d, 0x9b, 0x8d, 
	0x76, 0x81, 0x88, 0x81, 0x7f, 0x94, 0x91, 0x84, 
	0x77, 0x6e, 0x63, 0x5a, 0x59, 0x42, 0x5e, 0x4a, 
	0x6f, 0x67, 0x75, 0x85, 0x78, 0x7e, 0x91, 0x81, 
	0x9b, 0x91, 0x9e, 0x7d, 0x97, 0x9d, 0x8f, 0x79, 
	0x81, 0x72, 0x85, 0x86, 0x7f, 0x9e, 0x9e, 0xac, 
	0xa1, 0x9b, 0xa6, 0x9f, 0x92, 0x93, 0x8f, 0x7b, 
	0x81, 0x86, 0x80, 0x83, 0x8b, 0x95, 0x7e, 0x8e, 
	0x54, 0x6c, 0x90, 0x92, 0x9c, 0xa2, 0x89, 0x91, 
	0x8f, 0x94, 0x8c, 0x90, 0x8f, 0xa0, 0x8f, 0x89, 
	0x9a, 0x89, 0x72, 0x63, 0x4f, 0x52, 0x6a, 0x50, 
	0x79, 0x50, 0x65, 0x79, 0x74, 0x76, 0x7e, 0x7a, 
	0x8b, 0x7f, 0x92, 0x88, 0x99, 0x93, 0x88, 0x7e, 
	0x8a, 0x86, 0x86, 0x79, 0x73, 0x97, 0x92, 0xaf, 
	0xa6, 0xa0, 0x9a, 0x8b, 0x9c, 0x9f, 0x99, 0x65, 
	0x63, 0x6d, 0x43, 0x7a, 0x93, 0xa7, 0x8b, 0x79, 
	0x63, 0x69, 0x92, 0x98, 0xa5, 0xa3, 0x97, 0x9f, 
	0x88, 0x99, 0x9e, 0x98, 0x94, 0x9f, 0x90, 0x94, 
	0xa0, 0x95, 0x85, 0x77, 0x6c, 0x6e, 0x74, 0x65, 
	0x88, 0x7d, 0x6a, 0x7a, 0x7c, 0x80, 0x7b, 0x6f, 
	0x88, 0x7d, 0x83, 0x8c, 0xa0, 0x93, 0x8d, 0x86, 
	0xa4, 0x92, 0x8c, 0x7b, 0x78, 0x96, 0x9c, 0xa4, 
	0x9d, 0x8f, 0x99, 0x86, 0x90, 0x94, 0x87, 0x4e, 
	0x55, 0x52, 0x4b, 0x79, 0x84, 0xa3, 0x86, 0x73, 
	0x6b, 0x73, 0x92, 0x9a, 0xa8, 0x9a, 0x8d, 0x9a, 
	0x8e, 0x98, 0xa2, 0x99, 0x92, 0x9d, 0x99, 0x90, 
	0x9b, 0x98, 0x8a, 0x81, 0x8f, 0x75, 0x71, 0x6d, 
	0x9b, 0x95, 0x77, 0x7a, 0x88, 0x89, 0x83, 0x71, 
	0x8b, 0x82, 0x8b, 0x95, 0xa6, 0xa1, 0x85, 0x77, 
	0x8d, 0x8a, 0x94, 0x81, 0x6d, 0x92, 0x9d, 0xa3, 
	0x95, 0x93, 0x97, 0x92, 0x9c, 0x8f, 0x86, 0x56, 
	0x82, 0x4a, 0x51, 0x70, 0x6b, 0x97, 0x91, 0x78, 
	0x6b, 0x7d, 0x86, 0x8d, 0xa1, 0x96, 0x8a, 0x9a, 
	0x9c, 0x94, 0x9d, 0x9a, 0x91, 0x96, 0x9b, 0x99, 
	0x8f, 0x94, 0x91, 0x8b, 0x8f, 0x79, 0x74, 0x81, 
	0x9f, 0x93, 0x73, 0x79, 0x7d, 0x83, 0x91, 0x7a, 
	0x9a, 0x8b, 0x8c, 0x99, 0xaa, 0xa9, 0x81, 0x72, 
	0x83, 0x89, 0x96, 0x98, 0x7f, 0x93, 0x87, 0x96, 
	0x9e, 0x92, 0x98, 0x9a, 0x93, 0x7f, 0x8c, 0x6a, 
	0x99, 0x5e, 0x54, 0x5f, 0x62, 0x8e, 0x95, 0x84, 
	0x71, 0x7b, 0x89, 0x90, 0x9f, 0x7e, 0x6c, 0x93, 
	0x9d, 0x8c, 0x97, 0x9e, 0x92, 0x90, 0x96, 0x94, 
	0x9e, 0xa5, 0xa2, 0x94, 0x8e, 0x81, 0x78, 0x95, 
	0xa6, 0x97, 0x8c, 0x80, 0x79, 0x90, 0xa7, 0x9e, 
	0xa4, 0x97, 0xa4, 0xad, 0xad, 0xa8, 0x80, 0x7b, 
	0x80, 0x95, 0x9c, 0x9d, 0x94, 0x97, 0x79, 0x89, 
	0x99, 0xa0, 0x9f, 0x99, 0x88, 0x6b, 0x78, 0x80, 
	0x85, 0x73, 0x67, 0x54, 0x6b, 0x9a, 0x8d, 0x89, 
	0x76, 0x85, 0x94, 0x99, 0x92, 0x78, 0x72, 0x92, 
	0x93, 0x92, 0x8d, 0x94, 0x96, 0xa1, 0xa2, 0xa2, 
	0xa9, 0xaa, 0xaa, 0x9c, 0x95, 0x7c, 0x7f, 0xa1, 
	0x9c, 0x9b, 0x82, 0x94, 0x90, 0xa5, 0xac, 0xa6, 
	0xa3, 0x9a, 0x9c, 0xa6, 0xad, 0xa0, 0x80, 0x86, 
	0x95, 0x9e, 0xa4, 0x95, 0xa3, 0x98, 0x81, 0x89, 
	0x8e, 0x9e, 0x9d, 0x99, 0x91, 0x74, 0x61, 0x83, 
	0x91, 0x79, 0x5c, 0x43, 0x5e, 0x91, 0x96, 0x8a, 
	0x79, 0x88, 0x9c, 0x9e, 0x98, 0x76, 0x7e, 0x8b, 
	0x97, 0x9f, 0x9d, 0x9c, 0xa0, 0xb1, 0xb3, 0xad, 
	0xb4, 0xb0, 0xb3, 0xae, 0x96, 0x87, 0x83, 0xa0, 
	0x92, 0x94, 0x98, 0xa3, 0xa0, 0xaf, 0xb1, 0xa1, 
	0x9d, 0x93, 0x9d, 0x98, 0x90, 0x6f, 0x7d, 0x90, 
	0x9e, 0x90, 0x95, 0x86, 0x9d, 0xa4, 0x8f, 0x9a, 
	0x89, 0x8c, 0x9b, 0x98, 0x87, 0x73, 0x59, 0x74, 
	0x68, 0x69, 0x5a, 0x44, 0x58, 0x85, 0x8c, 0x82, 
	0x74, 0x88, 0x8c, 0x96, 0x9f, 0x96, 0x88, 0x9a, 
	0x9e, 0xa3, 0xae, 0xa7, 0xad, 0xab, 0xb3, 0xae, 
	0xb3, 0xb5, 0xb8, 0xb1, 0xad, 0x9c, 0x92, 0xa1, 
	0xae, 0xad, 0xaf, 0xaf, 0xb3, 0xb3, 0xb2, 0xa5, 
	0x8c, 0x95, 0x9c, 0x9b, 0x8b, 0x85, 0x7e, 0x7b, 
	0x7b, 0x7c, 0x8a, 0xa2, 0xa1, 0xa5, 0x91, 0xac, 
	0x97, 0x9c, 0xa8, 0xa3, 0x8e, 0x76, 0x55, 0x64, 
	0x71, 0x6a, 0x61, 0x5a, 0x63, 0x8f, 0x8d, 0x7e, 
	0x6a, 0x84, 0x8f, 0x95, 0x9e, 0xa3, 0x9d, 0x9a, 
	0x98, 0xa1, 0xad, 0xaa, 0xae, 0xa8, 0xae, 0xaf, 
	0xb5, 0xb6, 0xb7, 0xae, 0xb1, 0xb0, 0xac, 0xb2, 
	0xae, 0xae, 0xb0, 0xb0, 0xb2, 0xb3, 0xaf, 0xa7, 
	0x88, 0x7e, 0x91, 0x8e, 0x84, 0x89, 0x8b, 0x85, 
	0x8c, 0x77, 0x72, 0x8b, 0x95, 0x9b, 0x9e, 0xa8, 
	0x9f, 0xa8, 0xac, 0xa9, 0x92, 0x7a, 0x5f, 0x70, 
	0x6d, 0x68, 0x63, 0x5c, 0x67, 0x76, 0x8e, 0x83, 
	0x6b, 0x84, 0x8b, 0x89, 0x9d, 0x9e, 0xa7, 0xa1, 
	0x9c, 0xaa, 0xb0, 0xa9, 0xae, 0xaa, 0xac, 0xb1, 
	0xb4, 0xb1, 0xb5, 0xb3, 0xb3, 0xb5, 0xb4, 0xb4, 
	0xb4, 0xad, 0xb5, 0xb5, 0xab, 0xb4, 0xaa, 0xaf, 
	0x8b, 0x8b, 0x89, 0x87, 0x91, 0x85, 0x86, 0x8c, 
	0xa2, 0x85, 0x66, 0x79, 0x7e, 0x8a, 0x94, 0xa2, 
	0xa8, 0x8e, 0xa4, 0x9a, 0x92, 0x88, 0x75, 0x7b, 
	0x68, 0x68, 0x60, 0x59, 0x5d, 0x72, 0x82, 0x82, 
	0x6e, 0x7b, 0x66, 0x8c, 0xa7, 0xa5, 0xa1, 0xa1, 
	0xa4, 0xaa, 0xb0, 0xad, 0xad, 0xae, 0xaf, 0xb2, 
	0xb5, 0xb4, 0xb2, 0xb1, 0xb2, 0xb0, 0xb0, 0xb2, 
	0xac, 0xb0, 0xb1, 0xb1, 0xab, 0xad, 0x9e, 0xb1, 
	0x9a, 0x93, 0xa3, 0x9c, 0x9f, 0x92, 0x93, 0x95, 
	0xa6, 0x9e, 0x99, 0x8e, 0x92, 0x86, 0x7a, 0x93, 
	0xa0, 0x90, 0xa1, 0x8c, 0x8b, 0x90, 0x6f, 0x7d, 
	0x70, 0x6c, 0x55, 0x61, 0x59, 0x6c, 0x71, 0x77, 
	0x71, 0x7c, 0x6d, 0x91, 0x9a, 0x9d, 0x98, 0xa0, 
	0x90, 0xa5, 0xa7, 0xaa, 0xb0, 0xae, 0xaf, 0xaf, 
	0xb4, 0xb4, 0xb7, 0xb7, 0xb5, 0xb3, 0xb1, 0xb1, 
	0xb2, 0xab, 0xb6, 0xb0, 0xa7, 0xb3, 0xa1, 0xae, 
	0xa9, 0xa1, 0xa3, 0xa5, 0x9c, 0x9e, 0xa9, 0x92, 
	0xaa, 0xa1, 0x95, 0x8f, 0x94, 0x91, 0x9d, 0xa2, 
	0xa6, 0x87, 0x9b, 0x90, 0x96, 0x90, 0x74, 0x60, 
	0x68, 0x63, 0x4a, 0x5f, 0x55, 0x67, 0x71, 0x69, 
	0x68, 0x75, 0x7c, 0x8c, 0x80, 0x87, 0x7a, 0x89, 
	0x91, 0x96, 0x99, 0xaa, 0xab, 0xb1, 0xae, 0xb2, 
	0xb0, 0xb0, 0xb2, 0xb4, 0xb1, 0xb0, 0xb0, 0xad, 
	0xb0, 0xb2, 0xaf, 0xb6, 0xaf, 0xa9, 0xa9, 0xb4, 
	0xae, 0xa6, 0xa8, 0xa6, 0x9b, 0xac, 0xa8, 0x8f, 
	0xad, 0xa5, 0x9f, 0x96, 0x98, 0x9b, 0xa5, 0xb1, 
	0xb0, 0x98, 0xa4, 0x8d, 0xa3, 0x9b, 0x75, 0x5b, 
	0x5f, 0x69, 0x59, 0x6c, 0x50, 0x65, 0x7b, 0x70, 
	0x72, 0x79, 0x71, 0x8f, 0x85, 0x77, 0x6f, 0x79, 
	0x81, 0x8a, 0x8a, 0x9b, 0xa0, 0xb0, 0xaf, 0xad, 
	0xb1, 0xb2, 0xb6, 0xb1, 0xa9, 0xac, 0xb2, 0xb0, 
	0xb1, 0xb3, 0xab, 0xb3, 0xb3, 0xb2, 0xb6, 0xb3, 
	0xb0, 0xb2, 0xaf, 0xb1, 0xac, 0xad, 0xad, 0xa5, 
	0xa6, 0xad, 0xa9, 0xad, 0x9d, 0x9e, 0xa6, 0xaf, 
	0xa6, 0x8a, 0xa4, 0x9e, 0xaa, 0xa9, 0x85, 0x78, 
	0x6b, 0x6f, 0x65, 0x60, 0x72, 0x67, 0x72, 0x7a, 
	0x7c, 0x7d, 0x7d, 0x95, 0x90, 0x7b, 0x7a, 0x8b, 
	0x95, 0x97, 0x9b, 0x98, 0xa3, 0xab, 0xae, 0xaf, 
	0xaf, 0xaf, 0xb1, 0xb6, 0xb1, 0xb5, 0xb5, 0xb2, 
	0xb2, 0xb4, 0xae, 0xb0, 0xaf, 0xb6, 0xb5, 0xb2, 
	0xab, 0xb0, 0xb4, 0xaf, 0xb3, 0xb1, 0xaa, 0xaa, 
	0xa9, 0xab, 0xa0, 0x90, 0x9c, 0x95, 0x9d, 0xaa, 
	0x9b, 0x93, 0x94, 0x89, 0x9e, 0xa6, 0x95, 0x95, 
	0x85, 0x6f, 0x78, 0x6d, 0x76, 0x67, 0x54, 0x52, 
	0x5a, 0x77, 0x75, 0x8e, 0x89, 0x86, 0x7f, 0x89, 
	0x86, 0x9f, 0x9b, 0x9c, 0xa8, 0xad, 0xaa, 0xb0, 
	0xae, 0xae, 0xaf, 0xb0, 0xb3, 0xaf, 0xb4, 0xb2, 
	0xb3, 0xb2, 0xb0, 0xb4, 0xb4, 0xb8, 0xb6, 0xb2, 
	0xaf, 0xae, 0xb5, 0xb0, 0xaf, 0xaa, 0xa5, 0xa6, 
	0xad, 0xa7, 0xac, 0xab, 0xae, 0x97, 0x8b, 0x9b, 
	0xa4, 0xa3, 0x9c, 0x8a, 0x94, 0x8c, 0xa3, 0x9b, 
	0x82, 0x61, 0x83, 0x7e, 0x7b, 0x6a, 0x56, 0x47, 
	0x5a, 0x6e, 0x7e, 0x99, 0x99, 0x9a, 0x90, 0x99, 
	0x93, 0x9b, 0xa0, 0x9a, 0x98, 0xa2, 0xa5, 0xad, 
	0xb0, 0xb1, 0xb5, 0xb3, 0xb1, 0xab, 0xb6, 0xb1, 
	0xb4, 0xb4, 0xb1, 0xb2, 0xaf, 0xb4, 0xb6, 0xaf, 
	0xb3, 0xb0, 0xb4, 0xb0, 0xa3, 0xa5, 0xab, 0xa2, 
	0xb6, 0xa9, 0xa8, 0xb2, 0xa6, 0x9a, 0x9f, 0x98, 
	0x9a, 0x96, 0xa3, 0xa2, 0xa3, 0x9e, 0xaa, 0x96, 
	0x87, 0x80, 0x72, 0x75, 0x83, 0x6a, 0x6b, 0x59, 
	0x65, 0x7a, 0x8b, 0xae, 0xb1, 0xad, 0xa9, 0xa1, 
	0x88, 0x82, 0x91, 0x9d, 0x9b, 0xa4, 0xa1, 0xaa, 
	0xb1, 0xb0, 0xb4, 0xb4, 0xab, 0xac, 0xb6, 0xb6, 
	0xae, 0xab, 0xad, 0xb4, 0xb0, 0xb7, 0xb2, 0xb0, 
	0xab, 0xaa, 0xa6, 0xa6, 0xa2, 0xa0, 0xac, 0x90, 
	0xa0, 0xb0, 0xb5, 0xb2, 0x99, 0x88, 0x8e, 0x8a, 
	0x81, 0x9f, 0xb1, 0xa8, 0xa9, 0xa3, 0x97, 0x9c, 
	0x75, 0x6e, 0x7e, 0x7f, 0x7c, 0x76, 0x6d, 0x6b, 
	0x7a, 0x83, 0x8c, 0xaa, 0xb6, 0xb1, 0xb1, 0xa8, 
	0x92, 0x88, 0x9a, 0x9d, 0x9e, 0xa7, 0xa5, 0xac, 
	0xb1, 0xac, 0xaf, 0xb3, 0xb1, 0xad, 0xb0, 0xb8, 
	0xab, 0xa5, 0xa7, 0xb5, 0xb1, 0xb5, 0xb7, 0xb4, 
	0xad, 0xb6, 0xa9, 0x9b, 0xa8, 0x97, 0xa6, 0x7c, 
	0x99, 0xa5, 0xa0, 0x9b, 0x9b, 0x99, 0x99, 0x93, 
	0x89, 0xa9, 0xa2, 0xad, 0xa8, 0xa6, 0x99, 0x8c, 
	0x73, 0x78, 0x80, 0x86, 0x86, 0x94, 0x86, 0x88, 
	0x95, 0x8d, 0x91, 0xaa, 0xb2, 0xac, 0xb1, 0xa5, 
	0x9b, 0x9a, 0x9c, 0xa8, 0xab, 0xb0, 0xad, 0xa7, 
	0xaa, 0xa8, 0xae, 0x96, 0xac, 0xac, 0xa2, 0xb3, 
	0xaa, 0xa0, 0x88, 0xa9, 0xaf, 0xad, 0xb3, 0xb4, 
	0xb4, 0xb5, 0xb1, 0xab, 0x9e, 0xa6, 0xaa, 0x8d, 
	0xa4, 0x99, 0x98, 0xaa, 0xa8, 0xa9, 0xa6, 0xa5, 
	0x9e, 0xb5, 0xae, 0xaf, 0xa7, 0xa4, 0xac, 0xa0, 
	0x7a, 0x71, 0x7c, 0x88, 0x94, 0x8a, 0x8d, 0x81, 
	0x98, 0x95, 0xa2, 0xa4, 0xb0, 0xb2, 0xb4, 0xa1, 
	0x95, 0x93, 0xa2, 0xa3, 0xab, 0xae, 0xaf, 0xa7, 
	0xa8, 0x9c, 0x9f, 0x98, 0xa4, 0x96, 0x93, 0xb2, 
	0x9f, 0xa3, 0x8e, 0xad, 0xb2, 0xac, 0xa1, 0xb4, 
	0xad, 0xa8, 0xb5, 0xa8, 0x97, 0xab, 0xb1, 0xa2, 
	0xaf, 0xb2, 0xb0, 0xb6, 0xa8, 0xb8, 0xb3, 0xb6, 
	0xb0, 0xa6, 0xb1, 0xa7, 0xad, 0xa8, 0x98, 0x91, 
	0x71, 0x65, 0x85, 0x9a, 0xaa, 0xa4, 0x9c, 0x95, 
	0x96, 0xa4, 0xa7, 0xa1, 0xb2, 0xad, 0xac, 0xa0, 
	0x95, 0x97, 0xa7, 0xae, 0xae, 0xb2, 0xad, 0xab, 
	0xae, 0xa1, 0x97, 0x98, 0x9c, 0x9b, 0x98, 0xb0, 
	0x8b, 0x9d, 0x91, 0xa7, 0xb0, 0xb0, 0xa1, 0xb3, 
	0xac, 0xa5, 0xb4, 0x8e, 0x9e, 0x9c, 0xae, 0xa1, 
	0xb3, 0xad, 0xb0, 0xb8, 0xb6, 0xb7, 0xb8, 0xb1, 
	0xb5, 0xad, 0xa4, 0xa2, 0xa4, 0xb0, 0xa8, 0x8b, 
	0x65, 0x5b, 0x98, 0x9d, 0xad, 0xad, 0x94, 0x94, 
	0xac, 0xb2, 0xa9, 0xa8, 0xb1, 0xae, 0xaf, 0x97, 
	0x9b, 0xa1, 0xa8, 0xa7, 0xab, 0xb1, 0xae, 0xad, 
	0xa6, 0x9f, 0x92, 0x90, 0x91, 0x9f, 0x95, 0xa6, 
	0xa0, 0x95, 0x8d, 0x91, 0x9b, 0xa6, 0xa5, 0xb4, 
	0xb6, 0xab, 0x93, 0x92, 0xa4, 0xa8, 0xb6, 0x99, 
	0xa8, 0xb2, 0xb5, 0xb6, 0xaf, 0xb5, 0xb1, 0xaf, 
	0xb7, 0xa7, 0x93, 0x97, 0xa3, 0xad, 0xa8, 0x6f, 
	0x6b, 0x72, 0xa2, 0xab, 0xaa, 0xa9, 0x98, 0x7e, 
	0x9f, 0xa2, 0xa9, 0xa8, 0x92, 0xa6, 0x9e, 0xa4, 
	0xab, 0xa4, 0x9d, 0xa9, 0xa7, 0xae, 0xae, 0xaa, 
	0xa8, 0x9e, 0x98, 0x87, 0x8b, 0x95, 0x9a, 0xa9, 
	0x9c, 0x9c, 0x90, 0x8f, 0x93, 0x8b, 0x9e, 0xae, 
	0xa3, 0x9b, 0x9a, 0x89, 0x9a, 0x9b, 0xa1, 0x99, 
	0x81, 0x94, 0xb6, 0xb1, 0xac, 0xa8, 0xaf, 0xb3, 
	0xb3, 0xa8, 0xa7, 0xb0, 0xab, 0xaf, 0xa1, 0x8b, 
	0x76, 0x9e, 0xb4, 0xac, 0xa6, 0xaa, 0xa5, 0x84, 
	0x9a, 0xa1, 0x92, 0xa2, 0x93, 0x9e, 0xa3, 0x9c, 
	0xa9, 0xa5, 0x9b, 0xa2, 0xaa, 0xb2, 0xab, 0xaa, 
	0x9a, 0x8f, 0x95, 0x8a, 0x8f, 0x97, 0x9d, 0xa3, 
	0x9d, 0x94, 0x93, 0x8a, 0x87, 0x89, 0x9e, 0x99, 
	0x82, 0x7c, 0x92, 0x8a, 0x95, 0x82, 0x75, 0x74, 
	0x71, 0x75, 0xa6, 0xad, 0x9b, 0x83, 0x9b, 0xaf, 
	0xac, 0xa7, 0xaa, 0xa2, 0x96, 0x9a, 0x97, 0x89, 
	0x81, 0xa6, 0xb0, 0xb2, 0xac, 0xa9, 0x9c, 0x8b, 
	0x9e, 0x8f, 0x91, 0x97, 0x9e, 0xad, 0xa1, 0xa3, 
	0xa7, 0x9f, 0x97, 0x99, 0xac, 0xa8, 0x9b, 0xa4, 
	0x99, 0x97, 0x94, 0x92, 0x91, 0x90, 0xa4, 0x9d, 
	0xaa, 0x86, 0x8c, 0x92, 0xa1, 0x97, 0xa5, 0x92, 
	0x85, 0x7c, 0x89, 0x89, 0x90, 0x89, 0x78, 0x5f, 
	0x5a, 0x6e, 0x84, 0x89, 0x7f, 0x75, 0x90, 0x9f, 
	0x9e, 0xa4, 0x9f, 0x89, 0x7f, 0x8d, 0x83, 0x85, 
	0x8e, 0x90, 0x9a, 0xad, 0xa9, 0xa9, 0x91, 0x8a, 
	0x98, 0x95, 0x93, 0x86, 0x7e, 0x9c, 0x8f, 0xa0, 
	0x9c, 0xa8, 0x9e, 0x8e, 0xa5, 0xa4, 0xa8, 0xa9, 
	0xa6, 0x8a, 0x8c, 0x95, 0x96, 0x94, 0x8f, 0x9c, 
	0xae, 0x8f, 0x9a, 0x8a, 0x9d, 0x9b, 0xa0, 0x91, 
	0x90, 0x89, 0x91, 0xa7, 0xa1, 0xa4, 0x7b, 0x52, 
	0x48, 0x56, 0x6c, 0x84, 0x7b, 0x76, 0x92, 0x8a, 
	0x92, 0x92, 0x74, 0x8d, 0x98, 0x83, 0x78, 0x90, 
	0x8d, 0x8e, 0xa5, 0xb2, 0xb2, 0xb1, 0xa0, 0xa1, 
	0x9d, 0x97, 0x8f, 0x7a, 0x79, 0x98, 0x89, 0x8a, 
	0x92, 0xae, 0xa6, 0x97, 0xa3, 0xab, 0xaf, 0xad, 
	0xa8, 0x93, 0x9b, 0x9d, 0x94, 0x95, 0x9d, 0xa3, 
	
};

Gfx bob_dl_Photoreal_Metal_05_512x512_i4_aligner[] = {gsSPEndDisplayList()};
u8 bob_dl_Photoreal_Metal_05_512x512_i4[] = {
	0x45, 0x55, 0x45, 0x44, 0x55, 0x54, 0x44, 0x44, 
	0x44, 0x43, 0x46, 0x45, 0x45, 0x54, 0x44, 0x44, 
	0x44, 0x44, 0x45, 0x55, 0x55, 0x54, 0x44, 0x45, 
	0x55, 0x55, 0x55, 0x44, 0x55, 0x44, 0x45, 0x54, 
	0x55, 0x58, 0x88, 0x44, 0x54, 0x55, 0x55, 0x55, 
	0x45, 0x77, 0x65, 0x55, 0x55, 0x55, 0x55, 0x78, 
	0x84, 0x45, 0x55, 0x55, 0x55, 0x58, 0x88, 0x86, 
	0x55, 0x55, 0x55, 0x55, 0x54, 0x78, 0x85, 0x54, 
	0x56, 0x99, 0x99, 0x86, 0x55, 0x35, 0x55, 0x44, 
	0x89, 0x99, 0x73, 0x55, 0x55, 0x55, 0x46, 0x9a, 
	0x97, 0x75, 0x55, 0x55, 0x55, 0x79, 0x98, 0x87, 
	0x55, 0x55, 0x55, 0x55, 0x69, 0xa9, 0x96, 0x55, 
	0x55, 0x86, 0x66, 0x67, 0x46, 0x55, 0x55, 0x57, 
	0x77, 0x86, 0x65, 0x55, 0x55, 0x55, 0x76, 0x98, 
	0x77, 0x65, 0x55, 0x56, 0x54, 0x78, 0x78, 0x68, 
	0x54, 0x55, 0x55, 0x54, 0x68, 0x77, 0x87, 0x65, 
	0x43, 0x43, 0x23, 0x31, 0x45, 0x44, 0x55, 0x45, 
	0x54, 0x32, 0x43, 0x45, 0x55, 0x55, 0x55, 0x43, 
	0x23, 0x25, 0x56, 0x55, 0x55, 0x33, 0x32, 0x42, 
	0x34, 0x55, 0x55, 0x54, 0x33, 0x46, 0x44, 0x34, 
	0x43, 0x23, 0x11, 0x22, 0x34, 0x66, 0x66, 0x41, 
	0x22, 0x22, 0x12, 0x45, 0x55, 0x44, 0x32, 0x22, 
	0x21, 0x13, 0x55, 0x55, 0x43, 0x11, 0x21, 0x11, 
	0x35, 0x55, 0x55, 0x43, 0x22, 0x22, 0x21, 0x34, 
	0x53, 0x11, 0x11, 0x13, 0x55, 0x65, 0x55, 0x44, 
	0x11, 0x11, 0x02, 0x44, 0x54, 0x54, 0x31, 0x11, 
	0x11, 0x23, 0x45, 0x54, 0x44, 0x21, 0x11, 0x11, 
	0x24, 0x55, 0x55, 0x54, 0x20, 0x11, 0x11, 0x34, 
	0x54, 0x32, 0x01, 0x44, 0x55, 0x55, 0x65, 0x55, 
	0x21, 0x11, 0x13, 0x45, 0x54, 0x44, 0x34, 0x11, 
	0x12, 0x44, 0x54, 0x44, 0x44, 0x23, 0x11, 0x23, 
	0x34, 0x55, 0x55, 0x54, 0x43, 0x10, 0x12, 0x44, 
	0x54, 0x44, 0x34, 0x45, 0x56, 0x66, 0x65, 0x45, 
	0x44, 0x43, 0x45, 0x44, 0x54, 0x44, 0x44, 0x43, 
	0x34, 0x45, 0x45, 0x55, 0x44, 0x44, 0x44, 0x43, 
	0x44, 0x44, 0x55, 0x54, 0x43, 0x33, 0x44, 0x45, 
	0x44, 0x45, 0x45, 0x55, 0x55, 0x56, 0x55, 0x66, 
	0x55, 0x55, 0x54, 0x54, 0x53, 0x44, 0x34, 0x44, 
	0x45, 0x54, 0x45, 0x55, 0x55, 0x45, 0x44, 0x55, 
	0x55, 0x64, 0x65, 0x54, 0x54, 0x44, 0x44, 0x44, 
	0x45, 0x54, 0x56, 0x65, 0x55, 0x56, 0x65, 0x65, 
	0x55, 0x56, 0x54, 0x55, 0x45, 0x55, 0x53, 0x55, 
	0x55, 0x54, 0x44, 0x54, 0x45, 0x45, 0x55, 0x55, 
	0x55, 0x56, 0x55, 0x64, 0x44, 0x44, 0x55, 0x54, 
	0x54, 0x45, 0x55, 0x66, 0x65, 0x66, 0x66, 0x66, 
	0x55, 0x66, 0x54, 0x45, 0x36, 0x64, 0x44, 0x32, 
	0x24, 0x65, 0x55, 0x44, 0x54, 0x55, 0x54, 0x56, 
	0x64, 0x56, 0x66, 0x55, 0x54, 0x44, 0x55, 0x55, 
	0x55, 0x46, 0x55, 0x65, 0x55, 0x66, 0x66, 0x66, 
	0x66, 0x56, 0x54, 0x44, 0x44, 0x33, 0x55, 0x75, 
	0x78, 0x75, 0x63, 0x43, 0x45, 0x44, 0x45, 0x46, 
	0x66, 0x66, 0x66, 0x55, 0x55, 0x54, 0x44, 0x55, 
	0x54, 0x45, 0x56, 0x65, 0x56, 0x66, 0x56, 0x65, 
	0x66, 0x55, 0x44, 0x44, 0x55, 0x56, 0x65, 0x58, 
	0x85, 0x55, 0x56, 0x76, 0x34, 0x45, 0x55, 0x66, 
	0x56, 0x66, 0x55, 0x55, 0x65, 0x54, 0x44, 0x45, 
	0x55, 0x44, 0x45, 0x56, 0x65, 0x56, 0x66, 0x65, 
	0x64, 0x55, 0x43, 0x55, 0x45, 0x45, 0x54, 0x55, 
	0x45, 0x64, 0x55, 0x55, 0x56, 0x44, 0x45, 0x55, 
	0x55, 0x55, 0x65, 0x56, 0x65, 0x54, 0x45, 0x55, 
	0x55, 0x46, 0x74, 0x65, 0x56, 0x66, 0x65, 0x56, 
	0x56, 0x54, 0x55, 0x55, 0x54, 0x44, 0x45, 0x40, 
	0x03, 0x45, 0x54, 0x45, 0x55, 0x56, 0x46, 0x66, 
	0x56, 0x56, 0x56, 0x65, 0x55, 0x33, 0x34, 0x44, 
	0x45, 0x99, 0x98, 0x75, 0x55, 0x56, 0x56, 0x65, 
	0x65, 0x34, 0x65, 0x55, 0x44, 0x44, 0x44, 0x44, 
	0x34, 0x55, 0x55, 0x54, 0x45, 0x66, 0x56, 0x56, 
	0x55, 0x56, 0x66, 0x65, 0x48, 0x99, 0x86, 0x55, 
	0x46, 0x78, 0x77, 0x66, 0x56, 0x55, 0x65, 0x55, 
	0x44, 0x55, 0x66, 0x55, 0x44, 0x44, 0x44, 0x44, 
	0x55, 0x55, 0x55, 0x55, 0x55, 0x56, 0x76, 0x64, 
	0x56, 0x65, 0x66, 0x55, 0x67, 0x88, 0x76, 0x65, 
	0x44, 0x55, 0x55, 0x34, 0x55, 0x56, 0x65, 0x64, 
	0x65, 0x66, 0x56, 0x65, 0x55, 0x45, 0x44, 0x54, 
	0x55, 0x55, 0x55, 0x55, 0x55, 0x56, 0x66, 0x65, 
	0x55, 0x55, 0x55, 0x45, 0x45, 0x44, 0x54, 0x45, 
	0x43, 0x32, 0x12, 0x22, 0x56, 0x56, 0x45, 0x55, 
	0x55, 0x56, 0x55, 0x55, 0x55, 0x55, 0x44, 0x55, 
	0x55, 0x55, 0x55, 0x55, 0x55, 0x55, 0x55, 0x66, 
	0x64, 0x56, 0x65, 0x54, 0x23, 0x32, 0x32, 0x25, 
	0x53, 0x10, 0x00, 0x04, 0x54, 0x55, 0x55, 0x45, 
	0x56, 0x55, 0x55, 0x45, 0x55, 0x55, 0x44, 0x55, 
	0x55, 0x55, 0x55, 0x55, 0x55, 0x56, 0x55, 0x66, 
	0x56, 0x55, 0x56, 0x54, 0x30, 0x11, 0x11, 0x35, 
	0x54, 0x31, 0x12, 0x43, 0x55, 0x66, 0x55, 0x54, 
	0x55, 0x45, 0x55, 0x44, 0x44, 0x54, 0x45, 0x54, 
	0x55, 0x55, 0x55, 0x56, 0x54, 0x66, 0x66, 0x55, 
	0x76, 0x64, 0x53, 0x55, 0x43, 0x00, 0x02, 0x45, 
	0x54, 0x45, 0x44, 0x45, 0x56, 0x53, 0x48, 0x87, 
	0x45, 0x55, 0x45, 0x55, 0x44, 0x44, 0x45, 0x55, 
	0x45, 0x55, 0x55, 0x55, 0x55, 0x55, 0x65, 0x66, 
	0x98, 0x75, 0x55, 0x55, 0x54, 0x33, 0x44, 0x45, 
	0x56, 0x55, 0x45, 0x64, 0x55, 0x55, 0x36, 0x52, 
	0x55, 0x55, 0x45, 0x44, 0x44, 0x44, 0x55, 0x55, 
	0x55, 0x55, 0x55, 0x55, 0x55, 0x66, 0x56, 0x53, 
	0x46, 0x35, 0x35, 0x56, 0x45, 0x54, 0x45, 0x55, 
	0x55, 0x65, 0x54, 0x55, 0x55, 0x53, 0x61, 0x03, 
	0x54, 0x44, 0x44, 0x54, 0x44, 0x55, 0x55, 0x55, 
	0x55, 0x55, 0x55, 0x55, 0x55, 0x56, 0x55, 0x55, 
	0x21, 0x35, 0x55, 0x55, 0x55, 0x55, 0x55, 0x55, 
	0x56, 0x54, 0x46, 0x65, 0x55, 0x51, 0x45, 0x44, 
	0x54, 0x45, 0x55, 0x54, 0x55, 0x44, 0x44, 0x55, 
	0x55, 0x54, 0x55, 0x55, 0x56, 0x55, 0x65, 0x65, 
	0x45, 0x55, 0x64, 0x55, 0x55, 0x55, 0x55, 0x55, 
	0x54, 0x56, 0x56, 0x65, 0x55, 0x44, 0x55, 0x55, 
	0x55, 0x55, 0x55, 0x55, 0x44, 0x54, 0x45, 0x55, 
	0x45, 0x55, 0x55, 0x55, 0x56, 0x66, 0x56, 0x66, 
	0x65, 0x55, 0x65, 0x55, 0x55, 0x55, 0x55, 0x55, 
	0x55, 0x75, 0x56, 0x65, 0x55, 0x15, 0x56, 0x55, 
	0x66, 0x55, 0x54, 0x44, 0x44, 0x54, 0x55, 0x55, 
	0x45, 0x55, 0x54, 0x55, 0x56, 0x65, 0x66, 0x66, 
	0x56, 0x56, 0x64, 0x45, 0x55, 0x55, 0x54, 0x45, 
	0x56, 0x66, 0x56, 0x65, 0x55, 0x35, 0x56, 0x56, 
	0x65, 0x55, 0x55, 0x54, 0x44, 0x44, 0x45, 0x55, 
	0x55, 0x44, 0x45, 0x44, 0x45, 0x56, 0x66, 0x65, 
	0x66, 0x66, 0x66, 0x25, 0x65, 0x45, 0x55, 0x56, 
	0x65, 0x36, 0x75, 0x66, 0x55, 0x56, 0x56, 0x55, 
	0x55, 0x55, 0x55, 0x55, 0x54, 0x54, 0x55, 0x55, 
	0x55, 0x54, 0x55, 0x55, 0x56, 0x65, 0x66, 0x66, 
	0x65, 0x55, 0x66, 0x35, 0x54, 0x67, 0x75, 0x55, 
	0x57, 0x99, 0x98, 0x46, 0x54, 0x66, 0x56, 0x55, 
	0x54, 0x45, 0x55, 0x55, 0x55, 0x55, 0x55, 0x55, 
	0x55, 0x55, 0x45, 0x55, 0x56, 0x65, 0x66, 0x66, 
	0x55, 0x66, 0x46, 0x35, 0x67, 0x99, 0x97, 0x55, 
	0x47, 0x88, 0x77, 0x53, 0x53, 0x66, 0x65, 0x55, 
	0x54, 0x55, 0x55, 0x55, 0x55, 0x55, 0x54, 0x44, 
	0x55, 0x55, 0x55, 0x55, 0x55, 0x66, 0x56, 0x56, 
	0x56, 0x65, 0x65, 0x24, 0x67, 0x88, 0x87, 0x54, 
	0x56, 0x54, 0x45, 0x34, 0x54, 0x66, 0x55, 0x55, 
	0x45, 0x45, 0x45, 0x55, 0x45, 0x55, 0x45, 0x55, 
	0x45, 0x55, 0x55, 0x55, 0x56, 0x55, 0x55, 0x56, 
	0x65, 0x66, 0x55, 0x24, 0x35, 0x55, 0x54, 0x44, 
	0x43, 0x22, 0x12, 0x14, 0x55, 0x65, 0x65, 0x55, 
	0x55, 0x55, 0x45, 0x55, 0x55, 0x55, 0x55, 0x55, 
	0x55, 0x54, 0x45, 0x55, 0x56, 0x66, 0x66, 0x56, 
	0x66, 0x55, 0x56, 0x24, 0x12, 0x31, 0x22, 0x24, 
	0x42, 0x11, 0x10, 0x24, 0x54, 0x65, 0x66, 0x56, 
	0x55, 0x44, 0x55, 0x55, 0x54, 0x44, 0x54, 0x54, 
	0x45, 0x54, 0x45, 0x55, 0x55, 0x56, 0x66, 0x66, 
	0x55, 0x56, 0x56, 0x14, 0x30, 0x01, 0x01, 0x34, 
	0x43, 0x10, 0x12, 0x34, 0x54, 0x26, 0x56, 0x65, 
	0x66, 0x54, 0x55, 0x54, 0x55, 0x45, 0x55, 0x54, 
	0x44, 0x45, 0x55, 0x55, 0x55, 0x65, 0x56, 0x55, 
	0x66, 0x55, 0x56, 0x24, 0x43, 0x10, 0x03, 0x44, 
	0x54, 0x43, 0x34, 0x55, 0x54, 0x26, 0x56, 0x65, 
	0x55, 0x55, 0x55, 0x55, 0x44, 0x44, 0x54, 0x55, 
	0x55, 0x55, 0x45, 0x55, 0x55, 0x66, 0x56, 0x66, 
	0x66, 0x65, 0x55, 0x35, 0x54, 0x33, 0x35, 0x44, 
	0x44, 0x54, 0x45, 0x55, 0x55, 0x16, 0x55, 0x55, 
	0x66, 0x65, 0x55, 0x44, 0x55, 0x54, 0x45, 0x44, 
	0x55, 0x55, 0x54, 0x55, 0x55, 0x56, 0x56, 0x55, 
	0x66, 0x55, 0x64, 0x45, 0x55, 0x53, 0x45, 0x55, 
	0x55, 0x44, 0x65, 0x55, 0x55, 0x46, 0x55, 0x75, 
	0x55, 0x56, 0x54, 0x55, 0x44, 0x45, 0x44, 0x54, 
	0x45, 0x55, 0x55, 0x55, 0x56, 0x66, 0x66, 0x55, 
	0x55, 0x55, 0x41, 0x45, 0x55, 0x53, 0x55, 0x55, 
	0x54, 0x44, 0x45, 0x55, 0x55, 0x53, 0x66, 0x86, 
	0x65, 0x66, 0x65, 0x54, 0x44, 0x44, 0x44, 0x44, 
	0x44, 0x55, 0x45, 0x45, 0x56, 0x56, 0x56, 0x65, 
	0x44, 0x66, 0x64, 0x55, 0x55, 0x55, 0x56, 0x55, 
	0x44, 0x44, 0x44, 0x65, 0x55, 0x53, 0x69, 0x87, 
	0x55, 0x66, 0x66, 0x54, 0x55, 0x44, 0x45, 0x54, 
	0x55, 0x55, 0x55, 0x55, 0x56, 0x66, 0x66, 0x65, 
	0x88, 0x75, 0x25, 0x55, 0x56, 0x55, 0x55, 0x54, 
	0x55, 0x44, 0x43, 0x55, 0x55, 0x54, 0x15, 0x44, 
	0x56, 0x66, 0x66, 0x66, 0x45, 0x44, 0x44, 0x45, 
	0x44, 0x44, 0x45, 0x55, 0x56, 0x56, 0x65, 0x65, 
	0x55, 0x46, 0x35, 0x55, 0x56, 0x66, 0x55, 0x55, 
	0x55, 0x45, 0x54, 0x45, 0x55, 0x55, 0x43, 0x13, 
	0x56, 0x66, 0x66, 0x66, 0x65, 0x45, 0x44, 0x44, 
	0x45, 0x55, 0x55, 0x55, 0x55, 0x66, 0x66, 0x65, 
	0x21, 0x32, 0x55, 0x55, 0x55, 0x55, 0x56, 0x55, 
	0x56, 0x78, 0x86, 0x55, 0x65, 0x55, 0x21, 0x45, 
	0x66, 0x66, 0x66, 0x66, 0x65, 0x54, 0x45, 0x55, 
	0x55, 0x54, 0x45, 0x55, 0x46, 0x66, 0x66, 0x66, 
	0x63, 0x33, 0x55, 0x45, 0x44, 0x78, 0x96, 0x54, 
	0x56, 0x88, 0x87, 0x56, 0x56, 0x55, 0x41, 0x04, 
	0x66, 0x66, 0x66, 0x66, 0x66, 0x66, 0x44, 0x44, 
	0x55, 0x44, 0x44, 0x45, 0x55, 0x56, 0x66, 0x64, 
	0x56, 0x13, 0x55, 0x55, 0x45, 0x99, 0x98, 0x65, 
	0x56, 0x66, 0x65, 0x55, 0x66, 0x75, 0x44, 0x10, 
	0x56, 0x66, 0x66, 0x66, 0x65, 0x66, 0x65, 0x55, 
	0x65, 0x45, 0x55, 0x55, 0x45, 0x55, 0x65, 0x35, 
	0x72, 0x45, 0x55, 0x44, 0x66, 0x78, 0x87, 0x64, 
	0x54, 0x34, 0x33, 0x43, 0x56, 0x66, 0x55, 0x31, 
	0x12, 0x66, 0x66, 0x65, 0x66, 0x66, 0x66, 0x56, 
	0x55, 0x54, 0x55, 0x55, 0x55, 0x45, 0x44, 0x56, 
	0x03, 0x55, 0x55, 0x44, 0x44, 0x55, 0x45, 0x45, 
	0x42, 0x23, 0x22, 0x13, 0x55, 0x56, 0x65, 0x53, 
	0x11, 0x36, 0x66, 0x66, 0x56, 0x66, 0x56, 0x65, 
	0x65, 0x45, 0x45, 0x54, 0x55, 0x55, 0x55, 0x51, 
	0x45, 0x55, 0x54, 0x44, 0x32, 0x22, 0x22, 0x24, 
	0x42, 0x11, 0x11, 0x22, 0x55, 0x56, 0x57, 0x55, 
	0x31, 0x02, 0x36, 0x56, 0x65, 0x66, 0x66, 0x55, 
	0x55, 0x44, 0x54, 0x55, 0x44, 0x45, 0x61, 0x13, 
	0x55, 0x55, 0x54, 0x44, 0x41, 0x11, 0x11, 0x34, 
	0x44, 0x32, 0x23, 0x44, 0x46, 0x55, 0x56, 0x65, 
	0x52, 0x11, 0x13, 0x56, 0x44, 0x54, 0x65, 0x79, 
	0x86, 0x54, 0x44, 0x44, 0x55, 0x55, 0x11, 0x45, 
	0x55, 0x55, 0x54, 0x44, 0x43, 0x21, 0x13, 0x44, 
	0x54, 0x54, 0x55, 0x45, 0x65, 0x56, 0x66, 0x75, 
	0x65, 0x52, 0x11, 0x12, 0x56, 0x65, 0x55, 0x46, 
	0x54, 0x55, 0x45, 0x55, 0x53, 0x01, 0x34, 0x55, 
	0x55, 0x55, 0x55, 0x44, 0x44, 0x43, 0x44, 0x44, 
	0x55, 0x65, 0x56, 0x65, 0x65, 0x66, 0x66, 0x56, 
	0x65, 0x56, 0x43, 0x11, 0x11, 0x23, 0x25, 0x31, 
	0x13, 0x44, 0x56, 0x30, 0x13, 0x34, 0x45, 0x55, 
	0x65, 0x55, 0x55, 0x55, 0x44, 0x44, 0x45, 0x45, 
	0x45, 0x64, 0x56, 0x66, 0x66, 0x66, 0x56, 0x66, 
	0x66, 0x66, 0x55, 0x54, 0x21, 0x11, 0x10, 0x11, 
	0x11, 0x00, 0x12, 0x22, 0x33, 0x45, 0x45, 0x55, 
	0x56, 0x55, 0x65, 0x55, 0x55, 0x45, 0x65, 0x55, 
	0x56, 0x55, 0x56, 0x64, 0x66, 0x66, 0x55, 0x55, 
	0x66, 0x66, 0x56, 0x66, 0x54, 0x42, 0x23, 0x22, 
	0x23, 0x33, 0x43, 0x44, 0x44, 0x55, 0x65, 0x56, 
	0x65, 0x55, 0x54, 0x54, 0x44, 0x54, 0x55, 0x55, 
	0x55, 0x55, 0x45, 0x54, 0x54, 0x55, 0x66, 0x67, 
	0x55, 0x66, 0x67, 0x76, 0x55, 0x55, 0x55, 0x33, 
	0x43, 0x44, 0x44, 0x44, 0x55, 0x55, 0x55, 0x66, 
	0x65, 0x66, 0x55, 0x44, 0x44, 0x54, 0x45, 0x55, 
	0x55, 0x55, 0x45, 0x55, 0x55, 0x35, 0x46, 0x56, 
	0x66, 0x55, 0x66, 0x55, 0x66, 0x66, 0x44, 0x44, 
	0x44, 0x44, 0x45, 0x55, 0x55, 0x56, 0x66, 0x55, 
	0x65, 0x55, 0x54, 0x44, 0x55, 0x54, 0x55, 0x44, 
	0x44, 0x45, 0x55, 0x55, 0x45, 0x55, 0x54, 0x45, 
	0x66, 0x66, 0x66, 0x77, 0x77, 0x64, 0x54, 0x34, 
	0x44, 0x44, 0x54, 0x55, 0x55, 0x66, 0x54, 0x55, 
	0x65, 0x55, 0x54, 0x54, 0x44, 0x45, 0x44, 0x55, 
	0x44, 0x88, 0x75, 0x45, 0x64, 0x44, 0x55, 0x55, 
	0x38, 0x98, 0x75, 0x66, 0x55, 0x44, 0x43, 0x26, 
	0x75, 0x45, 0x45, 0x55, 0x45, 0x55, 0x88, 0x64, 
	0x55, 0x45, 0x64, 0x45, 0x54, 0x57, 0x76, 0x54, 
	0x56, 0x88, 0x86, 0x65, 0x35, 0x45, 0x45, 0x56, 
	0x69, 0x87, 0x64, 0x67, 0x55, 0x54, 0x34, 0x88, 
	0x76, 0x53, 0x45, 0x45, 0x55, 0x36, 0x89, 0x86, 
	0x35, 0x55, 0x66, 0x54, 0x47, 0x79, 0x75, 0x54, 
	0x47, 0x77, 0x74, 0x32, 0x44, 0x44, 0x64, 0x56, 
	0x88, 0x87, 0x64, 0x45, 0x54, 0x44, 0x37, 0x78, 
	0x86, 0x54, 0x34, 0x44, 0x45, 0x57, 0x89, 0x76, 
	0x44, 0x55, 0x45, 0x54, 0x46, 0x88, 0x86, 0x54, 
	0x43, 0x56, 0x43, 0x34, 0x44, 0x44, 0x44, 0x54, 
	0x65, 0x45, 0x32, 0x34, 0x44, 0x54, 0x25, 0x55, 
	0x43, 0x32, 0x44, 0x44, 0x54, 0x36, 0x64, 0x54, 
	0x34, 0x55, 0x55, 0x34, 0x34, 0x55, 0x44, 0x34, 
	0x33, 0x32, 0x22, 0x22, 0x44, 0x45, 0x54, 0x43, 
	0x33, 0x33, 0x32, 0x44, 0x53, 0x43, 0x32, 0x22, 
	0x23, 0x12, 0x44, 0x44, 0x44, 0x23, 0x44, 0x33, 
	0x24, 0x54, 0x55, 0x44, 0x32, 0x32, 0x22, 0x23, 
	0x32, 0x22, 0x22, 0x24, 0x44, 0x54, 0x43, 0x43, 
	0x22, 0x22, 0x24, 0x44, 0x64, 0x34, 0x22, 0x22, 
	0x22, 0x23, 0x44, 0x44, 0x44, 0x32, 0x22, 0x22, 
	0x34, 0x55, 0x54, 0x44, 0x32, 0x22, 0x22, 0x23, 
	0x44, 0x33, 0x33, 0x44, 0x55, 0x44, 0x45, 0x44, 
	0x32, 0x33, 0x44, 0x44, 0x44, 0x54, 0x43, 0x33, 
	0x33, 0x44, 0x44, 0x55, 0x55, 0x44, 0x33, 0x33, 
	0x44, 0x55, 0x55, 0x44, 0x53, 0x33, 0x33, 0x44, 
	
};

Gfx bob_dl_TAKEOFF_ALL_6__p00_i4_aligner[] = {gsSPEndDisplayList()};
u8 bob_dl_TAKEOFF_ALL_6__p00_i4[] = {
	0x22, 0x23, 0x22, 0x22, 0x22, 0x33, 0x33, 0x44, 
	0x34, 0x33, 0x43, 0x34, 0x47, 0x87, 0x93, 0x33, 
	0x57, 0x76, 0x55, 0x44, 0x44, 0x43, 0x33, 0x22, 
	0x22, 0x22, 0x33, 0x43, 0x33, 0x43, 0x33, 0x34, 
	0x22, 0x22, 0x22, 0x22, 0x22, 0x22, 0x33, 0x33, 
	0x23, 0x33, 0x43, 0x45, 0x56, 0x53, 0x52, 0x33, 
	0x58, 0x98, 0xa4, 0x43, 0x34, 0x33, 0x32, 0x22, 
	0x22, 0x22, 0x22, 0x22, 0x32, 0x22, 0x22, 0x33, 
	0x32, 0x22, 0x22, 0x22, 0x22, 0x22, 0x32, 0x32, 
	0x22, 0x33, 0x44, 0x55, 0x56, 0x33, 0x22, 0x33, 
	0x57, 0x77, 0x73, 0x33, 0x43, 0x32, 0x22, 0x22, 
	0x33, 0x22, 0x22, 0x22, 0x22, 0x33, 0x32, 0x22, 
	0x22, 0x22, 0x22, 0x33, 0x22, 0x22, 0x23, 0x23, 
	0x33, 0x34, 0x34, 0x55, 0x65, 0x32, 0x23, 0x33, 
	0x55, 0x56, 0x44, 0x44, 0x42, 0x32, 0x22, 0x22, 
	0x22, 0x22, 0x22, 0x22, 0x33, 0x33, 0x32, 0x22, 
	0x32, 0x32, 0x33, 0x33, 0x33, 0x32, 0x22, 0x22, 
	0x33, 0x34, 0x35, 0x56, 0x64, 0x42, 0x23, 0x33, 
	0x44, 0x54, 0x45, 0x45, 0x33, 0x22, 0x22, 0x23, 
	0x22, 0x22, 0x22, 0x22, 0x22, 0x22, 0x22, 0x22, 
	0x33, 0x23, 0x33, 0x33, 0x32, 0x22, 0x22, 0x22, 
	0x33, 0x44, 0x44, 0x66, 0x66, 0x55, 0x53, 0x32, 
	0x33, 0x44, 0x45, 0x54, 0x33, 0x32, 0x23, 0x33, 
	0x33, 0x32, 0x22, 0x22, 0x22, 0x22, 0x22, 0x22, 
	0x33, 0x33, 0x34, 0x43, 0x32, 0x22, 0x22, 0x23, 
	0x33, 0x44, 0x45, 0x66, 0x68, 0xa9, 0xa5, 0x32, 
	0x44, 0x55, 0x65, 0x43, 0x44, 0x33, 0x33, 0x34, 
	0x54, 0x33, 0x22, 0x22, 0x22, 0x23, 0x33, 0x43, 
	0x33, 0x33, 0x33, 0x43, 0x32, 0x22, 0x22, 0x22, 
	0x24, 0x34, 0x44, 0x55, 0x56, 0x77, 0x94, 0x32, 
	0x34, 0x54, 0x44, 0x44, 0x44, 0x32, 0x23, 0x45, 
	0x75, 0x43, 0x32, 0x22, 0x22, 0x33, 0x44, 0x33, 
	0x43, 0x23, 0x33, 0x44, 0x32, 0x22, 0x22, 0x22, 
	0x23, 0x44, 0x44, 0x55, 0x55, 0x46, 0x54, 0x32, 
	0x44, 0x55, 0x55, 0x34, 0x33, 0x23, 0x33, 0x47, 
	0x76, 0x54, 0x33, 0x22, 0x33, 0x45, 0x44, 0x33, 
	0x33, 0x33, 0x32, 0x33, 0x33, 0x22, 0x22, 0x22, 
	0x33, 0x34, 0x44, 0x54, 0x45, 0x55, 0x54, 0x43, 
	0x45, 0x77, 0x94, 0x44, 0x43, 0x43, 0x34, 0x58, 
	0x95, 0x55, 0x54, 0x83, 0x45, 0x77, 0x93, 0x34, 
	0x34, 0x33, 0x32, 0x33, 0x32, 0x32, 0x23, 0x23, 
	0x22, 0x23, 0x45, 0x44, 0x44, 0x45, 0x43, 0x33, 
	0x45, 0x65, 0x73, 0x44, 0x43, 0x32, 0x34, 0x55, 
	0x95, 0x54, 0x43, 0x73, 0x44, 0x44, 0x73, 0x33, 
	0x34, 0x33, 0x33, 0x43, 0x33, 0x22, 0x23, 0x32, 
	0x32, 0x33, 0x45, 0x54, 0x44, 0x66, 0x54, 0x33, 
	0x45, 0x34, 0x43, 0x43, 0x33, 0x32, 0x44, 0x36, 
	0x54, 0x53, 0x23, 0x33, 0x43, 0x24, 0x33, 0x43, 
	0x33, 0x33, 0x34, 0x44, 0x43, 0x22, 0x23, 0x23, 
	0x32, 0x34, 0x44, 0x44, 0x45, 0x87, 0xa4, 0x43, 
	0x44, 0x33, 0x34, 0x33, 0x32, 0x34, 0x44, 0x43, 
	0x46, 0x54, 0x22, 0x34, 0x43, 0x23, 0x34, 0x44, 
	0x32, 0x33, 0x43, 0x34, 0x43, 0x22, 0x22, 0x22, 
	0x23, 0x32, 0x34, 0x44, 0x34, 0x54, 0x73, 0x33, 
	0x44, 0x44, 0x33, 0x22, 0x33, 0x33, 0x34, 0x44, 
	0x55, 0x44, 0x33, 0x33, 0x33, 0x33, 0x34, 0x33, 
	0x33, 0x33, 0x33, 0x44, 0x44, 0x33, 0x22, 0x22, 
	0x32, 0x23, 0x43, 0x34, 0x44, 0x33, 0x33, 0x33, 
	0x33, 0x33, 0x32, 0x22, 0x33, 0x33, 0x23, 0x33, 
	0x33, 0x33, 0x22, 0x22, 0x22, 0x22, 0x22, 0x33, 
	0x33, 0x23, 0x34, 0x54, 0x45, 0x44, 0x22, 0x22, 
	0x23, 0x33, 0x43, 0x34, 0x54, 0x32, 0x34, 0x33, 
	0x44, 0x44, 0x44, 0x43, 0x44, 0x43, 0x44, 0x44, 
	0x44, 0x44, 0x43, 0x33, 0x33, 0x33, 0x23, 0x44, 
	0x23, 0x23, 0x44, 0x54, 0x44, 0x43, 0x32, 0x22, 
	0x23, 0x34, 0x34, 0x44, 0x33, 0x33, 0x44, 0x43, 
	0x44, 0x55, 0x44, 0x34, 0x45, 0x34, 0x33, 0x45, 
	0x45, 0x55, 0x44, 0x32, 0x34, 0x23, 0x34, 0x44, 
	0x33, 0x33, 0x44, 0x44, 0x44, 0x33, 0x32, 0x32, 
	0x33, 0x33, 0x44, 0x43, 0x44, 0x45, 0x55, 0x43, 
	0x46, 0x87, 0x93, 0x34, 0x75, 0x72, 0x24, 0x77, 
	0xa5, 0x56, 0x74, 0x84, 0x34, 0x43, 0x63, 0x35, 
	0x33, 0x34, 0x44, 0x44, 0x44, 0x33, 0x23, 0x23, 
	0x33, 0x33, 0x44, 0x34, 0x35, 0x87, 0xa5, 0x43, 
	0x55, 0x65, 0x83, 0x34, 0x44, 0x42, 0x22, 0x44, 
	0x74, 0x44, 0x54, 0x53, 0x33, 0x33, 0x43, 0x44, 
	0x34, 0x34, 0x34, 0x44, 0x44, 0x43, 0x32, 0x32, 
	0x33, 0x43, 0x33, 0x33, 0x34, 0x65, 0x84, 0x43, 
	0x55, 0x56, 0x53, 0x44, 0x23, 0x22, 0x22, 0x23, 
	0x32, 0x34, 0x33, 0x33, 0x32, 0x23, 0x33, 0x44, 
	0x43, 0x43, 0x34, 0x44, 0x44, 0x44, 0x32, 0x23, 
	0x33, 0x44, 0x33, 0x43, 0x34, 0x34, 0x43, 0x43, 
	0x56, 0x54, 0x45, 0x43, 0x32, 0x22, 0x22, 0x22, 
	0x23, 0x34, 0x33, 0x33, 0x33, 0x22, 0x24, 0x44, 
	0x44, 0x33, 0x44, 0x44, 0x44, 0x43, 0x33, 0x23, 
	0x44, 0x54, 0x44, 0x33, 0x44, 0x33, 0x44, 0x43, 
	0x45, 0x67, 0x55, 0x43, 0x33, 0x22, 0x22, 0x23, 
	0x33, 0x33, 0x44, 0x44, 0x33, 0x33, 0x33, 0x34, 
	0x43, 0x33, 0x34, 0x44, 0x33, 0x44, 0x42, 0x23, 
	0x34, 0x55, 0x44, 0x43, 0x44, 0x43, 0x33, 0x33, 
	0x45, 0x66, 0x55, 0x33, 0x33, 0x22, 0x22, 0x22, 
	0x33, 0x33, 0x34, 0x44, 0x33, 0x33, 0x33, 0x33, 
	0x23, 0x33, 0x34, 0x33, 0x34, 0x44, 0x33, 0x33, 
	0x34, 0x55, 0x44, 0x34, 0x54, 0x44, 0x43, 0x33, 
	0x45, 0x55, 0x44, 0x33, 0x33, 0x34, 0x22, 0x22, 
	0x22, 0x33, 0x34, 0x33, 0x33, 0x33, 0x33, 0x44, 
	0x22, 0x33, 0x33, 0x43, 0x34, 0x44, 0x44, 0x33, 
	0x33, 0x45, 0x55, 0x44, 0x45, 0x56, 0x54, 0x43, 
	0x45, 0x66, 0x74, 0x43, 0x23, 0x33, 0x33, 0x22, 
	0x23, 0x44, 0x43, 0x33, 0x33, 0x33, 0x33, 0x33, 
	0x23, 0x22, 0x33, 0x33, 0x43, 0x33, 0x54, 0x44, 
	0x44, 0x44, 0x45, 0x55, 0x47, 0x89, 0xa5, 0x33, 
	0x44, 0x43, 0x54, 0x43, 0x33, 0x33, 0x33, 0x32, 
	0x33, 0x43, 0x44, 0x43, 0x33, 0x33, 0x33, 0x33, 
	0x22, 0x23, 0x34, 0x34, 0x43, 0x44, 0x55, 0x54, 
	0x43, 0x34, 0x44, 0x54, 0x47, 0x87, 0x94, 0x33, 
	0x44, 0x33, 0x43, 0x33, 0x34, 0x34, 0x43, 0x33, 
	0x32, 0x33, 0x34, 0x44, 0x33, 0x32, 0x23, 0x44, 
	0x22, 0x22, 0x23, 0x34, 0x44, 0x55, 0x54, 0x44, 
	0x54, 0x44, 0x44, 0x44, 0x57, 0x57, 0x54, 0x44, 
	0x34, 0x33, 0x44, 0x33, 0x33, 0x34, 0x44, 0x33, 
	0x33, 0x33, 0x33, 0x44, 0x42, 0x22, 0x33, 0x33, 
	0x22, 0x23, 0x23, 0x34, 0x44, 0x55, 0x55, 0x44, 
	0x44, 0x43, 0x34, 0x45, 0x55, 0x55, 0x56, 0x43, 
	0x44, 0x44, 0x44, 0x33, 0x44, 0x44, 0x44, 0x44, 
	0x44, 0x33, 0x33, 0x43, 0x32, 0x22, 0x33, 0x33, 
	0x22, 0x22, 0x23, 0x34, 0x54, 0x55, 0x45, 0x44, 
	0x44, 0x43, 0x34, 0x44, 0x44, 0x56, 0x66, 0x65, 
	0x44, 0x54, 0x33, 0x34, 0x44, 0x54, 0x34, 0x44, 
	0x44, 0x43, 0x33, 0x33, 0x32, 0x22, 0x33, 0x23, 
	0x22, 0x23, 0x23, 0x45, 0x55, 0x55, 0x44, 0x44, 
	0x44, 0x43, 0x43, 0x33, 0x35, 0x79, 0x87, 0x65, 
	0x78, 0x66, 0x44, 0x44, 0x44, 0x44, 0x44, 0x33, 
	0x34, 0x44, 0x43, 0x33, 0x23, 0x22, 0x33, 0x34, 
	0x33, 0x32, 0x34, 0x56, 0x65, 0x55, 0x44, 0x43, 
	0x33, 0x34, 0x44, 0x44, 0x47, 0x98, 0xa8, 0x66, 
	0x67, 0x47, 0x34, 0x44, 0x44, 0x33, 0x54, 0x33, 
	0x34, 0x44, 0x33, 0x33, 0x43, 0x22, 0x33, 0x34, 
	0x33, 0x33, 0x34, 0x56, 0x65, 0x55, 0x54, 0x34, 
	0x34, 0x44, 0x34, 0x45, 0x45, 0x66, 0xa5, 0x66, 
	0x64, 0x44, 0x33, 0x44, 0x44, 0x34, 0x34, 0x43, 
	0x45, 0x44, 0x32, 0x33, 0x33, 0x33, 0x33, 0x34, 
	0x33, 0x34, 0x34, 0x55, 0x65, 0x55, 0x54, 0x43, 
	0x44, 0x44, 0x45, 0x55, 0x45, 0x34, 0x55, 0x86, 
	0x64, 0x32, 0x32, 0x45, 0x44, 0x34, 0x33, 0x34, 
	0x55, 0x44, 0x22, 0x33, 0x33, 0x33, 0x33, 0x34, 
	0x43, 0x44, 0x44, 0x56, 0x55, 0x55, 0x43, 0x32, 
	0x44, 0x44, 0x44, 0x56, 0x54, 0x43, 0x45, 0x76, 
	0x64, 0x32, 0x23, 0x45, 0x44, 0x32, 0x33, 0x44, 
	0x45, 0x44, 0x33, 0x33, 0x32, 0x33, 0x33, 0x44, 
	0x33, 0x34, 0x45, 0x55, 0x55, 0x55, 0x43, 0x23, 
	0x44, 0x34, 0x44, 0x45, 0x55, 0x55, 0x46, 0x55, 
	0x54, 0x22, 0x33, 0x45, 0x43, 0x22, 0x23, 0x34, 
	0x44, 0x54, 0x33, 0x33, 0x32, 0x23, 0x33, 0x34, 
	0x33, 0x34, 0x55, 0x55, 0x55, 0x54, 0x33, 0x33, 
	0x34, 0x33, 0x44, 0x45, 0x55, 0x55, 0x55, 0x54, 
	0x53, 0x22, 0x23, 0x45, 0x43, 0x22, 0x22, 0x33, 
	0x44, 0x44, 0x44, 0x43, 0x33, 0x22, 0x22, 0x44, 
	0x34, 0x35, 0x45, 0x55, 0x65, 0x44, 0x33, 0x34, 
	0x33, 0x43, 0x44, 0x44, 0x57, 0x67, 0x56, 0x53, 
	0x43, 0x33, 0x34, 0x55, 0x43, 0x22, 0x22, 0x23, 
	0x43, 0x43, 0x44, 0x44, 0x43, 0x22, 0x23, 0x33, 
	0x44, 0x34, 0x55, 0x56, 0x65, 0x43, 0x33, 0x33, 
	0x23, 0x34, 0x44, 0x45, 0x58, 0xa8, 0xa5, 0x53, 
	0x34, 0x45, 0x85, 0x55, 0x44, 0x32, 0x22, 0x23, 
	0x33, 0x33, 0x44, 0x44, 0x42, 0x22, 0x23, 0x33, 
	0x33, 0x35, 0x55, 0x56, 0x55, 0x43, 0x33, 0x33, 
	0x33, 0x34, 0x44, 0x35, 0x58, 0x88, 0x94, 0x43, 
	0x33, 0x44, 0x75, 0x55, 0x44, 0x32, 0x22, 0x22, 
	0x33, 0x34, 0x44, 0x44, 0x33, 0x22, 0x22, 0x22, 
	0x32, 0x34, 0x55, 0x55, 0x56, 0x44, 0x33, 0x33, 
	0x33, 0x43, 0x33, 0x44, 0x67, 0x67, 0x54, 0x42, 
	0x43, 0x24, 0x43, 0x44, 0x55, 0x43, 0x22, 0x23, 
	0x33, 0x34, 0x44, 0x43, 0x32, 0x22, 0x22, 0x22, 
	0x32, 0x34, 0x45, 0x55, 0x55, 0x43, 0x33, 0x23, 
	0x43, 0x32, 0x33, 0x45, 0x66, 0x65, 0x55, 0x53, 
	0x43, 0x22, 0x34, 0x45, 0x44, 0x43, 0x33, 0x33, 
	0x32, 0x33, 0x45, 0x44, 0x32, 0x22, 0x22, 0x22, 
	0x32, 0x34, 0x44, 0x55, 0x54, 0x43, 0x33, 0x33, 
	0x32, 0x22, 0x23, 0x44, 0x55, 0x55, 0x54, 0x43, 
	0x34, 0x44, 0x44, 0x44, 0x45, 0x33, 0x33, 0x44, 
	0x32, 0x33, 0x44, 0x43, 0x22, 0x22, 0x22, 0x22, 
	0x33, 0x45, 0x45, 0x55, 0x56, 0x44, 0x33, 0x44, 
	0x42, 0x22, 0x47, 0x56, 0x45, 0x67, 0x65, 0x43, 
	0x44, 0x44, 0x33, 0x44, 0x44, 0x43, 0x34, 0x43, 
	0x33, 0x33, 0x34, 0x43, 0x22, 0x22, 0x22, 0x22, 
	0x45, 0x55, 0x94, 0x47, 0x77, 0x94, 0x35, 0x65, 
	0x93, 0x24, 0x77, 0xa5, 0x47, 0x99, 0xa5, 0x43, 
	0x55, 0x54, 0x33, 0x33, 0x33, 0x44, 0x44, 0x44, 
	0x33, 0x23, 0x34, 0x32, 0x22, 0x22, 0x22, 0x22, 
	0x34, 0x34, 0x73, 0x44, 0x65, 0x83, 0x34, 0x55, 
	0x72, 0x23, 0x44, 0x75, 0x46, 0x77, 0x84, 0x43, 
	0x57, 0x87, 0x93, 0x33, 0x24, 0x45, 0x54, 0x43, 
	0x33, 0x33, 0x34, 0x22, 0x22, 0x22, 0x22, 0x23, 
	0x32, 0x33, 0x33, 0x44, 0x34, 0x54, 0x44, 0x34, 
	0x43, 0x23, 0x34, 0x44, 0x55, 0x45, 0x44, 0x33, 
	0x55, 0x64, 0x42, 0x22, 0x23, 0x55, 0x44, 0x33, 
	0x33, 0x33, 0x33, 0x22, 0x22, 0x22, 0x22, 0x33, 
	0x33, 0x22, 0x23, 0x34, 0x43, 0x44, 0x45, 0x43, 
	0x34, 0x33, 0x32, 0x55, 0x54, 0x43, 0x34, 0x43, 
	0x44, 0x34, 0x32, 0x22, 0x23, 0x44, 0x43, 0x33, 
	0x33, 0x33, 0x32, 0x22, 0x22, 0x22, 0x22, 0x23, 
	0x33, 0x33, 0x32, 0x34, 0x44, 0x44, 0x55, 0x55, 
	0x43, 0x33, 0x45, 0x55, 0x54, 0x43, 0x34, 0x53, 
	0x44, 0x43, 0x32, 0x22, 0x23, 0x43, 0x33, 0x33, 
	0x32, 0x32, 0x22, 0x22, 0x23, 0x22, 0x32, 0x23, 
	0x22, 0x22, 0x22, 0x22, 0x23, 0x23, 0x43, 0x33, 
	0x22, 0x22, 0x33, 0x33, 0x33, 0x22, 0x23, 0x44, 
	0x54, 0x45, 0x33, 0x23, 0x33, 0x33, 0x32, 0x33, 
	0x33, 0x22, 0x22, 0x22, 0x23, 0x33, 0x33, 0x34, 
	0x23, 0x33, 0x33, 0x33, 0x33, 0x34, 0x45, 0x54, 
	0x44, 0x44, 0x45, 0x54, 0x43, 0x33, 0x34, 0x54, 
	0x55, 0x44, 0x53, 0x43, 0x33, 0x32, 0x22, 0x33, 
	0x32, 0x22, 0x22, 0x22, 0x22, 0x24, 0x34, 0x34, 
	0x33, 0x24, 0x23, 0x33, 0x32, 0x34, 0x45, 0x55, 
	0x44, 0x44, 0x55, 0x44, 0x43, 0x33, 0x33, 0x53, 
	0x45, 0x55, 0x54, 0x44, 0x43, 0x32, 0x22, 0x33, 
	0x32, 0x22, 0x22, 0x22, 0x22, 0x34, 0x33, 0x44, 
	0x34, 0x44, 0x63, 0x34, 0x44, 0x74, 0x46, 0x86, 
	0x94, 0x45, 0x87, 0x94, 0x35, 0x45, 0x63, 0x33, 
	0x45, 0x75, 0x84, 0x43, 0x33, 0x32, 0x23, 0x33, 
	0x33, 0x22, 0x22, 0x22, 0x23, 0x32, 0x34, 0x34, 
	0x23, 0x33, 0x43, 0x32, 0x32, 0x53, 0x44, 0x54, 
	0x73, 0x44, 0x54, 0x63, 0x34, 0x53, 0x53, 0x33, 
	0x45, 0x54, 0x53, 0x44, 0x44, 0x32, 0x22, 0x33, 
	0x33, 0x22, 0x22, 0x22, 0x33, 0x22, 0x23, 0x33, 
	0x22, 0x34, 0x33, 0x33, 0x23, 0x33, 0x42, 0x34, 
	0x33, 0x54, 0x34, 0x33, 0x33, 0x23, 0x33, 0x33, 
	0x44, 0x34, 0x43, 0x44, 0x54, 0x32, 0x32, 0x33, 
	0x43, 0x32, 0x22, 0x22, 0x33, 0x33, 0x22, 0x23, 
	0x32, 0x22, 0x24, 0x33, 0x23, 0x34, 0x33, 0x22, 
	0x34, 0x54, 0x32, 0x33, 0x34, 0x23, 0x33, 0x32, 
	0x44, 0x33, 0x33, 0x55, 0x54, 0x43, 0x33, 0x33, 
	0x44, 0x32, 0x22, 0x22, 0x33, 0x32, 0x22, 0x22, 
	0x23, 0x33, 0x33, 0x33, 0x33, 0x43, 0x33, 0x34, 
	0x44, 0x44, 0x44, 0x43, 0x43, 0x33, 0x43, 0x32, 
	0x23, 0x43, 0x44, 0x45, 0x44, 0x44, 0x33, 0x33, 
	0x33, 0x32, 0x22, 0x22, 0x33, 0x32, 0x22, 0x22, 
	0x22, 0x23, 0x43, 0x32, 0x23, 0x33, 0x33, 0x44, 
	0x34, 0x44, 0x44, 0x44, 0x44, 0x44, 0x54, 0x32, 
	0x32, 0x33, 0x34, 0x45, 0x45, 0x44, 0x43, 0x32, 
	0x32, 0x33, 0x22, 0x23, 0x33, 0x33, 0x22, 0x22, 
	0x23, 0x23, 0x33, 0x22, 0x32, 0x22, 0x33, 0x33, 
	0x44, 0x33, 0x34, 0x44, 0x44, 0x56, 0x54, 0x42, 
	0x34, 0x34, 0x24, 0x44, 0x54, 0x55, 0x43, 0x33, 
	0x22, 0x22, 0x22, 0x23, 0x44, 0x32, 0x22, 0x22, 
	0x22, 0x23, 0x32, 0x23, 0x22, 0x33, 0x33, 0x34, 
	0x43, 0x32, 0x33, 0x34, 0x45, 0x99, 0xa5, 0x42, 
	0x34, 0x65, 0x83, 0x34, 0x44, 0x44, 0x55, 0x43, 
	0x22, 0x22, 0x22, 0x23, 0x43, 0x43, 0x22, 0x22, 
	0x22, 0x23, 0x32, 0x33, 0x23, 0x23, 0x34, 0x44, 
	0x43, 0x32, 0x23, 0x44, 0x45, 0x76, 0x83, 0x42, 
	0x34, 0x43, 0x52, 0x34, 0x33, 0x34, 0x44, 0x54, 
	0x32, 0x22, 0x22, 0x23, 0x34, 0x33, 0x32, 0x22, 
	0x22, 0x23, 0x33, 0x33, 0x22, 0x33, 0x33, 0x44, 
	0x44, 0x33, 0x22, 0x34, 0x45, 0x45, 0x43, 0x32, 
	0x43, 0x23, 0x32, 0x44, 0x33, 0x33, 0x34, 0x44, 
	0x32, 0x22, 0x23, 0x33, 0x33, 0x43, 0x32, 0x22, 
	0x22, 0x23, 0x33, 0x33, 0x33, 0x23, 0x33, 0x44, 
	0x43, 0x32, 0x23, 0x33, 0x45, 0x44, 0x34, 0x42, 
	0x43, 0x22, 0x24, 0x44, 0x43, 0x32, 0x23, 0x34, 
	0x43, 0x32, 0x33, 0x33, 0x33, 0x43, 0x32, 0x22, 
	0x33, 0x33, 0x33, 0x34, 0x44, 0x33, 0x33, 0x34, 
	0x43, 0x43, 0x33, 0x33, 0x44, 0x55, 0x54, 0x42, 
	0x34, 0x33, 0x45, 0x54, 0x34, 0x33, 0x33, 0x44, 
	0x44, 0x33, 0x44, 0x34, 0x34, 0x44, 0x33, 0x23, 
	
};

Gfx bob_dl_Wood_2093_32x32_ci8_aligner[] = {gsSPEndDisplayList()};
u8 bob_dl_Wood_2093_32x32_ci8[] = {
	0x00, 0x01, 0x02, 0x03, 0x00, 0x03, 0x02, 0x03, 
	0x04, 0x00, 0x01, 0x02, 0x05, 0x05, 0x06, 0x02, 
	0x07, 0x08, 0x08, 0x08, 0x09, 0x0a, 0x0a, 0x0a, 
	0x0a, 0x0b, 0x0c, 0x0c, 0x0d, 0x0d, 0x0e, 0x0f, 
	0x06, 0x06, 0x03, 0x06, 0x10, 0x06, 0x11, 0x07, 
	0x07, 0x07, 0x07, 0x12, 0x12, 0x12, 0x12, 0x07, 
	0x02, 0x03, 0x13, 0x08, 0x12, 0x09, 0x11, 0x14, 
	0x09, 0x15, 0x16, 0x0a, 0x14, 0x0a, 0x17, 0x18, 
	0x08, 0x06, 0x03, 0x06, 0x06, 0x10, 0x07, 0x06, 
	0x12, 0x12, 0x06, 0x06, 0x07, 0x13, 0x07, 0x08, 
	0x13, 0x12, 0x12, 0x12, 0x09, 0x08, 0x15, 0x05, 
	0x14, 0x16, 0x0a, 0x0a, 0x0a, 0x19, 0x0c, 0x0c, 
	0x06, 0x1a, 0x03, 0x03, 0x10, 0x13, 0x06, 0x10, 
	0x06, 0x06, 0x12, 0x1b, 0x07, 0x07, 0x11, 0x08, 
	0x12, 0x03, 0x11, 0x12, 0x09, 0x11, 0x1c, 0x15, 
	0x15, 0x14, 0x05, 0x05, 0x15, 0x1d, 0x0c, 0x0a, 
	0x06, 0x06, 0x06, 0x03, 0x07, 0x07, 0x07, 0x11, 
	0x12, 0x06, 0x07, 0x11, 0x07, 0x07, 0x12, 0x1e, 
	0x03, 0x06, 0x11, 0x09, 0x13, 0x13, 0x1c, 0x19, 
	0x15, 0x09, 0x14, 0x0a, 0x15, 0x14, 0x0a, 0x1f, 
	0x11, 0x06, 0x06, 0x11, 0x03, 0x06, 0x03, 0x03, 
	0x10, 0x07, 0x11, 0x06, 0x13, 0x08, 0x12, 0x12, 
	0x11, 0x11, 0x08, 0x15, 0x09, 0x06, 0x05, 0x15, 
	0x11, 0x14, 0x0a, 0x0a, 0x1d, 0x20, 0x1d, 0x21, 
	0x05, 0x06, 0x06, 0x06, 0x06, 0x07, 0x12, 0x07, 
	0x12, 0x12, 0x12, 0x07, 0x07, 0x11, 0x07, 0x07, 
	0x11, 0x06, 0x12, 0x12, 0x11, 0x15, 0x09, 0x1c, 
	0x12, 0x14, 0x09, 0x1d, 0x1d, 0x0a, 0x1d, 0x1d, 
	0x1b, 0x1c, 0x1c, 0x09, 0x12, 0x07, 0x11, 0x12, 
	0x1b, 0x12, 0x12, 0x12, 0x12, 0x06, 0x12, 0x13, 
	0x12, 0x1b, 0x1b, 0x1c, 0x1c, 0x08, 0x11, 0x13, 
	0x22, 0x05, 0x14, 0x19, 0x1d, 0x1d, 0x0a, 0x1d, 
	0x11, 0x08, 0x06, 0x09, 0x07, 0x07, 0x06, 0x10, 
	0x10, 0x12, 0x12, 0x12, 0x07, 0x11, 0x1c, 0x13, 
	0x11, 0x06, 0x09, 0x06, 0x09, 0x11, 0x12, 0x12, 
	0x15, 0x08, 0x0a, 0x0a, 0x09, 0x0a, 0x0a, 0x23, 
	0x11, 0x11, 0x12, 0x08, 0x11, 0x12, 0x12, 0x12, 
	0x09, 0x12, 0x07, 0x08, 0x12, 0x08, 0x09, 0x1c, 
	0x12, 0x08, 0x07, 0x08, 0x08, 0x12, 0x06, 0x15, 
	0x09, 0x1d, 0x14, 0x15, 0x0a, 0x0a, 0x14, 0x0a, 
	0x11, 0x09, 0x06, 0x11, 0x06, 0x07, 0x07, 0x12, 
	0x12, 0x06, 0x12, 0x09, 0x07, 0x07, 0x11, 0x07, 
	0x07, 0x12, 0x12, 0x07, 0x12, 0x12, 0x15, 0x15, 
	0x1c, 0x19, 0x15, 0x05, 0x14, 0x0a, 0x24, 0x0a, 
	0x06, 0x08, 0x08, 0x06, 0x07, 0x06, 0x12, 0x06, 
	0x07, 0x12, 0x10, 0x06, 0x12, 0x07, 0x11, 0x08, 
	0x09, 0x09, 0x11, 0x07, 0x09, 0x15, 0x08, 0x15, 
	0x15, 0x15, 0x19, 0x09, 0x20, 0x14, 0x0a, 0x23, 
	0x11, 0x11, 0x12, 0x11, 0x10, 0x07, 0x06, 0x07, 
	0x07, 0x07, 0x12, 0x1c, 0x25, 0x25, 0x25, 0x12, 
	0x07, 0x09, 0x12, 0x11, 0x12, 0x06, 0x15, 0x19, 
	0x19, 0x19, 0x09, 0x1d, 0x1d, 0x26, 0x16, 0x0b, 
	0x06, 0x06, 0x07, 0x07, 0x07, 0x11, 0x07, 0x07, 
	0x12, 0x12, 0x11, 0x12, 0x27, 0x12, 0x07, 0x08, 
	0x12, 0x11, 0x07, 0x07, 0x08, 0x11, 0x12, 0x19, 
	0x1c, 0x14, 0x08, 0x1d, 0x1d, 0x15, 0x05, 0x1f, 
	0x06, 0x11, 0x12, 0x12, 0x11, 0x10, 0x10, 0x12, 
	0x12, 0x07, 0x12, 0x27, 0x1c, 0x12, 0x27, 0x28, 
	0x1c, 0x1c, 0x12, 0x1c, 0x12, 0x15, 0x12, 0x12, 
	0x09, 0x0a, 0x0a, 0x14, 0x14, 0x15, 0x0a, 0x0a, 
	0x07, 0x06, 0x03, 0x06, 0x07, 0x06, 0x07, 0x12, 
	0x12, 0x12, 0x08, 0x06, 0x06, 0x06, 0x08, 0x07, 
	0x12, 0x12, 0x07, 0x12, 0x15, 0x15, 0x09, 0x19, 
	0x0a, 0x0a, 0x14, 0x14, 0x05, 0x29, 0x05, 0x14, 
	0x10, 0x08, 0x11, 0x07, 0x10, 0x10, 0x13, 0x07, 
	0x10, 0x12, 0x06, 0x10, 0x07, 0x12, 0x11, 0x06, 
	0x13, 0x07, 0x11, 0x12, 0x08, 0x08, 0x12, 0x15, 
	0x08, 0x15, 0x1d, 0x0a, 0x0a, 0x09, 0x0a, 0x0c, 
	0x07, 0x08, 0x07, 0x06, 0x13, 0x07, 0x11, 0x07, 
	0x12, 0x07, 0x1b, 0x12, 0x07, 0x08, 0x08, 0x09, 
	0x12, 0x08, 0x15, 0x1c, 0x15, 0x15, 0x19, 0x14, 
	0x09, 0x0a, 0x0a, 0x0a, 0x19, 0x0a, 0x14, 0x2a, 
	0x02, 0x06, 0x06, 0x06, 0x03, 0x08, 0x07, 0x07, 
	0x12, 0x08, 0x10, 0x08, 0x07, 0x07, 0x09, 0x13, 
	0x07, 0x08, 0x08, 0x1c, 0x06, 0x13, 0x14, 0x09, 
	0x14, 0x14, 0x1d, 0x1d, 0x0a, 0x16, 0x0a, 0x0b, 
	0x08, 0x08, 0x06, 0x11, 0x09, 0x1b, 0x12, 0x12, 
	0x1c, 0x1b, 0x25, 0x12, 0x12, 0x09, 0x07, 0x12, 
	0x07, 0x12, 0x07, 0x09, 0x12, 0x0a, 0x0a, 0x0a, 
	0x0a, 0x15, 0x0c, 0x0a, 0x16, 0x16, 0x0c, 0x21, 
	0x06, 0x06, 0x13, 0x11, 0x06, 0x06, 0x08, 0x10, 
	0x13, 0x08, 0x11, 0x12, 0x12, 0x08, 0x09, 0x11, 
	0x1c, 0x11, 0x12, 0x15, 0x15, 0x11, 0x08, 0x15, 
	0x0a, 0x23, 0x1d, 0x1d, 0x1d, 0x0a, 0x0a, 0x2b, 
	0x07, 0x06, 0x11, 0x11, 0x07, 0x12, 0x11, 0x12, 
	0x1b, 0x11, 0x12, 0x11, 0x1b, 0x1c, 0x25, 0x1c, 
	0x1c, 0x12, 0x11, 0x09, 0x08, 0x19, 0x1d, 0x0a, 
	0x0a, 0x1d, 0x1d, 0x2c, 0x1d, 0x0a, 0x1d, 0x18, 
	0x03, 0x08, 0x06, 0x15, 0x03, 0x07, 0x12, 0x11, 
	0x08, 0x07, 0x11, 0x11, 0x09, 0x08, 0x12, 0x1c, 
	0x11, 0x11, 0x15, 0x12, 0x13, 0x14, 0x0a, 0x0a, 
	0x20, 0x23, 0x0a, 0x0c, 0x2d, 0x14, 0x0c, 0x18, 
	0x06, 0x03, 0x03, 0x06, 0x06, 0x11, 0x08, 0x07, 
	0x1b, 0x11, 0x12, 0x06, 0x1c, 0x09, 0x12, 0x12, 
	0x12, 0x13, 0x12, 0x2e, 0x20, 0x0a, 0x19, 0x1d, 
	0x2f, 0x0c, 0x19, 0x1d, 0x1d, 0x1d, 0x21, 0x21, 
	0x13, 0x06, 0x06, 0x13, 0x07, 0x11, 0x06, 0x06, 
	0x12, 0x12, 0x1c, 0x1c, 0x09, 0x1b, 0x06, 0x07, 
	0x11, 0x11, 0x12, 0x19, 0x09, 0x05, 0x14, 0x14, 
	0x0b, 0x0b, 0x0c, 0x1d, 0x0c, 0x2a, 0x0e, 0x30, 
	0x13, 0x06, 0x13, 0x03, 0x06, 0x03, 0x10, 0x13, 
	0x13, 0x1e, 0x08, 0x12, 0x11, 0x12, 0x08, 0x08, 
	0x12, 0x09, 0x19, 0x15, 0x14, 0x08, 0x05, 0x0a, 
	0x1d, 0x0a, 0x1d, 0x1d, 0x1d, 0x0c, 0x0c, 0x31, 
	0x08, 0x06, 0x06, 0x11, 0x11, 0x07, 0x12, 0x12, 
	0x09, 0x1c, 0x08, 0x06, 0x12, 0x19, 0x12, 0x07, 
	0x15, 0x20, 0x08, 0x11, 0x15, 0x19, 0x19, 0x1d, 
	0x1d, 0x0c, 0x1d, 0x1d, 0x0c, 0x0b, 0x0c, 0x32, 
	0x06, 0x11, 0x06, 0x06, 0x08, 0x11, 0x11, 0x08, 
	0x12, 0x09, 0x1b, 0x12, 0x12, 0x12, 0x1c, 0x1c, 
	0x19, 0x09, 0x09, 0x09, 0x15, 0x15, 0x09, 0x16, 
	0x0a, 0x0c, 0x17, 0x1d, 0x21, 0x0c, 0x0e, 0x30, 
	0x06, 0x03, 0x1e, 0x07, 0x12, 0x09, 0x09, 0x12, 
	0x09, 0x12, 0x12, 0x1c, 0x20, 0x09, 0x09, 0x1c, 
	0x1c, 0x09, 0x19, 0x20, 0x1c, 0x20, 0x1d, 0x1d, 
	0x1d, 0x1d, 0x2a, 0x2a, 0x0d, 0x0c, 0x21, 0x32, 
	0x01, 0x06, 0x06, 0x06, 0x08, 0x13, 0x06, 0x12, 
	0x07, 0x12, 0x11, 0x11, 0x1c, 0x09, 0x08, 0x12, 
	0x11, 0x15, 0x11, 0x09, 0x20, 0x0a, 0x20, 0x1d, 
	0x23, 0x0c, 0x0c, 0x0c, 0x17, 0x0c, 0x0e, 0x30, 
	0x03, 0x06, 0x06, 0x06, 0x03, 0x13, 0x11, 0x09, 
	0x09, 0x20, 0x12, 0x09, 0x06, 0x11, 0x12, 0x1c, 
	0x1c, 0x20, 0x09, 0x15, 0x0a, 0x09, 0x23, 0x0b, 
	0x29, 0x0c, 0x0c, 0x17, 0x2b, 0x0c, 0x2b, 0x32, 
	0x03, 0x03, 0x03, 0x03, 0x03, 0x06, 0x08, 0x12, 
	0x07, 0x11, 0x11, 0x08, 0x11, 0x08, 0x1c, 0x1c, 
	0x09, 0x09, 0x08, 0x14, 0x0a, 0x0a, 0x15, 0x0a, 
	0x0c, 0x0e, 0x0e, 0x0e, 0x0e, 0x33, 0x0e, 0x30, 
	
};

Gfx bob_dl_Wood_2093_32x32_pal_rgba16_aligner[] = {gsSPEndDisplayList()};
u8 bob_dl_Wood_2093_32x32_pal_rgba16[] = {
	0x8b, 0x4f, 0x8b, 0x0d, 0x93, 0x51, 0x93, 0x4f, 
	0x83, 0x0d, 0x9b, 0x93, 0x9b, 0x91, 0xa3, 0x91, 
	0xa3, 0x93, 0xac, 0x15, 0xac, 0x17, 0xa3, 0xd7, 
	0xac, 0x19, 0xa3, 0xd9, 0xa4, 0x19, 0x9b, 0xd9, 
	0x9b, 0x4f, 0xa3, 0xd3, 0xab, 0xd3, 0x9b, 0x51, 
	0xa3, 0xd5, 0xab, 0xd5, 0xab, 0xd7, 0xac, 0x59, 
	0xb4, 0x9b, 0xb4, 0x17, 0x93, 0x91, 0xac, 0x13, 
	0xb4, 0x15, 0xb4, 0x59, 0x93, 0x0f, 0x9b, 0x95, 
	0xb4, 0x57, 0xb4, 0x5b, 0x8b, 0x0f, 0xb4, 0x19, 
	0x93, 0x53, 0xb4, 0x55, 0xbc, 0x59, 0xb4, 0x13, 
	0xbc, 0x55, 0xa3, 0x95, 0xa4, 0x17, 0xac, 0x5b, 
	0xb4, 0x99, 0x9b, 0xd5, 0xbc, 0x57, 0xbc, 0x99, 
	0xac, 0x5d, 0xb4, 0x5d, 0xb4, 0x9d, 0xa4, 0x1b, 
	
};

Gfx bob_dl_kusa_64x64_i4_aligner[] = {gsSPEndDisplayList()};
u8 bob_dl_kusa_64x64_i4[] = {
	0x55, 0x55, 0x55, 0x55, 0x44, 0x55, 0x55, 0x55, 
	0x55, 0x55, 0x55, 0x55, 0x54, 0x54, 0x55, 0x55, 
	0x56, 0x65, 0x55, 0x55, 0x56, 0x55, 0x55, 0x65, 
	0x55, 0x55, 0x55, 0x55, 0x55, 0x55, 0x55, 0x55, 
	0x55, 0x55, 0x55, 0x54, 0x55, 0x55, 0x65, 0x55, 
	0x55, 0x55, 0x55, 0x55, 0x45, 0x55, 0x55, 0x55, 
	0x65, 0x55, 0x55, 0x55, 0x55, 0x55, 0x55, 0x55, 
	0x55, 0x55, 0x55, 0x55, 0x55, 0x55, 0x45, 0x45, 
	0x55, 0x55, 0x55, 0x55, 0x55, 0x55, 0x55, 0x55, 
	0x66, 0x55, 0x55, 0x55, 0x55, 0x55, 0x55, 0x55, 
	0x55, 0x55, 0x55, 0x55, 0x55, 0x55, 0x55, 0x55, 
	0x55, 0x55, 0x55, 0x55, 0x55, 0x55, 0x55, 0x55, 
	0x55, 0x55, 0x55, 0x45, 0x55, 0x55, 0x55, 0x55, 
	0x55, 0x55, 0x55, 0x54, 0x55, 0x55, 0x55, 0x65, 
	0x55, 0x55, 0x55, 0x55, 0x55, 0x55, 0x55, 0x55, 
	0x55, 0x55, 0x55, 0x55, 0x55, 0x55, 0x55, 0x55, 
	0x55, 0x55, 0x55, 0x55, 0x55, 0x55, 0x55, 0x55, 
	0x56, 0x55, 0x54, 0x55, 0x55, 0x55, 0x55, 0x55, 
	0x55, 0x55, 0x55, 0x56, 0x55, 0x55, 0x55, 0x55, 
	0x55, 0x55, 0x56, 0x55, 0x55, 0x55, 0x55, 0x55, 
	0x55, 0x55, 0x55, 0x55, 0x55, 0x55, 0x55, 0x55, 
	0x55, 0x55, 0x45, 0x55, 0x55, 0x55, 0x55, 0x55, 
	0x66, 0x65, 0x55, 0x55, 0x55, 0x55, 0x55, 0x55, 
	0x55, 0x55, 0x55, 0x65, 0x55, 0x55, 0x55, 0x55, 
	0x55, 0x55, 0x55, 0x55, 0x55, 0x55, 0x55, 0x55, 
	0x55, 0x55, 0x55, 0x55, 0x55, 0x55, 0x55, 0x55, 
	0x55, 0x55, 0x66, 0x55, 0x55, 0x55, 0x55, 0x55, 
	0x55, 0x55, 0x55, 0x55, 0x55, 0x55, 0x45, 0x55, 
	0x56, 0x55, 0x55, 0x55, 0x55, 0x55, 0x55, 0x55, 
	0x55, 0x55, 0x56, 0x55, 0x55, 0x55, 0x55, 0x55, 
	0x55, 0x65, 0x55, 0x56, 0x55, 0x55, 0x55, 0x55, 
	0x55, 0x56, 0x55, 0x55, 0x55, 0x55, 0x55, 0x55, 
	0x55, 0x55, 0x55, 0x55, 0x55, 0x55, 0x55, 0x65, 
	0x55, 0x56, 0x55, 0x55, 0x55, 0x55, 0x55, 0x55, 
	0x55, 0x55, 0x55, 0x56, 0x55, 0x55, 0x55, 0x55, 
	0x55, 0x55, 0x55, 0x55, 0x55, 0x55, 0x65, 0x55, 
	0x55, 0x55, 0x55, 0x55, 0x55, 0x55, 0x55, 0x55, 
	0x55, 0x55, 0x55, 0x55, 0x55, 0x55, 0x55, 0x55, 
	0x55, 0x55, 0x55, 0x55, 0x55, 0x55, 0x55, 0x55, 
	0x55, 0x55, 0x55, 0x55, 0x55, 0x55, 0x55, 0x55, 
	0x55, 0x55, 0x65, 0x55, 0x55, 0x55, 0x55, 0x54, 
	0x55, 0x55, 0x55, 0x55, 0x55, 0x45, 0x55, 0x55, 
	0x55, 0x55, 0x65, 0x55, 0x55, 0x55, 0x56, 0x55, 
	0x55, 0x55, 0x55, 0x55, 0x56, 0x55, 0x55, 0x55, 
	0x55, 0x55, 0x65, 0x55, 0x55, 0x56, 0x55, 0x54, 
	0x55, 0x55, 0x55, 0x55, 0x55, 0x55, 0x55, 0x54, 
	0x55, 0x55, 0x56, 0x55, 0x55, 0x56, 0x66, 0x66, 
	0x55, 0x56, 0x65, 0x55, 0x55, 0x55, 0x65, 0x55, 
	0x55, 0x55, 0x55, 0x56, 0x55, 0x56, 0x55, 0x55, 
	0x55, 0x55, 0x55, 0x55, 0x65, 0x56, 0x55, 0x55, 
	0x55, 0x55, 0x55, 0x55, 0x55, 0x56, 0x55, 0x56, 
	0x55, 0x56, 0x56, 0x55, 0x55, 0x55, 0x55, 0x65, 
	0x55, 0x55, 0x55, 0x55, 0x55, 0x55, 0x55, 0x55, 
	0x55, 0x55, 0x55, 0x55, 0x55, 0x55, 0x55, 0x55, 
	0x55, 0x55, 0x55, 0x55, 0x55, 0x65, 0x55, 0x55, 
	0x55, 0x55, 0x55, 0x55, 0x55, 0x55, 0x55, 0x55, 
	0x55, 0x55, 0x55, 0x55, 0x55, 0x55, 0x55, 0x55, 
	0x55, 0x55, 0x55, 0x55, 0x55, 0x55, 0x55, 0x55, 
	0x55, 0x55, 0x55, 0x56, 0x55, 0x55, 0x55, 0x55, 
	0x56, 0x55, 0x55, 0x56, 0x55, 0x55, 0x55, 0x55, 
	0x55, 0x55, 0x55, 0x55, 0x55, 0x55, 0x55, 0x55, 
	0x55, 0x55, 0x55, 0x55, 0x55, 0x55, 0x55, 0x55, 
	0x55, 0x55, 0x55, 0x55, 0x54, 0x55, 0x55, 0x54, 
	0x55, 0x55, 0x54, 0x55, 0x55, 0x55, 0x55, 0x55, 
	0x55, 0x55, 0x55, 0x55, 0x55, 0x55, 0x55, 0x54, 
	0x55, 0x55, 0x55, 0x55, 0x55, 0x55, 0x55, 0x55, 
	0x55, 0x45, 0x55, 0x55, 0x55, 0x55, 0x55, 0x55, 
	0x55, 0x55, 0x55, 0x55, 0x55, 0x55, 0x56, 0x55, 
	0x65, 0x55, 0x55, 0x55, 0x55, 0x56, 0x55, 0x55, 
	0x54, 0x55, 0x55, 0x55, 0x55, 0x55, 0x45, 0x55, 
	0x55, 0x55, 0x55, 0x55, 0x54, 0x45, 0x55, 0x45, 
	0x55, 0x55, 0x55, 0x55, 0x55, 0x56, 0x56, 0x55, 
	0x55, 0x55, 0x55, 0x55, 0x55, 0x56, 0x55, 0x55, 
	0x55, 0x55, 0x55, 0x55, 0x55, 0x55, 0x55, 0x45, 
	0x54, 0x55, 0x55, 0x54, 0x55, 0x55, 0x55, 0x55, 
	0x55, 0x55, 0x55, 0x55, 0x55, 0x45, 0x55, 0x55, 
	0x55, 0x55, 0x55, 0x55, 0x55, 0x55, 0x55, 0x55, 
	0x55, 0x55, 0x55, 0x55, 0x55, 0x55, 0x55, 0x55, 
	0x55, 0x55, 0x55, 0x55, 0x55, 0x64, 0x55, 0x55, 
	0x55, 0x55, 0x55, 0x56, 0x55, 0x55, 0x55, 0x55, 
	0x55, 0x54, 0x55, 0x55, 0x55, 0x55, 0x65, 0x55, 
	0x55, 0x55, 0x55, 0x55, 0x56, 0x56, 0x55, 0x55, 
	0x55, 0x55, 0x55, 0x55, 0x54, 0x55, 0x55, 0x55, 
	0x55, 0x55, 0x55, 0x55, 0x55, 0x45, 0x45, 0x55, 
	0x55, 0x55, 0x45, 0x55, 0x55, 0x55, 0x55, 0x55, 
	0x55, 0x56, 0x54, 0x45, 0x55, 0x55, 0x65, 0x55, 
	0x54, 0x55, 0x55, 0x55, 0x54, 0x45, 0x55, 0x55, 
	0x55, 0x55, 0x55, 0x55, 0x55, 0x54, 0x45, 0x55, 
	0x55, 0x54, 0x45, 0x55, 0x55, 0x55, 0x55, 0x54, 
	0x55, 0x55, 0x55, 0x55, 0x45, 0x55, 0x65, 0x55, 
	0x45, 0x45, 0x65, 0x65, 0x55, 0x45, 0x55, 0x55, 
	0x55, 0x55, 0x45, 0x55, 0x55, 0x55, 0x45, 0x55, 
	0x55, 0x54, 0x55, 0x55, 0x55, 0x45, 0x55, 0x55, 
	0x55, 0x55, 0x55, 0x55, 0x55, 0x55, 0x55, 0x55, 
	0x55, 0x55, 0x55, 0x55, 0x45, 0x55, 0x55, 0x55, 
	0x55, 0x55, 0x55, 0x55, 0x55, 0x55, 0x45, 0x56, 
	0x55, 0x55, 0x54, 0x55, 0x55, 0x55, 0x55, 0x65, 
	0x56, 0x55, 0x55, 0x55, 0x45, 0x55, 0x55, 0x55, 
	0x45, 0x55, 0x55, 0x54, 0x54, 0x55, 0x55, 0x55, 
	0x55, 0x56, 0x55, 0x55, 0x55, 0x55, 0x55, 0x55, 
	0x55, 0x55, 0x55, 0x55, 0x55, 0x55, 0x55, 0x55, 
	0x55, 0x55, 0x55, 0x65, 0x55, 0x55, 0x55, 0x55, 
	0x55, 0x54, 0x54, 0x55, 0x55, 0x56, 0x55, 0x55, 
	0x55, 0x55, 0x55, 0x55, 0x55, 0x55, 0x55, 0x55, 
	0x55, 0x54, 0x54, 0x55, 0x45, 0x56, 0x55, 0x55, 
	0x55, 0x56, 0x65, 0x55, 0x54, 0x55, 0x56, 0x55, 
	0x56, 0x55, 0x55, 0x55, 0x45, 0x55, 0x55, 0x55, 
	0x55, 0x55, 0x54, 0x55, 0x55, 0x55, 0x55, 0x55, 
	0x55, 0x55, 0x55, 0x55, 0x55, 0x55, 0x55, 0x55, 
	0x55, 0x55, 0x65, 0x65, 0x55, 0x55, 0x55, 0x55, 
	0x55, 0x55, 0x55, 0x55, 0x55, 0x56, 0x55, 0x55, 
	0x55, 0x56, 0x55, 0x55, 0x55, 0x55, 0x55, 0x54, 
	0x55, 0x55, 0x55, 0x45, 0x55, 0x55, 0x55, 0x55, 
	0x55, 0x55, 0x55, 0x55, 0x55, 0x55, 0x55, 0x55, 
	0x56, 0x55, 0x55, 0x55, 0x56, 0x65, 0x55, 0x45, 
	0x55, 0x55, 0x55, 0x55, 0x55, 0x55, 0x45, 0x55, 
	0x55, 0x54, 0x55, 0x55, 0x55, 0x55, 0x55, 0x55, 
	0x55, 0x55, 0x55, 0x55, 0x55, 0x56, 0x55, 0x55, 
	0x55, 0x55, 0x55, 0x55, 0x55, 0x55, 0x55, 0x55, 
	0x55, 0x55, 0x55, 0x55, 0x55, 0x55, 0x55, 0x55, 
	0x55, 0x54, 0x55, 0x55, 0x55, 0x55, 0x55, 0x55, 
	0x55, 0x55, 0x55, 0x55, 0x55, 0x65, 0x65, 0x54, 
	0x45, 0x55, 0x55, 0x55, 0x55, 0x56, 0x55, 0x55, 
	0x55, 0x55, 0x55, 0x55, 0x55, 0x55, 0x55, 0x55, 
	0x55, 0x55, 0x55, 0x55, 0x55, 0x55, 0x45, 0x55, 
	0x55, 0x55, 0x55, 0x55, 0x56, 0x55, 0x55, 0x45, 
	0x54, 0x55, 0x55, 0x55, 0x55, 0x55, 0x55, 0x55, 
	0x55, 0x55, 0x55, 0x55, 0x55, 0x55, 0x55, 0x55, 
	0x55, 0x54, 0x54, 0x55, 0x55, 0x55, 0x55, 0x55, 
	0x55, 0x55, 0x55, 0x55, 0x55, 0x55, 0x55, 0x55, 
	0x55, 0x55, 0x55, 0x55, 0x55, 0x55, 0x55, 0x55, 
	0x55, 0x55, 0x65, 0x56, 0x55, 0x55, 0x55, 0x55, 
	0x65, 0x55, 0x55, 0x55, 0x55, 0x55, 0x45, 0x55, 
	0x55, 0x55, 0x55, 0x55, 0x65, 0x55, 0x55, 0x45, 
	0x54, 0x55, 0x55, 0x55, 0x55, 0x55, 0x65, 0x55, 
	0x55, 0x55, 0x55, 0x55, 0x55, 0x55, 0x55, 0x55, 
	0x55, 0x55, 0x55, 0x55, 0x55, 0x45, 0x45, 0x55, 
	0x55, 0x55, 0x55, 0x55, 0x55, 0x55, 0x55, 0x55, 
	0x55, 0x55, 0x55, 0x55, 0x55, 0x55, 0x55, 0x54, 
	0x56, 0x55, 0x55, 0x55, 0x55, 0x55, 0x55, 0x55, 
	0x55, 0x45, 0x54, 0x55, 0x55, 0x54, 0x55, 0x55, 
	0x55, 0x55, 0x55, 0x55, 0x55, 0x55, 0x55, 0x55, 
	0x54, 0x55, 0x55, 0x45, 0x65, 0x55, 0x55, 0x54, 
	0x55, 0x55, 0x55, 0x54, 0x55, 0x55, 0x55, 0x65, 
	0x55, 0x55, 0x55, 0x56, 0x55, 0x45, 0x55, 0x55, 
	0x55, 0x55, 0x56, 0x55, 0x55, 0x55, 0x55, 0x55, 
	0x55, 0x55, 0x55, 0x55, 0x55, 0x55, 0x54, 0x55, 
	0x55, 0x55, 0x54, 0x55, 0x55, 0x55, 0x55, 0x55, 
	0x66, 0x65, 0x55, 0x55, 0x55, 0x55, 0x55, 0x55, 
	0x55, 0x55, 0x55, 0x55, 0x55, 0x55, 0x55, 0x55, 
	0x55, 0x55, 0x55, 0x55, 0x55, 0x55, 0x55, 0x55, 
	0x55, 0x45, 0x55, 0x55, 0x55, 0x55, 0x55, 0x55, 
	0x55, 0x55, 0x55, 0x55, 0x55, 0x55, 0x54, 0x55, 
	0x55, 0x55, 0x55, 0x55, 0x55, 0x55, 0x55, 0x56, 
	0x55, 0x55, 0x55, 0x55, 0x55, 0x55, 0x55, 0x55, 
	0x55, 0x55, 0x55, 0x55, 0x56, 0x55, 0x55, 0x55, 
	0x55, 0x65, 0x55, 0x55, 0x55, 0x55, 0x55, 0x55, 
	0x55, 0x55, 0x45, 0x55, 0x55, 0x55, 0x55, 0x55, 
	0x56, 0x65, 0x55, 0x55, 0x55, 0x45, 0x45, 0x54, 
	0x55, 0x55, 0x56, 0x55, 0x55, 0x55, 0x55, 0x55, 
	0x55, 0x55, 0x55, 0x55, 0x55, 0x55, 0x55, 0x55, 
	0x55, 0x55, 0x55, 0x55, 0x55, 0x55, 0x65, 0x55, 
	0x55, 0x55, 0x55, 0x55, 0x55, 0x55, 0x55, 0x55, 
	0x54, 0x56, 0x55, 0x55, 0x55, 0x55, 0x55, 0x55, 
	0x55, 0x55, 0x55, 0x55, 0x55, 0x55, 0x55, 0x55, 
	0x55, 0x54, 0x45, 0x55, 0x55, 0x65, 0x55, 0x55, 
	0x55, 0x55, 0x56, 0x55, 0x55, 0x54, 0x55, 0x55, 
	0x55, 0x55, 0x55, 0x55, 0x55, 0x55, 0x55, 0x55, 
	0x55, 0x55, 0x65, 0x55, 0x45, 0x55, 0x55, 0x55, 
	0x45, 0x55, 0x55, 0x55, 0x55, 0x55, 0x55, 0x55, 
	0x55, 0x55, 0x65, 0x55, 0x55, 0x55, 0x55, 0x54, 
	0x55, 0x55, 0x55, 0x55, 0x55, 0x45, 0x55, 0x55, 
	0x55, 0x55, 0x56, 0x55, 0x55, 0x55, 0x66, 0x65, 
	0x55, 0x55, 0x65, 0x45, 0x55, 0x55, 0x65, 0x55, 
	0x55, 0x55, 0x55, 0x54, 0x55, 0x56, 0x55, 0x55, 
	0x55, 0x45, 0x55, 0x45, 0x55, 0x55, 0x55, 0x54, 
	0x55, 0x55, 0x55, 0x55, 0x55, 0x56, 0x55, 0x55, 
	0x54, 0x55, 0x55, 0x55, 0x55, 0x55, 0x55, 0x65, 
	0x55, 0x55, 0x55, 0x55, 0x55, 0x55, 0x55, 0x55, 
	0x55, 0x55, 0x55, 0x55, 0x55, 0x56, 0x55, 0x55, 
	0x55, 0x55, 0x55, 0x55, 0x54, 0x55, 0x55, 0x55, 
	0x55, 0x55, 0x55, 0x55, 0x55, 0x55, 0x55, 0x55, 
	0x55, 0x55, 0x55, 0x55, 0x55, 0x55, 0x55, 0x55, 
	0x55, 0x55, 0x55, 0x55, 0x55, 0x55, 0x55, 0x55, 
	0x55, 0x55, 0x55, 0x56, 0x55, 0x55, 0x55, 0x44, 
	0x55, 0x55, 0x55, 0x56, 0x55, 0x55, 0x55, 0x56, 
	0x55, 0x55, 0x55, 0x55, 0x55, 0x55, 0x55, 0x65, 
	0x55, 0x55, 0x45, 0x55, 0x55, 0x55, 0x55, 0x55, 
	0x55, 0x55, 0x55, 0x55, 0x54, 0x55, 0x55, 0x54, 
	0x55, 0x55, 0x54, 0x55, 0x55, 0x55, 0x55, 0x55, 
	0x55, 0x45, 0x55, 0x55, 0x55, 0x55, 0x55, 0x55, 
	0x55, 0x55, 0x55, 0x45, 0x45, 0x55, 0x55, 0x56, 
	0x55, 0x55, 0x55, 0x55, 0x55, 0x55, 0x55, 0x55, 
	0x54, 0x55, 0x55, 0x55, 0x55, 0x55, 0x56, 0x55, 
	0x55, 0x54, 0x55, 0x55, 0x55, 0x55, 0x55, 0x55, 
	0x55, 0x55, 0x55, 0x55, 0x45, 0x55, 0x55, 0x55, 
	0x55, 0x55, 0x55, 0x55, 0x54, 0x45, 0x55, 0x45, 
	0x55, 0x55, 0x55, 0x55, 0x55, 0x56, 0x56, 0x55, 
	0x55, 0x55, 0x55, 0x55, 0x55, 0x56, 0x55, 0x55, 
	0x55, 0x55, 0x55, 0x54, 0x55, 0x55, 0x55, 0x55, 
	0x55, 0x55, 0x55, 0x55, 0x55, 0x55, 0x55, 0x55, 
	0x55, 0x55, 0x55, 0x55, 0x55, 0x55, 0x55, 0x55, 
	0x55, 0x55, 0x55, 0x45, 0x55, 0x56, 0x55, 0x55, 
	0x55, 0x55, 0x55, 0x55, 0x55, 0x55, 0x55, 0x55, 
	0x55, 0x55, 0x55, 0x55, 0x55, 0x64, 0x45, 0x55, 
	0x55, 0x55, 0x55, 0x56, 0x55, 0x55, 0x55, 0x55, 
	0x55, 0x55, 0x55, 0x55, 0x55, 0x56, 0x55, 0x55, 
	0x55, 0x55, 0x55, 0x55, 0x55, 0x55, 0x55, 0x55, 
	0x65, 0x55, 0x56, 0x55, 0x54, 0x55, 0x45, 0x55, 
	0x55, 0x55, 0x55, 0x56, 0x65, 0x55, 0x55, 0x55, 
	0x55, 0x54, 0x55, 0x55, 0x55, 0x55, 0x65, 0x55, 
	0x55, 0x55, 0x55, 0x55, 0x56, 0x56, 0x55, 0x65, 
	0x55, 0x55, 0x55, 0x55, 0x54, 0x45, 0x55, 0x55, 
	0x55, 0x55, 0x55, 0x56, 0x65, 0x54, 0x55, 0x55, 
	0x55, 0x55, 0x55, 0x55, 0x55, 0x55, 0x55, 0x55, 
	0x55, 0x56, 0x54, 0x45, 0x55, 0x55, 0x65, 0x55, 
	0x55, 0x55, 0x65, 0x65, 0x45, 0x45, 0x55, 0x55, 
	0x55, 0x55, 0x55, 0x55, 0x55, 0x65, 0x55, 0x55, 
	0x55, 0x55, 0x55, 0x55, 0x55, 0x55, 0x55, 0x54, 
	0x54, 0x55, 0x45, 0x55, 0x55, 0x56, 0x65, 0x55, 
	0x55, 0x55, 0x55, 0x55, 0x55, 0x55, 0x55, 0x55, 
	0x56, 0x55, 0x55, 0x55, 0x55, 0x55, 0x45, 0x56, 
	0x55, 0x55, 0x55, 0x55, 0x55, 0x45, 0x55, 0x55, 
	0x55, 0x55, 0x55, 0x55, 0x55, 0x55, 0x55, 0x55, 
	0x55, 0x55, 0x55, 0x54, 0x54, 0x55, 0x55, 0x55, 
	0x55, 0x56, 0x55, 0x55, 0x55, 0x55, 0x55, 0x55, 
	0x55, 0x55, 0x65, 0x55, 0x55, 0x55, 0x55, 0x65, 
	0x55, 0x55, 0x55, 0x56, 0x55, 0x55, 0x55, 0x55, 
	0x65, 0x55, 0x54, 0x54, 0x55, 0x56, 0x55, 0x55, 
	0x55, 0x65, 0x55, 0x55, 0x55, 0x55, 0x55, 0x55, 
	0x55, 0x55, 0x55, 0x55, 0x55, 0x55, 0x55, 0x55, 
	0x55, 0x55, 0x55, 0x65, 0x55, 0x55, 0x55, 0x55, 
	0x56, 0x55, 0x55, 0x55, 0x45, 0x55, 0x55, 0x55, 
	0x56, 0x55, 0x54, 0x55, 0x55, 0x55, 0x55, 0x55, 
	0x55, 0x55, 0x55, 0x65, 0x55, 0x56, 0x55, 0x55, 
	0x55, 0x55, 0x55, 0x55, 0x55, 0x55, 0x56, 0x55, 
	0x55, 0x65, 0x55, 0x55, 0x55, 0x56, 0x55, 0x55, 
	0x55, 0x56, 0x55, 0x55, 0x55, 0x55, 0x55, 0x55, 
	0x55, 0x55, 0x55, 0x65, 0x56, 0x65, 0x55, 0x55, 
	0x55, 0x55, 0x55, 0x65, 0x55, 0x55, 0x55, 0x55, 
	0x56, 0x55, 0x55, 0x55, 0x56, 0x65, 0x55, 0x55, 
	0x55, 0x55, 0x55, 0x55, 0x55, 0x55, 0x55, 0x55, 
	0x55, 0x55, 0x55, 0x55, 0x55, 0x55, 0x55, 0x55, 
	0x55, 0x55, 0x55, 0x55, 0x54, 0x55, 0x55, 0x55, 
	0x55, 0x55, 0x55, 0x55, 0x55, 0x55, 0x55, 0x55, 
	0x55, 0x55, 0x55, 0x55, 0x55, 0x55, 0x55, 0x55, 
	0x65, 0x55, 0x56, 0x56, 0x55, 0x55, 0x55, 0x55, 
	0x45, 0x55, 0x55, 0x55, 0x55, 0x55, 0x55, 0x55, 
	0x45, 0x55, 0x55, 0x55, 0x55, 0x55, 0x55, 0x55, 
	0x55, 0x55, 0x55, 0x55, 0x55, 0x55, 0x54, 0x55, 
	0x65, 0x55, 0x56, 0x55, 0x55, 0x55, 0x55, 0x55, 
	0x55, 0x55, 0x54, 0x55, 0x55, 0x55, 0x55, 0x55, 
	0x55, 0x55, 0x45, 0x55, 0x55, 0x55, 0x55, 0x55, 
	0x55, 0x55, 0x55, 0x55, 0x44, 0x55, 0x55, 0x55, 
	0x56, 0x55, 0x56, 0x56, 0x55, 0x55, 0x55, 0x55, 
	0x55, 0x55, 0x55, 0x55, 0x45, 0x55, 0x55, 0x45, 
	
};

Gfx bob_dl_Newgrass2__lighter__i4_aligner[] = {gsSPEndDisplayList()};
u8 bob_dl_Newgrass2__lighter__i4[] = {
	0x56, 0x67, 0x64, 0x44, 0x65, 0x55, 0x55, 0x55, 
	0x54, 0x56, 0x66, 0x66, 0x54, 0x45, 0x55, 0x55, 
	0x66, 0x44, 0x55, 0x55, 0x55, 0x78, 0x56, 0x86, 
	0x54, 0x45, 0x55, 0x45, 0x55, 0x56, 0x74, 0x44, 
	0x65, 0x67, 0x54, 0x55, 0x55, 0x55, 0x45, 0x45, 
	0x45, 0x57, 0x56, 0x55, 0x45, 0x45, 0x55, 0x55, 
	0x56, 0x45, 0x44, 0x55, 0x55, 0x56, 0x56, 0x86, 
	0x55, 0x55, 0x44, 0x44, 0x44, 0x45, 0x57, 0x76, 
	0x66, 0x65, 0x64, 0x45, 0x55, 0x45, 0x55, 0x45, 
	0x55, 0x67, 0x55, 0x54, 0x45, 0x55, 0x55, 0x55, 
	0x56, 0x55, 0x54, 0x45, 0x55, 0x55, 0x45, 0x66, 
	0x55, 0x55, 0x44, 0x44, 0x44, 0x65, 0x45, 0x66, 
	0x66, 0x66, 0x77, 0x54, 0x55, 0x54, 0x55, 0x55, 
	0x44, 0x65, 0x54, 0x44, 0x44, 0x45, 0x55, 0x55, 
	0x55, 0x55, 0x55, 0x45, 0x55, 0x55, 0x55, 0x56, 
	0x54, 0x55, 0x55, 0x45, 0x55, 0x45, 0x56, 0x66, 
	0x55, 0x55, 0x54, 0x44, 0x45, 0x55, 0x65, 0x55, 
	0x44, 0x44, 0x44, 0x44, 0x44, 0x54, 0x54, 0x54, 
	0x45, 0x55, 0x66, 0x54, 0x55, 0x55, 0x67, 0x67, 
	0x54, 0x44, 0x54, 0x45, 0x55, 0x45, 0x55, 0x77, 
	0x55, 0x54, 0x55, 0x44, 0x56, 0x55, 0x65, 0x66, 
	0x44, 0x45, 0x55, 0x45, 0x55, 0x44, 0x45, 0x45, 
	0x45, 0x56, 0x54, 0x45, 0x44, 0x55, 0x54, 0x44, 
	0x44, 0x45, 0x55, 0x55, 0x54, 0x44, 0x55, 0x66, 
	0x55, 0x44, 0x55, 0x45, 0x66, 0x55, 0x54, 0x54, 
	0x44, 0x44, 0x44, 0x45, 0x55, 0x55, 0x55, 0x55, 
	0x44, 0x45, 0x55, 0x44, 0x44, 0x44, 0x44, 0x45, 
	0x55, 0x56, 0x55, 0x44, 0x44, 0x46, 0x64, 0x55, 
	0x55, 0x55, 0x55, 0x55, 0x55, 0x66, 0x75, 0x44, 
	0x44, 0x45, 0x44, 0x55, 0x55, 0x56, 0x55, 0x55, 
	0x44, 0x44, 0x55, 0x55, 0x45, 0x54, 0x55, 0x55, 
	0x55, 0x55, 0x54, 0x44, 0x45, 0x46, 0x76, 0x54, 
	0x55, 0x55, 0x55, 0x56, 0x66, 0x87, 0x75, 0x44, 
	0x45, 0x54, 0x44, 0x55, 0x65, 0x56, 0x55, 0x55, 
	0x54, 0x44, 0x54, 0x45, 0x55, 0x55, 0x45, 0x55, 
	0x55, 0x54, 0x45, 0x54, 0x54, 0x55, 0x54, 0x55, 
	0x45, 0x55, 0x56, 0x56, 0x66, 0x66, 0x64, 0x45, 
	0x64, 0x54, 0x56, 0x55, 0x55, 0x56, 0x55, 0x55, 
	0x44, 0x44, 0x45, 0x45, 0x54, 0x55, 0x44, 0x45, 
	0x55, 0x44, 0x57, 0x64, 0x55, 0x66, 0x44, 0x55, 
	0x55, 0x55, 0x44, 0x66, 0x76, 0x55, 0x44, 0x55, 
	0x55, 0x54, 0x44, 0x45, 0x65, 0x65, 0x56, 0x65, 
	0x44, 0x44, 0x55, 0x55, 0x54, 0x55, 0x44, 0x45, 
	0x55, 0x54, 0x45, 0x54, 0x44, 0x45, 0x44, 0x45, 
	0x44, 0x55, 0x54, 0x66, 0x55, 0x55, 0x45, 0x55, 
	0x56, 0x64, 0x44, 0x44, 0x65, 0x65, 0x66, 0x55, 
	0x45, 0x55, 0x55, 0x55, 0x55, 0x54, 0x44, 0x44, 
	0x55, 0x54, 0x55, 0x55, 0x45, 0x55, 0x55, 0x45, 
	0x54, 0x44, 0x44, 0x45, 0x54, 0x55, 0x55, 0x55, 
	0x65, 0x55, 0x45, 0x54, 0x55, 0x56, 0x65, 0x44, 
	0x44, 0x45, 0x45, 0x55, 0x55, 0x44, 0x44, 0x45, 
	0x55, 0x44, 0x54, 0x55, 0x44, 0x44, 0x55, 0x74, 
	0x55, 0x55, 0x44, 0x44, 0x44, 0x45, 0x55, 0x55, 
	0x56, 0x56, 0x55, 0x65, 0x55, 0x67, 0x44, 0x44, 
	0x45, 0x45, 0x55, 0x55, 0x65, 0x44, 0x44, 0x55, 
	0x54, 0x44, 0x55, 0x55, 0x55, 0x55, 0x54, 0x65, 
	0x55, 0x55, 0x44, 0x45, 0x44, 0x44, 0x55, 0x55, 
	0x56, 0x55, 0x56, 0x54, 0x57, 0x54, 0x45, 0x75, 
	0x44, 0x55, 0x45, 0x55, 0x54, 0x44, 0x45, 0x45, 
	0x55, 0x44, 0x55, 0x55, 0x54, 0x54, 0x55, 0x56, 
	0x55, 0x55, 0x55, 0x44, 0x65, 0x65, 0x55, 0x55, 
	0x55, 0x55, 0x55, 0x55, 0x56, 0x45, 0x54, 0x65, 
	0x55, 0x54, 0x55, 0x54, 0x44, 0x44, 0x65, 0x44, 
	0x44, 0x45, 0x55, 0x55, 0x44, 0x55, 0x56, 0x75, 
	0x45, 0x54, 0x55, 0x54, 0x55, 0x54, 0x54, 0x55, 
	0x65, 0x66, 0x56, 0x65, 0x44, 0x55, 0x56, 0x55, 
	0x54, 0x55, 0x45, 0x44, 0x44, 0x45, 0x65, 0x54, 
	0x44, 0x44, 0x55, 0x45, 0x44, 0x55, 0x66, 0x65, 
	0x54, 0x54, 0x55, 0x45, 0x44, 0x45, 0x55, 0x55, 
	0x55, 0x66, 0x55, 0x55, 0x44, 0x45, 0x67, 0x55, 
	0x44, 0x54, 0x54, 0x44, 0x44, 0x55, 0x65, 0x44, 
	0x54, 0x65, 0x55, 0x44, 0x44, 0x55, 0x66, 0x55, 
	0x55, 0x55, 0x55, 0x44, 0x54, 0x45, 0x55, 0x55, 
	0x55, 0x55, 0x55, 0x54, 0x44, 0x46, 0x76, 0x55, 
	0x54, 0x55, 0x44, 0x44, 0x44, 0x44, 0x44, 0x54, 
	0x55, 0x55, 0x55, 0x54, 0x45, 0x55, 0x56, 0x65, 
	0x54, 0x55, 0x55, 0x54, 0x45, 0x55, 0x55, 0x55, 
	0x55, 0x56, 0x55, 0x55, 0x54, 0x45, 0x55, 0x55, 
	0x45, 0x44, 0x45, 0x55, 0x45, 0x54, 0x44, 0x54, 
	0x55, 0x55, 0x55, 0x55, 0x56, 0x65, 0x66, 0x65, 
	0x55, 0x55, 0x55, 0x54, 0x55, 0x55, 0x55, 0x55, 
	0x65, 0x56, 0x55, 0x47, 0x75, 0x44, 0x55, 0x55, 
	0x44, 0x55, 0x57, 0x55, 0x65, 0x44, 0x65, 0x44, 
	0x55, 0x55, 0x65, 0x55, 0x54, 0x44, 0x55, 0x55, 
	0x55, 0x55, 0x55, 0x44, 0x45, 0x54, 0x45, 0x55, 
	0x55, 0x66, 0x55, 0x44, 0x55, 0x44, 0x55, 0x55, 
	0x45, 0x55, 0x65, 0x55, 0x54, 0x55, 0x56, 0x55, 
	0x55, 0x66, 0x55, 0x55, 0x55, 0x44, 0x44, 0x45, 
	0x55, 0x55, 0x55, 0x44, 0x55, 0x55, 0x44, 0x55, 
	0x55, 0x45, 0x55, 0x55, 0x55, 0x54, 0x44, 0x55, 
	0x54, 0x56, 0x65, 0x55, 0x54, 0x66, 0x55, 0x55, 
	0x55, 0x65, 0x55, 0x55, 0x65, 0x66, 0x44, 0x45, 
	0x54, 0x45, 0x44, 0x44, 0x56, 0x75, 0x54, 0x54, 
	0x44, 0x44, 0x44, 0x54, 0x55, 0x55, 0x44, 0x55, 
	0x56, 0x56, 0x67, 0x44, 0x45, 0x65, 0x55, 0x55, 
	0x55, 0x56, 0x55, 0x55, 0x55, 0x56, 0x55, 0x45, 
	0x44, 0x44, 0x54, 0x44, 0x57, 0x56, 0x66, 0x55, 
	0x44, 0x44, 0x45, 0x65, 0x55, 0x58, 0x57, 0x45, 
	0x55, 0x55, 0x56, 0x54, 0x56, 0x55, 0x44, 0x55, 
	0x55, 0x55, 0x55, 0x55, 0x55, 0x55, 0x56, 0x55, 
	0x55, 0x54, 0x44, 0x54, 0x56, 0x55, 0x56, 0x55, 
	0x54, 0x45, 0x45, 0x55, 0x54, 0x65, 0x55, 0x55, 
	0x75, 0x55, 0x54, 0x65, 0x56, 0x55, 0x45, 0x55, 
	0x55, 0x56, 0x55, 0x56, 0x55, 0x45, 0x56, 0x54, 
	0x55, 0x55, 0x44, 0x54, 0x55, 0x55, 0x45, 0x55, 
	0x57, 0x74, 0x45, 0x55, 0x56, 0x55, 0x44, 0x55, 
	0x54, 0x55, 0x55, 0x45, 0x55, 0x55, 0x45, 0x55, 
	0x55, 0x55, 0x55, 0x55, 0x44, 0x54, 0x56, 0x65, 
	0x55, 0x55, 0x44, 0x44, 0x45, 0x55, 0x45, 0x55, 
	0x55, 0x74, 0x45, 0x65, 0x56, 0x55, 0x54, 0x45, 
	0x44, 0x54, 0x54, 0x55, 0x66, 0x55, 0x54, 0x65, 
	0x55, 0x55, 0x45, 0x44, 0x44, 0x45, 0x56, 0x66, 
	0x56, 0x54, 0x55, 0x54, 0x45, 0x55, 0x55, 0x66, 
	0x65, 0x44, 0x57, 0x56, 0x56, 0x55, 0x44, 0x44, 
	0x54, 0x45, 0x45, 0x55, 0x65, 0x55, 0x55, 0x56, 
	0x64, 0x55, 0x45, 0x55, 0x64, 0x44, 0x45, 0x55, 
	0x55, 0x54, 0x55, 0x55, 0x56, 0x75, 0x55, 0x66, 
	0x65, 0x44, 0x56, 0x67, 0x55, 0x44, 0x54, 0x44, 
	0x44, 0x54, 0x55, 0x47, 0x66, 0x77, 0x45, 0x55, 
	0x44, 0x44, 0x55, 0x45, 0x54, 0x45, 0x55, 0x55, 
	0x56, 0x65, 0x56, 0x66, 0x65, 0x66, 0x56, 0x66, 
	0x65, 0x44, 0x45, 0x55, 0x55, 0x74, 0x54, 0x44, 
	0x54, 0x45, 0x55, 0x77, 0x56, 0x56, 0x65, 0x55, 
	0x44, 0x45, 0x65, 0x54, 0x54, 0x44, 0x55, 0x55, 
	0x46, 0x55, 0x56, 0x56, 0x66, 0x68, 0x55, 0x66, 
	0x55, 0x55, 0x55, 0x46, 0x54, 0x54, 0x44, 0x44, 
	0x46, 0x64, 0x54, 0x44, 0x55, 0x55, 0x55, 0x44, 
	0x55, 0x66, 0x75, 0x55, 0x44, 0x35, 0x56, 0x55, 
	0x66, 0x44, 0x55, 0x55, 0x55, 0x78, 0x56, 0x86, 
	0x54, 0x45, 0x55, 0x45, 0x55, 0x56, 0x74, 0x44, 
	0x56, 0x67, 0x64, 0x44, 0x65, 0x55, 0x55, 0x55, 
	0x54, 0x56, 0x66, 0x66, 0x54, 0x45, 0x55, 0x55, 
	0x56, 0x45, 0x44, 0x55, 0x55, 0x56, 0x56, 0x86, 
	0x55, 0x55, 0x44, 0x44, 0x44, 0x45, 0x57, 0x76, 
	0x65, 0x67, 0x54, 0x55, 0x55, 0x55, 0x45, 0x45, 
	0x45, 0x57, 0x56, 0x55, 0x45, 0x45, 0x55, 0x55, 
	0x56, 0x55, 0x54, 0x45, 0x55, 0x55, 0x45, 0x66, 
	0x55, 0x55, 0x44, 0x44, 0x44, 0x65, 0x45, 0x66, 
	0x66, 0x65, 0x64, 0x45, 0x55, 0x45, 0x55, 0x45, 
	0x55, 0x67, 0x55, 0x54, 0x45, 0x55, 0x55, 0x55, 
	0x55, 0x55, 0x55, 0x45, 0x55, 0x55, 0x55, 0x56, 
	0x54, 0x55, 0x55, 0x45, 0x55, 0x45, 0x56, 0x66, 
	0x66, 0x66, 0x77, 0x54, 0x55, 0x54, 0x55, 0x55, 
	0x44, 0x65, 0x54, 0x44, 0x44, 0x45, 0x55, 0x55, 
	0x45, 0x55, 0x66, 0x54, 0x55, 0x55, 0x67, 0x67, 
	0x54, 0x44, 0x54, 0x45, 0x55, 0x45, 0x55, 0x77, 
	0x55, 0x55, 0x54, 0x44, 0x45, 0x55, 0x65, 0x55, 
	0x44, 0x44, 0x44, 0x44, 0x44, 0x54, 0x54, 0x54, 
	0x45, 0x56, 0x54, 0x45, 0x44, 0x55, 0x54, 0x44, 
	0x44, 0x45, 0x55, 0x55, 0x54, 0x44, 0x55, 0x66, 
	0x55, 0x54, 0x55, 0x44, 0x56, 0x55, 0x65, 0x66, 
	0x44, 0x45, 0x55, 0x45, 0x55, 0x44, 0x45, 0x45, 
	0x44, 0x45, 0x55, 0x44, 0x44, 0x44, 0x44, 0x45, 
	0x55, 0x56, 0x55, 0x44, 0x44, 0x46, 0x64, 0x55, 
	0x55, 0x44, 0x55, 0x45, 0x66, 0x55, 0x54, 0x54, 
	0x44, 0x44, 0x44, 0x45, 0x55, 0x55, 0x55, 0x55, 
	0x44, 0x44, 0x55, 0x55, 0x45, 0x54, 0x55, 0x55, 
	0x55, 0x55, 0x54, 0x44, 0x45, 0x46, 0x76, 0x54, 
	0x55, 0x55, 0x55, 0x55, 0x55, 0x66, 0x75, 0x44, 
	0x44, 0x45, 0x44, 0x55, 0x55, 0x56, 0x55, 0x55, 
	0x54, 0x44, 0x54, 0x45, 0x55, 0x55, 0x45, 0x55, 
	0x55, 0x54, 0x45, 0x54, 0x54, 0x55, 0x54, 0x55, 
	0x55, 0x55, 0x55, 0x56, 0x66, 0x87, 0x75, 0x44, 
	0x45, 0x54, 0x44, 0x55, 0x65, 0x56, 0x55, 0x55, 
	0x44, 0x44, 0x45, 0x45, 0x54, 0x55, 0x44, 0x45, 
	0x55, 0x44, 0x57, 0x64, 0x55, 0x66, 0x44, 0x55, 
	0x45, 0x55, 0x56, 0x56, 0x66, 0x66, 0x64, 0x45, 
	0x64, 0x54, 0x56, 0x55, 0x55, 0x56, 0x55, 0x55, 
	0x44, 0x44, 0x55, 0x55, 0x54, 0x55, 0x44, 0x45, 
	0x55, 0x54, 0x45, 0x54, 0x44, 0x45, 0x44, 0x45, 
	0x55, 0x55, 0x44, 0x66, 0x76, 0x55, 0x44, 0x55, 
	0x55, 0x54, 0x44, 0x45, 0x65, 0x65, 0x56, 0x65, 
	0x45, 0x55, 0x55, 0x55, 0x55, 0x54, 0x44, 0x44, 
	0x55, 0x54, 0x55, 0x55, 0x45, 0x55, 0x55, 0x45, 
	0x44, 0x55, 0x54, 0x66, 0x55, 0x55, 0x45, 0x55, 
	0x56, 0x64, 0x44, 0x44, 0x65, 0x65, 0x66, 0x55, 
	0x44, 0x45, 0x45, 0x55, 0x55, 0x44, 0x44, 0x45, 
	0x55, 0x44, 0x54, 0x55, 0x44, 0x44, 0x55, 0x74, 
	0x54, 0x44, 0x44, 0x45, 0x54, 0x55, 0x55, 0x55, 
	0x65, 0x55, 0x45, 0x54, 0x55, 0x56, 0x65, 0x44, 
	0x45, 0x45, 0x55, 0x55, 0x65, 0x44, 0x44, 0x55, 
	0x54, 0x44, 0x55, 0x55, 0x55, 0x55, 0x54, 0x65, 
	0x55, 0x55, 0x44, 0x44, 0x44, 0x45, 0x55, 0x55, 
	0x56, 0x56, 0x55, 0x65, 0x55, 0x67, 0x44, 0x44, 
	0x44, 0x55, 0x45, 0x55, 0x54, 0x44, 0x45, 0x45, 
	0x55, 0x44, 0x55, 0x55, 0x54, 0x54, 0x55, 0x56, 
	0x55, 0x55, 0x44, 0x45, 0x44, 0x44, 0x55, 0x55, 
	0x56, 0x55, 0x56, 0x54, 0x57, 0x54, 0x45, 0x75, 
	0x55, 0x54, 0x55, 0x54, 0x44, 0x44, 0x65, 0x44, 
	0x44, 0x45, 0x55, 0x55, 0x44, 0x55, 0x56, 0x75, 
	0x55, 0x55, 0x55, 0x44, 0x65, 0x65, 0x55, 0x55, 
	0x55, 0x55, 0x55, 0x55, 0x56, 0x45, 0x54, 0x65, 
	0x54, 0x55, 0x45, 0x44, 0x44, 0x45, 0x65, 0x54, 
	0x44, 0x44, 0x55, 0x45, 0x44, 0x55, 0x66, 0x65, 
	0x45, 0x54, 0x55, 0x54, 0x55, 0x54, 0x54, 0x55, 
	0x65, 0x66, 0x56, 0x65, 0x44, 0x55, 0x56, 0x55, 
	0x44, 0x54, 0x54, 0x44, 0x44, 0x55, 0x65, 0x44, 
	0x54, 0x65, 0x55, 0x44, 0x44, 0x55, 0x66, 0x55, 
	0x54, 0x54, 0x55, 0x45, 0x44, 0x45, 0x55, 0x55, 
	0x55, 0x66, 0x55, 0x55, 0x44, 0x45, 0x67, 0x55, 
	0x54, 0x55, 0x44, 0x44, 0x44, 0x44, 0x44, 0x54, 
	0x55, 0x55, 0x55, 0x54, 0x45, 0x55, 0x56, 0x65, 
	0x55, 0x55, 0x55, 0x44, 0x54, 0x45, 0x55, 0x55, 
	0x55, 0x55, 0x55, 0x54, 0x44, 0x46, 0x76, 0x55, 
	0x45, 0x44, 0x45, 0x55, 0x45, 0x54, 0x44, 0x54, 
	0x55, 0x55, 0x55, 0x55, 0x56, 0x65, 0x66, 0x65, 
	0x54, 0x55, 0x55, 0x54, 0x45, 0x55, 0x55, 0x55, 
	0x55, 0x56, 0x55, 0x55, 0x54, 0x45, 0x55, 0x55, 
	0x44, 0x55, 0x57, 0x55, 0x65, 0x44, 0x65, 0x44, 
	0x55, 0x55, 0x65, 0x55, 0x54, 0x44, 0x55, 0x55, 
	0x55, 0x55, 0x55, 0x54, 0x55, 0x55, 0x55, 0x55, 
	0x65, 0x56, 0x55, 0x47, 0x75, 0x44, 0x55, 0x55, 
	0x45, 0x55, 0x65, 0x55, 0x54, 0x55, 0x56, 0x55, 
	0x55, 0x66, 0x55, 0x55, 0x55, 0x44, 0x44, 0x45, 
	0x55, 0x55, 0x55, 0x44, 0x45, 0x54, 0x45, 0x55, 
	0x55, 0x66, 0x55, 0x44, 0x55, 0x44, 0x55, 0x55, 
	0x54, 0x56, 0x65, 0x55, 0x54, 0x66, 0x55, 0x55, 
	0x55, 0x65, 0x55, 0x55, 0x65, 0x66, 0x44, 0x45, 
	0x55, 0x55, 0x55, 0x44, 0x55, 0x55, 0x44, 0x55, 
	0x55, 0x45, 0x55, 0x55, 0x55, 0x54, 0x44, 0x55, 
	0x56, 0x56, 0x67, 0x44, 0x45, 0x65, 0x55, 0x55, 
	0x55, 0x56, 0x55, 0x55, 0x55, 0x56, 0x55, 0x45, 
	0x54, 0x45, 0x44, 0x44, 0x56, 0x75, 0x54, 0x54, 
	0x44, 0x44, 0x44, 0x54, 0x55, 0x55, 0x44, 0x55, 
	0x55, 0x55, 0x56, 0x54, 0x56, 0x55, 0x44, 0x55, 
	0x55, 0x55, 0x55, 0x55, 0x55, 0x55, 0x56, 0x55, 
	0x44, 0x44, 0x54, 0x44, 0x57, 0x56, 0x66, 0x55, 
	0x44, 0x44, 0x45, 0x65, 0x55, 0x58, 0x57, 0x45, 
	0x75, 0x55, 0x54, 0x65, 0x56, 0x55, 0x45, 0x55, 
	0x55, 0x56, 0x55, 0x56, 0x55, 0x45, 0x56, 0x54, 
	0x55, 0x54, 0x44, 0x54, 0x56, 0x55, 0x56, 0x55, 
	0x54, 0x45, 0x45, 0x55, 0x54, 0x65, 0x55, 0x55, 
	0x54, 0x55, 0x55, 0x45, 0x55, 0x55, 0x45, 0x55, 
	0x55, 0x55, 0x55, 0x55, 0x44, 0x54, 0x56, 0x65, 
	0x55, 0x55, 0x44, 0x54, 0x55, 0x55, 0x45, 0x55, 
	0x57, 0x74, 0x45, 0x55, 0x56, 0x55, 0x44, 0x55, 
	0x44, 0x54, 0x54, 0x55, 0x66, 0x55, 0x54, 0x65, 
	0x55, 0x55, 0x45, 0x44, 0x44, 0x45, 0x56, 0x66, 
	0x55, 0x55, 0x44, 0x44, 0x45, 0x55, 0x45, 0x55, 
	0x55, 0x74, 0x45, 0x65, 0x56, 0x55, 0x54, 0x45, 
	0x54, 0x45, 0x45, 0x55, 0x65, 0x55, 0x55, 0x56, 
	0x64, 0x55, 0x45, 0x55, 0x64, 0x44, 0x45, 0x55, 
	0x56, 0x54, 0x55, 0x54, 0x45, 0x55, 0x55, 0x66, 
	0x65, 0x44, 0x57, 0x56, 0x56, 0x55, 0x44, 0x44, 
	0x44, 0x54, 0x55, 0x47, 0x66, 0x77, 0x45, 0x55, 
	0x44, 0x44, 0x55, 0x45, 0x54, 0x45, 0x55, 0x55, 
	0x55, 0x54, 0x55, 0x55, 0x56, 0x75, 0x55, 0x66, 
	0x65, 0x44, 0x56, 0x67, 0x55, 0x44, 0x54, 0x44, 
	0x54, 0x45, 0x55, 0x77, 0x56, 0x56, 0x65, 0x55, 
	0x44, 0x45, 0x65, 0x54, 0x54, 0x44, 0x55, 0x55, 
	0x56, 0x65, 0x56, 0x66, 0x65, 0x66, 0x56, 0x66, 
	0x65, 0x44, 0x45, 0x55, 0x55, 0x74, 0x54, 0x44, 
	0x46, 0x64, 0x54, 0x44, 0x55, 0x55, 0x55, 0x44, 
	0x55, 0x66, 0x75, 0x55, 0x44, 0x35, 0x56, 0x55, 
	0x46, 0x55, 0x56, 0x56, 0x66, 0x68, 0x55, 0x66, 
	0x55, 0x55, 0x55, 0x46, 0x54, 0x54, 0x44, 0x44, 
	
};

Gfx bob_dl_frostgrate_no_BG__32x32_Half_Life__ci8_aligner[] = {gsSPEndDisplayList()};
u8 bob_dl_frostgrate_no_BG__32x32_Half_Life__ci8[] = {
	0x00, 0x01, 0x02, 0x03, 0x04, 0x05, 0x06, 0x07, 
	0x08, 0x09, 0x0a, 0x0b, 0x0c, 0x0d, 0x05, 0x07, 
	0x0e, 0x0d, 0x0d, 0x0d, 0x0f, 0x10, 0x0b, 0x11, 
	0x05, 0x12, 0x13, 0x0e, 0x02, 0x0d, 0x14, 0x15, 
	0x16, 0x0c, 0x0a, 0x09, 0x05, 0x0a, 0x0a, 0x17, 
	0x0e, 0x18, 0x08, 0x19, 0x1a, 0x19, 0x1b, 0x1c, 
	0x0a, 0x06, 0x0d, 0x0d, 0x08, 0x1d, 0x1e, 0x1f, 
	0x20, 0x12, 0x21, 0x22, 0x23, 0x24, 0x25, 0x26, 
	0x02, 0x27, 0x28, 0x29, 0x2a, 0x2b, 0x2c, 0x25, 
	0x25, 0x2d, 0x2b, 0x23, 0x2e, 0x2b, 0x2f, 0x30, 
	0x13, 0x31, 0x32, 0x33, 0x2c, 0x34, 0x34, 0x35, 
	0x26, 0x33, 0x36, 0x37, 0x29, 0x24, 0x23, 0x38, 
	0x0a, 0x0c, 0x39, 0x3a, 0x3a, 0x3a, 0x3a, 0x3a, 
	0x3a, 0x3a, 0x3a, 0x3a, 0x3a, 0x3a, 0x3a, 0x3a, 
	0x3a, 0x3a, 0x3a, 0x3a, 0x3a, 0x3a, 0x3a, 0x3a, 
	0x3a, 0x3a, 0x3a, 0x3a, 0x3a, 0x3b, 0x06, 0x26, 
	0x19, 0x0c, 0x3a, 0x3a, 0x3a, 0x3a, 0x3a, 0x3a, 
	0x3a, 0x3a, 0x3a, 0x3a, 0x3a, 0x3a, 0x3a, 0x3a, 
	0x3a, 0x3a, 0x3a, 0x3a, 0x3a, 0x3a, 0x3a, 0x3a, 
	0x3a, 0x3a, 0x3a, 0x3a, 0x3a, 0x29, 0x3c, 0x3d, 
	0x12, 0x27, 0x15, 0x3a, 0x3a, 0x3a, 0x3a, 0x3a, 
	0x3a, 0x3a, 0x3a, 0x3a, 0x3a, 0x3a, 0x3a, 0x3a, 
	0x3a, 0x3a, 0x3a, 0x3a, 0x3a, 0x3a, 0x3a, 0x3a, 
	0x3a, 0x3a, 0x3a, 0x3a, 0x3a, 0x0d, 0x0c, 0x37, 
	0x00, 0x19, 0x19, 0x1b, 0x0d, 0x3e, 0x11, 0x3f, 
	0x40, 0x41, 0x40, 0x42, 0x43, 0x44, 0x1c, 0x45, 
	0x1c, 0x40, 0x44, 0x46, 0x44, 0x47, 0x09, 0x0f, 
	0x09, 0x27, 0x27, 0x04, 0x27, 0x0c, 0x1d, 0x48, 
	0x12, 0x0d, 0x08, 0x49, 0x03, 0x4a, 0x46, 0x09, 
	0x01, 0x44, 0x1d, 0x4b, 0x03, 0x07, 0x0d, 0x49, 
	0x03, 0x19, 0x04, 0x27, 0x03, 0x3c, 0x0d, 0x12, 
	0x14, 0x2f, 0x05, 0x0d, 0x1b, 0x27, 0x20, 0x4c, 
	0x04, 0x4d, 0x2d, 0x3a, 0x3a, 0x3a, 0x3a, 0x3a, 
	0x3a, 0x3a, 0x3a, 0x3a, 0x3a, 0x3a, 0x3a, 0x3a, 
	0x3a, 0x3a, 0x3a, 0x3a, 0x3a, 0x3a, 0x3a, 0x3a, 
	0x3a, 0x3a, 0x3a, 0x3a, 0x31, 0x1d, 0x3c, 0x2b, 
	0x46, 0x47, 0x3a, 0x3a, 0x3a, 0x3a, 0x3a, 0x3a, 
	0x3a, 0x3a, 0x3a, 0x3a, 0x3a, 0x3a, 0x3a, 0x3a, 
	0x3a, 0x3a, 0x3a, 0x3a, 0x3a, 0x3a, 0x3a, 0x3a, 
	0x3a, 0x3a, 0x3a, 0x3a, 0x3a, 0x14, 0x05, 0x37, 
	0x4e, 0x4f, 0x3a, 0x3a, 0x3a, 0x3a, 0x3a, 0x3a, 
	0x3a, 0x3a, 0x3a, 0x3a, 0x3a, 0x3a, 0x3a, 0x3a, 
	0x3a, 0x3a, 0x3a, 0x3a, 0x3a, 0x3a, 0x3a, 0x3a, 
	0x3a, 0x3a, 0x3a, 0x3a, 0x3a, 0x05, 0x08, 0x2c, 
	0x50, 0x51, 0x4d, 0x3a, 0x3a, 0x3a, 0x3a, 0x3a, 
	0x3a, 0x3a, 0x3a, 0x3a, 0x3a, 0x3a, 0x3a, 0x3a, 
	0x3a, 0x3a, 0x3a, 0x3a, 0x3a, 0x3a, 0x3a, 0x3a, 
	0x3a, 0x3a, 0x3a, 0x3a, 0x43, 0x04, 0x08, 0x31, 
	0x50, 0x51, 0x52, 0x53, 0x54, 0x55, 0x42, 0x56, 
	0x57, 0x0c, 0x11, 0x09, 0x11, 0x04, 0x43, 0x47, 
	0x47, 0x09, 0x58, 0x02, 0x4a, 0x03, 0x04, 0x03, 
	0x01, 0x46, 0x43, 0x59, 0x08, 0x08, 0x1d, 0x25, 
	0x5a, 0x5b, 0x5c, 0x11, 0x4b, 0x42, 0x5d, 0x09, 
	0x5d, 0x25, 0x25, 0x23, 0x19, 0x3c, 0x22, 0x1c, 
	0x0c, 0x0c, 0x0d, 0x04, 0x0a, 0x0b, 0x1d, 0x1f, 
	0x02, 0x01, 0x5e, 0x0d, 0x5f, 0x0c, 0x0c, 0x60, 
	0x61, 0x62, 0x2e, 0x3a, 0x3a, 0x3a, 0x3a, 0x3a, 
	0x3a, 0x3a, 0x3a, 0x3a, 0x3a, 0x3a, 0x3a, 0x3a, 
	0x3a, 0x3a, 0x3a, 0x3a, 0x3a, 0x3a, 0x3a, 0x3a, 
	0x3a, 0x3a, 0x3a, 0x3a, 0x3a, 0x03, 0x4d, 0x60, 
	0x61, 0x63, 0x3a, 0x3a, 0x3a, 0x3a, 0x3a, 0x3a, 
	0x3a, 0x3a, 0x3a, 0x3a, 0x3a, 0x3a, 0x3a, 0x3a, 
	0x3a, 0x3a, 0x3a, 0x3a, 0x3a, 0x3a, 0x3a, 0x3a, 
	0x3a, 0x3a, 0x3a, 0x3a, 0x3a, 0x0d, 0x40, 0x22, 
	0x64, 0x65, 0x37, 0x3a, 0x3a, 0x3a, 0x3a, 0x3a, 
	0x3a, 0x3a, 0x3a, 0x3a, 0x3a, 0x3a, 0x3a, 0x3a, 
	0x3a, 0x3a, 0x3a, 0x3a, 0x3a, 0x3a, 0x3a, 0x3a, 
	0x3a, 0x3a, 0x3a, 0x3a, 0x3a, 0x11, 0x11, 0x66, 
	0x67, 0x64, 0x47, 0x1a, 0x2f, 0x1f, 0x08, 0x06, 
	0x0d, 0x1d, 0x28, 0x0a, 0x4a, 0x09, 0x65, 0x65, 
	0x68, 0x65, 0x57, 0x53, 0x69, 0x6a, 0x47, 0x67, 
	0x59, 0x69, 0x51, 0x44, 0x69, 0x27, 0x6b, 0x2b, 
	0x47, 0x43, 0x43, 0x27, 0x05, 0x05, 0x05, 0x0f, 
	0x19, 0x0c, 0x5f, 0x40, 0x43, 0x43, 0x43, 0x54, 
	0x59, 0x6c, 0x6d, 0x6c, 0x43, 0x43, 0x42, 0x47, 
	0x43, 0x44, 0x40, 0x46, 0x40, 0x0c, 0x1b, 0x31, 
	0x41, 0x03, 0x0a, 0x48, 0x3a, 0x3a, 0x3a, 0x3a, 
	0x3a, 0x3a, 0x3a, 0x3a, 0x3a, 0x3a, 0x3a, 0x3a, 
	0x3a, 0x3a, 0x3a, 0x3a, 0x3a, 0x3a, 0x3a, 0x3a, 
	0x3a, 0x3a, 0x3a, 0x3a, 0x3c, 0x10, 0x1a, 0x37, 
	0x40, 0x1c, 0x3a, 0x3a, 0x3a, 0x3a, 0x3a, 0x3a, 
	0x3a, 0x3a, 0x3a, 0x3a, 0x3a, 0x3a, 0x3a, 0x3a, 
	0x3a, 0x3a, 0x3a, 0x3a, 0x3a, 0x3a, 0x3a, 0x3a, 
	0x3a, 0x3a, 0x3a, 0x3a, 0x3a, 0x06, 0x6e, 0x37, 
	0x06, 0x02, 0x3a, 0x3a, 0x3a, 0x3a, 0x3a, 0x3a, 
	0x3a, 0x3a, 0x3a, 0x3a, 0x3a, 0x3a, 0x3a, 0x3a, 
	0x3a, 0x3a, 0x3a, 0x3a, 0x3a, 0x3a, 0x3a, 0x3a, 
	0x3a, 0x3a, 0x3a, 0x3a, 0x3a, 0x6e, 0x05, 0x31, 
	0x05, 0x23, 0x30, 0x3a, 0x3a, 0x3a, 0x3a, 0x3a, 
	0x3a, 0x3a, 0x3a, 0x3a, 0x3a, 0x3a, 0x3a, 0x3a, 
	0x3a, 0x3a, 0x3a, 0x3a, 0x3a, 0x3a, 0x3a, 0x3a, 
	0x3a, 0x3a, 0x3a, 0x3a, 0x0c, 0x1f, 0x0e, 0x2c, 
	0x3c, 0x06, 0x3c, 0x05, 0x44, 0x41, 0x41, 0x43, 
	0x6f, 0x70, 0x52, 0x71, 0x51, 0x72, 0x55, 0x73, 
	0x58, 0x43, 0x41, 0x65, 0x40, 0x50, 0x63, 0x04, 
	0x65, 0x57, 0x41, 0x57, 0x03, 0x1b, 0x74, 0x32, 
	0x60, 0x75, 0x6e, 0x09, 0x43, 0x43, 0x59, 0x54, 
	0x52, 0x53, 0x52, 0x72, 0x57, 0x3f, 0x0c, 0x4a, 
	0x6b, 0x0b, 0x3c, 0x5d, 0x6b, 0x40, 0x49, 0x11, 
	0x03, 0x16, 0x03, 0x1c, 0x0d, 0x05, 0x0c, 0x76, 
	0x23, 0x19, 0x05, 0x3a, 0x3a, 0x3a, 0x3a, 0x3a, 
	0x3a, 0x3a, 0x3a, 0x3a, 0x3a, 0x3a, 0x3a, 0x3a, 
	0x3a, 0x3a, 0x3a, 0x3a, 0x3a, 0x3a, 0x3a, 0x3a, 
	0x3a, 0x3a, 0x3a, 0x3a, 0x33, 0x1a, 0x1a, 0x22, 
	0x08, 0x1a, 0x3a, 0x3a, 0x3a, 0x3a, 0x3a, 0x3a, 
	0x3a, 0x3a, 0x3a, 0x3a, 0x3a, 0x3a, 0x3a, 0x3a, 
	0x3a, 0x3a, 0x3a, 0x3a, 0x3a, 0x3a, 0x3a, 0x3a, 
	0x3a, 0x3a, 0x3a, 0x3a, 0x3a, 0x3c, 0x0d, 0x1a, 
	0x0b, 0x0a, 0x3a, 0x3a, 0x3a, 0x3a, 0x3a, 0x3a, 
	0x3a, 0x3a, 0x3a, 0x3a, 0x3a, 0x3a, 0x3a, 0x3a, 
	0x3a, 0x3a, 0x3a, 0x3a, 0x3a, 0x3a, 0x3a, 0x3a, 
	0x3a, 0x3a, 0x3a, 0x3a, 0x3a, 0x06, 0x11, 0x1f, 
	0x00, 0x11, 0x1d, 0x3a, 0x3a, 0x3a, 0x3a, 0x3a, 
	0x3a, 0x3a, 0x3a, 0x3a, 0x3a, 0x3a, 0x3a, 0x3a, 
	0x3a, 0x3a, 0x3a, 0x3a, 0x3a, 0x3a, 0x3a, 0x3a, 
	0x3a, 0x3a, 0x3a, 0x3a, 0x12, 0x27, 0x77, 0x78, 
	0x3f, 0x41, 0x62, 0x79, 0x7a, 0x7a, 0x7b, 0x7c, 
	0x59, 0x6c, 0x64, 0x0c, 0x05, 0x0c, 0x7d, 0x67, 
	0x44, 0x09, 0x41, 0x43, 0x11, 0x41, 0x41, 0x44, 
	0x47, 0x43, 0x7e, 0x64, 0x6d, 0x40, 0x43, 0x19, 
	0x46, 0x6c, 0x51, 0x7f, 0x71, 0x6c, 0x67, 0x42, 
	0x03, 0x0c, 0x05, 0x3c, 0x3c, 0x3c, 0x06, 0x3c, 
	0x05, 0x7d, 0x02, 0x80, 0x09, 0x27, 0x01, 0x01, 
	0x0c, 0x16, 0x40, 0x81, 0x47, 0x82, 0x41, 0x1f, 
	0x65, 0x82, 0x67, 0x82, 0x59, 0x65, 0x40, 0x12, 
	0x83, 0x12, 0x2f, 0x3d, 0x06, 0x84, 0x2f, 0x2d, 
	0x2d, 0x21, 0x1d, 0x07, 0x83, 0x00, 0x4a, 0x18, 
	0x03, 0x19, 0x3e, 0x5e, 0x03, 0x04, 0x1a, 0x85, 
	
};

Gfx bob_dl_frostgrate_no_BG__32x32_Half_Life__pal_rgba16_aligner[] = {gsSPEndDisplayList()};
u8 bob_dl_frostgrate_no_BG__32x32_Half_Life__pal_rgba16[] = {
	0x31, 0xd1, 0x4a, 0x15, 0x42, 0x0f, 0x42, 0x13, 
	0x4a, 0x13, 0x41, 0xcf, 0x31, 0x8d, 0x31, 0x91, 
	0x4a, 0x0f, 0x4a, 0x53, 0x41, 0xd3, 0x39, 0xd1, 
	0x42, 0x11, 0x39, 0xcf, 0x41, 0xcd, 0x49, 0xcf, 
	0x42, 0x4f, 0x42, 0x53, 0x39, 0x8f, 0x31, 0x8f, 
	0x31, 0x4b, 0x19, 0x07, 0x52, 0x51, 0x3a, 0x0d, 
	0x39, 0xd3, 0x41, 0xd1, 0x31, 0xcf, 0x3a, 0x0f, 
	0x49, 0xd3, 0x3a, 0x11, 0x51, 0xcf, 0x39, 0x91, 
	0x41, 0x8d, 0x39, 0xcb, 0x31, 0x4f, 0x39, 0x8b, 
	0x31, 0xcd, 0x31, 0x8b, 0x21, 0x07, 0x4a, 0x11, 
	0x32, 0x11, 0x29, 0x4b, 0x19, 0x0d, 0x29, 0x8b, 
	0x28, 0xc9, 0x29, 0x8f, 0x29, 0x4f, 0x31, 0x4d, 
	0x31, 0x49, 0x29, 0x0b, 0x31, 0x0b, 0x21, 0x0b, 
	0x29, 0x49, 0x21, 0x09, 0x20, 0x87, 0x20, 0xc9, 
	0x29, 0x47, 0x10, 0xc9, 0xff, 0xfe, 0x29, 0x0d, 
	0x39, 0x8d, 0x21, 0x47, 0x29, 0xd1, 0x4a, 0x57, 
	0x52, 0x53, 0x5a, 0x95, 0x42, 0x55, 0x52, 0x95, 
	0x52, 0x55, 0x51, 0xd1, 0x4a, 0x55, 0x4a, 0x95, 
	0x20, 0xc7, 0x52, 0x13, 0x3a, 0x13, 0x3a, 0x53, 
	0x21, 0x49, 0x32, 0x13, 0x4a, 0x91, 0x42, 0x99, 
	0x52, 0x99, 0x5a, 0xd9, 0x63, 0x1b, 0x6b, 0x1b, 
	0x5a, 0xdb, 0x4a, 0xd9, 0x5a, 0x57, 0x52, 0xd7, 
	0x4a, 0x93, 0x5a, 0x97, 0x52, 0xdb, 0x3a, 0xdb, 
	0x42, 0x9b, 0x49, 0xd1, 0x31, 0xd3, 0x52, 0x15, 
	0x39, 0x4f, 0x6b, 0x19, 0x52, 0xd9, 0x62, 0xd7, 
	0x5a, 0xd7, 0x52, 0x97, 0x31, 0x0d, 0x4a, 0x97, 
	0x5a, 0x99, 0x5b, 0x19, 0x3a, 0x55, 0x42, 0x51, 
	0x42, 0x97, 0x42, 0x57, 0x41, 0x8f, 0x4a, 0x9b, 
	0x6b, 0x5b, 0x63, 0x19, 0x62, 0xd9, 0x4a, 0xd7, 
	0x41, 0x4f, 0x39, 0xcd, 0x31, 0xcb, 0x51, 0xd3, 
	0x19, 0x51, 0x73, 0x5b, 0x6b, 0x9d, 0x73, 0x9d, 
	0x5b, 0x1b, 0x4a, 0x4f, 0x42, 0x95, 0x63, 0x59, 
	0x3a, 0x51, 0x42, 0x93, 0x52, 0x57, 0x21, 0x91, 
	0x39, 0x49, 0x21, 0x4f, 
};

Gfx bob_dl_MARIOF3_32x32__SRB2__ci4_aligner[] = {gsSPEndDisplayList()};
u8 bob_dl_MARIOF3_32x32__SRB2__ci4[] = {
	0x01, 0x23, 0x44, 0x56, 0x55, 0x44, 0x32, 0x33, 
	0x33, 0x33, 0x32, 0x22, 0x21, 0x11, 0x11, 0x00, 
	0x01, 0x23, 0x44, 0x56, 0x55, 0x44, 0x32, 0x33, 
	0x33, 0x33, 0x32, 0x22, 0x21, 0x11, 0x11, 0x00, 
	0x01, 0x23, 0x44, 0x56, 0x55, 0x44, 0x32, 0x33, 
	0x33, 0x33, 0x32, 0x22, 0x21, 0x11, 0x11, 0x00, 
	0x01, 0x23, 0x44, 0x56, 0x55, 0x44, 0x32, 0x33, 
	0x33, 0x33, 0x32, 0x22, 0x21, 0x11, 0x11, 0x00, 
	0x01, 0x23, 0x44, 0x56, 0x55, 0x44, 0x32, 0x33, 
	0x33, 0x33, 0x32, 0x22, 0x21, 0x11, 0x11, 0x00, 
	0x01, 0x23, 0x44, 0x56, 0x55, 0x44, 0x32, 0x33, 
	0x33, 0x33, 0x32, 0x22, 0x21, 0x11, 0x11, 0x00, 
	0x01, 0x23, 0x44, 0x56, 0x55, 0x44, 0x32, 0x33, 
	0x33, 0x33, 0x32, 0x22, 0x21, 0x11, 0x11, 0x00, 
	0x01, 0x23, 0x44, 0x56, 0x55, 0x44, 0x32, 0x33, 
	0x33, 0x33, 0x32, 0x22, 0x21, 0x11, 0x11, 0x00, 
	0x01, 0x23, 0x44, 0x56, 0x55, 0x44, 0x32, 0x33, 
	0x33, 0x33, 0x32, 0x22, 0x21, 0x11, 0x11, 0x00, 
	0x01, 0x23, 0x44, 0x56, 0x55, 0x44, 0x32, 0x33, 
	0x33, 0x33, 0x32, 0x22, 0x21, 0x11, 0x11, 0x00, 
	0x01, 0x23, 0x44, 0x56, 0x55, 0x44, 0x32, 0x33, 
	0x33, 0x33, 0x32, 0x22, 0x21, 0x11, 0x11, 0x00, 
	0x01, 0x23, 0x44, 0x56, 0x55, 0x44, 0x32, 0x33, 
	0x33, 0x33, 0x32, 0x22, 0x21, 0x11, 0x11, 0x00, 
	0x01, 0x23, 0x44, 0x56, 0x55, 0x44, 0x32, 0x33, 
	0x33, 0x33, 0x32, 0x22, 0x21, 0x11, 0x11, 0x00, 
	0x01, 0x23, 0x44, 0x56, 0x55, 0x44, 0x32, 0x33, 
	0x33, 0x33, 0x32, 0x22, 0x21, 0x11, 0x11, 0x00, 
	0x01, 0x23, 0x44, 0x56, 0x55, 0x44, 0x32, 0x33, 
	0x33, 0x33, 0x32, 0x22, 0x21, 0x11, 0x11, 0x00, 
	0x01, 0x23, 0x44, 0x56, 0x55, 0x44, 0x32, 0x33, 
	0x33, 0x33, 0x32, 0x22, 0x21, 0x11, 0x11, 0x00, 
	0x01, 0x23, 0x44, 0x56, 0x55, 0x44, 0x32, 0x33, 
	0x33, 0x33, 0x32, 0x22, 0x21, 0x11, 0x11, 0x00, 
	0x01, 0x23, 0x44, 0x56, 0x55, 0x44, 0x32, 0x33, 
	0x33, 0x33, 0x32, 0x22, 0x21, 0x11, 0x11, 0x00, 
	0x01, 0x23, 0x44, 0x56, 0x55, 0x44, 0x32, 0x33, 
	0x33, 0x33, 0x32, 0x22, 0x21, 0x11, 0x11, 0x00, 
	0x01, 0x23, 0x44, 0x56, 0x55, 0x44, 0x32, 0x33, 
	0x33, 0x33, 0x32, 0x22, 0x21, 0x11, 0x11, 0x00, 
	0x01, 0x23, 0x44, 0x56, 0x55, 0x44, 0x32, 0x33, 
	0x33, 0x33, 0x32, 0x22, 0x21, 0x11, 0x11, 0x00, 
	0x01, 0x23, 0x44, 0x56, 0x55, 0x44, 0x32, 0x33, 
	0x33, 0x33, 0x32, 0x22, 0x21, 0x11, 0x11, 0x00, 
	0x01, 0x23, 0x44, 0x56, 0x55, 0x44, 0x32, 0x33, 
	0x33, 0x33, 0x32, 0x22, 0x21, 0x11, 0x11, 0x00, 
	0x01, 0x23, 0x44, 0x56, 0x55, 0x44, 0x32, 0x33, 
	0x33, 0x33, 0x32, 0x22, 0x21, 0x11, 0x11, 0x00, 
	0x01, 0x23, 0x44, 0x56, 0x55, 0x44, 0x32, 0x33, 
	0x33, 0x33, 0x32, 0x22, 0x21, 0x11, 0x11, 0x00, 
	0x01, 0x23, 0x44, 0x56, 0x55, 0x44, 0x32, 0x33, 
	0x33, 0x33, 0x32, 0x22, 0x21, 0x11, 0x11, 0x00, 
	0x01, 0x23, 0x44, 0x56, 0x55, 0x44, 0x32, 0x33, 
	0x33, 0x33, 0x32, 0x22, 0x21, 0x11, 0x11, 0x00, 
	0x01, 0x23, 0x44, 0x56, 0x55, 0x44, 0x32, 0x33, 
	0x33, 0x33, 0x32, 0x22, 0x21, 0x11, 0x11, 0x00, 
	0x01, 0x23, 0x44, 0x56, 0x55, 0x44, 0x32, 0x33, 
	0x33, 0x33, 0x32, 0x22, 0x21, 0x11, 0x11, 0x00, 
	0x01, 0x23, 0x44, 0x56, 0x55, 0x44, 0x32, 0x33, 
	0x33, 0x33, 0x32, 0x22, 0x21, 0x11, 0x11, 0x00, 
	0x01, 0x23, 0x44, 0x56, 0x55, 0x44, 0x32, 0x33, 
	0x33, 0x33, 0x32, 0x22, 0x21, 0x11, 0x11, 0x00, 
	0x01, 0x23, 0x44, 0x56, 0x55, 0x44, 0x32, 0x33, 
	0x33, 0x33, 0x32, 0x22, 0x21, 0x11, 0x11, 0x00, 
	
};

Gfx bob_dl_MARIOF3_32x32__SRB2__pal_rgba16_aligner[] = {gsSPEndDisplayList()};
u8 bob_dl_MARIOF3_32x32__SRB2__pal_rgba16[] = {
	0x21, 0x09, 0x22, 0x05, 0x33, 0x89, 0x3c, 0x0b, 
	0x6e, 0xd3, 0x77, 0xd5, 0xff, 0xff, 
};

Gfx bob_dl_CEZFLR06_i4_aligner[] = {gsSPEndDisplayList()};
u8 bob_dl_CEZFLR06_i4[] = {
	0x21, 0x32, 0x21, 0x21, 0x11, 0x11, 0x22, 0x21, 
	0x11, 0x02, 0x31, 0x11, 0x11, 0x11, 0x31, 0x11, 
	0x11, 0x12, 0x11, 0x11, 0x11, 0x13, 0x20, 0x11, 
	0x12, 0x22, 0x11, 0x11, 0x12, 0x12, 0x23, 0x12, 
	0xcb, 0xbc, 0xcc, 0xcd, 0xdc, 0xdb, 0xbb, 0xbb, 
	0x95, 0x38, 0x8a, 0xa9, 0xab, 0xbb, 0xbb, 0xba, 
	0xaa, 0xab, 0xbb, 0xba, 0x9a, 0xa8, 0x83, 0x59, 
	0xbb, 0xbb, 0xbd, 0xcd, 0xdc, 0xcc, 0xcb, 0xbc, 
	0x78, 0x77, 0x76, 0x79, 0x98, 0x87, 0x76, 0x87, 
	0x54, 0x23, 0x67, 0x78, 0x98, 0x88, 0x89, 0x99, 
	0x99, 0x99, 0x88, 0x89, 0x87, 0x76, 0x32, 0x45, 
	0x78, 0x67, 0x78, 0x89, 0x97, 0x67, 0x77, 0x87, 
	0x77, 0x87, 0x76, 0x77, 0x77, 0x77, 0x77, 0x77, 
	0x53, 0x03, 0x66, 0x66, 0x66, 0x66, 0x66, 0x66, 
	0x77, 0x66, 0x66, 0x66, 0x66, 0x66, 0x30, 0x35, 
	0x77, 0x77, 0x77, 0x77, 0x77, 0x67, 0x78, 0x77, 
	0x77, 0x77, 0x77, 0x77, 0x76, 0x76, 0x77, 0x77, 
	0x52, 0x13, 0x66, 0x66, 0x66, 0x77, 0x77, 0x66, 
	0x66, 0x76, 0x77, 0x66, 0x66, 0x66, 0x31, 0x25, 
	0x77, 0x77, 0x67, 0x67, 0x77, 0x77, 0x77, 0x77, 
	0x77, 0x76, 0x67, 0x78, 0x87, 0x77, 0x76, 0x76, 
	0x53, 0x24, 0x76, 0x66, 0x76, 0x76, 0x67, 0x76, 
	0x66, 0x76, 0x67, 0x67, 0x66, 0x67, 0x42, 0x35, 
	0x67, 0x67, 0x77, 0x78, 0x87, 0x76, 0x67, 0x77, 
	0x77, 0x66, 0x66, 0x57, 0x77, 0x77, 0x77, 0x77, 
	0x53, 0x24, 0x76, 0x66, 0x77, 0x76, 0x67, 0x76, 
	0x67, 0x76, 0x67, 0x77, 0x66, 0x67, 0x42, 0x35, 
	0x77, 0x77, 0x77, 0x77, 0x75, 0x66, 0x66, 0x77, 
	0x77, 0x77, 0x77, 0x67, 0x77, 0x76, 0x77, 0x87, 
	0x53, 0x15, 0x66, 0x67, 0x77, 0x76, 0x66, 0x66, 
	0x66, 0x66, 0x67, 0x77, 0x76, 0x66, 0x51, 0x35, 
	0x78, 0x77, 0x67, 0x77, 0x76, 0x77, 0x77, 0x77, 
	0x77, 0x77, 0x77, 0x67, 0x77, 0x76, 0x77, 0x87, 
	0x53, 0x15, 0x66, 0x67, 0x77, 0x76, 0x66, 0x66, 
	0x66, 0x66, 0x67, 0x77, 0x76, 0x66, 0x51, 0x35, 
	0x78, 0x77, 0x67, 0x77, 0x76, 0x77, 0x77, 0x77, 
	0x77, 0x77, 0x77, 0x77, 0x77, 0x76, 0x77, 0x76, 
	0x64, 0x24, 0x56, 0x57, 0x67, 0x66, 0x67, 0x66, 
	0x66, 0x76, 0x66, 0x76, 0x75, 0x65, 0x42, 0x46, 
	0x67, 0x77, 0x67, 0x77, 0x77, 0x77, 0x77, 0x77, 
	0x78, 0x77, 0x77, 0x78, 0x66, 0x76, 0x76, 0x67, 
	0x74, 0x13, 0x66, 0x66, 0x66, 0x77, 0x67, 0x66, 
	0x76, 0x76, 0x77, 0x66, 0x66, 0x66, 0x31, 0x47, 
	0x76, 0x67, 0x67, 0x66, 0x87, 0x77, 0x77, 0x87, 
	0x78, 0x88, 0x77, 0x77, 0x77, 0x76, 0x77, 0x67, 
	0x76, 0x14, 0x66, 0x66, 0x67, 0x77, 0x77, 0x66, 
	0x66, 0x77, 0x77, 0x76, 0x66, 0x66, 0x41, 0x67, 
	0x76, 0x77, 0x67, 0x77, 0x77, 0x77, 0x88, 0x87, 
	0x77, 0x76, 0x66, 0x77, 0x76, 0x76, 0x66, 0x67, 
	0x55, 0x04, 0x67, 0x66, 0x66, 0x56, 0x66, 0x66, 
	0x76, 0x67, 0x65, 0x66, 0x66, 0x76, 0x40, 0x55, 
	0x76, 0x66, 0x67, 0x67, 0x77, 0x66, 0x67, 0x77, 
	0x87, 0x77, 0x76, 0x57, 0x77, 0x75, 0x66, 0x77, 
	0x65, 0x14, 0x67, 0x76, 0x65, 0x77, 0x77, 0x77, 
	0x66, 0x77, 0x77, 0x56, 0x67, 0x76, 0x41, 0x56, 
	0x77, 0x66, 0x57, 0x77, 0x75, 0x67, 0x77, 0x78, 
	0x55, 0x54, 0x44, 0x43, 0x23, 0x54, 0x34, 0x66, 
	0x35, 0x05, 0x77, 0x66, 0x56, 0x65, 0x55, 0x55, 
	0x55, 0x45, 0x56, 0x65, 0x66, 0x77, 0x50, 0x53, 
	0x66, 0x43, 0x45, 0x32, 0x34, 0x44, 0x45, 0x55, 
	0x00, 0x00, 0x00, 0x00, 0x00, 0x00, 0x00, 0x00, 
	0x00, 0x01, 0x10, 0x00, 0x00, 0x00, 0x00, 0x00, 
	0x00, 0x00, 0x00, 0x00, 0x00, 0x01, 0x10, 0x00, 
	0x00, 0x00, 0x00, 0x00, 0x00, 0x00, 0x00, 0x00, 
	0x00, 0x00, 0x00, 0x00, 0x00, 0x00, 0x00, 0x00, 
	0x00, 0x00, 0x00, 0x00, 0x00, 0x00, 0x00, 0x00, 
	0x00, 0x00, 0x00, 0x00, 0x00, 0x00, 0x00, 0x00, 
	0x00, 0x00, 0x00, 0x00, 0x00, 0x00, 0x00, 0x00, 
	0x34, 0x35, 0x56, 0x66, 0x55, 0x54, 0x45, 0x67, 
	0x57, 0x55, 0x46, 0x67, 0x44, 0x43, 0x22, 0x20, 
	0x01, 0x22, 0x34, 0x44, 0x76, 0x64, 0x55, 0x75, 
	0x76, 0x54, 0x45, 0x55, 0x66, 0x65, 0x53, 0x43, 
	0x69, 0xab, 0xbc, 0xcc, 0xdc, 0xcb, 0xab, 0xab, 
	0xbb, 0xbb, 0xaa, 0xbb, 0xa9, 0xa9, 0x88, 0x73, 
	0x36, 0x98, 0x9a, 0x9a, 0xbb, 0xaa, 0xbb, 0xbb, 
	0xba, 0xba, 0xbc, 0xcd, 0xcc, 0xcb, 0xba, 0x96, 
	0x49, 0x99, 0x99, 0x88, 0x98, 0x89, 0x98, 0x87, 
	0x77, 0x88, 0x77, 0x77, 0x78, 0x89, 0x9a, 0xa4, 
	0x69, 0xaa, 0x98, 0x87, 0x77, 0x77, 0x88, 0x77, 
	0x78, 0x89, 0x98, 0x89, 0x88, 0x99, 0x99, 0x94, 
	0x26, 0x66, 0x66, 0x65, 0x66, 0x56, 0x75, 0x66, 
	0x76, 0x77, 0x66, 0x66, 0x55, 0x66, 0x55, 0x52, 
	0x44, 0x56, 0x66, 0x55, 0x66, 0x66, 0x77, 0x67, 
	0x66, 0x57, 0x65, 0x66, 0x56, 0x66, 0x66, 0x62, 
	0x36, 0x66, 0x66, 0x65, 0x57, 0x66, 0x67, 0x77, 
	0x77, 0x77, 0x77, 0x66, 0x55, 0x66, 0x65, 0x43, 
	0x34, 0x56, 0x66, 0x56, 0x66, 0x77, 0x77, 0x77, 
	0x77, 0x76, 0x66, 0x75, 0x56, 0x66, 0x66, 0x63, 
	0x37, 0x76, 0x67, 0x77, 0x66, 0x67, 0x77, 0x76, 
	0x67, 0x67, 0x76, 0x76, 0x66, 0x77, 0x66, 0x53, 
	0x35, 0x66, 0x77, 0x66, 0x67, 0x67, 0x76, 0x76, 
	0x67, 0x77, 0x76, 0x66, 0x77, 0x76, 0x67, 0x73, 
	0x26, 0x66, 0x67, 0x67, 0x76, 0x77, 0x87, 0x77, 
	0x77, 0x77, 0x66, 0x77, 0x77, 0x77, 0x76, 0x53, 
	0x25, 0x67, 0x77, 0x77, 0x77, 0x66, 0x77, 0x77, 
	0x77, 0x78, 0x77, 0x67, 0x76, 0x76, 0x66, 0x62, 
	0x26, 0x67, 0x77, 0x77, 0x66, 0x77, 0x76, 0x77, 
	0x66, 0x67, 0x66, 0x77, 0x76, 0x66, 0x66, 0x54, 
	0x24, 0x67, 0x66, 0x67, 0x77, 0x66, 0x76, 0x66, 
	0x77, 0x67, 0x77, 0x66, 0x77, 0x77, 0x76, 0x62, 
	0x36, 0x77, 0x67, 0x77, 0x77, 0x67, 0x77, 0x66, 
	0x66, 0x66, 0x66, 0x76, 0x66, 0x66, 0x66, 0x54, 
	0x25, 0x66, 0x66, 0x66, 0x67, 0x66, 0x66, 0x66, 
	0x66, 0x77, 0x76, 0x77, 0x77, 0x76, 0x77, 0x63, 
	0x36, 0x66, 0x66, 0x76, 0x76, 0x76, 0x67, 0x77, 
	0x66, 0x66, 0x55, 0x76, 0x65, 0x66, 0x56, 0x55, 
	0x35, 0x65, 0x66, 0x56, 0x67, 0x55, 0x66, 0x66, 
	0x77, 0x76, 0x67, 0x67, 0x67, 0x66, 0x66, 0x63, 
	0x46, 0x67, 0x77, 0x66, 0x66, 0x76, 0x66, 0x66, 
	0x66, 0x66, 0x56, 0x66, 0x65, 0x66, 0x56, 0x55, 
	0x25, 0x65, 0x66, 0x56, 0x66, 0x65, 0x66, 0x66, 
	0x66, 0x66, 0x67, 0x66, 0x66, 0x77, 0x76, 0x64, 
	0x36, 0x77, 0x76, 0x65, 0x66, 0x65, 0x65, 0x66, 
	0x55, 0x66, 0x56, 0x65, 0x55, 0x66, 0x76, 0x54, 
	0x15, 0x77, 0x66, 0x55, 0x56, 0x65, 0x66, 0x55, 
	0x66, 0x56, 0x56, 0x66, 0x56, 0x67, 0x77, 0x63, 
	0x16, 0x77, 0x77, 0x66, 0x76, 0x76, 0x66, 0x56, 
	0x66, 0x65, 0x55, 0x66, 0x65, 0x66, 0x66, 0x54, 
	0x25, 0x66, 0x66, 0x56, 0x66, 0x55, 0x56, 0x66, 
	0x65, 0x66, 0x67, 0x67, 0x66, 0x77, 0x77, 0x61, 
	0x14, 0x33, 0x33, 0x44, 0x53, 0x55, 0x45, 0x55, 
	0x65, 0x56, 0x57, 0x76, 0x66, 0x66, 0x66, 0x65, 
	0x35, 0x66, 0x66, 0x66, 0x67, 0x75, 0x65, 0x56, 
	0x55, 0x54, 0x55, 0x35, 0x44, 0x33, 0x33, 0x41, 
	0x00, 0x00, 0x00, 0x00, 0x00, 0x00, 0x00, 0x00, 
	0x00, 0x02, 0x23, 0x32, 0x21, 0x11, 0x22, 0x31, 
	0x03, 0x12, 0x11, 0x12, 0x23, 0x32, 0x20, 0x00, 
	0x00, 0x00, 0x00, 0x00, 0x00, 0x00, 0x00, 0x00, 
	0x10, 0x00, 0x00, 0x00, 0x00, 0x00, 0x00, 0x00, 
	0x00, 0x00, 0x00, 0x00, 0x00, 0x00, 0x00, 0x00, 
	0x00, 0x00, 0x00, 0x00, 0x00, 0x00, 0x00, 0x00, 
	0x00, 0x00, 0x00, 0x00, 0x00, 0x00, 0x00, 0x01, 
	0xce, 0xca, 0xad, 0xed, 0xde, 0xdd, 0xee, 0xdd, 
	0xd8, 0x57, 0xbc, 0xde, 0xee, 0xee, 0xdc, 0xcd, 
	0xdc, 0xcd, 0xee, 0xee, 0xed, 0xcb, 0x75, 0x8d, 
	0xdd, 0xee, 0xdd, 0xed, 0xde, 0xda, 0xac, 0xec, 
	0x67, 0x77, 0x77, 0x66, 0x67, 0x76, 0x66, 0x76, 
	0x64, 0x26, 0x66, 0x77, 0x77, 0x77, 0x89, 0x88, 
	0x88, 0x98, 0x77, 0x77, 0x77, 0x66, 0x62, 0x46, 
	0x67, 0x66, 0x67, 0x76, 0x66, 0x77, 0x77, 0x76, 
	0x67, 0x78, 0x87, 0x66, 0x67, 0x76, 0x65, 0x76, 
	0x31, 0x05, 0x66, 0x77, 0x77, 0x77, 0x77, 0x77, 
	0x77, 0x77, 0x77, 0x77, 0x77, 0x66, 0x50, 0x13, 
	0x67, 0x56, 0x67, 0x76, 0x66, 0x78, 0x87, 0x76, 
	0x77, 0x77, 0x77, 0x66, 0x66, 0x75, 0x66, 0x67, 
	0x64, 0x26, 0x67, 0x77, 0x77, 0x77, 0x77, 0x77, 
	0x77, 0x77, 0x77, 0x77, 0x77, 0x76, 0x62, 0x46, 
	0x76, 0x66, 0x57, 0x66, 0x66, 0x77, 0x77, 0x77, 
	0x67, 0x77, 0x77, 0x66, 0x77, 0x75, 0x77, 0x67, 
	0x64, 0x25, 0x67, 0x77, 0x77, 0x76, 0x77, 0x77, 
	0x77, 0x77, 0x77, 0x77, 0x77, 0x76, 0x52, 0x46, 
	0x76, 0x77, 0x57, 0x77, 0x66, 0x77, 0x77, 0x76, 
	0x77, 0x77, 0x77, 0x66, 0x77, 0x76, 0x76, 0x66, 
	0x53, 0x14, 0x66, 0x77, 0x77, 0x76, 0x77, 0x77, 
	0x87, 0x77, 0x67, 0x77, 0x77, 0x66, 0x41, 0x35, 
	0x66, 0x67, 0x67, 0x77, 0x66, 0x77, 0x77, 0x77, 
	0x67, 0x77, 0x77, 0x67, 0x77, 0x66, 0x76, 0x66, 
	0x54, 0x05, 0x77, 0x77, 0x77, 0x77, 0x77, 0x77, 
	0x77, 0x77, 0x77, 0x77, 0x77, 0x77, 0x50, 0x45, 
	0x66, 0x67, 0x66, 0x77, 0x76, 0x77, 0x77, 0x76, 
	0x77, 0x77, 0x77, 0x66, 0x77, 0x76, 0x76, 0x66, 
	0x53, 0x14, 0x66, 0x77, 0x77, 0x76, 0x77, 0x77, 
	0x87, 0x77, 0x67, 0x77, 0x77, 0x66, 0x41, 0x35, 
	0x66, 0x67, 0x67, 0x77, 0x66, 0x77, 0x77, 0x77, 
	0x67, 0x77, 0x77, 0x67, 0x77, 0x66, 0x76, 0x66, 
	0x54, 0x05, 0x77, 0x77, 0x77, 0x77, 0x77, 0x77, 
	0x77, 0x77, 0x77, 0x77, 0x77, 0x77, 0x50, 0x45, 
	0x66, 0x67, 0x66, 0x77, 0x76, 0x77, 0x77, 0x76, 
	0x77, 0x77, 0x76, 0x67, 0x76, 0x65, 0x67, 0x76, 
	0x43, 0x16, 0x77, 0x77, 0x77, 0x77, 0x77, 0x67, 
	0x77, 0x77, 0x77, 0x77, 0x77, 0x77, 0x61, 0x34, 
	0x67, 0x76, 0x56, 0x67, 0x76, 0x67, 0x77, 0x77, 
	0x78, 0x77, 0x77, 0x66, 0x67, 0x76, 0x66, 0x76, 
	0x44, 0x25, 0x67, 0x76, 0x67, 0x77, 0x77, 0x77, 
	0x77, 0x77, 0x77, 0x76, 0x67, 0x76, 0x52, 0x44, 
	0x67, 0x66, 0x67, 0x76, 0x66, 0x77, 0x77, 0x87, 
	0x77, 0x77, 0x76, 0x76, 0x66, 0x76, 0x66, 0x66, 
	0x52, 0x04, 0x65, 0x67, 0x66, 0x66, 0x77, 0x77, 
	0x77, 0x77, 0x76, 0x66, 0x76, 0x66, 0x40, 0x35, 
	0x66, 0x66, 0x67, 0x66, 0x67, 0x67, 0x77, 0x77, 
	0x77, 0x87, 0x77, 0x77, 0x76, 0x76, 0x76, 0x66, 
	0x53, 0x05, 0x65, 0x77, 0x76, 0x66, 0x66, 0x66, 
	0x76, 0x76, 0x76, 0x67, 0x77, 0x66, 0x50, 0x35, 
	0x66, 0x67, 0x67, 0x67, 0x77, 0x77, 0x78, 0x87, 
	0x57, 0x77, 0x74, 0x23, 0x66, 0x76, 0x76, 0x66, 
	0x54, 0x26, 0x66, 0x64, 0x56, 0x56, 0x65, 0x56, 
	0x56, 0x66, 0x65, 0x65, 0x56, 0x66, 0x62, 0x45, 
	0x66, 0x67, 0x67, 0x66, 0x32, 0x47, 0x77, 0x75, 
	0x00, 0x00, 0x00, 0x00, 0x11, 0x21, 0x21, 0x11, 
	0x22, 0x21, 0x10, 0x00, 0x00, 0x01, 0x22, 0x33, 
	0x12, 0x11, 0x10, 0x00, 0x01, 0x01, 0x12, 0x22, 
	0x11, 0x12, 0x12, 0x11, 0x00, 0x00, 0x00, 0x00, 
	0x10, 0x01, 0x10, 0x01, 0x00, 0x10, 0x00, 0x01, 
	0x13, 0x22, 0x22, 0x12, 0x11, 0x10, 0x11, 0x00, 
	0x00, 0x22, 0x01, 0x11, 0x21, 0x22, 0x22, 0x31, 
	0x10, 0x00, 0x01, 0x00, 0x10, 0x01, 0x10, 0x01, 
	0x87, 0x76, 0x67, 0x77, 0x77, 0x77, 0x77, 0x88, 
	0x88, 0x89, 0x99, 0x89, 0x88, 0x88, 0x97, 0x42, 
	0x47, 0x8a, 0x88, 0x88, 0x98, 0x99, 0x98, 0x88, 
	0x88, 0x77, 0x77, 0x77, 0x77, 0x76, 0x67, 0x78, 
	0xbc, 0xcc, 0xcc, 0xdc, 0xcc, 0xbc, 0xdc, 0xcb, 
	0xac, 0xbb, 0xbd, 0xbb, 0xbb, 0xbb, 0xba, 0x62, 
	0x78, 0xab, 0xbb, 0xbb, 0xbb, 0xdb, 0xbb, 0xca, 
	0xbc, 0xcd, 0xcb, 0xcc, 0xcd, 0xcc, 0xcc, 0xcb, 
	0x77, 0x77, 0x76, 0x77, 0x76, 0x76, 0x66, 0x66, 
	0x77, 0x67, 0x66, 0x76, 0x76, 0x66, 0x65, 0x42, 
	0x45, 0x66, 0x66, 0x67, 0x67, 0x66, 0x76, 0x77, 
	0x66, 0x66, 0x67, 0x67, 0x77, 0x67, 0x77, 0x77, 
	0x66, 0x77, 0x77, 0x77, 0x66, 0x66, 0x77, 0x77, 
	0x77, 0x77, 0x77, 0x76, 0x77, 0x77, 0x75, 0x31, 
	0x45, 0x56, 0x77, 0x77, 0x67, 0x77, 0x77, 0x77, 
	0x77, 0x77, 0x66, 0x66, 0x77, 0x77, 0x77, 0x67, 
	0x77, 0x67, 0x77, 0x66, 0x77, 0x76, 0x77, 0x77, 
	0x76, 0x67, 0x77, 0x67, 0x77, 0x77, 0x65, 0x31, 
	0x45, 0x56, 0x77, 0x77, 0x76, 0x77, 0x76, 0x67, 
	0x77, 0x77, 0x67, 0x77, 0x66, 0x77, 0x76, 0x77, 
	0x67, 0x66, 0x66, 0x66, 0x77, 0x76, 0x67, 0x77, 
	0x66, 0x77, 0x67, 0x77, 0x77, 0x77, 0x65, 0x30, 
	0x44, 0x56, 0x77, 0x77, 0x77, 0x76, 0x77, 0x66, 
	0x77, 0x76, 0x77, 0x77, 0x66, 0x66, 0x66, 0x77, 
	0x76, 0x77, 0x77, 0x77, 0x77, 0x76, 0x77, 0x77, 
	0x77, 0x77, 0x77, 0x77, 0x77, 0x77, 0x75, 0x31, 
	0x44, 0x67, 0x77, 0x77, 0x77, 0x77, 0x77, 0x77, 
	0x77, 0x77, 0x67, 0x77, 0x77, 0x77, 0x77, 0x67, 
	0x67, 0x77, 0x77, 0x77, 0x87, 0x77, 0x77, 0x77, 
	0x76, 0x77, 0x77, 0x77, 0x76, 0x67, 0x76, 0x41, 
	0x34, 0x67, 0x76, 0x67, 0x77, 0x77, 0x77, 0x67, 
	0x77, 0x77, 0x77, 0x78, 0x77, 0x77, 0x77, 0x76, 
	0x66, 0x76, 0x67, 0x77, 0x77, 0x77, 0x77, 0x67, 
	0x76, 0x77, 0x77, 0x77, 0x76, 0x66, 0x66, 0x62, 
	0x45, 0x66, 0x66, 0x67, 0x77, 0x77, 0x77, 0x67, 
	0x76, 0x77, 0x77, 0x77, 0x77, 0x76, 0x67, 0x66, 
	0x66, 0x66, 0x67, 0x77, 0x66, 0x67, 0x67, 0x66, 
	0x77, 0x77, 0x67, 0x76, 0x76, 0x66, 0x66, 0x70, 
	0x45, 0x66, 0x66, 0x67, 0x67, 0x76, 0x77, 0x77, 
	0x66, 0x76, 0x76, 0x66, 0x77, 0x76, 0x66, 0x66, 
	0x66, 0x67, 0x76, 0x67, 0x76, 0x76, 0x66, 0x76, 
	0x67, 0x77, 0x57, 0x76, 0x76, 0x66, 0x65, 0x60, 
	0x35, 0x66, 0x66, 0x67, 0x67, 0x75, 0x77, 0x76, 
	0x67, 0x66, 0x67, 0x67, 0x76, 0x67, 0x77, 0x66, 
	0x66, 0x77, 0x77, 0x67, 0x66, 0x76, 0x65, 0x77, 
	0x66, 0x57, 0x67, 0x66, 0x76, 0x76, 0x65, 0x50, 
	0x45, 0x66, 0x77, 0x67, 0x66, 0x76, 0x75, 0x66, 
	0x77, 0x56, 0x67, 0x66, 0x76, 0x77, 0x77, 0x66, 
	0x33, 0x34, 0x44, 0x34, 0x32, 0x34, 0x42, 0x44, 
	0x32, 0x14, 0x32, 0x13, 0x45, 0x44, 0x44, 0x40, 
	0x23, 0x34, 0x44, 0x54, 0x31, 0x23, 0x41, 0x23, 
	0x44, 0x24, 0x43, 0x23, 0x43, 0x44, 0x43, 0x33, 
	0x00, 0x00, 0x00, 0x00, 0x00, 0x00, 0x00, 0x00, 
	0x00, 0x00, 0x00, 0x00, 0x00, 0x00, 0x00, 0x00, 
	0x00, 0x00, 0x00, 0x00, 0x00, 0x00, 0x00, 0x00, 
	0x00, 0x00, 0x00, 0x00, 0x00, 0x00, 0x00, 0x00, 
	0x00, 0x00, 0x00, 0x00, 0x00, 0x00, 0x00, 0x00, 
	0x00, 0x00, 0x00, 0x00, 0x00, 0x00, 0x00, 0x00, 
	0x00, 0x00, 0x00, 0x00, 0x00, 0x00, 0x00, 0x00, 
	0x00, 0x00, 0x00, 0x00, 0x00, 0x00, 0x00, 0x00, 
	
};

Gfx bob_dl_stone_floor_i8_aligner[] = {gsSPEndDisplayList()};
u8 bob_dl_stone_floor_i8[] = {
	0xc7, 0xca, 0xca, 0xd8, 0xca, 0xde, 0xde, 0xca, 
	0xab, 0x9a, 0xbf, 0xca, 0xc7, 0xb2, 0x9a, 0xbf, 
	0xca, 0xd7, 0xf0, 0xde, 0xab, 0xbf, 0xd8, 0xf8, 
	0xde, 0x9a, 0x9a, 0xab, 0xbf, 0xab, 0x9a, 0xab, 
	0xab, 0xbf, 0xd8, 0xd8, 0xca, 0xde, 0xde, 0xde, 
	0xde, 0xde, 0xca, 0xc7, 0xbf, 0xab, 0xab, 0xab, 
	0xd7, 0xca, 0xf8, 0xf8, 0xf0, 0xde, 0xf0, 0xf0, 
	0xde, 0x9a, 0xab, 0x9a, 0xc7, 0xc7, 0xab, 0xbf, 
	0x9a, 0xc7, 0xd8, 0xd8, 0xca, 0xde, 0xb2, 0xc7, 
	0xc7, 0xc7, 0xde, 0xde, 0xde, 0xc7, 0xbf, 0xab, 
	0xbf, 0xde, 0xf8, 0xf0, 0xf0, 0xd8, 0xb2, 0xc7, 
	0xf0, 0xde, 0x9a, 0x9a, 0xbf, 0xc7, 0xbf, 0xbf, 
	0xbf, 0xca, 0xd8, 0xca, 0xde, 0xca, 0x9a, 0xab, 
	0xbf, 0xce, 0xce, 0xb2, 0xb2, 0xde, 0xde, 0xde, 
	0xf0, 0xf8, 0xf0, 0xf0, 0xd8, 0xab, 0x9a, 0xb2, 
	0xc7, 0xf0, 0xde, 0xb2, 0xab, 0xab, 0xbf, 0xab, 
	0xab, 0xca, 0xca, 0xca, 0xde, 0x9a, 0x9a, 0xab, 
	0xab, 0xab, 0xab, 0xb2, 0xc7, 0xc7, 0xb2, 0xce, 
	0xde, 0xf0, 0xf0, 0xde, 0xab, 0x9a, 0xab, 0xab, 
	0xb2, 0xce, 0xde, 0xde, 0xb2, 0xab, 0xab, 0x9a, 
	0xbf, 0xbf, 0xca, 0xde, 0xf0, 0x9a, 0xab, 0xab, 
	0xbf, 0xca, 0xbf, 0xab, 0xab, 0x9a, 0x9a, 0xab, 
	0xb2, 0xce, 0xde, 0xce, 0x9a, 0x9a, 0xb2, 0xca, 
	0xb2, 0xab, 0xb2, 0xde, 0xce, 0x9a, 0xab, 0xbf, 
	0xca, 0xbf, 0xde, 0xf0, 0xde, 0xab, 0x9a, 0xbf, 
	0xca, 0xc7, 0xbf, 0xc7, 0xbf, 0xab, 0x9a, 0xb2, 
	0xab, 0xbf, 0xd8, 0xb2, 0x9a, 0xab, 0xc7, 0xc7, 
	0xbf, 0xab, 0xb2, 0xc7, 0xde, 0xce, 0xbf, 0xc7, 
	0xde, 0xde, 0xf0, 0xde, 0xde, 0xce, 0x9a, 0xab, 
	0xc7, 0xab, 0xab, 0xbf, 0xc7, 0xbf, 0xab, 0xca, 
	0xca, 0xbf, 0xde, 0xab, 0x9a, 0xab, 0xbf, 0xb2, 
	0xab, 0xb2, 0xd7, 0xca, 0xc7, 0xde, 0xce, 0xc7, 
	0xce, 0xc7, 0xb2, 0xab, 0xde, 0xde, 0x9a, 0x9a, 
	0xab, 0x9a, 0xbf, 0xca, 0xc7, 0xd7, 0xca, 0xca, 
	0xbf, 0xde, 0xf0, 0xce, 0xab, 0x9a, 0xab, 0x9a, 
	0xab, 0xca, 0xd8, 0xd7, 0xca, 0xde, 0xde, 0xde, 
	0x9a, 0xb2, 0xab, 0xab, 0xc7, 0xde, 0xab, 0x9a, 
	0xab, 0xab, 0xca, 0xc7, 0xd7, 0xca, 0xbf, 0xca, 
	0xd8, 0xde, 0xde, 0xde, 0xca, 0x9a, 0x9a, 0xab, 
	0xbf, 0xbf, 0xd8, 0xd8, 0xc7, 0xf0, 0xde, 0xce, 
	0xb2, 0xab, 0x9a, 0xbf, 0xc7, 0xd8, 0xca, 0xab, 
	0xab, 0xbf, 0xca, 0xca, 0xd7, 0xbf, 0xd8, 0xf0, 
	0xde, 0xab, 0xb2, 0xce, 0xde, 0xab, 0x9a, 0xbf, 
	0xc7, 0xbf, 0xca, 0xc7, 0xde, 0xde, 0xb2, 0x9a, 
	0xab, 0xbf, 0xc7, 0xd7, 0xca, 0xd7, 0xde, 0xb2, 
	0x9a, 0xab, 0xc7, 0xd7, 0xca, 0xd8, 0xf0, 0xde, 
	0x9a, 0x9a, 0xbf, 0xc7, 0xde, 0xce, 0xb2, 0xab, 
	0xbf, 0xbf, 0xab, 0xce, 0xde, 0xab, 0x9a, 0xab, 
	0xc7, 0xca, 0xca, 0xca, 0xd7, 0xce, 0xde, 0xca, 
	0xb2, 0xab, 0xbf, 0xca, 0xf0, 0xde, 0xce, 0x9a, 
	0x9a, 0xab, 0xbf, 0xbf, 0xce, 0xde, 0xbf, 0xab, 
	0xab, 0xc7, 0xce, 0xde, 0xab, 0x9a, 0x9a, 0xab, 
	0xca, 0xc7, 0xd7, 0xca, 0xce, 0xc7, 0xd8, 0xde, 
	0xbf, 0xbf, 0xca, 0xf0, 0xde, 0xb2, 0x9a, 0x9a, 
	0xab, 0xc7, 0xbf, 0xbf, 0xce, 0xde, 0xce, 0xbf, 
	0xca, 0xde, 0xde, 0xb2, 0xab, 0xab, 0xab, 0xbf, 
	0xb2, 0xca, 0xbf, 0xb2, 0xab, 0xbf, 0xce, 0xde, 
	0xc7, 0xca, 0xde, 0xce, 0x9a, 0x9a, 0xab, 0xbf, 
	0xc7, 0xca, 0xab, 0xbf, 0xc7, 0xde, 0xde, 0xde, 
	0xde, 0xde, 0xb2, 0x9a, 0xab, 0xab, 0xbf, 0xab, 
	0xab, 0xb2, 0x9a, 0xab, 0xbf, 0xca, 0xce, 0xd8, 
	0xde, 0xde, 0xb2, 0x9a, 0xab, 0xbf, 0xc7, 0xbf, 
	0xbf, 0xab, 0xab, 0xc7, 0xca, 0xce, 0xde, 0xde, 
	0xde, 0xce, 0x9a, 0xab, 0xab, 0xbf, 0xbf, 0xb2, 
	0xbf, 0xab, 0xab, 0xb2, 0xca, 0xd8, 0xca, 0xd8, 
	0xf0, 0xce, 0x9a, 0x9a, 0xbf, 0xc7, 0xc7, 0xbf, 
	0xc7, 0xc7, 0xbf, 0xc7, 0xd8, 0xbf, 0xce, 0xde, 
	0xce, 0x9a, 0x9a, 0xab, 0xbf, 0xc7, 0xc7, 0xc7, 
	0xab, 0xab, 0xbf, 0xca, 0xd8, 0xca, 0xd8, 0xde, 
	0xde, 0xde, 0xab, 0x9a, 0xab, 0xbf, 0xab, 0xc7, 
	0xc7, 0xbf, 0xc7, 0xca, 0xca, 0xc7, 0xc7, 0xde, 
	0xab, 0x9a, 0xab, 0xb2, 0xbf, 0xb2, 0xb2, 0xbf, 
	0xab, 0xbf, 0xca, 0xca, 0xca, 0xde, 0xde, 0xde, 
	0xce, 0xde, 0xde, 0xca, 0xab, 0x9a, 0xc7, 0xbf, 
	0xbf, 0xca, 0xc7, 0xd8, 0xd7, 0xc7, 0xce, 0xde, 
	0xab, 0x9a, 0xab, 0xb2, 0xab, 0xb2, 0xc7, 0xbf, 
	0xbf, 0xca, 0xc7, 0xde, 0xde, 0xde, 0xc7, 0x9a, 
	0xab, 0xab, 0xd8, 0xde, 0xca, 0xab, 0xbf, 0xc7, 
	0xd7, 0xd7, 0xd8, 0xd7, 0xd7, 0xce, 0xde, 0xf0, 
	0xb2, 0xab, 0x9a, 0x9a, 0xab, 0xca, 0xbf, 0xab, 
	0xbf, 0xc7, 0xde, 0xf0, 0xc7, 0x9a, 0x9a, 0xab, 
	0xab, 0xbf, 0xab, 0xd8, 0xde, 0xca, 0xb2, 0xbf, 
	0xd7, 0xd8, 0xd8, 0xbf, 0xce, 0xde, 0xf0, 0xde, 
	0xde, 0xde, 0xab, 0x9a, 0xbf, 0xab, 0x9a, 0x9a, 
	0xc7, 0xde, 0xf0, 0xc7, 0x9a, 0xab, 0xb2, 0xb2, 
	0xab, 0xb2, 0xc7, 0xbf, 0xd8, 0xde, 0xca, 0xab, 
	0xca, 0xbf, 0xbf, 0xca, 0xde, 0xde, 0xc7, 0xab, 
	0xb2, 0xc7, 0xde, 0xde, 0xab, 0xab, 0xab, 0x9a, 
	0xde, 0xde, 0xce, 0x9a, 0x9a, 0x9a, 0xb2, 0xb2, 
	0xc7, 0xc7, 0xb2, 0xbf, 0xbf, 0xce, 0xde, 0xca, 
	0xbf, 0xca, 0xde, 0xde, 0xc7, 0x9a, 0xab, 0xbf, 
	0xca, 0xc7, 0xc7, 0xde, 0xde, 0xce, 0xbf, 0xab, 
	0xde, 0xde, 0x9a, 0x9a, 0xab, 0xab, 0xab, 0xc7, 
	0xca, 0xd7, 0xd7, 0xca, 0xca, 0xca, 0xde, 0xf0, 
	0xde, 0xde, 0xce, 0x9a, 0x9a, 0xab, 0xb2, 0xb2, 
	0xbf, 0xab, 0xb2, 0xb2, 0xce, 0xde, 0xde, 0xf0, 
	0xf0, 0xd8, 0x9a, 0x9a, 0xab, 0x9a, 0xb2, 0xca, 
	0xd7, 0xca, 0xc7, 0xca, 0xd8, 0xf0, 0xde, 0xde, 
	0xde, 0xb2, 0x9a, 0xab, 0xab, 0xb2, 0xb2, 0xab, 
	0x9a, 0x9a, 0xab, 0xab, 0xb2, 0xce, 0xf0, 0xde, 
	0xb2, 0xce, 0xab, 0x9a, 0x9a, 0xab, 0xca, 0xd7, 
	0xca, 0xd8, 0xf0, 0xde, 0xde, 0xce, 0xc7, 0xce, 
	0xde, 0xab, 0x9a, 0x9a, 0xab, 0xbf, 0xc7, 0xbf, 
	0xab, 0xab, 0xbf, 0xbf, 0xbf, 0xce, 0xde, 0xce, 
	0xab, 0xb2, 0xde, 0xce, 0x9a, 0xab, 0xbf, 0xca, 
	0xde, 0xf0, 0xde, 0xc7, 0x9a, 0xab, 0xbf, 0xce, 
	0xde, 0xb2, 0x9a, 0xab, 0xca, 0xc7, 0xca, 0xca, 
	0xbf, 0xca, 0xd7, 0xca, 0xc7, 0xde, 0xde, 0x9a, 
	0xab, 0xbf, 0xce, 0xf0, 0xde, 0xca, 0xca, 0xde, 
	0xd8, 0xc7, 0x9a, 0x9a, 0xab, 0xbf, 0xc7, 0xbf, 
	0xd8, 0xde, 0xab, 0x9a, 0xab, 0xc7, 0xca, 0xc7, 
	0xab, 0xd7, 0xd7, 0xce, 0xde, 0xde, 0xc7, 0xab, 
	0xab, 0xc7, 0xd8, 0xce, 0xde, 0xde, 0xde, 0xc7, 
	0x9a, 0x9a, 0xab, 0xab, 0xbf, 0xc7, 0xc7, 0xbf, 
	0xce, 0xde, 0xb2, 0x9a, 0x9a, 0xab, 0xbf, 0xbf, 
	0xca, 0xd7, 0xc7, 0xde, 0xde, 0xc7, 0xab, 0xbf, 
	0xca, 0xbf, 0xb2, 0xce, 0xce, 0xde, 0xc7, 0x9a, 
	0xab, 0xbf, 0xab, 0xab, 0xc7, 0xc7, 0xca, 0xca, 
	0xbf, 0xde, 0xce, 0xb2, 0x9a, 0xbf, 0xbf, 0xce, 
	0xca, 0xc7, 0xde, 0xc7, 0x9a, 0x9a, 0xbf, 0xc7, 
	0xab, 0xbf, 0xbf, 0xab, 0xbf, 0xde, 0x9a, 0xab, 
	0xc7, 0xab, 0xab, 0xbf, 0xca, 0xc7, 0xb2, 0xca, 
	0xbf, 0xd8, 0xde, 0xab, 0xb2, 0xce, 0xca, 0xd7, 
	0xce, 0xde, 0xc7, 0x9a, 0xab, 0xab, 0xc7, 0xca, 
	0xbf, 0xca, 0xca, 0xca, 0xbf, 0xde, 0xab, 0xab, 
	0xbf, 0xab, 0xbf, 0xbf, 0xca, 0xab, 0xab, 0xca, 
	0xca, 0xce, 0xde, 0xab, 0xb2, 0xce, 0xd7, 0xd8, 
	0xf0, 0xc7, 0x9a, 0x9a, 0xab, 0xc7, 0xab, 0xab, 
	
};

Gfx bob_dl_wood13_64_i8_aligner[] = {gsSPEndDisplayList()};
u8 bob_dl_wood13_64_i8[] = {
	0x3b, 0x35, 0x33, 0x3b, 0x42, 0x3e, 0x4c, 0x4c, 
	0x58, 0x4c, 0x58, 0x58, 0x54, 0x4e, 0x54, 0x44, 
	0x3f, 0x42, 0x47, 0x42, 0x4a, 0x4a, 0x58, 0x58, 
	0x58, 0x58, 0x50, 0x49, 0x46, 0x40, 0x3b, 0x3b, 
	0x3b, 0x37, 0x40, 0x40, 0x2f, 0x2f, 0x4c, 0x4c, 
	0x44, 0x44, 0x49, 0x55, 0x4c, 0x4c, 0x51, 0x48, 
	0x51, 0x55, 0x4d, 0x49, 0x49, 0x49, 0x46, 0x43, 
	0x4a, 0x53, 0x53, 0x3b, 0x3b, 0x3b, 0x36, 0x38, 
	0x3b, 0x35, 0x38, 0x3b, 0x3e, 0x47, 0x4c, 0x4c, 
	0x58, 0x4c, 0x54, 0x58, 0x4e, 0x49, 0x54, 0x44, 
	0x3b, 0x42, 0x47, 0x42, 0x4a, 0x4a, 0x58, 0x58, 
	0x58, 0x60, 0x49, 0x49, 0x46, 0x40, 0x3b, 0x3b, 
	0x3b, 0x37, 0x40, 0x40, 0x2f, 0x2f, 0x5b, 0x4c, 
	0x44, 0x49, 0x49, 0x55, 0x4c, 0x43, 0x51, 0x4c, 
	0x55, 0x55, 0x49, 0x49, 0x49, 0x49, 0x49, 0x43, 
	0x43, 0x53, 0x53, 0x3b, 0x3b, 0x3b, 0x36, 0x3b, 
	0x3b, 0x35, 0x38, 0x38, 0x42, 0x4c, 0x4c, 0x4c, 
	0x58, 0x4c, 0x58, 0x58, 0x54, 0x54, 0x54, 0x49, 
	0x3f, 0x47, 0x47, 0x3f, 0x4a, 0x4a, 0x58, 0x58, 
	0x58, 0x60, 0x50, 0x49, 0x4c, 0x40, 0x3b, 0x40, 
	0x3b, 0x33, 0x40, 0x40, 0x2f, 0x3d, 0x5b, 0x4c, 
	0x44, 0x49, 0x49, 0x55, 0x4c, 0x4c, 0x51, 0x51, 
	0x55, 0x55, 0x49, 0x49, 0x49, 0x49, 0x46, 0x49, 
	0x43, 0x4a, 0x53, 0x3b, 0x3b, 0x3b, 0x38, 0x3b, 
	0x3b, 0x35, 0x35, 0x3b, 0x3e, 0x4c, 0x4c, 0x4c, 
	0x58, 0x50, 0x54, 0x58, 0x54, 0x4e, 0x54, 0x49, 
	0x3f, 0x47, 0x47, 0x42, 0x43, 0x43, 0x58, 0x58, 
	0x58, 0x60, 0x50, 0x50, 0x4c, 0x3b, 0x3b, 0x3b, 
	0x3b, 0x33, 0x40, 0x40, 0x2f, 0x3d, 0x5b, 0x4c, 
	0x44, 0x49, 0x49, 0x55, 0x4c, 0x48, 0x51, 0x51, 
	0x55, 0x55, 0x4d, 0x49, 0x49, 0x43, 0x46, 0x46, 
	0x43, 0x53, 0x53, 0x3b, 0x3b, 0x38, 0x38, 0x38, 
	0x3e, 0x36, 0x3b, 0x3e, 0x3b, 0x42, 0x49, 0x50, 
	0x58, 0x50, 0x54, 0x54, 0x4c, 0x4c, 0x54, 0x4c, 
	0x38, 0x43, 0x48, 0x43, 0x47, 0x47, 0x57, 0x60, 
	0x54, 0x58, 0x4f, 0x4b, 0x45, 0x3c, 0x3c, 0x45, 
	0x3d, 0x30, 0x43, 0x43, 0x32, 0x4b, 0x58, 0x4b, 
	0x46, 0x46, 0x46, 0x58, 0x51, 0x4a, 0x51, 0x51, 
	0x53, 0x53, 0x48, 0x48, 0x49, 0x49, 0x44, 0x49, 
	0x40, 0x53, 0x53, 0x40, 0x3b, 0x3b, 0x3b, 0x3b, 
	0x3e, 0x36, 0x38, 0x3e, 0x42, 0x42, 0x49, 0x50, 
	0x58, 0x50, 0x54, 0x58, 0x50, 0x50, 0x54, 0x4c, 
	0x3d, 0x48, 0x48, 0x43, 0x47, 0x47, 0x57, 0x57, 
	0x54, 0x58, 0x54, 0x4f, 0x4f, 0x45, 0x34, 0x3c, 
	0x3d, 0x37, 0x43, 0x43, 0x32, 0x4b, 0x58, 0x4b, 
	0x46, 0x4b, 0x4b, 0x58, 0x51, 0x44, 0x51, 0x58, 
	0x53, 0x53, 0x4d, 0x48, 0x49, 0x47, 0x45, 0x49, 
	0x40, 0x4d, 0x53, 0x40, 0x3b, 0x3b, 0x36, 0x3b, 
	0x3e, 0x36, 0x38, 0x3e, 0x42, 0x42, 0x50, 0x50, 
	0x58, 0x54, 0x54, 0x58, 0x50, 0x4c, 0x54, 0x49, 
	0x38, 0x43, 0x48, 0x43, 0x47, 0x47, 0x57, 0x60, 
	0x58, 0x58, 0x4f, 0x4f, 0x4f, 0x45, 0x3c, 0x3c, 
	0x3d, 0x37, 0x43, 0x3d, 0x32, 0x4b, 0x58, 0x4b, 
	0x46, 0x52, 0x52, 0x58, 0x51, 0x44, 0x58, 0x58, 
	0x53, 0x53, 0x4d, 0x48, 0x49, 0x47, 0x49, 0x49, 
	0x40, 0x4d, 0x53, 0x40, 0x3b, 0x3b, 0x38, 0x3b, 
	0x3b, 0x36, 0x36, 0x3e, 0x42, 0x42, 0x49, 0x50, 
	0x58, 0x4c, 0x58, 0x50, 0x4c, 0x49, 0x50, 0x49, 
	0x38, 0x43, 0x48, 0x3d, 0x47, 0x47, 0x57, 0x60, 
	0x58, 0x4f, 0x54, 0x4f, 0x4f, 0x45, 0x34, 0x3c, 
	0x3d, 0x37, 0x43, 0x3d, 0x32, 0x3e, 0x58, 0x4b, 
	0x46, 0x4b, 0x52, 0x58, 0x51, 0x4a, 0x58, 0x58, 
	0x53, 0x4d, 0x4d, 0x43, 0x44, 0x47, 0x49, 0x49, 
	0x46, 0x46, 0x53, 0x40, 0x3b, 0x3b, 0x36, 0x38, 
	0x3b, 0x36, 0x36, 0x40, 0x3b, 0x43, 0x4c, 0x55, 
	0x5d, 0x50, 0x50, 0x54, 0x4a, 0x45, 0x50, 0x45, 
	0x3a, 0x41, 0x48, 0x48, 0x44, 0x44, 0x54, 0x5d, 
	0x5d, 0x4f, 0x4f, 0x4f, 0x4d, 0x3e, 0x37, 0x3e, 
	0x3f, 0x38, 0x3f, 0x3f, 0x37, 0x40, 0x55, 0x55, 
	0x49, 0x52, 0x58, 0x58, 0x4b, 0x44, 0x5a, 0x5a, 
	0x50, 0x50, 0x50, 0x44, 0x42, 0x42, 0x4c, 0x3e, 
	0x43, 0x48, 0x53, 0x43, 0x3b, 0x3b, 0x38, 0x3b, 
	0x3b, 0x36, 0x3b, 0x40, 0x43, 0x43, 0x4c, 0x55, 
	0x5d, 0x50, 0x58, 0x5d, 0x50, 0x4a, 0x50, 0x4a, 
	0x3a, 0x41, 0x48, 0x41, 0x44, 0x44, 0x54, 0x5d, 
	0x5d, 0x4f, 0x49, 0x4f, 0x4d, 0x46, 0x37, 0x3e, 
	0x43, 0x38, 0x43, 0x3f, 0x37, 0x40, 0x55, 0x55, 
	0x4e, 0x4e, 0x58, 0x58, 0x53, 0x44, 0x5a, 0x5a, 
	0x50, 0x50, 0x50, 0x3e, 0x42, 0x4c, 0x47, 0x42, 
	0x43, 0x48, 0x53, 0x43, 0x3b, 0x3b, 0x36, 0x3b, 
	0x3b, 0x36, 0x36, 0x40, 0x3b, 0x43, 0x4c, 0x55, 
	0x5d, 0x50, 0x58, 0x5d, 0x50, 0x45, 0x50, 0x45, 
	0x33, 0x3a, 0x41, 0x41, 0x44, 0x44, 0x54, 0x5d, 
	0x5d, 0x4f, 0x49, 0x49, 0x4d, 0x46, 0x37, 0x3e, 
	0x43, 0x3b, 0x43, 0x3f, 0x37, 0x37, 0x55, 0x55, 
	0x49, 0x52, 0x58, 0x58, 0x4b, 0x44, 0x5a, 0x5a, 
	0x50, 0x4a, 0x4a, 0x44, 0x42, 0x4c, 0x4c, 0x42, 
	0x43, 0x43, 0x4d, 0x43, 0x3b, 0x38, 0x36, 0x3b, 
	0x3b, 0x36, 0x36, 0x46, 0x43, 0x43, 0x4c, 0x55, 
	0x5d, 0x50, 0x58, 0x5d, 0x50, 0x45, 0x4a, 0x40, 
	0x33, 0x3a, 0x48, 0x41, 0x44, 0x44, 0x4c, 0x5d, 
	0x5d, 0x4f, 0x4f, 0x56, 0x4d, 0x3e, 0x37, 0x3e, 
	0x43, 0x3f, 0x43, 0x3f, 0x37, 0x37, 0x55, 0x55, 
	0x49, 0x52, 0x58, 0x58, 0x53, 0x44, 0x5a, 0x5a, 
	0x50, 0x50, 0x50, 0x44, 0x3e, 0x4c, 0x4c, 0x47, 
	0x48, 0x48, 0x53, 0x43, 0x3b, 0x38, 0x36, 0x3b, 
	0x39, 0x37, 0x39, 0x40, 0x3e, 0x3e, 0x46, 0x55, 
	0x60, 0x49, 0x60, 0x60, 0x50, 0x4a, 0x50, 0x44, 
	0x33, 0x3a, 0x47, 0x47, 0x44, 0x44, 0x4c, 0x5d, 
	0x64, 0x54, 0x4c, 0x5c, 0x50, 0x47, 0x37, 0x3f, 
	0x49, 0x3f, 0x44, 0x3b, 0x38, 0x38, 0x50, 0x50, 
	0x45, 0x4c, 0x5b, 0x5b, 0x53, 0x44, 0x5b, 0x5b, 
	0x53, 0x4d, 0x4d, 0x43, 0x40, 0x4d, 0x4d, 0x44, 
	0x4b, 0x43, 0x4f, 0x47, 0x40, 0x39, 0x37, 0x40, 
	0x3c, 0x37, 0x39, 0x40, 0x3e, 0x3e, 0x4d, 0x55, 
	0x60, 0x49, 0x58, 0x60, 0x50, 0x4a, 0x50, 0x3e, 
	0x33, 0x3a, 0x47, 0x47, 0x44, 0x44, 0x4c, 0x5d, 
	0x64, 0x54, 0x4c, 0x5c, 0x50, 0x47, 0x3f, 0x3f, 
	0x49, 0x3f, 0x3f, 0x3f, 0x38, 0x38, 0x50, 0x50, 
	0x45, 0x54, 0x5b, 0x5b, 0x53, 0x44, 0x5b, 0x53, 
	0x53, 0x4d, 0x4d, 0x48, 0x40, 0x48, 0x4d, 0x44, 
	0x47, 0x47, 0x4b, 0x43, 0x40, 0x39, 0x39, 0x40, 
	0x39, 0x39, 0x39, 0x40, 0x46, 0x3e, 0x4d, 0x55, 
	0x60, 0x49, 0x50, 0x60, 0x50, 0x50, 0x50, 0x44, 
	0x33, 0x3a, 0x47, 0x40, 0x44, 0x4c, 0x4c, 0x5d, 
	0x64, 0x54, 0x4c, 0x5c, 0x50, 0x3f, 0x37, 0x3f, 
	0x49, 0x3b, 0x49, 0x3b, 0x38, 0x38, 0x50, 0x50, 
	0x45, 0x4c, 0x5b, 0x5b, 0x53, 0x44, 0x53, 0x5b, 
	0x53, 0x4d, 0x4d, 0x43, 0x40, 0x48, 0x4d, 0x48, 
	0x47, 0x47, 0x4f, 0x43, 0x40, 0x37, 0x39, 0x40, 
	0x3c, 0x39, 0x39, 0x40, 0x46, 0x3e, 0x46, 0x55, 
	0x60, 0x49, 0x49, 0x60, 0x50, 0x50, 0x50, 0x3e, 
	0x3a, 0x40, 0x47, 0x47, 0x54, 0x4c, 0x4c, 0x5d, 
	0x64, 0x5c, 0x4c, 0x5c, 0x50, 0x3f, 0x3f, 0x3f, 
	0x49, 0x3f, 0x44, 0x3f, 0x38, 0x38, 0x50, 0x50, 
	0x45, 0x54, 0x5b, 0x5b, 0x53, 0x44, 0x53, 0x5b, 
	0x53, 0x53, 0x4d, 0x48, 0x48, 0x44, 0x4d, 0x44, 
	0x4b, 0x4b, 0x4f, 0x43, 0x3c, 0x37, 0x3c, 0x40, 
	0x38, 0x33, 0x3e, 0x43, 0x4c, 0x3b, 0x4c, 0x55, 
	0x5b, 0x4c, 0x4c, 0x5b, 0x53, 0x53, 0x53, 0x44, 
	0x37, 0x3c, 0x48, 0x48, 0x58, 0x49, 0x49, 0x60, 
	0x60, 0x60, 0x50, 0x58, 0x4c, 0x40, 0x3b, 0x40, 
	0x43, 0x3b, 0x43, 0x3f, 0x3b, 0x3b, 0x58, 0x4e, 
	0x3b, 0x4e, 0x58, 0x58, 0x58, 0x49, 0x58, 0x58, 
	0x50, 0x50, 0x50, 0x48, 0x50, 0x44, 0x4c, 0x44, 
	0x4d, 0x46, 0x4d, 0x40, 0x40, 0x38, 0x38, 0x40, 
	0x38, 0x38, 0x3e, 0x43, 0x43, 0x3b, 0x43, 0x55, 
	0x5b, 0x44, 0x53, 0x5b, 0x53, 0x4d, 0x53, 0x44, 
	0x3c, 0x3c, 0x48, 0x48, 0x50, 0x49, 0x50, 0x60, 
	0x60, 0x60, 0x50, 0x50, 0x4c, 0x3b, 0x40, 0x40, 
	0x43, 0x3b, 0x43, 0x3f, 0x3b, 0x3b, 0x58, 0x4e, 
	0x3b, 0x4e, 0x58, 0x58, 0x52, 0x49, 0x52, 0x58, 
	0x50, 0x50, 0x50, 0x48, 0x50, 0x44, 0x4c, 0x48, 
	0x4d, 0x4d, 0x4d, 0x40, 0x3c, 0x38, 0x3c, 0x40, 
	0x38, 0x38, 0x3e, 0x43, 0x3b, 0x3b, 0x4c, 0x55, 
	0x5b, 0x44, 0x4c, 0x5b, 0x53, 0x4d, 0x53, 0x44, 
	0x37, 0x3c, 0x48, 0x48, 0x50, 0x49, 0x50, 0x60, 
	0x60, 0x60, 0x58, 0x49, 0x4c, 0x3b, 0x40, 0x40, 
	0x43, 0x3b, 0x43, 0x3f, 0x3b, 0x3b, 0x58, 0x4e, 
	0x3b, 0x4e, 0x58, 0x58, 0x58, 0x49, 0x52, 0x52, 
	0x50, 0x50, 0x50, 0x4a, 0x50, 0x48, 0x50, 0x48, 
	0x4d, 0x4d, 0x4d, 0x40, 0x3c, 0x34, 0x3c, 0x40, 
	0x38, 0x33, 0x3e, 0x43, 0x3b, 0x3b, 0x43, 0x55, 
	0x5b, 0x44, 0x4c, 0x5b, 0x4d, 0x4d, 0x53, 0x4d, 
	0x3c, 0x3c, 0x48, 0x48, 0x50, 0x49, 0x49, 0x60, 
	0x60, 0x60, 0x58, 0x49, 0x4c, 0x40, 0x40, 0x46, 
	0x3f, 0x38, 0x43, 0x3f, 0x3b, 0x3b, 0x58, 0x4e, 
	0x3b, 0x44, 0x58, 0x58, 0x58, 0x49, 0x4e, 0x52, 
	0x50, 0x50, 0x50, 0x48, 0x50, 0x48, 0x4c, 0x48, 
	0x4d, 0x4d, 0x53, 0x40, 0x40, 0x38, 0x3c, 0x40, 
	0x38, 0x38, 0x3e, 0x43, 0x38, 0x38, 0x43, 0x4d, 
	0x58, 0x44, 0x4a, 0x58, 0x4f, 0x55, 0x55, 0x49, 
	0x3b, 0x46, 0x4c, 0x46, 0x4f, 0x49, 0x4f, 0x5d, 
	0x62, 0x62, 0x56, 0x4a, 0x49, 0x3f, 0x44, 0x44, 
	0x43, 0x38, 0x3e, 0x3e, 0x3b, 0x3b, 0x5b, 0x50, 
	0x37, 0x4d, 0x58, 0x58, 0x53, 0x4c, 0x53, 0x50, 
	0x53, 0x50, 0x4c, 0x49, 0x51, 0x4a, 0x4a, 0x44, 
	0x53, 0x4a, 0x53, 0x43, 0x3b, 0x38, 0x3b, 0x3b, 
	0x33, 0x33, 0x3e, 0x43, 0x38, 0x2f, 0x43, 0x4d, 
	0x58, 0x44, 0x44, 0x58, 0x55, 0x55, 0x55, 0x49, 
	0x3b, 0x46, 0x4c, 0x4c, 0x56, 0x49, 0x49, 0x5d, 
	0x62, 0x62, 0x56, 0x3f, 0x49, 0x3f, 0x3f, 0x44, 
	0x43, 0x33, 0x3e, 0x43, 0x3b, 0x3b, 0x5b, 0x50, 
	0x37, 0x42, 0x58, 0x58, 0x53, 0x4c, 0x50, 0x50, 
	0x50, 0x50, 0x53, 0x4c, 0x51, 0x4a, 0x4a, 0x44, 
	0x4a, 0x4a, 0x53, 0x3b, 0x3b, 0x37, 0x38, 0x3b, 
	0x38, 0x38, 0x3e, 0x43, 0x38, 0x2f, 0x38, 0x4d, 
	0x58, 0x44, 0x4a, 0x58, 0x49, 0x55, 0x55, 0x44, 
	0x3b, 0x40, 0x4c, 0x4c, 0x4f, 0x49, 0x4f, 0x5d, 
	0x62, 0x62, 0x62, 0x3f, 0x49, 0x44, 0x44, 0x44, 
	0x43, 0x33, 0x43, 0x43, 0x3b, 0x3b, 0x5b, 0x50, 
	0x37, 0x4d, 0x58, 0x58, 0x53, 0x4c, 0x53, 0x50, 
	0x53, 0x53, 0x53, 0x4c, 0x58, 0x44, 0x4a, 0x44, 
	0x4a, 0x53, 0x53, 0x3b, 0x3b, 0x39, 0x39, 0x3b, 
	0x33, 0x38, 0x3e, 0x43, 0x38, 0x2f, 0x38, 0x4d, 
	0x58, 0x4a, 0x44, 0x51, 0x4f, 0x4f, 0x55, 0x49, 
	0x3b, 0x40, 0x4c, 0x4c, 0x4f, 0x49, 0x4f, 0x5d, 
	0x62, 0x62, 0x56, 0x3f, 0x49, 0x3f, 0x3f, 0x49, 
	0x43, 0x33, 0x3e, 0x43, 0x3b, 0x3b, 0x5b, 0x50, 
	0x37, 0x4d, 0x58, 0x58, 0x53, 0x49, 0x50, 0x4c, 
	0x50, 0x53, 0x53, 0x50, 0x58, 0x4a, 0x44, 0x44, 
	0x53, 0x53, 0x53, 0x3b, 0x3b, 0x39, 0x37, 0x3b, 
	0x33, 0x37, 0x40, 0x40, 0x3e, 0x33, 0x33, 0x55, 
	0x58, 0x44, 0x44, 0x51, 0x4e, 0x4e, 0x58, 0x44, 
	0x3b, 0x46, 0x4c, 0x4c, 0x4d, 0x44, 0x4d, 0x60, 
	0x60, 0x60, 0x54, 0x3e, 0x4c, 0x40, 0x40, 0x46, 
	0x43, 0x2f, 0x43, 0x43, 0x3b, 0x3b, 0x5d, 0x51, 
	0x37, 0x4d, 0x58, 0x58, 0x55, 0x4d, 0x4d, 0x49, 
	0x50, 0x53, 0x53, 0x4c, 0x56, 0x46, 0x46, 0x46, 
	0x4e, 0x58, 0x58, 0x3b, 0x40, 0x3b, 0x36, 0x3b, 
	0x33, 0x37, 0x3b, 0x40, 0x33, 0x33, 0x33, 0x55, 
	0x58, 0x4a, 0x44, 0x51, 0x4e, 0x4e, 0x58, 0x3b, 
	0x3b, 0x40, 0x4c, 0x4c, 0x4d, 0x44, 0x56, 0x60, 
	0x60, 0x60, 0x54, 0x3e, 0x4c, 0x40, 0x3b, 0x40, 
	0x43, 0x2f, 0x3c, 0x43, 0x3b, 0x3b, 0x5d, 0x51, 
	0x37, 0x4d, 0x58, 0x58, 0x55, 0x4d, 0x51, 0x4d, 
	0x53, 0x50, 0x53, 0x50, 0x56, 0x4d, 0x46, 0x3e, 
	0x4e, 0x58, 0x58, 0x3b, 0x40, 0x3b, 0x32, 0x3b, 
	0x33, 0x37, 0x40, 0x40, 0x33, 0x33, 0x33, 0x55, 
	0x58, 0x51, 0x44, 0x51, 0x4e, 0x44, 0x58, 0x3b, 
	0x3b, 0x46, 0x4c, 0x4c, 0x4d, 0x44, 0x56, 0x60, 
	0x60, 0x60, 0x54, 0x3e, 0x4c, 0x40, 0x3b, 0x46, 
	0x43, 0x36, 0x43, 0x43, 0x3b, 0x3b, 0x5d, 0x51, 
	0x37, 0x42, 0x58, 0x58, 0x55, 0x49, 0x4d, 0x49, 
	0x4d, 0x50, 0x53, 0x4c, 0x56, 0x4d, 0x3e, 0x3e, 
	0x44, 0x58, 0x58, 0x3b, 0x40, 0x3b, 0x32, 0x40, 
	0x33, 0x37, 0x40, 0x40, 0x33, 0x33, 0x33, 0x55, 
	0x58, 0x51, 0x4a, 0x51, 0x4e, 0x4e, 0x58, 0x3b, 
	0x3b, 0x40, 0x4c, 0x4c, 0x4d, 0x44, 0x56, 0x60, 
	0x60, 0x60, 0x49, 0x3e, 0x46, 0x40, 0x3b, 0x40, 
	0x43, 0x2f, 0x43, 0x43, 0x3b, 0x3b, 0x5d, 0x46, 
	0x37, 0x42, 0x58, 0x58, 0x55, 0x4d, 0x51, 0x49, 
	0x53, 0x4d, 0x53, 0x4c, 0x56, 0x4d, 0x3e, 0x3e, 
	0x4e, 0x58, 0x58, 0x3b, 0x3b, 0x40, 0x32, 0x3b, 
	0x33, 0x38, 0x3e, 0x43, 0x32, 0x32, 0x32, 0x55, 
	0x58, 0x52, 0x49, 0x52, 0x48, 0x52, 0x5d, 0x3e, 
	0x3b, 0x46, 0x4c, 0x4c, 0x48, 0x3e, 0x5d, 0x5d, 
	0x64, 0x59, 0x43, 0x43, 0x43, 0x3f, 0x3b, 0x43, 
	0x3e, 0x37, 0x3e, 0x3e, 0x40, 0x40, 0x5b, 0x48, 
	0x3b, 0x46, 0x5b, 0x5b, 0x58, 0x4c, 0x53, 0x4c, 
	0x50, 0x50, 0x50, 0x42, 0x50, 0x50, 0x3e, 0x44, 
	0x4e, 0x58, 0x58, 0x3b, 0x40, 0x40, 0x33, 0x3b, 
	0x33, 0x38, 0x3e, 0x43, 0x32, 0x32, 0x32, 0x55, 
	0x58, 0x52, 0x49, 0x4e, 0x48, 0x52, 0x5d, 0x3e, 
	0x40, 0x46, 0x4c, 0x4c, 0x48, 0x3e, 0x5d, 0x5d, 
	0x64, 0x59, 0x4e, 0x43, 0x43, 0x43, 0x3b, 0x43, 
	0x3e, 0x37, 0x3e, 0x3e, 0x40, 0x40, 0x5b, 0x40, 
	0x3b, 0x46, 0x5b, 0x5b, 0x58, 0x50, 0x50, 0x4c, 
	0x50, 0x50, 0x50, 0x3b, 0x50, 0x50, 0x44, 0x3e, 
	0x44, 0x58, 0x58, 0x3b, 0x40, 0x40, 0x37, 0x37, 
	0x33, 0x33, 0x3e, 0x43, 0x32, 0x32, 0x3d, 0x55, 
	0x58, 0x52, 0x4e, 0x58, 0x48, 0x52, 0x5d, 0x3e, 
	0x3b, 0x40, 0x4c, 0x4c, 0x48, 0x3e, 0x5d, 0x5d, 
	0x64, 0x59, 0x4e, 0x43, 0x43, 0x3f, 0x37, 0x43, 
	0x3e, 0x37, 0x3e, 0x3a, 0x40, 0x40, 0x5b, 0x40, 
	0x3b, 0x46, 0x5b, 0x5b, 0x58, 0x50, 0x4c, 0x4c, 
	0x50, 0x50, 0x50, 0x3b, 0x50, 0x50, 0x44, 0x3e, 
	0x44, 0x58, 0x4e, 0x3b, 0x40, 0x40, 0x33, 0x37, 
	0x33, 0x38, 0x3e, 0x43, 0x32, 0x32, 0x3d, 0x55, 
	0x58, 0x58, 0x49, 0x58, 0x48, 0x52, 0x5d, 0x3e, 
	0x3b, 0x4c, 0x4c, 0x4c, 0x48, 0x3e, 0x5d, 0x5d, 
	0x64, 0x59, 0x59, 0x43, 0x43, 0x3f, 0x3b, 0x43, 
	0x3e, 0x3a, 0x3e, 0x3a, 0x40, 0x40, 0x5b, 0x40, 
	0x3b, 0x46, 0x5b, 0x5b, 0x58, 0x50, 0x53, 0x4c, 
	0x50, 0x50, 0x49, 0x3b, 0x50, 0x50, 0x44, 0x4a, 
	0x44, 0x58, 0x4e, 0x3b, 0x40, 0x40, 0x37, 0x37, 
	0x33, 0x33, 0x3e, 0x43, 0x33, 0x33, 0x49, 0x55, 
	0x5d, 0x57, 0x4c, 0x5d, 0x48, 0x4f, 0x58, 0x40, 
	0x3b, 0x49, 0x49, 0x49, 0x4c, 0x43, 0x54, 0x5d, 
	0x5d, 0x5d, 0x4d, 0x4d, 0x43, 0x38, 0x34, 0x43, 
	0x43, 0x34, 0x38, 0x34, 0x3b, 0x44, 0x58, 0x44, 
	0x40, 0x4a, 0x55, 0x60, 0x55, 0x4f, 0x4f, 0x4b, 
	0x53, 0x53, 0x4a, 0x43, 0x50, 0x50, 0x4a, 0x40, 
	0x43, 0x55, 0x4c, 0x43, 0x40, 0x40, 0x3b, 0x37, 
	0x33, 0x38, 0x3e, 0x43, 0x33, 0x33, 0x49, 0x55, 
	0x5d, 0x57, 0x4c, 0x57, 0x48, 0x4f, 0x58, 0x40, 
	0x3b, 0x49, 0x49, 0x49, 0x43, 0x43, 0x54, 0x5d, 
	0x5d, 0x5d, 0x4d, 0x46, 0x43, 0x3e, 0x38, 0x43, 
	0x43, 0x38, 0x38, 0x34, 0x3b, 0x44, 0x58, 0x44, 
	0x40, 0x4a, 0x55, 0x55, 0x4f, 0x46, 0x4f, 0x4f, 
	0x53, 0x53, 0x43, 0x3b, 0x50, 0x50, 0x4a, 0x40, 
	0x4c, 0x55, 0x4c, 0x3b, 0x40, 0x40, 0x3b, 0x37, 
	0x33, 0x38, 0x43, 0x43, 0x33, 0x33, 0x49, 0x55, 
	0x5d, 0x57, 0x4c, 0x57, 0x48, 0x4f, 0x58, 0x40, 
	0x3b, 0x49, 0x49, 0x49, 0x43, 0x43, 0x54, 0x5d, 
	0x5d, 0x5d, 0x55, 0x46, 0x43, 0x3e, 0x38, 0x43, 
	0x43, 0x34, 0x3e, 0x38, 0x3b, 0x4e, 0x58, 0x44, 
	0x40, 0x4a, 0x55, 0x55, 0x55, 0x4b, 0x4f, 0x4f, 
	0x53, 0x53, 0x43, 0x3b, 0x50, 0x50, 0x50, 0x45, 
	0x43, 0x55, 0x4c, 0x3b, 0x40, 0x40, 0x40, 0x32, 
	0x33, 0x33, 0x3e, 0x43, 0x33, 0x3e, 0x49, 0x55, 
	0x5d, 0x57, 0x4c, 0x57, 0x48, 0x4f, 0x58, 0x48, 
	0x3b, 0x49, 0x49, 0x49, 0x43, 0x43, 0x54, 0x5d, 
	0x5d, 0x55, 0x55, 0x46, 0x43, 0x3e, 0x34, 0x43, 
	0x43, 0x34, 0x38, 0x38, 0x3b, 0x4e, 0x58, 0x44, 
	0x40, 0x4a, 0x55, 0x55, 0x4f, 0x4b, 0x4f, 0x55, 
	0x53, 0x53, 0x43, 0x3b, 0x4a, 0x50, 0x4a, 0x45, 
	0x43, 0x55, 0x4c, 0x43, 0x40, 0x40, 0x3b, 0x37, 
	0x33, 0x38, 0x43, 0x43, 0x37, 0x49, 0x53, 0x53, 
	0x5b, 0x54, 0x47, 0x54, 0x4a, 0x4a, 0x58, 0x44, 
	0x37, 0x46, 0x46, 0x46, 0x4b, 0x4b, 0x4b, 0x5b, 
	0x58, 0x58, 0x58, 0x4c, 0x46, 0x39, 0x39, 0x46, 
	0x48, 0x33, 0x3a, 0x3a, 0x42, 0x4d, 0x58, 0x42, 
	0x3b, 0x49, 0x51, 0x51, 0x4d, 0x49, 0x52, 0x52, 
	0x50, 0x50, 0x42, 0x3b, 0x4d, 0x4d, 0x4d, 0x43, 
	0x44, 0x50, 0x4a, 0x3e, 0x40, 0x40, 0x40, 0x37, 
	0x33, 0x33, 0x43, 0x43, 0x37, 0x49, 0x49, 0x53, 
	0x5b, 0x4d, 0x47, 0x54, 0x4a, 0x51, 0x58, 0x4a, 
	0x3e, 0x46, 0x4f, 0x46, 0x43, 0x4b, 0x53, 0x5b, 
	0x58, 0x58, 0x58, 0x4c, 0x46, 0x40, 0x33, 0x46, 
	0x48, 0x33, 0x41, 0x3a, 0x37, 0x4d, 0x58, 0x4d, 
	0x42, 0x49, 0x51, 0x51, 0x52, 0x4d, 0x52, 0x58, 
	0x50, 0x50, 0x42, 0x3b, 0x4d, 0x4d, 0x4d, 0x3e, 
	0x4a, 0x50, 0x4a, 0x3e, 0x40, 0x40, 0x40, 0x37, 
	0x33, 0x33, 0x3e, 0x43, 0x37, 0x49, 0x53, 0x53, 
	0x5b, 0x54, 0x47, 0x54, 0x51, 0x4a, 0x58, 0x44, 
	0x37, 0x46, 0x4f, 0x46, 0x43, 0x43, 0x53, 0x5b, 
	0x54, 0x58, 0x58, 0x4c, 0x46, 0x39, 0x33, 0x46, 
	0x48, 0x33, 0x3a, 0x41, 0x37, 0x4d, 0x58, 0x4d, 
	0x42, 0x49, 0x51, 0x51, 0x58, 0x49, 0x58, 0x58, 
	0x50, 0x50, 0x42, 0x3b, 0x4d, 0x4d, 0x4d, 0x43, 
	0x4a, 0x50, 0x50, 0x3e, 0x40, 0x40, 0x40, 0x33, 
	0x33, 0x38, 0x3e, 0x3e, 0x37, 0x49, 0x49, 0x53, 
	0x5b, 0x4d, 0x47, 0x54, 0x4a, 0x4a, 0x58, 0x4a, 
	0x3e, 0x46, 0x4f, 0x46, 0x43, 0x43, 0x53, 0x5b, 
	0x58, 0x58, 0x58, 0x4c, 0x46, 0x40, 0x33, 0x46, 
	0x48, 0x33, 0x3a, 0x3a, 0x37, 0x4d, 0x58, 0x4d, 
	0x3b, 0x42, 0x51, 0x51, 0x52, 0x49, 0x52, 0x58, 
	0x50, 0x50, 0x49, 0x3b, 0x48, 0x4d, 0x48, 0x48, 
	0x4a, 0x4a, 0x50, 0x3e, 0x40, 0x40, 0x3b, 0x33, 
	0x37, 0x37, 0x40, 0x40, 0x38, 0x48, 0x50, 0x50, 
	0x60, 0x4c, 0x4c, 0x52, 0x53, 0x4c, 0x5b, 0x44, 
	0x38, 0x40, 0x50, 0x48, 0x3e, 0x47, 0x58, 0x58, 
	0x5b, 0x5b, 0x5b, 0x4f, 0x43, 0x3e, 0x38, 0x43, 
	0x43, 0x33, 0x3e, 0x43, 0x37, 0x4e, 0x5a, 0x4e, 
	0x3d, 0x4b, 0x54, 0x54, 0x52, 0x4d, 0x57, 0x57, 
	0x53, 0x53, 0x4a, 0x3b, 0x49, 0x44, 0x49, 0x44, 
	0x48, 0x48, 0x50, 0x44, 0x40, 0x40, 0x3c, 0x39, 
	0x37, 0x3b, 0x40, 0x3b, 0x40, 0x40, 0x50, 0x50, 
	0x60, 0x4c, 0x4c, 0x59, 0x53, 0x4c, 0x5b, 0x4c, 
	0x38, 0x40, 0x50, 0x48, 0x3e, 0x47, 0x58, 0x58, 
	0x5b, 0x5b, 0x5b, 0x53, 0x43, 0x38, 0x33, 0x43, 
	0x43, 0x38, 0x3e, 0x3e, 0x37, 0x4e, 0x5a, 0x4e, 
	0x44, 0x44, 0x54, 0x54, 0x5d, 0x4d, 0x5d, 0x5d, 
	0x53, 0x53, 0x4a, 0x3b, 0x49, 0x44, 0x49, 0x44, 
	0x48, 0x44, 0x50, 0x48, 0x40, 0x40, 0x39, 0x39, 
	0x37, 0x33, 0x3b, 0x37, 0x38, 0x48, 0x50, 0x50, 
	0x60, 0x4c, 0x4c, 0x59, 0x53, 0x4c, 0x5b, 0x4c, 
	0x38, 0x40, 0x50, 0x48, 0x3e, 0x3e, 0x58, 0x58, 
	0x5b, 0x53, 0x5b, 0x53, 0x43, 0x3e, 0x33, 0x43, 
	0x43, 0x33, 0x3e, 0x3e, 0x37, 0x4e, 0x5a, 0x4e, 
	0x44, 0x3d, 0x54, 0x54, 0x57, 0x4d, 0x5d, 0x5d, 
	0x53, 0x53, 0x4a, 0x3b, 0x44, 0x44, 0x49, 0x44, 
	0x4c, 0x44, 0x50, 0x44, 0x40, 0x40, 0x37, 0x39, 
	0x37, 0x3b, 0x3b, 0x3b, 0x40, 0x40, 0x50, 0x50, 
	0x60, 0x52, 0x4c, 0x59, 0x53, 0x4c, 0x5b, 0x44, 
	0x38, 0x48, 0x50, 0x48, 0x3e, 0x3e, 0x58, 0x58, 
	0x5b, 0x57, 0x5b, 0x4f, 0x43, 0x38, 0x38, 0x43, 
	0x43, 0x38, 0x3e, 0x43, 0x37, 0x4e, 0x5a, 0x4e, 
	0x3d, 0x44, 0x54, 0x54, 0x5d, 0x4d, 0x5d, 0x5d, 
	0x53, 0x53, 0x4a, 0x3b, 0x44, 0x3f, 0x49, 0x49, 
	0x48, 0x44, 0x50, 0x44, 0x40, 0x3c, 0x39, 0x3c, 
	0x3b, 0x38, 0x3b, 0x38, 0x3e, 0x3e, 0x4d, 0x55, 
	0x60, 0x50, 0x55, 0x5a, 0x4e, 0x49, 0x5b, 0x49, 
	0x38, 0x41, 0x53, 0x4a, 0x3e, 0x3e, 0x60, 0x60, 
	0x60, 0x50, 0x60, 0x50, 0x48, 0x3c, 0x37, 0x48, 
	0x48, 0x38, 0x3d, 0x3d, 0x3b, 0x4e, 0x58, 0x4e, 
	0x40, 0x40, 0x55, 0x60, 0x5a, 0x50, 0x60, 0x60, 
	0x54, 0x54, 0x4d, 0x40, 0x47, 0x3f, 0x42, 0x47, 
	0x4d, 0x40, 0x53, 0x46, 0x40, 0x3c, 0x37, 0x3c, 
	0x3b, 0x3b, 0x3b, 0x38, 0x3e, 0x3e, 0x55, 0x55, 
	0x60, 0x50, 0x50, 0x5a, 0x4e, 0x49, 0x5b, 0x49, 
	0x38, 0x41, 0x53, 0x4a, 0x3e, 0x3e, 0x60, 0x60, 
	0x60, 0x55, 0x5a, 0x50, 0x48, 0x3c, 0x37, 0x48, 
	0x48, 0x38, 0x3d, 0x3d, 0x3b, 0x4e, 0x58, 0x44, 
	0x40, 0x40, 0x55, 0x60, 0x5a, 0x50, 0x60, 0x5a, 
	0x54, 0x54, 0x4d, 0x40, 0x47, 0x3b, 0x42, 0x42, 
	0x46, 0x46, 0x4d, 0x40, 0x40, 0x39, 0x3c, 0x3c, 
	0x36, 0x38, 0x3b, 0x38, 0x3e, 0x3e, 0x4d, 0x55, 
	0x60, 0x50, 0x50, 0x55, 0x55, 0x49, 0x5b, 0x49, 
	0x38, 0x41, 0x4a, 0x4a, 0x3e, 0x3e, 0x60, 0x60, 
	0x60, 0x50, 0x5a, 0x50, 0x48, 0x3c, 0x37, 0x48, 
	0x48, 0x38, 0x42, 0x3d, 0x44, 0x4e, 0x58, 0x4e, 
	0x40, 0x40, 0x55, 0x60, 0x55, 0x50, 0x60, 0x5a, 
	0x54, 0x54, 0x46, 0x46, 0x47, 0x3b, 0x42, 0x47, 
	0x4d, 0x4d, 0x4d, 0x40, 0x40, 0x37, 0x39, 0x3c, 
	0x3b, 0x38, 0x3b, 0x36, 0x3e, 0x46, 0x4d, 0x55, 
	0x60, 0x50, 0x55, 0x5a, 0x55, 0x4e, 0x5b, 0x49, 
	0x38, 0x41, 0x4a, 0x4a, 0x3e, 0x3e, 0x60, 0x60, 
	0x60, 0x5a, 0x5a, 0x50, 0x48, 0x3c, 0x37, 0x48, 
	0x48, 0x38, 0x42, 0x3d, 0x44, 0x4e, 0x58, 0x4e, 
	0x40, 0x40, 0x55, 0x60, 0x5a, 0x50, 0x60, 0x60, 
	0x54, 0x54, 0x4d, 0x46, 0x47, 0x42, 0x3f, 0x47, 
	0x4d, 0x4d, 0x53, 0x40, 0x3c, 0x39, 0x40, 0x3c, 
	0x38, 0x38, 0x3b, 0x38, 0x40, 0x40, 0x55, 0x55, 
	0x5b, 0x54, 0x54, 0x57, 0x58, 0x4c, 0x58, 0x47, 
	0x3b, 0x48, 0x4f, 0x48, 0x3e, 0x3e, 0x64, 0x64, 
	0x60, 0x60, 0x50, 0x49, 0x4c, 0x40, 0x3b, 0x4c, 
	0x42, 0x36, 0x3c, 0x42, 0x42, 0x4d, 0x58, 0x4d, 
	0x40, 0x40, 0x55, 0x60, 0x59, 0x52, 0x60, 0x59, 
	0x58, 0x58, 0x49, 0x49, 0x4f, 0x3b, 0x3b, 0x48, 
	0x43, 0x55, 0x4c, 0x3b, 0x40, 0x34, 0x40, 0x40, 
	0x38, 0x36, 0x3b, 0x38, 0x40, 0x40, 0x4e, 0x55, 
	0x5b, 0x50, 0x5b, 0x5b, 0x58, 0x51, 0x58, 0x4c, 
	0x3b, 0x48, 0x4f, 0x48, 0x3e, 0x3e, 0x57, 0x64, 
	0x60, 0x60, 0x60, 0x50, 0x4c, 0x3b, 0x3b, 0x4c, 
	0x48, 0x3c, 0x42, 0x3c, 0x42, 0x4d, 0x58, 0x4d, 
	0x40, 0x40, 0x55, 0x60, 0x59, 0x52, 0x60, 0x60, 
	0x58, 0x52, 0x4d, 0x49, 0x4f, 0x42, 0x3b, 0x48, 
	0x4c, 0x55, 0x55, 0x43, 0x40, 0x34, 0x3c, 0x40, 
	0x36, 0x38, 0x3b, 0x3b, 0x40, 0x40, 0x55, 0x55, 
	0x57, 0x50, 0x57, 0x57, 0x51, 0x4c, 0x51, 0x47, 
	0x3b, 0x48, 0x4f, 0x48, 0x3e, 0x3e, 0x64, 0x64, 
	0x60, 0x58, 0x58, 0x49, 0x4c, 0x3b, 0x3b, 0x4c, 
	0x48, 0x36, 0x3c, 0x3c, 0x42, 0x42, 0x58, 0x4d, 
	0x40, 0x40, 0x4a, 0x60, 0x59, 0x4c, 0x59, 0x59, 
	0x58, 0x4d, 0x49, 0x49, 0x4f, 0x42, 0x3b, 0x48, 
	0x4c, 0x55, 0x55, 0x3b, 0x3c, 0x38, 0x40, 0x3c, 
	0x36, 0x36, 0x3b, 0x3b, 0x40, 0x40, 0x4e, 0x55, 
	0x57, 0x50, 0x57, 0x5b, 0x51, 0x4c, 0x58, 0x4c, 
	0x3b, 0x48, 0x4f, 0x4f, 0x3e, 0x3e, 0x57, 0x64, 
	0x60, 0x58, 0x60, 0x49, 0x46, 0x3b, 0x3b, 0x46, 
	0x48, 0x36, 0x42, 0x3c, 0x37, 0x42, 0x58, 0x4d, 
	0x40, 0x40, 0x4a, 0x60, 0x59, 0x52, 0x60, 0x60, 
	0x58, 0x52, 0x4d, 0x4d, 0x4f, 0x42, 0x3b, 0x4f, 
	0x4c, 0x55, 0x55, 0x3b, 0x3c, 0x38, 0x40, 0x40, 
	0x37, 0x33, 0x3a, 0x3a, 0x43, 0x3b, 0x4b, 0x54, 
	0x53, 0x4c, 0x5b, 0x5b, 0x54, 0x4c, 0x54, 0x49, 
	0x3b, 0x4a, 0x53, 0x4a, 0x47, 0x3b, 0x60, 0x60, 
	0x62, 0x59, 0x59, 0x49, 0x46, 0x3c, 0x3c, 0x46, 
	0x40, 0x36, 0x40, 0x40, 0x37, 0x3f, 0x50, 0x47, 
	0x40, 0x48, 0x50, 0x58, 0x58, 0x4d, 0x58, 0x58, 
	0x54, 0x4e, 0x4c, 0x4c, 0x53, 0x43, 0x3b, 0x4a, 
	0x4a, 0x55, 0x55, 0x40, 0x39, 0x36, 0x3d, 0x3d, 
	0x33, 0x33, 0x3a, 0x3e, 0x3b, 0x3b, 0x54, 0x54, 
	0x4c, 0x4c, 0x53, 0x5b, 0x54, 0x50, 0x54, 0x49, 
	0x3b, 0x43, 0x53, 0x53, 0x47, 0x3b, 0x53, 0x60, 
	0x62, 0x51, 0x59, 0x49, 0x46, 0x3c, 0x3c, 0x41, 
	0x40, 0x36, 0x40, 0x40, 0x37, 0x37, 0x50, 0x50, 
	0x40, 0x40, 0x48, 0x58, 0x58, 0x51, 0x58, 0x58, 
	0x54, 0x51, 0x4c, 0x4e, 0x53, 0x43, 0x3b, 0x43, 
	0x4a, 0x55, 0x55, 0x37, 0x39, 0x36, 0x3d, 0x3d, 
	0x37, 0x33, 0x3e, 0x3e, 0x3b, 0x3b, 0x4b, 0x54, 
	0x53, 0x44, 0x53, 0x5b, 0x50, 0x50, 0x50, 0x49, 
	0x3b, 0x43, 0x53, 0x4a, 0x47, 0x3b, 0x53, 0x60, 
	0x62, 0x59, 0x62, 0x49, 0x46, 0x3c, 0x38, 0x41, 
	0x40, 0x36, 0x40, 0x40, 0x37, 0x37, 0x50, 0x50, 
	0x48, 0x40, 0x50, 0x58, 0x54, 0x51, 0x58, 0x58, 
	0x54, 0x51, 0x4e, 0x4c, 0x53, 0x4a, 0x3b, 0x4a, 
	0x4a, 0x55, 0x55, 0x37, 0x3d, 0x39, 0x39, 0x39, 
	0x37, 0x33, 0x3a, 0x3e, 0x3b, 0x3b, 0x54, 0x54, 
	0x53, 0x44, 0x53, 0x5b, 0x50, 0x4c, 0x54, 0x49, 
	0x3b, 0x43, 0x53, 0x53, 0x47, 0x3b, 0x53, 0x60, 
	0x62, 0x59, 0x59, 0x49, 0x46, 0x3c, 0x38, 0x41, 
	0x40, 0x39, 0x40, 0x40, 0x37, 0x37, 0x50, 0x50, 
	0x48, 0x48, 0x48, 0x58, 0x58, 0x4d, 0x58, 0x58, 
	0x54, 0x51, 0x4e, 0x4e, 0x53, 0x4a, 0x43, 0x43, 
	0x4a, 0x55, 0x55, 0x37, 0x3d, 0x36, 0x39, 0x3d, 
	0x3b, 0x33, 0x3b, 0x40, 0x38, 0x3f, 0x4c, 0x4c, 
	0x51, 0x44, 0x51, 0x58, 0x50, 0x4c, 0x50, 0x43, 
	0x37, 0x42, 0x58, 0x4d, 0x4c, 0x44, 0x55, 0x5e, 
	0x5d, 0x54, 0x5d, 0x44, 0x46, 0x3f, 0x39, 0x46, 
	0x43, 0x33, 0x43, 0x43, 0x3c, 0x33, 0x4d, 0x4d, 
	0x48, 0x48, 0x48, 0x54, 0x54, 0x4c, 0x58, 0x54, 
	0x50, 0x4e, 0x4e, 0x4c, 0x53, 0x48, 0x43, 0x43, 
	0x49, 0x53, 0x53, 0x37, 0x3e, 0x3e, 0x39, 0x3e, 
	0x37, 0x33, 0x3b, 0x40, 0x3f, 0x3f, 0x4c, 0x4c, 
	0x51, 0x44, 0x51, 0x58, 0x50, 0x4c, 0x50, 0x43, 
	0x37, 0x42, 0x58, 0x4d, 0x4c, 0x44, 0x55, 0x5e, 
	0x5d, 0x5d, 0x5d, 0x44, 0x46, 0x3f, 0x33, 0x3f, 
	0x3e, 0x33, 0x3e, 0x43, 0x33, 0x33, 0x4d, 0x4d, 
	0x43, 0x48, 0x48, 0x54, 0x54, 0x4c, 0x58, 0x50, 
	0x50, 0x4e, 0x4e, 0x4d, 0x53, 0x48, 0x48, 0x43, 
	0x53, 0x53, 0x53, 0x37, 0x3e, 0x3e, 0x39, 0x3b, 
	0x3b, 0x33, 0x3b, 0x40, 0x45, 0x38, 0x4c, 0x4c, 
	0x51, 0x44, 0x51, 0x58, 0x50, 0x47, 0x50, 0x43, 
	0x37, 0x42, 0x58, 0x4d, 0x4c, 0x44, 0x4c, 0x5e, 
	0x5d, 0x5d, 0x5d, 0x4c, 0x46, 0x3f, 0x33, 0x3f, 
	0x43, 0x38, 0x3e, 0x43, 0x33, 0x33, 0x44, 0x4d, 
	0x48, 0x48, 0x48, 0x54, 0x54, 0x4c, 0x58, 0x50, 
	0x50, 0x50, 0x4d, 0x4e, 0x53, 0x48, 0x48, 0x43, 
	0x53, 0x53, 0x53, 0x37, 0x3e, 0x3e, 0x3b, 0x3b, 
	0x37, 0x33, 0x3b, 0x40, 0x3f, 0x38, 0x4c, 0x4c, 
	0x51, 0x4a, 0x51, 0x58, 0x50, 0x4c, 0x50, 0x43, 
	0x37, 0x42, 0x58, 0x4d, 0x4c, 0x44, 0x55, 0x5e, 
	0x5d, 0x5d, 0x5d, 0x44, 0x46, 0x3f, 0x33, 0x3f, 
	0x43, 0x33, 0x3e, 0x43, 0x33, 0x33, 0x3c, 0x4d, 
	0x48, 0x4e, 0x4e, 0x54, 0x54, 0x50, 0x58, 0x50, 
	0x50, 0x4e, 0x4d, 0x4d, 0x53, 0x48, 0x48, 0x43, 
	0x53, 0x53, 0x53, 0x37, 0x3e, 0x3e, 0x37, 0x39, 
	0x37, 0x37, 0x3b, 0x3e, 0x3f, 0x3b, 0x49, 0x49, 
	0x50, 0x50, 0x50, 0x54, 0x50, 0x47, 0x50, 0x43, 
	0x3b, 0x42, 0x50, 0x49, 0x4a, 0x44, 0x51, 0x58, 
	0x5d, 0x5d, 0x54, 0x43, 0x49, 0x41, 0x33, 0x41, 
	0x3e, 0x38, 0x3e, 0x43, 0x32, 0x32, 0x43, 0x4d, 
	0x48, 0x51, 0x4c, 0x51, 0x4f, 0x49, 0x55, 0x4f, 
	0x55, 0x51, 0x4d, 0x4d, 0x4f, 0x49, 0x49, 0x43, 
	0x50, 0x50, 0x50, 0x3a, 0x3e, 0x3b, 0x3b, 0x3b, 
	0x39, 0x37, 0x3b, 0x3e, 0x44, 0x3b, 0x49, 0x49, 
	0x58, 0x4c, 0x54, 0x54, 0x50, 0x4c, 0x50, 0x43, 
	0x3b, 0x42, 0x50, 0x42, 0x51, 0x44, 0x51, 0x58, 
	0x5d, 0x5d, 0x5d, 0x43, 0x49, 0x41, 0x33, 0x41, 
	0x43, 0x38, 0x43, 0x43, 0x32, 0x32, 0x3a, 0x4d, 
	0x48, 0x4c, 0x51, 0x51, 0x49, 0x44, 0x55, 0x4f, 
	0x55, 0x51, 0x4d, 0x49, 0x4f, 0x49, 0x49, 0x43, 
	0x50, 0x50, 0x50, 0x3a, 0x3e, 0x3e, 0x37, 0x3b, 
	0x39, 0x37, 0x3b, 0x3e, 0x44, 0x3f, 0x49, 0x49, 
	0x54, 0x4c, 0x54, 0x58, 0x50, 0x4c, 0x50, 0x43, 
	0x3b, 0x49, 0x50, 0x42, 0x51, 0x44, 0x51, 0x58, 
	0x5d, 0x5d, 0x4c, 0x43, 0x49, 0x41, 0x33, 0x3a, 
	0x3e, 0x38, 0x43, 0x43, 0x32, 0x32, 0x43, 0x4d, 
	0x44, 0x4c, 0x4c, 0x51, 0x49, 0x44, 0x55, 0x49, 
	0x55, 0x51, 0x49, 0x49, 0x4f, 0x43, 0x49, 0x3e, 
	0x50, 0x50, 0x50, 0x3a, 0x3b, 0x37, 0x37, 0x3b, 
	0x39, 0x37, 0x39, 0x3b, 0x3b, 0x3f, 0x49, 0x49, 
	0x58, 0x4c, 0x50, 0x58, 0x50, 0x50, 0x50, 0x43, 
	0x3b, 0x42, 0x50, 0x42, 0x51, 0x44, 0x51, 0x58, 
	0x5d, 0x5d, 0x4c, 0x43, 0x49, 0x41, 0x33, 0x3a, 
	0x3e, 0x33, 0x43, 0x43, 0x32, 0x32, 0x4d, 0x4d, 
	0x44, 0x4c, 0x4c, 0x51, 0x4f, 0x44, 0x55, 0x4f, 
	0x55, 0x55, 0x49, 0x49, 0x4f, 0x49, 0x43, 0x3e, 
	0x49, 0x50, 0x50, 0x3a, 0x3e, 0x3b, 0x37, 0x3b, 
	
};

Gfx bob_dl_flat8_i4_aligner[] = {gsSPEndDisplayList()};
u8 bob_dl_flat8_i4[] = {
	0x34, 0x44, 0x44, 0x44, 0x44, 0x44, 0x44, 0x43, 
	0x45, 0x55, 0x55, 0x55, 0x55, 0x55, 0x55, 0x54, 
	0x45, 0x55, 0x55, 0x55, 0x55, 0x55, 0x55, 0x54, 
	0x45, 0x55, 0x55, 0x55, 0x55, 0x55, 0x55, 0x54, 
	0x45, 0x55, 0x55, 0x55, 0x55, 0x55, 0x55, 0x54, 
	0x45, 0x55, 0x55, 0x55, 0x55, 0x55, 0x55, 0x54, 
	0x45, 0x55, 0x55, 0x55, 0x55, 0x55, 0x55, 0x54, 
	0x45, 0x55, 0x55, 0x55, 0x55, 0x55, 0x55, 0x54, 
	0x45, 0x55, 0x55, 0x55, 0x55, 0x55, 0x55, 0x54, 
	0x45, 0x55, 0x55, 0x55, 0x55, 0x55, 0x55, 0x54, 
	0x45, 0x55, 0x55, 0x55, 0x55, 0x55, 0x55, 0x54, 
	0x45, 0x55, 0x55, 0x55, 0x55, 0x55, 0x55, 0x54, 
	0x45, 0x55, 0x55, 0x55, 0x55, 0x55, 0x55, 0x54, 
	0x45, 0x55, 0x55, 0x55, 0x55, 0x55, 0x55, 0x54, 
	0x45, 0x55, 0x55, 0x55, 0x55, 0x55, 0x55, 0x54, 
	0x45, 0x55, 0x55, 0x55, 0x55, 0x55, 0x55, 0x54, 
	0x45, 0x55, 0x55, 0x55, 0x55, 0x55, 0x55, 0x54, 
	0x45, 0x55, 0x55, 0x55, 0x55, 0x55, 0x55, 0x54, 
	0x45, 0x55, 0x55, 0x55, 0x55, 0x55, 0x55, 0x54, 
	0x45, 0x55, 0x55, 0x55, 0x55, 0x55, 0x55, 0x54, 
	0x45, 0x55, 0x55, 0x55, 0x55, 0x55, 0x55, 0x54, 
	0x45, 0x55, 0x55, 0x55, 0x55, 0x55, 0x55, 0x54, 
	0x45, 0x55, 0x55, 0x55, 0x55, 0x55, 0x55, 0x54, 
	0x45, 0x55, 0x55, 0x55, 0x55, 0x55, 0x55, 0x54, 
	0x45, 0x55, 0x55, 0x55, 0x55, 0x55, 0x55, 0x54, 
	0x45, 0x55, 0x55, 0x55, 0x55, 0x55, 0x55, 0x54, 
	0x45, 0x55, 0x55, 0x55, 0x55, 0x55, 0x55, 0x54, 
	0x45, 0x55, 0x55, 0x55, 0x55, 0x55, 0x55, 0x54, 
	0x45, 0x55, 0x55, 0x55, 0x55, 0x55, 0x55, 0x54, 
	0x45, 0x55, 0x55, 0x55, 0x55, 0x55, 0x55, 0x54, 
	0x45, 0x55, 0x55, 0x55, 0x55, 0x55, 0x55, 0x54, 
	0x34, 0x44, 0x44, 0x44, 0x44, 0x44, 0x44, 0x43, 
	0x45, 0x55, 0x55, 0x55, 0x55, 0x55, 0x55, 0x54, 
	0x45, 0x55, 0x55, 0x55, 0x55, 0x55, 0x55, 0x54, 
	0x45, 0x55, 0x55, 0x55, 0x55, 0x55, 0x55, 0x54, 
	0x34, 0x44, 0x44, 0x44, 0x44, 0x44, 0x44, 0x43, 
	0x45, 0x55, 0x55, 0x55, 0x55, 0x55, 0x55, 0x54, 
	0x45, 0x55, 0x55, 0x55, 0x55, 0x55, 0x55, 0x54, 
	0x45, 0x55, 0x55, 0x55, 0x55, 0x55, 0x55, 0x54, 
	0x45, 0x55, 0x55, 0x55, 0x55, 0x55, 0x55, 0x54, 
	0x45, 0x55, 0x55, 0x55, 0x55, 0x55, 0x55, 0x54, 
	0x45, 0x55, 0x55, 0x55, 0x55, 0x55, 0x55, 0x54, 
	0x45, 0x55, 0x55, 0x55, 0x55, 0x55, 0x55, 0x54, 
	0x45, 0x55, 0x55, 0x55, 0x55, 0x55, 0x55, 0x54, 
	0x45, 0x55, 0x55, 0x55, 0x55, 0x55, 0x55, 0x54, 
	0x45, 0x55, 0x55, 0x55, 0x55, 0x55, 0x55, 0x54, 
	0x45, 0x55, 0x55, 0x55, 0x55, 0x55, 0x55, 0x54, 
	0x45, 0x55, 0x55, 0x55, 0x55, 0x55, 0x55, 0x54, 
	0x45, 0x55, 0x55, 0x55, 0x55, 0x55, 0x55, 0x54, 
	0x45, 0x55, 0x55, 0x55, 0x55, 0x55, 0x55, 0x54, 
	0x45, 0x55, 0x55, 0x55, 0x55, 0x55, 0x55, 0x54, 
	0x45, 0x55, 0x55, 0x55, 0x55, 0x55, 0x55, 0x54, 
	0x45, 0x55, 0x55, 0x55, 0x55, 0x55, 0x55, 0x54, 
	0x45, 0x55, 0x55, 0x55, 0x55, 0x55, 0x55, 0x54, 
	0x45, 0x55, 0x55, 0x55, 0x55, 0x55, 0x55, 0x54, 
	0x45, 0x55, 0x55, 0x55, 0x55, 0x55, 0x55, 0x54, 
	0x45, 0x55, 0x55, 0x55, 0x55, 0x55, 0x55, 0x54, 
	0x45, 0x55, 0x55, 0x55, 0x55, 0x55, 0x55, 0x54, 
	0x45, 0x55, 0x55, 0x55, 0x55, 0x55, 0x55, 0x54, 
	0x45, 0x55, 0x55, 0x55, 0x55, 0x55, 0x55, 0x54, 
	0x45, 0x55, 0x55, 0x55, 0x55, 0x55, 0x55, 0x54, 
	0x45, 0x55, 0x55, 0x55, 0x55, 0x55, 0x55, 0x54, 
	0x34, 0x44, 0x44, 0x44, 0x44, 0x44, 0x44, 0x43, 
	0x45, 0x55, 0x55, 0x55, 0x55, 0x55, 0x55, 0x54, 
	0x45, 0x55, 0x55, 0x55, 0x55, 0x55, 0x55, 0x54, 
	0x45, 0x55, 0x55, 0x55, 0x55, 0x55, 0x55, 0x54, 
	0x34, 0x44, 0x44, 0x44, 0x44, 0x44, 0x44, 0x43, 
	0x45, 0x55, 0x55, 0x55, 0x55, 0x55, 0x55, 0x54, 
	0x45, 0x55, 0x55, 0x55, 0x55, 0x55, 0x55, 0x54, 
	0x45, 0x55, 0x55, 0x55, 0x55, 0x55, 0x55, 0x54, 
	0x45, 0x55, 0x55, 0x55, 0x55, 0x55, 0x55, 0x54, 
	0x45, 0x55, 0x55, 0x55, 0x55, 0x55, 0x55, 0x54, 
	0x45, 0x55, 0x55, 0x55, 0x55, 0x55, 0x55, 0x54, 
	0x45, 0x55, 0x55, 0x55, 0x55, 0x55, 0x55, 0x54, 
	0x45, 0x55, 0x55, 0x55, 0x55, 0x55, 0x55, 0x54, 
	0x45, 0x55, 0x55, 0x55, 0x55, 0x55, 0x55, 0x54, 
	0x45, 0x55, 0x55, 0x55, 0x55, 0x55, 0x55, 0x54, 
	0x45, 0x55, 0x55, 0x55, 0x55, 0x55, 0x55, 0x54, 
	0x45, 0x55, 0x55, 0x55, 0x55, 0x55, 0x55, 0x54, 
	0x45, 0x55, 0x55, 0x55, 0x55, 0x55, 0x55, 0x54, 
	0x45, 0x55, 0x55, 0x55, 0x55, 0x55, 0x55, 0x54, 
	0x45, 0x55, 0x55, 0x55, 0x55, 0x55, 0x55, 0x54, 
	0x45, 0x55, 0x55, 0x55, 0x55, 0x55, 0x55, 0x54, 
	0x45, 0x55, 0x55, 0x55, 0x55, 0x55, 0x55, 0x54, 
	0x45, 0x55, 0x55, 0x55, 0x55, 0x55, 0x55, 0x54, 
	0x45, 0x55, 0x55, 0x55, 0x55, 0x55, 0x55, 0x54, 
	0x45, 0x55, 0x55, 0x55, 0x55, 0x55, 0x55, 0x54, 
	0x45, 0x55, 0x55, 0x55, 0x55, 0x55, 0x55, 0x54, 
	0x45, 0x55, 0x55, 0x55, 0x55, 0x55, 0x55, 0x54, 
	0x45, 0x55, 0x55, 0x55, 0x55, 0x55, 0x55, 0x54, 
	0x45, 0x55, 0x55, 0x55, 0x55, 0x55, 0x55, 0x54, 
	0x45, 0x55, 0x55, 0x55, 0x55, 0x55, 0x55, 0x54, 
	0x45, 0x55, 0x55, 0x55, 0x55, 0x55, 0x55, 0x54, 
	0x34, 0x44, 0x44, 0x44, 0x44, 0x44, 0x44, 0x43, 
	0x45, 0x55, 0x55, 0x55, 0x55, 0x55, 0x55, 0x54, 
	0x45, 0x55, 0x55, 0x55, 0x55, 0x55, 0x55, 0x54, 
	0x45, 0x55, 0x55, 0x55, 0x55, 0x55, 0x55, 0x54, 
	0x34, 0x44, 0x44, 0x44, 0x44, 0x44, 0x44, 0x43, 
	0x45, 0x55, 0x55, 0x55, 0x55, 0x55, 0x55, 0x54, 
	0x45, 0x55, 0x55, 0x55, 0x55, 0x55, 0x55, 0x54, 
	0x45, 0x55, 0x55, 0x55, 0x55, 0x55, 0x55, 0x54, 
	0x45, 0x55, 0x55, 0x55, 0x55, 0x55, 0x55, 0x54, 
	0x45, 0x55, 0x55, 0x55, 0x55, 0x55, 0x55, 0x54, 
	0x45, 0x55, 0x55, 0x55, 0x55, 0x55, 0x55, 0x54, 
	0x45, 0x55, 0x55, 0x55, 0x55, 0x55, 0x55, 0x54, 
	0x45, 0x55, 0x55, 0x55, 0x55, 0x55, 0x55, 0x54, 
	0x45, 0x55, 0x55, 0x55, 0x55, 0x55, 0x55, 0x54, 
	0x45, 0x55, 0x55, 0x55, 0x55, 0x55, 0x55, 0x54, 
	0x45, 0x55, 0x55, 0x55, 0x55, 0x55, 0x55, 0x54, 
	0x45, 0x55, 0x55, 0x55, 0x55, 0x55, 0x55, 0x54, 
	0x45, 0x55, 0x55, 0x55, 0x55, 0x55, 0x55, 0x54, 
	0x45, 0x55, 0x55, 0x55, 0x55, 0x55, 0x55, 0x54, 
	0x45, 0x55, 0x55, 0x55, 0x55, 0x55, 0x55, 0x54, 
	0x45, 0x55, 0x55, 0x55, 0x55, 0x55, 0x55, 0x54, 
	0x45, 0x55, 0x55, 0x55, 0x55, 0x55, 0x55, 0x54, 
	0x45, 0x55, 0x55, 0x55, 0x55, 0x55, 0x55, 0x54, 
	0x45, 0x55, 0x55, 0x55, 0x55, 0x55, 0x55, 0x54, 
	0x45, 0x55, 0x55, 0x55, 0x55, 0x55, 0x55, 0x54, 
	0x45, 0x55, 0x55, 0x55, 0x55, 0x55, 0x55, 0x54, 
	0x45, 0x55, 0x55, 0x55, 0x55, 0x55, 0x55, 0x54, 
	0x45, 0x55, 0x55, 0x55, 0x55, 0x55, 0x55, 0x54, 
	0x45, 0x55, 0x55, 0x55, 0x55, 0x55, 0x55, 0x54, 
	0x45, 0x55, 0x55, 0x55, 0x55, 0x55, 0x55, 0x54, 
	0x45, 0x55, 0x55, 0x55, 0x55, 0x55, 0x55, 0x54, 
	0x34, 0x44, 0x44, 0x44, 0x44, 0x44, 0x44, 0x43, 
	0x45, 0x55, 0x55, 0x55, 0x55, 0x55, 0x55, 0x54, 
	0x45, 0x55, 0x55, 0x55, 0x55, 0x55, 0x55, 0x54, 
	0x45, 0x55, 0x55, 0x55, 0x55, 0x55, 0x55, 0x54, 
	0x34, 0x44, 0x44, 0x44, 0x44, 0x44, 0x44, 0x43, 
	0x45, 0x55, 0x55, 0x55, 0x55, 0x55, 0x55, 0x54, 
	0x45, 0x55, 0x55, 0x55, 0x55, 0x55, 0x55, 0x54, 
	0x45, 0x55, 0x55, 0x55, 0x55, 0x55, 0x55, 0x54, 
	0x45, 0x55, 0x55, 0x55, 0x55, 0x55, 0x55, 0x54, 
	0x45, 0x55, 0x55, 0x55, 0x55, 0x55, 0x55, 0x54, 
	0x45, 0x55, 0x55, 0x55, 0x55, 0x55, 0x55, 0x54, 
	0x45, 0x55, 0x55, 0x55, 0x55, 0x55, 0x55, 0x54, 
	0x45, 0x55, 0x55, 0x55, 0x55, 0x55, 0x55, 0x54, 
	0x45, 0x55, 0x55, 0x55, 0x55, 0x55, 0x55, 0x54, 
	0x45, 0x55, 0x55, 0x55, 0x55, 0x55, 0x55, 0x54, 
	0x45, 0x55, 0x55, 0x55, 0x55, 0x55, 0x55, 0x54, 
	0x45, 0x55, 0x55, 0x55, 0x55, 0x55, 0x55, 0x54, 
	0x45, 0x55, 0x55, 0x55, 0x55, 0x55, 0x55, 0x54, 
	0x45, 0x55, 0x55, 0x55, 0x55, 0x55, 0x55, 0x54, 
	0x45, 0x55, 0x55, 0x55, 0x55, 0x55, 0x55, 0x54, 
	0x45, 0x55, 0x55, 0x55, 0x55, 0x55, 0x55, 0x54, 
	0x45, 0x55, 0x55, 0x55, 0x55, 0x55, 0x55, 0x54, 
	0x45, 0x55, 0x55, 0x55, 0x55, 0x55, 0x55, 0x54, 
	0x45, 0x55, 0x55, 0x55, 0x55, 0x55, 0x55, 0x54, 
	0x45, 0x55, 0x55, 0x55, 0x55, 0x55, 0x55, 0x54, 
	0x45, 0x55, 0x55, 0x55, 0x55, 0x55, 0x55, 0x54, 
	0x45, 0x55, 0x55, 0x55, 0x55, 0x55, 0x55, 0x54, 
	0x45, 0x55, 0x55, 0x55, 0x55, 0x55, 0x55, 0x54, 
	0x45, 0x55, 0x55, 0x55, 0x55, 0x55, 0x55, 0x54, 
	0x45, 0x55, 0x55, 0x55, 0x55, 0x55, 0x55, 0x54, 
	0x45, 0x55, 0x55, 0x55, 0x55, 0x55, 0x55, 0x54, 
	0x45, 0x55, 0x55, 0x55, 0x55, 0x55, 0x55, 0x54, 
	0x45, 0x55, 0x55, 0x55, 0x55, 0x55, 0x55, 0x54, 
	0x45, 0x55, 0x55, 0x55, 0x55, 0x55, 0x55, 0x54, 
	0x45, 0x55, 0x55, 0x55, 0x55, 0x55, 0x55, 0x54, 
	0x34, 0x44, 0x44, 0x44, 0x44, 0x44, 0x44, 0x43, 
	0x45, 0x55, 0x55, 0x55, 0x55, 0x55, 0x55, 0x54, 
	0x45, 0x55, 0x55, 0x55, 0x55, 0x55, 0x55, 0x54, 
	0x45, 0x55, 0x55, 0x55, 0x55, 0x55, 0x55, 0x54, 
	0x34, 0x44, 0x44, 0x44, 0x44, 0x44, 0x44, 0x43, 
	0x45, 0x55, 0x55, 0x55, 0x55, 0x55, 0x55, 0x54, 
	0x45, 0x55, 0x55, 0x55, 0x55, 0x55, 0x55, 0x54, 
	0x45, 0x55, 0x55, 0x55, 0x55, 0x55, 0x55, 0x54, 
	0x45, 0x55, 0x55, 0x55, 0x55, 0x55, 0x55, 0x54, 
	0x45, 0x55, 0x55, 0x55, 0x55, 0x55, 0x55, 0x54, 
	0x45, 0x55, 0x55, 0x55, 0x55, 0x55, 0x55, 0x54, 
	0x45, 0x55, 0x55, 0x55, 0x55, 0x55, 0x55, 0x54, 
	0x45, 0x55, 0x55, 0x55, 0x55, 0x55, 0x55, 0x54, 
	0x45, 0x55, 0x55, 0x55, 0x55, 0x55, 0x55, 0x54, 
	0x45, 0x55, 0x55, 0x55, 0x55, 0x55, 0x55, 0x54, 
	0x45, 0x55, 0x55, 0x55, 0x55, 0x55, 0x55, 0x54, 
	0x45, 0x55, 0x55, 0x55, 0x55, 0x55, 0x55, 0x54, 
	0x45, 0x55, 0x55, 0x55, 0x55, 0x55, 0x55, 0x54, 
	0x45, 0x55, 0x55, 0x55, 0x55, 0x55, 0x55, 0x54, 
	0x45, 0x55, 0x55, 0x55, 0x55, 0x55, 0x55, 0x54, 
	0x45, 0x55, 0x55, 0x55, 0x55, 0x55, 0x55, 0x54, 
	0x45, 0x55, 0x55, 0x55, 0x55, 0x55, 0x55, 0x54, 
	0x45, 0x55, 0x55, 0x55, 0x55, 0x55, 0x55, 0x54, 
	0x45, 0x55, 0x55, 0x55, 0x55, 0x55, 0x55, 0x54, 
	0x45, 0x55, 0x55, 0x55, 0x55, 0x55, 0x55, 0x54, 
	0x45, 0x55, 0x55, 0x55, 0x55, 0x55, 0x55, 0x54, 
	0x45, 0x55, 0x55, 0x55, 0x55, 0x55, 0x55, 0x54, 
	0x45, 0x55, 0x55, 0x55, 0x55, 0x55, 0x55, 0x54, 
	0x45, 0x55, 0x55, 0x55, 0x55, 0x55, 0x55, 0x54, 
	0x45, 0x55, 0x55, 0x55, 0x55, 0x55, 0x55, 0x54, 
	0x45, 0x55, 0x55, 0x55, 0x55, 0x55, 0x55, 0x54, 
	0x34, 0x44, 0x44, 0x44, 0x44, 0x44, 0x44, 0x43, 
	0x45, 0x55, 0x55, 0x55, 0x55, 0x55, 0x55, 0x54, 
	0x45, 0x55, 0x55, 0x55, 0x55, 0x55, 0x55, 0x54, 
	0x45, 0x55, 0x55, 0x55, 0x55, 0x55, 0x55, 0x54, 
	0x34, 0x44, 0x44, 0x44, 0x44, 0x44, 0x44, 0x43, 
	0x45, 0x55, 0x55, 0x55, 0x55, 0x55, 0x55, 0x54, 
	0x45, 0x55, 0x55, 0x55, 0x55, 0x55, 0x55, 0x54, 
	0x45, 0x55, 0x55, 0x55, 0x55, 0x55, 0x55, 0x54, 
	0x45, 0x55, 0x55, 0x55, 0x55, 0x55, 0x55, 0x54, 
	0x45, 0x55, 0x55, 0x55, 0x55, 0x55, 0x55, 0x54, 
	0x45, 0x55, 0x55, 0x55, 0x55, 0x55, 0x55, 0x54, 
	0x45, 0x55, 0x55, 0x55, 0x55, 0x55, 0x55, 0x54, 
	0x45, 0x55, 0x55, 0x55, 0x55, 0x55, 0x55, 0x54, 
	0x45, 0x55, 0x55, 0x55, 0x55, 0x55, 0x55, 0x54, 
	0x45, 0x55, 0x55, 0x55, 0x55, 0x55, 0x55, 0x54, 
	0x45, 0x55, 0x55, 0x55, 0x55, 0x55, 0x55, 0x54, 
	0x45, 0x55, 0x55, 0x55, 0x55, 0x55, 0x55, 0x54, 
	0x45, 0x55, 0x55, 0x55, 0x55, 0x55, 0x55, 0x54, 
	0x45, 0x55, 0x55, 0x55, 0x55, 0x55, 0x55, 0x54, 
	0x45, 0x55, 0x55, 0x55, 0x55, 0x55, 0x55, 0x54, 
	0x45, 0x55, 0x55, 0x55, 0x55, 0x55, 0x55, 0x54, 
	0x45, 0x55, 0x55, 0x55, 0x55, 0x55, 0x55, 0x54, 
	0x45, 0x55, 0x55, 0x55, 0x55, 0x55, 0x55, 0x54, 
	0x45, 0x55, 0x55, 0x55, 0x55, 0x55, 0x55, 0x54, 
	0x45, 0x55, 0x55, 0x55, 0x55, 0x55, 0x55, 0x54, 
	0x45, 0x55, 0x55, 0x55, 0x55, 0x55, 0x55, 0x54, 
	0x45, 0x55, 0x55, 0x55, 0x55, 0x55, 0x55, 0x54, 
	0x45, 0x55, 0x55, 0x55, 0x55, 0x55, 0x55, 0x54, 
	0x45, 0x55, 0x55, 0x55, 0x55, 0x55, 0x55, 0x54, 
	0x45, 0x55, 0x55, 0x55, 0x55, 0x55, 0x55, 0x54, 
	0x45, 0x55, 0x55, 0x55, 0x55, 0x55, 0x55, 0x54, 
	0x34, 0x44, 0x44, 0x44, 0x44, 0x44, 0x44, 0x43, 
	0x45, 0x55, 0x55, 0x55, 0x55, 0x55, 0x55, 0x54, 
	0x45, 0x55, 0x55, 0x55, 0x55, 0x55, 0x55, 0x54, 
	0x45, 0x55, 0x55, 0x55, 0x55, 0x55, 0x55, 0x54, 
	0x34, 0x44, 0x44, 0x44, 0x44, 0x44, 0x44, 0x43, 
	0x45, 0x55, 0x55, 0x55, 0x55, 0x55, 0x55, 0x54, 
	0x45, 0x55, 0x55, 0x55, 0x55, 0x55, 0x55, 0x54, 
	0x45, 0x55, 0x55, 0x55, 0x55, 0x55, 0x55, 0x54, 
	0x45, 0x55, 0x55, 0x55, 0x55, 0x55, 0x55, 0x54, 
	0x45, 0x55, 0x55, 0x55, 0x55, 0x55, 0x55, 0x54, 
	0x45, 0x55, 0x55, 0x55, 0x55, 0x55, 0x55, 0x54, 
	0x45, 0x55, 0x55, 0x55, 0x55, 0x55, 0x55, 0x54, 
	0x45, 0x55, 0x55, 0x55, 0x55, 0x55, 0x55, 0x54, 
	0x45, 0x55, 0x55, 0x55, 0x55, 0x55, 0x55, 0x54, 
	0x45, 0x55, 0x55, 0x55, 0x55, 0x55, 0x55, 0x54, 
	0x45, 0x55, 0x55, 0x55, 0x55, 0x55, 0x55, 0x54, 
	0x45, 0x55, 0x55, 0x55, 0x55, 0x55, 0x55, 0x54, 
	0x45, 0x55, 0x55, 0x55, 0x55, 0x55, 0x55, 0x54, 
	0x45, 0x55, 0x55, 0x55, 0x55, 0x55, 0x55, 0x54, 
	0x45, 0x55, 0x55, 0x55, 0x55, 0x55, 0x55, 0x54, 
	0x45, 0x55, 0x55, 0x55, 0x55, 0x55, 0x55, 0x54, 
	0x45, 0x55, 0x55, 0x55, 0x55, 0x55, 0x55, 0x54, 
	0x45, 0x55, 0x55, 0x55, 0x55, 0x55, 0x55, 0x54, 
	0x45, 0x55, 0x55, 0x55, 0x55, 0x55, 0x55, 0x54, 
	0x45, 0x55, 0x55, 0x55, 0x55, 0x55, 0x55, 0x54, 
	0x45, 0x55, 0x55, 0x55, 0x55, 0x55, 0x55, 0x54, 
	0x45, 0x55, 0x55, 0x55, 0x55, 0x55, 0x55, 0x54, 
	0x45, 0x55, 0x55, 0x55, 0x55, 0x55, 0x55, 0x54, 
	0x45, 0x55, 0x55, 0x55, 0x55, 0x55, 0x55, 0x54, 
	0x45, 0x55, 0x55, 0x55, 0x55, 0x55, 0x55, 0x54, 
	0x45, 0x55, 0x55, 0x55, 0x55, 0x55, 0x55, 0x54, 
	0x34, 0x44, 0x44, 0x44, 0x44, 0x44, 0x44, 0x43, 
	0x45, 0x55, 0x55, 0x55, 0x55, 0x55, 0x55, 0x54, 
	0x45, 0x55, 0x55, 0x55, 0x55, 0x55, 0x55, 0x54, 
	0x45, 0x55, 0x55, 0x55, 0x55, 0x55, 0x55, 0x54, 
	
};

Gfx bob_dl_Tiles_Pattern_1_Blue_1_64x64_i4_aligner[] = {gsSPEndDisplayList()};
u8 bob_dl_Tiles_Pattern_1_Blue_1_64x64_i4[] = {
	0x21, 0x11, 0x11, 0x22, 0x22, 0x22, 0x22, 0x22, 
	0x22, 0x33, 0x32, 0x11, 0x11, 0x11, 0x21, 0x21, 
	0x11, 0x22, 0x22, 0x33, 0x33, 0x22, 0x11, 0x11, 
	0x12, 0x11, 0x11, 0x12, 0x22, 0x22, 0x33, 0x23, 
	0x12, 0x11, 0x11, 0x22, 0x22, 0x22, 0x21, 0x11, 
	0x12, 0x44, 0x33, 0x21, 0x11, 0x11, 0x21, 0x22, 
	0x12, 0x11, 0x11, 0x21, 0x11, 0x12, 0x11, 0x11, 
	0x12, 0x11, 0x11, 0x21, 0x22, 0x22, 0x21, 0x11, 
	0x11, 0x21, 0x21, 0x22, 0x22, 0x22, 0x12, 0x21, 
	0x12, 0x43, 0x44, 0x22, 0x11, 0x11, 0x21, 0x12, 
	0x21, 0x11, 0x11, 0x21, 0x11, 0x11, 0x12, 0x11, 
	0x22, 0x22, 0x22, 0x11, 0x22, 0x12, 0x21, 0x12, 
	0x11, 0x22, 0x22, 0x22, 0x22, 0x21, 0x12, 0x11, 
	0x12, 0x43, 0x33, 0x33, 0x22, 0x22, 0x22, 0x22, 
	0x21, 0x11, 0x11, 0x21, 0x11, 0x11, 0x12, 0x22, 
	0x23, 0x32, 0x22, 0x11, 0x11, 0x12, 0x21, 0x11, 
	0x11, 0x22, 0x11, 0x11, 0x11, 0x21, 0x11, 0x11, 
	0x13, 0x33, 0x32, 0x33, 0x11, 0x11, 0x11, 0x12, 
	0x21, 0x11, 0x11, 0x21, 0x11, 0x11, 0x12, 0x12, 
	0x22, 0x22, 0x22, 0x11, 0x11, 0x12, 0x21, 0x11, 
	0x11, 0x22, 0x12, 0x21, 0x11, 0x21, 0x11, 0x11, 
	0x22, 0x23, 0x33, 0x33, 0x11, 0x11, 0x11, 0x12, 
	0x11, 0x11, 0x12, 0x22, 0x11, 0x11, 0x12, 0x12, 
	0x22, 0x22, 0x22, 0x11, 0x11, 0x22, 0x21, 0x11, 
	0x11, 0x21, 0x12, 0x21, 0x11, 0x21, 0x11, 0x22, 
	0x21, 0x22, 0x33, 0x33, 0x11, 0x11, 0x11, 0x12, 
	0x11, 0x11, 0x22, 0x11, 0x22, 0x11, 0x12, 0x22, 
	0x22, 0x22, 0x22, 0x11, 0x12, 0x22, 0x12, 0x11, 
	0x22, 0x21, 0x12, 0x21, 0x11, 0x22, 0x22, 0x32, 
	0x11, 0x12, 0x23, 0x32, 0x11, 0x11, 0x11, 0x12, 
	0x32, 0x22, 0x21, 0x11, 0x23, 0x23, 0x32, 0x12, 
	0x22, 0x22, 0x23, 0x33, 0x32, 0x11, 0x11, 0x22, 
	0x11, 0x12, 0x11, 0x11, 0x11, 0x21, 0x21, 0x12, 
	0x11, 0x12, 0x11, 0x12, 0x11, 0x11, 0x11, 0x11, 
	0x11, 0x11, 0x22, 0x11, 0x22, 0x23, 0x22, 0x12, 
	0x22, 0x22, 0x12, 0x33, 0x33, 0x21, 0x12, 0x11, 
	0x11, 0x22, 0x11, 0x11, 0x11, 0x21, 0x11, 0x11, 
	0x12, 0x22, 0x21, 0x12, 0x21, 0x11, 0x11, 0x11, 
	0x11, 0x11, 0x12, 0x22, 0x22, 0x22, 0x22, 0x11, 
	0x22, 0x22, 0x12, 0x33, 0x33, 0x22, 0x21, 0x11, 
	0x11, 0x22, 0x22, 0x22, 0x22, 0x21, 0x11, 0x11, 
	0x12, 0x11, 0x11, 0x12, 0x22, 0x22, 0x22, 0x22, 
	0x11, 0x11, 0x11, 0x22, 0x22, 0x22, 0x22, 0x22, 
	0x22, 0x22, 0x23, 0x23, 0x33, 0x32, 0x21, 0x11, 
	0x11, 0x22, 0x22, 0x21, 0x22, 0x12, 0x11, 0x11, 
	0x12, 0x11, 0x11, 0x23, 0x44, 0x32, 0x21, 0x21, 
	0x21, 0x11, 0x11, 0x22, 0x22, 0x22, 0x21, 0x22, 
	0x22, 0x12, 0x22, 0x23, 0x33, 0x33, 0x11, 0x11, 
	0x12, 0x11, 0x11, 0x21, 0x11, 0x11, 0x21, 0x11, 
	0x12, 0x11, 0x11, 0x33, 0x33, 0x33, 0x21, 0x11, 
	0x12, 0x11, 0x11, 0x21, 0x22, 0x22, 0x21, 0x11, 
	0x12, 0x11, 0x11, 0x12, 0x33, 0x33, 0x11, 0x11, 
	0x21, 0x11, 0x11, 0x21, 0x11, 0x11, 0x13, 0x22, 
	0x22, 0x22, 0x23, 0x33, 0x33, 0x33, 0x21, 0x11, 
	0x11, 0x22, 0x22, 0x22, 0x23, 0x31, 0x11, 0x11, 
	0x12, 0x11, 0x11, 0x11, 0x22, 0x33, 0x22, 0x22, 
	0x21, 0x11, 0x11, 0x21, 0x11, 0x11, 0x12, 0x22, 
	0x22, 0x22, 0x23, 0x33, 0x33, 0x33, 0x21, 0x11, 
	0x11, 0x21, 0x12, 0x22, 0x22, 0x31, 0x11, 0x11, 
	0x12, 0x11, 0x11, 0x11, 0x22, 0x22, 0x22, 0x22, 
	0x21, 0x11, 0x11, 0x22, 0x11, 0x11, 0x12, 0x22, 
	0x22, 0x22, 0x33, 0x33, 0x33, 0x33, 0x22, 0x11, 
	0x22, 0x22, 0x21, 0x22, 0x22, 0x21, 0x11, 0x11, 
	0x22, 0x11, 0x11, 0x11, 0x21, 0x22, 0x22, 0x22, 
	0x22, 0x11, 0x22, 0x22, 0x21, 0x11, 0x12, 0x22, 
	0x22, 0x22, 0x23, 0x23, 0x33, 0x32, 0x22, 0x21, 
	0x11, 0x22, 0x22, 0x22, 0x22, 0x21, 0x11, 0x12, 
	0x22, 0x21, 0x11, 0x11, 0x22, 0x22, 0x22, 0x22, 
	0x32, 0x22, 0x21, 0x11, 0x22, 0x22, 0x22, 0x22, 
	0x22, 0x22, 0x23, 0x23, 0x33, 0x21, 0x11, 0x22, 
	0x22, 0x22, 0x22, 0x22, 0x22, 0x22, 0x22, 0x22, 
	0x11, 0x22, 0x22, 0x22, 0x22, 0x22, 0x22, 0x22, 
	0x21, 0x21, 0x21, 0x11, 0x12, 0x22, 0x22, 0x22, 
	0x22, 0x22, 0x22, 0x11, 0x11, 0x21, 0x11, 0x21, 
	0x11, 0x22, 0x22, 0x22, 0x21, 0x22, 0x22, 0x22, 
	0x11, 0x13, 0x44, 0x44, 0x22, 0x22, 0x22, 0x22, 
	0x21, 0x22, 0x12, 0x12, 0x11, 0x11, 0x12, 0x22, 
	0x22, 0x22, 0x22, 0x11, 0x11, 0x12, 0x12, 0x11, 
	0x11, 0x22, 0x22, 0x22, 0x21, 0x21, 0x11, 0x12, 
	0x21, 0x34, 0x43, 0x33, 0x22, 0x22, 0x22, 0x22, 
	0x21, 0x11, 0x11, 0x22, 0x11, 0x11, 0x12, 0x22, 
	0x22, 0x22, 0x22, 0x11, 0x11, 0x12, 0x31, 0x11, 
	0x11, 0x21, 0x11, 0x21, 0x21, 0x21, 0x11, 0x12, 
	0x22, 0x34, 0x43, 0x33, 0x22, 0x22, 0x22, 0x22, 
	0x21, 0x11, 0x11, 0x21, 0x11, 0x11, 0x23, 0x22, 
	0x22, 0x22, 0x22, 0x11, 0x11, 0x11, 0x21, 0x11, 
	0x11, 0x22, 0x22, 0x22, 0x22, 0x21, 0x22, 0x22, 
	0x12, 0x23, 0x34, 0x32, 0x22, 0x22, 0x22, 0x23, 
	0x12, 0x11, 0x11, 0x21, 0x11, 0x11, 0x21, 0x11, 
	0x12, 0x22, 0x21, 0x21, 0x11, 0x11, 0x21, 0x11, 
	0x22, 0x11, 0x12, 0x21, 0x12, 0x12, 0x11, 0x11, 
	0x12, 0x23, 0x33, 0x32, 0x11, 0x12, 0x21, 0x11, 
	0x11, 0x21, 0x11, 0x21, 0x11, 0x12, 0x11, 0x11, 
	0x12, 0x11, 0x11, 0x12, 0x12, 0x22, 0x22, 0x22, 
	0x21, 0x11, 0x11, 0x21, 0x11, 0x11, 0x22, 0x22, 
	0x12, 0x33, 0x33, 0x21, 0x11, 0x12, 0x21, 0x11, 
	0x11, 0x22, 0x22, 0x22, 0x22, 0x21, 0x11, 0x11, 
	0x12, 0x11, 0x11, 0x12, 0x22, 0x22, 0x22, 0x22, 
	0x11, 0x11, 0x11, 0x21, 0x11, 0x11, 0x12, 0x22, 
	0x22, 0x22, 0x22, 0x11, 0x11, 0x12, 0x21, 0x11, 
	0x11, 0x21, 0x11, 0x11, 0x11, 0x21, 0x11, 0x11, 
	0x12, 0x11, 0x11, 0x12, 0x12, 0x22, 0x22, 0x12, 
	0x11, 0x11, 0x11, 0x21, 0x11, 0x11, 0x12, 0x11, 
	0x11, 0x11, 0x12, 0x11, 0x11, 0x12, 0x21, 0x11, 
	0x11, 0x21, 0x11, 0x11, 0x11, 0x21, 0x11, 0x11, 
	0x23, 0x31, 0x11, 0x12, 0x12, 0x22, 0x22, 0x22, 
	0x11, 0x11, 0x12, 0x32, 0x11, 0x11, 0x12, 0x21, 
	0x11, 0x11, 0x12, 0x11, 0x11, 0x22, 0x22, 0x11, 
	0x11, 0x21, 0x11, 0x11, 0x11, 0x21, 0x11, 0x12, 
	0x33, 0x43, 0x11, 0x12, 0x11, 0x22, 0x22, 0x22, 
	0x11, 0x11, 0x23, 0x23, 0x22, 0x11, 0x12, 0x11, 
	0x11, 0x11, 0x12, 0x11, 0x12, 0x21, 0x22, 0x21, 
	0x22, 0x31, 0x11, 0x11, 0x11, 0x22, 0x22, 0x23, 
	0x33, 0x33, 0x23, 0x33, 0x12, 0x22, 0x22, 0x22, 
	0x33, 0x33, 0x22, 0x33, 0x22, 0x22, 0x22, 0x11, 
	0x11, 0x11, 0x12, 0x22, 0x32, 0x11, 0x12, 0x22, 
	0x21, 0x21, 0x11, 0x11, 0x11, 0x21, 0x22, 0x12, 
	0x33, 0x32, 0x22, 0x22, 0x12, 0x22, 0x22, 0x22, 
	0x34, 0x44, 0x32, 0x32, 0x22, 0x22, 0x22, 0x11, 
	0x11, 0x11, 0x12, 0x12, 0x22, 0x21, 0x12, 0x22, 
	0x11, 0x21, 0x11, 0x11, 0x11, 0x21, 0x11, 0x11, 
	0x23, 0x21, 0x11, 0x12, 0x12, 0x22, 0x12, 0x22, 
	0x24, 0x33, 0x33, 0x22, 0x21, 0x11, 0x12, 0x11, 
	0x11, 0x11, 0x12, 0x11, 0x11, 0x22, 0x21, 0x11, 
	0x11, 0x21, 0x11, 0x11, 0x11, 0x21, 0x11, 0x11, 
	0x12, 0x11, 0x11, 0x12, 0x22, 0x22, 0x11, 0x22, 
	0x23, 0x33, 0x33, 0x32, 0x11, 0x11, 0x12, 0x21, 
	0x11, 0x11, 0x12, 0x11, 0x11, 0x12, 0x21, 0x11, 
	0x11, 0x22, 0x22, 0x23, 0x33, 0x31, 0x11, 0x11, 
	0x12, 0x11, 0x11, 0x12, 0x22, 0x22, 0x22, 0x22, 
	0x22, 0x33, 0x33, 0x31, 0x11, 0x11, 0x12, 0x22, 
	0x22, 0x22, 0x22, 0x11, 0x11, 0x12, 0x21, 0x11, 
	0x12, 0x11, 0x11, 0x23, 0x33, 0x33, 0x11, 0x11, 
	0x12, 0x11, 0x11, 0x22, 0x12, 0x21, 0x21, 0x11, 
	0x22, 0x33, 0x33, 0x31, 0x11, 0x11, 0x21, 0x11, 
	0x12, 0x11, 0x11, 0x21, 0x11, 0x12, 0x21, 0x11, 
	0x21, 0x11, 0x11, 0x23, 0x33, 0x33, 0x32, 0x22, 
	0x12, 0x22, 0x12, 0x11, 0x11, 0x11, 0x21, 0x11, 
	0x12, 0x23, 0x33, 0x32, 0x22, 0x22, 0x21, 0x11, 
	0x12, 0x11, 0x11, 0x12, 0x22, 0x22, 0x32, 0x11, 
	0x21, 0x11, 0x11, 0x23, 0x33, 0x33, 0x33, 0x33, 
	0x33, 0x33, 0x22, 0x11, 0x11, 0x11, 0x21, 0x11, 
	0x11, 0x22, 0x22, 0x22, 0x22, 0x21, 0x22, 0x11, 
	0x12, 0x11, 0x11, 0x21, 0x32, 0x22, 0x22, 0x23, 
	0x21, 0x11, 0x11, 0x23, 0x33, 0x33, 0x32, 0x22, 
	0x22, 0x22, 0x22, 0x11, 0x11, 0x11, 0x21, 0x11, 
	0x11, 0x22, 0x12, 0x22, 0x11, 0x21, 0x21, 0x11, 
	0x12, 0x11, 0x11, 0x21, 0x21, 0x22, 0x22, 0x22, 
	0x21, 0x21, 0x12, 0x22, 0x33, 0x33, 0x33, 0x22, 
	0x22, 0x22, 0x22, 0x11, 0x11, 0x22, 0x22, 0x11, 
	0x11, 0x22, 0x22, 0x21, 0x12, 0x22, 0x21, 0x11, 
	0x22, 0x21, 0x11, 0x11, 0x22, 0x22, 0x22, 0x22, 
	0x21, 0x22, 0x22, 0x12, 0x23, 0x33, 0x33, 0x22, 
	0x22, 0x22, 0x22, 0x11, 0x11, 0x21, 0x12, 0x21, 
	0x11, 0x22, 0x22, 0x21, 0x22, 0x22, 0x21, 0x12, 
	0x21, 0x22, 0x11, 0x11, 0x22, 0x22, 0x22, 0x22, 
	0x22, 0x23, 0x22, 0x11, 0x12, 0x23, 0x22, 0x22, 
	0x22, 0x22, 0x23, 0x33, 0x22, 0x21, 0x11, 0x23, 
	0x32, 0x32, 0x22, 0x22, 0x12, 0x22, 0x32, 0x21, 
	0x11, 0x12, 0x22, 0x22, 0x32, 0x22, 0x22, 0x21, 
	0x21, 0x11, 0x22, 0x11, 0x21, 0x11, 0x12, 0x22, 
	0x22, 0x22, 0x22, 0x11, 0x21, 0x21, 0x12, 0x11, 
	0x11, 0x22, 0x22, 0x22, 0x12, 0x21, 0x11, 0x12, 
	0x11, 0x22, 0x11, 0x11, 0x33, 0x22, 0x22, 0x22, 
	0x21, 0x11, 0x12, 0x12, 0x11, 0x11, 0x12, 0x23, 
	0x22, 0x23, 0x22, 0x12, 0x21, 0x12, 0x21, 0x11, 
	0x11, 0x22, 0x22, 0x22, 0x11, 0x21, 0x11, 0x11, 
	0x22, 0x21, 0x11, 0x11, 0x32, 0x32, 0x22, 0x22, 
	0x21, 0x11, 0x11, 0x21, 0x11, 0x11, 0x12, 0x22, 
	0x12, 0x22, 0x22, 0x12, 0x21, 0x11, 0x21, 0x11, 
	0x11, 0x22, 0x11, 0x22, 0x11, 0x21, 0x11, 0x11, 
	0x12, 0x11, 0x11, 0x11, 0x21, 0x22, 0x22, 0x21, 
	0x22, 0x11, 0x11, 0x21, 0x11, 0x11, 0x22, 0x22, 
	0x23, 0x22, 0x22, 0x11, 0x11, 0x11, 0x21, 0x11, 
	0x12, 0x22, 0x33, 0x32, 0x22, 0x22, 0x11, 0x11, 
	0x12, 0x11, 0x11, 0x12, 0x22, 0x22, 0x22, 0x22, 
	0x12, 0x11, 0x11, 0x21, 0x11, 0x12, 0x11, 0x11, 
	0x12, 0x11, 0x11, 0x21, 0x11, 0x11, 0x21, 0x11, 
	0x22, 0x22, 0x22, 0x21, 0x11, 0x11, 0x21, 0x11, 
	0x12, 0x11, 0x11, 0x21, 0x11, 0x11, 0x11, 0x11, 
	0x11, 0x22, 0x22, 0x22, 0x22, 0x21, 0x11, 0x11, 
	0x12, 0x12, 0x21, 0x12, 0x22, 0x22, 0x22, 0x22, 
	0x22, 0x22, 0x22, 0x21, 0x11, 0x11, 0x22, 0x22, 
	0x22, 0x22, 0x22, 0x11, 0x11, 0x11, 0x11, 0x11, 
	0x11, 0x11, 0x22, 0x22, 0x21, 0x21, 0x21, 0x11, 
	0x12, 0x11, 0x11, 0x22, 0x23, 0x33, 0x33, 0x32, 
	0x22, 0x22, 0x22, 0x21, 0x11, 0x12, 0x12, 0x12, 
	0x22, 0x22, 0x22, 0x11, 0x11, 0x11, 0x21, 0x11, 
	0x22, 0x22, 0x12, 0x22, 0x21, 0x21, 0x21, 0x11, 
	0x12, 0x21, 0x12, 0x31, 0x33, 0x33, 0x23, 0x32, 
	0x22, 0x22, 0x22, 0x32, 0x11, 0x11, 0x12, 0x11, 
	0x11, 0x11, 0x23, 0x11, 0x11, 0x12, 0x31, 0x11, 
	0x22, 0x22, 0x12, 0x22, 0x22, 0x21, 0x11, 0x11, 
	0x22, 0x22, 0x22, 0x21, 0x33, 0x33, 0x33, 0x33, 
	0x22, 0x22, 0x23, 0x44, 0x21, 0x11, 0x12, 0x11, 
	0x11, 0x11, 0x12, 0x11, 0x11, 0x23, 0x43, 0x12, 
	0x22, 0x32, 0x22, 0x22, 0x22, 0x22, 0x22, 0x22, 
	0x11, 0x12, 0x23, 0x22, 0x33, 0x33, 0x33, 0x33, 
	0x32, 0x22, 0x23, 0x34, 0x32, 0x22, 0x22, 0x11, 
	0x11, 0x11, 0x12, 0x22, 0x22, 0x33, 0x33, 0x32, 
	0x22, 0x22, 0x22, 0x22, 0x22, 0x22, 0x22, 0x12, 
	0x11, 0x12, 0x22, 0x22, 0x33, 0x33, 0x33, 0x33, 
	0x22, 0x22, 0x23, 0x33, 0x22, 0x22, 0x12, 0x11, 
	0x11, 0x11, 0x13, 0x33, 0x22, 0x23, 0x33, 0x22, 
	0x11, 0x22, 0x22, 0x22, 0x22, 0x21, 0x11, 0x11, 
	0x21, 0x21, 0x11, 0x12, 0x33, 0x33, 0x33, 0x23, 
	0x21, 0x11, 0x12, 0x32, 0x22, 0x22, 0x12, 0x11, 
	0x11, 0x11, 0x12, 0x22, 0x22, 0x23, 0x32, 0x21, 
	0x11, 0x22, 0x11, 0x11, 0x12, 0x21, 0x11, 0x11, 
	0x12, 0x21, 0x11, 0x11, 0x22, 0x33, 0x32, 0x22, 
	0x11, 0x11, 0x11, 0x21, 0x12, 0x12, 0x22, 0x11, 
	0x11, 0x11, 0x12, 0x22, 0x22, 0x22, 0x22, 0x11, 
	0x11, 0x23, 0x32, 0x22, 0x22, 0x21, 0x11, 0x11, 
	0x12, 0x11, 0x11, 0x12, 0x33, 0x22, 0x32, 0x22, 
	0x21, 0x11, 0x11, 0x21, 0x11, 0x12, 0x23, 0x22, 
	0x22, 0x22, 0x22, 0x22, 0x32, 0x23, 0x21, 0x11, 
	0x12, 0x34, 0x44, 0x31, 0x11, 0x12, 0x11, 0x11, 
	0x12, 0x21, 0x11, 0x21, 0x11, 0x22, 0x21, 0x11, 
	0x11, 0x11, 0x11, 0x21, 0x11, 0x12, 0x23, 0x22, 
	0x22, 0x21, 0x11, 0x22, 0x22, 0x33, 0x21, 0x11, 
	0x24, 0x33, 0x44, 0x31, 0x11, 0x11, 0x21, 0x11, 
	0x12, 0x21, 0x12, 0x11, 0x11, 0x11, 0x21, 0x11, 
	0x11, 0x11, 0x11, 0x21, 0x11, 0x12, 0x12, 0x21, 
	0x12, 0x11, 0x11, 0x12, 0x22, 0x23, 0x21, 0x11, 
	0x33, 0x33, 0x43, 0x31, 0x11, 0x11, 0x13, 0x33, 
	0x33, 0x33, 0x22, 0x11, 0x11, 0x11, 0x21, 0x11, 
	0x11, 0x22, 0x22, 0x22, 0x23, 0x31, 0x11, 0x22, 
	0x12, 0x11, 0x11, 0x11, 0x33, 0x32, 0x23, 0x22, 
	0x33, 0x33, 0x33, 0x32, 0x11, 0x11, 0x12, 0x22, 
	0x22, 0x22, 0x12, 0x11, 0x11, 0x11, 0x21, 0x11, 
	0x11, 0x21, 0x21, 0x12, 0x21, 0x21, 0x11, 0x22, 
	0x22, 0x11, 0x11, 0x11, 0x21, 0x11, 0x11, 0x11, 
	0x33, 0x33, 0x33, 0x22, 0x21, 0x11, 0x12, 0x22, 
	0x22, 0x22, 0x12, 0x11, 0x11, 0x11, 0x22, 0x11, 
	0x11, 0x21, 0x12, 0x22, 0x11, 0x21, 0x11, 0x22, 
	0x22, 0x21, 0x11, 0x11, 0x21, 0x11, 0x11, 0x11, 
	0x32, 0x33, 0x32, 0x22, 0x21, 0x11, 0x12, 0x22, 
	0x22, 0x22, 0x12, 0x11, 0x11, 0x11, 0x22, 0x21, 
	0x11, 0x22, 0x22, 0x22, 0x21, 0x21, 0x11, 0x22, 
	0x21, 0x22, 0x11, 0x11, 0x21, 0x11, 0x11, 0x11, 
	0x32, 0x33, 0x22, 0x11, 0x22, 0x22, 0x22, 0x12, 
	0x22, 0x22, 0x13, 0x22, 0x22, 0x11, 0x22, 0x22, 
	0x22, 0x31, 0x22, 0x11, 0x22, 0x22, 0x22, 0x22, 
	0x11, 0x12, 0x23, 0x22, 0x21, 0x11, 0x11, 0x11, 
	0x21, 0x22, 0x22, 0x11, 0x22, 0x22, 0x22, 0x22, 
	0x22, 0x22, 0x12, 0x11, 0x12, 0x22, 0x22, 0x22, 
	0x21, 0x21, 0x22, 0x22, 0x22, 0x32, 0x22, 0x22, 
	0x11, 0x12, 0x12, 0x21, 0x21, 0x21, 0x11, 0x11, 
	0x21, 0x11, 0x12, 0x12, 0x22, 0x22, 0x22, 0x22, 
	0x22, 0x22, 0x12, 0x11, 0x11, 0x22, 0x13, 0x21, 
	0x11, 0x22, 0x22, 0x22, 0x22, 0x31, 0x11, 0x11, 
	0x22, 0x21, 0x11, 0x11, 0x21, 0x11, 0x11, 0x11, 
	0x21, 0x11, 0x11, 0x22, 0x22, 0x22, 0x22, 0x12, 
	0x11, 0x21, 0x12, 0x11, 0x11, 0x12, 0x22, 0x21, 
	0x11, 0x11, 0x11, 0x12, 0x12, 0x31, 0x11, 0x11, 
	0x12, 0x11, 0x11, 0x11, 0x11, 0x11, 0x11, 0x11, 
	
};

Gfx bob_dl__3C275B437F767699FD44859CDD3B14AA_i4_aligner[] = {gsSPEndDisplayList()};
u8 bob_dl__3C275B437F767699FD44859CDD3B14AA_i4[] = {
	0xcc, 0xcc, 0xbb, 0xcc, 0xcb, 0xa8, 0x77, 0x77, 
	0x55, 0x79, 0x99, 0x98, 0x99, 0x88, 0x88, 0x88, 
	0x77, 0x77, 0x78, 0x75, 0x55, 0x79, 0xcc, 0xcc, 
	0xcc, 0xcc, 0xcc, 0xcc, 0xcc, 0xcc, 0xba, 0xab, 
	0xcc, 0xdd, 0xdd, 0xcb, 0xcd, 0xdd, 0xbb, 0xa9, 
	0x77, 0x8b, 0xbc, 0xdd, 0xdd, 0xdd, 0xdd, 0xdc, 
	0xcb, 0xbb, 0xbb, 0xa8, 0x55, 0x8b, 0xdc, 0xdd, 
	0xcc, 0xcc, 0xcc, 0xcc, 0xcc, 0xcc, 0xbb, 0xab, 
	0xcd, 0xdc, 0xcc, 0xcc, 0xcc, 0xcd, 0xdd, 0xdc, 
	0x77, 0xac, 0xee, 0xee, 0xee, 0xde, 0xee, 0xdd, 
	0xde, 0xee, 0xee, 0xdb, 0x77, 0xab, 0xde, 0xdc, 
	0xcc, 0xcc, 0xcc, 0xcc, 0xdd, 0xcc, 0xbb, 0xbb, 
	0xcc, 0xcc, 0xbb, 0xbb, 0xbb, 0xbb, 0xbb, 0xdc, 
	0x87, 0xad, 0xed, 0xcd, 0xdd, 0xdd, 0xdd, 0xdd, 
	0xdd, 0xee, 0xee, 0xeb, 0x77, 0xbc, 0xdc, 0xcc, 
	0xcc, 0xcc, 0xcc, 0xcc, 0xcc, 0xcc, 0xcc, 0xbb, 
	0xcc, 0xcc, 0xba, 0xaa, 0xbb, 0xbb, 0xbb, 0xcc, 
	0x87, 0xad, 0xed, 0xcd, 0xdd, 0xdd, 0xdc, 0xcc, 
	0xcc, 0xdd, 0xdd, 0xeb, 0x78, 0xbc, 0xcc, 0xcc, 
	0xcc, 0xcc, 0xcc, 0xcc, 0xcc, 0xcc, 0xcc, 0xcc, 
	0xcc, 0xcc, 0xbb, 0xaa, 0xab, 0xbb, 0xbb, 0xba, 
	0x77, 0xad, 0xec, 0xcd, 0xdd, 0xdd, 0xdd, 0xcc, 
	0xdd, 0xdd, 0xdd, 0xdb, 0x78, 0xbc, 0xcc, 0xcc, 
	0xcc, 0xcc, 0xcc, 0xcc, 0xcc, 0xcc, 0xcc, 0xcc, 
	0xcc, 0xcc, 0xcb, 0xab, 0xaa, 0xaa, 0xbb, 0xbb, 
	0x77, 0xad, 0xed, 0xcc, 0xcc, 0xcd, 0xdd, 0xdc, 
	0xdd, 0xdd, 0xdd, 0xca, 0x58, 0xbc, 0xcc, 0xcc, 
	0xcc, 0xcc, 0xcc, 0xcc, 0xcc, 0xcc, 0xcc, 0xcc, 
	0xcc, 0xcc, 0xcb, 0xbb, 0xaa, 0xaa, 0xbb, 0xbb, 
	0x85, 0xbd, 0xdd, 0xcb, 0xbc, 0xcd, 0xdd, 0xdc, 
	0xcd, 0xdd, 0xdd, 0xc9, 0x59, 0xbc, 0xcc, 0xcc, 
	0xcc, 0xcc, 0xcc, 0xcc, 0xcc, 0xbb, 0xcc, 0xcc, 
	0xcc, 0xcc, 0xcc, 0xcc, 0xcc, 0xcb, 0xbb, 0xbb, 
	0x75, 0x9d, 0xdc, 0xcc, 0xbb, 0xcd, 0xdd, 0xdc, 
	0xcc, 0xcd, 0xdc, 0xc9, 0x79, 0xcc, 0xcc, 0xcc, 
	0xcc, 0xbc, 0xcc, 0xcc, 0xbb, 0xbb, 0xbb, 0xbc, 
	0xbb, 0xbb, 0xcc, 0xcc, 0xcc, 0xcc, 0xbb, 0xbc, 
	0x75, 0x9c, 0xdd, 0xcc, 0xcc, 0xcd, 0xcc, 0xdc, 
	0xcc, 0xcd, 0xdc, 0xa8, 0x79, 0xcc, 0xcc, 0xdc, 
	0xcc, 0xcc, 0xcc, 0xcc, 0xbb, 0xbb, 0xbb, 0xbb, 
	0xbb, 0xbb, 0xbb, 0xbb, 0xbb, 0xbc, 0xcb, 0xbc, 
	0x75, 0x9c, 0xdd, 0xcc, 0xcc, 0xcd, 0xcc, 0xcc, 
	0xcc, 0xcd, 0xdc, 0xa8, 0x7a, 0xcd, 0xcc, 0xcc, 
	0xcc, 0xbc, 0xcc, 0xcb, 0xbb, 0xbb, 0xbb, 0xbb, 
	0xbb, 0xbb, 0xbb, 0xbb, 0xbb, 0xbb, 0xcc, 0xbc, 
	0x75, 0x9c, 0xdd, 0xdc, 0xdc, 0xcd, 0xcc, 0xcc, 
	0xcc, 0xcd, 0xdc, 0xa7, 0x7a, 0xcd, 0xcc, 0xcc, 
	0xcc, 0xcc, 0xcc, 0xcb, 0xbb, 0xbb, 0xbb, 0xbb, 
	0xbb, 0xbb, 0xbb, 0xbb, 0xbb, 0xbb, 0xbb, 0xbc, 
	0x75, 0x9c, 0xdd, 0xdc, 0xdd, 0xdd, 0xcc, 0xcc, 
	0xcc, 0xcd, 0xdc, 0xa7, 0x7b, 0xcd, 0xdc, 0xcc, 
	0xcc, 0xcc, 0xcc, 0xcb, 0xbb, 0xbb, 0xbb, 0xbb, 
	0xbb, 0xbb, 0xbb, 0xcb, 0xbb, 0xbb, 0xbb, 0xbc, 
	0x75, 0x9c, 0xdd, 0xdc, 0xdd, 0xdd, 0xdd, 0xdc, 
	0xcc, 0xcd, 0xdc, 0xb7, 0x8b, 0xcd, 0xcc, 0xcc, 
	0xcc, 0xcc, 0xcc, 0xbb, 0xbb, 0xbb, 0xbb, 0xbb, 
	0xbb, 0xbb, 0xbb, 0xbb, 0xbb, 0xbb, 0xbb, 0xbb, 
	0x55, 0x9c, 0xdc, 0xcd, 0xdd, 0xdd, 0xdd, 0xcc, 
	0xcc, 0xcd, 0xdc, 0xb7, 0x9c, 0xcd, 0xcc, 0xcc, 
	0xcc, 0xcc, 0xcc, 0xcb, 0xbb, 0xbb, 0xbb, 0xbb, 
	0x99, 0x99, 0x9a, 0x9a, 0xba, 0xa9, 0xaa, 0x98, 
	0x45, 0x9c, 0xdd, 0xdd, 0xdd, 0xdd, 0xdd, 0xdc, 
	0xcc, 0xcd, 0xdc, 0xb7, 0xac, 0xcc, 0xcc, 0xcc, 
	0xcc, 0xcc, 0xcc, 0xbb, 0xbb, 0xbb, 0xbb, 0xbb, 
	0x87, 0x55, 0x55, 0x55, 0x55, 0x55, 0x55, 0x55, 
	0x44, 0x9c, 0xdd, 0xdd, 0xdd, 0xdd, 0xdd, 0xcc, 
	0xcd, 0xdd, 0xdc, 0xb7, 0xbc, 0xcc, 0xcc, 0xcc, 
	0xcc, 0xcc, 0xcc, 0xcb, 0xbb, 0xbb, 0xbb, 0xa9, 
	0x75, 0x77, 0x87, 0x75, 0x44, 0x44, 0x44, 0x44, 
	0x44, 0x8c, 0xdc, 0xdd, 0xdd, 0xdd, 0xdc, 0xcc, 
	0xdd, 0xdd, 0xdc, 0xb7, 0xbc, 0xdd, 0xcc, 0xcc, 
	0xcc, 0xcc, 0xcc, 0xcb, 0xbb, 0xbb, 0xba, 0xa8, 
	0x58, 0x9a, 0xbb, 0xaa, 0xb9, 0x89, 0x88, 0x98, 
	0x74, 0x59, 0xab, 0xbb, 0xbb, 0xbb, 0xbb, 0xbb, 
	0xcc, 0xdd, 0xcb, 0xa7, 0xbc, 0xdd, 0xdc, 0xcc, 
	0xcb, 0xcc, 0xcc, 0xcb, 0xbb, 0xbb, 0xba, 0x98, 
	0x79, 0xcd, 0xdd, 0xdd, 0xdd, 0xdd, 0xcc, 0xdd, 
	0xc9, 0x54, 0x55, 0x55, 0x55, 0x55, 0x44, 0x55, 
	0x55, 0x77, 0x75, 0x77, 0xcc, 0xdd, 0xdc, 0xcc, 
	0xbb, 0xcc, 0xcc, 0xcb, 0xbb, 0xbb, 0xa9, 0x98, 
	0x79, 0xdd, 0xdd, 0xdd, 0xdd, 0xdd, 0xdd, 0xdd, 
	0xdd, 0xdd, 0xb9, 0xaa, 0xaa, 0x88, 0x75, 0x54, 
	0x44, 0x44, 0x44, 0x48, 0xcd, 0xdd, 0xdc, 0xcc, 
	0xbb, 0xbc, 0xcc, 0xcb, 0xbb, 0xbb, 0xa9, 0x98, 
	0x7a, 0xcc, 0xbb, 0xbc, 0xcb, 0xbc, 0xcb, 0xbd, 
	0xdd, 0xdd, 0xdd, 0xdd, 0xdc, 0xcc, 0xcc, 0xcc, 
	0xcc, 0xba, 0xb8, 0x49, 0xcd, 0xdc, 0xcc, 0xcc, 
	0xcb, 0xbb, 0xcc, 0xcb, 0xbb, 0xba, 0x9a, 0x99, 
	0x7a, 0xcc, 0xbb, 0xcc, 0xcb, 0xbc, 0xba, 0xab, 
	0xcd, 0xdd, 0xdd, 0xdd, 0xdd, 0xcc, 0xcc, 0xcc, 
	0xdd, 0xdd, 0xd9, 0x4b, 0xdd, 0xdc, 0xcc, 0xcc, 
	0xcb, 0xbb, 0xcc, 0xcb, 0xbb, 0xba, 0xa9, 0x98, 
	0x7a, 0xcc, 0xcc, 0xcb, 0xba, 0xab, 0xba, 0xbb, 
	0xcc, 0xcc, 0xcc, 0xcc, 0xdd, 0xcc, 0xcc, 0xbb, 
	0xbb, 0xbc, 0xb8, 0x4c, 0xdd, 0xdc, 0xcc, 0xcc, 
	0xcb, 0xbb, 0xbc, 0xcb, 0xbb, 0xba, 0xa9, 0x97, 
	0x7a, 0xcc, 0xcc, 0xba, 0xbb, 0xbb, 0xbc, 0xcc, 
	0xcc, 0xcc, 0xcc, 0xcc, 0xcc, 0xcc, 0xcc, 0xcb, 
	0xbb, 0xbc, 0xb5, 0x5c, 0xdd, 0xdc, 0xcc, 0xcc, 
	0xcb, 0xbb, 0xbc, 0xcb, 0xbb, 0xba, 0xa9, 0x87, 
	0x7a, 0xbc, 0xcb, 0xab, 0xbb, 0xbb, 0xbc, 0xcc, 
	0xcc, 0xcc, 0xcc, 0xbc, 0xcc, 0xcc, 0xcc, 0xcc, 
	0xcb, 0xbb, 0x95, 0x5c, 0xdd, 0xdc, 0xcc, 0xcc, 
	0xcb, 0xbb, 0xbb, 0xbb, 0xbb, 0xaa, 0xa9, 0x87, 
	0x7a, 0xbc, 0xbc, 0xbb, 0xbb, 0xbb, 0xbb, 0xcc, 
	0xcc, 0xcb, 0xba, 0xab, 0xbb, 0xbc, 0xcc, 0xcc, 
	0xcb, 0xba, 0x84, 0x9c, 0xdd, 0xcc, 0xcc, 0xcc, 
	0xcc, 0xbb, 0xbb, 0xbb, 0xba, 0xaa, 0xba, 0x87, 
	0x7a, 0xbc, 0xbc, 0xcb, 0xba, 0xbc, 0xcc, 0xbc, 
	0xba, 0xbb, 0x99, 0x99, 0x9a, 0xab, 0xbb, 0xbb, 
	0xbb, 0xa9, 0x75, 0xad, 0xdd, 0xcc, 0xcc, 0xcc, 
	0xcc, 0xbb, 0xbb, 0xbb, 0xba, 0xab, 0xba, 0x87, 
	0x79, 0xbc, 0xbc, 0xcc, 0xcc, 0xcc, 0xba, 0xa9, 
	0x89, 0x99, 0x99, 0x99, 0x99, 0xaa, 0xbb, 0xaa, 
	0xaa, 0x99, 0x75, 0xbd, 0xdd, 0xdc, 0xcc, 0xcc, 
	0xcc, 0xcb, 0xbb, 0xbb, 0xbb, 0xbb, 0xbb, 0x98, 
	0x77, 0xab, 0xbb, 0xcc, 0xcc, 0xcb, 0xba, 0xa9, 
	0x98, 0x88, 0x99, 0x99, 0xaa, 0xaa, 0xaa, 0xaa, 
	0xa9, 0x99, 0x75, 0xbc, 0xdd, 0xcc, 0xcc, 0xcc, 
	0xcc, 0xcb, 0xbb, 0xbb, 0xbb, 0xbb, 0xbb, 0x98, 
	0x77, 0xab, 0xbb, 0xbb, 0xaa, 0xaa, 0x98, 0x77, 
	0x79, 0xab, 0xbb, 0xbb, 0xbb, 0xba, 0x99, 0x9a, 
	0xa9, 0x99, 0x55, 0xbd, 0xcc, 0xcc, 0xcc, 0xcc, 
	0xcc, 0xcb, 0xba, 0xab, 0xbb, 0xbb, 0xbb, 0x98, 
	0x77, 0x9a, 0xaa, 0xaa, 0x99, 0x87, 0x55, 0x57, 
	0x99, 0xa9, 0x9a, 0xa9, 0x9a, 0x99, 0x99, 0x99, 
	0x88, 0x98, 0x55, 0xbd, 0xcc, 0xcc, 0xcc, 0xcc, 
	0xcb, 0xbb, 0xaa, 0x99, 0x99, 0xaa, 0xa9, 0x88, 
	0x74, 0x55, 0x55, 0x55, 0x55, 0x55, 0x55, 0x57, 
	0x77, 0x75, 0x77, 0x77, 0x57, 0x57, 0x78, 0x77, 
	0x78, 0x88, 0x47, 0xbd, 0xcc, 0xcc, 0xcc, 0xcb, 
	0xbb, 0xba, 0xa8, 0x77, 0x88, 0x88, 0x87, 0x77, 
	0x75, 0x44, 0x44, 0x44, 0x44, 0x55, 0x54, 0x44, 
	0x44, 0x44, 0x44, 0x44, 0x44, 0x44, 0x44, 0x44, 
	0x44, 0x44, 0x48, 0xbd, 0xcc, 0xcc, 0xcc, 0xbb, 
	0xba, 0x99, 0x85, 0x44, 0x44, 0x55, 0x55, 0x57, 
	0x78, 0x75, 0x75, 0x57, 0x88, 0x9a, 0xa9, 0xbc, 
	0xcc, 0xcc, 0xcc, 0xcb, 0xa8, 0x77, 0x55, 0x55, 
	0x44, 0x44, 0x49, 0xbd, 0xdc, 0xcc, 0xcc, 0xbb, 
	0xa9, 0x98, 0x54, 0x55, 0x54, 0x45, 0x55, 0x77, 
	0xdd, 0xcc, 0xb5, 0x7a, 0xbc, 0xcc, 0xdd, 0xdd, 
	0xde, 0xdd, 0xdd, 0xdd, 0xee, 0xed, 0xcc, 0xcc, 
	0xbb, 0xa7, 0x59, 0xbd, 0xdc, 0xcc, 0xcc, 0xbb, 
	0xa9, 0x88, 0x55, 0xaa, 0x99, 0xab, 0xba, 0xaa, 
	0xed, 0xdc, 0xb7, 0x8b, 0xce, 0xee, 0xee, 0xee, 
	0xee, 0xdd, 0xde, 0xee, 0xee, 0xed, 0xdd, 0xdd, 
	0xdc, 0xca, 0x59, 0xcd, 0xdc, 0xcc, 0xcc, 0xcb, 
	0xa9, 0x97, 0x55, 0xcd, 0xce, 0xee, 0xee, 0xee, 
	0xde, 0xdc, 0xa7, 0x8b, 0xee, 0xed, 0xdd, 0xdd, 
	0xdd, 0xdd, 0xdd, 0xee, 0xdd, 0xdd, 0xdc, 0xcc, 
	0xcc, 0xba, 0x7a, 0xcd, 0xdc, 0xcc, 0xcb, 0xba, 
	0xa9, 0x97, 0x47, 0xee, 0xee, 0xee, 0xdd, 0xdd, 
	0xdd, 0xdc, 0xa8, 0x7b, 0xde, 0xdd, 0xdd, 0xdd, 
	0xdc, 0xcd, 0xdd, 0xdd, 0xdd, 0xcc, 0xcc, 0xcc, 
	0xcb, 0xba, 0x7a, 0xcd, 0xdc, 0xcc, 0xcb, 0xba, 
	0xaa, 0x97, 0x58, 0xce, 0xee, 0xdd, 0xcc, 0xdd, 
	0xcc, 0xcc, 0x98, 0x7b, 0xdd, 0xdc, 0xcc, 0xcc, 
	0xcc, 0xcc, 0xcc, 0xcd, 0xcc, 0xcc, 0xcc, 0xcb, 
	0xbb, 0xba, 0x5a, 0xcd, 0xdc, 0xcc, 0xbb, 0xba, 
	0xaa, 0xa7, 0x59, 0xcd, 0xdd, 0xdd, 0xdc, 0xcc, 
	0xcc, 0xcb, 0x98, 0x7b, 0xdd, 0xdc, 0xcc, 0xcc, 
	0xcc, 0xbb, 0xcc, 0xcc, 0xcc, 0xcc, 0xcb, 0xbb, 
	0xbb, 0xaa, 0x5b, 0xcd, 0xdd, 0xcc, 0xbb, 0xba, 
	0xaa, 0xa7, 0x4a, 0xcd, 0xcd, 0xdc, 0xcc, 0xcc, 
	0xcc, 0xcb, 0xb8, 0x7a, 0xdd, 0xdc, 0xcc, 0xcc, 
	0xcc, 0xcc, 0xcc, 0xcc, 0xcc, 0xcb, 0xbb, 0xbb, 
	0xbb, 0xa9, 0x7b, 0xdd, 0xdd, 0xcc, 0xbb, 0xba, 
	0xa9, 0xb8, 0x5a, 0xcd, 0xdd, 0xcc, 0xcc, 0xcc, 
	0xcc, 0xbb, 0xba, 0x79, 0xcd, 0xdc, 0xcc, 0xdc, 
	0xcc, 0xcc, 0xbc, 0xcc, 0xcc, 0xbb, 0xbb, 0xbb, 
	0xbb, 0xa9, 0x5b, 0xdd, 0xdd, 0xcc, 0xbb, 0xbb, 
	0xa9, 0xa7, 0x5a, 0xcd, 0xdd, 0xcc, 0xcc, 0xcc, 
	0xcc, 0xbb, 0xba, 0x79, 0xcc, 0xdc, 0xbc, 0xcc, 
	0xcc, 0xcc, 0xcc, 0xcc, 0xcb, 0xaa, 0xaa, 0xbb, 
	0xba, 0xa9, 0x5a, 0xdd, 0xdc, 0xcb, 0xbb, 0xbb, 
	0xbb, 0xa7, 0x5a, 0xcd, 0xdc, 0xcc, 0xcc, 0xcc, 
	0xcb, 0xbb, 0xba, 0x78, 0xbd, 0xdd, 0xbb, 0xcc, 
	0xcc, 0xcc, 0xcc, 0xcc, 0xcb, 0x99, 0x99, 0xab, 
	0xba, 0xa9, 0x59, 0xdd, 0xdc, 0xcb, 0xaa, 0xba, 
	0xab, 0xb7, 0x7b, 0xcd, 0xdd, 0xcc, 0xcc, 0xcc, 
	0xcc, 0xbb, 0xbb, 0x78, 0xbd, 0xdd, 0xcb, 0xcc, 
	0xcc, 0xcc, 0xcc, 0xcc, 0xba, 0x99, 0x89, 0xaa, 
	0xbb, 0xa9, 0x59, 0xdc, 0xcc, 0xba, 0xaa, 0xaa, 
	0xab, 0xb8, 0x5c, 0xcd, 0xdc, 0xcc, 0xcc, 0xcc, 
	0xcc, 0xcb, 0xbb, 0x77, 0xac, 0xdd, 0xcc, 0xcd, 
	0xcc, 0xcc, 0xcc, 0xcc, 0xba, 0x99, 0x89, 0xaa, 
	0xab, 0xb9, 0x48, 0xbc, 0xcc, 0xab, 0x99, 0xa8, 
	0x88, 0x95, 0x7c, 0xcd, 0xdc, 0xcc, 0xcc, 0xcc, 
	0xcc, 0xcc, 0xba, 0x77, 0x9b, 0xde, 0xcc, 0xcc, 
	0xcd, 0xcc, 0xcc, 0xcc, 0xcb, 0xba, 0x9a, 0xaa, 
	0xab, 0xba, 0x54, 0x77, 0x87, 0x75, 0x55, 0x57, 
	0x55, 0x57, 0x7c, 0xdd, 0xcc, 0xcc, 0xcc, 0xcc, 
	0xcc, 0xcc, 0xba, 0x77, 0x99, 0xbe, 0xdc, 0xcc, 
	0xdd, 0xdd, 0xdd, 0xcc, 0xcc, 0xbb, 0xaa, 0xaa, 
	0xab, 0xba, 0x84, 0x44, 0x44, 0x44, 0x44, 0x55, 
	0x79, 0xab, 0xbc, 0xdd, 0xcc, 0xcc, 0xcc, 0xcc, 
	0xcc, 0xbc, 0xcb, 0x87, 0x88, 0x9a, 0xdd, 0xdc, 
	0xdc, 0xcd, 0xcc, 0xcc, 0xcc, 0xcc, 0xbb, 0xba, 
	0xaa, 0xbb, 0xa9, 0x88, 0x88, 0x74, 0x78, 0xab, 
	0xcc, 0xcd, 0xdd, 0xed, 0xdc, 0xcc, 0xcc, 0xcc, 
	0xcc, 0xbc, 0xcc, 0x87, 0x78, 0x9a, 0xbc, 0xdd, 
	0xdd, 0xcc, 0xcc, 0xcb, 0xbc, 0xcc, 0xcb, 0xbb, 
	0xba, 0xab, 0xbb, 0xbb, 0xba, 0x84, 0x7c, 0xee, 
	0xee, 0xee, 0xed, 0xdc, 0xdc, 0xcc, 0xcc, 0xcc, 
	0xcc, 0xbc, 0xcc, 0x98, 0x79, 0xbb, 0xab, 0xcc, 
	0xcc, 0xcd, 0xcb, 0xa9, 0xab, 0xbc, 0xcb, 0xbb, 
	0xbb, 0xbb, 0xbb, 0xbb, 0xba, 0x84, 0x7d, 0xde, 
	0xee, 0xed, 0xdd, 0xcc, 0xcc, 0xcc, 0xcc, 0xcc, 
	0xcc, 0xbc, 0xcc, 0xb9, 0x89, 0xcd, 0xdb, 0xcb, 
	0xcc, 0xcc, 0xbb, 0x98, 0x99, 0xab, 0xbb, 0xbb, 
	0xbb, 0xbb, 0xbb, 0xbb, 0xb9, 0x74, 0x8c, 0xdd, 
	0xcc, 0xcc, 0xcc, 0xcc, 0xcc, 0xcc, 0xcd, 0xcc, 
	0xcc, 0xcb, 0xcd, 0xca, 0x89, 0xbd, 0xec, 0xcc, 
	0xbc, 0xcc, 0xcc, 0x98, 0x89, 0xab, 0xbb, 0xbb, 
	0xbb, 0xbb, 0xbb, 0xbb, 0xb9, 0x74, 0x9b, 0xdd, 
	0xcc, 0xcc, 0xcc, 0xcc, 0xcc, 0xcc, 0xcc, 0xcc, 
	0xcc, 0xcc, 0xbd, 0xba, 0x88, 0xbd, 0xec, 0xcb, 
	0xbc, 0xcc, 0xcc, 0xb8, 0x99, 0xab, 0xbb, 0xba, 
	0xaa, 0xaa, 0xab, 0xbb, 0xa8, 0x54, 0xac, 0xdd, 
	0xcc, 0xcc, 0xcc, 0xcc, 0xdc, 0xcc, 0xcc, 0xcc, 
	0xcc, 0xcc, 0xbc, 0xc9, 0x88, 0xbd, 0xdc, 0xcb, 
	0xbb, 0xcc, 0xcc, 0xb9, 0x99, 0xab, 0xbb, 0xba, 
	0xaa, 0xaa, 0xaa, 0xbb, 0x98, 0x55, 0xac, 0xdc, 
	0xcc, 0xcc, 0xcd, 0xdd, 0xcc, 0xcc, 0xcc, 0xcc, 
	0xcc, 0xcc, 0xbc, 0xc9, 0x78, 0xbd, 0xdc, 0xcb, 
	0xbc, 0xcc, 0xcc, 0xca, 0x9a, 0xab, 0xbb, 0xbb, 
	0xbb, 0xba, 0xab, 0xba, 0x98, 0x45, 0xbc, 0xdc, 
	0xcc, 0xcc, 0xcd, 0xdd, 0xcc, 0xcc, 0xbb, 0xbb, 
	0xbc, 0xcb, 0xbc, 0xca, 0x78, 0xbc, 0xdd, 0xcc, 
	0xbc, 0xcc, 0xcd, 0xcc, 0xbb, 0xaa, 0xbb, 0xbb, 
	0xbb, 0xbb, 0xbb, 0xba, 0x98, 0x47, 0xcc, 0xcc, 
	0xcc, 0xcc, 0xcc, 0xdc, 0xcc, 0xcc, 0xcb, 0xbb, 
	0xbb, 0xcb, 0xbc, 0xcb, 0x88, 0xac, 0xdd, 0xdc, 
	0xcc, 0xcc, 0xcc, 0xcc, 0xcc, 0xbb, 0xbb, 0xcc, 
	0xcb, 0xbb, 0xba, 0xaa, 0xa8, 0x48, 0xcc, 0xcc, 
	0xcc, 0xcd, 0xcc, 0xcc, 0xcc, 0xcc, 0xcc, 0xbb, 
	0xbb, 0xcb, 0xbc, 0xcb, 0x87, 0xac, 0xdd, 0xdd, 
	0xdd, 0xdd, 0xcc, 0xcc, 0xcc, 0xcc, 0xcc, 0xcc, 
	0xbb, 0xbb, 0xba, 0xaa, 0xa7, 0x49, 0xcc, 0xcd, 
	0xdd, 0xdd, 0xcc, 0xcb, 0xbb, 0xbc, 0xcc, 0xbb, 
	0xbb, 0xcc, 0xbb, 0xcb, 0x75, 0x9b, 0xcd, 0xdd, 
	0xdd, 0xcc, 0xcc, 0xcc, 0xcc, 0xcc, 0xbb, 0xba, 
	0xbb, 0xbb, 0xbb, 0xba, 0xa5, 0x49, 0xcc, 0xcd, 
	0xdc, 0xdd, 0xcc, 0xcb, 0xbb, 0xbb, 0xbb, 0xbb, 
	0xbb, 0xcc, 0xbb, 0xcb, 0x74, 0x79, 0xab, 0xbb, 
	0xbb, 0xbb, 0xbb, 0xbb, 0xa9, 0x99, 0x88, 0x88, 
	0x89, 0xaa, 0xbb, 0xaa, 0x94, 0x49, 0xbc, 0xcd, 
	0xdd, 0xdd, 0xcc, 0xcc, 0xbb, 0xbb, 0xbb, 0xbc, 
	0xcc, 0xcc, 0xbb, 0xbc, 0x97, 0x57, 0x77, 0x77, 
	0x77, 0x88, 0x77, 0x77, 0x54, 0x44, 0x45, 0x55, 
	0x77, 0x77, 0x88, 0x88, 0x74, 0x48, 0xbd, 0xcc, 
	0xcd, 0xdc, 0xcc, 0xcc, 0xcc, 0xbb, 0xbb, 0xbc, 
	0xcc, 0xcc, 0xab, 0xbc, 0xb9, 0x75, 0x44, 0x44, 
	0x44, 0x55, 0x55, 0x55, 0x55, 0x55, 0x55, 0x54, 
	0x77, 0x77, 0x77, 0x77, 0x74, 0x49, 0xbc, 0xcc, 
	0xcc, 0xcc, 0xcc, 0xcc, 0xcc, 0xbb, 0xba, 0xbb, 
	
};

Gfx bob_dl_Art290_i4_aligner[] = {gsSPEndDisplayList()};
u8 bob_dl_Art290_i4[] = {
	0x33, 0x33, 0x33, 0x33, 0x33, 0x33, 0x33, 0x33, 
	0x33, 0x33, 0x33, 0x23, 0x32, 0x23, 0x33, 0x33, 
	0x77, 0x77, 0x77, 0x77, 0x76, 0x57, 0x77, 0x67, 
	0x77, 0x77, 0x77, 0x77, 0x66, 0x77, 0x75, 0x67, 
	0x33, 0x33, 0x34, 0x33, 0x33, 0x43, 0x34, 0x33, 
	0x43, 0x33, 0x33, 0x33, 0x33, 0x33, 0x33, 0x33, 
	0x78, 0x88, 0x88, 0x88, 0x88, 0x88, 0x87, 0x78, 
	0x87, 0x78, 0x88, 0x88, 0x88, 0x77, 0x88, 0x87, 
	0x33, 0x33, 0x33, 0x33, 0x33, 0x33, 0x34, 0x43, 
	0x33, 0x23, 0x33, 0x33, 0x33, 0x33, 0x33, 0x33, 
	0x78, 0x88, 0x88, 0x88, 0x88, 0x88, 0x87, 0x88, 
	0x88, 0x78, 0x88, 0x88, 0x87, 0x78, 0x87, 0x77, 
	0x33, 0x33, 0x33, 0x43, 0x33, 0x33, 0x33, 0x43, 
	0x33, 0x33, 0x33, 0x33, 0x33, 0x33, 0x33, 0x33, 
	0x78, 0x88, 0x88, 0x88, 0x88, 0x88, 0x88, 0x88, 
	0x88, 0x88, 0x88, 0x87, 0x77, 0x88, 0x87, 0x87, 
	0x33, 0x33, 0x44, 0x43, 0x33, 0x33, 0x33, 0x33, 
	0x33, 0x33, 0x33, 0x33, 0x33, 0x33, 0x33, 0x33, 
	0x78, 0x88, 0x88, 0x88, 0x88, 0x88, 0x88, 0x88, 
	0x88, 0x88, 0x88, 0x77, 0x88, 0x88, 0x88, 0x87, 
	0x33, 0x34, 0x44, 0x33, 0x33, 0x33, 0x33, 0x33, 
	0x33, 0x33, 0x32, 0x33, 0x33, 0x33, 0x33, 0x33, 
	0x78, 0x88, 0x88, 0x88, 0x88, 0x88, 0x78, 0x88, 
	0x77, 0x88, 0x87, 0x78, 0x88, 0x88, 0x88, 0x86, 
	0x33, 0x33, 0x33, 0x33, 0x33, 0x33, 0x23, 0x33, 
	0x33, 0x33, 0x22, 0x23, 0x33, 0x33, 0x22, 0x33, 
	0x78, 0x88, 0x88, 0x88, 0x88, 0x88, 0x88, 0x88, 
	0x88, 0x88, 0x77, 0x88, 0x87, 0x88, 0x88, 0x77, 
	0x33, 0x33, 0x33, 0x33, 0x23, 0x22, 0x23, 0x23, 
	0x33, 0x33, 0x33, 0x33, 0x32, 0x22, 0x22, 0x23, 
	0x78, 0x87, 0x88, 0x88, 0x88, 0x88, 0x88, 0x88, 
	0x88, 0x77, 0x88, 0x88, 0x78, 0x88, 0x88, 0x87, 
	0x23, 0x33, 0x33, 0x33, 0x32, 0x22, 0x32, 0x12, 
	0x44, 0x32, 0x33, 0x33, 0x33, 0x33, 0x33, 0x33, 
	0x78, 0x88, 0x88, 0x88, 0x88, 0x88, 0x88, 0x88, 
	0x87, 0x78, 0x88, 0x88, 0x78, 0x87, 0x88, 0x87, 
	0x33, 0x33, 0x33, 0x34, 0x33, 0x23, 0x32, 0x33, 
	0x33, 0x23, 0x34, 0x32, 0x12, 0x33, 0x33, 0x33, 
	0x77, 0x67, 0x78, 0x88, 0x88, 0x88, 0x88, 0x77, 
	0x78, 0x88, 0x88, 0x88, 0x78, 0x87, 0x88, 0x87, 
	0x23, 0x33, 0x33, 0x33, 0x33, 0x33, 0x33, 0x33, 
	0x33, 0x22, 0x33, 0x32, 0x22, 0x33, 0x33, 0x32, 
	0x77, 0x77, 0x88, 0x88, 0x88, 0x78, 0x88, 0x87, 
	0x88, 0x88, 0x88, 0x88, 0x88, 0x88, 0x78, 0x87, 
	0x23, 0x33, 0x33, 0x33, 0x33, 0x33, 0x33, 0x33, 
	0x33, 0x33, 0x33, 0x33, 0x33, 0x33, 0x33, 0x32, 
	0x77, 0x77, 0x88, 0x88, 0x88, 0x78, 0x87, 0x78, 
	0x88, 0x88, 0x88, 0x88, 0x88, 0x88, 0x88, 0x87, 
	0x22, 0x33, 0x33, 0x33, 0x33, 0x33, 0x33, 0x33, 
	0x33, 0x43, 0x33, 0x33, 0x32, 0x33, 0x32, 0x22, 
	0x78, 0x88, 0x88, 0x88, 0x88, 0x88, 0x77, 0x88, 
	0x88, 0x88, 0x88, 0x88, 0x88, 0x88, 0x88, 0x87, 
	0x33, 0x33, 0x33, 0x22, 0x33, 0x33, 0x33, 0x33, 
	0x33, 0x33, 0x33, 0x33, 0x33, 0x33, 0x32, 0x22, 
	0x78, 0x88, 0x88, 0x88, 0x87, 0x78, 0x88, 0x88, 
	0x88, 0x88, 0x88, 0x88, 0x88, 0x88, 0x88, 0x87, 
	0x33, 0x23, 0x33, 0x22, 0x33, 0x33, 0x33, 0x33, 
	0x33, 0x33, 0x33, 0x33, 0x33, 0x33, 0x33, 0x32, 
	0x78, 0x88, 0x88, 0x88, 0x87, 0x88, 0x88, 0x88, 
	0x88, 0x88, 0x88, 0x88, 0x88, 0x88, 0x88, 0x87, 
	0x12, 0x23, 0x22, 0x23, 0x33, 0x33, 0x33, 0x33, 
	0x33, 0x33, 0x33, 0x33, 0x33, 0x33, 0x33, 0x32, 
	0x78, 0x88, 0x88, 0x88, 0x87, 0x77, 0x88, 0x88, 
	0x88, 0x88, 0x88, 0x88, 0x88, 0x88, 0x88, 0x87, 
	0x12, 0x23, 0x22, 0x33, 0x32, 0x33, 0x33, 0x33, 
	0x33, 0x33, 0x33, 0x33, 0x33, 0x33, 0x33, 0x32, 
	0x78, 0x88, 0x88, 0x88, 0x88, 0x78, 0x88, 0x88, 
	0x88, 0x88, 0x88, 0x88, 0x88, 0x88, 0x88, 0x87, 
	0x11, 0x13, 0x33, 0x33, 0x32, 0x33, 0x43, 0x33, 
	0x33, 0x33, 0x33, 0x33, 0x33, 0x33, 0x33, 0x33, 
	0x78, 0x88, 0x88, 0x77, 0x77, 0x88, 0x88, 0x88, 
	0x88, 0x88, 0x77, 0x78, 0x88, 0x88, 0x88, 0x87, 
	0x12, 0x23, 0x23, 0x33, 0x33, 0x33, 0x33, 0x43, 
	0x33, 0x33, 0x33, 0x33, 0x22, 0x32, 0x22, 0x23, 
	0x78, 0x88, 0x87, 0x78, 0x77, 0x88, 0x88, 0x88, 
	0x88, 0x88, 0x77, 0x88, 0x78, 0x88, 0x88, 0x87, 
	0x22, 0x22, 0x33, 0x33, 0x33, 0x33, 0x33, 0x33, 
	0x33, 0x43, 0x43, 0x43, 0x33, 0x33, 0x22, 0x22, 
	0x68, 0x77, 0x77, 0x88, 0x77, 0x87, 0x78, 0x88, 
	0x88, 0x88, 0x88, 0x88, 0x88, 0x88, 0x87, 0x77, 
	0x33, 0x23, 0x33, 0x33, 0x33, 0x33, 0x33, 0x33, 
	0x33, 0x44, 0x33, 0x33, 0x33, 0x33, 0x33, 0x33, 
	0x67, 0x78, 0x88, 0x88, 0x77, 0x88, 0x77, 0x88, 
	0x88, 0x88, 0x88, 0x87, 0x88, 0x88, 0x87, 0x77, 
	0x13, 0x33, 0x33, 0x32, 0x33, 0x33, 0x33, 0x33, 
	0x33, 0x33, 0x33, 0x34, 0x33, 0x33, 0x33, 0x33, 
	0x68, 0x88, 0x88, 0x87, 0x78, 0x88, 0x88, 0x88, 
	0x88, 0x87, 0x88, 0x87, 0x88, 0x88, 0x87, 0x87, 
	0x13, 0x33, 0x33, 0x21, 0x23, 0x33, 0x33, 0x33, 
	0x33, 0x33, 0x33, 0x33, 0x33, 0x33, 0x33, 0x33, 
	0x78, 0x88, 0x88, 0x87, 0x78, 0x78, 0x88, 0x88, 
	0x88, 0x87, 0x88, 0x88, 0x88, 0x88, 0x88, 0x87, 
	0x23, 0x44, 0x33, 0x21, 0x23, 0x33, 0x33, 0x33, 
	0x33, 0x33, 0x33, 0x33, 0x33, 0x33, 0x33, 0x43, 
	0x78, 0x88, 0x88, 0x87, 0x88, 0x88, 0x88, 0x88, 
	0x88, 0x88, 0x78, 0x88, 0x88, 0x88, 0x88, 0x87, 
	0x33, 0x34, 0x43, 0x31, 0x12, 0x33, 0x33, 0x33, 
	0x33, 0x33, 0x33, 0x33, 0x33, 0x32, 0x23, 0x33, 
	0x78, 0x88, 0x88, 0x87, 0x88, 0x88, 0x88, 0x88, 
	0x88, 0x88, 0x87, 0x88, 0x87, 0x87, 0x77, 0x75, 
	0x33, 0x33, 0x33, 0x33, 0x23, 0x33, 0x43, 0x33, 
	0x33, 0x33, 0x33, 0x33, 0x33, 0x33, 0x33, 0x33, 
	0x78, 0x88, 0x88, 0x77, 0x78, 0x88, 0x88, 0x88, 
	0x88, 0x88, 0x87, 0x88, 0x77, 0x88, 0x88, 0x75, 
	0x33, 0x33, 0x33, 0x33, 0x23, 0x33, 0x33, 0x33, 
	0x33, 0x33, 0x33, 0x33, 0x33, 0x34, 0x43, 0x33, 
	0x78, 0x88, 0x88, 0x78, 0x88, 0x88, 0x88, 0x88, 
	0x88, 0x88, 0x88, 0x77, 0x87, 0x88, 0x77, 0x76, 
	0x33, 0x34, 0x33, 0x33, 0x23, 0x33, 0x33, 0x33, 
	0x33, 0x33, 0x33, 0x23, 0x33, 0x33, 0x33, 0x33, 
	0x78, 0x88, 0x87, 0x78, 0x88, 0x88, 0x88, 0x88, 
	0x88, 0x88, 0x88, 0x87, 0x78, 0x87, 0x77, 0x87, 
	0x34, 0x33, 0x33, 0x33, 0x33, 0x33, 0x33, 0x44, 
	0x33, 0x33, 0x33, 0x33, 0x43, 0x33, 0x12, 0x33, 
	0x78, 0x87, 0x77, 0x88, 0x88, 0x88, 0x88, 0x88, 
	0x88, 0x88, 0x88, 0x88, 0x77, 0x77, 0x88, 0x87, 
	0x23, 0x33, 0x43, 0x33, 0x33, 0x23, 0x33, 0x44, 
	0x44, 0x33, 0x33, 0x33, 0x33, 0x34, 0x33, 0x33, 
	0x78, 0x87, 0x77, 0x88, 0x88, 0x88, 0x88, 0x88, 
	0x88, 0x88, 0x88, 0x87, 0x77, 0x88, 0x88, 0x87, 
	0x12, 0x33, 0x33, 0x33, 0x33, 0x33, 0x23, 0x33, 
	0x33, 0x33, 0x33, 0x33, 0x33, 0x33, 0x33, 0x32, 
	0x78, 0x88, 0x77, 0x88, 0x88, 0x88, 0x88, 0x88, 
	0x88, 0x88, 0x88, 0x77, 0x87, 0x78, 0x88, 0x87, 
	0x12, 0x22, 0x22, 0x22, 0x22, 0x22, 0x22, 0x22, 
	0x22, 0x22, 0x32, 0x22, 0x22, 0x22, 0x22, 0x22, 
	0x77, 0x77, 0x66, 0x77, 0x77, 0x77, 0x77, 0x77, 
	0x77, 0x75, 0x56, 0x77, 0x76, 0x77, 0x77, 0x76, 
	0x77, 0x77, 0x77, 0x77, 0x77, 0x66, 0x67, 0x77, 
	0x77, 0x77, 0x77, 0x76, 0x55, 0x77, 0x77, 0x77, 
	0x32, 0x23, 0x33, 0x33, 0x33, 0x22, 0x23, 0x32, 
	0x33, 0x33, 0x33, 0x33, 0x33, 0x33, 0x33, 0x33, 
	0x78, 0x88, 0x88, 0x88, 0x88, 0x78, 0x88, 0x88, 
	0x88, 0x88, 0x87, 0x77, 0x78, 0x88, 0x88, 0x86, 
	0x33, 0x33, 0x33, 0x44, 0x33, 0x33, 0x33, 0x33, 
	0x33, 0x33, 0x33, 0x33, 0x34, 0x43, 0x33, 0x33, 
	0x78, 0x88, 0x87, 0x78, 0x88, 0x88, 0x87, 0x77, 
	0x78, 0x87, 0x78, 0x88, 0x87, 0x88, 0x88, 0x87, 
	0x33, 0x33, 0x33, 0x43, 0x33, 0x33, 0x22, 0x33, 
	0x33, 0x33, 0x22, 0x34, 0x33, 0x33, 0x33, 0x33, 
	0x78, 0x88, 0x77, 0x88, 0x88, 0x88, 0x87, 0x78, 
	0x78, 0x88, 0x78, 0x88, 0x88, 0x88, 0x88, 0x87, 
	0x33, 0x33, 0x43, 0x33, 0x33, 0x32, 0x22, 0x33, 
	0x33, 0x33, 0x33, 0x33, 0x33, 0x34, 0x43, 0x33, 
	0x78, 0x87, 0x78, 0x88, 0x77, 0x88, 0x87, 0x78, 
	0x88, 0x87, 0x78, 0x88, 0x88, 0x88, 0x88, 0x87, 
	0x33, 0x33, 0x33, 0x33, 0x43, 0x32, 0x33, 0x33, 
	0x33, 0x33, 0x33, 0x33, 0x33, 0x44, 0x33, 0x33, 
	0x54, 0x78, 0x88, 0x77, 0x78, 0x88, 0x77, 0x88, 
	0x88, 0x87, 0x88, 0x88, 0x88, 0x88, 0x88, 0x87, 
	0x23, 0x33, 0x33, 0x33, 0x33, 0x33, 0x33, 0x33, 
	0x33, 0x33, 0x33, 0x33, 0x33, 0x44, 0x34, 0x43, 
	0x57, 0x88, 0x77, 0x88, 0x87, 0x77, 0x88, 0x88, 
	0x88, 0x87, 0x88, 0x88, 0x88, 0x88, 0x88, 0x87, 
	0x23, 0x33, 0x33, 0x33, 0x23, 0x33, 0x33, 0x31, 
	0x23, 0x33, 0x33, 0x33, 0x34, 0x33, 0x44, 0x43, 
	0x57, 0x77, 0x88, 0x88, 0x87, 0x88, 0x88, 0x78, 
	0x78, 0x87, 0x88, 0x88, 0x88, 0x88, 0x88, 0x87, 
	0x33, 0x33, 0x33, 0x33, 0x33, 0x32, 0x33, 0x32, 
	0x23, 0x43, 0x33, 0x33, 0x33, 0x34, 0x43, 0x33, 
	0x57, 0x77, 0x88, 0x88, 0x78, 0x88, 0x88, 0x78, 
	0x88, 0x87, 0x88, 0x88, 0x88, 0x88, 0x88, 0x87, 
	0x23, 0x34, 0x33, 0x33, 0x33, 0x33, 0x33, 0x33, 
	0x33, 0x33, 0x23, 0x34, 0x33, 0x33, 0x33, 0x33, 
	0x67, 0x88, 0x88, 0x88, 0x98, 0x88, 0x88, 0x88, 
	0x88, 0x87, 0x88, 0x88, 0x88, 0x88, 0x88, 0x87, 
	0x23, 0x33, 0x33, 0x33, 0x22, 0x33, 0x33, 0x33, 
	0x33, 0x23, 0x33, 0x33, 0x33, 0x33, 0x33, 0x33, 
	0x78, 0x88, 0x78, 0x88, 0x88, 0x88, 0x88, 0x88, 
	0x88, 0x77, 0x88, 0x88, 0x88, 0x87, 0x88, 0x85, 
	0x33, 0x33, 0x33, 0x33, 0x33, 0x22, 0x23, 0x33, 
	0x32, 0x23, 0x33, 0x33, 0x33, 0x33, 0x33, 0x22, 
	0x57, 0x68, 0x88, 0x88, 0x88, 0x88, 0x87, 0x88, 
	0x88, 0x77, 0x88, 0x88, 0x88, 0x88, 0x77, 0x76, 
	0x33, 0x33, 0x33, 0x33, 0x33, 0x32, 0x33, 0x33, 
	0x31, 0x33, 0x43, 0x34, 0x43, 0x33, 0x33, 0x22, 
	0x47, 0x78, 0x88, 0x88, 0x88, 0x88, 0x77, 0x88, 
	0x88, 0x77, 0x88, 0x88, 0x87, 0x77, 0x77, 0x76, 
	0x33, 0x33, 0x11, 0x23, 0x33, 0x33, 0x33, 0x33, 
	0x32, 0x33, 0x44, 0x44, 0x43, 0x43, 0x33, 0x32, 
	0x58, 0x78, 0x88, 0x88, 0x88, 0x88, 0x78, 0x87, 
	0x78, 0x77, 0x88, 0x88, 0x87, 0x77, 0x88, 0x87, 
	0x33, 0x33, 0x32, 0x33, 0x33, 0x33, 0x33, 0x33, 
	0x33, 0x44, 0x44, 0x44, 0x43, 0x32, 0x33, 0x33, 
	0x77, 0x78, 0x88, 0x88, 0x88, 0x88, 0x88, 0x77, 
	0x77, 0x78, 0x88, 0x88, 0x77, 0x88, 0x88, 0x87, 
	0x33, 0x33, 0x33, 0x23, 0x33, 0x33, 0x33, 0x33, 
	0x34, 0x44, 0x44, 0x44, 0x43, 0x33, 0x33, 0x33, 
	0x68, 0x78, 0x88, 0x88, 0x88, 0x88, 0x87, 0x88, 
	0x87, 0x78, 0x87, 0x67, 0x88, 0x88, 0x88, 0x87, 
	0x33, 0x33, 0x33, 0x32, 0x33, 0x33, 0x33, 0x33, 
	0x44, 0x44, 0x33, 0x44, 0x43, 0x33, 0x33, 0x33, 
	0x67, 0x88, 0x88, 0x88, 0x88, 0x77, 0x77, 0x88, 
	0x87, 0x78, 0x77, 0x88, 0x88, 0x88, 0x88, 0x87, 
	0x33, 0x33, 0x34, 0x33, 0x23, 0x33, 0x33, 0x33, 
	0x44, 0x44, 0x44, 0x44, 0x43, 0x32, 0x23, 0x33, 
	0x77, 0x77, 0x88, 0x88, 0x87, 0x77, 0x78, 0x88, 
	0x78, 0x88, 0x88, 0x88, 0x88, 0x88, 0x88, 0x87, 
	0x33, 0x34, 0x34, 0x33, 0x33, 0x22, 0x33, 0x33, 
	0x34, 0x44, 0x44, 0x43, 0x33, 0x33, 0x33, 0x32, 
	0x67, 0x77, 0x77, 0x77, 0x88, 0x88, 0x88, 0x88, 
	0x78, 0x88, 0x88, 0x88, 0x88, 0x88, 0x88, 0x87, 
	0x33, 0x33, 0x33, 0x33, 0x23, 0x33, 0x33, 0x44, 
	0x34, 0x44, 0x34, 0x43, 0x33, 0x33, 0x33, 0x32, 
	0x68, 0x77, 0x87, 0x77, 0x78, 0x88, 0x88, 0x88, 
	0x88, 0x88, 0x88, 0x88, 0x78, 0x78, 0x88, 0x87, 
	0x33, 0x33, 0x33, 0x33, 0x33, 0x33, 0x33, 0x34, 
	0x34, 0x43, 0x34, 0x44, 0x33, 0x33, 0x33, 0x33, 
	0x78, 0x78, 0x87, 0x77, 0x77, 0x88, 0x87, 0x78, 
	0x88, 0x88, 0x88, 0x88, 0x78, 0x88, 0x88, 0x87, 
	0x33, 0x33, 0x33, 0x33, 0x33, 0x33, 0x33, 0x33, 
	0x33, 0x44, 0x33, 0x34, 0x33, 0x33, 0x33, 0x33, 
	0x67, 0x77, 0x77, 0x77, 0x78, 0x88, 0x78, 0x88, 
	0x88, 0x88, 0x88, 0x88, 0x88, 0x88, 0x88, 0x87, 
	0x33, 0x33, 0x33, 0x33, 0x33, 0x33, 0x33, 0x33, 
	0x33, 0x33, 0x33, 0x43, 0x33, 0x33, 0x44, 0x43, 
	0x67, 0x77, 0x77, 0x77, 0x88, 0x88, 0x88, 0x88, 
	0x88, 0x88, 0x88, 0x88, 0x88, 0x88, 0x88, 0x87, 
	0x33, 0x33, 0x33, 0x33, 0x33, 0x33, 0x33, 0x33, 
	0x33, 0x33, 0x33, 0x44, 0x44, 0x34, 0x43, 0x43, 
	0x67, 0x77, 0x78, 0x87, 0x87, 0x88, 0x88, 0x88, 
	0x88, 0x88, 0x88, 0x88, 0x88, 0x88, 0x88, 0x87, 
	0x33, 0x33, 0x33, 0x23, 0x33, 0x33, 0x33, 0x33, 
	0x33, 0x34, 0x33, 0x44, 0x43, 0x34, 0x33, 0x43, 
	0x68, 0x87, 0x87, 0x87, 0x77, 0x78, 0x88, 0x88, 
	0x88, 0x88, 0x88, 0x88, 0x88, 0x88, 0x88, 0x87, 
	0x33, 0x43, 0x33, 0x23, 0x44, 0x43, 0x33, 0x33, 
	0x33, 0x44, 0x34, 0x44, 0x33, 0x33, 0x33, 0x33, 
	0x78, 0x77, 0x77, 0x78, 0x87, 0x78, 0x88, 0x88, 
	0x88, 0x88, 0x88, 0x88, 0x88, 0x88, 0x88, 0x87, 
	0x33, 0x33, 0x33, 0x23, 0x44, 0x44, 0x44, 0x34, 
	0x43, 0x43, 0x33, 0x33, 0x33, 0x34, 0x33, 0x33, 
	0x77, 0x78, 0x88, 0x78, 0x87, 0x78, 0x88, 0x87, 
	0x78, 0x88, 0x88, 0x78, 0x88, 0x88, 0x88, 0x87, 
	0x33, 0x33, 0x33, 0x33, 0x44, 0x43, 0x33, 0x44, 
	0x33, 0x33, 0x33, 0x33, 0x33, 0x44, 0x33, 0x33, 
	0x57, 0x88, 0x88, 0x88, 0x77, 0x77, 0x88, 0x88, 
	0x77, 0x78, 0x88, 0x88, 0x88, 0x88, 0x88, 0x86, 
	0x22, 0x33, 0x33, 0x33, 0x33, 0x33, 0x33, 0x43, 
	0x33, 0x33, 0x33, 0x33, 0x43, 0x44, 0x33, 0x43, 
	0x67, 0x87, 0x78, 0x87, 0x78, 0x87, 0x78, 0x88, 
	0x88, 0x88, 0x88, 0x88, 0x88, 0x88, 0x88, 0x87, 
	0x33, 0x33, 0x33, 0x33, 0x33, 0x33, 0x44, 0x34, 
	0x33, 0x33, 0x34, 0x43, 0x44, 0x44, 0x43, 0x33, 
	0x57, 0x78, 0x77, 0x77, 0x88, 0x88, 0x88, 0x88, 
	0x88, 0x88, 0x88, 0x88, 0x88, 0x88, 0x88, 0x87, 
	0x33, 0x32, 0x33, 0x33, 0x44, 0x33, 0x43, 0x34, 
	0x44, 0x33, 0x33, 0x34, 0x43, 0x33, 0x33, 0x33, 
	0x78, 0x88, 0x88, 0x77, 0x78, 0x88, 0x88, 0x88, 
	0x88, 0x88, 0x88, 0x88, 0x88, 0x88, 0x88, 0x87, 
	0x22, 0x22, 0x33, 0x33, 0x44, 0x33, 0x33, 0x33, 
	0x43, 0x33, 0x33, 0x44, 0x33, 0x33, 0x33, 0x33, 
	0x77, 0x77, 0x77, 0x67, 0x77, 0x77, 0x77, 0x77, 
	0x77, 0x77, 0x77, 0x77, 0x77, 0x77, 0x77, 0x77, 
	0x22, 0x22, 0x22, 0x23, 0x33, 0x22, 0x33, 0x22, 
	0x23, 0x22, 0x22, 0x22, 0x22, 0x22, 0x22, 0x22, 
	
};

Gfx bob_dl_f_tile02_i4_aligner[] = {gsSPEndDisplayList()};
u8 bob_dl_f_tile02_i4[] = {
	0x66, 0x66, 0x77, 0x76, 0x66, 0x66, 0x56, 0x64, 
	0x32, 0x24, 0x56, 0x66, 0x66, 0x67, 0x56, 0x66, 
	0x43, 0x23, 0x56, 0x66, 0x54, 0x22, 0x34, 0x55, 
	0x56, 0x65, 0x44, 0x32, 0x35, 0x66, 0x67, 0x65, 
	0x67, 0x77, 0x77, 0x87, 0x76, 0x66, 0x76, 0x65, 
	0x42, 0x23, 0x45, 0x66, 0x76, 0x76, 0x65, 0x75, 
	0x42, 0x23, 0x66, 0x77, 0x54, 0x24, 0x56, 0x66, 
	0x77, 0x56, 0x54, 0x42, 0x35, 0x66, 0x66, 0x66, 
	0x66, 0x77, 0x87, 0x77, 0x66, 0x66, 0x76, 0x56, 
	0x42, 0x22, 0x45, 0x56, 0x77, 0x67, 0x56, 0x55, 
	0x42, 0x24, 0x67, 0x76, 0x42, 0x45, 0x56, 0x67, 
	0x77, 0x66, 0x55, 0x42, 0x24, 0x56, 0x67, 0x66, 
	0x77, 0x77, 0x76, 0x77, 0x77, 0x77, 0x66, 0x65, 
	0x42, 0x12, 0x34, 0x45, 0x65, 0x56, 0x54, 0x44, 
	0x31, 0x24, 0x66, 0x65, 0x42, 0x45, 0x67, 0x77, 
	0x78, 0x76, 0x64, 0x32, 0x24, 0x66, 0x66, 0x76, 
	0x76, 0x77, 0x76, 0x77, 0x76, 0x77, 0x66, 0x65, 
	0x42, 0x11, 0x22, 0x24, 0x44, 0x43, 0x34, 0x32, 
	0x21, 0x24, 0x56, 0x65, 0x23, 0x46, 0x68, 0x77, 
	0x89, 0x77, 0x65, 0x32, 0x24, 0x67, 0x66, 0x76, 
	0x77, 0x87, 0x78, 0x77, 0x77, 0x77, 0x76, 0x65, 
	0x43, 0x21, 0x01, 0x12, 0x22, 0x22, 0x22, 0x21, 
	0x11, 0x24, 0x45, 0x53, 0x23, 0x47, 0x77, 0x77, 
	0x99, 0x77, 0x66, 0x42, 0x24, 0x66, 0x66, 0x66, 
	0x76, 0x87, 0x77, 0x77, 0x77, 0x77, 0x76, 0x65, 
	0x43, 0x21, 0x11, 0x22, 0x33, 0x22, 0x11, 0x11, 
	0x11, 0x22, 0x44, 0x32, 0x13, 0x67, 0x77, 0x77, 
	0x87, 0x87, 0x66, 0x42, 0x24, 0x55, 0x67, 0x66, 
	0x87, 0x77, 0x87, 0x77, 0x67, 0x66, 0x66, 0x65, 
	0x53, 0x20, 0x22, 0x34, 0x44, 0x43, 0x32, 0x22, 
	0x11, 0x12, 0x22, 0x22, 0x12, 0x56, 0x88, 0x87, 
	0x78, 0x87, 0x66, 0x32, 0x35, 0x67, 0x56, 0x76, 
	0x77, 0x78, 0x77, 0x67, 0x67, 0x76, 0x66, 0x66, 
	0x42, 0x11, 0x23, 0x45, 0x55, 0x54, 0x43, 0x22, 
	0x11, 0x12, 0x22, 0x21, 0x12, 0x57, 0x77, 0x88, 
	0x78, 0x77, 0x76, 0x42, 0x26, 0x67, 0x76, 0x67, 
	0x66, 0x67, 0x76, 0x67, 0x77, 0x77, 0x66, 0x75, 
	0x42, 0x11, 0x34, 0x45, 0x56, 0x65, 0x44, 0x43, 
	0x21, 0x13, 0x24, 0x32, 0x13, 0x57, 0x78, 0x78, 
	0x77, 0x77, 0x75, 0x42, 0x26, 0x66, 0x76, 0x67, 
	0x66, 0x66, 0x76, 0x66, 0x67, 0x76, 0x67, 0x55, 
	0x42, 0x12, 0x44, 0x55, 0x66, 0x66, 0x54, 0x43, 
	0x21, 0x14, 0x45, 0x42, 0x23, 0x46, 0x77, 0x77, 
	0x77, 0x77, 0x65, 0x42, 0x26, 0x66, 0x67, 0x77, 
	0x66, 0x77, 0x67, 0x76, 0x67, 0x67, 0x75, 0x65, 
	0x42, 0x12, 0x45, 0x55, 0x67, 0x66, 0x65, 0x43, 
	0x21, 0x25, 0x66, 0x54, 0x23, 0x45, 0x77, 0x77, 
	0x87, 0x76, 0x65, 0x41, 0x35, 0x66, 0x56, 0x76, 
	0x57, 0x77, 0x76, 0x66, 0x76, 0x77, 0x77, 0x65, 
	0x42, 0x12, 0x44, 0x55, 0x56, 0x65, 0x55, 0x44, 
	0x21, 0x25, 0x77, 0x54, 0x33, 0x55, 0x67, 0x77, 
	0x77, 0x66, 0x65, 0x31, 0x35, 0x76, 0x76, 0x66, 
	0x66, 0x77, 0x66, 0x66, 0x77, 0x66, 0x66, 0x65, 
	0x42, 0x12, 0x34, 0x45, 0x56, 0x55, 0x44, 0x43, 
	0x32, 0x25, 0x77, 0x64, 0x34, 0x56, 0x67, 0x78, 
	0x76, 0x76, 0x65, 0x31, 0x24, 0x66, 0x76, 0x66, 
	0x66, 0x76, 0x66, 0x67, 0x77, 0x77, 0x65, 0x44, 
	0x32, 0x12, 0x23, 0x44, 0x54, 0x54, 0x44, 0x43, 
	0x22, 0x24, 0x57, 0x53, 0x24, 0x57, 0x67, 0x77, 
	0x77, 0x67, 0x65, 0x31, 0x24, 0x67, 0x76, 0x67, 
	0x57, 0x57, 0x67, 0x66, 0x76, 0x66, 0x54, 0x44, 
	0x32, 0x11, 0x12, 0x33, 0x44, 0x44, 0x43, 0x32, 
	0x21, 0x24, 0x54, 0x53, 0x23, 0x57, 0x76, 0x79, 
	0x77, 0x66, 0x65, 0x31, 0x34, 0x56, 0x77, 0x76, 
	0x65, 0x66, 0x66, 0x66, 0x65, 0x55, 0x44, 0x44, 
	0x22, 0x11, 0x22, 0x22, 0x23, 0x23, 0x22, 0x22, 
	0x11, 0x22, 0x44, 0x32, 0x23, 0x56, 0x76, 0x77, 
	0x77, 0x76, 0x64, 0x21, 0x23, 0x45, 0x56, 0x66, 
	0x55, 0x55, 0x65, 0x55, 0x55, 0x55, 0x44, 0x43, 
	0x22, 0x11, 0x11, 0x12, 0x22, 0x22, 0x11, 0x11, 
	0x11, 0x22, 0x22, 0x21, 0x13, 0x56, 0x77, 0x78, 
	0x77, 0x76, 0x64, 0x21, 0x22, 0x34, 0x45, 0x56, 
	0x44, 0x44, 0x45, 0x44, 0x44, 0x44, 0x43, 0x32, 
	0x21, 0x11, 0x21, 0x11, 0x10, 0x11, 0x11, 0x22, 
	0x24, 0x44, 0x32, 0x22, 0x13, 0x56, 0x77, 0x77, 
	0x77, 0x77, 0x64, 0x21, 0x11, 0x12, 0x22, 0x34, 
	0x22, 0x22, 0x33, 0x43, 0x33, 0x32, 0x23, 0x22, 
	0x11, 0x22, 0x33, 0x22, 0x11, 0x12, 0x22, 0x33, 
	0x45, 0x56, 0x44, 0x22, 0x23, 0x57, 0x67, 0x77, 
	0x77, 0x66, 0x64, 0x21, 0x00, 0x12, 0x11, 0x12, 
	0x22, 0x11, 0x11, 0x22, 0x22, 0x22, 0x21, 0x11, 
	0x12, 0x44, 0x44, 0x43, 0x21, 0x23, 0x44, 0x55, 
	0x66, 0x56, 0x54, 0x32, 0x13, 0x46, 0x67, 0x77, 
	0x77, 0x66, 0x64, 0x21, 0x01, 0x23, 0x43, 0x32, 
	0x44, 0x32, 0x11, 0x11, 0x11, 0x12, 0x32, 0x21, 
	0x13, 0x45, 0x65, 0x54, 0x21, 0x24, 0x56, 0x67, 
	0x77, 0x66, 0x64, 0x42, 0x13, 0x46, 0x67, 0x77, 
	0x77, 0x66, 0x64, 0x21, 0x12, 0x44, 0x55, 0x44, 
	0x44, 0x44, 0x32, 0x21, 0x11, 0x34, 0x54, 0x31, 
	0x24, 0x57, 0x77, 0x64, 0x41, 0x24, 0x67, 0x77, 
	0x76, 0x77, 0x65, 0x42, 0x12, 0x46, 0x67, 0x66, 
	0x77, 0x76, 0x54, 0x21, 0x13, 0x45, 0x54, 0x44, 
	0x44, 0x44, 0x54, 0x32, 0x12, 0x47, 0x76, 0x42, 
	0x25, 0x68, 0x88, 0x75, 0x42, 0x25, 0x77, 0x67, 
	0x66, 0x77, 0x56, 0x42, 0x23, 0x45, 0x76, 0x76, 
	0x76, 0x66, 0x54, 0x21, 0x12, 0x45, 0x45, 0x44, 
	0x44, 0x44, 0x43, 0x21, 0x23, 0x57, 0x87, 0x52, 
	0x25, 0x79, 0x98, 0x75, 0x31, 0x35, 0x77, 0x77, 
	0x76, 0x76, 0x65, 0x42, 0x23, 0x45, 0x66, 0x66, 
	0x76, 0x55, 0x44, 0x21, 0x12, 0x34, 0x54, 0x44, 
	0x43, 0x23, 0x22, 0x11, 0x12, 0x46, 0x77, 0x53, 
	0x25, 0x79, 0xb8, 0x74, 0x41, 0x36, 0x76, 0x77, 
	0x77, 0x66, 0x75, 0x42, 0x13, 0x34, 0x55, 0x65, 
	0x65, 0x55, 0x43, 0x21, 0x11, 0x22, 0x33, 0x44, 
	0x22, 0x22, 0x11, 0x11, 0x11, 0x24, 0x55, 0x42, 
	0x46, 0x89, 0x98, 0x74, 0x32, 0x35, 0x67, 0x67, 
	0x67, 0x77, 0x65, 0x42, 0x22, 0x23, 0x44, 0x54, 
	0x44, 0x44, 0x22, 0x11, 0x10, 0x11, 0x22, 0x22, 
	0x22, 0x22, 0x33, 0x44, 0x32, 0x11, 0x23, 0x21, 
	0x46, 0x99, 0x99, 0x74, 0x32, 0x46, 0x67, 0x77, 
	0x66, 0x77, 0x65, 0x42, 0x12, 0x22, 0x23, 0x43, 
	0x32, 0x22, 0x22, 0x21, 0x12, 0x11, 0x11, 0x01, 
	0x44, 0x44, 0x45, 0x55, 0x44, 0x22, 0x11, 0x21, 
	0x46, 0x99, 0x88, 0x74, 0x32, 0x35, 0x77, 0x77, 
	0x77, 0x77, 0x65, 0x42, 0x21, 0x11, 0x12, 0x21, 
	0x22, 0x21, 0x12, 0x23, 0x34, 0x43, 0x21, 0x23, 
	0x56, 0x65, 0x66, 0x56, 0x54, 0x43, 0x21, 0x12, 
	0x57, 0x88, 0x98, 0x74, 0x32, 0x25, 0x67, 0x77, 
	0x78, 0x77, 0x66, 0x42, 0x11, 0x22, 0x22, 0x21, 
	0x11, 0x11, 0x24, 0x56, 0x65, 0x45, 0x21, 0x24, 
	0x77, 0x76, 0x76, 0x76, 0x66, 0x44, 0x21, 0x12, 
	0x58, 0x89, 0x88, 0x85, 0x32, 0x24, 0x57, 0x76, 
	0x78, 0x76, 0x65, 0x42, 0x12, 0x34, 0x54, 0x43, 
	0x21, 0x12, 0x46, 0x77, 0x88, 0x76, 0x41, 0x45, 
	0x76, 0x77, 0x77, 0x77, 0x76, 0x64, 0x31, 0x22, 
	0x57, 0x9a, 0x88, 0x85, 0x32, 0x13, 0x45, 0x66, 
	0x67, 0x66, 0x65, 0x42, 0x13, 0x44, 0x45, 0x54, 
	0x22, 0x14, 0x67, 0x99, 0x99, 0x87, 0x52, 0x46, 
	0x77, 0x87, 0x67, 0x77, 0x76, 0x54, 0x41, 0x23, 
	0x57, 0x99, 0x88, 0x75, 0x32, 0x12, 0x44, 0x55, 
	0x76, 0x65, 0x55, 0x31, 0x24, 0x44, 0x45, 0x54, 
	0x32, 0x15, 0x68, 0x99, 0x99, 0x97, 0x52, 0x56, 
	0x77, 0x77, 0x77, 0x78, 0x76, 0x56, 0x42, 0x24, 
	0x67, 0x89, 0x99, 0x86, 0x32, 0x11, 0x22, 0x44, 
	0x45, 0x54, 0x44, 0x21, 0x12, 0x34, 0x44, 0x44, 
	0x22, 0x25, 0x78, 0x99, 0xab, 0x98, 0x62, 0x56, 
	0x78, 0x77, 0x67, 0x78, 0x77, 0x56, 0x42, 0x24, 
	0x68, 0x89, 0x88, 0x75, 0x32, 0x12, 0x33, 0x22, 
	0x22, 0x32, 0x22, 0x11, 0x11, 0x22, 0x33, 0x32, 
	0x21, 0x25, 0x79, 0x9b, 0xb9, 0xb8, 0x62, 0x56, 
	0x77, 0x76, 0x77, 0x87, 0x66, 0x65, 0x42, 0x23, 
	0x77, 0x88, 0x88, 0x75, 0x32, 0x13, 0x45, 0x44, 
	0x22, 0x11, 0x11, 0x22, 0x32, 0x22, 0x22, 0x22, 
	0x21, 0x25, 0x89, 0xab, 0x9a, 0xa8, 0x52, 0x56, 
	0x77, 0x66, 0x77, 0x77, 0x77, 0x76, 0x42, 0x24, 
	0x79, 0x89, 0x98, 0x74, 0x22, 0x24, 0x55, 0x55, 
	0x43, 0x21, 0x13, 0x45, 0x66, 0x66, 0x54, 0x32, 
	0x22, 0x24, 0x79, 0x99, 0x99, 0x87, 0x42, 0x56, 
	0x77, 0x67, 0x77, 0x77, 0x77, 0x65, 0x42, 0x24, 
	0x67, 0x89, 0x98, 0x74, 0x22, 0x24, 0x66, 0x77, 
	0x54, 0x32, 0x13, 0x46, 0x67, 0x87, 0x87, 0x65, 
	0x42, 0x24, 0x68, 0x99, 0x99, 0x86, 0x32, 0x55, 
	0x67, 0x76, 0x76, 0x77, 0x77, 0x76, 0x42, 0x24, 
	0x67, 0x88, 0x88, 0x75, 0x32, 0x24, 0x66, 0x76, 
	0x75, 0x43, 0x24, 0x57, 0x77, 0x89, 0x89, 0x76, 
	0x53, 0x24, 0x67, 0x88, 0x98, 0x75, 0x22, 0x45, 
	0x67, 0x77, 0x76, 0x77, 0x76, 0x76, 0x42, 0x23, 
	0x77, 0x98, 0x97, 0x76, 0x32, 0x24, 0x66, 0x66, 
	0x55, 0x42, 0x13, 0x57, 0x78, 0x88, 0x88, 0x76, 
	0x43, 0x22, 0x46, 0x78, 0x77, 0x64, 0x22, 0x56, 
	0x56, 0x67, 0x77, 0x66, 0x66, 0x75, 0x42, 0x14, 
	0x67, 0x88, 0x98, 0x75, 0x32, 0x35, 0x66, 0x66, 
	0x76, 0x42, 0x12, 0x45, 0x77, 0x88, 0x87, 0x65, 
	0x42, 0x12, 0x24, 0x55, 0x55, 0x43, 0x12, 0x46, 
	0x65, 0x65, 0x76, 0x65, 0x66, 0x75, 0x42, 0x14, 
	0x56, 0x78, 0x77, 0x65, 0x22, 0x45, 0x66, 0x67, 
	0x66, 0x42, 0x12, 0x23, 0x45, 0x66, 0x54, 0x32, 
	0x21, 0x11, 0x12, 0x34, 0x44, 0x42, 0x12, 0x35, 
	0x66, 0x66, 0x65, 0x66, 0x66, 0x54, 0x42, 0x13, 
	0x46, 0x77, 0x77, 0x64, 0x22, 0x46, 0x67, 0x76, 
	0x65, 0x42, 0x11, 0x11, 0x12, 0x21, 0x12, 0x11, 
	0x22, 0x22, 0x11, 0x22, 0x22, 0x21, 0x12, 0x24, 
	0x56, 0x56, 0x56, 0x65, 0x65, 0x44, 0x22, 0x12, 
	0x45, 0x66, 0x65, 0x54, 0x21, 0x45, 0x66, 0x67, 
	0x65, 0x31, 0x11, 0x00, 0x01, 0x12, 0x22, 0x23, 
	0x33, 0x43, 0x32, 0x22, 0x12, 0x11, 0x11, 0x24, 
	0x44, 0x55, 0x54, 0x54, 0x44, 0x32, 0x11, 0x12, 
	0x34, 0x45, 0x65, 0x43, 0x21, 0x45, 0x76, 0x77, 
	0x65, 0x41, 0x11, 0x12, 0x34, 0x45, 0x44, 0x44, 
	0x44, 0x44, 0x54, 0x54, 0x32, 0x21, 0x11, 0x22, 
	0x22, 0x33, 0x33, 0x22, 0x22, 0x12, 0x11, 0x11, 
	0x23, 0x44, 0x44, 0x32, 0x11, 0x46, 0x75, 0x66, 
	0x65, 0x41, 0x12, 0x34, 0x45, 0x55, 0x66, 0x66, 
	0x55, 0x45, 0x65, 0x55, 0x54, 0x32, 0x12, 0x12, 
	0x22, 0x22, 0x22, 0x22, 0x34, 0x23, 0x22, 0x11, 
	0x12, 0x23, 0x22, 0x11, 0x11, 0x35, 0x66, 0x76, 
	0x75, 0x42, 0x23, 0x44, 0x56, 0x66, 0x76, 0x77, 
	0x67, 0x65, 0x66, 0x66, 0x65, 0x52, 0x21, 0x11, 
	0x34, 0x44, 0x54, 0x56, 0x66, 0x56, 0x54, 0x32, 
	0x21, 0x11, 0x23, 0x32, 0x21, 0x35, 0x65, 0x66, 
	0x65, 0x32, 0x23, 0x44, 0x45, 0x67, 0x67, 0x67, 
	0x87, 0x77, 0x65, 0x76, 0x55, 0x54, 0x32, 0x12, 
	0x45, 0x56, 0x67, 0x77, 0x67, 0x78, 0x86, 0x54, 
	0x32, 0x13, 0x45, 0x44, 0x32, 0x24, 0x56, 0x66, 
	0x64, 0x22, 0x34, 0x44, 0x44, 0x67, 0x67, 0x77, 
	0x88, 0x97, 0x86, 0x76, 0x65, 0x64, 0x32, 0x13, 
	0x65, 0x77, 0x77, 0x78, 0x78, 0x89, 0x98, 0x76, 
	0x42, 0x14, 0x66, 0x75, 0x43, 0x14, 0x55, 0x76, 
	0x54, 0x22, 0x34, 0x44, 0x44, 0x55, 0x66, 0x77, 
	0x79, 0x87, 0x77, 0x77, 0x56, 0x54, 0x42, 0x24, 
	0x66, 0x77, 0x78, 0x99, 0x99, 0x99, 0x98, 0x87, 
	0x52, 0x24, 0x67, 0x76, 0x43, 0x12, 0x45, 0x66, 
	0x54, 0x22, 0x24, 0x44, 0x44, 0x55, 0x66, 0x66, 
	0x77, 0x87, 0x87, 0x97, 0x66, 0x56, 0x42, 0x35, 
	0x67, 0x77, 0x88, 0x8a, 0xab, 0xab, 0x99, 0x87, 
	0x63, 0x14, 0x56, 0x65, 0x42, 0x12, 0x24, 0x44, 
	0x43, 0x12, 0x34, 0x44, 0x45, 0x55, 0x65, 0x66, 
	0x77, 0x76, 0x78, 0x87, 0x76, 0x55, 0x42, 0x35, 
	0x66, 0x77, 0x78, 0x99, 0x99, 0x9a, 0x99, 0x97, 
	0x53, 0x11, 0x23, 0x44, 0x31, 0x11, 0x12, 0x23, 
	0x32, 0x12, 0x24, 0x34, 0x44, 0x55, 0x55, 0x55, 
	0x56, 0x77, 0x67, 0x86, 0x86, 0x54, 0x42, 0x35, 
	0x66, 0x77, 0x87, 0x88, 0x99, 0x99, 0x99, 0x97, 
	0x54, 0x21, 0x22, 0x21, 0x22, 0x22, 0x22, 0x21, 
	0x22, 0x12, 0x23, 0x44, 0x45, 0x44, 0x55, 0x55, 
	0x67, 0x66, 0x67, 0x76, 0x76, 0x54, 0x42, 0x25, 
	0x56, 0x67, 0x87, 0x88, 0x89, 0x99, 0x88, 0x86, 
	0x43, 0x21, 0x12, 0x22, 0x34, 0x44, 0x33, 0x43, 
	0x21, 0x11, 0x22, 0x33, 0x45, 0x44, 0x55, 0x44, 
	0x54, 0x56, 0x77, 0x65, 0x56, 0x44, 0x42, 0x24, 
	0x56, 0x67, 0x68, 0x78, 0x88, 0x87, 0x87, 0x77, 
	0x42, 0x21, 0x24, 0x44, 0x55, 0x66, 0x66, 0x54, 
	0x32, 0x11, 0x23, 0x34, 0x44, 0x54, 0x44, 0x44, 
	0x44, 0x44, 0x56, 0x65, 0x54, 0x43, 0x22, 0x34, 
	0x45, 0x56, 0x67, 0x77, 0x77, 0x76, 0x67, 0x65, 
	0x42, 0x12, 0x34, 0x65, 0x66, 0x77, 0x67, 0x66, 
	0x43, 0x20, 0x12, 0x23, 0x44, 0x44, 0x44, 0x55, 
	0x45, 0x54, 0x55, 0x55, 0x54, 0x32, 0x21, 0x24, 
	0x44, 0x45, 0x55, 0x56, 0x67, 0x65, 0x55, 0x44, 
	0x32, 0x13, 0x44, 0x66, 0x66, 0x67, 0x76, 0x66, 
	0x43, 0x21, 0x12, 0x22, 0x34, 0x44, 0x45, 0x45, 
	0x45, 0x54, 0x45, 0x54, 0x34, 0x11, 0x11, 0x23, 
	0x23, 0x33, 0x34, 0x44, 0x44, 0x44, 0x44, 0x43, 
	0x22, 0x13, 0x44, 0x66, 0x66, 0x66, 0x66, 0x66, 
	0x54, 0x21, 0x11, 0x22, 0x22, 0x34, 0x44, 0x44, 
	0x55, 0x44, 0x44, 0x44, 0x22, 0x10, 0x12, 0x12, 
	0x23, 0x22, 0x11, 0x12, 0x22, 0x22, 0x22, 0x22, 
	0x21, 0x23, 0x45, 0x66, 0x66, 0x66, 0x67, 0x76, 
	0x54, 0x31, 0x21, 0x11, 0x12, 0x23, 0x44, 0x44, 
	0x44, 0x44, 0x54, 0x32, 0x11, 0x01, 0x22, 0x33, 
	0x44, 0x43, 0x33, 0x22, 0x21, 0x11, 0x11, 0x11, 
	0x11, 0x24, 0x47, 0x77, 0x66, 0x66, 0x67, 0x66, 
	0x64, 0x32, 0x33, 0x22, 0x11, 0x12, 0x23, 0x43, 
	0x44, 0x34, 0x32, 0x11, 0x10, 0x23, 0x44, 0x44, 
	0x55, 0x64, 0x44, 0x34, 0x33, 0x43, 0x32, 0x22, 
	0x21, 0x23, 0x58, 0x77, 0x76, 0x66, 0x67, 0x77, 
	0x64, 0x22, 0x44, 0x53, 0x21, 0x12, 0x22, 0x22, 
	0x22, 0x21, 0x10, 0x11, 0x12, 0x45, 0x66, 0x65, 
	0x77, 0x66, 0x65, 0x55, 0x55, 0x66, 0x54, 0x43, 
	0x22, 0x23, 0x57, 0x77, 0x77, 0x66, 0x77, 0x66, 
	0x64, 0x23, 0x46, 0x64, 0x32, 0x21, 0x11, 0x22, 
	0x22, 0x23, 0x22, 0x21, 0x23, 0x56, 0x76, 0x66, 
	0x76, 0x77, 0x66, 0x77, 0x67, 0x56, 0x55, 0x44, 
	0x32, 0x13, 0x56, 0x76, 0x77, 0x76, 0x66, 0x66, 
	0x54, 0x14, 0x46, 0x65, 0x43, 0x21, 0x22, 0x24, 
	0x44, 0x44, 0x33, 0x21, 0x34, 0x66, 0x66, 0x66, 
	
};

Gfx bob_dl_Asset_16_64x64_i4_aligner[] = {gsSPEndDisplayList()};
u8 bob_dl_Asset_16_64x64_i4[] = {
	0xba, 0xaa, 0xaa, 0xab, 0xbc, 0xcb, 0xbb, 0xbb, 
	0xbb, 0xaa, 0x76, 0x9a, 0xaa, 0x99, 0x99, 0x99, 
	0xaa, 0xaa, 0xab, 0xbc, 0xcc, 0xbb, 0xa9, 0x8a, 
	0xbc, 0xcc, 0xbb, 0xaa, 0xaa, 0xaa, 0xbb, 0xbb, 
	0xba, 0xaa, 0xaa, 0xab, 0xbb, 0xcb, 0xab, 0xbb, 
	0xba, 0x98, 0x68, 0x9a, 0xaa, 0x99, 0x99, 0x99, 
	0xaa, 0xaa, 0xab, 0xbc, 0xcb, 0xab, 0xa7, 0x9a, 
	0xbc, 0xcb, 0xba, 0xaa, 0xaa, 0xaa, 0xbb, 0xbb, 
	0xba, 0xaa, 0xaa, 0xab, 0xbb, 0xcc, 0xaa, 0xcc, 
	0xb9, 0x68, 0x98, 0x8a, 0xaa, 0x99, 0xaa, 0xaa, 
	0xaa, 0xaa, 0xbb, 0xbc, 0xcb, 0x88, 0x87, 0xaa, 
	0xbc, 0xbb, 0xaa, 0xaa, 0xaa, 0xab, 0xbb, 0xbb, 
	0xbb, 0xaa, 0xaa, 0xab, 0xbb, 0xcc, 0x99, 0xcc, 
	0xa7, 0x9b, 0xba, 0xab, 0xba, 0x99, 0x9a, 0xaa, 
	0xaa, 0xab, 0xbb, 0xbc, 0xcc, 0x97, 0x59, 0xaa, 
	0xbb, 0xcb, 0xaa, 0xaa, 0xaa, 0xab, 0xbc, 0xbb, 
	0xba, 0xaa, 0xab, 0xbb, 0xbb, 0xcc, 0x98, 0x9a, 
	0x79, 0xcc, 0xcb, 0xcb, 0xaa, 0x99, 0x99, 0xaa, 
	0xaa, 0xab, 0xbb, 0xbc, 0xcc, 0xb7, 0x6a, 0xab, 
	0xcc, 0xcc, 0xaa, 0xa9, 0x9a, 0xab, 0xcc, 0xcb, 
	0xba, 0xaa, 0xab, 0xbb, 0xbc, 0xcc, 0xa7, 0x77, 
	0xab, 0xbb, 0xbb, 0xbb, 0xa9, 0x99, 0x99, 0xaa, 
	0xaa, 0xab, 0xbb, 0xbc, 0xcc, 0xb9, 0x79, 0xcb, 
	0xcc, 0xcc, 0xba, 0xaa, 0xaa, 0xab, 0xcc, 0xcb, 
	0xbb, 0xab, 0xbb, 0xbb, 0xbc, 0xcc, 0xba, 0xa9, 
	0xab, 0xcb, 0xaa, 0xaa, 0xa9, 0x99, 0x9a, 0x9a, 
	0xaa, 0xab, 0xbb, 0xbb, 0xcc, 0xba, 0x89, 0xbb, 
	0xcc, 0xcb, 0xaa, 0xaa, 0xaa, 0xab, 0xcc, 0xbb, 
	0xbb, 0xbb, 0xbb, 0xbb, 0xbc, 0xcc, 0xbc, 0xb9, 
	0x9a, 0xba, 0xaa, 0xaa, 0xa9, 0x99, 0xaa, 0xaa, 
	0xaa, 0xab, 0xbb, 0xbb, 0xbb, 0xbb, 0xa8, 0xab, 
	0xbc, 0xcc, 0xba, 0xaa, 0xaa, 0xbb, 0xcc, 0xbb, 
	0xbb, 0xbb, 0xbb, 0xbb, 0xbc, 0xcc, 0xbb, 0xb9, 
	0x9a, 0xba, 0xaa, 0xaa, 0x99, 0x99, 0xaa, 0xaa, 
	0xaa, 0xbb, 0xcb, 0xbb, 0xbb, 0xbb, 0xb8, 0x9b, 
	0xbb, 0xbb, 0xba, 0xaa, 0xab, 0xbc, 0xcc, 0xbb, 
	0xbc, 0xbb, 0xbb, 0xbb, 0xbc, 0xcc, 0xbb, 0xb8, 
	0x9a, 0xaa, 0xaa, 0xaa, 0x99, 0x99, 0xaa, 0xaa, 
	0xab, 0xbb, 0xcb, 0xbb, 0xbb, 0xbb, 0xba, 0x8a, 
	0xab, 0xbb, 0xba, 0x9a, 0xab, 0xbc, 0xcc, 0xbb, 
	0xbb, 0xbb, 0xbb, 0xba, 0xbc, 0xcc, 0xba, 0xb9, 
	0x9a, 0xaa, 0xaa, 0xa9, 0x99, 0x99, 0xaa, 0xaa, 
	0xab, 0xbc, 0xcc, 0xbb, 0xbb, 0xbb, 0xbb, 0x9a, 
	0xaa, 0xbb, 0xba, 0x9a, 0xab, 0xcc, 0xcb, 0xbb, 
	0xbb, 0xbb, 0xbb, 0xbb, 0xab, 0xbb, 0x98, 0xa9, 
	0x99, 0x9a, 0xaa, 0xa9, 0x99, 0xaa, 0xaa, 0xaa, 
	0xbb, 0xbc, 0xcc, 0xbb, 0xbb, 0xbb, 0xbc, 0xb9, 
	0x9a, 0xab, 0xba, 0xaa, 0xbb, 0xcc, 0xcc, 0xbb, 
	0xbb, 0xbb, 0xbb, 0xbb, 0xbb, 0xbb, 0x98, 0x98, 
	0x99, 0x99, 0xbb, 0xa9, 0x99, 0xaa, 0xaa, 0xaa, 
	0xab, 0xbb, 0xcc, 0xbb, 0xbb, 0xbb, 0xbc, 0xcb, 
	0x99, 0xab, 0xba, 0xaa, 0xbb, 0xcc, 0xcc, 0xbb, 
	0xbb, 0xbb, 0xbb, 0xba, 0xab, 0xba, 0x99, 0x97, 
	0x99, 0xab, 0xba, 0x99, 0x9a, 0xaa, 0xaa, 0xaa, 
	0xab, 0xbb, 0xbc, 0xbb, 0xbb, 0xbb, 0xbc, 0xcc, 
	0xa9, 0xaa, 0xba, 0xaa, 0xbc, 0xcc, 0xcb, 0xbb, 
	0xbb, 0xbb, 0xbb, 0xba, 0xab, 0xa9, 0x99, 0x98, 
	0x68, 0xbb, 0xba, 0x99, 0x9a, 0xaa, 0xaa, 0xaa, 
	0xab, 0xbb, 0xbb, 0xbb, 0xbb, 0xbb, 0xbc, 0xcd, 
	0xb8, 0xaa, 0xaa, 0xaa, 0xbc, 0xcc, 0xbb, 0xbb, 
	0xbb, 0xbb, 0xbb, 0xba, 0xab, 0xb9, 0x98, 0xba, 
	0x86, 0x8a, 0xba, 0x99, 0x9a, 0xaa, 0xaa, 0xaa, 
	0xab, 0xbb, 0xcb, 0xbb, 0xbb, 0xbb, 0xbc, 0xcc, 
	0xb7, 0x9a, 0xaa, 0xab, 0xbc, 0xcb, 0xbb, 0xbb, 
	0xaa, 0xaa, 0xab, 0xaa, 0xaa, 0xa9, 0x7b, 0xbb, 
	0xb9, 0x69, 0xaa, 0xaa, 0xaa, 0xaa, 0xaa, 0xaa, 
	0xab, 0xbb, 0xbb, 0xbb, 0xab, 0xbb, 0xcc, 0xcc, 
	0xb8, 0x79, 0xba, 0xab, 0xcc, 0xcc, 0xbb, 0xbb, 
	0x99, 0x99, 0x99, 0xaa, 0xab, 0xa8, 0xaa, 0xbb, 
	0xba, 0x86, 0x89, 0xaa, 0xaa, 0xaa, 0xaa, 0xaa, 
	0xab, 0xbb, 0xbb, 0xba, 0xab, 0xbb, 0xcc, 0xbb, 
	0x89, 0x79, 0xba, 0xbb, 0xcc, 0xcc, 0xcc, 0xaa, 
	0xaa, 0xaa, 0x99, 0xaa, 0xaa, 0x79, 0xaa, 0xbc, 
	0xbc, 0xb6, 0x78, 0x9a, 0xaa, 0xaa, 0xaa, 0xaa, 
	0xab, 0xbb, 0xbb, 0xba, 0xbb, 0xcc, 0xcb, 0xba, 
	0x88, 0x7b, 0xab, 0xbb, 0xcc, 0xcc, 0xcc, 0xba, 
	0xdd, 0xdc, 0xa9, 0xaa, 0xa6, 0x7a, 0xaa, 0xbb, 
	0xcc, 0xca, 0x68, 0x9a, 0xaa, 0xaa, 0xaa, 0xaa, 
	0xab, 0xbb, 0xbb, 0xaa, 0xbb, 0xbc, 0xcb, 0xa7, 
	0x69, 0xaa, 0x9a, 0xbb, 0xcc, 0xcb, 0x9d, 0xdd, 
	0xdd, 0xcc, 0xcb, 0xaa, 0x68, 0xaa, 0xba, 0xab, 
	0xbc, 0xcc, 0x96, 0x8a, 0xaa, 0xaa, 0xaa, 0xaa, 
	0xab, 0xbb, 0xbb, 0xbb, 0xbc, 0xcc, 0xb9, 0x66, 
	0x89, 0xaa, 0x89, 0x9b, 0xcc, 0xca, 0xad, 0xed, 
	0xba, 0xab, 0xbb, 0xa6, 0x9b, 0xab, 0xba, 0xab, 
	0xbb, 0xcc, 0xba, 0x76, 0x8a, 0xaa, 0xab, 0xba, 
	0xab, 0xbb, 0xbb, 0xbb, 0xcc, 0xcb, 0xb9, 0x58, 
	0x99, 0xaa, 0x98, 0x9a, 0xbb, 0xb7, 0xab, 0xcc, 
	0xba, 0xaa, 0xb9, 0x8a, 0xab, 0xaa, 0xaa, 0xaa, 
	0xbb, 0xcc, 0xcb, 0xb8, 0x69, 0x9a, 0xaa, 0xaa, 
	0xaa, 0xab, 0xbb, 0xbb, 0xcb, 0xbb, 0xa8, 0x78, 
	0x99, 0x99, 0x97, 0x9a, 0xaa, 0x78, 0xab, 0xbb, 
	0xaa, 0xaa, 0xa7, 0xab, 0xba, 0xaa, 0xba, 0xaa, 
	0xbb, 0xcc, 0xcc, 0xbb, 0x88, 0x9a, 0xaa, 0xaa, 
	0xaa, 0xaa, 0xab, 0xbc, 0xcc, 0xba, 0x98, 0x78, 
	0x88, 0x89, 0x99, 0x87, 0x77, 0x59, 0xab, 0xaa, 
	0x98, 0x89, 0x78, 0xbd, 0xba, 0xab, 0xaa, 0xaa, 
	0xbb, 0xbc, 0xcc, 0xcb, 0x97, 0x89, 0xaa, 0xaa, 
	0xaa, 0xaa, 0xab, 0xbc, 0xcb, 0xba, 0x98, 0x88, 
	0x88, 0x8b, 0xdb, 0xa9, 0x87, 0x78, 0xa9, 0x89, 
	0x76, 0x56, 0x79, 0xcc, 0xbb, 0xba, 0xaa, 0xaa, 
	0xbb, 0xcc, 0xcc, 0xcb, 0x75, 0x8a, 0xbb, 0xaa, 
	0xaa, 0xaa, 0xbb, 0xcc, 0xcb, 0xba, 0xa8, 0x88, 
	0x89, 0xac, 0xdc, 0xba, 0xaa, 0xbb, 0x87, 0x66, 
	0x98, 0x77, 0x9a, 0xcb, 0xbb, 0xaa, 0xaa, 0xaa, 
	0xbb, 0xcc, 0xcc, 0xcc, 0x74, 0x9b, 0xbb, 0xa9, 
	0xaa, 0xbb, 0xbb, 0xcc, 0xbb, 0xaa, 0x97, 0x78, 
	0x9a, 0xcc, 0xcc, 0xba, 0x9b, 0xcc, 0xbb, 0xaa, 
	0xa9, 0x99, 0x9b, 0xbb, 0xbb, 0xbb, 0xaa, 0xab, 
	0xbb, 0xbb, 0xbc, 0xbb, 0xb7, 0x9a, 0xba, 0x99, 
	0xab, 0xbb, 0xbb, 0xcb, 0xba, 0xa9, 0x96, 0x89, 
	0xab, 0xbc, 0xcc, 0xbb, 0x89, 0xaa, 0xaa, 0xaa, 
	0x99, 0x99, 0xab, 0xbb, 0xba, 0xbb, 0xbb, 0xbb, 
	0xbb, 0xbb, 0xbb, 0xbb, 0xbb, 0xaa, 0xba, 0x9a, 
	0xab, 0xbb, 0xbc, 0xcb, 0xaa, 0x99, 0x79, 0x9a, 
	0xbb, 0xbb, 0xbb, 0xbb, 0x98, 0xaa, 0xaa, 0x99, 
	0x99, 0x9a, 0xcb, 0xbb, 0xba, 0xab, 0xbb, 0xbb, 
	0xbb, 0xaa, 0xbb, 0xbb, 0xbb, 0xa9, 0xaa, 0x9a, 
	0xab, 0xbb, 0xbc, 0xba, 0x99, 0x96, 0xaa, 0xaa, 
	0xbb, 0xbb, 0xbb, 0xbb, 0x96, 0x9a, 0xaa, 0xa9, 
	0x98, 0x8a, 0xcb, 0xbb, 0xba, 0xbb, 0xbb, 0xbb, 
	0xbb, 0xba, 0xab, 0xbc, 0xbb, 0xaa, 0xaa, 0x9a, 
	0xab, 0xbb, 0xcb, 0xb9, 0x76, 0x89, 0xaa, 0xab, 
	0xbb, 0xbb, 0xbb, 0xbb, 0xa7, 0x8a, 0xaa, 0xa9, 
	0xa8, 0x9b, 0xbb, 0xbb, 0xbb, 0xbb, 0xbb, 0xbb, 
	0xbb, 0xbb, 0xaa, 0xbb, 0xba, 0xaa, 0x9a, 0x9a, 
	0xaa, 0xbb, 0xa7, 0x56, 0x8a, 0xaa, 0xab, 0xbb, 
	0xbb, 0xbb, 0xbb, 0xbb, 0xb9, 0x67, 0x8a, 0xaa, 
	0x99, 0xaa, 0xab, 0xbb, 0xbb, 0xbb, 0xbb, 0xbb, 
	0xbb, 0xba, 0xaa, 0xbb, 0xbb, 0xba, 0xa9, 0x97, 
	0x88, 0x77, 0x9a, 0xbb, 0xaa, 0xaa, 0xab, 0xbb, 
	0xbb, 0xbb, 0xbb, 0xbb, 0xba, 0x86, 0x68, 0xaa, 
	0x76, 0x79, 0xaa, 0xbb, 0xbb, 0xbb, 0xbb, 0xbb, 
	0xbb, 0xba, 0xaa, 0xbb, 0xbb, 0xbb, 0xa5, 0x56, 
	0x54, 0x6b, 0xcb, 0xaa, 0xaa, 0xaa, 0xbb, 0xbb, 
	0xbb, 0xbb, 0xbb, 0xbb, 0xba, 0x98, 0x67, 0x8a, 
	0xaa, 0x96, 0x56, 0x89, 0xab, 0xbb, 0xbb, 0xbb, 
	0xbb, 0xba, 0xaa, 0xbc, 0xcc, 0xbb, 0x86, 0x88, 
	0x77, 0x58, 0xba, 0xaa, 0xaa, 0xaa, 0xbb, 0xbb, 
	0xcb, 0xbb, 0xaa, 0xab, 0xaa, 0x99, 0x76, 0x87, 
	0xab, 0xaa, 0x98, 0x65, 0x56, 0x9a, 0xbb, 0xbb, 
	0xbb, 0xaa, 0xaa, 0xbc, 0xcc, 0xb7, 0x9c, 0xba, 
	0x99, 0x67, 0xaa, 0xaa, 0xaa, 0xaa, 0xbb, 0xbb, 
	0xcb, 0xbb, 0xbb, 0xaa, 0xaa, 0xaa, 0x96, 0x58, 
	0xba, 0xaa, 0xaa, 0xa9, 0x88, 0x98, 0x8a, 0xbb, 
	0xbb, 0xaa, 0xab, 0xba, 0xa8, 0x7b, 0xcb, 0xbb, 
	0x97, 0x87, 0xaa, 0xaa, 0xaa, 0xab, 0xbb, 0xbb, 
	0xbb, 0xbb, 0xbb, 0xbb, 0xba, 0xaa, 0xa6, 0x9a, 
	0xba, 0xaa, 0xaa, 0xaa, 0xbb, 0xb9, 0x88, 0x9b, 
	0xbb, 0xaa, 0xaa, 0xa7, 0x78, 0xbc, 0xcb, 0xbb, 
	0xa8, 0x7a, 0xbb, 0xaa, 0xaa, 0xab, 0xbb, 0xcb, 
	0xbb, 0xbb, 0xbb, 0xbb, 0xaa, 0xaa, 0xa8, 0x9b, 
	0xaa, 0xaa, 0xaa, 0xaa, 0xab, 0xba, 0x97, 0x79, 
	0xba, 0xaa, 0xa9, 0x89, 0xbc, 0xcb, 0xcb, 0xbb, 
	0xaa, 0x7a, 0xbb, 0xba, 0xaa, 0xab, 0xbc, 0xca, 
	0xab, 0xbb, 0xbb, 0xbb, 0xaa, 0xaa, 0xba, 0x9b, 
	0xaa, 0xaa, 0x99, 0xaa, 0xab, 0xbb, 0xba, 0x76, 
	0x89, 0x99, 0x9a, 0xbb, 0xbb, 0xbb, 0xbb, 0xba, 
	0xaa, 0x97, 0xbb, 0xba, 0xaa, 0xab, 0xbc, 0xbb, 
	0xbb, 0xbb, 0xbb, 0xba, 0xaa, 0xab, 0xbb, 0xab, 
	0xba, 0xaa, 0x99, 0x9a, 0xbb, 0xbc, 0xb7, 0x56, 
	0x56, 0x77, 0x9b, 0xaa, 0xab, 0xbc, 0xcc, 0xba, 
	0xbb, 0xb8, 0xab, 0xba, 0xaa, 0xab, 0xbc, 0xbb, 
	0xbb, 0xbb, 0xbb, 0xaa, 0xaa, 0xab, 0xbb, 0xbb, 
	0xba, 0xaa, 0x9a, 0xbc, 0xbb, 0xbc, 0x85, 0x8a, 
	0xbb, 0xb7, 0x79, 0xaa, 0xab, 0xbc, 0xcc, 0xba, 
	0xbb, 0xcb, 0x8b, 0xbb, 0xbb, 0xbb, 0xbc, 0xbb, 
	0xbb, 0xbb, 0xbb, 0xbb, 0xaa, 0xab, 0xbb, 0xbb, 
	0xba, 0xaa, 0xaa, 0xbb, 0xbb, 0xb8, 0x58, 0xab, 
	0xcc, 0xba, 0x78, 0x9a, 0xab, 0xbc, 0xcc, 0xba, 
	0xbc, 0xcc, 0x97, 0x9b, 0xbb, 0xbb, 0xcc, 0xcb, 
	0xbb, 0xbb, 0xbb, 0xbb, 0xba, 0xaa, 0x99, 0xbc, 
	0xaa, 0xaa, 0xaa, 0xaa, 0xab, 0x85, 0x8a, 0xbc, 
	0xcb, 0xba, 0x97, 0x89, 0xab, 0xbc, 0xcc, 0xbb, 
	0xbc, 0xcc, 0xb9, 0x7a, 0xbb, 0xcc, 0xcc, 0xcc, 
	0xbb, 0xbb, 0xbb, 0xbb, 0xba, 0xa9, 0x8b, 0xcb, 
	0xba, 0xaa, 0xaa, 0x99, 0x99, 0x77, 0x79, 0xdd, 
	0xca, 0xaa, 0xa9, 0x79, 0xab, 0xbc, 0xbb, 0xbb, 
	0xbc, 0xcc, 0xcb, 0x97, 0xab, 0xcc, 0xcc, 0xcc, 
	0xbb, 0xbb, 0xbb, 0xbb, 0xa9, 0x87, 0xab, 0xcb, 
	0xbb, 0xba, 0xa9, 0x99, 0x98, 0x9a, 0xbc, 0xbc, 
	0xba, 0xaa, 0xaa, 0x99, 0xab, 0xcc, 0xbb, 0xbb, 
	0xbb, 0xcc, 0xcc, 0xb7, 0x7a, 0xbc, 0xbc, 0xcc, 
	0xbb, 0xbb, 0xbb, 0xbb, 0x76, 0x79, 0xbb, 0xbb, 
	0x88, 0x9a, 0x88, 0x87, 0x79, 0x9a, 0xbd, 0xdc, 
	0xaa, 0xaa, 0xab, 0xb9, 0xbb, 0xbc, 0xbb, 0xba, 
	0xab, 0xcc, 0xbc, 0xcb, 0x7a, 0xaa, 0x8c, 0xcc, 
	0xbb, 0xbb, 0xbb, 0xba, 0x67, 0x97, 0x88, 0x77, 
	0x55, 0x55, 0x65, 0x56, 0x9a, 0xbb, 0xcc, 0xcb, 
	0xaa, 0xaa, 0xab, 0xba, 0x87, 0x69, 0xbb, 0xbb, 
	0xbb, 0xcb, 0xbc, 0xcc, 0x97, 0x87, 0x9a, 0xcb, 
	0xbb, 0xbb, 0xba, 0x75, 0x79, 0x96, 0x55, 0x55, 
	0xba, 0xaa, 0x99, 0x9a, 0xbb, 0xbb, 0xba, 0xaa, 
	0xaa, 0xaa, 0xab, 0xbb, 0x96, 0x68, 0xab, 0xbb, 
	0xbc, 0xbb, 0xbc, 0xcb, 0x98, 0x89, 0xbb, 0xcc, 
	0xbb, 0xbb, 0xbb, 0x78, 0x99, 0x87, 0x8a, 0xdc, 
	0xdc, 0xbb, 0xaa, 0x9b, 0xdd, 0xbb, 0xaa, 0xaa, 
	0xaa, 0xaa, 0xaa, 0xbb, 0xba, 0x77, 0x8a, 0xbb, 
	0xbb, 0xbb, 0xbc, 0xca, 0x99, 0xca, 0x9b, 0xab, 
	0xbb, 0xbb, 0xa9, 0x78, 0x98, 0x88, 0x9a, 0xcd, 
	0xdc, 0xbb, 0xa8, 0xcd, 0xdc, 0xba, 0xaa, 0xaa, 
	0xaa, 0xaa, 0xaa, 0xaa, 0xbb, 0xa7, 0x89, 0xbb, 
	0x99, 0xbb, 0xbb, 0xba, 0x7c, 0xcb, 0xa9, 0x8b, 
	0xbb, 0xb9, 0x77, 0x99, 0x99, 0xab, 0xba, 0xbc, 
	0xcc, 0xcb, 0x9b, 0xde, 0xdc, 0xba, 0xaa, 0xab, 
	0xba, 0xaa, 0xaa, 0xaa, 0xaa, 0xa9, 0x89, 0xba, 
	0x7a, 0xbb, 0xbb, 0xa9, 0x9c, 0xcb, 0xa7, 0x89, 
	0xaa, 0x97, 0x8c, 0xcb, 0xba, 0xaa, 0xaa, 0xbc, 
	0xcc, 0xcb, 0x9d, 0xed, 0xcc, 0xbb, 0xaa, 0xaa, 
	0xbb, 0xaa, 0xaa, 0xaa, 0xaa, 0xaa, 0x99, 0xa6, 
	0x89, 0x99, 0xa9, 0x87, 0xbc, 0xcb, 0xa8, 0x59, 
	0x99, 0x88, 0xbc, 0xdc, 0xba, 0xaa, 0x9a, 0xac, 
	0xdc, 0xc7, 0x8b, 0xbd, 0xcc, 0xcb, 0xbb, 0xab, 
	0xbb, 0xba, 0xaa, 0xaa, 0xaa, 0xaa, 0xa7, 0x45, 
	0x77, 0x77, 0x87, 0x65, 0xac, 0xcc, 0xba, 0x74, 
	0x67, 0x79, 0xaa, 0xcb, 0xaa, 0x99, 0x9a, 0xac, 
	0xca, 0x67, 0x9b, 0xbc, 0xcc, 0xcc, 0xbb, 0xbb, 
	0xbb, 0xba, 0xaa, 0xaa, 0xaa, 0xaa, 0xaa, 0x78, 
	0xac, 0xcc, 0xbb, 0xaa, 0x8a, 0xba, 0x9a, 0x87, 
	0x66, 0x7a, 0x99, 0xca, 0xa9, 0x99, 0x9a, 0xac, 
	0x96, 0x79, 0xab, 0xcc, 0xcc, 0xcb, 0xbb, 0xbb, 
	0xbb, 0xbb, 0xba, 0xaa, 0xaa, 0xaa, 0xa8, 0x7a, 
	0xbd, 0xdc, 0xcc, 0xbb, 0x98, 0xa6, 0xab, 0xbb, 
	0xaa, 0x99, 0x87, 0x9a, 0xa9, 0x99, 0x9a, 0xab, 
	0xa8, 0xaa, 0xbb, 0xbc, 0xcc, 0xbb, 0xbb, 0xbb, 
	0xaa, 0xbb, 0xba, 0xaa, 0xaa, 0xaa, 0xa6, 0x9b, 
	0xbb, 0xbb, 0xbb, 0xbb, 0xa8, 0x68, 0xbb, 0xbb, 
	0xbb, 0xb9, 0x77, 0x8a, 0xaa, 0xaa, 0xaa, 0x88, 
	0x98, 0x9b, 0xbb, 0xbc, 0xcc, 0xbb, 0xcb, 0xbb, 
	0xba, 0xaa, 0xaa, 0xaa, 0xaa, 0x98, 0x77, 0xaa, 
	0xba, 0xbb, 0xbb, 0xbb, 0xbb, 0x8b, 0xbb, 0xbb, 
	0xbb, 0xba, 0x9a, 0xba, 0xaa, 0xaa, 0xaa, 0xbb, 
	0xa8, 0x88, 0xab, 0xbc, 0xcc, 0xcc, 0xcb, 0xbb, 
	0xba, 0xaa, 0xaa, 0xaa, 0xa9, 0x77, 0x69, 0xaa, 
	0xbb, 0xab, 0xbb, 0xbb, 0xcb, 0xbb, 0xab, 0xbb, 
	0xbb, 0xb9, 0xab, 0xba, 0xaa, 0xaa, 0xab, 0xbc, 
	0xa7, 0x9a, 0xab, 0xbc, 0xcc, 0xbb, 0xbb, 0xbb, 
	0xba, 0xaa, 0xaa, 0xaa, 0x97, 0x76, 0x8a, 0xbc, 
	0xba, 0xbb, 0xbb, 0xbc, 0xcc, 0xcb, 0xab, 0xbb, 
	0xba, 0x69, 0xbb, 0xba, 0xaa, 0xaa, 0xab, 0xcc, 
	0xb8, 0x9a, 0xab, 0xbb, 0xcc, 0xbb, 0xbb, 0xbb, 
	0xba, 0xaa, 0xaa, 0xa9, 0x77, 0x88, 0x9a, 0xba, 
	0xaa, 0xbb, 0xbb, 0xbc, 0xcc, 0xbb, 0xab, 0xbb, 
	0xa7, 0x78, 0x9a, 0xaa, 0xaa, 0xaa, 0xab, 0xcc, 
	0xb8, 0x9a, 0xab, 0xbb, 0xcc, 0xbb, 0xbb, 0xbb, 
	0xba, 0xaa, 0xaa, 0xa8, 0x79, 0x99, 0xaa, 0xaa, 
	0xaa, 0xab, 0xbb, 0xbc, 0xcb, 0xba, 0xaa, 0xbb, 
	0x7a, 0xcd, 0xdc, 0xba, 0xaa, 0xaa, 0xab, 0xcc, 
	0xb9, 0x9a, 0xaa, 0xbb, 0xbc, 0xbb, 0xbb, 0xbb, 
	0xbb, 0xaa, 0xaa, 0x87, 0x9a, 0x99, 0x99, 0xaa, 
	0xaa, 0xaa, 0xab, 0xbc, 0xcc, 0xba, 0xaa, 0xa8, 
	0xab, 0xdd, 0xdd, 0xba, 0xaa, 0xaa, 0xab, 0xcc, 
	0xba, 0xaa, 0xaa, 0xab, 0xbc, 0xcb, 0xbb, 0xbb, 
	0xbb, 0xaa, 0x97, 0x69, 0xac, 0x99, 0x99, 0xaa, 
	0xaa, 0xaa, 0xab, 0xbc, 0xcc, 0xbb, 0xaa, 0x99, 
	0xbc, 0xcc, 0xbb, 0xaa, 0xaa, 0xaa, 0xbb, 0xbc, 
	
};

Gfx bob_dl_Window_04_Double_1_64x64_i8_aligner[] = {gsSPEndDisplayList()};
u8 bob_dl_Window_04_Double_1_64x64_i8[] = {
	0x36, 0x42, 0x44, 0x44, 0x44, 0x44, 0x44, 0x44, 
	0x44, 0x44, 0x44, 0x44, 0x44, 0x44, 0x44, 0x44, 
	0x44, 0x44, 0x44, 0x44, 0x44, 0x44, 0x44, 0x44, 
	0x44, 0x44, 0x44, 0x44, 0x44, 0x44, 0x44, 0x44, 
	0x44, 0x44, 0x44, 0x44, 0x44, 0x44, 0x44, 0x44, 
	0x44, 0x44, 0x44, 0x44, 0x44, 0x44, 0x44, 0x44, 
	0x44, 0x44, 0x44, 0x44, 0x44, 0x44, 0x44, 0x44, 
	0x44, 0x44, 0x44, 0x44, 0x44, 0x44, 0x46, 0x57, 
	0x45, 0x73, 0x99, 0x99, 0x99, 0x99, 0x99, 0x99, 
	0x99, 0x99, 0x99, 0x99, 0x99, 0x99, 0x99, 0x99, 
	0x99, 0x99, 0x99, 0x99, 0x99, 0x99, 0x99, 0x99, 
	0x99, 0x99, 0x99, 0x99, 0x99, 0x99, 0x96, 0x9d, 
	0x9d, 0x96, 0x99, 0x99, 0x99, 0x99, 0x99, 0x99, 
	0x99, 0x99, 0x99, 0x99, 0x99, 0x99, 0x99, 0x99, 
	0x99, 0x99, 0x99, 0x99, 0x99, 0x99, 0x99, 0x99, 
	0x99, 0x99, 0x99, 0x99, 0x99, 0x99, 0x83, 0x77, 
	0x45, 0x92, 0xcb, 0xbf, 0xbd, 0xbd, 0xbd, 0xbd, 
	0xbd, 0xbd, 0xbd, 0xbd, 0xbd, 0xbd, 0xbd, 0xbd, 
	0xbd, 0xbd, 0xbd, 0xbd, 0xbd, 0xbd, 0xbd, 0xbd, 
	0xbd, 0xbd, 0xbd, 0xbd, 0xbd, 0xbd, 0xc5, 0xda, 
	0xda, 0xc5, 0xbd, 0xbd, 0xbd, 0xbd, 0xbd, 0xbd, 
	0xbd, 0xbd, 0xbd, 0xbd, 0xbd, 0xbd, 0xbd, 0xbd, 
	0xbd, 0xbd, 0xbd, 0xbd, 0xbd, 0xbd, 0xbd, 0xbd, 
	0xbd, 0xbd, 0xbd, 0xbd, 0xbe, 0xca, 0xa1, 0x77, 
	0x45, 0x91, 0xc9, 0x7b, 0x5c, 0x5c, 0x5c, 0x5c, 
	0x5c, 0x5d, 0x5d, 0x5d, 0x5d, 0x5e, 0x5d, 0x5d, 
	0x5d, 0x5d, 0x5d, 0x5d, 0x5d, 0x5d, 0x5d, 0x5d, 
	0x5d, 0x5c, 0x5d, 0x5e, 0x5c, 0x5e, 0xab, 0xda, 
	0xda, 0xaa, 0x5c, 0x5d, 0x5c, 0x5d, 0x5e, 0x5f, 
	0x5f, 0x5f, 0x5d, 0x5d, 0x5d, 0x5d, 0x5e, 0x5f, 
	0x5f, 0x5d, 0x5f, 0x5d, 0x5d, 0x5d, 0x5e, 0x5f, 
	0x5e, 0x5f, 0x5f, 0x5f, 0x72, 0xc6, 0xa0, 0x77, 
	0x45, 0x91, 0xcb, 0x6b, 0x37, 0x37, 0x37, 0x37, 
	0x37, 0x39, 0x3a, 0x3a, 0x3a, 0x3a, 0x3a, 0x3a, 
	0x3a, 0x3a, 0x3a, 0x3a, 0x39, 0x38, 0x3a, 0x3a, 
	0x37, 0x38, 0x3d, 0x3d, 0x39, 0x3a, 0xa5, 0xda, 
	0xda, 0xa4, 0x37, 0x3a, 0x3a, 0x3a, 0x3a, 0x3b, 
	0x3a, 0x3e, 0x3a, 0x38, 0x39, 0x3a, 0x3b, 0x3f, 
	0x3d, 0x3b, 0x3c, 0x3a, 0x3a, 0x3a, 0x3d, 0x3c, 
	0x3d, 0x3f, 0x3f, 0x3d, 0x61, 0xc9, 0xa0, 0x77, 
	0x45, 0x91, 0xcb, 0x6c, 0x37, 0x37, 0x37, 0x38, 
	0x37, 0x39, 0x3a, 0x3a, 0x3a, 0x38, 0x39, 0x3a, 
	0x3a, 0x39, 0x3a, 0x3a, 0x3a, 0x3a, 0x3a, 0x3a, 
	0x3b, 0x3f, 0x3f, 0x3e, 0x3c, 0x3c, 0xa5, 0xda, 
	0xda, 0xa4, 0x37, 0x3a, 0x3a, 0x3a, 0x3b, 0x3a, 
	0x3a, 0x3e, 0x38, 0x3c, 0x3a, 0x3a, 0x3c, 0x3e, 
	0x3c, 0x3b, 0x3a, 0x3a, 0x3a, 0x3d, 0x3d, 0x3a, 
	0x3c, 0x3f, 0x3d, 0x3e, 0x60, 0xc9, 0xa0, 0x77, 
	0x45, 0x91, 0xcb, 0x6c, 0x39, 0x37, 0x37, 0x37, 
	0x37, 0x39, 0x3a, 0x3a, 0x38, 0x38, 0x39, 0x38, 
	0x38, 0x3a, 0x3b, 0x3b, 0x3d, 0x3f, 0x3b, 0x3a, 
	0x3d, 0x3f, 0x3f, 0x3d, 0x3b, 0x3c, 0xa5, 0xda, 
	0xda, 0xa4, 0x37, 0x38, 0x3a, 0x3a, 0x3a, 0x3b, 
	0x3b, 0x3e, 0x39, 0x38, 0x3a, 0x3a, 0x3a, 0x3a, 
	0x3d, 0x3c, 0x3a, 0x39, 0x3a, 0x3b, 0x3a, 0x3d, 
	0x3e, 0x3b, 0x3c, 0x3a, 0x5d, 0xc9, 0xa0, 0x77, 
	0x45, 0x91, 0xcb, 0x6c, 0x3a, 0x38, 0x37, 0x39, 
	0x38, 0x3a, 0x3a, 0x3a, 0x37, 0x37, 0x37, 0x38, 
	0x3c, 0x3e, 0x3e, 0x3b, 0x3b, 0x3e, 0x3c, 0x3c, 
	0x3f, 0x3f, 0x3b, 0x3a, 0x37, 0x38, 0xa5, 0xda, 
	0xda, 0xa4, 0x37, 0x37, 0x39, 0x3a, 0x3a, 0x3a, 
	0x3a, 0x3b, 0x39, 0x38, 0x3c, 0x3d, 0x3a, 0x3a, 
	0x3d, 0x3e, 0x3a, 0x37, 0x3a, 0x3b, 0x3e, 0x3f, 
	0x3c, 0x3a, 0x39, 0x38, 0x5e, 0xc9, 0xa0, 0x77, 
	0x45, 0x91, 0xcb, 0x6c, 0x3a, 0x39, 0x39, 0x3b, 
	0x3a, 0x3a, 0x3a, 0x3a, 0x3a, 0x38, 0x37, 0x39, 
	0x3a, 0x3a, 0x3a, 0x3a, 0x3a, 0x3a, 0x3e, 0x3f, 
	0x3f, 0x3a, 0x3b, 0x38, 0x37, 0x37, 0xa4, 0xda, 
	0xda, 0xa5, 0x38, 0x38, 0x37, 0x39, 0x3a, 0x3a, 
	0x3a, 0x3a, 0x3a, 0x3a, 0x3b, 0x3b, 0x3a, 0x3c, 
	0x3f, 0x3e, 0x38, 0x39, 0x3e, 0x3f, 0x3f, 0x3c, 
	0x3a, 0x3c, 0x39, 0x3b, 0x60, 0xc9, 0xa0, 0x77, 
	0x45, 0x91, 0xcb, 0x6e, 0x3d, 0x3c, 0x3d, 0x3e, 
	0x3b, 0x3e, 0x39, 0x39, 0x3a, 0x3a, 0x37, 0x38, 
	0x3a, 0x3a, 0x3a, 0x3a, 0x3c, 0x3d, 0x3c, 0x3e, 
	0x3f, 0x3d, 0x39, 0x39, 0x37, 0x37, 0xa5, 0xda, 
	0xda, 0xa5, 0x3b, 0x39, 0x39, 0x3a, 0x3a, 0x3a, 
	0x3a, 0x3a, 0x3a, 0x3a, 0x3c, 0x3a, 0x3c, 0x3e, 
	0x3e, 0x3f, 0x3b, 0x3c, 0x3f, 0x3e, 0x3c, 0x3a, 
	0x3c, 0x3d, 0x3b, 0x3e, 0x61, 0xc9, 0xa0, 0x77, 
	0x45, 0x91, 0xcb, 0x6e, 0x3e, 0x3f, 0x3f, 0x3f, 
	0x3a, 0x3a, 0x39, 0x39, 0x3a, 0x3a, 0x38, 0x38, 
	0x3a, 0x3b, 0x3a, 0x3b, 0x3f, 0x3f, 0x3f, 0x3d, 
	0x3e, 0x3e, 0x3a, 0x3a, 0x39, 0x3a, 0xa5, 0xda, 
	0xda, 0xa5, 0x3b, 0x3a, 0x3a, 0x3a, 0x3b, 0x3a, 
	0x3a, 0x3a, 0x3c, 0x3d, 0x3f, 0x3d, 0x3a, 0x3f, 
	0x3f, 0x3e, 0x3d, 0x3e, 0x3d, 0x3a, 0x3a, 0x3a, 
	0x3b, 0x3c, 0x3e, 0x3c, 0x60, 0xc9, 0xa0, 0x77, 
	0x45, 0x91, 0xcb, 0x6d, 0x3b, 0x3e, 0x3e, 0x3f, 
	0x3a, 0x3c, 0x3a, 0x3a, 0x3a, 0x3a, 0x3a, 0x3a, 
	0x3a, 0x3a, 0x3a, 0x3b, 0x3d, 0x3d, 0x3f, 0x3d, 
	0x3b, 0x3a, 0x3a, 0x3a, 0x3a, 0x3e, 0xa5, 0xda, 
	0xda, 0xa5, 0x3a, 0x3a, 0x3a, 0x3a, 0x3a, 0x3a, 
	0x3a, 0x3a, 0x3e, 0x3e, 0x3b, 0x3c, 0x3e, 0x3d, 
	0x3d, 0x3e, 0x3f, 0x3f, 0x3a, 0x39, 0x3a, 0x3a, 
	0x3a, 0x3a, 0x3e, 0x3a, 0x5e, 0xc9, 0xa0, 0x77, 
	0x45, 0x91, 0xcb, 0x6c, 0x3a, 0x3a, 0x3c, 0x3c, 
	0x3a, 0x3b, 0x3a, 0x3a, 0x3a, 0x3a, 0x3a, 0x3a, 
	0x3b, 0x3c, 0x3a, 0x3c, 0x3d, 0x3e, 0x3d, 0x3a, 
	0x39, 0x3a, 0x3a, 0x3a, 0x3a, 0x3e, 0xa5, 0xda, 
	0xda, 0xa5, 0x3a, 0x3a, 0x3a, 0x3c, 0x3b, 0x39, 
	0x3a, 0x3b, 0x3f, 0x3d, 0x3d, 0x3f, 0x3b, 0x3a, 
	0x3b, 0x3a, 0x3d, 0x3e, 0x38, 0x38, 0x3b, 0x3a, 
	0x3b, 0x3e, 0x3b, 0x3a, 0x5e, 0xc9, 0xa0, 0x77, 
	0x45, 0x91, 0xcb, 0x6c, 0x3a, 0x3a, 0x3c, 0x3b, 
	0x3a, 0x38, 0x39, 0x3a, 0x3a, 0x3a, 0x3b, 0x3b, 
	0x3a, 0x3b, 0x3a, 0x3c, 0x3d, 0x3a, 0x3a, 0x3a, 
	0x3a, 0x3b, 0x3d, 0x38, 0x38, 0x3c, 0xa5, 0xda, 
	0xda, 0xa5, 0x39, 0x39, 0x3a, 0x3c, 0x3e, 0x3e, 
	0x39, 0x3a, 0x3c, 0x3f, 0x3c, 0x3e, 0x3a, 0x3a, 
	0x3c, 0x38, 0x3b, 0x3e, 0x3a, 0x38, 0x39, 0x3b, 
	0x3c, 0x3a, 0x39, 0x37, 0x5e, 0xc9, 0xa0, 0x77, 
	0x45, 0x91, 0xcb, 0x6c, 0x3a, 0x3a, 0x3a, 0x3a, 
	0x3b, 0x3a, 0x38, 0x39, 0x3b, 0x3e, 0x3e, 0x3c, 
	0x38, 0x38, 0x3a, 0x3d, 0x3c, 0x3c, 0x3b, 0x3a, 
	0x3a, 0x3a, 0x3b, 0x38, 0x38, 0x3b, 0xa5, 0xda, 
	0xda, 0xa5, 0x37, 0x39, 0x39, 0x3c, 0x3b, 0x3a, 
	0x3c, 0x3f, 0x3c, 0x3e, 0x3b, 0x3c, 0x3a, 0x3a, 
	0x39, 0x37, 0x37, 0x3c, 0x3e, 0x3e, 0x3b, 0x37, 
	0x37, 0x38, 0x38, 0x38, 0x5e, 0xc9, 0xa0, 0x77, 
	0x45, 0x91, 0xcb, 0x6b, 0x3a, 0x3a, 0x3c, 0x3b, 
	0x3d, 0x3e, 0x3d, 0x3d, 0x3a, 0x3b, 0x3c, 0x3a, 
	0x3a, 0x38, 0x3a, 0x3e, 0x3f, 0x3e, 0x3d, 0x3a, 
	0x3a, 0x3a, 0x3b, 0x3c, 0x3a, 0x3a, 0xa5, 0xda, 
	0xda, 0xa5, 0x38, 0x38, 0x3a, 0x38, 0x3a, 0x3b, 
	0x3d, 0x3c, 0x3b, 0x3b, 0x3f, 0x3f, 0x3d, 0x3a, 
	0x38, 0x37, 0x37, 0x3a, 0x3f, 0x3d, 0x3a, 0x3d, 
	0x3e, 0x3c, 0x3d, 0x3c, 0x5f, 0xc9, 0xa0, 0x77, 
	0x45, 0x91, 0xcb, 0x6b, 0x3b, 0x3d, 0x3e, 0x3e, 
	0x3e, 0x3d, 0x3e, 0x39, 0x37, 0x38, 0x3a, 0x3a, 
	0x3b, 0x3d, 0x3d, 0x3e, 0x3c, 0x3e, 0x3a, 0x3a, 
	0x3a, 0x3a, 0x3a, 0x3b, 0x3e, 0x3d, 0xa5, 0xda, 
	0xda, 0xa5, 0x39, 0x37, 0x38, 0x3b, 0x3a, 0x3a, 
	0x3b, 0x3a, 0x3a, 0x3b, 0x3f, 0x3f, 0x3e, 0x3a, 
	0x39, 0x39, 0x3a, 0x3b, 0x3e, 0x3f, 0x3e, 0x3d, 
	0x3c, 0x3d, 0x3f, 0x3d, 0x60, 0xc9, 0xa0, 0x77, 
	0x45, 0x91, 0xcb, 0x6d, 0x3e, 0x3f, 0x3e, 0x3c, 
	0x3a, 0x3a, 0x3a, 0x37, 0x37, 0x37, 0x39, 0x3a, 
	0x3e, 0x3d, 0x3f, 0x3d, 0x3c, 0x3b, 0x39, 0x3a, 
	0x3a, 0x39, 0x3a, 0x3d, 0x3f, 0x3f, 0xa5, 0xda, 
	0xda, 0xa5, 0x39, 0x39, 0x38, 0x39, 0x39, 0x3a, 
	0x3a, 0x3a, 0x3a, 0x3d, 0x3f, 0x3f, 0x3f, 0x3d, 
	0x3a, 0x3a, 0x3b, 0x3e, 0x3f, 0x3f, 0x3f, 0x3c, 
	0x3c, 0x3a, 0x3c, 0x3a, 0x60, 0xc9, 0xa0, 0x77, 
	0x45, 0x91, 0xcb, 0x6c, 0x3b, 0x3b, 0x3b, 0x3a, 
	0x3a, 0x3a, 0x38, 0x37, 0x38, 0x38, 0x39, 0x3b, 
	0x3a, 0x3b, 0x3d, 0x3b, 0x3e, 0x3b, 0x3a, 0x3a, 
	0x3b, 0x3b, 0x3f, 0x3e, 0x3e, 0x3e, 0xa5, 0xda, 
	0xda, 0xa5, 0x38, 0x38, 0x3a, 0x3c, 0x3c, 0x3a, 
	0x3a, 0x3a, 0x3b, 0x3e, 0x3f, 0x3f, 0x3f, 0x3d, 
	0x3a, 0x38, 0x39, 0x3b, 0x3b, 0x3e, 0x3e, 0x3b, 
	0x3e, 0x3b, 0x3b, 0x3b, 0x60, 0xc9, 0xa0, 0x77, 
	0x45, 0x91, 0xcb, 0x6c, 0x3a, 0x3a, 0x3c, 0x3a, 
	0x3a, 0x3a, 0x37, 0x37, 0x38, 0x39, 0x3a, 0x3a, 
	0x3a, 0x3c, 0x3c, 0x3c, 0x3e, 0x3c, 0x3d, 0x3e, 
	0x3f, 0x3f, 0x3f, 0x3b, 0x3b, 0x3a, 0xa5, 0xda, 
	0xda, 0xa5, 0x3a, 0x3a, 0x3e, 0x3f, 0x3e, 0x3e, 
	0x3e, 0x3e, 0x3d, 0x3d, 0x3d, 0x3b, 0x3a, 0x3a, 
	0x3a, 0x38, 0x37, 0x39, 0x3a, 0x3b, 0x3e, 0x3c, 
	0x3f, 0x3f, 0x3f, 0x3f, 0x61, 0xc9, 0xa0, 0x77, 
	0x45, 0x91, 0xcb, 0x6c, 0x3b, 0x3a, 0x3c, 0x3b, 
	0x3a, 0x3a, 0x37, 0x37, 0x37, 0x39, 0x3a, 0x3a, 
	0x3c, 0x3f, 0x3f, 0x3c, 0x3b, 0x3a, 0x3c, 0x3e, 
	0x3e, 0x3d, 0x3c, 0x3a, 0x3c, 0x3a, 0xa5, 0xda, 
	0xda, 0xa5, 0x3d, 0x3d, 0x3d, 0x3f, 0x3d, 0x3f, 
	0x3f, 0x3f, 0x3d, 0x39, 0x3a, 0x3b, 0x38, 0x39, 
	0x3a, 0x38, 0x37, 0x39, 0x39, 0x3a, 0x3a, 0x3d, 
	0x3f, 0x3f, 0x3e, 0x3f, 0x61, 0xc9, 0xa0, 0x77, 
	0x45, 0x91, 0xcb, 0x6c, 0x3b, 0x3a, 0x3c, 0x39, 
	0x3a, 0x3a, 0x38, 0x38, 0x37, 0x37, 0x3a, 0x3d, 
	0x3e, 0x3d, 0x3c, 0x3b, 0x3b, 0x3d, 0x3f, 0x3e, 
	0x3c, 0x3a, 0x3a, 0x3a, 0x3e, 0x3d, 0xa5, 0xda, 
	0xda, 0xa5, 0x3c, 0x3a, 0x3e, 0x3e, 0x3d, 0x3e, 
	0x3f, 0x3f, 0x3b, 0x37, 0x38, 0x39, 0x3a, 0x3a, 
	0x3a, 0x39, 0x37, 0x39, 0x38, 0x39, 0x3a, 0x3e, 
	0x3d, 0x3d, 0x3e, 0x3e, 0x5f, 0xc9, 0xa0, 0x77, 
	0x45, 0x91, 0xcb, 0x6d, 0x3b, 0x3d, 0x3e, 0x3d, 
	0x3e, 0x3e, 0x3b, 0x38, 0x3a, 0x3b, 0x3d, 0x3e, 
	0x3d, 0x3c, 0x3c, 0x3c, 0x3d, 0x3f, 0x3d, 0x3a, 
	0x3a, 0x3a, 0x3a, 0x3c, 0x3c, 0x39, 0xa5, 0xda, 
	0xda, 0xa5, 0x39, 0x3c, 0x3f, 0x3b, 0x3d, 0x3f, 
	0x3e, 0x3b, 0x3a, 0x38, 0x38, 0x39, 0x3b, 0x3a, 
	0x3a, 0x3a, 0x39, 0x38, 0x37, 0x39, 0x3a, 0x3f, 
	0x3f, 0x3f, 0x3b, 0x3a, 0x5f, 0xc9, 0xa0, 0x77, 
	0x45, 0x91, 0xcb, 0x6d, 0x3a, 0x39, 0x3e, 0x3e, 
	0x3d, 0x3b, 0x37, 0x38, 0x38, 0x3a, 0x3a, 0x3e, 
	0x3d, 0x3c, 0x3c, 0x3c, 0x3a, 0x3a, 0x3a, 0x3a, 
	0x3a, 0x3a, 0x3a, 0x3b, 0x3a, 0x3a, 0xa5, 0xda, 
	0xda, 0xa5, 0x39, 0x3d, 0x3d, 0x3b, 0x3e, 0x3d, 
	0x3b, 0x3a, 0x3a, 0x3a, 0x3a, 0x3a, 0x3a, 0x3a, 
	0x3a, 0x3a, 0x3a, 0x39, 0x38, 0x3a, 0x3d, 0x3f, 
	0x3f, 0x3e, 0x39, 0x3a, 0x5f, 0xc9, 0xa0, 0x77, 
	0x45, 0x91, 0xcb, 0x6c, 0x37, 0x38, 0x3d, 0x3f, 
	0x3a, 0x3a, 0x38, 0x37, 0x39, 0x3a, 0x3a, 0x3f, 
	0x3b, 0x39, 0x3c, 0x3c, 0x39, 0x3a, 0x3a, 0x3a, 
	0x3a, 0x38, 0x39, 0x3a, 0x3a, 0x3a, 0xa5, 0xda, 
	0xda, 0xa4, 0x38, 0x39, 0x3e, 0x3f, 0x3b, 0x3a, 
	0x3a, 0x3b, 0x3b, 0x3a, 0x3a, 0x3a, 0x3a, 0x3a, 
	0x3a, 0x3a, 0x3a, 0x3a, 0x3b, 0x3e, 0x3f, 0x3f, 
	0x3f, 0x3d, 0x3a, 0x3a, 0x5f, 0xc9, 0xa0, 0x77, 
	0x45, 0x91, 0xcb, 0x6d, 0x39, 0x3a, 0x3d, 0x3e, 
	0x3a, 0x3a, 0x3a, 0x38, 0x39, 0x3a, 0x3b, 0x3e, 
	0x39, 0x38, 0x39, 0x3a, 0x39, 0x3a, 0x3a, 0x3a, 
	0x3a, 0x37, 0x37, 0x39, 0x3a, 0x3a, 0xa5, 0xda, 
	0xda, 0xa4, 0x39, 0x3a, 0x3d, 0x3c, 0x3a, 0x3a, 
	0x3a, 0x3b, 0x3b, 0x3a, 0x3a, 0x3a, 0x3a, 0x3c, 
	0x39, 0x3a, 0x3b, 0x3d, 0x3e, 0x3e, 0x3e, 0x3d, 
	0x3d, 0x3a, 0x3a, 0x3a, 0x5f, 0xc9, 0xa0, 0x77, 
	0x45, 0x91, 0xcb, 0x6d, 0x3c, 0x3b, 0x39, 0x3a, 
	0x3a, 0x3a, 0x3a, 0x3a, 0x3a, 0x3a, 0x3c, 0x3d, 
	0x3a, 0x37, 0x37, 0x39, 0x3a, 0x3a, 0x3a, 0x3a, 
	0x3a, 0x37, 0x37, 0x39, 0x3a, 0x3a, 0xa5, 0xda, 
	0xda, 0xa5, 0x3a, 0x3c, 0x3a, 0x38, 0x3a, 0x3a, 
	0x3a, 0x3b, 0x3a, 0x3a, 0x3a, 0x3a, 0x3c, 0x3f, 
	0x3c, 0x3d, 0x3c, 0x3a, 0x3a, 0x3a, 0x39, 0x3a, 
	0x3b, 0x3a, 0x3b, 0x3b, 0x5e, 0xc9, 0xa0, 0x77, 
	0x45, 0x91, 0xcb, 0x6c, 0x3a, 0x3a, 0x3a, 0x3a, 
	0x3a, 0x3a, 0x3a, 0x3a, 0x3a, 0x3a, 0x3d, 0x3e, 
	0x39, 0x37, 0x37, 0x39, 0x3a, 0x3a, 0x3a, 0x3a, 
	0x39, 0x37, 0x39, 0x3a, 0x3a, 0x3a, 0xa5, 0xda, 
	0xda, 0xa5, 0x3c, 0x3a, 0x38, 0x38, 0x3a, 0x3a, 
	0x3d, 0x3b, 0x3a, 0x3c, 0x3d, 0x3c, 0x3e, 0x3d, 
	0x3c, 0x3c, 0x37, 0x38, 0x3a, 0x3a, 0x38, 0x3a, 
	0x3a, 0x3a, 0x3a, 0x3d, 0x5e, 0xc9, 0xa0, 0x77, 
	0x45, 0x91, 0xcb, 0x6c, 0x3a, 0x3a, 0x3a, 0x3a, 
	0x3a, 0x3a, 0x3a, 0x3a, 0x3a, 0x3c, 0x3f, 0x39, 
	0x37, 0x37, 0x38, 0x3a, 0x3a, 0x3a, 0x3c, 0x3c, 
	0x3a, 0x3a, 0x3d, 0x3b, 0x3a, 0x3a, 0xa5, 0xda, 
	0xda, 0xa5, 0x38, 0x3a, 0x3b, 0x3b, 0x3a, 0x39, 
	0x3b, 0x3e, 0x3e, 0x3e, 0x3d, 0x3d, 0x3d, 0x3a, 
	0x3a, 0x3a, 0x37, 0x37, 0x3a, 0x3a, 0x3a, 0x3a, 
	0x3a, 0x3a, 0x3a, 0x38, 0x5d, 0xc9, 0xa0, 0x77, 
	0x45, 0x91, 0xcb, 0x6c, 0x3a, 0x3a, 0x3b, 0x3a, 
	0x3a, 0x3a, 0x3a, 0x3a, 0x39, 0x3e, 0x3e, 0x39, 
	0x37, 0x37, 0x39, 0x3a, 0x3a, 0x3a, 0x3a, 0x38, 
	0x38, 0x3d, 0x3e, 0x3a, 0x3a, 0x3a, 0xa5, 0xda, 
	0xda, 0xa5, 0x3b, 0x3c, 0x3e, 0x3d, 0x3d, 0x3a, 
	0x3e, 0x3d, 0x3c, 0x3a, 0x3a, 0x3e, 0x3a, 0x3a, 
	0x3a, 0x38, 0x37, 0x38, 0x3a, 0x3a, 0x3a, 0x3a, 
	0x3a, 0x39, 0x37, 0x37, 0x5d, 0xc9, 0xa0, 0x77, 
	0x45, 0x91, 0xcb, 0x6c, 0x3b, 0x3a, 0x3c, 0x3a, 
	0x3a, 0x3b, 0x3b, 0x3b, 0x3a, 0x3d, 0x3e, 0x3a, 
	0x37, 0x38, 0x3d, 0x3b, 0x3b, 0x39, 0x38, 0x3a, 
	0x39, 0x3d, 0x3e, 0x3a, 0x3a, 0x3a, 0xa5, 0xda, 
	0xda, 0xa5, 0x3d, 0x3d, 0x3d, 0x3b, 0x3a, 0x3a, 
	0x3c, 0x3a, 0x3a, 0x3a, 0x3a, 0x3a, 0x3a, 0x3a, 
	0x39, 0x37, 0x37, 0x38, 0x3a, 0x3b, 0x3b, 0x3a, 
	0x3a, 0x37, 0x37, 0x37, 0x5d, 0xc9, 0xa0, 0x77, 
	0x45, 0x91, 0xcb, 0x6c, 0x3b, 0x3a, 0x3d, 0x3f, 
	0x3e, 0x3d, 0x3d, 0x3e, 0x3e, 0x3f, 0x3d, 0x3b, 
	0x3b, 0x3d, 0x3f, 0x3d, 0x3b, 0x3b, 0x3c, 0x3c, 
	0x3a, 0x3d, 0x3d, 0x3a, 0x3b, 0x3e, 0xa5, 0xda, 
	0xda, 0xa5, 0x3b, 0x3b, 0x3c, 0x3a, 0x3a, 0x3a, 
	0x3a, 0x39, 0x37, 0x37, 0x39, 0x3a, 0x3a, 0x3b, 
	0x3a, 0x37, 0x37, 0x38, 0x3a, 0x3a, 0x3a, 0x3a, 
	0x3a, 0x39, 0x38, 0x38, 0x5e, 0xc9, 0xa0, 0x77, 
	0x45, 0x91, 0xcb, 0x6c, 0x3a, 0x3a, 0x3c, 0x3d, 
	0x3a, 0x3a, 0x3a, 0x3b, 0x3f, 0x3d, 0x38, 0x38, 
	0x3d, 0x3b, 0x3d, 0x3a, 0x3a, 0x3b, 0x3a, 0x3a, 
	0x3c, 0x3d, 0x3a, 0x3a, 0x3b, 0x3f, 0xa5, 0xda, 
	0xda, 0xa5, 0x3b, 0x3d, 0x3e, 0x3a, 0x3a, 0x3a, 
	0x3a, 0x38, 0x37, 0x37, 0x37, 0x3a, 0x3a, 0x3a, 
	0x3a, 0x3d, 0x3c, 0x39, 0x3a, 0x3a, 0x3a, 0x3a, 
	0x3a, 0x3a, 0x3a, 0x3a, 0x5f, 0xc9, 0xa0, 0x77, 
	0x45, 0x91, 0xcb, 0x6c, 0x3a, 0x3a, 0x3b, 0x3a, 
	0x3a, 0x3a, 0x3a, 0x3d, 0x3e, 0x38, 0x37, 0x38, 
	0x3a, 0x3a, 0x3a, 0x3a, 0x3a, 0x3a, 0x3a, 0x3a, 
	0x3c, 0x3a, 0x3a, 0x3e, 0x3f, 0x3d, 0xa5, 0xda, 
	0xda, 0xa5, 0x3d, 0x39, 0x3a, 0x3a, 0x3a, 0x3a, 
	0x3a, 0x3a, 0x3a, 0x39, 0x37, 0x39, 0x3a, 0x3a, 
	0x3d, 0x3d, 0x3a, 0x3a, 0x3a, 0x3c, 0x3c, 0x3a, 
	0x3a, 0x3a, 0x3a, 0x3a, 0x61, 0xc9, 0xa0, 0x77, 
	0x45, 0x91, 0xcb, 0x6c, 0x3a, 0x3a, 0x3b, 0x3a, 
	0x3a, 0x3a, 0x3a, 0x3e, 0x3e, 0x38, 0x37, 0x39, 
	0x3a, 0x3a, 0x3a, 0x39, 0x3a, 0x3a, 0x3a, 0x3d, 
	0x3c, 0x3c, 0x3e, 0x3f, 0x3f, 0x3e, 0xa5, 0xda, 
	0xda, 0xa5, 0x3a, 0x38, 0x37, 0x3a, 0x3a, 0x3b, 
	0x3a, 0x3a, 0x3a, 0x3a, 0x39, 0x3a, 0x3a, 0x3a, 
	0x3b, 0x3a, 0x3a, 0x3a, 0x3a, 0x3c, 0x38, 0x38, 
	0x3a, 0x3d, 0x3a, 0x3b, 0x61, 0xc9, 0xa0, 0x77, 
	0x45, 0x91, 0xcb, 0x6c, 0x3a, 0x3a, 0x3a, 0x3a, 
	0x3a, 0x39, 0x3b, 0x3f, 0x3b, 0x38, 0x39, 0x3a, 
	0x3a, 0x3a, 0x39, 0x37, 0x38, 0x39, 0x3b, 0x3f, 
	0x3f, 0x3f, 0x3f, 0x3d, 0x3c, 0x3f, 0xa5, 0xda, 
	0xda, 0xa5, 0x3a, 0x3a, 0x38, 0x38, 0x3c, 0x3b, 
	0x3a, 0x3a, 0x3a, 0x3a, 0x37, 0x3a, 0x3a, 0x3a, 
	0x3a, 0x3a, 0x3a, 0x3a, 0x3a, 0x3a, 0x38, 0x37, 
	0x38, 0x39, 0x3a, 0x3d, 0x5f, 0xc9, 0xa0, 0x77, 
	0x45, 0x91, 0xcb, 0x6c, 0x3a, 0x3a, 0x39, 0x3c, 
	0x39, 0x38, 0x3b, 0x3e, 0x3a, 0x39, 0x3a, 0x3a, 
	0x3a, 0x3a, 0x3c, 0x39, 0x38, 0x3b, 0x3d, 0x3f, 
	0x3f, 0x3d, 0x3b, 0x39, 0x39, 0x3c, 0xa5, 0xda, 
	0xda, 0xa5, 0x3a, 0x3a, 0x3c, 0x38, 0x39, 0x3a, 
	0x3a, 0x3c, 0x3c, 0x37, 0x37, 0x39, 0x3a, 0x3a, 
	0x3a, 0x3a, 0x3c, 0x3e, 0x3a, 0x3c, 0x37, 0x37, 
	0x37, 0x37, 0x39, 0x3a, 0x5f, 0xc9, 0xa0, 0x77, 
	0x45, 0x91, 0xcb, 0x6d, 0x3c, 0x3a, 0x3a, 0x3d, 
	0x3b, 0x3a, 0x3c, 0x3f, 0x3d, 0x3b, 0x3a, 0x3a, 
	0x3b, 0x3c, 0x3c, 0x3a, 0x38, 0x39, 0x3c, 0x3f, 
	0x3f, 0x3d, 0x3d, 0x3b, 0x3a, 0x3d, 0xa5, 0xda, 
	0xda, 0xa5, 0x3a, 0x3a, 0x3e, 0x3b, 0x3a, 0x39, 
	0x3a, 0x3d, 0x3c, 0x37, 0x37, 0x37, 0x3a, 0x3a, 
	0x3a, 0x3a, 0x3b, 0x3c, 0x3c, 0x3a, 0x37, 0x37, 
	0x38, 0x3a, 0x3a, 0x3a, 0x5f, 0xc9, 0xa0, 0x77, 
	0x45, 0x91, 0xcb, 0x6d, 0x3c, 0x39, 0x3d, 0x3e, 
	0x3b, 0x3c, 0x3d, 0x3b, 0x3a, 0x3a, 0x3a, 0x3a, 
	0x3a, 0x3a, 0x39, 0x38, 0x38, 0x3a, 0x3d, 0x3f, 
	0x3f, 0x3c, 0x3a, 0x3b, 0x3d, 0x3c, 0xa5, 0xda, 
	0xda, 0xa5, 0x3a, 0x3a, 0x3e, 0x3e, 0x3a, 0x39, 
	0x3b, 0x3d, 0x3c, 0x37, 0x37, 0x37, 0x38, 0x3e, 
	0x3e, 0x3c, 0x3a, 0x3a, 0x3b, 0x3c, 0x3a, 0x3a, 
	0x3a, 0x3a, 0x3a, 0x39, 0x60, 0xc9, 0xa0, 0x77, 
	0x45, 0x91, 0xcb, 0x6c, 0x3a, 0x3a, 0x3a, 0x3a, 
	0x3a, 0x3c, 0x3c, 0x39, 0x3a, 0x3a, 0x3a, 0x3a, 
	0x3a, 0x3a, 0x3a, 0x3a, 0x3c, 0x3e, 0x3f, 0x3f, 
	0x3c, 0x3a, 0x3a, 0x3c, 0x3e, 0x3e, 0xa5, 0xda, 
	0xda, 0xa5, 0x3f, 0x3f, 0x3f, 0x3e, 0x38, 0x3b, 
	0x3a, 0x39, 0x39, 0x37, 0x37, 0x37, 0x38, 0x3d, 
	0x3b, 0x3a, 0x39, 0x37, 0x3a, 0x3b, 0x3a, 0x3a, 
	0x3a, 0x38, 0x3a, 0x39, 0x61, 0xc9, 0xa0, 0x77, 
	0x45, 0x91, 0xcb, 0x6c, 0x3a, 0x3a, 0x3a, 0x3a, 
	0x3a, 0x3c, 0x3a, 0x3a, 0x3a, 0x3a, 0x3a, 0x3a, 
	0x3a, 0x3a, 0x3a, 0x3b, 0x3f, 0x3d, 0x3e, 0x3b, 
	0x3a, 0x3a, 0x3a, 0x3e, 0x3a, 0x3a, 0xa5, 0xda, 
	0xda, 0xa5, 0x3f, 0x3f, 0x3f, 0x3d, 0x39, 0x3a, 
	0x3a, 0x3a, 0x3a, 0x3a, 0x38, 0x38, 0x39, 0x3a, 
	0x3a, 0x3a, 0x39, 0x37, 0x38, 0x3a, 0x3b, 0x3a, 
	0x39, 0x38, 0x3c, 0x39, 0x5f, 0xc9, 0xa0, 0x77, 
	0x45, 0x91, 0xcb, 0x6c, 0x3a, 0x3a, 0x3a, 0x3a, 
	0x3d, 0x3b, 0x39, 0x3a, 0x3a, 0x3a, 0x3a, 0x3a, 
	0x39, 0x39, 0x3e, 0x3f, 0x3d, 0x3b, 0x3c, 0x3a, 
	0x3a, 0x3a, 0x3d, 0x3e, 0x3c, 0x3e, 0xa5, 0xda, 
	0xda, 0xa5, 0x3b, 0x3d, 0x3f, 0x3c, 0x39, 0x3a, 
	0x3b, 0x3a, 0x3b, 0x3d, 0x3a, 0x3a, 0x3a, 0x3a, 
	0x3a, 0x3a, 0x39, 0x37, 0x3a, 0x3a, 0x3e, 0x3b, 
	0x39, 0x3a, 0x3b, 0x3c, 0x60, 0xc9, 0xa0, 0x77, 
	0x45, 0x91, 0xcb, 0x6c, 0x3a, 0x3a, 0x3a, 0x3b, 
	0x3c, 0x39, 0x38, 0x38, 0x39, 0x3a, 0x3a, 0x3a, 
	0x3e, 0x3d, 0x3e, 0x3f, 0x3a, 0x3a, 0x3a, 0x3a, 
	0x3b, 0x3d, 0x3e, 0x3a, 0x3c, 0x39, 0xa4, 0xda, 
	0xda, 0xa5, 0x3a, 0x3c, 0x3f, 0x3a, 0x37, 0x39, 
	0x3a, 0x3a, 0x3b, 0x3f, 0x3c, 0x3a, 0x3a, 0x3a, 
	0x3a, 0x3a, 0x39, 0x38, 0x3e, 0x3b, 0x3b, 0x3d, 
	0x3d, 0x3f, 0x39, 0x39, 0x5e, 0xc9, 0xa0, 0x77, 
	0x45, 0x91, 0xcb, 0x6c, 0x3a, 0x3a, 0x3a, 0x3e, 
	0x3e, 0x38, 0x37, 0x37, 0x37, 0x38, 0x3a, 0x3d, 
	0x3f, 0x3f, 0x3f, 0x3d, 0x39, 0x3a, 0x3b, 0x3d, 
	0x3f, 0x3f, 0x3a, 0x38, 0x3a, 0x37, 0xa4, 0xda, 
	0xda, 0xa4, 0x39, 0x3b, 0x3e, 0x3c, 0x38, 0x3b, 
	0x3b, 0x3e, 0x3e, 0x3f, 0x3e, 0x3a, 0x3a, 0x3a, 
	0x3a, 0x3a, 0x3a, 0x38, 0x3e, 0x3a, 0x3b, 0x3c, 
	0x3f, 0x3e, 0x3a, 0x39, 0x5d, 0xc9, 0xa0, 0x77, 
	0x45, 0x91, 0xcb, 0x6c, 0x3a, 0x3a, 0x3b, 0x3f, 
	0x3f, 0x39, 0x37, 0x37, 0x37, 0x37, 0x3c, 0x3f, 
	0x3f, 0x3f, 0x3f, 0x3d, 0x3c, 0x3c, 0x3b, 0x3f, 
	0x3f, 0x3e, 0x38, 0x3c, 0x39, 0x37, 0xa4, 0xda, 
	0xda, 0xa4, 0x37, 0x3b, 0x3c, 0x3c, 0x3b, 0x3e, 
	0x3c, 0x3c, 0x3d, 0x3c, 0x3a, 0x38, 0x3a, 0x3a, 
	0x38, 0x3a, 0x3a, 0x3a, 0x3d, 0x3a, 0x3d, 0x3c, 
	0x3d, 0x3a, 0x3a, 0x3a, 0x5e, 0xc9, 0xa0, 0x77, 
	0x45, 0x91, 0xcb, 0x6c, 0x38, 0x39, 0x3d, 0x3d, 
	0x3e, 0x3b, 0x39, 0x39, 0x37, 0x37, 0x3a, 0x3d, 
	0x3d, 0x3f, 0x3e, 0x3c, 0x3b, 0x3c, 0x3d, 0x3f, 
	0x3c, 0x3a, 0x37, 0x3c, 0x38, 0x37, 0xa4, 0xda, 
	0xda, 0xa4, 0x38, 0x3c, 0x3a, 0x3b, 0x38, 0x3b, 
	0x3a, 0x3e, 0x3b, 0x3a, 0x3a, 0x38, 0x3a, 0x3a, 
	0x3a, 0x39, 0x3a, 0x3c, 0x3d, 0x3c, 0x3c, 0x37, 
	0x3a, 0x3a, 0x3a, 0x3a, 0x5f, 0xc9, 0xa0, 0x77, 
	0x45, 0x91, 0xcb, 0x6c, 0x39, 0x3b, 0x3d, 0x3b, 
	0x3d, 0x3a, 0x3a, 0x3a, 0x39, 0x38, 0x39, 0x39, 
	0x3c, 0x3f, 0x3c, 0x3a, 0x3a, 0x3e, 0x3f, 0x3c, 
	0x3a, 0x39, 0x38, 0x38, 0x39, 0x38, 0xa4, 0xda, 
	0xda, 0xa5, 0x39, 0x3c, 0x38, 0x38, 0x3a, 0x3b, 
	0x3e, 0x3d, 0x3a, 0x3a, 0x3a, 0x3a, 0x3a, 0x3a, 
	0x3a, 0x38, 0x38, 0x3d, 0x3d, 0x3c, 0x39, 0x37, 
	0x37, 0x3a, 0x39, 0x3a, 0x5e, 0xc9, 0xa0, 0x77, 
	0x45, 0x91, 0xcb, 0x6c, 0x3a, 0x3a, 0x3a, 0x3a, 
	0x3f, 0x3b, 0x38, 0x3a, 0x3b, 0x3a, 0x3a, 0x39, 
	0x3e, 0x3f, 0x3a, 0x3a, 0x3b, 0x3c, 0x38, 0x3d, 
	0x3c, 0x3b, 0x3b, 0x3a, 0x39, 0x3a, 0xa5, 0xda, 
	0xda, 0xa5, 0x3a, 0x38, 0x37, 0x3b, 0x3b, 0x3b, 
	0x3e, 0x3a, 0x3a, 0x3a, 0x3c, 0x3a, 0x3a, 0x3a, 
	0x3b, 0x3a, 0x37, 0x3d, 0x3e, 0x3a, 0x38, 0x38, 
	0x37, 0x37, 0x37, 0x37, 0x5e, 0xc9, 0xa0, 0x77, 
	0x45, 0x91, 0xcb, 0x6c, 0x3a, 0x3a, 0x3a, 0x3a, 
	0x3e, 0x3b, 0x3a, 0x3a, 0x3a, 0x3a, 0x3a, 0x3a, 
	0x3d, 0x3c, 0x3a, 0x3a, 0x3c, 0x38, 0x39, 0x3d, 
	0x3e, 0x3e, 0x3a, 0x3a, 0x3a, 0x3a, 0xa5, 0xda, 
	0xda, 0xa4, 0x38, 0x37, 0x37, 0x3d, 0x3f, 0x3c, 
	0x3a, 0x3b, 0x3a, 0x3a, 0x3d, 0x3c, 0x3b, 0x3c, 
	0x3e, 0x38, 0x37, 0x3b, 0x3a, 0x3a, 0x39, 0x39, 
	0x37, 0x37, 0x37, 0x37, 0x5e, 0xc9, 0xa0, 0x77, 
	0x45, 0x91, 0xcb, 0x6c, 0x3a, 0x3b, 0x38, 0x37, 
	0x3c, 0x3a, 0x3b, 0x3a, 0x3a, 0x3b, 0x3c, 0x3b, 
	0x3a, 0x3b, 0x3a, 0x3a, 0x3c, 0x38, 0x3c, 0x3a, 
	0x3b, 0x3f, 0x3d, 0x3a, 0x3a, 0x3a, 0xa5, 0xda, 
	0xda, 0xa4, 0x37, 0x38, 0x3b, 0x3f, 0x3e, 0x3a, 
	0x3a, 0x3c, 0x3b, 0x39, 0x3d, 0x3f, 0x3e, 0x3d, 
	0x3a, 0x37, 0x38, 0x39, 0x37, 0x3a, 0x3e, 0x3a, 
	0x37, 0x37, 0x37, 0x39, 0x5f, 0xc9, 0xa0, 0x77, 
	0x45, 0x91, 0xcb, 0x6c, 0x3b, 0x3a, 0x37, 0x37, 
	0x3b, 0x3c, 0x3b, 0x3a, 0x3a, 0x3d, 0x3a, 0x3a, 
	0x3b, 0x3d, 0x3b, 0x3b, 0x3e, 0x3b, 0x3d, 0x3a, 
	0x3c, 0x3e, 0x3a, 0x3a, 0x3a, 0x3a, 0xa5, 0xda, 
	0xda, 0xa4, 0x39, 0x3d, 0x3d, 0x3d, 0x3e, 0x3b, 
	0x3a, 0x3c, 0x3e, 0x3c, 0x3d, 0x3f, 0x3e, 0x3a, 
	0x39, 0x37, 0x37, 0x37, 0x37, 0x3c, 0x3d, 0x3a, 
	0x39, 0x37, 0x37, 0x3a, 0x5f, 0xc9, 0xa0, 0x77, 
	0x45, 0x91, 0xcb, 0x6c, 0x3d, 0x38, 0x37, 0x37, 
	0x3b, 0x3c, 0x3a, 0x3b, 0x3d, 0x3d, 0x39, 0x3d, 
	0x3e, 0x3f, 0x3b, 0x3a, 0x3a, 0x39, 0x3c, 0x3b, 
	0x3c, 0x3d, 0x3d, 0x3b, 0x3a, 0x3a, 0xa5, 0xda, 
	0xda, 0xa5, 0x3e, 0x3e, 0x3b, 0x3e, 0x3d, 0x3c, 
	0x3a, 0x3e, 0x3f, 0x3d, 0x3c, 0x3e, 0x3a, 0x3a, 
	0x3a, 0x3a, 0x38, 0x37, 0x39, 0x3b, 0x3a, 0x3a, 
	0x3a, 0x3a, 0x38, 0x3b, 0x61, 0xc9, 0xa0, 0x77, 
	0x45, 0x91, 0xcb, 0x6d, 0x3e, 0x38, 0x37, 0x37, 
	0x3b, 0x3b, 0x38, 0x3d, 0x3e, 0x39, 0x39, 0x3e, 
	0x3d, 0x3d, 0x3a, 0x3a, 0x37, 0x3a, 0x3c, 0x3c, 
	0x3d, 0x3a, 0x3b, 0x3b, 0x3a, 0x3a, 0xa5, 0xda, 
	0xda, 0xa5, 0x3d, 0x3c, 0x3a, 0x3a, 0x3e, 0x3e, 
	0x3c, 0x3c, 0x3b, 0x3c, 0x3b, 0x3b, 0x3b, 0x3a, 
	0x3a, 0x3a, 0x3a, 0x3a, 0x3b, 0x3b, 0x3a, 0x3a, 
	0x3a, 0x3a, 0x3a, 0x3a, 0x5f, 0xc9, 0xa0, 0x77, 
	0x45, 0x91, 0xcb, 0x6d, 0x3b, 0x38, 0x37, 0x39, 
	0x3b, 0x38, 0x37, 0x3b, 0x3d, 0x3a, 0x3c, 0x3c, 
	0x3a, 0x39, 0x39, 0x3a, 0x39, 0x3b, 0x3c, 0x3d, 
	0x3c, 0x3c, 0x39, 0x39, 0x3a, 0x3a, 0xa5, 0xda, 
	0xda, 0xa5, 0x3b, 0x3b, 0x3b, 0x3b, 0x3f, 0x3f, 
	0x3e, 0x39, 0x37, 0x39, 0x39, 0x3a, 0x3c, 0x3b, 
	0x3a, 0x3a, 0x3a, 0x3d, 0x3b, 0x3a, 0x39, 0x3a, 
	0x3a, 0x3a, 0x3a, 0x3a, 0x5f, 0xc9, 0xa0, 0x77, 
	0x45, 0x91, 0xcb, 0x6e, 0x3a, 0x37, 0x37, 0x3a, 
	0x38, 0x37, 0x37, 0x39, 0x3b, 0x38, 0x3a, 0x3a, 
	0x3a, 0x38, 0x38, 0x3c, 0x3e, 0x3c, 0x3c, 0x3d, 
	0x3a, 0x3a, 0x37, 0x3c, 0x3e, 0x3e, 0xa5, 0xda, 
	0xda, 0xa5, 0x3d, 0x3c, 0x3e, 0x3f, 0x3f, 0x3f, 
	0x3d, 0x39, 0x37, 0x39, 0x3b, 0x3b, 0x3c, 0x3b, 
	0x3a, 0x3b, 0x3e, 0x3b, 0x3a, 0x3a, 0x38, 0x39, 
	0x3a, 0x3a, 0x3a, 0x3a, 0x5f, 0xc9, 0xa0, 0x77, 
	0x45, 0x91, 0xcb, 0x6e, 0x3a, 0x37, 0x3a, 0x38, 
	0x37, 0x37, 0x37, 0x38, 0x3a, 0x39, 0x39, 0x3a, 
	0x3b, 0x3a, 0x39, 0x3b, 0x3d, 0x3f, 0x3c, 0x3a, 
	0x3a, 0x3a, 0x37, 0x3a, 0x3d, 0x3f, 0xa5, 0xda, 
	0xda, 0xa5, 0x3f, 0x3d, 0x3d, 0x3e, 0x3f, 0x3f, 
	0x3f, 0x3c, 0x37, 0x3a, 0x3a, 0x39, 0x3c, 0x3b, 
	0x3a, 0x3d, 0x3d, 0x3a, 0x3a, 0x3a, 0x38, 0x37, 
	0x38, 0x3a, 0x3a, 0x3a, 0x5e, 0xc9, 0xa0, 0x77, 
	0x45, 0x91, 0xcb, 0x7e, 0x58, 0x57, 0x58, 0x58, 
	0x57, 0x57, 0x57, 0x56, 0x58, 0x57, 0x57, 0x59, 
	0x59, 0x59, 0x59, 0x5a, 0x5a, 0x5b, 0x5a, 0x58, 
	0x58, 0x57, 0x57, 0x58, 0x58, 0x58, 0xab, 0xda, 
	0xda, 0xab, 0x5b, 0x59, 0x57, 0x57, 0x5a, 0x5b, 
	0x5a, 0x59, 0x56, 0x58, 0x58, 0x58, 0x59, 0x58, 
	0x58, 0x59, 0x58, 0x58, 0x58, 0x57, 0x56, 0x56, 
	0x56, 0x57, 0x58, 0x58, 0x72, 0xca, 0xa0, 0x77, 
	0x45, 0x91, 0xcb, 0xcd, 0xcd, 0xcd, 0xcd, 0xcd, 
	0xcd, 0xcd, 0xcd, 0xcd, 0xcd, 0xcd, 0xcd, 0xcd, 
	0xcd, 0xcd, 0xcd, 0xcd, 0xcd, 0xcd, 0xcd, 0xcd, 
	0xcd, 0xcd, 0xcd, 0xcd, 0xcd, 0xcd, 0xcc, 0xda, 
	0xda, 0xcc, 0xcd, 0xcd, 0xcd, 0xcd, 0xcd, 0xcd, 
	0xcd, 0xcd, 0xcd, 0xcd, 0xcd, 0xcd, 0xcd, 0xcd, 
	0xcd, 0xcd, 0xcd, 0xcd, 0xcd, 0xcd, 0xcd, 0xcd, 
	0xcd, 0xcd, 0xcd, 0xcd, 0xcd, 0xcb, 0xa0, 0x77, 
	0x45, 0x90, 0xc7, 0xc7, 0xc7, 0xc7, 0xc7, 0xc7, 
	0xc7, 0xc7, 0xc7, 0xc7, 0xc7, 0xc7, 0xc7, 0xc7, 
	0xc7, 0xc7, 0xc7, 0xc7, 0xc7, 0xc7, 0xc7, 0xc7, 
	0xc7, 0xc7, 0xc7, 0xc7, 0xc7, 0xc7, 0xc9, 0xda, 
	0xda, 0xc9, 0xc7, 0xc7, 0xc7, 0xc7, 0xc7, 0xc7, 
	0xc7, 0xc7, 0xc7, 0xc7, 0xc7, 0xc7, 0xc7, 0xc7, 
	0xc7, 0xc7, 0xc7, 0xc7, 0xc7, 0xc7, 0xc7, 0xc7, 
	0xc7, 0xc7, 0xc7, 0xc7, 0xc7, 0xc7, 0x9f, 0x77, 
	0x9e, 0xb2, 0xc3, 0xc3, 0xc3, 0xc3, 0xc3, 0xc3, 
	0xc3, 0xc3, 0xc3, 0xc3, 0xc3, 0xc3, 0xc3, 0xc3, 
	0xc3, 0xc3, 0xc3, 0xc3, 0xc3, 0xc3, 0xc3, 0xc3, 
	0xc3, 0xc3, 0xc3, 0xc3, 0xc3, 0xc3, 0xcf, 0xdf, 
	0xdf, 0xcf, 0xc3, 0xc3, 0xc3, 0xc3, 0xc3, 0xc3, 
	0xc3, 0xc3, 0xc3, 0xc3, 0xc3, 0xc3, 0xc3, 0xc3, 
	0xc3, 0xc3, 0xc3, 0xc3, 0xc3, 0xc3, 0xc3, 0xc3, 
	0xc3, 0xc3, 0xc3, 0xc3, 0xc3, 0xc3, 0xba, 0xad, 
	0xe3, 0xe3, 0xe3, 0xe3, 0xe3, 0xe3, 0xe3, 0xe3, 
	0xe3, 0xe3, 0xe3, 0xe3, 0xe3, 0xe3, 0xe3, 0xe3, 
	0xe3, 0xe3, 0xe3, 0xe3, 0xe3, 0xe3, 0xe3, 0xe3, 
	0xe3, 0xe3, 0xe3, 0xe3, 0xe3, 0xe3, 0xe3, 0xe3, 
	0xe3, 0xe3, 0xe3, 0xe3, 0xe3, 0xe3, 0xe3, 0xe3, 
	0xe3, 0xe3, 0xe3, 0xe3, 0xe3, 0xe3, 0xe3, 0xe3, 
	0xe3, 0xe3, 0xe3, 0xe3, 0xe3, 0xe3, 0xe3, 0xe3, 
	0xe3, 0xe3, 0xe3, 0xe3, 0xe3, 0xe3, 0xe3, 0xe3, 
	0xe2, 0xe2, 0xe2, 0xe2, 0xe2, 0xe2, 0xe2, 0xe2, 
	0xe2, 0xe2, 0xe2, 0xe2, 0xe2, 0xe2, 0xe2, 0xe2, 
	0xe2, 0xe2, 0xe2, 0xe2, 0xe2, 0xe2, 0xe2, 0xe2, 
	0xe2, 0xe2, 0xe2, 0xe2, 0xe2, 0xe2, 0xe2, 0xe2, 
	0xe2, 0xe2, 0xe2, 0xe2, 0xe2, 0xe2, 0xe2, 0xe2, 
	0xe2, 0xe2, 0xe2, 0xe2, 0xe2, 0xe2, 0xe2, 0xe2, 
	0xe2, 0xe2, 0xe2, 0xe2, 0xe2, 0xe2, 0xe2, 0xe2, 
	0xe2, 0xe2, 0xe2, 0xe2, 0xe2, 0xe2, 0xe2, 0xe2, 
	0xe2, 0xe2, 0xe2, 0xe2, 0xe2, 0xe2, 0xe2, 0xe2, 
	0xe2, 0xe2, 0xe2, 0xe2, 0xe2, 0xe2, 0xe2, 0xe2, 
	0xe2, 0xe2, 0xe2, 0xe2, 0xe2, 0xe2, 0xe2, 0xe2, 
	0xe2, 0xe2, 0xe2, 0xe2, 0xe2, 0xe2, 0xe2, 0xe2, 
	0xe2, 0xe2, 0xe2, 0xe2, 0xe2, 0xe2, 0xe2, 0xe2, 
	0xe2, 0xe2, 0xe2, 0xe2, 0xe2, 0xe2, 0xe2, 0xe2, 
	0xe2, 0xe2, 0xe2, 0xe2, 0xe2, 0xe2, 0xe2, 0xe2, 
	0xe2, 0xe2, 0xe2, 0xe2, 0xe2, 0xe2, 0xe2, 0xe2, 
	0xc0, 0xbf, 0xbf, 0xbf, 0xbf, 0xbf, 0xbf, 0xbf, 
	0xbf, 0xbf, 0xbf, 0xbf, 0xbf, 0xbf, 0xbf, 0xbf, 
	0xbf, 0xbf, 0xbf, 0xbf, 0xbf, 0xbf, 0xbf, 0xbf, 
	0xbf, 0xbf, 0xbf, 0xbf, 0xbf, 0xbf, 0xbf, 0xbf, 
	0xbf, 0xbf, 0xbf, 0xbf, 0xbf, 0xbf, 0xbf, 0xbf, 
	0xbf, 0xbf, 0xbf, 0xbf, 0xbf, 0xbf, 0xbf, 0xbf, 
	0xbf, 0xbf, 0xbf, 0xbf, 0xbf, 0xbf, 0xbf, 0xbf, 
	0xbf, 0xbf, 0xbf, 0xbf, 0xbf, 0xbf, 0xbf, 0xbf, 
	
};

Gfx bob_dl_Art56_32x64__Blood__ci8_aligner[] = {gsSPEndDisplayList()};
u8 bob_dl_Art56_32x64__Blood__ci8[] = {
	0x00, 0x01, 0x02, 0x01, 0x01, 0x02, 0x03, 0x03, 
	0x03, 0x03, 0x03, 0x03, 0x03, 0x03, 0x03, 0x03, 
	0x03, 0x03, 0x03, 0x03, 0x03, 0x03, 0x03, 0x02, 
	0x02, 0x02, 0x02, 0x02, 0x02, 0x01, 0x01, 0x04, 
	0x05, 0x01, 0x01, 0x02, 0x02, 0x02, 0x02, 0x02, 
	0x02, 0x02, 0x02, 0x01, 0x01, 0x02, 0x02, 0x02, 
	0x02, 0x02, 0x02, 0x01, 0x01, 0x01, 0x02, 0x02, 
	0x02, 0x02, 0x02, 0x02, 0x01, 0x00, 0x02, 0x06, 
	0x00, 0x01, 0x07, 0x08, 0x09, 0x09, 0x09, 0x09, 
	0x08, 0x08, 0x08, 0x08, 0x0a, 0x08, 0x08, 0x09, 
	0x09, 0x08, 0x09, 0x09, 0x09, 0x08, 0x08, 0x08, 
	0x08, 0x09, 0x09, 0x09, 0x08, 0x06, 0x00, 0x04, 
	0x01, 0x02, 0x0b, 0x09, 0x09, 0x09, 0x09, 0x09, 
	0x08, 0x09, 0x09, 0x09, 0x09, 0x0c, 0x0d, 0x0c, 
	0x0c, 0x09, 0x09, 0x0c, 0x0c, 0x0c, 0x0c, 0x0c, 
	0x09, 0x0c, 0x0c, 0x0c, 0x0e, 0x00, 0x03, 0x00, 
	0x01, 0x03, 0x0f, 0x0c, 0x09, 0x09, 0x09, 0x10, 
	0x0c, 0x10, 0x0c, 0x10, 0x0c, 0x10, 0x10, 0x0c, 
	0x09, 0x0c, 0x0c, 0x0c, 0x0c, 0x09, 0x0c, 0x10, 
	0x10, 0x09, 0x0d, 0x0c, 0x09, 0x04, 0x02, 0x04, 
	0x01, 0x03, 0x0f, 0x0d, 0x0d, 0x0d, 0x0d, 0x0d, 
	0x0d, 0x0d, 0x0d, 0x10, 0x0d, 0x0d, 0x0d, 0x0d, 
	0x0c, 0x0d, 0x0d, 0x0d, 0x0d, 0x0d, 0x09, 0x0d, 
	0x0d, 0x09, 0x09, 0x0c, 0x09, 0x04, 0x02, 0x05, 
	0x02, 0x03, 0x0f, 0x0d, 0x0d, 0x0d, 0x0d, 0x0d, 
	0x0d, 0x0d, 0x0d, 0x0d, 0x0d, 0x0d, 0x0d, 0x0d, 
	0x0d, 0x0d, 0x0d, 0x0d, 0x0d, 0x0d, 0x0d, 0x0d, 
	0x0d, 0x0d, 0x0d, 0x0c, 0x09, 0x04, 0x02, 0x05, 
	0x02, 0x03, 0x0f, 0x0c, 0x0d, 0x11, 0x11, 0x0d, 
	0x0d, 0x0d, 0x0d, 0x10, 0x0d, 0x0d, 0x0d, 0x0d, 
	0x0d, 0x0d, 0x0d, 0x11, 0x10, 0x0d, 0x0d, 0x0d, 
	0x0d, 0x02, 0x0c, 0x0d, 0x09, 0x12, 0x02, 0x05, 
	0x01, 0x03, 0x0f, 0x0d, 0x0c, 0x02, 0x04, 0x06, 
	0x06, 0x06, 0x06, 0x06, 0x04, 0x04, 0x04, 0x06, 
	0x06, 0x06, 0x06, 0x04, 0x04, 0x04, 0x06, 0x06, 
	0x06, 0x13, 0x0c, 0x0d, 0x10, 0x12, 0x02, 0x05, 
	0x01, 0x03, 0x0f, 0x0d, 0x0c, 0x0a, 0x13, 0x14, 
	0x0e, 0x06, 0x06, 0x0a, 0x0a, 0x14, 0x15, 0x08, 
	0x08, 0x15, 0x0e, 0x16, 0x07, 0x0c, 0x0e, 0x0e, 
	0x0e, 0x0a, 0x0c, 0x10, 0x0c, 0x06, 0x04, 0x06, 
	0x01, 0x03, 0x0f, 0x0d, 0x0d, 0x0a, 0x04, 0x15, 
	0x17, 0x0a, 0x0b, 0x0e, 0x09, 0x18, 0x07, 0x0c, 
	0x17, 0x0c, 0x17, 0x0c, 0x15, 0x0c, 0x17, 0x0c, 
	0x17, 0x0a, 0x09, 0x0d, 0x10, 0x04, 0x01, 0x04, 
	0x02, 0x03, 0x0f, 0x0d, 0x0d, 0x0e, 0x05, 0x19, 
	0x0b, 0x07, 0x1a, 0x17, 0x1b, 0x0c, 0x0b, 0x0c, 
	0x1c, 0x0b, 0x1b, 0x1c, 0x19, 0x1c, 0x1b, 0x1b, 
	0x07, 0x0a, 0x0c, 0x0d, 0x1d, 0x00, 0x02, 0x05, 
	0x02, 0x03, 0x0f, 0x0d, 0x11, 0x19, 0x00, 0x07, 
	0x1b, 0x17, 0x0e, 0x07, 0x07, 0x1c, 0x1c, 0x0c, 
	0x1c, 0x0b, 0x1b, 0x1b, 0x19, 0x1b, 0x07, 0x0b, 
	0x1b, 0x0a, 0x0c, 0x0d, 0x1d, 0x00, 0x03, 0x01, 
	0x02, 0x03, 0x0f, 0x0d, 0x11, 0x18, 0x00, 0x17, 
	0x1b, 0x0b, 0x07, 0x1b, 0x0c, 0x0c, 0x1c, 0x0c, 
	0x1b, 0x0b, 0x0b, 0x1b, 0x19, 0x1c, 0x1b, 0x1b, 
	0x07, 0x09, 0x11, 0x0d, 0x1d, 0x00, 0x03, 0x01, 
	0x02, 0x03, 0x0f, 0x0d, 0x11, 0x1b, 0x00, 0x19, 
	0x1b, 0x1b, 0x1b, 0x1b, 0x1b, 0x0c, 0x0b, 0x0c, 
	0x1c, 0x1c, 0x1b, 0x1c, 0x19, 0x1b, 0x07, 0x1b, 
	0x1b, 0x0c, 0x11, 0x0d, 0x0d, 0x00, 0x1e, 0x01, 
	0x02, 0x03, 0x0f, 0x0d, 0x1d, 0x0d, 0x00, 0x17, 
	0x0b, 0x1b, 0x1c, 0x17, 0x07, 0x17, 0x1b, 0x07, 
	0x1c, 0x1b, 0x1b, 0x1c, 0x15, 0x1c, 0x07, 0x07, 
	0x07, 0x0d, 0x11, 0x0d, 0x1d, 0x00, 0x1e, 0x01, 
	0x02, 0x03, 0x1f, 0x1d, 0x20, 0x0d, 0x00, 0x19, 
	0x1b, 0x1b, 0x1b, 0x07, 0x1b, 0x0c, 0x1c, 0x1b, 
	0x1b, 0x1c, 0x1b, 0x1b, 0x07, 0x1c, 0x1b, 0x07, 
	0x07, 0x0d, 0x11, 0x0d, 0x1d, 0x00, 0x1e, 0x01, 
	0x01, 0x03, 0x1f, 0x1d, 0x1d, 0x0d, 0x00, 0x1b, 
	0x1b, 0x1b, 0x1b, 0x1b, 0x17, 0x17, 0x1c, 0x1b, 
	0x1b, 0x1b, 0x1b, 0x0b, 0x19, 0x1b, 0x07, 0x07, 
	0x07, 0x0d, 0x11, 0x20, 0x1d, 0x21, 0x1e, 0x01, 
	0x01, 0x03, 0x1f, 0x1d, 0x20, 0x0d, 0x05, 0x1b, 
	0x1b, 0x1b, 0x1b, 0x1b, 0x07, 0x17, 0x1b, 0x1b, 
	0x1c, 0x1b, 0x1b, 0x17, 0x19, 0x1b, 0x1b, 0x07, 
	0x07, 0x0d, 0x20, 0x1d, 0x1d, 0x05, 0x1e, 0x01, 
	0x00, 0x03, 0x1f, 0x0d, 0x20, 0x20, 0x05, 0x19, 
	0x14, 0x0b, 0x1c, 0x07, 0x0c, 0x17, 0x1b, 0x1b, 
	0x1c, 0x1b, 0x1b, 0x0b, 0x19, 0x1b, 0x1b, 0x07, 
	0x1c, 0x20, 0x20, 0x20, 0x1d, 0x05, 0x1e, 0x01, 
	0x01, 0x03, 0x1f, 0x0d, 0x1d, 0x20, 0x00, 0x07, 
	0x0f, 0x0a, 0x0b, 0x07, 0x1b, 0x17, 0x1c, 0x0b, 
	0x1b, 0x1c, 0x07, 0x1b, 0x19, 0x1b, 0x1b, 0x07, 
	0x1b, 0x20, 0x20, 0x1d, 0x1d, 0x05, 0x1e, 0x01, 
	0x02, 0x02, 0x1f, 0x1d, 0x1d, 0x20, 0x00, 0x07, 
	0x07, 0x16, 0x0a, 0x07, 0x1b, 0x17, 0x0b, 0x0b, 
	0x0b, 0x0b, 0x19, 0x0b, 0x19, 0x1b, 0x1b, 0x07, 
	0x07, 0x20, 0x20, 0x20, 0x1d, 0x05, 0x1e, 0x01, 
	0x02, 0x02, 0x16, 0x1d, 0x1d, 0x1d, 0x00, 0x07, 
	0x07, 0x07, 0x16, 0x19, 0x0c, 0x17, 0x1b, 0x1b, 
	0x1c, 0x1c, 0x19, 0x1b, 0x07, 0x1b, 0x07, 0x1b, 
	0x1b, 0x1d, 0x1d, 0x20, 0x1d, 0x05, 0x22, 0x01, 
	0x02, 0x02, 0x16, 0x1d, 0x20, 0x20, 0x05, 0x07, 
	0x07, 0x13, 0x1b, 0x07, 0x17, 0x17, 0x1c, 0x1b, 
	0x1b, 0x0b, 0x17, 0x1b, 0x19, 0x1b, 0x07, 0x1b, 
	0x1b, 0x20, 0x20, 0x20, 0x1d, 0x04, 0x22, 0x00, 
	0x02, 0x03, 0x16, 0x0d, 0x20, 0x20, 0x00, 0x07, 
	0x07, 0x07, 0x07, 0x17, 0x1b, 0x19, 0x0b, 0x1b, 
	0x1b, 0x0e, 0x07, 0x1b, 0x19, 0x1c, 0x07, 0x1b, 
	0x1b, 0x20, 0x20, 0x1d, 0x1d, 0x00, 0x22, 0x00, 
	0x02, 0x03, 0x16, 0x1d, 0x1d, 0x20, 0x05, 0x1b, 
	0x19, 0x1b, 0x0b, 0x1b, 0x1b, 0x17, 0x1b, 0x0b, 
	0x0e, 0x23, 0x19, 0x1c, 0x19, 0x1c, 0x1b, 0x07, 
	0x1b, 0x20, 0x1d, 0x1d, 0x1d, 0x00, 0x1e, 0x01, 
	0x02, 0x03, 0x16, 0x1d, 0x1d, 0x20, 0x00, 0x1b, 
	0x1b, 0x07, 0x1b, 0x07, 0x1c, 0x17, 0x1b, 0x17, 
	0x16, 0x18, 0x1f, 0x1b, 0x19, 0x17, 0x1b, 0x1b, 
	0x1b, 0x20, 0x20, 0x20, 0x1d, 0x21, 0x1e, 0x01, 
	0x02, 0x03, 0x16, 0x1d, 0x20, 0x20, 0x00, 0x07, 
	0x1b, 0x07, 0x0b, 0x07, 0x1b, 0x17, 0x17, 0x1f, 
	0x17, 0x1f, 0x07, 0x18, 0x24, 0x1c, 0x1b, 0x1b, 
	0x1b, 0x20, 0x20, 0x20, 0x1d, 0x03, 0x25, 0x22, 
	0x01, 0x03, 0x16, 0x1d, 0x20, 0x20, 0x05, 0x07, 
	0x07, 0x07, 0x1c, 0x1b, 0x1b, 0x17, 0x1b, 0x1b, 
	0x07, 0x17, 0x24, 0x1b, 0x19, 0x1b, 0x1b, 0x1b, 
	0x07, 0x20, 0x20, 0x20, 0x1d, 0x00, 0x1e, 0x01, 
	0x01, 0x03, 0x16, 0x1d, 0x20, 0x1d, 0x05, 0x1b, 
	0x07, 0x07, 0x0b, 0x07, 0x1b, 0x17, 0x07, 0x0b, 
	0x0f, 0x1b, 0x07, 0x1b, 0x19, 0x1b, 0x1b, 0x07, 
	0x1b, 0x20, 0x20, 0x20, 0x0d, 0x00, 0x1e, 0x01, 
	0x02, 0x03, 0x16, 0x1d, 0x20, 0x20, 0x00, 0x07, 
	0x1b, 0x1b, 0x1c, 0x1b, 0x0b, 0x17, 0x1c, 0x0b, 
	0x07, 0x0b, 0x07, 0x1b, 0x07, 0x1c, 0x1b, 0x07, 
	0x1b, 0x20, 0x20, 0x20, 0x1d, 0x00, 0x1e, 0x01, 
	0x02, 0x03, 0x16, 0x1d, 0x20, 0x20, 0x00, 0x00, 
	0x18, 0x07, 0x0b, 0x07, 0x1c, 0x19, 0x1b, 0x1c, 
	0x19, 0x0b, 0x19, 0x1c, 0x19, 0x1b, 0x0b, 0x07, 
	0x1b, 0x20, 0x20, 0x20, 0x1d, 0x00, 0x1e, 0x01, 
	0x02, 0x03, 0x16, 0x0d, 0x20, 0x20, 0x00, 0x04, 
	0x01, 0x19, 0x1b, 0x26, 0x0b, 0x19, 0x1b, 0x0b, 
	0x19, 0x1b, 0x1b, 0x1c, 0x19, 0x1c, 0x1b, 0x07, 
	0x1b, 0x20, 0x20, 0x20, 0x1d, 0x00, 0x1e, 0x01, 
	0x02, 0x03, 0x1f, 0x1d, 0x20, 0x20, 0x05, 0x04, 
	0x04, 0x05, 0x0b, 0x0b, 0x0b, 0x05, 0x0b, 0x07, 
	0x07, 0x0b, 0x1b, 0x1b, 0x19, 0x1c, 0x1b, 0x1b, 
	0x07, 0x20, 0x1d, 0x20, 0x0d, 0x06, 0x04, 0x06, 
	0x02, 0x03, 0x1f, 0x0d, 0x11, 0x20, 0x0d, 0x0d, 
	0x1b, 0x0b, 0x1b, 0x0d, 0x1b, 0x1b, 0x0d, 0x1b, 
	0x1b, 0x1b, 0x0d, 0x0d, 0x0d, 0x0d, 0x0d, 0x1b, 
	0x0d, 0x20, 0x20, 0x20, 0x1d, 0x04, 0x01, 0x05, 
	0x02, 0x03, 0x1f, 0x0d, 0x11, 0x20, 0x11, 0x0d, 
	0x0d, 0x11, 0x11, 0x0d, 0x0d, 0x0d, 0x0d, 0x11, 
	0x11, 0x0d, 0x0d, 0x0d, 0x0d, 0x0b, 0x0d, 0x0d, 
	0x0d, 0x20, 0x1d, 0x11, 0x1d, 0x00, 0x02, 0x00, 
	0x01, 0x03, 0x01, 0x22, 0x22, 0x22, 0x22, 0x05, 
	0x01, 0x1d, 0x20, 0x0d, 0x20, 0x11, 0x11, 0x20, 
	0x1d, 0x0d, 0x20, 0x20, 0x0d, 0x11, 0x20, 0x0d, 
	0x02, 0x0d, 0x20, 0x11, 0x1d, 0x00, 0x03, 0x01, 
	0x01, 0x03, 0x05, 0x00, 0x01, 0x02, 0x01, 0x08, 
	0x09, 0x11, 0x20, 0x0d, 0x1d, 0x11, 0x0d, 0x20, 
	0x20, 0x11, 0x20, 0x20, 0x20, 0x11, 0x20, 0x10, 
	0x06, 0x0d, 0x11, 0x11, 0x1d, 0x05, 0x1e, 0x01, 
	0x01, 0x03, 0x05, 0x00, 0x25, 0x25, 0x01, 0x0a, 
	0x0d, 0x11, 0x11, 0x20, 0x20, 0x11, 0x1d, 0x1d, 
	0x1d, 0x11, 0x11, 0x20, 0x20, 0x0d, 0x20, 0x0d, 
	0x08, 0x10, 0x11, 0x11, 0x1d, 0x05, 0x1e, 0x01, 
	0x02, 0x03, 0x00, 0x00, 0x03, 0x03, 0x01, 0x0e, 
	0x1d, 0x20, 0x11, 0x11, 0x11, 0x11, 0x11, 0x11, 
	0x11, 0x11, 0x20, 0x11, 0x0d, 0x11, 0x1d, 0x0d, 
	0x10, 0x11, 0x1d, 0x11, 0x1d, 0x05, 0x1e, 0x01, 
	0x02, 0x02, 0x00, 0x01, 0x22, 0x03, 0x01, 0x0c, 
	0x20, 0x20, 0x20, 0x11, 0x20, 0x20, 0x20, 0x20, 
	0x20, 0x1d, 0x20, 0x1d, 0x20, 0x0d, 0x20, 0x20, 
	0x10, 0x20, 0x20, 0x20, 0x1d, 0x05, 0x1e, 0x01, 
	0x02, 0x02, 0x00, 0x00, 0x03, 0x02, 0x01, 0x09, 
	0x20, 0x1d, 0x20, 0x20, 0x20, 0x20, 0x20, 0x20, 
	0x20, 0x20, 0x1d, 0x20, 0x1d, 0x11, 0x20, 0x20, 
	0x10, 0x20, 0x11, 0x20, 0x0d, 0x05, 0x1e, 0x01, 
	0x02, 0x03, 0x00, 0x00, 0x03, 0x03, 0x01, 0x09, 
	0x1d, 0x1d, 0x20, 0x20, 0x20, 0x20, 0x1d, 0x20, 
	0x20, 0x1d, 0x20, 0x20, 0x1d, 0x11, 0x20, 0x20, 
	0x10, 0x11, 0x20, 0x20, 0x1d, 0x00, 0x1e, 0x01, 
	0x01, 0x03, 0x00, 0x01, 0x03, 0x03, 0x01, 0x09, 
	0x1d, 0x1d, 0x11, 0x1d, 0x1d, 0x11, 0x20, 0x1d, 
	0x20, 0x20, 0x1d, 0x1d, 0x20, 0x20, 0x1d, 0x20, 
	0x0d, 0x20, 0x20, 0x20, 0x1d, 0x05, 0x1e, 0x01, 
	0x01, 0x03, 0x00, 0x05, 0x02, 0x02, 0x01, 0x09, 
	0x11, 0x20, 0x1d, 0x20, 0x11, 0x20, 0x20, 0x20, 
	0x1d, 0x20, 0x20, 0x20, 0x11, 0x20, 0x20, 0x1d, 
	0x0d, 0x20, 0x20, 0x20, 0x1d, 0x21, 0x1e, 0x01, 
	0x01, 0x02, 0x00, 0x00, 0x00, 0x00, 0x00, 0x0d, 
	0x20, 0x11, 0x1d, 0x1d, 0x1d, 0x1d, 0x1d, 0x1d, 
	0x1d, 0x1d, 0x11, 0x20, 0x20, 0x11, 0x20, 0x20, 
	0x11, 0x20, 0x1d, 0x20, 0x0d, 0x00, 0x1e, 0x01, 
	0x01, 0x01, 0x00, 0x05, 0x06, 0x06, 0x01, 0x0c, 
	0x1d, 0x11, 0x20, 0x20, 0x20, 0x20, 0x20, 0x20, 
	0x20, 0x20, 0x11, 0x20, 0x20, 0x20, 0x20, 0x20, 
	0x11, 0x20, 0x20, 0x20, 0x1d, 0x21, 0x22, 0x01, 
	0x01, 0x01, 0x00, 0x05, 0x01, 0x01, 0x02, 0x0d, 
	0x11, 0x20, 0x20, 0x20, 0x1d, 0x1d, 0x20, 0x20, 
	0x20, 0x1d, 0x20, 0x1d, 0x20, 0x20, 0x1d, 0x20, 
	0x20, 0x20, 0x1d, 0x11, 0x1d, 0x00, 0x22, 0x00, 
	0x00, 0x01, 0x08, 0x0c, 0x0c, 0x0c, 0x0c, 0x0d, 
	0x11, 0x20, 0x11, 0x1d, 0x20, 0x20, 0x1d, 0x20, 
	0x20, 0x1d, 0x20, 0x20, 0x20, 0x1d, 0x20, 0x20, 
	0x1d, 0x20, 0x20, 0x20, 0x0d, 0x05, 0x03, 0x00, 
	0x00, 0x01, 0x09, 0x0d, 0x0d, 0x0d, 0x11, 0x20, 
	0x20, 0x11, 0x1d, 0x20, 0x1d, 0x1d, 0x20, 0x20, 
	0x20, 0x20, 0x20, 0x20, 0x1d, 0x20, 0x20, 0x20, 
	0x20, 0x1d, 0x1d, 0x11, 0x0d, 0x05, 0x02, 0x00, 
	0x00, 0x01, 0x09, 0x0d, 0x0d, 0x11, 0x11, 0x20, 
	0x20, 0x20, 0x20, 0x1d, 0x11, 0x20, 0x20, 0x20, 
	0x20, 0x20, 0x20, 0x1d, 0x1d, 0x20, 0x20, 0x1d, 
	0x20, 0x1d, 0x20, 0x11, 0x0d, 0x04, 0x02, 0x05, 
	0x00, 0x01, 0x09, 0x1d, 0x0d, 0x11, 0x11, 0x20, 
	0x0d, 0x1d, 0x1d, 0x20, 0x11, 0x1d, 0x20, 0x20, 
	0x20, 0x20, 0x20, 0x1d, 0x1d, 0x20, 0x20, 0x20, 
	0x20, 0x1d, 0x11, 0x11, 0x0d, 0x04, 0x02, 0x05, 
	0x00, 0x01, 0x09, 0x1d, 0x0d, 0x1d, 0x20, 0x0d, 
	0x20, 0x20, 0x20, 0x20, 0x20, 0x20, 0x20, 0x20, 
	0x20, 0x20, 0x20, 0x1d, 0x20, 0x20, 0x1d, 0x20, 
	0x20, 0x11, 0x11, 0x0d, 0x0d, 0x04, 0x02, 0x05, 
	0x00, 0x01, 0x09, 0x1d, 0x0d, 0x0d, 0x0d, 0x20, 
	0x1d, 0x20, 0x11, 0x20, 0x1d, 0x11, 0x11, 0x1d, 
	0x20, 0x20, 0x20, 0x20, 0x1d, 0x20, 0x11, 0x11, 
	0x20, 0x11, 0x1d, 0x0d, 0x0d, 0x12, 0x02, 0x05, 
	0x05, 0x01, 0x0c, 0x0d, 0x0d, 0x11, 0x0d, 0x0d, 
	0x20, 0x0d, 0x11, 0x1d, 0x1d, 0x20, 0x20, 0x11, 
	0x1d, 0x0d, 0x20, 0x20, 0x20, 0x1d, 0x11, 0x11, 
	0x11, 0x11, 0x11, 0x0d, 0x0d, 0x02, 0x1e, 0x03, 
	0x05, 0x00, 0x0c, 0x0d, 0x0d, 0x0d, 0x0d, 0x0d, 
	0x20, 0x1d, 0x1d, 0x11, 0x11, 0x0d, 0x0d, 0x11, 
	0x11, 0x1d, 0x0d, 0x11, 0x11, 0x0d, 0x11, 0x11, 
	0x0d, 0x0d, 0x11, 0x0d, 0x09, 0x04, 0x02, 0x05, 
	0x05, 0x00, 0x09, 0x0d, 0x0d, 0x0d, 0x11, 0x0d, 
	0x11, 0x0d, 0x0d, 0x0d, 0x1d, 0x11, 0x11, 0x11, 
	0x0d, 0x0d, 0x0d, 0x1d, 0x0d, 0x0d, 0x0d, 0x11, 
	0x11, 0x11, 0x11, 0x0d, 0x09, 0x04, 0x02, 0x05, 
	0x05, 0x05, 0x09, 0x0d, 0x0d, 0x0d, 0x0d, 0x0d, 
	0x0d, 0x0d, 0x0d, 0x0d, 0x0d, 0x11, 0x1d, 0x11, 
	0x0d, 0x11, 0x11, 0x11, 0x11, 0x0d, 0x11, 0x11, 
	0x0d, 0x0d, 0x11, 0x0d, 0x0c, 0x04, 0x01, 0x05, 
	0x04, 0x05, 0x09, 0x0d, 0x0d, 0x0d, 0x0d, 0x0d, 
	0x0d, 0x11, 0x0d, 0x0d, 0x0d, 0x0d, 0x0d, 0x11, 
	0x11, 0x0d, 0x0d, 0x0d, 0x0d, 0x0d, 0x0d, 0x11, 
	0x0d, 0x0d, 0x0d, 0x0d, 0x09, 0x04, 0x01, 0x04, 
	0x04, 0x05, 0x08, 0x09, 0x0c, 0x0d, 0x0d, 0x0d, 
	0x0d, 0x0d, 0x0d, 0x0d, 0x0d, 0x0d, 0x0d, 0x0d, 
	0x0d, 0x0d, 0x0d, 0x0d, 0x0d, 0x0d, 0x0d, 0x0d, 
	0x0d, 0x0d, 0x09, 0x0d, 0x09, 0x06, 0x05, 0x04, 
	0x04, 0x05, 0x09, 0x09, 0x09, 0x09, 0x0c, 0x0c, 
	0x0c, 0x09, 0x0c, 0x09, 0x09, 0x09, 0x09, 0x0c, 
	0x09, 0x09, 0x09, 0x0c, 0x0d, 0x0d, 0x0d, 0x0d, 
	0x0d, 0x0c, 0x0c, 0x09, 0x09, 0x13, 0x13, 0x13, 
	0x06, 0x05, 0x00, 0x00, 0x01, 0x01, 0x01, 0x00, 
	0x00, 0x00, 0x01, 0x01, 0x00, 0x00, 0x00, 0x00, 
	0x00, 0x00, 0x00, 0x00, 0x00, 0x01, 0x00, 0x00, 
	0x01, 0x01, 0x01, 0x00, 0x00, 0x05, 0x05, 0x13, 
	0x13, 0x13, 0x04, 0x04, 0x04, 0x05, 0x04, 0x05, 
	0x06, 0x04, 0x05, 0x05, 0x05, 0x04, 0x04, 0x05, 
	0x05, 0x05, 0x04, 0x04, 0x04, 0x04, 0x06, 0x05, 
	0x04, 0x05, 0x04, 0x04, 0x04, 0x04, 0x04, 0x27, 
	0x13, 0x13, 0x13, 0x13, 0x13, 0x13, 0x13, 0x13, 
	0x27, 0x13, 0x27, 0x13, 0x27, 0x13, 0x13, 0x13, 
	0x13, 0x13, 0x13, 0x13, 0x27, 0x27, 0x13, 0x13, 
	0x13, 0x13, 0x13, 0x27, 0x13, 0x27, 0x13, 0x27, 
	
};

Gfx bob_dl_Art56_32x64__Blood__pal_rgba16_aligner[] = {gsSPEndDisplayList()};
u8 bob_dl_Art56_32x64__Blood__pal_rgba16[] = {
	0x4a, 0x53, 0x52, 0x95, 0x5a, 0xd7, 0x63, 0x19, 
	0x39, 0xcf, 0x42, 0x11, 0x29, 0x4d, 0x49, 0x49, 
	0x40, 0xc1, 0x49, 0x05, 0x30, 0xc1, 0x59, 0x8d, 
	0x51, 0x83, 0x69, 0x87, 0x41, 0x05, 0x61, 0x8b, 
	0x61, 0x03, 0x79, 0x87, 0x39, 0xd1, 0x21, 0x09, 
	0x20, 0x85, 0x30, 0xc7, 0x69, 0xcd, 0x51, 0x07, 
	0x49, 0x07, 0x39, 0x09, 0x72, 0x4f, 0x61, 0x89, 
	0x61, 0xc7, 0x79, 0x83, 0x73, 0x9d, 0x69, 0xcb, 
	0x89, 0x87, 0x42, 0x13, 0x6b, 0x5b, 0x6a, 0x09, 
	0x6a, 0x0f, 0x7b, 0xdf, 0x82, 0x91, 0x10, 0x85, 
	
};

Gfx bob_dl_yane_y_s_ci8_aligner[] = {gsSPEndDisplayList()};
u8 bob_dl_yane_y_s_ci8[] = {
	0x00, 0x00, 0x01, 0x01, 0x02, 0x02, 0x03, 0x03, 
	0x04, 0x05, 0x05, 0x05, 0x06, 0x06, 0x06, 0x07, 
	0x08, 0x08, 0x08, 0x08, 0x05, 0x05, 0x05, 0x05, 
	0x03, 0x03, 0x03, 0x09, 0x0a, 0x0b, 0x0b, 0x0b, 
	0x01, 0x00, 0x00, 0x01, 0x0c, 0x02, 0x02, 0x02, 
	0x03, 0x04, 0x04, 0x05, 0x0d, 0x0d, 0x06, 0x06, 
	0x08, 0x08, 0x0d, 0x0d, 0x04, 0x05, 0x04, 0x04, 
	0x03, 0x09, 0x09, 0x09, 0x0b, 0x0e, 0x0e, 0x0e, 
	0x0f, 0x10, 0x0f, 0x00, 0x11, 0x0c, 0x0c, 0x02, 
	0x12, 0x03, 0x04, 0x04, 0x0d, 0x0d, 0x0d, 0x07, 
	0x08, 0x08, 0x0d, 0x03, 0x04, 0x04, 0x04, 0x13, 
	0x09, 0x09, 0x14, 0x14, 0x0e, 0x0e, 0x0e, 0x10, 
	0x0f, 0x10, 0x10, 0x0f, 0x11, 0x11, 0x0c, 0x02, 
	0x12, 0x12, 0x12, 0x03, 0x03, 0x03, 0x0d, 0x07, 
	0x15, 0x0d, 0x03, 0x03, 0x04, 0x04, 0x13, 0x16, 
	0x09, 0x14, 0x14, 0x0e, 0x0e, 0x10, 0x10, 0x10, 
	0x17, 0x17, 0x17, 0x18, 0x19, 0x19, 0x00, 0x01, 
	0x14, 0x14, 0x02, 0x02, 0x03, 0x03, 0x06, 0x1a, 
	0x1a, 0x05, 0x03, 0x03, 0x1b, 0x09, 0x09, 0x01, 
	0x1c, 0x1d, 0x0f, 0x0f, 0x18, 0x1e, 0x17, 0x10, 
	0x18, 0x17, 0x17, 0x17, 0x19, 0x1f, 0x19, 0x00, 
	0x11, 0x14, 0x14, 0x02, 0x09, 0x03, 0x06, 0x1a, 
	0x1a, 0x05, 0x03, 0x20, 0x09, 0x01, 0x01, 0x00, 
	0x1d, 0x1d, 0x0f, 0x17, 0x17, 0x18, 0x17, 0x17, 
	0x21, 0x1e, 0x18, 0x18, 0x19, 0x1f, 0x1f, 0x19, 
	0x11, 0x11, 0x11, 0x14, 0x09, 0x03, 0x06, 0x1a, 
	0x1a, 0x05, 0x05, 0x20, 0x01, 0x01, 0x00, 0x00, 
	0x1d, 0x17, 0x17, 0x17, 0x18, 0x17, 0x17, 0x17, 
	0x21, 0x1e, 0x21, 0x1e, 0x1f, 0x19, 0x1f, 0x1f, 
	0x22, 0x22, 0x11, 0x14, 0x09, 0x03, 0x06, 0x1a, 
	0x1a, 0x05, 0x03, 0x03, 0x01, 0x00, 0x00, 0x00, 
	0x17, 0x17, 0x0f, 0x17, 0x18, 0x10, 0x17, 0x17, 
	0x23, 0x24, 0x25, 0x25, 0x26, 0x27, 0x27, 0x26, 
	0x28, 0x00, 0x00, 0x29, 0x2a, 0x29, 0x08, 0x08, 
	0x08, 0x08, 0x0d, 0x2a, 0x2b, 0x2c, 0x10, 0x10, 
	0x17, 0x17, 0x17, 0x17, 0x2d, 0x25, 0x2d, 0x24, 
	0x27, 0x25, 0x25, 0x25, 0x26, 0x27, 0x26, 0x27, 
	0x28, 0x00, 0x2e, 0x2e, 0x2a, 0x08, 0x08, 0x08, 
	0x08, 0x08, 0x08, 0x2a, 0x2b, 0x2b, 0x2c, 0x10, 
	0x17, 0x17, 0x17, 0x17, 0x2d, 0x2d, 0x25, 0x25, 
	0x23, 0x25, 0x24, 0x24, 0x26, 0x27, 0x27, 0x27, 
	0x2e, 0x29, 0x2e, 0x2e, 0x08, 0x08, 0x08, 0x08, 
	0x08, 0x08, 0x08, 0x0d, 0x2b, 0x2b, 0x2b, 0x2c, 
	0x17, 0x17, 0x0f, 0x17, 0x24, 0x25, 0x25, 0x25, 
	0x25, 0x27, 0x23, 0x25, 0x27, 0x27, 0x11, 0x0c, 
	0x2e, 0x00, 0x2e, 0x29, 0x0d, 0x0d, 0x0d, 0x0d, 
	0x0d, 0x0d, 0x08, 0x08, 0x2f, 0x2b, 0x2c, 0x2b, 
	0x0a, 0x0b, 0x0f, 0x17, 0x2d, 0x25, 0x25, 0x27, 
	0x30, 0x30, 0x30, 0x31, 0x32, 0x32, 0x32, 0x33, 
	0x33, 0x34, 0x0d, 0x0d, 0x04, 0x04, 0x04, 0x1b, 
	0x35, 0x04, 0x04, 0x04, 0x36, 0x36, 0x32, 0x37, 
	0x38, 0x34, 0x34, 0x34, 0x39, 0x3a, 0x3a, 0x3a, 
	0x3b, 0x3b, 0x3b, 0x3b, 0x33, 0x33, 0x33, 0x32, 
	0x0d, 0x0d, 0x0d, 0x0d, 0x1b, 0x1b, 0x09, 0x1b, 
	0x35, 0x35, 0x35, 0x04, 0x36, 0x36, 0x36, 0x03, 
	0x34, 0x38, 0x38, 0x38, 0x39, 0x3b, 0x3b, 0x3b, 
	0x30, 0x30, 0x30, 0x31, 0x33, 0x32, 0x05, 0x05, 
	0x0d, 0x0d, 0x0d, 0x3c, 0x1b, 0x1b, 0x0c, 0x0c, 
	0x20, 0x20, 0x20, 0x35, 0x03, 0x36, 0x36, 0x36, 
	0x06, 0x06, 0x3d, 0x34, 0x39, 0x3a, 0x3a, 0x39, 
	0x3b, 0x3b, 0x29, 0x29, 0x05, 0x05, 0x05, 0x05, 
	0x0d, 0x0d, 0x3c, 0x3c, 0x09, 0x09, 0x0c, 0x0c, 
	0x3e, 0x3e, 0x20, 0x35, 0x03, 0x03, 0x36, 0x36, 
	0x06, 0x06, 0x06, 0x06, 0x3f, 0x3f, 0x3b, 0x3b, 
	0x15, 0x15, 0x08, 0x08, 0x05, 0x05, 0x0d, 0x0d, 
	0x1b, 0x1b, 0x1b, 0x1b, 0x1c, 0x1d, 0x1c, 0x1d, 
	0x1d, 0x1d, 0x1c, 0x1c, 0x12, 0x12, 0x03, 0x03, 
	0x04, 0x05, 0x05, 0x05, 0x40, 0x40, 0x40, 0x40, 
	0x15, 0x08, 0x0d, 0x0d, 0x0d, 0x0d, 0x0d, 0x03, 
	0x1b, 0x1b, 0x09, 0x14, 0x1d, 0x1d, 0x0f, 0x0f, 
	0x1d, 0x1d, 0x1d, 0x1d, 0x0c, 0x0c, 0x12, 0x03, 
	0x04, 0x05, 0x04, 0x05, 0x06, 0x36, 0x06, 0x06, 
	0x15, 0x08, 0x0d, 0x0d, 0x0d, 0x03, 0x03, 0x03, 
	0x09, 0x09, 0x14, 0x41, 0x1d, 0x0f, 0x0f, 0x0f, 
	0x19, 0x19, 0x19, 0x1d, 0x0c, 0x0c, 0x0c, 0x12, 
	0x42, 0x42, 0x42, 0x04, 0x04, 0x36, 0x36, 0x06, 
	0x15, 0x08, 0x0d, 0x03, 0x35, 0x35, 0x35, 0x35, 
	0x14, 0x09, 0x41, 0x41, 0x0f, 0x1d, 0x1f, 0x1f, 
	0x43, 0x19, 0x19, 0x1d, 0x44, 0x44, 0x0c, 0x0c, 
	0x45, 0x45, 0x45, 0x04, 0x04, 0x04, 0x04, 0x40, 
	0x1a, 0x40, 0x0d, 0x3c, 0x35, 0x2e, 0x2e, 0x2e, 
	0x01, 0x00, 0x00, 0x19, 0x1e, 0x10, 0x18, 0x17, 
	0x17, 0x17, 0x1e, 0x18, 0x46, 0x46, 0x0b, 0x0b, 
	0x14, 0x09, 0x09, 0x09, 0x3d, 0x3d, 0x05, 0x07, 
	0x1a, 0x0d, 0x0d, 0x3c, 0x2e, 0x2e, 0x2e, 0x41, 
	0x00, 0x01, 0x19, 0x19, 0x17, 0x17, 0x17, 0x17, 
	0x17, 0x17, 0x1e, 0x18, 0x17, 0x19, 0x46, 0x0b, 
	0x11, 0x14, 0x14, 0x09, 0x12, 0x12, 0x05, 0x07, 
	0x1a, 0x40, 0x3c, 0x3c, 0x2e, 0x41, 0x41, 0x19, 
	0x19, 0x19, 0x19, 0x17, 0x17, 0x17, 0x17, 0x17, 
	0x1e, 0x10, 0x17, 0x1e, 0x19, 0x19, 0x19, 0x19, 
	0x11, 0x11, 0x11, 0x14, 0x12, 0x3d, 0x3d, 0x07, 
	0x1a, 0x40, 0x3c, 0x3c, 0x35, 0x2e, 0x19, 0x19, 
	0x17, 0x19, 0x19, 0x19, 0x17, 0x1e, 0x18, 0x17, 
	0x10, 0x17, 0x17, 0x1e, 0x17, 0x17, 0x19, 0x17, 
	0x19, 0x19, 0x19, 0x14, 0x12, 0x12, 0x05, 0x07, 
	0x08, 0x08, 0x0d, 0x47, 0x32, 0x32, 0x48, 0x49, 
	0x17, 0x17, 0x17, 0x0f, 0x25, 0x25, 0x18, 0x28, 
	0x25, 0x25, 0x25, 0x25, 0x26, 0x26, 0x26, 0x27, 
	0x24, 0x11, 0x11, 0x29, 0x4a, 0x4a, 0x40, 0x40, 
	0x08, 0x08, 0x08, 0x4b, 0x48, 0x32, 0x32, 0x48, 
	0x17, 0x17, 0x17, 0x17, 0x25, 0x21, 0x21, 0x21, 
	0x27, 0x24, 0x25, 0x24, 0x26, 0x26, 0x27, 0x27, 
	0x24, 0x11, 0x34, 0x34, 0x4c, 0x40, 0x40, 0x40, 
	0x0d, 0x08, 0x08, 0x08, 0x32, 0x48, 0x48, 0x32, 
	0x09, 0x0f, 0x17, 0x17, 0x28, 0x28, 0x21, 0x18, 
	0x25, 0x25, 0x25, 0x25, 0x26, 0x27, 0x27, 0x27, 
	0x34, 0x34, 0x34, 0x34, 0x0d, 0x40, 0x40, 0x0d, 
	0x0d, 0x0d, 0x0d, 0x08, 0x3f, 0x32, 0x48, 0x48, 
	0x3e, 0x09, 0x09, 0x3e, 0x18, 0x28, 0x25, 0x28, 
	0x27, 0x25, 0x24, 0x4d, 0x27, 0x0c, 0x0c, 0x0c, 
	0x34, 0x11, 0x34, 0x29, 0x0d, 0x0d, 0x0d, 0x0d, 
	0x42, 0x42, 0x4e, 0x4e, 0x05, 0x05, 0x3b, 0x4f, 
	0x50, 0x50, 0x50, 0x4c, 0x34, 0x34, 0x34, 0x34, 
	0x34, 0x34, 0x34, 0x34, 0x3c, 0x34, 0x38, 0x38, 
	0x51, 0x34, 0x3c, 0x36, 0x04, 0x04, 0x04, 0x35, 
	0x42, 0x42, 0x02, 0x42, 0x3d, 0x3d, 0x05, 0x3d, 
	0x4c, 0x4c, 0x50, 0x50, 0x33, 0x33, 0x33, 0x33, 
	0x34, 0x52, 0x52, 0x52, 0x38, 0x38, 0x38, 0x34, 
	0x3c, 0x36, 0x36, 0x36, 0x04, 0x35, 0x35, 0x09, 
	0x02, 0x02, 0x02, 0x02, 0x3d, 0x3d, 0x3d, 0x05, 
	0x06, 0x3c, 0x4c, 0x4c, 0x53, 0x53, 0x53, 0x33, 
	0x54, 0x52, 0x54, 0x52, 0x38, 0x34, 0x3c, 0x05, 
	0x36, 0x36, 0x36, 0x3c, 0x35, 0x35, 0x09, 0x09, 
	0x0c, 0x0c, 0x0c, 0x02, 0x3b, 0x3d, 0x3d, 0x3d, 
	0x06, 0x06, 0x06, 0x06, 0x3c, 0x3c, 0x34, 0x3c, 
	0x34, 0x34, 0x3c, 0x3c, 0x05, 0x05, 0x05, 0x05, 
	0x36, 0x36, 0x36, 0x3c, 0x09, 0x09, 0x0c, 0x0c, 
	
};

Gfx bob_dl_yane_y_s_pal_rgba16_aligner[] = {gsSPEndDisplayList()};
u8 bob_dl_yane_y_s_pal_rgba16[] = {
	0x9b, 0x01, 0x8a, 0x81, 0x72, 0x03, 0x59, 0xc3, 
	0x51, 0x83, 0x41, 0x43, 0x39, 0x43, 0x29, 0x03, 
	0x39, 0x03, 0x72, 0x43, 0x7a, 0x41, 0x92, 0xc1, 
	0x82, 0x83, 0x49, 0x83, 0xa3, 0x03, 0xab, 0x43, 
	0xbb, 0x83, 0x9b, 0x03, 0x6a, 0x03, 0x61, 0xc1, 
	0x8a, 0x83, 0x28, 0xc3, 0x72, 0x01, 0xc3, 0xc3, 
	0xbb, 0x81, 0xb3, 0x43, 0x20, 0xc3, 0x61, 0xc3, 
	0x82, 0x81, 0x9a, 0xc1, 0xb3, 0x41, 0xc3, 0x83, 
	0x7a, 0x43, 0xcc, 0x03, 0xb3, 0x83, 0xbb, 0xc1, 
	0xbb, 0xc3, 0xc4, 0x03, 0xcc, 0x01, 0xb3, 0x81, 
	0xc3, 0xc1, 0x52, 0x03, 0x62, 0x43, 0x6a, 0x41, 
	0x93, 0x03, 0xab, 0x81, 0x7a, 0x83, 0x41, 0xc1, 
	0x9b, 0x41, 0x82, 0xc1, 0x6a, 0x83, 0x83, 0x03, 
	0x72, 0x83, 0x62, 0x03, 0x49, 0x43, 0x7b, 0x03, 
	0x8b, 0x43, 0x82, 0xc3, 0xa3, 0x43, 0x6a, 0x43, 
	0x5a, 0x03, 0x51, 0xc3, 0x8a, 0xc3, 0x49, 0xc3, 
	0x31, 0x03, 0x9a, 0xc3, 0x59, 0xc1, 0xcb, 0xc3, 
	0x92, 0xc3, 0x6a, 0x01, 0xa3, 0x01, 0x62, 0x41, 
	0x93, 0x01, 0xb3, 0xc1, 0x5a, 0x43, 0x52, 0x01, 
	0x72, 0xc3, 0xab, 0x41, 0x49, 0x41, 0x7a, 0xc3, 
	0x93, 0x83, 0x83, 0x43, 0x83, 0x01, 0x9b, 0x83, 
	0x9b, 0x81, 
};

Gfx bob_dl_Pic__42__but_grayish_i8_aligner[] = {gsSPEndDisplayList()};
u8 bob_dl_Pic__42__but_grayish_i8[] = {
	0x5c, 0x68, 0x64, 0x4a, 0x3c, 0x33, 0x2b, 0x30, 
	0x31, 0x34, 0x30, 0x2d, 0x34, 0x31, 0x36, 0x36, 
	0x40, 0x48, 0x42, 0x3b, 0x40, 0x40, 0x42, 0x49, 
	0x40, 0x46, 0x35, 0x37, 0x34, 0x38, 0x44, 0x3c, 
	0x3d, 0x47, 0x41, 0x3c, 0x41, 0x36, 0x3c, 0x40, 
	0x48, 0x3e, 0x43, 0x3b, 0x44, 0x40, 0x38, 0x35, 
	0x43, 0x3a, 0x33, 0x31, 0x32, 0x31, 0x2c, 0x31, 
	0x30, 0x2a, 0x30, 0x34, 0x56, 0x78, 0x51, 0x57, 
	0x56, 0x67, 0x5d, 0x6a, 0x29, 0x2f, 0x38, 0x44, 
	0x28, 0x3c, 0x47, 0x3c, 0x44, 0x45, 0x43, 0x4a, 
	0x56, 0x52, 0x6a, 0x70, 0x3e, 0x4c, 0x66, 0x60, 
	0x4f, 0x58, 0x60, 0x54, 0x68, 0x4e, 0x6d, 0x4b, 
	0x4b, 0x76, 0x58, 0x5c, 0x54, 0x53, 0x5f, 0x5f, 
	0x5c, 0x59, 0x51, 0x43, 0x5d, 0x61, 0x55, 0x4f, 
	0x48, 0x59, 0x4c, 0x3f, 0x47, 0x4f, 0x3a, 0x33, 
	0x38, 0x30, 0x32, 0x36, 0x56, 0x60, 0x58, 0x58, 
	0x4b, 0x6e, 0x5b, 0x67, 0x34, 0x29, 0x36, 0x33, 
	0x45, 0x45, 0x44, 0x4c, 0x4d, 0x50, 0x4f, 0x48, 
	0x3a, 0x65, 0x66, 0x63, 0x60, 0x5a, 0x51, 0x61, 
	0x5d, 0x62, 0x64, 0x67, 0x59, 0x6a, 0x62, 0x64, 
	0x5e, 0x53, 0x6a, 0x52, 0x57, 0x6d, 0x5b, 0x4d, 
	0x5d, 0x5a, 0x5d, 0x65, 0x60, 0x5f, 0x58, 0x4e, 
	0x50, 0x48, 0x4f, 0x48, 0x4a, 0x4b, 0x40, 0x32, 
	0x36, 0x2d, 0x33, 0x2c, 0x4f, 0x67, 0x64, 0x4a, 
	0x51, 0x55, 0x70, 0x5a, 0x38, 0x38, 0x38, 0x2f, 
	0x49, 0x48, 0x3c, 0x52, 0x46, 0x4d, 0x70, 0x69, 
	0x68, 0x54, 0x69, 0x57, 0x61, 0x65, 0x5e, 0x5b, 
	0x64, 0x6e, 0x4f, 0x61, 0x72, 0x60, 0x6c, 0x75, 
	0x5e, 0x6a, 0x68, 0x5d, 0x5a, 0x55, 0x66, 0x5b, 
	0x67, 0x70, 0x68, 0x5d, 0x67, 0x6b, 0x5f, 0x57, 
	0x5d, 0x49, 0x46, 0x4a, 0x4c, 0x4d, 0x46, 0x4d, 
	0x44, 0x41, 0x3a, 0x31, 0x47, 0x73, 0x62, 0x30, 
	0x58, 0x80, 0x57, 0x5c, 0x40, 0x3f, 0x3e, 0x34, 
	0x46, 0x49, 0x4b, 0x66, 0x53, 0x63, 0x5d, 0x52, 
	0x62, 0x5f, 0x5b, 0x65, 0x63, 0x86, 0x4f, 0x55, 
	0x84, 0x54, 0x61, 0x65, 0x6e, 0x78, 0x72, 0x72, 
	0x83, 0x6f, 0x7b, 0x78, 0x7a, 0x64, 0x76, 0x6d, 
	0x68, 0x6a, 0x67, 0x7c, 0x67, 0x61, 0x5a, 0x5f, 
	0x65, 0x60, 0x6e, 0x45, 0x4f, 0x4e, 0x4e, 0x4a, 
	0x4f, 0x40, 0x3c, 0x29, 0x69, 0x78, 0x88, 0x3e, 
	0x60, 0x67, 0x86, 0x51, 0x25, 0x3e, 0x45, 0x53, 
	0x48, 0x4b, 0x79, 0x70, 0x6b, 0x76, 0x64, 0x4f, 
	0x69, 0x6b, 0x65, 0x53, 0x6d, 0x69, 0x7f, 0x7f, 
	0x79, 0x7c, 0x88, 0x67, 0x7e, 0x7f, 0x6f, 0x6c, 
	0x68, 0x75, 0x7d, 0x87, 0x6a, 0x71, 0x84, 0x77, 
	0x70, 0x7c, 0x6e, 0x86, 0x6c, 0x65, 0x61, 0x75, 
	0x6b, 0x86, 0x6a, 0x70, 0x7e, 0x6a, 0x60, 0x4f, 
	0x58, 0x38, 0x36, 0x35, 0x4e, 0x73, 0x4f, 0x4c, 
	0x4e, 0x63, 0x60, 0x63, 0x34, 0x38, 0x42, 0x5a, 
	0x62, 0x62, 0x67, 0x5a, 0x77, 0x72, 0x7c, 0x79, 
	0x77, 0x64, 0x84, 0x7f, 0x95, 0x71, 0x7a, 0x99, 
	0x7c, 0x7d, 0x6f, 0x80, 0x91, 0x80, 0x70, 0x7e, 
	0x7d, 0x68, 0x88, 0x75, 0x83, 0x77, 0x70, 0x7a, 
	0x7a, 0x76, 0x90, 0x71, 0x73, 0x84, 0x6e, 0x88, 
	0x6a, 0x75, 0x7e, 0x7f, 0x80, 0x78, 0x57, 0x54, 
	0x47, 0x4f, 0x3e, 0x3a, 0x3f, 0x65, 0x5c, 0x44, 
	0x65, 0x71, 0x5d, 0x4f, 0x33, 0x57, 0x53, 0x4a, 
	0x4d, 0x5d, 0x70, 0x87, 0x79, 0x84, 0x7c, 0x9c, 
	0x8a, 0x93, 0x82, 0x70, 0x60, 0x93, 0x5d, 0x92, 
	0x84, 0x8a, 0x90, 0x82, 0x88, 0xa0, 0x83, 0x8e, 
	0x90, 0x6d, 0x9d, 0x8b, 0x86, 0x9c, 0x90, 0x94, 
	0x94, 0x71, 0x88, 0x81, 0x8f, 0x7f, 0x9a, 0x93, 
	0x91, 0x85, 0x7b, 0x7c, 0x85, 0x81, 0x73, 0x5c, 
	0x44, 0x56, 0x4f, 0x36, 0x3f, 0x6e, 0x64, 0x64, 
	0x56, 0x63, 0x6e, 0x57, 0x33, 0x4a, 0x42, 0x5c, 
	0x6d, 0x65, 0x87, 0x8c, 0x74, 0x7c, 0x8d, 0x96, 
	0x7f, 0x7b, 0x8f, 0x92, 0x78, 0x96, 0x7a, 0x87, 
	0x8f, 0x90, 0x89, 0x89, 0x9e, 0x85, 0x8b, 0x7f, 
	0x92, 0x81, 0x75, 0x90, 0x89, 0x88, 0xa0, 0x8e, 
	0x94, 0x91, 0x83, 0x8e, 0x7c, 0x8b, 0x88, 0x70, 
	0x89, 0x7f, 0x82, 0x8d, 0x84, 0x81, 0x78, 0x6e, 
	0x5c, 0x54, 0x40, 0x38, 0x42, 0x60, 0x62, 0x31, 
	0x6a, 0x5c, 0x59, 0x4d, 0x3b, 0x47, 0x5a, 0x56, 
	0x69, 0x80, 0x86, 0x86, 0x75, 0x8a, 0x8e, 0x8d, 
	0x91, 0x99, 0x89, 0x87, 0x9a, 0x86, 0x7e, 0x73, 
	0x8a, 0x8e, 0x90, 0x92, 0x8a, 0x97, 0x9f, 0x88, 
	0x85, 0x8d, 0x9e, 0x86, 0x97, 0x95, 0x85, 0x80, 
	0x7d, 0x79, 0x80, 0x84, 0x88, 0x97, 0x87, 0x7a, 
	0x98, 0x92, 0x97, 0x8d, 0x87, 0x90, 0x70, 0x70, 
	0x65, 0x4b, 0x4c, 0x3a, 0x56, 0x63, 0x65, 0x67, 
	0x4a, 0x56, 0x62, 0x54, 0x43, 0x66, 0x5d, 0x5b, 
	0x6e, 0x7c, 0x7c, 0x96, 0x98, 0x86, 0x80, 0x7e, 
	0x9b, 0x87, 0x8e, 0x9e, 0x83, 0x99, 0x94, 0x79, 
	0x87, 0x86, 0x94, 0x7f, 0x92, 0x9d, 0x8e, 0x92, 
	0x8b, 0x92, 0x98, 0x9b, 0x8d, 0x99, 0x85, 0x80, 
	0x69, 0x83, 0xa0, 0x74, 0x8d, 0xa0, 0x82, 0x88, 
	0xa0, 0x82, 0x82, 0x92, 0xa0, 0x8e, 0x8a, 0x73, 
	0x70, 0x50, 0x5e, 0x35, 0x4e, 0x79, 0x49, 0x2f, 
	0x5c, 0x3e, 0x37, 0x52, 0x4c, 0x63, 0x61, 0x9f, 
	0x77, 0x95, 0x92, 0x8e, 0x8a, 0x97, 0x99, 0x84, 
	0x91, 0x8f, 0x8e, 0x93, 0x89, 0x77, 0x8f, 0x83, 
	0x8f, 0x90, 0x97, 0x8d, 0x9e, 0xa0, 0x8c, 0x72, 
	0x75, 0x93, 0xa0, 0xa1, 0x7e, 0x98, 0x9e, 0x8e, 
	0x8c, 0x7e, 0x83, 0x96, 0x85, 0xa0, 0xa0, 0x8f, 
	0x9c, 0x9b, 0x90, 0x75, 0x9d, 0x90, 0x92, 0x71, 
	0x91, 0x54, 0x61, 0x57, 0x51, 0x33, 0x34, 0x41, 
	0x50, 0x3f, 0x3c, 0x4c, 0x47, 0x82, 0x81, 0x84, 
	0x9f, 0x8c, 0x7f, 0x97, 0x86, 0x8c, 0x91, 0x85, 
	0x90, 0x97, 0x9b, 0xa0, 0x97, 0x8c, 0x90, 0x88, 
	0x91, 0x96, 0x91, 0x8f, 0x7f, 0x9c, 0x9c, 0x95, 
	0x9e, 0x8e, 0x95, 0x85, 0x90, 0x95, 0x96, 0x88, 
	0x83, 0x92, 0xa0, 0x9d, 0x8f, 0x8f, 0x98, 0x95, 
	0x99, 0x7c, 0x80, 0x99, 0x9e, 0x93, 0x89, 0x97, 
	0x9c, 0x93, 0x6b, 0x5a, 0x41, 0x37, 0x30, 0x62, 
	0x50, 0x67, 0x39, 0x4e, 0x5e, 0x57, 0x7b, 0x9b, 
	0x9a, 0x89, 0x93, 0x93, 0x97, 0x86, 0x99, 0x78, 
	0x9c, 0x8d, 0x95, 0x84, 0x9f, 0x8e, 0x99, 0x75, 
	0x90, 0x89, 0x9c, 0x82, 0x94, 0x9c, 0x8e, 0x98, 
	0x9e, 0xa0, 0x8f, 0x9b, 0x8c, 0xa0, 0x93, 0x7a, 
	0x78, 0x8b, 0x97, 0x9d, 0x96, 0x93, 0x8c, 0x84, 
	0x84, 0x99, 0x8d, 0x92, 0x96, 0x8c, 0x91, 0x8d, 
	0x80, 0x8a, 0x76, 0x52, 0x4d, 0x2e, 0x62, 0x59, 
	0x57, 0x48, 0x3b, 0x51, 0x6f, 0x84, 0x89, 0x96, 
	0x9b, 0x97, 0x8e, 0x9c, 0x98, 0x9a, 0x8d, 0x95, 
	0x91, 0x78, 0xa0, 0x87, 0x86, 0xa1, 0x9d, 0x98, 
	0xa0, 0x88, 0x91, 0x7f, 0x99, 0x99, 0x9c, 0x97, 
	0xa0, 0x96, 0x93, 0xa0, 0x9e, 0x9d, 0x95, 0x97, 
	0xa0, 0x9f, 0xa1, 0x9a, 0x92, 0xa0, 0x7b, 0x95, 
	0x9d, 0x8d, 0x91, 0xa0, 0x9f, 0x97, 0x9b, 0x8a, 
	0x95, 0x8e, 0x84, 0x6b, 0x46, 0x42, 0x4f, 0x52, 
	0x7a, 0x59, 0x33, 0x5a, 0x64, 0x86, 0x89, 0x97, 
	0x91, 0x9f, 0x91, 0xa0, 0x90, 0x9b, 0x9e, 0x97, 
	0x9f, 0x86, 0x9b, 0x9b, 0x80, 0x8a, 0x88, 0x84, 
	0x97, 0xa0, 0x86, 0x87, 0x97, 0x95, 0x9d, 0x97, 
	0xa0, 0x9d, 0x9f, 0x93, 0x83, 0x96, 0x9f, 0x99, 
	0x9a, 0x92, 0x9e, 0x93, 0x8e, 0x9a, 0x8a, 0x9d, 
	0x96, 0x99, 0x93, 0x9c, 0x9c, 0x9d, 0x98, 0x8c, 
	0x8e, 0x8e, 0xa0, 0x70, 0x28, 0x33, 0x6d, 0x6e, 
	0x60, 0x45, 0x49, 0x4c, 0x88, 0x6f, 0x53, 0x94, 
	0x7a, 0x8b, 0x83, 0x93, 0x89, 0x96, 0x85, 0x80, 
	0x87, 0x8e, 0x70, 0x7a, 0x87, 0x86, 0x89, 0x8d, 
	0x90, 0x92, 0x84, 0x88, 0x86, 0x92, 0x91, 0x97, 
	0x97, 0x9c, 0x78, 0x95, 0x80, 0x81, 0x8d, 0x7f, 
	0x86, 0x85, 0x8b, 0x9c, 0x9a, 0x81, 0x8b, 0x8a, 
	0x85, 0x82, 0x9e, 0x9c, 0x9e, 0x89, 0x78, 0x7a, 
	0x82, 0x67, 0x6e, 0x75, 0x42, 0x37, 0x39, 0x59, 
	0x54, 0x2a, 0x4a, 0x42, 0x49, 0x8b, 0x5f, 0x81, 
	0x90, 0x96, 0x4c, 0x8f, 0x98, 0x86, 0x75, 0x74, 
	0xa0, 0x83, 0x78, 0x77, 0x77, 0xa0, 0xa0, 0x75, 
	0xa0, 0x84, 0x96, 0xa0, 0x7a, 0xa0, 0x97, 0x47, 
	0x51, 0x81, 0xa0, 0x7a, 0xa1, 0x7b, 0x98, 0xa0, 
	0x6f, 0xa0, 0x9f, 0x94, 0x78, 0x4f, 0x97, 0xa1, 
	0x80, 0x74, 0x9a, 0xa1, 0xa1, 0x4b, 0x81, 0x8e, 
	0x68, 0x6c, 0x85, 0x5f, 0x4c, 0x48, 0x37, 0x5b, 
	0x40, 0x3e, 0x5a, 0x39, 0x48, 0x4d, 0x3a, 0x5a, 
	0x5a, 0x65, 0x65, 0x41, 0x6c, 0x3f, 0x46, 0x53, 
	0x44, 0x4d, 0x43, 0x48, 0x4c, 0x4f, 0x51, 0x47, 
	0x5e, 0x50, 0x47, 0x41, 0x60, 0x50, 0x57, 0x5f, 
	0x56, 0x41, 0x4e, 0x4e, 0x56, 0x65, 0x64, 0x49, 
	0x4d, 0x53, 0x6b, 0x47, 0x4f, 0x3e, 0x5f, 0x3d, 
	0x51, 0x4a, 0x46, 0x3d, 0x5c, 0x5f, 0x58, 0x57, 
	0x66, 0x47, 0x44, 0x3d, 0x36, 0x70, 0x2e, 0x5a, 
	0x5a, 0x3b, 0x59, 0x4f, 0x43, 0x50, 0x5b, 0x49, 
	0x5b, 0x69, 0x72, 0x68, 0x44, 0x46, 0x53, 0x52, 
	0x48, 0x4d, 0x58, 0x4f, 0x5d, 0x42, 0x4c, 0x54, 
	0x5c, 0x65, 0x51, 0x50, 0x58, 0x50, 0x51, 0x5a, 
	0x4f, 0x53, 0x4a, 0x43, 0x40, 0x5a, 0x5d, 0x52, 
	0x5b, 0x5f, 0x4c, 0x42, 0x47, 0x55, 0x56, 0x53, 
	0x4d, 0x55, 0x48, 0x58, 0x6e, 0x92, 0x5d, 0x53, 
	0x5c, 0x57, 0x65, 0x3a, 0x2b, 0x5b, 0x44, 0x47, 
	0x50, 0x30, 0x62, 0x4d, 0x3a, 0x3d, 0x47, 0x51, 
	0x54, 0x5b, 0x4e, 0x5c, 0x3d, 0x58, 0x47, 0x42, 
	0x4c, 0x37, 0x44, 0x42, 0x54, 0x40, 0x50, 0x49, 
	0x3e, 0x5a, 0x3b, 0x42, 0x50, 0x4e, 0x4c, 0x46, 
	0x4d, 0x50, 0x54, 0x56, 0x3c, 0x48, 0x58, 0x51, 
	0x5f, 0x44, 0x4f, 0x47, 0x47, 0x54, 0x53, 0x5b, 
	0x48, 0x58, 0x7a, 0x5e, 0x66, 0x58, 0x52, 0x5d, 
	0x56, 0x58, 0x43, 0x32, 0x4e, 0x52, 0x3f, 0x4a, 
	0x2d, 0x49, 0x59, 0x4e, 0x30, 0x3f, 0x32, 0x35, 
	0x55, 0x56, 0x57, 0x4b, 0x5c, 0x58, 0x52, 0x3f, 
	0x48, 0x4e, 0x4e, 0x4d, 0x49, 0x53, 0x4f, 0x4a, 
	0x54, 0x39, 0x44, 0x55, 0x41, 0x51, 0x49, 0x3f, 
	0x46, 0x5d, 0x54, 0x35, 0x50, 0x3e, 0x54, 0x46, 
	0x3f, 0x55, 0x3e, 0x40, 0x39, 0x4e, 0x50, 0x44, 
	0x3d, 0x4d, 0x3c, 0x4a, 0x5a, 0x48, 0x59, 0x3b, 
	0x39, 0x50, 0x2c, 0x35, 0x3d, 0x6d, 0x35, 0x3f, 
	0x4b, 0x46, 0x3a, 0x4c, 0x3a, 0x4f, 0x3f, 0x3c, 
	0x47, 0x64, 0x4b, 0x37, 0x4c, 0x5a, 0x42, 0x4a, 
	0x47, 0x4a, 0x49, 0x38, 0x3e, 0x47, 0x53, 0x4f, 
	0x47, 0x5a, 0x53, 0x43, 0x43, 0x52, 0x58, 0x45, 
	0x52, 0x4f, 0x43, 0x45, 0x3f, 0x5d, 0x4b, 0x59, 
	0x4b, 0x5a, 0x48, 0x57, 0x38, 0x4f, 0x46, 0x4e, 
	0x5a, 0x53, 0x51, 0x50, 0x53, 0x50, 0x55, 0x4f, 
	0x33, 0x40, 0x55, 0x3f, 0x49, 0x55, 0x45, 0x3b, 
	0x3d, 0x41, 0x4d, 0x56, 0x2f, 0x5d, 0x2e, 0x42, 
	0x47, 0x58, 0x55, 0x3c, 0x3f, 0x38, 0x5a, 0x37, 
	0x53, 0x3f, 0x4f, 0x4a, 0x3c, 0x4b, 0x40, 0x46, 
	0x47, 0x45, 0x49, 0x48, 0x4a, 0x40, 0x4d, 0x39, 
	0x40, 0x3d, 0x46, 0x50, 0x4c, 0x38, 0x3a, 0x47, 
	0x4c, 0x3a, 0x3c, 0x45, 0x54, 0x4f, 0x4a, 0x40, 
	0x42, 0x3b, 0x48, 0x4e, 0x4d, 0x36, 0x51, 0x46, 
	0x37, 0x3c, 0x41, 0x31, 0x53, 0x41, 0x56, 0x28, 
	0x42, 0x50, 0x45, 0x4c, 0x28, 0x34, 0x3c, 0x32, 
	0x46, 0x45, 0x49, 0x42, 0x51, 0x4c, 0x58, 0x3c, 
	0x48, 0x39, 0x44, 0x38, 0x42, 0x3e, 0x4b, 0x46, 
	0x44, 0x44, 0x4b, 0x47, 0x48, 0x4c, 0x4f, 0x47, 
	0x47, 0x42, 0x47, 0x59, 0x55, 0x3d, 0x50, 0x4b, 
	0x44, 0x56, 0x4a, 0x48, 0x48, 0x47, 0x4d, 0x54, 
	0x4c, 0x3c, 0x34, 0x5a, 0x53, 0x38, 0x59, 0x47, 
	0x3f, 0x40, 0x40, 0x2e, 0x59, 0x39, 0x6b, 0x5d, 
	0x56, 0x4d, 0x55, 0x3c, 0x34, 0x40, 0x41, 0x58, 
	0x4e, 0x4d, 0x42, 0x40, 0x44, 0x48, 0x3a, 0x59, 
	0x49, 0x4f, 0x3a, 0x47, 0x46, 0x40, 0x50, 0x3c, 
	0x44, 0x33, 0x45, 0x44, 0x3a, 0x3d, 0x46, 0x3d, 
	0x42, 0x29, 0x38, 0x49, 0x3b, 0x4d, 0x33, 0x4e, 
	0x41, 0x4a, 0x49, 0x2d, 0x38, 0x39, 0x38, 0x53, 
	0x43, 0x52, 0x4a, 0x3f, 0x45, 0x50, 0x43, 0x43, 
	0x4d, 0x4d, 0x30, 0x2a, 0x5b, 0x4f, 0x57, 0x4c, 
	0x47, 0x43, 0x5d, 0x58, 0x2d, 0x31, 0x3d, 0x2f, 
	0x4f, 0x44, 0x35, 0x48, 0x39, 0x46, 0x4d, 0x52, 
	0x3f, 0x35, 0x43, 0x45, 0x46, 0x35, 0x3e, 0x41, 
	0x52, 0x3f, 0x40, 0x53, 0x45, 0x3c, 0x4f, 0x4f, 
	0x41, 0x43, 0x41, 0x4b, 0x4e, 0x46, 0x42, 0x4b, 
	0x49, 0x41, 0x53, 0x44, 0x47, 0x38, 0x45, 0x40, 
	0x4b, 0x38, 0x4d, 0x3e, 0x4a, 0x3b, 0x2c, 0x36, 
	0x47, 0x3b, 0x40, 0x2b, 0x51, 0x50, 0x53, 0x54, 
	0x57, 0x60, 0x78, 0x5d, 0x26, 0x32, 0x3a, 0x3c, 
	0x34, 0x41, 0x42, 0x3c, 0x59, 0x51, 0x4f, 0x53, 
	0x51, 0x33, 0x3b, 0x38, 0x4a, 0x3c, 0x41, 0x40, 
	0x4e, 0x32, 0x44, 0x3b, 0x40, 0x37, 0x49, 0x55, 
	0x3f, 0x36, 0x56, 0x37, 0x45, 0x50, 0x3d, 0x46, 
	0x4a, 0x47, 0x33, 0x36, 0x47, 0x4a, 0x3b, 0x3c, 
	0x56, 0x44, 0x59, 0x38, 0x44, 0x4f, 0x42, 0x41, 
	0x43, 0x3b, 0x2c, 0x26, 0x44, 0x89, 0x6a, 0x53, 
	0x60, 0x51, 0x7a, 0x7a, 0x2a, 0x2e, 0x38, 0x36, 
	0x38, 0x3a, 0x46, 0x3c, 0x43, 0x5b, 0x57, 0x46, 
	0x55, 0x4f, 0x39, 0x40, 0x4b, 0x42, 0x4c, 0x3b, 
	0x49, 0x47, 0x43, 0x40, 0x48, 0x40, 0x4b, 0x37, 
	0x3f, 0x46, 0x4d, 0x32, 0x3c, 0x38, 0x48, 0x47, 
	0x39, 0x50, 0x4e, 0x35, 0x37, 0x3e, 0x48, 0x39, 
	0x52, 0x48, 0x5b, 0x33, 0x40, 0x50, 0x2d, 0x41, 
	0x39, 0x33, 0x33, 0x25, 0x41, 0x68, 0x42, 0x57, 
	0x61, 0x48, 0x77, 0x61, 0x2c, 0x2c, 0x29, 0x32, 
	0x39, 0x33, 0x43, 0x3b, 0x46, 0x31, 0x3e, 0x39, 
	0x4b, 0x47, 0x43, 0x47, 0x35, 0x54, 0x43, 0x43, 
	0x40, 0x4a, 0x47, 0x3a, 0x42, 0x38, 0x4a, 0x44, 
	0x38, 0x49, 0x43, 0x45, 0x43, 0x44, 0x3f, 0x3b, 
	0x47, 0x42, 0x3d, 0x39, 0x39, 0x3d, 0x50, 0x46, 
	0x37, 0x44, 0x41, 0x3a, 0x36, 0x3d, 0x3e, 0x30, 
	0x36, 0x2d, 0x31, 0x2b, 0x55, 0x75, 0x60, 0x50, 
	0x5e, 0x5d, 0x72, 0x5e, 0x32, 0x31, 0x30, 0x29, 
	0x31, 0x3e, 0x28, 0x4c, 0x43, 0x42, 0x41, 0x4e, 
	0x47, 0x41, 0x45, 0x3b, 0x2f, 0x2f, 0x3a, 0x45, 
	0x3c, 0x38, 0x3c, 0x4f, 0x51, 0x48, 0x52, 0x43, 
	0x40, 0x3c, 0x48, 0x44, 0x3f, 0x33, 0x44, 0x36, 
	0x34, 0x3d, 0x34, 0x54, 0x45, 0x4b, 0x3d, 0x47, 
	0x46, 0x40, 0x40, 0x34, 0x41, 0x40, 0x3d, 0x2c, 
	0x27, 0x2a, 0x28, 0x3c, 0x60, 0x75, 0x61, 0x5f, 
	0x33, 0x5f, 0x50, 0x64, 0x2c, 0x2b, 0x2b, 0x2f, 
	0x2e, 0x2a, 0x3f, 0x30, 0x30, 0x33, 0x3f, 0x34, 
	0x40, 0x40, 0x43, 0x33, 0x3e, 0x49, 0x3f, 0x43, 
	0x41, 0x3b, 0x40, 0x3d, 0x33, 0x35, 0x44, 0x40, 
	0x42, 0x44, 0x48, 0x4b, 0x4b, 0x42, 0x3f, 0x3b, 
	0x3e, 0x47, 0x40, 0x36, 0x35, 0x45, 0x38, 0x44, 
	0x37, 0x43, 0x38, 0x35, 0x31, 0x38, 0x38, 0x2a, 
	0x2e, 0x31, 0x28, 0x37, 0x57, 0x6d, 0x61, 0x3f, 
	
};

Gfx bob_dl_RMGP01_f5e3999d_14_64x64__BRODUTE__i4_aligner[] = {gsSPEndDisplayList()};
u8 bob_dl_RMGP01_f5e3999d_14_64x64__BRODUTE__i4[] = {
	0x56, 0x66, 0x76, 0x76, 0x66, 0x66, 0x75, 0x53, 
	0x35, 0x66, 0x66, 0x76, 0x56, 0x77, 0x77, 0x77, 
	0x67, 0x67, 0x77, 0x76, 0x66, 0x66, 0x77, 0x63, 
	0x34, 0x56, 0x66, 0x76, 0x66, 0x65, 0x66, 0x56, 
	0x89, 0x88, 0x89, 0x88, 0x99, 0x99, 0x99, 0x83, 
	0x37, 0x88, 0x88, 0x88, 0x88, 0x99, 0x99, 0x99, 
	0x98, 0x88, 0x88, 0x87, 0x88, 0x99, 0x99, 0x84, 
	0x48, 0x88, 0x88, 0x88, 0x78, 0x87, 0x88, 0x88, 
	0x78, 0x77, 0x78, 0x88, 0x88, 0x89, 0x98, 0x74, 
	0x36, 0x78, 0x87, 0x77, 0x77, 0x77, 0x88, 0x88, 
	0x88, 0x78, 0x77, 0x77, 0x77, 0x77, 0x88, 0x84, 
	0x46, 0x77, 0x77, 0x88, 0x77, 0x87, 0x88, 0x87, 
	0x77, 0x77, 0x77, 0x88, 0x78, 0x88, 0x88, 0x73, 
	0x36, 0x78, 0x77, 0x77, 0x88, 0x87, 0x77, 0x87, 
	0x88, 0x78, 0x88, 0x98, 0x77, 0x88, 0x88, 0x74, 
	0x37, 0x66, 0x77, 0x88, 0x77, 0x87, 0x88, 0x87, 
	0x77, 0x78, 0x87, 0x78, 0x78, 0x88, 0x88, 0x84, 
	0x47, 0x88, 0x87, 0x77, 0x77, 0x88, 0x77, 0x77, 
	0x88, 0x77, 0x77, 0x88, 0x89, 0x88, 0x88, 0x74, 
	0x36, 0x77, 0x77, 0x89, 0x98, 0x87, 0x87, 0x87, 
	0x78, 0x88, 0x88, 0x78, 0x88, 0x88, 0x87, 0x85, 
	0x48, 0x88, 0x88, 0x87, 0x77, 0x77, 0x77, 0x76, 
	0x78, 0x88, 0x77, 0x77, 0x78, 0x88, 0x88, 0x74, 
	0x46, 0x77, 0x77, 0x78, 0x88, 0x88, 0x88, 0x78, 
	0x88, 0x77, 0x77, 0x77, 0x89, 0x88, 0x87, 0x74, 
	0x47, 0x78, 0x88, 0x88, 0x77, 0x77, 0x77, 0x76, 
	0x78, 0x98, 0x87, 0x87, 0x78, 0x87, 0x77, 0x74, 
	0x47, 0x77, 0x88, 0x88, 0x88, 0x88, 0x88, 0x87, 
	0x77, 0x78, 0x88, 0x77, 0x78, 0x88, 0x77, 0x64, 
	0x47, 0x77, 0x88, 0x88, 0x77, 0x77, 0x78, 0x86, 
	0x77, 0x88, 0x87, 0x77, 0x78, 0x88, 0x77, 0x64, 
	0x47, 0x77, 0x77, 0x88, 0x88, 0x88, 0x88, 0x88, 
	0x77, 0x88, 0x88, 0x87, 0x77, 0x88, 0x87, 0x64, 
	0x47, 0x77, 0x88, 0x88, 0x77, 0x87, 0x78, 0x87, 
	0x77, 0x67, 0x88, 0x77, 0x88, 0x88, 0x77, 0x63, 
	0x36, 0x66, 0x56, 0x78, 0x88, 0x88, 0x98, 0x88, 
	0x88, 0x87, 0x77, 0x78, 0x87, 0x68, 0x76, 0x73, 
	0x47, 0x78, 0x77, 0x88, 0x87, 0x87, 0x88, 0x87, 
	0x77, 0x77, 0x77, 0x76, 0x77, 0x76, 0x78, 0x73, 
	0x36, 0x76, 0x66, 0x67, 0x88, 0x89, 0x99, 0x98, 
	0x87, 0x77, 0x77, 0x78, 0x86, 0x67, 0x77, 0x83, 
	0x46, 0x77, 0x78, 0x87, 0x87, 0x87, 0x77, 0x77, 
	0x76, 0x67, 0x76, 0x67, 0x67, 0x77, 0x67, 0x73, 
	0x47, 0x77, 0x77, 0x77, 0x67, 0x88, 0x88, 0x98, 
	0x87, 0x78, 0x88, 0x76, 0x65, 0x66, 0x67, 0x84, 
	0x37, 0x67, 0x77, 0x78, 0x77, 0x78, 0x87, 0x77, 
	0x87, 0x67, 0x77, 0x67, 0x66, 0x67, 0x76, 0x63, 
	0x47, 0x76, 0x77, 0x67, 0x87, 0x88, 0x88, 0x78, 
	0x77, 0x78, 0x87, 0x75, 0x65, 0x66, 0x66, 0x74, 
	0x47, 0x77, 0x77, 0x77, 0x87, 0x78, 0x87, 0x77, 
	0x77, 0x78, 0x77, 0x77, 0x66, 0x67, 0x77, 0x64, 
	0x46, 0x66, 0x67, 0x78, 0x88, 0x88, 0x88, 0x88, 
	0x88, 0x78, 0x88, 0x76, 0x65, 0x65, 0x66, 0x74, 
	0x37, 0x77, 0x76, 0x77, 0x88, 0x77, 0x87, 0x77, 
	0x77, 0x87, 0x77, 0x66, 0x66, 0x66, 0x77, 0x73, 
	0x36, 0x56, 0x67, 0x67, 0x88, 0x77, 0x88, 0x88, 
	0x78, 0x78, 0x77, 0x76, 0x65, 0x55, 0x67, 0x64, 
	0x35, 0x66, 0x76, 0x68, 0x88, 0x77, 0x76, 0x77, 
	0x77, 0x77, 0x77, 0x76, 0x77, 0x66, 0x77, 0x63, 
	0x45, 0x56, 0x66, 0x66, 0x78, 0x88, 0x88, 0x87, 
	0x44, 0x44, 0x44, 0x44, 0x44, 0x44, 0x44, 0x43, 
	0x33, 0x43, 0x44, 0x44, 0x44, 0x44, 0x43, 0x34, 
	0x44, 0x44, 0x44, 0x44, 0x33, 0x33, 0x33, 0x33, 
	0x33, 0x33, 0x43, 0x43, 0x44, 0x44, 0x45, 0x44, 
	0x45, 0x66, 0x66, 0x67, 0x76, 0x67, 0x77, 0x66, 
	0x66, 0x66, 0x66, 0x66, 0x77, 0x77, 0x76, 0x53, 
	0x35, 0x66, 0x66, 0x66, 0x65, 0x66, 0x66, 0x55, 
	0x66, 0x54, 0x55, 0x65, 0x77, 0x66, 0x66, 0x53, 
	0x58, 0x88, 0x88, 0x98, 0x89, 0x99, 0x98, 0x88, 
	0x99, 0x88, 0x88, 0x99, 0x99, 0x99, 0x99, 0x84, 
	0x48, 0x88, 0x88, 0x88, 0x88, 0x89, 0x88, 0x87, 
	0x88, 0x66, 0x78, 0x77, 0x89, 0x99, 0x99, 0x94, 
	0x58, 0x76, 0x78, 0x88, 0x99, 0x98, 0x87, 0x77, 
	0x87, 0x67, 0x77, 0x78, 0x89, 0x88, 0x87, 0x63, 
	0x36, 0x67, 0x88, 0x88, 0x88, 0x77, 0x88, 0x88, 
	0x77, 0x66, 0x67, 0x76, 0x68, 0x87, 0x88, 0x84, 
	0x58, 0x77, 0x78, 0x99, 0x99, 0x88, 0x88, 0x77, 
	0x68, 0x66, 0x78, 0x88, 0x89, 0x98, 0x87, 0x74, 
	0x46, 0x77, 0x78, 0x89, 0x88, 0x88, 0x88, 0x88, 
	0x87, 0x77, 0x77, 0x76, 0x79, 0x87, 0x78, 0x74, 
	0x58, 0x77, 0x68, 0x88, 0x88, 0x88, 0x87, 0x77, 
	0x78, 0x77, 0x88, 0x99, 0x89, 0x98, 0x87, 0x74, 
	0x47, 0x77, 0x88, 0x89, 0x88, 0x87, 0x88, 0x88, 
	0x87, 0x78, 0x77, 0x88, 0x89, 0x98, 0x77, 0x74, 
	0x48, 0x87, 0x68, 0x89, 0x87, 0x88, 0x88, 0x78, 
	0x88, 0x78, 0x88, 0x88, 0x89, 0x98, 0x87, 0x74, 
	0x46, 0x77, 0x88, 0x88, 0x88, 0x87, 0x87, 0x77, 
	0x77, 0x78, 0x87, 0x77, 0x88, 0x88, 0x78, 0x74, 
	0x48, 0x87, 0x68, 0x99, 0x98, 0x87, 0x88, 0x77, 
	0x77, 0x78, 0x98, 0x78, 0x88, 0x98, 0x76, 0x63, 
	0x37, 0x67, 0x88, 0x88, 0x88, 0x88, 0x77, 0x77, 
	0x77, 0x78, 0x87, 0x88, 0x88, 0x88, 0x88, 0x74, 
	0x48, 0x87, 0x78, 0x99, 0x88, 0x87, 0x77, 0x87, 
	0x78, 0x89, 0x98, 0x88, 0x99, 0x98, 0x77, 0x63, 
	0x37, 0x77, 0x77, 0x78, 0x88, 0x88, 0x88, 0x87, 
	0x87, 0x78, 0x88, 0x87, 0x88, 0x88, 0x77, 0x74, 
	0x47, 0x77, 0x89, 0x88, 0x88, 0x78, 0x87, 0x87, 
	0x88, 0x88, 0x88, 0x88, 0x87, 0x78, 0x77, 0x74, 
	0x47, 0x77, 0x87, 0x88, 0x88, 0x88, 0x88, 0x87, 
	0x77, 0x78, 0x87, 0x87, 0x77, 0x88, 0x87, 0x84, 
	0x47, 0x77, 0x78, 0x87, 0x88, 0x78, 0x88, 0x87, 
	0x78, 0x88, 0x88, 0x78, 0x77, 0x76, 0x78, 0x83, 
	0x47, 0x77, 0x87, 0x77, 0x78, 0x88, 0x88, 0x87, 
	0x77, 0x88, 0x88, 0x77, 0x76, 0x77, 0x89, 0x83, 
	0x36, 0x68, 0x88, 0x88, 0x78, 0x77, 0x88, 0x88, 
	0x78, 0x88, 0x88, 0x78, 0x88, 0x87, 0x78, 0x83, 
	0x47, 0x77, 0x88, 0x78, 0x78, 0x88, 0x88, 0x87, 
	0x78, 0x78, 0x88, 0x87, 0x78, 0x78, 0x87, 0x73, 
	0x46, 0x78, 0x87, 0x78, 0x77, 0x78, 0x88, 0x88, 
	0x77, 0x88, 0x88, 0x77, 0x87, 0x88, 0x88, 0x84, 
	0x36, 0x77, 0x88, 0x88, 0x77, 0x88, 0x88, 0x87, 
	0x77, 0x77, 0x87, 0x88, 0x88, 0x88, 0x88, 0x84, 
	0x47, 0x77, 0x77, 0x88, 0x88, 0x88, 0x88, 0x88, 
	0x78, 0x88, 0x88, 0x76, 0x76, 0x77, 0x77, 0x73, 
	0x36, 0x68, 0x88, 0x88, 0x88, 0x88, 0x88, 0x88, 
	0x77, 0x77, 0x87, 0x88, 0x99, 0x97, 0x77, 0x85, 
	0x47, 0x77, 0x77, 0x77, 0x78, 0x88, 0x88, 0x88, 
	0x88, 0x78, 0x77, 0x77, 0x77, 0x77, 0x78, 0x74, 
	0x37, 0x78, 0x88, 0x87, 0x78, 0x77, 0x88, 0x88, 
	0x88, 0x77, 0x77, 0x78, 0x99, 0x99, 0x87, 0x84, 
	0x46, 0x77, 0x77, 0x67, 0x67, 0x88, 0x88, 0x88, 
	0x88, 0x77, 0x88, 0x77, 0x88, 0x87, 0x88, 0x74, 
	0x46, 0x77, 0x77, 0x77, 0x77, 0x67, 0x88, 0x98, 
	0x88, 0x87, 0x77, 0x77, 0x77, 0x87, 0x88, 0x74, 
	0x44, 0x44, 0x43, 0x33, 0x33, 0x44, 0x44, 0x44, 
	0x44, 0x44, 0x44, 0x43, 0x44, 0x44, 0x44, 0x44, 
	0x44, 0x44, 0x44, 0x33, 0x33, 0x44, 0x55, 0x55, 
	0x44, 0x43, 0x34, 0x43, 0x44, 0x54, 0x44, 0x44, 
	0x66, 0x66, 0x66, 0x66, 0x57, 0x66, 0x66, 0x63, 
	0x35, 0x66, 0x65, 0x66, 0x67, 0x77, 0x77, 0x66, 
	0x56, 0x67, 0x87, 0x65, 0x66, 0x76, 0x66, 0x64, 
	0x45, 0x66, 0x56, 0x76, 0x78, 0x76, 0x67, 0x76, 
	0x89, 0x88, 0x88, 0x88, 0x89, 0x99, 0x89, 0x84, 
	0x58, 0x88, 0x97, 0x88, 0x99, 0x99, 0x99, 0x89, 
	0x98, 0x99, 0x99, 0x98, 0x99, 0x99, 0x98, 0x84, 
	0x47, 0x88, 0x88, 0x88, 0x99, 0x99, 0x98, 0x88, 
	0x78, 0x88, 0x77, 0x77, 0x88, 0x89, 0x87, 0x84, 
	0x48, 0x88, 0x88, 0x87, 0x88, 0x88, 0x88, 0x88, 
	0x88, 0x88, 0x98, 0x88, 0x88, 0x98, 0x88, 0x84, 
	0x36, 0x78, 0x76, 0x77, 0x87, 0x78, 0x87, 0x88, 
	0x77, 0x88, 0x88, 0x87, 0x78, 0x88, 0x77, 0x74, 
	0x37, 0x87, 0x77, 0x77, 0x88, 0x88, 0x87, 0x78, 
	0x88, 0x78, 0x88, 0x77, 0x78, 0x88, 0x88, 0x84, 
	0x37, 0x78, 0x77, 0x77, 0x78, 0x77, 0x78, 0x87, 
	0x88, 0x88, 0x88, 0x77, 0x78, 0x87, 0x78, 0x84, 
	0x47, 0x77, 0x88, 0x77, 0x88, 0x87, 0x77, 0x68, 
	0x88, 0x88, 0x88, 0x77, 0x77, 0x88, 0x88, 0x84, 
	0x47, 0x77, 0x77, 0x87, 0x88, 0x78, 0x88, 0x88, 
	0x78, 0x89, 0x88, 0x78, 0x77, 0x87, 0x78, 0x85, 
	0x47, 0x78, 0x87, 0x87, 0x88, 0x88, 0x87, 0x67, 
	0x88, 0x88, 0x88, 0x88, 0x77, 0x88, 0x89, 0x85, 
	0x48, 0x87, 0x77, 0x77, 0x78, 0x78, 0x98, 0x88, 
	0x88, 0x88, 0x88, 0x77, 0x77, 0x77, 0x88, 0x74, 
	0x47, 0x77, 0x77, 0x78, 0x88, 0x89, 0x98, 0x86, 
	0x78, 0x89, 0x99, 0x87, 0x87, 0x78, 0x78, 0x84, 
	0x48, 0x87, 0x76, 0x77, 0x77, 0x78, 0x88, 0x88, 
	0x88, 0x88, 0x88, 0x88, 0x88, 0x87, 0x88, 0x74, 
	0x46, 0x66, 0x67, 0x67, 0x88, 0x88, 0x99, 0x98, 
	0x78, 0x89, 0x99, 0x88, 0x87, 0x77, 0x77, 0x74, 
	0x47, 0x87, 0x77, 0x87, 0x87, 0x77, 0x88, 0x88, 
	0x77, 0x87, 0x77, 0x87, 0x88, 0x88, 0x88, 0x73, 
	0x36, 0x56, 0x67, 0x66, 0x78, 0x88, 0x99, 0x97, 
	0x88, 0x78, 0x99, 0x88, 0x88, 0x87, 0x77, 0x74, 
	0x47, 0x77, 0x77, 0x87, 0x77, 0x77, 0x88, 0x88, 
	0x77, 0x77, 0x76, 0x77, 0x88, 0x98, 0x78, 0x73, 
	0x36, 0x65, 0x66, 0x65, 0x78, 0x99, 0x88, 0x97, 
	0x87, 0x88, 0x88, 0x88, 0x87, 0x67, 0x77, 0x73, 
	0x47, 0x76, 0x77, 0x77, 0x87, 0x78, 0x88, 0x88, 
	0x77, 0x76, 0x77, 0x78, 0x88, 0x88, 0x67, 0x74, 
	0x46, 0x55, 0x66, 0x67, 0x78, 0x89, 0x87, 0x87, 
	0x78, 0x88, 0x87, 0x88, 0x77, 0x77, 0x76, 0x63, 
	0x37, 0x78, 0x87, 0x88, 0x87, 0x78, 0x89, 0x88, 
	0x76, 0x77, 0x77, 0x78, 0x87, 0x78, 0x76, 0x75, 
	0x48, 0x67, 0x78, 0x89, 0x99, 0x99, 0x87, 0x77, 
	0x77, 0x88, 0x87, 0x88, 0x78, 0x76, 0x66, 0x63, 
	0x37, 0x77, 0x88, 0x78, 0x87, 0x78, 0x88, 0x88, 
	0x77, 0x76, 0x77, 0x76, 0x78, 0x77, 0x76, 0x75, 
	0x58, 0x88, 0x78, 0x78, 0x99, 0x99, 0x77, 0x77, 
	0x88, 0x77, 0x77, 0x77, 0x77, 0x77, 0x65, 0x63, 
	0x35, 0x66, 0x77, 0x77, 0x87, 0x77, 0x87, 0x88, 
	0x78, 0x77, 0x77, 0x76, 0x67, 0x77, 0x66, 0x74, 
	0x47, 0x78, 0x87, 0x77, 0x78, 0x89, 0x88, 0x78, 
	0x88, 0x87, 0x77, 0x77, 0x78, 0x77, 0x66, 0x63, 
	0x36, 0x67, 0x76, 0x77, 0x78, 0x87, 0x88, 0x88, 
	0x88, 0x77, 0x78, 0x76, 0x66, 0x66, 0x56, 0x64, 
	0x45, 0x67, 0x77, 0x77, 0x77, 0x77, 0x88, 0x88, 
	0x88, 0x87, 0x76, 0x67, 0x77, 0x77, 0x66, 0x63, 
	0x35, 0x77, 0x77, 0x77, 0x78, 0x88, 0x88, 0x77, 
	0x44, 0x44, 0x44, 0x43, 0x33, 0x34, 0x33, 0x33, 
	0x33, 0x44, 0x55, 0x44, 0x44, 0x44, 0x45, 0x45, 
	0x54, 0x44, 0x44, 0x34, 0x34, 0x44, 0x33, 0x33, 
	0x33, 0x44, 0x34, 0x43, 0x33, 0x44, 0x55, 0x45, 
	0x35, 0x66, 0x56, 0x65, 0x66, 0x66, 0x66, 0x65, 
	0x66, 0x67, 0x77, 0x77, 0x77, 0x77, 0x78, 0x63, 
	0x35, 0x56, 0x67, 0x65, 0x66, 0x66, 0x75, 0x55, 
	0x66, 0x76, 0x77, 0x66, 0x67, 0x66, 0x77, 0x64, 
	0x48, 0x88, 0x78, 0x98, 0x88, 0x88, 0x98, 0x9a, 
	0x99, 0x89, 0x99, 0x99, 0x99, 0x99, 0x9a, 0x95, 
	0x47, 0x88, 0x88, 0x99, 0x88, 0x88, 0x89, 0x77, 
	0x89, 0x89, 0x99, 0x98, 0x89, 0x99, 0x9a, 0x95, 
	0x47, 0x77, 0x77, 0x77, 0x88, 0x77, 0x88, 0x88, 
	0x99, 0x87, 0x88, 0x88, 0x99, 0x88, 0x88, 0x94, 
	0x47, 0x77, 0x76, 0x78, 0x88, 0x88, 0x77, 0x67, 
	0x88, 0x78, 0x98, 0x88, 0x78, 0x87, 0x88, 0x85, 
	0x46, 0x66, 0x77, 0x88, 0x88, 0x77, 0x78, 0x88, 
	0x99, 0x88, 0x89, 0x87, 0x99, 0x98, 0x89, 0x95, 
	0x47, 0x78, 0x77, 0x77, 0x88, 0x88, 0x77, 0x67, 
	0x88, 0x88, 0x88, 0x88, 0x88, 0x87, 0x78, 0x85, 
	0x47, 0x66, 0x68, 0x88, 0x77, 0x77, 0x67, 0x78, 
	0x99, 0x87, 0x78, 0x87, 0x89, 0x98, 0x99, 0x95, 
	0x47, 0x77, 0x77, 0x78, 0x88, 0x77, 0x77, 0x77, 
	0x88, 0x78, 0x87, 0x89, 0x88, 0x88, 0x78, 0x85, 
	0x47, 0x76, 0x77, 0x88, 0x88, 0x87, 0x77, 0x78, 
	0x88, 0x88, 0x77, 0x88, 0x98, 0x98, 0x89, 0x94, 
	0x47, 0x77, 0x87, 0x88, 0x87, 0x67, 0x77, 0x88, 
	0x88, 0x88, 0x87, 0x88, 0x87, 0x78, 0x88, 0x74, 
	0x37, 0x87, 0x77, 0x88, 0x88, 0x87, 0x67, 0x88, 
	0x77, 0x88, 0x87, 0x78, 0x87, 0x88, 0x89, 0x84, 
	0x47, 0x87, 0x87, 0x88, 0x88, 0x77, 0x88, 0x89, 
	0x98, 0x89, 0x76, 0x76, 0x78, 0x88, 0x88, 0x83, 
	0x47, 0x77, 0x77, 0x78, 0x78, 0x87, 0x66, 0x78, 
	0x77, 0x78, 0x88, 0x78, 0x78, 0x88, 0x89, 0x84, 
	0x46, 0x77, 0x88, 0x88, 0x88, 0x87, 0x88, 0x88, 
	0x88, 0x88, 0x87, 0x67, 0x88, 0x78, 0x88, 0x74, 
	0x46, 0x77, 0x67, 0x88, 0x88, 0x87, 0x77, 0x88, 
	0x87, 0x88, 0x88, 0x88, 0x88, 0x99, 0x99, 0x84, 
	0x46, 0x77, 0x88, 0x98, 0x88, 0x88, 0x88, 0x87, 
	0x88, 0x88, 0x88, 0x77, 0x78, 0x77, 0x88, 0x74, 
	0x36, 0x88, 0x67, 0x78, 0x88, 0x77, 0x88, 0x88, 
	0x88, 0x78, 0x87, 0x88, 0x99, 0x88, 0x89, 0x83, 
	0x47, 0x77, 0x77, 0x87, 0x77, 0x77, 0x89, 0x76, 
	0x77, 0x88, 0x77, 0x76, 0x78, 0x76, 0x78, 0x73, 
	0x46, 0x78, 0x77, 0x68, 0x98, 0x77, 0x88, 0x87, 
	0x87, 0x77, 0x77, 0x88, 0x98, 0x78, 0x87, 0x84, 
	0x57, 0x78, 0x77, 0x77, 0x78, 0x66, 0x78, 0x77, 
	0x76, 0x77, 0x87, 0x77, 0x77, 0x76, 0x77, 0x74, 
	0x46, 0x77, 0x77, 0x77, 0x77, 0x88, 0x88, 0x88, 
	0x87, 0x78, 0x88, 0x87, 0x88, 0x78, 0x88, 0x74, 
	0x47, 0x78, 0x77, 0x77, 0x76, 0x66, 0x66, 0x77, 
	0x77, 0x67, 0x77, 0x67, 0x66, 0x77, 0x77, 0x74, 
	0x46, 0x76, 0x76, 0x77, 0x77, 0x88, 0x88, 0x88, 
	0x77, 0x78, 0x87, 0x77, 0x78, 0x78, 0x88, 0x74, 
	0x37, 0x77, 0x77, 0x77, 0x77, 0x67, 0x77, 0x67, 
	0x67, 0x77, 0x77, 0x76, 0x66, 0x77, 0x77, 0x85, 
	0x47, 0x77, 0x66, 0x77, 0x88, 0x77, 0x67, 0x87, 
	0x77, 0x77, 0x87, 0x77, 0x88, 0x88, 0x88, 0x74, 
	0x47, 0x77, 0x77, 0x88, 0x87, 0x77, 0x87, 0x77, 
	0x77, 0x87, 0x77, 0x77, 0x76, 0x77, 0x88, 0x95, 
	0x35, 0x65, 0x65, 0x77, 0x77, 0x77, 0x77, 0x77, 
	0x77, 0x77, 0x87, 0x66, 0x77, 0x77, 0x88, 0x63, 
	0x37, 0x88, 0x77, 0x77, 0x77, 0x87, 0x67, 0x67, 
	0x77, 0x88, 0x76, 0x77, 0x77, 0x78, 0x89, 0x74, 
	0x33, 0x33, 0x43, 0x33, 0x44, 0x44, 0x44, 0x45, 
	0x44, 0x44, 0x54, 0x34, 0x44, 0x44, 0x44, 0x43, 
	0x35, 0x55, 0x54, 0x43, 0x34, 0x44, 0x43, 0x34, 
	0x44, 0x44, 0x43, 0x34, 0x44, 0x45, 0x44, 0x45, 
	
};

Gfx bob_dl_p_sndstn_64x64_STRIFE_i4_aligner[] = {gsSPEndDisplayList()};
u8 bob_dl_p_sndstn_64x64_STRIFE_i4[] = {
	0x66, 0x66, 0x65, 0x55, 0x56, 0x66, 0x65, 0x66, 
	0x66, 0x66, 0x76, 0x66, 0x66, 0x66, 0x66, 0x66, 
	0x66, 0x67, 0x66, 0x66, 0x55, 0x55, 0x56, 0x66, 
	0x65, 0x66, 0x66, 0x76, 0x66, 0x66, 0x65, 0x55, 
	0x76, 0x66, 0x55, 0x55, 0x56, 0x55, 0x66, 0x66, 
	0x66, 0x66, 0x65, 0x66, 0x66, 0x66, 0x66, 0x66, 
	0x66, 0x77, 0x65, 0x67, 0x66, 0x55, 0x56, 0x66, 
	0x55, 0x66, 0x67, 0x76, 0x66, 0x66, 0x65, 0x55, 
	0x56, 0x76, 0x56, 0x66, 0x66, 0x45, 0x57, 0x66, 
	0x66, 0x66, 0x65, 0x56, 0x66, 0x66, 0x66, 0x66, 
	0x66, 0x66, 0x56, 0x66, 0x76, 0x56, 0x66, 0x66, 
	0x56, 0x66, 0x67, 0x66, 0x66, 0x66, 0x65, 0x55, 
	0x55, 0x66, 0x67, 0x77, 0x76, 0x54, 0x66, 0x66, 
	0x56, 0x66, 0x65, 0x56, 0x66, 0x66, 0x66, 0x66, 
	0x56, 0x55, 0x67, 0x76, 0x55, 0x55, 0x66, 0x66, 
	0x66, 0x67, 0x77, 0x66, 0x66, 0x76, 0x65, 0x55, 
	0x55, 0x55, 0x67, 0x67, 0x65, 0x45, 0x66, 0x56, 
	0x66, 0x67, 0x65, 0x66, 0x66, 0x65, 0x56, 0x56, 
	0x55, 0x56, 0x76, 0x66, 0x65, 0x66, 0x66, 0x66, 
	0x66, 0x66, 0x67, 0x76, 0x66, 0x66, 0x66, 0x55, 
	0x55, 0x55, 0x66, 0x67, 0x65, 0x55, 0x66, 0x66, 
	0x65, 0x76, 0x66, 0x55, 0x66, 0x55, 0x55, 0x56, 
	0x55, 0x66, 0x66, 0x65, 0x66, 0x66, 0x66, 0x67, 
	0x66, 0x66, 0x67, 0x66, 0x66, 0x65, 0x65, 0x56, 
	0x55, 0x66, 0x66, 0x66, 0x55, 0x55, 0x76, 0x66, 
	0x66, 0x66, 0x66, 0x56, 0x65, 0x55, 0x55, 0x56, 
	0x55, 0x66, 0x66, 0x66, 0x66, 0x65, 0x56, 0x66, 
	0x66, 0x65, 0x67, 0x66, 0x66, 0x55, 0x56, 0x56, 
	0x65, 0x76, 0x65, 0x56, 0x55, 0x55, 0x66, 0x56, 
	0x66, 0x66, 0x66, 0x56, 0x65, 0x55, 0x55, 0x66, 
	0x56, 0x66, 0x66, 0x66, 0x75, 0x55, 0x55, 0x66, 
	0x66, 0x56, 0x66, 0x66, 0x65, 0x66, 0x55, 0x56, 
	0x66, 0x66, 0x66, 0x66, 0x66, 0x65, 0x66, 0x66, 
	0x66, 0x66, 0x56, 0x65, 0x66, 0x56, 0x56, 0x67, 
	0x66, 0x66, 0x66, 0x67, 0x86, 0x67, 0x66, 0x66, 
	0x66, 0x55, 0x56, 0x66, 0x55, 0x66, 0x55, 0x56, 
	0x66, 0x66, 0x66, 0x66, 0x55, 0x56, 0x66, 0x65, 
	0x66, 0x66, 0x66, 0x65, 0x66, 0x55, 0x66, 0x66, 
	0x65, 0x66, 0x66, 0x76, 0x77, 0x66, 0x56, 0x67, 
	0x66, 0x55, 0x56, 0x65, 0x56, 0x65, 0x56, 0x56, 
	0x66, 0x56, 0x66, 0x65, 0x55, 0x67, 0x76, 0x66, 
	0x66, 0x66, 0x66, 0x66, 0x67, 0x65, 0x66, 0x66, 
	0x55, 0x66, 0x66, 0x66, 0x67, 0x65, 0x55, 0x66, 
	0x55, 0x55, 0x67, 0x65, 0x66, 0x65, 0x66, 0x66, 
	0x55, 0x56, 0x66, 0x65, 0x56, 0x76, 0x66, 0x56, 
	0x65, 0x66, 0x66, 0x66, 0x67, 0x66, 0x66, 0x66, 
	0x66, 0x56, 0x66, 0x66, 0x66, 0x65, 0x55, 0x66, 
	0x55, 0x55, 0x77, 0x55, 0x67, 0x66, 0x56, 0x66, 
	0x55, 0x56, 0x55, 0x56, 0x65, 0x66, 0x65, 0x66, 
	0x65, 0x66, 0x66, 0x66, 0x66, 0x66, 0x66, 0x66, 
	0x66, 0x66, 0x66, 0x66, 0x67, 0x66, 0x66, 0x56, 
	0x55, 0x66, 0x76, 0x55, 0x67, 0x66, 0x66, 0x65, 
	0x56, 0x66, 0x65, 0x57, 0x66, 0x56, 0x55, 0x55, 
	0x55, 0x66, 0x66, 0x66, 0x77, 0x76, 0x66, 0x66, 
	0x56, 0x66, 0x76, 0x66, 0x76, 0x56, 0x65, 0x55, 
	0x56, 0x66, 0x65, 0x65, 0x56, 0x66, 0x66, 0x65, 
	0x66, 0x66, 0x66, 0x56, 0x66, 0x66, 0x66, 0x55, 
	0x56, 0x66, 0x65, 0x66, 0x67, 0x76, 0x66, 0x55, 
	0x56, 0x66, 0x77, 0x67, 0x65, 0x56, 0x55, 0x55, 
	0x66, 0x66, 0x66, 0x65, 0x66, 0x66, 0x66, 0x56, 
	0x66, 0x65, 0x66, 0x55, 0x56, 0x66, 0x66, 0x55, 
	0x66, 0x66, 0x66, 0x66, 0x77, 0x77, 0x76, 0x66, 
	0x56, 0x55, 0x76, 0x67, 0x65, 0x56, 0x66, 0x55, 
	0x66, 0x66, 0x56, 0x65, 0x66, 0x65, 0x67, 0x55, 
	0x76, 0x65, 0x56, 0x55, 0x56, 0x65, 0x55, 0x55, 
	0x56, 0x66, 0x66, 0x66, 0x78, 0x87, 0x65, 0x55, 
	0x55, 0x55, 0x65, 0x66, 0x66, 0x66, 0x55, 0x55, 
	0x66, 0x66, 0x67, 0x76, 0x67, 0x65, 0x67, 0x65, 
	0x66, 0x66, 0x66, 0x55, 0x56, 0x66, 0x65, 0x66, 
	0x66, 0x66, 0x66, 0x66, 0x77, 0x76, 0x55, 0x55, 
	0x55, 0x56, 0x55, 0x56, 0x77, 0x65, 0x55, 0x65, 
	0x55, 0x55, 0x68, 0x86, 0x66, 0x56, 0x66, 0x75, 
	0x56, 0x66, 0x76, 0x54, 0x46, 0x66, 0x66, 0x66, 
	0x66, 0x66, 0x76, 0x65, 0x66, 0x65, 0x55, 0x55, 
	0x56, 0x56, 0x55, 0x66, 0x66, 0x65, 0x67, 0x66, 
	0x64, 0x44, 0x67, 0x76, 0x66, 0x66, 0x66, 0x66, 
	0x66, 0x67, 0x77, 0x65, 0x45, 0x56, 0x76, 0x65, 
	0x55, 0x66, 0x66, 0x65, 0x65, 0x65, 0x56, 0x65, 
	0x56, 0x65, 0x56, 0x65, 0x56, 0x66, 0x77, 0x76, 
	0x64, 0x45, 0x66, 0x56, 0x66, 0x66, 0x76, 0x66, 
	0x66, 0x67, 0x76, 0x65, 0x44, 0x57, 0x76, 0x55, 
	0x55, 0x66, 0x66, 0x55, 0x65, 0x55, 0x66, 0x65, 
	0x56, 0x65, 0x66, 0x66, 0x65, 0x56, 0x76, 0x66, 
	0x44, 0x45, 0x77, 0x66, 0x77, 0x66, 0x77, 0x77, 
	0x65, 0x55, 0x55, 0x55, 0x44, 0x57, 0x77, 0x67, 
	0x66, 0x66, 0x66, 0x55, 0x56, 0x55, 0x56, 0x66, 
	0x66, 0x56, 0x66, 0x67, 0x76, 0x55, 0x55, 0x55, 
	0x55, 0x56, 0x88, 0x76, 0x66, 0x66, 0x76, 0x78, 
	0x66, 0x55, 0x55, 0x56, 0x66, 0x67, 0x77, 0x66, 
	0x65, 0x66, 0x66, 0x55, 0x55, 0x55, 0x66, 0x65, 
	0x56, 0x66, 0x67, 0x66, 0x66, 0x65, 0x55, 0x56, 
	0x66, 0x66, 0x77, 0x77, 0x66, 0x66, 0x66, 0x66, 
	0x65, 0x56, 0x55, 0x57, 0x66, 0x67, 0x67, 0x65, 
	0x55, 0x67, 0x66, 0x55, 0x56, 0x56, 0x66, 0x66, 
	0x56, 0x68, 0x76, 0x66, 0x55, 0x66, 0x65, 0x56, 
	0x66, 0x66, 0x77, 0x66, 0x66, 0x66, 0x66, 0x66, 
	0x55, 0x56, 0x65, 0x56, 0x66, 0x66, 0x76, 0x66, 
	0x55, 0x66, 0x55, 0x55, 0x55, 0x66, 0x66, 0x66, 
	0x65, 0x77, 0x76, 0x76, 0x55, 0x65, 0x55, 0x56, 
	0x66, 0x67, 0x77, 0x66, 0x65, 0x56, 0x66, 0x66, 
	0x65, 0x66, 0x65, 0x65, 0x66, 0x66, 0x66, 0x66, 
	0x65, 0x56, 0x65, 0x55, 0x65, 0x55, 0x56, 0x65, 
	0x65, 0x8a, 0x86, 0x77, 0x65, 0x66, 0x55, 0x65, 
	0x56, 0x66, 0x66, 0x66, 0x65, 0x56, 0x67, 0x67, 
	0x55, 0x66, 0x55, 0x87, 0x66, 0x66, 0x76, 0x56, 
	0x66, 0x55, 0x55, 0x66, 0x65, 0x55, 0x66, 0x56, 
	0x65, 0x68, 0x76, 0x66, 0x76, 0x66, 0x65, 0x66, 
	0x66, 0x66, 0x56, 0x66, 0x76, 0x56, 0x76, 0x76, 
	0x55, 0x55, 0x66, 0x76, 0x66, 0x66, 0x65, 0x56, 
	0x65, 0x55, 0x56, 0x66, 0x66, 0x55, 0x67, 0x65, 
	0x65, 0x56, 0x66, 0x66, 0x66, 0x66, 0x56, 0x67, 
	0x67, 0x77, 0x66, 0x66, 0x66, 0x56, 0x76, 0x66, 
	0x66, 0x55, 0x67, 0x66, 0x66, 0x66, 0x66, 0x55, 
	0x66, 0x55, 0x57, 0x66, 0x66, 0x55, 0x78, 0x86, 
	0x56, 0x56, 0x66, 0x55, 0x66, 0x66, 0x66, 0x66, 
	0x66, 0x67, 0x67, 0x76, 0x56, 0x66, 0x67, 0x65, 
	0x77, 0x64, 0x67, 0x67, 0x65, 0x67, 0x66, 0x66, 
	0x55, 0x55, 0x56, 0x66, 0x66, 0x55, 0x68, 0x87, 
	0x55, 0x67, 0x66, 0x66, 0x65, 0x66, 0x66, 0x56, 
	0x76, 0x66, 0x67, 0x65, 0x56, 0x66, 0x66, 0x66, 
	0x66, 0x55, 0x66, 0x77, 0x65, 0x55, 0x66, 0x65, 
	0x55, 0x55, 0x55, 0x44, 0x56, 0x66, 0x76, 0x77, 
	0x56, 0x67, 0x66, 0x56, 0x55, 0x66, 0x66, 0x56, 
	0x76, 0x77, 0x77, 0x65, 0x56, 0x67, 0x66, 0x66, 
	0x67, 0x55, 0x66, 0x78, 0x76, 0x55, 0x56, 0x66, 
	0x67, 0x76, 0x65, 0x44, 0x56, 0x66, 0x76, 0x66, 
	0x65, 0x56, 0x65, 0x66, 0x55, 0x66, 0x66, 0x56, 
	0x76, 0x77, 0x66, 0x65, 0x56, 0x76, 0x65, 0x55, 
	0x66, 0x65, 0x66, 0x67, 0x76, 0x55, 0x56, 0x66, 
	0x67, 0x77, 0x65, 0x45, 0x66, 0x66, 0x77, 0x66, 
	0x66, 0x46, 0x66, 0x55, 0x55, 0x66, 0x65, 0x56, 
	0x66, 0x77, 0x65, 0x55, 0x56, 0x76, 0x66, 0x56, 
	0x55, 0x56, 0x77, 0x67, 0x76, 0x76, 0x55, 0x56, 
	0x66, 0x76, 0x54, 0x46, 0x66, 0x66, 0x77, 0x66, 
	0x66, 0x55, 0x66, 0x55, 0x66, 0x66, 0x65, 0x56, 
	0x67, 0x77, 0x65, 0x55, 0x66, 0x66, 0x66, 0x65, 
	0x66, 0x65, 0x76, 0x67, 0x66, 0x75, 0x55, 0x66, 
	0x66, 0x66, 0x55, 0x56, 0x66, 0x66, 0x66, 0x77, 
	0x66, 0x65, 0x56, 0x55, 0x66, 0x66, 0x66, 0x45, 
	0x67, 0x77, 0x65, 0x67, 0x66, 0x66, 0x56, 0x55, 
	0x66, 0x56, 0x67, 0x67, 0x67, 0x76, 0x56, 0x76, 
	0x65, 0x56, 0x55, 0x56, 0x67, 0x77, 0x66, 0x77, 
	0x66, 0x66, 0x55, 0x56, 0x56, 0x66, 0x66, 0x55, 
	0x67, 0x66, 0x66, 0x66, 0x66, 0x66, 0x56, 0x65, 
	0x65, 0x67, 0x67, 0x67, 0x76, 0x77, 0x66, 0x66, 
	0x65, 0x66, 0x55, 0x56, 0x67, 0x76, 0x66, 0x67, 
	0x77, 0x66, 0x66, 0x66, 0x66, 0x66, 0x66, 0x55, 
	0x67, 0x66, 0x66, 0x66, 0x66, 0x76, 0x66, 0x65, 
	0x65, 0x66, 0x67, 0x67, 0x65, 0x66, 0x67, 0x66, 
	0x66, 0x66, 0x55, 0x56, 0x67, 0x77, 0x66, 0x67, 
	0x66, 0x66, 0x66, 0x66, 0x66, 0x66, 0x76, 0x66, 
	0x66, 0x76, 0x66, 0x66, 0x66, 0x85, 0x67, 0x66, 
	0x65, 0x66, 0x55, 0x66, 0x66, 0x56, 0x66, 0x56, 
	0x66, 0x65, 0x56, 0x67, 0x66, 0x77, 0x66, 0x66, 
	0x66, 0x66, 0x77, 0x65, 0x56, 0x65, 0x66, 0x65, 
	0x57, 0x76, 0x66, 0x66, 0x67, 0x75, 0x66, 0x56, 
	0x66, 0x66, 0x66, 0x66, 0x56, 0x66, 0x65, 0x55, 
	0x56, 0x55, 0x56, 0x67, 0x66, 0x67, 0x77, 0x76, 
	0x66, 0x67, 0x77, 0x75, 0x56, 0x65, 0x66, 0x66, 
	0x66, 0x67, 0x76, 0x66, 0x66, 0x65, 0x56, 0x65, 
	0x66, 0x55, 0x66, 0x66, 0x66, 0x55, 0x66, 0x55, 
	0x56, 0x65, 0x56, 0x66, 0x66, 0x67, 0x76, 0x55, 
	0x66, 0x67, 0x77, 0x76, 0x56, 0x65, 0x66, 0x66, 
	0x66, 0x66, 0x76, 0x66, 0x66, 0x66, 0x67, 0x66, 
	0x76, 0x66, 0x65, 0x66, 0x66, 0x66, 0x67, 0x65, 
	0x56, 0x66, 0x66, 0x76, 0x66, 0x66, 0x66, 0x66, 
	0x66, 0x67, 0x66, 0x76, 0x66, 0x66, 0x66, 0x66, 
	0x65, 0x66, 0x65, 0x55, 0x66, 0x66, 0x77, 0x65, 
	0x66, 0x56, 0x55, 0x66, 0x66, 0x66, 0x67, 0x76, 
	0x66, 0x66, 0x66, 0x77, 0x76, 0x66, 0x66, 0x66, 
	0x66, 0x66, 0x66, 0x66, 0x66, 0x56, 0x66, 0x66, 
	0x66, 0x56, 0x55, 0x56, 0x65, 0x56, 0x76, 0x66, 
	0x55, 0x66, 0x55, 0x66, 0x66, 0x66, 0x66, 0x66, 
	0x66, 0x66, 0x66, 0x76, 0x66, 0x65, 0x55, 0x55, 
	0x66, 0x66, 0x66, 0x65, 0x66, 0x55, 0x66, 0x66, 
	0x66, 0x66, 0x55, 0x56, 0x65, 0x55, 0x66, 0x66, 
	0x56, 0x66, 0x66, 0x66, 0x56, 0x66, 0x67, 0x77, 
	0x66, 0x66, 0x76, 0x76, 0x66, 0x55, 0x65, 0x56, 
	0x66, 0x66, 0x66, 0x65, 0x56, 0x66, 0x66, 0x65, 
	0x66, 0x67, 0x66, 0x66, 0x66, 0x55, 0x66, 0x65, 
	0x66, 0x66, 0x66, 0x66, 0x56, 0x66, 0x66, 0x76, 
	0x76, 0x67, 0x66, 0x66, 0x65, 0x56, 0x65, 0x56, 
	0x66, 0x66, 0x66, 0x65, 0x56, 0x76, 0x77, 0x76, 
	0x66, 0x66, 0x66, 0x66, 0x66, 0x66, 0x66, 0x66, 
	0x66, 0x76, 0x76, 0x65, 0x66, 0x67, 0x77, 0x77, 
	0x76, 0x67, 0x76, 0x66, 0x64, 0x66, 0x65, 0x55, 
	0x56, 0x66, 0x77, 0x66, 0x56, 0x66, 0x66, 0x76, 
	0x77, 0x65, 0x76, 0x65, 0x56, 0x55, 0x56, 0x66, 
	0x66, 0x77, 0x76, 0x55, 0x56, 0x66, 0x77, 0x87, 
	0x66, 0x66, 0x66, 0x66, 0x55, 0x66, 0x56, 0x65, 
	0x56, 0x77, 0x77, 0x66, 0x55, 0x67, 0x66, 0x66, 
	0x76, 0x55, 0x66, 0x66, 0x66, 0x55, 0x56, 0x66, 
	0x66, 0x67, 0x65, 0x55, 0x55, 0x56, 0x67, 0x76, 
	0x66, 0x76, 0x66, 0x75, 0x66, 0x76, 0x65, 0x65, 
	0x56, 0x67, 0x77, 0x76, 0x65, 0x67, 0x67, 0x77, 
	0x76, 0x55, 0x55, 0x66, 0x67, 0x65, 0x56, 0x66, 
	0x66, 0x66, 0x76, 0x55, 0x56, 0x65, 0x66, 0x66, 
	0x67, 0x66, 0x67, 0x75, 0x56, 0x76, 0x66, 0x66, 
	0x56, 0x76, 0x78, 0x76, 0x65, 0x67, 0x67, 0x76, 
	0x66, 0x55, 0x55, 0x67, 0x67, 0x66, 0x66, 0x66, 
	0x66, 0x66, 0x76, 0x55, 0x56, 0x55, 0x66, 0x56, 
	0x66, 0x66, 0x66, 0x65, 0x65, 0x66, 0x65, 0x56, 
	0x66, 0x66, 0x78, 0x76, 0x65, 0x66, 0x67, 0x76, 
	0x55, 0x55, 0x66, 0x67, 0x77, 0x76, 0x65, 0x66, 
	0x66, 0x66, 0x66, 0x55, 0x56, 0x55, 0x65, 0x56, 
	0x66, 0x56, 0x66, 0x56, 0x55, 0x66, 0x66, 0x66, 
	0x66, 0x66, 0x77, 0x76, 0x64, 0x66, 0x77, 0x76, 
	0x55, 0x56, 0x76, 0x56, 0x66, 0x66, 0x64, 0x55, 
	0x45, 0x55, 0x55, 0x55, 0x66, 0x55, 0x56, 0x66, 
	0x66, 0x66, 0x66, 0x66, 0x56, 0x87, 0x66, 0x67, 
	0x66, 0x66, 0x77, 0x67, 0x64, 0x56, 0x77, 0x76, 
	0x56, 0x76, 0x66, 0x55, 0x55, 0x56, 0x55, 0x55, 
	0x65, 0x55, 0x55, 0x66, 0x66, 0x55, 0x56, 0x56, 
	0x66, 0x66, 0x66, 0x66, 0x67, 0x87, 0x66, 0x66, 
	0x66, 0x66, 0x77, 0x67, 0x65, 0x56, 0x76, 0x66, 
	0x66, 0x66, 0x66, 0x66, 0x55, 0x56, 0x66, 0x65, 
	0x76, 0x65, 0x55, 0x66, 0x55, 0x55, 0x56, 0x65, 
	0x57, 0x66, 0x66, 0x66, 0x66, 0x66, 0x66, 0x66, 
	0x66, 0x66, 0x77, 0x65, 0x55, 0x56, 0x76, 0x66, 
	0x66, 0x66, 0x55, 0x65, 0x55, 0x56, 0x66, 0x66, 
	0x66, 0x66, 0x65, 0x66, 0x55, 0x55, 0x67, 0x76, 
	0x67, 0x65, 0x56, 0x76, 0x66, 0x66, 0x66, 0x77, 
	0x66, 0x66, 0x66, 0x65, 0x56, 0x66, 0x67, 0x66, 
	0x66, 0x66, 0x55, 0x65, 0x54, 0x55, 0x66, 0x66, 
	0x77, 0x66, 0x66, 0x55, 0x65, 0x66, 0x67, 0x76, 
	0x66, 0x65, 0x66, 0x76, 0x76, 0x77, 0x66, 0x77, 
	0x66, 0x56, 0x77, 0x65, 0x56, 0x65, 0x77, 0x66, 
	0x66, 0x66, 0x66, 0x66, 0x55, 0x65, 0x55, 0x55, 
	0x76, 0x56, 0x65, 0x55, 0x56, 0x66, 0x67, 0x67, 
	0x66, 0x65, 0x66, 0x76, 0x66, 0x66, 0x67, 0x66, 
	0x66, 0x57, 0x77, 0x65, 0x56, 0x65, 0x55, 0x66, 
	0x66, 0x66, 0x66, 0x65, 0x66, 0x65, 0x55, 0x55, 
	0x66, 0x55, 0x65, 0x55, 0x56, 0x56, 0x66, 0x76, 
	0x66, 0x66, 0x66, 0x65, 0x66, 0x66, 0x76, 0x65, 
	0x56, 0x67, 0x77, 0x65, 0x55, 0x65, 0x56, 0x66, 
	0x66, 0x76, 0x66, 0x55, 0x56, 0x65, 0x55, 0x56, 
	0x66, 0x56, 0x66, 0x55, 0x56, 0x66, 0x66, 0x77, 
	0x76, 0x66, 0x66, 0x66, 0x66, 0x77, 0x66, 0x65, 
	0x56, 0x66, 0x77, 0x66, 0x66, 0x55, 0x56, 0x66, 
	0x66, 0x77, 0x76, 0x55, 0x56, 0x66, 0x65, 0x55, 
	0x66, 0x65, 0x55, 0x55, 0x56, 0x55, 0x67, 0x77, 
	0x77, 0x66, 0x66, 0x66, 0x78, 0x86, 0x66, 0x65, 
	0x45, 0x56, 0x67, 0x66, 0x55, 0x55, 0x56, 0x65, 
	0x56, 0x77, 0x66, 0x66, 0x65, 0x66, 0x65, 0x55, 
	0x66, 0x65, 0x56, 0x66, 0x65, 0x44, 0x67, 0x87, 
	0x57, 0x67, 0x66, 0x77, 0x78, 0x76, 0x66, 0x56, 
	0x56, 0x66, 0x66, 0x66, 0x56, 0x66, 0x66, 0x55, 
	0x56, 0x78, 0x56, 0x65, 0x66, 0x66, 0x65, 0x66, 
	0x66, 0x66, 0x66, 0x66, 0x65, 0x45, 0x66, 0x66, 
	0x57, 0x76, 0x66, 0x76, 0x66, 0x55, 0x55, 0x66, 
	0x67, 0x66, 0x66, 0x66, 0x67, 0x77, 0x76, 0x54, 
	0x56, 0x67, 0x65, 0x55, 0x66, 0x66, 0x65, 0x66, 
	0x66, 0x56, 0x66, 0x66, 0x54, 0x45, 0x66, 0x56, 
	0x67, 0x66, 0x66, 0x66, 0x56, 0x65, 0x56, 0x66, 
	0x67, 0x77, 0x76, 0x65, 0x67, 0x67, 0x65, 0x45, 
	0x65, 0x76, 0x66, 0x66, 0x66, 0x76, 0x66, 0x56, 
	
};

Gfx bob_dl_RMGP01_dacee377_14_64x64__brodute__i4_aligner[] = {gsSPEndDisplayList()};
u8 bob_dl_RMGP01_dacee377_14_64x64__brodute__i4[] = {
	0x88, 0x77, 0x77, 0x77, 0x77, 0x88, 0x78, 0x88, 
	0x77, 0x87, 0x87, 0x88, 0x88, 0x77, 0x77, 0x77, 
	0x77, 0x88, 0x88, 0x89, 0x98, 0x89, 0x98, 0x88, 
	0x98, 0x76, 0x87, 0x77, 0x87, 0x88, 0x88, 0x78, 
	0x88, 0x77, 0x87, 0x78, 0x77, 0x87, 0x78, 0x87, 
	0x77, 0x77, 0x87, 0x78, 0x88, 0x77, 0x77, 0x77, 
	0x77, 0x89, 0x98, 0x88, 0x88, 0x98, 0x89, 0x88, 
	0x88, 0x86, 0x78, 0x77, 0x88, 0x88, 0x88, 0x78, 
	0x77, 0x77, 0x77, 0x78, 0x88, 0x88, 0x88, 0x78, 
	0x78, 0x78, 0x88, 0x88, 0x87, 0x77, 0x77, 0x78, 
	0x77, 0x88, 0x88, 0x89, 0x88, 0x98, 0x99, 0x98, 
	0x98, 0x86, 0x77, 0x77, 0x78, 0x88, 0x87, 0x77, 
	0x77, 0x88, 0x77, 0x78, 0x87, 0x87, 0x67, 0x88, 
	0x77, 0x78, 0x78, 0x78, 0x87, 0x78, 0x77, 0x77, 
	0x76, 0x88, 0x88, 0x99, 0x99, 0x88, 0x88, 0x88, 
	0x98, 0x87, 0x78, 0x87, 0x77, 0x78, 0x87, 0x77, 
	0x77, 0x77, 0x87, 0x77, 0x77, 0x87, 0x77, 0x78, 
	0x77, 0x77, 0x77, 0x77, 0x77, 0x77, 0x87, 0x77, 
	0x77, 0x98, 0x88, 0x89, 0x88, 0x88, 0x88, 0x89, 
	0x98, 0x97, 0x78, 0x77, 0x78, 0x88, 0x87, 0x77, 
	0x66, 0x77, 0x77, 0x67, 0x76, 0x87, 0x78, 0x77, 
	0x77, 0x77, 0x67, 0x77, 0x76, 0x78, 0x78, 0x77, 
	0x77, 0x99, 0x88, 0x88, 0x88, 0x88, 0x88, 0x88, 
	0x88, 0x87, 0x67, 0x77, 0x78, 0x88, 0x77, 0x77, 
	0x55, 0x55, 0x55, 0x55, 0x78, 0x86, 0x77, 0x77, 
	0x77, 0x77, 0x77, 0x77, 0x87, 0x77, 0x77, 0x66, 
	0x67, 0x78, 0x88, 0x98, 0x88, 0x88, 0x88, 0x88, 
	0x88, 0x87, 0x55, 0x55, 0x55, 0x66, 0x55, 0x55, 
	0x98, 0x99, 0x99, 0x99, 0xaa, 0x98, 0x66, 0x77, 
	0x77, 0x77, 0x67, 0x77, 0x77, 0x77, 0x66, 0x56, 
	0x9b, 0x87, 0x88, 0x88, 0x88, 0x88, 0x88, 0x88, 
	0x77, 0x56, 0x88, 0x99, 0x88, 0x98, 0x89, 0x99, 
	0xaa, 0xaa, 0xaa, 0xaa, 0xaa, 0xa9, 0x88, 0x66, 
	0x66, 0x66, 0x65, 0x55, 0x55, 0x67, 0x55, 0x6a, 
	0xa9, 0x97, 0x78, 0x88, 0x88, 0x88, 0x87, 0x76, 
	0x67, 0x89, 0x99, 0x99, 0x88, 0x9a, 0xaa, 0xaa, 
	0x88, 0x99, 0x88, 0x88, 0x88, 0x99, 0x9a, 0x98, 
	0x77, 0x77, 0x77, 0x78, 0x77, 0x89, 0x99, 0x88, 
	0x99, 0x99, 0x77, 0x89, 0x88, 0x87, 0x66, 0x78, 
	0x98, 0x77, 0x78, 0x88, 0x77, 0x89, 0x88, 0x88, 
	0x88, 0x89, 0x99, 0x88, 0x88, 0x98, 0x89, 0x98, 
	0x8a, 0xaa, 0xaa, 0xaa, 0xaa, 0xaa, 0xa9, 0x88, 
	0x89, 0x99, 0xa7, 0x78, 0x76, 0x67, 0x89, 0x98, 
	0x87, 0x77, 0x77, 0x78, 0x77, 0x79, 0x99, 0x99, 
	0x98, 0x89, 0x88, 0x88, 0x88, 0x88, 0x99, 0x87, 
	0x8a, 0x98, 0x88, 0x88, 0x88, 0x88, 0x87, 0x87, 
	0x78, 0x99, 0x87, 0x66, 0x78, 0xa9, 0x98, 0x88, 
	0x87, 0x88, 0x87, 0x78, 0x77, 0x68, 0x99, 0x99, 
	0x99, 0x99, 0x88, 0x88, 0x88, 0x88, 0x88, 0x87, 
	0x88, 0x88, 0x88, 0x78, 0x77, 0x87, 0x77, 0x78, 
	0x87, 0x77, 0x68, 0x99, 0xa9, 0x99, 0x87, 0x88, 
	0x88, 0x88, 0x88, 0x87, 0x77, 0x67, 0x99, 0x99, 
	0x88, 0x89, 0x88, 0x88, 0x88, 0x88, 0x88, 0x87, 
	0x88, 0x88, 0x88, 0x77, 0x77, 0x77, 0x77, 0x77, 
	0x88, 0x98, 0xaa, 0x98, 0x88, 0x88, 0x88, 0x88, 
	0x99, 0x88, 0x88, 0x77, 0x88, 0x86, 0x88, 0x88, 
	0x88, 0x88, 0x88, 0x88, 0x99, 0x88, 0x88, 0x77, 
	0x87, 0x77, 0x87, 0x77, 0x77, 0x78, 0x87, 0x77, 
	0x87, 0x98, 0x87, 0x77, 0x78, 0x88, 0x87, 0x78, 
	0x99, 0x87, 0x77, 0x77, 0x78, 0x76, 0x89, 0x99, 
	0x88, 0x89, 0x98, 0x88, 0x88, 0x88, 0x77, 0x68, 
	0x77, 0x88, 0x77, 0x77, 0x77, 0x77, 0x87, 0x78, 
	0x77, 0xa7, 0x77, 0x78, 0x87, 0x88, 0x87, 0x87, 
	0x77, 0x77, 0x77, 0x77, 0x77, 0x76, 0x89, 0x99, 
	0x88, 0x88, 0x88, 0x98, 0x88, 0x87, 0x76, 0x67, 
	0x67, 0x77, 0x88, 0x77, 0x77, 0x77, 0x77, 0x78, 
	0x77, 0xa8, 0x77, 0x88, 0x87, 0x88, 0x88, 0x87, 
	0x88, 0x78, 0x78, 0x87, 0x77, 0x65, 0x68, 0x99, 
	0x88, 0x88, 0x87, 0x77, 0x66, 0x65, 0x56, 0x78, 
	0x66, 0x77, 0x67, 0x77, 0x77, 0x77, 0x77, 0x77, 
	0x77, 0xa8, 0x78, 0x88, 0x78, 0x88, 0x88, 0x77, 
	0x88, 0x87, 0x77, 0x76, 0x65, 0x68, 0x76, 0x78, 
	0x76, 0x66, 0x66, 0x68, 0x89, 0x9a, 0xaa, 0xa9, 
	0x86, 0x67, 0x77, 0x78, 0x87, 0x77, 0x77, 0x77, 
	0x67, 0x96, 0x77, 0x77, 0x78, 0x88, 0x87, 0x77, 
	0x78, 0x76, 0x65, 0x56, 0x8a, 0xab, 0xa8, 0x77, 
	0x98, 0x9a, 0xbb, 0xcc, 0xaa, 0xaa, 0xa9, 0x9a, 
	0x98, 0x66, 0x67, 0x77, 0x77, 0x77, 0x76, 0x66, 
	0x78, 0x98, 0x65, 0x66, 0x68, 0x88, 0x77, 0x77, 
	0x76, 0x55, 0x68, 0x9a, 0xba, 0x99, 0x9a, 0x98, 
	0x9a, 0xaa, 0xaa, 0xba, 0x99, 0x99, 0x99, 0x99, 
	0xaa, 0x97, 0x56, 0x77, 0x77, 0x76, 0x56, 0x78, 
	0xaa, 0x98, 0x98, 0x76, 0x67, 0x67, 0x76, 0x65, 
	0x56, 0x89, 0xaa, 0xa9, 0x99, 0x98, 0x99, 0x88, 
	0x89, 0xaa, 0x9a, 0xaa, 0x99, 0x99, 0x99, 0x99, 
	0x9a, 0xa9, 0x86, 0x67, 0x66, 0x66, 0x78, 0x99, 
	0x88, 0x77, 0x88, 0x99, 0x86, 0x55, 0x55, 0x67, 
	0x9a, 0xaa, 0x98, 0x88, 0x89, 0x99, 0x88, 0x98, 
	0x79, 0xaa, 0x9a, 0x99, 0x99, 0x99, 0xa9, 0x99, 
	0x99, 0xaa, 0x98, 0x65, 0x56, 0x79, 0x99, 0x87, 
	0x67, 0x77, 0x88, 0x89, 0x9a, 0x87, 0x89, 0xaa, 
	0x99, 0x99, 0x98, 0x88, 0x88, 0x88, 0x78, 0x88, 
	0x79, 0x99, 0x99, 0x99, 0x99, 0x99, 0x99, 0x99, 
	0x99, 0x99, 0xa9, 0x97, 0x89, 0x98, 0x77, 0x77, 
	0x78, 0x77, 0x89, 0x98, 0x99, 0x88, 0xaa, 0x88, 
	0x88, 0x88, 0x88, 0x99, 0x98, 0x88, 0x88, 0x87, 
	0x79, 0x99, 0x99, 0x99, 0x99, 0x99, 0x99, 0x89, 
	0x9a, 0x99, 0x99, 0x88, 0x88, 0x88, 0x77, 0x77, 
	0x77, 0x78, 0x88, 0x89, 0x88, 0x88, 0x99, 0x88, 
	0x88, 0x88, 0x88, 0x89, 0x88, 0x88, 0x87, 0x88, 
	0x79, 0x9a, 0x99, 0x99, 0x99, 0x99, 0x99, 0x98, 
	0x99, 0x99, 0x98, 0x88, 0x77, 0x88, 0x77, 0x88, 
	0x77, 0x88, 0x99, 0x99, 0x88, 0x78, 0x89, 0x89, 
	0x88, 0x88, 0x88, 0x88, 0x88, 0x89, 0x88, 0x88, 
	0x79, 0x99, 0x99, 0x99, 0x99, 0x99, 0x99, 0x88, 
	0x99, 0x99, 0x88, 0x87, 0x77, 0x87, 0x78, 0x88, 
	0x78, 0x88, 0x99, 0x99, 0x88, 0x88, 0x88, 0x89, 
	0x98, 0x88, 0x88, 0x88, 0x88, 0x88, 0x87, 0x88, 
	0x78, 0xa9, 0x99, 0x88, 0x99, 0x89, 0x98, 0x99, 
	0x99, 0x88, 0x98, 0x77, 0x88, 0x77, 0x88, 0x88, 
	0x89, 0x99, 0x99, 0x98, 0x88, 0x87, 0x88, 0x88, 
	0x89, 0x88, 0x88, 0x88, 0x87, 0x88, 0x88, 0x88, 
	0x89, 0x99, 0x99, 0x99, 0x99, 0x99, 0x99, 0x98, 
	0x88, 0x9a, 0x99, 0x77, 0x88, 0x78, 0x88, 0x88, 
	0x99, 0x98, 0x89, 0x98, 0x89, 0x77, 0x88, 0x88, 
	0x89, 0x89, 0x88, 0x88, 0x88, 0x88, 0x88, 0x88, 
	0x98, 0x9a, 0xa9, 0x99, 0x99, 0x89, 0x99, 0x98, 
	0x99, 0x99, 0x98, 0x77, 0x88, 0x88, 0x88, 0x88, 
	0x89, 0x98, 0x88, 0x98, 0x88, 0x78, 0x88, 0x88, 
	0x88, 0x89, 0x98, 0x88, 0x89, 0x98, 0x88, 0x99, 
	0x88, 0x9a, 0x9a, 0x98, 0x88, 0x89, 0x99, 0x88, 
	0x99, 0x89, 0x98, 0x77, 0x77, 0x87, 0x88, 0x88, 
	0x88, 0x88, 0x89, 0x99, 0x98, 0x77, 0x78, 0x88, 
	0x88, 0x98, 0x89, 0x87, 0x88, 0x98, 0x88, 0x98, 
	0x88, 0x99, 0x99, 0x98, 0x99, 0x88, 0x99, 0x89, 
	0x99, 0x99, 0x98, 0x77, 0x77, 0x88, 0x88, 0x88, 
	0x88, 0x88, 0x88, 0x89, 0x98, 0x77, 0x68, 0x78, 
	0x88, 0x88, 0x87, 0x88, 0x88, 0x89, 0x98, 0x88, 
	0x88, 0x98, 0x99, 0x98, 0x99, 0x89, 0x99, 0x99, 
	0x99, 0x99, 0x98, 0x77, 0x67, 0x78, 0x88, 0x88, 
	0x88, 0x88, 0x88, 0x89, 0x98, 0x69, 0x97, 0x67, 
	0x78, 0x88, 0x88, 0x88, 0x88, 0x88, 0x98, 0x88, 
	0x78, 0x97, 0x77, 0x77, 0x88, 0x88, 0x88, 0x99, 
	0x99, 0x98, 0x77, 0x76, 0x66, 0x78, 0x88, 0x88, 
	0x88, 0x88, 0x88, 0x88, 0x86, 0x8a, 0xa9, 0x98, 
	0x66, 0x78, 0x87, 0x78, 0x77, 0x88, 0x99, 0x88, 
	0x78, 0xa9, 0x99, 0x88, 0x87, 0x77, 0x77, 0x77, 
	0x77, 0x77, 0x89, 0x97, 0x76, 0x65, 0x66, 0x66, 
	0x67, 0x88, 0x88, 0x88, 0x68, 0xa9, 0x99, 0xa9, 
	0x99, 0x87, 0x66, 0x66, 0x66, 0x65, 0x66, 0x66, 
	0x99, 0x99, 0x99, 0x99, 0xaa, 0xaa, 0xaa, 0xaa, 
	0x99, 0x99, 0xab, 0xaa, 0xaa, 0xa9, 0x99, 0x87, 
	0x66, 0x66, 0x66, 0x66, 0x7a, 0x98, 0x89, 0x9a, 
	0xa9, 0x9a, 0xaa, 0xaa, 0xaa, 0x99, 0x89, 0x88, 
	0x87, 0x77, 0x77, 0x77, 0x88, 0x88, 0x88, 0x88, 
	0x99, 0x78, 0xa9, 0x98, 0x88, 0x88, 0x99, 0x99, 
	0xaa, 0xaa, 0xa8, 0x78, 0x9a, 0x98, 0x89, 0x88, 
	0x98, 0x8a, 0xbb, 0xbb, 0xab, 0xbb, 0xbb, 0xa7, 
	0x77, 0x77, 0x77, 0x78, 0x77, 0x77, 0x87, 0x88, 
	0x88, 0x68, 0x98, 0x88, 0x88, 0x89, 0x88, 0x88, 
	0x88, 0x89, 0x98, 0x8a, 0x88, 0x88, 0x88, 0x88, 
	0x87, 0x89, 0x99, 0x99, 0x99, 0xa9, 0x99, 0x87, 
	0x88, 0x77, 0x77, 0x77, 0x78, 0x77, 0x77, 0x88, 
	0x88, 0x68, 0x99, 0x88, 0x88, 0x88, 0x88, 0x88, 
	0x98, 0x88, 0x98, 0x79, 0x88, 0x89, 0x88, 0x88, 
	0x87, 0x89, 0x99, 0xaa, 0x99, 0x99, 0x99, 0x88, 
	0x87, 0x87, 0x77, 0x77, 0x77, 0x77, 0x88, 0x78, 
	0x77, 0x68, 0x88, 0x88, 0x88, 0x88, 0x88, 0x88, 
	0x88, 0x88, 0x88, 0x79, 0x89, 0x98, 0x88, 0x88, 
	0x87, 0x79, 0x99, 0xa9, 0x99, 0x99, 0x99, 0x77, 
	0x88, 0x88, 0x77, 0x77, 0x77, 0x77, 0x87, 0x77, 
	0x76, 0x68, 0x78, 0x88, 0x88, 0x88, 0x88, 0x88, 
	0x88, 0x88, 0x88, 0x7a, 0x88, 0x88, 0x88, 0x87, 
	0x77, 0x79, 0x99, 0x99, 0x99, 0x99, 0x88, 0x78, 
	0x77, 0x77, 0x77, 0x77, 0x78, 0x77, 0x77, 0x87, 
	0x76, 0x79, 0x88, 0x88, 0x99, 0x88, 0x98, 0x88, 
	0x77, 0x88, 0x88, 0x79, 0x88, 0x88, 0x78, 0x88, 
	0x88, 0x79, 0x99, 0x9a, 0x99, 0x99, 0x98, 0x77, 
	0x78, 0x78, 0x77, 0x77, 0x77, 0x77, 0x77, 0x77, 
	0x76, 0x88, 0x88, 0x88, 0x89, 0x88, 0x88, 0x88, 
	0x88, 0x88, 0x88, 0x79, 0x98, 0x88, 0x88, 0x88, 
	0x88, 0x79, 0x9a, 0x99, 0xa9, 0x99, 0x98, 0x77, 
	0x88, 0x87, 0x77, 0x77, 0x77, 0x77, 0x77, 0x77, 
	0x76, 0x88, 0x88, 0x88, 0x88, 0x89, 0x89, 0x87, 
	0x77, 0x88, 0x88, 0x79, 0x98, 0x89, 0x88, 0x78, 
	0x87, 0x79, 0xaa, 0x99, 0x99, 0x99, 0x98, 0x78, 
	0x88, 0x78, 0x77, 0x77, 0x77, 0x77, 0x77, 0x77, 
	0x76, 0x88, 0x78, 0x88, 0x89, 0x99, 0x88, 0x88, 
	0x88, 0x78, 0x88, 0x79, 0x88, 0x98, 0x78, 0x78, 
	0x87, 0x89, 0x99, 0xa9, 0x99, 0x99, 0x97, 0x78, 
	0x78, 0x87, 0x66, 0x77, 0x77, 0x78, 0x77, 0x77, 
	0x67, 0x97, 0x88, 0x88, 0x78, 0x89, 0x98, 0x88, 
	0x87, 0x88, 0x88, 0x79, 0x88, 0x88, 0x78, 0x78, 
	0x77, 0x89, 0x99, 0x99, 0x99, 0x9a, 0xa8, 0x88, 
	0x88, 0x87, 0x77, 0x77, 0x77, 0x77, 0x78, 0x77, 
	0x66, 0x77, 0x88, 0x87, 0x78, 0x78, 0x88, 0x77, 
	0x88, 0x87, 0x77, 0x69, 0x86, 0x66, 0x66, 0x65, 
	0x65, 0x89, 0x99, 0x99, 0x9a, 0x99, 0x97, 0x78, 
	0x77, 0x77, 0x77, 0x77, 0x77, 0x77, 0x76, 0x65, 
	0x67, 0x57, 0x88, 0x88, 0x89, 0x88, 0x88, 0x87, 
	0x88, 0x87, 0x66, 0x78, 0x99, 0x88, 0x99, 0x88, 
	0x88, 0x98, 0x78, 0x88, 0x88, 0x88, 0x87, 0x77, 
	0x66, 0x66, 0x77, 0x77, 0x77, 0x65, 0x56, 0x89, 
	0xa9, 0x97, 0x68, 0x88, 0x77, 0x88, 0x98, 0x88, 
	0x87, 0x65, 0x68, 0xaa, 0xa9, 0xaa, 0xaa, 0xab, 
	0xb8, 0x99, 0x99, 0x87, 0x77, 0x77, 0x67, 0x66, 
	0x87, 0x76, 0x66, 0x55, 0x55, 0x56, 0x9a, 0xa9, 
	0x89, 0xa9, 0x87, 0x78, 0x77, 0x78, 0x98, 0x87, 
	0x66, 0x78, 0x9a, 0x99, 0x88, 0x98, 0x99, 0x98, 
	0x97, 0x99, 0xaa, 0xaa, 0xaa, 0xa9, 0xa9, 0x88, 
	0xaa, 0xa9, 0x9a, 0xa9, 0x88, 0x9a, 0x98, 0x88, 
	0x78, 0x8a, 0x99, 0x87, 0x67, 0x88, 0x87, 0x66, 
	0x78, 0xaa, 0xa9, 0x89, 0x87, 0x88, 0x99, 0x98, 
	0x87, 0x77, 0x78, 0x87, 0x78, 0x89, 0xaa, 0x9a, 
	0x88, 0x98, 0x88, 0x99, 0x88, 0x88, 0x78, 0x77, 
	0x78, 0x77, 0x99, 0x99, 0x86, 0x67, 0x66, 0x79, 
	0x8a, 0xa8, 0x98, 0x89, 0x88, 0x88, 0x99, 0x99, 
	0x87, 0x77, 0x77, 0x77, 0x77, 0x77, 0x78, 0x88, 
	0x88, 0x88, 0x88, 0x88, 0x78, 0x88, 0x88, 0x87, 
	0x87, 0x77, 0x78, 0x9a, 0x99, 0x76, 0x79, 0xa9, 
	0x79, 0x99, 0x88, 0x88, 0x98, 0x88, 0x88, 0x99, 
	0x87, 0x77, 0x77, 0x77, 0x77, 0x77, 0x78, 0x88, 
	0x89, 0x88, 0x78, 0x88, 0x67, 0x78, 0x87, 0x78, 
	0x88, 0x87, 0x77, 0x77, 0x9a, 0x9a, 0xaa, 0xa8, 
	0x79, 0x88, 0x88, 0x88, 0x88, 0x88, 0x98, 0x88, 
	0x88, 0x77, 0x77, 0x77, 0x77, 0x77, 0x88, 0x98, 
	0x88, 0x88, 0x78, 0x88, 0x77, 0x87, 0x77, 0x78, 
	0x78, 0x88, 0x88, 0x78, 0x99, 0x89, 0xa9, 0x87, 
	0x78, 0x88, 0x89, 0x99, 0x98, 0x78, 0x88, 0x88, 
	0x87, 0x77, 0x77, 0x77, 0x77, 0x88, 0x88, 0x88, 
	0x78, 0x88, 0x87, 0x77, 0x78, 0x78, 0x77, 0x78, 
	0x88, 0x78, 0x87, 0x88, 0x88, 0x77, 0x88, 0x87, 
	0x78, 0x89, 0x99, 0x98, 0x88, 0x77, 0x98, 0x88, 
	0x87, 0x78, 0x77, 0x77, 0x77, 0x87, 0x77, 0x88, 
	0x87, 0x78, 0x77, 0x78, 0x88, 0x88, 0x77, 0x77, 
	0x87, 0x88, 0x78, 0x88, 0x77, 0x77, 0x88, 0x87, 
	0x78, 0x88, 0x98, 0x88, 0x88, 0x88, 0x89, 0x99, 
	0x98, 0x77, 0x77, 0x77, 0x77, 0x78, 0x87, 0x78, 
	0x78, 0x87, 0x77, 0x77, 0x78, 0x87, 0x77, 0x78, 
	0x88, 0x78, 0x88, 0x77, 0x77, 0x77, 0x77, 0x88, 
	0x78, 0x89, 0x99, 0x88, 0x98, 0x88, 0x89, 0x88, 
	0x88, 0x77, 0x77, 0x77, 0x77, 0x78, 0x78, 0x88, 
	0x77, 0x77, 0x77, 0x77, 0x77, 0x77, 0x77, 0x77, 
	0x88, 0x78, 0x88, 0x77, 0x78, 0x77, 0x77, 0x88, 
	0x78, 0x99, 0x88, 0x88, 0x99, 0x89, 0x98, 0x88, 
	0x88, 0x77, 0x77, 0x78, 0x87, 0x78, 0x87, 0x88, 
	0x88, 0x77, 0x77, 0x77, 0x77, 0x77, 0x77, 0x78, 
	0x87, 0x88, 0x88, 0x87, 0x87, 0x77, 0x88, 0x77, 
	0x78, 0x88, 0x78, 0x87, 0x88, 0x87, 0x88, 0x88, 
	0x88, 0x77, 0x77, 0x77, 0x87, 0x77, 0x88, 0x78, 
	0x77, 0x78, 0x77, 0x77, 0x77, 0x78, 0x77, 0x77, 
	0x88, 0x99, 0x87, 0x88, 0x77, 0x67, 0x78, 0x77, 
	0x78, 0x88, 0x88, 0x88, 0x88, 0x77, 0x88, 0x88, 
	0x99, 0x76, 0x77, 0x78, 0x77, 0x77, 0x87, 0x88, 
	0x77, 0x88, 0x77, 0x77, 0x77, 0x77, 0x77, 0x77, 
	0x87, 0x88, 0x88, 0x88, 0x87, 0x67, 0x78, 0x77, 
	0x68, 0x88, 0x88, 0x88, 0x88, 0x88, 0x88, 0x88, 
	0x89, 0x86, 0x67, 0x77, 0x77, 0x78, 0x88, 0x87, 
	0x88, 0x77, 0x77, 0x77, 0x77, 0x78, 0x77, 0x77, 
	0x77, 0x77, 0x78, 0x88, 0x88, 0x78, 0x77, 0x88, 
	0x77, 0x88, 0x88, 0x89, 0x99, 0x89, 0x99, 0x99, 
	0x89, 0x86, 0x77, 0x77, 0x78, 0x78, 0x88, 0x88, 
	0x88, 0x88, 0x77, 0x77, 0x77, 0x88, 0x77, 0x87, 
	0x87, 0x87, 0x88, 0x88, 0x88, 0x78, 0x77, 0x87, 
	0x78, 0x98, 0x89, 0x98, 0x89, 0x98, 0x99, 0x99, 
	0x99, 0x86, 0x77, 0x77, 0x78, 0x88, 0x88, 0x88, 
	
};

Gfx bob_dl_Glover_B7EE1B22_0_0_5A62BD49_ciByRGBA_i4_aligner[] = {gsSPEndDisplayList()};
u8 bob_dl_Glover_B7EE1B22_0_0_5A62BD49_ciByRGBA_i4[] = {
	0xdd, 0xcb, 0xbb, 0xaa, 0xab, 0xbc, 0xcc, 0xba, 
	0xa9, 0x99, 0x99, 0x88, 0x88, 0x9a, 0xaa, 0xbb, 
	0xba, 0xaa, 0xab, 0xbb, 0xaa, 0x99, 0x88, 0x89, 
	0x9a, 0xaa, 0xbb, 0xbb, 0xbb, 0xbc, 0xdd, 0xfd, 
	0xdc, 0xcb, 0xaa, 0xaa, 0xaa, 0xbb, 0xcc, 0xba, 
	0xa9, 0x99, 0x99, 0x98, 0x89, 0x9a, 0xab, 0xba, 
	0xaa, 0xaa, 0xaa, 0xab, 0xaa, 0x99, 0x88, 0x99, 
	0x9a, 0xaa, 0xbc, 0xbb, 0xbb, 0xbc, 0xcd, 0xdd, 
	0xdc, 0xba, 0xaa, 0xaa, 0xaa, 0xab, 0xbc, 0xba, 
	0xa9, 0x98, 0x88, 0x99, 0x99, 0x9a, 0xab, 0xba, 
	0xaa, 0x9a, 0x9a, 0xaa, 0xaa, 0xa9, 0x98, 0x89, 
	0x9a, 0xab, 0xbb, 0xbb, 0xab, 0xbb, 0xcc, 0xdd, 
	0xdc, 0xba, 0xaa, 0xaa, 0xaa, 0xaa, 0xbc, 0xba, 
	0xa9, 0x98, 0x89, 0x99, 0x99, 0xaa, 0xab, 0xaa, 
	0x99, 0x99, 0x99, 0xaa, 0xaa, 0xa9, 0x98, 0x99, 
	0x9a, 0xab, 0xbb, 0xaa, 0xaa, 0xaa, 0xbb, 0xdd, 
	0xcb, 0xaa, 0xaa, 0xaa, 0xaa, 0xaa, 0xbb, 0xba, 
	0xaa, 0x98, 0x89, 0x9a, 0xaa, 0xaa, 0xba, 0xa9, 
	0x99, 0x89, 0x99, 0x9a, 0xaa, 0xa9, 0x99, 0x99, 
	0xaa, 0xab, 0xaa, 0xa9, 0xa9, 0xaa, 0xab, 0xcd, 
	0xcb, 0xaa, 0xaa, 0x9a, 0x9a, 0xaa, 0xbb, 0xaa, 
	0xaa, 0x99, 0x99, 0x9a, 0xaa, 0xaa, 0xba, 0xa9, 
	0x88, 0x88, 0x88, 0x9a, 0xaa, 0xaa, 0x99, 0xaa, 
	0xaa, 0xbb, 0xaa, 0x99, 0x99, 0x9a, 0xaa, 0xbc, 
	0xcb, 0xba, 0xaa, 0xa9, 0xaa, 0xaa, 0xba, 0xaa, 
	0xaa, 0xa9, 0x9a, 0xaa, 0xaa, 0xab, 0xba, 0xa9, 
	0x88, 0x88, 0x88, 0x99, 0xab, 0xaa, 0xaa, 0xaa, 
	0xab, 0xba, 0xa9, 0x98, 0x88, 0x89, 0xaa, 0xbc, 
	0xcb, 0xaa, 0xaa, 0x99, 0x9a, 0xaa, 0xaa, 0xa9, 
	0x99, 0x9a, 0xaa, 0xaa, 0xaa, 0xbb, 0xba, 0x99, 
	0x88, 0x88, 0x88, 0x9a, 0xaa, 0xba, 0xaa, 0xaa, 
	0xab, 0xba, 0xa9, 0x98, 0x88, 0x89, 0x9a, 0xab, 
	0xcb, 0xba, 0xaa, 0xaa, 0xaa, 0xaa, 0xaa, 0x99, 
	0x99, 0x9a, 0xaa, 0xaa, 0xaa, 0xaa, 0xaa, 0xa9, 
	0x88, 0x88, 0x88, 0x89, 0xab, 0xbb, 0xbb, 0xbb, 
	0xbb, 0xba, 0x99, 0x88, 0x78, 0x88, 0x9a, 0xab, 
	0xcb, 0xba, 0xaa, 0xaa, 0xaa, 0xaa, 0xaa, 0x99, 
	0x88, 0x89, 0xaa, 0xaa, 0xaa, 0x9a, 0xaa, 0xa9, 
	0x88, 0x88, 0x78, 0x9a, 0xab, 0xcc, 0xbb, 0xbb, 
	0xcb, 0xaa, 0x98, 0x87, 0x77, 0x88, 0x99, 0xab, 
	0xcc, 0xba, 0xaa, 0xaa, 0xaa, 0xaa, 0xaa, 0x98, 
	0x88, 0x89, 0x9a, 0xa9, 0x99, 0x99, 0xaa, 0xa9, 
	0x88, 0x88, 0x88, 0x9a, 0xab, 0xcd, 0xcc, 0xcc, 
	0xcc, 0xaa, 0x98, 0x87, 0x77, 0x78, 0x9a, 0xab, 
	0xcc, 0xbb, 0xaa, 0xaa, 0xaa, 0xaa, 0xa9, 0x98, 
	0x88, 0x88, 0x9a, 0x99, 0x98, 0x99, 0x9a, 0xaa, 
	0x98, 0x88, 0x89, 0x9a, 0xab, 0xcd, 0xdd, 0xdd, 
	0xdb, 0xaa, 0x98, 0x77, 0x77, 0x78, 0x99, 0xab, 
	0xcd, 0xcb, 0xaa, 0xaa, 0xaa, 0xaa, 0xa9, 0x98, 
	0x88, 0x88, 0x99, 0x99, 0x88, 0x88, 0x99, 0xaa, 
	0x99, 0x98, 0x99, 0xaa, 0xbb, 0xdd, 0xdd, 0xdd, 
	0xdc, 0xaa, 0x98, 0x87, 0x77, 0x78, 0x99, 0xab, 
	0xcd, 0xcc, 0xbb, 0xaa, 0xbb, 0xba, 0xa9, 0x98, 
	0x88, 0x88, 0x89, 0x99, 0x88, 0x88, 0x99, 0xaa, 
	0xaa, 0x9a, 0x9a, 0xaa, 0xbb, 0xbc, 0xcd, 0xdd, 
	0xdc, 0xba, 0xa9, 0x88, 0x88, 0x88, 0x9a, 0xab, 
	0xcb, 0xbb, 0xbb, 0xbb, 0xbb, 0xba, 0xa9, 0x98, 
	0x88, 0x88, 0x9a, 0x98, 0x88, 0x88, 0x99, 0x9a, 
	0xaa, 0xaa, 0xaa, 0xaa, 0xba, 0xbb, 0xbc, 0xcd, 
	0xdc, 0xba, 0xa9, 0x98, 0x88, 0x89, 0x9a, 0xab, 
	0xbb, 0xbb, 0xbb, 0xbb, 0xcc, 0xbb, 0xaa, 0x99, 
	0x88, 0x99, 0x9a, 0xa9, 0x88, 0x88, 0x89, 0x99, 
	0xaa, 0xaa, 0xaa, 0xaa, 0xaa, 0xaa, 0xbb, 0xcd, 
	0xdd, 0xbb, 0xaa, 0x99, 0x98, 0x99, 0xaa, 0xbb, 
	0xba, 0xaa, 0xaa, 0xbb, 0xcd, 0xcb, 0xaa, 0xa9, 
	0x98, 0x99, 0xaa, 0xa9, 0x99, 0x88, 0x88, 0x89, 
	0xaa, 0xbb, 0xba, 0xaa, 0xaa, 0xaa, 0xab, 0xcd, 
	0xdd, 0xcb, 0xaa, 0xa9, 0x99, 0xaa, 0xaa, 0xbb, 
	0xaa, 0xaa, 0xaa, 0xab, 0xcd, 0xcb, 0xaa, 0xa9, 
	0x99, 0x99, 0xaa, 0xaa, 0x99, 0x98, 0x88, 0x89, 
	0xaa, 0xbb, 0xba, 0xaa, 0xaa, 0xaa, 0xbb, 0xcd, 
	0xdd, 0xcb, 0xaa, 0xaa, 0xaa, 0xaa, 0xab, 0xbb, 
	0xaa, 0x99, 0xaa, 0xaa, 0xbc, 0xdc, 0xba, 0xaa, 
	0xa9, 0xaa, 0xaa, 0xaa, 0xaa, 0x98, 0x88, 0x89, 
	0x9a, 0xab, 0xbb, 0xba, 0xaa, 0xab, 0xbc, 0xdd, 
	0xdd, 0xcb, 0xaa, 0xaa, 0xaa, 0xaa, 0xbb, 0xba, 
	0xa9, 0x99, 0x9a, 0xaa, 0xbc, 0xdc, 0xbb, 0xaa, 
	0xaa, 0xaa, 0xab, 0xbb, 0xaa, 0x98, 0x88, 0x89, 
	0xaa, 0xbc, 0xcb, 0xbb, 0xbb, 0xbb, 0xcd, 0xdd, 
	0xdd, 0xcb, 0xaa, 0xaa, 0xaa, 0xaa, 0xbb, 0xaa, 
	0x99, 0x99, 0x99, 0xaa, 0xab, 0xcd, 0xcb, 0xba, 
	0xaa, 0xaa, 0xab, 0xbb, 0xaa, 0x99, 0x98, 0x99, 
	0xaa, 0xbc, 0xdc, 0xcb, 0xbb, 0xcc, 0xdd, 0xdd, 
	0xdd, 0xcb, 0xaa, 0xaa, 0xaa, 0xab, 0xbb, 0xaa, 
	0x98, 0x88, 0x89, 0x9a, 0xab, 0xcd, 0xdc, 0xbb, 
	0xbb, 0xbb, 0xbc, 0xcb, 0xba, 0xa9, 0x99, 0x9a, 
	0xab, 0xbd, 0xdc, 0xdc, 0xcc, 0xdd, 0xdd, 0xdd, 
	0xdd, 0xcb, 0xba, 0xaa, 0xaa, 0xab, 0xbb, 0xaa, 
	0x98, 0x88, 0x89, 0x9a, 0xab, 0xcd, 0xdc, 0xbb, 
	0xba, 0xab, 0xbb, 0xcb, 0xba, 0xaa, 0xaa, 0xaa, 
	0xbb, 0xcd, 0xcc, 0xcd, 0xdd, 0xdd, 0xff, 0xdd, 
	0xfd, 0xdc, 0xbb, 0xaa, 0xaa, 0xbb, 0xba, 0xaa, 
	0x98, 0x88, 0x88, 0x99, 0xab, 0xcd, 0xcb, 0xba, 
	0xaa, 0xaa, 0xaa, 0xbb, 0xba, 0xaa, 0xaa, 0xaa, 
	0xbc, 0xdd, 0xcd, 0xcd, 0xdd, 0xdf, 0xff, 0xff, 
	0xfd, 0xdc, 0xbb, 0xba, 0xba, 0xaa, 0xaa, 0xaa, 
	0x98, 0x88, 0x89, 0x9a, 0xab, 0xcd, 0xcb, 0xaa, 
	0xaa, 0xaa, 0xaa, 0xbb, 0xba, 0xba, 0xab, 0xbb, 
	0xcc, 0xdc, 0xcc, 0xcd, 0xdd, 0xdf, 0xff, 0xff, 
	0xff, 0xdd, 0xcc, 0xbb, 0xaa, 0xaa, 0xaa, 0xaa, 
	0x98, 0x88, 0x88, 0x9a, 0xab, 0xcc, 0xba, 0xaa, 
	0xa9, 0xaa, 0xaa, 0xab, 0xbb, 0xbb, 0xbb, 0xbc, 
	0xdd, 0xdd, 0xdc, 0xdc, 0xdd, 0xdd, 0xdf, 0xff, 
	0xff, 0xdd, 0xdc, 0xcb, 0xaa, 0x99, 0x9a, 0xaa, 
	0x99, 0x88, 0x89, 0x9a, 0xab, 0xcb, 0xba, 0xaa, 
	0x9a, 0x99, 0xaa, 0xab, 0xbb, 0xbc, 0xcc, 0xcd, 
	0xdd, 0xdd, 0xdd, 0xdd, 0xdd, 0xdd, 0xdd, 0xdf, 
	0xff, 0xff, 0xdc, 0xba, 0xaa, 0x99, 0x99, 0xa9, 
	0x99, 0x98, 0x99, 0xaa, 0xab, 0xcb, 0xaa, 0xa9, 
	0xa9, 0x99, 0x9a, 0xab, 0xbb, 0xcc, 0xcd, 0xcc, 
	0xcc, 0xcd, 0xdd, 0xdd, 0xdd, 0xcc, 0xdd, 0xdd, 
	0xff, 0xfd, 0xdc, 0xba, 0xa9, 0x99, 0x99, 0x99, 
	0xa9, 0x99, 0xa9, 0xaa, 0xbb, 0xcb, 0xaa, 0xa9, 
	0x99, 0x99, 0x9a, 0xab, 0xbb, 0xbc, 0xcc, 0xbb, 
	0xbb, 0xcc, 0xdd, 0xdc, 0xcc, 0xbc, 0xcd, 0xdd, 
	0xff, 0xfd, 0xdc, 0xba, 0xa9, 0x98, 0x89, 0x99, 
	0xaa, 0xaa, 0xaa, 0xaa, 0xbc, 0xcb, 0xaa, 0xa9, 
	0x99, 0x99, 0x99, 0xaa, 0xbb, 0xbb, 0xcb, 0xba, 
	0xbb, 0xbb, 0xcd, 0xcc, 0xbb, 0xbb, 0xbc, 0xcd, 
	0xdf, 0xff, 0xdb, 0xba, 0xa9, 0x98, 0x88, 0x99, 
	0xaa, 0xaa, 0xaa, 0xab, 0xbd, 0xcb, 0xaa, 0xa9, 
	0x98, 0x99, 0x99, 0xaa, 0xbb, 0xbb, 0xba, 0xaa, 
	0xaa, 0xab, 0xcc, 0xcb, 0xba, 0xaa, 0xab, 0xcd, 
	0xdd, 0xfd, 0xdc, 0xba, 0xa9, 0x88, 0x88, 0x99, 
	0xaa, 0xaa, 0xaa, 0xab, 0xcd, 0xcb, 0xaa, 0xa9, 
	0x88, 0x99, 0x9a, 0xaa, 0xbb, 0xab, 0xaa, 0xaa, 
	0xaa, 0xaa, 0xbc, 0xbb, 0xaa, 0xaa, 0xab, 0xbc, 
	0xdd, 0xfd, 0xdb, 0xba, 0xa9, 0x88, 0x88, 0x89, 
	0xaa, 0xa9, 0xaa, 0xab, 0xcd, 0xcb, 0xaa, 0xa9, 
	0x98, 0x99, 0x9a, 0xaa, 0xaa, 0xaa, 0xaa, 0xaa, 
	0xaa, 0xaa, 0xbb, 0xba, 0xaa, 0xaa, 0xaa, 0xbc, 
	0xdd, 0xdd, 0xcb, 0xaa, 0xa9, 0x98, 0x89, 0x99, 
	0xa9, 0x99, 0x99, 0xab, 0xcc, 0xcb, 0xaa, 0xa9, 
	0x99, 0x99, 0xaa, 0xaa, 0xaa, 0xaa, 0xaa, 0xaa, 
	0xaa, 0xaa, 0xbb, 0xaa, 0xaa, 0xa9, 0xaa, 0xab, 
	0xcd, 0xdd, 0xcb, 0xaa, 0xa9, 0x99, 0x99, 0x9a, 
	0xa9, 0x98, 0x9a, 0xab, 0xbc, 0xbb, 0xaa, 0xaa, 
	0xaa, 0x9a, 0xaa, 0xaa, 0xaa, 0xa9, 0x99, 0xaa, 
	0xaa, 0xaa, 0xab, 0xaa, 0xa9, 0xa9, 0xaa, 0xab, 
	0xcc, 0xdd, 0xbb, 0xaa, 0xa9, 0xa9, 0x99, 0xaa, 
	0xa9, 0x98, 0x99, 0xaa, 0xbb, 0xba, 0xaa, 0xaa, 
	0x9a, 0xaa, 0xaa, 0xaa, 0xaa, 0x99, 0x89, 0x9a, 
	0xaa, 0xaa, 0xbb, 0xaa, 0xaa, 0x99, 0xaa, 0xaa, 
	0xbb, 0xdc, 0xba, 0xa9, 0x99, 0x99, 0x9a, 0xaa, 
	0xa9, 0x99, 0x9a, 0xab, 0xbb, 0xaa, 0xa9, 0xa9, 
	0xaa, 0xaa, 0xab, 0xba, 0xa9, 0x88, 0x88, 0x9a, 
	0xaa, 0xaa, 0xab, 0xaa, 0xa9, 0x9a, 0xaa, 0xaa, 
	0xab, 0xcc, 0xba, 0xaa, 0x98, 0x99, 0x9a, 0xaa, 
	0xa9, 0x99, 0x9a, 0xab, 0xbb, 0xaa, 0xa9, 0x99, 
	0xaa, 0xaa, 0xaa, 0xaa, 0x99, 0x88, 0x88, 0x89, 
	0xaa, 0xaa, 0xaa, 0xaa, 0xaa, 0xa9, 0xa9, 0xaa, 
	0xab, 0xbc, 0xba, 0xa9, 0x99, 0x89, 0x99, 0xaa, 
	0xa9, 0x99, 0xaa, 0xab, 0xba, 0xaa, 0xaa, 0x9a, 
	0x9a, 0xaa, 0xaa, 0xaa, 0x99, 0x88, 0x88, 0x99, 
	0xaa, 0xaa, 0xaa, 0xaa, 0x99, 0xa9, 0x99, 0x9a, 
	0xaa, 0xbc, 0xba, 0xaa, 0x99, 0x99, 0x99, 0xaa, 
	0xaa, 0x9a, 0xaa, 0xbb, 0xaa, 0xaa, 0xa9, 0xa9, 
	0xaa, 0x9a, 0x9a, 0xaa, 0x99, 0x88, 0x78, 0x89, 
	0xaa, 0xaa, 0xaa, 0x99, 0x99, 0x99, 0x99, 0x9a, 
	0xaa, 0xbb, 0xba, 0xaa, 0x99, 0x99, 0xa9, 0xaa, 
	0xaa, 0xaa, 0xab, 0xbb, 0xaa, 0xa9, 0x9a, 0xaa, 
	0xa9, 0x99, 0x99, 0xaa, 0x99, 0x88, 0x88, 0x99, 
	0xaa, 0xba, 0xa9, 0x99, 0x89, 0x99, 0x99, 0x99, 
	0xaa, 0xaa, 0xbb, 0xaa, 0xa9, 0x9a, 0xaa, 0xaa, 
	0xaa, 0xaa, 0xab, 0xba, 0xaa, 0xa9, 0x99, 0x9a, 
	0xa9, 0x99, 0x99, 0xaa, 0xa9, 0x98, 0x88, 0x9a, 
	0xaa, 0xba, 0xaa, 0x98, 0x88, 0x99, 0x89, 0x99, 
	0xaa, 0xaa, 0xbb, 0xaa, 0xaa, 0x9a, 0xaa, 0xab, 
	0xbb, 0xaa, 0xbb, 0xba, 0xaa, 0xa9, 0x99, 0x9a, 
	0x99, 0x88, 0x99, 0x9a, 0xa9, 0x98, 0x89, 0x9a, 
	0xaa, 0xba, 0xa9, 0x98, 0x88, 0x98, 0x98, 0x9a, 
	0x9a, 0xaa, 0xab, 0xba, 0xaa, 0xaa, 0xaa, 0xab, 
	0xbb, 0xaa, 0xaa, 0xba, 0xaa, 0x99, 0x99, 0x9a, 
	0x99, 0x98, 0x99, 0xaa, 0xaa, 0x99, 0x99, 0xaa, 
	0xab, 0xaa, 0xa9, 0x88, 0x88, 0x89, 0x89, 0x99, 
	0xaa, 0x9a, 0xab, 0xbb, 0xaa, 0xaa, 0xab, 0xbb, 
	0xba, 0xaa, 0xaa, 0xab, 0xaa, 0xa9, 0x99, 0x9a, 
	0x99, 0x88, 0x99, 0xaa, 0xaa, 0xa9, 0xaa, 0xaa, 
	0xbb, 0xba, 0x99, 0x98, 0x88, 0x99, 0x99, 0x9a, 
	0x99, 0x9a, 0xaa, 0xbb, 0xbb, 0xab, 0xbb, 0xbb, 
	0xbb, 0xaa, 0xaa, 0xbb, 0xaa, 0xa9, 0x99, 0xaa, 
	0x99, 0x88, 0x99, 0xaa, 0xaa, 0xaa, 0xaa, 0xab, 
	0xbb, 0xba, 0xa9, 0x99, 0x99, 0x99, 0x99, 0x9a, 
	0x99, 0x9a, 0xaa, 0xbc, 0xcb, 0xbb, 0xbb, 0xbb, 
	0xaa, 0xbb, 0xaa, 0xbb, 0xba, 0xaa, 0xa9, 0xaa, 
	0xa9, 0x99, 0x9a, 0xaa, 0xab, 0xaa, 0xaa, 0xbb, 
	0xcc, 0xba, 0xa9, 0x99, 0x99, 0x9a, 0x99, 0xa9, 
	0x99, 0x99, 0xaa, 0xbc, 0xcb, 0xbb, 0xbb, 0xbb, 
	0xbb, 0xab, 0xbb, 0xbb, 0xba, 0xaa, 0xaa, 0xaa, 
	0xaa, 0x99, 0x9a, 0xaa, 0xbb, 0xbb, 0xbb, 0xbc, 
	0xdc, 0xbb, 0xaa, 0x99, 0x99, 0xaa, 0xaa, 0xaa, 
	0x99, 0x9a, 0xaa, 0xbc, 0xcb, 0xbb, 0xbb, 0xbb, 
	0xbb, 0xbb, 0xbb, 0xbc, 0xbb, 0xaa, 0xaa, 0xaa, 
	0xaa, 0xaa, 0xaa, 0xaa, 0xbb, 0xbb, 0xbc, 0xcd, 
	0xdd, 0xcb, 0xaa, 0xaa, 0xaa, 0xaa, 0xaa, 0xa9, 
	0x9a, 0xaa, 0xab, 0xbc, 0xcb, 0xbb, 0xab, 0xbb, 
	0xbb, 0xbb, 0xbc, 0xcc, 0xcb, 0xaa, 0xaa, 0xaa, 
	0xaa, 0xaa, 0xaa, 0xab, 0xbb, 0xbb, 0xbb, 0xcc, 
	0xdd, 0xcb, 0xba, 0xaa, 0xaa, 0xaa, 0xaa, 0xaa, 
	0xaa, 0xaa, 0xab, 0xbb, 0xbb, 0xbb, 0xbb, 0xbb, 
	0xbb, 0xbc, 0xcc, 0xcd, 0xdc, 0xba, 0xaa, 0xaa, 
	0xaa, 0xaa, 0xab, 0xbb, 0xaa, 0xaa, 0xaa, 0xbb, 
	0xcd, 0xdc, 0xbb, 0xaa, 0xaa, 0xab, 0xbb, 0xaa, 
	0xaa, 0xaa, 0xbb, 0xba, 0xab, 0xbb, 0xbb, 0xbb, 
	0xbb, 0xbb, 0xbc, 0xdd, 0xdc, 0xbb, 0xaa, 0xab, 
	0xbb, 0xba, 0xbb, 0xba, 0xaa, 0xaa, 0xaa, 0xab, 
	0xcd, 0xdd, 0xcb, 0xbb, 0xbb, 0xbb, 0xbb, 0xaa, 
	0xaa, 0xaa, 0xba, 0xaa, 0xaa, 0xbb, 0xbb, 0xcb, 
	0xbb, 0xbb, 0xbb, 0xcc, 0xdd, 0xcc, 0xbb, 0xbb, 
	0xbb, 0xcb, 0xbb, 0xaa, 0xa9, 0xa9, 0xaa, 0xaa, 
	0xbc, 0xdd, 0xcc, 0xbb, 0xbb, 0xbb, 0xbb, 0xbb, 
	0xbb, 0xbb, 0xaa, 0xaa, 0xaa, 0xab, 0xbc, 0xcc, 
	0xbb, 0xba, 0xbb, 0xbc, 0xdd, 0xdc, 0xcc, 0xbc, 
	0xcc, 0xdc, 0xcb, 0xaa, 0xa9, 0x9a, 0x9a, 0xaa, 
	0xbc, 0xdd, 0xcc, 0xbb, 0xbb, 0xbb, 0xbb, 0xbb, 
	0xbb, 0xbb, 0xaa, 0xaa, 0xaa, 0xaa, 0xbc, 0xcc, 
	0xbb, 0xaa, 0xab, 0xbc, 0xdd, 0xdd, 0xdc, 0xdc, 
	0xdd, 0xdd, 0xba, 0xaa, 0xa9, 0x99, 0x99, 0xaa, 
	0xab, 0xcd, 0xcb, 0xbb, 0xbb, 0xbb, 0xbb, 0xbb, 
	0xcc, 0xba, 0xaa, 0xaa, 0xaa, 0xaa, 0xab, 0xcc, 
	0xba, 0xaa, 0xab, 0xbc, 0xcd, 0xdd, 0xdd, 0xdd, 
	0xdd, 0xdc, 0xba, 0xa9, 0x99, 0x89, 0x99, 0xaa, 
	0xab, 0xcc, 0xcb, 0xbb, 0xbb, 0xbb, 0xbb, 0xbb, 
	0xcb, 0xba, 0xaa, 0xaa, 0x9a, 0xaa, 0xab, 0xcb, 
	0xba, 0xaa, 0xaa, 0xbc, 0xdd, 0xff, 0xdd, 0xdd, 
	0xdd, 0xdc, 0xba, 0xa9, 0x99, 0x88, 0x89, 0x9a, 
	0xab, 0xcd, 0xcb, 0xbb, 0xbb, 0xba, 0xab, 0xbb, 
	0xbb, 0xba, 0xaa, 0x99, 0xaa, 0xaa, 0xab, 0xcb, 
	0xbb, 0xaa, 0xab, 0xbb, 0xdd, 0xdf, 0xff, 0xfd, 
	0xdc, 0xcc, 0xba, 0xa9, 0x98, 0x88, 0x89, 0x9a, 
	0xab, 0xcd, 0xcb, 0xbb, 0xbb, 0xba, 0xaa, 0xaa, 
	0xbb, 0xba, 0xaa, 0xaa, 0x9a, 0xaa, 0xab, 0xcb, 
	0xba, 0xaa, 0xab, 0xbc, 0xdd, 0xff, 0xff, 0xdd, 
	0xcc, 0xbb, 0xaa, 0xa9, 0x98, 0x88, 0x89, 0x9a, 
	0xab, 0xcd, 0xcc, 0xbb, 0xbb, 0xaa, 0xaa, 0xaa, 
	0xab, 0xba, 0xaa, 0xa9, 0xaa, 0xaa, 0xab, 0xcc, 
	0xbb, 0xba, 0xbb, 0xbc, 0xdd, 0xdf, 0xfd, 0xdc, 
	0xbb, 0xbb, 0xaa, 0xa9, 0x98, 0x88, 0x89, 0x9a, 
	0xab, 0xcd, 0xcc, 0xcb, 0xbb, 0xaa, 0x9a, 0x9a, 
	0xaa, 0xba, 0xaa, 0xaa, 0xaa, 0xaa, 0xbb, 0xcc, 
	0xcb, 0xbb, 0xbb, 0xcc, 0xdd, 0xdf, 0xdd, 0xdb, 
	0xbb, 0xaa, 0xaa, 0x99, 0x98, 0x89, 0x99, 0xaa, 
	0xab, 0xdd, 0xdd, 0xcc, 0xba, 0xa9, 0x99, 0x99, 
	0x9a, 0xaa, 0xaa, 0xaa, 0xaa, 0xaa, 0xbb, 0xdc, 
	0xcb, 0xbb, 0xbc, 0xcd, 0xcd, 0xdd, 0xdd, 0xcb, 
	0xaa, 0xaa, 0xa9, 0x99, 0x89, 0x99, 0x99, 0xaa, 
	0xbb, 0xdd, 0xdd, 0xdb, 0xaa, 0x99, 0x98, 0x89, 
	0x9a, 0xab, 0xaa, 0xaa, 0xaa, 0xaa, 0xbc, 0xdd, 
	0xdc, 0xcc, 0xcc, 0xbb, 0xcc, 0xcd, 0xdd, 0xcb, 
	0xaa, 0xaa, 0x99, 0x88, 0x88, 0x99, 0xaa, 0xaa, 
	0xbc, 0xbb, 0xcc, 0xcb, 0xaa, 0x99, 0x88, 0x89, 
	0x9a, 0xaa, 0xba, 0xaa, 0xaa, 0xab, 0xcc, 0xdd, 
	0xdd, 0xdc, 0xbb, 0xbb, 0xbb, 0xcc, 0xdc, 0xba, 
	0xa9, 0xa9, 0x99, 0x88, 0x88, 0x9a, 0xaa, 0xab, 
	0xbb, 0xbb, 0xbb, 0xcb, 0xaa, 0x99, 0x88, 0x89, 
	0x99, 0xab, 0xbb, 0xaa, 0xaa, 0xbb, 0xcd, 0xdd, 
	
};

Gfx bob_dl_water8_64x64_i4_aligner[] = {gsSPEndDisplayList()};
u8 bob_dl_water8_64x64_i4[] = {
	0x77, 0x77, 0x77, 0x78, 0x87, 0x76, 0x66, 0x77, 
	0x78, 0x87, 0x77, 0x88, 0x77, 0x77, 0x78, 0x88, 
	0x77, 0x66, 0x66, 0x66, 0x77, 0x77, 0x76, 0x66, 
	0x66, 0x77, 0x77, 0x88, 0x87, 0x77, 0x77, 0x77, 
	0x77, 0x77, 0x77, 0x78, 0x88, 0x76, 0x67, 0x77, 
	0x78, 0x77, 0x67, 0x78, 0x88, 0x77, 0x78, 0x87, 
	0x77, 0x66, 0x66, 0x66, 0x67, 0x77, 0x76, 0x66, 
	0x66, 0x77, 0x77, 0x88, 0x87, 0x77, 0x77, 0x77, 
	0x77, 0x77, 0x77, 0x78, 0x88, 0x77, 0x77, 0x88, 
	0x88, 0x77, 0x66, 0x77, 0x88, 0x87, 0x88, 0x88, 
	0x77, 0x76, 0x66, 0x66, 0x67, 0x87, 0x76, 0x66, 
	0x66, 0x67, 0x77, 0x88, 0x87, 0x77, 0x77, 0x76, 
	0x67, 0x77, 0x77, 0x77, 0x88, 0x88, 0x88, 0x88, 
	0x98, 0x76, 0x66, 0x77, 0x88, 0x88, 0x88, 0x77, 
	0x77, 0x77, 0x66, 0x77, 0x77, 0x87, 0x76, 0x66, 
	0x66, 0x67, 0x77, 0x88, 0x87, 0x77, 0x77, 0x87, 
	0x76, 0x77, 0x77, 0x77, 0x88, 0x88, 0x88, 0x89, 
	0x99, 0x87, 0x76, 0x67, 0x77, 0x88, 0x87, 0x66, 
	0x77, 0x77, 0x77, 0x77, 0x88, 0x87, 0x77, 0x66, 
	0x66, 0x67, 0x77, 0x88, 0x87, 0x77, 0x77, 0x88, 
	0x87, 0x77, 0x76, 0x77, 0x78, 0x87, 0x77, 0x88, 
	0x99, 0x98, 0x77, 0x66, 0x67, 0x88, 0x76, 0x66, 
	0x66, 0x78, 0x87, 0x77, 0x77, 0x77, 0x77, 0x76, 
	0x66, 0x77, 0x77, 0x88, 0x88, 0x77, 0x77, 0x88, 
	0x88, 0x77, 0x76, 0x66, 0x77, 0x88, 0x88, 0x88, 
	0x88, 0x88, 0x87, 0x77, 0x77, 0x88, 0x76, 0x66, 
	0x66, 0x67, 0x77, 0x77, 0x77, 0x76, 0x77, 0x77, 
	0x77, 0x77, 0x77, 0x88, 0x88, 0x88, 0x87, 0x88, 
	0x88, 0x87, 0x77, 0x66, 0x67, 0x78, 0x88, 0x77, 
	0x77, 0x77, 0x77, 0x77, 0x77, 0x87, 0x66, 0x66, 
	0x66, 0x77, 0x77, 0x77, 0x77, 0x66, 0x67, 0x77, 
	0x77, 0x77, 0x77, 0x78, 0x77, 0x77, 0x77, 0x78, 
	0x88, 0x87, 0x77, 0x77, 0x67, 0x78, 0x88, 0x77, 
	0x66, 0x77, 0x77, 0x77, 0x77, 0x77, 0x66, 0x66, 
	0x66, 0x77, 0x77, 0x77, 0x77, 0x66, 0x67, 0x78, 
	0x88, 0x77, 0x77, 0x88, 0x77, 0x66, 0x77, 0x78, 
	0x88, 0x88, 0x77, 0x77, 0x77, 0x78, 0x87, 0x76, 
	0x67, 0x77, 0x77, 0x77, 0x77, 0x77, 0x66, 0x66, 
	0x67, 0x77, 0x77, 0x77, 0x76, 0x66, 0x67, 0x78, 
	0x88, 0x77, 0x77, 0x77, 0x77, 0x66, 0x77, 0x77, 
	0x77, 0x88, 0x88, 0x77, 0x77, 0x88, 0x87, 0x66, 
	0x77, 0x77, 0x76, 0x67, 0x77, 0x77, 0x66, 0x66, 
	0x77, 0x77, 0x77, 0x77, 0x77, 0x76, 0x67, 0x78, 
	0x87, 0x77, 0x77, 0x77, 0x67, 0x66, 0x77, 0x77, 
	0x77, 0x78, 0x88, 0x87, 0x77, 0x88, 0x77, 0x67, 
	0x77, 0x77, 0x77, 0x67, 0x77, 0x77, 0x66, 0x67, 
	0x77, 0x77, 0x77, 0x77, 0x77, 0x77, 0x77, 0x88, 
	0x77, 0x66, 0x67, 0x77, 0x66, 0x77, 0x77, 0x77, 
	0x77, 0x78, 0x98, 0x88, 0x88, 0x98, 0x76, 0x67, 
	0x77, 0x77, 0x77, 0x76, 0x77, 0x77, 0x77, 0x77, 
	0x77, 0x77, 0x77, 0x77, 0x77, 0x77, 0x78, 0x87, 
	0x76, 0x66, 0x66, 0x77, 0x67, 0x77, 0x77, 0x77, 
	0x77, 0x77, 0x89, 0x88, 0x89, 0x98, 0x76, 0x77, 
	0x77, 0x77, 0x77, 0x76, 0x67, 0x77, 0x77, 0x77, 
	0x77, 0x77, 0x77, 0x77, 0x78, 0x88, 0x88, 0x87, 
	0x66, 0x66, 0x66, 0x77, 0x66, 0x77, 0x77, 0x77, 
	0x77, 0x77, 0x89, 0x88, 0x89, 0x98, 0x76, 0x77, 
	0x77, 0x77, 0x77, 0x76, 0x67, 0x88, 0x77, 0x77, 
	0x77, 0x77, 0x77, 0x77, 0x78, 0x88, 0x88, 0x87, 
	0x66, 0x66, 0x66, 0x77, 0x66, 0x77, 0x77, 0x77, 
	0x77, 0x77, 0x88, 0x88, 0x88, 0x98, 0x77, 0x77, 
	0x77, 0x77, 0x77, 0x76, 0x77, 0x88, 0x77, 0x77, 
	0x78, 0x88, 0x77, 0x77, 0x77, 0x77, 0x88, 0x87, 
	0x76, 0x66, 0x66, 0x77, 0x66, 0x77, 0x77, 0x77, 
	0x77, 0x77, 0x88, 0x87, 0x77, 0x88, 0x87, 0x67, 
	0x77, 0x77, 0x77, 0x76, 0x78, 0x87, 0x77, 0x78, 
	0x88, 0x77, 0x77, 0x77, 0x77, 0x77, 0x78, 0x88, 
	0x77, 0x66, 0x67, 0x77, 0x76, 0x77, 0x77, 0x77, 
	0x77, 0x78, 0x88, 0x77, 0x77, 0x78, 0x87, 0x67, 
	0x77, 0x77, 0x77, 0x77, 0x78, 0x77, 0x77, 0x78, 
	0x87, 0x77, 0x77, 0x76, 0x66, 0x77, 0x77, 0x88, 
	0x87, 0x77, 0x77, 0x78, 0x76, 0x77, 0x77, 0x77, 
	0x77, 0x88, 0x77, 0x77, 0x77, 0x78, 0x87, 0x77, 
	0x77, 0x77, 0x77, 0x77, 0x77, 0x77, 0x67, 0x78, 
	0x77, 0x77, 0x77, 0x66, 0x66, 0x67, 0x77, 0x78, 
	0x88, 0x77, 0x77, 0x78, 0x76, 0x66, 0x77, 0x77, 
	0x77, 0x87, 0x77, 0x77, 0x67, 0x78, 0x87, 0x77, 
	0x77, 0x77, 0x77, 0x78, 0x77, 0x77, 0x67, 0x88, 
	0x76, 0x77, 0x77, 0x66, 0x66, 0x67, 0x77, 0x77, 
	0x88, 0x77, 0x77, 0x78, 0x77, 0x67, 0x77, 0x77, 
	0x78, 0x87, 0x77, 0x66, 0x67, 0x78, 0x77, 0x77, 
	0x77, 0x77, 0x77, 0x77, 0x77, 0x77, 0x77, 0x87, 
	0x66, 0x77, 0x76, 0x66, 0x66, 0x67, 0x77, 0x77, 
	0x77, 0x77, 0x77, 0x78, 0x77, 0x77, 0x77, 0x78, 
	0x88, 0x77, 0x76, 0x66, 0x77, 0x87, 0x77, 0x77, 
	0x88, 0x88, 0x87, 0x77, 0x66, 0x77, 0x77, 0x76, 
	0x66, 0x67, 0x76, 0x66, 0x66, 0x67, 0x77, 0x77, 
	0x77, 0x77, 0x77, 0x88, 0x88, 0x88, 0x77, 0x88, 
	0x87, 0x67, 0x76, 0x77, 0x78, 0x87, 0x77, 0x78, 
	0x99, 0x88, 0x77, 0x76, 0x66, 0x77, 0x77, 0x76, 
	0x66, 0x66, 0x66, 0x66, 0x66, 0x77, 0x77, 0x77, 
	0x77, 0x76, 0x77, 0x88, 0x88, 0x77, 0x77, 0x88, 
	0x77, 0x77, 0x77, 0x77, 0x88, 0x87, 0x77, 0x88, 
	0x99, 0x87, 0x76, 0x66, 0x67, 0x78, 0x77, 0x66, 
	0x66, 0x66, 0x66, 0x66, 0x67, 0x77, 0x77, 0x76, 
	0x66, 0x67, 0x77, 0x88, 0x87, 0x77, 0x77, 0x88, 
	0x77, 0x77, 0x77, 0x78, 0x88, 0x88, 0x88, 0x88, 
	0x88, 0x76, 0x66, 0x77, 0x77, 0x88, 0x76, 0x66, 
	0x66, 0x67, 0x66, 0x67, 0x77, 0x77, 0x77, 0x66, 
	0x66, 0x67, 0x77, 0x88, 0x88, 0x77, 0x77, 0x88, 
	0x77, 0x77, 0x77, 0x78, 0x88, 0x77, 0x77, 0x88, 
	0x88, 0x77, 0x66, 0x77, 0x88, 0x87, 0x77, 0x76, 
	0x66, 0x77, 0x77, 0x77, 0x77, 0x77, 0x76, 0x66, 
	0x66, 0x77, 0x77, 0x88, 0x88, 0x77, 0x77, 0x78, 
	0x77, 0x77, 0x77, 0x88, 0x77, 0x76, 0x67, 0x77, 
	0x88, 0x77, 0x76, 0x77, 0x88, 0x87, 0x77, 0x77, 
	0x76, 0x67, 0x77, 0x77, 0x77, 0x77, 0x76, 0x66, 
	0x66, 0x77, 0x77, 0x88, 0x98, 0x77, 0x77, 0x77, 
	0x77, 0x77, 0x77, 0x87, 0x77, 0x66, 0x67, 0x78, 
	0x88, 0x87, 0x77, 0x78, 0x87, 0x77, 0x88, 0x87, 
	0x77, 0x77, 0x77, 0x77, 0x77, 0x77, 0x76, 0x66, 
	0x66, 0x77, 0x77, 0x88, 0x88, 0x77, 0x77, 0x77, 
	0x77, 0x77, 0x78, 0x87, 0x66, 0x66, 0x67, 0x78, 
	0x88, 0x87, 0x77, 0x88, 0x87, 0x77, 0x77, 0x88, 
	0x77, 0x77, 0x77, 0x77, 0x77, 0x77, 0x76, 0x66, 
	0x67, 0x78, 0x77, 0x78, 0x88, 0x87, 0x77, 0x77, 
	0x77, 0x77, 0x88, 0x77, 0x66, 0x66, 0x77, 0x77, 
	0x77, 0x77, 0x77, 0x88, 0x87, 0x77, 0x77, 0x88, 
	0x77, 0x77, 0x77, 0x76, 0x77, 0x77, 0x76, 0x66, 
	0x67, 0x88, 0x87, 0x77, 0x78, 0x87, 0x77, 0x77, 
	0x77, 0x78, 0x87, 0x77, 0x66, 0x66, 0x77, 0x77, 
	0x77, 0x77, 0x77, 0x89, 0x98, 0x87, 0x78, 0x77, 
	0x77, 0x77, 0x76, 0x66, 0x67, 0x77, 0x76, 0x66, 
	0x77, 0x88, 0x87, 0x77, 0x77, 0x77, 0x77, 0x77, 
	0x77, 0x78, 0x87, 0x76, 0x66, 0x67, 0x77, 0x77, 
	0x67, 0x77, 0x77, 0x89, 0x99, 0x88, 0x77, 0x77, 
	0x77, 0x78, 0x77, 0x66, 0x66, 0x77, 0x76, 0x66, 
	0x78, 0x88, 0x77, 0x77, 0x77, 0x77, 0x77, 0x77, 
	0x78, 0x88, 0x87, 0x77, 0x77, 0x77, 0x87, 0x66, 
	0x66, 0x66, 0x77, 0x89, 0x99, 0x98, 0x77, 0x67, 
	0x77, 0x77, 0x87, 0x76, 0x67, 0x77, 0x77, 0x77, 
	0x88, 0x87, 0x77, 0x77, 0x77, 0x77, 0x77, 0x77, 
	0x77, 0x88, 0x88, 0x77, 0x77, 0x88, 0x77, 0x66, 
	0x66, 0x67, 0x77, 0x78, 0x99, 0x98, 0x77, 0x77, 
	0x77, 0x77, 0x78, 0x77, 0x77, 0x77, 0x77, 0x77, 
	0x88, 0x77, 0x66, 0x77, 0x77, 0x77, 0x77, 0x77, 
	0x67, 0x88, 0x88, 0x88, 0x88, 0x98, 0x76, 0x66, 
	0x67, 0x77, 0x77, 0x78, 0x99, 0x98, 0x77, 0x77, 
	0x77, 0x77, 0x78, 0x88, 0x77, 0x78, 0x88, 0x87, 
	0x77, 0x76, 0x66, 0x67, 0x77, 0x77, 0x77, 0x66, 
	0x67, 0x88, 0x99, 0x88, 0x89, 0x98, 0x76, 0x66, 
	0x67, 0x77, 0x77, 0x78, 0x89, 0x98, 0x77, 0x77, 
	0x77, 0x77, 0x88, 0x88, 0x88, 0x88, 0x88, 0x87, 
	0x66, 0x66, 0x66, 0x67, 0x77, 0x77, 0x77, 0x76, 
	0x67, 0x88, 0x98, 0x88, 0x88, 0x97, 0x76, 0x66, 
	0x66, 0x77, 0x77, 0x78, 0x99, 0x98, 0x77, 0x77, 
	0x77, 0x77, 0x88, 0x88, 0x77, 0x78, 0x88, 0x87, 
	0x76, 0x66, 0x66, 0x67, 0x77, 0x77, 0x77, 0x76, 
	0x68, 0x89, 0x88, 0x88, 0x78, 0x88, 0x77, 0x66, 
	0x66, 0x67, 0x77, 0x78, 0x99, 0x98, 0x76, 0x77, 
	0x77, 0x77, 0x88, 0x87, 0x77, 0x77, 0x78, 0x88, 
	0x77, 0x66, 0x67, 0x77, 0x77, 0x77, 0x77, 0x76, 
	0x78, 0x98, 0x87, 0x77, 0x77, 0x88, 0x77, 0x66, 
	0x66, 0x67, 0x77, 0x88, 0x89, 0x97, 0x66, 0x66, 
	0x77, 0x77, 0x88, 0x77, 0x76, 0x77, 0x78, 0x88, 
	0x87, 0x77, 0x77, 0x77, 0x77, 0x77, 0x77, 0x76, 
	0x88, 0x88, 0x77, 0x77, 0x77, 0x78, 0x87, 0x76, 
	0x66, 0x67, 0x78, 0x88, 0x88, 0x97, 0x66, 0x66, 
	0x67, 0x77, 0x88, 0x76, 0x66, 0x67, 0x77, 0x88, 
	0x88, 0x77, 0x77, 0x77, 0x77, 0x77, 0x77, 0x77, 
	0x88, 0x87, 0x77, 0x77, 0x77, 0x78, 0x87, 0x77, 
	0x77, 0x77, 0x88, 0x87, 0x78, 0x98, 0x66, 0x66, 
	0x67, 0x77, 0x88, 0x76, 0x66, 0x67, 0x77, 0x88, 
	0x88, 0x87, 0x77, 0x77, 0x77, 0x77, 0x77, 0x88, 
	0x88, 0x77, 0x77, 0x76, 0x67, 0x78, 0x88, 0x77, 
	0x77, 0x89, 0x98, 0x77, 0x77, 0x88, 0x76, 0x66, 
	0x66, 0x77, 0x88, 0x76, 0x66, 0x67, 0x77, 0x87, 
	0x77, 0x77, 0x77, 0x78, 0x77, 0x77, 0x88, 0x88, 
	0x87, 0x77, 0x77, 0x66, 0x77, 0x88, 0x88, 0x87, 
	0x78, 0x99, 0x97, 0x77, 0x77, 0x88, 0x76, 0x66, 
	0x66, 0x77, 0x87, 0x66, 0x66, 0x67, 0x77, 0x77, 
	0x77, 0x77, 0x77, 0x88, 0x88, 0x87, 0x88, 0x88, 
	0x77, 0x77, 0x77, 0x77, 0x78, 0x87, 0x77, 0x88, 
	0x99, 0x99, 0x77, 0x67, 0x77, 0x88, 0x76, 0x66, 
	0x66, 0x78, 0x87, 0x66, 0x66, 0x67, 0x77, 0x77, 
	0x77, 0x77, 0x77, 0x88, 0x88, 0x77, 0x77, 0x88, 
	0x77, 0x77, 0x77, 0x77, 0x88, 0x88, 0x77, 0x89, 
	0x99, 0x87, 0x76, 0x67, 0x77, 0x78, 0x77, 0x66, 
	0x66, 0x78, 0x87, 0x66, 0x66, 0x77, 0x77, 0x77, 
	0x76, 0x77, 0x77, 0x88, 0x87, 0x77, 0x77, 0x87, 
	0x77, 0x77, 0x77, 0x77, 0x88, 0x88, 0x88, 0x88, 
	0x98, 0x77, 0x66, 0x77, 0x77, 0x77, 0x77, 0x66, 
	0x66, 0x78, 0x77, 0x66, 0x67, 0x77, 0x77, 0x77, 
	0x76, 0x67, 0x77, 0x88, 0x87, 0x77, 0x77, 0x77, 
	0x77, 0x77, 0x77, 0x78, 0x88, 0x77, 0x88, 0x88, 
	0x88, 0x76, 0x66, 0x77, 0x77, 0x77, 0x77, 0x76, 
	0x67, 0x87, 0x76, 0x66, 0x77, 0x77, 0x77, 0x66, 
	0x66, 0x67, 0x77, 0x88, 0x87, 0x77, 0x77, 0x77, 
	0x77, 0x77, 0x77, 0x78, 0x88, 0x76, 0x67, 0x77, 
	0x87, 0x77, 0x66, 0x77, 0x77, 0x77, 0x77, 0x77, 
	0x77, 0x77, 0x66, 0x77, 0x77, 0x77, 0x76, 0x66, 
	0x66, 0x77, 0x77, 0x88, 0x87, 0x77, 0x77, 0x77, 
	0x77, 0x77, 0x77, 0x78, 0x88, 0x76, 0x66, 0x77, 
	0x78, 0x77, 0x77, 0x77, 0x77, 0x77, 0x77, 0x77, 
	0x78, 0x77, 0x67, 0x77, 0x77, 0x77, 0x76, 0x66, 
	0x66, 0x77, 0x77, 0x88, 0x87, 0x77, 0x77, 0x77, 
	0x77, 0x77, 0x77, 0x88, 0x87, 0x66, 0x66, 0x77, 
	0x77, 0x87, 0x77, 0x77, 0x77, 0x77, 0x77, 0x88, 
	0x87, 0x77, 0x77, 0x77, 0x77, 0x77, 0x76, 0x66, 
	0x67, 0x77, 0x78, 0x88, 0x87, 0x77, 0x77, 0x77, 
	0x77, 0x77, 0x77, 0x88, 0x87, 0x66, 0x66, 0x77, 
	0x77, 0x88, 0x77, 0x77, 0x77, 0x77, 0x77, 0x88, 
	0x77, 0x77, 0x77, 0x77, 0x77, 0x77, 0x76, 0x66, 
	0x67, 0x77, 0x88, 0x88, 0x88, 0x77, 0x77, 0x77, 
	0x77, 0x77, 0x77, 0x88, 0x87, 0x66, 0x66, 0x77, 
	0x77, 0x78, 0x77, 0x77, 0x77, 0x77, 0x77, 0x78, 
	0x77, 0x77, 0x77, 0x66, 0x67, 0x77, 0x77, 0x76, 
	0x67, 0x78, 0x87, 0x77, 0x88, 0x77, 0x77, 0x77, 
	0x77, 0x77, 0x77, 0x88, 0x87, 0x77, 0x66, 0x66, 
	0x67, 0x77, 0x87, 0x77, 0x77, 0x77, 0x77, 0x77, 
	0x77, 0x77, 0x76, 0x66, 0x66, 0x77, 0x77, 0x77, 
	0x77, 0x88, 0x77, 0x77, 0x88, 0x77, 0x77, 0x77, 
	0x77, 0x77, 0x77, 0x88, 0x87, 0x77, 0x66, 0x66, 
	0x66, 0x77, 0x88, 0x77, 0x77, 0x77, 0x77, 0x77, 
	0x77, 0x77, 0x76, 0x66, 0x66, 0x77, 0x77, 0x77, 
	0x78, 0x88, 0x77, 0x77, 0x78, 0x77, 0x77, 0x77, 
	0x77, 0x77, 0x78, 0x78, 0x87, 0x77, 0x66, 0x66, 
	0x66, 0x67, 0x78, 0x77, 0x87, 0x77, 0x77, 0x77, 
	0x78, 0x77, 0x76, 0x66, 0x66, 0x77, 0x77, 0x77, 
	0x88, 0x87, 0x77, 0x77, 0x78, 0x87, 0x77, 0x77, 
	0x77, 0x77, 0x78, 0x77, 0x87, 0x77, 0x76, 0x77, 
	0x76, 0x67, 0x78, 0x88, 0x77, 0x77, 0x77, 0x77, 
	0x77, 0x87, 0x77, 0x77, 0x77, 0x77, 0x87, 0x78, 
	0x88, 0x77, 0x77, 0x77, 0x78, 0x88, 0x77, 0x77, 
	0x78, 0x77, 0x77, 0x77, 0x88, 0x77, 0x77, 0x77, 
	0x77, 0x67, 0x78, 0x88, 0x77, 0x77, 0x77, 0x77, 
	0x77, 0x88, 0x77, 0x77, 0x78, 0x88, 0x88, 0x88, 
	0x87, 0x77, 0x77, 0x77, 0x78, 0x88, 0x87, 0x77, 
	0x88, 0x88, 0x87, 0x77, 0x88, 0x77, 0x77, 0x77, 
	0x77, 0x67, 0x88, 0x87, 0x77, 0x77, 0x77, 0x77, 
	0x77, 0x88, 0x88, 0x77, 0x77, 0x88, 0x87, 0x78, 
	0x87, 0x77, 0x77, 0x77, 0x77, 0x88, 0x88, 0x88, 
	0x77, 0x88, 0x88, 0x88, 0x87, 0x77, 0x77, 0x77, 
	0x77, 0x77, 0x88, 0x87, 0x77, 0x77, 0x77, 0x77, 
	0x77, 0x88, 0x77, 0x77, 0x77, 0x78, 0x77, 0x77, 
	0x88, 0x87, 0x77, 0x77, 0x77, 0x78, 0x88, 0x77, 
	0x77, 0x77, 0x88, 0x88, 0x87, 0x77, 0x76, 0x77, 
	0x77, 0x77, 0x88, 0x77, 0x77, 0x77, 0x77, 0x77, 
	0x78, 0x87, 0x76, 0x66, 0x66, 0x77, 0x77, 0x77, 
	0x78, 0x88, 0x77, 0x77, 0x77, 0x77, 0x88, 0x77, 
	0x77, 0x77, 0x78, 0x88, 0x87, 0x77, 0x66, 0x66, 
	0x67, 0x78, 0x87, 0x77, 0x77, 0x77, 0x77, 0x77, 
	0x88, 0x77, 0x76, 0x66, 0x66, 0x77, 0x76, 0x77, 
	0x77, 0x88, 0x77, 0x77, 0x77, 0x77, 0x77, 0x76, 
	0x77, 0x77, 0x77, 0x88, 0x87, 0x76, 0x66, 0x66, 
	0x67, 0x78, 0x87, 0x77, 0x77, 0x77, 0x77, 0x77, 
	0x87, 0x77, 0x66, 0x66, 0x67, 0x77, 0x76, 0x66, 
	0x77, 0x88, 0x87, 0x77, 0x77, 0x77, 0x77, 0x77, 
	0x77, 0x77, 0x77, 0x78, 0x87, 0x66, 0x76, 0x66, 
	0x77, 0x88, 0x87, 0x77, 0x77, 0x77, 0x77, 0x78, 
	0x77, 0x77, 0x66, 0x66, 0x67, 0x77, 0x76, 0x66, 
	0x67, 0x78, 0x87, 0x77, 0x77, 0x77, 0x77, 0x77, 
	0x77, 0x77, 0x77, 0x88, 0x87, 0x66, 0x66, 0x67, 
	0x77, 0x87, 0x78, 0x87, 0x77, 0x77, 0x77, 0x88, 
	0x77, 0x76, 0x66, 0x66, 0x67, 0x77, 0x76, 0x66, 
	0x67, 0x78, 0x77, 0x87, 0x77, 0x77, 0x77, 0x77, 
	
};

Gfx bob_dl_KKIIDDZZ_DAT_570__p00_i8_aligner[] = {gsSPEndDisplayList()};
u8 bob_dl_KKIIDDZZ_DAT_570__p00_i8[] = {
	0x99, 0x99, 0x99, 0x99, 0x99, 0x99, 0x91, 0x89, 
	0x89, 0x80, 0x80, 0x80, 0x80, 0x89, 0x89, 0x99, 
	0xa1, 0xa1, 0x99, 0x99, 0x99, 0x91, 0x80, 0x80, 
	0x80, 0x80, 0x80, 0x80, 0x80, 0x80, 0x80, 0x80, 
	0x89, 0x80, 0x89, 0x80, 0x89, 0x80, 0x89, 0x80, 
	0x89, 0x80, 0x89, 0x89, 0x89, 0x89, 0x89, 0x89, 
	0x91, 0x91, 0x91, 0x91, 0x91, 0x91, 0x91, 0x91, 
	0x91, 0x91, 0x91, 0x91, 0x89, 0x89, 0x80, 0x89, 
	0x99, 0x91, 0x99, 0x91, 0x99, 0x91, 0x91, 0x89, 
	0x80, 0x89, 0x80, 0x89, 0x80, 0x80, 0x89, 0x99, 
	0xa1, 0x99, 0xa1, 0x99, 0x91, 0x89, 0x89, 0x80, 
	0x89, 0x80, 0x89, 0x89, 0x80, 0x89, 0x89, 0x80, 
	0x80, 0x89, 0x89, 0x89, 0x89, 0x89, 0x89, 0x89, 
	0x89, 0x89, 0x91, 0x91, 0x91, 0x99, 0x99, 0x99, 
	0x99, 0x99, 0xa1, 0xa1, 0xa1, 0x99, 0x99, 0x99, 
	0x99, 0x99, 0x99, 0x99, 0x91, 0x89, 0x80, 0x89, 
	0x91, 0x99, 0x99, 0x91, 0x99, 0x99, 0x89, 0x89, 
	0x80, 0x89, 0x80, 0x80, 0x80, 0x89, 0x91, 0x99, 
	0xa1, 0xa1, 0x99, 0x99, 0x91, 0x89, 0x89, 0x80, 
	0x80, 0x80, 0x80, 0x89, 0x89, 0x89, 0x89, 0x89, 
	0x91, 0x91, 0x89, 0x91, 0x91, 0x91, 0x91, 0x91, 
	0x91, 0x91, 0x91, 0x99, 0x99, 0x99, 0x99, 0x99, 
	0x99, 0x99, 0x91, 0x91, 0x91, 0x99, 0x99, 0x91, 
	0x91, 0x91, 0x99, 0x99, 0x91, 0x89, 0x80, 0x89, 
	0x99, 0x91, 0x99, 0x91, 0x99, 0x91, 0x89, 0x89, 
	0x89, 0x80, 0x80, 0x80, 0x89, 0x80, 0x91, 0x99, 
	0x99, 0x99, 0x91, 0x89, 0x89, 0x89, 0x80, 0x80, 
	0x89, 0x89, 0x91, 0x99, 0x91, 0x99, 0x99, 0x99, 
	0x99, 0x99, 0x99, 0x91, 0x91, 0x91, 0x91, 0x91, 
	0x91, 0x91, 0x91, 0x89, 0x89, 0x89, 0x91, 0x91, 
	0x89, 0x89, 0x89, 0x89, 0x89, 0x89, 0x89, 0x89, 
	0x89, 0x89, 0x91, 0x99, 0x99, 0x89, 0x89, 0x80, 
	0x99, 0x99, 0x91, 0x99, 0x91, 0x91, 0x91, 0x80, 
	0x80, 0x80, 0x89, 0x89, 0x80, 0x89, 0x91, 0x91, 
	0x91, 0x89, 0x89, 0x80, 0x80, 0x80, 0x89, 0x89, 
	0x91, 0x99, 0xa1, 0xa1, 0xa1, 0x99, 0x99, 0x99, 
	0x99, 0x91, 0x91, 0x91, 0x89, 0x89, 0x89, 0x89, 
	0x89, 0x91, 0x91, 0x91, 0x91, 0x91, 0x89, 0x91, 
	0x91, 0x91, 0x91, 0x91, 0x91, 0x89, 0x91, 0x91, 
	0x91, 0x89, 0x91, 0x91, 0x91, 0x89, 0x80, 0x89, 
	0x99, 0x91, 0x99, 0x91, 0x91, 0x89, 0x89, 0x80, 
	0x89, 0x89, 0x89, 0x89, 0x91, 0x89, 0x89, 0x89, 
	0x89, 0x80, 0x89, 0x89, 0x89, 0x89, 0x91, 0x99, 
	0x99, 0xa1, 0xa1, 0x99, 0x99, 0x91, 0x91, 0x89, 
	0x89, 0x89, 0x89, 0x89, 0x91, 0x91, 0x91, 0x99, 
	0x99, 0x99, 0x99, 0xa1, 0xa1, 0xa1, 0x99, 0x99, 
	0xa1, 0x99, 0xa1, 0x99, 0x99, 0x99, 0x99, 0x99, 
	0x99, 0x89, 0x89, 0x99, 0x99, 0x89, 0x89, 0x80, 
	0x89, 0x89, 0x89, 0x89, 0x89, 0x80, 0x80, 0x89, 
	0x89, 0x89, 0x91, 0x89, 0x89, 0x89, 0x80, 0x80, 
	0x80, 0x89, 0x89, 0x89, 0x91, 0x99, 0x99, 0x99, 
	0xa1, 0x91, 0x91, 0x89, 0x89, 0x89, 0x89, 0x89, 
	0x89, 0x89, 0x89, 0x89, 0x89, 0x91, 0x91, 0x91, 
	0x99, 0x99, 0x99, 0x99, 0x99, 0x99, 0x99, 0x99, 
	0x99, 0x99, 0x91, 0x91, 0x91, 0x91, 0x91, 0x99, 
	0x99, 0x91, 0x89, 0x91, 0x99, 0x89, 0x89, 0x89, 
	0x80, 0x89, 0x80, 0x80, 0x80, 0x89, 0x89, 0x89, 
	0x99, 0x91, 0x89, 0x89, 0x80, 0x80, 0x80, 0x89, 
	0x89, 0x91, 0x99, 0x99, 0xa1, 0xa1, 0x99, 0x99, 
	0x91, 0x89, 0x89, 0x91, 0x91, 0x91, 0x89, 0x89, 
	0x89, 0x89, 0x89, 0x89, 0x89, 0x89, 0x89, 0x89, 
	0x89, 0x89, 0x89, 0x89, 0x91, 0x89, 0x91, 0x91, 
	0x89, 0x89, 0x89, 0x89, 0x89, 0x89, 0x89, 0x99, 
	0x99, 0x91, 0x89, 0x99, 0x99, 0x91, 0x89, 0x80, 
	0x89, 0x80, 0x89, 0x89, 0x89, 0x89, 0x99, 0x99, 
	0x99, 0x89, 0x80, 0x80, 0x89, 0x89, 0x89, 0x91, 
	0x99, 0xa1, 0xa1, 0xa1, 0xa1, 0x91, 0x91, 0x89, 
	0x91, 0x91, 0x99, 0x91, 0x89, 0x89, 0x89, 0x80, 
	0x80, 0x89, 0x80, 0x89, 0x80, 0x80, 0x80, 0x89, 
	0x89, 0x89, 0x89, 0x89, 0x80, 0x89, 0x80, 0x80, 
	0x89, 0x89, 0x80, 0x80, 0x80, 0x80, 0x89, 0x91, 
	0x99, 0x91, 0x89, 0x91, 0x99, 0x99, 0x89, 0x80, 
	0x89, 0x89, 0x91, 0x91, 0x91, 0x99, 0xa1, 0x99, 
	0x91, 0x80, 0x89, 0x80, 0x89, 0x89, 0x99, 0x99, 
	0xa1, 0xa1, 0xa1, 0x99, 0x91, 0x89, 0x91, 0x91, 
	0x99, 0x91, 0x91, 0x89, 0x89, 0x80, 0x89, 0x89, 
	0x91, 0x91, 0x91, 0x91, 0x91, 0x89, 0x89, 0x89, 
	0x89, 0x89, 0x89, 0x89, 0x89, 0x89, 0x89, 0x89, 
	0x89, 0x89, 0x89, 0x89, 0x89, 0x89, 0x80, 0x91, 
	0x91, 0x91, 0x89, 0x91, 0x99, 0x99, 0x89, 0x89, 
	0x99, 0x99, 0x99, 0x99, 0xa1, 0xa1, 0x99, 0x91, 
	0x80, 0x89, 0x80, 0x89, 0x91, 0x99, 0xa1, 0xa1, 
	0xa1, 0xa1, 0x99, 0x91, 0x89, 0x91, 0x99, 0x91, 
	0x91, 0x89, 0x89, 0x80, 0x89, 0x91, 0x91, 0x99, 
	0xa1, 0xa1, 0x99, 0x99, 0x99, 0x99, 0x91, 0x91, 
	0x91, 0x89, 0x89, 0x89, 0x89, 0x91, 0x89, 0x89, 
	0x91, 0x91, 0x91, 0x91, 0x91, 0x80, 0x89, 0x89, 
	0x99, 0x91, 0x91, 0x91, 0x99, 0x99, 0x89, 0x89, 
	0xa1, 0xa1, 0xa1, 0xa1, 0xa1, 0x99, 0x91, 0x89, 
	0x80, 0x80, 0x89, 0x91, 0x99, 0xa1, 0xa1, 0xa1, 
	0xa1, 0x99, 0x89, 0x91, 0x91, 0x91, 0x91, 0x89, 
	0x89, 0x80, 0x80, 0x91, 0x91, 0x99, 0xa1, 0xa1, 
	0xa1, 0x99, 0x99, 0x91, 0x91, 0x89, 0x89, 0x89, 
	0x89, 0x89, 0x89, 0x89, 0x89, 0x89, 0x89, 0x91, 
	0x89, 0x91, 0x91, 0x99, 0x91, 0x89, 0x80, 0x89, 
	0x91, 0x91, 0x89, 0x91, 0x99, 0x99, 0x91, 0x89, 
	0xa1, 0xa1, 0x99, 0x99, 0x91, 0x89, 0x80, 0x89, 
	0x80, 0x89, 0x89, 0x99, 0xa1, 0xa1, 0xa1, 0xa1, 
	0x91, 0x89, 0x91, 0x91, 0x91, 0x89, 0x89, 0x80, 
	0x89, 0x89, 0x99, 0x99, 0xa1, 0xa1, 0x99, 0x91, 
	0x89, 0x89, 0x91, 0x91, 0x89, 0x91, 0x91, 0x91, 
	0x91, 0x91, 0x91, 0x99, 0x91, 0x91, 0x91, 0x89, 
	0x89, 0x89, 0x91, 0x91, 0x91, 0x89, 0x89, 0x89, 
	0x91, 0x91, 0x89, 0x91, 0x99, 0xa1, 0x91, 0x89, 
	0x91, 0x91, 0x91, 0x91, 0x89, 0x89, 0x89, 0x80, 
	0x80, 0x89, 0x99, 0xa1, 0xa1, 0xa1, 0x99, 0x91, 
	0x89, 0x91, 0x91, 0x89, 0x89, 0x80, 0x89, 0x89, 
	0x91, 0x99, 0xa1, 0xa1, 0x99, 0x91, 0x89, 0x89, 
	0x91, 0x91, 0x91, 0x99, 0x99, 0x99, 0x99, 0x99, 
	0x99, 0x99, 0x99, 0xa1, 0xa1, 0x99, 0x99, 0x99, 
	0x99, 0x91, 0x89, 0x91, 0x99, 0x89, 0x89, 0x80, 
	0x89, 0x99, 0x89, 0x91, 0x99, 0xa1, 0x91, 0x89, 
	0x89, 0x80, 0x89, 0x89, 0x89, 0x89, 0x80, 0x80, 
	0x89, 0x91, 0x99, 0xa1, 0x99, 0x91, 0x89, 0x89, 
	0x89, 0x91, 0x89, 0x89, 0x89, 0x89, 0x91, 0x99, 
	0xa1, 0xa1, 0xa1, 0x99, 0x91, 0x89, 0x91, 0x99, 
	0xa1, 0xa1, 0x99, 0x99, 0x99, 0x99, 0x99, 0x99, 
	0x91, 0x91, 0x91, 0x99, 0x99, 0xa1, 0xa1, 0xa1, 
	0xa1, 0x99, 0x91, 0x89, 0x99, 0x91, 0x89, 0x80, 
	0x89, 0x91, 0x91, 0x91, 0x99, 0xa1, 0x91, 0x89, 
	0x91, 0x99, 0x91, 0x99, 0x91, 0x89, 0x80, 0x89, 
	0x89, 0x99, 0xa1, 0x99, 0x89, 0x89, 0x91, 0x91, 
	0x91, 0x89, 0x80, 0x89, 0x91, 0x99, 0xa1, 0xa1, 
	0xa1, 0xa1, 0x99, 0x89, 0x89, 0x91, 0x99, 0x99, 
	0x99, 0x91, 0x91, 0x91, 0x89, 0x89, 0x89, 0x80, 
	0x89, 0x89, 0x89, 0x89, 0x91, 0x99, 0xa1, 0xa1, 
	0xa1, 0x99, 0x89, 0x91, 0x99, 0x91, 0x89, 0x89, 
	0x89, 0x91, 0x89, 0x91, 0x99, 0xa1, 0x91, 0x89, 
	0x99, 0x99, 0x99, 0x91, 0x89, 0x89, 0x80, 0x89, 
	0x91, 0x99, 0x91, 0x89, 0x89, 0x91, 0x99, 0x91, 
	0x89, 0x89, 0x89, 0x91, 0xa1, 0xa1, 0xa1, 0xa1, 
	0x99, 0x91, 0x91, 0x89, 0x91, 0x91, 0x91, 0x89, 
	0x89, 0x89, 0x89, 0x89, 0x89, 0x80, 0x80, 0x80, 
	0x89, 0x80, 0x89, 0x89, 0x91, 0x99, 0xa1, 0xa1, 
	0xa1, 0x99, 0x91, 0x89, 0x99, 0x99, 0x89, 0x80, 
	0x89, 0x91, 0x91, 0x91, 0x99, 0xa1, 0x91, 0x89, 
	0x91, 0x91, 0x91, 0x89, 0x80, 0x80, 0x89, 0x91, 
	0x91, 0x91, 0x89, 0x89, 0x91, 0x99, 0x91, 0x89, 
	0x89, 0x89, 0x99, 0xa1, 0xa1, 0xa1, 0x99, 0x99, 
	0x91, 0x89, 0x89, 0x89, 0x89, 0x89, 0x89, 0x80, 
	0x80, 0x80, 0x89, 0x80, 0x89, 0x89, 0x89, 0x89, 
	0x80, 0x89, 0x80, 0x89, 0x89, 0x91, 0x99, 0xa1, 
	0xa1, 0x99, 0x89, 0x91, 0x99, 0x99, 0x89, 0x89, 
	0x89, 0x91, 0x89, 0x91, 0xa1, 0x99, 0x91, 0x89, 
	0x89, 0x89, 0x89, 0x80, 0x89, 0x89, 0x91, 0x91, 
	0x91, 0x89, 0x91, 0x99, 0x99, 0x91, 0x89, 0x89, 
	0x89, 0x91, 0x99, 0xa1, 0x99, 0x91, 0x91, 0x89, 
	0x89, 0x89, 0x89, 0x89, 0x89, 0x80, 0x80, 0x89, 
	0x89, 0x89, 0x89, 0x91, 0x89, 0x91, 0x91, 0x91, 
	0x91, 0x89, 0x89, 0x80, 0x89, 0x91, 0x99, 0xa1, 
	0xa1, 0x99, 0x89, 0x91, 0x99, 0x99, 0x89, 0x80, 
	0x91, 0x91, 0x89, 0x91, 0xa1, 0xa1, 0x91, 0x89, 
	0x80, 0x80, 0x80, 0x89, 0x89, 0x91, 0x99, 0x99, 
	0x89, 0x91, 0x99, 0x99, 0x91, 0x89, 0x80, 0x89, 
	0x91, 0x99, 0xa1, 0x91, 0x89, 0x89, 0x89, 0x89, 
	0x89, 0x89, 0x89, 0x80, 0x80, 0x89, 0x89, 0x89, 
	0x91, 0x89, 0x91, 0x89, 0x91, 0x91, 0x99, 0x99, 
	0x91, 0x91, 0x89, 0x80, 0x89, 0x89, 0x99, 0xa1, 
	0xa1, 0x99, 0x89, 0x91, 0x99, 0x91, 0x89, 0x89, 
	0x89, 0x91, 0x89, 0x99, 0xa1, 0x99, 0x91, 0x89, 
	0x89, 0x80, 0x89, 0x89, 0x99, 0x99, 0xa1, 0x91, 
	0x89, 0x91, 0x91, 0x89, 0x89, 0x80, 0x89, 0x91, 
	0x99, 0x99, 0x91, 0x89, 0x91, 0x91, 0x91, 0x89, 
	0x89, 0x80, 0x80, 0x89, 0x89, 0x89, 0x91, 0x91, 
	0x89, 0x89, 0x89, 0x89, 0x89, 0x91, 0x99, 0x99, 
	0x99, 0x91, 0x89, 0x80, 0x80, 0x89, 0x99, 0x99, 
	0xa1, 0x99, 0x89, 0x91, 0x99, 0x91, 0x89, 0x80, 
	0x91, 0x91, 0x89, 0x91, 0xa1, 0x99, 0x91, 0x80, 
	0x89, 0x89, 0x91, 0x99, 0xa1, 0xa1, 0x99, 0x89, 
	0x89, 0x91, 0x89, 0x80, 0x89, 0x89, 0x91, 0x99, 
	0x99, 0x89, 0x91, 0x91, 0x91, 0x91, 0x89, 0x89, 
	0x80, 0x89, 0x89, 0x89, 0x89, 0x89, 0x89, 0x89, 
	0x80, 0x89, 0x80, 0x89, 0x89, 0x89, 0x91, 0x99, 
	0x99, 0x91, 0x89, 0x89, 0x89, 0x89, 0x99, 0x99, 
	0xa1, 0x91, 0x89, 0x91, 0x99, 0x91, 0x89, 0x89, 
	0x89, 0x91, 0x89, 0x99, 0xa1, 0x99, 0x91, 0x89, 
	0x91, 0x91, 0x99, 0xa1, 0xa1, 0x99, 0x89, 0x89, 
	0x91, 0x89, 0x89, 0x89, 0x89, 0x91, 0x99, 0x91, 
	0x89, 0x91, 0x91, 0x91, 0x91, 0x89, 0x80, 0x89, 
	0x89, 0x89, 0x89, 0x89, 0x89, 0x89, 0x89, 0x80, 
	0x89, 0x89, 0x89, 0x89, 0x89, 0x89, 0x91, 0x91, 
	0x99, 0x91, 0x89, 0x80, 0x89, 0x89, 0x99, 0x99, 
	0xa1, 0x91, 0x91, 0x91, 0x99, 0x91, 0x80, 0x89, 
	0x91, 0x91, 0x91, 0x91, 0xa1, 0x99, 0x91, 0x89, 
	0x99, 0x99, 0xa1, 0xa1, 0xa1, 0x99, 0x91, 0x89, 
	0x89, 0x89, 0x89, 0x91, 0x99, 0xa1, 0x91, 0x89, 
	0x91, 0x91, 0x91, 0x89, 0x89, 0x80, 0x89, 0x89, 
	0x89, 0x89, 0x89, 0x89, 0x89, 0x89, 0x80, 0x89, 
	0x80, 0x89, 0x89, 0x89, 0x91, 0x89, 0x89, 0x91, 
	0x91, 0x91, 0x89, 0x89, 0x89, 0x89, 0x91, 0x99, 
	0xa1, 0x91, 0x89, 0x91, 0x99, 0x89, 0x89, 0x89, 
	0x91, 0x91, 0x89, 0x91, 0xa1, 0x99, 0x89, 0x80, 
	0x99, 0xa1, 0xa1, 0xa1, 0xa1, 0x91, 0x89, 0x89, 
	0x89, 0x80, 0x91, 0x99, 0xa1, 0x91, 0x89, 0x91, 
	0x91, 0x91, 0x89, 0x80, 0x80, 0x89, 0x89, 0x80, 
	0x89, 0x89, 0x89, 0x89, 0x89, 0x89, 0x80, 0x80, 
	0x89, 0x80, 0x89, 0x91, 0x91, 0x91, 0x89, 0x89, 
	0x91, 0x91, 0x89, 0x89, 0x80, 0x89, 0x99, 0xa1, 
	0xa1, 0x91, 0x89, 0x99, 0x91, 0x91, 0x80, 0x89, 
	0x91, 0x91, 0x91, 0x99, 0x99, 0x99, 0x89, 0x89, 
	0xa1, 0x99, 0xa1, 0xa1, 0x99, 0x89, 0x89, 0x89, 
	0x89, 0x89, 0x91, 0xa1, 0x99, 0x89, 0x91, 0x99, 
	0x91, 0x80, 0x80, 0x89, 0x89, 0x89, 0x89, 0x89, 
	0x89, 0x89, 0x89, 0x89, 0x89, 0x80, 0x89, 0x80, 
	0x80, 0x89, 0x89, 0x89, 0x99, 0x91, 0x89, 0x89, 
	0x91, 0x91, 0x89, 0x80, 0x89, 0x89, 0x91, 0xa1, 
	0x99, 0x91, 0x89, 0x99, 0x99, 0x89, 0x89, 0x89, 
	0x99, 0x99, 0x89, 0x91, 0xa1, 0x91, 0x89, 0x80, 
	0x99, 0xa1, 0xa1, 0xa1, 0x91, 0x89, 0x91, 0x89, 
	0x80, 0x89, 0x99, 0x99, 0x89, 0x89, 0x99, 0x91, 
	0x89, 0x89, 0x89, 0x91, 0x91, 0x89, 0x89, 0x89, 
	0x91, 0x89, 0x89, 0x80, 0x80, 0x89, 0x80, 0x80, 
	0x89, 0x80, 0x89, 0x91, 0x99, 0x91, 0x91, 0x89, 
	0x89, 0x91, 0x89, 0x89, 0x80, 0x89, 0x99, 0xa1, 
	0x99, 0x91, 0x89, 0x91, 0x99, 0x89, 0x80, 0x89, 
	0x99, 0x91, 0x89, 0x99, 0xa1, 0x91, 0x89, 0x89, 
	0xa1, 0x99, 0xa1, 0x99, 0x89, 0x89, 0x89, 0x89, 
	0x89, 0x91, 0xa1, 0x91, 0x89, 0x99, 0x91, 0x89, 
	0x80, 0x89, 0x91, 0x91, 0x91, 0x89, 0x89, 0x89, 
	0x89, 0x89, 0x80, 0x80, 0x89, 0x80, 0x89, 0x89, 
	0x80, 0x89, 0x89, 0x91, 0x99, 0x91, 0x89, 0x89, 
	0x91, 0x89, 0x89, 0x80, 0x89, 0x89, 0x99, 0x99, 
	0x99, 0x91, 0x89, 0x99, 0x99, 0x89, 0x89, 0x89, 
	0x99, 0x91, 0x89, 0x99, 0x99, 0x91, 0x80, 0x89, 
	0x99, 0xa1, 0xa1, 0x91, 0x89, 0x89, 0x89, 0x80, 
	0x89, 0x99, 0x99, 0x91, 0x91, 0x99, 0x91, 0x89, 
	0x89, 0x89, 0x99, 0x99, 0x91, 0x89, 0x89, 0x89, 
	0x89, 0x80, 0x80, 0x89, 0x89, 0x89, 0x89, 0x80, 
	0x89, 0x80, 0x89, 0x91, 0x99, 0x91, 0x91, 0x89, 
	0x89, 0x89, 0x89, 0x89, 0x89, 0x89, 0x91, 0x99, 
	0x99, 0x89, 0x91, 0x99, 0x91, 0x89, 0x80, 0x91, 
	0x91, 0x91, 0x91, 0x99, 0x99, 0x89, 0x89, 0x89, 
	0xa1, 0xa1, 0x99, 0x91, 0x89, 0x91, 0x89, 0x89, 
	0x89, 0x99, 0x91, 0x89, 0x91, 0x91, 0x89, 0x89, 
	0x80, 0x91, 0x99, 0x91, 0x89, 0x89, 0x89, 0x89, 
	0x80, 0x89, 0x89, 0x89, 0x91, 0x89, 0x89, 0x89, 
	0x80, 0x89, 0x89, 0x91, 0x99, 0x91, 0x89, 0x89, 
	0x91, 0x89, 0x89, 0x80, 0x89, 0x89, 0x91, 0x91, 
	0x91, 0x89, 0x91, 0x99, 0x91, 0x89, 0x89, 0x89, 
	0x91, 0x91, 0x91, 0x99, 0x99, 0x89, 0x80, 0x89, 
	0x99, 0xa1, 0x99, 0x91, 0x89, 0x89, 0x80, 0x89, 
	0x91, 0xa1, 0x91, 0x89, 0x91, 0x91, 0x89, 0x80, 
	0x89, 0x91, 0x99, 0x91, 0x89, 0x89, 0x89, 0x80, 
	0x89, 0x89, 0x89, 0x91, 0x91, 0x89, 0x89, 0x80, 
	0x80, 0x89, 0x89, 0x99, 0x99, 0x91, 0x89, 0x89, 
	0x89, 0x91, 0x89, 0x89, 0x80, 0x89, 0x89, 0x91, 
	0x89, 0x89, 0x91, 0x99, 0x91, 0x89, 0x80, 0x89, 
	0x91, 0x89, 0x91, 0x99, 0x99, 0x89, 0x89, 0x89, 
	0x99, 0xa1, 0x99, 0x89, 0x89, 0x89, 0x89, 0x89, 
	0x99, 0xa1, 0x91, 0x89, 0x91, 0x91, 0x89, 0x80, 
	0x89, 0x91, 0x99, 0x91, 0x89, 0x89, 0x80, 0x89, 
	0x80, 0x89, 0x89, 0x91, 0x89, 0x89, 0x89, 0x80, 
	0x89, 0x89, 0x91, 0x99, 0x99, 0x91, 0x89, 0x89, 
	0x91, 0x91, 0x89, 0x89, 0x80, 0x89, 0x80, 0x89, 
	0x89, 0x89, 0x91, 0x99, 0x91, 0x89, 0x80, 0x89, 
	0x91, 0x89, 0x91, 0x99, 0x91, 0x89, 0x80, 0x91, 
	0x99, 0xa1, 0x91, 0x89, 0x91, 0x89, 0x80, 0x89, 
	0x91, 0xa1, 0x91, 0x89, 0x91, 0x91, 0x89, 0x80, 
	0x89, 0x91, 0x99, 0x91, 0x80, 0x89, 0x89, 0x80, 
	0x89, 0x80, 0x89, 0x89, 0x89, 0x89, 0x80, 0x80, 
	0x89, 0x89, 0x91, 0x99, 0x91, 0x91, 0x89, 0x91, 
	0x99, 0x99, 0x89, 0x89, 0x89, 0x80, 0x80, 0x89, 
	0x80, 0x89, 0x91, 0xa1, 0x91, 0x80, 0x80, 0x89, 
	0x91, 0x89, 0x91, 0xa1, 0x91, 0x80, 0x89, 0x91, 
	0x99, 0xa1, 0x91, 0x89, 0x91, 0x89, 0x80, 0x89, 
	0x91, 0xa1, 0x91, 0x89, 0x91, 0x91, 0x89, 0x80, 
	0x89, 0x99, 0x91, 0x89, 0x89, 0x89, 0x89, 0x80, 
	0x80, 0x89, 0x89, 0x89, 0x80, 0x80, 0x89, 0x89, 
	0x89, 0x91, 0x99, 0x99, 0x91, 0x89, 0x89, 0x91, 
	0x99, 0x99, 0x91, 0x89, 0x89, 0x80, 0x89, 0x80, 
	0x80, 0x89, 0x91, 0x99, 0x91, 0x89, 0x80, 0x89, 
	0x89, 0x89, 0x91, 0x99, 0x89, 0x89, 0x89, 0x89, 
	0x99, 0xa1, 0x91, 0x89, 0x91, 0x89, 0x89, 0x89, 
	0x91, 0x99, 0x91, 0x89, 0x99, 0x91, 0x80, 0x89, 
	0x89, 0x91, 0x91, 0x89, 0x89, 0x89, 0x89, 0x89, 
	0x80, 0x80, 0x80, 0x80, 0x89, 0x80, 0x89, 0x89, 
	0x89, 0x91, 0x91, 0x91, 0x89, 0x89, 0x91, 0x99, 
	0x99, 0x99, 0x91, 0x89, 0x89, 0x89, 0x80, 0x80, 
	0x89, 0x89, 0x99, 0x99, 0x99, 0x89, 0x89, 0x89, 
	0x89, 0x89, 0x91, 0x99, 0x89, 0x80, 0x89, 0x91, 
	0x99, 0x99, 0x91, 0x91, 0x91, 0x91, 0x80, 0x89, 
	0x91, 0x99, 0x91, 0x91, 0x91, 0x91, 0x89, 0x89, 
	0x89, 0x89, 0x89, 0x89, 0x89, 0x89, 0x89, 0x80, 
	0x80, 0x89, 0x80, 0x89, 0x80, 0x89, 0x89, 0x89, 
	0x91, 0x91, 0x89, 0x89, 0x89, 0x91, 0x99, 0x99, 
	0x99, 0x91, 0x89, 0x89, 0x89, 0x80, 0x80, 0x89, 
	0x89, 0x89, 0x99, 0x99, 0x99, 0x89, 0x80, 0x89, 
	0x91, 0x89, 0x91, 0x91, 0x89, 0x89, 0x89, 0x91, 
	0x99, 0x99, 0x89, 0x91, 0x91, 0x89, 0x89, 0x89, 
	0x91, 0x99, 0x89, 0x91, 0x99, 0x89, 0x89, 0x80, 
	0x89, 0x89, 0x89, 0x91, 0x91, 0x91, 0x89, 0x80, 
	0x89, 0x80, 0x89, 0x80, 0x89, 0x89, 0x89, 0x89, 
	0x89, 0x89, 0x89, 0x89, 0x91, 0x91, 0x91, 0x91, 
	0x89, 0x89, 0x89, 0x80, 0x80, 0x89, 0x89, 0x91, 
	0x89, 0x91, 0x99, 0xa1, 0x91, 0x89, 0x89, 0x89, 
	0x89, 0x89, 0x91, 0x91, 0x89, 0x80, 0x89, 0x91, 
	0x99, 0x99, 0x91, 0x89, 0x99, 0x89, 0x89, 0x89, 
	0x99, 0x91, 0x89, 0x91, 0x99, 0x89, 0x80, 0x89, 
	0x89, 0x89, 0x89, 0x91, 0x91, 0x89, 0x89, 0x80, 
	0x89, 0x89, 0x89, 0x89, 0x89, 0x80, 0x89, 0x89, 
	0x89, 0x89, 0x89, 0x89, 0x91, 0x91, 0x89, 0x89, 
	0x89, 0x80, 0x80, 0x89, 0x89, 0x89, 0x91, 0x91, 
	0x89, 0x91, 0xa1, 0xa1, 0x99, 0x89, 0x80, 0x91, 
	0x91, 0x89, 0x91, 0x89, 0x89, 0x89, 0x89, 0x91, 
	0x99, 0x99, 0x89, 0x91, 0x99, 0x89, 0x80, 0x89, 
	0x99, 0x99, 0x89, 0x91, 0x99, 0x89, 0x80, 0x80, 
	0x89, 0x80, 0x91, 0x91, 0x89, 0x89, 0x89, 0x89, 
	0x80, 0x80, 0x80, 0x89, 0x80, 0x89, 0x89, 0x89, 
	0x89, 0x89, 0x89, 0x89, 0x89, 0x89, 0x89, 0x80, 
	0x80, 0x80, 0x89, 0x89, 0x91, 0x91, 0x99, 0x91, 
	0x89, 0x99, 0xa1, 0xa1, 0x91, 0x80, 0x89, 0x91, 
	0x91, 0x89, 0x99, 0x89, 0x80, 0x80, 0x91, 0x91, 
	0x99, 0x99, 0x89, 0x91, 0x91, 0x89, 0x89, 0x89, 
	0x99, 0x91, 0x89, 0x91, 0x91, 0x89, 0x80, 0x89, 
	0x89, 0x89, 0x89, 0x89, 0x89, 0x89, 0x89, 0x89, 
	0x89, 0x89, 0x89, 0x89, 0x80, 0x89, 0x80, 0x89, 
	0x80, 0x89, 0x89, 0x89, 0x80, 0x80, 0x80, 0x80, 
	0x80, 0x89, 0x89, 0x91, 0x99, 0xa1, 0x99, 0x89, 
	0x91, 0xa1, 0xa1, 0x99, 0x91, 0x80, 0x89, 0x91, 
	0x89, 0x91, 0x91, 0x89, 0x80, 0x89, 0x91, 0x91, 
	0x99, 0x99, 0x91, 0x91, 0x91, 0x89, 0x80, 0x91, 
	0x99, 0x99, 0x89, 0x91, 0x91, 0x89, 0x89, 0x80, 
	0x89, 0x89, 0x89, 0x89, 0x91, 0x91, 0x89, 0x91, 
	0x89, 0x89, 0x89, 0x80, 0x89, 0x80, 0x89, 0x80, 
	0x89, 0x80, 0x80, 0x80, 0x89, 0x80, 0x89, 0x89, 
	0x89, 0x91, 0x99, 0xa1, 0xa1, 0x99, 0x91, 0x89, 
	0x99, 0xa1, 0xa1, 0x99, 0x89, 0x80, 0x89, 0x91, 
	0x91, 0x91, 0x91, 0x89, 0x89, 0x89, 0x91, 0x89, 
	0x99, 0x91, 0x89, 0x91, 0x91, 0x89, 0x89, 0x91, 
	0x99, 0x91, 0x89, 0x91, 0x91, 0x89, 0x80, 0x89, 
	0x89, 0x89, 0x91, 0x91, 0x99, 0x91, 0x91, 0x91, 
	0x89, 0x89, 0x89, 0x89, 0x80, 0x89, 0x80, 0x89, 
	0x80, 0x89, 0x89, 0x89, 0x89, 0x89, 0x89, 0x89, 
	0x91, 0x99, 0x99, 0xa1, 0x99, 0x91, 0x89, 0x91, 
	0x99, 0xa1, 0x99, 0x91, 0x89, 0x89, 0x89, 0x91, 
	0x89, 0x91, 0x91, 0x89, 0x80, 0x89, 0x91, 0x91, 
	0x99, 0x91, 0x91, 0x91, 0x89, 0x80, 0x89, 0x91, 
	0x99, 0x99, 0x89, 0x91, 0x91, 0x89, 0x89, 0x89, 
	0x89, 0x91, 0x91, 0x99, 0x99, 0x91, 0x91, 0x89, 
	0x89, 0x89, 0x80, 0x80, 0x89, 0x89, 0x89, 0x89, 
	0x89, 0x89, 0x89, 0x91, 0x91, 0x91, 0x91, 0x99, 
	0x99, 0x99, 0x99, 0x91, 0x91, 0x89, 0x91, 0x99, 
	0xa1, 0x99, 0x91, 0x89, 0x80, 0x89, 0x89, 0x91, 
	0x91, 0x99, 0x91, 0x89, 0x80, 0x91, 0x91, 0x91, 
	0x99, 0x99, 0x91, 0x89, 0x89, 0x89, 0x89, 0x91, 
	0x99, 0x91, 0x89, 0x91, 0x91, 0x89, 0x80, 0x89, 
	0x89, 0x89, 0x91, 0x91, 0x89, 0x89, 0x89, 0x80, 
	0x89, 0x80, 0x89, 0x89, 0x89, 0x91, 0x91, 0x91, 
	0x99, 0x99, 0x99, 0x99, 0x99, 0x99, 0x99, 0x91, 
	0x91, 0x89, 0x89, 0x89, 0x89, 0x91, 0x91, 0x99, 
	0x91, 0x91, 0x89, 0x80, 0x89, 0x89, 0x89, 0x91, 
	0x99, 0x99, 0x89, 0x80, 0x89, 0x91, 0x91, 0x99, 
	0x99, 0x99, 0x91, 0x89, 0x89, 0x80, 0x89, 0x91, 
	0xa1, 0x91, 0x89, 0x91, 0x99, 0x89, 0x89, 0x80, 
	0x89, 0x89, 0x80, 0x89, 0x89, 0x89, 0x80, 0x89, 
	0x80, 0x89, 0x89, 0x91, 0x99, 0x99, 0x99, 0xa1, 
	0xa1, 0x99, 0x99, 0x91, 0x91, 0x89, 0x89, 0x89, 
	0x89, 0x91, 0x91, 0x91, 0x91, 0x91, 0x91, 0x91, 
	0x89, 0x80, 0x80, 0x89, 0x89, 0x91, 0x91, 0x99, 
	0xa1, 0x91, 0x89, 0x80, 0x89, 0x99, 0x99, 0x99, 
	0x99, 0x99, 0x91, 0x89, 0x89, 0x89, 0x80, 0x91, 
	0x99, 0x99, 0x89, 0x89, 0x99, 0x91, 0x80, 0x89, 
	0x80, 0x80, 0x80, 0x80, 0x80, 0x89, 0x89, 0x89, 
	0x89, 0x91, 0x99, 0x99, 0x99, 0x99, 0x99, 0x91, 
	0x91, 0x91, 0x89, 0x89, 0x89, 0x89, 0x91, 0x91, 
	0x91, 0x91, 0x91, 0x91, 0x91, 0x89, 0x89, 0x80, 
	0x80, 0x89, 0x89, 0x91, 0x91, 0x89, 0x99, 0x99, 
	0x99, 0x89, 0x89, 0x80, 0x89, 0x99, 0x99, 0x99, 
	0x99, 0xa1, 0x99, 0x89, 0x89, 0x80, 0x89, 0x89, 
	0x91, 0x99, 0x91, 0x89, 0x91, 0x91, 0x89, 0x89, 
	0x89, 0x89, 0x89, 0x89, 0x89, 0x89, 0x89, 0x89, 
	0x91, 0x91, 0x99, 0x91, 0x91, 0x91, 0x89, 0x89, 
	0x89, 0x89, 0x89, 0x91, 0x91, 0x91, 0x99, 0x91, 
	0x91, 0x91, 0x91, 0x89, 0x89, 0x80, 0x89, 0x89, 
	0x89, 0x89, 0x91, 0x91, 0x89, 0x99, 0xa1, 0xa1, 
	0x99, 0x89, 0x80, 0x89, 0x91, 0xa1, 0x99, 0xa1, 
	0x91, 0x99, 0x99, 0x89, 0x89, 0x89, 0x80, 0x89, 
	0x91, 0x91, 0x91, 0x91, 0x89, 0x91, 0x91, 0x91, 
	0x91, 0x91, 0x91, 0x91, 0x91, 0x91, 0x91, 0x91, 
	0x89, 0x91, 0x89, 0x89, 0x89, 0x89, 0x91, 0x91, 
	0x91, 0x91, 0x99, 0x91, 0x91, 0x91, 0x91, 0x89, 
	0x89, 0x89, 0x80, 0x80, 0x89, 0x89, 0x89, 0x91, 
	0x91, 0x91, 0x89, 0x89, 0x99, 0xa1, 0x99, 0x91, 
	0x89, 0x80, 0x89, 0x89, 0x99, 0xa1, 0xa1, 0xa1, 
	0x91, 0x91, 0x91, 0x89, 0x89, 0x89, 0x89, 0x89, 
	0x89, 0x99, 0x91, 0x91, 0x91, 0x89, 0x89, 0x91, 
	0x91, 0x91, 0x91, 0x91, 0x91, 0x91, 0x89, 0x89, 
	0x89, 0x89, 0x89, 0x91, 0x99, 0x99, 0x99, 0x99, 
	0x99, 0x99, 0x91, 0x91, 0x89, 0x89, 0x89, 0x80, 
	0x89, 0x80, 0x89, 0x89, 0x91, 0x91, 0x91, 0x91, 
	0x89, 0x89, 0x91, 0x99, 0xa1, 0x99, 0x91, 0x89, 
	0x89, 0x80, 0x89, 0x91, 0x99, 0xa1, 0xa1, 0xa1, 
	0x89, 0x91, 0x91, 0x89, 0x89, 0x89, 0x89, 0x80, 
	0x89, 0x89, 0x99, 0x99, 0x91, 0x91, 0x89, 0x89, 
	0x89, 0x91, 0x89, 0x89, 0x89, 0x89, 0x89, 0x91, 
	0x91, 0x99, 0x99, 0xa1, 0xa1, 0x99, 0x99, 0x91, 
	0x89, 0x89, 0x89, 0x89, 0x89, 0x80, 0x89, 0x89, 
	0x89, 0x91, 0x91, 0x91, 0x91, 0x91, 0x89, 0x91, 
	0x91, 0x99, 0x99, 0x99, 0x91, 0x91, 0x89, 0x89, 
	0x80, 0x89, 0x89, 0x99, 0xa1, 0xa1, 0xa1, 0xa1, 
	0x80, 0x91, 0x91, 0x91, 0x89, 0x89, 0x89, 0x89, 
	0x80, 0x89, 0x91, 0x91, 0x99, 0x99, 0x91, 0x91, 
	0x89, 0x89, 0x89, 0x91, 0x91, 0x91, 0x99, 0xa1, 
	0xa1, 0xa1, 0xa1, 0xa1, 0x99, 0x99, 0x91, 0x89, 
	0x89, 0x80, 0x80, 0x89, 0x89, 0x89, 0x89, 0x91, 
	0x91, 0x99, 0x91, 0x91, 0x89, 0x89, 0x91, 0x91, 
	0x99, 0x99, 0x99, 0x89, 0x89, 0x80, 0x80, 0x80, 
	0x89, 0x91, 0x99, 0xa1, 0xa1, 0xa1, 0xa1, 0xa1, 
	0x80, 0x89, 0x99, 0x99, 0x91, 0x89, 0x89, 0x89, 
	0x89, 0x80, 0x89, 0x89, 0x91, 0x99, 0x99, 0x99, 
	0x91, 0x99, 0x99, 0x99, 0x99, 0x99, 0xa1, 0xa1, 
	0xa1, 0xa1, 0xa1, 0x99, 0x91, 0x89, 0x80, 0x80, 
	0x80, 0x89, 0x91, 0x91, 0x99, 0x99, 0xa1, 0x99, 
	0x99, 0x91, 0x89, 0x89, 0x91, 0x99, 0x99, 0x99, 
	0x91, 0x91, 0x80, 0x89, 0x80, 0x80, 0x89, 0x91, 
	0x91, 0x99, 0xa1, 0xa1, 0x99, 0x99, 0x99, 0x99, 
	0x89, 0x89, 0x91, 0x99, 0x91, 0x89, 0x91, 0x91, 
	0x89, 0x89, 0x80, 0x89, 0x89, 0x89, 0x91, 0x91, 
	0x99, 0x99, 0x99, 0x99, 0x91, 0x99, 0x99, 0x99, 
	0x99, 0x99, 0x91, 0x89, 0x89, 0x80, 0x89, 0x89, 
	0x91, 0x99, 0x99, 0x99, 0xa1, 0x99, 0x99, 0x91, 
	0x89, 0x91, 0x91, 0xa1, 0xa1, 0xa1, 0x99, 0x91, 
	0x89, 0x89, 0x80, 0x80, 0x89, 0x89, 0x91, 0x99, 
	0xa1, 0xa1, 0xa1, 0x99, 0x91, 0x91, 0x91, 0x89, 
	0x80, 0x89, 0x99, 0x99, 0x99, 0x91, 0x89, 0x91, 
	0x99, 0x91, 0x89, 0x80, 0x80, 0x80, 0x89, 0x89, 
	0x89, 0x91, 0x89, 0x89, 0x89, 0x89, 0x89, 0x89, 
	0x89, 0x89, 0x89, 0x89, 0x80, 0x89, 0x89, 0x99, 
	0x99, 0xa1, 0xa1, 0xa1, 0x99, 0x91, 0x89, 0x89, 
	0x99, 0x99, 0xa1, 0xa1, 0xa1, 0x99, 0x91, 0x89, 
	0x80, 0x80, 0x89, 0x89, 0x91, 0x99, 0x99, 0xa1, 
	0xa1, 0x99, 0x91, 0x89, 0x89, 0x89, 0x89, 0x80, 
	0x89, 0x89, 0x91, 0x91, 0x91, 0x91, 0x91, 0x91, 
	0x99, 0x99, 0x91, 0x91, 0x89, 0x80, 0x80, 0x89, 
	0x89, 0x80, 0x80, 0x80, 0x80, 0x80, 0x80, 0x89, 
	0x89, 0x80, 0x80, 0x89, 0x89, 0x91, 0x99, 0xa1, 
	0xa1, 0x99, 0x99, 0x91, 0x89, 0x89, 0x99, 0xa1, 
	0xa1, 0xa1, 0xa1, 0xa1, 0x99, 0x89, 0x80, 0x89, 
	0x89, 0x91, 0x91, 0x99, 0x99, 0xa1, 0xa1, 0xa1, 
	0x91, 0x91, 0x89, 0x89, 0x89, 0x80, 0x80, 0x89, 
	0x80, 0x80, 0x89, 0x89, 0x89, 0x89, 0x89, 0x91, 
	0xa1, 0xa1, 0xa1, 0x91, 0x91, 0x89, 0x89, 0x89, 
	0x89, 0x89, 0x89, 0x89, 0x89, 0x80, 0x89, 0x80, 
	0x89, 0x89, 0x91, 0x91, 0x91, 0x99, 0x99, 0x91, 
	0x91, 0x91, 0x89, 0x91, 0x99, 0xa1, 0xa1, 0xa1, 
	0xa1, 0xa1, 0x99, 0x91, 0x89, 0x80, 0x89, 0x89, 
	0x91, 0x99, 0xa1, 0xa1, 0xa1, 0xa1, 0x99, 0x91, 
	0x89, 0x80, 0x80, 0x89, 0x80, 0x89, 0x89, 0x89, 
	0x89, 0x80, 0x80, 0x89, 0x89, 0x89, 0x89, 0x91, 
	0x99, 0xa1, 0x99, 0x99, 0x99, 0x99, 0x91, 0x91, 
	0x91, 0x91, 0x91, 0x89, 0x89, 0x89, 0x89, 0x91, 
	0x91, 0x91, 0x99, 0x91, 0x91, 0x91, 0x89, 0x89, 
	0x89, 0x91, 0x99, 0x99, 0xa1, 0xa1, 0xa1, 0x99, 
	0x99, 0x91, 0x91, 0x89, 0x80, 0x89, 0x89, 0x91, 
	0xa1, 0xa1, 0xa1, 0xa1, 0x99, 0x99, 0x91, 0x89, 
	0x80, 0x89, 0x89, 0x89, 0x91, 0x91, 0x91, 0x91, 
	0x89, 0x89, 0x89, 0x80, 0x80, 0x89, 0x80, 0x89, 
	0x91, 0x91, 0x91, 0x91, 0x99, 0x99, 0x99, 0x99, 
	0x99, 0x91, 0x91, 0x91, 0x89, 0x89, 0x91, 0x89, 
	0x89, 0x91, 0x89, 0x89, 0x91, 0x91, 0x91, 0x99, 
	0xa1, 0xa1, 0xa1, 0x99, 0x99, 0x91, 0x91, 0x91, 
	0x89, 0x89, 0x89, 0x80, 0x89, 0x89, 0x99, 0xa1, 
	0xa1, 0xa1, 0x99, 0x91, 0x91, 0x89, 0x80, 0x80, 
	0x89, 0x80, 0x91, 0x99, 0x99, 0x99, 0xa1, 0xa1, 
	0x91, 0x89, 0x89, 0x89, 0x80, 0x80, 0x89, 0x89, 
	0x89, 0x89, 0x91, 0x89, 0x89, 0x89, 0x91, 0x89, 
	0x91, 0x89, 0x89, 0x80, 0x89, 0x89, 0x89, 0x89, 
	0x91, 0x89, 0x91, 0x91, 0x91, 0x99, 0x99, 0x99, 
	0x99, 0x99, 0x99, 0x91, 0x91, 0x89, 0x89, 0x80, 
	0x89, 0x89, 0x80, 0x89, 0x89, 0x91, 0xa1, 0xa1, 
	0xa1, 0x91, 0x89, 0x89, 0x80, 0x89, 0x80, 0x89, 
	0x89, 0x91, 0x99, 0xa1, 0xa1, 0xa1, 0xa1, 0xa1, 
	0xa1, 0x99, 0x91, 0x89, 0x89, 0x80, 0x89, 0x89, 
	0x91, 0x91, 0x91, 0x91, 0x91, 0x91, 0x89, 0x91, 
	0x89, 0x91, 0x91, 0x91, 0x91, 0x91, 0x91, 0x99, 
	0x99, 0x99, 0x99, 0x99, 0x99, 0x91, 0x91, 0x91, 
	0x89, 0x89, 0x89, 0x89, 0x89, 0x80, 0x80, 0x89, 
	0x89, 0x89, 0x89, 0x91, 0x99, 0xa1, 0xa1, 0x99, 
	0x91, 0x89, 0x80, 0x80, 0x80, 0x80, 0x89, 0x91, 
	0x99, 0xa1, 0xa1, 0xa1, 0xa1, 0xa1, 0xa1, 0xa1, 
	0xa1, 0xa1, 0x99, 0x91, 0x80, 0x89, 0x80, 0x89, 
	0x91, 0x99, 0x99, 0x99, 0x99, 0x99, 0x99, 0x91, 
	0x99, 0x91, 0x99, 0x99, 0x99, 0x99, 0x91, 0x91, 
	0x91, 0x91, 0x91, 0x89, 0x89, 0x89, 0x89, 0x89, 
	0x80, 0x89, 0x80, 0x89, 0x89, 0x89, 0x91, 0x91, 
	0x91, 0x99, 0x99, 0x99, 0xa1, 0x99, 0x99, 0x91, 
	0x89, 0x80, 0x80, 0x89, 0x80, 0x89, 0x91, 0x91, 
	0x99, 0xa1, 0xa1, 0xa1, 0xa1, 0xa1, 0xa1, 0xa1, 
	0xa1, 0xa1, 0x99, 0x91, 0x89, 0x80, 0x89, 0x89, 
	0x89, 0x91, 0x99, 0x91, 0x91, 0x91, 0x91, 0x91, 
	0x91, 0x91, 0x89, 0x89, 0x89, 0x89, 0x89, 0x89, 
	0x89, 0x80, 0x89, 0x80, 0x89, 0x89, 0x80, 0x89, 
	0x89, 0x89, 0x89, 0x91, 0x91, 0x99, 0x99, 0x99, 
	0x99, 0x91, 0x91, 0x91, 0x91, 0x89, 0x89, 0x80, 
	0x80, 0x80, 0x80, 0x89, 0x89, 0x89, 0x89, 0x99, 
	0x99, 0xa1, 0xa1, 0xa1, 0xa1, 0xa1, 0xa1, 0xa1, 
	0xa1, 0xa1, 0xa1, 0x91, 0x89, 0x89, 0x80, 0x80, 
	0x89, 0x89, 0x89, 0x89, 0x89, 0x89, 0x89, 0x89, 
	0x89, 0x80, 0x89, 0x89, 0x80, 0x89, 0x80, 0x89, 
	0x89, 0x89, 0x89, 0x89, 0x89, 0x91, 0x91, 0x91, 
	0x91, 0x91, 0x99, 0x91, 0x91, 0x91, 0x91, 0x91, 
	0x91, 0x91, 0x91, 0x91, 0x89, 0x89, 0x89, 0x89, 
	0x80, 0x89, 0x80, 0x80, 0x80, 0x89, 0x91, 0x99, 
	0x99, 0xa1, 0xa1, 0xa1, 0xa1, 0xa1, 0xa1, 0xa1, 
	0xa1, 0xa1, 0xa1, 0x99, 0x91, 0x89, 0x89, 0x89, 
	0x80, 0x80, 0x80, 0x89, 0x80, 0x80, 0x80, 0x80, 
	0x80, 0x89, 0x89, 0x89, 0x89, 0x89, 0x89, 0x91, 
	0x91, 0x91, 0x91, 0x91, 0x91, 0x91, 0x91, 0x91, 
	0x91, 0x91, 0x91, 0x91, 0x91, 0x91, 0x91, 0x91, 
	0x91, 0x91, 0x91, 0x89, 0x89, 0x89, 0x89, 0x80, 
	0x80, 0x80, 0x80, 0x89, 0x89, 0x89, 0x91, 0x99, 
	0x99, 0xa1, 0xa1, 0xa1, 0xa1, 0xa1, 0xa1, 0xa1, 
	
};

Gfx bob_dl_wl_ami1_ci8_aligner[] = {gsSPEndDisplayList()};
u8 bob_dl_wl_ami1_ci8[] = {
	0x00, 0x00, 0x00, 0x00, 0x00, 0x00, 0x00, 0x00, 
	0x00, 0x01, 0x02, 0x02, 0x03, 0x04, 0x04, 0x04, 
	0x05, 0x04, 0x03, 0x03, 0x06, 0x06, 0x01, 0x07, 
	0x00, 0x00, 0x00, 0x00, 0x00, 0x00, 0x00, 0x00, 
	0x00, 0x00, 0x00, 0x00, 0x00, 0x00, 0x00, 0x00, 
	0x07, 0x01, 0x02, 0x02, 0x06, 0x04, 0x05, 0x08, 
	0x09, 0x09, 0x04, 0x06, 0x0a, 0x03, 0x01, 0x07, 
	0x00, 0x00, 0x00, 0x00, 0x00, 0x00, 0x00, 0x00, 
	0x00, 0x00, 0x00, 0x00, 0x00, 0x00, 0x00, 0x00, 
	0x0b, 0x0c, 0x02, 0x02, 0x0d, 0x05, 0x05, 0x09, 
	0x0e, 0x0e, 0x09, 0x06, 0x03, 0x03, 0x02, 0x0b, 
	0x00, 0x00, 0x00, 0x00, 0x00, 0x00, 0x00, 0x00, 
	0x00, 0x00, 0x00, 0x00, 0x00, 0x00, 0x00, 0x00, 
	0x0f, 0x0c, 0x0c, 0x03, 0x04, 0x08, 0x10, 0x11, 
	0x11, 0x0e, 0x0e, 0x05, 0x06, 0x03, 0x02, 0x12, 
	0x00, 0x00, 0x00, 0x00, 0x00, 0x00, 0x00, 0x00, 
	0x00, 0x00, 0x00, 0x00, 0x00, 0x00, 0x00, 0x13, 
	0x0f, 0x12, 0x0c, 0x04, 0x08, 0x10, 0x10, 0x0e, 
	0x0e, 0x09, 0x0e, 0x0e, 0x04, 0x03, 0x02, 0x0c, 
	0x12, 0x00, 0x00, 0x00, 0x00, 0x00, 0x00, 0x00, 
	0x00, 0x00, 0x00, 0x00, 0x00, 0x00, 0x13, 0x14, 
	0x12, 0x0c, 0x06, 0x05, 0x10, 0x10, 0x10, 0x11, 
	0x09, 0x09, 0x09, 0x09, 0x0e, 0x04, 0x03, 0x02, 
	0x0c, 0x12, 0x00, 0x00, 0x00, 0x00, 0x00, 0x00, 
	0x00, 0x00, 0x00, 0x00, 0x00, 0x13, 0x14, 0x14, 
	0x12, 0x06, 0x05, 0x05, 0x05, 0x10, 0x01, 0x15, 
	0x15, 0x15, 0x11, 0x09, 0x09, 0x09, 0x0d, 0x03, 
	0x02, 0x12, 0x12, 0x00, 0x00, 0x00, 0x00, 0x00, 
	0x00, 0x00, 0x00, 0x00, 0x16, 0x13, 0x0f, 0x0f, 
	0x03, 0x04, 0x04, 0x04, 0x04, 0x01, 0x00, 0x00, 
	0x00, 0x00, 0x15, 0x0e, 0x11, 0x09, 0x09, 0x04, 
	0x03, 0x02, 0x12, 0x12, 0x00, 0x00, 0x00, 0x00, 
	0x00, 0x00, 0x0b, 0x14, 0x13, 0x14, 0x0f, 0x02, 
	0x04, 0x04, 0x04, 0x04, 0x00, 0x00, 0x00, 0x00, 
	0x00, 0x00, 0x00, 0x00, 0x0e, 0x09, 0x09, 0x09, 
	0x04, 0x02, 0x02, 0x12, 0x0c, 0x17, 0x00, 0x00, 
	0x0b, 0x0b, 0x16, 0x14, 0x14, 0x0f, 0x0c, 0x04, 
	0x04, 0x04, 0x04, 0x00, 0x00, 0x00, 0x00, 0x00, 
	0x00, 0x00, 0x00, 0x00, 0x00, 0x0e, 0x09, 0x09, 
	0x09, 0x04, 0x02, 0x0c, 0x12, 0x0c, 0x17, 0x0b, 
	0x0f, 0x14, 0x14, 0x14, 0x0f, 0x0c, 0x0d, 0x04, 
	0x04, 0x04, 0x00, 0x00, 0x00, 0x00, 0x00, 0x00, 
	0x00, 0x00, 0x00, 0x00, 0x00, 0x00, 0x0e, 0x09, 
	0x09, 0x09, 0x0d, 0x02, 0x0c, 0x12, 0x12, 0x12, 
	0x0f, 0x0f, 0x0f, 0x0f, 0x0c, 0x04, 0x04, 0x04, 
	0x04, 0x00, 0x00, 0x00, 0x00, 0x00, 0x00, 0x00, 
	0x00, 0x00, 0x00, 0x00, 0x00, 0x00, 0x00, 0x09, 
	0x09, 0x09, 0x09, 0x06, 0x02, 0x0c, 0x0c, 0x12, 
	0x0f, 0x0f, 0x12, 0x02, 0x0d, 0x04, 0x05, 0x04, 
	0x00, 0x00, 0x00, 0x00, 0x00, 0x00, 0x00, 0x00, 
	0x00, 0x00, 0x00, 0x00, 0x00, 0x00, 0x00, 0x00, 
	0x09, 0x09, 0x09, 0x09, 0x04, 0x03, 0x0c, 0x12, 
	0x12, 0x0c, 0x03, 0x05, 0x05, 0x05, 0x05, 0x01, 
	0x00, 0x00, 0x00, 0x00, 0x00, 0x00, 0x00, 0x00, 
	0x00, 0x00, 0x00, 0x00, 0x00, 0x00, 0x00, 0x00, 
	0x15, 0x10, 0x09, 0x09, 0x0e, 0x10, 0x02, 0x02, 
	0x18, 0x0d, 0x05, 0x05, 0x05, 0x05, 0x01, 0x00, 
	0x00, 0x00, 0x00, 0x00, 0x00, 0x00, 0x00, 0x00, 
	0x00, 0x00, 0x00, 0x00, 0x00, 0x00, 0x00, 0x00, 
	0x00, 0x01, 0x09, 0x09, 0x09, 0x09, 0x09, 0x04, 
	0x04, 0x05, 0x05, 0x05, 0x05, 0x05, 0x01, 0x00, 
	0x00, 0x00, 0x00, 0x00, 0x00, 0x00, 0x00, 0x00, 
	0x00, 0x00, 0x00, 0x00, 0x00, 0x00, 0x00, 0x00, 
	0x00, 0x01, 0x09, 0x09, 0x09, 0x09, 0x09, 0x09, 
	0x04, 0x05, 0x05, 0x05, 0x04, 0x04, 0x01, 0x00, 
	0x00, 0x00, 0x00, 0x00, 0x00, 0x00, 0x00, 0x00, 
	0x00, 0x00, 0x00, 0x00, 0x00, 0x00, 0x00, 0x00, 
	0x00, 0x01, 0x10, 0x09, 0x09, 0x09, 0x09, 0x09, 
	0x09, 0x0d, 0x06, 0x06, 0x03, 0x02, 0x17, 0x00, 
	0x00, 0x00, 0x00, 0x00, 0x00, 0x00, 0x00, 0x00, 
	0x00, 0x00, 0x00, 0x00, 0x00, 0x00, 0x00, 0x00, 
	0x00, 0x01, 0x0d, 0x04, 0x04, 0x0d, 0x05, 0x09, 
	0x0e, 0x19, 0x0d, 0x02, 0x02, 0x0c, 0x12, 0x07, 
	0x00, 0x00, 0x00, 0x00, 0x00, 0x00, 0x00, 0x00, 
	0x00, 0x00, 0x00, 0x00, 0x00, 0x00, 0x00, 0x00, 
	0x17, 0x0c, 0x02, 0x02, 0x03, 0x0d, 0x05, 0x10, 
	0x19, 0x19, 0x0e, 0x0d, 0x0c, 0x1a, 0x12, 0x14, 
	0x00, 0x00, 0x00, 0x00, 0x00, 0x00, 0x00, 0x00, 
	0x00, 0x00, 0x00, 0x00, 0x00, 0x00, 0x00, 0x07, 
	0x12, 0x0c, 0x0c, 0x02, 0x06, 0x10, 0x10, 0x09, 
	0x19, 0x19, 0x0e, 0x19, 0x05, 0x02, 0x12, 0x0f, 
	0x13, 0x00, 0x00, 0x00, 0x00, 0x00, 0x00, 0x00, 
	0x00, 0x00, 0x00, 0x00, 0x00, 0x00, 0x00, 0x0f, 
	0x12, 0x12, 0x0c, 0x03, 0x05, 0x05, 0x10, 0x10, 
	0x19, 0x0e, 0x0e, 0x0e, 0x0e, 0x10, 0x02, 0x0f, 
	0x14, 0x1b, 0x00, 0x00, 0x00, 0x00, 0x00, 0x00, 
	0x00, 0x00, 0x00, 0x00, 0x00, 0x00, 0x0f, 0x0f, 
	0x0f, 0x12, 0x06, 0x05, 0x05, 0x05, 0x05, 0x10, 
	0x1c, 0x1c, 0x0e, 0x0e, 0x0e, 0x0e, 0x09, 0x02, 
	0x0f, 0x13, 0x1b, 0x00, 0x00, 0x00, 0x00, 0x00, 
	0x00, 0x00, 0x00, 0x00, 0x00, 0x0f, 0x0f, 0x0f, 
	0x12, 0x03, 0x04, 0x04, 0x04, 0x04, 0x01, 0x15, 
	0x00, 0x00, 0x1c, 0x19, 0x0e, 0x0e, 0x0e, 0x09, 
	0x1d, 0x0f, 0x1e, 0x1b, 0x00, 0x00, 0x00, 0x00, 
	0x00, 0x00, 0x00, 0x00, 0x14, 0x0f, 0x0f, 0x12, 
	0x03, 0x05, 0x04, 0x05, 0x05, 0x01, 0x00, 0x00, 
	0x00, 0x00, 0x00, 0x00, 0x1f, 0x0e, 0x0e, 0x19, 
	0x09, 0x0c, 0x0f, 0x13, 0x1b, 0x0b, 0x00, 0x00, 
	0x00, 0x00, 0x0b, 0x0f, 0x14, 0x0f, 0x12, 0x02, 
	0x04, 0x04, 0x05, 0x05, 0x00, 0x00, 0x00, 0x00, 
	0x00, 0x00, 0x00, 0x00, 0x00, 0x1f, 0x19, 0x0e, 
	0x0e, 0x10, 0x12, 0x0f, 0x1e, 0x1b, 0x07, 0x07, 
	0x0b, 0x07, 0x14, 0x14, 0x0f, 0x20, 0x03, 0x04, 
	0x04, 0x04, 0x05, 0x00, 0x00, 0x00, 0x00, 0x00, 
	0x00, 0x00, 0x00, 0x00, 0x00, 0x00, 0x21, 0x19, 
	0x0e, 0x0e, 0x04, 0x20, 0x0f, 0x14, 0x13, 0x14, 
	0x14, 0x14, 0x0f, 0x14, 0x12, 0x03, 0x04, 0x04, 
	0x05, 0x05, 0x00, 0x00, 0x00, 0x00, 0x00, 0x00, 
	0x00, 0x00, 0x00, 0x00, 0x00, 0x00, 0x00, 0x1f, 
	0x0e, 0x0e, 0x0e, 0x03, 0x0f, 0x0f, 0x14, 0x0f, 
	0x0f, 0x14, 0x0f, 0x0f, 0x03, 0x05, 0x04, 0x05, 
	0x05, 0x00, 0x00, 0x00, 0x00, 0x00, 0x00, 0x00, 
	0x00, 0x00, 0x00, 0x00, 0x00, 0x00, 0x00, 0x00, 
	0x1f, 0x19, 0x0e, 0x09, 0x03, 0x0f, 0x0f, 0x12, 
	0x12, 0x20, 0x12, 0x03, 0x04, 0x04, 0x04, 0x05, 
	0x00, 0x00, 0x00, 0x00, 0x00, 0x00, 0x00, 0x00, 
	0x00, 0x00, 0x00, 0x00, 0x00, 0x00, 0x00, 0x00, 
	0x1c, 0x1f, 0x19, 0x0e, 0x09, 0x06, 0x0c, 0x0c, 
	0x12, 0x0c, 0x03, 0x04, 0x05, 0x05, 0x05, 0x22, 
	0x00, 0x00, 0x00, 0x00, 0x00, 0x00, 0x00, 0x00, 
	0x00, 0x00, 0x00, 0x00, 0x00, 0x00, 0x00, 0x00, 
	0x00, 0x1c, 0x19, 0x19, 0x19, 0x0e, 0x10, 0x0d, 
	0x0d, 0x0d, 0x04, 0x04, 0x05, 0x05, 0x01, 0x07, 
	0x00, 0x00, 0x00, 0x00, 0x00, 0x00, 0x00, 0x00, 
	0x00, 0x00, 0x00, 0x00, 0x00, 0x00, 0x00, 0x00, 
	0x07, 0x22, 0x0e, 0x19, 0x0e, 0x0e, 0x09, 0x10, 
	0x05, 0x05, 0x05, 0x05, 0x05, 0x05, 0x01, 0x07, 
	0x00, 0x00, 0x00, 0x00, 0x00, 0x00, 0x00, 0x00, 
	
};

Gfx bob_dl_wl_ami1_pal_rgba16_aligner[] = {gsSPEndDisplayList()};
u8 bob_dl_wl_ami1_pal_rgba16[] = {
	0x8b, 0x9c, 0x62, 0x94, 0x73, 0x5b, 0x73, 0x59, 
	0x62, 0xd7, 0x62, 0xd5, 0x6b, 0x19, 0x73, 0x98, 
	0x5a, 0xd5, 0x5a, 0x93, 0x6b, 0x59, 0x73, 0x18, 
	0x7b, 0x9b, 0x6b, 0x17, 0x52, 0x53, 0x83, 0xdd, 
	0x5a, 0x95, 0x52, 0x93, 0x7b, 0x9d, 0x8c, 0x1f, 
	0x83, 0xdf, 0x52, 0x90, 0x84, 0x1f, 0x63, 0x14, 
	0x73, 0x19, 0x52, 0x51, 0x73, 0x9b, 0x8c, 0x21, 
	0x52, 0x10, 0x7b, 0x5b, 0x8b, 0xdf, 0x52, 0x11, 
	0x83, 0x9d, 0x4a, 0x11, 0x52, 0x94, 
};

Gfx bob_dl_Mat_Metal_Gray_03__64x64_i4_aligner[] = {gsSPEndDisplayList()};
u8 bob_dl_Mat_Metal_Gray_03__64x64_i4[] = {
	0x98, 0x88, 0x88, 0x88, 0x88, 0x88, 0x88, 0x88, 
	0x88, 0x88, 0x88, 0x88, 0x88, 0x88, 0x89, 0x88, 
	0x88, 0x99, 0x99, 0x89, 0x99, 0x88, 0x99, 0x89, 
	0x88, 0x88, 0x88, 0x88, 0x88, 0x88, 0x88, 0x88, 
	0x88, 0x98, 0x88, 0x88, 0x88, 0x88, 0x88, 0x88, 
	0x88, 0x88, 0x88, 0x98, 0x88, 0x88, 0x89, 0x88, 
	0x88, 0x88, 0x99, 0x89, 0x99, 0x98, 0x9a, 0x99, 
	0xaa, 0x99, 0x88, 0x88, 0x88, 0x88, 0x88, 0x88, 
	0x88, 0x88, 0x88, 0x88, 0x88, 0x88, 0x88, 0x88, 
	0x88, 0x88, 0x88, 0x98, 0x88, 0x88, 0x89, 0x88, 
	0x88, 0x98, 0x88, 0x88, 0x98, 0x88, 0x99, 0x88, 
	0x99, 0x88, 0x88, 0x88, 0x88, 0x88, 0x88, 0x88, 
	0x88, 0x88, 0x88, 0x88, 0x88, 0x88, 0x99, 0x88, 
	0x88, 0x88, 0x88, 0x88, 0x88, 0x88, 0x99, 0x88, 
	0x88, 0x98, 0xa9, 0x9a, 0xaa, 0xaa, 0xbb, 0x99, 
	0x99, 0x88, 0x88, 0x88, 0x88, 0x88, 0x88, 0x88, 
	0x88, 0x88, 0x88, 0x88, 0x88, 0x88, 0x88, 0x88, 
	0x88, 0x88, 0x88, 0x88, 0x88, 0x88, 0x99, 0x88, 
	0x88, 0x98, 0x88, 0x88, 0x88, 0x89, 0x9a, 0x99, 
	0x99, 0x98, 0x88, 0x88, 0x88, 0x88, 0x88, 0x88, 
	0x88, 0x88, 0x88, 0x88, 0x88, 0x88, 0x88, 0x88, 
	0x88, 0x88, 0x88, 0x88, 0x88, 0x88, 0x98, 0x88, 
	0x89, 0x98, 0x98, 0x99, 0xa9, 0x99, 0x9a, 0x99, 
	0x99, 0x98, 0x88, 0x88, 0x88, 0x88, 0x88, 0x88, 
	0x88, 0x88, 0x88, 0x88, 0x88, 0x88, 0x88, 0x88, 
	0x88, 0x88, 0x88, 0x88, 0x88, 0x88, 0x88, 0x88, 
	0x88, 0x88, 0x88, 0x88, 0x98, 0x99, 0x99, 0x99, 
	0x99, 0xa8, 0x88, 0x88, 0x88, 0x88, 0x88, 0x88, 
	0x88, 0x88, 0x88, 0x88, 0x88, 0x88, 0x88, 0x88, 
	0x88, 0x99, 0x88, 0x88, 0x88, 0x88, 0x88, 0x88, 
	0x88, 0x98, 0x99, 0x99, 0xaa, 0xa9, 0xaa, 0x99, 
	0x99, 0xa8, 0x88, 0x88, 0x88, 0x88, 0x88, 0x88, 
	0x88, 0x88, 0x88, 0x88, 0x88, 0x88, 0x89, 0x99, 
	0x99, 0x99, 0x88, 0x88, 0x88, 0x88, 0x88, 0x88, 
	0x89, 0x98, 0x99, 0x99, 0x99, 0x99, 0x99, 0x89, 
	0x99, 0xa8, 0x99, 0x99, 0x88, 0x88, 0x88, 0x88, 
	0x88, 0x88, 0x88, 0x88, 0x88, 0x88, 0x89, 0x88, 
	0x88, 0x88, 0x88, 0x88, 0x88, 0x88, 0x88, 0x89, 
	0x88, 0x98, 0x99, 0x99, 0x99, 0x99, 0x99, 0x99, 
	0xa9, 0xa9, 0x98, 0x99, 0x88, 0x88, 0x88, 0x88, 
	0x98, 0x88, 0x88, 0x88, 0x88, 0x88, 0x88, 0x88, 
	0x88, 0x88, 0x89, 0x98, 0x88, 0x88, 0x98, 0x89, 
	0x99, 0xa8, 0x99, 0x99, 0xaa, 0xaa, 0xaa, 0x99, 
	0x99, 0xa9, 0x88, 0x88, 0x88, 0x89, 0x99, 0x89, 
	0x98, 0x88, 0x88, 0x88, 0x88, 0x88, 0x88, 0x88, 
	0x88, 0x98, 0x88, 0x88, 0x88, 0x88, 0x88, 0x89, 
	0x99, 0xa8, 0x98, 0x99, 0xaa, 0x99, 0x9a, 0x99, 
	0xa9, 0xa9, 0x88, 0x88, 0x88, 0x88, 0x98, 0x88, 
	0x98, 0x88, 0x88, 0x88, 0x88, 0x88, 0x88, 0x88, 
	0x88, 0x88, 0x88, 0x88, 0x88, 0x88, 0x88, 0x88, 
	0x88, 0x98, 0x99, 0x99, 0xaa, 0xaa, 0xaa, 0x99, 
	0x99, 0xa8, 0x88, 0x88, 0x88, 0x88, 0x88, 0x88, 
	0x99, 0x99, 0x98, 0x88, 0x88, 0x88, 0x88, 0x88, 
	0x88, 0x88, 0x88, 0x88, 0x88, 0x88, 0x88, 0x89, 
	0x99, 0xa9, 0x99, 0x99, 0xaa, 0x99, 0x9a, 0x99, 
	0xa9, 0xa8, 0x98, 0x89, 0x98, 0x99, 0x99, 0x88, 
	0x99, 0x99, 0x98, 0x88, 0x88, 0x88, 0x88, 0x88, 
	0x88, 0x88, 0x88, 0x88, 0x88, 0x88, 0x88, 0x88, 
	0x99, 0x99, 0x99, 0x98, 0x9a, 0xaa, 0xaa, 0xaa, 
	0xba, 0xca, 0xa9, 0x9a, 0xa9, 0x99, 0x99, 0x89, 
	0x99, 0x9a, 0x99, 0x88, 0x88, 0x88, 0x88, 0x88, 
	0x88, 0x88, 0x88, 0x88, 0x88, 0x89, 0x88, 0x89, 
	0xaa, 0xaa, 0xa9, 0x99, 0x9a, 0x99, 0x99, 0x99, 
	0xaa, 0xb9, 0x99, 0x9a, 0xa9, 0xa9, 0x99, 0x99, 
	0x99, 0x99, 0x98, 0x88, 0x88, 0x88, 0x88, 0x88, 
	0x88, 0x98, 0x88, 0x88, 0x88, 0x88, 0x88, 0x88, 
	0x9a, 0xa9, 0xa9, 0x99, 0x9a, 0x99, 0x99, 0x89, 
	0x9a, 0xa9, 0x98, 0x89, 0x99, 0x99, 0x99, 0x89, 
	0x99, 0x9a, 0x98, 0x88, 0x88, 0x88, 0x89, 0x88, 
	0x88, 0x99, 0x88, 0x88, 0x88, 0x89, 0x88, 0x89, 
	0x99, 0xa9, 0xa9, 0x99, 0xaa, 0x99, 0xaa, 0x89, 
	0x99, 0xa9, 0x98, 0x89, 0x99, 0x99, 0x99, 0x89, 
	0x9a, 0xaa, 0xa8, 0x88, 0x88, 0x88, 0x8a, 0x98, 
	0x88, 0xa9, 0x98, 0x88, 0x88, 0x88, 0x88, 0x88, 
	0x99, 0x99, 0xa9, 0x99, 0xaa, 0x99, 0xaa, 0x89, 
	0xaa, 0xaa, 0x99, 0x9a, 0x99, 0xaa, 0xab, 0x9a, 
	0x89, 0x99, 0x98, 0x88, 0x88, 0x88, 0x88, 0x88, 
	0x88, 0x88, 0x88, 0x88, 0x88, 0x89, 0x88, 0x89, 
	0x99, 0x99, 0xa9, 0x99, 0xaa, 0x99, 0x9a, 0x88, 
	0x99, 0x99, 0x98, 0x89, 0x99, 0x9a, 0x9a, 0x89, 
	0x99, 0x9a, 0x98, 0x88, 0x88, 0x88, 0x88, 0x88, 
	0x88, 0x98, 0x98, 0x88, 0x88, 0x89, 0x98, 0x89, 
	0x99, 0x99, 0xa9, 0x99, 0x99, 0x99, 0xa9, 0x89, 
	0xa9, 0x99, 0x98, 0x88, 0x89, 0x99, 0x9a, 0x99, 
	0x88, 0x99, 0x98, 0x88, 0x98, 0x98, 0x89, 0x88, 
	0x88, 0x99, 0x98, 0x88, 0x88, 0x89, 0x99, 0x99, 
	0x99, 0x98, 0x99, 0x99, 0x99, 0x99, 0x99, 0x89, 
	0x99, 0x88, 0x88, 0x88, 0x88, 0x88, 0x88, 0x88, 
	0x88, 0x99, 0x98, 0x98, 0x98, 0x98, 0x89, 0x88, 
	0x88, 0x98, 0x88, 0x88, 0x88, 0x88, 0x88, 0x89, 
	0x99, 0x98, 0x99, 0x99, 0xa9, 0x99, 0x99, 0x88, 
	0x99, 0x88, 0x88, 0x88, 0x88, 0x88, 0x88, 0x88, 
	0x88, 0x99, 0xa8, 0x89, 0x98, 0x98, 0x88, 0x88, 
	0x88, 0x99, 0x98, 0x98, 0x88, 0x88, 0x88, 0x89, 
	0x9a, 0x98, 0x99, 0x99, 0xb9, 0x99, 0xa9, 0x99, 
	0xaa, 0x98, 0x88, 0x88, 0x88, 0x88, 0x88, 0x88, 
	0x88, 0x88, 0x98, 0x88, 0x98, 0x98, 0x89, 0x88, 
	0x88, 0x88, 0x88, 0x88, 0x88, 0x88, 0x88, 0x89, 
	0x9a, 0x88, 0x99, 0x99, 0xa9, 0x98, 0x99, 0x89, 
	0xa9, 0x99, 0x99, 0x88, 0x89, 0x88, 0x88, 0x88, 
	0x98, 0x99, 0x99, 0x99, 0x99, 0x99, 0x99, 0x88, 
	0x88, 0x88, 0x88, 0x88, 0x88, 0x88, 0x88, 0x88, 
	0x99, 0x88, 0x99, 0x99, 0xa9, 0x98, 0x98, 0x89, 
	0x99, 0x99, 0x99, 0x88, 0x89, 0x98, 0x89, 0x89, 
	0x98, 0xaa, 0xa9, 0x9a, 0xaa, 0xaa, 0xaa, 0x89, 
	0x98, 0x99, 0x99, 0x98, 0x88, 0x88, 0x88, 0x88, 
	0x88, 0x88, 0x89, 0x99, 0xa9, 0x88, 0x98, 0x88, 
	0x89, 0x99, 0x98, 0x88, 0x89, 0x88, 0x8a, 0x89, 
	0x99, 0x99, 0xa9, 0x99, 0x99, 0x9a, 0xaa, 0x99, 
	0x99, 0x99, 0xa9, 0x88, 0x88, 0x88, 0x88, 0x88, 
	0x88, 0x88, 0x89, 0x89, 0xa8, 0x88, 0x88, 0x98, 
	0x88, 0x88, 0x88, 0x88, 0x88, 0x88, 0x89, 0x88, 
	0x88, 0x89, 0x98, 0x89, 0x89, 0x9a, 0x99, 0x89, 
	0x99, 0x98, 0x99, 0x98, 0x88, 0x88, 0x88, 0x88, 
	0x88, 0x88, 0x89, 0x9a, 0xa9, 0x98, 0x99, 0x98, 
	0x88, 0x88, 0x88, 0x88, 0x88, 0x88, 0x88, 0x88, 
	0x88, 0x88, 0x88, 0x88, 0x88, 0x9a, 0x99, 0x89, 
	0x99, 0x99, 0xaa, 0x98, 0x88, 0x88, 0x88, 0x88, 
	0x88, 0x88, 0x8a, 0x9a, 0xb9, 0x99, 0x99, 0xa9, 
	0xa9, 0x99, 0x88, 0x88, 0x99, 0x98, 0x89, 0x88, 
	0x88, 0x89, 0x99, 0x99, 0x99, 0xaa, 0x99, 0x9a, 
	0xa9, 0x99, 0xaa, 0x98, 0x88, 0x88, 0x88, 0x88, 
	0x88, 0x88, 0x9a, 0x9a, 0xb9, 0x99, 0xaa, 0xa9, 
	0x98, 0x88, 0x88, 0x88, 0x88, 0x88, 0x88, 0x88, 
	0x88, 0x89, 0x9a, 0xa9, 0x9a, 0x9a, 0x99, 0x89, 
	0x99, 0x89, 0x99, 0x98, 0x88, 0x88, 0x88, 0x88, 
	0x88, 0x88, 0x88, 0x9a, 0xa9, 0x88, 0x88, 0x88, 
	0x88, 0x88, 0x88, 0x88, 0x88, 0x88, 0x88, 0x88, 
	0x88, 0x89, 0x99, 0x99, 0x9a, 0x9a, 0x99, 0x9a, 
	0x99, 0x9a, 0x99, 0x98, 0x88, 0x88, 0x88, 0x88, 
	0x88, 0x88, 0x88, 0x89, 0x98, 0x88, 0x88, 0x88, 
	0x88, 0x88, 0x88, 0x88, 0x88, 0x88, 0x88, 0x88, 
	0x88, 0x89, 0x99, 0xa9, 0x9b, 0xab, 0xaa, 0xab, 
	0xba, 0x9b, 0xa9, 0x88, 0x88, 0x88, 0x88, 0x88, 
	0x88, 0x88, 0x88, 0x88, 0x88, 0x88, 0x88, 0x88, 
	0x88, 0x88, 0x88, 0x88, 0x88, 0x88, 0x88, 0x88, 
	0x89, 0x89, 0x99, 0xa9, 0x9a, 0x9a, 0xa9, 0x99, 
	0x98, 0x88, 0x88, 0x88, 0x88, 0x88, 0x88, 0x88, 
	0x88, 0x88, 0x88, 0x88, 0x88, 0x88, 0x88, 0x88, 
	0x88, 0x88, 0x88, 0x88, 0x88, 0x88, 0x88, 0x88, 
	0x8a, 0x99, 0x9a, 0xaa, 0x9a, 0xaa, 0xa9, 0x99, 
	0x98, 0x88, 0x88, 0x88, 0x88, 0x88, 0x88, 0x88, 
	0x88, 0x88, 0x88, 0x88, 0x88, 0x88, 0x88, 0x88, 
	0x88, 0x88, 0x88, 0x88, 0x88, 0x88, 0x88, 0x89, 
	0x8a, 0x99, 0x99, 0x99, 0x9a, 0x99, 0xa9, 0x99, 
	0x88, 0x88, 0x88, 0x88, 0x88, 0x88, 0x88, 0x88, 
	0x88, 0x88, 0x88, 0x88, 0x88, 0x88, 0x88, 0x88, 
	0x88, 0x88, 0x88, 0x88, 0x88, 0x88, 0x88, 0x89, 
	0x8a, 0x99, 0x99, 0x99, 0x8a, 0x99, 0x98, 0x99, 
	0x88, 0x88, 0x88, 0x88, 0x88, 0x88, 0x88, 0x88, 
	0x88, 0x88, 0x88, 0x88, 0x88, 0x88, 0x88, 0x88, 
	0x88, 0x88, 0x88, 0x88, 0x88, 0x88, 0x88, 0x89, 
	0x9a, 0x99, 0x99, 0xa9, 0x9a, 0x99, 0x98, 0xaa, 
	0x88, 0x88, 0x88, 0x88, 0x88, 0x88, 0x88, 0x88, 
	0x88, 0x88, 0x88, 0x88, 0x88, 0x88, 0x88, 0x88, 
	0x88, 0x88, 0x88, 0x88, 0x89, 0x88, 0x89, 0x99, 
	0x89, 0x88, 0x89, 0x99, 0x8a, 0x98, 0x98, 0x99, 
	0x88, 0x88, 0x88, 0x88, 0x88, 0x88, 0x88, 0x88, 
	0x88, 0x88, 0x88, 0x88, 0x88, 0x88, 0x88, 0x88, 
	0x88, 0x88, 0x88, 0x99, 0x99, 0x98, 0x88, 0x88, 
	0x89, 0x88, 0x89, 0x98, 0x8a, 0x98, 0x98, 0x99, 
	0x88, 0x88, 0x88, 0x88, 0x88, 0x88, 0x88, 0x88, 
	0x88, 0x88, 0x88, 0x88, 0x88, 0x88, 0x88, 0x88, 
	0x88, 0x88, 0x89, 0x99, 0x89, 0x99, 0x88, 0x88, 
	0x8a, 0x99, 0x99, 0x99, 0x9a, 0x98, 0xa9, 0x88, 
	0x88, 0x88, 0x88, 0x88, 0x88, 0x88, 0x88, 0x88, 
	0x88, 0x88, 0x88, 0x88, 0x88, 0x88, 0x88, 0x88, 
	0x88, 0x88, 0x89, 0x99, 0x89, 0x98, 0x88, 0x89, 
	0x89, 0x88, 0x89, 0x89, 0x9a, 0x88, 0x88, 0x88, 
	0x88, 0x88, 0x88, 0x88, 0x88, 0x88, 0x88, 0x88, 
	0x88, 0x88, 0x88, 0x88, 0x88, 0x88, 0x88, 0x88, 
	0x88, 0x88, 0x89, 0x99, 0x89, 0x98, 0x88, 0x88, 
	0x89, 0x88, 0x99, 0x89, 0x89, 0x88, 0x88, 0x88, 
	0x88, 0x88, 0x88, 0x88, 0x88, 0x88, 0x88, 0x88, 
	0x88, 0x88, 0x88, 0x88, 0x88, 0x88, 0x88, 0x88, 
	0x88, 0x88, 0x89, 0x99, 0x99, 0x99, 0x98, 0x88, 
	0x9a, 0xa9, 0x99, 0x89, 0x99, 0x88, 0x98, 0x88, 
	0x88, 0x88, 0x88, 0x88, 0x88, 0x88, 0x88, 0x89, 
	0x98, 0x88, 0x88, 0x88, 0x88, 0x88, 0x88, 0x88, 
	0x88, 0x99, 0x9a, 0xba, 0x9a, 0xa9, 0x98, 0x89, 
	0xaa, 0xa9, 0x99, 0x99, 0x9a, 0x99, 0x98, 0x88, 
	0x88, 0x88, 0x88, 0x88, 0x88, 0x88, 0x88, 0x88, 
	0x88, 0x88, 0x88, 0x88, 0x88, 0x88, 0x88, 0x88, 
	0x88, 0x88, 0x89, 0xa9, 0x99, 0x98, 0x88, 0x89, 
	0x99, 0x98, 0x99, 0x89, 0x9a, 0x88, 0x98, 0x88, 
	0x88, 0x88, 0x88, 0x88, 0x88, 0x88, 0x88, 0x88, 
	0x88, 0x88, 0x88, 0x88, 0x88, 0x88, 0x88, 0x88, 
	0x88, 0x88, 0x89, 0xa9, 0x99, 0x98, 0x88, 0x89, 
	0x99, 0x99, 0x99, 0x99, 0x9a, 0x99, 0x99, 0x88, 
	0x88, 0x88, 0x88, 0x88, 0x88, 0x88, 0x89, 0x99, 
	0x99, 0x98, 0x98, 0x88, 0x88, 0x88, 0x88, 0x88, 
	0x88, 0x88, 0x89, 0xa9, 0x99, 0x88, 0x88, 0x89, 
	0x98, 0x88, 0x88, 0x88, 0x89, 0x88, 0x88, 0x88, 
	0x88, 0x88, 0x88, 0x88, 0x89, 0x88, 0x88, 0x89, 
	0x99, 0x99, 0x98, 0x88, 0x88, 0x88, 0x88, 0x88, 
	0x89, 0x88, 0x9a, 0xaa, 0x99, 0x98, 0x98, 0x89, 
	0xaa, 0xaa, 0x99, 0x89, 0x88, 0x89, 0x98, 0x88, 
	0x88, 0x88, 0x88, 0x88, 0x88, 0x88, 0x88, 0x88, 
	0x88, 0x88, 0x88, 0x88, 0x88, 0x88, 0x88, 0x88, 
	0x89, 0x99, 0x89, 0xa9, 0x99, 0x98, 0x99, 0x8a, 
	0x88, 0x99, 0x89, 0x88, 0x88, 0x89, 0x99, 0x88, 
	0x99, 0x88, 0x88, 0x89, 0x99, 0x99, 0x88, 0x89, 
	0x99, 0x99, 0x88, 0x88, 0x88, 0x88, 0x88, 0x88, 
	0x88, 0x88, 0x89, 0x99, 0x99, 0x88, 0x88, 0x88, 
	0x88, 0x99, 0x89, 0x88, 0x88, 0x99, 0xa9, 0x99, 
	0x9a, 0x88, 0x88, 0x99, 0x98, 0x98, 0x88, 0x88, 
	0x99, 0x88, 0x88, 0x88, 0x88, 0x88, 0x88, 0x88, 
	0x88, 0x88, 0x89, 0x99, 0x88, 0x88, 0x88, 0x88, 
	0x88, 0x89, 0x89, 0x88, 0x88, 0x99, 0x98, 0x88, 
	0x99, 0x88, 0x88, 0x99, 0x98, 0x98, 0x88, 0x88, 
	0x99, 0x88, 0x88, 0x88, 0x88, 0x88, 0x88, 0x88, 
	0x88, 0x88, 0x89, 0x99, 0x88, 0x88, 0x88, 0x88, 
	0x88, 0x88, 0x88, 0x88, 0x88, 0x88, 0x88, 0x88, 
	0x88, 0x88, 0x89, 0x99, 0x98, 0x98, 0x88, 0x89, 
	0x99, 0x98, 0x88, 0x88, 0x88, 0x88, 0x88, 0x88, 
	0x88, 0x88, 0x88, 0x88, 0x88, 0x88, 0x88, 0x88, 
	0x88, 0x88, 0x88, 0x88, 0x88, 0x88, 0x88, 0x88, 
	0x88, 0x88, 0x88, 0x99, 0x98, 0x88, 0x88, 0x88, 
	0x88, 0x88, 0x88, 0x88, 0x88, 0x88, 0x88, 0x88, 
	0x88, 0x88, 0x88, 0x88, 0x88, 0x88, 0x88, 0x88, 
	0x88, 0x89, 0x89, 0x88, 0x88, 0x88, 0x88, 0x88, 
	0x88, 0x88, 0x89, 0x98, 0x88, 0x88, 0x88, 0x88, 
	0x88, 0x88, 0x88, 0x88, 0x88, 0x88, 0x88, 0x88, 
	0x88, 0x88, 0x88, 0x88, 0x88, 0x88, 0x88, 0x88, 
	0x88, 0x88, 0x88, 0x88, 0x88, 0x88, 0x88, 0x88, 
	0x88, 0x88, 0x88, 0x88, 0x88, 0x88, 0x88, 0x88, 
	0x88, 0x88, 0x88, 0x88, 0x88, 0x88, 0x88, 0x88, 
	0x88, 0x88, 0x88, 0x88, 0x88, 0x88, 0x88, 0x88, 
	0x88, 0x88, 0x88, 0x88, 0x88, 0x88, 0x88, 0x88, 
	0x88, 0x88, 0x88, 0x98, 0x88, 0x88, 0x88, 0x88, 
	0x88, 0x88, 0x88, 0x88, 0x88, 0x88, 0x88, 0x88, 
	0x88, 0x88, 0x88, 0x88, 0x88, 0x88, 0x88, 0x88, 
	0x88, 0x89, 0x88, 0x88, 0x88, 0x88, 0x88, 0x88, 
	0x88, 0x88, 0x88, 0x98, 0x88, 0x89, 0x88, 0x88, 
	0x88, 0x88, 0x88, 0x88, 0x88, 0x88, 0x99, 0x88, 
	0x88, 0x99, 0x88, 0x88, 0x99, 0x88, 0x88, 0x88, 
	0x88, 0x88, 0x88, 0x88, 0x88, 0x88, 0x88, 0x88, 
	0x88, 0x88, 0x88, 0x99, 0x88, 0x99, 0x88, 0x88, 
	0x89, 0x98, 0x88, 0x88, 0x89, 0x88, 0x99, 0x88, 
	0x89, 0x99, 0x98, 0x88, 0x89, 0x88, 0x88, 0x88, 
	0x88, 0x88, 0x88, 0x88, 0x88, 0x88, 0x88, 0x88, 
	0x88, 0x88, 0x98, 0x99, 0x88, 0x99, 0x88, 0x88, 
	0x99, 0x99, 0x88, 0x89, 0x99, 0x99, 0x99, 0x88, 
	0x88, 0x89, 0x88, 0x88, 0x98, 0x88, 0x88, 0x88, 
	0x88, 0x88, 0x88, 0x88, 0x88, 0x88, 0x88, 0x88, 
	0x88, 0x88, 0x99, 0x88, 0x88, 0x88, 0x89, 0x88, 
	0x88, 0x99, 0x98, 0x88, 0x89, 0x88, 0x99, 0x88, 
	0x88, 0x88, 0x88, 0x88, 0x98, 0x88, 0x88, 0x88, 
	0x88, 0x88, 0x88, 0x88, 0x88, 0x88, 0x88, 0x88, 
	0x88, 0x88, 0x88, 0x88, 0x88, 0x88, 0x89, 0x88, 
	0x88, 0x99, 0x98, 0x89, 0x89, 0x99, 0xa9, 0x88, 
	0x88, 0x88, 0x88, 0x88, 0x88, 0x88, 0x88, 0x88, 
	0x88, 0x88, 0x88, 0x88, 0x88, 0x88, 0x88, 0x88, 
	0x88, 0x88, 0x88, 0x88, 0x88, 0x88, 0x89, 0x88, 
	0x89, 0x99, 0x98, 0x89, 0x98, 0x88, 0x98, 0x88, 
	0x88, 0x98, 0x88, 0x88, 0x88, 0x88, 0x88, 0x88, 
	
};

Gfx bob_dl_Metal041C_1K_PNG_Roughness_64x64_i4_aligner[] = {gsSPEndDisplayList()};
u8 bob_dl_Metal041C_1K_PNG_Roughness_64x64_i4[] = {
	0xcd, 0xdd, 0xcc, 0xcc, 0xcc, 0xcb, 0xbb, 0xcc, 
	0xcd, 0xcc, 0xcd, 0xdd, 0xdc, 0xdd, 0xdd, 0xcc, 
	0xcc, 0xbc, 0xbb, 0xcc, 0xdd, 0xdb, 0xab, 0xdd, 
	0xdc, 0xdd, 0xbc, 0xcc, 0xcd, 0xdd, 0xdd, 0xcc, 
	0xcd, 0xdd, 0xcc, 0xbc, 0xbb, 0xbb, 0xbb, 0xbc, 
	0xdc, 0xcb, 0xcd, 0xdd, 0xdd, 0xdd, 0xdd, 0xdc, 
	0xcb, 0xbb, 0xab, 0xcd, 0xdd, 0xdc, 0xcc, 0xdd, 
	0xdd, 0xcc, 0xbc, 0xcc, 0xbc, 0xcc, 0xcd, 0xcc, 
	0xcc, 0xcc, 0xbb, 0xbc, 0xbb, 0xbc, 0xcc, 0xcc, 
	0xdd, 0xbb, 0xcc, 0xcd, 0xdd, 0xdd, 0xdd, 0xdc, 
	0xbb, 0xbb, 0xbb, 0xcd, 0xdd, 0xdc, 0xcc, 0xdc, 
	0xcc, 0xcc, 0xcb, 0xcd, 0xcb, 0xbb, 0xbd, 0xcc, 
	0xbc, 0xcc, 0xbb, 0xbb, 0xbb, 0xbc, 0xcc, 0xcd, 
	0xdd, 0xcc, 0xcc, 0xcd, 0xdc, 0xdd, 0xdd, 0xdc, 
	0xcc, 0xcc, 0xbb, 0xcc, 0xdc, 0xcc, 0xbc, 0xdc, 
	0xdc, 0xcc, 0xbc, 0xcd, 0xcb, 0xbb, 0xbc, 0xcb, 
	0xbc, 0xcc, 0xcb, 0xbc, 0xbc, 0xcb, 0xcc, 0xdd, 
	0xdc, 0xcc, 0xcc, 0xcd, 0xdc, 0xdd, 0xdd, 0xdd, 
	0xcd, 0xdd, 0xbc, 0xcc, 0xdc, 0xcc, 0xbc, 0xdc, 
	0xdc, 0xbc, 0xcc, 0xdd, 0xdc, 0xcd, 0xcc, 0xcb, 
	0xbc, 0xbb, 0xbc, 0xbd, 0xcb, 0xcc, 0xbb, 0xdc, 
	0xcc, 0xcc, 0xcc, 0xcd, 0xdd, 0xdd, 0xdd, 0xdd, 
	0xcc, 0xdd, 0xcd, 0xcd, 0xdd, 0xdd, 0xbc, 0xdc, 
	0xdd, 0xcd, 0xdd, 0xdd, 0xcc, 0xcc, 0xcc, 0xba, 
	0xbc, 0xbb, 0xcc, 0xcc, 0xbb, 0xcb, 0xcd, 0xdc, 
	0xcc, 0xcc, 0xbc, 0xcc, 0xdd, 0xdd, 0xdd, 0xdc, 
	0xdd, 0xdd, 0xdd, 0xdd, 0xdd, 0xdd, 0xcc, 0xdc, 
	0xcd, 0xdd, 0xcc, 0xdd, 0xcc, 0xbc, 0xbb, 0xbb, 
	0xbb, 0xbb, 0xcc, 0xcc, 0xbc, 0xcb, 0xcc, 0xdc, 
	0xcc, 0xcc, 0xcc, 0xdc, 0xdc, 0xdd, 0xdd, 0xdc, 
	0xcd, 0xdc, 0xdd, 0xdd, 0xdd, 0xcc, 0xbc, 0xdc, 
	0xcc, 0xcc, 0xbc, 0xcc, 0xcc, 0xbc, 0xbb, 0xbb, 
	0xba, 0xab, 0xcc, 0xcc, 0xcc, 0xcb, 0xbc, 0xcc, 
	0xcc, 0xcc, 0xcc, 0xdc, 0xdc, 0xdd, 0xdd, 0xdc, 
	0xcc, 0xcc, 0xdd, 0xdd, 0xdc, 0xcb, 0xbc, 0xcc, 
	0xcc, 0xcc, 0xbb, 0xcc, 0xbb, 0xbb, 0xbb, 0xbb, 
	0xbb, 0xab, 0xcc, 0xbc, 0xcb, 0xca, 0xbc, 0xcd, 
	0xcd, 0xdd, 0xdc, 0xcc, 0xdc, 0xdd, 0xdc, 0xcc, 
	0xcc, 0xcc, 0xcc, 0xcd, 0xcc, 0xba, 0xac, 0xcc, 
	0xcc, 0xcc, 0xbb, 0xcc, 0xcb, 0xba, 0xbb, 0xbb, 
	0xbb, 0xbb, 0xcb, 0xcb, 0xbc, 0xba, 0xab, 0xbd, 
	0xcd, 0xdc, 0xdc, 0xcb, 0xcc, 0xdd, 0xdc, 0xcc, 
	0xcb, 0xcd, 0xcb, 0xbc, 0xcb, 0xb9, 0x9c, 0xcc, 
	0xcc, 0xcc, 0xcc, 0xcc, 0xcb, 0xba, 0xbb, 0xbb, 
	0xba, 0xbb, 0xcb, 0xcc, 0xbb, 0xcb, 0xbb, 0xbc, 
	0xdd, 0xcc, 0xdd, 0xdc, 0xcc, 0xdd, 0xdd, 0xcc, 
	0xbb, 0xbb, 0xbb, 0xbc, 0xbb, 0xba, 0xad, 0xbb, 
	0xcd, 0xdc, 0xcd, 0xdb, 0xcb, 0xab, 0xac, 0xbb, 
	0xba, 0xaa, 0xba, 0xbc, 0xbb, 0xcc, 0xbc, 0xcd, 
	0xdd, 0xcc, 0xdc, 0xdc, 0xcc, 0xcd, 0xdd, 0xbc, 
	0xcb, 0xbb, 0xbc, 0xbc, 0xbb, 0xbb, 0xcd, 0xcc, 
	0xcd, 0xdc, 0xcd, 0xcc, 0xcb, 0xaa, 0xbb, 0xcb, 
	0xab, 0xaa, 0xcb, 0xbb, 0xbb, 0xcc, 0xbc, 0xcd, 
	0xdd, 0xdc, 0xdc, 0xdd, 0xdc, 0xcd, 0xdc, 0xbc, 
	0xba, 0xbc, 0xac, 0xbc, 0xcc, 0xcd, 0xdd, 0xdc, 
	0xcd, 0xdd, 0xcc, 0xcc, 0xcb, 0x9a, 0xaa, 0xba, 
	0xbb, 0xaa, 0xba, 0xaa, 0xab, 0xcc, 0xbc, 0xcd, 
	0xcc, 0xcc, 0xcc, 0xdd, 0xdd, 0xcd, 0xdd, 0xdd, 
	0xbb, 0xbc, 0xab, 0xbc, 0xcc, 0xdd, 0xdd, 0xdc, 
	0xdd, 0xdd, 0xcd, 0xdc, 0xcb, 0xaa, 0xbb, 0xbb, 
	0xcb, 0xab, 0xba, 0xaa, 0xaa, 0xbb, 0xbb, 0xcd, 
	0xdc, 0xcb, 0xcc, 0xdc, 0xdd, 0xcd, 0xdd, 0xdd, 
	0xcc, 0xcb, 0xbb, 0xbb, 0xbb, 0xdd, 0xdd, 0xdc, 
	0xcd, 0xdd, 0xdd, 0xdd, 0xcc, 0x99, 0xbb, 0xbb, 
	0xcb, 0xaa, 0xaa, 0xaa, 0xaa, 0xbb, 0xbc, 0xcc, 
	0xdc, 0xcb, 0xcc, 0xdd, 0xdd, 0xcc, 0xdd, 0xdd, 
	0xdc, 0xcc, 0xbb, 0xba, 0xbb, 0xcc, 0xdd, 0xcc, 
	0xdd, 0xdc, 0xdd, 0xdc, 0xcb, 0x99, 0xab, 0xaa, 
	0xcb, 0xbb, 0xab, 0xbb, 0xaa, 0xab, 0xbc, 0xdd, 
	0xdc, 0xcc, 0xcc, 0xdd, 0xdd, 0xcc, 0xdd, 0xdd, 
	0xdc, 0xcc, 0xcc, 0xcb, 0xbb, 0xcd, 0xdd, 0xcc, 
	0xcd, 0xdd, 0xdd, 0xcc, 0xca, 0x99, 0x9a, 0xba, 
	0xbb, 0xbb, 0xab, 0xba, 0xaa, 0xab, 0xbb, 0xcc, 
	0xcd, 0xcc, 0xcc, 0xdd, 0xdd, 0xcc, 0xdd, 0xdd, 
	0xdd, 0xcc, 0xcc, 0xcb, 0xcb, 0xcb, 0xcc, 0xcc, 
	0xcd, 0xdd, 0xdd, 0xcc, 0xba, 0xaa, 0xaa, 0xba, 
	0xbc, 0xbb, 0xbb, 0xbb, 0xba, 0xbb, 0xab, 0xbd, 
	0xdd, 0xcc, 0xdd, 0xdd, 0xdd, 0xcc, 0xcd, 0xdd, 
	0xdd, 0xdc, 0xbc, 0xdb, 0xba, 0xbb, 0xbb, 0xcc, 
	0xcc, 0xdd, 0xcc, 0xcc, 0xba, 0xaa, 0xab, 0xba, 
	0xbb, 0xcb, 0xbb, 0xbc, 0xba, 0xaa, 0xbb, 0xbd, 
	0xcb, 0xbc, 0xcd, 0xdd, 0xdd, 0xdd, 0xcd, 0xdd, 
	0xcd, 0xcc, 0xcc, 0xcb, 0xb9, 0xa9, 0xab, 0xcc, 
	0xcc, 0xcc, 0xcc, 0xcc, 0xba, 0xaa, 0xab, 0xbb, 
	0xbb, 0xcb, 0xbb, 0xab, 0xba, 0x9a, 0xbb, 0xbc, 
	0xbb, 0xac, 0xdd, 0xdd, 0xdd, 0xdd, 0xdd, 0xdd, 
	0xcd, 0xcc, 0xcc, 0xbb, 0xb9, 0x9a, 0xbc, 0xcb, 
	0xcb, 0xcc, 0xcd, 0xcc, 0xba, 0xaa, 0xab, 0xcc, 
	0xbb, 0xcc, 0xcb, 0xba, 0xba, 0xaa, 0xbb, 0xcb, 
	0xbb, 0xac, 0xdd, 0xdd, 0xdd, 0xdd, 0xdd, 0xdd, 
	0xdd, 0xdd, 0xbc, 0xcb, 0xba, 0xab, 0xdd, 0xcc, 
	0xcc, 0xbc, 0xcd, 0xcc, 0xcb, 0xcb, 0xab, 0xbb, 
	0xbc, 0xcc, 0xcb, 0xcb, 0xbb, 0xaa, 0xbb, 0xbc, 
	0xbb, 0x9b, 0xdd, 0xdd, 0xdd, 0xdd, 0xdd, 0xdd, 
	0xdd, 0xdc, 0xbd, 0xcb, 0xcb, 0xbc, 0xdd, 0xdc, 
	0xcc, 0xbc, 0xcc, 0xcc, 0xcc, 0xcb, 0xbb, 0xcc, 
	0xcc, 0xcd, 0xcc, 0xcb, 0xbb, 0xaa, 0xaa, 0xcc, 
	0xca, 0x9b, 0xcd, 0xdd, 0xdd, 0xdd, 0xdd, 0xdd, 
	0xdd, 0xdc, 0xcd, 0xcb, 0xcc, 0xcc, 0xdd, 0xdd, 
	0xcb, 0xbc, 0xcd, 0xcc, 0xdc, 0xcb, 0xbc, 0xcc, 
	0xcc, 0xcd, 0xcb, 0xbb, 0xba, 0xaa, 0xab, 0xcc, 
	0xba, 0xab, 0xbd, 0xdd, 0xdd, 0xdd, 0xdd, 0xdd, 
	0xdd, 0xdd, 0xcc, 0xbb, 0xcc, 0xcd, 0xdd, 0xdc, 
	0xcb, 0xbc, 0xcc, 0xcc, 0xcc, 0xcb, 0xbd, 0xcc, 
	0xcc, 0xcc, 0xcb, 0xba, 0xaa, 0xaa, 0xaa, 0xcc, 
	0xbb, 0xab, 0xcd, 0xdd, 0xdd, 0xdd, 0xdd, 0xdd, 
	0xdd, 0xdd, 0xcb, 0xbb, 0xbb, 0xcc, 0xcc, 0xdc, 
	0xbb, 0xbc, 0xcc, 0xdd, 0xdc, 0xcc, 0xcd, 0xdd, 
	0xdd, 0xdc, 0xcb, 0xba, 0xaa, 0xaa, 0xbb, 0xcc, 
	0xbb, 0xbc, 0xdd, 0xdd, 0xdd, 0xdd, 0xdd, 0xdd, 
	0xdd, 0xcc, 0xbb, 0xbb, 0xbb, 0xbc, 0xcc, 0xcc, 
	0xbb, 0xbb, 0xcc, 0xdd, 0xdc, 0xdd, 0xcc, 0xdd, 
	0xdd, 0xdd, 0xcb, 0xba, 0xa9, 0xab, 0xbb, 0xcc, 
	0xcc, 0xcd, 0xdd, 0xdd, 0xdd, 0xdd, 0xdd, 0xdd, 
	0xdd, 0xcc, 0xcb, 0xcc, 0xbb, 0xbc, 0xcc, 0xcc, 
	0xbb, 0xbb, 0xcc, 0xdd, 0xdc, 0xdd, 0xdc, 0xdc, 
	0xdd, 0xdc, 0xcb, 0xba, 0x9a, 0xab, 0xbb, 0xdd, 
	0xdd, 0xcd, 0xdd, 0xdd, 0xdd, 0xdd, 0xdd, 0xdc, 
	0xdd, 0xdc, 0xcc, 0xbc, 0xbb, 0xbc, 0xcc, 0xcc, 
	0xbb, 0xbb, 0xbd, 0xdd, 0xdc, 0xdd, 0xcc, 0xdd, 
	0xdd, 0xcc, 0xdb, 0xbb, 0xcb, 0xbb, 0xbd, 0xdd, 
	0xdd, 0xdd, 0xcd, 0xdd, 0xdd, 0xdd, 0xdd, 0xdc, 
	0xdd, 0xdc, 0xcc, 0xbb, 0xbb, 0xbc, 0xcc, 0xbc, 
	0xbc, 0xbb, 0xbd, 0xdc, 0xdc, 0xcd, 0xcc, 0xcd, 
	0xdd, 0xcc, 0xdc, 0xbc, 0xdd, 0xbb, 0xbc, 0xdd, 
	0xdd, 0xdd, 0xcd, 0xdd, 0xcd, 0xdd, 0xdd, 0xdc, 
	0xdd, 0xdd, 0xcc, 0xcb, 0xbc, 0xcc, 0xcc, 0xcc, 
	0xcc, 0xbc, 0xcd, 0xdd, 0xdc, 0xdd, 0xcc, 0xcc, 
	0xdd, 0xdc, 0xdc, 0xcd, 0xdd, 0xcb, 0xbc, 0xdd, 
	0xdd, 0xdd, 0xcd, 0xdd, 0xdd, 0xdd, 0xdd, 0xdc, 
	0xdd, 0xdd, 0xdd, 0xdc, 0xcc, 0xcc, 0xcc, 0xcc, 
	0xcd, 0xcb, 0xcd, 0xdd, 0xdd, 0xdd, 0xcc, 0xcc, 
	0xcd, 0xdd, 0xdd, 0xdd, 0xdd, 0xdb, 0xcc, 0xdd, 
	0xdd, 0xdd, 0xcd, 0xdd, 0xdd, 0xdd, 0xdd, 0xdc, 
	0xdd, 0xdd, 0xcd, 0xcc, 0xcc, 0xcc, 0xcc, 0xcc, 
	0xcc, 0xbb, 0xbd, 0xdd, 0xdc, 0xdd, 0xdc, 0xcc, 
	0xdd, 0xdd, 0xcd, 0xcd, 0xdd, 0xdc, 0xcc, 0xdc, 
	0xcd, 0xdd, 0xdc, 0xcc, 0xdd, 0xcd, 0xdd, 0xdc, 
	0xdd, 0xcc, 0xcc, 0xbc, 0xcb, 0xcc, 0xcc, 0xcb, 
	0xcc, 0xbb, 0xcc, 0xdd, 0xdd, 0xdd, 0xdc, 0xcc, 
	0xdd, 0xdd, 0xcc, 0xdd, 0xdd, 0xdc, 0xcc, 0xdc, 
	0xcd, 0xdd, 0xdc, 0xcd, 0xdc, 0xcc, 0xdd, 0xdc, 
	0xdc, 0xcc, 0xcc, 0xcb, 0xcb, 0xcc, 0xbc, 0xcc, 
	0xdc, 0xcc, 0xcc, 0xdd, 0xdd, 0xdd, 0xdd, 0xdc, 
	0xcd, 0xdd, 0xcd, 0xdd, 0xcd, 0xdc, 0xbc, 0xdc, 
	0xdd, 0xdd, 0xdc, 0xcc, 0xdd, 0xcc, 0xdd, 0xdc, 
	0xcc, 0xcc, 0xbb, 0xbb, 0xbb, 0xcc, 0xbb, 0xcb, 
	0xcc, 0xbc, 0xcc, 0xdd, 0xcc, 0xcd, 0xdd, 0xdd, 
	0xdd, 0xdd, 0xcd, 0xcd, 0xdc, 0xdd, 0xcc, 0xdc, 
	0xdd, 0xdd, 0xdd, 0xdb, 0xcc, 0xcd, 0xdd, 0xcc, 
	0xcc, 0xcb, 0xbb, 0xbb, 0xcb, 0xcd, 0xbc, 0xcc, 
	0xcc, 0xbc, 0xcc, 0xcd, 0xcc, 0xcc, 0xdd, 0xdd, 
	0xdd, 0xdc, 0xcd, 0xcd, 0xdc, 0xdd, 0xcc, 0xdc, 
	0xcc, 0xdd, 0xcc, 0xcc, 0xcc, 0xbc, 0xcc, 0xcc, 
	0xcc, 0xcc, 0xcb, 0xcc, 0xcb, 0xcd, 0xcd, 0xdc, 
	0xcc, 0xbc, 0xcc, 0xcc, 0xcc, 0xdd, 0xdd, 0xdd, 
	0xcc, 0xdc, 0xcc, 0xcd, 0xdd, 0xdc, 0xbc, 0xdd, 
	0xcc, 0xcc, 0xbb, 0xcd, 0xcc, 0xbc, 0xcc, 0xcc, 
	0xcc, 0xcc, 0xcb, 0xcd, 0xdc, 0xcc, 0xcd, 0xdc, 
	0xcc, 0xcc, 0xcc, 0xdc, 0xcc, 0xdd, 0xdd, 0xdc, 
	0xcc, 0xcc, 0xcc, 0xcd, 0xdc, 0xcb, 0xbb, 0xcc, 
	0xcc, 0xcc, 0xbc, 0xdc, 0xcb, 0xbc, 0xcc, 0xcb, 
	0xbb, 0xbc, 0xcc, 0xdd, 0xdd, 0xdc, 0xbd, 0xdd, 
	0xcc, 0xcc, 0xbc, 0xcc, 0xba, 0xcd, 0xdd, 0xcc, 
	0xcc, 0xcc, 0xcb, 0xbc, 0xcc, 0xbb, 0xab, 0xcc, 
	0xcc, 0xbb, 0xbc, 0xcc, 0xcc, 0xbb, 0xbc, 0xbb, 
	0xbb, 0xbb, 0xbb, 0xcd, 0xdd, 0xdc, 0xcd, 0xdd, 
	0xcd, 0xdd, 0xcc, 0xcc, 0xba, 0xbd, 0xdc, 0xcb, 
	0xcb, 0xcd, 0xcb, 0xbc, 0xbb, 0xba, 0xab, 0xcc, 
	0xcc, 0xbb, 0xbc, 0xcc, 0xcb, 0xbb, 0xcc, 0xbb, 
	0xbb, 0xba, 0xbb, 0xbc, 0xdd, 0xcd, 0xcd, 0xdc, 
	0xdd, 0xdc, 0xcc, 0xcb, 0xba, 0x9b, 0xdd, 0xcb, 
	0xcb, 0xbc, 0xbb, 0xbb, 0xcc, 0xcb, 0xab, 0xbb, 
	0xcc, 0xbb, 0xbb, 0xcc, 0xcc, 0xbb, 0xbc, 0xbb, 
	0xbb, 0xaa, 0xbb, 0xcc, 0xdd, 0xdd, 0xcc, 0xcc, 
	0xdd, 0xcc, 0xcc, 0xbb, 0xa9, 0x9b, 0xcc, 0xcc, 
	0xbb, 0xbc, 0xbb, 0xab, 0xcc, 0xbb, 0xbb, 0xcc, 
	0xcc, 0xcb, 0xbb, 0xcb, 0xcb, 0xab, 0xbc, 0xbc, 
	0xbb, 0xba, 0xaa, 0xcc, 0xdd, 0xdd, 0xcc, 0xcc, 
	0xdd, 0xcb, 0xcb, 0xab, 0xa9, 0xaa, 0xbc, 0xcb, 
	0xaa, 0xbb, 0xbb, 0xbc, 0xcd, 0xcc, 0xcc, 0xcc, 
	0xcc, 0xcc, 0xbb, 0xbb, 0xba, 0xab, 0xbb, 0xcb, 
	0xbb, 0xbb, 0xba, 0xbc, 0xdd, 0xdd, 0xdc, 0xdd, 
	0xdc, 0xbc, 0xbb, 0xaa, 0xa9, 0x9a, 0xbb, 0xaa, 
	0xaa, 0xab, 0xaa, 0xbc, 0xcd, 0xcc, 0xcc, 0xcc, 
	0xcc, 0xcc, 0xbb, 0xbb, 0xbb, 0xaa, 0xbb, 0xcc, 
	0xcc, 0xcb, 0xbb, 0xcc, 0xdd, 0xdd, 0xdd, 0xdd, 
	0xdc, 0xbc, 0xba, 0xaa, 0xa9, 0x99, 0xbb, 0xab, 
	0xba, 0xaa, 0xaa, 0xbb, 0xcc, 0xbc, 0xcc, 0xcc, 
	0xbc, 0xcb, 0xbb, 0xbc, 0xcc, 0xaa, 0xab, 0xcc, 
	0xcc, 0xcd, 0xcd, 0xcc, 0xdd, 0xdd, 0xdd, 0xdd, 
	0xdd, 0xcc, 0xa9, 0x9a, 0xa9, 0x9a, 0xbb, 0xbb, 
	0xaa, 0x9a, 0xaa, 0xba, 0xbc, 0xcb, 0xcc, 0xbc, 
	0xcc, 0xcb, 0xcb, 0xbb, 0xbb, 0xa9, 0xab, 0xcc, 
	0xcc, 0xcd, 0xcd, 0xdc, 0xcd, 0xdd, 0xdd, 0xdd, 
	0xdd, 0xdb, 0xc9, 0x9a, 0x99, 0x99, 0xba, 0xbb, 
	0xaa, 0xaa, 0xab, 0xba, 0xbb, 0xbb, 0xbc, 0xcc, 
	0xbc, 0xcb, 0xbb, 0xbb, 0xba, 0x9a, 0x9b, 0xdc, 
	0xdc, 0xdc, 0xcd, 0xdd, 0xdd, 0xdd, 0xdd, 0xdd, 
	0xdd, 0xdc, 0xc9, 0x9a, 0x99, 0x99, 0xaa, 0xaa, 
	0xaa, 0xaa, 0xab, 0xba, 0xba, 0xbb, 0xbc, 0xcc, 
	0xcc, 0xcb, 0xbc, 0xbb, 0xba, 0xaa, 0xab, 0xdc, 
	0xdd, 0xdc, 0xcd, 0xdd, 0xdd, 0xcd, 0xdd, 0xdd, 
	0xdd, 0xdd, 0xcb, 0x99, 0x99, 0x99, 0xaa, 0x9a, 
	0xaa, 0xaa, 0xaa, 0xba, 0xbb, 0xab, 0xab, 0xbb, 
	0xbb, 0xcc, 0xbc, 0xcb, 0xcb, 0xab, 0xcc, 0xdc, 
	0xdd, 0xdd, 0xdd, 0xdd, 0xdd, 0xcc, 0xdd, 0xdd, 
	0xdd, 0xdd, 0xca, 0x99, 0x98, 0x9b, 0xaa, 0xaa, 
	0xaa, 0x99, 0x99, 0xa9, 0xaa, 0x99, 0xab, 0xcb, 
	0xbb, 0xbb, 0xbc, 0xcc, 0xcb, 0xab, 0xbc, 0xcc, 
	0xdd, 0xcc, 0xdd, 0xdd, 0xdd, 0xbc, 0xcd, 0xdd, 
	0xdd, 0xcc, 0xdc, 0xba, 0x99, 0x9a, 0xbc, 0xba, 
	0xab, 0xaa, 0xa9, 0xaa, 0xa9, 0x9a, 0xcc, 0xbc, 
	0xbb, 0xbb, 0xbd, 0xdc, 0xdc, 0xbb, 0xac, 0xbc, 
	0xdd, 0xdc, 0xdd, 0xdd, 0xdd, 0xbb, 0xcc, 0xdd, 
	0xdd, 0xdc, 0xdd, 0xcc, 0x9a, 0x9a, 0xbc, 0xbb, 
	0xbc, 0xca, 0xa9, 0xaa, 0xba, 0xaa, 0xcd, 0xcc, 
	0xbb, 0xab, 0xbd, 0xdd, 0xdc, 0xbb, 0xbc, 0xcc, 
	0xcd, 0xdc, 0xdc, 0xdd, 0xdd, 0xcc, 0xbc, 0xcc, 
	0xdd, 0xdc, 0xcc, 0xcc, 0xac, 0xcb, 0xbc, 0xbb, 
	0xcd, 0xcb, 0xaa, 0xaa, 0xba, 0xbb, 0xcd, 0xcd, 
	0xcb, 0xbb, 0xbc, 0xdd, 0xdb, 0xcc, 0xbc, 0xdc, 
	0xdc, 0xcd, 0xcc, 0xdc, 0xdd, 0xcc, 0xbc, 0xcd, 
	0xdc, 0xcc, 0xcc, 0xcd, 0xcc, 0xcd, 0xbc, 0xcb, 
	0xcd, 0xdc, 0xba, 0xaa, 0xbb, 0xab, 0xcc, 0xcc, 
	0xcb, 0xbb, 0xcc, 0xcc, 0xdb, 0xbc, 0xbc, 0xbc, 
	0xdd, 0xdd, 0xcc, 0xcc, 0xdc, 0xbb, 0xab, 0xbd, 
	0xcc, 0xcc, 0xcb, 0xcc, 0xcc, 0xdd, 0xcd, 0xdc, 
	0xdd, 0xdc, 0xbb, 0xab, 0xbb, 0xbc, 0xdc, 0xcc, 
	0xba, 0xbb, 0xbb, 0xcb, 0xcb, 0xac, 0xbc, 0xdc, 
	0xdd, 0xdd, 0xbb, 0xcc, 0xdb, 0xba, 0xaa, 0xbd, 
	0xbc, 0xcc, 0xbb, 0xcc, 0xbd, 0xdd, 0xdd, 0xdc, 
	0xdd, 0xdc, 0xbb, 0xbb, 0xaa, 0xac, 0xcb, 0xbb, 
	0xaa, 0xa9, 0xab, 0xbb, 0xbb, 0xbc, 0xcb, 0xcd, 
	0xdd, 0xcc, 0xb9, 0xbb, 0xba, 0xaa, 0xaa, 0xac, 
	0xcb, 0xbc, 0xbb, 0xcc, 0xcd, 0xdd, 0xdd, 0xdc, 
	0xdd, 0xdd, 0xca, 0xaa, 0xaa, 0xbc, 0xba, 0xbb, 
	0xaa, 0x9a, 0xbb, 0xbc, 0xbb, 0xcd, 0xcc, 0xcd, 
	0xdd, 0xcc, 0xbb, 0xcc, 0xca, 0xaa, 0xbb, 0xcc, 
	0xac, 0xcb, 0xbb, 0xcc, 0xcd, 0xdd, 0xdd, 0xdc, 
	0xdd, 0xdc, 0xcb, 0xbb, 0xab, 0xbc, 0xbb, 0xcb, 
	0xaa, 0x9a, 0xbc, 0xcb, 0xac, 0xcb, 0xcb, 0xcd, 
	0xcc, 0xbc, 0xca, 0xbc, 0xca, 0xba, 0xbb, 0xcc, 
	0xbc, 0xdc, 0xbb, 0xcc, 0xdd, 0xdd, 0xdd, 0xdd, 
	0xdd, 0xdd, 0xcc, 0xbb, 0x9b, 0xbb, 0xbc, 0xcb, 
	0xaa, 0xbb, 0xbd, 0xdb, 0xbc, 0xcc, 0xdc, 0xcd, 
	0xcc, 0xbb, 0xcc, 0xdd, 0xcc, 0xba, 0xab, 0xcc, 
	0xbc, 0xdd, 0xbc, 0xdc, 0xdd, 0xdd, 0xdd, 0xdc, 
	0xdd, 0xdd, 0xcb, 0xba, 0xaa, 0xab, 0xbc, 0xcb, 
	0xab, 0xbb, 0xcd, 0xdc, 0xcc, 0xcd, 0xdc, 0xcd, 
	0xdd, 0xcc, 0xcc, 0xdd, 0xdd, 0xcb, 0xbb, 0xdd, 
	0xcc, 0xdd, 0xcd, 0xdd, 0xcd, 0xdd, 0xdd, 0xcc, 
	0xcd, 0xdd, 0xcc, 0xcb, 0xbb, 0xbb, 0xab, 0xcb, 
	0xcc, 0xcc, 0xcd, 0xdd, 0xdd, 0xdd, 0xdc, 0xcc, 
	0xdd, 0xcc, 0xbb, 0xdd, 0xdd, 0xcb, 0xbc, 0xdd, 
	0xdc, 0xcd, 0xcc, 0xdc, 0xcd, 0xdd, 0xdd, 0xcc, 
	
};

Gfx bob_dl_Art76_i8_aligner[] = {gsSPEndDisplayList()};
u8 bob_dl_Art76_i8[] = {
	0x4e, 0x64, 0x6e, 0x64, 0x64, 0x61, 0x60, 0x61, 
	0x62, 0x62, 0x62, 0x59, 0x59, 0x59, 0x62, 0x4e, 
	0x4e, 0x59, 0x4e, 0x4e, 0x4e, 0x4e, 0x49, 0x4e, 
	0x4e, 0x4e, 0x49, 0x49, 0x4e, 0x49, 0x49, 0x49, 
	0x40, 0x40, 0x40, 0x40, 0x40, 0x40, 0x40, 0x40, 
	0x40, 0x40, 0x40, 0x59, 0x4a, 0x39, 0x4a, 0x40, 
	0x4a, 0x40, 0x4a, 0x39, 0x4a, 0x4a, 0x4a, 0x3e, 
	0x4a, 0x4a, 0x4a, 0x4a, 0x4a, 0x62, 0x4a, 0x29, 
	0x4e, 0x6e, 0x64, 0x6e, 0x64, 0x61, 0x6a, 0x62, 
	0x62, 0x62, 0x62, 0x6a, 0x61, 0x61, 0x61, 0x61, 
	0x59, 0x61, 0x59, 0x59, 0x59, 0x59, 0x59, 0x59, 
	0x59, 0x59, 0x59, 0x59, 0x62, 0x59, 0x4e, 0x4e, 
	0x62, 0x4e, 0x4e, 0x4e, 0x62, 0x62, 0x62, 0x62, 
	0x62, 0x50, 0x62, 0x62, 0x62, 0x62, 0x62, 0x62, 
	0x62, 0x62, 0x62, 0x62, 0x62, 0x62, 0x62, 0x4e, 
	0x62, 0x62, 0x62, 0x62, 0x52, 0x3b, 0x4a, 0x29, 
	0x4e, 0x6e, 0x6a, 0x61, 0x61, 0x61, 0x59, 0x62, 
	0x62, 0x62, 0x4e, 0x4e, 0x4e, 0x4e, 0x4e, 0x49, 
	0x49, 0x4a, 0x49, 0x52, 0x49, 0x49, 0x49, 0x3b, 
	0x3b, 0x3b, 0x49, 0x3b, 0x49, 0x3e, 0x3e, 0x3b, 
	0x3b, 0x3b, 0x3e, 0x3b, 0x3b, 0x3e, 0x3e, 0x39, 
	0x39, 0x3e, 0x39, 0x39, 0x3b, 0x39, 0x39, 0x39, 
	0x39, 0x3e, 0x30, 0x39, 0x39, 0x3b, 0x39, 0x4a, 
	0x39, 0x39, 0x3b, 0x31, 0x62, 0x39, 0x4a, 0x29, 
	0x62, 0x64, 0x64, 0x61, 0x64, 0x64, 0x64, 0x64, 
	0x62, 0x62, 0x62, 0x62, 0x4e, 0x62, 0x4e, 0x4e, 
	0x4e, 0x62, 0x4e, 0x4e, 0x4e, 0x4e, 0x4e, 0x4e, 
	0x49, 0x49, 0x49, 0x4e, 0x4e, 0x40, 0x40, 0x40, 
	0x49, 0x52, 0x40, 0x4a, 0x49, 0x4a, 0x4a, 0x4a, 
	0x40, 0x40, 0x4a, 0x4a, 0x4a, 0x4a, 0x49, 0x4a, 
	0x4a, 0x4a, 0x4a, 0x49, 0x40, 0x4e, 0x4a, 0x4a, 
	0x4a, 0x4a, 0x4a, 0x4a, 0x62, 0x4a, 0x39, 0x29, 
	0x52, 0x64, 0x64, 0x58, 0x61, 0x39, 0x39, 0x39, 
	0x39, 0x39, 0x39, 0x31, 0x29, 0x29, 0x39, 0x29, 
	0x31, 0x39, 0x39, 0x39, 0x29, 0x29, 0x29, 0x39, 
	0x29, 0x29, 0x29, 0x29, 0x31, 0x39, 0x29, 0x29, 
	0x39, 0x39, 0x39, 0x39, 0x29, 0x25, 0x39, 0x29, 
	0x29, 0x29, 0x29, 0x31, 0x39, 0x29, 0x29, 0x31, 
	0x29, 0x39, 0x29, 0x29, 0x39, 0x39, 0x39, 0x31, 
	0x29, 0x75, 0x4a, 0x52, 0x62, 0x39, 0x39, 0x31, 
	0x4e, 0x6a, 0x64, 0x59, 0x61, 0x29, 0x00, 0x00, 
	0x00, 0x00, 0x00, 0x00, 0x00, 0x64, 0x31, 0x00, 
	0x00, 0x00, 0x00, 0x00, 0x00, 0x31, 0x4a, 0x31, 
	0x00, 0x00, 0x00, 0x00, 0x00, 0x00, 0x31, 0x49, 
	0x31, 0x00, 0x00, 0x00, 0x00, 0x00, 0x00, 0x7d, 
	0x31, 0x00, 0x00, 0x00, 0x00, 0x00, 0x00, 0x00, 
	0x6e, 0x31, 0x00, 0x00, 0x00, 0x00, 0x00, 0x00, 
	0x29, 0x7f, 0x4a, 0x4a, 0x62, 0x39, 0x39, 0x29, 
	0x4e, 0x6a, 0x6a, 0x59, 0x60, 0x39, 0x00, 0x00, 
	0x00, 0x00, 0x00, 0x00, 0x00, 0x97, 0x4a, 0x00, 
	0x00, 0x00, 0x00, 0x00, 0x00, 0x39, 0x52, 0x31, 
	0x00, 0x00, 0x00, 0x00, 0x00, 0x00, 0x39, 0x59, 
	0x31, 0x00, 0x00, 0x00, 0x00, 0x00, 0x00, 0x97, 
	0x39, 0x00, 0x00, 0x00, 0x00, 0x00, 0x00, 0x00, 
	0x97, 0x4a, 0x00, 0x00, 0x00, 0x00, 0x00, 0x00, 
	0x29, 0x7f, 0x39, 0x39, 0x62, 0x39, 0x4a, 0x29, 
	0x52, 0x6a, 0x6a, 0x59, 0x60, 0x39, 0x00, 0x00, 
	0x00, 0x00, 0x00, 0x00, 0x00, 0x8d, 0x4a, 0x00, 
	0x00, 0x00, 0x00, 0x00, 0x00, 0x39, 0x49, 0x31, 
	0x00, 0x00, 0x00, 0x00, 0x00, 0x00, 0x39, 0x4e, 
	0x29, 0x00, 0x00, 0x00, 0x00, 0x00, 0x00, 0x8d, 
	0x39, 0x00, 0x00, 0x00, 0x00, 0x00, 0x00, 0x00, 
	0x8d, 0x4a, 0x00, 0x00, 0x00, 0x00, 0x00, 0x00, 
	0x25, 0x83, 0x52, 0x4a, 0x62, 0x39, 0x39, 0x29, 
	0x52, 0x62, 0x64, 0x58, 0x60, 0x39, 0x00, 0x00, 
	0x00, 0x00, 0x00, 0x00, 0x00, 0x8d, 0x4a, 0x00, 
	0x00, 0x00, 0x00, 0x00, 0x00, 0x39, 0x49, 0x31, 
	0x00, 0x00, 0x00, 0x00, 0x00, 0x00, 0x39, 0x49, 
	0x31, 0x00, 0x00, 0x00, 0x00, 0x00, 0x00, 0x8d, 
	0x39, 0x00, 0x00, 0x00, 0x00, 0x00, 0x00, 0x00, 
	0x8d, 0x4a, 0x00, 0x00, 0x00, 0x00, 0x00, 0x00, 
	0x31, 0x7d, 0x4a, 0x52, 0x62, 0x39, 0x39, 0x29, 
	0x49, 0x62, 0x6a, 0x59, 0x60, 0x39, 0x00, 0x00, 
	0x00, 0x00, 0x00, 0x00, 0x00, 0x8d, 0x4a, 0x00, 
	0x00, 0x00, 0x00, 0x00, 0x00, 0x39, 0x49, 0x31, 
	0x00, 0x00, 0x00, 0x00, 0x00, 0x00, 0x39, 0x49, 
	0x29, 0x00, 0x00, 0x00, 0x00, 0x00, 0x00, 0x8d, 
	0x39, 0x00, 0x00, 0x00, 0x00, 0x00, 0x00, 0x00, 
	0x8d, 0x4a, 0x00, 0x00, 0x00, 0x00, 0x00, 0x00, 
	0x25, 0x7d, 0x4a, 0x4a, 0x62, 0x31, 0x39, 0x29, 
	0x52, 0x62, 0x68, 0x58, 0x62, 0x39, 0x00, 0x00, 
	0x00, 0x00, 0x00, 0x00, 0x00, 0x8d, 0x4a, 0x00, 
	0x00, 0x00, 0x00, 0x00, 0x00, 0x39, 0x4e, 0x31, 
	0x00, 0x00, 0x00, 0x00, 0x00, 0x00, 0x39, 0x49, 
	0x29, 0x00, 0x00, 0x00, 0x00, 0x00, 0x00, 0x8d, 
	0x4a, 0x00, 0x00, 0x00, 0x00, 0x00, 0x00, 0x00, 
	0x8d, 0x4a, 0x00, 0x00, 0x00, 0x00, 0x00, 0x00, 
	0x25, 0x7d, 0x4a, 0x4a, 0x62, 0x39, 0x4a, 0x29, 
	0x49, 0x61, 0x6a, 0x58, 0x62, 0x4a, 0x00, 0x00, 
	0x00, 0x00, 0x00, 0x00, 0x00, 0x85, 0x4a, 0x00, 
	0x00, 0x00, 0x00, 0x00, 0x00, 0x39, 0x49, 0x31, 
	0x00, 0x00, 0x00, 0x00, 0x00, 0x00, 0x39, 0x4a, 
	0x29, 0x00, 0x00, 0x00, 0x00, 0x00, 0x00, 0x85, 
	0x4a, 0x00, 0x00, 0x00, 0x00, 0x00, 0x00, 0x00, 
	0x85, 0x4a, 0x00, 0x00, 0x00, 0x00, 0x00, 0x00, 
	0x25, 0x6e, 0x49, 0x4a, 0x62, 0x39, 0x4a, 0x29, 
	0x49, 0x61, 0x6a, 0x59, 0x62, 0x4a, 0x00, 0x00, 
	0x00, 0x00, 0x00, 0x00, 0x00, 0x85, 0x4a, 0x00, 
	0x00, 0x00, 0x00, 0x00, 0x00, 0x39, 0x62, 0x31, 
	0x00, 0x00, 0x00, 0x00, 0x00, 0x00, 0x39, 0x52, 
	0x29, 0x00, 0x00, 0x00, 0x00, 0x00, 0x00, 0x8d, 
	0x4a, 0x00, 0x00, 0x00, 0x00, 0x00, 0x00, 0x00, 
	0x85, 0x4a, 0x00, 0x00, 0x00, 0x00, 0x00, 0x00, 
	0x25, 0x7d, 0x4a, 0x4a, 0x62, 0x39, 0x4a, 0x29, 
	0x49, 0x62, 0x6a, 0x62, 0x62, 0x4a, 0x00, 0x00, 
	0x00, 0x00, 0x00, 0x00, 0x00, 0x85, 0x52, 0x00, 
	0x00, 0x00, 0x00, 0x00, 0x00, 0x39, 0x4e, 0x31, 
	0x00, 0x00, 0x00, 0x00, 0x00, 0x00, 0x39, 0x52, 
	0x31, 0x00, 0x00, 0x00, 0x00, 0x00, 0x00, 0x85, 
	0x4a, 0x00, 0x00, 0x00, 0x00, 0x00, 0x00, 0x00, 
	0x85, 0x52, 0x00, 0x00, 0x00, 0x00, 0x00, 0x00, 
	0x31, 0x7d, 0x4a, 0x4a, 0x62, 0x39, 0x4a, 0x29, 
	0x4e, 0x62, 0x6a, 0x52, 0x62, 0x4a, 0x00, 0x00, 
	0x00, 0x00, 0x00, 0x00, 0x00, 0x85, 0x52, 0x00, 
	0x00, 0x00, 0x00, 0x00, 0x00, 0x39, 0x4e, 0x31, 
	0x00, 0x00, 0x00, 0x00, 0x00, 0x00, 0x39, 0x4a, 
	0x31, 0x00, 0x00, 0x00, 0x00, 0x00, 0x00, 0x7d, 
	0x4a, 0x00, 0x00, 0x00, 0x00, 0x00, 0x00, 0x00, 
	0x85, 0x52, 0x00, 0x00, 0x00, 0x00, 0x00, 0x00, 
	0x31, 0x6e, 0x4a, 0x4a, 0x62, 0x39, 0x4a, 0x29, 
	0x4e, 0x62, 0x6a, 0x52, 0x62, 0x4a, 0x00, 0x00, 
	0x00, 0x00, 0x00, 0x00, 0x00, 0x7d, 0x52, 0x00, 
	0x00, 0x00, 0x00, 0x00, 0x00, 0x39, 0x52, 0x31, 
	0x00, 0x00, 0x00, 0x00, 0x00, 0x00, 0x39, 0x4a, 
	0x31, 0x00, 0x00, 0x00, 0x00, 0x00, 0x00, 0x7d, 
	0x4a, 0x00, 0x00, 0x00, 0x00, 0x00, 0x00, 0x00, 
	0x7d, 0x52, 0x00, 0x00, 0x00, 0x00, 0x00, 0x00, 
	0x31, 0x64, 0x4a, 0x4a, 0x50, 0x39, 0x4a, 0x29, 
	0x4e, 0x60, 0x6a, 0x4e, 0x62, 0x4a, 0x00, 0x00, 
	0x00, 0x00, 0x00, 0x00, 0x00, 0x7f, 0x52, 0x00, 
	0x00, 0x00, 0x00, 0x00, 0x00, 0x39, 0x49, 0x31, 
	0x00, 0x00, 0x00, 0x00, 0x00, 0x00, 0x39, 0x40, 
	0x31, 0x00, 0x00, 0x00, 0x00, 0x00, 0x00, 0x7d, 
	0x4a, 0x00, 0x00, 0x00, 0x00, 0x00, 0x00, 0x00, 
	0x7f, 0x52, 0x00, 0x00, 0x00, 0x00, 0x00, 0x00, 
	0x31, 0x73, 0x39, 0x4a, 0x62, 0x39, 0x4a, 0x29, 
	0x4e, 0x62, 0x6a, 0x62, 0x62, 0x4a, 0x00, 0x00, 
	0x00, 0x00, 0x00, 0x00, 0x00, 0x7f, 0x4a, 0x00, 
	0x00, 0x00, 0x00, 0x00, 0x00, 0x39, 0x49, 0x31, 
	0x00, 0x00, 0x00, 0x00, 0x00, 0x00, 0x39, 0x40, 
	0x31, 0x00, 0x00, 0x00, 0x00, 0x00, 0x00, 0x85, 
	0x4a, 0x00, 0x00, 0x00, 0x00, 0x00, 0x00, 0x00, 
	0x7d, 0x4a, 0x00, 0x00, 0x00, 0x00, 0x00, 0x00, 
	0x31, 0x7d, 0x39, 0x4a, 0x52, 0x39, 0x4a, 0x29, 
	0x49, 0x62, 0x62, 0x4e, 0x4e, 0x4a, 0x00, 0x00, 
	0x00, 0x00, 0x00, 0x00, 0x00, 0x7d, 0x49, 0x00, 
	0x00, 0x00, 0x00, 0x00, 0x00, 0x39, 0x4e, 0x29, 
	0x00, 0x00, 0x00, 0x00, 0x00, 0x00, 0x39, 0x52, 
	0x31, 0x00, 0x00, 0x00, 0x00, 0x00, 0x00, 0x7d, 
	0x52, 0x00, 0x00, 0x00, 0x00, 0x00, 0x00, 0x00, 
	0x7d, 0x4a, 0x00, 0x00, 0x00, 0x00, 0x00, 0x00, 
	0x25, 0x7d, 0x4a, 0x4a, 0x62, 0x39, 0x4a, 0x29, 
	0x52, 0x62, 0x6a, 0x62, 0x62, 0x52, 0x00, 0x00, 
	0x00, 0x00, 0x00, 0x00, 0x00, 0x7d, 0x49, 0x00, 
	0x00, 0x00, 0x00, 0x00, 0x00, 0x39, 0x52, 0x31, 
	0x00, 0x00, 0x00, 0x00, 0x00, 0x00, 0x25, 0x62, 
	0x39, 0x00, 0x00, 0x00, 0x00, 0x00, 0x00, 0x7f, 
	0x52, 0x00, 0x00, 0x00, 0x00, 0x00, 0x00, 0x00, 
	0x7d, 0x4a, 0x00, 0x00, 0x00, 0x00, 0x00, 0x00, 
	0x25, 0x64, 0x52, 0x4a, 0x62, 0x39, 0x39, 0x29, 
	0x52, 0x59, 0x59, 0x62, 0x6a, 0x52, 0x00, 0x00, 
	0x00, 0x00, 0x00, 0x00, 0x00, 0x7d, 0x52, 0x00, 
	0x00, 0x00, 0x00, 0x00, 0x00, 0x39, 0x49, 0x29, 
	0x00, 0x00, 0x00, 0x00, 0x00, 0x00, 0x25, 0x62, 
	0x39, 0x00, 0x00, 0x00, 0x00, 0x00, 0x00, 0x7d, 
	0x52, 0x00, 0x00, 0x00, 0x00, 0x00, 0x00, 0x00, 
	0x6e, 0x4a, 0x00, 0x00, 0x00, 0x00, 0x00, 0x00, 
	0x25, 0x6e, 0x4a, 0x4a, 0x62, 0x31, 0x4a, 0x29, 
	0x52, 0x59, 0x6a, 0x49, 0x62, 0x52, 0x00, 0x00, 
	0x00, 0x00, 0x00, 0x00, 0x00, 0x7d, 0x49, 0x00, 
	0x00, 0x00, 0x00, 0x00, 0x00, 0x39, 0x4a, 0x31, 
	0x00, 0x00, 0x00, 0x00, 0x00, 0x00, 0x25, 0x59, 
	0x39, 0x00, 0x00, 0x00, 0x00, 0x00, 0x00, 0x7f, 
	0x52, 0x00, 0x00, 0x00, 0x00, 0x00, 0x00, 0x00, 
	0x6e, 0x4a, 0x00, 0x00, 0x00, 0x00, 0x00, 0x00, 
	0x25, 0x6e, 0x4a, 0x4a, 0x62, 0x31, 0x4a, 0x29, 
	0x62, 0x4e, 0x59, 0x52, 0x4e, 0x49, 0x00, 0x00, 
	0x00, 0x00, 0x00, 0x00, 0x00, 0x6e, 0x52, 0x00, 
	0x00, 0x00, 0x00, 0x00, 0x00, 0x39, 0x49, 0x29, 
	0x00, 0x00, 0x00, 0x00, 0x00, 0x00, 0x25, 0x4e, 
	0x39, 0x00, 0x00, 0x00, 0x00, 0x00, 0x00, 0x7d, 
	0x52, 0x00, 0x00, 0x00, 0x00, 0x00, 0x00, 0x00, 
	0x6e, 0x4a, 0x00, 0x00, 0x00, 0x00, 0x00, 0x00, 
	0x25, 0x64, 0x4a, 0x4a, 0x62, 0x39, 0x4a, 0x29, 
	0x62, 0x4e, 0x62, 0x52, 0x4e, 0x62, 0x00, 0x00, 
	0x00, 0x00, 0x00, 0x00, 0x00, 0x7d, 0x62, 0x00, 
	0x00, 0x00, 0x00, 0x00, 0x00, 0x39, 0x49, 0x31, 
	0x00, 0x00, 0x00, 0x00, 0x00, 0x00, 0x25, 0x4e, 
	0x39, 0x00, 0x00, 0x00, 0x00, 0x00, 0x00, 0x7d, 
	0x62, 0x00, 0x00, 0x00, 0x00, 0x00, 0x00, 0x00, 
	0x6e, 0x52, 0x00, 0x00, 0x00, 0x00, 0x00, 0x00, 
	0x31, 0x61, 0x4a, 0x4a, 0x62, 0x39, 0x4a, 0x29, 
	0x4e, 0x4e, 0x59, 0x62, 0x4e, 0x52, 0x00, 0x00, 
	0x00, 0x00, 0x00, 0x00, 0x00, 0x6e, 0x4e, 0x00, 
	0x00, 0x00, 0x00, 0x00, 0x00, 0x39, 0x49, 0x31, 
	0x00, 0x00, 0x00, 0x00, 0x00, 0x00, 0x25, 0x4e, 
	0x39, 0x00, 0x00, 0x00, 0x00, 0x00, 0x00, 0x7d, 
	0x62, 0x00, 0x00, 0x00, 0x00, 0x00, 0x00, 0x00, 
	0x64, 0x52, 0x00, 0x00, 0x00, 0x00, 0x00, 0x00, 
	0x31, 0x64, 0x4a, 0x4a, 0x62, 0x39, 0x4a, 0x29, 
	0x4a, 0x4e, 0x59, 0x49, 0x52, 0x62, 0x60, 0x58, 
	0x58, 0x58, 0x58, 0x60, 0x58, 0x7d, 0x60, 0x60, 
	0x58, 0x58, 0x58, 0x58, 0x58, 0x58, 0x68, 0x58, 
	0x58, 0x58, 0x58, 0x50, 0x58, 0x58, 0x58, 0x60, 
	0x58, 0x58, 0x58, 0x58, 0x50, 0x58, 0x50, 0x6e, 
	0x58, 0x58, 0x58, 0x50, 0x50, 0x50, 0x50, 0x50, 
	0x68, 0x58, 0x58, 0x58, 0x50, 0x50, 0x50, 0x50, 
	0x58, 0x61, 0x4a, 0x4a, 0x62, 0x39, 0x4a, 0x29, 
	0x52, 0x62, 0x4e, 0x49, 0x4e, 0x52, 0x39, 0x39, 
	0x39, 0x39, 0x39, 0x39, 0x39, 0x6a, 0x52, 0x39, 
	0x39, 0x29, 0x39, 0x39, 0x29, 0x39, 0x52, 0x39, 
	0x29, 0x29, 0x31, 0x31, 0x29, 0x29, 0x39, 0x49, 
	0x4a, 0x39, 0x29, 0x29, 0x25, 0x39, 0x29, 0x62, 
	0x52, 0x29, 0x29, 0x25, 0x25, 0x25, 0x25, 0x25, 
	0x4a, 0x4a, 0x25, 0x31, 0x39, 0x6a, 0x4a, 0x4a, 
	0x4a, 0x4a, 0x4a, 0x4a, 0x62, 0x39, 0x4a, 0x29, 
	0x49, 0x4e, 0x62, 0x52, 0x4e, 0x62, 0x00, 0x00, 
	0x00, 0x00, 0x00, 0x00, 0x00, 0x61, 0x62, 0x00, 
	0x00, 0x00, 0x00, 0x00, 0x00, 0x39, 0x52, 0x31, 
	0x00, 0x00, 0x00, 0x00, 0x00, 0x00, 0x25, 0x4e, 
	0x4a, 0x00, 0x00, 0x00, 0x00, 0x00, 0x00, 0x6e, 
	0x62, 0x00, 0x00, 0x00, 0x00, 0x00, 0x00, 0x00, 
	0x64, 0x52, 0x00, 0x00, 0x4a, 0x6e, 0x62, 0x62, 
	0x52, 0x59, 0x52, 0x4a, 0x62, 0x31, 0x4a, 0x29, 
	0x49, 0x52, 0x59, 0x4a, 0x4e, 0x52, 0x00, 0x00, 
	0x00, 0x00, 0x00, 0x00, 0x00, 0x60, 0x62, 0x00, 
	0x00, 0x00, 0x00, 0x00, 0x00, 0x39, 0x52, 0x29, 
	0x00, 0x00, 0x00, 0x00, 0x00, 0x00, 0x25, 0x52, 
	0x4a, 0x00, 0x00, 0x00, 0x00, 0x00, 0x00, 0x6e, 
	0x62, 0x00, 0x00, 0x00, 0x00, 0x00, 0x00, 0x00, 
	0x64, 0x52, 0x00, 0x00, 0x4a, 0x61, 0x62, 0x4a, 
	0x4a, 0x4a, 0x4a, 0x39, 0x62, 0x52, 0x4a, 0x29, 
	0x4a, 0x62, 0x59, 0x49, 0x49, 0x62, 0x00, 0x00, 
	0x00, 0x00, 0x00, 0x00, 0x00, 0x62, 0x62, 0x00, 
	0x00, 0x00, 0x00, 0x00, 0x00, 0x39, 0x40, 0x39, 
	0x00, 0x00, 0x00, 0x00, 0x00, 0x00, 0x25, 0x52, 
	0x4a, 0x00, 0x00, 0x00, 0x00, 0x00, 0x00, 0x73, 
	0x62, 0x00, 0x00, 0x00, 0x00, 0x00, 0x00, 0x00, 
	0x64, 0x52, 0x00, 0x00, 0x4a, 0x62, 0x62, 0x4a, 
	0x4a, 0x4a, 0x3e, 0x4a, 0x52, 0x39, 0x4a, 0x29, 
	0x4a, 0x4e, 0x4e, 0x4a, 0x52, 0x62, 0x00, 0x00, 
	0x00, 0x00, 0x00, 0x00, 0x00, 0x62, 0x62, 0x00, 
	0x00, 0x00, 0x00, 0x00, 0x00, 0x39, 0x40, 0x29, 
	0x00, 0x00, 0x00, 0x00, 0x00, 0x00, 0x25, 0x52, 
	0x39, 0x00, 0x00, 0x00, 0x00, 0x00, 0x00, 0x6a, 
	0x62, 0x00, 0x00, 0x00, 0x00, 0x00, 0x00, 0x00, 
	0x64, 0x49, 0x00, 0x00, 0x3e, 0x62, 0x4e, 0x4a, 
	0x4f, 0x5f, 0x4a, 0x2e, 0x62, 0x39, 0x4a, 0x29, 
	0x52, 0x4e, 0x4e, 0x3b, 0x49, 0x62, 0x00, 0x00, 
	0x00, 0x00, 0x00, 0x00, 0x00, 0x60, 0x62, 0x00, 
	0x00, 0x00, 0x00, 0x00, 0x00, 0x39, 0x4a, 0x29, 
	0x00, 0x00, 0x00, 0x00, 0x00, 0x00, 0x25, 0x4e, 
	0x39, 0x00, 0x00, 0x00, 0x00, 0x00, 0x00, 0x73, 
	0x62, 0x00, 0x00, 0x00, 0x00, 0x00, 0x00, 0x00, 
	0x6a, 0x52, 0x00, 0x00, 0x4a, 0x59, 0x52, 0x4f, 
	0x4f, 0x4f, 0x5f, 0x31, 0x62, 0x39, 0x4a, 0x29, 
	0x4a, 0x49, 0x4e, 0x3b, 0x52, 0x62, 0x00, 0x00, 
	0x00, 0x00, 0x00, 0x00, 0x00, 0x59, 0x62, 0x00, 
	0x00, 0x00, 0x00, 0x00, 0x00, 0x29, 0x4a, 0x39, 
	0x00, 0x00, 0x00, 0x00, 0x00, 0x00, 0x25, 0x4e, 
	0x4a, 0x00, 0x00, 0x00, 0x00, 0x00, 0x00, 0x6a, 
	0x62, 0x00, 0x00, 0x00, 0x00, 0x00, 0x00, 0x00, 
	0x6a, 0x52, 0x00, 0x00, 0x39, 0x62, 0x62, 0x4f, 
	0x2e, 0x4f, 0x4f, 0x31, 0x62, 0x3e, 0x49, 0x31, 
	0x52, 0x49, 0x4e, 0x4a, 0x62, 0x62, 0x00, 0x00, 
	0x00, 0x00, 0x00, 0x00, 0x00, 0x62, 0x62, 0x00, 
	0x00, 0x00, 0x00, 0x00, 0x00, 0x39, 0x4a, 0x29, 
	0x00, 0x00, 0x00, 0x00, 0x00, 0x00, 0x25, 0x49, 
	0x4a, 0x00, 0x00, 0x00, 0x00, 0x00, 0x00, 0x64, 
	0x62, 0x00, 0x00, 0x00, 0x00, 0x00, 0x00, 0x00, 
	0x60, 0x52, 0x00, 0x00, 0x39, 0x62, 0x52, 0x32, 
	0x4f, 0x4f, 0x39, 0x31, 0x62, 0x39, 0x4a, 0x29, 
	0x52, 0x52, 0x62, 0x4a, 0x49, 0x62, 0x00, 0x00, 
	0x00, 0x00, 0x00, 0x00, 0x00, 0x4e, 0x62, 0x00, 
	0x00, 0x00, 0x00, 0x00, 0x00, 0x39, 0x4a, 0x29, 
	0x00, 0x00, 0x00, 0x00, 0x00, 0x00, 0x25, 0x49, 
	0x4a, 0x00, 0x00, 0x00, 0x00, 0x00, 0x00, 0x64, 
	0x62, 0x00, 0x00, 0x00, 0x00, 0x00, 0x00, 0x00, 
	0x61, 0x62, 0x00, 0x00, 0x39, 0x4e, 0x52, 0x4a, 
	0x4a, 0x39, 0x4a, 0x31, 0x52, 0x39, 0x49, 0x29, 
	0x49, 0x52, 0x4e, 0x4a, 0x49, 0x62, 0x00, 0x00, 
	0x00, 0x00, 0x00, 0x00, 0x00, 0x59, 0x62, 0x00, 
	0x00, 0x00, 0x00, 0x00, 0x00, 0x29, 0x4a, 0x39, 
	0x00, 0x00, 0x00, 0x00, 0x00, 0x00, 0x25, 0x49, 
	0x4a, 0x00, 0x00, 0x00, 0x00, 0x00, 0x00, 0x60, 
	0x62, 0x00, 0x00, 0x00, 0x00, 0x00, 0x00, 0x00, 
	0x60, 0x62, 0x00, 0x00, 0x39, 0x59, 0x52, 0x39, 
	0x4a, 0x4a, 0x4a, 0x31, 0x52, 0x39, 0x4a, 0x29, 
	0x49, 0x40, 0x62, 0x4a, 0x49, 0x62, 0x00, 0x00, 
	0x00, 0x00, 0x00, 0x00, 0x00, 0x4e, 0x62, 0x00, 
	0x00, 0x00, 0x00, 0x00, 0x00, 0x39, 0x4a, 0x31, 
	0x00, 0x00, 0x00, 0x00, 0x00, 0x00, 0x25, 0x4a, 
	0x4a, 0x00, 0x00, 0x00, 0x00, 0x00, 0x00, 0x60, 
	0x62, 0x00, 0x00, 0x00, 0x00, 0x00, 0x00, 0x00, 
	0x61, 0x62, 0x00, 0x00, 0x39, 0x4e, 0x4a, 0x39, 
	0x4a, 0x39, 0x39, 0x39, 0x62, 0x39, 0x4a, 0x29, 
	0x4a, 0x49, 0x62, 0x4a, 0x4a, 0x62, 0x58, 0x58, 
	0x68, 0x58, 0x68, 0x68, 0x58, 0x60, 0x58, 0x58, 
	0x58, 0x58, 0x60, 0x58, 0x58, 0x58, 0x58, 0x58, 
	0x60, 0x58, 0x58, 0x58, 0x58, 0x58, 0x58, 0x58, 
	0x60, 0x60, 0x58, 0x60, 0x60, 0x60, 0x60, 0x60, 
	0x58, 0x58, 0x58, 0x58, 0x60, 0x58, 0x60, 0x58, 
	0x60, 0x58, 0x58, 0x58, 0x60, 0x4e, 0x4a, 0x4a, 
	0x39, 0x4a, 0x4a, 0x4a, 0x62, 0x4a, 0x52, 0x29, 
	0x4a, 0x49, 0x62, 0x39, 0x52, 0x62, 0x31, 0x25, 
	0x25, 0x31, 0x25, 0x31, 0x29, 0x4e, 0x62, 0x31, 
	0x29, 0x31, 0x31, 0x31, 0x31, 0x25, 0x4a, 0x39, 
	0x31, 0x29, 0x31, 0x31, 0x29, 0x29, 0x25, 0x4a, 
	0x4a, 0x31, 0x31, 0x31, 0x31, 0x31, 0x31, 0x59, 
	0x62, 0x29, 0x31, 0x29, 0x29, 0x31, 0x31, 0x31, 
	0x4a, 0x62, 0x29, 0x29, 0x31, 0x29, 0x29, 0x29, 
	0x29, 0x62, 0x4a, 0x4a, 0x52, 0x39, 0x52, 0x29, 
	0x4a, 0x52, 0x62, 0x39, 0x49, 0x62, 0x00, 0x00, 
	0x00, 0x00, 0x00, 0x00, 0x00, 0x4e, 0x62, 0x00, 
	0x00, 0x00, 0x00, 0x00, 0x00, 0x39, 0x4a, 0x39, 
	0x00, 0x00, 0x00, 0x00, 0x00, 0x00, 0x29, 0x4a, 
	0x4a, 0x00, 0x00, 0x00, 0x00, 0x00, 0x00, 0x59, 
	0x6a, 0x00, 0x00, 0x00, 0x00, 0x00, 0x00, 0x00, 
	0x62, 0x62, 0x00, 0x00, 0x00, 0x00, 0x00, 0x00, 
	0x29, 0x60, 0x4a, 0x4a, 0x62, 0x31, 0x4a, 0x29, 
	0x4a, 0x4a, 0x62, 0x39, 0x4a, 0x62, 0x00, 0x00, 
	0x00, 0x00, 0x00, 0x00, 0x00, 0x4e, 0x62, 0x00, 
	0x00, 0x00, 0x00, 0x00, 0x00, 0x39, 0x4a, 0x29, 
	0x00, 0x00, 0x00, 0x00, 0x00, 0x00, 0x25, 0x52, 
	0x4a, 0x00, 0x00, 0x00, 0x00, 0x00, 0x00, 0x59, 
	0x6a, 0x00, 0x00, 0x00, 0x00, 0x00, 0x00, 0x00, 
	0x59, 0x6a, 0x00, 0x00, 0x00, 0x00, 0x00, 0x00, 
	0x25, 0x59, 0x4a, 0x4a, 0x62, 0x39, 0x4a, 0x29, 
	0x4a, 0x4a, 0x62, 0x39, 0x52, 0x6a, 0x00, 0x00, 
	0x00, 0x00, 0x00, 0x00, 0x00, 0x4e, 0x62, 0x00, 
	0x00, 0x00, 0x00, 0x00, 0x00, 0x39, 0x4a, 0x39, 
	0x00, 0x00, 0x00, 0x00, 0x00, 0x00, 0x25, 0x49, 
	0x4a, 0x00, 0x00, 0x00, 0x00, 0x00, 0x00, 0x59, 
	0x6a, 0x00, 0x00, 0x00, 0x00, 0x00, 0x00, 0x00, 
	0x59, 0x6a, 0x00, 0x00, 0x00, 0x00, 0x00, 0x00, 
	0x25, 0x59, 0x4a, 0x4a, 0x62, 0x39, 0x52, 0x29, 
	0x4a, 0x4a, 0x62, 0x39, 0x4a, 0x73, 0x00, 0x00, 
	0x00, 0x00, 0x00, 0x00, 0x00, 0x49, 0x6a, 0x00, 
	0x00, 0x00, 0x00, 0x00, 0x00, 0x39, 0x4a, 0x39, 
	0x00, 0x00, 0x00, 0x00, 0x00, 0x00, 0x25, 0x4a, 
	0x39, 0x00, 0x00, 0x00, 0x00, 0x00, 0x00, 0x59, 
	0x73, 0x00, 0x00, 0x00, 0x00, 0x00, 0x00, 0x00, 
	0x59, 0x7b, 0x00, 0x00, 0x00, 0x00, 0x00, 0x00, 
	0x25, 0x59, 0x4a, 0x4a, 0x62, 0x31, 0x52, 0x29, 
	0x4a, 0x4a, 0x62, 0x39, 0x4a, 0x62, 0x00, 0x00, 
	0x00, 0x00, 0x00, 0x00, 0x00, 0x49, 0x6a, 0x00, 
	0x00, 0x00, 0x00, 0x00, 0x00, 0x29, 0x4a, 0x39, 
	0x00, 0x00, 0x00, 0x00, 0x00, 0x00, 0x25, 0x4a, 
	0x4a, 0x00, 0x00, 0x00, 0x00, 0x00, 0x00, 0x59, 
	0x7b, 0x00, 0x00, 0x00, 0x00, 0x00, 0x00, 0x00, 
	0x59, 0x7b, 0x00, 0x00, 0x00, 0x00, 0x00, 0x00, 
	0x31, 0x59, 0x4a, 0x4a, 0x62, 0x31, 0x52, 0x29, 
	0x4a, 0x4a, 0x62, 0x3e, 0x4a, 0x62, 0x00, 0x00, 
	0x00, 0x00, 0x00, 0x00, 0x00, 0x49, 0x6a, 0x00, 
	0x00, 0x00, 0x00, 0x00, 0x00, 0x29, 0x4a, 0x39, 
	0x00, 0x00, 0x00, 0x00, 0x00, 0x00, 0x25, 0x4a, 
	0x4a, 0x00, 0x00, 0x00, 0x00, 0x00, 0x00, 0x4e, 
	0x7b, 0x00, 0x00, 0x00, 0x00, 0x00, 0x00, 0x00, 
	0x59, 0x7b, 0x00, 0x00, 0x00, 0x00, 0x00, 0x00, 
	0x29, 0x4e, 0x3e, 0x4a, 0x62, 0x31, 0x4a, 0x29, 
	0x4a, 0x4a, 0x62, 0x39, 0x4a, 0x6a, 0x00, 0x00, 
	0x00, 0x00, 0x00, 0x00, 0x00, 0x49, 0x6a, 0x00, 
	0x00, 0x00, 0x00, 0x00, 0x00, 0x29, 0x39, 0x39, 
	0x00, 0x00, 0x00, 0x00, 0x00, 0x00, 0x25, 0x4a, 
	0x4a, 0x00, 0x00, 0x00, 0x00, 0x00, 0x00, 0x4e, 
	0x83, 0x00, 0x00, 0x00, 0x00, 0x00, 0x00, 0x00, 
	0x4e, 0x7b, 0x00, 0x00, 0x00, 0x00, 0x00, 0x00, 
	0x29, 0x59, 0x4a, 0x4a, 0x62, 0x39, 0x52, 0x29, 
	0x4a, 0x4a, 0x62, 0x39, 0x4a, 0x6a, 0x00, 0x00, 
	0x00, 0x00, 0x00, 0x00, 0x00, 0x49, 0x6a, 0x00, 
	0x00, 0x00, 0x00, 0x00, 0x00, 0x29, 0x4a, 0x39, 
	0x00, 0x00, 0x00, 0x00, 0x00, 0x00, 0x25, 0x4a, 
	0x4a, 0x00, 0x00, 0x00, 0x00, 0x00, 0x00, 0x4e, 
	0x73, 0x00, 0x00, 0x00, 0x00, 0x00, 0x00, 0x00, 
	0x4e, 0x6a, 0x00, 0x00, 0x00, 0x00, 0x00, 0x00, 
	0x29, 0x59, 0x4a, 0x4a, 0x62, 0x39, 0x52, 0x29, 
	0x52, 0x4a, 0x62, 0x39, 0x4a, 0x62, 0x00, 0x00, 
	0x00, 0x00, 0x00, 0x00, 0x00, 0x52, 0x7b, 0x00, 
	0x00, 0x00, 0x00, 0x00, 0x00, 0x39, 0x4a, 0x31, 
	0x00, 0x00, 0x00, 0x00, 0x00, 0x00, 0x25, 0x4a, 
	0x4a, 0x00, 0x00, 0x00, 0x00, 0x00, 0x00, 0x4e, 
	0x73, 0x00, 0x00, 0x00, 0x00, 0x00, 0x00, 0x00, 
	0x4e, 0x6a, 0x00, 0x00, 0x00, 0x00, 0x00, 0x00, 
	0x31, 0x59, 0x4a, 0x4a, 0x62, 0x39, 0x52, 0x29, 
	0x40, 0x4a, 0x62, 0x39, 0x3e, 0x62, 0x00, 0x00, 
	0x00, 0x00, 0x00, 0x00, 0x00, 0x52, 0x83, 0x00, 
	0x00, 0x00, 0x00, 0x00, 0x00, 0x29, 0x3e, 0x39, 
	0x00, 0x00, 0x00, 0x00, 0x00, 0x00, 0x25, 0x4a, 
	0x4a, 0x00, 0x00, 0x00, 0x00, 0x00, 0x00, 0x4e, 
	0x73, 0x00, 0x00, 0x00, 0x00, 0x00, 0x00, 0x00, 
	0x4e, 0x73, 0x00, 0x00, 0x00, 0x00, 0x00, 0x00, 
	0x31, 0x4e, 0x4a, 0x4a, 0x62, 0x39, 0x52, 0x29, 
	0x4a, 0x4a, 0x62, 0x30, 0x4a, 0x73, 0x00, 0x00, 
	0x00, 0x00, 0x00, 0x00, 0x00, 0x4a, 0x94, 0x00, 
	0x00, 0x00, 0x00, 0x00, 0x00, 0x29, 0x3e, 0x39, 
	0x00, 0x00, 0x00, 0x00, 0x00, 0x00, 0x25, 0x4a, 
	0x4a, 0x00, 0x00, 0x00, 0x00, 0x00, 0x00, 0x4e, 
	0x73, 0x00, 0x00, 0x00, 0x00, 0x00, 0x00, 0x00, 
	0x4e, 0x73, 0x00, 0x00, 0x00, 0x00, 0x00, 0x00, 
	0x31, 0x4e, 0x3e, 0x4a, 0x62, 0x39, 0x52, 0x29, 
	0x49, 0x4a, 0x62, 0x39, 0x4a, 0x73, 0x00, 0x00, 
	0x00, 0x00, 0x00, 0x00, 0x00, 0x49, 0x83, 0x00, 
	0x00, 0x00, 0x00, 0x00, 0x00, 0x29, 0x4a, 0x3b, 
	0x00, 0x00, 0x00, 0x00, 0x00, 0x00, 0x25, 0x4a, 
	0x4a, 0x00, 0x00, 0x00, 0x00, 0x00, 0x00, 0x4e, 
	0x73, 0x00, 0x00, 0x00, 0x00, 0x00, 0x00, 0x00, 
	0x4e, 0x73, 0x00, 0x00, 0x00, 0x00, 0x00, 0x00, 
	0x31, 0x4e, 0x4a, 0x4a, 0x50, 0x39, 0x52, 0x29, 
	0x4a, 0x4a, 0x62, 0x39, 0x4a, 0x7b, 0x00, 0x00, 
	0x00, 0x00, 0x00, 0x00, 0x00, 0x4a, 0x73, 0x00, 
	0x00, 0x00, 0x00, 0x00, 0x00, 0x29, 0x39, 0x29, 
	0x00, 0x00, 0x00, 0x00, 0x00, 0x00, 0x25, 0x3e, 
	0x4a, 0x00, 0x00, 0x00, 0x00, 0x00, 0x00, 0x49, 
	0x73, 0x00, 0x00, 0x00, 0x00, 0x00, 0x00, 0x00, 
	0x4e, 0x73, 0x00, 0x00, 0x00, 0x00, 0x00, 0x00, 
	0x31, 0x4e, 0x4a, 0x4a, 0x50, 0x39, 0x52, 0x29, 
	0x4a, 0x4a, 0x62, 0x30, 0x4a, 0x73, 0x00, 0x00, 
	0x00, 0x00, 0x00, 0x00, 0x00, 0x49, 0x62, 0x00, 
	0x00, 0x00, 0x00, 0x00, 0x00, 0x29, 0x39, 0x31, 
	0x00, 0x00, 0x00, 0x00, 0x00, 0x00, 0x25, 0x4a, 
	0x4a, 0x00, 0x00, 0x00, 0x00, 0x00, 0x00, 0x49, 
	0x7b, 0x00, 0x00, 0x00, 0x00, 0x00, 0x00, 0x00, 
	0x4e, 0x73, 0x00, 0x00, 0x00, 0x00, 0x00, 0x00, 
	0x25, 0x4e, 0x3e, 0x4a, 0x50, 0x39, 0x52, 0x29, 
	0x4a, 0x4a, 0x62, 0x39, 0x3e, 0x73, 0x00, 0x00, 
	0x00, 0x00, 0x00, 0x00, 0x00, 0x4a, 0x6a, 0x00, 
	0x00, 0x00, 0x00, 0x00, 0x00, 0x29, 0x39, 0x31, 
	0x00, 0x00, 0x00, 0x00, 0x00, 0x00, 0x25, 0x4a, 
	0x39, 0x00, 0x00, 0x00, 0x00, 0x00, 0x00, 0x40, 
	0x73, 0x00, 0x00, 0x00, 0x00, 0x00, 0x00, 0x00, 
	0x49, 0x73, 0x00, 0x00, 0x00, 0x00, 0x00, 0x00, 
	0x31, 0x62, 0x4a, 0x3e, 0x50, 0x30, 0x52, 0x29, 
	0x4a, 0x4a, 0x62, 0x39, 0x4a, 0x7b, 0x00, 0x00, 
	0x00, 0x00, 0x00, 0x00, 0x00, 0x4a, 0x6a, 0x00, 
	0x00, 0x00, 0x00, 0x00, 0x00, 0x29, 0x39, 0x31, 
	0x00, 0x00, 0x00, 0x00, 0x00, 0x00, 0x25, 0x4a, 
	0x39, 0x00, 0x00, 0x00, 0x00, 0x00, 0x00, 0x49, 
	0x73, 0x00, 0x00, 0x00, 0x00, 0x00, 0x00, 0x00, 
	0x49, 0x7b, 0x00, 0x00, 0x00, 0x00, 0x00, 0x00, 
	0x31, 0x4e, 0x39, 0x39, 0x50, 0x39, 0x49, 0x29, 
	0x4a, 0x4a, 0x50, 0x30, 0x4a, 0x73, 0x00, 0x00, 
	0x00, 0x00, 0x00, 0x00, 0x00, 0x4a, 0x62, 0x00, 
	0x00, 0x00, 0x00, 0x00, 0x00, 0x29, 0x4a, 0x29, 
	0x00, 0x00, 0x00, 0x00, 0x00, 0x00, 0x25, 0x4a, 
	0x4a, 0x00, 0x00, 0x00, 0x00, 0x00, 0x00, 0x49, 
	0x7b, 0x00, 0x00, 0x00, 0x00, 0x00, 0x00, 0x00, 
	0x49, 0x7b, 0x00, 0x00, 0x00, 0x00, 0x00, 0x00, 
	0x31, 0x62, 0x3e, 0x4a, 0x50, 0x39, 0x49, 0x29, 
	0x4a, 0x4a, 0x62, 0x39, 0x4a, 0x73, 0x31, 0x39, 
	0x39, 0x39, 0x39, 0x39, 0x39, 0x4a, 0x52, 0x39, 
	0x39, 0x39, 0x39, 0x39, 0x39, 0x39, 0x39, 0x39, 
	0x29, 0x39, 0x39, 0x39, 0x39, 0x39, 0x39, 0x39, 
	0x39, 0x39, 0x39, 0x39, 0x39, 0x39, 0x39, 0x4a, 
	0x62, 0x29, 0x39, 0x39, 0x39, 0x39, 0x39, 0x39, 
	0x49, 0x62, 0x29, 0x39, 0x39, 0x39, 0x39, 0x39, 
	0x39, 0x62, 0x39, 0x4a, 0x50, 0x39, 0x49, 0x29, 
	0x4a, 0x4a, 0x62, 0x39, 0x4a, 0x62, 0x62, 0x62, 
	0x62, 0x64, 0x4e, 0x64, 0x4e, 0x6e, 0x4e, 0x4e, 
	0x4e, 0x4e, 0x4e, 0x4e, 0x4e, 0x59, 0x52, 0x4e, 
	0x49, 0x4e, 0x59, 0x4e, 0x59, 0x59, 0x4e, 0x4e, 
	0x4e, 0x59, 0x4e, 0x4e, 0x4e, 0x62, 0x62, 0x4e, 
	0x62, 0x62, 0x62, 0x62, 0x62, 0x62, 0x62, 0x62, 
	0x62, 0x62, 0x62, 0x62, 0x62, 0x50, 0x62, 0x62, 
	0x62, 0x62, 0x4a, 0x4a, 0x52, 0x31, 0x49, 0x29, 
	0x4a, 0x4a, 0x52, 0x30, 0x4a, 0x4a, 0x39, 0x39, 
	0x39, 0x4a, 0x4a, 0x4a, 0x4a, 0x4a, 0x4a, 0x4a, 
	0x4a, 0x3e, 0x4a, 0x4a, 0x3e, 0x4a, 0x49, 0x4a, 
	0x4a, 0x4a, 0x3e, 0x4a, 0x3e, 0x4a, 0x4a, 0x3e, 
	0x4a, 0x4a, 0x3e, 0x4a, 0x4a, 0x4a, 0x4a, 0x40, 
	0x3e, 0x3e, 0x3e, 0x39, 0x39, 0x39, 0x39, 0x4a, 
	0x4a, 0x39, 0x3e, 0x3e, 0x4a, 0x39, 0x39, 0x39, 
	0x4a, 0x39, 0x39, 0x3e, 0x62, 0x31, 0x52, 0x29, 
	0x4a, 0x4a, 0x62, 0x2e, 0x39, 0x39, 0x39, 0x31, 
	0x31, 0x39, 0x31, 0x30, 0x39, 0x39, 0x39, 0x39, 
	0x39, 0x30, 0x30, 0x30, 0x31, 0x39, 0x39, 0x39, 
	0x31, 0x31, 0x31, 0x31, 0x30, 0x39, 0x30, 0x39, 
	0x39, 0x30, 0x30, 0x39, 0x30, 0x39, 0x3e, 0x39, 
	0x30, 0x30, 0x31, 0x31, 0x31, 0x31, 0x39, 0x30, 
	0x39, 0x39, 0x39, 0x31, 0x39, 0x31, 0x31, 0x31, 
	0x31, 0x39, 0x31, 0x30, 0x50, 0x31, 0x52, 0x31, 
	0x4a, 0x4a, 0x4a, 0x4a, 0x4a, 0x4a, 0x4a, 0x4a, 
	0x39, 0x3e, 0x3e, 0x4a, 0x3e, 0x39, 0x3e, 0x4a, 
	0x39, 0x4a, 0x3e, 0x4a, 0x39, 0x39, 0x4a, 0x4a, 
	0x4a, 0x4a, 0x4a, 0x4a, 0x39, 0x4a, 0x3e, 0x3e, 
	0x3e, 0x4a, 0x4a, 0x3e, 0x3e, 0x3e, 0x4a, 0x4a, 
	0x4a, 0x4a, 0x4a, 0x39, 0x39, 0x4a, 0x4a, 0x4a, 
	0x3e, 0x3e, 0x3e, 0x39, 0x39, 0x4a, 0x39, 0x4a, 
	0x39, 0x39, 0x4a, 0x3e, 0x4a, 0x31, 0x52, 0x31, 
	0x4a, 0x4a, 0x31, 0x39, 0x30, 0x30, 0x39, 0x31, 
	0x31, 0x31, 0x39, 0x39, 0x39, 0x39, 0x30, 0x39, 
	0x30, 0x30, 0x30, 0x39, 0x39, 0x39, 0x30, 0x39, 
	0x30, 0x31, 0x39, 0x39, 0x39, 0x39, 0x39, 0x30, 
	0x30, 0x39, 0x30, 0x39, 0x39, 0x39, 0x30, 0x39, 
	0x39, 0x30, 0x39, 0x31, 0x39, 0x39, 0x39, 0x30, 
	0x30, 0x30, 0x31, 0x31, 0x31, 0x31, 0x31, 0x31, 
	0x31, 0x31, 0x30, 0x39, 0x39, 0x29, 0x52, 0x31, 
	0x4a, 0x4a, 0x39, 0x4a, 0x4a, 0x3e, 0x4a, 0x39, 
	0x39, 0x4a, 0x4a, 0x4a, 0x4a, 0x4a, 0x4a, 0x4a, 
	0x4a, 0x3e, 0x4a, 0x3e, 0x4a, 0x3e, 0x3e, 0x39, 
	0x4a, 0x4a, 0x4a, 0x39, 0x4a, 0x4a, 0x3e, 0x3e, 
	0x3e, 0x4a, 0x3e, 0x4a, 0x3e, 0x4a, 0x4a, 0x4a, 
	0x40, 0x4a, 0x4a, 0x4a, 0x4a, 0x4a, 0x3e, 0x3e, 
	0x3e, 0x4a, 0x39, 0x4a, 0x39, 0x4a, 0x39, 0x4a, 
	0x39, 0x39, 0x4a, 0x4a, 0x4a, 0x39, 0x52, 0x31, 
	0x39, 0x31, 0x31, 0x29, 0x31, 0x31, 0x31, 0x31, 
	0x31, 0x29, 0x29, 0x31, 0x31, 0x31, 0x31, 0x31, 
	0x31, 0x31, 0x31, 0x31, 0x25, 0x31, 0x31, 0x31, 
	0x31, 0x25, 0x31, 0x31, 0x31, 0x31, 0x31, 0x25, 
	0x31, 0x31, 0x31, 0x25, 0x25, 0x25, 0x25, 0x25, 
	0x25, 0x31, 0x31, 0x29, 0x31, 0x31, 0x25, 0x25, 
	0x31, 0x31, 0x31, 0x29, 0x31, 0x31, 0x31, 0x31, 
	0x31, 0x31, 0x31, 0x31, 0x31, 0x31, 0x31, 0x31, 
	
};

Gfx bob_dl_Transgender_Pride_flag_64x32_ci4_aligner[] = {gsSPEndDisplayList()};
u8 bob_dl_Transgender_Pride_flag_64x32_ci4[] = {
	0x00, 0x00, 0x00, 0x00, 0x00, 0x00, 0x00, 0x00, 
	0x00, 0x00, 0x00, 0x00, 0x00, 0x00, 0x00, 0x00, 
	0x00, 0x00, 0x00, 0x00, 0x00, 0x00, 0x00, 0x00, 
	0x00, 0x00, 0x00, 0x00, 0x00, 0x00, 0x00, 0x00, 
	0x00, 0x00, 0x00, 0x00, 0x00, 0x00, 0x00, 0x00, 
	0x00, 0x00, 0x00, 0x00, 0x00, 0x00, 0x00, 0x00, 
	0x00, 0x00, 0x00, 0x00, 0x00, 0x00, 0x00, 0x00, 
	0x00, 0x00, 0x00, 0x00, 0x00, 0x00, 0x00, 0x00, 
	0x00, 0x00, 0x00, 0x00, 0x00, 0x00, 0x00, 0x00, 
	0x00, 0x00, 0x00, 0x00, 0x00, 0x00, 0x00, 0x00, 
	0x00, 0x00, 0x00, 0x00, 0x00, 0x00, 0x00, 0x00, 
	0x00, 0x00, 0x00, 0x00, 0x00, 0x00, 0x00, 0x00, 
	0x00, 0x00, 0x00, 0x00, 0x00, 0x00, 0x00, 0x00, 
	0x00, 0x00, 0x00, 0x00, 0x00, 0x00, 0x00, 0x00, 
	0x00, 0x00, 0x00, 0x00, 0x00, 0x00, 0x00, 0x00, 
	0x00, 0x00, 0x00, 0x00, 0x00, 0x00, 0x00, 0x00, 
	0x00, 0x00, 0x00, 0x00, 0x00, 0x00, 0x00, 0x00, 
	0x00, 0x00, 0x00, 0x00, 0x00, 0x00, 0x00, 0x00, 
	0x00, 0x00, 0x00, 0x00, 0x00, 0x00, 0x00, 0x00, 
	0x00, 0x00, 0x00, 0x00, 0x00, 0x00, 0x00, 0x00, 
	0x00, 0x00, 0x00, 0x00, 0x00, 0x00, 0x00, 0x00, 
	0x00, 0x00, 0x00, 0x00, 0x00, 0x00, 0x00, 0x00, 
	0x00, 0x00, 0x00, 0x00, 0x00, 0x00, 0x00, 0x00, 
	0x00, 0x00, 0x00, 0x00, 0x00, 0x00, 0x00, 0x00, 
	0x11, 0x11, 0x11, 0x11, 0x11, 0x11, 0x11, 0x11, 
	0x11, 0x11, 0x11, 0x11, 0x11, 0x11, 0x11, 0x11, 
	0x11, 0x11, 0x11, 0x11, 0x11, 0x11, 0x11, 0x11, 
	0x11, 0x11, 0x11, 0x11, 0x11, 0x11, 0x11, 0x11, 
	0x11, 0x11, 0x11, 0x11, 0x11, 0x11, 0x11, 0x11, 
	0x11, 0x11, 0x11, 0x11, 0x11, 0x11, 0x11, 0x11, 
	0x11, 0x11, 0x11, 0x11, 0x11, 0x11, 0x11, 0x11, 
	0x11, 0x11, 0x11, 0x11, 0x11, 0x11, 0x11, 0x11, 
	0x11, 0x11, 0x11, 0x11, 0x11, 0x11, 0x11, 0x11, 
	0x11, 0x11, 0x11, 0x11, 0x11, 0x11, 0x11, 0x11, 
	0x11, 0x11, 0x11, 0x11, 0x11, 0x11, 0x11, 0x11, 
	0x11, 0x11, 0x11, 0x11, 0x11, 0x11, 0x11, 0x11, 
	0x11, 0x11, 0x11, 0x11, 0x11, 0x11, 0x11, 0x11, 
	0x11, 0x11, 0x11, 0x11, 0x11, 0x11, 0x11, 0x11, 
	0x11, 0x11, 0x11, 0x11, 0x11, 0x11, 0x11, 0x11, 
	0x11, 0x11, 0x11, 0x11, 0x11, 0x11, 0x11, 0x11, 
	0x11, 0x11, 0x11, 0x11, 0x11, 0x11, 0x11, 0x11, 
	0x11, 0x11, 0x11, 0x11, 0x11, 0x11, 0x11, 0x11, 
	0x11, 0x11, 0x11, 0x11, 0x11, 0x11, 0x11, 0x11, 
	0x11, 0x11, 0x11, 0x11, 0x11, 0x11, 0x11, 0x11, 
	0x11, 0x11, 0x11, 0x11, 0x11, 0x11, 0x11, 0x11, 
	0x11, 0x11, 0x11, 0x11, 0x11, 0x11, 0x11, 0x11, 
	0x11, 0x11, 0x11, 0x11, 0x11, 0x11, 0x11, 0x11, 
	0x11, 0x11, 0x11, 0x11, 0x11, 0x11, 0x11, 0x11, 
	0x11, 0x11, 0x11, 0x11, 0x11, 0x11, 0x11, 0x11, 
	0x11, 0x11, 0x11, 0x11, 0x11, 0x11, 0x11, 0x11, 
	0x11, 0x11, 0x11, 0x11, 0x11, 0x11, 0x11, 0x11, 
	0x11, 0x11, 0x11, 0x11, 0x11, 0x11, 0x11, 0x11, 
	0x22, 0x22, 0x22, 0x22, 0x22, 0x22, 0x22, 0x22, 
	0x22, 0x22, 0x22, 0x22, 0x22, 0x22, 0x22, 0x22, 
	0x22, 0x22, 0x22, 0x22, 0x22, 0x22, 0x22, 0x22, 
	0x22, 0x22, 0x22, 0x22, 0x22, 0x22, 0x22, 0x22, 
	0x22, 0x22, 0x22, 0x22, 0x22, 0x22, 0x22, 0x22, 
	0x22, 0x22, 0x22, 0x22, 0x22, 0x22, 0x22, 0x22, 
	0x22, 0x22, 0x22, 0x22, 0x22, 0x22, 0x22, 0x22, 
	0x22, 0x22, 0x22, 0x22, 0x22, 0x22, 0x22, 0x22, 
	0x22, 0x22, 0x22, 0x22, 0x22, 0x22, 0x22, 0x22, 
	0x22, 0x22, 0x22, 0x22, 0x22, 0x22, 0x22, 0x22, 
	0x22, 0x22, 0x22, 0x22, 0x22, 0x22, 0x22, 0x22, 
	0x22, 0x22, 0x22, 0x22, 0x22, 0x22, 0x22, 0x22, 
	0x22, 0x22, 0x22, 0x22, 0x22, 0x22, 0x22, 0x22, 
	0x22, 0x22, 0x22, 0x22, 0x22, 0x22, 0x22, 0x22, 
	0x22, 0x22, 0x22, 0x22, 0x22, 0x22, 0x22, 0x22, 
	0x22, 0x22, 0x22, 0x22, 0x22, 0x22, 0x22, 0x22, 
	0x22, 0x22, 0x22, 0x22, 0x22, 0x22, 0x22, 0x22, 
	0x22, 0x22, 0x22, 0x22, 0x22, 0x22, 0x22, 0x22, 
	0x22, 0x22, 0x22, 0x22, 0x22, 0x22, 0x22, 0x22, 
	0x22, 0x22, 0x22, 0x22, 0x22, 0x22, 0x22, 0x22, 
	0x22, 0x22, 0x22, 0x22, 0x22, 0x22, 0x22, 0x22, 
	0x22, 0x22, 0x22, 0x22, 0x22, 0x22, 0x22, 0x22, 
	0x22, 0x22, 0x22, 0x22, 0x22, 0x22, 0x22, 0x22, 
	0x22, 0x22, 0x22, 0x22, 0x22, 0x22, 0x22, 0x22, 
	0x11, 0x11, 0x11, 0x11, 0x11, 0x11, 0x11, 0x11, 
	0x11, 0x11, 0x11, 0x11, 0x11, 0x11, 0x11, 0x11, 
	0x11, 0x11, 0x11, 0x11, 0x11, 0x11, 0x11, 0x11, 
	0x11, 0x11, 0x11, 0x11, 0x11, 0x11, 0x11, 0x11, 
	0x11, 0x11, 0x11, 0x11, 0x11, 0x11, 0x11, 0x11, 
	0x11, 0x11, 0x11, 0x11, 0x11, 0x11, 0x11, 0x11, 
	0x11, 0x11, 0x11, 0x11, 0x11, 0x11, 0x11, 0x11, 
	0x11, 0x11, 0x11, 0x11, 0x11, 0x11, 0x11, 0x11, 
	0x11, 0x11, 0x11, 0x11, 0x11, 0x11, 0x11, 0x11, 
	0x11, 0x11, 0x11, 0x11, 0x11, 0x11, 0x11, 0x11, 
	0x11, 0x11, 0x11, 0x11, 0x11, 0x11, 0x11, 0x11, 
	0x11, 0x11, 0x11, 0x11, 0x11, 0x11, 0x11, 0x11, 
	0x11, 0x11, 0x11, 0x11, 0x11, 0x11, 0x11, 0x11, 
	0x11, 0x11, 0x11, 0x11, 0x11, 0x11, 0x11, 0x11, 
	0x11, 0x11, 0x11, 0x11, 0x11, 0x11, 0x11, 0x11, 
	0x11, 0x11, 0x11, 0x11, 0x11, 0x11, 0x11, 0x11, 
	0x11, 0x11, 0x11, 0x11, 0x11, 0x11, 0x11, 0x11, 
	0x11, 0x11, 0x11, 0x11, 0x11, 0x11, 0x11, 0x11, 
	0x11, 0x11, 0x11, 0x11, 0x11, 0x11, 0x11, 0x11, 
	0x11, 0x11, 0x11, 0x11, 0x11, 0x11, 0x11, 0x11, 
	0x11, 0x11, 0x11, 0x11, 0x11, 0x11, 0x11, 0x11, 
	0x11, 0x11, 0x11, 0x11, 0x11, 0x11, 0x11, 0x11, 
	0x11, 0x11, 0x11, 0x11, 0x11, 0x11, 0x11, 0x11, 
	0x11, 0x11, 0x11, 0x11, 0x11, 0x11, 0x11, 0x11, 
	0x11, 0x11, 0x11, 0x11, 0x11, 0x11, 0x11, 0x11, 
	0x11, 0x11, 0x11, 0x11, 0x11, 0x11, 0x11, 0x11, 
	0x11, 0x11, 0x11, 0x11, 0x11, 0x11, 0x11, 0x11, 
	0x11, 0x11, 0x11, 0x11, 0x11, 0x11, 0x11, 0x11, 
	0x00, 0x00, 0x00, 0x00, 0x00, 0x00, 0x00, 0x00, 
	0x00, 0x00, 0x00, 0x00, 0x00, 0x00, 0x00, 0x00, 
	0x00, 0x00, 0x00, 0x00, 0x00, 0x00, 0x00, 0x00, 
	0x00, 0x00, 0x00, 0x00, 0x00, 0x00, 0x00, 0x00, 
	0x00, 0x00, 0x00, 0x00, 0x00, 0x00, 0x00, 0x00, 
	0x00, 0x00, 0x00, 0x00, 0x00, 0x00, 0x00, 0x00, 
	0x00, 0x00, 0x00, 0x00, 0x00, 0x00, 0x00, 0x00, 
	0x00, 0x00, 0x00, 0x00, 0x00, 0x00, 0x00, 0x00, 
	0x00, 0x00, 0x00, 0x00, 0x00, 0x00, 0x00, 0x00, 
	0x00, 0x00, 0x00, 0x00, 0x00, 0x00, 0x00, 0x00, 
	0x00, 0x00, 0x00, 0x00, 0x00, 0x00, 0x00, 0x00, 
	0x00, 0x00, 0x00, 0x00, 0x00, 0x00, 0x00, 0x00, 
	0x00, 0x00, 0x00, 0x00, 0x00, 0x00, 0x00, 0x00, 
	0x00, 0x00, 0x00, 0x00, 0x00, 0x00, 0x00, 0x00, 
	0x00, 0x00, 0x00, 0x00, 0x00, 0x00, 0x00, 0x00, 
	0x00, 0x00, 0x00, 0x00, 0x00, 0x00, 0x00, 0x00, 
	0x00, 0x00, 0x00, 0x00, 0x00, 0x00, 0x00, 0x00, 
	0x00, 0x00, 0x00, 0x00, 0x00, 0x00, 0x00, 0x00, 
	0x00, 0x00, 0x00, 0x00, 0x00, 0x00, 0x00, 0x00, 
	0x00, 0x00, 0x00, 0x00, 0x00, 0x00, 0x00, 0x00, 
	0x00, 0x00, 0x00, 0x00, 0x00, 0x00, 0x00, 0x00, 
	0x00, 0x00, 0x00, 0x00, 0x00, 0x00, 0x00, 0x00, 
	0x00, 0x00, 0x00, 0x00, 0x00, 0x00, 0x00, 0x00, 
	0x00, 0x00, 0x00, 0x00, 0x00, 0x00, 0x00, 0x00, 
	
};

Gfx bob_dl_Transgender_Pride_flag_64x32_pal_rgba16_aligner[] = {gsSPEndDisplayList()};
u8 bob_dl_Transgender_Pride_flag_64x32_pal_rgba16[] = {
	0x5e, 0x7d, 0xf5, 0x6d, 0xff, 0xff, 
};

Gfx bob_dl_Zrzut_ekranu_2024_07_24_115741_rgba16_aligner[] = {gsSPEndDisplayList()};
u8 bob_dl_Zrzut_ekranu_2024_07_24_115741_rgba16[] = {
	0x22, 0x05, 0x22, 0x45, 0x22, 0x45, 0x2a, 0x87, 
	0x2a, 0x87, 0x2a, 0x87, 0x2a, 0x87, 0x2a, 0x87, 
	0x2a, 0x87, 0x2a, 0x87, 0x2a, 0xc9, 0x2b, 0x09, 
	0x2b, 0x09, 0x2b, 0x09, 0x2b, 0x09, 0x2b, 0x09, 
	0x2b, 0x09, 0x2b, 0x09, 0x2b, 0x09, 0x2a, 0xc9, 
	0x2a, 0xc7, 0x2a, 0x87, 0x2a, 0x87, 0x2a, 0x47, 
	0x22, 0x45, 0x22, 0x45, 0x22, 0x05, 0x22, 0x05, 
	0x22, 0x45, 0x22, 0x05, 0x22, 0x05, 0x22, 0x05, 
	0x22, 0x05, 0x22, 0x05, 0x22, 0x45, 0x22, 0x05, 
	0x22, 0x05, 0x22, 0x05, 0x22, 0x05, 0x22, 0x05, 
	0x22, 0x05, 0x22, 0x05, 0x22, 0x05, 0x22, 0x05, 
	0x22, 0x05, 0x22, 0x05, 0x22, 0x05, 0x22, 0x05, 
	0x22, 0x05, 0x21, 0xc5, 0x19, 0xc5, 0x19, 0xc5, 
	0x19, 0xc5, 0x19, 0x85, 0x19, 0x85, 0x19, 0x85, 
	0x19, 0x85, 0x19, 0x85, 0x19, 0x85, 0x19, 0x85, 
	0x19, 0x85, 0x19, 0x85, 0x19, 0x85, 0x19, 0x85, 
	0x22, 0x45, 0x2a, 0x87, 0x2a, 0x87, 0x2a, 0x87, 
	0x2a, 0x87, 0x2a, 0x87, 0x2a, 0x87, 0x2a, 0x87, 
	0x2a, 0xc7, 0x2a, 0xc9, 0x2b, 0x09, 0x2b, 0x09, 
	0x2b, 0x09, 0x2b, 0x09, 0x2b, 0x09, 0x2b, 0x09, 
	0x2b, 0x09, 0x2a, 0xc9, 0x2a, 0xc7, 0x2a, 0x87, 
	0x2a, 0x87, 0x2a, 0x87, 0x2a, 0x87, 0x2a, 0x47, 
	0x22, 0x45, 0xff, 0xff, 0xf7, 0x3f, 0x22, 0x45, 
	0x2a, 0x47, 0x2a, 0x87, 0x2a, 0x87, 0x2a, 0x47, 
	0x2a, 0x47, 0x22, 0x45, 0x22, 0x45, 0x22, 0x45, 
	0x22, 0x45, 0x22, 0x05, 0x22, 0x05, 0x22, 0x05, 
	0x22, 0x05, 0x22, 0x05, 0x22, 0x05, 0x22, 0x05, 
	0x22, 0x05, 0x22, 0x45, 0x22, 0x45, 0x22, 0x45, 
	0x22, 0x45, 0x22, 0x45, 0x22, 0x05, 0x22, 0x05, 
	0x22, 0x05, 0x22, 0x05, 0x22, 0x05, 0x22, 0x05, 
	0x21, 0xc5, 0x21, 0xc5, 0x21, 0xc5, 0x19, 0xc5, 
	0x19, 0xc5, 0x19, 0x85, 0x19, 0x85, 0x19, 0x85, 
	0x2a, 0x87, 0x2a, 0x87, 0x2a, 0x87, 0x2a, 0x87, 
	0x2a, 0x87, 0x2a, 0x87, 0x2a, 0xc7, 0x2a, 0xc9, 
	0x2a, 0xc9, 0x2b, 0x09, 0x2b, 0x09, 0x2b, 0x09, 
	0x2b, 0x09, 0x2b, 0x09, 0x2b, 0x09, 0x2b, 0x09, 
	0x2b, 0x09, 0x2b, 0x09, 0x2a, 0xc7, 0x2a, 0xc7, 
	0x2a, 0x87, 0x3a, 0x4b, 0xbe, 0xe5, 0xcf, 0x2d, 
	0xad, 0xa9, 0xff, 0xff, 0xd4, 0x7f, 0xe5, 0xff, 
	0xf6, 0xff, 0x63, 0x99, 0x2a, 0xc7, 0x2a, 0xc7, 
	0x2a, 0x87, 0x2a, 0x87, 0x2a, 0x87, 0x2a, 0x87, 
	0x2a, 0x87, 0x2a, 0x87, 0x2a, 0x47, 0x2a, 0x47, 
	0x2a, 0x47, 0x22, 0x45, 0x22, 0x45, 0x22, 0x45, 
	0x22, 0x45, 0x22, 0x45, 0x2a, 0x47, 0x2a, 0x87, 
	0x2a, 0x87, 0x2a, 0x87, 0x2a, 0x47, 0x2a, 0x47, 
	0x2a, 0x47, 0x22, 0x45, 0x22, 0x45, 0x22, 0x45, 
	0x22, 0x45, 0x22, 0x05, 0x22, 0x05, 0x22, 0x05, 
	0x22, 0x05, 0x22, 0x05, 0x22, 0x05, 0x21, 0xc5, 
	0x2a, 0x87, 0x2a, 0x87, 0x2a, 0x87, 0x2a, 0x87, 
	0x2a, 0x87, 0x2a, 0xc7, 0x2a, 0xc9, 0x2b, 0x09, 
	0x2b, 0x09, 0x2b, 0x09, 0x2b, 0x09, 0x2b, 0x09, 
	0x2b, 0x09, 0x2b, 0x09, 0x2b, 0x49, 0x2b, 0x49, 
	0x2b, 0x09, 0x2b, 0x09, 0x21, 0x87, 0xae, 0x57, 
	0xbe, 0xe1, 0xcf, 0x29, 0xd7, 0x6b, 0xd7, 0x6d, 
	0xd7, 0x6b, 0xd7, 0x2b, 0xd7, 0x2d, 0xff, 0xff, 
	0xee, 0x7f, 0xd7, 0x2d, 0xff, 0xbf, 0x2b, 0x09, 
	0x2b, 0x09, 0x2a, 0xc9, 0x2a, 0xc9, 0x2a, 0xc9, 
	0x2a, 0xc7, 0x2a, 0x87, 0x2a, 0x87, 0x2a, 0x87, 
	0x2a, 0x87, 0x2a, 0x87, 0x2a, 0x87, 0x2a, 0x87, 
	0x2a, 0x87, 0x2a, 0x87, 0x2a, 0x87, 0x2a, 0x87, 
	0x2a, 0xc7, 0x2a, 0xc7, 0x2a, 0xc7, 0x2a, 0x87, 
	0x2a, 0x87, 0x2a, 0x87, 0x2a, 0x87, 0x2a, 0x87, 
	0x2a, 0x87, 0x2a, 0x87, 0x2a, 0x47, 0x2a, 0x47, 
	0x2a, 0x47, 0x22, 0x45, 0x22, 0x45, 0x22, 0x05, 
	0x2a, 0x87, 0x2a, 0x87, 0x2a, 0x87, 0x2a, 0xc7, 
	0x2a, 0xc9, 0x2b, 0x09, 0x2b, 0x09, 0x2b, 0x09, 
	0x2b, 0x09, 0x2b, 0x09, 0x2b, 0x09, 0x2b, 0x09, 
	0x2b, 0x49, 0x33, 0x49, 0x33, 0x89, 0x33, 0x89, 
	0x3b, 0x4b, 0xae, 0xd7, 0xb6, 0xd9, 0xbe, 0xdd, 
	0xbf, 0x1d, 0xc7, 0x1d, 0xc7, 0x1f, 0xc7, 0x1f, 
	0xbe, 0xdd, 0xbe, 0xdb, 0xbe, 0xdd, 0xbe, 0xdd, 
	0xc6, 0xe3, 0xc6, 0xe7, 0xb6, 0x5f, 0x2b, 0x09, 
	0x2b, 0x09, 0x2b, 0x09, 0x2b, 0x09, 0x2b, 0x09, 
	0x2b, 0x09, 0x2a, 0xc9, 0x2a, 0x87, 0x2a, 0x87, 
	0x2a, 0x87, 0x2a, 0xc7, 0x2a, 0xc7, 0x2a, 0xc9, 
	0x2a, 0xc7, 0x2a, 0xc7, 0x2a, 0xc7, 0x2a, 0xc7, 
	0x2a, 0xc9, 0x2b, 0x09, 0x2b, 0x09, 0x2b, 0x09, 
	0x2b, 0x09, 0x2b, 0x09, 0x2a, 0xc9, 0x2a, 0xc9, 
	0x2a, 0xc9, 0x2a, 0xc7, 0x2a, 0xc7, 0x2a, 0xc7, 
	0x2a, 0x87, 0x2a, 0x87, 0x2a, 0x87, 0x2a, 0x87, 
	0x2a, 0xc9, 0x2a, 0xc9, 0x2a, 0xc9, 0x2b, 0x09, 
	0x2b, 0x09, 0x2b, 0x09, 0x2b, 0x09, 0x2b, 0x09, 
	0x2b, 0x09, 0x2b, 0x09, 0x2b, 0x49, 0x2b, 0x49, 
	0x33, 0x49, 0x33, 0x89, 0x33, 0x89, 0x7c, 0x95, 
	0x62, 0x57, 0x8c, 0xd9, 0x40, 0x1b, 0xcf, 0x2b, 
	0xcf, 0x29, 0xcf, 0x67, 0xbe, 0xdf, 0xb6, 0x99, 
	0xae, 0x93, 0xae, 0x93, 0xa6, 0x51, 0xa6, 0x53, 
	0xae, 0x59, 0xb6, 0x9b, 0xb6, 0x9d, 0xbe, 0x69, 
	0x2b, 0x09, 0x2b, 0x09, 0x2b, 0x09, 0x2b, 0x09, 
	0x2b, 0x09, 0x2b, 0x09, 0x2a, 0xc9, 0x2a, 0xc7, 
	0x2a, 0x87, 0x2a, 0xc7, 0x2a, 0xc9, 0x2b, 0x09, 
	0x2b, 0x09, 0x2b, 0x09, 0x2b, 0x09, 0x2b, 0x09, 
	0x2b, 0x09, 0x2b, 0x09, 0x2b, 0x49, 0x2b, 0x49, 
	0x2b, 0x49, 0x2b, 0x49, 0x2b, 0x49, 0x2b, 0x09, 
	0x2b, 0x09, 0x2b, 0x09, 0x2b, 0x09, 0x2b, 0x09, 
	0x2a, 0xc9, 0x2a, 0xc7, 0x2a, 0x87, 0x2a, 0x87, 
	0x2b, 0x49, 0x2b, 0x09, 0x2b, 0x09, 0x2b, 0x09, 
	0x2b, 0x09, 0x2b, 0x09, 0x2b, 0x09, 0x2b, 0x09, 
	0x2b, 0x09, 0x2b, 0x49, 0x33, 0x49, 0x33, 0x49, 
	0x33, 0x89, 0x33, 0x89, 0x8c, 0xdf, 0x84, 0x95, 
	0xc7, 0x25, 0xd4, 0xbf, 0x83, 0x63, 0xd7, 0x71, 
	0xd7, 0x6f, 0xc7, 0x29, 0xbe, 0xe1, 0xae, 0x57, 
	0x9e, 0x0f, 0x95, 0xcb, 0x95, 0xcb, 0x95, 0xcb, 
	0x9e, 0x13, 0xae, 0x9b, 0xae, 0x9b, 0xae, 0x5b, 
	0x42, 0xcd, 0x2b, 0x09, 0x2b, 0x09, 0x2b, 0x09, 
	0x2b, 0x09, 0x2b, 0x09, 0x2b, 0x09, 0x2a, 0xc9, 
	0x2a, 0xc7, 0x2a, 0x87, 0x2a, 0x87, 0x2a, 0xc9, 
	0x2b, 0x09, 0x2b, 0x09, 0x2b, 0x09, 0x2b, 0x09, 
	0x2b, 0x09, 0x2b, 0x49, 0x2b, 0x49, 0x33, 0x49, 
	0x33, 0x89, 0x33, 0x89, 0x33, 0x89, 0x33, 0x49, 
	0x33, 0x49, 0x33, 0x49, 0x2b, 0x49, 0x2b, 0x09, 
	0x2b, 0x09, 0x2a, 0xc9, 0x2a, 0xc7, 0x2a, 0x87, 
	0x33, 0x89, 0x33, 0x49, 0x2b, 0x49, 0x2b, 0x09, 
	0x2b, 0x09, 0x2b, 0x09, 0x2b, 0x09, 0x2b, 0x49, 
	0x2b, 0x49, 0x33, 0x49, 0x33, 0x89, 0x33, 0x89, 
	0x33, 0xc9, 0x33, 0xc9, 0xb6, 0x97, 0x9d, 0x9b, 
	0x20, 0x0d, 0x18, 0x0b, 0xd7, 0x71, 0xcf, 0x6f, 
	0xcf, 0x6f, 0xbe, 0xe5, 0xa6, 0x5b, 0x8d, 0x8d, 
	0x85, 0x83, 0x85, 0x43, 0x85, 0x45, 0x8d, 0x8d, 
	0x9e, 0x17, 0xae, 0x5d, 0xae, 0x9f, 0xae, 0x5d, 
	0x9e, 0x15, 0x2b, 0x09, 0x2b, 0x09, 0x2b, 0x09, 
	0x2b, 0x09, 0x2a, 0xc9, 0x2a, 0xc9, 0x2a, 0xc7, 
	0x2a, 0x87, 0x2a, 0x87, 0x2a, 0x87, 0x2a, 0xc7, 
	0x2a, 0xc9, 0x2b, 0x09, 0x2b, 0x09, 0x2b, 0x09, 
	0x2b, 0x49, 0x2b, 0x49, 0x33, 0x49, 0x33, 0x89, 
	0x33, 0x89, 0x33, 0x89, 0x33, 0x89, 0x33, 0x89, 
	0x33, 0x89, 0x33, 0x89, 0x33, 0x89, 0x2b, 0x49, 
	0x2b, 0x49, 0x2b, 0x09, 0x2b, 0x09, 0x2a, 0xc9, 
	0x33, 0x89, 0x33, 0x49, 0x2b, 0x49, 0x2b, 0x09, 
	0x2b, 0x09, 0x2b, 0x49, 0x2b, 0x49, 0x33, 0x49, 
	0x33, 0x89, 0x33, 0x89, 0x52, 0x0f, 0xa1, 0x93, 
	0x3b, 0xcb, 0x3c, 0x0b, 0x95, 0x93, 0xb6, 0xdb, 
	0x84, 0x9b, 0xcf, 0x2b, 0xc7, 0x2b, 0xbe, 0xe7, 
	0xae, 0x9f, 0x9e, 0x17, 0x85, 0x87, 0x85, 0x45, 
	0x75, 0x03, 0x74, 0xc1, 0x74, 0xc3, 0x85, 0x4d, 
	0x8d, 0x93, 0xa6, 0x1b, 0xb6, 0x61, 0xae, 0x61, 
	0xae, 0x5b, 0x95, 0x5b, 0x2b, 0x09, 0x2b, 0x09, 
	0x2b, 0x09, 0x2a, 0xc9, 0x2a, 0xc7, 0x2a, 0x87, 
	0x2a, 0x87, 0x2a, 0x87, 0x2a, 0xc7, 0x2a, 0xc9, 
	0x2b, 0x09, 0x2b, 0x09, 0x2b, 0x09, 0x2b, 0x49, 
	0x33, 0x49, 0x33, 0x49, 0x33, 0x89, 0x33, 0x89, 
	0x33, 0x89, 0x33, 0x89, 0x33, 0x89, 0x33, 0x89, 
	0x33, 0x89, 0x33, 0x89, 0x33, 0x89, 0x33, 0x89, 
	0x33, 0x49, 0x2b, 0x49, 0x2b, 0x09, 0x2b, 0x09, 
	0x2b, 0x49, 0x2b, 0x49, 0x2b, 0x09, 0x2b, 0x09, 
	0x2b, 0x49, 0x2b, 0x49, 0x33, 0x49, 0x33, 0x89, 
	0x33, 0x89, 0x2a, 0xc9, 0x69, 0x91, 0x8a, 0xdb, 
	0x31, 0xcb, 0x3c, 0x0b, 0xb6, 0xdb, 0xb6, 0xd9, 
	0xae, 0x97, 0xae, 0x9b, 0x9e, 0x17, 0x9e, 0x17, 
	0x95, 0x91, 0x7d, 0x45, 0x7d, 0x01, 0x7d, 0x05, 
	0x74, 0xc1, 0x74, 0x81, 0x6c, 0x81, 0x7d, 0x0d, 
	0x8d, 0x91, 0x9d, 0xd9, 0xa6, 0x1d, 0xae, 0x5d, 
	0xae, 0x5b, 0x9d, 0xd5, 0x2b, 0x09, 0x2b, 0x09, 
	0x2b, 0x09, 0x2b, 0x09, 0x2b, 0x09, 0x2a, 0xc9, 
	0x2a, 0xc9, 0x2a, 0xc7, 0x2a, 0xc9, 0x2b, 0x09, 
	0x2b, 0x09, 0x2b, 0x49, 0x2b, 0x49, 0x33, 0x49, 
	0x33, 0x49, 0x33, 0x89, 0x33, 0x89, 0x33, 0xc9, 
	0x33, 0xc9, 0x33, 0xc9, 0x33, 0xc9, 0x33, 0xc9, 
	0x33, 0x89, 0x33, 0x89, 0x33, 0x89, 0x33, 0x89, 
	0x33, 0x89, 0x33, 0x49, 0x2b, 0x49, 0x2b, 0x09, 
	0x2b, 0x49, 0x2b, 0x49, 0x2b, 0x49, 0x2b, 0x49, 
	0x33, 0x49, 0x33, 0x89, 0x33, 0x89, 0x33, 0x89, 
	0xa3, 0x1d, 0x78, 0x0b, 0x88, 0x4f, 0xd4, 0xe9, 
	0xa1, 0xd7, 0x90, 0x51, 0x94, 0x5b, 0xb6, 0xd7, 
	0xae, 0x91, 0x9e, 0x11, 0x8d, 0x8b, 0x85, 0x85, 
	0x7d, 0x01, 0x7d, 0x03, 0x74, 0xc1, 0x6c, 0x81, 
	0x6c, 0x81, 0x74, 0x81, 0x6c, 0x81, 0x74, 0xc7, 
	0x85, 0x51, 0x95, 0x95, 0x9d, 0xdb, 0xae, 0x5f, 
	0xae, 0x5b, 0x9e, 0x19, 0x2b, 0x49, 0x2b, 0x49, 
	0x2b, 0x49, 0x2b, 0x49, 0x2b, 0x49, 0x2b, 0x09, 
	0x2b, 0x09, 0x2b, 0x09, 0x2b, 0x09, 0x2b, 0x09, 
	0x2b, 0x49, 0x2b, 0x49, 0x33, 0x49, 0x33, 0x89, 
	0x33, 0x89, 0x33, 0x89, 0x33, 0xc9, 0x33, 0xc9, 
	0x3b, 0xcb, 0x3c, 0x0b, 0x3c, 0x0b, 0x3b, 0xcb, 
	0x33, 0xc9, 0x33, 0x89, 0x33, 0x89, 0x33, 0x89, 
	0x33, 0x89, 0x33, 0x49, 0x2b, 0x49, 0x2b, 0x49, 
	0x33, 0x49, 0x33, 0x49, 0x33, 0x49, 0x33, 0x89, 
	0x33, 0x89, 0x33, 0x89, 0x9c, 0xa3, 0xa1, 0xd9, 
	0x98, 0x57, 0xa8, 0x59, 0xb9, 0x5d, 0xe5, 0x2f, 
	0xe4, 0xed, 0xc1, 0xdd, 0xa8, 0x55, 0x90, 0x13, 
	0xae, 0x93, 0x9d, 0xcd, 0x95, 0x87, 0x8d, 0x43, 
	0x7d, 0x01, 0x74, 0xc1, 0x64, 0x41, 0x64, 0x41, 
	0x64, 0x41, 0x6c, 0x81, 0x6c, 0x41, 0x6c, 0x81, 
	0x74, 0x85, 0x85, 0x0f, 0x95, 0xd7, 0xa6, 0x19, 
	0x9e, 0x15, 0xae, 0x5b, 0xdf, 0x71, 0xd7, 0x2d, 
	0xcf, 0x2b, 0x5b, 0x13, 0x33, 0x49, 0x33, 0x4b, 
	0x9d, 0xd7, 0xbe, 0xe7, 0xd7, 0x71, 0xdf, 0x71, 
	0xd7, 0x2f, 0xd7, 0x2d, 0x84, 0x5b, 0xdf, 0x6f, 
	0xdf, 0x6f, 0xc6, 0xeb, 0x33, 0xc9, 0x3b, 0xcb, 
	0x3c, 0x0b, 0x3c, 0x0b, 0x3c, 0x0b, 0x33, 0xc9, 
	0x33, 0xc9, 0x33, 0x89, 0x33, 0x89, 0x33, 0x89, 
	0x33, 0x49, 0x2b, 0x49, 0x2b, 0x49, 0x2b, 0x09, 
	0x33, 0x89, 0x33, 0x89, 0x33, 0x89, 0x33, 0x89, 
	0x33, 0x89, 0x53, 0xd1, 0xa2, 0x5b, 0x90, 0x97, 
	0xb1, 0x1d, 0xc1, 0xa3, 0xd2, 0xe7, 0xed, 0x73, 
	0xe5, 0x2f, 0xd2, 0xa5, 0xb8, 0x9b, 0xb0, 0x9b, 
	0x88, 0x55, 0x95, 0xcd, 0x8d, 0x45, 0x7d, 0x01, 
	0x6c, 0x81, 0x64, 0x41, 0x53, 0xc1, 0x53, 0xc1, 
	0x4b, 0x81, 0x5b, 0xc1, 0x5b, 0xc1, 0x64, 0x01, 
	0x6c, 0x81, 0x7d, 0x0d, 0x85, 0x4d, 0x95, 0xd3, 
	0x9d, 0xd3, 0x8c, 0xdb, 0xcf, 0x25, 0xcf, 0x25, 
	0xd7, 0x29, 0xd7, 0x2d, 0xbe, 0xe5, 0xb6, 0xd9, 
	0xbe, 0xdd, 0xc7, 0x23, 0xcf, 0x27, 0xc7, 0x25, 
	0xcf, 0x27, 0xcf, 0x27, 0xd7, 0x2b, 0xae, 0x61, 
	0xbe, 0xe1, 0xcf, 0x27, 0xc6, 0xe5, 0x4b, 0xcf, 
	0x3c, 0x0b, 0x3c, 0x0b, 0x33, 0xc9, 0x33, 0xc9, 
	0x33, 0x89, 0x33, 0x89, 0x33, 0x89, 0x33, 0x89, 
	0x33, 0x89, 0x33, 0x49, 0x2b, 0x49, 0x2b, 0x49, 
	0x33, 0x89, 0x33, 0x89, 0x33, 0x89, 0x33, 0x89, 
	0x33, 0x89, 0xa3, 0xa3, 0x70, 0x8f, 0x80, 0x53, 
	0x98, 0x99, 0xa8, 0xdd, 0xc1, 0xa3, 0xc1, 0x63, 
	0xb9, 0x61, 0xb9, 0x1f, 0xb0, 0x9d, 0xa0, 0x57, 
	0x88, 0x53, 0x8d, 0x8f, 0x85, 0x47, 0x6c, 0x81, 
	0x64, 0x41, 0x53, 0xc1, 0x4b, 0x81, 0x4b, 0x41, 
	0x4b, 0x41, 0x4b, 0x81, 0x5b, 0xc1, 0x64, 0x41, 
	0x6c, 0x81, 0x85, 0x09, 0x8d, 0x8d, 0x95, 0xd3, 
	0x9e, 0x15, 0xb6, 0xdb, 0xae, 0x97, 0xae, 0x95, 
	0xa6, 0x53, 0xae, 0x59, 0xb6, 0x9f, 0xb6, 0x5f, 
	0xcf, 0x27, 0xbe, 0xdf, 0xb6, 0x99, 0xae, 0x93, 
	0xa6, 0x51, 0xa6, 0x53, 0xae, 0x59, 0xb6, 0x9f, 
	0xad, 0xe1, 0xa6, 0x53, 0xae, 0x99, 0xae, 0x5d, 
	0x3c, 0x0b, 0x3c, 0x0b, 0x3c, 0x0b, 0x3b, 0xcb, 
	0x33, 0xc9, 0x33, 0x89, 0x33, 0x89, 0x33, 0x89, 
	0x33, 0x89, 0x33, 0x89, 0x33, 0x89, 0x33, 0x49, 
	0x33, 0x89, 0x33, 0x89, 0x33, 0x89, 0x33, 0x89, 
	0x33, 0x89, 0x93, 0xe1, 0x71, 0x13, 0x70, 0x51, 
	0x80, 0x53, 0x90, 0xd9, 0xa9, 0x5f, 0xc2, 0x65, 
	0xb9, 0xe1, 0xb1, 0x5d, 0x98, 0x99, 0x88, 0x53, 
	0x68, 0x4d, 0x95, 0x91, 0x85, 0x49, 0x7d, 0x01, 
	0x64, 0x41, 0x5c, 0x01, 0x4b, 0x81, 0x4b, 0x81, 
	0x4b, 0x81, 0x53, 0xc1, 0x5b, 0xc1, 0x64, 0x41, 
	0x74, 0xc3, 0x85, 0x4d, 0x8d, 0x8f, 0x95, 0xd3, 
	0x95, 0x5b, 0xa6, 0x55, 0x9e, 0x0d, 0x95, 0xcb, 
	0x95, 0xcb, 0x9e, 0x13, 0xae, 0x5b, 0xae, 0x5b, 
	0x9d, 0x5f, 0xbe, 0xe5, 0xa6, 0x55, 0x95, 0xcb, 
	0x95, 0xcb, 0x8d, 0x89, 0x9e, 0x15, 0xae, 0x5b, 
	0xae, 0x5b, 0x53, 0x0d, 0xae, 0x5b, 0xae, 0x9d, 
	0x7c, 0x91, 0x3c, 0x0b, 0x3c, 0x0b, 0x3c, 0x0b, 
	0x3b, 0xcb, 0x33, 0xc9, 0x33, 0x89, 0x33, 0x89, 
	0x33, 0x89, 0x33, 0x89, 0x33, 0x89, 0x33, 0x49, 
	0xb5, 0xad, 0xad, 0x6b, 0x63, 0x19, 0x73, 0x9d, 
	0x8c, 0x63, 0x5a, 0xd7, 0x93, 0x61, 0x68, 0x91, 
	0x70, 0x93, 0x88, 0xd7, 0x91, 0x1b, 0x99, 0x5b, 
	0x80, 0x95, 0x78, 0x93, 0x70, 0x93, 0x60, 0xcf, 
	0x8d, 0x95, 0x95, 0xd3, 0x85, 0x4f, 0x7d, 0x09, 
	0x64, 0x41, 0x53, 0xc1, 0x4b, 0x81, 0x43, 0x81, 
	0x4b, 0x81, 0x4b, 0xc1, 0x64, 0x41, 0x64, 0x81, 
	0x74, 0xc7, 0x7d, 0x0d, 0x8d, 0x91, 0x63, 0x91, 
	0xae, 0x9f, 0x8d, 0x8b, 0x85, 0x43, 0x7d, 0x41, 
	0x8d, 0x8b, 0x9d, 0xd9, 0xa6, 0x5d, 0xb6, 0xa3, 
	0x9e, 0x17, 0x95, 0x99, 0x85, 0x87, 0x7d, 0x01, 
	0x85, 0x45, 0x85, 0x4b, 0x9d, 0xd7, 0xae, 0x61, 
	0xae, 0x61, 0xa6, 0x17, 0xa6, 0x1b, 0xb6, 0x61, 
	0xae, 0x59, 0x29, 0xc9, 0x5c, 0x15, 0x43, 0x4f, 
	0x53, 0xd3, 0x6c, 0x97, 0x64, 0x57, 0x5c, 0x15, 
	0x4b, 0x51, 0x43, 0x4f, 0x4b, 0x91, 0x2a, 0x49, 
	0x9c, 0xe7, 0x94, 0xa5, 0x5a, 0xd7, 0x73, 0x9d, 
	0x73, 0x9d, 0x8c, 0x63, 0x39, 0xcf, 0x42, 0x11, 
	0x41, 0x8f, 0xa3, 0x21, 0x9a, 0xe1, 0x9a, 0xdf, 
	0x9b, 0x1f, 0x8b, 0x1d, 0x63, 0x19, 0x4a, 0x53, 
	0x5a, 0xd7, 0x4b, 0x0d, 0x8d, 0x95, 0x7d, 0x51, 
	0x6c, 0xcb, 0x64, 0x45, 0x54, 0x01, 0x53, 0xc1, 
	0x54, 0x01, 0x5c, 0x41, 0x64, 0x43, 0x74, 0xc9, 
	0x7d, 0x0d, 0x74, 0x93, 0xa6, 0x5b, 0x9e, 0x17, 
	0x7d, 0x01, 0x75, 0x03, 0x74, 0xc1, 0x74, 0xc1, 
	0x7d, 0x07, 0x8d, 0x93, 0x9e, 0x19, 0xa6, 0x1d, 
	0xae, 0x5d, 0xa6, 0x15, 0x7d, 0x05, 0x74, 0x81, 
	0x74, 0xc1, 0x7d, 0x0b, 0x8d, 0x93, 0xa6, 0x1b, 
	0xae, 0x1d, 0xae, 0x5b, 0xa5, 0xdd, 0xae, 0x5d, 
	0xae, 0x5d, 0x9d, 0x5d, 0x52, 0x95, 0x42, 0x11, 
	0x6b, 0x5b, 0xad, 0x6b, 0x94, 0xa5, 0xa5, 0x29, 
	0x31, 0x8d, 0x84, 0x21, 0x84, 0x21, 0x42, 0x11, 
	0x8c, 0x63, 0x94, 0xa5, 0xa5, 0x29, 0x73, 0x9d, 
	0x63, 0x19, 0x8c, 0x63, 0x7b, 0xdf, 0x29, 0x4b, 
	0x5a, 0xd7, 0x6b, 0x5b, 0x63, 0x19, 0x29, 0x4b, 
	0x73, 0x9d, 0x63, 0x19, 0x31, 0x8d, 0x52, 0x95, 
	0x6b, 0x5b, 0xa5, 0x29, 0x8c, 0x63, 0x8c, 0x63, 
	0x74, 0x95, 0x75, 0x11, 0x6c, 0xcd, 0x6c, 0x8b, 
	0x6c, 0xcd, 0x75, 0x0f, 0x85, 0x51, 0x6c, 0x53, 
	0xa6, 0x91, 0x9e, 0x0f, 0x8d, 0x8b, 0x7d, 0x03, 
	0x74, 0xc1, 0x6c, 0x81, 0x6c, 0x81, 0x6c, 0x81, 
	0x7c, 0xc5, 0x85, 0x0f, 0x95, 0x97, 0xa6, 0x1b, 
	0xa6, 0x5b, 0x9e, 0x17, 0x64, 0x41, 0x6c, 0x81, 
	0x6c, 0x81, 0x74, 0xc5, 0x8d, 0x51, 0x9d, 0xd7, 
	0xae, 0x5d, 0xa6, 0x5b, 0xae, 0x1d, 0xa6, 0x19, 
	0x9d, 0xd5, 0x94, 0xdf, 0x6b, 0x5b, 0x63, 0x19, 
	0x9c, 0xe7, 0x8c, 0x63, 0x94, 0xa5, 0xa5, 0x29, 
	0x6b, 0x5b, 0x6b, 0x5b, 0x6b, 0x5b, 0x63, 0x19, 
	0x22, 0x05, 0x2a, 0x87, 0x33, 0x89, 0x2b, 0x09, 
	0x2b, 0x09, 0x2a, 0xc7, 0x2a, 0xc7, 0x3c, 0x0b, 
	0x33, 0xcb, 0x44, 0x8b, 0x4d, 0x0d, 0x44, 0x4b, 
	0x33, 0x89, 0x33, 0x89, 0x2b, 0x09, 0x33, 0x49, 
	0x2b, 0x49, 0x33, 0xc9, 0x2b, 0x09, 0x2a, 0xc7, 
	0x22, 0x05, 0x21, 0xc5, 0x22, 0x05, 0x2a, 0x87, 
	0x2a, 0x87, 0x22, 0x07, 0x5b, 0x93, 0xb6, 0xdd, 
	0xae, 0x93, 0x95, 0xcb, 0x8d, 0x41, 0x7d, 0x01, 
	0x6c, 0x81, 0x64, 0x41, 0x64, 0x41, 0x64, 0x41, 
	0x6c, 0x41, 0x74, 0x85, 0x85, 0x0f, 0x9e, 0x19, 
	0xa6, 0x17, 0xa6, 0x17, 0x64, 0x01, 0x5b, 0xc1, 
	0x64, 0x01, 0x6c, 0x41, 0x6c, 0x85, 0x85, 0x0f, 
	0x95, 0xd5, 0x9e, 0x17, 0x49, 0x43, 0xb4, 0x8d, 
	0x9e, 0x15, 0x29, 0x4b, 0x4a, 0x53, 0x5a, 0xd7, 
	0x94, 0xa5, 0xa5, 0x29, 0x84, 0x21, 0x9c, 0xe7, 
	0x9c, 0xe7, 0x7b, 0xdf, 0x6b, 0x5b, 0x4a, 0x53, 
	0x19, 0x45, 0x19, 0xc5, 0x22, 0x45, 0x33, 0x09, 
	0x33, 0x49, 0x44, 0x8d, 0x33, 0x8b, 0x4c, 0xcd, 
	0x4d, 0x4d, 0x4d, 0x0d, 0x55, 0x4d, 0x4c, 0xcd, 
	0x4c, 0xcd, 0x44, 0x4b, 0x44, 0x4b, 0x3c, 0x4b, 
	0x3c, 0x0b, 0x33, 0x89, 0x33, 0x49, 0x3c, 0x0b, 
	0x33, 0x49, 0x2b, 0x09, 0x3c, 0x09, 0x3c, 0x0b, 
	0x44, 0x4b, 0x44, 0x4b, 0x3c, 0x0b, 0xb6, 0x9f, 
	0xa6, 0x55, 0x8d, 0x8b, 0x7d, 0x01, 0x64, 0x41, 
	0x53, 0xc1, 0x4b, 0x81, 0x4b, 0x81, 0x69, 0x01, 
	0xda, 0x01, 0x84, 0x01, 0x7d, 0x09, 0x95, 0x91, 
	0x9d, 0xd3, 0x74, 0x91, 0x4b, 0x81, 0x4b, 0x81, 
	0x53, 0xc1, 0x40, 0xc1, 0x89, 0x41, 0xd3, 0x03, 
	0x95, 0x91, 0x9e, 0x13, 0x38, 0x81, 0x69, 0x01, 
	0xb1, 0xc1, 0xea, 0x41, 0x44, 0x4b, 0x3b, 0xcb, 
	0x3c, 0x09, 0x44, 0x4b, 0x4b, 0x13, 0x6b, 0xd9, 
	0x73, 0x9d, 0x31, 0x8d, 0x63, 0x19, 0x39, 0xcf, 
	0x2b, 0x49, 0x33, 0x89, 0x33, 0x89, 0x33, 0xcb, 
	0x33, 0x89, 0x44, 0x4b, 0x3c, 0x0b, 0x44, 0x4b, 
	0x44, 0x8d, 0x3c, 0x4b, 0x3b, 0xcb, 0x44, 0x4b, 
	0x4c, 0xcd, 0x44, 0x8b, 0x4c, 0xcd, 0x44, 0x8b, 
	0x4c, 0xcd, 0x44, 0x8b, 0x44, 0xcb, 0x4c, 0xcd, 
	0x4c, 0xcd, 0x44, 0x8b, 0x4c, 0xcd, 0x44, 0x4b, 
	0x4c, 0xcb, 0x44, 0x8d, 0x3c, 0x0b, 0xa5, 0xdb, 
	0xa6, 0x55, 0x95, 0x8f, 0x7d, 0x03, 0x64, 0x41, 
	0x53, 0xc1, 0x4b, 0x41, 0x4b, 0x81, 0x38, 0x81, 
	0xa1, 0x81, 0xf2, 0x41, 0x85, 0x49, 0x95, 0x91, 
	0x9e, 0x17, 0x53, 0xc1, 0x4b, 0x81, 0x4b, 0x81, 
	0x5b, 0xc1, 0x5b, 0x81, 0x40, 0x81, 0x89, 0x81, 
	0xdb, 0x45, 0x6c, 0xc5, 0x7d, 0x4d, 0x6b, 0xcf, 
	0x38, 0x81, 0x58, 0xc1, 0x9a, 0x03, 0x19, 0xc5, 
	0x22, 0x07, 0x2a, 0xc9, 0x33, 0x89, 0x2a, 0xc7, 
	0x33, 0x49, 0x22, 0x45, 0x2a, 0x87, 0x3b, 0xc9, 
	0x2a, 0x47, 0x22, 0x05, 0x21, 0xc5, 0x19, 0x85, 
	0x22, 0x47, 0x22, 0x45, 0x22, 0x05, 0x19, 0xc5, 
	0x19, 0x85, 0x2a, 0x87, 0x33, 0x49, 0x33, 0x49, 
	0x2a, 0x87, 0x22, 0x05, 0x22, 0x05, 0x22, 0x47, 
	0x2a, 0xc9, 0x33, 0x49, 0x3c, 0x4b, 0x44, 0x8b, 
	0x33, 0xcb, 0x33, 0x89, 0x3c, 0x4b, 0x3c, 0x4b, 
	0x3c, 0x0b, 0x44, 0x4b, 0x44, 0x4b, 0x3b, 0xcb, 
	0x95, 0xd5, 0x95, 0x93, 0x7d, 0x0b, 0x64, 0x41, 
	0x53, 0xc1, 0x43, 0x41, 0x4b, 0x81, 0x53, 0xc1, 
	0x50, 0xc1, 0xb1, 0xc1, 0xa3, 0x05, 0x8d, 0x93, 
	0x64, 0x41, 0x53, 0xc1, 0x4b, 0xc1, 0x53, 0xc1, 
	0x5c, 0x41, 0x6c, 0x87, 0x74, 0xc9, 0x48, 0xc1, 
	0xa9, 0x81, 0xa2, 0xc7, 0xe8, 0x01, 0xf0, 0x01, 
	0x38, 0x81, 0x58, 0xc1, 0xa2, 0x03, 0x21, 0xc5, 
	0x22, 0x07, 0x19, 0x85, 0x22, 0x05, 0x2a, 0x87, 
	0x19, 0xc5, 0x22, 0x05, 0x2a, 0x47, 0x19, 0x85, 
	0x2a, 0x47, 0x22, 0x05, 0x22, 0x45, 0x33, 0x49, 
	0x2a, 0x87, 0x22, 0x05, 0x19, 0x85, 0x22, 0x47, 
	0x2a, 0x87, 0x2a, 0x47, 0x2a, 0x47, 0x22, 0x05, 
	0x22, 0x45, 0x22, 0x47, 0x22, 0x47, 0x2a, 0xc7, 
	0x33, 0xc9, 0x3c, 0x4b, 0x44, 0x4b, 0x44, 0x8b, 
	0x44, 0x4b, 0x33, 0x89, 0x33, 0x89, 0x3c, 0x4b, 
	0x44, 0x8b, 0x3c, 0x0b, 0x3b, 0xc9, 0x3c, 0x4b, 
	0x44, 0x4b, 0x5b, 0xd1, 0x8d, 0x95, 0x6c, 0xcd, 
	0x64, 0x45, 0x6b, 0x41, 0x6b, 0xc1, 0x64, 0x83, 
	0x61, 0x01, 0xc1, 0xc1, 0x50, 0x83, 0x41, 0x45, 
	0x8d, 0x95, 0x74, 0xcd, 0x6c, 0x8b, 0x88, 0x01, 
	0xa8, 0x01, 0xb8, 0x01, 0xd0, 0x01, 0x80, 0xc1, 
	0xca, 0x01, 0xa8, 0x01, 0xb0, 0x01, 0xa8, 0x01, 
	0xb8, 0x01, 0xd0, 0x01, 0xe8, 0x01, 0xf0, 0x01, 
	0x19, 0x83, 0x2a, 0x87, 0x2a, 0x87, 0x2a, 0x87, 
	0x22, 0x47, 0x19, 0x85, 0x22, 0x05, 0x2a, 0xc9, 
	0x2a, 0x87, 0x2a, 0xc9, 0x22, 0x47, 0x19, 0xc5, 
	0x22, 0x07, 0x22, 0x07, 0x33, 0x49, 0x44, 0x4b, 
	0x3c, 0x4b, 0x44, 0x4b, 0x33, 0xc9, 0x3c, 0x4b, 
	0x3c, 0x4b, 0x3c, 0x09, 0x3b, 0xcb, 0x33, 0x49, 
	0x3b, 0xc9, 0x44, 0x4b, 0x33, 0xcb, 0x2b, 0x09, 
	0x2b, 0x09, 0x2a, 0xc7, 0x33, 0x89, 0x44, 0x8b, 
	0x4c, 0xcd, 0x4c, 0xcd, 0x33, 0x89, 0x2b, 0x09, 
	0x41, 0x85, 0x80, 0x01, 0xa0, 0x01, 0x68, 0x01, 
	0x88, 0x01, 0xb0, 0x01, 0xc8, 0x01, 0xd8, 0x01, 
	0xe8, 0x01, 0xe8, 0x01, 0x70, 0x01, 0x98, 0x01, 
	0xb0, 0x01, 0xb0, 0x01, 0x68, 0x01, 0x88, 0x01, 
	0xa0, 0x01, 0xb0, 0x01, 0xc8, 0x01, 0xe0, 0x01, 
	0xf0, 0x01, 0x48, 0x01, 0x70, 0x01, 0x88, 0x01, 
	0xa0, 0x01, 0xb8, 0x01, 0xd8, 0x01, 0xe8, 0x01, 
	0xc9, 0x45, 0x4c, 0xcd, 0x3c, 0x0b, 0x33, 0x89, 
	0x33, 0x89, 0x2a, 0xc7, 0x22, 0x45, 0x22, 0x45, 
	0x33, 0x49, 0x33, 0xcb, 0x44, 0x4b, 0x33, 0x89, 
	0x22, 0x47, 0x22, 0x45, 0x22, 0x45, 0x22, 0x47, 
	0x22, 0x05, 0x2a, 0x87, 0x22, 0x05, 0x2a, 0xc7, 
	0x33, 0x09, 0x33, 0x89, 0x3c, 0x4b, 0x3c, 0x4b, 
	0x44, 0x4b, 0x44, 0x8b, 0x44, 0x4b, 0x4d, 0x0d, 
	0x44, 0x4b, 0x3c, 0x0b, 0x44, 0x4b, 0x3c, 0x0b, 
	0x3c, 0x0b, 0x3c, 0x4b, 0x33, 0x89, 0x38, 0x01, 
	0x50, 0x01, 0x70, 0x01, 0x68, 0x01, 0x50, 0x01, 
	0x58, 0x01, 0x60, 0x01, 0x78, 0x01, 0xa0, 0x01, 
	0xb0, 0x01, 0xd0, 0x01, 0xe8, 0x01, 0x58, 0x01, 
	0x68, 0x01, 0x38, 0x01, 0x40, 0x01, 0x48, 0x01, 
	0x40, 0x01, 0x60, 0x01, 0x78, 0x01, 0x98, 0x01, 
	0xb8, 0x01, 0xd8, 0x01, 0x58, 0x01, 0x78, 0x01, 
	0x90, 0x01, 0xa8, 0x01, 0xa8, 0x01, 0xa0, 0x01, 
	0x78, 0x41, 0x19, 0xc5, 0x22, 0x47, 0x2a, 0xc7, 
	0x2a, 0x87, 0x22, 0x05, 0x19, 0x43, 0x2a, 0x87, 
	0x2a, 0xc9, 0x22, 0x47, 0x19, 0x85, 0x19, 0x85, 
	0x19, 0xc5, 0x22, 0x47, 0x22, 0x47, 0x22, 0x47, 
	0x22, 0x05, 0x22, 0x47, 0x2a, 0xc7, 0x33, 0x47, 
	0x2a, 0xc9, 0x2a, 0x87, 0x22, 0x47, 0x19, 0x43, 
	0x19, 0x43, 0x22, 0x47, 0x22, 0x47, 0x2a, 0x87, 
	0x22, 0x05, 0x22, 0x05, 0x19, 0xc5, 0x19, 0x45, 
	0x11, 0x03, 0x10, 0xc3, 0x11, 0x03, 0x38, 0x01, 
	0x40, 0x01, 0x48, 0x01, 0x48, 0x01, 0x60, 0x01, 
	0x50, 0x01, 0x38, 0x01, 0x50, 0x01, 0x78, 0x01, 
	0x68, 0x01, 0x88, 0x01, 0xa0, 0x01, 0x08, 0x83, 
	0x08, 0x83, 0x08, 0xc3, 0x08, 0xc3, 0x08, 0xc3, 
	0x08, 0xc3, 0x38, 0x01, 0x50, 0x01, 0x68, 0x01, 
	0x88, 0x01, 0x88, 0x01, 0x08, 0x83, 0x08, 0xc3, 
	0x08, 0xc3, 0x08, 0xc3, 0x08, 0x83, 0x08, 0x83, 
	0x08, 0xc3, 0x11, 0x03, 0x11, 0x43, 0x19, 0xc5, 
	0x22, 0x05, 0x2a, 0x47, 0x2a, 0x87, 0x2a, 0xc9, 
	0x2a, 0x87, 0x2a, 0x47, 0x2a, 0x87, 0x2b, 0x07, 
	0x33, 0x09, 0x33, 0x09, 0x2a, 0xc9, 0x2a, 0x87, 
	0x2a, 0x87, 0x2a, 0x87, 0x22, 0x45, 0x2a, 0x47, 
	0x22, 0x05, 0x22, 0x05, 0x2b, 0x07, 0x33, 0x09, 
	0x2a, 0xc7, 0x22, 0x47, 0x1a, 0x07, 0x11, 0x03, 
	0x10, 0xc3, 0x11, 0x03, 0x10, 0xc3, 0x10, 0xc3, 
	0x10, 0xc3, 0x08, 0xc3, 0x08, 0xc3, 0x08, 0x83, 
	0x08, 0xc3, 0x08, 0xc3, 0x08, 0x83, 0x08, 0x83, 
	0x08, 0x41, 0x08, 0x41, 0x00, 0x41, 0x00, 0x41, 
	0x08, 0x41, 0x48, 0x01, 0x68, 0x01, 0x08, 0x83, 
	0x08, 0x83, 0x08, 0x83, 0x08, 0x83, 0x08, 0x83, 
	0x08, 0x83, 0x08, 0x83, 0x08, 0xc3, 0x08, 0xc3, 
	0x11, 0x03, 0x11, 0x03, 0x11, 0x03, 0x11, 0x03, 
	0x11, 0x43, 0x11, 0x45, 0x11, 0x45, 0x11, 0x45, 
	0x19, 0xc5, 0x22, 0x47, 0x22, 0x47, 0x22, 0x45, 
	0x22, 0x05, 0x21, 0xc5, 0x19, 0x85, 0x22, 0x07, 
	0x2a, 0xc7, 0x2a, 0x87, 0x2a, 0x87, 0x33, 0x49, 
	0x3b, 0xc9, 0x3c, 0x0b, 0x2b, 0x07, 0x22, 0x45, 
	0x22, 0x05, 0x22, 0x05, 0x22, 0x45, 0x22, 0x05, 
	0x22, 0x47, 0x33, 0x49, 0x3c, 0x09, 0x2a, 0xc9, 
	0x22, 0x45, 0x2a, 0x87, 0x2a, 0x87, 0x2a, 0x87, 
	0x22, 0x47, 0x21, 0xc5, 0x19, 0xc5, 0x19, 0x45, 
	0x08, 0xc3, 0x11, 0x03, 0x11, 0x03, 0x10, 0xc3, 
	0x10, 0xc3, 0x11, 0x03, 0x11, 0x03, 0x11, 0x03, 
	0x11, 0x03, 0x08, 0x83, 0x08, 0x83, 0x11, 0x03, 
	0x11, 0x45, 0x11, 0x45, 0x11, 0x43, 0x11, 0x45, 
	0x19, 0x85, 0x19, 0x85, 0x19, 0x85, 0x11, 0x45, 
	0x11, 0x43, 0x11, 0x45, 0x1a, 0x05, 0x33, 0x09, 
	0x33, 0x89, 0x33, 0x89, 0x44, 0x8b, 0x55, 0x4d, 
	0x4d, 0x0d, 0x3c, 0x0b, 0x3c, 0x0b, 0x44, 0x8b, 
	0x3b, 0xc9, 0x33, 0xc9, 0x33, 0x89, 0x33, 0x49, 
	0x33, 0x89, 0x2b, 0x09, 0x2b, 0x49, 0x33, 0xcb, 
	0x2a, 0xc7, 0x33, 0x89, 0x2b, 0x49, 0x4c, 0xcd, 
	0x4c, 0xcd, 0x3c, 0x0b, 0x2b, 0x09, 0x22, 0x05, 
	0x19, 0x85, 0x19, 0x85, 0x22, 0x47, 0x2a, 0xc7, 
	0x22, 0x45, 0x2a, 0x47, 0x22, 0x05, 0x2a, 0x87, 
	0x22, 0x07, 0x22, 0x47, 0x22, 0x87, 0x2a, 0x87, 
	0x22, 0x47, 0x22, 0x05, 0x22, 0x05, 0x21, 0xc5, 
	0x2a, 0x87, 0x22, 0x05, 0x21, 0xc5, 0x19, 0x85, 
	0x11, 0x43, 0x19, 0x85, 0x21, 0xc5, 0x19, 0x85, 
	0x21, 0xc5, 0x22, 0x87, 0x2b, 0x09, 0x33, 0x49, 
	0x44, 0x4b, 0x44, 0x8b, 0x33, 0xc9, 0x44, 0x4b, 
	0x55, 0x8f, 0x55, 0x4d, 0x4d, 0x0d, 0x44, 0x8b, 
	0x4d, 0x0d, 0x55, 0x8f, 0x55, 0x0f, 0x55, 0x4f, 
	0x5d, 0x8f, 0x4d, 0x0d, 0x44, 0x8b, 0x3c, 0x4b, 
	0x3c, 0x0b, 0x44, 0x8b, 0x3c, 0x4b, 0x3c, 0x0b, 
	0x33, 0x89, 0x2a, 0xc7, 0x2b, 0x09, 0x3c, 0x4b, 
	0x44, 0x8b, 0x3c, 0x4b, 0x33, 0x89, 0x2a, 0xc9, 
	0x33, 0x89, 0x3c, 0x0b, 0x44, 0x4b, 0x4c, 0xcd, 
	0x4c, 0xcd, 0x3b, 0xc9, 0x4c, 0xcd, 0x4d, 0x0d, 
	0x55, 0x0f, 0x44, 0x4b, 0x3c, 0x0b, 0x44, 0x4b, 
	0x3c, 0x09, 0x33, 0x49, 0x2b, 0x09, 0x2a, 0xc9, 
	0x19, 0xc5, 0x11, 0x03, 0x11, 0x43, 0x22, 0x47, 
	0x2a, 0x87, 0x2a, 0x87, 0x22, 0x47, 0x22, 0x47, 
	0x11, 0x43, 0x19, 0x45, 0x19, 0xc5, 0x22, 0x45, 
	0x22, 0x87, 0x2a, 0x87, 0x2b, 0x07, 0x33, 0x49, 
	0x33, 0x49, 0x4c, 0x8d, 0x44, 0x4b, 0x4c, 0x8b, 
	0x44, 0x4b, 0x44, 0x4b, 0x44, 0x8b, 0x44, 0x8b, 
	0x4c, 0x8b, 0x4c, 0xcb, 0x4d, 0x0d, 0x3c, 0x4b, 
	0x3c, 0x0b, 0x33, 0x8b, 0x2b, 0x09, 0x33, 0xcb, 
	0x2b, 0x49, 0x33, 0xc9, 0x44, 0x4b, 0x4c, 0x8b, 
	0x4c, 0xcb, 0x3c, 0x0b, 0x3c, 0x0b, 0x3c, 0x0b, 
	0x44, 0x8b, 0x44, 0x4b, 0x44, 0x8b, 0x3c, 0x4b, 
	0x33, 0xcb, 0x33, 0x49, 0x33, 0x89, 0x33, 0x49, 
	0x3c, 0x09, 0x3b, 0xc9, 0x44, 0x4b, 0x4d, 0x0d, 
	0x55, 0x0d, 0x44, 0x4d, 0x2b, 0x49, 0x33, 0x49, 
	0x2b, 0x09, 0x2b, 0x09, 0x33, 0x89, 0x3c, 0x0b, 
	0x3c, 0x0b, 0x4c, 0xcd, 0x44, 0x8d, 0x3c, 0x0b, 
	0x33, 0x89, 0x44, 0x4b, 0x4c, 0xcd, 0x44, 0x4d, 
	0x33, 0x49, 0x33, 0x49, 0x33, 0x49, 0x2a, 0xc9, 
	0x2a, 0x87, 0x33, 0x09, 0x3c, 0x0b, 0x55, 0x8f, 
	0x6e, 0x93, 0x55, 0x4f, 0x3c, 0x0b, 0x2b, 0x09, 
	0x3c, 0x0b, 0x33, 0xc9, 0x33, 0x49, 0x2b, 0x49, 
	0x3b, 0xcb, 0x4d, 0x0d, 0x4c, 0xcd, 0x3c, 0x0b, 
	0x3c, 0x4b, 0x3c, 0x0b, 0x33, 0xcb, 0x3c, 0x0b, 
	0x4c, 0xcd, 0x3c, 0x4b, 0x3c, 0x0b, 0x33, 0x89, 
	0x33, 0x89, 0x33, 0x89, 0x44, 0x4b, 0x4d, 0x0d, 
	0x44, 0x8b, 0x4c, 0x8b, 0x3b, 0xcb, 0x2b, 0x49, 
	0x33, 0xcb, 0x44, 0x4b, 0x44, 0x8b, 0x55, 0x0d, 
	0x55, 0x4f, 0x55, 0x4f, 0x4c, 0xcd, 0x3b, 0xcb, 
	0x33, 0x8b, 0x33, 0x89, 0x3b, 0xcb, 0x3c, 0x4b, 
	0x44, 0x8b, 0x4c, 0xcd, 0x44, 0x8b, 0x4c, 0x8b, 
	0x44, 0x8d, 0x3c, 0x4b, 0x44, 0x8b, 0x4c, 0xcd, 
	0x4d, 0x0d, 0x44, 0x4b, 0x44, 0x8d, 0x4c, 0xcd, 
	0x44, 0x8b, 0x3c, 0x0b, 0x33, 0x89, 0x33, 0x89, 
	0x33, 0x49, 0x33, 0x49, 0x2a, 0xc7, 0x22, 0x45, 
	0x2a, 0x87, 0x2a, 0x87, 0x2a, 0xc7, 0x2b, 0x09, 
	0x33, 0x49, 0x33, 0x49, 0x2b, 0x09, 0x2b, 0x09, 
	0x2a, 0xc9, 0x2b, 0x09, 0x2b, 0x49, 0x2b, 0x49, 
	0x33, 0xc9, 0x3c, 0x0b, 0x33, 0x89, 0x33, 0x49, 
	0x33, 0xc9, 0x3c, 0x0b, 0x3c, 0x4b, 0x3c, 0x0b, 
	0x3b, 0xc9, 0x44, 0x8b, 0x4c, 0x8d, 0x44, 0x0b, 
	0x33, 0x89, 0x3b, 0xcb, 0x33, 0xcb, 0x33, 0x49, 
	0x44, 0x4b, 0x55, 0x4d, 0x55, 0x4d, 0x4c, 0x8d, 
	0x3c, 0x0b, 0x4c, 0x8d, 0x4d, 0x0d, 0x44, 0x8b, 
	0x4d, 0x0d, 0x55, 0x4f, 0x4d, 0x0d, 0x4c, 0xcd, 
	
};

Gfx bob_dl_rainbow_gradient_2391__gray__32x32_i8_aligner[] = {gsSPEndDisplayList()};
u8 bob_dl_rainbow_gradient_2391__gray__32x32_i8[] = {
	0x84, 0x8c, 0x9c, 0xb5, 0xd2, 0xeb, 0xf5, 0xea, 
	0xe1, 0xdd, 0xdc, 0xdd, 0xde, 0xe1, 0xe3, 0xd4, 
	0xb6, 0x95, 0x74, 0x5a, 0x4b, 0x46, 0x47, 0x4e, 
	0x5c, 0x70, 0x82, 0x8f, 0x8c, 0x87, 0x84, 0x82, 
	0x84, 0x8c, 0x9c, 0xb5, 0xd2, 0xeb, 0xf5, 0xea, 
	0xe1, 0xdd, 0xdc, 0xdd, 0xde, 0xe1, 0xe3, 0xd4, 
	0xb6, 0x95, 0x74, 0x5a, 0x4b, 0x46, 0x47, 0x4e, 
	0x5c, 0x70, 0x82, 0x8f, 0x8c, 0x87, 0x84, 0x82, 
	0x84, 0x8c, 0x9c, 0xb5, 0xd2, 0xeb, 0xf5, 0xea, 
	0xe1, 0xdd, 0xdc, 0xdd, 0xde, 0xe1, 0xe3, 0xd4, 
	0xb6, 0x95, 0x74, 0x5a, 0x4b, 0x46, 0x47, 0x4e, 
	0x5c, 0x70, 0x82, 0x8f, 0x8c, 0x87, 0x84, 0x82, 
	0x84, 0x8c, 0x9c, 0xb5, 0xd2, 0xeb, 0xf5, 0xea, 
	0xe1, 0xdd, 0xdc, 0xdd, 0xde, 0xe1, 0xe3, 0xd4, 
	0xb6, 0x95, 0x74, 0x5a, 0x4b, 0x46, 0x47, 0x4e, 
	0x5c, 0x70, 0x82, 0x8f, 0x8c, 0x87, 0x84, 0x82, 
	0x84, 0x8c, 0x9c, 0xb5, 0xd2, 0xeb, 0xf5, 0xea, 
	0xe1, 0xdd, 0xdc, 0xdd, 0xde, 0xe1, 0xe3, 0xd4, 
	0xb6, 0x95, 0x74, 0x5a, 0x4b, 0x46, 0x47, 0x4e, 
	0x5c, 0x70, 0x82, 0x8f, 0x8c, 0x87, 0x84, 0x82, 
	0x84, 0x8c, 0x9c, 0xb5, 0xd2, 0xeb, 0xf5, 0xea, 
	0xe1, 0xdd, 0xdc, 0xdd, 0xde, 0xe1, 0xe3, 0xd4, 
	0xb6, 0x95, 0x74, 0x5a, 0x4b, 0x46, 0x47, 0x4e, 
	0x5c, 0x70, 0x82, 0x8f, 0x8c, 0x87, 0x84, 0x82, 
	0x84, 0x8c, 0x9c, 0xb5, 0xd2, 0xeb, 0xf5, 0xea, 
	0xe1, 0xdd, 0xdc, 0xdd, 0xde, 0xe1, 0xe3, 0xd4, 
	0xb6, 0x95, 0x74, 0x5a, 0x4b, 0x46, 0x47, 0x4e, 
	0x5c, 0x70, 0x82, 0x8f, 0x8c, 0x87, 0x84, 0x82, 
	0x84, 0x8c, 0x9c, 0xb5, 0xd2, 0xeb, 0xf5, 0xea, 
	0xe1, 0xdd, 0xdc, 0xdd, 0xde, 0xe1, 0xe3, 0xd4, 
	0xb6, 0x95, 0x74, 0x5a, 0x4b, 0x46, 0x47, 0x4e, 
	0x5c, 0x70, 0x82, 0x8f, 0x8c, 0x87, 0x84, 0x82, 
	0x84, 0x8c, 0x9c, 0xb5, 0xd2, 0xeb, 0xf5, 0xea, 
	0xe1, 0xdd, 0xdc, 0xdd, 0xde, 0xe1, 0xe3, 0xd4, 
	0xb6, 0x95, 0x74, 0x5a, 0x4b, 0x46, 0x47, 0x4e, 
	0x5c, 0x70, 0x82, 0x8f, 0x8c, 0x87, 0x84, 0x82, 
	0x84, 0x8c, 0x9c, 0xb5, 0xd2, 0xeb, 0xf5, 0xea, 
	0xe1, 0xdd, 0xdc, 0xdd, 0xde, 0xe1, 0xe3, 0xd4, 
	0xb6, 0x95, 0x74, 0x5a, 0x4b, 0x46, 0x47, 0x4e, 
	0x5c, 0x70, 0x82, 0x8f, 0x8c, 0x87, 0x84, 0x82, 
	0x84, 0x8c, 0x9c, 0xb5, 0xd2, 0xeb, 0xf5, 0xea, 
	0xe1, 0xdd, 0xdc, 0xdd, 0xde, 0xe1, 0xe3, 0xd4, 
	0xb6, 0x95, 0x74, 0x5a, 0x4b, 0x46, 0x47, 0x4e, 
	0x5c, 0x70, 0x82, 0x8f, 0x8c, 0x87, 0x84, 0x82, 
	0x84, 0x8c, 0x9c, 0xb5, 0xd2, 0xeb, 0xf5, 0xea, 
	0xe1, 0xdd, 0xdc, 0xdd, 0xde, 0xe1, 0xe3, 0xd4, 
	0xb6, 0x95, 0x74, 0x5a, 0x4b, 0x46, 0x47, 0x4e, 
	0x5c, 0x70, 0x82, 0x8f, 0x8c, 0x87, 0x84, 0x82, 
	0x84, 0x8c, 0x9c, 0xb5, 0xd2, 0xeb, 0xf5, 0xea, 
	0xe1, 0xdd, 0xdc, 0xdd, 0xde, 0xe1, 0xe3, 0xd4, 
	0xb6, 0x95, 0x74, 0x5a, 0x4b, 0x46, 0x47, 0x4e, 
	0x5c, 0x70, 0x82, 0x8f, 0x8c, 0x87, 0x84, 0x82, 
	0x84, 0x8c, 0x9c, 0xb5, 0xd2, 0xeb, 0xf5, 0xea, 
	0xe1, 0xdd, 0xdc, 0xdd, 0xde, 0xe1, 0xe3, 0xd4, 
	0xb6, 0x95, 0x74, 0x5a, 0x4b, 0x46, 0x47, 0x4e, 
	0x5c, 0x70, 0x82, 0x8f, 0x8c, 0x87, 0x84, 0x82, 
	0x84, 0x8c, 0x9c, 0xb5, 0xd2, 0xeb, 0xf5, 0xea, 
	0xe1, 0xdd, 0xdc, 0xdd, 0xde, 0xe1, 0xe3, 0xd4, 
	0xb6, 0x95, 0x74, 0x5a, 0x4b, 0x46, 0x47, 0x4e, 
	0x5c, 0x70, 0x82, 0x8f, 0x8c, 0x87, 0x84, 0x82, 
	0x84, 0x8c, 0x9c, 0xb5, 0xd2, 0xeb, 0xf5, 0xea, 
	0xe1, 0xdd, 0xdc, 0xdd, 0xde, 0xe1, 0xe3, 0xd4, 
	0xb6, 0x95, 0x74, 0x5a, 0x4b, 0x46, 0x47, 0x4e, 
	0x5c, 0x70, 0x82, 0x8f, 0x8c, 0x87, 0x84, 0x82, 
	0x84, 0x8c, 0x9c, 0xb5, 0xd2, 0xeb, 0xf5, 0xea, 
	0xe1, 0xdd, 0xdc, 0xdd, 0xde, 0xe1, 0xe3, 0xd4, 
	0xb6, 0x95, 0x74, 0x5a, 0x4b, 0x46, 0x47, 0x4e, 
	0x5c, 0x70, 0x82, 0x8f, 0x8c, 0x87, 0x84, 0x82, 
	0x84, 0x8c, 0x9c, 0xb5, 0xd2, 0xeb, 0xf5, 0xea, 
	0xe1, 0xdd, 0xdc, 0xdd, 0xde, 0xe1, 0xe3, 0xd4, 
	0xb6, 0x95, 0x74, 0x5a, 0x4b, 0x46, 0x47, 0x4e, 
	0x5c, 0x70, 0x82, 0x8f, 0x8c, 0x87, 0x84, 0x82, 
	0x84, 0x8c, 0x9c, 0xb5, 0xd2, 0xeb, 0xf5, 0xea, 
	0xe1, 0xdd, 0xdc, 0xdd, 0xde, 0xe1, 0xe3, 0xd4, 
	0xb6, 0x95, 0x74, 0x5a, 0x4b, 0x46, 0x47, 0x4e, 
	0x5c, 0x70, 0x82, 0x8f, 0x8c, 0x87, 0x84, 0x82, 
	0x84, 0x8c, 0x9c, 0xb5, 0xd2, 0xeb, 0xf5, 0xea, 
	0xe1, 0xdd, 0xdc, 0xdd, 0xde, 0xe1, 0xe3, 0xd4, 
	0xb6, 0x95, 0x74, 0x5a, 0x4b, 0x46, 0x47, 0x4e, 
	0x5c, 0x70, 0x82, 0x8f, 0x8c, 0x87, 0x84, 0x82, 
	0x84, 0x8c, 0x9c, 0xb5, 0xd2, 0xeb, 0xf5, 0xea, 
	0xe1, 0xdd, 0xdc, 0xdd, 0xde, 0xe1, 0xe3, 0xd4, 
	0xb6, 0x95, 0x74, 0x5a, 0x4b, 0x46, 0x47, 0x4e, 
	0x5c, 0x70, 0x82, 0x8f, 0x8c, 0x87, 0x84, 0x82, 
	0x84, 0x8c, 0x9c, 0xb5, 0xd2, 0xeb, 0xf5, 0xea, 
	0xe1, 0xdd, 0xdc, 0xdd, 0xde, 0xe1, 0xe3, 0xd4, 
	0xb6, 0x95, 0x74, 0x5a, 0x4b, 0x46, 0x47, 0x4e, 
	0x5c, 0x70, 0x82, 0x8f, 0x8c, 0x87, 0x84, 0x82, 
	0x84, 0x8c, 0x9c, 0xb5, 0xd2, 0xeb, 0xf5, 0xea, 
	0xe1, 0xdd, 0xdc, 0xdd, 0xde, 0xe1, 0xe3, 0xd4, 
	0xb6, 0x95, 0x74, 0x5a, 0x4b, 0x46, 0x47, 0x4e, 
	0x5c, 0x70, 0x82, 0x8f, 0x8c, 0x87, 0x84, 0x82, 
	0x84, 0x8c, 0x9c, 0xb5, 0xd2, 0xeb, 0xf5, 0xea, 
	0xe1, 0xdd, 0xdc, 0xdd, 0xde, 0xe1, 0xe3, 0xd4, 
	0xb6, 0x95, 0x74, 0x5a, 0x4b, 0x46, 0x47, 0x4e, 
	0x5c, 0x70, 0x82, 0x8f, 0x8c, 0x87, 0x84, 0x82, 
	0x84, 0x8c, 0x9c, 0xb5, 0xd2, 0xeb, 0xf5, 0xea, 
	0xe1, 0xdd, 0xdc, 0xdd, 0xde, 0xe1, 0xe3, 0xd4, 
	0xb6, 0x95, 0x74, 0x5a, 0x4b, 0x46, 0x47, 0x4e, 
	0x5c, 0x70, 0x82, 0x8f, 0x8c, 0x87, 0x84, 0x82, 
	0x84, 0x8c, 0x9c, 0xb5, 0xd2, 0xeb, 0xf5, 0xea, 
	0xe1, 0xdd, 0xdc, 0xdd, 0xde, 0xe1, 0xe3, 0xd4, 
	0xb6, 0x95, 0x74, 0x5a, 0x4b, 0x46, 0x47, 0x4e, 
	0x5c, 0x70, 0x82, 0x8f, 0x8c, 0x87, 0x84, 0x82, 
	0x84, 0x8c, 0x9c, 0xb5, 0xd2, 0xeb, 0xf5, 0xea, 
	0xe1, 0xdd, 0xdc, 0xdd, 0xde, 0xe1, 0xe3, 0xd4, 
	0xb6, 0x95, 0x74, 0x5a, 0x4b, 0x46, 0x47, 0x4e, 
	0x5c, 0x70, 0x82, 0x8f, 0x8c, 0x87, 0x84, 0x82, 
	0x84, 0x8c, 0x9c, 0xb5, 0xd2, 0xeb, 0xf5, 0xea, 
	0xe1, 0xdd, 0xdc, 0xdd, 0xde, 0xe1, 0xe3, 0xd4, 
	0xb6, 0x95, 0x74, 0x5a, 0x4b, 0x46, 0x47, 0x4e, 
	0x5c, 0x70, 0x82, 0x8f, 0x8c, 0x87, 0x84, 0x82, 
	0x84, 0x8c, 0x9c, 0xb5, 0xd2, 0xeb, 0xf5, 0xea, 
	0xe1, 0xdd, 0xdc, 0xdd, 0xde, 0xe1, 0xe3, 0xd4, 
	0xb6, 0x95, 0x74, 0x5a, 0x4b, 0x46, 0x47, 0x4e, 
	0x5c, 0x70, 0x82, 0x8f, 0x8c, 0x87, 0x84, 0x82, 
	0x84, 0x8c, 0x9c, 0xb5, 0xd2, 0xeb, 0xf5, 0xea, 
	0xe1, 0xdd, 0xdc, 0xdd, 0xde, 0xe1, 0xe3, 0xd4, 
	0xb6, 0x95, 0x74, 0x5a, 0x4b, 0x46, 0x47, 0x4e, 
	0x5c, 0x70, 0x82, 0x8f, 0x8c, 0x87, 0x84, 0x82, 
	0x84, 0x8c, 0x9c, 0xb5, 0xd2, 0xeb, 0xf5, 0xea, 
	0xe1, 0xdd, 0xdc, 0xdd, 0xde, 0xe1, 0xe3, 0xd4, 
	0xb6, 0x95, 0x74, 0x5a, 0x4b, 0x46, 0x47, 0x4e, 
	0x5c, 0x70, 0x82, 0x8f, 0x8c, 0x87, 0x84, 0x82, 
	0x84, 0x8c, 0x9c, 0xb5, 0xd2, 0xeb, 0xf5, 0xea, 
	0xe1, 0xdd, 0xdc, 0xdd, 0xde, 0xe1, 0xe3, 0xd4, 
	0xb6, 0x95, 0x74, 0x5a, 0x4b, 0x46, 0x47, 0x4e, 
	0x5c, 0x70, 0x82, 0x8f, 0x8c, 0x87, 0x84, 0x82, 
	
};

Gfx bob_dl_C2AD5238B27ADDE8999E3E342DFE23C1_ci4_aligner[] = {gsSPEndDisplayList()};
u8 bob_dl_C2AD5238B27ADDE8999E3E342DFE23C1_ci4[] = {
	0x00, 0x00, 0x00, 0x00, 0x00, 0x00, 0x00, 0x00, 
	0x00, 0x00, 0x00, 0x00, 0x00, 0x00, 0x00, 0x00, 
	0x00, 0x00, 0x00, 0x00, 0x00, 0x00, 0x00, 0x00, 
	0x00, 0x00, 0x00, 0x00, 0x00, 0x00, 0x00, 0x00, 
	0x00, 0x00, 0x00, 0x00, 0x00, 0x00, 0x00, 0x00, 
	0x00, 0x00, 0x00, 0x00, 0x00, 0x00, 0x00, 0x00, 
	0x00, 0x00, 0x00, 0x00, 0x00, 0x00, 0x00, 0x00, 
	0x00, 0x00, 0x00, 0x00, 0x00, 0x00, 0x00, 0x00, 
	0x00, 0x00, 0x00, 0x00, 0x00, 0x00, 0x00, 0x00, 
	0x00, 0x00, 0x00, 0x00, 0x12, 0x00, 0x00, 0x00, 
	0x00, 0x00, 0x00, 0x00, 0x00, 0x00, 0x00, 0x00, 
	0x00, 0x00, 0x00, 0x00, 0x00, 0x00, 0x00, 0x00, 
	0x11, 0x11, 0x11, 0x00, 0x00, 0x00, 0x00, 0x00, 
	0x00, 0x00, 0x00, 0x11, 0x22, 0x10, 0x00, 0x00, 
	0x00, 0x00, 0x00, 0x00, 0x00, 0x00, 0x00, 0x00, 
	0x00, 0x00, 0x00, 0x00, 0x00, 0x00, 0x00, 0x00, 
	0x11, 0x33, 0x11, 0x00, 0x00, 0x00, 0x00, 0x00, 
	0x00, 0x00, 0x00, 0x14, 0x55, 0x11, 0x00, 0x00, 
	0x00, 0x00, 0x00, 0x00, 0x00, 0x00, 0x00, 0x00, 
	0x00, 0x00, 0x00, 0x00, 0x00, 0x00, 0x00, 0x00, 
	0x67, 0x58, 0x11, 0x10, 0x00, 0x00, 0x00, 0x00, 
	0x00, 0x00, 0x01, 0x22, 0x59, 0x11, 0x00, 0x00, 
	0x00, 0x00, 0x00, 0x00, 0x00, 0x00, 0x00, 0x00, 
	0x00, 0x00, 0x00, 0x00, 0x00, 0x00, 0x11, 0x10, 
	0x42, 0x39, 0xa1, 0x10, 0x00, 0x00, 0x00, 0x00, 
	0x00, 0x00, 0x11, 0x17, 0x59, 0x51, 0x10, 0x00, 
	0x00, 0x00, 0x00, 0x00, 0x00, 0x04, 0x00, 0x00, 
	0x00, 0x00, 0x00, 0x00, 0x00, 0x11, 0x11, 0x41, 
	0x93, 0xa6, 0x11, 0x10, 0x00, 0x00, 0x00, 0x00, 
	0x00, 0x00, 0x12, 0x77, 0x33, 0x91, 0x10, 0x00, 
	0x00, 0x00, 0x00, 0x00, 0x00, 0x54, 0x20, 0x00, 
	0x00, 0x00, 0x00, 0x00, 0x01, 0x11, 0x66, 0x44, 
	0x5a, 0xa6, 0x11, 0x11, 0x11, 0x11, 0x11, 0x11, 
	0x11, 0x11, 0x15, 0x23, 0x33, 0x57, 0x10, 0x00, 
	0x00, 0x00, 0x00, 0x00, 0x00, 0x02, 0x20, 0x00, 
	0x00, 0x00, 0x00, 0x00, 0x11, 0x66, 0x66, 0x26, 
	0x85, 0x66, 0x11, 0x11, 0x57, 0x21, 0x11, 0x11, 
	0x11, 0x11, 0x17, 0x7a, 0x38, 0x79, 0x10, 0x00, 
	0x00, 0x02, 0x00, 0x00, 0x00, 0x05, 0x53, 0x00, 
	0x00, 0x00, 0x00, 0x00, 0x16, 0x66, 0x66, 0x49, 
	0x5a, 0xa6, 0x25, 0x11, 0x55, 0x57, 0x66, 0x61, 
	0x11, 0x11, 0x78, 0xa8, 0x35, 0x59, 0x17, 0x00, 
	0x00, 0x90, 0x00, 0x00, 0x00, 0x45, 0x35, 0x80, 
	0x00, 0x00, 0x00, 0x01, 0x16, 0x62, 0x46, 0x25, 
	0xaa, 0xbb, 0x95, 0x55, 0x3c, 0x25, 0x33, 0x61, 
	0x11, 0x17, 0x55, 0x93, 0x59, 0x52, 0x28, 0x30, 
	0x00, 0x22, 0x08, 0x00, 0x05, 0x22, 0x35, 0x22, 
	0x00, 0x00, 0x00, 0x01, 0x66, 0x22, 0x66, 0x25, 
	0xab, 0xaa, 0x75, 0x55, 0x58, 0x55, 0x37, 0x71, 
	0x12, 0x55, 0x83, 0x53, 0x8a, 0xa7, 0x73, 0x11, 
	0x01, 0x29, 0x98, 0x00, 0x01, 0x24, 0x89, 0x85, 
	0x52, 0x00, 0x00, 0x17, 0x55, 0x22, 0x55, 0x3a, 
	0x95, 0x88, 0x75, 0x59, 0x99, 0x55, 0x38, 0x55, 
	0x51, 0x5c, 0x53, 0xc3, 0x8a, 0x52, 0x33, 0x88, 
	0x2a, 0x95, 0x59, 0x81, 0x11, 0x23, 0x39, 0x85, 
	0x20, 0xa0, 0x21, 0x17, 0x75, 0x77, 0x77, 0x29, 
	0xc7, 0x99, 0x55, 0x83, 0x53, 0x53, 0x85, 0x53, 
	0x11, 0x33, 0x33, 0x88, 0x85, 0x57, 0x55, 0x81, 
	0x5a, 0x53, 0x9a, 0xa9, 0x11, 0x39, 0xa9, 0xa7, 
	0x1a, 0x25, 0x51, 0x11, 0x25, 0x75, 0x24, 0xa9, 
	0x82, 0x85, 0x73, 0x35, 0x33, 0x88, 0x38, 0x85, 
	0x51, 0x35, 0x38, 0x88, 0x33, 0x55, 0x53, 0x77, 
	0x25, 0x87, 0x99, 0x88, 0x51, 0x75, 0x8c, 0xaa, 
	0x55, 0x57, 0x11, 0x13, 0x24, 0xcc, 0x35, 0x38, 
	0x79, 0x97, 0x85, 0x35, 0x85, 0x33, 0x88, 0x38, 
	0x53, 0x53, 0x33, 0x89, 0x35, 0x95, 0x37, 0x51, 
	0x55, 0x85, 0x99, 0x88, 0x55, 0x7c, 0x75, 0x3c, 
	0x55, 0x25, 0xc6, 0x83, 0x83, 0x27, 0x38, 0x2b, 
	0x59, 0x95, 0x85, 0x83, 0x88, 0x38, 0x83, 0x89, 
	0x95, 0x83, 0x85, 0x88, 0x35, 0x23, 0x85, 0x51, 
	0x85, 0x53, 0x98, 0xac, 0x55, 0xc5, 0x53, 0xcc, 
	0x97, 0xa5, 0x33, 0xcc, 0x5c, 0x85, 0x52, 0x25, 
	0x53, 0x88, 0x98, 0x55, 0x99, 0x98, 0x88, 0x89, 
	0x95, 0x88, 0x85, 0x99, 0x33, 0x5a, 0x55, 0x39, 
	0x98, 0xa8, 0x39, 0x85, 0xcc, 0xc7, 0xc7, 0xc8, 
	0xa5, 0x55, 0x33, 0xc8, 0x3c, 0x33, 0x33, 0x38, 
	0x38, 0x8a, 0xaa, 0x78, 0xa9, 0x39, 0x93, 0xa2, 
	0x99, 0x88, 0x99, 0x93, 0x39, 0x39, 0x98, 0x58, 
	0x99, 0x98, 0x98, 0x5c, 0xc5, 0x87, 0x87, 0x58, 
	0xa9, 0x78, 0x73, 0x33, 0xc3, 0x88, 0x38, 0x55, 
	0xb5, 0x99, 0xa9, 0x55, 0xa9, 0x93, 0xa7, 0xaa, 
	0x89, 0x89, 0x93, 0x98, 0x88, 0x8a, 0x95, 0x35, 
	0x89, 0x5c, 0x93, 0x83, 0xcc, 0x38, 0x55, 0x33, 
	0xa7, 0x77, 0x77, 0x8c, 0x55, 0xc8, 0x5a, 0x98, 
	0xb5, 0xc5, 0x98, 0xa5, 0x88, 0x35, 0x85, 0x55, 
	0x59, 0x99, 0x53, 0x98, 0x8a, 0x95, 0x5a, 0xa3, 
	0x58, 0x85, 0x83, 0x38, 0x88, 0xcc, 0x93, 0x89, 
	0x5c, 0x93, 0xcc, 0x33, 0x35, 0x5c, 0x99, 0x59, 
	0xa3, 0xba, 0xaa, 0xac, 0x83, 0x53, 0xa7, 0x53, 
	0x58, 0x88, 0x88, 0x88, 0x89, 0x85, 0xa8, 0x58, 
	0x85, 0x55, 0x55, 0x83, 0x39, 0x39, 0x83, 0x99, 
	0x98, 0xca, 0x57, 0xc3, 0x55, 0x55, 0x58, 0x78, 
	0x9a, 0xaa, 0xaa, 0x39, 0x33, 0x53, 0x9c, 0x55, 
	0x55, 0x75, 0x33, 0x55, 0x33, 0x35, 0x33, 0x53, 
	0x33, 0x83, 0x38, 0x33, 0x38, 0x39, 0x99, 0x9a, 
	0x9a, 0x99, 0x77, 0x85, 0x55, 0x83, 0x83, 0x79, 
	0x39, 0x5a, 0xa5, 0x39, 0x3c, 0x55, 0x33, 0x35, 
	0x75, 0x57, 0x55, 0x57, 0x53, 0x75, 0x55, 0x33, 
	0x58, 0x33, 0x89, 0x93, 0x39, 0x38, 0x93, 0x39, 
	0x95, 0x87, 0x3c, 0xc3, 0x33, 0x55, 0x55, 0x57, 
	0x55, 0x53, 0x39, 0x99, 0x33, 0x8a, 0x39, 0x37, 
	0x55, 0x55, 0x35, 0x35, 0x73, 0x55, 0x55, 0x55, 
	0x38, 0x38, 0x99, 0x53, 0x39, 0x35, 0x35, 0x99, 
	0x55, 0x3c, 0xcc, 0x55, 0xcc, 0x33, 0x95, 0x53, 
	0x53, 0x93, 0x88, 0x88, 0x8a, 0xca, 0x88, 0x55, 
	0x35, 0x55, 0x33, 0x35, 0x53, 0xc3, 0x55, 0x85, 
	0x85, 0x33, 0x93, 0x89, 0x99, 0x55, 0x55, 0x85, 
	0x59, 0x53, 0x8c, 0x55, 0x3c, 0x57, 0xa5, 0x52, 
	0x53, 0x38, 0x39, 0x8a, 0x8c, 0xca, 0x99, 0x98, 
	0x55, 0x55, 0x53, 0x35, 0x55, 0x53, 0xc5, 0x99, 
	0x38, 0x88, 0x89, 0x89, 0x8a, 0x98, 0x38, 0x38, 
	0x88, 0x33, 0x98, 0x35, 0x53, 0x77, 0x37, 0xa2, 
	0x33, 0x98, 0x89, 0x39, 0xaa, 0xa8, 0x97, 0x38, 
	0x53, 0x33, 0x35, 0x33, 0x35, 0x35, 0x83, 0x59, 
	0x38, 0x85, 0x83, 0x88, 0x93, 0x38, 0x83, 0x83, 
	0x88, 0x85, 0x53, 0x99, 0x33, 0x53, 0x7a, 0x32, 
	0x98, 0x93, 0x99, 0x83, 0x3a, 0x8a, 0x57, 0x98, 
	0x83, 0x83, 0x85, 0x33, 0x33, 0x88, 0x88, 0x88, 
	0x93, 0x35, 0x35, 0x88, 0x58, 0x33, 0x83, 0x98, 
	0x85, 0x58, 0x58, 0x58, 0x55, 0x33, 0x35, 0x52, 
	0x9a, 0x9a, 0x9a, 0x53, 0x3a, 0x9a, 0x85, 0x95, 
	0x88, 0x88, 0x83, 0x33, 0x88, 0x88, 0x89, 0x88, 
	0x83, 0x35, 0x33, 0x88, 0x88, 0x99, 0x88, 0x38, 
	0x58, 0x35, 0x55, 0x55, 0x95, 0x5a, 0x58, 0x95, 
	0x9a, 0xa9, 0x89, 0x99, 0xa8, 0xa8, 0x83, 0x88, 
	0x55, 0x88, 0x88, 0x88, 0x88, 0x88, 0x88, 0x88, 
	0x38, 0x85, 0x33, 0x55, 0x35, 0x85, 0x55, 0x59, 
	0x88, 0x83, 0x38, 0x55, 0x85, 0x87, 0xa8, 0x58, 
	0xa9, 0x9a, 0x99, 0xa9, 0x98, 0x58, 0x83, 0x35, 
	0x33, 0x58, 0x35, 0x88, 0x88, 0x83, 0x38, 0x55, 
	0x35, 0x55, 0x88, 0x83, 0x83, 0x53, 0x55, 0x59, 
	0x89, 0x55, 0x58, 0x85, 0x55, 0x57, 0x22, 0x2a, 
	0xbb, 0x92, 0x53, 0x85, 0x83, 0x53, 0x35, 0x35, 
	0x53, 0x53, 0x83, 0x59, 0x88, 0x33, 0x33, 0x35, 
	0x53, 0x55, 0x88, 0x58, 0x83, 0x88, 0x83, 0x7a, 
	0x38, 0x55, 0x55, 0x53, 0x93, 0x55, 0x55, 0x99, 
	0x52, 0x83, 0x53, 0x33, 0x33, 0x38, 0x3c, 0x35, 
	0x55, 0x53, 0x33, 0xc5, 0x33, 0x33, 0x35, 0x53, 
	0xa3, 0x98, 0x33, 0x59, 0x98, 0x83, 0x99, 0x39, 
	0x99, 0x55, 0x53, 0x95, 0x88, 0x55, 0x33, 0x83, 
	0x25, 0xa5, 0x33, 0x83, 0x83, 0x89, 0x33, 0xc5, 
	0x55, 0x55, 0x35, 0xc5, 0x35, 0x53, 0x95, 0x95, 
	0x39, 0x99, 0x98, 0x39, 0x98, 0x99, 0xaa, 0xaa, 
	0xa8, 0x83, 0x38, 0x93, 0x99, 0x98, 0x93, 0x75, 
	0x99, 0xa8, 0x38, 0x38, 0x38, 0x88, 0xa9, 0x8c, 
	0xcc, 0xcc, 0xc5, 0x35, 0x83, 0x93, 0x3a, 0x58, 
	0x93, 0x8a, 0x99, 0x9a, 0x98, 0x88, 0xaa, 0xa9, 
	0xa9, 0x35, 0x39, 0x88, 0x93, 0x88, 0x59, 0x33, 
	0x57, 0x95, 0x89, 0x38, 0x98, 0x9a, 0x8a, 0x38, 
	0x3c, 0xcc, 0x35, 0x35, 0x88, 0x83, 0x8a, 0x98, 
	0x95, 0x99, 0x89, 0x99, 0x93, 0x99, 0x99, 0x99, 
	0x85, 0x88, 0x99, 0x39, 0x93, 0x99, 0x55, 0x88, 
	0x88, 0x9a, 0x89, 0x99, 0x83, 0xa9, 0xa7, 0x89, 
	0x83, 0x38, 0x35, 0x38, 0x38, 0x83, 0x33, 0x58, 
	0x89, 0x99, 0x99, 0x53, 0x98, 0x85, 0x83, 0x39, 
	0x33, 0x33, 0x99, 0x33, 0x99, 0x85, 0x55, 0x73, 
	0x38, 0x99, 0x99, 0x99, 0x8a, 0xaa, 0x88, 0x89, 
	0x33, 0x33, 0x83, 0x38, 0x88, 0x39, 0x89, 0x33, 
	0x89, 0x93, 0x93, 0x33, 0x38, 0x83, 0x35, 0x38, 
	0x83, 0x38, 0x83, 0x59, 0x95, 0x38, 0xaa, 0xa5, 
	0x39, 0x9a, 0x99, 0x93, 0xa8, 0xa8, 0x99, 0x89, 
	0xaa, 0x89, 0x88, 0x33, 0x99, 0x9a, 0x93, 0x8a, 
	0xa3, 0x99, 0x99, 0x83, 0x33, 0x99, 0x35, 0x89, 
	0x83, 0x33, 0x98, 0x55, 0x89, 0x59, 0xaa, 0xa8, 
	0xaa, 0x75, 0x33, 0xa5, 0x59, 0x89, 0x99, 0xaa, 
	0x9a, 0x99, 0x99, 0x9a, 0x9a, 0xa8, 0x99, 0x98, 
	0x89, 0x98, 0x33, 0x33, 0x38, 0x89, 0x95, 0x89, 
	0x58, 0x83, 0x88, 0x55, 0x38, 0x95, 0x55, 0x9b, 
	0xb8, 0x2a, 0x35, 0x55, 0xa5, 0x59, 0xa5, 0xa5, 
	0x53, 0x3a, 0xa9, 0x99, 0x95, 0x99, 0x99, 0x98, 
	0x89, 0x93, 0x98, 0x93, 0x38, 0x39, 0x99, 0x59, 
	0x88, 0x85, 0x98, 0x3a, 0xa5, 0xa2, 0x5b, 0xbb, 
	0xb9, 0x98, 0xb3, 0xa9, 0x3a, 0x59, 0xaa, 0x58, 
	0xaa, 0xa9, 0x98, 0x59, 0xa8, 0x3a, 0x59, 0x93, 
	0x95, 0x53, 0x39, 0x33, 0x85, 0x53, 0x55, 0x58, 
	0x98, 0x38, 0x88, 0xaa, 0x7a, 0x99, 0xb5, 0xb3, 
	0x5a, 0x9a, 0xbb, 0xab, 0x99, 0x5b, 0xaa, 0xa3, 
	0x53, 0xa9, 0x99, 0x59, 0x59, 0x93, 0x33, 0x3a, 
	0x3a, 0xaa, 0xaa, 0x53, 0x5a, 0x37, 0x33, 0x9a, 
	0xa8, 0xa9, 0xa8, 0x79, 0x9b, 0xaa, 0x9a, 0x9b, 
	0xbb, 0xbb, 0xba, 0xba, 0x55, 0xda, 0x39, 0x9a, 
	0xa9, 0xa8, 0x99, 0xaa, 0x99, 0x93, 0x33, 0x88, 
	0x3a, 0x7b, 0xaa, 0xaa, 0xaa, 0xa3, 0x9a, 0x99, 
	0xaa, 0xaa, 0xda, 0xad, 0xda, 0xaa, 0x9a, 0x99, 
	0x3b, 0xbb, 0xbd, 0xbb, 0xba, 0xdd, 0x9e, 0xa9, 
	0xd9, 0xad, 0xad, 0x9a, 0x95, 0xaa, 0xa5, 0xa9, 
	0x9a, 0xaa, 0xa9, 0xaa, 0xa9, 0x9a, 0xa9, 0xaa, 
	0x9a, 0x99, 0x9b, 0x9d, 0x9b, 0x9b, 0xb9, 0xd9, 
	0x9a, 0xdb, 0xad, 0x9d, 0xdd, 0xdd, 0xaa, 0xad, 
	0x9a, 0xaa, 0xad, 0x33, 0x9b, 0x9d, 0xaa, 0xab, 
	0xab, 0xba, 0xb9, 0xab, 0xaa, 0x9b, 0xba, 0xa9, 
	0x9a, 0xd9, 0xb9, 0x9d, 0xad, 0xa9, 0xb9, 0xd5, 
	0x59, 0xbb, 0xab, 0xbb, 0x9d, 0xd9, 0xab, 0xba, 
	0xa9, 0xaa, 0xd9, 0xa9, 0xbd, 0xa9, 0xbb, 0xa5, 
	0xda, 0xa9, 0xab, 0xdd, 0xaa, 0xde, 0xda, 0xd9, 
	0x99, 0xab, 0xad, 0x5d, 0xa9, 0xd9, 0xba, 0xad, 
	0xe9, 0xbb, 0xaa, 0xaa, 0x99, 0xda, 0xba, 0xbd, 
	0xdb, 0xb9, 0xea, 0x99, 0xad, 0xbb, 0xbb, 0xad, 
	0x9a, 0xda, 0xdd, 0x99, 0x99, 0xb9, 0xdd, 0xd9, 
	0xaa, 0xab, 0xab, 0xad, 0xae, 0xab, 0xbb, 0x5d, 
	0xed, 0xbb, 0xbb, 0xaa, 0xbd, 0xd9, 0xaa, 0xad, 
	0xaa, 0xaa, 0xed, 0x99, 0xdb, 0x9a, 0xad, 0xd9, 
	0xda, 0x9a, 0xb9, 0xaa, 0xab, 0xba, 0xad, 0xad, 
	0x5b, 0xaa, 0xaa, 0xaa, 0xbd, 0xaa, 0xbb, 0xdd, 
	0xeb, 0xbb, 0xab, 0xab, 0xae, 0xd9, 0xba, 0xad, 
	0xda, 0xba, 0xed, 0xa9, 0xab, 0xbd, 0xab, 0xd9, 
	0xdb, 0xbb, 0xaa, 0xbb, 0xaa, 0xba, 0xbd, 0xdb, 
	0xeb, 0xaa, 0xba, 0xba, 0xbd, 0x9a, 0xab, 0x55, 
	0xea, 0xab, 0xba, 0xbb, 0xbe, 0xda, 0xaa, 0xbd, 
	0xaa, 0xbb, 0xea, 0xaa, 0xaa, 0xb9, 0xab, 0xe5, 
	0xdb, 0xbb, 0xaa, 0xab, 0xab, 0xba, 0xbd, 0xdb, 
	0x5a, 0xba, 0xba, 0xbb, 0xad, 0xdd, 0x9b, 0x55, 
	0xea, 0xab, 0xba, 0xbb, 0xbd, 0xda, 0xbb, 0xbd, 
	0xda, 0xab, 0xea, 0xa9, 0xba, 0xaa, 0xab, 0xde, 
	0x9a, 0xba, 0xba, 0xda, 0xab, 0xab, 0xbd, 0xdb, 
	0x5b, 0xbb, 0xbb, 0xaa, 0xbd, 0xda, 0x9b, 0xd5, 
	0xea, 0xbb, 0xbb, 0xab, 0xbd, 0xda, 0xbb, 0xbd, 
	0x9a, 0xab, 0xea, 0xaa, 0xab, 0xbb, 0xab, 0xda, 
	0x9b, 0xbb, 0xab, 0xdb, 0xab, 0xbb, 0xbe, 0xdb, 
	0xab, 0xab, 0xbb, 0xab, 0xba, 0xda, 0x9b, 0xe5, 
	0xee, 0xab, 0xbb, 0xab, 0xa9, 0xea, 0xaa, 0xbd, 
	0xda, 0xab, 0xda, 0xda, 0xbb, 0xbd, 0xab, 0xad, 
	0x9b, 0xbb, 0xbb, 0xda, 0xab, 0xab, 0xad, 0xab, 
	0xbb, 0xbb, 0xbb, 0xab, 0xad, 0x9a, 0xbb, 0xd7, 
	0xee, 0xab, 0xbb, 0xbb, 0xad, 0xeb, 0xba, 0xad, 
	0xda, 0xab, 0xde, 0xd9, 0xda, 0xbd, 0x9b, 0xda, 
	0x99, 0xbb, 0xba, 0xda, 0xaa, 0xab, 0xad, 0x9d, 
	0xab, 0xbb, 0xbb, 0xaa, 0xae, 0x9a, 0xba, 0x57, 
	0xee, 0xab, 0xbb, 0xab, 0xad, 0xea, 0xaa, 0xa9, 
	0xea, 0x9b, 0xde, 0xa9, 0xda, 0xbd, 0x9b, 0xda, 
	0xda, 0xaa, 0xbb, 0xdd, 0xab, 0xab, 0xdd, 0xde, 
	0xaa, 0xab, 0xaa, 0xaa, 0xad, 0x99, 0x9b, 0x5d, 
	0xe9, 0xab, 0xda, 0xba, 0xad, 0xda, 0xaa, 0xae, 
	0xea, 0x9a, 0xd5, 0x9d, 0xe9, 0xbd, 0x5b, 0x9a, 
	0xda, 0xaa, 0xba, 0xdd, 0xaa, 0xa9, 0xdd, 0xd5, 
	0xbb, 0xaa, 0xaa, 0xaa, 0xba, 0xaa, 0xda, 0x55, 
	0x59, 0xaa, 0xd9, 0xaa, 0xad, 0xda, 0xab, 0xa5, 
	0x39, 0xba, 0xee, 0xd3, 0x5d, 0x9b, 0x59, 0xa9, 
	0x9d, 0xa9, 0xab, 0x9d, 0xaa, 0x9a, 0xdb, 0x55, 
	0xbb, 0xaa, 0xda, 0xaa, 0xaa, 0x9a, 0x9d, 0x33, 
	0x59, 0xab, 0xdd, 0xdd, 0x5d, 0xd9, 0xb9, 0xb9, 
	0xe9, 0x9e, 0xd9, 0xd9, 0x59, 0xae, 0xda, 0x95, 
	0xdd, 0xda, 0x93, 0xdd, 0xaa, 0x9d, 0xdb, 0x59, 
	0x9b, 0xda, 0xe3, 0xda, 0xa3, 0xdd, 0xd9, 0x5d, 
	0x53, 0x5a, 0xed, 0xd9, 0x33, 0x33, 0x9d, 0xde, 
	0x9b, 0xd3, 0x39, 0xda, 0xd9, 0xe3, 0x9a, 0xb9, 
	0x7d, 0xdd, 0xd3, 0x9d, 0x9d, 0x9d, 0xda, 0x59, 
	0xda, 0xdd, 0xdd, 0xda, 0x9d, 0xee, 0x95, 0x55, 
	0x55, 0x5e, 0x5d, 0xd3, 0x3d, 0xd9, 0x9d, 0x33, 
	0x8d, 0x93, 0xea, 0xed, 0xe9, 0x99, 0xda, 0xad, 
	0x55, 0xdd, 0xa3, 0xdd, 0x95, 0x55, 0x35, 0x33, 
	0x55, 0x5a, 0xde, 0xe9, 0x9d, 0xde, 0xe5, 0xe5, 
	0xd3, 0x35, 0x5d, 0x33, 0xe8, 0xe8, 0x38, 0x88, 
	0x55, 0x55, 0xd5, 0xdd, 0xde, 0x53, 0xe5, 0xd5, 
	0x55, 0xa3, 0x93, 0x55, 0x53, 0xd3, 0x55, 0x59, 
	0xe5, 0xdd, 0x5d, 0x57, 0x3e, 0xdd, 0x3d, 0x35, 
	
};

Gfx bob_dl_C2AD5238B27ADDE8999E3E342DFE23C1_pal_rgba16_aligner[] = {gsSPEndDisplayList()};
u8 bob_dl_C2AD5238B27ADDE8999E3E342DFE23C1_pal_rgba16[] = {
	0x85, 0x16, 0x5c, 0x4e, 0xce, 0xeb, 0x5c, 0x4f, 
	0xef, 0xb3, 0x85, 0x17, 0x4b, 0x4a, 0xbe, 0xdd, 
	0x4b, 0x4b, 0x42, 0x8b, 0x31, 0xc9, 0x18, 0xc7, 
	0x7d, 0x4d, 0x62, 0x8d, 0x8b, 0xcd, 
};

Gfx bob_dl_KKIIDDZZ_DAT_653__p00_i4_aligner[] = {gsSPEndDisplayList()};
u8 bob_dl_KKIIDDZZ_DAT_653__p00_i4[] = {
	0x34, 0x33, 0x23, 0x46, 0x64, 0x56, 0x76, 0x44, 
	0x46, 0x75, 0x54, 0x33, 0x44, 0x43, 0x32, 0x22, 
	0x22, 0x22, 0x33, 0x43, 0x33, 0x34, 0x33, 0x33, 
	0x45, 0x54, 0x33, 0x33, 0x33, 0x44, 0x44, 0x54, 
	0x43, 0x33, 0x33, 0x44, 0x54, 0x45, 0x65, 0x54, 
	0x45, 0x76, 0x54, 0x44, 0x44, 0x33, 0x22, 0x22, 
	0x22, 0x33, 0x45, 0x55, 0x44, 0x33, 0x33, 0x33, 
	0x45, 0x54, 0x44, 0x43, 0x33, 0x33, 0x33, 0x33, 
	0x33, 0x33, 0x33, 0x33, 0x44, 0x34, 0x45, 0x54, 
	0x56, 0x77, 0x65, 0x55, 0x43, 0x33, 0x22, 0x22, 
	0x23, 0x35, 0x68, 0x87, 0x54, 0x33, 0x33, 0x33, 
	0x44, 0x44, 0x46, 0x75, 0x43, 0x33, 0x33, 0x33, 
	0x33, 0x33, 0x33, 0x33, 0x33, 0x33, 0x44, 0x44, 
	0x57, 0x77, 0x65, 0x55, 0x44, 0x33, 0x33, 0x33, 
	0x33, 0x56, 0x88, 0x87, 0x54, 0x34, 0x43, 0x33, 
	0x34, 0x45, 0x67, 0x75, 0x54, 0x43, 0x44, 0x44, 
	0x22, 0x33, 0x43, 0x43, 0x33, 0x44, 0x44, 0x45, 
	0x56, 0x65, 0x55, 0x54, 0x44, 0x44, 0x33, 0x34, 
	0x45, 0x55, 0x76, 0x55, 0x43, 0x34, 0x44, 0x33, 
	0x34, 0x55, 0x65, 0x55, 0x54, 0x35, 0x56, 0x55, 
	0x22, 0x23, 0x33, 0x33, 0x43, 0x45, 0x65, 0x44, 
	0x44, 0x44, 0x44, 0x45, 0x55, 0x54, 0x33, 0x35, 
	0x54, 0x44, 0x55, 0x43, 0x33, 0x34, 0x44, 0x34, 
	0x44, 0x45, 0x45, 0x55, 0x43, 0x44, 0x57, 0x78, 
	0x33, 0x33, 0x34, 0x44, 0x43, 0x45, 0x76, 0x54, 
	0x54, 0x43, 0x34, 0x44, 0x55, 0x43, 0x33, 0x34, 
	0x54, 0x44, 0x44, 0x43, 0x33, 0x34, 0x44, 0x34, 
	0x44, 0x43, 0x34, 0x44, 0x34, 0x44, 0x55, 0x57, 
	0x33, 0x34, 0x54, 0x44, 0x33, 0x45, 0x77, 0x75, 
	0x44, 0x44, 0x44, 0x45, 0x54, 0x43, 0x33, 0x34, 
	0x54, 0x34, 0x54, 0x44, 0x44, 0x43, 0x33, 0x34, 
	0x54, 0x43, 0x33, 0x33, 0x34, 0x45, 0x44, 0x44, 
	0x33, 0x45, 0x54, 0x43, 0x44, 0x44, 0x56, 0x65, 
	0x55, 0x45, 0x45, 0x56, 0x54, 0x43, 0x33, 0x44, 
	0x44, 0x45, 0x55, 0x54, 0x44, 0x33, 0x33, 0x34, 
	0x55, 0x43, 0x33, 0x33, 0x34, 0x45, 0x43, 0x33, 
	0x33, 0x35, 0x54, 0x44, 0x55, 0x55, 0x54, 0x45, 
	0x45, 0x55, 0x55, 0x66, 0x65, 0x44, 0x44, 0x55, 
	0x45, 0x55, 0x55, 0x55, 0x55, 0x43, 0x23, 0x34, 
	0x55, 0x44, 0x33, 0x34, 0x33, 0x34, 0x33, 0x23, 
	0x33, 0x45, 0x67, 0x77, 0x77, 0x76, 0x55, 0x54, 
	0x55, 0x55, 0x55, 0x56, 0x54, 0x44, 0x55, 0x55, 
	0x45, 0x55, 0x55, 0x55, 0x65, 0x44, 0x33, 0x45, 
	0x55, 0x44, 0x44, 0x33, 0x33, 0x34, 0x43, 0x33, 
	0x33, 0x45, 0x77, 0x88, 0x87, 0x77, 0x76, 0x55, 
	0x65, 0x55, 0x55, 0x55, 0x54, 0x44, 0x55, 0x54, 
	0x55, 0x55, 0x66, 0x55, 0x55, 0x54, 0x45, 0x44, 
	0x44, 0x55, 0x54, 0x44, 0x33, 0x44, 0x43, 0x34, 
	0x34, 0x46, 0x78, 0x88, 0x87, 0x67, 0x77, 0x77, 
	0x76, 0x43, 0x44, 0x45, 0x44, 0x44, 0x45, 0x55, 
	0x55, 0x55, 0x76, 0x55, 0x45, 0x44, 0x55, 0x43, 
	0x44, 0x55, 0x54, 0x45, 0x54, 0x55, 0x43, 0x45, 
	0x34, 0x56, 0x77, 0x77, 0x77, 0x55, 0x67, 0x88, 
	0x77, 0x54, 0x44, 0x44, 0x44, 0x44, 0x45, 0x44, 
	0x44, 0x45, 0x67, 0x55, 0x55, 0x45, 0x44, 0x54, 
	0x44, 0x55, 0x45, 0x56, 0x55, 0x55, 0x44, 0x57, 
	0x44, 0x57, 0x77, 0x66, 0x66, 0x55, 0x67, 0x88, 
	0x87, 0x75, 0x54, 0x44, 0x44, 0x44, 0x33, 0x34, 
	0x34, 0x45, 0x77, 0x77, 0x65, 0x44, 0x44, 0x55, 
	0x55, 0x54, 0x45, 0x55, 0x55, 0x54, 0x45, 0x67, 
	0x44, 0x57, 0x77, 0x77, 0x65, 0x55, 0x58, 0x77, 
	0x77, 0x76, 0x54, 0x44, 0x44, 0x43, 0x33, 0x33, 
	0x44, 0x56, 0x77, 0x77, 0x76, 0x54, 0x44, 0x55, 
	0x55, 0x55, 0x44, 0x45, 0x55, 0x55, 0x55, 0x55, 
	0x44, 0x57, 0x75, 0x77, 0x75, 0x44, 0x57, 0x65, 
	0x44, 0x45, 0x54, 0x44, 0x44, 0x33, 0x34, 0x45, 
	0x56, 0x65, 0x65, 0x56, 0x55, 0x55, 0x44, 0x44, 
	0x45, 0x55, 0x44, 0x44, 0x44, 0x45, 0x56, 0x55, 
	0x55, 0x58, 0x87, 0x77, 0x44, 0x33, 0x55, 0x54, 
	0x44, 0x56, 0x54, 0x34, 0x44, 0x33, 0x34, 0x45, 
	0x66, 0x55, 0x44, 0x44, 0x44, 0x44, 0x33, 0x33, 
	0x34, 0x55, 0x54, 0x44, 0x43, 0x35, 0x77, 0x64, 
	0x55, 0x68, 0x87, 0x76, 0x44, 0x44, 0x44, 0x43, 
	0x45, 0x67, 0x64, 0x43, 0x33, 0x33, 0x44, 0x56, 
	0x66, 0x55, 0x45, 0x45, 0x43, 0x33, 0x33, 0x43, 
	0x33, 0x34, 0x34, 0x44, 0x43, 0x34, 0x56, 0x54, 
	0x55, 0x77, 0x88, 0x75, 0x44, 0x54, 0x44, 0x44, 
	0x57, 0x87, 0x55, 0x44, 0x33, 0x43, 0x44, 0x67, 
	0x56, 0x66, 0x66, 0x54, 0x44, 0x33, 0x34, 0x44, 
	0x44, 0x43, 0x33, 0x33, 0x43, 0x34, 0x44, 0x43, 
	0x66, 0x78, 0x78, 0x54, 0x45, 0x55, 0x44, 0x45, 
	0x77, 0x76, 0x55, 0x65, 0x43, 0x34, 0x45, 0x67, 
	0x66, 0x67, 0x76, 0x55, 0x43, 0x43, 0x46, 0x65, 
	0x55, 0x54, 0x44, 0x44, 0x33, 0x44, 0x43, 0x33, 
	0x77, 0x78, 0x77, 0x54, 0x46, 0x55, 0x45, 0x55, 
	0x66, 0x65, 0x55, 0x65, 0x43, 0x44, 0x56, 0x77, 
	0x77, 0x77, 0x75, 0x44, 0x44, 0x34, 0x46, 0x77, 
	0x77, 0x75, 0x55, 0x44, 0x44, 0x67, 0x53, 0x34, 
	0x56, 0x78, 0x77, 0x55, 0x56, 0x54, 0x45, 0x55, 
	0x44, 0x55, 0x55, 0x54, 0x43, 0x45, 0x78, 0x87, 
	0x77, 0x87, 0x64, 0x44, 0x43, 0x44, 0x55, 0x67, 
	0x77, 0x75, 0x66, 0x54, 0x46, 0x87, 0x54, 0x45, 
	0x77, 0x66, 0x76, 0x65, 0x66, 0x55, 0x45, 0x54, 
	0x44, 0x55, 0x55, 0x44, 0x34, 0x45, 0x88, 0x87, 
	0x78, 0x87, 0x54, 0x44, 0x34, 0x45, 0x44, 0x45, 
	0x77, 0x55, 0x77, 0x55, 0x57, 0x87, 0x54, 0x55, 
	0x87, 0x66, 0x56, 0x67, 0x77, 0x65, 0x65, 0x43, 
	0x33, 0x44, 0x44, 0x33, 0x34, 0x46, 0x88, 0x77, 
	0x77, 0x75, 0x43, 0x33, 0x44, 0x55, 0x53, 0x34, 
	0x45, 0x44, 0x67, 0x65, 0x67, 0x75, 0x55, 0x55, 
	0x88, 0x75, 0x55, 0x67, 0x77, 0x77, 0x65, 0x43, 
	0x33, 0x43, 0x33, 0x33, 0x45, 0x67, 0x87, 0x75, 
	0x57, 0x54, 0x43, 0x33, 0x34, 0x55, 0x43, 0x33, 
	0x33, 0x34, 0x55, 0x55, 0x67, 0x76, 0x55, 0x67, 
	0x87, 0x75, 0x45, 0x56, 0x67, 0x77, 0x54, 0x33, 
	0x33, 0x33, 0x33, 0x34, 0x55, 0x67, 0x77, 0x55, 
	0x66, 0x65, 0x44, 0x44, 0x45, 0x55, 0x43, 0x33, 
	0x33, 0x34, 0x45, 0x54, 0x56, 0x76, 0x66, 0x77, 
	0x87, 0x64, 0x44, 0x44, 0x45, 0x65, 0x43, 0x33, 
	0x44, 0x43, 0x23, 0x44, 0x56, 0x66, 0x55, 0x56, 
	0x77, 0x66, 0x65, 0x55, 0x67, 0x75, 0x43, 0x33, 
	0x44, 0x45, 0x55, 0x44, 0x55, 0x55, 0x57, 0x87, 
	0x77, 0x54, 0x33, 0x33, 0x44, 0x54, 0x33, 0x34, 
	0x44, 0x33, 0x33, 0x45, 0x66, 0x54, 0x55, 0x67, 
	0x77, 0x56, 0x77, 0x77, 0x78, 0x75, 0x44, 0x45, 
	0x44, 0x55, 0x55, 0x54, 0x55, 0x55, 0x67, 0x76, 
	0x77, 0x44, 0x43, 0x33, 0x44, 0x44, 0x34, 0x45, 
	0x54, 0x44, 0x43, 0x45, 0x77, 0x54, 0x45, 0x65, 
	0x54, 0x44, 0x56, 0x66, 0x77, 0x65, 0x45, 0x55, 
	0x44, 0x44, 0x55, 0x56, 0x67, 0x66, 0x66, 0x55, 
	0x76, 0x54, 0x44, 0x33, 0x44, 0x34, 0x33, 0x45, 
	0x55, 0x44, 0x44, 0x45, 0x66, 0x54, 0x55, 0x44, 
	0x43, 0x33, 0x44, 0x44, 0x45, 0x55, 0x55, 0x54, 
	0x44, 0x44, 0x55, 0x56, 0x77, 0x88, 0x77, 0x55, 
	0x77, 0x55, 0x43, 0x34, 0x43, 0x33, 0x33, 0x55, 
	0x54, 0x34, 0x44, 0x45, 0x65, 0x44, 0x45, 0x54, 
	0x43, 0x33, 0x33, 0x34, 0x55, 0x55, 0x55, 0x44, 
	0x45, 0x54, 0x55, 0x55, 0x56, 0x88, 0x76, 0x67, 
	0x55, 0x55, 0x44, 0x44, 0x44, 0x33, 0x33, 0x33, 
	0x33, 0x34, 0x44, 0x55, 0x55, 0x44, 0x55, 0x54, 
	0x43, 0x43, 0x33, 0x45, 0x66, 0x67, 0x64, 0x43, 
	0x45, 0x55, 0x45, 0x56, 0x66, 0x88, 0x77, 0x77, 
	0x54, 0x55, 0x54, 0x44, 0x43, 0x33, 0x33, 0x33, 
	0x33, 0x44, 0x45, 0x57, 0x65, 0x55, 0x55, 0x55, 
	0x44, 0x55, 0x44, 0x45, 0x66, 0x67, 0x54, 0x43, 
	0x55, 0x66, 0x55, 0x67, 0x77, 0x77, 0x77, 0x75, 
	0x34, 0x44, 0x44, 0x44, 0x43, 0x32, 0x22, 0x33, 
	0x45, 0x54, 0x55, 0x56, 0x77, 0x77, 0x55, 0x55, 
	0x55, 0x65, 0x44, 0x55, 0x55, 0x57, 0x75, 0x44, 
	0x45, 0x65, 0x66, 0x65, 0x67, 0x78, 0x77, 0x54, 
	0x33, 0x34, 0x34, 0x44, 0x33, 0x43, 0x33, 0x45, 
	0x66, 0x55, 0x45, 0x45, 0x67, 0x77, 0x55, 0x55, 
	0x67, 0x65, 0x44, 0x55, 0x55, 0x57, 0x77, 0x55, 
	0x56, 0x76, 0x77, 0x76, 0x55, 0x67, 0x86, 0x43, 
	0x34, 0x44, 0x44, 0x43, 0x34, 0x45, 0x44, 0x45, 
	0x76, 0x44, 0x44, 0x54, 0x56, 0x65, 0x45, 0x67, 
	0x77, 0x75, 0x44, 0x45, 0x55, 0x56, 0x66, 0x67, 
	0x77, 0x76, 0x67, 0x76, 0x55, 0x57, 0x75, 0x44, 
	0x45, 0x54, 0x43, 0x43, 0x43, 0x45, 0x55, 0x55, 
	0x54, 0x43, 0x45, 0x76, 0x65, 0x54, 0x56, 0x78, 
	0x87, 0x75, 0x55, 0x55, 0x55, 0x55, 0x55, 0x56, 
	0x78, 0x85, 0x56, 0x76, 0x55, 0x55, 0x65, 0x34, 
	0x56, 0x64, 0x44, 0x33, 0x33, 0x44, 0x55, 0x44, 
	0x44, 0x44, 0x57, 0x87, 0x76, 0x55, 0x57, 0x88, 
	0x87, 0x54, 0x56, 0x77, 0x75, 0x54, 0x55, 0x55, 
	0x67, 0x75, 0x56, 0x77, 0x76, 0x76, 0x55, 0x34, 
	0x55, 0x54, 0x44, 0x33, 0x34, 0x45, 0x76, 0x55, 
	0x44, 0x55, 0x88, 0x87, 0x66, 0x65, 0x57, 0x78, 
	0x75, 0x44, 0x56, 0x77, 0x76, 0x66, 0x67, 0x75, 
	0x55, 0x55, 0x56, 0x87, 0x77, 0x87, 0x64, 0x34, 
	0x44, 0x44, 0x43, 0x34, 0x44, 0x57, 0x87, 0x65, 
	0x55, 0x78, 0x88, 0x76, 0x55, 0x55, 0x57, 0x77, 
	0x54, 0x45, 0x67, 0x66, 0x77, 0x88, 0x88, 0x75, 
	0x44, 0x45, 0x68, 0x88, 0x77, 0x77, 0x54, 0x35, 
	0x33, 0x33, 0x33, 0x34, 0x56, 0x78, 0x88, 0x76, 
	0x56, 0x78, 0x77, 0x54, 0x54, 0x45, 0x67, 0x75, 
	0x44, 0x45, 0x65, 0x67, 0x78, 0x88, 0x88, 0x64, 
	0x54, 0x55, 0x87, 0x88, 0x88, 0x55, 0x43, 0x44, 
	0x33, 0x33, 0x33, 0x45, 0x67, 0x78, 0x78, 0x87, 
	0x57, 0x77, 0x54, 0x44, 0x45, 0x45, 0x66, 0x54, 
	0x43, 0x34, 0x55, 0x67, 0x78, 0x88, 0x87, 0x54, 
	0x54, 0x45, 0x78, 0x88, 0x77, 0x54, 0x33, 0x44, 
	0x44, 0x43, 0x45, 0x77, 0x78, 0x77, 0x77, 0x77, 
	0x66, 0x75, 0x44, 0x33, 0x44, 0x45, 0x55, 0x43, 
	0x33, 0x43, 0x45, 0x56, 0x77, 0x88, 0x76, 0x44, 
	0x44, 0x45, 0x57, 0x77, 0x75, 0x54, 0x33, 0x34, 
	0x55, 0x55, 0x57, 0x88, 0x77, 0x76, 0x55, 0x67, 
	0x65, 0x44, 0x54, 0x33, 0x44, 0x44, 0x43, 0x33, 
	0x33, 0x33, 0x45, 0x56, 0x76, 0x55, 0x44, 0x33, 
	0x34, 0x55, 0x55, 0x55, 0x55, 0x54, 0x33, 0x33, 
	0x55, 0x66, 0x78, 0x87, 0x77, 0x75, 0x45, 0x67, 
	0x64, 0x44, 0x55, 0x54, 0x44, 0x44, 0x33, 0x33, 
	0x34, 0x35, 0x56, 0x66, 0x55, 0x54, 0x43, 0x33, 
	0x45, 0x66, 0x45, 0x45, 0x45, 0x54, 0x33, 0x33, 
	0x77, 0x77, 0x88, 0x87, 0x76, 0x56, 0x56, 0x77, 
	0x64, 0x45, 0x55, 0x55, 0x44, 0x44, 0x43, 0x43, 
	0x44, 0x54, 0x56, 0x75, 0x44, 0x44, 0x43, 0x33, 
	0x46, 0x77, 0x54, 0x55, 0x55, 0x55, 0x33, 0x33, 
	0x77, 0x77, 0x78, 0x87, 0x65, 0x55, 0x78, 0x77, 
	0x55, 0x55, 0x55, 0x54, 0x54, 0x45, 0x54, 0x44, 
	0x44, 0x45, 0x46, 0x75, 0x44, 0x43, 0x33, 0x33, 
	0x57, 0x76, 0x45, 0x55, 0x55, 0x54, 0x44, 0x33, 
	0x66, 0x55, 0x67, 0x77, 0x65, 0x57, 0x87, 0x65, 
	0x55, 0x65, 0x54, 0x44, 0x44, 0x45, 0x55, 0x55, 
	0x55, 0x54, 0x55, 0x65, 0x44, 0x33, 0x33, 0x34, 
	0x57, 0x75, 0x44, 0x44, 0x45, 0x54, 0x33, 0x32, 
	0x54, 0x44, 0x55, 0x67, 0x76, 0x68, 0x88, 0x75, 
	0x55, 0x55, 0x43, 0x33, 0x44, 0x55, 0x45, 0x45, 
	0x55, 0x44, 0x44, 0x54, 0x43, 0x33, 0x44, 0x44, 
	0x56, 0x54, 0x44, 0x44, 0x55, 0x55, 0x32, 0x22, 
	0x44, 0x44, 0x44, 0x45, 0x55, 0x56, 0x87, 0x76, 
	0x55, 0x44, 0x44, 0x44, 0x45, 0x54, 0x44, 0x44, 
	0x44, 0x34, 0x44, 0x33, 0x33, 0x34, 0x55, 0x55, 
	0x55, 0x54, 0x57, 0x66, 0x75, 0x54, 0x32, 0x22, 
	0x54, 0x43, 0x33, 0x34, 0x44, 0x45, 0x77, 0x77, 
	0x65, 0x54, 0x44, 0x55, 0x55, 0x45, 0x45, 0x43, 
	0x33, 0x34, 0x44, 0x33, 0x33, 0x34, 0x55, 0x54, 
	0x55, 0x45, 0x68, 0x77, 0x76, 0x54, 0x32, 0x22, 
	0x45, 0x43, 0x33, 0x44, 0x54, 0x45, 0x66, 0x56, 
	0x76, 0x54, 0x45, 0x67, 0x75, 0x55, 0x65, 0x43, 
	0x33, 0x44, 0x54, 0x44, 0x43, 0x33, 0x44, 0x45, 
	0x55, 0x56, 0x77, 0x65, 0x65, 0x44, 0x33, 0x22, 
	0x44, 0x44, 0x55, 0x55, 0x55, 0x54, 0x45, 0x56, 
	0x65, 0x54, 0x55, 0x56, 0x55, 0x55, 0x55, 0x43, 
	0x44, 0x44, 0x44, 0x55, 0x44, 0x43, 0x34, 0x44, 
	0x55, 0x56, 0x77, 0x77, 0x64, 0x44, 0x43, 0x22, 
	0x54, 0x44, 0x55, 0x55, 0x66, 0x54, 0x44, 0x45, 
	0x55, 0x45, 0x55, 0x44, 0x44, 0x55, 0x43, 0x33, 
	0x33, 0x33, 0x34, 0x56, 0x77, 0x65, 0x45, 0x56, 
	0x55, 0x56, 0x78, 0x78, 0x54, 0x44, 0x44, 0x22, 
	0x54, 0x44, 0x55, 0x66, 0x77, 0x64, 0x43, 0x45, 
	0x45, 0x55, 0x45, 0x44, 0x44, 0x44, 0x33, 0x33, 
	0x33, 0x33, 0x34, 0x55, 0x67, 0x76, 0x67, 0x77, 
	0x55, 0x45, 0x77, 0x87, 0x54, 0x44, 0x53, 0x32, 
	0x54, 0x34, 0x56, 0x78, 0x77, 0x76, 0x43, 0x44, 
	0x44, 0x45, 0x45, 0x55, 0x65, 0x43, 0x34, 0x34, 
	0x33, 0x33, 0x44, 0x54, 0x44, 0x55, 0x57, 0x76, 
	0x44, 0x45, 0x68, 0x87, 0x55, 0x54, 0x44, 0x32, 
	0x33, 0x33, 0x56, 0x77, 0x76, 0x76, 0x54, 0x33, 
	0x34, 0x44, 0x44, 0x67, 0x65, 0x44, 0x44, 0x43, 
	0x33, 0x34, 0x54, 0x33, 0x33, 0x44, 0x44, 0x54, 
	0x45, 0x55, 0x57, 0x65, 0x55, 0x44, 0x44, 0x43, 
	0x33, 0x33, 0x45, 0x55, 0x55, 0x55, 0x44, 0x33, 
	0x34, 0x33, 0x45, 0x66, 0x54, 0x44, 0x44, 0x33, 
	0x33, 0x45, 0x54, 0x43, 0x33, 0x33, 0x34, 0x45, 
	0x56, 0x67, 0x55, 0x44, 0x44, 0x34, 0x44, 0x43, 
	0x33, 0x34, 0x54, 0x55, 0x54, 0x43, 0x44, 0x44, 
	0x44, 0x45, 0x45, 0x55, 0x54, 0x44, 0x44, 0x33, 
	0x35, 0x55, 0x54, 0x43, 0x43, 0x34, 0x55, 0x56, 
	0x77, 0x65, 0x54, 0x43, 0x33, 0x44, 0x55, 0x44, 
	0x44, 0x44, 0x44, 0x55, 0x54, 0x33, 0x34, 0x44, 
	0x56, 0x65, 0x55, 0x54, 0x44, 0x44, 0x44, 0x34, 
	0x46, 0x65, 0x55, 0x34, 0x34, 0x55, 0x67, 0x78, 
	0x87, 0x54, 0x44, 0x44, 0x34, 0x45, 0x55, 0x45, 
	0x44, 0x44, 0x33, 0x45, 0x43, 0x33, 0x34, 0x45, 
	0x55, 0x55, 0x54, 0x43, 0x33, 0x34, 0x45, 0x54, 
	0x55, 0x55, 0x53, 0x33, 0x33, 0x45, 0x78, 0x87, 
	0x77, 0x54, 0x34, 0x44, 0x33, 0x35, 0x44, 0x43, 
	0x44, 0x44, 0x33, 0x33, 0x33, 0x33, 0x34, 0x44, 
	0x34, 0x45, 0x54, 0x43, 0x33, 0x44, 0x56, 0x55, 
	0x44, 0x44, 0x33, 0x33, 0x44, 0x55, 0x57, 0x77, 
	0x65, 0x54, 0x44, 0x54, 0x43, 0x33, 0x43, 0x33, 
	0x44, 0x43, 0x23, 0x45, 0x44, 0x34, 0x44, 0x33, 
	0x34, 0x54, 0x54, 0x33, 0x33, 0x45, 0x65, 0x43, 
	0x32, 0x33, 0x34, 0x33, 0x45, 0x55, 0x55, 0x56, 
	0x56, 0x44, 0x45, 0x65, 0x44, 0x33, 0x33, 0x44, 
	
};

Gfx bob_dl_KKIIDDZZ_DAT_1658__p00_i8_aligner[] = {gsSPEndDisplayList()};
u8 bob_dl_KKIIDDZZ_DAT_1658__p00_i8[] = {
	0x79, 0x73, 0x82, 0x75, 0x78, 0x66, 0x41, 0x24, 
	0x25, 0x24, 0x2d, 0x31, 0x47, 0x56, 0x42, 0x2d, 
	0x2c, 0x39, 0x39, 0x30, 0x60, 0x69, 0x60, 0x44, 
	0x34, 0x31, 0x2b, 0x24, 0x22, 0x22, 0x50, 0x6d, 
	0x77, 0x78, 0x7b, 0x6f, 0x4b, 0x33, 0x26, 0x1f, 
	0x20, 0x2b, 0x37, 0x50, 0x6d, 0x6b, 0x5e, 0x51, 
	0x33, 0x1e, 0x23, 0x26, 0x49, 0x45, 0x36, 0x2f, 
	0x29, 0x25, 0x23, 0x22, 0x21, 0x3f, 0x65, 0x6c, 
	0x6b, 0x6b, 0x44, 0x3b, 0x34, 0x26, 0x22, 0x21, 
	0x2a, 0x3f, 0x68, 0x7e, 0x74, 0x64, 0x5d, 0x63, 
	0x54, 0x25, 0x21, 0x2b, 0x2c, 0x32, 0x2c, 0x23, 
	0x23, 0x25, 0x26, 0x24, 0x2a, 0x4e, 0x5e, 0x61, 
	0x5d, 0x43, 0x38, 0x45, 0x48, 0x37, 0x24, 0x22, 
	0x47, 0x68, 0x7c, 0x6e, 0x6f, 0x69, 0x6b, 0x68, 
	0x68, 0x34, 0x2a, 0x54, 0x2c, 0x25, 0x26, 0x37, 
	0x52, 0x50, 0x54, 0x3c, 0x24, 0x33, 0x4e, 0x64, 
	0x48, 0x60, 0x65, 0x6c, 0x69, 0x5d, 0x27, 0x39, 
	0x6e, 0x77, 0x6c, 0x69, 0x7a, 0x79, 0x76, 0x65, 
	0x6d, 0x37, 0x27, 0x5a, 0x36, 0x43, 0x5d, 0x70, 
	0x6d, 0x63, 0x60, 0x5f, 0x32, 0x2c, 0x39, 0x46, 
	0x6f, 0x75, 0x71, 0x6d, 0x61, 0x4f, 0x22, 0x53, 
	0x7d, 0x71, 0x6c, 0x76, 0x82, 0x7f, 0x79, 0x64, 
	0x5b, 0x39, 0x1a, 0x26, 0x32, 0x75, 0x73, 0x6f, 
	0x6e, 0x68, 0x61, 0x56, 0x49, 0x2d, 0x2b, 0x39, 
	0x73, 0x63, 0x5b, 0x53, 0x55, 0x2c, 0x24, 0x61, 
	0x83, 0x74, 0x78, 0x84, 0x82, 0x79, 0x6a, 0x5d, 
	0x3d, 0x23, 0x17, 0x2d, 0x5b, 0x87, 0x6c, 0x63, 
	0x64, 0x5d, 0x5b, 0x57, 0x5a, 0x3c, 0x25, 0x3a, 
	0x62, 0x55, 0x58, 0x55, 0x3a, 0x1d, 0x36, 0x6b, 
	0x78, 0x73, 0x7c, 0x7d, 0x6a, 0x5f, 0x5c, 0x3c, 
	0x29, 0x19, 0x24, 0x4f, 0x7f, 0x81, 0x64, 0x5d, 
	0x5f, 0x5d, 0x63, 0x5f, 0x5f, 0x43, 0x23, 0x3f, 
	0x64, 0x66, 0x69, 0x4b, 0x2a, 0x1f, 0x4f, 0x7a, 
	0x80, 0x75, 0x82, 0x7f, 0x56, 0x48, 0x3c, 0x27, 
	0x20, 0x1f, 0x2f, 0x53, 0x70, 0x5f, 0x5a, 0x5a, 
	0x61, 0x64, 0x5d, 0x43, 0x42, 0x30, 0x2f, 0x5c, 
	0x65, 0x65, 0x50, 0x2e, 0x22, 0x27, 0x55, 0x74, 
	0x7b, 0x70, 0x84, 0x7e, 0x45, 0x3f, 0x36, 0x24, 
	0x21, 0x20, 0x2b, 0x38, 0x5a, 0x54, 0x4b, 0x56, 
	0x61, 0x63, 0x44, 0x34, 0x31, 0x25, 0x2c, 0x56, 
	0x3a, 0x4c, 0x34, 0x23, 0x21, 0x25, 0x36, 0x54, 
	0x6b, 0x6a, 0x75, 0x4e, 0x34, 0x3c, 0x57, 0x5e, 
	0x3a, 0x1d, 0x21, 0x29, 0x33, 0x3c, 0x42, 0x53, 
	0x5b, 0x4b, 0x32, 0x2d, 0x29, 0x2c, 0x2d, 0x2b, 
	0x30, 0x2b, 0x2b, 0x1d, 0x2f, 0x2c, 0x26, 0x29, 
	0x32, 0x3b, 0x3d, 0x38, 0x27, 0x44, 0x68, 0x68, 
	0x56, 0x1f, 0x1d, 0x26, 0x2b, 0x2e, 0x32, 0x3a, 
	0x33, 0x30, 0x27, 0x23, 0x3d, 0x6a, 0x5e, 0x46, 
	0x45, 0x32, 0x20, 0x2a, 0x5f, 0x2e, 0x26, 0x33, 
	0x2b, 0x21, 0x2b, 0x2a, 0x20, 0x39, 0x61, 0x64, 
	0x52, 0x24, 0x23, 0x21, 0x1f, 0x25, 0x29, 0x24, 
	0x21, 0x22, 0x22, 0x27, 0x63, 0x68, 0x60, 0x58, 
	0x34, 0x36, 0x22, 0x4e, 0x5d, 0x27, 0x4b, 0x5f, 
	0x2a, 0x1f, 0x1e, 0x21, 0x1f, 0x2a, 0x36, 0x44, 
	0x3b, 0x2a, 0x3c, 0x33, 0x1e, 0x23, 0x29, 0x30, 
	0x3b, 0x2f, 0x25, 0x33, 0x54, 0x3d, 0x38, 0x34, 
	0x32, 0x2b, 0x33, 0x3b, 0x32, 0x3d, 0x69, 0x4c, 
	0x1b, 0x1b, 0x31, 0x45, 0x26, 0x23, 0x27, 0x25, 
	0x2d, 0x53, 0x60, 0x55, 0x1e, 0x20, 0x3b, 0x62, 
	0x6a, 0x5b, 0x49, 0x26, 0x33, 0x30, 0x2d, 0x2c, 
	0x58, 0x56, 0x3b, 0x25, 0x2f, 0x3d, 0x50, 0x20, 
	0x19, 0x2b, 0x64, 0x68, 0x3c, 0x20, 0x4b, 0x46, 
	0x25, 0x50, 0x5f, 0x49, 0x21, 0x47, 0x68, 0x76, 
	0x62, 0x5b, 0x56, 0x21, 0x26, 0x25, 0x53, 0x5b, 
	0x3a, 0x51, 0x5a, 0x49, 0x27, 0x24, 0x2e, 0x2c, 
	0x2a, 0x27, 0x4f, 0x65, 0x54, 0x29, 0x43, 0x63, 
	0x45, 0x38, 0x25, 0x2a, 0x37, 0x48, 0x64, 0x5f, 
	0x5d, 0x5c, 0x53, 0x2d, 0x20, 0x2d, 0x34, 0x32, 
	0x3d, 0x31, 0x38, 0x2e, 0x20, 0x33, 0x58, 0x61, 
	0x58, 0x2b, 0x2a, 0x4e, 0x47, 0x25, 0x4f, 0x7b, 
	0x5e, 0x32, 0x31, 0x6f, 0x64, 0x3a, 0x33, 0x37, 
	0x44, 0x50, 0x3d, 0x26, 0x2e, 0x31, 0x3d, 0x43, 
	0x6e, 0x58, 0x38, 0x20, 0x26, 0x5e, 0x82, 0x6d, 
	0x60, 0x44, 0x27, 0x26, 0x2f, 0x48, 0x3b, 0x55, 
	0x41, 0x29, 0x65, 0x8c, 0x76, 0x65, 0x44, 0x23, 
	0x1b, 0x24, 0x25, 0x3b, 0x5a, 0x68, 0x66, 0x6c, 
	0x6f, 0x69, 0x50, 0x21, 0x29, 0x48, 0x5f, 0x63, 
	0x55, 0x43, 0x22, 0x21, 0x3a, 0x64, 0x4e, 0x30, 
	0x29, 0x37, 0x75, 0x7c, 0x61, 0x5f, 0x5b, 0x4a, 
	0x2e, 0x20, 0x36, 0x6e, 0x7f, 0x78, 0x6f, 0x71, 
	0x70, 0x69, 0x4e, 0x29, 0x25, 0x26, 0x27, 0x2c, 
	0x31, 0x30, 0x20, 0x20, 0x2a, 0x3a, 0x34, 0x29, 
	0x21, 0x2c, 0x45, 0x53, 0x51, 0x57, 0x57, 0x3d, 
	0x25, 0x20, 0x48, 0x7a, 0x79, 0x76, 0x70, 0x75, 
	0x73, 0x63, 0x45, 0x27, 0x2e, 0x38, 0x39, 0x2c, 
	0x2b, 0x22, 0x1f, 0x20, 0x26, 0x38, 0x4b, 0x48, 
	0x47, 0x30, 0x26, 0x2f, 0x37, 0x46, 0x50, 0x36, 
	0x22, 0x20, 0x53, 0x83, 0x7a, 0x78, 0x6e, 0x70, 
	0x75, 0x64, 0x36, 0x23, 0x3a, 0x6b, 0x6a, 0x64, 
	0x50, 0x2f, 0x2e, 0x22, 0x2e, 0x5f, 0x73, 0x6d, 
	0x69, 0x62, 0x47, 0x2b, 0x25, 0x2f, 0x2f, 0x22, 
	0x1f, 0x20, 0x49, 0x77, 0x71, 0x83, 0x7a, 0x74, 
	0x56, 0x33, 0x26, 0x23, 0x2f, 0x5a, 0x6a, 0x64, 
	0x58, 0x41, 0x43, 0x3b, 0x39, 0x61, 0x66, 0x63, 
	0x60, 0x68, 0x70, 0x5b, 0x22, 0x1b, 0x23, 0x32, 
	0x3b, 0x27, 0x29, 0x41, 0x45, 0x60, 0x6b, 0x64, 
	0x36, 0x25, 0x1d, 0x1f, 0x24, 0x25, 0x3e, 0x4e, 
	0x41, 0x46, 0x3c, 0x56, 0x51, 0x53, 0x51, 0x5b, 
	0x63, 0x69, 0x6f, 0x5d, 0x25, 0x31, 0x62, 0x79, 
	0x6d, 0x5a, 0x2d, 0x29, 0x29, 0x34, 0x3b, 0x3d, 
	0x25, 0x1f, 0x32, 0x37, 0x25, 0x1f, 0x29, 0x26, 
	0x32, 0x2c, 0x29, 0x60, 0x81, 0x48, 0x2e, 0x3c, 
	0x43, 0x44, 0x47, 0x37, 0x2b, 0x39, 0x6d, 0x6c, 
	0x62, 0x65, 0x66, 0x3c, 0x1e, 0x22, 0x25, 0x24, 
	0x2c, 0x25, 0x5a, 0x62, 0x58, 0x24, 0x2b, 0x30, 
	0x33, 0x26, 0x1e, 0x36, 0x77, 0x4a, 0x2d, 0x30, 
	0x25, 0x21, 0x25, 0x23, 0x1f, 0x29, 0x56, 0x66, 
	0x5f, 0x69, 0x69, 0x5a, 0x37, 0x1e, 0x2c, 0x32, 
	0x4a, 0x26, 0x37, 0x43, 0x47, 0x29, 0x38, 0x62, 
	0x57, 0x43, 0x2f, 0x26, 0x31, 0x2a, 0x4b, 0x62, 
	0x5b, 0x46, 0x3a, 0x26, 0x22, 0x20, 0x2b, 0x32, 
	0x3c, 0x4e, 0x5b, 0x64, 0x46, 0x2b, 0x6b, 0x6a, 
	0x3e, 0x2f, 0x42, 0x42, 0x3f, 0x32, 0x2d, 0x4c, 
	0x64, 0x69, 0x63, 0x42, 0x29, 0x34, 0x5c, 0x5f, 
	0x69, 0x74, 0x75, 0x57, 0x2b, 0x2c, 0x4c, 0x42, 
	0x47, 0x3b, 0x37, 0x39, 0x2e, 0x52, 0x73, 0x65, 
	0x46, 0x76, 0x83, 0x86, 0x8f, 0x82, 0x4c, 0x2b, 
	0x53, 0x73, 0x73, 0x64, 0x42, 0x38, 0x56, 0x57, 
	0x66, 0x79, 0x73, 0x5f, 0x2f, 0x39, 0x6e, 0x68, 
	0x61, 0x44, 0x3b, 0x34, 0x30, 0x5d, 0x62, 0x39, 
	0x71, 0x7b, 0x79, 0x6d, 0x7a, 0x81, 0x69, 0x2b, 
	0x43, 0x73, 0x6c, 0x53, 0x2d, 0x26, 0x44, 0x56, 
	0x5a, 0x73, 0x6b, 0x43, 0x2b, 0x56, 0x6c, 0x60, 
	0x6e, 0x65, 0x46, 0x33, 0x32, 0x5e, 0x39, 0x38, 
	0x7c, 0x76, 0x73, 0x7a, 0x7a, 0x80, 0x64, 0x25, 
	0x2b, 0x4e, 0x3e, 0x2c, 0x2c, 0x33, 0x33, 0x3a, 
	0x52, 0x5f, 0x56, 0x32, 0x53, 0x6c, 0x6b, 0x62, 
	0x5e, 0x54, 0x46, 0x33, 0x25, 0x2c, 0x2f, 0x5a, 
	
};

Gfx bob_dl_C55_i4_aligner[] = {gsSPEndDisplayList()};
u8 bob_dl_C55_i4[] = {
	0x11, 0x11, 0x11, 0x11, 0x11, 0x11, 0x11, 0x11, 
	0x11, 0x34, 0x13, 0x43, 0x13, 0x33, 0x32, 0x31, 
	0x11, 0x12, 0x11, 0x32, 0x33, 0x23, 0x44, 0x13, 
	0x13, 0x33, 0x13, 0x11, 0x32, 0x21, 0x11, 0x11, 
	0x12, 0x22, 0x12, 0x21, 0x22, 0x11, 0x11, 0x11, 
	0x13, 0x13, 0x11, 0x32, 0x33, 0x33, 0x13, 0x31, 
	0x11, 0x11, 0x32, 0x13, 0x31, 0x33, 0x12, 0x23, 
	0x31, 0x42, 0x23, 0x42, 0x12, 0x22, 0x11, 0x11, 
	0x23, 0x34, 0x32, 0x23, 0x32, 0x22, 0x21, 0x11, 
	0x12, 0x23, 0x43, 0x13, 0x31, 0x12, 0x31, 0x21, 
	0x11, 0x11, 0x31, 0x21, 0x23, 0x12, 0x31, 0x41, 
	0x23, 0x32, 0x34, 0x31, 0x21, 0x11, 0x11, 0x11, 
	0x13, 0x11, 0x33, 0x33, 0x31, 0x41, 0x12, 0x11, 
	0x21, 0x34, 0x41, 0x31, 0x23, 0x11, 0x33, 0x11, 
	0x11, 0x11, 0x11, 0x22, 0x23, 0x33, 0x32, 0x31, 
	0x43, 0x13, 0x31, 0x21, 0x11, 0x11, 0x12, 0x22, 
	0x12, 0x34, 0x33, 0x33, 0x43, 0x23, 0x22, 0x11, 
	0x11, 0x11, 0x22, 0x33, 0x23, 0x43, 0x41, 0x12, 
	0x11, 0x11, 0x11, 0x12, 0x23, 0x13, 0x21, 0x31, 
	0x12, 0x31, 0x21, 0x11, 0x11, 0x22, 0x11, 0x21, 
	0x33, 0x31, 0x13, 0x33, 0x33, 0x31, 0x33, 0x31, 
	0x11, 0x11, 0x14, 0x12, 0x34, 0x41, 0x11, 0x23, 
	0x44, 0x33, 0x11, 0x13, 0x21, 0x11, 0x23, 0x34, 
	0x32, 0x23, 0x22, 0x11, 0x32, 0x23, 0x34, 0x24, 
	0x43, 0x44, 0x41, 0x33, 0x53, 0x33, 0x42, 0x33, 
	0x11, 0x11, 0x11, 0x14, 0x31, 0x32, 0x12, 0x33, 
	0x34, 0x43, 0x31, 0x12, 0x22, 0x23, 0x23, 0x32, 
	0x12, 0x22, 0x21, 0x11, 0x33, 0x34, 0x54, 0x43, 
	0x35, 0x34, 0x41, 0x32, 0x44, 0x43, 0x33, 0x43, 
	0x32, 0x11, 0x11, 0x41, 0x21, 0x21, 0x23, 0x33, 
	0x44, 0x44, 0x31, 0x11, 0x12, 0x21, 0x11, 0x22, 
	0x11, 0x21, 0x11, 0x33, 0x34, 0x43, 0x54, 0x34, 
	0x33, 0x44, 0x33, 0x33, 0x43, 0x33, 0x33, 0x32, 
	0x34, 0x11, 0x11, 0x11, 0x11, 0x11, 0x22, 0x24, 
	0x44, 0x43, 0x34, 0x11, 0x11, 0x22, 0x12, 0x12, 
	0x21, 0x11, 0x24, 0x33, 0x35, 0x44, 0x44, 0x33, 
	0x13, 0x32, 0x34, 0x31, 0x13, 0x33, 0x33, 0x14, 
	0x13, 0x31, 0x11, 0x11, 0x11, 0x11, 0x33, 0x22, 
	0x34, 0x34, 0x33, 0x21, 0x11, 0x11, 0x12, 0x22, 
	0x11, 0x11, 0x33, 0x34, 0x43, 0x44, 0x34, 0x42, 
	0x31, 0x14, 0x33, 0x23, 0x43, 0x33, 0x34, 0x32, 
	0x33, 0x21, 0x11, 0x11, 0x11, 0x13, 0x13, 0x42, 
	0x33, 0x33, 0x42, 0x41, 0x11, 0x11, 0x11, 0x11, 
	0x11, 0x33, 0x43, 0x43, 0x44, 0x32, 0x33, 0x34, 
	0x32, 0x33, 0x31, 0x33, 0x11, 0x33, 0x33, 0x33, 
	0x11, 0x32, 0x11, 0x11, 0x11, 0x32, 0x42, 0x34, 
	0x33, 0x33, 0x44, 0x33, 0x21, 0x11, 0x11, 0x11, 
	0x11, 0x23, 0x32, 0x33, 0x33, 0x34, 0x13, 0x33, 
	0x43, 0x31, 0x31, 0x12, 0x32, 0x33, 0x13, 0x34, 
	0x23, 0x12, 0x31, 0x13, 0x31, 0x23, 0x42, 0x32, 
	0x13, 0x23, 0x33, 0x32, 0x33, 0x31, 0x11, 0x13, 
	0x33, 0x43, 0x33, 0x33, 0x13, 0x23, 0x23, 0x33, 
	0x23, 0x43, 0x34, 0x33, 0x34, 0x33, 0x32, 0x33, 
	0x32, 0x22, 0x31, 0x13, 0x42, 0x33, 0x44, 0x13, 
	0x43, 0x33, 0x11, 0x33, 0x32, 0x32, 0x11, 0x12, 
	0x13, 0x23, 0x33, 0x42, 0x44, 0x33, 0x43, 0x31, 
	0x22, 0x12, 0x32, 0x12, 0x32, 0x12, 0x31, 0x12, 
	0x22, 0x21, 0x11, 0x12, 0x43, 0x33, 0x33, 0x33, 
	0x33, 0x33, 0x31, 0x34, 0x34, 0x22, 0x11, 0x12, 
	0x31, 0x21, 0x21, 0x13, 0x22, 0x33, 0x42, 0x33, 
	0x22, 0x32, 0x23, 0x11, 0x11, 0x12, 0x23, 0x11, 
	0x11, 0x11, 0x11, 0x13, 0x23, 0x33, 0x33, 0x33, 
	0x34, 0x33, 0x33, 0x33, 0x33, 0x21, 0x11, 0x11, 
	0x22, 0x21, 0x33, 0x22, 0x31, 0x23, 0x23, 0x32, 
	0x22, 0x12, 0x22, 0x23, 0x22, 0x22, 0x22, 0x21, 
	0x12, 0x11, 0x11, 0x13, 0x11, 0x33, 0x33, 0x34, 
	0x33, 0x32, 0x33, 0x34, 0x33, 0x32, 0x11, 0x11, 
	0x11, 0x11, 0x21, 0x21, 0x11, 0x11, 0x12, 0x23, 
	0x12, 0x11, 0x22, 0x21, 0x21, 0x11, 0x21, 0x22, 
	0x21, 0x11, 0x11, 0x13, 0x34, 0x33, 0x23, 0x11, 
	0x34, 0x33, 0x33, 0x33, 0x33, 0x43, 0x21, 0x11, 
	0x11, 0x21, 0x21, 0x11, 0x11, 0x11, 0x22, 0x12, 
	0x22, 0x21, 0x12, 0x22, 0x12, 0x22, 0x22, 0x11, 
	0x11, 0x11, 0x11, 0x31, 0x12, 0x34, 0x43, 0x14, 
	0x24, 0x23, 0x32, 0x11, 0x14, 0x12, 0x31, 0x11, 
	0x11, 0x11, 0x11, 0x12, 0x21, 0x12, 0x22, 0x22, 
	0x12, 0x12, 0x21, 0x11, 0x11, 0x11, 0x11, 0x11, 
	0x11, 0x11, 0x11, 0x23, 0x23, 0x33, 0x34, 0x43, 
	0x33, 0x31, 0x31, 0x32, 0x11, 0x42, 0x22, 0x11, 
	0x11, 0x11, 0x11, 0x11, 0x11, 0x11, 0x11, 0x11, 
	0x11, 0x11, 0x11, 0x11, 0x11, 0x12, 0x11, 0x11, 
	0x11, 0x11, 0x11, 0x22, 0x22, 0x33, 0x33, 0x34, 
	0x32, 0x33, 0x33, 0x34, 0x11, 0x22, 0x21, 0x11, 
	0x11, 0x11, 0x11, 0x11, 0x11, 0x11, 0x11, 0x11, 
	0x11, 0x23, 0x43, 0x33, 0x34, 0x43, 0x34, 0x32, 
	0x11, 0x11, 0x11, 0x12, 0x33, 0x33, 0x33, 0x21, 
	0x23, 0x32, 0x32, 0x33, 0x31, 0x11, 0x22, 0x11, 
	0x11, 0x21, 0x22, 0x44, 0x21, 0x11, 0x11, 0x11, 
	0x12, 0x12, 0x43, 0x33, 0x34, 0x44, 0x33, 0x31, 
	0x22, 0x11, 0x11, 0x22, 0x23, 0x24, 0x43, 0x32, 
	0x32, 0x33, 0x12, 0x22, 0x22, 0x21, 0x11, 0x11, 
	0x31, 0x43, 0x33, 0x32, 0x34, 0x43, 0x11, 0x11, 
	0x11, 0x21, 0x34, 0x33, 0x33, 0x44, 0x44, 0x32, 
	0x43, 0x11, 0x11, 0x22, 0x22, 0x21, 0x14, 0x24, 
	0x31, 0x33, 0x21, 0x11, 0x11, 0x22, 0x11, 0x12, 
	0x34, 0x22, 0x33, 0x35, 0x34, 0x45, 0x51, 0x11, 
	0x11, 0x23, 0x33, 0x43, 0x33, 0x34, 0x33, 0x31, 
	0x32, 0x11, 0x11, 0x11, 0x12, 0x33, 0x23, 0x32, 
	0x11, 0x21, 0x11, 0x12, 0x21, 0x11, 0x11, 0x41, 
	0x35, 0x44, 0x44, 0x53, 0x44, 0x45, 0x44, 0x11, 
	0x11, 0x11, 0x33, 0x23, 0x42, 0x32, 0x22, 0x32, 
	0x31, 0x11, 0x11, 0x11, 0x11, 0x22, 0x43, 0x13, 
	0x42, 0x32, 0x22, 0x11, 0x11, 0x13, 0x31, 0x33, 
	0x53, 0x45, 0x44, 0x54, 0x44, 0x33, 0x33, 0x41, 
	0x11, 0x11, 0x22, 0x22, 0x33, 0x22, 0x12, 0x12, 
	0x11, 0x11, 0x21, 0x12, 0x11, 0x11, 0x23, 0x21, 
	0x23, 0x12, 0x12, 0x11, 0x11, 0x13, 0x23, 0x34, 
	0x45, 0x54, 0x54, 0x53, 0x44, 0x33, 0x34, 0x22, 
	0x21, 0x11, 0x12, 0x23, 0x12, 0x22, 0x12, 0x11, 
	0x11, 0x11, 0x21, 0x12, 0x11, 0x12, 0x22, 0x22, 
	0x11, 0x12, 0x11, 0x11, 0x13, 0x33, 0x43, 0x44, 
	0x33, 0x45, 0x42, 0x33, 0x32, 0x34, 0x31, 0x33, 
	0x33, 0x11, 0x21, 0x22, 0x21, 0x22, 0x21, 0x11, 
	0x11, 0x21, 0x11, 0x11, 0x11, 0x12, 0x11, 0x12, 
	0x21, 0x11, 0x11, 0x12, 0x23, 0x32, 0x14, 0x34, 
	0x43, 0x33, 0x32, 0x44, 0x33, 0x33, 0x13, 0x22, 
	0x33, 0x11, 0x12, 0x11, 0x21, 0x11, 0x11, 0x11, 
	0x33, 0x43, 0x11, 0x11, 0x11, 0x11, 0x11, 0x11, 
	0x11, 0x11, 0x12, 0x13, 0x43, 0x34, 0x13, 0x43, 
	0x44, 0x32, 0x43, 0x11, 0x32, 0x31, 0x33, 0x32, 
	0x43, 0x21, 0x11, 0x11, 0x12, 0x11, 0x11, 0x33, 
	0x33, 0x31, 0x21, 0x11, 0x11, 0x11, 0x11, 0x11, 
	0x11, 0x11, 0x14, 0x13, 0x34, 0x33, 0x33, 0x23, 
	0x44, 0x13, 0x34, 0x43, 0x23, 0x21, 0x44, 0x33, 
	0x34, 0x31, 0x11, 0x12, 0x11, 0x11, 0x13, 0x11, 
	0x33, 0x35, 0x21, 0x11, 0x11, 0x11, 0x11, 0x11, 
	0x11, 0x12, 0x23, 0x32, 0x33, 0x32, 0x42, 0x43, 
	0x12, 0x23, 0x11, 0x33, 0x33, 0x43, 0x11, 0x24, 
	0x33, 0x22, 0x11, 0x12, 0x11, 0x11, 0x23, 0x33, 
	0x34, 0x53, 0x32, 0x11, 0x11, 0x12, 0x21, 0x11, 
	0x12, 0x32, 0x31, 0x33, 0x44, 0x24, 0x23, 0x12, 
	0x31, 0x41, 0x43, 0x11, 0x32, 0x34, 0x41, 0x21, 
	0x22, 0x32, 0x11, 0x11, 0x11, 0x13, 0x33, 0x33, 
	0x34, 0x45, 0x33, 0x22, 0x11, 0x12, 0x12, 0x11, 
	0x13, 0x14, 0x31, 0x33, 0x13, 0x22, 0x33, 0x33, 
	0x32, 0x31, 0x33, 0x43, 0x32, 0x11, 0x33, 0x42, 
	0x33, 0x11, 0x11, 0x11, 0x11, 0x32, 0x32, 0x33, 
	0x33, 0x33, 0x44, 0x32, 0x11, 0x11, 0x11, 0x12, 
	0x12, 0x33, 0x34, 0x32, 0x12, 0x33, 0x12, 0x13, 
	0x21, 0x31, 0x33, 0x13, 0x33, 0x43, 0x11, 0x33, 
	0x11, 0x32, 0x21, 0x11, 0x11, 0x41, 0x34, 0x31, 
	0x24, 0x44, 0x44, 0x33, 0x11, 0x11, 0x11, 0x11, 
	0x24, 0x32, 0x33, 0x34, 0x33, 0x14, 0x24, 0x11, 
	0x13, 0x34, 0x32, 0x13, 0x22, 0x33, 0x44, 0x13, 
	0x43, 0x41, 0x21, 0x11, 0x23, 0x24, 0x22, 0x13, 
	0x32, 0x23, 0x33, 0x31, 0x21, 0x11, 0x11, 0x33, 
	0x13, 0x33, 0x34, 0x13, 0x43, 0x13, 0x32, 0x34, 
	0x33, 0x33, 0x34, 0x33, 0x32, 0x33, 0x11, 0x31, 
	0x13, 0x12, 0x11, 0x12, 0x13, 0x32, 0x23, 0x31, 
	0x12, 0x34, 0x33, 0x44, 0x33, 0x11, 0x11, 0x33, 
	0x31, 0x33, 0x13, 0x11, 0x34, 0x32, 0x11, 0x31, 
	0x11, 0x34, 0x13, 0x43, 0x13, 0x32, 0x11, 0x33, 
	0x13, 0x33, 0x21, 0x11, 0x43, 0x34, 0x33, 0x23, 
	0x24, 0x41, 0x23, 0x33, 0x21, 0x21, 0x11, 0x32, 
	0x43, 0x21, 0x23, 0x43, 0x12, 0x34, 0x22, 0x13, 
	0x33, 0x13, 0x11, 0x32, 0x33, 0x34, 0x32, 0x33, 
	0x33, 0x33, 0x11, 0x11, 0x22, 0x31, 0x22, 0x32, 
	0x33, 0x24, 0x23, 0x32, 0x12, 0x31, 0x11, 0x22, 
	0x31, 0x31, 0x34, 0x41, 0x33, 0x11, 0x43, 0x11, 
	0x42, 0x23, 0x43, 0x13, 0x31, 0x13, 0x43, 0x32, 
	0x43, 0x13, 0x11, 0x11, 0x12, 0x44, 0x22, 0x32, 
	0x11, 0x33, 0x33, 0x24, 0x21, 0x12, 0x11, 0x23, 
	0x33, 0x43, 0x31, 0x22, 0x34, 0x31, 0x13, 0x23, 
	0x32, 0x34, 0x41, 0x31, 0x23, 0x11, 0x33, 0x13, 
	0x32, 0x12, 0x21, 0x11, 0x23, 0x13, 0x33, 0x31, 
	0x21, 0x31, 0x11, 0x33, 0x34, 0x11, 0x11, 0x22, 
	0x22, 0x13, 0x23, 0x14, 0x12, 0x14, 0x31, 0x33, 
	0x13, 0x31, 0x22, 0x33, 0x23, 0x43, 0x13, 0x33, 
	0x13, 0x11, 0x21, 0x11, 0x12, 0x11, 0x31, 0x12, 
	0x23, 0x31, 0x21, 0x31, 0x31, 0x22, 0x11, 0x12, 
	0x22, 0x42, 0x33, 0x23, 0x11, 0x14, 0x13, 0x12, 
	0x31, 0x23, 0x14, 0x12, 0x34, 0x41, 0x33, 0x33, 
	0x31, 0x32, 0x11, 0x11, 0x23, 0x33, 0x22, 0x13, 
	0x33, 0x33, 0x23, 0x31, 0x33, 0x32, 0x21, 0x12, 
	0x22, 0x23, 0x32, 0x13, 0x13, 0x32, 0x23, 0x32, 
	0x33, 0x33, 0x23, 0x14, 0x31, 0x22, 0x33, 0x34, 
	0x33, 0x22, 0x21, 0x11, 0x22, 0x33, 0x12, 0x32, 
	0x13, 0x33, 0x33, 0x33, 0x11, 0x23, 0x11, 0x11, 
	0x23, 0x23, 0x12, 0x33, 0x42, 0x31, 0x41, 0x23, 
	0x41, 0x32, 0x13, 0x11, 0x23, 0x14, 0x13, 0x11, 
	0x12, 0x11, 0x21, 0x11, 0x12, 0x11, 0x43, 0x31, 
	0x33, 0x33, 0x13, 0x33, 0x32, 0x11, 0x32, 0x11, 
	0x12, 0x32, 0x23, 0x33, 0x33, 0x42, 0x31, 0x43, 
	0x11, 0x12, 0x33, 0x43, 0x33, 0x23, 0x13, 0x14, 
	0x14, 0x21, 0x21, 0x11, 0x31, 0x21, 0x11, 0x33, 
	0x33, 0x22, 0x33, 0x33, 0x13, 0x21, 0x11, 0x11, 
	0x11, 0x23, 0x33, 0x33, 0x32, 0x31, 0x31, 0x12, 
	0x33, 0x43, 0x33, 0x21, 0x22, 0x13, 0x13, 0x43, 
	0x11, 0x33, 0x21, 0x11, 0x23, 0x31, 0x33, 0x33, 
	0x21, 0x33, 0x33, 0x22, 0x33, 0x12, 0x11, 0x11, 
	0x11, 0x11, 0x22, 0x22, 0x22, 0x13, 0x34, 0x33, 
	0x33, 0x11, 0x12, 0x31, 0x11, 0x23, 0x41, 0x34, 
	0x43, 0x12, 0x21, 0x11, 0x23, 0x32, 0x23, 0x33, 
	0x33, 0x12, 0x21, 0x33, 0x11, 0x12, 0x12, 0x21, 
	0x11, 0x11, 0x11, 0x22, 0x22, 0x23, 0x32, 0x12, 
	0x21, 0x33, 0x31, 0x22, 0x33, 0x23, 0x33, 0x21, 
	0x32, 0x31, 0x11, 0x11, 0x12, 0x23, 0x22, 0x13, 
	0x33, 0x33, 0x33, 0x12, 0x11, 0x22, 0x21, 0x31, 
	0x11, 0x11, 0x11, 0x11, 0x11, 0x11, 0x23, 0x11, 
	0x11, 0x13, 0x12, 0x22, 0x11, 0x13, 0x43, 0x32, 
	0x13, 0x21, 0x11, 0x12, 0x21, 0x11, 0x33, 0x33, 
	0x31, 0x13, 0x33, 0x33, 0x23, 0x32, 0x11, 0x31, 
	0x11, 0x11, 0x11, 0x11, 0x11, 0x13, 0x12, 0x23, 
	0x32, 0x21, 0x21, 0x11, 0x32, 0x31, 0x23, 0x23, 
	0x11, 0x11, 0x11, 0x11, 0x11, 0x22, 0x13, 0x32, 
	0x23, 0x32, 0x11, 0x32, 0x13, 0x11, 0x12, 0x21, 
	0x11, 0x11, 0x11, 0x11, 0x11, 0x11, 0x11, 0x21, 
	0x11, 0x11, 0x11, 0x11, 0x13, 0x12, 0x33, 0x32, 
	0x22, 0x11, 0x11, 0x11, 0x11, 0x11, 0x11, 0x13, 
	0x14, 0x12, 0x13, 0x22, 0x23, 0x23, 0x32, 0x11, 
	0x11, 0x11, 0x11, 0x11, 0x11, 0x11, 0x11, 0x11, 
	0x11, 0x11, 0x11, 0x12, 0x12, 0x21, 0x23, 0x21, 
	0x11, 0x11, 0x11, 0x11, 0x11, 0x11, 0x11, 0x11, 
	0x12, 0x21, 0x11, 0x11, 0x11, 0x21, 0x11, 0x11, 
	0x11, 0x13, 0x33, 0x31, 0x11, 0x11, 0x11, 0x11, 
	0x11, 0x11, 0x11, 0x11, 0x21, 0x11, 0x21, 0x21, 
	0x11, 0x11, 0x12, 0x34, 0x41, 0x21, 0x11, 0x11, 
	0x11, 0x11, 0x12, 0x11, 0x11, 0x11, 0x13, 0x33, 
	0x44, 0x41, 0x32, 0x22, 0x11, 0x11, 0x11, 0x11, 
	0x11, 0x11, 0x11, 0x11, 0x11, 0x11, 0x11, 0x11, 
	0x11, 0x23, 0x23, 0x33, 0x34, 0x44, 0x44, 0x31, 
	0x11, 0x11, 0x11, 0x11, 0x11, 0x11, 0x14, 0x33, 
	0x33, 0x43, 0x24, 0x41, 0x11, 0x11, 0x12, 0x33, 
	0x44, 0x44, 0x42, 0x11, 0x11, 0x11, 0x11, 0x11, 
	0x11, 0x22, 0x22, 0x33, 0x33, 0x34, 0x32, 0x44, 
	0x44, 0x34, 0x11, 0x11, 0x11, 0x33, 0x13, 0x42, 
	0x32, 0x12, 0x33, 0x21, 0x11, 0x13, 0x34, 0x31, 
	0x13, 0x33, 0x33, 0x33, 0x21, 0x11, 0x11, 0x11, 
	0x11, 0x12, 0x33, 0x33, 0x33, 0x21, 0x23, 0x33, 
	0x33, 0x43, 0x31, 0x11, 0x11, 0x33, 0x31, 0x31, 
	0x13, 0x23, 0x21, 0x11, 0x12, 0x42, 0x13, 0x34, 
	0x33, 0x33, 0x33, 0x33, 0x33, 0x21, 0x11, 0x11, 
	0x11, 0x22, 0x23, 0x24, 0x43, 0x32, 0x32, 0x33, 
	0x33, 0x33, 0x22, 0x21, 0x11, 0x11, 0x22, 0x34, 
	0x32, 0x43, 0x11, 0x11, 0x23, 0x34, 0x33, 0x42, 
	0x33, 0x34, 0x33, 0x32, 0x23, 0x33, 0x11, 0x11, 
	0x11, 0x22, 0x22, 0x21, 0x14, 0x24, 0x31, 0x33, 
	0x21, 0x32, 0x14, 0x33, 0x31, 0x11, 0x13, 0x44, 
	0x13, 0x21, 0x11, 0x41, 0x33, 0x33, 0x43, 0x31, 
	0x32, 0x21, 0x33, 0x33, 0x13, 0x32, 0x11, 0x11, 
	0x11, 0x11, 0x12, 0x33, 0x23, 0x32, 0x11, 0x43, 
	0x21, 0x13, 0x13, 0x23, 0x43, 0x11, 0x13, 0x12, 
	0x21, 0x11, 0x33, 0x23, 0x44, 0x33, 0x33, 0x43, 
	0x32, 0x41, 0x11, 0x33, 0x43, 0x21, 0x21, 0x11, 
	0x11, 0x11, 0x11, 0x22, 0x43, 0x13, 0x41, 0x23, 
	0x42, 0x21, 0x33, 0x43, 0x32, 0x21, 0x12, 0x11, 
	0x11, 0x13, 0x21, 0x13, 0x33, 0x13, 0x41, 0x34, 
	0x33, 0x23, 0x43, 0x33, 0x33, 0x43, 0x31, 0x11, 
	0x11, 0x11, 0x11, 0x11, 0x23, 0x21, 0x23, 0x31, 
	0x14, 0x31, 0x14, 0x23, 0x34, 0x33, 0x11, 0x11, 
	0x11, 0x23, 0x42, 0x21, 0x33, 0x31, 0x31, 0x13, 
	0x21, 0x13, 0x11, 0x13, 0x41, 0x34, 0x31, 0x11, 
	0x11, 0x11, 0x11, 0x11, 0x22, 0x22, 0x13, 0x43, 
	0x11, 0x32, 0x33, 0x23, 0x44, 0x34, 0x11, 0x11, 
	0x13, 0x31, 0x14, 0x31, 0x14, 0x22, 0x34, 0x31, 
	0x32, 0x21, 0x33, 0x31, 0x31, 0x13, 0x23, 0x11, 
	
};

Gfx bob_dl_kpa_wall_btif_i4_aligner[] = {gsSPEndDisplayList()};
u8 bob_dl_kpa_wall_btif_i4[] = {
	0xdd, 0xdc, 0xa3, 0x23, 0x7c, 0xcc, 0xcd, 0xdd, 
	0xdd, 0xdc, 0xbc, 0xdd, 0xdd, 0xdd, 0xdd, 0xcc, 
	0xdd, 0xdd, 0xb2, 0x11, 0x7d, 0xcd, 0xdc, 0xbd, 
	0xdd, 0xcc, 0xcc, 0xcd, 0xdd, 0xdc, 0xdd, 0xdd, 
	0xbc, 0xba, 0x73, 0x23, 0xdb, 0xbb, 0xbb, 0xbb, 
	0xbc, 0xbb, 0xab, 0xcc, 0xcc, 0xbb, 0xbb, 0xab, 
	0xbc, 0xbb, 0x72, 0x11, 0xdb, 0xab, 0xba, 0xab, 
	0xbb, 0xaa, 0xbb, 0xbb, 0xbc, 0xbb, 0xbc, 0xcc, 
	0xa9, 0x88, 0x74, 0x12, 0xdb, 0x89, 0x88, 0x9a, 
	0xaa, 0xa9, 0x9a, 0xab, 0xba, 0xaa, 0xaa, 0xa9, 
	0xaa, 0xaa, 0x72, 0x12, 0xdb, 0x99, 0xaa, 0xaa, 
	0xaa, 0x88, 0x88, 0x88, 0x99, 0x99, 0xaa, 0xaa, 
	0xaa, 0x98, 0x74, 0x12, 0xdb, 0x88, 0x8a, 0xa9, 
	0xaa, 0xaa, 0x9a, 0xaa, 0xaa, 0x9a, 0xaa, 0xaa, 
	0xaa, 0xaa, 0x73, 0x12, 0xdc, 0xaa, 0xaa, 0xaa, 
	0xba, 0xa9, 0x99, 0x99, 0x9a, 0xaa, 0xaa, 0xaa, 
	0xaa, 0xa9, 0x84, 0x11, 0xdb, 0x9a, 0xaa, 0xbb, 
	0xaa, 0xa9, 0x99, 0x9a, 0x99, 0x9a, 0xaa, 0xa9, 
	0xaa, 0xaa, 0x64, 0x11, 0xcb, 0xaa, 0xa6, 0x9b, 
	0x9a, 0x99, 0xaa, 0xaa, 0xaa, 0xaa, 0xa9, 0xaa, 
	0x9a, 0xa9, 0x84, 0x11, 0xdb, 0x8a, 0xaa, 0xaa, 
	0xa9, 0x99, 0x99, 0xa9, 0x88, 0xaa, 0xaa, 0x99, 
	0x99, 0x99, 0x64, 0x11, 0xcb, 0xaa, 0x98, 0xbc, 
	0xaa, 0x99, 0xaa, 0xaa, 0xaa, 0xba, 0xaa, 0xaa, 
	0xaa, 0xa9, 0x74, 0x11, 0xcb, 0x9a, 0xaa, 0xa9, 
	0x99, 0xa9, 0x9a, 0xa9, 0x6b, 0x9a, 0xaa, 0x99, 
	0xaa, 0x99, 0x74, 0x11, 0xdc, 0xaa, 0x88, 0xcb, 
	0xaa, 0x9a, 0xaa, 0xaa, 0xaa, 0xba, 0xaa, 0xaa, 
	0xaa, 0xa8, 0x73, 0x12, 0xdb, 0xaa, 0xaa, 0x99, 
	0xaa, 0xaa, 0xaa, 0xa9, 0xbd, 0xaa, 0x99, 0x9a, 
	0xaa, 0xaa, 0x74, 0x22, 0xdc, 0xa9, 0x9a, 0xaa, 
	0xaa, 0xaa, 0xaa, 0x9a, 0xaa, 0xaa, 0x99, 0xa9, 
	0xaa, 0xa9, 0x74, 0x11, 0xdb, 0xaa, 0xaa, 0xaa, 
	0xa9, 0xaa, 0xaa, 0xaa, 0xaa, 0xba, 0xa9, 0xaa, 
	0xaa, 0xaa, 0x85, 0x22, 0xdb, 0x99, 0x9a, 0xa9, 
	0x98, 0xaa, 0xaa, 0x9a, 0xaa, 0xa9, 0x89, 0x99, 
	0xaa, 0xaa, 0x74, 0x21, 0xdb, 0xaa, 0xaa, 0xaa, 
	0xaa, 0x99, 0xaa, 0xaa, 0xaa, 0xaa, 0xa9, 0xaa, 
	0xaa, 0xaa, 0x75, 0x21, 0xca, 0x89, 0xaa, 0x99, 
	0x9a, 0xaa, 0xab, 0xbb, 0xa9, 0x99, 0x99, 0xaa, 
	0xaa, 0xaa, 0x83, 0x21, 0xdb, 0x9a, 0xaa, 0xa9, 
	0x99, 0x99, 0x99, 0xaa, 0xaa, 0xa9, 0x99, 0xaa, 
	0xaa, 0xaa, 0x64, 0x11, 0xca, 0x99, 0xaa, 0x9a, 
	0xaa, 0xaa, 0xb6, 0x78, 0x98, 0x9a, 0xaa, 0xaa, 
	0x88, 0x99, 0x73, 0x12, 0xcb, 0x99, 0x99, 0x99, 
	0x99, 0x99, 0xaa, 0xaa, 0xa9, 0x99, 0x89, 0xaa, 
	0xaa, 0xa9, 0x64, 0x11, 0xcb, 0xa9, 0x99, 0xa8, 
	0x99, 0x96, 0x67, 0x89, 0x98, 0x99, 0x99, 0x99, 
	0x77, 0x77, 0x72, 0x11, 0xa7, 0x77, 0x99, 0x88, 
	0x99, 0x88, 0x87, 0x87, 0x77, 0x75, 0x57, 0x77, 
	0x66, 0x55, 0x63, 0x11, 0xb7, 0x78, 0x87, 0x77, 
	0x66, 0x66, 0x66, 0x66, 0x77, 0x76, 0x66, 0x67, 
	0x43, 0x33, 0x32, 0x11, 0x43, 0x45, 0x44, 0x34, 
	0x55, 0x55, 0x55, 0x55, 0x44, 0x34, 0x34, 0x44, 
	0x33, 0x33, 0x22, 0x11, 0x24, 0x54, 0x44, 0x43, 
	0x44, 0x33, 0x33, 0x33, 0x33, 0x34, 0x33, 0x44, 
	0x22, 0x22, 0x31, 0x11, 0x11, 0x23, 0x21, 0x11, 
	0x12, 0x11, 0x11, 0x22, 0x22, 0x21, 0x11, 0x22, 
	0x11, 0x12, 0x22, 0x11, 0x11, 0x11, 0x11, 0x12, 
	0x22, 0x11, 0x22, 0x22, 0x11, 0x21, 0x11, 0x11, 
	0x22, 0x12, 0x21, 0x12, 0x21, 0x22, 0x21, 0x11, 
	0x11, 0x11, 0x11, 0x22, 0x32, 0x21, 0x11, 0x22, 
	0x22, 0x33, 0x32, 0x11, 0x22, 0x21, 0x11, 0x11, 
	0x23, 0x21, 0x12, 0x21, 0x12, 0x11, 0x11, 0x11, 
	0xdd, 0xdd, 0xdd, 0xdd, 0xda, 0xaa, 0xa9, 0xbc, 
	0xdd, 0xdd, 0xdb, 0x42, 0x7d, 0xdd, 0xcd, 0xdd, 
	0xdd, 0xdd, 0xdd, 0xdd, 0xdd, 0xdc, 0xcc, 0xdd, 
	0xdd, 0xdc, 0x51, 0x11, 0xdc, 0xcc, 0xcd, 0xdd, 
	0xbc, 0xcc, 0xcc, 0xbb, 0xab, 0xaa, 0x98, 0x8a, 
	0xcc, 0xcc, 0xb7, 0x41, 0xdb, 0xbb, 0xbb, 0xbb, 
	0xbb, 0xba, 0xaa, 0xbb, 0xbb, 0xbb, 0xab, 0xbb, 
	0xbb, 0xbb, 0x74, 0x11, 0xcb, 0xaa, 0xbb, 0xcc, 
	0xaa, 0xaa, 0xaa, 0x99, 0x99, 0xaa, 0x99, 0x6a, 
	0xaa, 0xaa, 0x77, 0x31, 0xdb, 0x99, 0xab, 0xbb, 
	0xbb, 0xaa, 0xab, 0xbb, 0xba, 0x99, 0x9a, 0xba, 
	0xaa, 0xaa, 0x74, 0x22, 0xdb, 0xaa, 0xaa, 0xaa, 
	0x7a, 0xaa, 0xa8, 0x68, 0x89, 0xaa, 0xa9, 0xaa, 
	0xa9, 0x99, 0x97, 0x41, 0xdb, 0xaa, 0xa9, 0x9a, 
	0xab, 0xbb, 0xba, 0xaa, 0xa9, 0xa9, 0xaa, 0xaa, 
	0xaa, 0xaa, 0x74, 0x22, 0xdc, 0xaa, 0xaa, 0xa9, 
	0xaa, 0xaa, 0x98, 0x7b, 0xaa, 0xaa, 0xaa, 0xaa, 
	0xaa, 0xaa, 0xa8, 0x43, 0xdc, 0xaa, 0x99, 0x89, 
	0xaa, 0xaa, 0xaa, 0xaa, 0xaa, 0xaa, 0xaa, 0xaa, 
	0xaa, 0xaa, 0x72, 0x11, 0xdc, 0xa9, 0xa9, 0x99, 
	0xaa, 0xaa, 0x99, 0xaa, 0xaa, 0xaa, 0xa9, 0xaa, 
	0xaa, 0xaa, 0xa8, 0x52, 0xdc, 0xa9, 0x95, 0xbb, 
	0xaa, 0xaa, 0xaa, 0xaa, 0x9a, 0xaa, 0xaa, 0xaa, 
	0x9a, 0xa9, 0x73, 0x11, 0xdb, 0xa9, 0xa9, 0x9a, 
	0xaa, 0xaa, 0xaa, 0xba, 0xaa, 0xaa, 0x99, 0xaa, 
	0xaa, 0xaa, 0xa8, 0x42, 0xdb, 0xa8, 0x88, 0xba, 
	0xaa, 0xaa, 0xaa, 0xa9, 0x99, 0xa9, 0xaa, 0xa9, 
	0x99, 0x99, 0x73, 0x21, 0xcb, 0xaa, 0xaa, 0xaa, 
	0xaa, 0xa9, 0xaa, 0xba, 0xa9, 0x9a, 0xa9, 0xab, 
	0xba, 0xaa, 0xa7, 0x31, 0xdb, 0xa8, 0x89, 0xaa, 
	0xaa, 0xba, 0xa9, 0xa9, 0x9a, 0xaa, 0xa9, 0xcb, 
	0xab, 0xaa, 0x73, 0x21, 0xcb, 0xaa, 0xa8, 0x99, 
	0xaa, 0xa9, 0x9a, 0xaa, 0x99, 0xaa, 0x99, 0xaa, 
	0x99, 0xaa, 0xa7, 0x31, 0xcb, 0xba, 0xaa, 0xaa, 
	0xaa, 0xaa, 0x99, 0xa9, 0xaa, 0xaa, 0xaa, 0xac, 
	0xba, 0xaa, 0x85, 0x21, 0xcb, 0xaa, 0xa8, 0xab, 
	0xaa, 0xa9, 0x8a, 0xaa, 0x9a, 0xaa, 0xa9, 0xa9, 
	0xbb, 0xa9, 0x97, 0x21, 0xcb, 0xba, 0xaa, 0xaa, 
	0xaa, 0xa9, 0x89, 0xaa, 0xaa, 0xab, 0xaa, 0xaa, 
	0xaa, 0xaa, 0x84, 0x11, 0xab, 0xaa, 0xaa, 0x9b, 
	0xaa, 0xa9, 0x9a, 0xaa, 0x99, 0xaa, 0xaa, 0xaa, 
	0xaa, 0x99, 0x96, 0x42, 0xdb, 0xba, 0xaa, 0xaa, 
	0xaa, 0x99, 0x89, 0xaa, 0xa9, 0x9b, 0xba, 0xaa, 
	0xaa, 0xaa, 0x84, 0x11, 0xab, 0xaa, 0xaa, 0xaa, 
	0xaa, 0xaa, 0x99, 0xaa, 0xaa, 0x9a, 0xaa, 0xaa, 
	0xaa, 0xaa, 0x77, 0x43, 0xdb, 0xaa, 0x99, 0x9a, 
	0xaa, 0xa9, 0x99, 0xaa, 0x96, 0xbb, 0xab, 0xaa, 
	0xaa, 0xaa, 0x74, 0x11, 0x7b, 0x88, 0xba, 0xa9, 
	0x66, 0x66, 0x66, 0x67, 0x67, 0x77, 0x77, 0x77, 
	0x77, 0x77, 0x77, 0x53, 0xb7, 0x77, 0x76, 0x77, 
	0x77, 0x77, 0x77, 0x87, 0x77, 0x67, 0x77, 0x77, 
	0x77, 0x77, 0x74, 0x11, 0x77, 0x88, 0x87, 0x56, 
	0x22, 0x23, 0x23, 0x55, 0x54, 0x44, 0x43, 0x34, 
	0x34, 0x23, 0x33, 0x22, 0x13, 0x44, 0x44, 0x44, 
	0x43, 0x44, 0x44, 0x44, 0x44, 0x43, 0x34, 0x43, 
	0x34, 0x44, 0x41, 0x11, 0x24, 0x45, 0x44, 0x32, 
	0x11, 0x21, 0x12, 0x33, 0x11, 0x11, 0x21, 0x11, 
	0x11, 0x22, 0x22, 0x11, 0x11, 0x12, 0x22, 0x21, 
	0x11, 0x11, 0x11, 0x11, 0x12, 0x21, 0x12, 0x11, 
	0x11, 0x11, 0x12, 0x11, 0x22, 0x22, 0x11, 0x11, 
	0x11, 0x21, 0x11, 0x22, 0x11, 0x12, 0x11, 0x22, 
	0x21, 0x22, 0x21, 0x21, 0x11, 0x21, 0x12, 0x11, 
	0x12, 0x21, 0x11, 0x11, 0x22, 0x21, 0x11, 0x11, 
	0x11, 0x23, 0x23, 0x11, 0x11, 0x22, 0x21, 0x11, 
	0xcc, 0xdd, 0xcd, 0xdc, 0xbb, 0xdd, 0xdd, 0xdd, 
	0xdd, 0xdc, 0xcd, 0xdd, 0xdd, 0xdc, 0xa3, 0x11, 
	0xcd, 0xdd, 0xdd, 0xdd, 0xdd, 0xdc, 0xcc, 0xcc, 
	0xdd, 0xdd, 0xdd, 0xdc, 0xcd, 0xdd, 0xb3, 0x11, 
	0xca, 0xbb, 0xbb, 0xba, 0xbb, 0xbb, 0xbb, 0xbb, 
	0xbb, 0xbb, 0xab, 0xcb, 0xbb, 0xbb, 0x73, 0x11, 
	0xdb, 0xbb, 0xbb, 0xcb, 0xbb, 0xba, 0xaa, 0xab, 
	0xab, 0xbb, 0xbb, 0xaa, 0xbb, 0xbb, 0x73, 0x11, 
	0xca, 0xbb, 0xba, 0x9a, 0xaa, 0xaa, 0xaa, 0xaa, 
	0xa9, 0xa9, 0xaa, 0xaa, 0x99, 0xac, 0x73, 0x22, 
	0xca, 0xaa, 0x68, 0xab, 0xbb, 0xbb, 0x9a, 0xa9, 
	0x9a, 0xaa, 0xaa, 0x99, 0x9a, 0xaa, 0x73, 0x12, 
	0xca, 0xaa, 0x99, 0xaa, 0xab, 0xaa, 0xaa, 0xaa, 
	0xaa, 0x99, 0xaa, 0xa9, 0x99, 0xac, 0x74, 0x12, 
	0xda, 0xa9, 0x8b, 0xaa, 0xaa, 0xaa, 0xaa, 0xaa, 
	0xaa, 0xaa, 0xaa, 0xa9, 0xaa, 0xaa, 0x73, 0x11, 
	0xcb, 0xaa, 0xaa, 0xaa, 0xaa, 0xaa, 0xaa, 0xaa, 
	0xaa, 0xaa, 0xa9, 0x8a, 0xaa, 0xaa, 0x73, 0x12, 
	0xdb, 0xa9, 0xba, 0xaa, 0xaa, 0xaa, 0xaa, 0xaa, 
	0xaa, 0xaa, 0xaa, 0xaa, 0xaa, 0xaa, 0x74, 0x12, 
	0xdb, 0xaa, 0xaa, 0xba, 0xaa, 0xaa, 0x89, 0xaa, 
	0xaa, 0xaa, 0x96, 0xb9, 0xaa, 0xaa, 0x84, 0x12, 
	0xdb, 0xaa, 0xaa, 0xaa, 0xaa, 0xa9, 0x9a, 0xaa, 
	0xaa, 0xaa, 0x7c, 0xaa, 0xaa, 0x9a, 0x84, 0x21, 
	0xdb, 0xaa, 0x9b, 0x9a, 0x99, 0x99, 0x99, 0x99, 
	0xaa, 0xa9, 0x8a, 0xd9, 0xba, 0xaa, 0x74, 0x11, 
	0xdb, 0xaa, 0xaa, 0xaa, 0x9a, 0xa9, 0x9a, 0xaa, 
	0xaa, 0xab, 0xdd, 0xaa, 0xa9, 0x9a, 0x84, 0x11, 
	0xdb, 0xaa, 0xab, 0x9a, 0x99, 0x99, 0x99, 0xaa, 
	0xaa, 0x99, 0x99, 0xaa, 0xaa, 0xaa, 0x74, 0x11, 
	0xcb, 0xaa, 0xaa, 0xb8, 0x89, 0xa9, 0xaa, 0xaa, 
	0xaa, 0xaa, 0xaa, 0xaa, 0xaa, 0x9a, 0x74, 0x11, 
	0xcb, 0xaa, 0xa9, 0xd8, 0x89, 0xaa, 0x9a, 0xaa, 
	0xa9, 0x99, 0xaa, 0xaa, 0xaa, 0x98, 0x74, 0x11, 
	0xdb, 0xaa, 0xaa, 0x87, 0x89, 0xaa, 0xaa, 0xa8, 
	0x9a, 0xaa, 0xaa, 0xa9, 0x99, 0x9a, 0x74, 0x12, 
	0xdb, 0xa9, 0xaa, 0xbc, 0x9a, 0xaa, 0xaa, 0xba, 
	0xaa, 0x99, 0xaa, 0xaa, 0xaa, 0xa8, 0x74, 0x12, 
	0xdc, 0xaa, 0xaa, 0xa9, 0xaa, 0xaa, 0xaa, 0x86, 
	0xb9, 0xa9, 0xaa, 0xa9, 0x99, 0xaa, 0x73, 0x12, 
	0xdb, 0xa9, 0x9a, 0xaa, 0xaa, 0xaa, 0xaa, 0xba, 
	0x99, 0xaa, 0xaa, 0xaa, 0xaa, 0x98, 0x74, 0x12, 
	0xdb, 0xaa, 0xaa, 0xaa, 0xaa, 0xaa, 0xaa, 0x8b, 
	0xda, 0x99, 0x9a, 0xaa, 0x99, 0xaa, 0x74, 0x12, 
	0xdb, 0xaa, 0x9a, 0xaa, 0xaa, 0xaa, 0xaa, 0xa9, 
	0x88, 0x89, 0xaa, 0x9a, 0x99, 0x88, 0x74, 0x11, 
	0xdb, 0x99, 0x9a, 0xaa, 0xaa, 0xaa, 0xaa, 0x99, 
	0xaa, 0xa9, 0xaa, 0xa9, 0x99, 0xaa, 0x84, 0x11, 
	0xb7, 0x77, 0x77, 0x77, 0x77, 0x87, 0x77, 0x77, 
	0x77, 0x78, 0x87, 0x77, 0x77, 0x66, 0x44, 0x21, 
	0xb7, 0x76, 0x77, 0x77, 0x77, 0x77, 0x77, 0x76, 
	0x77, 0x77, 0x77, 0x87, 0x77, 0x78, 0x84, 0x11, 
	0x43, 0x33, 0x44, 0x44, 0x44, 0x54, 0x44, 0x44, 
	0x44, 0x44, 0x54, 0x43, 0x44, 0x44, 0x55, 0x32, 
	0x44, 0x44, 0x44, 0x43, 0x44, 0x44, 0x44, 0x44, 
	0x44, 0x34, 0x45, 0x44, 0x43, 0x44, 0x54, 0x11, 
	0x11, 0x11, 0x12, 0x22, 0x22, 0x21, 0x11, 0x12, 
	0x22, 0x11, 0x21, 0x11, 0x12, 0x23, 0x33, 0x22, 
	0x22, 0x23, 0x22, 0x11, 0x12, 0x21, 0x11, 0x11, 
	0x11, 0x11, 0x22, 0x11, 0x11, 0x12, 0x22, 0x11, 
	0x11, 0x12, 0x33, 0x22, 0x22, 0x21, 0x11, 0x11, 
	0x22, 0x11, 0x12, 0x11, 0x12, 0x22, 0x11, 0x11, 
	0x11, 0x12, 0x21, 0x12, 0x32, 0x11, 0x11, 0x11, 
	0x11, 0x11, 0x22, 0x11, 0x11, 0x11, 0x21, 0x11, 
	0xcc, 0xdd, 0xdd, 0xdd, 0xdd, 0xdd, 0xb6, 0x11, 
	0x6c, 0xcc, 0xdd, 0xdd, 0xcd, 0xdd, 0xbb, 0xcc, 
	0xcc, 0xcc, 0xdc, 0xdd, 0xdc, 0xcc, 0x61, 0x11, 
	0xdd, 0xdd, 0xdc, 0xbc, 0xcd, 0xdd, 0xdd, 0xdd, 
	0xbc, 0xcc, 0xcb, 0xbb, 0xbb, 0xbb, 0x74, 0x11, 
	0xdb, 0xbb, 0xbb, 0xbb, 0xbb, 0xcb, 0xbb, 0xcb, 
	0xba, 0xab, 0xbb, 0xab, 0xba, 0xbb, 0x74, 0x11, 
	0xdb, 0xbb, 0xbc, 0xbb, 0xcc, 0xcc, 0xbc, 0xbb, 
	0xab, 0xba, 0xa9, 0x99, 0x9a, 0xaa, 0x74, 0x11, 
	0xcb, 0xba, 0xaa, 0x9a, 0xaa, 0xaa, 0xaa, 0xaa, 
	0xaa, 0xab, 0xcb, 0xab, 0xbb, 0xba, 0x74, 0x12, 
	0xdc, 0xab, 0xba, 0xaa, 0xaa, 0xaa, 0xaa, 0xa9, 
	0xab, 0xaa, 0x99, 0x9a, 0x9a, 0xaa, 0x74, 0x11, 
	0xdb, 0xbd, 0xaa, 0xba, 0xaa, 0xaa, 0xaa, 0xaa, 
	0xaa, 0xab, 0xba, 0x9a, 0xaa, 0xaa, 0x74, 0x11, 
	0xdb, 0xaa, 0xaa, 0xaa, 0xaa, 0xaa, 0xaa, 0x99, 
	0xba, 0xa9, 0x89, 0xaa, 0xaa, 0xa9, 0x74, 0x21, 
	0xdb, 0xbb, 0xaa, 0xaa, 0xaa, 0xa9, 0xaa, 0xaa, 
	0xaa, 0xaa, 0xa9, 0x8a, 0xaa, 0xaa, 0x74, 0x11, 
	0xdb, 0x9a, 0xa8, 0x88, 0x99, 0xaa, 0xa9, 0x99, 
	0xaa, 0xa9, 0x88, 0x8a, 0xaa, 0x99, 0x74, 0x12, 
	0xdc, 0xbc, 0x9a, 0xaa, 0xaa, 0xa9, 0xaa, 0xa9, 
	0xaa, 0xaa, 0xa8, 0x58, 0x89, 0x99, 0x73, 0x11, 
	0xdb, 0xa9, 0x98, 0xa8, 0x99, 0xaa, 0xaa, 0xaa, 
	0xa9, 0x99, 0x9b, 0xb9, 0xaa, 0x99, 0x74, 0x22, 
	0xdb, 0xc9, 0xaa, 0xaa, 0xaa, 0x9a, 0xaa, 0x99, 
	0x9a, 0xaa, 0xa9, 0xb8, 0x89, 0xa9, 0x73, 0x11, 
	0xdc, 0xaa, 0xa9, 0x9a, 0xaa, 0xaa, 0xaa, 0xaa, 
	0x98, 0x99, 0xcc, 0xaa, 0xa9, 0x98, 0x74, 0x22, 
	0xdb, 0xd9, 0x9a, 0xaa, 0x9a, 0x69, 0xaa, 0x99, 
	0x99, 0xaa, 0x9a, 0xa9, 0xaa, 0xaa, 0x73, 0x12, 
	0xdb, 0xca, 0xaa, 0xaa, 0xaa, 0xaa, 0xaa, 0xaa, 
	0x89, 0x9a, 0xaa, 0x9a, 0xaa, 0x98, 0x75, 0x21, 
	0xdb, 0xa9, 0xaa, 0xa9, 0x9a, 0xaa, 0xaa, 0xa9, 
	0xaa, 0xaa, 0x99, 0xaa, 0xaa, 0xa9, 0x74, 0x33, 
	0xdb, 0xba, 0xa9, 0x9a, 0xaa, 0xaa, 0xaa, 0x99, 
	0x99, 0xaa, 0xa9, 0x8a, 0xaa, 0x98, 0x74, 0x21, 
	0xdb, 0xa9, 0x9a, 0xaa, 0xaa, 0xaa, 0xaa, 0xaa, 
	0xaa, 0xad, 0x99, 0xaa, 0xaa, 0xa9, 0x84, 0x23, 
	0xda, 0x8b, 0x98, 0x9a, 0xab, 0xaa, 0x99, 0x99, 
	0x9a, 0xaa, 0xa9, 0x89, 0xaa, 0x88, 0x75, 0x21, 
	0xdb, 0xb9, 0xaa, 0xaa, 0xaa, 0xaa, 0xaa, 0xaa, 
	0xaa, 0xaa, 0x99, 0x9a, 0xaa, 0x98, 0x74, 0x22, 
	0xca, 0x88, 0xaa, 0xaa, 0xbb, 0xaa, 0xaa, 0xa9, 
	0xaa, 0xaa, 0x98, 0x79, 0x97, 0x77, 0x64, 0x21, 
	0xca, 0x9a, 0xaa, 0xaa, 0xaa, 0xaa, 0xaa, 0xaa, 
	0xa9, 0xaa, 0xaa, 0xaa, 0x99, 0x98, 0x74, 0x21, 
	0xca, 0x78, 0x99, 0x99, 0xba, 0xaa, 0x9a, 0xaa, 
	0x88, 0x87, 0x66, 0x78, 0x87, 0x67, 0x74, 0x11, 
	0xa6, 0x78, 0x88, 0x77, 0x77, 0x77, 0x77, 0x67, 
	0x77, 0x77, 0x88, 0x77, 0x77, 0x77, 0x74, 0x22, 
	0xb7, 0x77, 0x88, 0x77, 0x77, 0x77, 0x77, 0x77, 
	0x44, 0x44, 0x44, 0x55, 0x54, 0x55, 0x41, 0x11, 
	0x44, 0x44, 0x54, 0x44, 0x44, 0x44, 0x44, 0x34, 
	0x44, 0x34, 0x44, 0x44, 0x44, 0x54, 0x41, 0x22, 
	0x44, 0x44, 0x55, 0x44, 0x34, 0x34, 0x33, 0x44, 
	0x11, 0x11, 0x23, 0x33, 0x11, 0x22, 0x21, 0x11, 
	0x32, 0x22, 0x21, 0x11, 0x22, 0x21, 0x11, 0x22, 
	0x21, 0x11, 0x12, 0x21, 0x12, 0x22, 0x11, 0x22, 
	0x11, 0x12, 0x33, 0x21, 0x11, 0x11, 0x11, 0x12, 
	0x11, 0x12, 0x22, 0x21, 0x11, 0x22, 0x11, 0x12, 
	0x33, 0x22, 0x21, 0x11, 0x22, 0x11, 0x11, 0x12, 
	0x32, 0x11, 0x22, 0x21, 0x11, 0x11, 0x11, 0x22, 
	0x11, 0x11, 0x12, 0x11, 0x11, 0x21, 0x11, 0x22, 
	
};

Gfx bob_dl_TITLE_ALL_2__p00_i4_aligner[] = {gsSPEndDisplayList()};
u8 bob_dl_TITLE_ALL_2__p00_i4[] = {
	0x98, 0x89, 0x87, 0x88, 0x89, 0x99, 0x99, 0x99, 
	0x89, 0x99, 0x88, 0x99, 0x99, 0x98, 0x88, 0x89, 
	0x88, 0x98, 0x88, 0x78, 0x99, 0x89, 0x88, 0x89, 
	0x98, 0x77, 0x89, 0x88, 0x88, 0x99, 0x99, 0x88, 
	0x99, 0x99, 0x88, 0x88, 0x88, 0x88, 0x99, 0x99, 
	0x99, 0x89, 0x87, 0x89, 0x88, 0x99, 0x98, 0x89, 
	0x88, 0x88, 0x88, 0x88, 0x88, 0x88, 0x99, 0x99, 
	0x87, 0x77, 0x87, 0x78, 0x98, 0x99, 0x99, 0x99, 
	0x98, 0x89, 0x89, 0x99, 0x98, 0x88, 0x98, 0x78, 
	0x99, 0x98, 0x77, 0x88, 0x78, 0x99, 0x87, 0x89, 
	0x88, 0x89, 0x88, 0x88, 0x88, 0x78, 0x99, 0x99, 
	0x88, 0x78, 0x88, 0x88, 0x99, 0x99, 0x99, 0x99, 
	0x98, 0x79, 0x99, 0x89, 0x99, 0x88, 0x98, 0x78, 
	0x99, 0x99, 0x88, 0x99, 0x99, 0x98, 0x77, 0x89, 
	0x88, 0x99, 0x88, 0x89, 0x98, 0x88, 0x99, 0x98, 
	0x88, 0x89, 0x99, 0x88, 0x89, 0x97, 0x88, 0x89, 
	0x99, 0x99, 0x99, 0x88, 0x99, 0x99, 0x87, 0x89, 
	0x98, 0x89, 0x99, 0x99, 0x99, 0x99, 0x88, 0x78, 
	0x88, 0x89, 0x98, 0x88, 0x88, 0x88, 0x99, 0x87, 
	0x77, 0x88, 0x78, 0x98, 0x89, 0x77, 0x77, 0x88, 
	0x99, 0x99, 0x98, 0x77, 0x78, 0x88, 0x88, 0x89, 
	0x98, 0x88, 0x99, 0x99, 0x99, 0x99, 0x87, 0x77, 
	0x88, 0x89, 0x88, 0x77, 0x78, 0x88, 0x99, 0x87, 
	0x77, 0x88, 0x78, 0x89, 0x99, 0x77, 0x77, 0x89, 
	0x89, 0x99, 0x98, 0x77, 0x77, 0x88, 0x99, 0x99, 
	0x99, 0x89, 0x99, 0x88, 0x88, 0x88, 0x88, 0x87, 
	0x88, 0x88, 0x88, 0x77, 0x77, 0x88, 0x99, 0x88, 
	0x87, 0x88, 0x77, 0x78, 0x89, 0x98, 0x77, 0x89, 
	0x98, 0x89, 0x99, 0x88, 0x78, 0x89, 0x99, 0x98, 
	0x89, 0x88, 0x99, 0x77, 0x78, 0x88, 0x89, 0x87, 
	0x88, 0x88, 0x88, 0x88, 0x77, 0x89, 0x88, 0x89, 
	0x87, 0x88, 0x77, 0x78, 0x88, 0x88, 0x88, 0x88, 
	0x87, 0x89, 0x99, 0x98, 0x78, 0x89, 0x99, 0x98, 
	0x88, 0x88, 0x88, 0x87, 0x77, 0x98, 0x89, 0x87, 
	0x78, 0x89, 0x87, 0x88, 0x77, 0x88, 0x78, 0x88, 
	0x88, 0x88, 0x88, 0x89, 0x88, 0x88, 0x99, 0x88, 
	0x87, 0x89, 0x98, 0x99, 0x88, 0x89, 0x88, 0x88, 
	0x87, 0x88, 0x89, 0x98, 0x78, 0x88, 0x89, 0x98, 
	0x77, 0x89, 0x87, 0x89, 0x87, 0x88, 0x99, 0x98, 
	0x88, 0x88, 0x88, 0x88, 0x88, 0x88, 0x88, 0x88, 
	0x98, 0x89, 0x89, 0x99, 0x98, 0x88, 0x98, 0x98, 
	0x77, 0x88, 0x99, 0x98, 0x88, 0x88, 0x89, 0x88, 
	0x77, 0x88, 0x77, 0x89, 0x77, 0x88, 0x88, 0x98, 
	0x88, 0x88, 0x88, 0x89, 0x98, 0x88, 0x88, 0x88, 
	0x98, 0x88, 0x88, 0x99, 0x98, 0x89, 0x99, 0x98, 
	0x77, 0x99, 0x99, 0x98, 0x89, 0x98, 0x88, 0x88, 
	0x88, 0x88, 0x87, 0x89, 0x98, 0x99, 0x98, 0x99, 
	0x99, 0x98, 0x88, 0x98, 0x89, 0x99, 0x88, 0x88, 
	0x99, 0x99, 0x99, 0x99, 0x98, 0x88, 0x99, 0x98, 
	0x87, 0x88, 0x88, 0x98, 0x89, 0x88, 0x89, 0x89, 
	0x99, 0x88, 0x98, 0x89, 0x99, 0x99, 0x98, 0x88, 
	0x88, 0x88, 0x89, 0x87, 0x79, 0x99, 0x99, 0x89, 
	0x98, 0x89, 0x99, 0x99, 0x98, 0x78, 0x88, 0x99, 
	0x98, 0x89, 0x98, 0x88, 0x89, 0x88, 0x89, 0x88, 
	0x88, 0x78, 0x98, 0x88, 0x88, 0x88, 0x87, 0x77, 
	0x88, 0x78, 0x89, 0x87, 0x88, 0x89, 0x99, 0x99, 
	0x99, 0x88, 0x99, 0x88, 0x98, 0x89, 0x98, 0x78, 
	0x98, 0x89, 0x87, 0x88, 0x89, 0x99, 0x89, 0x87, 
	0x88, 0x88, 0x99, 0x99, 0x99, 0x88, 0x77, 0x87, 
	0x88, 0x88, 0x99, 0x88, 0x98, 0x89, 0x98, 0x99, 
	0x99, 0x99, 0x99, 0x87, 0x89, 0x99, 0x98, 0x78, 
	0x99, 0x89, 0x89, 0x99, 0x98, 0x89, 0x98, 0x77, 
	0x88, 0x88, 0x89, 0x98, 0x88, 0x98, 0x89, 0x87, 
	0x89, 0x99, 0x99, 0x88, 0x98, 0x89, 0x99, 0x99, 
	0x99, 0x88, 0x99, 0x88, 0x88, 0x98, 0x88, 0x78, 
	0x98, 0x88, 0x98, 0x99, 0x88, 0x88, 0x99, 0x87, 
	0x77, 0x88, 0x89, 0x98, 0x78, 0x88, 0x89, 0x88, 
	0x89, 0x99, 0x98, 0x78, 0x88, 0x89, 0x99, 0x99, 
	0x88, 0x88, 0x88, 0x99, 0x88, 0x88, 0x77, 0x79, 
	0x98, 0x89, 0x99, 0x99, 0x98, 0x88, 0x89, 0x98, 
	0x77, 0x88, 0x89, 0x98, 0x77, 0x88, 0x89, 0x99, 
	0x98, 0x89, 0x98, 0x78, 0x88, 0x89, 0x99, 0x99, 
	0x98, 0x98, 0x77, 0x89, 0x89, 0x98, 0x78, 0x89, 
	0x98, 0x89, 0x99, 0x87, 0x88, 0x88, 0x87, 0x89, 
	0x88, 0x87, 0x78, 0x88, 0x77, 0x88, 0x89, 0x99, 
	0x99, 0x99, 0x99, 0x88, 0x88, 0x99, 0x99, 0x99, 
	0x98, 0x99, 0x87, 0x89, 0x87, 0x88, 0x89, 0x98, 
	0x88, 0x88, 0x98, 0x77, 0x78, 0x77, 0x87, 0x89, 
	0x88, 0x88, 0x89, 0x98, 0x87, 0x89, 0x89, 0x99, 
	0x89, 0x98, 0x88, 0x98, 0x89, 0x99, 0x99, 0x88, 
	0x88, 0x98, 0x77, 0x89, 0x77, 0x88, 0x89, 0x99, 
	0x98, 0x88, 0x88, 0x78, 0x78, 0x87, 0x77, 0x88, 
	0x77, 0x78, 0x89, 0x99, 0x88, 0x89, 0x99, 0x99, 
	0x88, 0x98, 0x88, 0x99, 0x99, 0x99, 0x99, 0x88, 
	0x98, 0x99, 0x88, 0x99, 0x88, 0x99, 0x88, 0x99, 
	0x88, 0x89, 0x88, 0x88, 0x78, 0x98, 0x88, 0x89, 
	0x88, 0x88, 0x88, 0x99, 0x98, 0x88, 0x89, 0x98, 
	0x88, 0x99, 0x98, 0x99, 0x98, 0x99, 0x99, 0x89, 
	0x99, 0x99, 0x99, 0x88, 0x88, 0x99, 0x98, 0x77, 
	0x77, 0x89, 0x99, 0x88, 0x88, 0x88, 0x89, 0x89, 
	0x98, 0x88, 0x88, 0x88, 0x88, 0x88, 0x98, 0x89, 
	0x99, 0x99, 0x98, 0x99, 0x88, 0x89, 0x99, 0x99, 
	0x98, 0x88, 0x88, 0x77, 0x77, 0x78, 0x87, 0x77, 
	0x77, 0x77, 0x89, 0x99, 0x87, 0x78, 0x99, 0x88, 
	0x88, 0x89, 0x87, 0x77, 0x88, 0x89, 0x98, 0x89, 
	0x99, 0x99, 0x99, 0x99, 0x88, 0x89, 0x99, 0x99, 
	0x98, 0x88, 0x88, 0x87, 0x78, 0x88, 0x88, 0x87, 
	0x78, 0x77, 0x89, 0x98, 0x98, 0x88, 0x88, 0x88, 
	0x78, 0x88, 0x88, 0x87, 0x88, 0x99, 0x98, 0x88, 
	0x89, 0x89, 0x99, 0x99, 0x98, 0x88, 0x89, 0x99, 
	0x88, 0x98, 0x88, 0x87, 0x78, 0x99, 0x88, 0x87, 
	0x77, 0x77, 0x98, 0x78, 0x99, 0x88, 0x88, 0x87, 
	0x78, 0x88, 0x89, 0x77, 0x89, 0x98, 0x89, 0x98, 
	0x89, 0x88, 0x88, 0x99, 0x98, 0x99, 0x98, 0x99, 
	0x78, 0x98, 0x89, 0x87, 0x77, 0x99, 0x89, 0x87, 
	0x88, 0x78, 0x99, 0x89, 0x99, 0x99, 0x89, 0x87, 
	0x78, 0x98, 0x88, 0x87, 0x88, 0x98, 0x78, 0x99, 
	0x99, 0x88, 0x89, 0x99, 0x98, 0x99, 0x99, 0x99, 
	0x78, 0x99, 0x99, 0x98, 0x77, 0x88, 0x89, 0x98, 
	0x88, 0x88, 0x99, 0x99, 0x99, 0x98, 0x88, 0x87, 
	0x78, 0x98, 0x89, 0x89, 0x88, 0x88, 0x77, 0x98, 
	0x89, 0x89, 0x99, 0x99, 0x87, 0x89, 0x99, 0x99, 
	0x78, 0x88, 0x89, 0x98, 0x77, 0x88, 0x88, 0x98, 
	0x99, 0x88, 0x88, 0x98, 0x99, 0x87, 0x77, 0x77, 
	0x78, 0x87, 0x89, 0x99, 0x88, 0x77, 0x78, 0x97, 
	0x89, 0x98, 0x99, 0x98, 0x87, 0x89, 0x88, 0x99, 
	0x99, 0x88, 0x88, 0x88, 0x88, 0x98, 0x88, 0x99, 
	0x89, 0x99, 0x99, 0x88, 0x99, 0x88, 0x87, 0x78, 
	0x89, 0x98, 0x89, 0x99, 0x88, 0x88, 0x89, 0x99, 
	0x89, 0x99, 0x99, 0x98, 0x88, 0x89, 0x99, 0x99, 
	0x99, 0x99, 0x98, 0x88, 0x88, 0x99, 0x99, 0x99, 
	0x88, 0x89, 0x97, 0x78, 0x99, 0x99, 0x87, 0x89, 
	0x99, 0x98, 0x99, 0x99, 0x88, 0x88, 0x99, 0x99, 
	0x98, 0x99, 0x88, 0x88, 0x88, 0x89, 0x99, 0x99, 
	0x98, 0x89, 0x99, 0x99, 0x98, 0x88, 0x99, 0x99, 
	0x87, 0x78, 0x87, 0x78, 0x99, 0x98, 0x88, 0x89, 
	0x88, 0x88, 0x89, 0x98, 0x77, 0x78, 0x88, 0x88, 
	0x88, 0x98, 0x77, 0x78, 0x88, 0x99, 0x99, 0x99, 
	0x98, 0x88, 0x99, 0x89, 0x98, 0x88, 0x89, 0x99, 
	0x87, 0x77, 0x88, 0x89, 0x99, 0x99, 0x99, 0x88, 
	0x99, 0x88, 0x99, 0x98, 0x77, 0x78, 0x99, 0x87, 
	0x88, 0x98, 0x88, 0x78, 0x99, 0x99, 0x99, 0x99, 
	0x99, 0x99, 0x99, 0x98, 0x98, 0x88, 0x88, 0x89, 
	0x99, 0x77, 0x88, 0x88, 0x89, 0x99, 0x99, 0x89, 
	0x99, 0x88, 0x89, 0x98, 0x87, 0x78, 0x98, 0x87, 
	0x89, 0x99, 0x88, 0x78, 0x88, 0x89, 0x88, 0x99, 
	0x99, 0x99, 0x99, 0x88, 0x78, 0x87, 0x88, 0x88, 
	0x88, 0x88, 0x88, 0x89, 0x88, 0x88, 0x99, 0x99, 
	0x98, 0x77, 0x99, 0x88, 0x88, 0x88, 0x88, 0x77, 
	0x89, 0x88, 0x98, 0x88, 0x88, 0x88, 0x88, 0x99, 
	0x99, 0x99, 0x99, 0x87, 0x77, 0x88, 0x89, 0x99, 
	0x98, 0x88, 0x88, 0x88, 0x77, 0x89, 0x98, 0x89, 
	0x99, 0x88, 0x88, 0x89, 0x89, 0x88, 0x98, 0x88, 
	0x89, 0x89, 0x98, 0x88, 0x88, 0x98, 0x88, 0x99, 
	0x99, 0x89, 0x99, 0x88, 0x88, 0x88, 0x89, 0x89, 
	0x87, 0x78, 0x88, 0x88, 0x89, 0x99, 0x98, 0x89, 
	0x99, 0x88, 0x88, 0x89, 0x99, 0x99, 0x89, 0x98, 
	0x88, 0x88, 0x88, 0x88, 0x89, 0x88, 0x89, 0x99, 
	0x88, 0x89, 0x99, 0x99, 0x88, 0x98, 0x99, 0x98, 
	0x77, 0x78, 0x77, 0x88, 0x89, 0x98, 0x89, 0x89, 
	0x99, 0x88, 0x98, 0x88, 0x89, 0x88, 0x88, 0x98, 
	0x87, 0x87, 0x78, 0x98, 0x79, 0x88, 0x89, 0x99, 
	0x88, 0x89, 0x98, 0x88, 0x88, 0x88, 0x99, 0x98, 
	0x87, 0x89, 0x78, 0x88, 0x89, 0x99, 0x99, 0x99, 
	0x99, 0x98, 0x89, 0x98, 0x89, 0x88, 0x88, 0x98, 
	0x88, 0x88, 0x78, 0x98, 0x88, 0x88, 0x88, 0x99, 
	0x98, 0x88, 0x98, 0x89, 0x98, 0x88, 0x89, 0x99, 
	0x88, 0x99, 0x88, 0x98, 0x88, 0x88, 0x88, 0x89, 
	0x99, 0x98, 0x78, 0x99, 0x99, 0x87, 0x88, 0x88, 
	0x77, 0x88, 0x78, 0x98, 0x89, 0x89, 0x99, 0x89, 
	0x98, 0x88, 0x88, 0x89, 0x99, 0x98, 0x88, 0x88, 
	0x89, 0x98, 0x78, 0x89, 0x87, 0x77, 0x78, 0x88, 
	0x88, 0x87, 0x78, 0x98, 0x89, 0x88, 0x99, 0x98, 
	0x88, 0x87, 0x78, 0x98, 0x88, 0x99, 0x99, 0x89, 
	0x98, 0x88, 0x88, 0x99, 0x99, 0x99, 0x88, 0x88, 
	0x89, 0x98, 0x78, 0x98, 0x87, 0x77, 0x78, 0x89, 
	0x98, 0x88, 0x88, 0x98, 0x89, 0x98, 0x99, 0x99, 
	0x99, 0x98, 0x78, 0x98, 0x88, 0x99, 0x99, 0x99, 
	0x99, 0x88, 0x88, 0x99, 0x89, 0x99, 0x98, 0x88, 
	0x89, 0x87, 0x78, 0x98, 0x88, 0x87, 0x78, 0x99, 
	0x99, 0x99, 0x89, 0x99, 0x99, 0x99, 0x88, 0x89, 
	0x99, 0x99, 0x88, 0x88, 0x88, 0x88, 0x88, 0x88, 
	0x98, 0x99, 0x98, 0x89, 0x88, 0x88, 0x99, 0x98, 
	0x89, 0x87, 0x78, 0x99, 0x89, 0x88, 0x88, 0x99, 
	0x99, 0x99, 0x99, 0x99, 0x99, 0x98, 0x88, 0x88, 
	0x88, 0x89, 0x88, 0x88, 0x88, 0x88, 0x87, 0x78, 
	0x98, 0x88, 0x99, 0x98, 0x88, 0x87, 0x89, 0x88, 
	0x99, 0x88, 0x78, 0x99, 0x99, 0x99, 0x87, 0x88, 
	0x88, 0x89, 0x99, 0x99, 0x99, 0x98, 0x77, 0x78, 
	0x88, 0x89, 0x99, 0x88, 0x88, 0x88, 0x88, 0x78, 
	0x88, 0x89, 0x98, 0x89, 0x99, 0x98, 0x78, 0x88, 
	0x88, 0x99, 0x88, 0x88, 0x89, 0x99, 0x87, 0x78, 
	0x98, 0x88, 0x89, 0x88, 0x99, 0x99, 0x88, 0x78, 
	0x89, 0x88, 0x99, 0x87, 0x88, 0x88, 0x98, 0x78, 
	0x87, 0x89, 0x87, 0x89, 0x98, 0x87, 0x88, 0x88, 
	0x99, 0x89, 0x99, 0x88, 0x88, 0x99, 0x88, 0x78, 
	0x99, 0x88, 0x99, 0x88, 0x89, 0x99, 0x98, 0x78, 
	0x99, 0x88, 0x89, 0x87, 0x78, 0x88, 0x88, 0x88, 
	0x98, 0x89, 0x88, 0x99, 0x99, 0x88, 0x89, 0x98, 
	0x99, 0x99, 0x99, 0x98, 0x89, 0x99, 0x98, 0x88, 
	0x99, 0x98, 0x99, 0x88, 0x99, 0x99, 0x99, 0x88, 
	0x88, 0x88, 0x89, 0x88, 0x88, 0x89, 0x89, 0x99, 
	0x99, 0x99, 0x98, 0x99, 0x98, 0x88, 0x88, 0x88, 
	0x99, 0x99, 0x98, 0x88, 0x99, 0x98, 0x88, 0x99, 
	0x99, 0x89, 0x99, 0x88, 0x88, 0x88, 0x99, 0x99, 
	0x89, 0x98, 0x89, 0x88, 0x88, 0x88, 0x99, 0x99, 
	0x99, 0x88, 0x98, 0x88, 0x88, 0x77, 0x78, 0x88, 
	0x99, 0x98, 0x87, 0x77, 0x88, 0x88, 0x88, 0x99, 
	0x89, 0x99, 0x99, 0x88, 0x99, 0x88, 0x88, 0x99, 
	0x99, 0x99, 0x99, 0x98, 0x89, 0x99, 0x99, 0x99, 
	0x89, 0x99, 0x98, 0x89, 0x88, 0x87, 0x78, 0x99, 
	0x99, 0x98, 0x88, 0x88, 0x88, 0x88, 0x89, 0x98, 
	0x89, 0x99, 0x99, 0x99, 0x99, 0x99, 0x88, 0x99, 
	0x89, 0x99, 0x99, 0x99, 0x99, 0x99, 0x99, 0x99, 
	0x89, 0x99, 0x88, 0x89, 0x99, 0x88, 0x89, 0x89, 
	0x99, 0x99, 0x98, 0x88, 0x88, 0x98, 0x99, 0x99, 
	0x99, 0x99, 0x99, 0x99, 0x88, 0x99, 0x99, 0x98, 
	0x88, 0x99, 0x99, 0x99, 0x89, 0x99, 0x88, 0x89, 
	0x89, 0x98, 0x88, 0x99, 0x88, 0x89, 0x88, 0x88, 
	0x99, 0x99, 0x88, 0x99, 0x88, 0x99, 0x99, 0x99, 
	0x99, 0x99, 0x99, 0x99, 0x87, 0x89, 0x88, 0x98, 
	0x99, 0x98, 0x99, 0x88, 0x89, 0x98, 0x88, 0x89, 
	0x88, 0x98, 0x78, 0x89, 0x88, 0x99, 0x98, 0x88, 
	0x99, 0x99, 0x89, 0x98, 0x88, 0x88, 0x98, 0x89, 
	0x99, 0x98, 0x88, 0x88, 0x77, 0x89, 0x88, 0x99, 
	0x99, 0x99, 0x99, 0x88, 0x89, 0x88, 0x88, 0x89, 
	0x98, 0x98, 0x77, 0x88, 0x99, 0x88, 0x99, 0x88, 
	0x89, 0x99, 0x99, 0x88, 0x89, 0x88, 0x98, 0x78, 
	0x99, 0x99, 0x98, 0x88, 0x88, 0x98, 0x88, 0x99, 
	0x89, 0x99, 0x99, 0x88, 0x88, 0x98, 0x89, 0x89, 
	0x99, 0x98, 0x89, 0x98, 0x88, 0x89, 0x98, 0x89, 
	0x99, 0x99, 0x99, 0x87, 0x89, 0x88, 0x98, 0x88, 
	0x99, 0x88, 0x98, 0x88, 0x99, 0x99, 0x99, 0x99, 
	0x99, 0x89, 0x99, 0x88, 0x88, 0x89, 0x99, 0x99, 
	0x88, 0x99, 0x99, 0x98, 0x89, 0x88, 0x99, 0x99, 
	0x99, 0x99, 0x88, 0x77, 0x89, 0x88, 0x99, 0x89, 
	0x98, 0x88, 0x88, 0x98, 0x89, 0x88, 0x98, 0x99, 
	0x98, 0x88, 0x88, 0x88, 0x88, 0x88, 0x99, 0x99, 
	0x88, 0x99, 0x98, 0x78, 0x99, 0x88, 0x99, 0x99, 
	0x99, 0x99, 0x88, 0x77, 0x99, 0x88, 0x99, 0x89, 
	0x99, 0x99, 0x88, 0x98, 0x89, 0x88, 0x89, 0x99, 
	0x88, 0x87, 0x78, 0x88, 0x99, 0x88, 0x99, 0x88, 
	0x99, 0x99, 0x98, 0x88, 0x89, 0x99, 0x99, 0x99, 
	0x99, 0x99, 0x99, 0x99, 0x99, 0x99, 0x99, 0x98, 
	0x88, 0x88, 0x78, 0x98, 0x89, 0x99, 0x89, 0x98, 
	0x99, 0x87, 0x89, 0x87, 0x89, 0x89, 0x98, 0x78, 
	0x99, 0x99, 0x98, 0x78, 0x89, 0x88, 0x99, 0x99, 
	0x89, 0x89, 0x99, 0x99, 0x99, 0x99, 0x99, 0x87, 
	0x77, 0x87, 0x78, 0x98, 0x89, 0x98, 0x89, 0x98, 
	0x99, 0x98, 0x89, 0x87, 0x89, 0x88, 0x99, 0x99, 
	0x99, 0x99, 0x88, 0x87, 0x88, 0x99, 0x99, 0x98, 
	0x88, 0x88, 0x88, 0x99, 0x99, 0x99, 0x99, 0x87, 
	0x77, 0x88, 0x89, 0x99, 0x99, 0x98, 0x89, 0x98, 
	0x99, 0x99, 0x97, 0x77, 0x88, 0x77, 0x99, 0x99, 
	0x88, 0x99, 0x98, 0x87, 0x89, 0x99, 0x99, 0x98, 
	0x88, 0x89, 0x99, 0x99, 0x98, 0x89, 0x99, 0x98, 
	0x77, 0x89, 0x99, 0x99, 0x99, 0x99, 0x88, 0x88, 
	0x89, 0x99, 0x98, 0x88, 0x99, 0x89, 0x99, 0x99, 
	0x88, 0x99, 0x99, 0x88, 0x88, 0x89, 0x99, 0x99, 
	0x98, 0x99, 0x99, 0x99, 0x98, 0x79, 0x99, 0x99, 
	0x87, 0x89, 0x99, 0x99, 0x99, 0x99, 0x88, 0x78, 
	0x98, 0x99, 0x99, 0x99, 0x99, 0x99, 0x99, 0x98, 
	0x88, 0x99, 0x99, 0x99, 0x98, 0x79, 0x99, 0x99, 
	0x99, 0x99, 0x99, 0x99, 0x98, 0x79, 0x99, 0x99, 
	0x99, 0x88, 0x99, 0x99, 0x99, 0x99, 0x89, 0x89, 
	0x99, 0x99, 0x88, 0x99, 0x98, 0x98, 0x99, 0x97, 
	
};

Gfx bob_dl_Newgrass3_i4_aligner[] = {gsSPEndDisplayList()};
u8 bob_dl_Newgrass3_i4[] = {
	0x43, 0x33, 0x33, 0x43, 0x33, 0x33, 0x33, 0x44, 
	0x43, 0x33, 0x33, 0x33, 0x33, 0x33, 0x33, 0x33, 
	0x33, 0x33, 0x33, 0x33, 0x33, 0x33, 0x33, 0x33, 
	0x33, 0x33, 0x33, 0x33, 0x33, 0x44, 0x44, 0x44, 
	0x33, 0x33, 0x33, 0x44, 0x33, 0x33, 0x34, 0x44, 
	0x43, 0x33, 0x33, 0x33, 0x33, 0x33, 0x33, 0x33, 
	0x33, 0x33, 0x33, 0x33, 0x33, 0x33, 0x33, 0x33, 
	0x33, 0x33, 0x33, 0x33, 0x33, 0x44, 0x43, 0x44, 
	0x33, 0x33, 0x33, 0x44, 0x44, 0x33, 0x34, 0x44, 
	0x33, 0x33, 0x33, 0x43, 0x33, 0x33, 0x33, 0x33, 
	0x33, 0x33, 0x33, 0x33, 0x33, 0x33, 0x33, 0x33, 
	0x33, 0x33, 0x33, 0x33, 0x33, 0x44, 0x33, 0x33, 
	0x33, 0x33, 0x33, 0x34, 0x44, 0x43, 0x34, 0x44, 
	0x33, 0x33, 0x33, 0x43, 0x33, 0x43, 0x33, 0x33, 
	0x33, 0x33, 0x33, 0x33, 0x33, 0x33, 0x33, 0x33, 
	0x33, 0x33, 0x33, 0x33, 0x33, 0x33, 0x33, 0x33, 
	0x33, 0x33, 0x33, 0x34, 0x44, 0x44, 0x33, 0x33, 
	0x33, 0x33, 0x34, 0x43, 0x33, 0x33, 0x33, 0x33, 
	0x33, 0x33, 0x33, 0x33, 0x33, 0x33, 0x33, 0x33, 
	0x33, 0x33, 0x33, 0x33, 0x33, 0x33, 0x33, 0x33, 
	0x33, 0x33, 0x33, 0x34, 0x44, 0x44, 0x33, 0x33, 
	0x33, 0x33, 0x33, 0x33, 0x33, 0x33, 0x33, 0x33, 
	0x33, 0x33, 0x33, 0x33, 0x33, 0x33, 0x33, 0x33, 
	0x33, 0x33, 0x33, 0x33, 0x33, 0x33, 0x33, 0x33, 
	0x33, 0x33, 0x33, 0x34, 0x44, 0x44, 0x44, 0x43, 
	0x33, 0x33, 0x33, 0x33, 0x33, 0x33, 0x33, 0x33, 
	0x33, 0x33, 0x33, 0x33, 0x33, 0x33, 0x33, 0x33, 
	0x33, 0x33, 0x33, 0x33, 0x33, 0x33, 0x33, 0x33, 
	0x34, 0x33, 0x33, 0x34, 0x44, 0x44, 0x44, 0x43, 
	0x33, 0x33, 0x33, 0x33, 0x33, 0x33, 0x33, 0x33, 
	0x33, 0x33, 0x33, 0x33, 0x33, 0x33, 0x33, 0x33, 
	0x33, 0x33, 0x33, 0x33, 0x33, 0x33, 0x33, 0x33, 
	0x44, 0x43, 0x33, 0x34, 0x44, 0x44, 0x44, 0x43, 
	0x33, 0x33, 0x33, 0x33, 0x33, 0x33, 0x33, 0x33, 
	0x33, 0x33, 0x33, 0x33, 0x33, 0x33, 0x33, 0x33, 
	0x33, 0x33, 0x33, 0x43, 0x33, 0x33, 0x33, 0x34, 
	0x44, 0x44, 0x44, 0x44, 0x44, 0x43, 0x33, 0x33, 
	0x33, 0x33, 0x33, 0x33, 0x33, 0x33, 0x33, 0x33, 
	0x33, 0x33, 0x33, 0x33, 0x33, 0x33, 0x33, 0x33, 
	0x33, 0x33, 0x34, 0x43, 0x33, 0x33, 0x34, 0x44, 
	0x44, 0x44, 0x44, 0x44, 0x33, 0x43, 0x33, 0x33, 
	0x33, 0x33, 0x33, 0x33, 0x33, 0x33, 0x33, 0x33, 
	0x33, 0x33, 0x33, 0x33, 0x33, 0x33, 0x33, 0x33, 
	0x33, 0x33, 0x44, 0x43, 0x33, 0x33, 0x44, 0x44, 
	0x44, 0x44, 0x44, 0x43, 0x34, 0x44, 0x33, 0x33, 
	0x33, 0x33, 0x33, 0x33, 0x33, 0x33, 0x33, 0x33, 
	0x33, 0x33, 0x33, 0x33, 0x33, 0x33, 0x33, 0x33, 
	0x33, 0x33, 0x44, 0x43, 0x33, 0x44, 0x44, 0x44, 
	0x44, 0x44, 0x44, 0x43, 0x34, 0x43, 0x33, 0x33, 
	0x33, 0x33, 0x33, 0x33, 0x33, 0x33, 0x33, 0x33, 
	0x33, 0x33, 0x33, 0x33, 0x33, 0x33, 0x33, 0x33, 
	0x33, 0x33, 0x43, 0x43, 0x33, 0x44, 0x44, 0x44, 
	0x43, 0x33, 0x33, 0x33, 0x44, 0x43, 0x33, 0x33, 
	0x33, 0x33, 0x33, 0x33, 0x33, 0x33, 0x33, 0x33, 
	0x33, 0x33, 0x33, 0x33, 0x33, 0x33, 0x33, 0x33, 
	0x33, 0x33, 0x43, 0x34, 0x44, 0x44, 0x44, 0x44, 
	0x33, 0x33, 0x33, 0x33, 0x44, 0x43, 0x33, 0x33, 
	0x33, 0x33, 0x33, 0x33, 0x33, 0x33, 0x33, 0x33, 
	0x33, 0x33, 0x33, 0x33, 0x33, 0x33, 0x33, 0x33, 
	0x33, 0x33, 0x43, 0x33, 0x44, 0x44, 0x44, 0x44, 
	0x43, 0x34, 0x44, 0x44, 0x44, 0x43, 0x33, 0x33, 
	0x33, 0x33, 0x33, 0x33, 0x33, 0x33, 0x33, 0x33, 
	0x33, 0x33, 0x33, 0x33, 0x33, 0x33, 0x33, 0x33, 
	0x33, 0x33, 0x33, 0x33, 0x33, 0x34, 0x44, 0x44, 
	0x44, 0x44, 0x44, 0x43, 0x34, 0x33, 0x33, 0x33, 
	0x33, 0x33, 0x33, 0x33, 0x33, 0x33, 0x33, 0x33, 
	0x33, 0x33, 0x33, 0x33, 0x33, 0x33, 0x33, 0x33, 
	0x33, 0x44, 0x33, 0x33, 0x33, 0x34, 0x44, 0x44, 
	0x44, 0x44, 0x44, 0x43, 0x33, 0x33, 0x33, 0x33, 
	0x33, 0x33, 0x33, 0x33, 0x33, 0x33, 0x33, 0x33, 
	0x33, 0x33, 0x33, 0x33, 0x33, 0x33, 0x33, 0x33, 
	0x34, 0x44, 0x44, 0x33, 0x34, 0x34, 0x44, 0x44, 
	0x44, 0x44, 0x44, 0x43, 0x33, 0x33, 0x33, 0x33, 
	0x33, 0x33, 0x33, 0x33, 0x44, 0x33, 0x33, 0x33, 
	0x33, 0x33, 0x33, 0x33, 0x33, 0x33, 0x33, 0x33, 
	0x34, 0x44, 0x44, 0x33, 0x34, 0x44, 0x44, 0x44, 
	0x44, 0x44, 0x44, 0x43, 0x33, 0x33, 0x33, 0x33, 
	0x33, 0x34, 0x33, 0x33, 0x44, 0x43, 0x34, 0x44, 
	0x44, 0x44, 0x33, 0x33, 0x34, 0x33, 0x33, 0x33, 
	0x34, 0x44, 0x43, 0x33, 0x34, 0x44, 0x33, 0x44, 
	0x44, 0x44, 0x43, 0x33, 0x33, 0x33, 0x33, 0x33, 
	0x33, 0x33, 0x33, 0x33, 0x44, 0x43, 0x34, 0x44, 
	0x44, 0x44, 0x33, 0x33, 0x34, 0x43, 0x33, 0x33, 
	0x33, 0x44, 0x43, 0x33, 0x33, 0x43, 0x33, 0x34, 
	0x44, 0x44, 0x33, 0x33, 0x33, 0x33, 0x33, 0x33, 
	0x33, 0x33, 0x33, 0x33, 0x44, 0x44, 0x33, 0x34, 
	0x44, 0x43, 0x33, 0x33, 0x44, 0x44, 0x33, 0x33, 
	0x33, 0x33, 0x33, 0x33, 0x33, 0x33, 0x33, 0x34, 
	0x44, 0x43, 0x33, 0x33, 0x33, 0x33, 0x33, 0x33, 
	0x33, 0x33, 0x33, 0x33, 0x33, 0x33, 0x33, 0x34, 
	0x44, 0x33, 0x33, 0x34, 0x44, 0x43, 0x33, 0x33, 
	0x33, 0x33, 0x33, 0x33, 0x33, 0x33, 0x33, 0x44, 
	0x44, 0x43, 0x33, 0x33, 0x33, 0x33, 0x33, 0x33, 
	0x33, 0x33, 0x33, 0x33, 0x33, 0x33, 0x33, 0x44, 
	0x33, 0x34, 0x43, 0x33, 0x43, 0x33, 0x33, 0x33, 
	0x33, 0x33, 0x33, 0x33, 0x33, 0x33, 0x33, 0x44, 
	0x33, 0x33, 0x33, 0x33, 0x33, 0x33, 0x33, 0x33, 
	0x33, 0x33, 0x33, 0x33, 0x33, 0x33, 0x34, 0x44, 
	0x33, 0x44, 0x44, 0x33, 0x33, 0x33, 0x33, 0x33, 
	0x33, 0x33, 0x33, 0x33, 0x33, 0x33, 0x34, 0x43, 
	0x33, 0x33, 0x33, 0x33, 0x33, 0x33, 0x33, 0x33, 
	0x34, 0x43, 0x33, 0x33, 0x33, 0x33, 0x33, 0x43, 
	0x33, 0x44, 0x44, 0x43, 0x44, 0x44, 0x43, 0x33, 
	0x33, 0x44, 0x33, 0x34, 0x33, 0x33, 0x34, 0x33, 
	0x33, 0x33, 0x33, 0x33, 0x33, 0x33, 0x33, 0x33, 
	0x33, 0x43, 0x33, 0x33, 0x33, 0x33, 0x33, 0x33, 
	0x33, 0x44, 0x44, 0x33, 0x44, 0x43, 0x33, 0x33, 
	0x33, 0x44, 0x43, 0x44, 0x33, 0x33, 0x33, 0x33, 
	0x33, 0x33, 0x33, 0x33, 0x33, 0x33, 0x33, 0x33, 
	0x33, 0x44, 0x33, 0x33, 0x33, 0x34, 0x43, 0x33, 
	0x33, 0x44, 0x44, 0x33, 0x44, 0x43, 0x33, 0x33, 
	0x33, 0x34, 0x44, 0x44, 0x33, 0x33, 0x33, 0x33, 
	0x33, 0x33, 0x33, 0x33, 0x33, 0x33, 0x33, 0x33, 
	0x33, 0x33, 0x33, 0x33, 0x33, 0x34, 0x44, 0x33, 
	0x34, 0x44, 0x44, 0x43, 0x34, 0x43, 0x33, 0x33, 
	0x33, 0x34, 0x44, 0x44, 0x33, 0x33, 0x33, 0x33, 
	0x33, 0x33, 0x33, 0x33, 0x33, 0x33, 0x33, 0x33, 
	0x33, 0x33, 0x33, 0x33, 0x33, 0x33, 0x44, 0x33, 
	0x34, 0x43, 0x33, 0x33, 0x33, 0x33, 0x33, 0x33, 
	0x33, 0x33, 0x33, 0x43, 0x33, 0x33, 0x33, 0x33, 
	0x33, 0x33, 0x33, 0x33, 0x33, 0x33, 0x33, 0x33, 
	0x33, 0x33, 0x33, 0x33, 0x33, 0x33, 0x44, 0x44, 
	0x43, 0x33, 0x33, 0x33, 0x33, 0x33, 0x33, 0x33, 
	0x33, 0x33, 0x33, 0x33, 0x33, 0x33, 0x33, 0x33, 
	0x33, 0x33, 0x33, 0x33, 0x33, 0x33, 0x33, 0x33, 
	0x33, 0x33, 0x33, 0x33, 0x33, 0x34, 0x44, 0x44, 
	0x43, 0x33, 0x33, 0x33, 0x33, 0x33, 0x33, 0x33, 
	0x33, 0x33, 0x33, 0x33, 0x33, 0x33, 0x33, 0x33, 
	0x33, 0x33, 0x33, 0x33, 0x33, 0x33, 0x33, 0x33, 
	0x33, 0x33, 0x33, 0x33, 0x33, 0x44, 0x44, 0x44, 
	0x43, 0x33, 0x33, 0x43, 0x33, 0x33, 0x33, 0x44, 
	0x43, 0x33, 0x33, 0x33, 0x33, 0x33, 0x33, 0x33, 
	0x33, 0x33, 0x33, 0x33, 0x33, 0x33, 0x33, 0x33, 
	0x33, 0x33, 0x33, 0x33, 0x33, 0x44, 0x43, 0x44, 
	0x33, 0x33, 0x33, 0x44, 0x33, 0x33, 0x34, 0x44, 
	0x43, 0x33, 0x33, 0x33, 0x33, 0x33, 0x33, 0x33, 
	0x33, 0x33, 0x33, 0x33, 0x33, 0x33, 0x33, 0x33, 
	0x33, 0x33, 0x33, 0x33, 0x33, 0x44, 0x33, 0x33, 
	0x33, 0x33, 0x33, 0x44, 0x44, 0x33, 0x34, 0x44, 
	0x33, 0x33, 0x33, 0x43, 0x33, 0x33, 0x33, 0x33, 
	0x33, 0x33, 0x33, 0x33, 0x33, 0x33, 0x33, 0x33, 
	0x33, 0x33, 0x33, 0x33, 0x33, 0x33, 0x33, 0x33, 
	0x33, 0x33, 0x33, 0x34, 0x44, 0x43, 0x34, 0x44, 
	0x33, 0x33, 0x33, 0x43, 0x33, 0x43, 0x33, 0x33, 
	0x33, 0x33, 0x33, 0x33, 0x33, 0x33, 0x33, 0x33, 
	0x33, 0x33, 0x33, 0x33, 0x33, 0x33, 0x33, 0x33, 
	0x33, 0x33, 0x33, 0x34, 0x44, 0x44, 0x33, 0x33, 
	0x33, 0x33, 0x34, 0x43, 0x33, 0x33, 0x33, 0x33, 
	0x33, 0x33, 0x33, 0x33, 0x33, 0x33, 0x33, 0x33, 
	0x33, 0x33, 0x33, 0x33, 0x33, 0x33, 0x33, 0x33, 
	0x33, 0x33, 0x33, 0x34, 0x44, 0x44, 0x33, 0x33, 
	0x33, 0x33, 0x33, 0x33, 0x33, 0x33, 0x33, 0x33, 
	0x33, 0x33, 0x33, 0x33, 0x33, 0x33, 0x33, 0x33, 
	0x33, 0x33, 0x33, 0x33, 0x33, 0x33, 0x33, 0x33, 
	0x33, 0x33, 0x33, 0x34, 0x44, 0x44, 0x44, 0x43, 
	0x33, 0x33, 0x33, 0x33, 0x33, 0x33, 0x33, 0x33, 
	0x33, 0x33, 0x33, 0x33, 0x33, 0x33, 0x33, 0x33, 
	0x33, 0x33, 0x33, 0x33, 0x33, 0x33, 0x33, 0x33, 
	0x34, 0x33, 0x33, 0x34, 0x44, 0x44, 0x44, 0x43, 
	0x33, 0x33, 0x33, 0x33, 0x33, 0x33, 0x33, 0x33, 
	0x33, 0x33, 0x33, 0x33, 0x33, 0x33, 0x33, 0x33, 
	0x33, 0x33, 0x33, 0x43, 0x33, 0x33, 0x33, 0x34, 
	0x44, 0x43, 0x33, 0x34, 0x44, 0x44, 0x44, 0x43, 
	0x33, 0x33, 0x33, 0x33, 0x33, 0x33, 0x33, 0x33, 
	0x33, 0x33, 0x33, 0x33, 0x33, 0x33, 0x33, 0x33, 
	0x33, 0x33, 0x34, 0x43, 0x33, 0x33, 0x34, 0x44, 
	0x44, 0x44, 0x44, 0x44, 0x44, 0x43, 0x33, 0x33, 
	0x33, 0x33, 0x33, 0x33, 0x33, 0x33, 0x33, 0x33, 
	0x33, 0x33, 0x33, 0x33, 0x33, 0x33, 0x33, 0x33, 
	0x33, 0x33, 0x44, 0x43, 0x33, 0x33, 0x44, 0x44, 
	0x44, 0x44, 0x44, 0x44, 0x33, 0x43, 0x33, 0x33, 
	0x33, 0x33, 0x33, 0x33, 0x33, 0x33, 0x33, 0x33, 
	0x33, 0x33, 0x33, 0x33, 0x33, 0x33, 0x33, 0x33, 
	0x33, 0x33, 0x44, 0x43, 0x33, 0x44, 0x44, 0x44, 
	0x44, 0x44, 0x44, 0x43, 0x34, 0x44, 0x33, 0x33, 
	0x33, 0x33, 0x33, 0x33, 0x33, 0x33, 0x33, 0x33, 
	0x33, 0x33, 0x33, 0x33, 0x33, 0x33, 0x33, 0x33, 
	0x33, 0x33, 0x43, 0x43, 0x33, 0x44, 0x44, 0x44, 
	0x44, 0x44, 0x44, 0x43, 0x34, 0x43, 0x33, 0x33, 
	0x33, 0x33, 0x33, 0x33, 0x33, 0x33, 0x33, 0x33, 
	0x33, 0x33, 0x33, 0x33, 0x33, 0x33, 0x33, 0x33, 
	0x33, 0x33, 0x43, 0x34, 0x44, 0x44, 0x44, 0x44, 
	0x43, 0x33, 0x33, 0x33, 0x44, 0x43, 0x33, 0x33, 
	0x33, 0x33, 0x33, 0x33, 0x33, 0x33, 0x33, 0x33, 
	0x33, 0x33, 0x33, 0x33, 0x33, 0x33, 0x33, 0x33, 
	0x33, 0x33, 0x43, 0x33, 0x44, 0x44, 0x44, 0x44, 
	0x33, 0x33, 0x33, 0x33, 0x44, 0x43, 0x33, 0x33, 
	0x33, 0x33, 0x33, 0x33, 0x33, 0x33, 0x33, 0x33, 
	0x33, 0x33, 0x33, 0x33, 0x33, 0x33, 0x33, 0x33, 
	0x33, 0x33, 0x33, 0x33, 0x33, 0x34, 0x44, 0x44, 
	0x43, 0x34, 0x44, 0x44, 0x44, 0x43, 0x33, 0x33, 
	0x33, 0x33, 0x33, 0x33, 0x33, 0x33, 0x33, 0x33, 
	0x33, 0x33, 0x33, 0x33, 0x33, 0x33, 0x33, 0x33, 
	0x33, 0x44, 0x33, 0x33, 0x33, 0x34, 0x44, 0x44, 
	0x44, 0x44, 0x44, 0x43, 0x34, 0x33, 0x33, 0x33, 
	0x33, 0x33, 0x33, 0x33, 0x33, 0x33, 0x33, 0x33, 
	0x33, 0x33, 0x33, 0x33, 0x33, 0x33, 0x33, 0x33, 
	0x34, 0x44, 0x44, 0x33, 0x34, 0x34, 0x44, 0x44, 
	0x44, 0x44, 0x44, 0x43, 0x33, 0x33, 0x33, 0x33, 
	0x33, 0x33, 0x33, 0x33, 0x33, 0x33, 0x33, 0x33, 
	0x33, 0x33, 0x33, 0x33, 0x33, 0x33, 0x33, 0x33, 
	0x34, 0x44, 0x44, 0x33, 0x34, 0x44, 0x44, 0x44, 
	0x44, 0x44, 0x44, 0x43, 0x33, 0x33, 0x33, 0x33, 
	0x33, 0x33, 0x33, 0x33, 0x44, 0x33, 0x33, 0x33, 
	0x44, 0x44, 0x33, 0x33, 0x34, 0x33, 0x33, 0x33, 
	0x34, 0x44, 0x43, 0x33, 0x34, 0x44, 0x33, 0x44, 
	0x44, 0x44, 0x44, 0x43, 0x33, 0x33, 0x33, 0x33, 
	0x33, 0x34, 0x33, 0x33, 0x44, 0x43, 0x34, 0x44, 
	0x44, 0x44, 0x33, 0x33, 0x34, 0x43, 0x33, 0x33, 
	0x33, 0x44, 0x43, 0x33, 0x33, 0x43, 0x33, 0x34, 
	0x44, 0x44, 0x43, 0x33, 0x33, 0x33, 0x33, 0x33, 
	0x33, 0x33, 0x33, 0x33, 0x44, 0x43, 0x34, 0x44, 
	0x44, 0x43, 0x33, 0x33, 0x44, 0x44, 0x33, 0x33, 
	0x33, 0x33, 0x33, 0x33, 0x33, 0x33, 0x33, 0x34, 
	0x44, 0x44, 0x33, 0x33, 0x33, 0x33, 0x33, 0x33, 
	0x33, 0x33, 0x33, 0x33, 0x44, 0x44, 0x33, 0x34, 
	0x44, 0x33, 0x33, 0x34, 0x44, 0x43, 0x33, 0x33, 
	0x33, 0x33, 0x33, 0x33, 0x33, 0x33, 0x33, 0x44, 
	0x44, 0x43, 0x33, 0x33, 0x33, 0x33, 0x33, 0x33, 
	0x33, 0x33, 0x33, 0x33, 0x33, 0x33, 0x33, 0x34, 
	0x33, 0x34, 0x43, 0x33, 0x43, 0x33, 0x33, 0x33, 
	0x33, 0x33, 0x33, 0x33, 0x33, 0x33, 0x33, 0x44, 
	0x44, 0x43, 0x33, 0x33, 0x33, 0x33, 0x33, 0x33, 
	0x33, 0x33, 0x33, 0x33, 0x33, 0x33, 0x33, 0x44, 
	0x33, 0x44, 0x44, 0x33, 0x33, 0x33, 0x33, 0x33, 
	0x33, 0x33, 0x33, 0x33, 0x33, 0x33, 0x34, 0x43, 
	0x33, 0x33, 0x33, 0x33, 0x33, 0x33, 0x33, 0x33, 
	0x33, 0x33, 0x33, 0x33, 0x33, 0x33, 0x34, 0x44, 
	0x33, 0x44, 0x44, 0x43, 0x44, 0x44, 0x43, 0x33, 
	0x33, 0x44, 0x33, 0x34, 0x33, 0x33, 0x34, 0x33, 
	0x33, 0x33, 0x33, 0x33, 0x33, 0x33, 0x33, 0x33, 
	0x34, 0x43, 0x33, 0x33, 0x33, 0x33, 0x33, 0x43, 
	0x33, 0x44, 0x44, 0x33, 0x44, 0x43, 0x33, 0x33, 
	0x33, 0x44, 0x43, 0x44, 0x33, 0x33, 0x33, 0x33, 
	0x33, 0x33, 0x33, 0x33, 0x33, 0x33, 0x33, 0x33, 
	0x33, 0x43, 0x33, 0x33, 0x33, 0x33, 0x33, 0x33, 
	0x33, 0x44, 0x44, 0x33, 0x44, 0x43, 0x33, 0x33, 
	0x33, 0x34, 0x44, 0x44, 0x33, 0x33, 0x33, 0x33, 
	0x33, 0x33, 0x33, 0x33, 0x33, 0x33, 0x33, 0x33, 
	0x33, 0x44, 0x33, 0x33, 0x33, 0x34, 0x43, 0x33, 
	0x34, 0x44, 0x44, 0x43, 0x34, 0x43, 0x33, 0x33, 
	0x33, 0x34, 0x44, 0x44, 0x33, 0x33, 0x33, 0x33, 
	0x33, 0x33, 0x33, 0x33, 0x33, 0x33, 0x33, 0x33, 
	0x33, 0x33, 0x33, 0x33, 0x33, 0x34, 0x44, 0x33, 
	0x34, 0x43, 0x33, 0x33, 0x33, 0x33, 0x33, 0x33, 
	0x33, 0x33, 0x33, 0x43, 0x33, 0x33, 0x33, 0x33, 
	0x33, 0x33, 0x33, 0x33, 0x33, 0x33, 0x33, 0x33, 
	0x33, 0x33, 0x33, 0x33, 0x33, 0x33, 0x44, 0x33, 
	0x43, 0x33, 0x33, 0x33, 0x33, 0x33, 0x33, 0x33, 
	0x33, 0x33, 0x33, 0x33, 0x33, 0x33, 0x33, 0x33, 
	0x33, 0x33, 0x33, 0x33, 0x33, 0x33, 0x33, 0x33, 
	0x33, 0x33, 0x33, 0x33, 0x33, 0x33, 0x44, 0x44, 
	0x43, 0x33, 0x33, 0x33, 0x33, 0x33, 0x33, 0x33, 
	0x33, 0x33, 0x33, 0x33, 0x33, 0x33, 0x33, 0x33, 
	0x33, 0x33, 0x33, 0x33, 0x33, 0x33, 0x33, 0x33, 
	0x33, 0x33, 0x33, 0x33, 0x33, 0x34, 0x44, 0x44, 
	
};

Gfx bob_dl_LightWall_i4_aligner[] = {gsSPEndDisplayList()};
u8 bob_dl_LightWall_i4[] = {
	0x65, 0x65, 0x56, 0x77, 0x77, 0x77, 0x86, 0x67, 
	0x77, 0x77, 0x67, 0x66, 0x65, 0x55, 0x55, 0x55, 
	0x56, 0x76, 0x77, 0x76, 0x66, 0x67, 0x77, 0x87, 
	0x77, 0x77, 0x77, 0x76, 0x56, 0x55, 0x55, 0x55, 
	0x55, 0x55, 0x66, 0x77, 0x77, 0x77, 0x77, 0x77, 
	0x77, 0x77, 0x77, 0x76, 0x66, 0x66, 0x66, 0x55, 
	0x56, 0x77, 0x77, 0x76, 0x66, 0x57, 0x77, 0x77, 
	0x77, 0x77, 0x77, 0x66, 0x55, 0x56, 0x65, 0x55, 
	0x55, 0x55, 0x56, 0x77, 0x77, 0x77, 0x77, 0x66, 
	0x77, 0x67, 0x76, 0x66, 0x66, 0x66, 0x66, 0x65, 
	0x56, 0x77, 0x77, 0x76, 0x65, 0x56, 0x67, 0x77, 
	0x77, 0x77, 0x66, 0x66, 0x65, 0x65, 0x56, 0x66, 
	0x66, 0x55, 0x55, 0x77, 0x77, 0x77, 0x77, 0x67, 
	0x77, 0x67, 0x77, 0x66, 0x66, 0x66, 0x66, 0x65, 
	0x56, 0x77, 0x77, 0x76, 0x55, 0x56, 0x67, 0x77, 
	0x77, 0x77, 0x76, 0x66, 0x55, 0x55, 0x65, 0x56, 
	0x55, 0x55, 0x66, 0x77, 0x67, 0x77, 0x77, 0x77, 
	0x67, 0x66, 0x77, 0x77, 0x66, 0x66, 0x66, 0x66, 
	0x66, 0x77, 0x76, 0x76, 0x65, 0x66, 0x66, 0x67, 
	0x77, 0x77, 0x76, 0x66, 0x66, 0x66, 0x55, 0x55, 
	0x55, 0x55, 0x56, 0x77, 0x77, 0x77, 0x77, 0x77, 
	0x67, 0x77, 0x76, 0x67, 0x66, 0x66, 0x66, 0x66, 
	0x66, 0x77, 0x77, 0x66, 0x55, 0x56, 0x66, 0x67, 
	0x77, 0x77, 0x76, 0x66, 0x65, 0x56, 0x65, 0x65, 
	0x65, 0x55, 0x66, 0x77, 0x67, 0x77, 0x77, 0x77, 
	0x77, 0x76, 0x77, 0x77, 0x66, 0x66, 0x66, 0x66, 
	0x66, 0x76, 0x77, 0x76, 0x56, 0x66, 0x66, 0x67, 
	0x77, 0x77, 0x77, 0x66, 0x66, 0x65, 0x66, 0x56, 
	0x55, 0x65, 0x56, 0x77, 0x77, 0x66, 0x77, 0x77, 
	0x66, 0x66, 0x77, 0x77, 0x66, 0x66, 0x66, 0x66, 
	0x66, 0x77, 0x67, 0x66, 0x65, 0x66, 0x66, 0x77, 
	0x77, 0x77, 0x77, 0x76, 0x56, 0x66, 0x65, 0x55, 
	0x55, 0x56, 0x67, 0x77, 0x67, 0x66, 0x77, 0x77, 
	0x66, 0x66, 0x77, 0x77, 0x66, 0x66, 0x66, 0x66, 
	0x67, 0x77, 0x77, 0x65, 0x55, 0x56, 0x66, 0x77, 
	0x77, 0x77, 0x77, 0x76, 0x56, 0x66, 0x66, 0x56, 
	0x55, 0x56, 0x67, 0x77, 0x67, 0x66, 0x77, 0x77, 
	0x66, 0x66, 0x77, 0x76, 0x66, 0x66, 0x66, 0x66, 
	0x77, 0x76, 0x77, 0x65, 0x55, 0x56, 0x66, 0x77, 
	0x77, 0x77, 0x77, 0x76, 0x55, 0x66, 0x66, 0x66, 
	0x56, 0x66, 0x77, 0x77, 0x67, 0x66, 0x77, 0x77, 
	0x66, 0x66, 0x77, 0x76, 0x66, 0x66, 0x66, 0x67, 
	0x77, 0x66, 0x66, 0x65, 0x55, 0x56, 0x66, 0x77, 
	0x77, 0x77, 0x77, 0x76, 0x65, 0x56, 0x66, 0x66, 
	0x66, 0x66, 0x77, 0x77, 0x67, 0x66, 0x77, 0x77, 
	0x76, 0x66, 0x77, 0x66, 0x66, 0x56, 0x66, 0x77, 
	0x77, 0x66, 0x66, 0x65, 0x55, 0x56, 0x66, 0x77, 
	0x77, 0x77, 0x76, 0x66, 0x65, 0x55, 0x66, 0x66, 
	0x66, 0x56, 0x77, 0x77, 0x67, 0x66, 0x77, 0x77, 
	0x76, 0x66, 0x77, 0x66, 0x65, 0x56, 0x77, 0x77, 
	0x76, 0x67, 0x76, 0x55, 0x55, 0x56, 0x66, 0x77, 
	0x77, 0x76, 0x66, 0x66, 0x65, 0x55, 0x66, 0x66, 
	0x65, 0x57, 0x77, 0x77, 0x77, 0x66, 0x77, 0x77, 
	0x76, 0x66, 0x77, 0x76, 0x65, 0x56, 0x77, 0x77, 
	0x76, 0x67, 0x66, 0x55, 0x55, 0x56, 0x66, 0x77, 
	0x77, 0x66, 0x66, 0x66, 0x66, 0x55, 0x66, 0x66, 
	0x65, 0x67, 0x77, 0x77, 0x77, 0x66, 0x77, 0x76, 
	0x66, 0x66, 0x77, 0x76, 0x65, 0x66, 0x77, 0x77, 
	0x76, 0x66, 0x66, 0x55, 0x55, 0x56, 0x66, 0x77, 
	0x77, 0x66, 0x66, 0x66, 0x66, 0x66, 0x66, 0x66, 
	0x66, 0x67, 0x77, 0x77, 0x77, 0x66, 0x77, 0x77, 
	0x77, 0x66, 0x77, 0x76, 0x65, 0x56, 0x77, 0x77, 
	0x76, 0x77, 0x66, 0x66, 0x65, 0x56, 0x66, 0x77, 
	0x77, 0x76, 0x66, 0x66, 0x66, 0x56, 0x66, 0x66, 
	0x66, 0x67, 0x76, 0x77, 0x77, 0x66, 0x77, 0x77, 
	0x76, 0x66, 0x77, 0x76, 0x65, 0x56, 0x77, 0x77, 
	0x76, 0x67, 0x56, 0x56, 0x65, 0x56, 0x67, 0x77, 
	0x77, 0x77, 0x77, 0x66, 0x66, 0x56, 0x66, 0x66, 
	0x66, 0x77, 0x77, 0x77, 0x76, 0x66, 0x77, 0x77, 
	0x66, 0x66, 0x77, 0x76, 0x65, 0x56, 0x67, 0x77, 
	0x77, 0x76, 0x65, 0x56, 0x65, 0x56, 0x67, 0x77, 
	0x77, 0x77, 0x77, 0x77, 0x66, 0x55, 0x66, 0x66, 
	0x66, 0x67, 0x76, 0x76, 0x66, 0x66, 0x77, 0x76, 
	0x66, 0x66, 0x77, 0x76, 0x65, 0x55, 0x67, 0x77, 
	0x77, 0x66, 0x65, 0x66, 0x65, 0x56, 0x67, 0x77, 
	0x77, 0x77, 0x77, 0x77, 0x66, 0x56, 0x66, 0x66, 
	0x66, 0x77, 0x77, 0x76, 0x66, 0x67, 0x77, 0x77, 
	0x76, 0x66, 0x77, 0x76, 0x65, 0x55, 0x67, 0x77, 
	0x77, 0x66, 0x55, 0x67, 0x65, 0x55, 0x67, 0x77, 
	0x67, 0x77, 0x66, 0x77, 0x66, 0x56, 0x66, 0x55, 
	0x55, 0x67, 0x66, 0x65, 0x66, 0x77, 0x77, 0x77, 
	0x66, 0x66, 0x77, 0x77, 0x65, 0x55, 0x67, 0x77, 
	0x77, 0x65, 0x55, 0x67, 0x65, 0x55, 0x67, 0x77, 
	0x76, 0x77, 0x66, 0x77, 0x76, 0x66, 0x76, 0x55, 
	0x56, 0x77, 0x66, 0x66, 0x67, 0x77, 0x77, 0x77, 
	0x66, 0x56, 0x77, 0x77, 0x65, 0x55, 0x67, 0x77, 
	0x77, 0x75, 0x66, 0x77, 0x65, 0x55, 0x67, 0x77, 
	0x77, 0x77, 0x66, 0x77, 0x76, 0x66, 0x66, 0x55, 
	0x66, 0x77, 0x66, 0x66, 0x77, 0x88, 0x77, 0x77, 
	0x65, 0x56, 0x77, 0x77, 0x65, 0x55, 0x67, 0x77, 
	0x77, 0x76, 0x56, 0x77, 0x65, 0x55, 0x66, 0x77, 
	0x77, 0x77, 0x76, 0x67, 0x77, 0x77, 0x66, 0x56, 
	0x55, 0x77, 0x66, 0x66, 0x67, 0x88, 0x77, 0x76, 
	0x65, 0x56, 0x77, 0x76, 0x65, 0x55, 0x67, 0x77, 
	0x77, 0x75, 0x57, 0x77, 0x65, 0x55, 0x66, 0x77, 
	0x76, 0x77, 0x66, 0x67, 0x77, 0x77, 0x66, 0x55, 
	0x66, 0x77, 0x66, 0x66, 0x67, 0x77, 0x77, 0x66, 
	0x55, 0x56, 0x77, 0x76, 0x55, 0x55, 0x66, 0x77, 
	0x77, 0x75, 0x57, 0x77, 0x65, 0x55, 0x56, 0x77, 
	0x76, 0x66, 0x66, 0x66, 0x77, 0x77, 0x66, 0x65, 
	0x56, 0x77, 0x66, 0x66, 0x67, 0x77, 0x77, 0x65, 
	0x55, 0x56, 0x77, 0x76, 0x55, 0x55, 0x66, 0x77, 
	0x77, 0x75, 0x57, 0x77, 0x65, 0x55, 0x56, 0x77, 
	0x76, 0x66, 0x66, 0x66, 0x77, 0x77, 0x66, 0x65, 
	0x66, 0x77, 0x66, 0x66, 0x67, 0x77, 0x76, 0x65, 
	0x55, 0x56, 0x77, 0x76, 0x55, 0x55, 0x56, 0x77, 
	0x67, 0x75, 0x57, 0x77, 0x65, 0x55, 0x56, 0x77, 
	0x76, 0x66, 0x66, 0x66, 0x77, 0x77, 0x66, 0x55, 
	0x56, 0x77, 0x66, 0x66, 0x67, 0x77, 0x76, 0x55, 
	0x55, 0x56, 0x77, 0x76, 0x55, 0x55, 0x56, 0x67, 
	0x76, 0x65, 0x56, 0x77, 0x65, 0x55, 0x56, 0x77, 
	0x76, 0x66, 0x66, 0x66, 0x77, 0x77, 0x66, 0x55, 
	0x66, 0x67, 0x66, 0x66, 0x67, 0x77, 0x65, 0x55, 
	0x55, 0x56, 0x77, 0x76, 0x55, 0x55, 0x56, 0x67, 
	0x76, 0x65, 0x56, 0x77, 0x65, 0x55, 0x57, 0x77, 
	0x77, 0x66, 0x66, 0x66, 0x77, 0x77, 0x76, 0x55, 
	0x66, 0x66, 0x66, 0x66, 0x67, 0x77, 0x65, 0x55, 
	0x55, 0x56, 0x77, 0x76, 0x55, 0x55, 0x55, 0x67, 
	0x76, 0x66, 0x56, 0x77, 0x75, 0x55, 0x57, 0x77, 
	0x76, 0x66, 0x66, 0x66, 0x66, 0x67, 0x76, 0x65, 
	0x66, 0x66, 0x66, 0x66, 0x67, 0x76, 0x55, 0x55, 
	0x55, 0x56, 0x77, 0x76, 0x55, 0x55, 0x55, 0x67, 
	0x76, 0x66, 0x56, 0x77, 0x76, 0x55, 0x57, 0x77, 
	0x76, 0x77, 0x66, 0x66, 0x77, 0x67, 0x76, 0x55, 
	0x66, 0x66, 0x66, 0x56, 0x77, 0x76, 0x55, 0x55, 
	0x55, 0x56, 0x77, 0x66, 0x55, 0x45, 0x55, 0x67, 
	0x77, 0x66, 0x55, 0x77, 0x76, 0x55, 0x57, 0x77, 
	0x76, 0x67, 0x76, 0x66, 0x66, 0x67, 0x66, 0x55, 
	0x66, 0x66, 0x66, 0x67, 0x77, 0x76, 0x55, 0x55, 
	0x55, 0x56, 0x77, 0x76, 0x55, 0x45, 0x55, 0x67, 
	0x77, 0x66, 0x55, 0x67, 0x76, 0x55, 0x57, 0x77, 
	0x76, 0x77, 0x76, 0x66, 0x67, 0x66, 0x66, 0x66, 
	0x66, 0x66, 0x56, 0x67, 0x77, 0x66, 0x55, 0x55, 
	0x55, 0x56, 0x77, 0x77, 0x55, 0x55, 0x55, 0x67, 
	0x77, 0x77, 0x65, 0x67, 0x76, 0x55, 0x57, 0x77, 
	0x76, 0x66, 0x66, 0x66, 0x77, 0x76, 0x66, 0x66, 
	0x66, 0x66, 0x66, 0x77, 0x77, 0x66, 0x66, 0x55, 
	0x65, 0x56, 0x77, 0x76, 0x55, 0x55, 0x55, 0x66, 
	0x77, 0x77, 0x65, 0x67, 0x76, 0x55, 0x67, 0x77, 
	0x76, 0x66, 0x66, 0x66, 0x76, 0x65, 0x56, 0x66, 
	0x66, 0x66, 0x67, 0x78, 0x87, 0x66, 0x65, 0x55, 
	0x66, 0x56, 0x77, 0x76, 0x55, 0x55, 0x56, 0x66, 
	0x77, 0x77, 0x65, 0x56, 0x76, 0x55, 0x67, 0x77, 
	0x77, 0x66, 0x65, 0x66, 0x67, 0x65, 0x55, 0x56, 
	0x66, 0x66, 0x67, 0x88, 0x87, 0x66, 0x65, 0x55, 
	0x66, 0x56, 0x77, 0x76, 0x55, 0x55, 0x56, 0x66, 
	0x77, 0x77, 0x76, 0x56, 0x76, 0x55, 0x67, 0x77, 
	0x77, 0x66, 0x65, 0x66, 0x76, 0x65, 0x65, 0x56, 
	0x56, 0x66, 0x67, 0x77, 0x77, 0x66, 0x55, 0x55, 
	0x66, 0x56, 0x77, 0x76, 0x55, 0x55, 0x55, 0x66, 
	0x67, 0x77, 0x76, 0x56, 0x76, 0x65, 0x57, 0x77, 
	0x77, 0x66, 0x66, 0x67, 0x76, 0x55, 0x55, 0x55, 
	0x66, 0x66, 0x67, 0x77, 0x77, 0x65, 0x55, 0x55, 
	0x66, 0x56, 0x77, 0x76, 0x55, 0x55, 0x55, 0x66, 
	0x66, 0x76, 0x76, 0x55, 0x76, 0x65, 0x56, 0x77, 
	0x77, 0x66, 0x66, 0x66, 0x66, 0x56, 0x55, 0x56, 
	0x66, 0x66, 0x67, 0x77, 0x77, 0x65, 0x55, 0x55, 
	0x66, 0x56, 0x77, 0x76, 0x55, 0x55, 0x55, 0x66, 
	0x66, 0x76, 0x76, 0x55, 0x66, 0x55, 0x56, 0x77, 
	0x77, 0x66, 0x66, 0x66, 0x65, 0x55, 0x55, 0x55, 
	0x66, 0x66, 0x67, 0x77, 0x77, 0x65, 0x55, 0x56, 
	0x66, 0x56, 0x77, 0x66, 0x55, 0x55, 0x55, 0x66, 
	0x66, 0x66, 0x76, 0x55, 0x56, 0x55, 0x56, 0x77, 
	0x77, 0x66, 0x55, 0x55, 0x55, 0x55, 0x55, 0x55, 
	0x66, 0x66, 0x67, 0x77, 0x77, 0x65, 0x55, 0x56, 
	0x66, 0x56, 0x77, 0x65, 0x55, 0x55, 0x55, 0x56, 
	0x66, 0x66, 0x76, 0x55, 0x55, 0x55, 0x56, 0x77, 
	0x77, 0x65, 0x55, 0x55, 0x55, 0x55, 0x56, 0x55, 
	0x66, 0x66, 0x67, 0x87, 0x77, 0x65, 0x55, 0x56, 
	0x66, 0x56, 0x77, 0x65, 0x55, 0x55, 0x55, 0x56, 
	0x66, 0x67, 0x76, 0x55, 0x55, 0x55, 0x56, 0x77, 
	0x77, 0x66, 0x55, 0x55, 0x55, 0x55, 0x56, 0x66, 
	0x66, 0x66, 0x67, 0x87, 0x77, 0x65, 0x55, 0x56, 
	0x66, 0x56, 0x77, 0x65, 0x55, 0x55, 0x55, 0x66, 
	0x66, 0x67, 0x77, 0x55, 0x55, 0x56, 0x56, 0x77, 
	0x77, 0x66, 0x55, 0x55, 0x55, 0x55, 0x56, 0x66, 
	0x66, 0x66, 0x67, 0x87, 0x77, 0x65, 0x55, 0x66, 
	0x66, 0x56, 0x67, 0x65, 0x55, 0x55, 0x55, 0x56, 
	0x66, 0x67, 0x77, 0x65, 0x55, 0x55, 0x56, 0x77, 
	0x77, 0x66, 0x65, 0x55, 0x55, 0x55, 0x56, 0x66, 
	0x66, 0x66, 0x67, 0x77, 0x77, 0x65, 0x56, 0x66, 
	0x66, 0x55, 0x67, 0x65, 0x55, 0x55, 0x55, 0x56, 
	0x66, 0x67, 0x76, 0x65, 0x55, 0x55, 0x56, 0x77, 
	0x77, 0x66, 0x66, 0x55, 0x55, 0x55, 0x56, 0x66, 
	0x66, 0x66, 0x67, 0x77, 0x77, 0x66, 0x56, 0x67, 
	0x66, 0x65, 0x56, 0x65, 0x55, 0x55, 0x54, 0x56, 
	0x66, 0x66, 0x76, 0x65, 0x55, 0x55, 0x56, 0x77, 
	0x77, 0x66, 0x65, 0x55, 0x55, 0x55, 0x66, 0x66, 
	0x56, 0x66, 0x67, 0x77, 0x77, 0x65, 0x66, 0x77, 
	0x66, 0x55, 0x55, 0x65, 0x55, 0x55, 0x55, 0x55, 
	0x56, 0x66, 0x77, 0x65, 0x55, 0x56, 0x56, 0x77, 
	0x76, 0x66, 0x65, 0x55, 0x55, 0x55, 0x55, 0x65, 
	0x66, 0x66, 0x67, 0x77, 0x77, 0x76, 0x66, 0x77, 
	0x66, 0x55, 0x55, 0x55, 0x55, 0x55, 0x55, 0x55, 
	0x56, 0x66, 0x77, 0x65, 0x55, 0x55, 0x57, 0x77, 
	0x76, 0x66, 0x65, 0x55, 0x55, 0x56, 0x65, 0x56, 
	0x66, 0x66, 0x67, 0x77, 0x77, 0x77, 0x66, 0x77, 
	0x76, 0x65, 0x55, 0x55, 0x55, 0x55, 0x55, 0x55, 
	0x55, 0x66, 0x77, 0x65, 0x55, 0x55, 0x67, 0x77, 
	0x76, 0x66, 0x65, 0x55, 0x55, 0x45, 0x55, 0x66, 
	0x66, 0x66, 0x67, 0x77, 0x77, 0x77, 0x76, 0x67, 
	0x77, 0x65, 0x55, 0x55, 0x55, 0x55, 0x55, 0x55, 
	0x55, 0x66, 0x77, 0x65, 0x55, 0x55, 0x67, 0x77, 
	0x76, 0x66, 0x65, 0x55, 0x55, 0x55, 0x56, 0x66, 
	0x66, 0x66, 0x66, 0x77, 0x77, 0x77, 0x66, 0x67, 
	0x77, 0x76, 0x65, 0x55, 0x55, 0x55, 0x55, 0x55, 
	0x55, 0x66, 0x76, 0x65, 0x55, 0x55, 0x77, 0x77, 
	0x76, 0x66, 0x65, 0x55, 0x55, 0x55, 0x55, 0x56, 
	0x66, 0x66, 0x66, 0x77, 0x77, 0x77, 0x76, 0x66, 
	0x77, 0x76, 0x65, 0x55, 0x55, 0x55, 0x55, 0x55, 
	0x55, 0x66, 0x66, 0x65, 0x55, 0x56, 0x77, 0x77, 
	0x77, 0x66, 0x65, 0x55, 0x55, 0x55, 0x55, 0x55, 
	0x65, 0x55, 0x56, 0x77, 0x77, 0x77, 0x76, 0x66, 
	0x67, 0x77, 0x66, 0x55, 0x55, 0x55, 0x55, 0x55, 
	0x55, 0x66, 0x66, 0x65, 0x55, 0x56, 0x77, 0x77, 
	0x77, 0x66, 0x65, 0x55, 0x55, 0x55, 0x66, 0x55, 
	0x55, 0x55, 0x56, 0x77, 0x77, 0x77, 0x76, 0x66, 
	0x67, 0x77, 0x66, 0x65, 0x55, 0x55, 0x55, 0x55, 
	0x55, 0x66, 0x66, 0x65, 0x55, 0x57, 0x77, 0x77, 
	0x77, 0x66, 0x65, 0x55, 0x55, 0x55, 0x55, 0x56, 
	0x66, 0x55, 0x56, 0x77, 0x77, 0x77, 0x76, 0x66, 
	0x67, 0x77, 0x77, 0x65, 0x55, 0x55, 0x55, 0x55, 
	0x55, 0x66, 0x66, 0x65, 0x55, 0x67, 0x77, 0x77, 
	0x77, 0x66, 0x66, 0x54, 0x55, 0x55, 0x55, 0x55, 
	0x66, 0x55, 0x66, 0x77, 0x77, 0x77, 0x77, 0x66, 
	0x66, 0x66, 0x66, 0x65, 0x55, 0x55, 0x55, 0x54, 
	0x55, 0x66, 0x66, 0x65, 0x55, 0x67, 0x77, 0x77, 
	0x76, 0x66, 0x76, 0x65, 0x55, 0x54, 0x56, 0x55, 
	0x56, 0x66, 0x66, 0x77, 0x77, 0x77, 0x77, 0x66, 
	0x66, 0x66, 0x66, 0x66, 0x55, 0x55, 0x55, 0x55, 
	0x55, 0x67, 0x66, 0x65, 0x55, 0x67, 0x77, 0x77, 
	0x77, 0x77, 0x66, 0x66, 0x55, 0x55, 0x55, 0x55, 
	0x66, 0x66, 0x66, 0x77, 0x77, 0x77, 0x77, 0x66, 
	0x76, 0x67, 0x77, 0x66, 0x55, 0x55, 0x55, 0x55, 
	0x55, 0x77, 0x66, 0x66, 0x55, 0x67, 0x77, 0x77, 
	0x77, 0x77, 0x66, 0x66, 0x55, 0x55, 0x55, 0x56, 
	0x56, 0x66, 0x56, 0x77, 0x77, 0x77, 0x77, 0x66, 
	0x66, 0x77, 0x77, 0x66, 0x55, 0x55, 0x55, 0x55, 
	0x56, 0x77, 0x66, 0x66, 0x55, 0x67, 0x77, 0x77, 
	0x76, 0x77, 0x77, 0x76, 0x56, 0x55, 0x55, 0x55, 
	0x65, 0x55, 0x56, 0x77, 0x77, 0x77, 0x77, 0x66, 
	0x77, 0x77, 0x76, 0x66, 0x55, 0x55, 0x55, 0x55, 
	0x56, 0x77, 0x66, 0x66, 0x55, 0x67, 0x77, 0x77, 
	0x76, 0x67, 0x76, 0x66, 0x55, 0x55, 0x55, 0x65, 
	0x55, 0x56, 0x56, 0x77, 0x77, 0x77, 0x77, 0x66, 
	0x77, 0x76, 0x67, 0x66, 0x65, 0x55, 0x55, 0x55, 
	0x56, 0x77, 0x66, 0x66, 0x55, 0x67, 0x77, 0x77, 
	0x77, 0x66, 0x66, 0x66, 0x56, 0x56, 0x55, 0x56, 
	0x55, 0x56, 0x56, 0x77, 0x77, 0x77, 0x77, 0x66, 
	0x77, 0x76, 0x77, 0x76, 0x65, 0x55, 0x55, 0x55, 
	0x56, 0x77, 0x77, 0x76, 0x55, 0x67, 0x78, 0x77, 
	0x77, 0x67, 0x76, 0x66, 0x55, 0x55, 0x55, 0x56, 
	0x65, 0x56, 0x56, 0x77, 0x77, 0x77, 0x77, 0x66, 
	0x67, 0x77, 0x67, 0x76, 0x56, 0x55, 0x55, 0x55, 
	0x66, 0x78, 0x76, 0x76, 0x56, 0x67, 0x88, 0x87, 
	0x77, 0x77, 0x77, 0x76, 0x66, 0x56, 0x56, 0x56, 
	
};

Gfx bob_dl_PAPER_MARIO_D005BDCE_2_0_F2BE7755_ciByRGBA_i8_aligner[] = {gsSPEndDisplayList()};
u8 bob_dl_PAPER_MARIO_D005BDCE_2_0_F2BE7755_ciByRGBA_i8[] = {
	0x96, 0x69, 0x71, 0x54, 0x43, 0x3a, 0x3d, 0x3a, 
	0x50, 0x6f, 0x82, 0xa9, 0xa9, 0xa8, 0xa9, 0xa8, 
	0x8d, 0x94, 0x7b, 0x6f, 0x52, 0x58, 0x90, 0x9b, 
	0x5a, 0x7e, 0xa0, 0xa9, 0xa8, 0xa8, 0xaa, 0x96, 
	0x72, 0x6b, 0x71, 0x50, 0x50, 0x4b, 0x39, 0x3a, 
	0x51, 0x70, 0x79, 0x96, 0xa8, 0xa5, 0xa7, 0x91, 
	0x8b, 0x79, 0x6a, 0x6f, 0x69, 0x43, 0x59, 0x5f, 
	0x4e, 0x84, 0x98, 0xaa, 0xa8, 0xa8, 0xa8, 0x80, 
	0x8a, 0x77, 0x6c, 0x71, 0x72, 0x6d, 0x48, 0x37, 
	0x4b, 0x6d, 0x6d, 0x6c, 0x8a, 0x8d, 0x8d, 0x8d, 
	0x69, 0x6b, 0x6e, 0x6d, 0x72, 0x4d, 0x49, 0x57, 
	0x50, 0x5c, 0x92, 0xa7, 0xa9, 0xaa, 0x8f, 0x8f, 
	0x95, 0x68, 0x6e, 0x6d, 0x6b, 0x6d, 0x6d, 0x48, 
	0x35, 0x48, 0x6d, 0x6e, 0x6a, 0x8d, 0x95, 0x6c, 
	0x69, 0x8f, 0x89, 0x6b, 0x6e, 0x77, 0x33, 0x45, 
	0x41, 0x50, 0x84, 0x97, 0xa9, 0x8f, 0x8e, 0x8f, 
	0x8c, 0x6a, 0x6a, 0x6c, 0x85, 0x79, 0x6c, 0x6d, 
	0x48, 0x35, 0x48, 0x6d, 0x6f, 0x6c, 0x7c, 0x6a, 
	0x8d, 0x95, 0x6d, 0x6d, 0x6f, 0x78, 0x34, 0x36, 
	0x49, 0x4c, 0x89, 0x91, 0x8c, 0x8e, 0x8f, 0x91, 
	0x6a, 0x6b, 0x81, 0x95, 0x9e, 0x96, 0x78, 0x6c, 
	0x6d, 0x48, 0x35, 0x48, 0x6d, 0x6f, 0x6a, 0x79, 
	0x93, 0x81, 0x6a, 0x6f, 0x69, 0x43, 0x4b, 0x56, 
	0x6d, 0x82, 0x6c, 0x84, 0x96, 0x90, 0x94, 0x76, 
	0x6a, 0x8b, 0xa1, 0xa8, 0xaa, 0xa8, 0x91, 0x78, 
	0x6b, 0x6d, 0x48, 0x34, 0x45, 0x6c, 0x6c, 0x87, 
	0x91, 0x8b, 0x6a, 0x70, 0x4c, 0x69, 0x66, 0x65, 
	0x9e, 0xb3, 0x6e, 0x6c, 0x55, 0x8c, 0x7a, 0x6a, 
	0x8c, 0x8d, 0xa6, 0xa8, 0xa8, 0xa6, 0x8c, 0x91, 
	0x81, 0x6e, 0x6c, 0x50, 0x4f, 0x4a, 0x70, 0x6d, 
	0x93, 0x90, 0x8d, 0x6c, 0x6d, 0x6d, 0x8a, 0xa9, 
	0xaf, 0x85, 0x75, 0x6d, 0x6a, 0x3f, 0x73, 0x6f, 
	0x81, 0x8d, 0xa6, 0xa8, 0xa8, 0xa6, 0x8a, 0x9f, 
	0xa7, 0x93, 0x73, 0x4f, 0x6b, 0x6f, 0x6b, 0x6c, 
	0x8c, 0x8f, 0x92, 0x76, 0x82, 0x95, 0x9e, 0xaa, 
	0xaa, 0x99, 0x67, 0x6a, 0x6c, 0x6c, 0x49, 0x6a, 
	0x77, 0x8e, 0xa6, 0xa8, 0xa9, 0x9e, 0x89, 0xa6, 
	0xa8, 0x94, 0x70, 0x56, 0x6e, 0x85, 0x85, 0x6c, 
	0x77, 0x92, 0x91, 0x8a, 0x8d, 0xa7, 0xa9, 0xa8, 
	0xa8, 0xaa, 0xac, 0x81, 0x88, 0x69, 0x63, 0x47, 
	0x6e, 0x92, 0x9f, 0xaa, 0xa7, 0x95, 0x94, 0xaa, 
	0xaa, 0x9a, 0x6f, 0x5d, 0x8f, 0x91, 0x91, 0x8c, 
	0x75, 0x8e, 0x86, 0x78, 0x99, 0xaa, 0xa8, 0xa8, 
	0xa8, 0xa8, 0xa8, 0xae, 0xb1, 0x94, 0x6f, 0x4e, 
	0x64, 0x85, 0x8c, 0x9f, 0xa8, 0x87, 0xa7, 0xa8, 
	0xaa, 0x99, 0x6e, 0x67, 0x96, 0x8f, 0x8f, 0x91, 
	0x91, 0x68, 0x47, 0x6f, 0x99, 0xaa, 0xa8, 0xa8, 
	0xa8, 0xa9, 0x8f, 0x96, 0xa1, 0x93, 0x6d, 0x4e, 
	0x61, 0x6e, 0x95, 0x8c, 0x97, 0x95, 0xaa, 0xa8, 
	0xaa, 0x97, 0x6d, 0x6e, 0x7a, 0x95, 0x93, 0x8d, 
	0x6e, 0x4b, 0x4d, 0x71, 0x99, 0xaa, 0xa8, 0xa8, 
	0xaa, 0x95, 0x7d, 0x8a, 0x8a, 0x81, 0x6f, 0x4e, 
	0x4c, 0x70, 0x76, 0x91, 0x8d, 0x95, 0xaa, 0xa8, 
	0xa8, 0xab, 0x6b, 0x51, 0x57, 0x75, 0x71, 0x6f, 
	0x6d, 0x48, 0x4e, 0x71, 0x99, 0xaa, 0xa8, 0xa8, 
	0xab, 0x98, 0x82, 0x6d, 0x72, 0x76, 0x70, 0x4e, 
	0x4a, 0x65, 0x75, 0x91, 0x8e, 0x96, 0xac, 0xa8, 
	0xa9, 0xa9, 0x8a, 0x6e, 0x60, 0x46, 0x5b, 0x65, 
	0x48, 0x36, 0x50, 0x72, 0x9b, 0xaa, 0xa8, 0xa9, 
	0x9e, 0x8d, 0x83, 0x65, 0x68, 0x6f, 0x73, 0x4f, 
	0x61, 0x7a, 0xa6, 0x90, 0x8e, 0x8d, 0x95, 0xa7, 
	0xa7, 0x8f, 0x90, 0x8d, 0x6b, 0x72, 0x60, 0x4b, 
	0x43, 0x3a, 0x4a, 0x6b, 0x8a, 0xa9, 0xaa, 0xaa, 
	0x90, 0x8e, 0x95, 0x73, 0x4b, 0x65, 0x67, 0x42, 
	0x5e, 0x84, 0xa8, 0xaa, 0x8f, 0x8b, 0x8d, 0x8c, 
	0x8c, 0x8e, 0x8f, 0x92, 0x91, 0x6d, 0x6f, 0x75, 
	0x4c, 0x3a, 0x3e, 0x59, 0x6d, 0x90, 0x9a, 0x92, 
	0x90, 0x94, 0x84, 0x72, 0x50, 0x3f, 0x4c, 0x39, 
	0x53, 0x88, 0xa9, 0xa9, 0xa8, 0xa6, 0x95, 0x8b, 
	0x8f, 0x8f, 0x94, 0x84, 0x6e, 0x6d, 0x6e, 0x72, 
	0x51, 0x3a, 0x3a, 0x4a, 0x6d, 0x6d, 0x78, 0x85, 
	0x79, 0x6e, 0x6d, 0x6d, 0x48, 0x42, 0x41, 0x3f, 
	0x5a, 0x58, 0x9b, 0xaa, 0xa9, 0xa9, 0xab, 0xa7, 
	0x8e, 0x8d, 0x6c, 0x6a, 0x6d, 0x6e, 0x70, 0x6d, 
	0x4b, 0x39, 0x3a, 0x38, 0x48, 0x6d, 0x70, 0x6f, 
	0x70, 0x72, 0x64, 0x46, 0x49, 0x55, 0x66, 0x51, 
	0x78, 0x65, 0x50, 0x9b, 0xa7, 0xa5, 0xa7, 0x91, 
	0x8d, 0x6a, 0x6d, 0x6f, 0x6f, 0x72, 0x63, 0x46, 
	0x35, 0x4e, 0x52, 0x3d, 0x36, 0x49, 0x50, 0x50, 
	0x50, 0x51, 0x41, 0x43, 0x55, 0x6b, 0x6f, 0x70, 
	0x77, 0x74, 0x30, 0x59, 0x97, 0x8c, 0x8d, 0x8d, 
	0x6b, 0x72, 0x74, 0x61, 0x63, 0x50, 0x4d, 0x51, 
	0x4f, 0x4f, 0x7a, 0x58, 0x50, 0x48, 0x40, 0x36, 
	0x37, 0x37, 0x3a, 0x43, 0x66, 0x6f, 0x78, 0x77, 
	0x79, 0x65, 0x5d, 0x6d, 0x55, 0x9c, 0x92, 0x6f, 
	0x64, 0x3f, 0x42, 0x42, 0x4b, 0x5d, 0x5c, 0x5d, 
	0x56, 0x4c, 0x56, 0x73, 0x72, 0x6a, 0x64, 0x4e, 
	0x50, 0x52, 0x3c, 0x43, 0x5c, 0x72, 0x76, 0x78, 
	0x73, 0x52, 0x6c, 0x6e, 0x6c, 0x4b, 0x3e, 0x4a, 
	0x3d, 0x56, 0x5c, 0x59, 0x70, 0x6f, 0x71, 0x6f, 
	0x73, 0x53, 0x4c, 0x6a, 0x6e, 0x6e, 0x6f, 0x71, 
	0x71, 0x74, 0x59, 0x44, 0x54, 0x53, 0x64, 0x62, 
	0x4b, 0x6e, 0x73, 0x78, 0x73, 0x6f, 0x48, 0x4e, 
	0x67, 0x7d, 0x84, 0x83, 0x80, 0x88, 0x91, 0x8d, 
	0x6a, 0x73, 0x51, 0x62, 0x6f, 0x6b, 0x6f, 0x6d, 
	0x6d, 0x6d, 0x71, 0x63, 0x4b, 0x41, 0x41, 0x41, 
	0x49, 0x70, 0x76, 0x76, 0x78, 0x70, 0x59, 0x5b, 
	0x7c, 0x94, 0xab, 0xa7, 0xa7, 0xa6, 0xa7, 0x91, 
	0x8c, 0x6a, 0x73, 0x4e, 0x6d, 0x78, 0x95, 0x8d, 
	0x6c, 0x6f, 0x6d, 0x6f, 0x6d, 0x48, 0x42, 0x43, 
	0x4f, 0x45, 0x6f, 0x73, 0x72, 0x71, 0x58, 0x63, 
	0x82, 0xac, 0x93, 0xaa, 0xa8, 0xa8, 0xa8, 0xaa, 
	0x90, 0x8c, 0x6b, 0x6e, 0x78, 0x94, 0x8d, 0x8d, 
	0x91, 0x93, 0x8e, 0x6d, 0x71, 0x54, 0x55, 0x55, 
	0x74, 0x4c, 0x45, 0x6f, 0x70, 0x5d, 0x3d, 0x72, 
	0x88, 0xb0, 0x67, 0xae, 0xa8, 0xa8, 0xa8, 0xa8, 
	0xaa, 0x91, 0x85, 0x6c, 0x95, 0x8b, 0x9f, 0xa7, 
	0x95, 0x8e, 0x8c, 0x6d, 0x6e, 0x48, 0x69, 0x69, 
	0x75, 0x73, 0x4c, 0x45, 0x71, 0x5d, 0x5c, 0x6f, 
	0x93, 0x8f, 0x5f, 0xb0, 0xa4, 0xa8, 0xa8, 0xa8, 
	0xa8, 0xa9, 0x81, 0x6c, 0x90, 0x9f, 0xaa, 0xa9, 
	0xa7, 0x8d, 0x85, 0x67, 0x80, 0xa2, 0x83, 0x6d, 
	0x76, 0x75, 0x73, 0x4b, 0x4e, 0x56, 0x6f, 0x88, 
	0x99, 0x5f, 0x7d, 0xab, 0x88, 0x8f, 0xaa, 0xa8, 
	0xa8, 0xa7, 0x81, 0x6c, 0x90, 0xa6, 0xa8, 0xa8, 
	0xa6, 0x8f, 0x68, 0x8d, 0xa9, 0xad, 0x99, 0x75, 
	0x74, 0x76, 0x75, 0x74, 0x45, 0x76, 0x6d, 0x6e, 
	0x69, 0x60, 0x93, 0xa5, 0x8f, 0x8d, 0x8f, 0xaa, 
	0xa9, 0xa9, 0x81, 0x6c, 0x91, 0xa7, 0xa8, 0xa8, 
	0xa6, 0x8c, 0x89, 0xab, 0xa8, 0xa8, 0xa7, 0x8d, 
	0x85, 0x74, 0x77, 0x70, 0x54, 0x62, 0x6f, 0x76, 
	0x37, 0x66, 0x91, 0xa6, 0xaa, 0x8f, 0x8d, 0x8f, 
	0xa9, 0x91, 0x83, 0x68, 0x84, 0x97, 0xab, 0xa8, 
	0x9f, 0x8a, 0xa9, 0xa8, 0xa8, 0xa8, 0xaa, 0x94, 
	0x8c, 0x73, 0x77, 0x71, 0x49, 0x48, 0x75, 0x51, 
	0x45, 0x65, 0x91, 0xa6, 0xa9, 0xaa, 0x91, 0x8e, 
	0x8c, 0x90, 0x84, 0x6b, 0x6a, 0x87, 0xa5, 0x8f, 
	0x8c, 0x8c, 0xa6, 0xa8, 0xa8, 0xa8, 0xa8, 0xa5, 
	
};

Vtx bob_dl_VISUAL_mesh_layer_4_vtx_0[40] = {
	{{ {-1055, 1132, -3969}, 0, {1364, -1040}, {0, 129, 0, 255} }},
	{{ {-1460, 1132, -3564}, 0, {-1040, -1040}, {0, 129, 0, 255} }},
	{{ {-1865, 1132, -3969}, 0, {-1040, 1364}, {0, 129, 0, 255} }},
	{{ {-852, 1132, -3767}, 0, {1364, 2032}, {0, 129, 0, 255} }},
	{{ {-852, 1132, -2957}, 0, {-1040, -372}, {0, 129, 0, 255} }},
	{{ {-1257, 1132, -3362}, 0, {-1040, 2032}, {0, 129, 0, 255} }},
	{{ {-1055, 1132, -2754}, 0, {1364, 2032}, {0, 129, 0, 255} }},
	{{ {-1865, 1132, -2754}, 0, {-1040, -372}, {0, 129, 0, 255} }},
	{{ {-1460, 1132, -3159}, 0, {-1040, 2032}, {0, 129, 0, 255} }},
	{{ {-1055, 1282, -2754}, 0, {2032, 1364}, {0, 127, 0, 255} }},
	{{ {-1460, 1282, -3159}, 0, {2032, -1040}, {0, 127, 0, 255} }},
	{{ {-1865, 1282, -2754}, 0, {-372, -1040}, {0, 127, 0, 255} }},
	{{ {-1055, 1282, -3969}, 0, {2032, -372}, {0, 127, 0, 255} }},
	{{ {-1865, 1282, -3969}, 0, {-372, 2032}, {0, 127, 0, 255} }},
	{{ {-1460, 1282, -3564}, 0, {2032, 2032}, {0, 127, 0, 255} }},
	{{ {-852, 1282, -3767}, 0, {2032, 1364}, {0, 127, 0, 255} }},
	{{ {-1257, 1282, -3362}, 0, {2032, -1040}, {0, 127, 0, 255} }},
	{{ {-852, 1282, -2957}, 0, {-372, -1040}, {0, 127, 0, 255} }},
	{{ {-1662, 1132, -3362}, 0, {-1040, -1040}, {0, 129, 0, 255} }},
	{{ {-2067, 1132, -2957}, 0, {-1040, 1364}, {0, 129, 0, 255} }},
	{{ {-2067, 1132, -3767}, 0, {1364, -1040}, {0, 129, 0, 255} }},
	{{ {-2067, 1282, -3767}, 0, {2032, -372}, {0, 127, 0, 255} }},
	{{ {-2067, 1282, -2957}, 0, {-372, 2032}, {0, 127, 0, 255} }},
	{{ {-1662, 1282, -3362}, 0, {2032, 2032}, {0, 127, 0, 255} }},
	{{ {-1055, 1132, -3969}, 0, {1364, -1040}, {0, 0, 129, 255} }},
	{{ {-1865, 1132, -3969}, 0, {-1040, 1364}, {0, 0, 129, 255} }},
	{{ {-1865, 1282, -3969}, 0, {-372, 2032}, {0, 0, 129, 255} }},
	{{ {-1055, 1282, -3969}, 0, {2032, -372}, {0, 0, 129, 255} }},
	{{ {-852, 1282, -3767}, 0, {2032, 1364}, {127, 0, 0, 255} }},
	{{ {-852, 1282, -2957}, 0, {-372, -1040}, {127, 0, 0, 255} }},
	{{ {-852, 1132, -2957}, 0, {-1040, -372}, {127, 0, 0, 255} }},
	{{ {-852, 1132, -3767}, 0, {1364, 2032}, {127, 0, 0, 255} }},
	{{ {-1865, 1132, -2754}, 0, {-1040, -372}, {0, 0, 127, 255} }},
	{{ {-1055, 1132, -2754}, 0, {1364, 2032}, {0, 0, 127, 255} }},
	{{ {-1055, 1282, -2754}, 0, {2032, 1364}, {0, 0, 127, 255} }},
	{{ {-1865, 1282, -2754}, 0, {-372, -1040}, {0, 0, 127, 255} }},
	{{ {-2067, 1132, -2957}, 0, {-1040, 1364}, {129, 0, 0, 255} }},
	{{ {-2067, 1282, -2957}, 0, {-372, 2032}, {129, 0, 0, 255} }},
	{{ {-2067, 1282, -3767}, 0, {2032, -372}, {129, 0, 0, 255} }},
	{{ {-2067, 1132, -3767}, 0, {1364, -1040}, {129, 0, 0, 255} }},
};

Gfx bob_dl_VISUAL_mesh_layer_4_tri_0[] = {
	gsSPVertex(bob_dl_VISUAL_mesh_layer_4_vtx_0 + 0, 32, 0),
	gsSP2Triangles(0, 1, 2, 0, 3, 4, 5, 0),
	gsSP2Triangles(6, 7, 8, 0, 9, 10, 11, 0),
	gsSP2Triangles(12, 13, 14, 0, 15, 16, 17, 0),
	gsSP2Triangles(18, 19, 20, 0, 21, 22, 23, 0),
	gsSP2Triangles(24, 25, 26, 0, 24, 26, 27, 0),
	gsSP2Triangles(28, 29, 30, 0, 28, 30, 31, 0),
	gsSPVertex(bob_dl_VISUAL_mesh_layer_4_vtx_0 + 32, 8, 0),
	gsSP2Triangles(0, 1, 2, 0, 0, 2, 3, 0),
	gsSP2Triangles(4, 5, 6, 0, 4, 6, 7, 0),
	gsSPEndDisplayList(),
};

Vtx bob_dl_VISUAL_mesh_layer_4_vtx_1[4] = {
	{{ {-4857, 832, -9650}, 0, {-16, 1008}, {127, 0, 0, 255} }},
	{{ {-4857, 832, -10053}, 0, {-16, -16}, {127, 0, 0, 255} }},
	{{ {-4857, 1258, -10053}, 0, {1008, -16}, {127, 0, 0, 255} }},
	{{ {-4857, 1258, -9650}, 0, {1008, 1008}, {127, 0, 0, 255} }},
};

Gfx bob_dl_VISUAL_mesh_layer_4_tri_1[] = {
	gsSPVertex(bob_dl_VISUAL_mesh_layer_4_vtx_1 + 0, 4, 0),
	gsSP2Triangles(0, 1, 2, 0, 0, 2, 3, 0),
	gsSPEndDisplayList(),
};

Vtx bob_dl_VISUAL_mesh_layer_4_vtx_2[143] = {
	{{ {-7318, 1532, -7840}, 0, {-940, -28219}, {127, 0, 0, 0} }},
	{{ {-7318, 1532, -8340}, 0, {-940, -30344}, {127, 0, 0, 0} }},
	{{ {-7318, 2532, -8340}, 0, {-5191, -30344}, {127, 0, 0, 255} }},
	{{ {-7318, 2532, -7840}, 0, {-5191, -28219}, {127, 0, 0, 255} }},
	{{ {3265, 832, -10394}, 0, {2035, 31695}, {166, 0, 90, 0} }},
	{{ {3265, 832, -8894}, 0, {2035, 25319}, {129, 0, 0, 0} }},
	{{ {3265, 1832, -8894}, 0, {-2216, 25319}, {129, 0, 0, 255} }},
	{{ {3265, 1832, -10394}, 0, {-2216, 31695}, {166, 0, 90, 255} }},
	{{ {-3604, 832, -3195}, 0, {2035, -29049}, {127, 0, 0, 0} }},
	{{ {-3604, 832, -3570}, 0, {2035, -30643}, {127, 0, 0, 0} }},
	{{ {-3604, 1832, -3570}, 0, {-2216, -30643}, {127, 0, 0, 255} }},
	{{ {-3604, 1832, -3195}, 0, {-2216, -29049}, {127, 0, 0, 255} }},
	{{ {-7318, 1532, -7340}, 0, {-940, -28141}, {127, 0, 0, 0} }},
	{{ {-7318, 1532, -7840}, 0, {-940, -30267}, {127, 0, 0, 0} }},
	{{ {-7318, 2532, -7840}, 0, {-5191, -30267}, {127, 0, 0, 255} }},
	{{ {-7318, 2532, -7340}, 0, {-5191, -28141}, {127, 0, 0, 255} }},
	{{ {-3604, 832, -1553}, 0, {2035, -27193}, {127, 0, 252, 0} }},
	{{ {-3604, 832, -2194}, 0, {2035, -29916}, {127, 0, 0, 0} }},
	{{ {-3604, 1832, -2194}, 0, {-2216, -29916}, {127, 0, 0, 255} }},
	{{ {-3604, 1832, -1553}, 0, {-2216, -27193}, {127, 0, 252, 255} }},
	{{ {-3604, 832, -3891}, 0, {2035, -28936}, {127, 0, 0, 0} }},
	{{ {-3604, 832, -4119}, 0, {2035, -29908}, {127, 0, 0, 0} }},
	{{ {-3604, 1832, -4119}, 0, {-2216, -29908}, {127, 0, 0, 255} }},
	{{ {-3604, 1832, -3891}, 0, {-2216, -28936}, {127, 0, 0, 255} }},
	{{ {-2312, 1832, -10394}, 0, {-2216, 30824}, {0, 0, 127, 255} }},
	{{ {-2312, 832, -10394}, 0, {2035, 30824}, {0, 0, 127, 0} }},
	{{ {175, 832, -10394}, 0, {2035, 20253}, {0, 0, 127, 0} }},
	{{ {175, 1332, -10394}, 0, {-90, 20253}, {0, 0, 127, 188} }},
	{{ {175, 1832, -10394}, 0, {-2216, 20253}, {0, 0, 127, 255} }},
	{{ {-7318, 1532, -6736}, 0, {-940, -27623}, {127, 0, 0, 0} }},
	{{ {-7318, 1532, -7340}, 0, {-940, -30189}, {127, 0, 0, 0} }},
	{{ {-7318, 2532, -7340}, 0, {-5191, -30189}, {127, 0, 0, 255} }},
	{{ {-7318, 1532, -6736}, 0, {-940, -27623}, {127, 0, 0, 0} }},
	{{ {-7318, 2532, -7340}, 0, {-5191, -30189}, {127, 0, 0, 255} }},
	{{ {-7318, 2532, -6736}, 0, {-5191, -27623}, {127, 0, 0, 255} }},
	{{ {3265, 832, -8894}, 0, {2035, 31463}, {129, 0, 0, 0} }},
	{{ {3265, 348, -7349}, 0, {4092, 24897}, {129, 0, 0, 0} }},
	{{ {3265, 1348, -7349}, 0, {-159, 24897}, {129, 0, 0, 255} }},
	{{ {3265, 1832, -8894}, 0, {-2216, 31463}, {129, 0, 0, 255} }},
	{{ {-4389, 1532, -4419}, 0, {-940, -28478}, {0, 0, 129, 0} }},
	{{ {-4889, 1532, -4419}, 0, {-940, -30603}, {0, 0, 129, 0} }},
	{{ {-4889, 2532, -4419}, 0, {-5191, -30603}, {0, 0, 129, 255} }},
	{{ {-4389, 2532, -4419}, 0, {-5191, -28478}, {0, 0, 129, 255} }},
	{{ {3265, 348, -7349}, 0, {4092, 31041}, {129, 0, 0, 0} }},
	{{ {3265, 82, -5501}, 0, {5223, 23185}, {129, 0, 0, 0} }},
	{{ {3265, 1082, -5501}, 0, {972, 23185}, {129, 0, 0, 255} }},
	{{ {3265, 1348, -7349}, 0, {-159, 31041}, {129, 0, 0, 255} }},
	{{ {-4889, 1532, -4419}, 0, {-940, -27531}, {0, 0, 129, 0} }},
	{{ {-5614, 1532, -4419}, 0, {-940, -30615}, {0, 0, 129, 0} }},
	{{ {-5614, 2532, -4419}, 0, {-5191, -30615}, {0, 0, 129, 255} }},
	{{ {-4889, 2532, -4419}, 0, {-5191, -27531}, {0, 0, 129, 255} }},
	{{ {-7250, 1532, -6115}, 0, {-940, -28039}, {126, 0, 242, 0} }},
	{{ {-7318, 1532, -6736}, 0, {-940, -30695}, {126, 0, 242, 0} }},
	{{ {-7318, 2532, -6736}, 0, {-5191, -30695}, {126, 0, 242, 255} }},
	{{ {-7250, 2532, -6115}, 0, {-5191, -28039}, {126, 0, 242, 255} }},
	{{ {-5614, 1532, -4419}, 0, {-940, -26519}, {40, 0, 136, 0} }},
	{{ {-6422, 1532, -4690}, 0, {-940, -30141}, {40, 0, 136, 0} }},
	{{ {-6422, 2532, -4690}, 0, {-5191, -30141}, {40, 0, 136, 255} }},
	{{ {-5614, 2532, -4419}, 0, {-5191, -26519}, {40, 0, 136, 255} }},
	{{ {-7318, 2532, -10394}, 0, {-5191, -24738}, {90, 0, 90, 255} }},
	{{ {-7318, 1532, -10394}, 0, {-940, -24738}, {90, 0, 90, 0} }},
	{{ {-5925, 1532, -10394}, 0, {-940, -30662}, {0, 0, 127, 0} }},
	{{ {-5925, 2532, -10394}, 0, {-5191, -30662}, {0, 0, 127, 255} }},
	{{ {3265, 82, -5501}, 0, {5223, 27281}, {129, 0, 0, 0} }},
	{{ {3265, 1082, -4521}, 0, {972, 23117}, {129, 0, 0, 255} }},
	{{ {3265, 1082, -5501}, 0, {972, 27281}, {129, 0, 0, 255} }},
	{{ {3265, 82, -4521}, 0, {5223, 23117}, {129, 0, 0, 0} }},
	{{ {3265, 1082, -1228}, 0, {972, 9117}, {133, 0, 225, 255} }},
	{{ {3265, 82, -1228}, 0, {5223, 9117}, {133, 0, 225, 0} }},
	{{ {2767, 1082, -311}, 0, {972, 4682}, {167, 0, 166, 255} }},
	{{ {2767, 82, -311}, 0, {5223, 4682}, {167, 0, 166, 0} }},
	{{ {1806, 1082, 197}, 0, {972, 64}, {225, 0, 133, 255} }},
	{{ {1806, 82, 197}, 0, {5223, 64}, {225, 0, 133, 0} }},
	{{ {534, 82, 197}, 0, {5223, -5342}, {0, 0, 129, 0} }},
	{{ {534, 332, 197}, 0, {4161, -5342}, {0, 0, 129, 255} }},
	{{ {490, 582, 197}, 0, {3098, -5530}, {0, 0, 129, 255} }},
	{{ {344, 832, 197}, 0, {2035, -6153}, {0, 0, 129, 255} }},
	{{ {30, 966, 197}, 0, {1467, -7484}, {0, 0, 129, 255} }},
	{{ {-1832, 1082, 197}, 0, {972, -15401}, {0, 0, 129, 255} }},
	{{ {-283, 832, 197}, 0, {2035, -8816}, {0, 0, 129, 255} }},
	{{ {-429, 582, 197}, 0, {3098, -9439}, {0, 0, 129, 255} }},
	{{ {-474, 332, 197}, 0, {4161, -9627}, {0, 0, 129, 255} }},
	{{ {-474, 82, 197}, 0, {5223, -9627}, {0, 0, 129, 0} }},
	{{ {-1832, 82, 197}, 0, {5223, -15401}, {0, 0, 129, 0} }},
	{{ {-2314, 1286, 197}, 0, {105, -17451}, {10, 0, 129, 255} }},
	{{ {-2314, 286, 197}, 0, {4355, -17451}, {8, 0, 129, 0} }},
	{{ {-2914, 1531, 101}, 0, {-934, -20033}, {51, 0, 140, 255} }},
	{{ {-2914, 531, 101}, 0, {3317, -20033}, {44, 0, 137, 0} }},
	{{ {-3442, 1746, -311}, 0, {-1850, -22877}, {108, 0, 189, 255} }},
	{{ {-3442, 746, -311}, 0, {2401, -22877}, {104, 0, 183, 0} }},
	{{ {-3555, 1832, -855}, 0, {-2216, -25239}, {126, 0, 239, 255} }},
	{{ {-3555, 832, -855}, 0, {2035, -25239}, {126, 0, 238, 0} }},
	{{ {-3604, 1832, -1553}, 0, {-2216, -28217}, {127, 0, 252, 255} }},
	{{ {-3604, 832, -1553}, 0, {2035, -28217}, {127, 0, 252, 0} }},
	{{ {-6946, 1532, -5305}, 0, {-940, -26408}, {119, 0, 211, 0} }},
	{{ {-7250, 1532, -6115}, 0, {-940, -30087}, {119, 0, 211, 0} }},
	{{ {-7250, 2532, -6115}, 0, {-5191, -30087}, {119, 0, 211, 255} }},
	{{ {-6946, 2532, -5305}, 0, {-5191, -26408}, {119, 0, 211, 255} }},
	{{ {-3604, 832, -4119}, 0, {2035, -27860}, {65, 0, 147, 0} }},
	{{ {-4104, 1532, -4419}, 0, {-940, -30339}, {65, 0, 147, 0} }},
	{{ {-4104, 2532, -4419}, 0, {-5191, -30339}, {65, 0, 147, 255} }},
	{{ {-3604, 1832, -4119}, 0, {-2216, -27860}, {65, 0, 147, 255} }},
	{{ {-6422, 1532, -4690}, 0, {-940, -27069}, {97, 0, 174, 0} }},
	{{ {-6946, 1532, -5305}, 0, {-940, -30504}, {97, 0, 174, 0} }},
	{{ {-6946, 2532, -5305}, 0, {-5191, -30504}, {97, 0, 174, 255} }},
	{{ {-6422, 2532, -4690}, 0, {-5191, -27069}, {97, 0, 174, 255} }},
	{{ {-7318, 1532, -8340}, 0, {-940, -21128}, {127, 0, 0, 0} }},
	{{ {-7318, 1532, -10394}, 0, {-940, -29858}, {90, 0, 90, 0} }},
	{{ {-7318, 2532, -10394}, 0, {-5191, -29858}, {90, 0, 90, 255} }},
	{{ {-7318, 2532, -8340}, 0, {-5191, -21128}, {127, 0, 0, 255} }},
	{{ {-5157, 1532, -10393}, 0, {-940, 31654}, {0, 0, 127, 0} }},
	{{ {-4857, 1532, -10393}, 0, {-940, 30379}, {0, 0, 127, 0} }},
	{{ {-4857, 2532, -10393}, 0, {-5191, 30379}, {0, 0, 127, 255} }},
	{{ {-5157, 2532, -10393}, 0, {-5191, 31654}, {0, 0, 127, 255} }},
	{{ {-4857, 1532, -10393}, 0, {-940, 31403}, {0, 0, 127, 0} }},
	{{ {-3806, 1081, -10393}, 0, {975, 26935}, {0, 0, 127, 0} }},
	{{ {-3806, 2081, -10393}, 0, {-3276, 26935}, {0, 0, 127, 255} }},
	{{ {-4857, 2532, -10393}, 0, {-5191, 31403}, {0, 0, 127, 255} }},
	{{ {-3604, 832, -2820}, 0, {2035, -28479}, {127, 0, 0, 0} }},
	{{ {-3604, 832, -3195}, 0, {2035, -30073}, {127, 0, 0, 0} }},
	{{ {-3604, 1832, -3195}, 0, {-2216, -30073}, {127, 0, 0, 255} }},
	{{ {-3604, 1832, -2820}, 0, {-2216, -28479}, {127, 0, 0, 255} }},
	{{ {-3806, 1081, -10393}, 0, {975, 31031}, {0, 0, 127, 0} }},
	{{ {-2312, 832, -10394}, 0, {2035, 24680}, {0, 0, 127, 0} }},
	{{ {-2312, 1832, -10394}, 0, {-2216, 24680}, {0, 0, 127, 255} }},
	{{ {-3806, 2081, -10393}, 0, {-3276, 31031}, {0, 0, 127, 255} }},
	{{ {-3604, 832, -3570}, 0, {2035, -28595}, {127, 0, 0, 0} }},
	{{ {-3604, 832, -3891}, 0, {2035, -29960}, {127, 0, 0, 0} }},
	{{ {-3604, 1832, -3891}, 0, {-2216, -29960}, {127, 0, 0, 255} }},
	{{ {-3604, 1832, -3570}, 0, {-2216, -28595}, {127, 0, 0, 255} }},
	{{ {775, 1332, -10394}, 0, {-90, 30005}, {0, 0, 127, 188} }},
	{{ {775, 832, -10394}, 0, {2035, 30005}, {0, 0, 127, 0} }},
	{{ {3265, 832, -10394}, 0, {2035, 19407}, {166, 0, 90, 0} }},
	{{ {775, 1832, -10394}, 0, {-2216, 30005}, {0, 0, 127, 255} }},
	{{ {3265, 1832, -10394}, 0, {-2216, 19407}, {166, 0, 90, 255} }},
	{{ {-4104, 1532, -4419}, 0, {-940, -29315}, {0, 0, 129, 0} }},
	{{ {-4389, 1532, -4419}, 0, {-940, -30526}, {0, 0, 129, 0} }},
	{{ {-4389, 2532, -4419}, 0, {-5191, -30526}, {0, 0, 129, 255} }},
	{{ {-4104, 2532, -4419}, 0, {-5191, -29315}, {0, 0, 129, 255} }},
	{{ {-3604, 832, -2194}, 0, {2035, -27868}, {127, 0, 0, 0} }},
	{{ {-3604, 832, -2820}, 0, {2035, -30527}, {127, 0, 0, 0} }},
	{{ {-3604, 1832, -2820}, 0, {-2216, -30527}, {127, 0, 0, 255} }},
	{{ {-3604, 1832, -2194}, 0, {-2216, -27868}, {127, 0, 0, 255} }},
};

Gfx bob_dl_VISUAL_mesh_layer_4_tri_2[] = {
	gsSPVertex(bob_dl_VISUAL_mesh_layer_4_vtx_2 + 0, 32, 0),
	gsSP2Triangles(0, 1, 2, 0, 0, 2, 3, 0),
	gsSP2Triangles(4, 5, 6, 0, 4, 6, 7, 0),
	gsSP2Triangles(8, 9, 10, 0, 8, 10, 11, 0),
	gsSP2Triangles(12, 13, 14, 0, 12, 14, 15, 0),
	gsSP2Triangles(16, 17, 18, 0, 16, 18, 19, 0),
	gsSP2Triangles(20, 21, 22, 0, 20, 22, 23, 0),
	gsSP2Triangles(24, 25, 26, 0, 26, 27, 24, 0),
	gsSP2Triangles(27, 28, 24, 0, 29, 30, 31, 0),
	gsSPVertex(bob_dl_VISUAL_mesh_layer_4_vtx_2 + 32, 31, 0),
	gsSP2Triangles(0, 1, 2, 0, 3, 4, 5, 0),
	gsSP2Triangles(3, 5, 6, 0, 7, 8, 9, 0),
	gsSP2Triangles(7, 9, 10, 0, 11, 12, 13, 0),
	gsSP2Triangles(11, 13, 14, 0, 15, 16, 17, 0),
	gsSP2Triangles(15, 17, 18, 0, 19, 20, 21, 0),
	gsSP2Triangles(19, 21, 22, 0, 23, 24, 25, 0),
	gsSP2Triangles(23, 25, 26, 0, 27, 28, 29, 0),
	gsSP1Triangle(27, 29, 30, 0),
	gsSPVertex(bob_dl_VISUAL_mesh_layer_4_vtx_2 + 63, 31, 0),
	gsSP2Triangles(0, 1, 2, 0, 0, 3, 1, 0),
	gsSP2Triangles(3, 4, 1, 0, 3, 5, 4, 0),
	gsSP2Triangles(5, 6, 4, 0, 5, 7, 6, 0),
	gsSP2Triangles(7, 8, 6, 0, 7, 9, 8, 0),
	gsSP2Triangles(8, 9, 10, 0, 8, 10, 11, 0),
	gsSP2Triangles(8, 11, 12, 0, 8, 12, 13, 0),
	gsSP2Triangles(8, 13, 14, 0, 15, 8, 14, 0),
	gsSP2Triangles(14, 16, 15, 0, 16, 17, 15, 0),
	gsSP2Triangles(17, 18, 15, 0, 18, 19, 15, 0),
	gsSP2Triangles(19, 20, 15, 0, 20, 21, 15, 0),
	gsSP2Triangles(20, 22, 21, 0, 22, 23, 21, 0),
	gsSP2Triangles(22, 24, 23, 0, 24, 25, 23, 0),
	gsSP2Triangles(24, 26, 25, 0, 26, 27, 25, 0),
	gsSP2Triangles(26, 28, 27, 0, 28, 29, 27, 0),
	gsSP1Triangle(28, 30, 29, 0),
	gsSPVertex(bob_dl_VISUAL_mesh_layer_4_vtx_2 + 94, 32, 0),
	gsSP2Triangles(0, 1, 2, 0, 0, 2, 3, 0),
	gsSP2Triangles(4, 5, 6, 0, 4, 6, 7, 0),
	gsSP2Triangles(8, 9, 10, 0, 8, 10, 11, 0),
	gsSP2Triangles(12, 13, 14, 0, 12, 14, 15, 0),
	gsSP2Triangles(16, 17, 18, 0, 16, 18, 19, 0),
	gsSP2Triangles(20, 21, 22, 0, 20, 22, 23, 0),
	gsSP2Triangles(24, 25, 26, 0, 24, 26, 27, 0),
	gsSP2Triangles(28, 29, 30, 0, 28, 30, 31, 0),
	gsSPVertex(bob_dl_VISUAL_mesh_layer_4_vtx_2 + 126, 17, 0),
	gsSP2Triangles(0, 1, 2, 0, 0, 2, 3, 0),
	gsSP2Triangles(4, 5, 6, 0, 6, 7, 4, 0),
	gsSP2Triangles(6, 8, 7, 0, 9, 10, 11, 0),
	gsSP2Triangles(9, 11, 12, 0, 13, 14, 15, 0),
	gsSP1Triangle(13, 15, 16, 0),
	gsSPEndDisplayList(),
};

Vtx bob_dl_VISUAL_mesh_layer_4_vtx_3[14] = {
	{{ {-474, 82, 197}, 0, {872, 1700}, {176, 147, 146, 0} }},
	{{ {-474, 332, 197}, 0, {872, 1192}, {238, 175, 173, 114} }},
	{{ {-429, 582, 197}, 0, {962, 684}, {163, 143, 142, 114} }},
	{{ {-185, 82, 197}, 0, {1457, 1700}, {238, 175, 173, 0} }},
	{{ {30, 966, 197}, 0, {1896, -96}, {163, 143, 142, 114} }},
	{{ {-283, 832, 197}, 0, {1260, 176}, {238, 175, 173, 114} }},
	{{ {30, 82, 197}, 0, {1896, 1700}, {238, 175, 173, 114} }},
	{{ {30, 966, 197}, 0, {1896, -96}, {163, 143, 142, 114} }},
	{{ {344, 832, 197}, 0, {1260, 176}, {201, 156, 155, 114} }},
	{{ {490, 582, 197}, 0, {962, 684}, {238, 175, 173, 114} }},
	{{ {30, 82, 197}, 0, {1896, 1700}, {238, 175, 173, 114} }},
	{{ {534, 82, 197}, 0, {872, 1700}, {206, 159, 157, 0} }},
	{{ {534, 332, 197}, 0, {872, 1192}, {238, 175, 173, 114} }},
	{{ {265, 82, 197}, 0, {1420, 1700}, {238, 175, 173, 0} }},
};

Gfx bob_dl_VISUAL_mesh_layer_4_tri_3[] = {
	gsSPVertex(bob_dl_VISUAL_mesh_layer_4_vtx_3 + 0, 14, 0),
	gsSP2Triangles(0, 1, 2, 0, 3, 0, 2, 0),
	gsSP2Triangles(2, 4, 3, 0, 2, 5, 4, 0),
	gsSP2Triangles(4, 6, 3, 0, 7, 8, 9, 0),
	gsSP2Triangles(10, 7, 9, 0, 9, 11, 10, 0),
	gsSP2Triangles(9, 12, 11, 0, 11, 13, 10, 0),
	gsSPEndDisplayList(),
};

Vtx bob_dl_VISUAL_mesh_layer_1_vtx_0[217] = {
	{{ {2497, 781, -2961}, 0, {-16, 2032}, {255, 255, 255, 255} }},
	{{ {2666, 781, -2961}, 0, {2032, 2032}, {255, 255, 255, 255} }},
	{{ {2666, 612, -2961}, 0, {2032, -16}, {255, 255, 255, 255} }},
	{{ {2497, 612, -2961}, 0, {-16, -16}, {255, 255, 255, 255} }},
	{{ {2666, 612, -2961}, 0, {-16, 2032}, {255, 255, 255, 255} }},
	{{ {2666, 781, -2792}, 0, {2032, -16}, {255, 255, 255, 255} }},
	{{ {2666, 612, -2792}, 0, {-16, -16}, {255, 255, 255, 255} }},
	{{ {1766, 612, -2792}, 0, {-16, 2032}, {255, 255, 255, 255} }},
	{{ {1766, 781, -2792}, 0, {2032, 2032}, {255, 255, 255, 255} }},
	{{ {1766, 781, -2961}, 0, {2032, -16}, {255, 255, 255, 255} }},
	{{ {1766, 612, -2961}, 0, {-16, -16}, {255, 255, 255, 255} }},
	{{ {2497, 781, -936}, 0, {-16, 2032}, {255, 255, 255, 255} }},
	{{ {2497, 781, -767}, 0, {2032, 2032}, {255, 255, 255, 255} }},
	{{ {2666, 781, -767}, 0, {2032, -16}, {255, 255, 255, 255} }},
	{{ {2666, 781, -936}, 0, {-16, -16}, {255, 255, 255, 255} }},
	{{ {1766, 612, -936}, 0, {-16, 2032}, {255, 255, 255, 255} }},
	{{ {1766, 612, -767}, 0, {2032, 2032}, {255, 255, 255, 255} }},
	{{ {1766, 781, -767}, 0, {2032, -16}, {255, 255, 255, 255} }},
	{{ {1766, 781, -936}, 0, {-16, -16}, {255, 255, 255, 255} }},
	{{ {2666, 612, -936}, 0, {-16, 2032}, {255, 255, 255, 255} }},
	{{ {2666, 781, -936}, 0, {2032, 2032}, {255, 255, 255, 255} }},
	{{ {2666, 612, -767}, 0, {-16, -16}, {255, 255, 255, 255} }},
	{{ {1766, 1256, -2961}, 0, {-16, 2032}, {255, 255, 255, 255} }},
	{{ {1766, 1425, -2961}, 0, {2032, 2032}, {255, 255, 255, 255} }},
	{{ {1935, 1425, -2961}, 0, {2032, -16}, {255, 255, 255, 255} }},
	{{ {1935, 1256, -2961}, 0, {-16, -16}, {255, 255, 255, 255} }},
	{{ {1766, 612, -767}, 0, {-16, 2032}, {255, 255, 255, 255} }},
	{{ {1935, 612, -767}, 0, {2032, 2032}, {255, 255, 255, 255} }},
	{{ {1935, 781, -767}, 0, {2032, -16}, {255, 255, 255, 255} }},
	{{ {1766, 781, -767}, 0, {-16, -16}, {255, 255, 255, 255} }},
	{{ {2666, 612, -767}, 0, {-16, 2032}, {255, 255, 255, 255} }},
	{{ {2666, 781, -767}, 0, {2032, 2032}, {255, 255, 255, 255} }},
	{{ {2497, 781, -767}, 0, {2032, -16}, {255, 255, 255, 255} }},
	{{ {2497, 612, -767}, 0, {-16, -16}, {255, 255, 255, 255} }},
	{{ {1935, 612, -2961}, 0, {-16, 2032}, {255, 255, 255, 255} }},
	{{ {1766, 612, -2961}, 0, {2032, 2032}, {255, 255, 255, 255} }},
	{{ {1766, 781, -2961}, 0, {2032, -16}, {255, 255, 255, 255} }},
	{{ {1935, 781, -2961}, 0, {-16, -16}, {255, 255, 255, 255} }},
	{{ {2666, 781, -2230}, 0, {-16, 2032}, {255, 255, 255, 255} }},
	{{ {2666, 781, -2061}, 0, {2032, 2032}, {255, 255, 255, 255} }},
	{{ {2666, 612, -2061}, 0, {2032, -16}, {255, 255, 255, 255} }},
	{{ {2666, 612, -2230}, 0, {-16, -16}, {255, 255, 255, 255} }},
	{{ {1766, 612, -2230}, 0, {-16, 2032}, {255, 255, 255, 255} }},
	{{ {1766, 612, -2061}, 0, {2032, 2032}, {255, 255, 255, 255} }},
	{{ {1766, 781, -2061}, 0, {2032, -16}, {255, 255, 255, 255} }},
	{{ {1766, 781, -2230}, 0, {-16, -16}, {255, 255, 255, 255} }},
	{{ {2666, 1256, -2961}, 0, {-16, 2032}, {255, 255, 255, 255} }},
	{{ {2666, 1425, -2961}, 0, {2032, 2032}, {255, 255, 255, 255} }},
	{{ {2666, 1425, -2792}, 0, {2032, -16}, {255, 255, 255, 255} }},
	{{ {2666, 1256, -2792}, 0, {-16, -16}, {255, 255, 255, 255} }},
	{{ {1935, 1425, -2961}, 0, {-16, 2032}, {255, 255, 255, 255} }},
	{{ {1766, 1425, -2961}, 0, {2032, 2032}, {255, 255, 255, 255} }},
	{{ {1766, 1425, -2792}, 0, {2032, -16}, {255, 255, 255, 255} }},
	{{ {1935, 1425, -2792}, 0, {-16, -16}, {255, 255, 255, 255} }},
	{{ {2666, 1425, -2961}, 0, {-16, 2032}, {255, 255, 255, 255} }},
	{{ {2497, 1425, -2961}, 0, {2032, 2032}, {255, 255, 255, 255} }},
	{{ {2497, 1425, -2792}, 0, {2032, -16}, {255, 255, 255, 255} }},
	{{ {2666, 1425, -2792}, 0, {-16, -16}, {255, 255, 255, 255} }},
	{{ {2666, 1425, -2061}, 0, {-16, 2032}, {255, 255, 255, 255} }},
	{{ {2666, 1425, -2230}, 0, {2032, 2032}, {255, 255, 255, 255} }},
	{{ {2497, 1425, -2230}, 0, {2032, -16}, {255, 255, 255, 255} }},
	{{ {2497, 1425, -2061}, 0, {-16, -16}, {255, 255, 255, 255} }},
	{{ {1935, 1425, -2230}, 0, {2032, 2032}, {255, 255, 255, 255} }},
	{{ {1766, 1425, -2230}, 0, {-16, 2032}, {255, 255, 255, 255} }},
	{{ {1766, 1425, -2061}, 0, {-16, -16}, {255, 255, 255, 255} }},
	{{ {1935, 1425, -2061}, 0, {2032, -16}, {255, 255, 255, 255} }},
	{{ {1935, 1256, -2061}, 0, {-16, 2032}, {255, 255, 255, 255} }},
	{{ {1766, 1425, -2061}, 0, {2032, -16}, {255, 255, 255, 255} }},
	{{ {1766, 1256, -2061}, 0, {-16, -16}, {255, 255, 255, 255} }},
	{{ {1935, 1425, -2061}, 0, {2032, 2032}, {255, 255, 255, 255} }},
	{{ {1935, 1256, -2230}, 0, {-16, -16}, {255, 255, 255, 255} }},
	{{ {1935, 1425, -2230}, 0, {2032, -16}, {255, 255, 255, 255} }},
	{{ {2666, 1256, -2230}, 0, {-16, 2032}, {255, 255, 255, 255} }},
	{{ {2666, 1425, -2230}, 0, {2032, 2032}, {255, 255, 255, 255} }},
	{{ {2666, 1425, -2061}, 0, {2032, -16}, {255, 255, 255, 255} }},
	{{ {2666, 1256, -2061}, 0, {-16, -16}, {255, 255, 255, 255} }},
	{{ {1766, 1256, -2792}, 0, {-16, 2032}, {255, 255, 255, 255} }},
	{{ {1766, 1425, -2792}, 0, {2032, 2032}, {255, 255, 255, 255} }},
	{{ {1766, 1425, -2961}, 0, {2032, -16}, {255, 255, 255, 255} }},
	{{ {1766, 1256, -2961}, 0, {-16, -16}, {255, 255, 255, 255} }},
	{{ {2497, 1256, -2061}, 0, {-16, 2032}, {255, 255, 255, 255} }},
	{{ {2497, 1425, -2061}, 0, {2032, 2032}, {255, 255, 255, 255} }},
	{{ {2497, 1425, -2230}, 0, {2032, -16}, {255, 255, 255, 255} }},
	{{ {2497, 1256, -2230}, 0, {-16, -16}, {255, 255, 255, 255} }},
	{{ {2497, 1256, -2961}, 0, {-16, 2032}, {255, 255, 255, 255} }},
	{{ {2497, 1425, -2961}, 0, {2032, 2032}, {255, 255, 255, 255} }},
	{{ {2666, 1425, -2961}, 0, {2032, -16}, {255, 255, 255, 255} }},
	{{ {2666, 1256, -2961}, 0, {-16, -16}, {255, 255, 255, 255} }},
	{{ {2497, 1256, -2230}, 0, {-16, 2032}, {255, 255, 255, 255} }},
	{{ {2497, 1425, -2230}, 0, {2032, 2032}, {255, 255, 255, 255} }},
	{{ {2666, 1425, -2230}, 0, {2032, -16}, {255, 255, 255, 255} }},
	{{ {2666, 1256, -2230}, 0, {-16, -16}, {255, 255, 255, 255} }},
	{{ {2666, 1256, -2792}, 0, {-16, 2032}, {255, 255, 255, 255} }},
	{{ {2666, 1425, -2792}, 0, {2032, 2032}, {255, 255, 255, 255} }},
	{{ {2497, 1425, -2792}, 0, {2032, -16}, {255, 255, 255, 255} }},
	{{ {2497, 1256, -2792}, 0, {-16, -16}, {255, 255, 255, 255} }},
	{{ {1766, 1256, -2061}, 0, {-16, 2032}, {255, 255, 255, 255} }},
	{{ {1766, 1425, -2061}, 0, {2032, 2032}, {255, 255, 255, 255} }},
	{{ {1766, 1425, -2230}, 0, {2032, -16}, {255, 255, 255, 255} }},
	{{ {1766, 1256, -2230}, 0, {-16, -16}, {255, 255, 255, 255} }},
	{{ {1075, 82, -5444}, 0, {-16, 2032}, {255, 255, 255, 255} }},
	{{ {1375, 82, -5444}, 0, {2032, 2032}, {255, 255, 255, 255} }},
	{{ {1375, 82, -5744}, 0, {2032, -16}, {255, 255, 255, 255} }},
	{{ {1075, 82, -5744}, 0, {-16, -16}, {255, 255, 255, 255} }},
	{{ {325, 82, -5444}, 0, {-16, 2032}, {255, 255, 255, 255} }},
	{{ {325, 82, -5744}, 0, {2032, 2032}, {255, 255, 255, 255} }},
	{{ {25, 82, -5744}, 0, {2032, -16}, {255, 255, 255, 255} }},
	{{ {25, 82, -5444}, 0, {-16, -16}, {255, 255, 255, 255} }},
	{{ {25, 82, -6494}, 0, {-16, 2032}, {255, 255, 255, 255} }},
	{{ {325, 82, -6494}, 0, {2032, 2032}, {255, 255, 255, 255} }},
	{{ {325, 82, -6794}, 0, {2032, -16}, {255, 255, 255, 255} }},
	{{ {25, 82, -6794}, 0, {-16, -16}, {255, 255, 255, 255} }},
	{{ {2275, 82, -6794}, 0, {-16, 2032}, {255, 255, 255, 255} }},
	{{ {2275, 82, -6494}, 0, {2032, 2032}, {255, 255, 255, 255} }},
	{{ {2575, 82, -6494}, 0, {2032, -16}, {255, 255, 255, 255} }},
	{{ {2575, 82, -6794}, 0, {-16, -16}, {255, 255, 255, 255} }},
	{{ {2275, 382, -7544}, 0, {-16, 2032}, {255, 255, 255, 255} }},
	{{ {2575, 382, -7544}, 0, {2032, 2032}, {255, 255, 255, 255} }},
	{{ {2575, 382, -7844}, 0, {2032, -16}, {255, 255, 255, 255} }},
	{{ {2275, 382, -7844}, 0, {-16, -16}, {255, 255, 255, 255} }},
	{{ {1225, 832, -7544}, 0, {-16, 2032}, {255, 255, 255, 255} }},
	{{ {1225, 832, -7844}, 0, {2032, 2032}, {255, 255, 255, 255} }},
	{{ {925, 832, -7844}, 0, {2032, -16}, {255, 255, 255, 255} }},
	{{ {925, 832, -7544}, 0, {-16, -16}, {255, 255, 255, 255} }},
	{{ {1375, 82, -5444}, 0, {-16, 2032}, {255, 255, 255, 255} }},
	{{ {1375, -218, -5444}, 0, {2032, 2032}, {255, 255, 255, 255} }},
	{{ {1375, -218, -5744}, 0, {2032, -16}, {255, 255, 255, 255} }},
	{{ {1375, 82, -5744}, 0, {-16, -16}, {255, 255, 255, 255} }},
	{{ {925, 832, -7544}, 0, {-16, 2032}, {255, 255, 255, 255} }},
	{{ {925, 532, -7544}, 0, {2032, 2032}, {255, 255, 255, 255} }},
	{{ {1225, 532, -7544}, 0, {2032, -16}, {255, 255, 255, 255} }},
	{{ {1225, 832, -7544}, 0, {-16, -16}, {255, 255, 255, 255} }},
	{{ {2575, 82, -6494}, 0, {-16, 2032}, {255, 255, 255, 255} }},
	{{ {2575, -218, -6494}, 0, {2032, 2032}, {255, 255, 255, 255} }},
	{{ {2575, -218, -6794}, 0, {2032, -16}, {255, 255, 255, 255} }},
	{{ {2575, 82, -6794}, 0, {-16, -16}, {255, 255, 255, 255} }},
	{{ {25, 82, -5744}, 0, {-16, 2032}, {255, 255, 255, 255} }},
	{{ {25, -218, -5744}, 0, {2032, 2032}, {255, 255, 255, 255} }},
	{{ {25, -218, -5444}, 0, {2032, -16}, {255, 255, 255, 255} }},
	{{ {25, 82, -5444}, 0, {-16, -16}, {255, 255, 255, 255} }},
	{{ {2275, 82, -6494}, 0, {-16, 2032}, {255, 255, 255, 255} }},
	{{ {2275, -218, -6494}, 0, {2032, 2032}, {255, 255, 255, 255} }},
	{{ {2575, -218, -6494}, 0, {2032, -16}, {255, 255, 255, 255} }},
	{{ {2575, 82, -6494}, 0, {-16, -16}, {255, 255, 255, 255} }},
	{{ {25, 82, -5444}, 0, {-16, 2032}, {255, 255, 255, 255} }},
	{{ {25, -218, -5444}, 0, {2032, 2032}, {255, 255, 255, 255} }},
	{{ {325, -218, -5444}, 0, {2032, -16}, {255, 255, 255, 255} }},
	{{ {325, 82, -5444}, 0, {-16, -16}, {255, 255, 255, 255} }},
	{{ {2575, 382, -7844}, 0, {-16, 2032}, {255, 255, 255, 255} }},
	{{ {2575, 82, -7844}, 0, {2032, 2032}, {255, 255, 255, 255} }},
	{{ {2275, 82, -7844}, 0, {2032, -16}, {255, 255, 255, 255} }},
	{{ {2275, 382, -7844}, 0, {-16, -16}, {255, 255, 255, 255} }},
	{{ {325, 82, -6794}, 0, {-16, 2032}, {255, 255, 255, 255} }},
	{{ {325, -218, -6794}, 0, {2032, 2032}, {255, 255, 255, 255} }},
	{{ {25, -218, -6794}, 0, {2032, -16}, {255, 255, 255, 255} }},
	{{ {25, 82, -6794}, 0, {-16, -16}, {255, 255, 255, 255} }},
	{{ {2575, 382, -7544}, 0, {-16, 2032}, {255, 255, 255, 255} }},
	{{ {2575, 82, -7544}, 0, {2032, 2032}, {255, 255, 255, 255} }},
	{{ {2575, 82, -7844}, 0, {2032, -16}, {255, 255, 255, 255} }},
	{{ {2575, 382, -7844}, 0, {-16, -16}, {255, 255, 255, 255} }},
	{{ {25, 82, -6794}, 0, {-16, 2032}, {255, 255, 255, 255} }},
	{{ {25, -218, -6794}, 0, {2032, 2032}, {255, 255, 255, 255} }},
	{{ {25, -218, -6494}, 0, {2032, -16}, {255, 255, 255, 255} }},
	{{ {25, 82, -6494}, 0, {-16, -16}, {255, 255, 255, 255} }},
	{{ {1375, 82, -5744}, 0, {-16, 2032}, {255, 255, 255, 255} }},
	{{ {1375, -218, -5744}, 0, {2032, 2032}, {255, 255, 255, 255} }},
	{{ {1075, -218, -5744}, 0, {2032, -16}, {255, 255, 255, 255} }},
	{{ {1075, 82, -5744}, 0, {-16, -16}, {255, 255, 255, 255} }},
	{{ {325, -218, -5444}, 0, {-16, 2032}, {255, 255, 255, 255} }},
	{{ {25, -218, -5444}, 0, {2032, 2032}, {255, 255, 255, 255} }},
	{{ {25, -218, -5744}, 0, {2032, -16}, {255, 255, 255, 255} }},
	{{ {325, -218, -5744}, 0, {-16, -16}, {255, 255, 255, 255} }},
	{{ {25, -218, -6494}, 0, {-16, 2032}, {255, 255, 255, 255} }},
	{{ {325, -218, -6794}, 0, {2032, -16}, {255, 255, 255, 255} }},
	{{ {325, -218, -6494}, 0, {-16, -16}, {255, 255, 255, 255} }},
	{{ {2275, -218, -6794}, 0, {-16, 2032}, {255, 255, 255, 255} }},
	{{ {2575, -218, -6794}, 0, {2032, 2032}, {255, 255, 255, 255} }},
	{{ {2575, -218, -6494}, 0, {2032, -16}, {255, 255, 255, 255} }},
	{{ {2275, -218, -6494}, 0, {-16, -16}, {255, 255, 255, 255} }},
	{{ {2275, 82, -7544}, 0, {-16, 2032}, {255, 255, 255, 255} }},
	{{ {2275, 82, -7844}, 0, {2032, 2032}, {255, 255, 255, 255} }},
	{{ {2575, 82, -7544}, 0, {-16, -16}, {255, 255, 255, 255} }},
	{{ {-1865, 1132, -3969}, 0, {-16, 2032}, {255, 255, 255, 255} }},
	{{ {-2067, 1282, -3969}, 0, {2032, -16}, {255, 255, 255, 255} }},
	{{ {-1865, 1282, -3969}, 0, {-16, -16}, {255, 255, 255, 255} }},
	{{ {-2067, 1132, -3969}, 0, {2032, 2032}, {255, 255, 255, 255} }},
	{{ {-2067, 1282, -3767}, 0, {-16, -16}, {255, 255, 255, 255} }},
	{{ {-2067, 1132, -3767}, 0, {-16, 2032}, {255, 255, 255, 255} }},
	{{ {-2067, 1132, -2754}, 0, {2032, 2032}, {255, 255, 255, 255} }},
	{{ {-1865, 1132, -2754}, 0, {-16, 2032}, {255, 255, 255, 255} }},
	{{ {-1865, 1282, -2754}, 0, {-16, -16}, {255, 255, 255, 255} }},
	{{ {-2067, 1282, -2754}, 0, {2032, -16}, {255, 255, 255, 255} }},
	{{ {-2067, 1132, -2957}, 0, {-16, 2032}, {255, 255, 255, 255} }},
	{{ {-2067, 1282, -2957}, 0, {-16, -16}, {255, 255, 255, 255} }},
	{{ {-852, 1132, -2754}, 0, {2032, 2032}, {255, 255, 255, 255} }},
	{{ {-852, 1132, -2957}, 0, {-16, 2032}, {255, 255, 255, 255} }},
	{{ {-852, 1282, -2957}, 0, {-16, -16}, {255, 255, 255, 255} }},
	{{ {-852, 1282, -2754}, 0, {2032, -16}, {255, 255, 255, 255} }},
	{{ {-1055, 1132, -2754}, 0, {-16, 2032}, {255, 255, 255, 255} }},
	{{ {-1055, 1282, -2754}, 0, {-16, -16}, {255, 255, 255, 255} }},
	{{ {-852, 1132, -3969}, 0, {2032, 2032}, {255, 255, 255, 255} }},
	{{ {-1055, 1132, -3969}, 0, {-16, 2032}, {255, 255, 255, 255} }},
	{{ {-1055, 1282, -3969}, 0, {-16, -16}, {255, 255, 255, 255} }},
	{{ {-852, 1282, -3969}, 0, {2032, -16}, {255, 255, 255, 255} }},
	{{ {-852, 1132, -3767}, 0, {-16, 2032}, {255, 255, 255, 255} }},
	{{ {-852, 1282, -3767}, 0, {-16, -16}, {255, 255, 255, 255} }},
	{{ {925, 832, -7544}, 0, {-16, 2032}, {255, 255, 255, 255} }},
	{{ {925, 832, -7844}, 0, {2032, 2032}, {255, 255, 255, 255} }},
	{{ {925, 532, -7844}, 0, {2032, -16}, {255, 255, 255, 255} }},
	{{ {925, 532, -7544}, 0, {-16, -16}, {255, 255, 255, 255} }},
	{{ {1225, 532, -7544}, 0, {-16, 2032}, {255, 255, 255, 255} }},
	{{ {925, 532, -7544}, 0, {2032, 2032}, {255, 255, 255, 255} }},
	{{ {1225, 532, -7844}, 0, {-16, -16}, {255, 255, 255, 255} }},
	{{ {1075, -218, -5444}, 0, {-16, 2032}, {255, 255, 255, 255} }},
	{{ {1075, -218, -5744}, 0, {2032, 2032}, {255, 255, 255, 255} }},
	{{ {1375, -218, -5744}, 0, {2032, -16}, {255, 255, 255, 255} }},
	{{ {1375, -218, -5444}, 0, {-16, -16}, {255, 255, 255, 255} }},
};

Gfx bob_dl_VISUAL_mesh_layer_1_tri_0[] = {
	gsSPVertex(bob_dl_VISUAL_mesh_layer_1_vtx_0 + 0, 30, 0),
	gsSP2Triangles(0, 1, 2, 0, 0, 2, 3, 0),
	gsSP2Triangles(4, 1, 5, 0, 4, 5, 6, 0),
	gsSP2Triangles(7, 8, 9, 0, 7, 9, 10, 0),
	gsSP2Triangles(11, 12, 13, 0, 11, 13, 14, 0),
	gsSP2Triangles(15, 16, 17, 0, 15, 17, 18, 0),
	gsSP2Triangles(19, 20, 13, 0, 19, 13, 21, 0),
	gsSP2Triangles(22, 23, 24, 0, 22, 24, 25, 0),
	gsSP2Triangles(26, 27, 28, 0, 26, 28, 29, 0),
	gsSPVertex(bob_dl_VISUAL_mesh_layer_1_vtx_0 + 30, 32, 0),
	gsSP2Triangles(0, 1, 2, 0, 0, 2, 3, 0),
	gsSP2Triangles(4, 5, 6, 0, 4, 6, 7, 0),
	gsSP2Triangles(8, 9, 10, 0, 8, 10, 11, 0),
	gsSP2Triangles(12, 13, 14, 0, 12, 14, 15, 0),
	gsSP2Triangles(16, 17, 18, 0, 16, 18, 19, 0),
	gsSP2Triangles(20, 21, 22, 0, 20, 22, 23, 0),
	gsSP2Triangles(24, 25, 26, 0, 24, 26, 27, 0),
	gsSP2Triangles(28, 29, 30, 0, 28, 30, 31, 0),
	gsSPVertex(bob_dl_VISUAL_mesh_layer_1_vtx_0 + 62, 30, 0),
	gsSP2Triangles(0, 1, 2, 0, 0, 2, 3, 0),
	gsSP2Triangles(4, 5, 6, 0, 4, 7, 5, 0),
	gsSP2Triangles(8, 7, 4, 0, 8, 9, 7, 0),
	gsSP2Triangles(10, 11, 12, 0, 10, 12, 13, 0),
	gsSP2Triangles(14, 15, 16, 0, 14, 16, 17, 0),
	gsSP2Triangles(18, 19, 20, 0, 18, 20, 21, 0),
	gsSP2Triangles(22, 23, 24, 0, 22, 24, 25, 0),
	gsSP2Triangles(26, 27, 28, 0, 26, 28, 29, 0),
	gsSPVertex(bob_dl_VISUAL_mesh_layer_1_vtx_0 + 92, 32, 0),
	gsSP2Triangles(0, 1, 2, 0, 0, 2, 3, 0),
	gsSP2Triangles(4, 5, 6, 0, 4, 6, 7, 0),
	gsSP2Triangles(8, 9, 10, 0, 8, 10, 11, 0),
	gsSP2Triangles(12, 13, 14, 0, 12, 14, 15, 0),
	gsSP2Triangles(16, 17, 18, 0, 16, 18, 19, 0),
	gsSP2Triangles(20, 21, 22, 0, 20, 22, 23, 0),
	gsSP2Triangles(24, 25, 26, 0, 24, 26, 27, 0),
	gsSP2Triangles(28, 29, 30, 0, 28, 30, 31, 0),
	gsSPVertex(bob_dl_VISUAL_mesh_layer_1_vtx_0 + 124, 32, 0),
	gsSP2Triangles(0, 1, 2, 0, 0, 2, 3, 0),
	gsSP2Triangles(4, 5, 6, 0, 4, 6, 7, 0),
	gsSP2Triangles(8, 9, 10, 0, 8, 10, 11, 0),
	gsSP2Triangles(12, 13, 14, 0, 12, 14, 15, 0),
	gsSP2Triangles(16, 17, 18, 0, 16, 18, 19, 0),
	gsSP2Triangles(20, 21, 22, 0, 20, 22, 23, 0),
	gsSP2Triangles(24, 25, 26, 0, 24, 26, 27, 0),
	gsSP2Triangles(28, 29, 30, 0, 28, 30, 31, 0),
	gsSPVertex(bob_dl_VISUAL_mesh_layer_1_vtx_0 + 156, 32, 0),
	gsSP2Triangles(0, 1, 2, 0, 0, 2, 3, 0),
	gsSP2Triangles(4, 5, 6, 0, 4, 6, 7, 0),
	gsSP2Triangles(8, 9, 10, 0, 8, 10, 11, 0),
	gsSP2Triangles(12, 13, 14, 0, 12, 14, 15, 0),
	gsSP2Triangles(16, 5, 17, 0, 16, 17, 18, 0),
	gsSP2Triangles(19, 20, 21, 0, 19, 21, 22, 0),
	gsSP2Triangles(23, 24, 2, 0, 23, 2, 25, 0),
	gsSP2Triangles(26, 27, 28, 0, 26, 29, 27, 0),
	gsSP2Triangles(29, 30, 27, 0, 29, 31, 30, 0),
	gsSPVertex(bob_dl_VISUAL_mesh_layer_1_vtx_0 + 188, 29, 0),
	gsSP2Triangles(0, 1, 2, 0, 0, 2, 3, 0),
	gsSP2Triangles(4, 0, 3, 0, 4, 3, 5, 0),
	gsSP2Triangles(6, 7, 8, 0, 6, 8, 9, 0),
	gsSP2Triangles(10, 6, 9, 0, 10, 9, 11, 0),
	gsSP2Triangles(12, 13, 14, 0, 12, 14, 15, 0),
	gsSP2Triangles(16, 12, 15, 0, 16, 15, 17, 0),
	gsSP2Triangles(18, 19, 20, 0, 18, 20, 21, 0),
	gsSP2Triangles(22, 23, 20, 0, 22, 20, 24, 0),
	gsSP2Triangles(25, 26, 27, 0, 25, 27, 28, 0),
	gsSPEndDisplayList(),
};

Vtx bob_dl_VISUAL_mesh_layer_1_vtx_1[24] = {
	{{ {-1865, 1132, -2754}, 0, {2987, 6603}, {127, 110, 110, 255} }},
	{{ {-1460, 1282, -3159}, 0, {789, 1008}, {85, 74, 73, 255} }},
	{{ {-1865, 1282, -2754}, 0, {789, 6603}, {127, 110, 110, 255} }},
	{{ {-1460, 1132, -3159}, 0, {2987, 1008}, {111, 96, 95, 255} }},
	{{ {-1055, 1282, -2754}, 0, {789, -4587}, {127, 110, 110, 255} }},
	{{ {-1055, 1132, -2754}, 0, {2987, -4587}, {127, 110, 109, 255} }},
	{{ {-1460, 1132, -3564}, 0, {5185, 1008}, {85, 74, 73, 255} }},
	{{ {-1055, 1282, -3969}, 0, {2987, 6603}, {127, 110, 110, 255} }},
	{{ {-1055, 1132, -3969}, 0, {5185, 6603}, {127, 110, 110, 255} }},
	{{ {-1460, 1282, -3564}, 0, {2987, 1008}, {127, 110, 110, 255} }},
	{{ {-1865, 1282, -3969}, 0, {2987, -4587}, {127, 110, 110, 255} }},
	{{ {-1865, 1132, -3969}, 0, {5185, -4587}, {127, 110, 110, 255} }},
	{{ {-1257, 1132, -3362}, 0, {-3608, 1008}, {127, 110, 110, 255} }},
	{{ {-852, 1132, -3767}, 0, {-3608, 6603}, {127, 110, 110, 255} }},
	{{ {-852, 1282, -3767}, 0, {-1410, 6603}, {122, 105, 105, 255} }},
	{{ {-1257, 1282, -3362}, 0, {-1410, 1008}, {91, 78, 78, 255} }},
	{{ {-852, 1132, -2957}, 0, {-3608, -4587}, {107, 92, 92, 255} }},
	{{ {-852, 1282, -2957}, 0, {-1410, -4587}, {95, 82, 81, 255} }},
	{{ {-2067, 1132, -2957}, 0, {789, -4587}, {86, 74, 73, 255} }},
	{{ {-2067, 1282, -2957}, 0, {-1410, -4587}, {86, 74, 74, 255} }},
	{{ {-1662, 1282, -3362}, 0, {-1410, 1008}, {86, 74, 73, 255} }},
	{{ {-1662, 1132, -3362}, 0, {789, 1008}, {127, 110, 110, 255} }},
	{{ {-2067, 1132, -3767}, 0, {789, 6603}, {127, 110, 110, 255} }},
	{{ {-2067, 1282, -3767}, 0, {-1410, 6603}, {109, 94, 93, 255} }},
};

Gfx bob_dl_VISUAL_mesh_layer_1_tri_1[] = {
	gsSPVertex(bob_dl_VISUAL_mesh_layer_1_vtx_1 + 0, 24, 0),
	gsSP2Triangles(0, 1, 2, 0, 0, 3, 1, 0),
	gsSP2Triangles(3, 4, 1, 0, 3, 5, 4, 0),
	gsSP2Triangles(6, 7, 8, 0, 6, 9, 7, 0),
	gsSP2Triangles(6, 10, 9, 0, 6, 11, 10, 0),
	gsSP2Triangles(12, 13, 14, 0, 12, 14, 15, 0),
	gsSP2Triangles(16, 12, 15, 0, 16, 15, 17, 0),
	gsSP2Triangles(18, 19, 20, 0, 18, 20, 21, 0),
	gsSP2Triangles(22, 21, 20, 0, 22, 20, 23, 0),
	gsSPEndDisplayList(),
};

Vtx bob_dl_VISUAL_mesh_layer_1_vtx_2[95] = {
	{{ {-1460, 1132, -3564}, 0, {1035, -221}, {24, 19, 10, 255} }},
	{{ {-1055, 1132, -3969}, 0, {3754, -2940}, {47, 27, 19, 255} }},
	{{ {-1055, 1132, -3767}, 0, {3754, -1580}, {47, 27, 19, 255} }},
	{{ {-1257, 1132, -3362}, 0, {2394, 1138}, {63, 58, 6, 255} }},
	{{ {-852, 1132, -3767}, 0, {5113, -1580}, {47, 27, 19, 255} }},
	{{ {-1460, 1132, -3159}, 0, {1035, 2497}, {64, 59, 0, 255} }},
	{{ {-1055, 1132, -2957}, 0, {3754, 3857}, {47, 27, 19, 255} }},
	{{ {-852, 1132, -2957}, 0, {5113, 3857}, {47, 27, 19, 255} }},
	{{ {-1055, 1132, -2754}, 0, {3754, 5216}, {43, 31, 30, 255} }},
	{{ {-1865, 1132, -2754}, 0, {-1684, 5216}, {47, 27, 19, 255} }},
	{{ {-1865, 1132, -2957}, 0, {-1684, 3857}, {47, 27, 19, 255} }},
	{{ {-1662, 1132, -3362}, 0, {-324, 1138}, {24, 19, 10, 255} }},
	{{ {-2067, 1132, -2957}, 0, {-3043, 3857}, {47, 27, 19, 255} }},
	{{ {-1865, 1132, -3767}, 0, {-1684, -1580}, {47, 27, 19, 255} }},
	{{ {-2067, 1132, -3767}, 0, {-3043, -1580}, {24, 19, 10, 255} }},
	{{ {-1865, 1132, -3969}, 0, {-1684, -2940}, {47, 27, 19, 255} }},
	{{ {-852, 1282, -3767}, 0, {5113, -1580}, {75, 70, 0, 255} }},
	{{ {-852, 1282, -3969}, 0, {5113, -2940}, {53, 42, 16, 255} }},
	{{ {-1055, 1282, -3969}, 0, {3754, -2940}, {54, 43, 16, 255} }},
	{{ {-1460, 1282, -3469}, 0, {1035, 420}, {75, 70, 0, 255} }},
	{{ {-1460, 1282, -3564}, 0, {1035, -221}, {75, 70, 0, 255} }},
	{{ {-1865, 1282, -3969}, 0, {-1684, -2940}, {53, 42, 16, 255} }},
	{{ {-1567, 1282, -3362}, 0, {316, 1138}, {71, 66, 9, 255} }},
	{{ {-2067, 1282, -3767}, 0, {-3043, -1580}, {72, 67, 8, 255} }},
	{{ {-2067, 1282, -3969}, 0, {-3043, -2940}, {57, 48, 16, 255} }},
	{{ {-1662, 1282, -3362}, 0, {-324, 1138}, {53, 42, 16, 255} }},
	{{ {-2067, 1282, -2957}, 0, {-3043, 3857}, {75, 70, 0, 255} }},
	{{ {-1460, 1282, -3255}, 0, {1035, 1857}, {67, 61, 12, 255} }},
	{{ {-1865, 1282, -2754}, 0, {-1684, 5216}, {75, 70, 0, 255} }},
	{{ {-2067, 1282, -2754}, 0, {-3043, 5216}, {56, 46, 16, 255} }},
	{{ {-1460, 1282, -3159}, 0, {1035, 2497}, {53, 42, 16, 255} }},
	{{ {-1055, 1282, -2754}, 0, {3754, 5216}, {53, 42, 16, 255} }},
	{{ {-1353, 1282, -3362}, 0, {1753, 1138}, {59, 51, 15, 255} }},
	{{ {-1460, 1282, -3255}, 0, {1035, 1857}, {67, 61, 12, 255} }},
	{{ {-1055, 1282, -2754}, 0, {3754, 5216}, {53, 42, 16, 255} }},
	{{ {-852, 1282, -2957}, 0, {5113, 3857}, {75, 70, 0, 255} }},
	{{ {-852, 1282, -2754}, 0, {5113, 5216}, {68, 62, 12, 255} }},
	{{ {-1257, 1282, -3362}, 0, {2394, 1138}, {54, 44, 16, 255} }},
	{{ {-852, 1282, -3767}, 0, {5113, -1580}, {75, 70, 0, 255} }},
	{{ {-1460, 1282, -3469}, 0, {1035, 420}, {75, 70, 0, 255} }},
	{{ {956, 1469, -6288}, 0, {106, 3056}, {54, 42, 16, 255} }},
	{{ {641, 1469, -6288}, 0, {1910, 3056}, {75, 70, 0, 255} }},
	{{ {641, 1669, -6288}, 0, {1910, 1910}, {75, 70, 0, 255} }},
	{{ {956, 1669, -6288}, 0, {106, 1910}, {68, 62, 12, 255} }},
	{{ {691, 1669, -6238}, 0, {1624, 1624}, {75, 70, 0, 255} }},
	{{ {691, 1669, -6023}, 0, {1624, 392}, {75, 70, 0, 255} }},
	{{ {641, 1669, -5973}, 0, {1910, 106}, {75, 70, 0, 255} }},
	{{ {641, 1469, -6288}, 0, {3056, 1910}, {75, 70, 0, 255} }},
	{{ {641, 1469, -5973}, 0, {3056, 106}, {75, 70, 0, 255} }},
	{{ {906, 1669, -6023}, 0, {392, 392}, {54, 42, 16, 255} }},
	{{ {956, 1669, -5973}, 0, {106, 106}, {53, 42, 16, 255} }},
	{{ {641, 1469, -5973}, 0, {1910, -1040}, {75, 70, 0, 255} }},
	{{ {956, 1469, -5973}, 0, {106, -1040}, {59, 52, 15, 255} }},
	{{ {906, 1669, -6238}, 0, {392, 1624}, {61, 54, 15, 255} }},
	{{ {956, 1469, -5973}, 0, {-1040, 106}, {59, 52, 15, 255} }},
	{{ {956, 1469, -6288}, 0, {-1040, 1910}, {54, 42, 16, 255} }},
	{{ {-2620, 2182, -8378}, 0, {3056, 2178}, {75, 70, 0, 255} }},
	{{ {-3020, 2182, -8378}, 0, {3056, -162}, {74, 69, 5, 255} }},
	{{ {-3020, 2332, -8378}, 0, {2178, -162}, {54, 43, 16, 255} }},
	{{ {-2620, 2332, -8378}, 0, {2178, 2178}, {75, 70, 0, 255} }},
	{{ {-3020, 2332, -7978}, 0, {-162, -162}, {75, 70, 0, 255} }},
	{{ {-3020, 2182, -8378}, 0, {2178, -1040}, {74, 69, 5, 255} }},
	{{ {-3020, 2182, -7978}, 0, {-162, -1040}, {75, 70, 0, 255} }},
	{{ {-2620, 2332, -7978}, 0, {-162, 2178}, {54, 43, 16, 255} }},
	{{ {-3020, 2182, -7978}, 0, {-1040, -162}, {75, 70, 0, 255} }},
	{{ {-2620, 2332, -7978}, 0, {-162, 2178}, {54, 43, 16, 255} }},
	{{ {-3020, 2332, -7978}, 0, {-162, -162}, {75, 70, 0, 255} }},
	{{ {-2620, 2182, -7978}, 0, {-1040, 2178}, {74, 69, 5, 255} }},
	{{ {-2620, 2182, -7978}, 0, {-162, 3056}, {74, 69, 5, 255} }},
	{{ {-2620, 2332, -8378}, 0, {2178, 2178}, {75, 70, 0, 255} }},
	{{ {-2620, 2182, -8378}, 0, {2178, 3056}, {75, 70, 0, 255} }},
	{{ {-1820, 1582, -8178}, 0, {2178, -1040}, {75, 70, 0, 255} }},
	{{ {-2220, 1582, -8178}, 0, {-162, -1040}, {75, 70, 0, 255} }},
	{{ {-2220, 1732, -8178}, 0, {-162, -162}, {75, 70, 0, 255} }},
	{{ {-1820, 1732, -8178}, 0, {2178, -162}, {75, 70, 0, 255} }},
	{{ {-2220, 1732, -7778}, 0, {-162, 2178}, {54, 43, 16, 255} }},
	{{ {-2220, 1582, -8178}, 0, {-1040, -162}, {75, 70, 0, 255} }},
	{{ {-2220, 1582, -7778}, 0, {-1040, 2178}, {74, 69, 4, 255} }},
	{{ {-1820, 1732, -7778}, 0, {2178, 2178}, {68, 63, 11, 255} }},
	{{ {-2220, 1582, -7778}, 0, {-162, 3056}, {74, 69, 4, 255} }},
	{{ {-1820, 1582, -7778}, 0, {2178, 3056}, {75, 70, 1, 255} }},
	{{ {-1820, 1582, -7778}, 0, {3056, 2178}, {75, 70, 1, 255} }},
	{{ {-1820, 1582, -8178}, 0, {3056, -162}, {75, 70, 0, 255} }},
	{{ {-1995, 1882, -9044}, 0, {3056, 2178}, {75, 70, 0, 255} }},
	{{ {-2395, 1882, -9044}, 0, {3056, -162}, {56, 46, 16, 255} }},
	{{ {-2395, 2032, -9044}, 0, {2178, -162}, {53, 42, 16, 255} }},
	{{ {-1995, 2032, -9044}, 0, {2178, 2178}, {75, 70, 0, 255} }},
	{{ {-2395, 2032, -8644}, 0, {-162, -162}, {75, 70, 0, 255} }},
	{{ {-2395, 1882, -9044}, 0, {2178, -1040}, {56, 46, 16, 255} }},
	{{ {-2395, 1882, -8644}, 0, {-162, -1040}, {75, 70, 0, 255} }},
	{{ {-1995, 2032, -8644}, 0, {-162, 2178}, {53, 42, 16, 255} }},
	{{ {-2395, 1882, -8644}, 0, {-1040, -162}, {75, 70, 0, 255} }},
	{{ {-1995, 1882, -8644}, 0, {-1040, 2178}, {74, 69, 5, 255} }},
	{{ {-1995, 1882, -8644}, 0, {-162, 3056}, {74, 69, 5, 255} }},
	{{ {-1995, 1882, -9044}, 0, {2178, 3056}, {75, 70, 0, 255} }},
};

Gfx bob_dl_VISUAL_mesh_layer_1_tri_2[] = {
	gsSPVertex(bob_dl_VISUAL_mesh_layer_1_vtx_2 + 0, 32, 0),
	gsSP2Triangles(0, 1, 2, 0, 0, 2, 3, 0),
	gsSP2Triangles(2, 4, 3, 0, 0, 3, 5, 0),
	gsSP2Triangles(3, 6, 5, 0, 3, 7, 6, 0),
	gsSP2Triangles(6, 8, 5, 0, 5, 9, 10, 0),
	gsSP2Triangles(5, 10, 11, 0, 10, 12, 11, 0),
	gsSP2Triangles(0, 5, 11, 0, 11, 13, 0, 0),
	gsSP2Triangles(11, 14, 13, 0, 13, 15, 0, 0),
	gsSP2Triangles(16, 17, 18, 0, 16, 18, 19, 0),
	gsSP2Triangles(18, 20, 19, 0, 19, 20, 21, 0),
	gsSP2Triangles(22, 19, 21, 0, 21, 23, 22, 0),
	gsSP2Triangles(21, 24, 23, 0, 23, 25, 22, 0),
	gsSP2Triangles(22, 25, 26, 0, 27, 22, 26, 0),
	gsSP2Triangles(26, 28, 27, 0, 26, 29, 28, 0),
	gsSP2Triangles(28, 30, 27, 0, 27, 30, 31, 0),
	gsSPVertex(bob_dl_VISUAL_mesh_layer_1_vtx_2 + 32, 32, 0),
	gsSP2Triangles(0, 1, 2, 0, 2, 3, 0, 0),
	gsSP2Triangles(2, 4, 3, 0, 3, 5, 0, 0),
	gsSP2Triangles(0, 5, 6, 0, 7, 0, 6, 0),
	gsSP2Triangles(8, 9, 10, 0, 8, 10, 11, 0),
	gsSP2Triangles(12, 11, 10, 0, 13, 12, 10, 0),
	gsSP2Triangles(13, 10, 14, 0, 15, 14, 10, 0),
	gsSP2Triangles(15, 16, 14, 0, 17, 13, 14, 0),
	gsSP2Triangles(17, 14, 18, 0, 19, 18, 14, 0),
	gsSP2Triangles(19, 20, 18, 0, 21, 17, 18, 0),
	gsSP2Triangles(21, 18, 11, 0, 22, 11, 18, 0),
	gsSP2Triangles(22, 23, 11, 0, 12, 21, 11, 0),
	gsSP2Triangles(24, 25, 26, 0, 24, 26, 27, 0),
	gsSP2Triangles(28, 27, 26, 0, 29, 28, 26, 0),
	gsSP2Triangles(29, 30, 28, 0, 28, 31, 27, 0),
	gsSPVertex(bob_dl_VISUAL_mesh_layer_1_vtx_2 + 64, 31, 0),
	gsSP2Triangles(0, 1, 2, 0, 0, 3, 1, 0),
	gsSP2Triangles(4, 5, 1, 0, 4, 6, 5, 0),
	gsSP2Triangles(7, 8, 9, 0, 7, 9, 10, 0),
	gsSP2Triangles(11, 10, 9, 0, 12, 11, 9, 0),
	gsSP2Triangles(12, 13, 11, 0, 11, 14, 10, 0),
	gsSP2Triangles(15, 14, 11, 0, 15, 16, 14, 0),
	gsSP2Triangles(17, 10, 14, 0, 17, 18, 10, 0),
	gsSP2Triangles(19, 20, 21, 0, 19, 21, 22, 0),
	gsSP2Triangles(23, 22, 21, 0, 24, 23, 21, 0),
	gsSP2Triangles(24, 25, 23, 0, 23, 26, 22, 0),
	gsSP2Triangles(27, 26, 23, 0, 27, 28, 26, 0),
	gsSP2Triangles(29, 22, 26, 0, 29, 30, 22, 0),
	gsSPEndDisplayList(),
};

Vtx bob_dl_VISUAL_mesh_layer_1_vtx_3[8] = {
	{{ {1766, 1066, -936}, 0, {-16, 1008}, {0, 91, 167, 255} }},
	{{ {1766, 1231, -767}, 0, {1008, 1008}, {0, 91, 167, 255} }},
	{{ {1935, 1231, -767}, 0, {1008, -16}, {0, 91, 167, 255} }},
	{{ {1935, 1066, -936}, 0, {-16, -16}, {0, 91, 167, 255} }},
	{{ {2666, 1256, -1498}, 0, {-16, 1008}, {0, 186, 106, 255} }},
	{{ {2666, 1425, -1386}, 0, {1008, 1008}, {0, 186, 106, 255} }},
	{{ {2497, 1425, -1386}, 0, {1008, -16}, {0, 186, 106, 255} }},
	{{ {2497, 1256, -1498}, 0, {-16, -16}, {0, 186, 106, 255} }},
};

Gfx bob_dl_VISUAL_mesh_layer_1_tri_3[] = {
	gsSPVertex(bob_dl_VISUAL_mesh_layer_1_vtx_3 + 0, 8, 0),
	gsSP2Triangles(0, 1, 2, 0, 0, 2, 3, 0),
	gsSP2Triangles(4, 5, 6, 0, 4, 6, 7, 0),
	gsSPEndDisplayList(),
};

Vtx bob_dl_VISUAL_mesh_layer_1_vtx_4[422] = {
	{{ {-5917, 1532, -8499}, 0, {-3284, -3065}, {0, 38, 10, 255} }},
	{{ {-6417, 1532, -8499}, 0, {-3740, -3065}, {0, 38, 10, 255} }},
	{{ {-6547, 1532, -8446}, 0, {-3859, -3017}, {0, 38, 10, 255} }},
	{{ {-5836, 1532, -8340}, 0, {-3210, -2920}, {0, 38, 10, 255} }},
	{{ {-6294, 1532, -8340}, 0, {-3628, -2920}, {0, 38, 10, 255} }},
	{{ {-6594, 1532, -8340}, 0, {-3901, -2920}, {0, 38, 10, 255} }},
	{{ {-6594, 1432, -7840}, 0, {-3901, -2464}, {0, 38, 10, 255} }},
	{{ {-6294, 1455, -7955}, 0, {-3628, -2569}, {0, 38, 10, 255} }},
	{{ {-6294, 1432, -7840}, 0, {-3628, -2464}, {0, 38, 10, 255} }},
	{{ {-6294, 1232, -7340}, 0, {-3628, -2009}, {0, 38, 10, 255} }},
	{{ {-6594, 1232, -7340}, 0, {-3901, -2009}, {0, 38, 10, 255} }},
	{{ {-6204, 1232, -7157}, 0, {-3546, -1841}, {0, 38, 10, 255} }},
	{{ {-6594, 1232, -6973}, 0, {-3901, -1674}, {0, 38, 10, 255} }},
	{{ {-6544, 1232, -6892}, 0, {-3856, -1599}, {0, 38, 10, 255} }},
	{{ {-5997, 1232, -7071}, 0, {-3357, -1763}, {0, 38, 10, 255} }},
	{{ {-5434, 1232, -6859}, 0, {-2844, -1570}, {0, 38, 10, 255} }},
	{{ {-6434, 1232, -6859}, 0, {-3756, -1570}, {0, 38, 10, 255} }},
	{{ {-5434, 1232, -7071}, 0, {-2844, -1763}, {0, 38, 10, 255} }},
	{{ {-5241, 1232, -7009}, 0, {-2668, -1706}, {0, 38, 10, 255} }},
	{{ {-5241, 1232, -6798}, 0, {-2668, -1514}, {0, 38, 10, 255} }},
	{{ {-4941, 1232, -6798}, 0, {-2395, -1514}, {0, 38, 10, 255} }},
	{{ {-4726, 1232, -6565}, 0, {-2198, -1301}, {0, 38, 10, 255} }},
	{{ {-5026, 1232, -6565}, 0, {-2471, -1301}, {0, 38, 10, 255} }},
	{{ {-4644, 1232, -6315}, 0, {-2123, -1073}, {0, 38, 10, 255} }},
	{{ {-4944, 1232, -6315}, 0, {-2397, -1073}, {0, 38, 10, 255} }},
	{{ {-4644, 1132, -5815}, 0, {-2123, -617}, {0, 38, 10, 255} }},
	{{ {-4944, 1132, -5815}, 0, {-2397, -617}, {0, 38, 10, 255} }},
	{{ {-4644, 932, -5315}, 0, {-2123, -161}, {0, 38, 10, 255} }},
	{{ {-4944, 932, -5315}, 0, {-2397, -161}, {0, 38, 10, 255} }},
	{{ {-4389, 832, -5161}, 0, {-1891, -22}, {0, 38, 10, 255} }},
	{{ {-4889, 932, -5161}, 0, {-2347, -22}, {0, 38, 10, 255} }},
	{{ {-5836, 1532, -8340}, 0, {-3210, -2920}, {0, 38, 10, 255} }},
	{{ {-5514, 1532, -8340}, 0, {-2917, -2920}, {0, 38, 10, 255} }},
	{{ {-5102, 1532, -8692}, 0, {-2541, -3241}, {0, 38, 10, 255} }},
	{{ {-5917, 1532, -8499}, 0, {-3284, -3065}, {0, 38, 10, 255} }},
	{{ {-5542, 1532, -8629}, 0, {-2942, -3184}, {0, 38, 10, 255} }},
	{{ {-5357, 1532, -9073}, 0, {-2774, -3588}, {0, 38, 10, 255} }},
	{{ {-5157, 1532, -10393}, 0, {-2591, -4792}, {0, 38, 10, 0} }},
	{{ {-4857, 1532, -10393}, 0, {-2318, -4792}, {0, 38, 10, 0} }},
	{{ {-4857, 1532, -9310}, 0, {-2318, -3805}, {0, 38, 10, 255} }},
	{{ {-5043, 1650, -11076}, 0, {-2487, -5415}, {0, 38, 10, 255} }},
	{{ {-4537, 1681, -11067}, 0, {-2026, -5407}, {0, 38, 10, 255} }},
	{{ {-3806, 1081, -10393}, 0, {-1359, -4793}, {0, 38, 10, 0} }},
	{{ {-3255, 1304, -11071}, 0, {-857, -5410}, {0, 38, 10, 255} }},
	{{ {-2312, 832, -10394}, 0, {3, -4793}, {0, 38, 10, 0} }},
	{{ {-2257, 1145, -11077}, 0, {53, -5416}, {0, 38, 10, 255} }},
	{{ {175, 832, -10394}, 0, {2271, -4793}, {0, 38, 10, 0} }},
	{{ {-1069, 832, -9644}, 0, {1137, -4109}, {0, 51, 13, 255} }},
	{{ {-1298, 832, -9519}, 0, {927, -3995}, {0, 51, 13, 255} }},
	{{ {-1444, 832, -9333}, 0, {795, -3826}, {0, 50, 13, 255} }},
	{{ {-3584, 832, -10223}, 0, {-1157, -4638}, {0, 42, 11, 255} }},
	{{ {-4857, 832, -10393}, 0, {-2318, -4792}, {0, 38, 10, 255} }},
	{{ {-4857, 832, -10053}, 0, {-2318, -4482}, {0, 38, 10, 255} }},
	{{ {-2716, 832, -9163}, 0, {-365, -3671}, {0, 51, 13, 255} }},
	{{ {-3828, 832, -7495}, 0, {-1380, -2150}, {0, 51, 13, 255} }},
	{{ {-3951, 832, -6815}, 0, {-1491, -1529}, {0, 51, 13, 255} }},
	{{ {-4857, 832, -9650}, 0, {-2318, -4115}, {0, 47, 12, 255} }},
	{{ {-5157, 832, -10053}, 0, {-2591, -4482}, {0, 38, 10, 255} }},
	{{ {-5157, 832, -9650}, 0, {-2591, -4115}, {0, 38, 10, 255} }},
	{{ {-4857, 832, -9310}, 0, {-2318, -3805}, {0, 51, 13, 255} }},
	{{ {-5102, 832, -8692}, 0, {-2541, -3241}, {0, 49, 13, 255} }},
	{{ {-4914, 832, -7628}, 0, {-2369, -2271}, {0, 51, 13, 255} }},
	{{ {-5172, 832, -7850}, 0, {-2604, -2474}, {0, 51, 13, 255} }},
	{{ {-5172, 832, -7850}, 0, {-2604, -2474}, {0, 51, 13, 255} }},
	{{ {-5102, 832, -8692}, 0, {-2541, -3241}, {0, 49, 13, 255} }},
	{{ {-5514, 832, -8340}, 0, {-2917, -2920}, {0, 38, 10, 255} }},
	{{ {-5474, 832, -7705}, 0, {-2880, -2341}, {0, 51, 13, 255} }},
	{{ {-5836, 832, -8340}, 0, {-3210, -2920}, {0, 38, 10, 255} }},
	{{ {-5916, 832, -7705}, 0, {-3284, -2341}, {0, 39, 10, 255} }},
	{{ {-6065, 832, -8148}, 0, {-3419, -2745}, {0, 38, 10, 255} }},
	{{ {-6294, 832, -7955}, 0, {-3628, -2569}, {0, 38, 10, 255} }},
	{{ {-6171, 832, -8243}, 0, {-3516, -2832}, {0, 38, 10, 255} }},
	{{ {-6145, 832, -7205}, 0, {-3492, -1886}, {0, 38, 10, 255} }},
	{{ {-6294, 832, -7340}, 0, {-3628, -2009}, {0, 38, 10, 255} }},
	{{ {-6204, 832, -7157}, 0, {-3546, -1841}, {0, 38, 10, 255} }},
	{{ {-5997, 832, -7071}, 0, {-3357, -1763}, {0, 38, 10, 255} }},
	{{ {-5434, 832, -7071}, 0, {-2844, -1763}, {0, 38, 10, 255} }},
	{{ {-5241, 832, -7009}, 0, {-2668, -1706}, {0, 38, 10, 255} }},
	{{ {-4941, 832, -6798}, 0, {-2395, -1514}, {0, 38, 10, 255} }},
	{{ {-4914, 832, -7628}, 0, {-2369, -2271}, {0, 51, 13, 255} }},
	{{ {-4726, 832, -6565}, 0, {-2198, -1301}, {0, 38, 10, 255} }},
	{{ {-3763, 832, -5751}, 0, {-1320, -560}, {0, 51, 13, 255} }},
	{{ {-4057, 832, -5863}, 0, {-1588, -662}, {0, 51, 13, 255} }},
	{{ {-4016, 832, -5738}, 0, {-1551, -548}, {0, 51, 13, 255} }},
	{{ {-4644, 832, -6315}, 0, {-2123, -1073}, {0, 38, 10, 255} }},
	{{ {-4516, 832, -5738}, 0, {-2007, -548}, {0, 38, 10, 255} }},
	{{ {-4389, 832, -5161}, 0, {-1891, -22}, {0, 38, 10, 255} }},
	{{ {-4644, 832, -5315}, 0, {-2123, -161}, {0, 38, 10, 255} }},
	{{ {-3389, 832, -5161}, 0, {-979, -22}, {0, 38, 10, 255} }},
	{{ {-2800, 832, -4938}, 0, {-442, 182}, {0, 38, 10, 255} }},
	{{ {-3951, 832, -6815}, 0, {-1491, -1529}, {0, 51, 13, 255} }},
	{{ {-3828, 832, -7495}, 0, {-1380, -2150}, {0, 51, 13, 255} }},
	{{ {-1688, 832, -6605}, 0, {573, -1338}, {0, 41, 11, 255} }},
	{{ {-1688, 832, -4838}, 0, {573, 273}, {0, 39, 10, 255} }},
	{{ {-2470, 832, -4419}, 0, {-141, 655}, {0, 38, 10, 255} }},
	{{ {-1688, 832, -4838}, 0, {573, 273}, {0, 39, 10, 255} }},
	{{ {-2470, 832, -4419}, 0, {-141, 655}, {0, 38, 10, 255} }},
	{{ {-796, 832, -4419}, 0, {1385, 655}, {0, 38, 10, 255} }},
	{{ {-575, 832, -4738}, 0, {1587, 364}, {0, 38, 10, 255} }},
	{{ {-575, 832, -8273}, 0, {1587, -2859}, {0, 38, 10, 255} }},
	{{ {-1688, 832, -6605}, 0, {573, -1338}, {0, 41, 11, 255} }},
	{{ {-2716, 832, -9163}, 0, {-365, -3671}, {0, 51, 13, 255} }},
	{{ {-1444, 832, -9333}, 0, {795, -3826}, {0, 50, 13, 255} }},
	{{ {-1298, 832, -9519}, 0, {927, -3995}, {0, 51, 13, 255} }},
	{{ {-285, 832, -8644}, 0, {1852, -3198}, {0, 38, 10, 255} }},
	{{ {175, 832, -8894}, 0, {2271, -3425}, {0, 38, 10, 255} }},
	{{ {-1069, 832, -9644}, 0, {1137, -4109}, {0, 51, 13, 255} }},
	{{ {175, 832, -10394}, 0, {2271, -4793}, {0, 38, 10, 0} }},
	{{ {-3584, 832, -10223}, 0, {-1157, -4638}, {0, 42, 11, 255} }},
	{{ {-3951, 832, -6815}, 0, {-1491, -1529}, {0, 51, 13, 255} }},
	{{ {-4914, 832, -7628}, 0, {-2369, -2271}, {0, 51, 13, 255} }},
	{{ {-3763, 832, -5751}, 0, {-1320, -560}, {0, 51, 13, 255} }},
	{{ {-3828, 832, -7495}, 0, {-1380, -2150}, {0, 51, 13, 255} }},
	{{ {-6065, 832, -8148}, 0, {-3419, -2745}, {0, 38, 10, 255} }},
	{{ {-6145, 832, -7205}, 0, {-3492, -1886}, {0, 38, 10, 255} }},
	{{ {-5916, 832, -7705}, 0, {-3284, -2341}, {0, 39, 10, 255} }},
	{{ {-5157, 1532, -10393}, 0, {-2591, -4792}, {0, 38, 10, 0} }},
	{{ {-5357, 1532, -10393}, 0, {-2774, -4792}, {0, 38, 10, 0} }},
	{{ {-5357, 1532, -9073}, 0, {-2774, -3588}, {0, 38, 10, 255} }},
	{{ {-5043, 1650, -11076}, 0, {-2487, -5415}, {0, 38, 10, 255} }},
	{{ {-5357, 1532, -11076}, 0, {-2774, -5415}, {0, 38, 10, 255} }},
	{{ {-4974, 1721, -11486}, 0, {-2425, -5789}, {0, 38, 10, 255} }},
	{{ {-4537, 1681, -11067}, 0, {-2026, -5407}, {0, 38, 10, 255} }},
	{{ {-4345, 1770, -11472}, 0, {-1851, -5776}, {0, 38, 10, 255} }},
	{{ {-3255, 1304, -11071}, 0, {-857, -5410}, {0, 38, 10, 255} }},
	{{ {-2925, 1438, -11477}, 0, {-556, -5781}, {0, 38, 10, 255} }},
	{{ {-2257, 1145, -11077}, 0, {53, -5416}, {0, 38, 10, 255} }},
	{{ {-2257, 1145, -11077}, 0, {53, -5416}, {0, 38, 10, 255} }},
	{{ {-2224, 1333, -11487}, 0, {84, -5790}, {0, 38, 10, 255} }},
	{{ {-2925, 1438, -11477}, 0, {-556, -5781}, {0, 38, 10, 255} }},
	{{ {541, 1145, -11077}, 0, {2604, -5416}, {0, 38, 10, 255} }},
	{{ {175, 832, -10394}, 0, {2271, -4793}, {0, 38, 10, 0} }},
	{{ {1783, 1145, -11077}, 0, {3738, -5416}, {0, 38, 10, 255} }},
	{{ {775, 832, -10394}, 0, {2818, -4793}, {0, 50, 13, 0} }},
	{{ {3265, 832, -10394}, 0, {5088, -4793}, {0, 38, 10, 0} }},
	{{ {900, 832, -9644}, 0, {2932, -4109}, {0, 51, 13, 255} }},
	{{ {775, 832, -8894}, 0, {2818, -3425}, {0, 38, 10, 255} }},
	{{ {925, 832, -8894}, 0, {2955, -3425}, {0, 38, 10, 255} }},
	{{ {175, 832, -8894}, 0, {2271, -3425}, {0, 38, 10, 255} }},
	{{ {1225, 832, -8894}, 0, {3228, -3425}, {0, 39, 10, 255} }},
	{{ {2341, 832, -9644}, 0, {4246, -4109}, {0, 51, 13, 255} }},
	{{ {1416, 832, -8894}, 0, {3403, -3425}, {0, 43, 11, 255} }},
	{{ {3265, 832, -8894}, 0, {5088, -3425}, {0, 38, 10, 0} }},
	{{ {1416, 832, -8894}, 0, {3403, -3425}, {0, 43, 11, 255} }},
	{{ {3735, 1137, -10811}, 0, {5517, -5174}, {0, 38, 10, 255} }},
	{{ {4032, 1143, -9552}, 0, {5788, -4025}, {0, 38, 10, 255} }},
	{{ {4032, 659, -7637}, 0, {5788, -2279}, {0, 38, 10, 255} }},
	{{ {3265, 348, -7349}, 0, {5088, -2016}, {0, 38, 10, 0} }},
	{{ {4032, 393, -5558}, 0, {5788, -383}, {0, 38, 10, 255} }},
	{{ {3265, 82, -5501}, 0, {5088, -331}, {0, 38, 10, 0} }},
	{{ {3265, 82, -4521}, 0, {5088, 562}, {0, 38, 10, 0} }},
	{{ {4032, 393, -4456}, 0, {5788, 622}, {0, 38, 10, 255} }},
	{{ {3265, 82, -1228}, 0, {5088, 3565}, {0, 38, 10, 0} }},
	{{ {2767, 82, -311}, 0, {4634, 4401}, {0, 49, 13, 0} }},
	{{ {1806, 82, 197}, 0, {3758, 4864}, {0, 40, 10, 0} }},
	{{ {534, 82, 197}, 0, {2599, 4864}, {0, 38, 10, 0} }},
	{{ {265, 82, -1603}, 0, {2353, 3223}, {0, 50, 13, 255} }},
	{{ {-35, 82, -2203}, 0, {2079, 2676}, {0, 51, 13, 255} }},
	{{ {-35, 82, -3513}, 0, {2079, 1481}, {0, 51, 13, 255} }},
	{{ {3265, 82, -4521}, 0, {5088, 562}, {0, 38, 10, 0} }},
	{{ {1847, 82, -4394}, 0, {3796, 678}, {0, 38, 10, 255} }},
	{{ {-35, 82, -3513}, 0, {2079, 1481}, {0, 51, 13, 255} }},
	{{ {2105, 82, -4521}, 0, {4031, 562}, {0, 38, 10, 255} }},
	{{ {1075, 82, -4394}, 0, {3091, 678}, {0, 38, 10, 255} }},
	{{ {1375, 82, -4394}, 0, {3365, 678}, {0, 38, 10, 255} }},
	{{ {250, 82, -4394}, 0, {2339, 678}, {0, 38, 10, 255} }},
	{{ {-3004, 832, -3891}, 0, {-628, 1137}, {0, 38, 10, 255} }},
	{{ {-3004, 832, -4119}, 0, {-628, 928}, {0, 38, 10, 255} }},
	{{ {-3604, 832, -4119}, 0, {-1175, 928}, {0, 38, 10, 0} }},
	{{ {-3604, 832, -3891}, 0, {-1175, 1137}, {0, 38, 10, 0} }},
	{{ {-4058, 1147, -3576}, 0, {-1589, 1424}, {0, 38, 10, 255} }},
	{{ {-4181, 1199, -3855}, 0, {-1701, 1170}, {0, 38, 10, 255} }},
	{{ {-4104, 1532, -4419}, 0, {-1631, 655}, {0, 38, 10, 0} }},
	{{ {-4815, 1632, -3989}, 0, {-2279, 1047}, {0, 38, 10, 255} }},
	{{ {-4389, 1532, -4419}, 0, {-1891, 655}, {0, 38, 10, 0} }},
	{{ {-5220, 1721, -4082}, 0, {-2648, 963}, {0, 38, 10, 255} }},
	{{ {-4889, 1532, -4419}, 0, {-2347, 655}, {0, 38, 10, 0} }},
	{{ {-5694, 1775, -4163}, 0, {-3081, 889}, {0, 38, 10, 255} }},
	{{ {-5614, 1532, -4419}, 0, {-3008, 655}, {0, 38, 10, 0} }},
	{{ {-6395, 1776, -4305}, 0, {-3720, 760}, {0, 38, 10, 255} }},
	{{ {-6422, 1532, -4690}, 0, {-3745, 408}, {0, 38, 10, 0} }},
	{{ {-6890, 1845, -4633}, 0, {-4171, 460}, {0, 38, 10, 255} }},
	{{ {-6946, 1532, -5305}, 0, {-4223, -153}, {0, 38, 10, 0} }},
	{{ {-7484, 1845, -5330}, 0, {-4713, -175}, {0, 38, 10, 255} }},
	{{ {-7250, 1532, -6115}, 0, {-4500, -892}, {0, 38, 10, 0} }},
	{{ {-7827, 1846, -6246}, 0, {-5026, -1010}, {0, 38, 10, 255} }},
	{{ {-7318, 1532, -6736}, 0, {-4562, -1458}, {0, 38, 10, 0} }},
	{{ {-7904, 1846, -7128}, 0, {-5096, -1815}, {0, 38, 10, 255} }},
	{{ {-7318, 1532, -7340}, 0, {-4562, -2009}, {0, 38, 10, 0} }},
	{{ {-7903, 1846, -8122}, 0, {-5095, -2721}, {0, 38, 10, 255} }},
	{{ {-7318, 1532, -7840}, 0, {-4562, -2464}, {0, 38, 10, 0} }},
	{{ {-7318, 1532, -7840}, 0, {-4562, -2464}, {0, 38, 10, 0} }},
	{{ {-7900, 1849, -8855}, 0, {-5093, -3390}, {0, 38, 10, 255} }},
	{{ {-7903, 1846, -8122}, 0, {-5095, -2721}, {0, 38, 10, 255} }},
	{{ {-7318, 1532, -8340}, 0, {-4562, -2920}, {0, 38, 10, 0} }},
	{{ {-7673, 1852, -9747}, 0, {-4886, -4203}, {0, 38, 10, 255} }},
	{{ {-7318, 1532, -10394}, 0, {-4562, -4793}, {0, 38, 10, 0} }},
	{{ {-5925, 1532, -10394}, 0, {-3291, -4793}, {0, 38, 10, 0} }},
	{{ {-6853, 1532, -8717}, 0, {-4138, -3264}, {0, 38, 10, 255} }},
	{{ {-7018, 1532, -8340}, 0, {-4288, -2920}, {0, 38, 10, 255} }},
	{{ {-7318, 1432, -7840}, 0, {-4562, -2464}, {0, 38, 10, 255} }},
	{{ {-7018, 1432, -7840}, 0, {-4288, -2464}, {0, 38, 10, 255} }},
	{{ {-7018, 1232, -7340}, 0, {-4288, -2009}, {0, 38, 10, 255} }},
	{{ {-7318, 1232, -7340}, 0, {-4562, -2009}, {0, 38, 10, 255} }},
	{{ {-7018, 1232, -6736}, 0, {-4288, -1458}, {0, 38, 10, 255} }},
	{{ {-7318, 1232, -6736}, 0, {-4562, -1458}, {0, 38, 10, 255} }},
	{{ {-7250, 1232, -6115}, 0, {-4500, -892}, {0, 38, 10, 255} }},
	{{ {-6831, 1232, -6425}, 0, {-4118, -1174}, {0, 38, 10, 255} }},
	{{ {-6946, 1232, -5305}, 0, {-4223, -153}, {0, 38, 10, 255} }},
	{{ {-6434, 1232, -6315}, 0, {-3756, -1073}, {0, 38, 10, 255} }},
	{{ {-5434, 1232, -6315}, 0, {-2844, -1073}, {0, 38, 10, 255} }},
	{{ {-5734, 1232, -5822}, 0, {-3117, -624}, {0, 48, 12, 255} }},
	{{ {-6422, 1232, -4690}, 0, {-3745, 408}, {0, 38, 10, 255} }},
	{{ {-5434, 1132, -5815}, 0, {-2844, -617}, {0, 38, 10, 255} }},
	{{ {-3004, 757, -3570}, 0, {-628, 1430}, {0, 38, 10, 255} }},
	{{ {-3004, 832, -3891}, 0, {-628, 1137}, {0, 38, 10, 255} }},
	{{ {-3604, 832, -3891}, 0, {-1175, 1137}, {0, 38, 10, 0} }},
	{{ {-3604, 832, -3570}, 0, {-1175, 1430}, {0, 38, 10, 0} }},
	{{ {-3975, 1147, -3293}, 0, {-1514, 1682}, {0, 38, 10, 255} }},
	{{ {-4058, 1147, -3576}, 0, {-1589, 1424}, {0, 38, 10, 255} }},
	{{ {-4198, 1335, -3126}, 0, {-1717, 1834}, {0, 38, 10, 255} }},
	{{ {-4330, 1337, -3387}, 0, {-1837, 1596}, {0, 38, 10, 255} }},
	{{ {-4181, 1199, -3855}, 0, {-1701, 1170}, {0, 38, 10, 255} }},
	{{ {-4181, 1199, -3855}, 0, {-1701, 1170}, {0, 38, 10, 255} }},
	{{ {-4528, 1419, -3696}, 0, {-2017, 1314}, {0, 38, 10, 255} }},
	{{ {-4330, 1337, -3387}, 0, {-1837, 1596}, {0, 38, 10, 255} }},
	{{ {-4815, 1632, -3989}, 0, {-2279, 1047}, {0, 38, 10, 255} }},
	{{ {-5242, 1693, -3731}, 0, {-2668, 1283}, {0, 38, 10, 255} }},
	{{ {-5220, 1721, -4082}, 0, {-2648, 963}, {0, 38, 10, 255} }},
	{{ {-5718, 1835, -3879}, 0, {-3103, 1148}, {0, 38, 10, 255} }},
	{{ {-5694, 1775, -4163}, 0, {-3081, 889}, {0, 38, 10, 255} }},
	{{ {-6177, 1921, -4009}, 0, {-3521, 1029}, {0, 38, 10, 255} }},
	{{ {-6395, 1776, -4305}, 0, {-3720, 760}, {0, 38, 10, 255} }},
	{{ {-6863, 1923, -4236}, 0, {-4147, 822}, {0, 38, 10, 255} }},
	{{ {-6890, 1845, -4633}, 0, {-4171, 460}, {0, 38, 10, 255} }},
	{{ {-7170, 2032, -4598}, 0, {-4427, 492}, {0, 38, 10, 255} }},
	{{ {-7484, 1845, -5330}, 0, {-4713, -175}, {0, 38, 10, 255} }},
	{{ {-7806, 2033, -5344}, 0, {-5007, -188}, {0, 38, 10, 255} }},
	{{ {-7827, 1846, -6246}, 0, {-5026, -1010}, {0, 38, 10, 255} }},
	{{ {-8173, 2034, -6324}, 0, {-5341, -1082}, {0, 38, 10, 255} }},
	{{ {-7904, 1846, -7128}, 0, {-5096, -1815}, {0, 38, 10, 255} }},
	{{ {-8255, 2034, -7363}, 0, {-5416, -2030}, {0, 38, 10, 255} }},
	{{ {-7903, 1846, -8122}, 0, {-5095, -2721}, {0, 38, 10, 255} }},
	{{ {-8254, 2035, -8591}, 0, {-5415, -3149}, {0, 38, 10, 255} }},
	{{ {-7900, 1849, -8855}, 0, {-5093, -3390}, {0, 38, 10, 255} }},
	{{ {-8249, 2039, -9464}, 0, {-5411, -3945}, {0, 38, 10, 255} }},
	{{ {-7673, 1852, -9747}, 0, {-4886, -4203}, {0, 38, 10, 255} }},
	{{ {-7886, 2044, -10591}, 0, {-5080, -4973}, {0, 38, 10, 255} }},
	{{ {-7360, 1854, -10805}, 0, {-4600, -5168}, {0, 38, 10, 255} }},
	{{ {-7318, 1532, -10394}, 0, {-4562, -4793}, {0, 38, 10, 0} }},
	{{ {-5925, 1532, -10394}, 0, {-3291, -4793}, {0, 38, 10, 0} }},
	{{ {-6056, 1657, -11034}, 0, {-3411, -5377}, {0, 38, 10, 255} }},
	{{ {-5725, 1532, -11077}, 0, {-3109, -5416}, {0, 38, 10, 255} }},
	{{ {-5725, 1532, -10394}, 0, {-3109, -4793}, {0, 38, 10, 0} }},
	{{ {-5725, 1532, -9073}, 0, {-3109, -3589}, {0, 38, 10, 255} }},
	{{ {-5925, 1532, -10394}, 0, {-3291, -4793}, {0, 38, 10, 0} }},
	{{ {-6417, 1532, -8901}, 0, {-3740, -3432}, {0, 38, 10, 255} }},
	{{ {-5725, 1532, -9073}, 0, {-3109, -3589}, {0, 38, 10, 255} }},
	{{ {-6853, 1532, -8717}, 0, {-4138, -3264}, {0, 38, 10, 255} }},
	{{ {-5781, 1532, -8949}, 0, {-3160, -3475}, {0, 38, 10, 255} }},
	{{ {-5917, 1532, -8901}, 0, {-3284, -3432}, {0, 38, 10, 255} }},
	{{ {-3004, 545, -3195}, 0, {-628, 1772}, {0, 38, 10, 255} }},
	{{ {-3004, 757, -3570}, 0, {-628, 1430}, {0, 38, 10, 255} }},
	{{ {-3604, 832, -3570}, 0, {-1175, 1430}, {0, 38, 10, 0} }},
	{{ {-3604, 832, -3195}, 0, {-1175, 1772}, {0, 38, 10, 0} }},
	{{ {-3943, 1146, -2963}, 0, {-1484, 1983}, {0, 38, 10, 255} }},
	{{ {-3975, 1147, -3293}, 0, {-1514, 1682}, {0, 38, 10, 255} }},
	{{ {-4147, 1334, -2824}, 0, {-1670, 2109}, {0, 38, 10, 255} }},
	{{ {-4198, 1335, -3126}, 0, {-1717, 1834}, {0, 38, 10, 255} }},
	{{ {-4147, 1334, -2374}, 0, {-1670, 2520}, {0, 38, 10, 255} }},
	{{ {-3943, 1146, -2541}, 0, {-1484, 2367}, {0, 38, 10, 255} }},
	{{ {-4147, 1334, -1624}, 0, {-1670, 3204}, {0, 38, 10, 255} }},
	{{ {-3943, 1146, -1838}, 0, {-1484, 3009}, {0, 38, 10, 255} }},
	{{ {-4147, 1334, -854}, 0, {-1670, 3906}, {0, 38, 10, 255} }},
	{{ {-3943, 1146, -1116}, 0, {-1484, 3667}, {0, 38, 10, 255} }},
	{{ {-4088, 1334, -13}, 0, {-1617, 4673}, {0, 38, 10, 255} }},
	{{ {-3888, 1146, -329}, 0, {-1434, 4385}, {0, 38, 10, 255} }},
	{{ {-3601, 1247, 650}, 0, {-1172, 5278}, {0, 38, 10, 255} }},
	{{ {-3541, 1059, 290}, 0, {-1118, 4949}, {0, 38, 10, 255} }},
	{{ {-2956, 1031, 1153}, 0, {-584, 5736}, {0, 38, 10, 255} }},
	{{ {-2940, 843, 758}, 0, {-570, 5376}, {0, 38, 10, 255} }},
	{{ {-2229, 785, 1245}, 0, {79, 5820}, {0, 38, 10, 255} }},
	{{ {-2261, 598, 852}, 0, {50, 5462}, {0, 38, 10, 255} }},
	{{ {-1616, 643, 1245}, 0, {637, 5820}, {0, 38, 10, 255} }},
	{{ {-1697, 433, 852}, 0, {564, 5462}, {0, 38, 10, 255} }},
	{{ {-727, 566, 1245}, 0, {1449, 5820}, {0, 38, 10, 255} }},
	{{ {-632, 385, 852}, 0, {1535, 5462}, {0, 38, 10, 255} }},
	{{ {-632, 385, 852}, 0, {1535, 5462}, {0, 38, 10, 255} }},
	{{ {-727, 566, 1245}, 0, {1449, 5820}, {0, 38, 10, 255} }},
	{{ {-185, 82, 1245}, 0, {1942, 5820}, {0, 38, 10, 255} }},
	{{ {-185, 82, 852}, 0, {1942, 5462}, {0, 38, 10, 255} }},
	{{ {-474, 82, 197}, 0, {1680, 4864}, {0, 38, 10, 0} }},
	{{ {-185, 82, 197}, 0, {1942, 4864}, {0, 38, 10, 0} }},
	{{ {-185, 82, -1603}, 0, {1942, 3223}, {0, 51, 13, 255} }},
	{{ {-2123, 82, 51}, 0, {175, 4732}, {0, 38, 10, 255} }},
	{{ {-1552, 82, -1611}, 0, {696, 3216}, {0, 51, 13, 255} }},
	{{ {-802, 82, -1841}, 0, {1380, 3006}, {0, 51, 13, 255} }},
	{{ {-319, 82, -1870}, 0, {1821, 2980}, {0, 51, 13, 255} }},
	{{ {-802, 82, -2072}, 0, {1380, 2795}, {0, 51, 13, 255} }},
	{{ {-1177, 82, -1760}, 0, {1038, 3080}, {0, 51, 13, 255} }},
	{{ {-1177, 134, -2072}, 0, {1038, 2795}, {0, 51, 13, 255} }},
	{{ {-1552, 248, -2072}, 0, {696, 2795}, {0, 51, 13, 255} }},
	{{ {-1927, 82, -1348}, 0, {354, 3455}, {0, 38, 10, 255} }},
	{{ {-1927, 411, -2072}, 0, {354, 2795}, {0, 50, 13, 255} }},
	{{ {-2302, 82, -801}, 0, {12, 3954}, {0, 38, 10, 255} }},
	{{ {-2302, 457, -2072}, 0, {12, 2795}, {0, 38, 10, 255} }},
	{{ {-2659, 457, -2194}, 0, {-313, 2684}, {0, 38, 10, 255} }},
	{{ {-3604, 832, -1553}, 0, {-1175, 3268}, {0, 38, 10, 0} }},
	{{ {-3604, 832, -2194}, 0, {-1175, 2684}, {0, 38, 10, 0} }},
	{{ {-3604, 832, -2820}, 0, {-1175, 2114}, {0, 38, 10, 0} }},
	{{ {-3004, 457, -2820}, 0, {-628, 2114}, {0, 38, 10, 255} }},
	{{ {-3004, 545, -3195}, 0, {-628, 1772}, {0, 38, 10, 255} }},
	{{ {-3604, 832, -3195}, 0, {-1175, 1772}, {0, 38, 10, 0} }},
	{{ {-3943, 1146, -2541}, 0, {-1484, 2367}, {0, 38, 10, 255} }},
	{{ {-3943, 1146, -2963}, 0, {-1484, 1983}, {0, 38, 10, 255} }},
	{{ {-3943, 1146, -1838}, 0, {-1484, 3009}, {0, 38, 10, 255} }},
	{{ {-3943, 1146, -1116}, 0, {-1484, 3667}, {0, 38, 10, 255} }},
	{{ {-3888, 1146, -329}, 0, {-1434, 4385}, {0, 38, 10, 255} }},
	{{ {-3555, 832, -855}, 0, {-1131, 3905}, {0, 38, 10, 0} }},
	{{ {-3555, 832, -855}, 0, {-1131, 3905}, {0, 38, 10, 0} }},
	{{ {-3888, 1146, -329}, 0, {-1434, 4385}, {0, 38, 10, 255} }},
	{{ {-3541, 1059, 290}, 0, {-1118, 4949}, {0, 38, 10, 255} }},
	{{ {-3442, 746, -311}, 0, {-1027, 4401}, {0, 38, 10, 0} }},
	{{ {-2940, 843, 758}, 0, {-570, 5376}, {0, 38, 10, 255} }},
	{{ {-2914, 531, 101}, 0, {-546, 4777}, {0, 38, 10, 0} }},
	{{ {-2261, 598, 852}, 0, {50, 5462}, {0, 38, 10, 255} }},
	{{ {-2314, 286, 197}, 0, {1, 4864}, {0, 38, 10, 0} }},
	{{ {-1697, 433, 852}, 0, {564, 5462}, {0, 38, 10, 255} }},
	{{ {-1832, 82, 197}, 0, {441, 4864}, {0, 38, 10, 0} }},
	{{ {-632, 385, 852}, 0, {1535, 5462}, {0, 38, 10, 255} }},
	{{ {-474, 82, 197}, 0, {1680, 4864}, {0, 38, 10, 0} }},
	{{ {-2123, 82, 51}, 0, {175, 4732}, {0, 38, 10, 255} }},
	{{ {-2302, 82, -256}, 0, {12, 4451}, {0, 38, 10, 255} }},
	{{ {-2302, 82, -801}, 0, {12, 3954}, {0, 38, 10, 255} }},
	{{ {-1552, 82, -1611}, 0, {696, 3216}, {0, 51, 13, 255} }},
	{{ {-1927, 82, -1348}, 0, {354, 3455}, {0, 38, 10, 255} }},
	{{ {-3604, 832, -1553}, 0, {-1175, 3268}, {0, 38, 10, 0} }},
	{{ {-802, 82, -1841}, 0, {1380, 3006}, {0, 51, 13, 255} }},
	{{ {-1177, 82, -1760}, 0, {1038, 3080}, {0, 51, 13, 255} }},
	{{ {-6294, 1532, -8340}, 0, {-3628, -2920}, {0, 38, 10, 255} }},
	{{ {-6294, 1455, -7955}, 0, {-3628, -2569}, {0, 38, 10, 255} }},
	{{ {-6171, 1532, -8243}, 0, {-3516, -2832}, {0, 38, 10, 255} }},
	{{ {-5836, 1532, -8340}, 0, {-3210, -2920}, {0, 38, 10, 255} }},
	{{ {-3604, 832, -4419}, 0, {-1175, 655}, {0, 38, 10, 255} }},
	{{ {-3004, 832, -4419}, 0, {-628, 655}, {0, 38, 10, 255} }},
	{{ {-3121, 832, -4604}, 0, {-735, 487}, {0, 38, 10, 255} }},
	{{ {-4389, 832, -4707}, 0, {-1891, 393}, {0, 38, 10, 255} }},
	{{ {-3389, 832, -4707}, 0, {-979, 393}, {0, 38, 10, 255} }},
	{{ {-4389, 832, -4419}, 0, {-1891, 655}, {0, 38, 10, 255} }},
	{{ {-4889, 932, -4419}, 0, {-2347, 655}, {0, 38, 10, 255} }},
	{{ {-4889, 932, -4707}, 0, {-2347, 393}, {0, 38, 10, 255} }},
	{{ {-5614, 932, -4419}, 0, {-3008, 655}, {0, 38, 10, 255} }},
	{{ {-4889, 932, -4419}, 0, {-2347, 655}, {0, 38, 10, 255} }},
	{{ {-4889, 932, -4707}, 0, {-2347, 393}, {0, 38, 10, 255} }},
	{{ {-5286, 932, -4894}, 0, {-2709, 222}, {0, 38, 10, 255} }},
	{{ {-5734, 932, -5822}, 0, {-3117, -624}, {0, 40, 10, 255} }},
	{{ {-5434, 932, -5315}, 0, {-2844, -161}, {0, 38, 10, 255} }},
	{{ {-5434, 932, -5815}, 0, {-2844, -617}, {0, 38, 10, 255} }},
	{{ {-6422, 932, -4690}, 0, {-3745, 408}, {0, 38, 10, 255} }},
	{{ {2105, -118, -4521}, 0, {4031, 562}, {0, 38, 10, 255} }},
	{{ {3265, -118, -4521}, 0, {5088, 562}, {0, 38, 10, 255} }},
	{{ {2723, -118, -4827}, 0, {4594, 283}, {0, 38, 10, 255} }},
	{{ {3265, -118, -5501}, 0, {5088, -331}, {0, 38, 10, 255} }},
	{{ {-35, 82, -3513}, 0, {2079, 1481}, {0, 51, 13, 255} }},
	{{ {-796, 82, -4119}, 0, {1385, 928}, {0, 38, 10, 255} }},
	{{ {-2470, 82, -4119}, 0, {-141, 928}, {0, 38, 10, 255} }},
	{{ {-796, 82, -2522}, 0, {1385, 2385}, {0, 51, 13, 255} }},
	{{ {-2296, 82, -2522}, 0, {17, 2385}, {0, 38, 10, 255} }},
	{{ {-2470, 82, -2820}, 0, {-141, 2114}, {0, 38, 10, 255} }},
	{{ {-35, 82, -2203}, 0, {2079, 2676}, {0, 51, 13, 255} }},
	{{ {265, 82, -1603}, 0, {2353, 3223}, {0, 50, 13, 255} }},
	{{ {265, 82, 197}, 0, {2353, 4864}, {0, 38, 10, 0} }},
	{{ {534, 82, 197}, 0, {2599, 4864}, {0, 38, 10, 0} }},
	{{ {797, 382, 852}, 0, {2838, 5462}, {0, 38, 10, 255} }},
	{{ {265, 82, 852}, 0, {2353, 5462}, {0, 38, 10, 255} }},
	{{ {955, 562, 1245}, 0, {2982, 5820}, {0, 38, 10, 255} }},
	{{ {265, 82, 1245}, 0, {2353, 5820}, {0, 38, 10, 255} }},
	{{ {2718, 562, 1245}, 0, {4590, 5820}, {0, 38, 10, 255} }},
	{{ {2376, 382, 852}, 0, {4278, 5462}, {0, 38, 10, 255} }},
	{{ {3870, 562, 636}, 0, {5641, 5265}, {0, 38, 10, 255} }},
	{{ {3456, 382, 281}, 0, {5263, 4941}, {0, 38, 10, 255} }},
	{{ {4468, 562, -464}, 0, {6186, 4262}, {0, 38, 10, 255} }},
	{{ {4017, 382, -750}, 0, {5774, 4001}, {0, 38, 10, 255} }},
	{{ {4017, 382, -750}, 0, {5774, 4001}, {0, 38, 10, 255} }},
	{{ {4468, 562, -464}, 0, {6186, 4262}, {0, 38, 10, 255} }},
	{{ {4492, 580, -4416}, 0, {6207, 658}, {0, 38, 10, 255} }},
	{{ {4032, 393, -4456}, 0, {5788, 622}, {0, 38, 10, 255} }},
	{{ {4492, 580, -5592}, 0, {6207, -414}, {0, 38, 10, 255} }},
	{{ {4032, 393, -5558}, 0, {5788, -383}, {0, 38, 10, 255} }},
	{{ {4032, 659, -7637}, 0, {5788, -2279}, {0, 38, 10, 255} }},
	{{ {4492, 846, -7810}, 0, {6207, -2437}, {0, 38, 10, 255} }},
	{{ {4032, 1143, -9552}, 0, {5788, -4025}, {0, 38, 10, 255} }},
	{{ {4492, 1330, -9947}, 0, {6207, -4385}, {0, 38, 10, 255} }},
	{{ {4017, 1320, -11062}, 0, {5774, -5402}, {0, 38, 10, 255} }},
	{{ {3735, 1137, -10811}, 0, {5517, -5174}, {0, 38, 10, 255} }},
	{{ {2509, 1333, -11487}, 0, {4399, -5790}, {0, 38, 10, 255} }},
	{{ {1783, 1145, -11077}, 0, {3738, -5416}, {0, 38, 10, 255} }},
	{{ {541, 1145, -11077}, 0, {2604, -5416}, {0, 38, 10, 255} }},
	{{ {760, 1333, -11487}, 0, {2804, -5790}, {0, 38, 10, 255} }},
	{{ {-2224, 1333, -11487}, 0, {84, -5790}, {0, 38, 10, 255} }},
	{{ {3265, 832, -10394}, 0, {5088, -4793}, {0, 38, 10, 0} }},
	{{ {-6056, 1657, -11034}, 0, {-3411, -5377}, {0, 38, 10, 255} }},
	{{ {-5725, 1532, -11077}, 0, {-3109, -5416}, {0, 38, 10, 255} }},
	{{ {-5725, 1532, -11488}, 0, {-3109, -5790}, {0, 38, 10, 255} }},
	{{ {-6135, 1732, -11418}, 0, {-3483, -5727}, {0, 38, 10, 255} }},
	{{ {-7270, 2047, -11051}, 0, {-4518, -5392}, {0, 38, 10, 255} }},
	{{ {-7360, 1854, -10805}, 0, {-4600, -5168}, {0, 38, 10, 255} }},
	{{ {-7886, 2044, -10591}, 0, {-5080, -4973}, {0, 38, 10, 255} }},
	{{ {-5357, 1532, -11076}, 0, {-2774, -5415}, {0, 38, 10, 255} }},
	{{ {-4974, 1721, -11486}, 0, {-2425, -5789}, {0, 38, 10, 255} }},
	{{ {-5357, 1532, -11486}, 0, {-2774, -5789}, {0, 38, 10, 255} }},
	{{ {534, 82, 197}, 0, {2599, 4864}, {0, 38, 10, 0} }},
	{{ {797, 382, 852}, 0, {2838, 5462}, {0, 38, 10, 255} }},
	{{ {2376, 382, 852}, 0, {4278, 5462}, {0, 38, 10, 255} }},
	{{ {1806, 82, 197}, 0, {3758, 4864}, {0, 40, 10, 0} }},
	{{ {1806, 82, 197}, 0, {3758, 4864}, {0, 40, 10, 0} }},
	{{ {2376, 382, 852}, 0, {4278, 5462}, {0, 38, 10, 255} }},
	{{ {3456, 382, 281}, 0, {5263, 4941}, {0, 38, 10, 255} }},
	{{ {2767, 82, -311}, 0, {4634, 4401}, {0, 49, 13, 0} }},
	{{ {4017, 382, -750}, 0, {5774, 4001}, {0, 38, 10, 255} }},
	{{ {3265, 82, -1228}, 0, {5088, 3565}, {0, 38, 10, 0} }},
	{{ {4032, 393, -4456}, 0, {5788, 622}, {0, 38, 10, 255} }},
};

Gfx bob_dl_VISUAL_mesh_layer_1_tri_4[] = {
	gsSPVertex(bob_dl_VISUAL_mesh_layer_1_vtx_4 + 0, 31, 0),
	gsSP2Triangles(0, 1, 2, 0, 0, 2, 3, 0),
	gsSP2Triangles(2, 4, 3, 0, 2, 5, 4, 0),
	gsSP2Triangles(4, 5, 6, 0, 6, 7, 4, 0),
	gsSP2Triangles(6, 8, 7, 0, 6, 9, 8, 0),
	gsSP2Triangles(6, 10, 9, 0, 11, 9, 10, 0),
	gsSP2Triangles(11, 10, 12, 0, 11, 12, 13, 0),
	gsSP2Triangles(13, 14, 11, 0, 13, 15, 14, 0),
	gsSP2Triangles(13, 16, 15, 0, 15, 17, 14, 0),
	gsSP2Triangles(15, 18, 17, 0, 15, 19, 18, 0),
	gsSP2Triangles(19, 20, 18, 0, 19, 21, 20, 0),
	gsSP2Triangles(19, 22, 21, 0, 22, 23, 21, 0),
	gsSP2Triangles(22, 24, 23, 0, 24, 25, 23, 0),
	gsSP2Triangles(24, 26, 25, 0, 26, 27, 25, 0),
	gsSP2Triangles(26, 28, 27, 0, 28, 29, 27, 0),
	gsSP1Triangle(28, 30, 29, 0),
	gsSPVertex(bob_dl_VISUAL_mesh_layer_1_vtx_4 + 31, 32, 0),
	gsSP2Triangles(0, 1, 2, 0, 3, 0, 2, 0),
	gsSP2Triangles(4, 3, 2, 0, 2, 5, 4, 0),
	gsSP2Triangles(2, 6, 5, 0, 2, 7, 6, 0),
	gsSP2Triangles(2, 8, 7, 0, 7, 9, 6, 0),
	gsSP2Triangles(7, 10, 9, 0, 11, 10, 7, 0),
	gsSP2Triangles(11, 12, 10, 0, 13, 12, 11, 0),
	gsSP2Triangles(13, 14, 12, 0, 15, 14, 13, 0),
	gsSP2Triangles(13, 16, 15, 0, 16, 13, 17, 0),
	gsSP2Triangles(18, 17, 13, 0, 13, 19, 18, 0),
	gsSP2Triangles(20, 19, 13, 0, 20, 21, 19, 0),
	gsSP2Triangles(19, 21, 22, 0, 22, 21, 23, 0),
	gsSP2Triangles(24, 23, 21, 0, 24, 21, 25, 0),
	gsSP2Triangles(21, 26, 25, 0, 27, 25, 26, 0),
	gsSP2Triangles(25, 28, 24, 0, 28, 29, 24, 0),
	gsSP2Triangles(29, 30, 24, 0, 31, 30, 29, 0),
	gsSPVertex(bob_dl_VISUAL_mesh_layer_1_vtx_4 + 63, 32, 0),
	gsSP2Triangles(0, 1, 2, 0, 0, 2, 3, 0),
	gsSP2Triangles(3, 2, 4, 0, 3, 4, 5, 0),
	gsSP2Triangles(6, 5, 4, 0, 7, 6, 4, 0),
	gsSP2Triangles(7, 4, 8, 0, 7, 9, 6, 0),
	gsSP2Triangles(7, 10, 9, 0, 11, 9, 10, 0),
	gsSP2Triangles(11, 12, 9, 0, 5, 9, 12, 0),
	gsSP2Triangles(13, 5, 12, 0, 13, 3, 5, 0),
	gsSP2Triangles(14, 3, 13, 0, 14, 0, 3, 0),
	gsSP2Triangles(0, 14, 15, 0, 15, 16, 0, 0),
	gsSP2Triangles(15, 17, 16, 0, 16, 17, 18, 0),
	gsSP2Triangles(19, 18, 17, 0, 17, 20, 19, 0),
	gsSP2Triangles(17, 21, 20, 0, 20, 21, 22, 0),
	gsSP2Triangles(21, 23, 22, 0, 21, 24, 23, 0),
	gsSP2Triangles(25, 22, 23, 0, 25, 20, 22, 0),
	gsSP2Triangles(19, 20, 25, 0, 25, 18, 19, 0),
	gsSP2Triangles(25, 26, 18, 0, 27, 18, 26, 0),
	gsSP2Triangles(27, 26, 28, 0, 29, 28, 26, 0),
	gsSP2Triangles(29, 26, 30, 0, 30, 26, 31, 0),
	gsSPVertex(bob_dl_VISUAL_mesh_layer_1_vtx_4 + 95, 32, 0),
	gsSP2Triangles(0, 1, 2, 0, 2, 3, 0, 0),
	gsSP2Triangles(4, 0, 3, 0, 4, 5, 0, 0),
	gsSP2Triangles(4, 6, 5, 0, 7, 6, 4, 0),
	gsSP2Triangles(4, 8, 7, 0, 4, 9, 8, 0),
	gsSP2Triangles(10, 8, 9, 0, 10, 11, 8, 0),
	gsSP2Triangles(11, 10, 12, 0, 7, 13, 6, 0),
	gsSP2Triangles(14, 15, 16, 0, 5, 6, 17, 0),
	gsSP2Triangles(18, 19, 20, 0, 21, 22, 23, 0),
	gsSP2Triangles(22, 21, 24, 0, 22, 24, 25, 0),
	gsSP2Triangles(25, 24, 26, 0, 27, 26, 24, 0),
	gsSP2Triangles(27, 28, 26, 0, 29, 28, 27, 0),
	gsSP2Triangles(29, 30, 28, 0, 31, 30, 29, 0),
	gsSPVertex(bob_dl_VISUAL_mesh_layer_1_vtx_4 + 127, 32, 0),
	gsSP2Triangles(0, 1, 2, 0, 3, 1, 0, 0),
	gsSP2Triangles(4, 3, 0, 0, 4, 5, 3, 0),
	gsSP2Triangles(4, 6, 5, 0, 7, 5, 6, 0),
	gsSP2Triangles(7, 6, 8, 0, 6, 9, 8, 0),
	gsSP2Triangles(10, 8, 9, 0, 10, 9, 11, 0),
	gsSP2Triangles(10, 12, 8, 0, 13, 8, 12, 0),
	gsSP2Triangles(13, 12, 14, 0, 7, 8, 13, 0),
	gsSP2Triangles(7, 13, 15, 0, 13, 16, 15, 0),
	gsSP2Triangles(15, 17, 7, 0, 15, 18, 17, 0),
	gsSP2Triangles(15, 19, 18, 0, 15, 20, 19, 0),
	gsSP2Triangles(20, 21, 19, 0, 20, 22, 21, 0),
	gsSP2Triangles(23, 21, 22, 0, 23, 24, 21, 0),
	gsSP2Triangles(25, 24, 23, 0, 26, 25, 23, 0),
	gsSP2Triangles(27, 26, 23, 0, 28, 27, 23, 0),
	gsSP2Triangles(29, 28, 23, 0, 23, 30, 29, 0),
	gsSP1Triangle(23, 31, 30, 0),
	gsSPVertex(bob_dl_VISUAL_mesh_layer_1_vtx_4 + 159, 32, 0),
	gsSP2Triangles(0, 1, 2, 0, 0, 3, 1, 0),
	gsSP2Triangles(1, 4, 2, 0, 1, 5, 4, 0),
	gsSP2Triangles(4, 6, 2, 0, 7, 8, 9, 0),
	gsSP2Triangles(7, 9, 10, 0, 9, 11, 10, 0),
	gsSP2Triangles(9, 12, 11, 0, 13, 12, 9, 0),
	gsSP2Triangles(13, 14, 12, 0, 15, 14, 13, 0),
	gsSP2Triangles(15, 16, 14, 0, 17, 16, 15, 0),
	gsSP2Triangles(17, 18, 16, 0, 19, 18, 17, 0),
	gsSP2Triangles(19, 20, 18, 0, 21, 20, 19, 0),
	gsSP2Triangles(21, 22, 20, 0, 23, 22, 21, 0),
	gsSP2Triangles(23, 24, 22, 0, 25, 24, 23, 0),
	gsSP2Triangles(25, 26, 24, 0, 27, 26, 25, 0),
	gsSP2Triangles(27, 28, 26, 0, 29, 28, 27, 0),
	gsSP2Triangles(29, 30, 28, 0, 31, 30, 29, 0),
	gsSPVertex(bob_dl_VISUAL_mesh_layer_1_vtx_4 + 191, 32, 0),
	gsSP2Triangles(0, 1, 2, 0, 3, 1, 0, 0),
	gsSP2Triangles(3, 4, 1, 0, 5, 4, 3, 0),
	gsSP2Triangles(6, 5, 3, 0, 6, 3, 7, 0),
	gsSP2Triangles(3, 8, 7, 0, 8, 3, 9, 0),
	gsSP2Triangles(8, 9, 10, 0, 11, 10, 9, 0),
	gsSP2Triangles(11, 9, 12, 0, 13, 11, 12, 0),
	gsSP2Triangles(13, 12, 14, 0, 13, 14, 15, 0),
	gsSP2Triangles(13, 15, 16, 0, 16, 15, 17, 0),
	gsSP2Triangles(16, 17, 18, 0, 19, 18, 17, 0),
	gsSP2Triangles(17, 20, 19, 0, 17, 21, 20, 0),
	gsSP2Triangles(19, 20, 22, 0, 23, 24, 25, 0),
	gsSP2Triangles(23, 25, 26, 0, 25, 27, 26, 0),
	gsSP2Triangles(25, 28, 27, 0, 28, 29, 27, 0),
	gsSP2Triangles(28, 30, 29, 0, 31, 30, 28, 0),
	gsSPVertex(bob_dl_VISUAL_mesh_layer_1_vtx_4 + 223, 32, 0),
	gsSP2Triangles(0, 1, 2, 0, 3, 1, 0, 0),
	gsSP2Triangles(3, 4, 1, 0, 5, 4, 3, 0),
	gsSP2Triangles(5, 6, 4, 0, 7, 6, 5, 0),
	gsSP2Triangles(7, 8, 6, 0, 9, 8, 7, 0),
	gsSP2Triangles(9, 10, 8, 0, 11, 10, 9, 0),
	gsSP2Triangles(11, 12, 10, 0, 13, 12, 11, 0),
	gsSP2Triangles(13, 14, 12, 0, 15, 14, 13, 0),
	gsSP2Triangles(15, 16, 14, 0, 17, 16, 15, 0),
	gsSP2Triangles(17, 18, 16, 0, 19, 18, 17, 0),
	gsSP2Triangles(19, 20, 18, 0, 21, 20, 19, 0),
	gsSP2Triangles(21, 22, 20, 0, 23, 22, 21, 0),
	gsSP2Triangles(23, 24, 22, 0, 25, 24, 23, 0),
	gsSP2Triangles(26, 25, 23, 0, 27, 25, 26, 0),
	gsSP2Triangles(27, 28, 25, 0, 27, 29, 28, 0),
	gsSP2Triangles(27, 30, 29, 0, 31, 30, 27, 0),
	gsSPVertex(bob_dl_VISUAL_mesh_layer_1_vtx_4 + 255, 32, 0),
	gsSP2Triangles(0, 1, 2, 0, 0, 3, 1, 0),
	gsSP2Triangles(1, 4, 2, 0, 1, 5, 4, 0),
	gsSP2Triangles(6, 7, 8, 0, 6, 8, 9, 0),
	gsSP2Triangles(8, 10, 9, 0, 8, 11, 10, 0),
	gsSP2Triangles(11, 12, 10, 0, 11, 13, 12, 0),
	gsSP2Triangles(10, 12, 14, 0, 10, 14, 15, 0),
	gsSP2Triangles(15, 14, 16, 0, 15, 16, 17, 0),
	gsSP2Triangles(17, 16, 18, 0, 17, 18, 19, 0),
	gsSP2Triangles(19, 18, 20, 0, 19, 20, 21, 0),
	gsSP2Triangles(21, 20, 22, 0, 21, 22, 23, 0),
	gsSP2Triangles(23, 22, 24, 0, 23, 24, 25, 0),
	gsSP2Triangles(25, 24, 26, 0, 25, 26, 27, 0),
	gsSP2Triangles(27, 26, 28, 0, 27, 28, 29, 0),
	gsSP2Triangles(29, 28, 30, 0, 29, 30, 31, 0),
	gsSPVertex(bob_dl_VISUAL_mesh_layer_1_vtx_4 + 287, 32, 0),
	gsSP2Triangles(0, 1, 2, 0, 0, 2, 3, 0),
	gsSP2Triangles(4, 0, 3, 0, 4, 3, 5, 0),
	gsSP2Triangles(4, 5, 6, 0, 7, 4, 6, 0),
	gsSP2Triangles(6, 8, 7, 0, 6, 9, 8, 0),
	gsSP2Triangles(6, 10, 9, 0, 11, 9, 10, 0),
	gsSP2Triangles(11, 12, 9, 0, 11, 13, 12, 0),
	gsSP2Triangles(13, 8, 12, 0, 13, 14, 8, 0),
	gsSP2Triangles(14, 15, 8, 0, 14, 16, 15, 0),
	gsSP2Triangles(17, 15, 16, 0, 17, 16, 18, 0),
	gsSP2Triangles(17, 18, 19, 0, 20, 17, 19, 0),
	gsSP2Triangles(19, 21, 20, 0, 19, 22, 21, 0),
	gsSP2Triangles(19, 23, 22, 0, 22, 23, 24, 0),
	gsSP2Triangles(22, 24, 25, 0, 25, 26, 22, 0),
	gsSP2Triangles(25, 27, 26, 0, 22, 26, 28, 0),
	gsSP2Triangles(22, 28, 21, 0, 21, 28, 29, 0),
	gsSP2Triangles(21, 29, 20, 0, 20, 29, 30, 0),
	gsSP1Triangle(20, 30, 31, 0),
	gsSPVertex(bob_dl_VISUAL_mesh_layer_1_vtx_4 + 319, 32, 0),
	gsSP2Triangles(0, 1, 2, 0, 0, 2, 3, 0),
	gsSP2Triangles(3, 2, 4, 0, 3, 4, 5, 0),
	gsSP2Triangles(5, 4, 6, 0, 5, 6, 7, 0),
	gsSP2Triangles(7, 6, 8, 0, 7, 8, 9, 0),
	gsSP2Triangles(9, 8, 10, 0, 9, 10, 11, 0),
	gsSP2Triangles(12, 9, 11, 0, 7, 9, 12, 0),
	gsSP2Triangles(7, 12, 13, 0, 14, 13, 12, 0),
	gsSP2Triangles(15, 14, 12, 0, 15, 16, 14, 0),
	gsSP2Triangles(13, 14, 5, 0, 3, 5, 14, 0),
	gsSP2Triangles(3, 14, 0, 0, 14, 17, 0, 0),
	gsSP2Triangles(5, 7, 13, 0, 18, 19, 15, 0),
	gsSP2Triangles(20, 21, 22, 0, 20, 22, 23, 0),
	gsSP2Triangles(24, 25, 26, 0, 26, 27, 24, 0),
	gsSP2Triangles(26, 28, 27, 0, 27, 29, 24, 0),
	gsSP2Triangles(30, 29, 27, 0, 30, 27, 31, 0),
	gsSPVertex(bob_dl_VISUAL_mesh_layer_1_vtx_4 + 351, 32, 0),
	gsSP2Triangles(0, 1, 2, 0, 0, 2, 3, 0),
	gsSP2Triangles(4, 0, 3, 0, 3, 5, 4, 0),
	gsSP2Triangles(5, 6, 4, 0, 4, 7, 0, 0),
	gsSP2Triangles(8, 9, 10, 0, 9, 11, 10, 0),
	gsSP2Triangles(12, 13, 14, 0, 12, 14, 15, 0),
	gsSP2Triangles(14, 16, 15, 0, 14, 17, 16, 0),
	gsSP2Triangles(12, 15, 18, 0, 19, 20, 21, 0),
	gsSP2Triangles(20, 22, 21, 0, 20, 23, 22, 0),
	gsSP2Triangles(23, 24, 22, 0, 23, 25, 24, 0),
	gsSP2Triangles(22, 24, 26, 0, 22, 26, 27, 0),
	gsSP2Triangles(27, 26, 28, 0, 27, 28, 29, 0),
	gsSP2Triangles(29, 28, 30, 0, 29, 30, 31, 0),
	gsSPVertex(bob_dl_VISUAL_mesh_layer_1_vtx_4 + 383, 32, 0),
	gsSP2Triangles(0, 1, 2, 0, 0, 2, 3, 0),
	gsSP2Triangles(3, 2, 4, 0, 3, 4, 5, 0),
	gsSP2Triangles(6, 5, 4, 0, 6, 4, 7, 0),
	gsSP2Triangles(8, 6, 7, 0, 8, 7, 9, 0),
	gsSP2Triangles(8, 9, 10, 0, 8, 10, 11, 0),
	gsSP2Triangles(11, 10, 12, 0, 11, 12, 13, 0),
	gsSP2Triangles(14, 13, 12, 0, 14, 12, 15, 0),
	gsSP2Triangles(14, 15, 16, 0, 17, 11, 13, 0),
	gsSP2Triangles(18, 19, 20, 0, 18, 20, 21, 0),
	gsSP2Triangles(18, 21, 22, 0, 18, 22, 23, 0),
	gsSP2Triangles(23, 22, 24, 0, 25, 26, 27, 0),
	gsSP2Triangles(28, 29, 30, 0, 28, 30, 31, 0),
	gsSPVertex(bob_dl_VISUAL_mesh_layer_1_vtx_4 + 415, 7, 0),
	gsSP2Triangles(0, 1, 2, 0, 0, 2, 3, 0),
	gsSP2Triangles(3, 2, 4, 0, 3, 4, 5, 0),
	gsSP1Triangle(5, 4, 6, 0),
	gsSPEndDisplayList(),
};

Vtx bob_dl_VISUAL_mesh_layer_1_vtx_5[176] = {
	{{ {1075, 82, -4394}, 0, {-16, 1008}, {0, 127, 0, 255} }},
	{{ {1375, 82, -4394}, 0, {1008, 1008}, {0, 127, 0, 255} }},
	{{ {1375, 82, -5444}, 0, {1008, -16}, {0, 127, 0, 255} }},
	{{ {1075, 82, -5444}, 0, {-16, -16}, {0, 127, 0, 255} }},
	{{ {1075, 82, -5444}, 0, {-16, 1008}, {0, 127, 0, 255} }},
	{{ {1075, 82, -5744}, 0, {1008, 1008}, {0, 127, 0, 255} }},
	{{ {325, 82, -5744}, 0, {1008, -16}, {0, 127, 0, 255} }},
	{{ {325, 82, -5444}, 0, {-16, -16}, {0, 127, 0, 255} }},
	{{ {25, 82, -5744}, 0, {-16, 1008}, {0, 127, 0, 255} }},
	{{ {325, 82, -5744}, 0, {1008, 1008}, {0, 127, 0, 255} }},
	{{ {325, 82, -6494}, 0, {1008, -16}, {0, 127, 0, 255} }},
	{{ {25, 82, -6494}, 0, {-16, -16}, {0, 127, 0, 255} }},
	{{ {325, 82, -6794}, 0, {-16, 1008}, {0, 127, 0, 255} }},
	{{ {325, 82, -6494}, 0, {1008, 1008}, {0, 127, 0, 255} }},
	{{ {2275, 82, -6494}, 0, {1008, -16}, {0, 127, 0, 255} }},
	{{ {2275, 82, -6794}, 0, {-16, -16}, {0, 127, 0, 255} }},
	{{ {2275, 82, -6794}, 0, {-16, 1008}, {0, 118, 47, 255} }},
	{{ {2575, 82, -6794}, 0, {1008, 1008}, {0, 118, 47, 255} }},
	{{ {2575, 382, -7544}, 0, {1008, -16}, {0, 118, 47, 255} }},
	{{ {2275, 382, -7544}, 0, {-16, -16}, {0, 118, 47, 255} }},
	{{ {2275, 382, -7544}, 0, {-16, 1008}, {50, 117, 0, 255} }},
	{{ {2275, 382, -7844}, 0, {1008, 1008}, {50, 117, 0, 255} }},
	{{ {1225, 832, -7844}, 0, {1008, -16}, {50, 117, 0, 255} }},
	{{ {1225, 832, -7544}, 0, {-16, -16}, {50, 117, 0, 255} }},
	{{ {925, 832, -7844}, 0, {-16, 1008}, {0, 127, 0, 255} }},
	{{ {1225, 832, -7844}, 0, {1008, 1008}, {0, 127, 0, 255} }},
	{{ {1225, 832, -8894}, 0, {1008, -16}, {0, 127, 0, 255} }},
	{{ {925, 832, -8894}, 0, {-16, -16}, {0, 127, 0, 255} }},
	{{ {1075, -218, -4394}, 0, {-16, -16}, {0, 129, 0, 255} }},
	{{ {1075, -218, -5444}, 0, {-16, 1008}, {0, 129, 0, 255} }},
	{{ {1375, -218, -5444}, 0, {1008, 1008}, {0, 129, 0, 255} }},
	{{ {1375, -218, -4394}, 0, {1008, -16}, {0, 129, 0, 255} }},
	{{ {1075, -218, -5444}, 0, {-16, -16}, {0, 129, 0, 255} }},
	{{ {325, -218, -5444}, 0, {-16, 1008}, {0, 129, 0, 255} }},
	{{ {325, -218, -5744}, 0, {1008, 1008}, {0, 129, 0, 255} }},
	{{ {1075, -218, -5744}, 0, {1008, -16}, {0, 129, 0, 255} }},
	{{ {25, -218, -5744}, 0, {-16, -16}, {0, 129, 0, 255} }},
	{{ {25, -218, -6494}, 0, {-16, 1008}, {0, 129, 0, 255} }},
	{{ {325, -218, -6494}, 0, {1008, 1008}, {0, 129, 0, 255} }},
	{{ {325, -218, -5744}, 0, {1008, -16}, {0, 129, 0, 255} }},
	{{ {325, -218, -6794}, 0, {-16, -16}, {0, 129, 0, 255} }},
	{{ {2275, -218, -6794}, 0, {-16, 1008}, {0, 129, 0, 255} }},
	{{ {2275, -218, -6494}, 0, {1008, 1008}, {0, 129, 0, 255} }},
	{{ {325, -218, -6494}, 0, {1008, -16}, {0, 129, 0, 255} }},
	{{ {2275, -218, -6794}, 0, {-16, -16}, {0, 138, 209, 255} }},
	{{ {2275, 82, -7544}, 0, {-16, 1008}, {0, 138, 209, 255} }},
	{{ {2575, 82, -7544}, 0, {1008, 1008}, {0, 138, 209, 255} }},
	{{ {2575, -218, -6794}, 0, {1008, -16}, {0, 138, 209, 255} }},
	{{ {2275, 82, -7544}, 0, {-16, -16}, {206, 139, 0, 255} }},
	{{ {1225, 532, -7544}, 0, {-16, 1008}, {206, 139, 0, 255} }},
	{{ {1225, 532, -7844}, 0, {1008, 1008}, {206, 139, 0, 255} }},
	{{ {2275, 82, -7844}, 0, {1008, -16}, {206, 139, 0, 255} }},
	{{ {925, 532, -7844}, 0, {-16, -16}, {0, 129, 0, 255} }},
	{{ {925, 532, -8894}, 0, {-16, 1008}, {0, 129, 0, 255} }},
	{{ {1225, 532, -8894}, 0, {1008, 1008}, {0, 129, 0, 255} }},
	{{ {1225, 532, -7844}, 0, {1008, -16}, {0, 129, 0, 255} }},
	{{ {2275, 382, -7844}, 0, {-16, 1008}, {0, 0, 129, 255} }},
	{{ {2275, 82, -7844}, 0, {1008, 1008}, {0, 0, 129, 255} }},
	{{ {1225, 532, -7844}, 0, {1008, -16}, {0, 0, 129, 255} }},
	{{ {1225, 832, -7844}, 0, {-16, -16}, {0, 0, 129, 255} }},
	{{ {2275, 82, -6794}, 0, {-16, 1008}, {0, 0, 129, 255} }},
	{{ {2275, -218, -6794}, 0, {1008, 1008}, {0, 0, 129, 255} }},
	{{ {325, -218, -6794}, 0, {1008, -16}, {0, 0, 129, 255} }},
	{{ {325, 82, -6794}, 0, {-16, -16}, {0, 0, 129, 255} }},
	{{ {325, 82, -6494}, 0, {-16, 1008}, {0, 0, 127, 255} }},
	{{ {325, -218, -6494}, 0, {1008, 1008}, {0, 0, 127, 255} }},
	{{ {2275, -218, -6494}, 0, {1008, -16}, {0, 0, 127, 255} }},
	{{ {2275, 82, -6494}, 0, {-16, -16}, {0, 0, 127, 255} }},
	{{ {325, 82, -5444}, 0, {-16, 1008}, {0, 0, 127, 255} }},
	{{ {325, -218, -5444}, 0, {1008, 1008}, {0, 0, 127, 255} }},
	{{ {1075, -218, -5444}, 0, {1008, -16}, {0, 0, 127, 255} }},
	{{ {1075, 82, -5444}, 0, {-16, -16}, {0, 0, 127, 255} }},
	{{ {1075, 82, -5744}, 0, {-16, 1008}, {0, 0, 129, 255} }},
	{{ {1075, -218, -5744}, 0, {1008, 1008}, {0, 0, 129, 255} }},
	{{ {325, -218, -5744}, 0, {1008, -16}, {0, 0, 129, 255} }},
	{{ {325, 82, -5744}, 0, {-16, -16}, {0, 0, 129, 255} }},
	{{ {2275, 382, -7544}, 0, {-16, 1008}, {129, 0, 0, 255} }},
	{{ {2275, 82, -7544}, 0, {1008, 1008}, {129, 0, 0, 255} }},
	{{ {2275, -218, -6794}, 0, {1008, -16}, {129, 0, 0, 255} }},
	{{ {2275, 82, -6794}, 0, {-16, -16}, {129, 0, 0, 255} }},
	{{ {1075, 82, -5444}, 0, {-16, 1008}, {129, 0, 0, 255} }},
	{{ {1075, -218, -5444}, 0, {1008, 1008}, {129, 0, 0, 255} }},
	{{ {1075, -218, -4394}, 0, {1008, -16}, {129, 0, 0, 255} }},
	{{ {1075, 82, -4394}, 0, {-16, -16}, {129, 0, 0, 255} }},
	{{ {2575, 82, -6794}, 0, {-16, 1008}, {127, 0, 0, 255} }},
	{{ {2575, -218, -6794}, 0, {1008, 1008}, {127, 0, 0, 255} }},
	{{ {2575, 82, -7544}, 0, {1008, -16}, {127, 0, 0, 255} }},
	{{ {2575, 382, -7544}, 0, {-16, -16}, {127, 0, 0, 255} }},
	{{ {25, 82, -6494}, 0, {-16, 1008}, {129, 0, 0, 255} }},
	{{ {25, -218, -6494}, 0, {1008, 1008}, {129, 0, 0, 255} }},
	{{ {25, -218, -5744}, 0, {1008, -16}, {129, 0, 0, 255} }},
	{{ {25, 82, -5744}, 0, {-16, -16}, {129, 0, 0, 255} }},
	{{ {925, 832, -8894}, 0, {-16, 1008}, {129, 0, 0, 255} }},
	{{ {925, 532, -8894}, 0, {1008, 1008}, {129, 0, 0, 255} }},
	{{ {925, 532, -7844}, 0, {1008, -16}, {129, 0, 0, 255} }},
	{{ {925, 832, -7844}, 0, {-16, -16}, {129, 0, 0, 255} }},
	{{ {325, 82, -5744}, 0, {-16, 1008}, {127, 0, 0, 255} }},
	{{ {325, -218, -5744}, 0, {1008, 1008}, {127, 0, 0, 255} }},
	{{ {325, -218, -6494}, 0, {1008, -16}, {127, 0, 0, 255} }},
	{{ {325, 82, -6494}, 0, {-16, -16}, {127, 0, 0, 255} }},
	{{ {1225, 832, -7844}, 0, {-16, 1008}, {127, 0, 0, 255} }},
	{{ {1225, 532, -7844}, 0, {1008, 1008}, {127, 0, 0, 255} }},
	{{ {1225, 532, -8894}, 0, {1008, -16}, {127, 0, 0, 255} }},
	{{ {1225, 832, -8894}, 0, {-16, -16}, {127, 0, 0, 255} }},
	{{ {1375, 82, -4394}, 0, {-16, 1008}, {127, 0, 0, 255} }},
	{{ {1375, -218, -4394}, 0, {1008, 1008}, {127, 0, 0, 255} }},
	{{ {1375, -218, -5444}, 0, {1008, -16}, {127, 0, 0, 255} }},
	{{ {1375, 82, -5444}, 0, {-16, -16}, {127, 0, 0, 255} }},
	{{ {1225, 832, -7544}, 0, {-16, 1008}, {0, 0, 127, 255} }},
	{{ {1225, 532, -7544}, 0, {1008, 1008}, {0, 0, 127, 255} }},
	{{ {2275, 82, -7544}, 0, {1008, -16}, {0, 0, 127, 255} }},
	{{ {2275, 382, -7544}, 0, {-16, -16}, {0, 0, 127, 255} }},
	{{ {956, -772, -6288}, 0, {-16, 1008}, {0, 0, 129, 255} }},
	{{ {641, -772, -6288}, 0, {1008, 1008}, {0, 0, 129, 255} }},
	{{ {641, 1469, -6288}, 0, {1008, -16}, {0, 0, 129, 255} }},
	{{ {956, 1469, -6288}, 0, {-16, -16}, {0, 0, 129, 255} }},
	{{ {641, -772, -5973}, 0, {-16, 1008}, {0, 0, 127, 255} }},
	{{ {956, -772, -5973}, 0, {1008, 1008}, {0, 0, 127, 255} }},
	{{ {956, 1469, -5973}, 0, {1008, -16}, {0, 0, 127, 255} }},
	{{ {641, 1469, -5973}, 0, {-16, -16}, {0, 0, 127, 255} }},
	{{ {956, -772, -5973}, 0, {-16, 1008}, {127, 0, 0, 255} }},
	{{ {956, -772, -6288}, 0, {1008, 1008}, {127, 0, 0, 255} }},
	{{ {956, 1469, -6288}, 0, {1008, -16}, {127, 0, 0, 255} }},
	{{ {956, 1469, -5973}, 0, {-16, -16}, {127, 0, 0, 255} }},
	{{ {641, -772, -6288}, 0, {-16, 1008}, {129, 0, 0, 255} }},
	{{ {641, -772, -5973}, 0, {1008, 1008}, {129, 0, 0, 255} }},
	{{ {641, 1469, -5973}, 0, {1008, -16}, {129, 0, 0, 255} }},
	{{ {641, 1469, -6288}, 0, {-16, -16}, {129, 0, 0, 255} }},
	{{ {-2395, 832, -9044}, 0, {-16, 1008}, {129, 0, 0, 255} }},
	{{ {-2395, 832, -8644}, 0, {1008, 1008}, {129, 0, 0, 255} }},
	{{ {-2395, 1882, -8644}, 0, {1008, -16}, {129, 0, 0, 255} }},
	{{ {-2395, 1882, -9044}, 0, {-16, -16}, {129, 0, 0, 255} }},
	{{ {-1995, 832, -8644}, 0, {-16, 1008}, {127, 0, 0, 255} }},
	{{ {-1995, 832, -9044}, 0, {1008, 1008}, {127, 0, 0, 255} }},
	{{ {-1995, 1882, -9044}, 0, {1008, -16}, {127, 0, 0, 255} }},
	{{ {-1995, 1882, -8644}, 0, {-16, -16}, {127, 0, 0, 255} }},
	{{ {-2395, 832, -8644}, 0, {-16, 1008}, {0, 0, 127, 255} }},
	{{ {-1995, 832, -8644}, 0, {1008, 1008}, {0, 0, 127, 255} }},
	{{ {-1995, 1882, -8644}, 0, {1008, -16}, {0, 0, 127, 255} }},
	{{ {-2395, 1882, -8644}, 0, {-16, -16}, {0, 0, 127, 255} }},
	{{ {-1995, 832, -9044}, 0, {-16, 1008}, {0, 0, 129, 255} }},
	{{ {-2395, 832, -9044}, 0, {1008, 1008}, {0, 0, 129, 255} }},
	{{ {-2395, 1882, -9044}, 0, {1008, -16}, {0, 0, 129, 255} }},
	{{ {-1995, 1882, -9044}, 0, {-16, -16}, {0, 0, 129, 255} }},
	{{ {-2220, 832, -8178}, 0, {-16, 1008}, {129, 0, 0, 255} }},
	{{ {-2220, 832, -7778}, 0, {1008, 1008}, {129, 0, 0, 255} }},
	{{ {-2220, 1582, -7778}, 0, {1008, -16}, {129, 0, 0, 255} }},
	{{ {-2220, 1582, -8178}, 0, {-16, -16}, {129, 0, 0, 255} }},
	{{ {-1820, 832, -7778}, 0, {-16, 1008}, {127, 0, 0, 255} }},
	{{ {-1820, 832, -8178}, 0, {1008, 1008}, {127, 0, 0, 255} }},
	{{ {-1820, 1582, -8178}, 0, {1008, -16}, {127, 0, 0, 255} }},
	{{ {-1820, 1582, -7778}, 0, {-16, -16}, {127, 0, 0, 255} }},
	{{ {-2220, 832, -7778}, 0, {-16, 1008}, {0, 0, 127, 255} }},
	{{ {-1820, 832, -7778}, 0, {1008, 1008}, {0, 0, 127, 255} }},
	{{ {-1820, 1582, -7778}, 0, {1008, -16}, {0, 0, 127, 255} }},
	{{ {-2220, 1582, -7778}, 0, {-16, -16}, {0, 0, 127, 255} }},
	{{ {-1820, 832, -8178}, 0, {-16, 1008}, {0, 0, 129, 255} }},
	{{ {-2220, 832, -8178}, 0, {1008, 1008}, {0, 0, 129, 255} }},
	{{ {-2220, 1582, -8178}, 0, {1008, -16}, {0, 0, 129, 255} }},
	{{ {-1820, 1582, -8178}, 0, {-16, -16}, {0, 0, 129, 255} }},
	{{ {-3020, 832, -8378}, 0, {-16, 1008}, {129, 0, 0, 255} }},
	{{ {-3020, 832, -7978}, 0, {1008, 1008}, {129, 0, 0, 255} }},
	{{ {-3020, 2182, -7978}, 0, {1008, -16}, {129, 0, 0, 255} }},
	{{ {-3020, 2182, -8378}, 0, {-16, -16}, {129, 0, 0, 255} }},
	{{ {-2620, 832, -7978}, 0, {-16, 1008}, {127, 0, 0, 255} }},
	{{ {-2620, 832, -8378}, 0, {1008, 1008}, {127, 0, 0, 255} }},
	{{ {-2620, 2182, -8378}, 0, {1008, -16}, {127, 0, 0, 255} }},
	{{ {-2620, 2182, -7978}, 0, {-16, -16}, {127, 0, 0, 255} }},
	{{ {-3020, 832, -7978}, 0, {-16, 1008}, {0, 0, 127, 255} }},
	{{ {-2620, 832, -7978}, 0, {1008, 1008}, {0, 0, 127, 255} }},
	{{ {-2620, 2182, -7978}, 0, {1008, -16}, {0, 0, 127, 255} }},
	{{ {-3020, 2182, -7978}, 0, {-16, -16}, {0, 0, 127, 255} }},
	{{ {-2620, 832, -8378}, 0, {-16, 1008}, {0, 0, 129, 255} }},
	{{ {-3020, 832, -8378}, 0, {1008, 1008}, {0, 0, 129, 255} }},
	{{ {-3020, 2182, -8378}, 0, {1008, -16}, {0, 0, 129, 255} }},
	{{ {-2620, 2182, -8378}, 0, {-16, -16}, {0, 0, 129, 255} }},
};

Gfx bob_dl_VISUAL_mesh_layer_1_tri_5[] = {
	gsSPVertex(bob_dl_VISUAL_mesh_layer_1_vtx_5 + 0, 32, 0),
	gsSP2Triangles(0, 1, 2, 0, 0, 2, 3, 0),
	gsSP2Triangles(4, 5, 6, 0, 4, 6, 7, 0),
	gsSP2Triangles(8, 9, 10, 0, 8, 10, 11, 0),
	gsSP2Triangles(12, 13, 14, 0, 12, 14, 15, 0),
	gsSP2Triangles(16, 17, 18, 0, 16, 18, 19, 0),
	gsSP2Triangles(20, 21, 22, 0, 20, 22, 23, 0),
	gsSP2Triangles(24, 25, 26, 0, 24, 26, 27, 0),
	gsSP2Triangles(28, 29, 30, 0, 28, 30, 31, 0),
	gsSPVertex(bob_dl_VISUAL_mesh_layer_1_vtx_5 + 32, 32, 0),
	gsSP2Triangles(0, 1, 2, 0, 0, 2, 3, 0),
	gsSP2Triangles(4, 5, 6, 0, 4, 6, 7, 0),
	gsSP2Triangles(8, 9, 10, 0, 8, 10, 11, 0),
	gsSP2Triangles(12, 13, 14, 0, 12, 14, 15, 0),
	gsSP2Triangles(16, 17, 18, 0, 16, 18, 19, 0),
	gsSP2Triangles(20, 21, 22, 0, 20, 22, 23, 0),
	gsSP2Triangles(24, 25, 26, 0, 24, 26, 27, 0),
	gsSP2Triangles(28, 29, 30, 0, 28, 30, 31, 0),
	gsSPVertex(bob_dl_VISUAL_mesh_layer_1_vtx_5 + 64, 32, 0),
	gsSP2Triangles(0, 1, 2, 0, 0, 2, 3, 0),
	gsSP2Triangles(4, 5, 6, 0, 4, 6, 7, 0),
	gsSP2Triangles(8, 9, 10, 0, 8, 10, 11, 0),
	gsSP2Triangles(12, 13, 14, 0, 12, 14, 15, 0),
	gsSP2Triangles(16, 17, 18, 0, 16, 18, 19, 0),
	gsSP2Triangles(20, 21, 22, 0, 20, 22, 23, 0),
	gsSP2Triangles(24, 25, 26, 0, 24, 26, 27, 0),
	gsSP2Triangles(28, 29, 30, 0, 28, 30, 31, 0),
	gsSPVertex(bob_dl_VISUAL_mesh_layer_1_vtx_5 + 96, 32, 0),
	gsSP2Triangles(0, 1, 2, 0, 0, 2, 3, 0),
	gsSP2Triangles(4, 5, 6, 0, 4, 6, 7, 0),
	gsSP2Triangles(8, 9, 10, 0, 8, 10, 11, 0),
	gsSP2Triangles(12, 13, 14, 0, 12, 14, 15, 0),
	gsSP2Triangles(16, 17, 18, 0, 16, 18, 19, 0),
	gsSP2Triangles(20, 21, 22, 0, 20, 22, 23, 0),
	gsSP2Triangles(24, 25, 26, 0, 24, 26, 27, 0),
	gsSP2Triangles(28, 29, 30, 0, 28, 30, 31, 0),
	gsSPVertex(bob_dl_VISUAL_mesh_layer_1_vtx_5 + 128, 32, 0),
	gsSP2Triangles(0, 1, 2, 0, 0, 2, 3, 0),
	gsSP2Triangles(4, 5, 6, 0, 4, 6, 7, 0),
	gsSP2Triangles(8, 9, 10, 0, 8, 10, 11, 0),
	gsSP2Triangles(12, 13, 14, 0, 12, 14, 15, 0),
	gsSP2Triangles(16, 17, 18, 0, 16, 18, 19, 0),
	gsSP2Triangles(20, 21, 22, 0, 20, 22, 23, 0),
	gsSP2Triangles(24, 25, 26, 0, 24, 26, 27, 0),
	gsSP2Triangles(28, 29, 30, 0, 28, 30, 31, 0),
	gsSPVertex(bob_dl_VISUAL_mesh_layer_1_vtx_5 + 160, 16, 0),
	gsSP2Triangles(0, 1, 2, 0, 0, 2, 3, 0),
	gsSP2Triangles(4, 5, 6, 0, 4, 6, 7, 0),
	gsSP2Triangles(8, 9, 10, 0, 8, 10, 11, 0),
	gsSP2Triangles(12, 13, 14, 0, 12, 14, 15, 0),
	gsSPEndDisplayList(),
};

Vtx bob_dl_VISUAL_mesh_layer_1_vtx_6[12] = {
	{{ {-1525, 82, -24}, 0, {16911, 2008}, {255, 255, 255, 255} }},
	{{ {-625, 82, -24}, 0, {27151, 2008}, {255, 255, 255, 255} }},
	{{ {-1075, 232, -24}, 0, {22031, 301}, {255, 255, 255, 255} }},
	{{ {-1525, 232, -24}, 0, {16911, 301}, {255, 255, 255, 255} }},
	{{ {-1525, 232, -474}, 0, {11791, 301}, {255, 255, 255, 255} }},
	{{ {-1525, 232, -1374}, 0, {1551, 301}, {255, 255, 255, 255} }},
	{{ {-1525, 82, -1374}, 0, {1551, 2008}, {255, 255, 255, 255} }},
	{{ {-625, 82, -1374}, 0, {-8689, 2008}, {255, 255, 255, 255} }},
	{{ {-625, 232, -1374}, 0, {-8689, 301}, {255, 255, 255, 255} }},
	{{ {-625, 82, -474}, 0, {-18929, 2008}, {255, 255, 255, 255} }},
	{{ {-625, 232, -474}, 0, {-18929, 301}, {255, 255, 255, 255} }},
	{{ {-1075, 232, -474}, 0, {-24049, 301}, {255, 255, 255, 255} }},
};

Gfx bob_dl_VISUAL_mesh_layer_1_tri_6[] = {
	gsSPVertex(bob_dl_VISUAL_mesh_layer_1_vtx_6 + 0, 12, 0),
	gsSP2Triangles(0, 1, 2, 0, 0, 2, 3, 0),
	gsSP2Triangles(0, 3, 4, 0, 0, 4, 5, 0),
	gsSP2Triangles(5, 6, 0, 0, 7, 6, 5, 0),
	gsSP2Triangles(7, 5, 8, 0, 9, 7, 8, 0),
	gsSP2Triangles(9, 8, 10, 0, 9, 10, 11, 0),
	gsSPEndDisplayList(),
};

Vtx bob_dl_VISUAL_mesh_layer_1_vtx_7[659] = {
	{{ {2666, 612, -2961}, 0, {496, -16}, {190, 110, 78, 255} }},
	{{ {2666, 81, -2961}, 0, {496, 2032}, {85, 74, 73, 255} }},
	{{ {2497, 81, -2961}, 0, {1520, 2032}, {85, 74, 73, 255} }},
	{{ {2497, 612, -2961}, 0, {1520, -16}, {190, 110, 78, 255} }},
	{{ {2497, 781, -936}, 0, {496, -528}, {190, 110, 78, 255} }},
	{{ {2497, 781, -2061}, 0, {496, 2544}, {190, 110, 78, 255} }},
	{{ {2497, 612, -2061}, 0, {1520, 2544}, {190, 110, 78, 255} }},
	{{ {2497, 612, -936}, 0, {1520, -528}, {190, 110, 78, 255} }},
	{{ {1766, 612, -2792}, 0, {496, -16}, {190, 110, 78, 255} }},
	{{ {1766, 81, -2792}, 0, {496, 2032}, {85, 74, 73, 255} }},
	{{ {1935, 81, -2792}, 0, {1520, 2032}, {85, 74, 73, 255} }},
	{{ {1935, 612, -2792}, 0, {1520, -16}, {190, 110, 78, 255} }},
	{{ {1935, 612, -2792}, 0, {496, -16}, {190, 110, 78, 255} }},
	{{ {1935, 81, -2792}, 0, {496, 2032}, {85, 74, 73, 255} }},
	{{ {1935, 81, -2961}, 0, {1520, 2032}, {85, 74, 73, 255} }},
	{{ {1935, 612, -2961}, 0, {1520, -16}, {190, 110, 78, 255} }},
	{{ {2497, 612, -2961}, 0, {496, -16}, {190, 110, 78, 255} }},
	{{ {2497, 81, -2961}, 0, {496, 2032}, {85, 74, 73, 255} }},
	{{ {2497, 81, -2792}, 0, {1520, 2032}, {85, 74, 73, 255} }},
	{{ {2497, 612, -2792}, 0, {1520, -16}, {190, 110, 78, 255} }},
	{{ {1766, 612, -2961}, 0, {496, -16}, {190, 110, 78, 255} }},
	{{ {1766, 81, -2961}, 0, {496, 2032}, {85, 74, 73, 255} }},
	{{ {1766, 81, -2792}, 0, {1520, 2032}, {85, 74, 73, 255} }},
	{{ {1766, 612, -2792}, 0, {1520, -16}, {190, 110, 78, 255} }},
	{{ {1935, 612, -2230}, 0, {496, -16}, {190, 110, 78, 255} }},
	{{ {1935, 81, -2230}, 0, {496, 2032}, {85, 74, 73, 255} }},
	{{ {1766, 81, -2230}, 0, {1520, 2032}, {85, 74, 73, 255} }},
	{{ {1766, 612, -2230}, 0, {1520, -16}, {190, 110, 78, 255} }},
	{{ {1935, 612, -2061}, 0, {496, -16}, {190, 110, 78, 255} }},
	{{ {1935, 81, -2061}, 0, {496, 2032}, {85, 74, 73, 255} }},
	{{ {1935, 81, -2230}, 0, {1520, 2032}, {85, 74, 73, 255} }},
	{{ {1935, 612, -2230}, 0, {1520, -16}, {190, 110, 78, 255} }},
	{{ {1766, 612, -2230}, 0, {496, -16}, {190, 110, 78, 255} }},
	{{ {1766, 81, -2230}, 0, {496, 2032}, {85, 74, 73, 255} }},
	{{ {1766, 81, -2061}, 0, {1520, 2032}, {85, 74, 73, 255} }},
	{{ {1766, 612, -2061}, 0, {1520, -16}, {190, 110, 78, 255} }},
	{{ {2666, 612, -2230}, 0, {496, -16}, {190, 110, 78, 255} }},
	{{ {2666, 81, -2230}, 0, {496, 2032}, {85, 74, 73, 255} }},
	{{ {2497, 81, -2230}, 0, {1520, 2032}, {85, 74, 73, 255} }},
	{{ {2497, 612, -2230}, 0, {1520, -16}, {190, 110, 78, 255} }},
	{{ {2497, 612, -2061}, 0, {496, -16}, {190, 110, 78, 255} }},
	{{ {2497, 81, -2061}, 0, {496, 2032}, {85, 74, 73, 255} }},
	{{ {2666, 81, -2061}, 0, {1520, 2032}, {85, 74, 73, 255} }},
	{{ {2666, 612, -2061}, 0, {1520, -16}, {190, 110, 78, 255} }},
	{{ {2497, 612, -2230}, 0, {496, -16}, {190, 110, 78, 255} }},
	{{ {2497, 81, -2230}, 0, {496, 2032}, {85, 74, 73, 255} }},
	{{ {2497, 81, -2061}, 0, {1520, 2032}, {85, 74, 73, 255} }},
	{{ {2497, 612, -2061}, 0, {1520, -16}, {190, 110, 78, 255} }},
	{{ {2666, 612, -2792}, 0, {496, -16}, {190, 110, 78, 255} }},
	{{ {2666, 81, -2792}, 0, {496, 2032}, {85, 74, 73, 255} }},
	{{ {2666, 81, -2961}, 0, {1520, 2032}, {85, 74, 73, 255} }},
	{{ {2666, 612, -2961}, 0, {1520, -16}, {190, 110, 78, 255} }},
	{{ {2666, 612, -2061}, 0, {496, -16}, {190, 110, 78, 255} }},
	{{ {2666, 81, -2061}, 0, {496, 2032}, {85, 74, 73, 255} }},
	{{ {2666, 81, -2230}, 0, {1520, 2032}, {85, 74, 73, 255} }},
	{{ {2666, 612, -2230}, 0, {1520, -16}, {190, 110, 78, 255} }},
	{{ {1935, 612, -2961}, 0, {496, -16}, {190, 110, 78, 255} }},
	{{ {1935, 81, -2961}, 0, {496, 2032}, {85, 74, 73, 255} }},
	{{ {1766, 81, -2961}, 0, {1520, 2032}, {85, 74, 73, 255} }},
	{{ {1766, 612, -2961}, 0, {1520, -16}, {190, 110, 78, 255} }},
	{{ {1766, 612, -2061}, 0, {496, -16}, {190, 110, 78, 255} }},
	{{ {1766, 81, -2061}, 0, {496, 2032}, {85, 74, 73, 255} }},
	{{ {1935, 81, -2061}, 0, {1520, 2032}, {85, 74, 73, 255} }},
	{{ {1935, 612, -2061}, 0, {1520, -16}, {190, 110, 78, 255} }},
	{{ {2497, 612, -2792}, 0, {496, -16}, {190, 110, 78, 255} }},
	{{ {2497, 81, -2792}, 0, {496, 2032}, {85, 74, 73, 255} }},
	{{ {2666, 81, -2792}, 0, {1520, 2032}, {85, 74, 73, 255} }},
	{{ {2666, 612, -2792}, 0, {1520, -16}, {190, 110, 78, 255} }},
	{{ {1766, 612, -2792}, 0, {496, 2032}, {190, 110, 78, 255} }},
	{{ {1935, 612, -2792}, 0, {1520, 2032}, {190, 110, 78, 255} }},
	{{ {1935, 612, -2230}, 0, {1520, -16}, {190, 110, 78, 255} }},
	{{ {1766, 612, -2230}, 0, {496, -16}, {190, 110, 78, 255} }},
	{{ {1935, 612, -2961}, 0, {496, -16}, {190, 110, 78, 255} }},
	{{ {2497, 612, -2961}, 0, {496, 2032}, {190, 110, 78, 255} }},
	{{ {2497, 612, -2792}, 0, {1520, 2032}, {190, 110, 78, 255} }},
	{{ {1935, 612, -2792}, 0, {1520, -16}, {190, 110, 78, 255} }},
	{{ {2666, 612, -2792}, 0, {496, -16}, {190, 110, 78, 255} }},
	{{ {2666, 612, -2230}, 0, {496, 2032}, {190, 110, 78, 255} }},
	{{ {2497, 612, -2230}, 0, {1520, 2032}, {190, 110, 78, 255} }},
	{{ {2497, 612, -2792}, 0, {1520, -16}, {190, 110, 78, 255} }},
	{{ {2497, 612, -2061}, 0, {1520, 2032}, {190, 110, 78, 255} }},
	{{ {1935, 612, -2061}, 0, {1520, -16}, {190, 110, 78, 255} }},
	{{ {1935, 612, -2230}, 0, {496, -16}, {190, 110, 78, 255} }},
	{{ {2497, 612, -2230}, 0, {496, 2032}, {190, 110, 78, 255} }},
	{{ {1935, 781, -2230}, 0, {496, 2032}, {190, 110, 78, 255} }},
	{{ {1935, 612, -2230}, 0, {1520, 2032}, {190, 110, 78, 255} }},
	{{ {1935, 781, -2792}, 0, {496, -16}, {190, 110, 78, 255} }},
	{{ {2497, 781, -2230}, 0, {1520, -16}, {190, 110, 78, 255} }},
	{{ {2497, 612, -2230}, 0, {496, -16}, {190, 110, 78, 255} }},
	{{ {1935, 612, -2230}, 0, {496, 2032}, {190, 110, 78, 255} }},
	{{ {1935, 781, -2230}, 0, {1520, 2032}, {190, 110, 78, 255} }},
	{{ {2497, 781, -2792}, 0, {1520, -16}, {190, 110, 78, 255} }},
	{{ {2497, 781, -2230}, 0, {1520, 2032}, {190, 110, 78, 255} }},
	{{ {1935, 781, -2792}, 0, {496, 2032}, {190, 110, 78, 255} }},
	{{ {2497, 781, -2792}, 0, {496, -16}, {190, 110, 78, 255} }},
	{{ {2497, 781, -2061}, 0, {496, -528}, {190, 110, 78, 255} }},
	{{ {2497, 781, -936}, 0, {496, 2544}, {190, 110, 78, 255} }},
	{{ {2666, 781, -936}, 0, {1520, 2544}, {190, 110, 78, 255} }},
	{{ {2666, 781, -2061}, 0, {1520, -528}, {190, 110, 78, 255} }},
	{{ {2666, 612, -2061}, 0, {496, 2544}, {190, 110, 78, 255} }},
	{{ {2666, 781, -2061}, 0, {1520, 2544}, {190, 110, 78, 255} }},
	{{ {2666, 781, -936}, 0, {1520, -528}, {190, 110, 78, 255} }},
	{{ {2666, 612, -936}, 0, {496, -528}, {190, 110, 78, 255} }},
	{{ {2666, 612, -2061}, 0, {496, -528}, {190, 110, 78, 255} }},
	{{ {2666, 612, -936}, 0, {496, 2544}, {190, 110, 78, 255} }},
	{{ {2497, 612, -936}, 0, {1520, 2544}, {190, 110, 78, 255} }},
	{{ {2497, 612, -2061}, 0, {1520, -528}, {190, 110, 78, 255} }},
	{{ {2497, 612, -2061}, 0, {1520, -16}, {190, 110, 78, 255} }},
	{{ {2497, 781, -2061}, 0, {496, -16}, {190, 110, 78, 255} }},
	{{ {1935, 781, -2061}, 0, {496, 2032}, {190, 110, 78, 255} }},
	{{ {1935, 612, -2061}, 0, {1520, 2032}, {190, 110, 78, 255} }},
	{{ {1766, 781, -936}, 0, {496, -16}, {190, 110, 78, 255} }},
	{{ {1766, 1066, -936}, 0, {496, 2032}, {190, 110, 78, 255} }},
	{{ {1935, 1066, -936}, 0, {1520, 2032}, {190, 110, 78, 255} }},
	{{ {1935, 781, -936}, 0, {1520, -16}, {190, 110, 78, 255} }},
	{{ {2497, 612, -767}, 0, {496, -16}, {190, 110, 78, 255} }},
	{{ {2497, 81, -767}, 0, {496, 2032}, {85, 74, 73, 255} }},
	{{ {2666, 81, -767}, 0, {1520, 2032}, {85, 74, 73, 255} }},
	{{ {2666, 612, -767}, 0, {1520, -16}, {190, 110, 78, 255} }},
	{{ {1935, 612, -767}, 0, {496, -16}, {190, 110, 78, 255} }},
	{{ {1935, 81, -767}, 0, {496, 2032}, {85, 74, 73, 255} }},
	{{ {1935, 81, -936}, 0, {1520, 2032}, {85, 74, 73, 255} }},
	{{ {1935, 612, -936}, 0, {1520, -16}, {190, 110, 78, 255} }},
	{{ {1935, 1425, -2792}, 0, {496, 2032}, {190, 110, 78, 255} }},
	{{ {1766, 1425, -2792}, 0, {1520, 2032}, {190, 110, 78, 255} }},
	{{ {1766, 1425, -2230}, 0, {1520, -16}, {190, 110, 78, 255} }},
	{{ {1935, 1425, -2230}, 0, {496, -16}, {190, 110, 78, 255} }},
	{{ {2497, 612, -936}, 0, {496, -16}, {190, 110, 78, 255} }},
	{{ {2497, 81, -936}, 0, {496, 2032}, {85, 74, 73, 255} }},
	{{ {2497, 81, -767}, 0, {1520, 2032}, {85, 74, 73, 255} }},
	{{ {2497, 612, -767}, 0, {1520, -16}, {190, 110, 78, 255} }},
	{{ {2666, 612, -936}, 0, {496, -16}, {190, 110, 78, 255} }},
	{{ {2666, 81, -936}, 0, {496, 2032}, {85, 74, 73, 255} }},
	{{ {2497, 81, -936}, 0, {1520, 2032}, {85, 74, 73, 255} }},
	{{ {2497, 612, -936}, 0, {1520, -16}, {190, 110, 78, 255} }},
	{{ {1935, 612, -936}, 0, {496, -16}, {190, 110, 78, 255} }},
	{{ {1935, 81, -936}, 0, {496, 2032}, {85, 74, 73, 255} }},
	{{ {1766, 81, -936}, 0, {1520, 2032}, {85, 74, 73, 255} }},
	{{ {1766, 612, -936}, 0, {1520, -16}, {190, 110, 78, 255} }},
	{{ {2666, 612, -767}, 0, {496, -16}, {190, 110, 78, 255} }},
	{{ {2666, 81, -767}, 0, {496, 2032}, {85, 74, 73, 255} }},
	{{ {2666, 81, -936}, 0, {1520, 2032}, {85, 74, 73, 255} }},
	{{ {2666, 612, -936}, 0, {1520, -16}, {190, 110, 78, 255} }},
	{{ {1766, 612, -936}, 0, {496, -16}, {190, 110, 78, 255} }},
	{{ {1766, 81, -936}, 0, {496, 2032}, {85, 74, 73, 255} }},
	{{ {1766, 81, -767}, 0, {1520, 2032}, {85, 74, 73, 255} }},
	{{ {1766, 612, -767}, 0, {1520, -16}, {190, 110, 78, 255} }},
	{{ {1766, 612, -767}, 0, {496, -16}, {190, 110, 78, 255} }},
	{{ {1766, 81, -767}, 0, {496, 2032}, {85, 74, 73, 255} }},
	{{ {1935, 81, -767}, 0, {1520, 2032}, {85, 74, 73, 255} }},
	{{ {1935, 612, -767}, 0, {1520, -16}, {190, 110, 78, 255} }},
	{{ {1935, 612, -936}, 0, {496, 2032}, {190, 110, 78, 255} }},
	{{ {1935, 781, -936}, 0, {1520, 2032}, {190, 110, 78, 255} }},
	{{ {2497, 781, -936}, 0, {1520, -16}, {190, 110, 78, 255} }},
	{{ {1935, 781, -936}, 0, {496, 2032}, {190, 110, 78, 255} }},
	{{ {1935, 781, -767}, 0, {1520, 2032}, {190, 110, 78, 255} }},
	{{ {2497, 781, -767}, 0, {1520, -16}, {190, 110, 78, 255} }},
	{{ {2497, 781, -936}, 0, {496, -16}, {190, 110, 78, 255} }},
	{{ {2497, 612, -936}, 0, {496, 2032}, {190, 110, 78, 255} }},
	{{ {2497, 612, -767}, 0, {1520, 2032}, {190, 110, 78, 255} }},
	{{ {1935, 612, -767}, 0, {1520, -16}, {190, 110, 78, 255} }},
	{{ {1935, 612, -936}, 0, {496, -16}, {190, 110, 78, 255} }},
	{{ {1935, 781, -767}, 0, {496, 2032}, {190, 110, 78, 255} }},
	{{ {1935, 612, -767}, 0, {1520, 2032}, {190, 110, 78, 255} }},
	{{ {2497, 612, -767}, 0, {1520, -16}, {190, 110, 78, 255} }},
	{{ {2497, 781, -767}, 0, {496, -16}, {190, 110, 78, 255} }},
	{{ {1935, 781, -2061}, 0, {496, -16}, {190, 110, 78, 255} }},
	{{ {1935, 1256, -2061}, 0, {496, 2032}, {190, 110, 78, 255} }},
	{{ {1766, 1256, -2061}, 0, {1520, 2032}, {190, 110, 78, 255} }},
	{{ {1766, 781, -2061}, 0, {1520, -16}, {190, 110, 78, 255} }},
	{{ {2666, 781, -2792}, 0, {496, -16}, {190, 110, 78, 255} }},
	{{ {2666, 1256, -2792}, 0, {496, 2032}, {190, 110, 78, 255} }},
	{{ {2497, 1256, -2792}, 0, {1520, 2032}, {190, 110, 78, 255} }},
	{{ {2497, 781, -2792}, 0, {1520, -16}, {190, 110, 78, 255} }},
	{{ {2666, 612, -2230}, 0, {496, -16}, {190, 110, 78, 255} }},
	{{ {2666, 612, -2792}, 0, {496, 2032}, {190, 110, 78, 255} }},
	{{ {2666, 781, -2792}, 0, {1520, 2032}, {190, 110, 78, 255} }},
	{{ {2666, 781, -2230}, 0, {1520, -16}, {190, 110, 78, 255} }},
	{{ {2497, 781, -2230}, 0, {496, 2032}, {190, 110, 78, 255} }},
	{{ {2666, 781, -2230}, 0, {1520, 2032}, {190, 110, 78, 255} }},
	{{ {2666, 781, -2792}, 0, {1520, -16}, {190, 110, 78, 255} }},
	{{ {2497, 781, -2792}, 0, {496, -16}, {190, 110, 78, 255} }},
	{{ {1935, 612, -2961}, 0, {496, 2032}, {190, 110, 78, 255} }},
	{{ {1935, 781, -2961}, 0, {1520, 2032}, {190, 110, 78, 255} }},
	{{ {2497, 781, -2961}, 0, {1520, -16}, {190, 110, 78, 255} }},
	{{ {2497, 612, -2961}, 0, {496, -16}, {190, 110, 78, 255} }},
	{{ {1935, 781, -2792}, 0, {496, -16}, {190, 110, 78, 255} }},
	{{ {2497, 781, -2792}, 0, {496, 2032}, {190, 110, 78, 255} }},
	{{ {2497, 781, -2961}, 0, {1520, 2032}, {190, 110, 78, 255} }},
	{{ {1935, 781, -2961}, 0, {1520, -16}, {190, 110, 78, 255} }},
	{{ {1766, 612, -2230}, 0, {496, 2032}, {190, 110, 78, 255} }},
	{{ {1766, 781, -2230}, 0, {1520, 2032}, {190, 110, 78, 255} }},
	{{ {1766, 781, -2792}, 0, {1520, -16}, {190, 110, 78, 255} }},
	{{ {1766, 612, -2792}, 0, {496, -16}, {190, 110, 78, 255} }},
	{{ {1935, 781, -2230}, 0, {496, -16}, {190, 110, 78, 255} }},
	{{ {1935, 781, -2792}, 0, {496, 2032}, {190, 110, 78, 255} }},
	{{ {1766, 781, -2792}, 0, {1520, 2032}, {190, 110, 78, 255} }},
	{{ {1766, 781, -2230}, 0, {1520, -16}, {190, 110, 78, 255} }},
	{{ {2497, 781, -2230}, 0, {1520, 2032}, {190, 110, 78, 255} }},
	{{ {1935, 781, -2230}, 0, {1520, -16}, {190, 110, 78, 255} }},
	{{ {1935, 781, -2061}, 0, {496, -16}, {190, 110, 78, 255} }},
	{{ {2497, 781, -2061}, 0, {496, 2032}, {190, 110, 78, 255} }},
	{{ {2497, 781, -2792}, 0, {496, -16}, {190, 110, 78, 255} }},
	{{ {2497, 1256, -2792}, 0, {496, 2032}, {190, 110, 78, 255} }},
	{{ {2497, 1256, -2961}, 0, {1520, 2032}, {190, 110, 78, 255} }},
	{{ {2497, 781, -2961}, 0, {1520, -16}, {190, 110, 78, 255} }},
	{{ {2666, 1256, -2961}, 0, {496, 2032}, {190, 110, 78, 255} }},
	{{ {2666, 781, -2961}, 0, {496, -16}, {190, 110, 78, 255} }},
	{{ {2666, 1256, -2792}, 0, {1520, 2032}, {190, 110, 78, 255} }},
	{{ {2666, 781, -2792}, 0, {1520, -16}, {190, 110, 78, 255} }},
	{{ {1935, 781, -2961}, 0, {496, -16}, {190, 110, 78, 255} }},
	{{ {1935, 1256, -2961}, 0, {496, 2032}, {190, 110, 78, 255} }},
	{{ {1935, 1256, -2792}, 0, {1520, 2032}, {190, 110, 78, 255} }},
	{{ {1935, 781, -2792}, 0, {1520, -16}, {190, 110, 78, 255} }},
	{{ {1766, 781, -2961}, 0, {496, -16}, {190, 110, 78, 255} }},
	{{ {1766, 1256, -2961}, 0, {496, 2032}, {190, 110, 78, 255} }},
	{{ {1935, 1256, -2961}, 0, {1520, 2032}, {190, 110, 78, 255} }},
	{{ {1935, 781, -2961}, 0, {1520, -16}, {190, 110, 78, 255} }},
	{{ {1935, 1256, -2230}, 0, {496, 2032}, {190, 110, 78, 255} }},
	{{ {1935, 1256, -2061}, 0, {1520, 2032}, {190, 110, 78, 255} }},
	{{ {1935, 781, -2061}, 0, {1520, -16}, {190, 110, 78, 255} }},
	{{ {1935, 781, -2792}, 0, {496, -16}, {190, 110, 78, 255} }},
	{{ {1935, 1256, -2792}, 0, {496, 2032}, {190, 110, 78, 255} }},
	{{ {1766, 1256, -2792}, 0, {1520, 2032}, {190, 110, 78, 255} }},
	{{ {1766, 781, -2792}, 0, {1520, -16}, {190, 110, 78, 255} }},
	{{ {1766, 781, -2061}, 0, {496, -16}, {190, 110, 78, 255} }},
	{{ {1766, 1256, -2061}, 0, {496, 2032}, {190, 110, 78, 255} }},
	{{ {1766, 1256, -2230}, 0, {1520, 2032}, {190, 110, 78, 255} }},
	{{ {1766, 781, -2230}, 0, {1520, -16}, {190, 110, 78, 255} }},
	{{ {1766, 781, -2792}, 0, {496, -16}, {190, 110, 78, 255} }},
	{{ {1766, 1256, -2792}, 0, {496, 2032}, {190, 110, 78, 255} }},
	{{ {1766, 1256, -2961}, 0, {1520, 2032}, {190, 110, 78, 255} }},
	{{ {1766, 781, -2961}, 0, {1520, -16}, {190, 110, 78, 255} }},
	{{ {1766, 781, -2230}, 0, {496, -16}, {190, 110, 78, 255} }},
	{{ {1766, 1256, -2230}, 0, {496, 2032}, {190, 110, 78, 255} }},
	{{ {1935, 1256, -2230}, 0, {1520, 2032}, {190, 110, 78, 255} }},
	{{ {1935, 781, -2230}, 0, {1520, -16}, {190, 110, 78, 255} }},
	{{ {1935, 1425, -2792}, 0, {496, -16}, {190, 110, 78, 255} }},
	{{ {1935, 1425, -2230}, 0, {496, 2032}, {190, 110, 78, 255} }},
	{{ {1935, 1256, -2792}, 0, {1520, -16}, {190, 110, 78, 255} }},
	{{ {1935, 1256, -2961}, 0, {496, 2032}, {190, 110, 78, 255} }},
	{{ {1935, 1425, -2961}, 0, {1520, 2032}, {190, 110, 78, 255} }},
	{{ {2497, 1425, -2961}, 0, {1520, -16}, {190, 110, 78, 255} }},
	{{ {2497, 1256, -2961}, 0, {496, -16}, {190, 110, 78, 255} }},
	{{ {2497, 1256, -2961}, 0, {496, 2032}, {190, 110, 78, 255} }},
	{{ {2497, 1256, -2792}, 0, {1520, 2032}, {190, 110, 78, 255} }},
	{{ {1935, 1256, -2961}, 0, {496, -16}, {190, 110, 78, 255} }},
	{{ {2497, 1425, -2961}, 0, {496, -16}, {190, 110, 78, 255} }},
	{{ {1935, 1425, -2961}, 0, {496, 2032}, {190, 110, 78, 255} }},
	{{ {1935, 1425, -2792}, 0, {1520, 2032}, {190, 110, 78, 255} }},
	{{ {2497, 1425, -2792}, 0, {1520, -16}, {190, 110, 78, 255} }},
	{{ {1935, 1425, -2792}, 0, {496, 2032}, {190, 110, 78, 255} }},
	{{ {1935, 1256, -2792}, 0, {1520, 2032}, {190, 110, 78, 255} }},
	{{ {2497, 1256, -2792}, 0, {1520, -16}, {190, 110, 78, 255} }},
	{{ {2497, 1425, -2792}, 0, {496, -16}, {190, 110, 78, 255} }},
	{{ {1935, 1256, -2792}, 0, {496, -16}, {190, 110, 78, 255} }},
	{{ {1935, 1256, -2230}, 0, {496, 2032}, {190, 110, 78, 255} }},
	{{ {1766, 1256, -2230}, 0, {1520, 2032}, {190, 110, 78, 255} }},
	{{ {1766, 1256, -2792}, 0, {1520, -16}, {190, 110, 78, 255} }},
	{{ {1766, 1425, -2230}, 0, {496, -16}, {190, 110, 78, 255} }},
	{{ {1766, 1425, -2792}, 0, {496, 2032}, {190, 110, 78, 255} }},
	{{ {1766, 1256, -2792}, 0, {1520, 2032}, {190, 110, 78, 255} }},
	{{ {1766, 1256, -2230}, 0, {1520, -16}, {190, 110, 78, 255} }},
	{{ {1935, 781, -936}, 0, {496, -16}, {190, 110, 78, 255} }},
	{{ {1935, 1066, -936}, 0, {496, 2032}, {190, 110, 78, 255} }},
	{{ {1935, 1231, -767}, 0, {1520, 2032}, {190, 110, 78, 255} }},
	{{ {1935, 781, -767}, 0, {1520, -16}, {190, 110, 78, 255} }},
	{{ {1766, 1231, -767}, 0, {496, 2032}, {190, 110, 78, 255} }},
	{{ {1766, 781, -767}, 0, {496, -16}, {190, 110, 78, 255} }},
	{{ {1766, 1066, -936}, 0, {1520, 2032}, {190, 110, 78, 255} }},
	{{ {1766, 781, -936}, 0, {1520, -16}, {190, 110, 78, 255} }},
	{{ {-1280, 832, -6759}, 0, {-16, -16}, {85, 74, 73, 255} }},
	{{ {-1280, 1457, -6759}, 0, {-16, 2032}, {190, 110, 78, 255} }},
	{{ {-1148, 1457, -6441}, 0, {2032, 2032}, {190, 110, 78, 255} }},
	{{ {-1148, 832, -6441}, 0, {2032, -16}, {85, 74, 73, 255} }},
	{{ {-1280, 832, -6123}, 0, {-16, -16}, {85, 74, 73, 255} }},
	{{ {-1280, 1457, -6123}, 0, {-16, 2032}, {190, 110, 78, 255} }},
	{{ {-1598, 1457, -5991}, 0, {2032, 2032}, {190, 110, 78, 255} }},
	{{ {-1598, 832, -5991}, 0, {2032, -16}, {85, 74, 73, 255} }},
	{{ {-1916, 832, -6123}, 0, {-16, -16}, {85, 74, 73, 255} }},
	{{ {-1916, 1457, -6123}, 0, {-16, 2032}, {190, 110, 78, 255} }},
	{{ {-2048, 1457, -6441}, 0, {2032, 2032}, {190, 110, 78, 255} }},
	{{ {-2048, 832, -6441}, 0, {2032, -16}, {85, 74, 73, 255} }},
	{{ {-1916, 832, -6759}, 0, {-16, -16}, {85, 74, 73, 255} }},
	{{ {-1916, 1457, -6759}, 0, {-16, 2032}, {190, 110, 78, 255} }},
	{{ {-1598, 1457, -6891}, 0, {2032, 2032}, {190, 110, 78, 255} }},
	{{ {-1598, 832, -6891}, 0, {2032, -16}, {85, 74, 73, 255} }},
	{{ {-1598, 832, -6891}, 0, {-16, -16}, {85, 74, 73, 255} }},
	{{ {-1598, 1457, -6891}, 0, {-16, 2032}, {190, 110, 78, 255} }},
	{{ {-1280, 1457, -6759}, 0, {2032, 2032}, {190, 110, 78, 255} }},
	{{ {-1280, 832, -6759}, 0, {2032, -16}, {85, 74, 73, 255} }},
	{{ {-1148, 832, -6441}, 0, {-16, -16}, {85, 74, 73, 255} }},
	{{ {-1148, 1457, -6441}, 0, {-16, 2032}, {190, 110, 78, 255} }},
	{{ {-1280, 1457, -6123}, 0, {2032, 2032}, {190, 110, 78, 255} }},
	{{ {-1280, 832, -6123}, 0, {2032, -16}, {85, 74, 73, 255} }},
	{{ {-1598, 832, -5991}, 0, {-16, -16}, {85, 74, 73, 255} }},
	{{ {-1598, 1457, -5991}, 0, {-16, 2032}, {190, 110, 78, 255} }},
	{{ {-1916, 1457, -6123}, 0, {2032, 2032}, {190, 110, 78, 255} }},
	{{ {-1916, 832, -6123}, 0, {2032, -16}, {85, 74, 73, 255} }},
	{{ {-2048, 832, -6441}, 0, {-16, -16}, {85, 74, 73, 255} }},
	{{ {-2048, 1457, -6441}, 0, {-16, 2032}, {190, 110, 78, 255} }},
	{{ {-1916, 1457, -6759}, 0, {2032, 2032}, {190, 110, 78, 255} }},
	{{ {-1916, 832, -6759}, 0, {2032, -16}, {85, 74, 73, 255} }},
	{{ {-2550, 832, -9547}, 0, {-16, 2032}, {85, 74, 73, 255} }},
	{{ {-2616, 832, -9706}, 0, {2032, 2032}, {85, 74, 73, 255} }},
	{{ {-2616, 1057, -9706}, 0, {2032, -16}, {190, 110, 78, 255} }},
	{{ {-2550, 1057, -9547}, 0, {-16, -16}, {190, 110, 78, 255} }},
	{{ {-2775, 832, -9322}, 0, {-16, 2032}, {85, 74, 73, 255} }},
	{{ {-2616, 832, -9388}, 0, {2032, 2032}, {85, 74, 73, 255} }},
	{{ {-2616, 1057, -9388}, 0, {2032, -16}, {190, 110, 78, 255} }},
	{{ {-2775, 1057, -9322}, 0, {-16, -16}, {190, 110, 78, 255} }},
	{{ {-3000, 832, -9547}, 0, {-16, 2032}, {85, 74, 73, 255} }},
	{{ {-2934, 832, -9388}, 0, {2032, 2032}, {85, 74, 73, 255} }},
	{{ {-2934, 1057, -9388}, 0, {2032, -16}, {190, 110, 78, 255} }},
	{{ {-3000, 1057, -9547}, 0, {-16, -16}, {190, 110, 78, 255} }},
	{{ {-2775, 832, -9772}, 0, {-16, 2032}, {85, 74, 73, 255} }},
	{{ {-2934, 832, -9706}, 0, {2032, 2032}, {85, 74, 73, 255} }},
	{{ {-2934, 1057, -9706}, 0, {2032, -16}, {190, 110, 78, 255} }},
	{{ {-2775, 1057, -9772}, 0, {-16, -16}, {190, 110, 78, 255} }},
	{{ {-2616, 832, -9706}, 0, {-16, 2032}, {85, 74, 73, 255} }},
	{{ {-2775, 832, -9772}, 0, {2032, 2032}, {85, 74, 73, 255} }},
	{{ {-2775, 1057, -9772}, 0, {2032, -16}, {190, 110, 78, 255} }},
	{{ {-2616, 1057, -9706}, 0, {-16, -16}, {190, 110, 78, 255} }},
	{{ {-2616, 832, -9388}, 0, {-16, 2032}, {85, 74, 73, 255} }},
	{{ {-2550, 832, -9547}, 0, {2032, 2032}, {85, 74, 73, 255} }},
	{{ {-2550, 1057, -9547}, 0, {2032, -16}, {190, 110, 78, 255} }},
	{{ {-2616, 1057, -9388}, 0, {-16, -16}, {190, 110, 78, 255} }},
	{{ {-2934, 832, -9388}, 0, {-16, 2032}, {85, 74, 73, 255} }},
	{{ {-2775, 832, -9322}, 0, {2032, 2032}, {85, 74, 73, 255} }},
	{{ {-2775, 1057, -9322}, 0, {2032, -16}, {190, 110, 78, 255} }},
	{{ {-2934, 1057, -9388}, 0, {-16, -16}, {190, 110, 78, 255} }},
	{{ {-2934, 832, -9706}, 0, {-16, 2032}, {85, 74, 73, 255} }},
	{{ {-3000, 832, -9547}, 0, {2032, 2032}, {85, 74, 73, 255} }},
	{{ {-3000, 1057, -9547}, 0, {2032, -16}, {190, 110, 78, 255} }},
	{{ {-2934, 1057, -9706}, 0, {-16, -16}, {190, 110, 78, 255} }},
	{{ {-5645, 832, -7815}, 0, {-16, 2032}, {85, 74, 73, 255} }},
	{{ {-5787, 832, -7873}, 0, {2032, 2032}, {85, 74, 73, 255} }},
	{{ {-5787, 1632, -7873}, 0, {2032, -16}, {190, 110, 78, 255} }},
	{{ {-5645, 1632, -7815}, 0, {-16, -16}, {190, 110, 78, 255} }},
	{{ {-5645, 832, -7532}, 0, {-16, 2032}, {85, 74, 73, 255} }},
	{{ {-5587, 832, -7673}, 0, {2032, 2032}, {85, 74, 73, 255} }},
	{{ {-5587, 1632, -7673}, 0, {2032, -16}, {190, 110, 78, 255} }},
	{{ {-5645, 1632, -7532}, 0, {-16, -16}, {190, 110, 78, 255} }},
	{{ {-5928, 832, -7532}, 0, {-16, 2032}, {85, 74, 73, 255} }},
	{{ {-5787, 832, -7473}, 0, {2032, 2032}, {85, 74, 73, 255} }},
	{{ {-5787, 1632, -7473}, 0, {2032, -16}, {190, 110, 78, 255} }},
	{{ {-5928, 1632, -7532}, 0, {-16, -16}, {190, 110, 78, 255} }},
	{{ {-5928, 832, -7815}, 0, {-16, 2032}, {85, 74, 73, 255} }},
	{{ {-5987, 832, -7673}, 0, {2032, 2032}, {85, 74, 73, 255} }},
	{{ {-5987, 1632, -7673}, 0, {2032, -16}, {190, 110, 78, 255} }},
	{{ {-5928, 1632, -7815}, 0, {-16, -16}, {190, 110, 78, 255} }},
	{{ {-5587, 832, -7673}, 0, {-16, 2032}, {85, 74, 73, 255} }},
	{{ {-5645, 832, -7815}, 0, {2032, 2032}, {85, 74, 73, 255} }},
	{{ {-5645, 1632, -7815}, 0, {2032, -16}, {190, 110, 78, 255} }},
	{{ {-5587, 1632, -7673}, 0, {-16, -16}, {190, 110, 78, 255} }},
	{{ {-5787, 832, -7473}, 0, {-16, 2032}, {85, 74, 73, 255} }},
	{{ {-5645, 832, -7532}, 0, {2032, 2032}, {85, 74, 73, 255} }},
	{{ {-5645, 1632, -7532}, 0, {2032, -16}, {190, 110, 78, 255} }},
	{{ {-5787, 1632, -7473}, 0, {-16, -16}, {190, 110, 78, 255} }},
	{{ {-5987, 832, -7673}, 0, {-16, 2032}, {85, 74, 73, 255} }},
	{{ {-5928, 832, -7532}, 0, {2032, 2032}, {85, 74, 73, 255} }},
	{{ {-5928, 1632, -7532}, 0, {2032, -16}, {190, 110, 78, 255} }},
	{{ {-5987, 1632, -7673}, 0, {-16, -16}, {190, 110, 78, 255} }},
	{{ {-5787, 832, -7873}, 0, {-16, 2032}, {85, 74, 73, 255} }},
	{{ {-5928, 832, -7815}, 0, {2032, 2032}, {85, 74, 73, 255} }},
	{{ {-5928, 1632, -7815}, 0, {2032, -16}, {190, 110, 78, 255} }},
	{{ {-5787, 1632, -7873}, 0, {-16, -16}, {190, 110, 78, 255} }},
	{{ {-3187, 832, -7098}, 0, {-16, 2032}, {85, 74, 73, 255} }},
	{{ {-3275, 832, -7310}, 0, {2032, 2032}, {85, 74, 73, 255} }},
	{{ {-3275, 1207, -7310}, 0, {2032, -16}, {190, 110, 78, 255} }},
	{{ {-3187, 1207, -7098}, 0, {-16, -16}, {190, 110, 78, 255} }},
	{{ {-3487, 832, -6798}, 0, {-16, 2032}, {85, 74, 73, 255} }},
	{{ {-3275, 832, -6885}, 0, {2032, 2032}, {85, 74, 73, 255} }},
	{{ {-3275, 1207, -6885}, 0, {2032, -16}, {190, 110, 78, 255} }},
	{{ {-3487, 1207, -6798}, 0, {-16, -16}, {190, 110, 78, 255} }},
	{{ {-3787, 832, -7098}, 0, {-16, 2032}, {85, 74, 73, 255} }},
	{{ {-3699, 832, -6885}, 0, {2032, 2032}, {85, 74, 73, 255} }},
	{{ {-3699, 1207, -6885}, 0, {2032, -16}, {190, 110, 78, 255} }},
	{{ {-3787, 1207, -7098}, 0, {-16, -16}, {190, 110, 78, 255} }},
	{{ {-3487, 832, -7398}, 0, {-16, 2032}, {85, 74, 73, 255} }},
	{{ {-3699, 832, -7310}, 0, {2032, 2032}, {85, 74, 73, 255} }},
	{{ {-3699, 1207, -7310}, 0, {2032, -16}, {190, 110, 78, 255} }},
	{{ {-3487, 1207, -7398}, 0, {-16, -16}, {190, 110, 78, 255} }},
	{{ {-3275, 832, -7310}, 0, {-16, 2032}, {85, 74, 73, 255} }},
	{{ {-3487, 832, -7398}, 0, {2032, 2032}, {85, 74, 73, 255} }},
	{{ {-3487, 1207, -7398}, 0, {2032, -16}, {190, 110, 78, 255} }},
	{{ {-3275, 1207, -7310}, 0, {-16, -16}, {190, 110, 78, 255} }},
	{{ {-3275, 832, -6885}, 0, {-16, 2032}, {85, 74, 73, 255} }},
	{{ {-3187, 832, -7098}, 0, {2032, 2032}, {85, 74, 73, 255} }},
	{{ {-3187, 1207, -7098}, 0, {2032, -16}, {190, 110, 78, 255} }},
	{{ {-3275, 1207, -6885}, 0, {-16, -16}, {190, 110, 78, 255} }},
	{{ {-3699, 832, -6885}, 0, {-16, 2032}, {85, 74, 73, 255} }},
	{{ {-3487, 832, -6798}, 0, {2032, 2032}, {85, 74, 73, 255} }},
	{{ {-3487, 1207, -6798}, 0, {2032, -16}, {190, 110, 78, 255} }},
	{{ {-3699, 1207, -6885}, 0, {-16, -16}, {190, 110, 78, 255} }},
	{{ {-3699, 832, -7310}, 0, {-16, 2032}, {85, 74, 73, 255} }},
	{{ {-3787, 832, -7098}, 0, {2032, 2032}, {85, 74, 73, 255} }},
	{{ {-3787, 1207, -7098}, 0, {2032, -16}, {190, 110, 78, 255} }},
	{{ {-3699, 1207, -7310}, 0, {-16, -16}, {190, 110, 78, 255} }},
	{{ {-4246, 832, -8279}, 0, {-16, 2032}, {85, 74, 73, 255} }},
	{{ {-4312, 832, -8438}, 0, {2032, 2032}, {85, 74, 73, 255} }},
	{{ {-4312, 1357, -8438}, 0, {2032, -16}, {190, 110, 78, 255} }},
	{{ {-4246, 1357, -8279}, 0, {-16, -16}, {190, 110, 78, 255} }},
	{{ {-4471, 832, -8054}, 0, {-16, 2032}, {85, 74, 73, 255} }},
	{{ {-4312, 832, -8120}, 0, {2032, 2032}, {85, 74, 73, 255} }},
	{{ {-4312, 1357, -8120}, 0, {2032, -16}, {190, 110, 78, 255} }},
	{{ {-4471, 1357, -8054}, 0, {-16, -16}, {190, 110, 78, 255} }},
	{{ {-4696, 832, -8279}, 0, {-16, 2032}, {85, 74, 73, 255} }},
	{{ {-4631, 832, -8120}, 0, {2032, 2032}, {85, 74, 73, 255} }},
	{{ {-4631, 1357, -8120}, 0, {2032, -16}, {190, 110, 78, 255} }},
	{{ {-4696, 1357, -8279}, 0, {-16, -16}, {190, 110, 78, 255} }},
	{{ {-4471, 832, -8504}, 0, {-16, 2032}, {85, 74, 73, 255} }},
	{{ {-4631, 832, -8438}, 0, {2032, 2032}, {85, 74, 73, 255} }},
	{{ {-4631, 1357, -8438}, 0, {2032, -16}, {190, 110, 78, 255} }},
	{{ {-4471, 1357, -8504}, 0, {-16, -16}, {190, 110, 78, 255} }},
	{{ {-4312, 832, -8438}, 0, {-16, 2032}, {85, 74, 73, 255} }},
	{{ {-4471, 832, -8504}, 0, {2032, 2032}, {85, 74, 73, 255} }},
	{{ {-4471, 1357, -8504}, 0, {2032, -16}, {190, 110, 78, 255} }},
	{{ {-4312, 1357, -8438}, 0, {-16, -16}, {190, 110, 78, 255} }},
	{{ {-4312, 832, -8120}, 0, {-16, 2032}, {85, 74, 73, 255} }},
	{{ {-4246, 832, -8279}, 0, {2032, 2032}, {85, 74, 73, 255} }},
	{{ {-4246, 1357, -8279}, 0, {2032, -16}, {190, 110, 78, 255} }},
	{{ {-4312, 1357, -8120}, 0, {-16, -16}, {190, 110, 78, 255} }},
	{{ {-4631, 832, -8120}, 0, {-16, 2032}, {85, 74, 73, 255} }},
	{{ {-4471, 832, -8054}, 0, {2032, 2032}, {85, 74, 73, 255} }},
	{{ {-4471, 1357, -8054}, 0, {2032, -16}, {190, 110, 78, 255} }},
	{{ {-4631, 1357, -8120}, 0, {-16, -16}, {190, 110, 78, 255} }},
	{{ {-4631, 832, -8438}, 0, {-16, 2032}, {85, 74, 73, 255} }},
	{{ {-4696, 832, -8279}, 0, {2032, 2032}, {85, 74, 73, 255} }},
	{{ {-4696, 1357, -8279}, 0, {2032, -16}, {190, 110, 78, 255} }},
	{{ {-4631, 1357, -8438}, 0, {-16, -16}, {190, 110, 78, 255} }},
	{{ {-4404, 832, -5389}, 0, {-16, 2032}, {85, 74, 73, 255} }},
	{{ {-4437, 832, -5468}, 0, {2032, 2032}, {85, 74, 73, 255} }},
	{{ {-4437, 1057, -5468}, 0, {2032, -16}, {190, 110, 78, 255} }},
	{{ {-4404, 1057, -5389}, 0, {-16, -16}, {190, 110, 78, 255} }},
	{{ {-4517, 832, -5276}, 0, {-16, 2032}, {85, 74, 73, 255} }},
	{{ {-4437, 832, -5309}, 0, {2032, 2032}, {85, 74, 73, 255} }},
	{{ {-4437, 1057, -5309}, 0, {2032, -16}, {190, 110, 78, 255} }},
	{{ {-4517, 1057, -5276}, 0, {-16, -16}, {190, 110, 78, 255} }},
	{{ {-4629, 832, -5389}, 0, {-16, 2032}, {85, 74, 73, 255} }},
	{{ {-4596, 832, -5309}, 0, {2032, 2032}, {85, 74, 73, 255} }},
	{{ {-4596, 1057, -5309}, 0, {2032, -16}, {190, 110, 78, 255} }},
	{{ {-4629, 1057, -5389}, 0, {-16, -16}, {190, 110, 78, 255} }},
	{{ {-4517, 832, -5501}, 0, {-16, 2032}, {85, 74, 73, 255} }},
	{{ {-4596, 832, -5468}, 0, {2032, 2032}, {85, 74, 73, 255} }},
	{{ {-4596, 1057, -5468}, 0, {2032, -16}, {190, 110, 78, 255} }},
	{{ {-4517, 1057, -5501}, 0, {-16, -16}, {190, 110, 78, 255} }},
	{{ {-4437, 832, -5468}, 0, {-16, 2032}, {85, 74, 73, 255} }},
	{{ {-4517, 832, -5501}, 0, {2032, 2032}, {85, 74, 73, 255} }},
	{{ {-4517, 1057, -5501}, 0, {2032, -16}, {190, 110, 78, 255} }},
	{{ {-4437, 1057, -5468}, 0, {-16, -16}, {190, 110, 78, 255} }},
	{{ {-4437, 832, -5309}, 0, {-16, 2032}, {85, 74, 73, 255} }},
	{{ {-4404, 832, -5389}, 0, {2032, 2032}, {85, 74, 73, 255} }},
	{{ {-4404, 1057, -5389}, 0, {2032, -16}, {190, 110, 78, 255} }},
	{{ {-4437, 1057, -5309}, 0, {-16, -16}, {190, 110, 78, 255} }},
	{{ {-4596, 832, -5309}, 0, {-16, 2032}, {85, 74, 73, 255} }},
	{{ {-4517, 832, -5276}, 0, {2032, 2032}, {85, 74, 73, 255} }},
	{{ {-4517, 1057, -5276}, 0, {2032, -16}, {190, 110, 78, 255} }},
	{{ {-4596, 1057, -5309}, 0, {-16, -16}, {190, 110, 78, 255} }},
	{{ {-4596, 832, -5468}, 0, {-16, 2032}, {85, 74, 73, 255} }},
	{{ {-4629, 832, -5389}, 0, {2032, 2032}, {85, 74, 73, 255} }},
	{{ {-4629, 1057, -5389}, 0, {2032, -16}, {190, 110, 78, 255} }},
	{{ {-4596, 1057, -5468}, 0, {-16, -16}, {190, 110, 78, 255} }},
	{{ {-800, 832, -9050}, 0, {-16, 2032}, {85, 74, 73, 255} }},
	{{ {-735, 832, -9209}, 0, {2032, 2032}, {85, 74, 73, 255} }},
	{{ {-735, 1157, -9209}, 0, {2032, -16}, {190, 110, 78, 255} }},
	{{ {-800, 1157, -9050}, 0, {-16, -16}, {190, 110, 78, 255} }},
	{{ {-1185, 832, -9209}, 0, {-16, 2032}, {85, 74, 73, 255} }},
	{{ {-1119, 832, -9050}, 0, {2032, 2032}, {85, 74, 73, 255} }},
	{{ {-1119, 1157, -9050}, 0, {2032, -16}, {190, 110, 78, 255} }},
	{{ {-1185, 1157, -9209}, 0, {-16, -16}, {190, 110, 78, 255} }},
	{{ {-735, 832, -9209}, 0, {-16, 2032}, {85, 74, 73, 255} }},
	{{ {-800, 832, -9368}, 0, {2032, 2032}, {85, 74, 73, 255} }},
	{{ {-800, 1157, -9368}, 0, {2032, -16}, {190, 110, 78, 255} }},
	{{ {-735, 1157, -9209}, 0, {-16, -16}, {190, 110, 78, 255} }},
	{{ {-960, 832, -9434}, 0, {-16, 2032}, {85, 74, 73, 255} }},
	{{ {-1119, 832, -9368}, 0, {2032, 2032}, {85, 74, 73, 255} }},
	{{ {-1119, 1157, -9368}, 0, {2032, -16}, {190, 110, 78, 255} }},
	{{ {-960, 1157, -9434}, 0, {-16, -16}, {190, 110, 78, 255} }},
	{{ {-960, 832, -8984}, 0, {-16, 2032}, {85, 74, 73, 255} }},
	{{ {-800, 832, -9050}, 0, {2032, 2032}, {85, 74, 73, 255} }},
	{{ {-800, 1157, -9050}, 0, {2032, -16}, {190, 110, 78, 255} }},
	{{ {-960, 1157, -8984}, 0, {-16, -16}, {190, 110, 78, 255} }},
	{{ {-1119, 832, -9050}, 0, {-16, 2032}, {85, 74, 73, 255} }},
	{{ {-960, 832, -8984}, 0, {2032, 2032}, {85, 74, 73, 255} }},
	{{ {-960, 1157, -8984}, 0, {2032, -16}, {190, 110, 78, 255} }},
	{{ {-1119, 1157, -9050}, 0, {-16, -16}, {190, 110, 78, 255} }},
	{{ {-800, 832, -9368}, 0, {-16, 2032}, {85, 74, 73, 255} }},
	{{ {-960, 832, -9434}, 0, {2032, 2032}, {85, 74, 73, 255} }},
	{{ {-960, 1157, -9434}, 0, {2032, -16}, {190, 110, 78, 255} }},
	{{ {-800, 1157, -9368}, 0, {-16, -16}, {190, 110, 78, 255} }},
	{{ {-1119, 832, -9368}, 0, {-16, 2032}, {85, 74, 73, 255} }},
	{{ {-1185, 832, -9209}, 0, {2032, 2032}, {85, 74, 73, 255} }},
	{{ {-1185, 1157, -9209}, 0, {2032, -16}, {190, 110, 78, 255} }},
	{{ {-1119, 1157, -9368}, 0, {-16, -16}, {190, 110, 78, 255} }},
	{{ {-3009, 832, -5710}, 0, {-16, 2032}, {85, 74, 73, 255} }},
	{{ {-2943, 832, -5869}, 0, {2032, 2032}, {85, 74, 73, 255} }},
	{{ {-2943, 1057, -5869}, 0, {2032, -16}, {190, 110, 78, 255} }},
	{{ {-3009, 1057, -5710}, 0, {-16, -16}, {190, 110, 78, 255} }},
	{{ {-3393, 832, -5869}, 0, {-16, 2032}, {85, 74, 73, 255} }},
	{{ {-3327, 832, -5710}, 0, {2032, 2032}, {85, 74, 73, 255} }},
	{{ {-3327, 1057, -5710}, 0, {2032, -16}, {190, 110, 78, 255} }},
	{{ {-3393, 1057, -5869}, 0, {-16, -16}, {190, 110, 78, 255} }},
	{{ {-2943, 832, -5869}, 0, {-16, 2032}, {85, 74, 73, 255} }},
	{{ {-3009, 832, -6028}, 0, {2032, 2032}, {85, 74, 73, 255} }},
	{{ {-3009, 1057, -6028}, 0, {2032, -16}, {190, 110, 78, 255} }},
	{{ {-2943, 1057, -5869}, 0, {-16, -16}, {190, 110, 78, 255} }},
	{{ {-3168, 832, -6094}, 0, {-16, 2032}, {85, 74, 73, 255} }},
	{{ {-3327, 832, -6028}, 0, {2032, 2032}, {85, 74, 73, 255} }},
	{{ {-3327, 1057, -6028}, 0, {2032, -16}, {190, 110, 78, 255} }},
	{{ {-3168, 1057, -6094}, 0, {-16, -16}, {190, 110, 78, 255} }},
	{{ {-3168, 832, -5644}, 0, {-16, 2032}, {85, 74, 73, 255} }},
	{{ {-3009, 832, -5710}, 0, {2032, 2032}, {85, 74, 73, 255} }},
	{{ {-3009, 1057, -5710}, 0, {2032, -16}, {190, 110, 78, 255} }},
	{{ {-3168, 1057, -5644}, 0, {-16, -16}, {190, 110, 78, 255} }},
	{{ {-3327, 832, -5710}, 0, {-16, 2032}, {85, 74, 73, 255} }},
	{{ {-3168, 832, -5644}, 0, {2032, 2032}, {85, 74, 73, 255} }},
	{{ {-3168, 1057, -5644}, 0, {2032, -16}, {190, 110, 78, 255} }},
	{{ {-3327, 1057, -5710}, 0, {-16, -16}, {190, 110, 78, 255} }},
	{{ {-3009, 832, -6028}, 0, {-16, 2032}, {85, 74, 73, 255} }},
	{{ {-3168, 832, -6094}, 0, {2032, 2032}, {85, 74, 73, 255} }},
	{{ {-3168, 1057, -6094}, 0, {2032, -16}, {190, 110, 78, 255} }},
	{{ {-3009, 1057, -6028}, 0, {-16, -16}, {190, 110, 78, 255} }},
	{{ {-3327, 832, -6028}, 0, {-16, 2032}, {85, 74, 73, 255} }},
	{{ {-3393, 832, -5869}, 0, {2032, 2032}, {85, 74, 73, 255} }},
	{{ {-3393, 1057, -5869}, 0, {2032, -16}, {190, 110, 78, 255} }},
	{{ {-3327, 1057, -6028}, 0, {-16, -16}, {190, 110, 78, 255} }},
	{{ {-1591, 832, -4960}, 0, {-16, 2032}, {85, 74, 73, 255} }},
	{{ {-1624, 832, -5040}, 0, {2032, 2032}, {85, 74, 73, 255} }},
	{{ {-1624, 1057, -5040}, 0, {2032, -16}, {190, 110, 78, 255} }},
	{{ {-1591, 1057, -4960}, 0, {-16, -16}, {190, 110, 78, 255} }},
	{{ {-1704, 832, -4848}, 0, {-16, 2032}, {85, 74, 73, 255} }},
	{{ {-1624, 832, -4881}, 0, {2032, 2032}, {85, 74, 73, 255} }},
	{{ {-1624, 1057, -4881}, 0, {2032, -16}, {190, 110, 78, 255} }},
	{{ {-1704, 1057, -4848}, 0, {-16, -16}, {190, 110, 78, 255} }},
	{{ {-1816, 832, -4960}, 0, {-16, 2032}, {85, 74, 73, 255} }},
	{{ {-1783, 832, -4881}, 0, {2032, 2032}, {85, 74, 73, 255} }},
	{{ {-1783, 1057, -4881}, 0, {2032, -16}, {190, 110, 78, 255} }},
	{{ {-1816, 1057, -4960}, 0, {-16, -16}, {190, 110, 78, 255} }},
	{{ {-1704, 832, -5073}, 0, {-16, 2032}, {85, 74, 73, 255} }},
	{{ {-1783, 832, -5040}, 0, {2032, 2032}, {85, 74, 73, 255} }},
	{{ {-1783, 1057, -5040}, 0, {2032, -16}, {190, 110, 78, 255} }},
	{{ {-1704, 1057, -5073}, 0, {-16, -16}, {190, 110, 78, 255} }},
	{{ {-1624, 832, -5040}, 0, {-16, 2032}, {85, 74, 73, 255} }},
	{{ {-1704, 832, -5073}, 0, {2032, 2032}, {85, 74, 73, 255} }},
	{{ {-1704, 1057, -5073}, 0, {2032, -16}, {190, 110, 78, 255} }},
	{{ {-1624, 1057, -5040}, 0, {-16, -16}, {190, 110, 78, 255} }},
	{{ {-1624, 832, -4881}, 0, {-16, 2032}, {85, 74, 73, 255} }},
	{{ {-1591, 832, -4960}, 0, {2032, 2032}, {85, 74, 73, 255} }},
	{{ {-1591, 1057, -4960}, 0, {2032, -16}, {190, 110, 78, 255} }},
	{{ {-1624, 1057, -4881}, 0, {-16, -16}, {190, 110, 78, 255} }},
	{{ {-1783, 832, -4881}, 0, {-16, 2032}, {85, 74, 73, 255} }},
	{{ {-1704, 832, -4848}, 0, {2032, 2032}, {85, 74, 73, 255} }},
	{{ {-1704, 1057, -4848}, 0, {2032, -16}, {190, 110, 78, 255} }},
	{{ {-1783, 1057, -4881}, 0, {-16, -16}, {190, 110, 78, 255} }},
	{{ {-1783, 832, -5040}, 0, {-16, 2032}, {85, 74, 73, 255} }},
	{{ {-1816, 832, -4960}, 0, {2032, 2032}, {85, 74, 73, 255} }},
	{{ {-1816, 1057, -4960}, 0, {2032, -16}, {190, 110, 78, 255} }},
	{{ {-1783, 1057, -5040}, 0, {-16, -16}, {190, 110, 78, 255} }},
	{{ {-7082, 1732, -9988}, 0, {-258, 4080}, {190, 110, 78, 255} }},
	{{ {-7082, 2282, -9988}, 0, {1336, 4080}, {190, 110, 78, 255} }},
	{{ {-6122, 2282, -9988}, 0, {1336, 1298}, {190, 110, 78, 255} }},
	{{ {-6962, 1732, -9988}, 0, {-258, 3732}, {190, 110, 78, 255} }},
	{{ {-6242, 1732, -9988}, 0, {-258, 1646}, {190, 110, 78, 255} }},
	{{ {-6122, 1732, -9988}, 0, {-258, 1298}, {190, 110, 78, 255} }},
	{{ {-6122, 2282, -9888}, 0, {1336, 1008}, {190, 110, 78, 255} }},
	{{ {-6122, 1732, -9888}, 0, {-258, 1008}, {190, 110, 78, 255} }},
	{{ {-6205, 2200, -9888}, 0, {1097, 769}, {190, 110, 78, 255} }},
	{{ {-7000, 2200, -9888}, 0, {1097, -1535}, {190, 110, 78, 255} }},
	{{ {-7082, 2282, -9888}, 0, {1336, -1774}, {190, 110, 78, 255} }},
	{{ {-6122, 2282, -9988}, 0, {1626, 1008}, {190, 110, 78, 255} }},
	{{ {-7082, 2282, -9888}, 0, {1336, -1774}, {190, 110, 78, 255} }},
	{{ {-6122, 2282, -9988}, 0, {1626, 1008}, {190, 110, 78, 255} }},
	{{ {-7082, 2282, -9988}, 0, {1626, -1774}, {190, 110, 78, 255} }},
	{{ {-7000, 1815, -9888}, 0, {-18, -1535}, {190, 110, 78, 255} }},
	{{ {-7000, 2200, -9888}, 0, {1097, -1535}, {190, 110, 78, 255} }},
	{{ {-7082, 1732, -9888}, 0, {-258, -1774}, {190, 110, 78, 255} }},
	{{ {-7082, 2282, -9988}, 0, {1336, -2064}, {190, 110, 78, 255} }},
	{{ {-7082, 1732, -9988}, 0, {-258, -2064}, {190, 110, 78, 255} }},
	{{ {-7082, 1532, -9988}, 0, {-837, -2064}, {85, 74, 73, 255} }},
	{{ {-7082, 1532, -9888}, 0, {-837, -1774}, {85, 74, 73, 255} }},
	{{ {-6962, 1732, -9888}, 0, {-258, -1426}, {190, 110, 78, 255} }},
	{{ {-6962, 1532, -9888}, 0, {-837, -1426}, {85, 74, 73, 255} }},
	{{ {-6205, 1815, -9888}, 0, {-18, 769}, {190, 110, 78, 255} }},
	{{ {-6242, 1732, -9888}, 0, {-258, 660}, {190, 110, 78, 255} }},
	{{ {-6962, 1732, -9988}, 0, {-547, -1426}, {190, 110, 78, 255} }},
	{{ {-6962, 1532, -9888}, 0, {-258, -2006}, {85, 74, 73, 255} }},
	{{ {-6962, 1532, -9988}, 0, {-547, -2006}, {85, 74, 73, 255} }},
	{{ {-6242, 1732, -9988}, 0, {-547, 660}, {190, 110, 78, 255} }},
	{{ {-6242, 1532, -9988}, 0, {-547, 1240}, {85, 74, 73, 255} }},
	{{ {-6242, 1532, -9888}, 0, {-258, 1240}, {85, 74, 73, 255} }},
	{{ {-6242, 1732, -9988}, 0, {-258, 1646}, {190, 110, 78, 255} }},
	{{ {-6122, 1532, -9988}, 0, {-837, 1298}, {85, 74, 73, 255} }},
	{{ {-6242, 1532, -9988}, 0, {-837, 1646}, {85, 74, 73, 255} }},
	{{ {-6122, 1732, -9988}, 0, {-258, 1298}, {190, 110, 78, 255} }},
	{{ {-6122, 1532, -9888}, 0, {-837, 1008}, {85, 74, 73, 255} }},
	{{ {-6122, 1732, -9888}, 0, {-258, 1008}, {190, 110, 78, 255} }},
	{{ {-6242, 1532, -9888}, 0, {-837, 660}, {85, 74, 73, 255} }},
	{{ {-6205, 2200, -9888}, 0, {1097, 769}, {190, 110, 78, 255} }},
	{{ {-7082, 1732, -9988}, 0, {-258, 4080}, {190, 110, 78, 255} }},
	{{ {-6962, 1732, -9988}, 0, {-258, 3732}, {190, 110, 78, 255} }},
	{{ {-6962, 1532, -9988}, 0, {-837, 3732}, {85, 74, 73, 255} }},
	{{ {-7082, 1532, -9988}, 0, {-837, 4080}, {85, 74, 73, 255} }},
	{{ {1766, 781, -2061}, 0, {1520, -528}, {190, 110, 78, 255} }},
	{{ {1766, 781, -936}, 0, {1520, 2544}, {190, 110, 78, 255} }},
	{{ {1935, 781, -936}, 0, {496, 2544}, {190, 110, 78, 255} }},
	{{ {1766, 612, -2061}, 0, {496, -528}, {190, 110, 78, 255} }},
	{{ {1766, 612, -936}, 0, {496, 2544}, {190, 110, 78, 255} }},
	{{ {1935, 612, -2061}, 0, {1520, -528}, {190, 110, 78, 255} }},
	{{ {1935, 612, -936}, 0, {1520, 2544}, {190, 110, 78, 255} }},
	{{ {1935, 781, -2061}, 0, {496, -528}, {190, 110, 78, 255} }},
	{{ {2497, 781, -2061}, 0, {496, -16}, {190, 110, 78, 255} }},
	{{ {2497, 1256, -2061}, 0, {496, 2032}, {190, 110, 78, 255} }},
	{{ {2497, 1256, -2230}, 0, {1520, 2032}, {190, 110, 78, 255} }},
	{{ {2666, 781, -2061}, 0, {1520, -16}, {190, 110, 78, 255} }},
	{{ {2666, 1256, -2061}, 0, {1520, 2032}, {190, 110, 78, 255} }},
	{{ {2666, 781, -2230}, 0, {496, -16}, {190, 110, 78, 255} }},
	{{ {2666, 1256, -2230}, 0, {496, 2032}, {190, 110, 78, 255} }},
	{{ {2497, 781, -2230}, 0, {1520, -16}, {190, 110, 78, 255} }},
	{{ {2497, 1425, -2061}, 0, {1520, -16}, {190, 110, 78, 255} }},
	{{ {2497, 1425, -1386}, 0, {1520, 2032}, {190, 110, 78, 255} }},
	{{ {2666, 1425, -1386}, 0, {496, 2032}, {190, 110, 78, 255} }},
	{{ {2497, 1256, -2061}, 0, {496, -16}, {190, 110, 78, 255} }},
	{{ {2497, 1256, -1498}, 0, {496, 2032}, {190, 110, 78, 255} }},
	{{ {2666, 1256, -2061}, 0, {1520, -16}, {190, 110, 78, 255} }},
	{{ {2666, 1256, -1498}, 0, {1520, 2032}, {190, 110, 78, 255} }},
	{{ {2666, 1425, -2061}, 0, {496, -16}, {190, 110, 78, 255} }},
	{{ {-852, 82, -3767}, 0, {1520, -3088}, {85, 74, 73, 255} }},
	{{ {-852, 1132, -3767}, 0, {1520, 5104}, {190, 110, 78, 255} }},
	{{ {-1055, 1132, -3767}, 0, {496, 5104}, {190, 110, 78, 255} }},
	{{ {-852, 82, -3969}, 0, {496, -3088}, {85, 74, 73, 255} }},
	{{ {-852, 1132, -3969}, 0, {496, 5104}, {190, 110, 78, 255} }},
	{{ {-1055, 82, -3969}, 0, {1520, -3088}, {85, 74, 73, 255} }},
	{{ {-1055, 1132, -3969}, 0, {1520, 5104}, {190, 110, 78, 255} }},
	{{ {-1055, 82, -3767}, 0, {496, -3088}, {85, 74, 73, 255} }},
	{{ {-1865, 82, -3969}, 0, {496, -3088}, {85, 74, 73, 255} }},
	{{ {-1865, 1132, -3969}, 0, {496, 5104}, {190, 110, 78, 255} }},
	{{ {-1865, 1132, -3767}, 0, {1520, 5104}, {190, 110, 78, 255} }},
	{{ {-2067, 82, -3969}, 0, {1520, -3088}, {85, 74, 73, 255} }},
	{{ {-2067, 1132, -3969}, 0, {1520, 5104}, {190, 110, 78, 255} }},
	{{ {-2067, 82, -3767}, 0, {496, -3088}, {85, 74, 73, 255} }},
	{{ {-2067, 1132, -3767}, 0, {496, 5104}, {190, 110, 78, 255} }},
	{{ {-1865, 82, -3767}, 0, {1520, -3088}, {85, 74, 73, 255} }},
	{{ {-852, 82, -2754}, 0, {1520, -3088}, {85, 74, 73, 255} }},
	{{ {-852, 1132, -2754}, 0, {1520, 5104}, {190, 110, 78, 255} }},
	{{ {-1055, 1132, -2754}, 0, {496, 5104}, {190, 110, 78, 255} }},
	{{ {-852, 82, -2957}, 0, {496, -3088}, {85, 74, 73, 255} }},
	{{ {-852, 1132, -2957}, 0, {496, 5104}, {190, 110, 78, 255} }},
	{{ {-1055, 82, -2957}, 0, {1520, -3088}, {85, 74, 73, 255} }},
	{{ {-1055, 1132, -2957}, 0, {1520, 5104}, {190, 110, 78, 255} }},
	{{ {-1055, 82, -2754}, 0, {496, -3088}, {85, 74, 73, 255} }},
	{{ {-1865, 82, -2957}, 0, {496, -3088}, {85, 74, 73, 255} }},
	{{ {-1865, 1132, -2957}, 0, {496, 5104}, {190, 110, 78, 255} }},
	{{ {-1865, 1132, -2754}, 0, {1520, 5104}, {190, 110, 78, 255} }},
	{{ {-2067, 82, -2957}, 0, {1520, -3088}, {85, 74, 73, 255} }},
	{{ {-2067, 1132, -2957}, 0, {1520, 5104}, {190, 110, 78, 255} }},
	{{ {-2067, 82, -2754}, 0, {496, -3088}, {85, 74, 73, 255} }},
	{{ {-2067, 1132, -2754}, 0, {496, 5104}, {190, 110, 78, 255} }},
	{{ {-1865, 82, -2754}, 0, {1520, -3088}, {85, 74, 73, 255} }},
};

Gfx bob_dl_VISUAL_mesh_layer_1_tri_7[] = {
	gsSPVertex(bob_dl_VISUAL_mesh_layer_1_vtx_7 + 0, 32, 0),
	gsSP2Triangles(0, 1, 2, 0, 0, 2, 3, 0),
	gsSP2Triangles(4, 5, 6, 0, 4, 6, 7, 0),
	gsSP2Triangles(8, 9, 10, 0, 8, 10, 11, 0),
	gsSP2Triangles(12, 13, 14, 0, 12, 14, 15, 0),
	gsSP2Triangles(16, 17, 18, 0, 16, 18, 19, 0),
	gsSP2Triangles(20, 21, 22, 0, 20, 22, 23, 0),
	gsSP2Triangles(24, 25, 26, 0, 24, 26, 27, 0),
	gsSP2Triangles(28, 29, 30, 0, 28, 30, 31, 0),
	gsSPVertex(bob_dl_VISUAL_mesh_layer_1_vtx_7 + 32, 32, 0),
	gsSP2Triangles(0, 1, 2, 0, 0, 2, 3, 0),
	gsSP2Triangles(4, 5, 6, 0, 4, 6, 7, 0),
	gsSP2Triangles(8, 9, 10, 0, 8, 10, 11, 0),
	gsSP2Triangles(12, 13, 14, 0, 12, 14, 15, 0),
	gsSP2Triangles(16, 17, 18, 0, 16, 18, 19, 0),
	gsSP2Triangles(20, 21, 22, 0, 20, 22, 23, 0),
	gsSP2Triangles(24, 25, 26, 0, 24, 26, 27, 0),
	gsSP2Triangles(28, 29, 30, 0, 28, 30, 31, 0),
	gsSPVertex(bob_dl_VISUAL_mesh_layer_1_vtx_7 + 64, 31, 0),
	gsSP2Triangles(0, 1, 2, 0, 0, 2, 3, 0),
	gsSP2Triangles(4, 5, 6, 0, 4, 6, 7, 0),
	gsSP2Triangles(8, 9, 10, 0, 8, 10, 11, 0),
	gsSP2Triangles(12, 13, 14, 0, 12, 14, 15, 0),
	gsSP2Triangles(16, 17, 18, 0, 16, 18, 19, 0),
	gsSP2Triangles(20, 21, 11, 0, 20, 11, 22, 0),
	gsSP2Triangles(23, 24, 25, 0, 23, 25, 26, 0),
	gsSP2Triangles(27, 0, 19, 0, 27, 19, 28, 0),
	gsSP2Triangles(29, 5, 15, 0, 29, 15, 30, 0),
	gsSPVertex(bob_dl_VISUAL_mesh_layer_1_vtx_7 + 95, 32, 0),
	gsSP2Triangles(0, 1, 2, 0, 0, 2, 3, 0),
	gsSP2Triangles(4, 5, 6, 0, 4, 6, 7, 0),
	gsSP2Triangles(8, 9, 10, 0, 8, 10, 11, 0),
	gsSP2Triangles(12, 13, 14, 0, 12, 14, 15, 0),
	gsSP2Triangles(16, 17, 18, 0, 16, 18, 19, 0),
	gsSP2Triangles(20, 21, 22, 0, 20, 22, 23, 0),
	gsSP2Triangles(24, 25, 26, 0, 24, 26, 27, 0),
	gsSP2Triangles(28, 29, 30, 0, 28, 30, 31, 0),
	gsSPVertex(bob_dl_VISUAL_mesh_layer_1_vtx_7 + 127, 31, 0),
	gsSP2Triangles(0, 1, 2, 0, 0, 2, 3, 0),
	gsSP2Triangles(4, 5, 6, 0, 4, 6, 7, 0),
	gsSP2Triangles(8, 9, 10, 0, 8, 10, 11, 0),
	gsSP2Triangles(12, 13, 14, 0, 12, 14, 15, 0),
	gsSP2Triangles(16, 17, 18, 0, 16, 18, 19, 0),
	gsSP2Triangles(20, 21, 22, 0, 20, 22, 23, 0),
	gsSP2Triangles(24, 25, 26, 0, 24, 26, 0, 0),
	gsSP2Triangles(27, 28, 29, 0, 27, 29, 30, 0),
	gsSPVertex(bob_dl_VISUAL_mesh_layer_1_vtx_7 + 158, 32, 0),
	gsSP2Triangles(0, 1, 2, 0, 0, 2, 3, 0),
	gsSP2Triangles(4, 5, 6, 0, 4, 6, 7, 0),
	gsSP2Triangles(8, 9, 10, 0, 8, 10, 11, 0),
	gsSP2Triangles(12, 13, 14, 0, 12, 14, 15, 0),
	gsSP2Triangles(16, 17, 18, 0, 16, 18, 19, 0),
	gsSP2Triangles(20, 21, 22, 0, 20, 22, 23, 0),
	gsSP2Triangles(24, 25, 26, 0, 24, 26, 27, 0),
	gsSP2Triangles(28, 29, 30, 0, 28, 30, 31, 0),
	gsSPVertex(bob_dl_VISUAL_mesh_layer_1_vtx_7 + 190, 31, 0),
	gsSP2Triangles(0, 1, 2, 0, 0, 2, 3, 0),
	gsSP2Triangles(4, 5, 6, 0, 4, 6, 7, 0),
	gsSP2Triangles(8, 9, 10, 0, 8, 10, 11, 0),
	gsSP2Triangles(12, 13, 14, 0, 12, 14, 15, 0),
	gsSP2Triangles(15, 14, 16, 0, 15, 16, 17, 0),
	gsSP2Triangles(17, 16, 18, 0, 17, 18, 19, 0),
	gsSP2Triangles(20, 21, 22, 0, 20, 22, 23, 0),
	gsSP2Triangles(24, 25, 26, 0, 24, 26, 27, 0),
	gsSP2Triangles(4, 28, 29, 0, 4, 29, 30, 0),
	gsSPVertex(bob_dl_VISUAL_mesh_layer_1_vtx_7 + 221, 30, 0),
	gsSP2Triangles(0, 1, 2, 0, 0, 2, 3, 0),
	gsSP2Triangles(4, 5, 6, 0, 4, 6, 7, 0),
	gsSP2Triangles(8, 9, 10, 0, 8, 10, 11, 0),
	gsSP2Triangles(12, 13, 14, 0, 12, 14, 15, 0),
	gsSP2Triangles(16, 17, 14, 0, 16, 14, 18, 0),
	gsSP2Triangles(19, 20, 21, 0, 19, 21, 22, 0),
	gsSP2Triangles(23, 24, 18, 0, 23, 18, 25, 0),
	gsSP2Triangles(26, 27, 28, 0, 26, 28, 29, 0),
	gsSPVertex(bob_dl_VISUAL_mesh_layer_1_vtx_7 + 251, 32, 0),
	gsSP2Triangles(0, 1, 2, 0, 0, 2, 3, 0),
	gsSP2Triangles(4, 5, 6, 0, 4, 6, 7, 0),
	gsSP2Triangles(8, 9, 10, 0, 8, 10, 11, 0),
	gsSP2Triangles(12, 13, 14, 0, 12, 14, 15, 0),
	gsSP2Triangles(15, 14, 16, 0, 15, 16, 17, 0),
	gsSP2Triangles(17, 16, 18, 0, 17, 18, 19, 0),
	gsSP2Triangles(20, 21, 22, 0, 20, 22, 23, 0),
	gsSP2Triangles(24, 25, 26, 0, 24, 26, 27, 0),
	gsSP2Triangles(28, 29, 30, 0, 28, 30, 31, 0),
	gsSPVertex(bob_dl_VISUAL_mesh_layer_1_vtx_7 + 283, 32, 0),
	gsSP2Triangles(0, 1, 2, 0, 0, 2, 3, 0),
	gsSP2Triangles(4, 5, 6, 0, 4, 6, 7, 0),
	gsSP2Triangles(8, 9, 10, 0, 8, 10, 11, 0),
	gsSP2Triangles(12, 13, 14, 0, 12, 14, 15, 0),
	gsSP2Triangles(16, 17, 18, 0, 16, 18, 19, 0),
	gsSP2Triangles(20, 21, 22, 0, 20, 22, 23, 0),
	gsSP2Triangles(24, 25, 26, 0, 24, 26, 27, 0),
	gsSP2Triangles(28, 29, 30, 0, 28, 30, 31, 0),
	gsSPVertex(bob_dl_VISUAL_mesh_layer_1_vtx_7 + 315, 32, 0),
	gsSP2Triangles(0, 1, 2, 0, 0, 2, 3, 0),
	gsSP2Triangles(4, 5, 6, 0, 4, 6, 7, 0),
	gsSP2Triangles(8, 9, 10, 0, 8, 10, 11, 0),
	gsSP2Triangles(12, 13, 14, 0, 12, 14, 15, 0),
	gsSP2Triangles(16, 17, 18, 0, 16, 18, 19, 0),
	gsSP2Triangles(20, 21, 22, 0, 20, 22, 23, 0),
	gsSP2Triangles(24, 25, 26, 0, 24, 26, 27, 0),
	gsSP2Triangles(28, 29, 30, 0, 28, 30, 31, 0),
	gsSPVertex(bob_dl_VISUAL_mesh_layer_1_vtx_7 + 347, 32, 0),
	gsSP2Triangles(0, 1, 2, 0, 0, 2, 3, 0),
	gsSP2Triangles(4, 5, 6, 0, 4, 6, 7, 0),
	gsSP2Triangles(8, 9, 10, 0, 8, 10, 11, 0),
	gsSP2Triangles(12, 13, 14, 0, 12, 14, 15, 0),
	gsSP2Triangles(16, 17, 18, 0, 16, 18, 19, 0),
	gsSP2Triangles(20, 21, 22, 0, 20, 22, 23, 0),
	gsSP2Triangles(24, 25, 26, 0, 24, 26, 27, 0),
	gsSP2Triangles(28, 29, 30, 0, 28, 30, 31, 0),
	gsSPVertex(bob_dl_VISUAL_mesh_layer_1_vtx_7 + 379, 32, 0),
	gsSP2Triangles(0, 1, 2, 0, 0, 2, 3, 0),
	gsSP2Triangles(4, 5, 6, 0, 4, 6, 7, 0),
	gsSP2Triangles(8, 9, 10, 0, 8, 10, 11, 0),
	gsSP2Triangles(12, 13, 14, 0, 12, 14, 15, 0),
	gsSP2Triangles(16, 17, 18, 0, 16, 18, 19, 0),
	gsSP2Triangles(20, 21, 22, 0, 20, 22, 23, 0),
	gsSP2Triangles(24, 25, 26, 0, 24, 26, 27, 0),
	gsSP2Triangles(28, 29, 30, 0, 28, 30, 31, 0),
	gsSPVertex(bob_dl_VISUAL_mesh_layer_1_vtx_7 + 411, 32, 0),
	gsSP2Triangles(0, 1, 2, 0, 0, 2, 3, 0),
	gsSP2Triangles(4, 5, 6, 0, 4, 6, 7, 0),
	gsSP2Triangles(8, 9, 10, 0, 8, 10, 11, 0),
	gsSP2Triangles(12, 13, 14, 0, 12, 14, 15, 0),
	gsSP2Triangles(16, 17, 18, 0, 16, 18, 19, 0),
	gsSP2Triangles(20, 21, 22, 0, 20, 22, 23, 0),
	gsSP2Triangles(24, 25, 26, 0, 24, 26, 27, 0),
	gsSP2Triangles(28, 29, 30, 0, 28, 30, 31, 0),
	gsSPVertex(bob_dl_VISUAL_mesh_layer_1_vtx_7 + 443, 32, 0),
	gsSP2Triangles(0, 1, 2, 0, 0, 2, 3, 0),
	gsSP2Triangles(4, 5, 6, 0, 4, 6, 7, 0),
	gsSP2Triangles(8, 9, 10, 0, 8, 10, 11, 0),
	gsSP2Triangles(12, 13, 14, 0, 12, 14, 15, 0),
	gsSP2Triangles(16, 17, 18, 0, 16, 18, 19, 0),
	gsSP2Triangles(20, 21, 22, 0, 20, 22, 23, 0),
	gsSP2Triangles(24, 25, 26, 0, 24, 26, 27, 0),
	gsSP2Triangles(28, 29, 30, 0, 28, 30, 31, 0),
	gsSPVertex(bob_dl_VISUAL_mesh_layer_1_vtx_7 + 475, 32, 0),
	gsSP2Triangles(0, 1, 2, 0, 0, 2, 3, 0),
	gsSP2Triangles(4, 5, 6, 0, 4, 6, 7, 0),
	gsSP2Triangles(8, 9, 10, 0, 8, 10, 11, 0),
	gsSP2Triangles(12, 13, 14, 0, 12, 14, 15, 0),
	gsSP2Triangles(16, 17, 18, 0, 16, 18, 19, 0),
	gsSP2Triangles(20, 21, 22, 0, 20, 22, 23, 0),
	gsSP2Triangles(24, 25, 26, 0, 24, 26, 27, 0),
	gsSP2Triangles(28, 29, 30, 0, 28, 30, 31, 0),
	gsSPVertex(bob_dl_VISUAL_mesh_layer_1_vtx_7 + 507, 32, 0),
	gsSP2Triangles(0, 1, 2, 0, 0, 2, 3, 0),
	gsSP2Triangles(4, 5, 6, 0, 4, 6, 7, 0),
	gsSP2Triangles(8, 9, 10, 0, 8, 10, 11, 0),
	gsSP2Triangles(12, 13, 14, 0, 12, 14, 15, 0),
	gsSP2Triangles(16, 17, 18, 0, 16, 18, 19, 0),
	gsSP2Triangles(20, 21, 22, 0, 20, 22, 23, 0),
	gsSP2Triangles(24, 25, 26, 0, 24, 26, 27, 0),
	gsSP2Triangles(28, 29, 30, 0, 28, 30, 31, 0),
	gsSPVertex(bob_dl_VISUAL_mesh_layer_1_vtx_7 + 539, 32, 0),
	gsSP2Triangles(0, 1, 2, 0, 0, 2, 3, 0),
	gsSP2Triangles(4, 5, 6, 0, 4, 6, 7, 0),
	gsSP2Triangles(8, 9, 10, 0, 8, 10, 11, 0),
	gsSP2Triangles(12, 13, 14, 0, 12, 14, 15, 0),
	gsSP2Triangles(16, 17, 18, 0, 16, 18, 19, 0),
	gsSP2Triangles(20, 21, 22, 0, 23, 20, 22, 0),
	gsSP2Triangles(22, 24, 23, 0, 22, 25, 24, 0),
	gsSP2Triangles(26, 25, 22, 0, 26, 27, 25, 0),
	gsSP2Triangles(28, 27, 26, 0, 29, 28, 26, 0),
	gsSP2Triangles(29, 26, 30, 0, 30, 26, 31, 0),
	gsSPVertex(bob_dl_VISUAL_mesh_layer_1_vtx_7 + 571, 32, 0),
	gsSP2Triangles(0, 1, 2, 0, 3, 4, 0, 0),
	gsSP2Triangles(3, 0, 5, 0, 5, 0, 6, 0),
	gsSP2Triangles(5, 6, 7, 0, 5, 7, 8, 0),
	gsSP2Triangles(5, 8, 9, 0, 10, 5, 9, 0),
	gsSP2Triangles(10, 9, 11, 0, 12, 5, 10, 0),
	gsSP2Triangles(12, 3, 5, 0, 10, 13, 12, 0),
	gsSP2Triangles(13, 10, 14, 0, 14, 10, 15, 0),
	gsSP2Triangles(14, 15, 16, 0, 13, 14, 17, 0),
	gsSP2Triangles(13, 17, 18, 0, 13, 18, 19, 0),
	gsSP2Triangles(20, 21, 22, 0, 20, 23, 21, 0),
	gsSP2Triangles(23, 24, 21, 0, 23, 25, 24, 0),
	gsSP2Triangles(25, 26, 24, 0, 25, 13, 26, 0),
	gsSP2Triangles(13, 25, 12, 0, 27, 12, 25, 0),
	gsSP2Triangles(28, 29, 30, 0, 28, 30, 31, 0),
	gsSPVertex(bob_dl_VISUAL_mesh_layer_1_vtx_7 + 603, 32, 0),
	gsSP2Triangles(0, 1, 2, 0, 3, 1, 0, 0),
	gsSP2Triangles(3, 4, 1, 0, 5, 4, 3, 0),
	gsSP2Triangles(5, 6, 4, 0, 7, 6, 5, 0),
	gsSP2Triangles(7, 2, 6, 0, 0, 2, 7, 0),
	gsSP2Triangles(8, 9, 10, 0, 11, 9, 8, 0),
	gsSP2Triangles(11, 12, 9, 0, 13, 12, 11, 0),
	gsSP2Triangles(13, 14, 12, 0, 15, 14, 13, 0),
	gsSP2Triangles(15, 10, 14, 0, 8, 10, 15, 0),
	gsSP2Triangles(16, 17, 18, 0, 19, 17, 16, 0),
	gsSP2Triangles(19, 20, 17, 0, 21, 20, 19, 0),
	gsSP2Triangles(21, 22, 20, 0, 23, 22, 21, 0),
	gsSP2Triangles(23, 18, 22, 0, 16, 18, 23, 0),
	gsSP2Triangles(24, 25, 26, 0, 27, 25, 24, 0),
	gsSP2Triangles(27, 28, 25, 0, 29, 28, 27, 0),
	gsSP2Triangles(29, 30, 28, 0, 31, 30, 29, 0),
	gsSP2Triangles(31, 26, 30, 0, 24, 26, 31, 0),
	gsSPVertex(bob_dl_VISUAL_mesh_layer_1_vtx_7 + 635, 24, 0),
	gsSP2Triangles(0, 1, 2, 0, 3, 1, 0, 0),
	gsSP2Triangles(3, 4, 1, 0, 5, 4, 3, 0),
	gsSP2Triangles(5, 6, 4, 0, 7, 6, 5, 0),
	gsSP2Triangles(7, 2, 6, 0, 0, 2, 7, 0),
	gsSP2Triangles(8, 9, 10, 0, 11, 9, 8, 0),
	gsSP2Triangles(11, 12, 9, 0, 13, 12, 11, 0),
	gsSP2Triangles(13, 14, 12, 0, 15, 14, 13, 0),
	gsSP2Triangles(15, 10, 14, 0, 8, 10, 15, 0),
	gsSP2Triangles(16, 17, 18, 0, 19, 17, 16, 0),
	gsSP2Triangles(19, 20, 17, 0, 21, 20, 19, 0),
	gsSP2Triangles(21, 22, 20, 0, 23, 22, 21, 0),
	gsSP2Triangles(23, 18, 22, 0, 16, 18, 23, 0),
	gsSPEndDisplayList(),
};

Vtx bob_dl_VISUAL_mesh_layer_1_vtx_8[69] = {
	{{ {775, 1332, -10394}, 0, {285, 4743}, {85, 33, 39, 188} }},
	{{ {775, 1832, -10394}, 0, {1490, 4743}, {70, 26, 30, 255} }},
	{{ {775, 1832, -8894}, 0, {1490, 1128}, {70, 26, 30, 255} }},
	{{ {775, 1332, -8894}, 0, {285, 1128}, {85, 33, 39, 255} }},
	{{ {175, 1832, -8894}, 0, {1490, 165}, {70, 26, 30, 255} }},
	{{ {175, 1332, -8894}, 0, {285, 165}, {85, 33, 39, 255} }},
	{{ {175, 1832, -10394}, 0, {1490, -3449}, {70, 26, 30, 255} }},
	{{ {175, 1332, -10394}, 0, {285, -3449}, {85, 33, 39, 188} }},
	{{ {175, 832, -8894}, 0, {-920, 165}, {70, 26, 30, 255} }},
	{{ {175, 832, -10394}, 0, {-920, -3449}, {70, 26, 30, 0} }},
	{{ {775, 832, -8894}, 0, {-920, 1128}, {70, 26, 30, 255} }},
	{{ {775, 832, -10394}, 0, {-920, 4743}, {70, 26, 30, 0} }},
	{{ {175, 1332, -10394}, 0, {285, 5706}, {85, 33, 39, 188} }},
	{{ {175, 1832, -10394}, 0, {1490, 5706}, {70, 26, 30, 255} }},
	{{ {775, 1832, -10394}, 0, {1490, 4353}, {70, 26, 30, 255} }},
	{{ {775, 1332, -10394}, 0, {285, 4548}, {85, 33, 39, 188} }},
	{{ {175, 832, -10394}, 0, {-920, 5706}, {70, 26, 30, 0} }},
	{{ {775, 832, -10394}, 0, {-920, 4743}, {70, 26, 30, 0} }},
	{{ {-1525, 232, -474}, 0, {1161, 747}, {70, 26, 30, 255} }},
	{{ {-1463, 232, -474}, 0, {1161, 483}, {70, 26, 30, 255} }},
	{{ {-1463, 482, -474}, 0, {94, 483}, {85, 33, 39, 255} }},
	{{ {-1525, 482, -474}, 0, {94, 747}, {85, 33, 39, 255} }},
	{{ {-1525, 732, -474}, 0, {-973, 747}, {70, 26, 30, 255} }},
	{{ {-1463, 608, -474}, 0, {-442, 483}, {70, 26, 30, 255} }},
	{{ {-625, 732, -474}, 0, {-973, -3093}, {70, 26, 30, 255} }},
	{{ {-1126, 608, -474}, 0, {-442, -957}, {70, 26, 30, 255} }},
	{{ {-1126, 482, -474}, 0, {94, -957}, {85, 33, 39, 255} }},
	{{ {-625, 482, -474}, 0, {94, -3093}, {85, 33, 39, 255} }},
	{{ {-1075, 232, -474}, 0, {1161, -1173}, {70, 26, 30, 255} }},
	{{ {-1126, 232, -474}, 0, {1161, -957}, {70, 26, 30, 255} }},
	{{ {-625, 232, -474}, 0, {1161, -3093}, {70, 26, 30, 255} }},
	{{ {-625, 324, -745}, 0, {769, -4249}, {70, 26, 30, 255} }},
	{{ {-625, 324, -1104}, 0, {769, -5777}, {70, 26, 30, 255} }},
	{{ {-625, 324, -745}, 0, {769, -4249}, {70, 26, 30, 255} }},
	{{ {-625, 232, -474}, 0, {1161, -3093}, {70, 26, 30, 255} }},
	{{ {-625, 232, -1374}, 0, {1161, -6933}, {70, 26, 30, 255} }},
	{{ {-625, 482, -1104}, 0, {94, -5777}, {85, 33, 39, 255} }},
	{{ {-625, 482, -1374}, 0, {94, -6933}, {85, 33, 39, 255} }},
	{{ {-625, 640, -1104}, 0, {-581, -5777}, {70, 26, 30, 255} }},
	{{ {-625, 732, -1374}, 0, {-973, -6933}, {70, 26, 30, 255} }},
	{{ {-625, 640, -745}, 0, {-581, -4249}, {70, 26, 30, 255} }},
	{{ {-625, 732, -474}, 0, {-973, -3093}, {70, 26, 30, 255} }},
	{{ {-625, 482, -745}, 0, {94, -4249}, {85, 33, 39, 255} }},
	{{ {-625, 482, -474}, 0, {94, -3093}, {85, 33, 39, 255} }},
	{{ {-1245, 324, -1374}, 0, {769, 5780}, {70, 26, 30, 255} }},
	{{ {-905, 324, -1374}, 0, {769, 7233}, {70, 26, 30, 255} }},
	{{ {-625, 232, -1374}, 0, {1161, 8427}, {70, 26, 30, 255} }},
	{{ {-625, 482, -1374}, 0, {94, 8427}, {85, 33, 39, 255} }},
	{{ {-905, 482, -1374}, 0, {94, 7233}, {85, 33, 39, 255} }},
	{{ {-625, 732, -1374}, 0, {-973, 8427}, {70, 26, 30, 255} }},
	{{ {-905, 640, -1374}, 0, {-581, 7233}, {70, 26, 30, 255} }},
	{{ {-1525, 732, -1374}, 0, {-973, 4587}, {70, 26, 30, 255} }},
	{{ {-1245, 640, -1374}, 0, {-581, 5780}, {70, 26, 30, 255} }},
	{{ {-1525, 482, -1374}, 0, {94, 4587}, {85, 33, 39, 255} }},
	{{ {-1245, 482, -1374}, 0, {94, 5780}, {85, 33, 39, 255} }},
	{{ {-1525, 232, -1374}, 0, {1161, 4587}, {70, 26, 30, 255} }},
	{{ {-1525, 324, -1111}, 0, {769, 3462}, {70, 26, 30, 255} }},
	{{ {-1525, 482, -1111}, 0, {94, 3462}, {85, 33, 39, 255} }},
	{{ {-1525, 640, -1111}, 0, {-581, 3462}, {70, 26, 30, 255} }},
	{{ {-1525, 732, -474}, 0, {-973, 747}, {70, 26, 30, 255} }},
	{{ {-1525, 640, -738}, 0, {-581, 1871}, {70, 26, 30, 255} }},
	{{ {-1525, 482, -474}, 0, {94, 747}, {85, 33, 39, 255} }},
	{{ {-1525, 482, -738}, 0, {94, 1871}, {85, 33, 39, 255} }},
	{{ {-1525, 232, -474}, 0, {1161, 747}, {70, 26, 30, 255} }},
	{{ {-1525, 482, -738}, 0, {94, 1871}, {85, 33, 39, 255} }},
	{{ {-1525, 324, -738}, 0, {769, 1871}, {70, 26, 30, 255} }},
	{{ {-1525, 232, -474}, 0, {1161, 747}, {70, 26, 30, 255} }},
	{{ {-1525, 232, -1374}, 0, {1161, 4587}, {70, 26, 30, 255} }},
	{{ {-1525, 324, -1111}, 0, {769, 3462}, {70, 26, 30, 255} }},
};

Gfx bob_dl_VISUAL_mesh_layer_1_tri_8[] = {
	gsSPVertex(bob_dl_VISUAL_mesh_layer_1_vtx_8 + 0, 32, 0),
	gsSP2Triangles(0, 1, 2, 0, 0, 2, 3, 0),
	gsSP2Triangles(3, 2, 4, 0, 3, 4, 5, 0),
	gsSP2Triangles(5, 4, 6, 0, 5, 6, 7, 0),
	gsSP2Triangles(8, 5, 7, 0, 8, 7, 9, 0),
	gsSP2Triangles(10, 5, 8, 0, 10, 3, 5, 0),
	gsSP2Triangles(11, 3, 10, 0, 11, 0, 3, 0),
	gsSP2Triangles(12, 13, 14, 0, 12, 14, 15, 0),
	gsSP2Triangles(16, 12, 15, 0, 16, 15, 17, 0),
	gsSP2Triangles(18, 19, 20, 0, 18, 20, 21, 0),
	gsSP2Triangles(22, 21, 20, 0, 22, 20, 23, 0),
	gsSP2Triangles(24, 22, 23, 0, 24, 23, 25, 0),
	gsSP2Triangles(26, 24, 25, 0, 24, 26, 27, 0),
	gsSP2Triangles(27, 26, 28, 0, 28, 26, 29, 0),
	gsSP2Triangles(30, 27, 28, 0, 31, 27, 30, 0),
	gsSPVertex(bob_dl_VISUAL_mesh_layer_1_vtx_8 + 32, 32, 0),
	gsSP2Triangles(0, 1, 2, 0, 0, 2, 3, 0),
	gsSP2Triangles(4, 0, 3, 0, 4, 3, 5, 0),
	gsSP2Triangles(6, 4, 5, 0, 6, 5, 7, 0),
	gsSP2Triangles(8, 6, 7, 0, 8, 7, 9, 0),
	gsSP2Triangles(10, 8, 9, 0, 10, 9, 11, 0),
	gsSP2Triangles(1, 10, 11, 0, 12, 13, 14, 0),
	gsSP2Triangles(13, 15, 14, 0, 13, 16, 15, 0),
	gsSP2Triangles(16, 17, 15, 0, 16, 18, 17, 0),
	gsSP2Triangles(18, 19, 17, 0, 18, 20, 19, 0),
	gsSP2Triangles(20, 21, 19, 0, 20, 22, 21, 0),
	gsSP2Triangles(22, 23, 21, 0, 22, 12, 23, 0),
	gsSP2Triangles(12, 14, 23, 0, 24, 21, 23, 0),
	gsSP2Triangles(24, 25, 21, 0, 25, 19, 21, 0),
	gsSP2Triangles(25, 26, 19, 0, 26, 27, 19, 0),
	gsSP2Triangles(26, 28, 27, 0, 28, 29, 27, 0),
	gsSP2Triangles(28, 30, 29, 0, 30, 31, 29, 0),
	gsSPVertex(bob_dl_VISUAL_mesh_layer_1_vtx_8 + 64, 5, 0),
	gsSP2Triangles(0, 1, 2, 0, 1, 3, 2, 0),
	gsSP1Triangle(1, 4, 3, 0),
	gsSPEndDisplayList(),
};

Vtx bob_dl_VISUAL_mesh_layer_1_vtx_9[39] = {
	{{ {-163, 832, -4472}, 0, {8652, -6926}, {255, 255, 255, 255} }},
	{{ {-575, 832, -4738}, 0, {4381, -9686}, {255, 255, 255, 255} }},
	{{ {-796, 832, -4419}, 0, {2090, -6383}, {255, 255, 255, 255} }},
	{{ {-35, 832, -3513}, 0, {9971, 2999}, {255, 255, 255, 255} }},
	{{ {-796, 832, -4119}, 0, {2090, -3276}, {255, 255, 255, 255} }},
	{{ {-2470, 832, -4419}, 0, {-15241, -6383}, {255, 255, 255, 255} }},
	{{ {-2470, 832, -4119}, 0, {-15241, -3276}, {255, 255, 255, 255} }},
	{{ {250, 832, -4394}, 0, {12924, -6115}, {255, 255, 255, 255} }},
	{{ {-3004, 832, -4119}, 0, {278, -3310}, {255, 255, 255, 255} }},
	{{ {-3004, 832, -4419}, 0, {278, -6417}, {255, 255, 255, 255} }},
	{{ {-3604, 832, -4419}, 0, {-5935, -6417}, {255, 255, 255, 255} }},
	{{ {-3604, 832, -4119}, 0, {-5935, -3310}, {255, 255, 255, 0} }},
	{{ {-1525, 232, -474}, 0, {-1716, 392}, {255, 255, 255, 255} }},
	{{ {-1525, 232, -24}, 0, {-1716, 5052}, {255, 255, 255, 255} }},
	{{ {-1075, 232, -24}, 0, {2944, 5052}, {255, 255, 255, 255} }},
	{{ {-1126, 232, -474}, 0, {2419, 392}, {255, 255, 255, 255} }},
	{{ {-1075, 232, -474}, 0, {2944, 392}, {255, 255, 255, 255} }},
	{{ {-1463, 232, -474}, 0, {-1076, 392}, {255, 255, 255, 255} }},
	{{ {175, 1832, -8894}, 0, {586, -6372}, {255, 255, 255, 255} }},
	{{ {775, 1832, -8894}, 0, {6799, -6372}, {255, 255, 255, 255} }},
	{{ {775, 1832, -10394}, 0, {6799, -21905}, {255, 255, 255, 255} }},
	{{ {175, 1832, -10394}, 0, {586, -21905}, {255, 255, 255, 255} }},
	{{ {-988, 882, -1011}, 0, {1919, 9}, {255, 255, 255, 255} }},
	{{ {-838, 882, -687}, 0, {3472, 3364}, {255, 255, 255, 255} }},
	{{ {-838, 882, -1161}, 0, {3472, -1545}, {255, 255, 255, 255} }},
	{{ {-988, 882, -837}, 0, {1919, 1811}, {255, 255, 255, 255} }},
	{{ {-988, 862, -1011}, 0, {1919, 9}, {255, 255, 255, 255} }},
	{{ {-1162, 862, -1011}, 0, {117, 9}, {255, 255, 255, 255} }},
	{{ {-1162, 882, -1011}, 0, {117, 9}, {255, 255, 255, 255} }},
	{{ {-1312, 882, -1161}, 0, {-1436, -1545}, {255, 255, 255, 255} }},
	{{ {-1162, 882, -837}, 0, {117, 1811}, {255, 255, 255, 255} }},
	{{ {-1312, 882, -687}, 0, {-1436, 3364}, {255, 255, 255, 255} }},
	{{ {-1162, 882, -837}, 0, {117, 1811}, {255, 255, 255, 255} }},
	{{ {-988, 882, -837}, 0, {1919, 1811}, {255, 255, 255, 255} }},
	{{ {-988, 862, -837}, 0, {1919, 1811}, {255, 255, 255, 255} }},
	{{ {-988, 862, -1011}, 0, {1919, 9}, {255, 255, 255, 255} }},
	{{ {-1162, 862, -1011}, 0, {117, 9}, {255, 255, 255, 255} }},
	{{ {-1162, 862, -837}, 0, {117, 1811}, {255, 255, 255, 255} }},
	{{ {-1162, 882, -1011}, 0, {117, 9}, {255, 255, 255, 255} }},
};

Gfx bob_dl_VISUAL_mesh_layer_1_tri_9[] = {
	gsSPVertex(bob_dl_VISUAL_mesh_layer_1_vtx_9 + 0, 32, 0),
	gsSP2Triangles(0, 1, 2, 0, 2, 3, 0, 0),
	gsSP2Triangles(2, 4, 3, 0, 4, 2, 5, 0),
	gsSP2Triangles(4, 5, 6, 0, 3, 7, 0, 0),
	gsSP2Triangles(8, 9, 10, 0, 8, 10, 11, 0),
	gsSP2Triangles(12, 13, 14, 0, 14, 15, 12, 0),
	gsSP2Triangles(14, 16, 15, 0, 15, 17, 12, 0),
	gsSP2Triangles(18, 19, 20, 0, 18, 20, 21, 0),
	gsSP2Triangles(22, 23, 24, 0, 22, 25, 23, 0),
	gsSP2Triangles(25, 22, 26, 0, 22, 27, 26, 0),
	gsSP2Triangles(22, 28, 27, 0, 28, 22, 24, 0),
	gsSP2Triangles(28, 24, 29, 0, 30, 28, 29, 0),
	gsSP2Triangles(30, 29, 31, 0, 25, 30, 31, 0),
	gsSP1Triangle(25, 31, 23, 0),
	gsSPVertex(bob_dl_VISUAL_mesh_layer_1_vtx_9 + 32, 7, 0),
	gsSP2Triangles(0, 1, 2, 0, 1, 3, 2, 0),
	gsSP2Triangles(2, 3, 4, 0, 2, 4, 5, 0),
	gsSP2Triangles(6, 5, 4, 0, 6, 0, 5, 0),
	gsSP1Triangle(0, 2, 5, 0),
	gsSPEndDisplayList(),
};

Vtx bob_dl_VISUAL_mesh_layer_1_vtx_10[83] = {
	{{ {-185, 82, 197}, 0, {7626, 7697}, {255, 255, 255, 0} }},
	{{ {265, 82, 197}, 0, {8872, 7697}, {255, 255, 255, 0} }},
	{{ {265, 82, -1603}, 0, {8872, 2715}, {255, 255, 255, 255} }},
	{{ {-185, 82, 852}, 0, {7626, 9511}, {255, 255, 255, 255} }},
	{{ {265, 82, 852}, 0, {8872, 9511}, {255, 255, 255, 255} }},
	{{ {-185, 82, 1245}, 0, {7626, 10599}, {255, 255, 255, 255} }},
	{{ {265, 82, 1245}, 0, {8872, 10599}, {255, 255, 255, 255} }},
	{{ {-185, 82, -1603}, 0, {7626, 2715}, {255, 255, 255, 255} }},
	{{ {-35, 82, -2203}, 0, {8042, 1054}, {255, 255, 255, 255} }},
	{{ {-319, 82, -1870}, 0, {7258, 1978}, {255, 255, 255, 255} }},
	{{ {-796, 82, -2522}, 0, {5935, 173}, {255, 255, 255, 255} }},
	{{ {-802, 82, -2072}, 0, {5919, 1417}, {255, 255, 255, 255} }},
	{{ {-1171, 134, -2522}, 0, {4897, 173}, {255, 255, 255, 255} }},
	{{ {-1177, 134, -2072}, 0, {4881, 1417}, {255, 255, 255, 255} }},
	{{ {-1546, 248, -2522}, 0, {3860, 173}, {255, 255, 255, 255} }},
	{{ {-1552, 248, -2072}, 0, {3843, 1417}, {255, 255, 255, 255} }},
	{{ {-1921, 411, -2522}, 0, {2822, 173}, {255, 255, 255, 255} }},
	{{ {-1927, 411, -2072}, 0, {2805, 1417}, {255, 255, 255, 255} }},
	{{ {-2296, 457, -2522}, 0, {1784, 173}, {255, 255, 255, 255} }},
	{{ {-2302, 457, -2072}, 0, {1767, 1417}, {255, 255, 255, 255} }},
	{{ {-2659, 457, -2194}, 0, {781, 1080}, {255, 255, 255, 255} }},
	{{ {-2470, 457, -2820}, 0, {1303, -652}, {255, 255, 255, 255} }},
	{{ {-3004, 457, -2820}, 0, {-174, -652}, {255, 255, 255, 255} }},
	{{ {-2470, 545, -3195}, 0, {1303, -1690}, {255, 255, 255, 255} }},
	{{ {-3004, 545, -3195}, 0, {-174, -1690}, {255, 255, 255, 255} }},
	{{ {-2470, 757, -3570}, 0, {1303, -2727}, {255, 255, 255, 255} }},
	{{ {-3004, 757, -3570}, 0, {-174, -2727}, {255, 255, 255, 255} }},
	{{ {-2470, 832, -3891}, 0, {1303, -3616}, {255, 255, 255, 255} }},
	{{ {-3004, 832, -3891}, 0, {-174, -3616}, {255, 255, 255, 255} }},
	{{ {-3004, 832, -4119}, 0, {-174, -4249}, {255, 255, 255, 255} }},
	{{ {-2470, 832, -4119}, 0, {1303, -4249}, {255, 255, 255, 255} }},
	{{ {-3004, 832, -4419}, 0, {-174, -5079}, {255, 255, 255, 255} }},
	{{ {-2470, 832, -4119}, 0, {1303, -4249}, {255, 255, 255, 255} }},
	{{ {-2470, 832, -4419}, 0, {1303, -5079}, {255, 255, 255, 255} }},
	{{ {-3004, 832, -4419}, 0, {-174, -5079}, {255, 255, 255, 255} }},
	{{ {-2800, 832, -4938}, 0, {390, -6513}, {255, 255, 255, 255} }},
	{{ {-3121, 832, -4604}, 0, {-499, -5590}, {255, 255, 255, 255} }},
	{{ {-3389, 832, -5161}, 0, {-1239, -7133}, {255, 255, 255, 255} }},
	{{ {-3389, 832, -4707}, 0, {-1239, -5875}, {255, 255, 255, 255} }},
	{{ {-4389, 832, -5161}, 0, {-4007, -7133}, {255, 255, 255, 255} }},
	{{ {-4389, 832, -4707}, 0, {-4007, -5875}, {255, 255, 255, 255} }},
	{{ {-4889, 932, -5161}, 0, {-5391, -7133}, {255, 255, 255, 255} }},
	{{ {-4889, 932, -4707}, 0, {-5391, -5875}, {255, 255, 255, 255} }},
	{{ {-5286, 932, -4894}, 0, {-6491, -6394}, {255, 255, 255, 255} }},
	{{ {-4944, 932, -5315}, 0, {-5544, -7557}, {255, 255, 255, 255} }},
	{{ {-5434, 932, -5315}, 0, {-6900, -7557}, {255, 255, 255, 255} }},
	{{ {-4944, 1132, -5815}, 0, {-5544, -8941}, {255, 255, 255, 255} }},
	{{ {-5434, 1132, -5815}, 0, {-6900, -8941}, {255, 255, 255, 255} }},
	{{ {-4944, 1232, -6315}, 0, {-5544, -10325}, {255, 255, 255, 255} }},
	{{ {-5434, 1232, -6315}, 0, {-6900, -10325}, {255, 255, 255, 255} }},
	{{ {-5026, 1232, -6565}, 0, {-5769, -11017}, {255, 255, 255, 255} }},
	{{ {-5241, 1232, -6798}, 0, {-6367, -11661}, {255, 255, 255, 255} }},
	{{ {-5434, 1232, -6859}, 0, {-6900, -11832}, {255, 255, 255, 255} }},
	{{ {-6434, 1232, -6859}, 0, {-9668, -11832}, {255, 255, 255, 255} }},
	{{ {-6434, 1232, -6315}, 0, {-9668, -10325}, {255, 255, 255, 255} }},
	{{ {-6544, 1232, -6892}, 0, {-9971, -11922}, {255, 255, 255, 255} }},
	{{ {-6831, 1232, -6425}, 0, {-10768, -10630}, {255, 255, 255, 255} }},
	{{ {-6594, 1232, -6973}, 0, {-10110, -12146}, {255, 255, 255, 255} }},
	{{ {-7018, 1232, -6736}, 0, {-11284, -11492}, {255, 255, 255, 255} }},
	{{ {-6594, 1232, -7340}, 0, {-10110, -13163}, {255, 255, 255, 255} }},
	{{ {-7018, 1232, -7340}, 0, {-11284, -13163}, {255, 255, 255, 255} }},
	{{ {-6594, 1432, -7840}, 0, {-10110, -14547}, {255, 255, 255, 255} }},
	{{ {-7018, 1432, -7840}, 0, {-11284, -14547}, {255, 255, 255, 255} }},
	{{ {-6594, 1532, -8340}, 0, {-10110, -15931}, {255, 255, 255, 255} }},
	{{ {-7018, 1432, -7840}, 0, {-11284, -14547}, {255, 255, 255, 255} }},
	{{ {-6594, 1532, -8340}, 0, {-10110, -15931}, {255, 255, 255, 255} }},
	{{ {-7018, 1532, -8340}, 0, {-11284, -15931}, {255, 255, 255, 255} }},
	{{ {-6547, 1532, -8446}, 0, {-9982, -16224}, {255, 255, 255, 255} }},
	{{ {-6853, 1532, -8717}, 0, {-10828, -16974}, {255, 255, 255, 255} }},
	{{ {-6417, 1532, -8499}, 0, {-9621, -16370}, {255, 255, 255, 255} }},
	{{ {-6417, 1532, -8901}, 0, {-9621, -17483}, {255, 255, 255, 255} }},
	{{ {-5917, 1532, -8499}, 0, {-8237, -16370}, {255, 255, 255, 255} }},
	{{ {-5917, 1532, -8901}, 0, {-8237, -17483}, {255, 255, 255, 255} }},
	{{ {-5542, 1532, -8629}, 0, {-7199, -16731}, {255, 255, 255, 255} }},
	{{ {-5781, 1532, -8949}, 0, {-7859, -17615}, {255, 255, 255, 255} }},
	{{ {-5357, 1532, -9073}, 0, {-6687, -17957}, {255, 255, 255, 255} }},
	{{ {-5725, 1532, -9073}, 0, {-7704, -17960}, {255, 255, 255, 255} }},
	{{ {-5357, 1532, -10393}, 0, {-6687, -21613}, {255, 255, 255, 0} }},
	{{ {-5725, 1532, -10394}, 0, {-7704, -21615}, {255, 255, 255, 0} }},
	{{ {-5357, 1532, -11076}, 0, {-6687, -23504}, {255, 255, 255, 255} }},
	{{ {-5725, 1532, -11077}, 0, {-7704, -23507}, {255, 255, 255, 255} }},
	{{ {-5357, 1532, -11486}, 0, {-6687, -24639}, {255, 255, 255, 255} }},
	{{ {-5725, 1532, -11488}, 0, {-7704, -24641}, {255, 255, 255, 255} }},
};

Gfx bob_dl_VISUAL_mesh_layer_1_tri_10[] = {
	gsSPVertex(bob_dl_VISUAL_mesh_layer_1_vtx_10 + 0, 32, 0),
	gsSP2Triangles(0, 1, 2, 0, 1, 0, 3, 0),
	gsSP2Triangles(1, 3, 4, 0, 4, 3, 5, 0),
	gsSP2Triangles(4, 5, 6, 0, 0, 2, 7, 0),
	gsSP2Triangles(7, 2, 8, 0, 7, 8, 9, 0),
	gsSP2Triangles(9, 8, 10, 0, 9, 10, 11, 0),
	gsSP2Triangles(11, 10, 12, 0, 11, 12, 13, 0),
	gsSP2Triangles(13, 12, 14, 0, 13, 14, 15, 0),
	gsSP2Triangles(15, 14, 16, 0, 15, 16, 17, 0),
	gsSP2Triangles(17, 16, 18, 0, 17, 18, 19, 0),
	gsSP2Triangles(19, 18, 20, 0, 20, 18, 21, 0),
	gsSP2Triangles(20, 21, 22, 0, 22, 21, 23, 0),
	gsSP2Triangles(22, 23, 24, 0, 24, 23, 25, 0),
	gsSP2Triangles(24, 25, 26, 0, 26, 25, 27, 0),
	gsSP2Triangles(26, 27, 28, 0, 29, 28, 27, 0),
	gsSP2Triangles(29, 27, 30, 0, 30, 31, 29, 0),
	gsSPVertex(bob_dl_VISUAL_mesh_layer_1_vtx_10 + 32, 32, 0),
	gsSP2Triangles(0, 1, 2, 0, 2, 1, 3, 0),
	gsSP2Triangles(2, 3, 4, 0, 4, 3, 5, 0),
	gsSP2Triangles(4, 5, 6, 0, 6, 5, 7, 0),
	gsSP2Triangles(6, 7, 8, 0, 8, 7, 9, 0),
	gsSP2Triangles(8, 9, 10, 0, 10, 9, 11, 0),
	gsSP2Triangles(11, 9, 12, 0, 11, 12, 13, 0),
	gsSP2Triangles(13, 12, 14, 0, 13, 14, 15, 0),
	gsSP2Triangles(15, 14, 16, 0, 15, 16, 17, 0),
	gsSP2Triangles(17, 16, 18, 0, 17, 18, 19, 0),
	gsSP2Triangles(17, 19, 20, 0, 17, 20, 21, 0),
	gsSP2Triangles(17, 21, 22, 0, 22, 21, 23, 0),
	gsSP2Triangles(22, 23, 24, 0, 24, 23, 25, 0),
	gsSP2Triangles(24, 25, 26, 0, 26, 25, 27, 0),
	gsSP2Triangles(26, 27, 28, 0, 28, 27, 29, 0),
	gsSP2Triangles(28, 29, 30, 0, 30, 29, 31, 0),
	gsSPVertex(bob_dl_VISUAL_mesh_layer_1_vtx_10 + 64, 19, 0),
	gsSP2Triangles(0, 1, 2, 0, 2, 1, 3, 0),
	gsSP2Triangles(2, 3, 4, 0, 4, 3, 5, 0),
	gsSP2Triangles(4, 5, 6, 0, 6, 5, 7, 0),
	gsSP2Triangles(6, 7, 8, 0, 8, 7, 9, 0),
	gsSP2Triangles(8, 9, 10, 0, 10, 9, 11, 0),
	gsSP2Triangles(10, 11, 12, 0, 12, 11, 13, 0),
	gsSP2Triangles(12, 13, 14, 0, 14, 13, 15, 0),
	gsSP2Triangles(14, 15, 16, 0, 16, 15, 17, 0),
	gsSP1Triangle(16, 17, 18, 0),
	gsSPEndDisplayList(),
};

Vtx bob_dl_VISUAL_mesh_layer_1_vtx_11[18] = {
	{{ {-905, 482, -1374}, 0, {-16, 1008}, {0, 0, 129, 255} }},
	{{ {-905, 324, -1374}, 0, {-16, 2032}, {0, 0, 129, 255} }},
	{{ {-1245, 324, -1374}, 0, {2032, 2032}, {0, 0, 129, 255} }},
	{{ {-1245, 482, -1374}, 0, {2032, 1008}, {0, 0, 129, 255} }},
	{{ {-905, 640, -1374}, 0, {-16, -16}, {0, 0, 129, 255} }},
	{{ {-1245, 640, -1374}, 0, {2032, -16}, {0, 0, 129, 255} }},
	{{ {-1525, 482, -1111}, 0, {-16, 1008}, {129, 0, 0, 255} }},
	{{ {-1525, 324, -1111}, 0, {-16, 2032}, {129, 0, 0, 255} }},
	{{ {-1525, 324, -738}, 0, {2032, 2032}, {129, 0, 0, 255} }},
	{{ {-1525, 482, -738}, 0, {2032, 1008}, {129, 0, 0, 255} }},
	{{ {-1525, 640, -1111}, 0, {-16, -16}, {129, 0, 0, 255} }},
	{{ {-1525, 640, -738}, 0, {2032, -16}, {129, 0, 0, 255} }},
	{{ {-625, 482, -745}, 0, {-16, 1008}, {127, 0, 0, 255} }},
	{{ {-625, 640, -1104}, 0, {2032, -16}, {127, 0, 0, 255} }},
	{{ {-625, 640, -745}, 0, {-16, -16}, {127, 0, 0, 255} }},
	{{ {-625, 482, -1104}, 0, {2032, 1008}, {127, 0, 0, 255} }},
	{{ {-625, 324, -745}, 0, {-16, 2032}, {127, 0, 0, 255} }},
	{{ {-625, 324, -1104}, 0, {2032, 2032}, {127, 0, 0, 255} }},
};

Gfx bob_dl_VISUAL_mesh_layer_1_tri_11[] = {
	gsSPVertex(bob_dl_VISUAL_mesh_layer_1_vtx_11 + 0, 18, 0),
	gsSP2Triangles(0, 1, 2, 0, 0, 2, 3, 0),
	gsSP2Triangles(4, 0, 3, 0, 4, 3, 5, 0),
	gsSP2Triangles(6, 7, 8, 0, 6, 8, 9, 0),
	gsSP2Triangles(10, 6, 9, 0, 10, 9, 11, 0),
	gsSP2Triangles(12, 13, 14, 0, 12, 15, 13, 0),
	gsSP2Triangles(16, 15, 12, 0, 16, 17, 15, 0),
	gsSPEndDisplayList(),
};

Vtx bob_dl_VISUAL_mesh_layer_1_vtx_12[6] = {
	{{ {-1463, 232, -474}, 0, {-16, 2032}, {0, 0, 127, 255} }},
	{{ {-1126, 232, -474}, 0, {1008, 2032}, {0, 0, 127, 255} }},
	{{ {-1126, 482, -474}, 0, {1008, 669}, {0, 0, 127, 255} }},
	{{ {-1463, 482, -474}, 0, {-16, 669}, {0, 0, 127, 255} }},
	{{ {-1126, 608, -474}, 0, {1008, -16}, {0, 0, 127, 255} }},
	{{ {-1463, 608, -474}, 0, {-16, -16}, {0, 0, 127, 255} }},
};

Gfx bob_dl_VISUAL_mesh_layer_1_tri_12[] = {
	gsSPVertex(bob_dl_VISUAL_mesh_layer_1_vtx_12 + 0, 6, 0),
	gsSP2Triangles(0, 1, 2, 0, 0, 2, 3, 0),
	gsSP2Triangles(4, 3, 2, 0, 4, 5, 3, 0),
	gsSPEndDisplayList(),
};

Vtx bob_dl_VISUAL_mesh_layer_1_vtx_13[16] = {
	{{ {-1525, 732, -474}, 0, {-3344, 1768}, {0, 104, 73, 255} }},
	{{ {-625, 732, -474}, 0, {4336, 1766}, {0, 104, 73, 255} }},
	{{ {-838, 882, -687}, 0, {2518, -764}, {0, 104, 73, 255} }},
	{{ {-1312, 882, -687}, 0, {-1526, -764}, {0, 104, 73, 255} }},
	{{ {-625, 732, -1374}, 0, {-3344, 1768}, {0, 104, 183, 255} }},
	{{ {-1525, 732, -1374}, 0, {4336, 1766}, {0, 104, 183, 255} }},
	{{ {-1312, 882, -1161}, 0, {2518, -764}, {0, 104, 183, 255} }},
	{{ {-838, 882, -1161}, 0, {-1526, -764}, {0, 104, 183, 255} }},
	{{ {-1525, 732, -1374}, 0, {-3344, 1766}, {183, 104, 0, 255} }},
	{{ {-1525, 732, -474}, 0, {4336, 1766}, {183, 104, 0, 255} }},
	{{ {-1312, 882, -687}, 0, {2518, -764}, {183, 104, 0, 255} }},
	{{ {-1312, 882, -1161}, 0, {-1526, -764}, {183, 104, 0, 255} }},
	{{ {-625, 732, -474}, 0, {4336, 1768}, {73, 104, 0, 255} }},
	{{ {-625, 732, -1374}, 0, {-3344, 1766}, {73, 104, 0, 255} }},
	{{ {-838, 882, -1161}, 0, {-1526, -764}, {73, 104, 0, 255} }},
	{{ {-838, 882, -687}, 0, {2518, -764}, {73, 104, 0, 255} }},
};

Gfx bob_dl_VISUAL_mesh_layer_1_tri_13[] = {
	gsSPVertex(bob_dl_VISUAL_mesh_layer_1_vtx_13 + 0, 16, 0),
	gsSP2Triangles(0, 1, 2, 0, 0, 2, 3, 0),
	gsSP2Triangles(4, 5, 6, 0, 4, 6, 7, 0),
	gsSP2Triangles(8, 9, 10, 0, 8, 10, 11, 0),
	gsSP2Triangles(12, 13, 14, 0, 12, 14, 15, 0),
	gsSPEndDisplayList(),
};

Vtx bob_dl_VISUAL_mesh_layer_1_vtx_14[4] = {
	{{ {-625, 82, -24}, 0, {-16, 2976}, {40, 120, 0, 255} }},
	{{ {-625, 82, -474}, 0, {2032, 2976}, {40, 120, 0, 255} }},
	{{ {-1075, 232, -474}, 0, {2032, -1120}, {40, 120, 0, 255} }},
	{{ {-1075, 232, -24}, 0, {-16, -1120}, {40, 120, 0, 255} }},
};

Gfx bob_dl_VISUAL_mesh_layer_1_tri_14[] = {
	gsSPVertex(bob_dl_VISUAL_mesh_layer_1_vtx_14 + 0, 4, 0),
	gsSP2Triangles(0, 1, 2, 0, 0, 2, 3, 0),
	gsSPEndDisplayList(),
};

Vtx bob_dl_VISUAL_mesh_layer_1_vtx_15[213] = {
	{{ {3265, 82, -4521}, 0, {-6281, -1285}, {127, 92, 91, 0} }},
	{{ {3265, -118, -5501}, 0, {-9415, -645}, {127, 92, 91, 255} }},
	{{ {3265, -118, -4521}, 0, {-6281, -645}, {127, 92, 91, 255} }},
	{{ {3265, 82, -5501}, 0, {-9415, -1285}, {127, 92, 91, 0} }},
	{{ {3265, 348, -7349}, 0, {-15329, -2137}, {127, 92, 91, 0} }},
	{{ {3265, -118, -7349}, 0, {-15329, -645}, {127, 92, 91, 255} }},
	{{ {3265, 832, -8894}, 0, {-20271, -3685}, {255, 184, 181, 0} }},
	{{ {3265, -118, -8894}, 0, {-20271, -645}, {127, 92, 91, 255} }},
	{{ {3265, -268, -8894}, 0, {-20271, -165}, {127, 92, 91, 255} }},
	{{ {3265, -268, -7349}, 0, {-15329, -165}, {127, 92, 91, 255} }},
	{{ {3265, -772, -8894}, 0, {-20271, 1447}, {127, 92, 91, 255} }},
	{{ {3265, -772, -7349}, 0, {-15329, 1447}, {127, 92, 91, 255} }},
	{{ {3265, -772, -5501}, 0, {-9415, 1447}, {127, 92, 91, 255} }},
	{{ {3265, -268, -5501}, 0, {-9415, -165}, {127, 92, 91, 255} }},
	{{ {2723, -268, -4827}, 0, {-6649, -165}, {127, 92, 91, 255} }},
	{{ {3265, -972, -5501}, 0, {-9415, 2087}, {127, 92, 91, 255} }},
	{{ {2666, -972, -5491}, 0, {-11329, 2087}, {127, 92, 91, 255} }},
	{{ {2666, -772, -5491}, 0, {-11329, 1447}, {127, 92, 91, 255} }},
	{{ {2213, -772, -5305}, 0, {-12897, 1447}, {127, 92, 91, 255} }},
	{{ {2213, -972, -5305}, 0, {-12897, 2087}, {127, 92, 91, 255} }},
	{{ {2723, -972, -4827}, 0, {-6649, 2087}, {127, 92, 91, 255} }},
	{{ {2105, -268, -4521}, 0, {-4443, -165}, {127, 92, 91, 255} }},
	{{ {2105, -972, -4521}, 0, {-4443, 2087}, {127, 92, 91, 255} }},
	{{ {1847, -972, -4394}, 0, {-3522, 2087}, {127, 92, 91, 255} }},
	{{ {1847, -772, -4394}, 0, {-3522, 1447}, {127, 92, 91, 255} }},
	{{ {1958, -972, -4937}, 0, {-1748, 2087}, {127, 92, 91, 255} }},
	{{ {1958, -772, -4937}, 0, {-1748, 1447}, {127, 92, 91, 255} }},
	{{ {2213, -972, -5305}, 0, {-314, 2087}, {127, 92, 91, 255} }},
	{{ {2213, -772, -5305}, 0, {-314, 1447}, {127, 92, 91, 255} }},
	{{ {1847, -268, -4394}, 0, {-3522, -165}, {127, 92, 91, 255} }},
	{{ {250, -772, -4394}, 0, {1589, 1447}, {127, 92, 91, 255} }},
	{{ {250, -268, -4394}, 0, {1589, -165}, {127, 92, 91, 255} }},
	{{ {-163, -772, -4472}, 0, {2933, 1447}, {127, 92, 91, 255} }},
	{{ {250, -268, -4394}, 0, {1589, -165}, {127, 92, 91, 255} }},
	{{ {250, -772, -4394}, 0, {1589, 1447}, {127, 92, 91, 255} }},
	{{ {-163, -268, -4472}, 0, {2933, -165}, {127, 92, 91, 255} }},
	{{ {-575, -772, -4738}, 0, {4504, 1447}, {127, 92, 91, 255} }},
	{{ {-575, -268, -4738}, 0, {4504, -165}, {127, 92, 91, 255} }},
	{{ {-575, -772, -8273}, 0, {15813, 1447}, {127, 92, 91, 255} }},
	{{ {-575, -268, -8273}, 0, {15813, -165}, {127, 92, 91, 255} }},
	{{ {-285, -772, -8644}, 0, {17322, 1447}, {127, 92, 91, 255} }},
	{{ {-285, -268, -8644}, 0, {17322, -165}, {127, 92, 91, 255} }},
	{{ {175, -772, -8894}, 0, {18995, 1447}, {127, 92, 91, 255} }},
	{{ {175, -268, -8894}, 0, {18995, -165}, {127, 92, 91, 255} }},
	{{ {1416, -772, -8894}, 0, {22968, 1447}, {127, 92, 91, 255} }},
	{{ {1416, -268, -8894}, 0, {22968, -165}, {127, 92, 91, 255} }},
	{{ {2007, -772, -8894}, 0, {24857, 1447}, {127, 92, 91, 255} }},
	{{ {2007, -401, -8894}, 0, {24857, 260}, {127, 92, 91, 255} }},
	{{ {2007, -401, -9344}, 0, {26297, 260}, {127, 92, 91, 255} }},
	{{ {2007, -772, -9344}, 0, {26297, 1447}, {127, 92, 91, 255} }},
	{{ {-285, -118, -8644}, 0, {17322, -645}, {127, 92, 91, 255} }},
	{{ {-575, -118, -8273}, 0, {15813, -645}, {127, 92, 91, 255} }},
	{{ {-575, 832, -8273}, 0, {15813, -3685}, {254, 184, 181, 255} }},
	{{ {-285, 832, -8644}, 0, {17322, -3685}, {255, 184, 181, 255} }},
	{{ {175, -118, -8894}, 0, {18995, -645}, {127, 92, 91, 255} }},
	{{ {1416, -268, -8894}, 0, {22968, -165}, {127, 92, 91, 255} }},
	{{ {1416, -118, -8894}, 0, {22968, -645}, {127, 92, 91, 255} }},
	{{ {3265, -118, -8894}, 0, {28881, -645}, {127, 92, 91, 255} }},
	{{ {3265, -268, -8894}, 0, {28881, -165}, {127, 92, 91, 255} }},
	{{ {3265, 832, -8894}, 0, {28881, -3685}, {255, 184, 181, 0} }},
	{{ {1416, 832, -8894}, 0, {22968, -3685}, {255, 184, 181, 255} }},
	{{ {1225, 832, -8894}, 0, {22354, -3685}, {255, 184, 181, 255} }},
	{{ {1225, 532, -8894}, 0, {22354, -2725}, {166, 119, 118, 255} }},
	{{ {925, 532, -8894}, 0, {21394, -2725}, {127, 92, 91, 255} }},
	{{ {925, 832, -8894}, 0, {21394, -3685}, {255, 184, 181, 255} }},
	{{ {175, -118, -8894}, 0, {18995, -645}, {127, 92, 91, 255} }},
	{{ {925, 532, -8894}, 0, {21394, -2725}, {127, 92, 91, 255} }},
	{{ {175, 832, -8894}, 0, {18995, -3685}, {255, 184, 181, 255} }},
	{{ {-285, 832, -8644}, 0, {17322, -3685}, {255, 184, 181, 255} }},
	{{ {-2296, 457, -2522}, 0, {-15101, -2485}, {255, 184, 181, 255} }},
	{{ {-1921, 411, -2522}, 0, {-16301, -2337}, {255, 184, 181, 255} }},
	{{ {-1546, 248, -2522}, 0, {-17501, -1817}, {255, 184, 181, 255} }},
	{{ {-1171, 134, -2522}, 0, {-18701, -1453}, {251, 181, 179, 255} }},
	{{ {-2296, 82, -2522}, 0, {-15101, -1285}, {127, 92, 91, 255} }},
	{{ {-796, 82, -2522}, 0, {-19900, -1285}, {127, 92, 91, 255} }},
	{{ {-2470, 82, -2820}, 0, {-13998, -1285}, {127, 92, 91, 255} }},
	{{ {-2470, 457, -2820}, 0, {-13998, -2485}, {255, 184, 181, 255} }},
	{{ {-2470, 545, -3195}, 0, {-12798, -2765}, {252, 182, 179, 255} }},
	{{ {-2470, 832, -3891}, 0, {-10571, -3685}, {219, 158, 156, 255} }},
	{{ {-2470, 82, -4119}, 0, {-9839, -1285}, {127, 92, 91, 255} }},
	{{ {-2470, 832, -4119}, 0, {-9839, -3685}, {255, 184, 181, 255} }},
	{{ {-796, 82, -4119}, 0, {-4484, -1285}, {127, 92, 91, 255} }},
	{{ {-796, 832, -4119}, 0, {-4484, -3685}, {255, 184, 181, 255} }},
	{{ {-35, 82, -3513}, 0, {-1371, -1285}, {127, 92, 91, 255} }},
	{{ {-35, 832, -3513}, 0, {-1371, -3685}, {255, 184, 181, 255} }},
	{{ {250, 832, -4394}, 0, {1589, -3685}, {255, 184, 181, 255} }},
	{{ {250, 82, -4394}, 0, {1589, -1285}, {127, 92, 91, 255} }},
	{{ {-163, 832, -4472}, 0, {2933, -3685}, {255, 184, 181, 255} }},
	{{ {-163, -118, -4472}, 0, {2933, -645}, {127, 92, 91, 255} }},
	{{ {250, -118, -4394}, 0, {1589, -645}, {127, 92, 91, 255} }},
	{{ {1075, 82, -4394}, 0, {-1051, -1285}, {127, 92, 91, 255} }},
	{{ {1375, 82, -4394}, 0, {-2011, -1285}, {127, 92, 91, 255} }},
	{{ {1847, -118, -4394}, 0, {-3522, -645}, {127, 92, 91, 255} }},
	{{ {1847, 82, -4394}, 0, {-3522, -1285}, {127, 92, 91, 255} }},
	{{ {2105, -118, -4521}, 0, {-4443, -645}, {127, 92, 91, 255} }},
	{{ {2105, 82, -4521}, 0, {-4443, -1285}, {127, 92, 91, 255} }},
	{{ {3265, -118, -4521}, 0, {-8153, -645}, {127, 92, 91, 255} }},
	{{ {2105, -118, -4521}, 0, {-4443, -645}, {127, 92, 91, 255} }},
	{{ {2105, 82, -4521}, 0, {-4443, -1285}, {127, 92, 91, 255} }},
	{{ {3265, 82, -4521}, 0, {-8153, -1285}, {127, 92, 91, 0} }},
	{{ {1847, -118, -4394}, 0, {-3522, -645}, {127, 92, 91, 255} }},
	{{ {2105, -268, -4521}, 0, {-4443, -165}, {127, 92, 91, 255} }},
	{{ {2723, -268, -4827}, 0, {-6649, -165}, {127, 92, 91, 255} }},
	{{ {2723, -118, -4827}, 0, {-6649, -645}, {127, 92, 91, 255} }},
	{{ {3265, -118, -5501}, 0, {-9415, -645}, {127, 92, 91, 255} }},
	{{ {3265, -268, -5501}, 0, {-9415, -165}, {127, 92, 91, 255} }},
	{{ {3265, -118, -7349}, 0, {-15329, -645}, {127, 92, 91, 255} }},
	{{ {3265, -268, -7349}, 0, {-15329, -165}, {127, 92, 91, 255} }},
	{{ {1847, -268, -4394}, 0, {-3522, -165}, {127, 92, 91, 255} }},
	{{ {250, -118, -4394}, 0, {1589, -645}, {127, 92, 91, 255} }},
	{{ {250, -268, -4394}, 0, {1589, -165}, {127, 92, 91, 255} }},
	{{ {-163, -118, -4472}, 0, {2933, -645}, {127, 92, 91, 255} }},
	{{ {-163, -268, -4472}, 0, {2933, -165}, {127, 92, 91, 255} }},
	{{ {-575, -268, -4738}, 0, {4504, -165}, {127, 92, 91, 255} }},
	{{ {-575, -118, -4738}, 0, {4504, -645}, {127, 92, 91, 255} }},
	{{ {-575, -268, -8273}, 0, {15813, -165}, {127, 92, 91, 255} }},
	{{ {-575, -118, -8273}, 0, {15813, -645}, {127, 92, 91, 255} }},
	{{ {-285, -268, -8644}, 0, {17322, -165}, {127, 92, 91, 255} }},
	{{ {-575, 832, -4738}, 0, {4504, -3685}, {255, 184, 181, 255} }},
	{{ {-163, 832, -4472}, 0, {2933, -3685}, {255, 184, 181, 255} }},
	{{ {-575, 832, -8273}, 0, {15813, -3685}, {254, 184, 181, 255} }},
	{{ {-2470, 832, -3891}, 0, {-10571, -3685}, {219, 158, 156, 255} }},
	{{ {-2470, 757, -3570}, 0, {-11598, -3445}, {255, 184, 181, 255} }},
	{{ {-2470, 545, -3195}, 0, {-12798, -2765}, {252, 182, 179, 255} }},
	{{ {-7318, 1532, -7840}, 0, {-18671, 6566}, {255, 184, 181, 0} }},
	{{ {-7318, 1432, -7840}, 0, {-18671, 6246}, {239, 172, 170, 255} }},
	{{ {-7318, 1532, -8340}, 0, {-20271, 6566}, {127, 92, 91, 0} }},
	{{ {-7318, 1532, -7340}, 0, {-17071, 6566}, {255, 184, 181, 0} }},
	{{ {-7318, 1432, -7840}, 0, {-18671, 6246}, {239, 172, 170, 255} }},
	{{ {-7318, 1532, -7340}, 0, {-17071, 6566}, {255, 184, 181, 0} }},
	{{ {-7318, 1232, -7340}, 0, {-17071, 5606}, {127, 92, 91, 255} }},
	{{ {-7318, 1532, -6736}, 0, {-15139, 6566}, {255, 184, 181, 0} }},
	{{ {-7318, 1232, -6736}, 0, {-15139, 5606}, {127, 92, 91, 255} }},
	{{ {-7250, 1232, -6115}, 0, {-13140, 5606}, {127, 92, 91, 255} }},
	{{ {-7250, 1532, -6115}, 0, {-13140, 6566}, {255, 184, 181, 0} }},
	{{ {-6946, 1232, -5305}, 0, {-10371, 5606}, {127, 92, 91, 255} }},
	{{ {-6946, 1532, -5305}, 0, {-10371, 6566}, {255, 184, 181, 0} }},
	{{ {-6422, 1232, -4690}, 0, {-7786, 5606}, {127, 92, 91, 255} }},
	{{ {-6422, 1532, -4690}, 0, {-7786, 6566}, {252, 182, 180, 0} }},
	{{ {-5614, 932, -4419}, 0, {-5059, 4647}, {127, 92, 91, 255} }},
	{{ {-5614, 1532, -4419}, 0, {-5059, 6566}, {249, 180, 177, 0} }},
	{{ {-4889, 1532, -4419}, 0, {-2738, 6566}, {255, 184, 181, 0} }},
	{{ {-4889, 932, -4419}, 0, {-2738, 4647}, {127, 92, 91, 255} }},
	{{ {-4389, 1532, -4419}, 0, {-1138, 6566}, {255, 184, 181, 0} }},
	{{ {-4389, 832, -4419}, 0, {-1138, 4327}, {127, 92, 91, 255} }},
	{{ {-4104, 1532, -4419}, 0, {-227, 6566}, {255, 184, 181, 0} }},
	{{ {-3604, 832, -4419}, 0, {1373, 4327}, {127, 92, 91, 255} }},
	{{ {-3604, 832, -4119}, 0, {2154, 4885}, {127, 92, 91, 0} }},
	{{ {-6422, 932, -4690}, 0, {-7786, 4647}, {127, 92, 91, 255} }},
	{{ {-5734, 1232, -5822}, 0, {-12024, 5606}, {253, 183, 180, 255} }},
	{{ {-5734, 932, -5822}, 0, {-12024, 4647}, {127, 92, 91, 255} }},
	{{ {-5434, 932, -5815}, 0, {-12984, 4647}, {127, 92, 91, 255} }},
	{{ {-5434, 1132, -5815}, 0, {-12984, 5287}, {255, 184, 181, 255} }},
	{{ {-5434, 932, -5315}, 0, {-14584, 4647}, {127, 92, 91, 255} }},
	{{ {-4857, 1258, -9650}, 0, {-9751, 3449}, {127, 92, 91, 255} }},
	{{ {-5157, 832, -9650}, 0, {-10711, 2087}, {127, 92, 91, 255} }},
	{{ {-5157, 1258, -9650}, 0, {-10711, 3449}, {127, 92, 91, 255} }},
	{{ {-4857, 832, -9650}, 0, {-9751, 2087}, {127, 92, 91, 255} }},
	{{ {-4857, 1532, -9310}, 0, {-8663, 4327}, {255, 184, 181, 255} }},
	{{ {-4857, 1532, -10393}, 0, {-12127, 4327}, {255, 184, 181, 0} }},
	{{ {-4857, 1258, -9650}, 0, {-9751, 3449}, {127, 92, 91, 255} }},
	{{ {-4857, 1258, -10053}, 0, {-11039, 3449}, {127, 92, 91, 255} }},
	{{ {-4857, 1532, -10393}, 0, {-12127, 4327}, {255, 184, 181, 0} }},
	{{ {-4857, 832, -10393}, 0, {-12127, 2087}, {127, 92, 91, 255} }},
	{{ {-4857, 832, -10053}, 0, {-11039, 2087}, {127, 92, 91, 255} }},
	{{ {-5157, 1258, -10053}, 0, {-10080, 3449}, {127, 92, 91, 255} }},
	{{ {-5157, 832, -10053}, 0, {-10080, 2087}, {127, 92, 91, 255} }},
	{{ {-3806, 1081, -10393}, 0, {-15491, 2885}, {255, 184, 181, 0} }},
	{{ {-2312, 832, -10394}, 0, {-20271, 2087}, {127, 92, 91, 0} }},
	{{ {-4644, 932, -5315}, 0, {10366, 2407}, {127, 92, 91, 255} }},
	{{ {-4389, 832, -5161}, 0, {11319, 2087}, {127, 92, 91, 255} }},
	{{ {-4644, 832, -5315}, 0, {10366, 2087}, {127, 92, 91, 255} }},
	{{ {-4644, 1132, -5815}, 0, {8767, 3047}, {196, 141, 139, 255} }},
	{{ {-4644, 1232, -6315}, 0, {7167, 3367}, {255, 184, 181, 255} }},
	{{ {-4644, 832, -6315}, 0, {7167, 2087}, {127, 92, 91, 255} }},
	{{ {-4726, 1232, -6565}, 0, {6325, 3367}, {255, 184, 181, 255} }},
	{{ {-4726, 832, -6565}, 0, {6325, 2087}, {127, 92, 91, 255} }},
	{{ {-4941, 1232, -6798}, 0, {5309, 3367}, {217, 156, 154, 255} }},
	{{ {-4941, 832, -6798}, 0, {5309, 2087}, {127, 92, 91, 255} }},
	{{ {-5241, 1232, -7009}, 0, {4135, 3367}, {254, 184, 181, 255} }},
	{{ {-5241, 832, -7009}, 0, {4135, 2087}, {127, 92, 91, 255} }},
	{{ {-5434, 1232, -7071}, 0, {3488, 3367}, {243, 175, 173, 255} }},
	{{ {-5434, 832, -7071}, 0, {3488, 2087}, {127, 92, 91, 255} }},
	{{ {-5997, 1232, -7071}, 0, {1688, 3367}, {254, 184, 181, 255} }},
	{{ {-5997, 832, -7071}, 0, {1688, 2087}, {127, 92, 91, 255} }},
	{{ {-6204, 1232, -7157}, 0, {969, 3367}, {255, 184, 181, 255} }},
	{{ {-6204, 832, -7157}, 0, {969, 2087}, {127, 92, 91, 255} }},
	{{ {-6294, 1232, -7340}, 0, {315, 3367}, {255, 184, 181, 255} }},
	{{ {-6294, 832, -7340}, 0, {315, 2087}, {127, 92, 91, 255} }},
	{{ {-6294, 1432, -7840}, 0, {-1285, 4007}, {255, 184, 181, 255} }},
	{{ {-6294, 832, -7955}, 0, {-1653, 2087}, {127, 92, 91, 255} }},
	{{ {-6294, 1455, -7955}, 0, {-1653, 4080}, {255, 184, 181, 255} }},
	{{ {-6171, 832, -8243}, 0, {-2653, 2087}, {127, 92, 91, 255} }},
	{{ {-6294, 1455, -7955}, 0, {-1653, 4080}, {255, 184, 181, 255} }},
	{{ {-6294, 832, -7955}, 0, {-1653, 2087}, {127, 92, 91, 255} }},
	{{ {-6171, 1532, -8243}, 0, {-2653, 4327}, {255, 184, 181, 255} }},
	{{ {-5836, 1532, -8340}, 0, {-3771, 4327}, {255, 184, 181, 255} }},
	{{ {-5836, 832, -8340}, 0, {-3771, 2087}, {127, 92, 91, 255} }},
	{{ {-5514, 1532, -8340}, 0, {-4800, 4327}, {193, 139, 136, 255} }},
	{{ {-5514, 832, -8340}, 0, {-4800, 2087}, {127, 92, 91, 255} }},
	{{ {-5102, 1532, -8692}, 0, {-6534, 4327}, {201, 145, 142, 255} }},
	{{ {-5102, 832, -8692}, 0, {-6534, 2087}, {127, 92, 91, 255} }},
	{{ {-4857, 1532, -9310}, 0, {-8663, 4327}, {255, 184, 181, 255} }},
	{{ {-4857, 832, -9310}, 0, {-8663, 2087}, {127, 92, 91, 255} }},
	{{ {-4857, 832, -9650}, 0, {-9751, 2087}, {127, 92, 91, 255} }},
	{{ {2674, -772, -8894}, 0, {26992, 1447}, {127, 92, 91, 255} }},
	{{ {2674, -401, -9344}, 0, {25552, 260}, {127, 92, 91, 255} }},
	{{ {2674, -772, -9344}, 0, {25552, 1447}, {127, 92, 91, 255} }},
	{{ {2674, -401, -8894}, 0, {26992, 260}, {127, 92, 91, 255} }},
	{{ {3265, -772, -8894}, 0, {28881, 1447}, {127, 92, 91, 255} }},
	{{ {3265, -268, -8894}, 0, {28881, -165}, {127, 92, 91, 255} }},
	{{ {1416, -268, -8894}, 0, {22968, -165}, {127, 92, 91, 255} }},
	{{ {2007, -401, -8894}, 0, {24857, 260}, {127, 92, 91, 255} }},
};

Gfx bob_dl_VISUAL_mesh_layer_1_tri_15[] = {
	gsSPVertex(bob_dl_VISUAL_mesh_layer_1_vtx_15 + 0, 32, 0),
	gsSP2Triangles(0, 1, 2, 0, 0, 3, 1, 0),
	gsSP2Triangles(1, 3, 4, 0, 1, 4, 5, 0),
	gsSP2Triangles(5, 4, 6, 0, 5, 6, 7, 0),
	gsSP2Triangles(8, 5, 7, 0, 8, 9, 5, 0),
	gsSP2Triangles(9, 8, 10, 0, 9, 10, 11, 0),
	gsSP2Triangles(9, 11, 12, 0, 9, 12, 13, 0),
	gsSP2Triangles(14, 13, 12, 0, 14, 12, 15, 0),
	gsSP2Triangles(12, 16, 15, 0, 12, 17, 16, 0),
	gsSP2Triangles(18, 16, 17, 0, 18, 19, 16, 0),
	gsSP2Triangles(15, 20, 14, 0, 21, 14, 20, 0),
	gsSP2Triangles(21, 20, 22, 0, 21, 22, 23, 0),
	gsSP2Triangles(21, 23, 24, 0, 25, 24, 23, 0),
	gsSP2Triangles(25, 26, 24, 0, 26, 25, 27, 0),
	gsSP2Triangles(26, 27, 28, 0, 24, 29, 21, 0),
	gsSP2Triangles(29, 24, 30, 0, 29, 30, 31, 0),
	gsSPVertex(bob_dl_VISUAL_mesh_layer_1_vtx_15 + 32, 32, 0),
	gsSP2Triangles(0, 1, 2, 0, 0, 3, 1, 0),
	gsSP2Triangles(3, 0, 4, 0, 3, 4, 5, 0),
	gsSP2Triangles(5, 4, 6, 0, 5, 6, 7, 0),
	gsSP2Triangles(7, 6, 8, 0, 7, 8, 9, 0),
	gsSP2Triangles(9, 8, 10, 0, 9, 10, 11, 0),
	gsSP2Triangles(12, 11, 10, 0, 12, 13, 11, 0),
	gsSP2Triangles(14, 13, 12, 0, 14, 15, 13, 0),
	gsSP2Triangles(16, 15, 14, 0, 16, 14, 17, 0),
	gsSP2Triangles(18, 9, 11, 0, 19, 9, 18, 0),
	gsSP2Triangles(20, 19, 18, 0, 20, 18, 21, 0),
	gsSP2Triangles(21, 18, 22, 0, 18, 11, 22, 0),
	gsSP2Triangles(23, 22, 11, 0, 23, 24, 22, 0),
	gsSP2Triangles(25, 24, 23, 0, 25, 23, 26, 0),
	gsSP2Triangles(27, 24, 25, 0, 27, 28, 24, 0),
	gsSP2Triangles(29, 24, 28, 0, 29, 30, 24, 0),
	gsSP2Triangles(30, 22, 24, 0, 30, 31, 22, 0),
	gsSPVertex(bob_dl_VISUAL_mesh_layer_1_vtx_15 + 64, 32, 0),
	gsSP2Triangles(0, 1, 2, 0, 0, 3, 1, 0),
	gsSP2Triangles(4, 1, 3, 0, 5, 6, 7, 0),
	gsSP2Triangles(5, 7, 8, 0, 8, 9, 5, 0),
	gsSP2Triangles(8, 10, 9, 0, 5, 9, 11, 0),
	gsSP2Triangles(5, 11, 12, 0, 13, 12, 11, 0),
	gsSP2Triangles(14, 13, 11, 0, 11, 15, 14, 0),
	gsSP2Triangles(15, 16, 14, 0, 16, 15, 17, 0),
	gsSP2Triangles(16, 17, 18, 0, 18, 17, 19, 0),
	gsSP2Triangles(18, 19, 20, 0, 21, 20, 19, 0),
	gsSP2Triangles(21, 19, 22, 0, 23, 21, 22, 0),
	gsSP2Triangles(22, 24, 23, 0, 22, 25, 24, 0),
	gsSP2Triangles(25, 22, 26, 0, 25, 26, 27, 0),
	gsSP2Triangles(27, 28, 25, 0, 27, 29, 28, 0),
	gsSP2Triangles(29, 30, 28, 0, 29, 31, 30, 0),
	gsSPVertex(bob_dl_VISUAL_mesh_layer_1_vtx_15 + 96, 32, 0),
	gsSP2Triangles(0, 1, 2, 0, 0, 2, 3, 0),
	gsSP2Triangles(4, 1, 5, 0, 1, 6, 5, 0),
	gsSP2Triangles(1, 7, 6, 0, 6, 7, 8, 0),
	gsSP2Triangles(6, 8, 9, 0, 9, 8, 10, 0),
	gsSP2Triangles(9, 10, 11, 0, 4, 5, 12, 0),
	gsSP2Triangles(13, 4, 12, 0, 13, 12, 14, 0),
	gsSP2Triangles(15, 13, 14, 0, 15, 14, 16, 0),
	gsSP2Triangles(15, 16, 17, 0, 15, 17, 18, 0),
	gsSP2Triangles(18, 17, 19, 0, 18, 19, 20, 0),
	gsSP2Triangles(20, 19, 21, 0, 22, 18, 20, 0),
	gsSP2Triangles(23, 18, 22, 0, 23, 15, 18, 0),
	gsSP2Triangles(22, 20, 24, 0, 25, 26, 27, 0),
	gsSP2Triangles(28, 29, 30, 0, 29, 28, 31, 0),
	gsSPVertex(bob_dl_VISUAL_mesh_layer_1_vtx_15 + 128, 32, 0),
	gsSP2Triangles(0, 1, 2, 0, 3, 2, 1, 0),
	gsSP2Triangles(3, 4, 2, 0, 3, 5, 4, 0),
	gsSP2Triangles(3, 6, 5, 0, 6, 7, 5, 0),
	gsSP2Triangles(6, 8, 7, 0, 8, 9, 7, 0),
	gsSP2Triangles(8, 10, 9, 0, 11, 9, 10, 0),
	gsSP2Triangles(10, 12, 11, 0, 11, 12, 13, 0),
	gsSP2Triangles(11, 13, 14, 0, 15, 14, 13, 0),
	gsSP2Triangles(15, 16, 14, 0, 17, 16, 15, 0),
	gsSP2Triangles(17, 18, 16, 0, 19, 18, 17, 0),
	gsSP2Triangles(11, 20, 9, 0, 20, 21, 9, 0),
	gsSP2Triangles(20, 22, 21, 0, 21, 22, 23, 0),
	gsSP2Triangles(21, 23, 24, 0, 25, 24, 23, 0),
	gsSP2Triangles(26, 27, 28, 0, 26, 29, 27, 0),
	gsSP2Triangles(29, 26, 30, 0, 26, 31, 30, 0),
	gsSPVertex(bob_dl_VISUAL_mesh_layer_1_vtx_15 + 160, 32, 0),
	gsSP2Triangles(0, 1, 2, 0, 1, 3, 2, 0),
	gsSP2Triangles(1, 4, 3, 0, 4, 1, 5, 0),
	gsSP2Triangles(4, 5, 6, 0, 2, 3, 7, 0),
	gsSP2Triangles(3, 8, 7, 0, 9, 10, 11, 0),
	gsSP2Triangles(12, 9, 11, 0, 11, 13, 12, 0),
	gsSP2Triangles(11, 14, 13, 0, 15, 13, 14, 0),
	gsSP2Triangles(15, 14, 16, 0, 17, 15, 16, 0),
	gsSP2Triangles(17, 16, 18, 0, 19, 17, 18, 0),
	gsSP2Triangles(19, 18, 20, 0, 21, 19, 20, 0),
	gsSP2Triangles(21, 20, 22, 0, 23, 21, 22, 0),
	gsSP2Triangles(23, 22, 24, 0, 25, 23, 24, 0),
	gsSP2Triangles(25, 24, 26, 0, 27, 25, 26, 0),
	gsSP2Triangles(27, 26, 28, 0, 29, 27, 28, 0),
	gsSP2Triangles(29, 28, 30, 0, 30, 31, 29, 0),
	gsSPVertex(bob_dl_VISUAL_mesh_layer_1_vtx_15 + 192, 21, 0),
	gsSP2Triangles(0, 1, 2, 0, 0, 3, 1, 0),
	gsSP2Triangles(4, 3, 0, 0, 4, 0, 5, 0),
	gsSP2Triangles(6, 4, 5, 0, 6, 5, 7, 0),
	gsSP2Triangles(8, 6, 7, 0, 8, 7, 9, 0),
	gsSP2Triangles(10, 8, 9, 0, 10, 9, 11, 0),
	gsSP2Triangles(12, 10, 11, 0, 13, 14, 15, 0),
	gsSP2Triangles(13, 16, 14, 0, 17, 16, 13, 0),
	gsSP2Triangles(17, 18, 16, 0, 19, 16, 18, 0),
	gsSP1Triangle(19, 20, 16, 0),
	gsSPEndDisplayList(),
};

Vtx bob_dl_VISUAL_mesh_layer_1_vtx_16[41] = {
	{{ {-4857, 1258, -10053}, 0, {3252, 1585}, {137, 137, 137, 255} }},
	{{ {-4857, 1258, -9650}, 0, {2537, 1585}, {137, 137, 137, 255} }},
	{{ {-5157, 1258, -9650}, 0, {2537, 2117}, {137, 137, 137, 255} }},
	{{ {-5157, 1258, -10053}, 0, {3252, 2117}, {137, 137, 137, 255} }},
	{{ {-5157, 832, -9650}, 0, {2537, 2872}, {137, 137, 137, 255} }},
	{{ {-5157, 832, -10053}, 0, {3252, 2872}, {137, 137, 137, 255} }},
	{{ {2105, -972, -4521}, 0, {2537, 3383}, {127, 247, 255, 255} }},
	{{ {2723, -972, -4827}, 0, {2537, 4606}, {127, 247, 255, 255} }},
	{{ {3265, -972, -5501}, 0, {3182, 5998}, {127, 247, 255, 255} }},
	{{ {1847, -972, -4394}, 0, {2537, 2872}, {127, 247, 255, 255} }},
	{{ {2213, -972, -5305}, 0, {3699, 4172}, {127, 247, 255, 255} }},
	{{ {2666, -972, -5491}, 0, {3637, 5039}, {127, 247, 255, 255} }},
	{{ {1958, -972, -4937}, 0, {3314, 3476}, {127, 247, 255, 255} }},
	{{ {2674, -401, -8894}, 0, {1490, -4242}, {127, 247, 255, 255} }},
	{{ {2007, -401, -8894}, 0, {306, -4242}, {127, 247, 255, 255} }},
	{{ {2007, -401, -9344}, 0, {306, -3443}, {127, 247, 255, 255} }},
	{{ {2674, -401, -9344}, 0, {1490, -3443}, {127, 247, 255, 255} }},
	{{ {2007, -401, -9344}, 0, {306, -3443}, {127, 247, 255, 255} }},
	{{ {2007, -772, -9344}, 0, {306, -2785}, {127, 247, 255, 255} }},
	{{ {2674, -772, -9344}, 0, {1490, -2785}, {127, 247, 255, 255} }},
	{{ {2007, -772, -8894}, 0, {306, -1987}, {127, 247, 255, 255} }},
	{{ {2674, -772, -8894}, 0, {1490, -1987}, {127, 247, 255, 255} }},
	{{ {3265, -772, -7349}, 0, {2537, 754}, {127, 247, 255, 255} }},
	{{ {2666, -772, -5491}, 0, {1476, 4051}, {127, 247, 255, 255} }},
	{{ {2213, -772, -5305}, 0, {671, 4380}, {127, 247, 255, 255} }},
	{{ {250, -772, -4394}, 0, {-2812, 5998}, {127, 247, 255, 255} }},
	{{ {-285, -772, -8644}, 0, {-3761, -1545}, {127, 247, 255, 255} }},
	{{ {1416, -772, -8894}, 0, {-742, -1987}, {127, 247, 255, 255} }},
	{{ {175, -772, -8894}, 0, {-2945, -1987}, {127, 247, 255, 255} }},
	{{ {-575, -772, -4738}, 0, {-4276, 5386}, {127, 247, 255, 255} }},
	{{ {-575, -772, -8273}, 0, {-4276, -885}, {127, 247, 255, 255} }},
	{{ {-163, -772, -4472}, 0, {-3544, 5859}, {127, 247, 255, 255} }},
	{{ {3265, -772, -7349}, 0, {2537, 754}, {127, 247, 255, 255} }},
	{{ {3265, -772, -8894}, 0, {2537, -1987}, {127, 247, 255, 255} }},
	{{ {2674, -772, -8894}, 0, {1490, -1987}, {127, 247, 255, 255} }},
	{{ {2666, -772, -5491}, 0, {1476, 4051}, {127, 247, 255, 255} }},
	{{ {3265, -772, -5501}, 0, {2537, 4033}, {127, 247, 255, 255} }},
	{{ {250, -772, -4394}, 0, {-2812, 5998}, {127, 247, 255, 255} }},
	{{ {1847, -772, -4394}, 0, {22, 5998}, {127, 247, 255, 255} }},
	{{ {1958, -772, -4937}, 0, {218, 5034}, {127, 247, 255, 255} }},
	{{ {2213, -772, -5305}, 0, {671, 4380}, {127, 247, 255, 255} }},
};

Gfx bob_dl_VISUAL_mesh_layer_1_tri_16[] = {
	gsSPVertex(bob_dl_VISUAL_mesh_layer_1_vtx_16 + 0, 32, 0),
	gsSP2Triangles(0, 1, 2, 0, 0, 2, 3, 0),
	gsSP2Triangles(3, 2, 4, 0, 3, 4, 5, 0),
	gsSP2Triangles(6, 7, 8, 0, 9, 6, 8, 0),
	gsSP2Triangles(8, 10, 9, 0, 8, 11, 10, 0),
	gsSP2Triangles(10, 12, 9, 0, 13, 14, 15, 0),
	gsSP2Triangles(13, 15, 16, 0, 16, 17, 18, 0),
	gsSP2Triangles(16, 18, 19, 0, 19, 18, 20, 0),
	gsSP2Triangles(21, 19, 20, 0, 22, 21, 20, 0),
	gsSP2Triangles(20, 23, 22, 0, 20, 24, 23, 0),
	gsSP2Triangles(20, 25, 24, 0, 20, 26, 25, 0),
	gsSP2Triangles(20, 27, 26, 0, 27, 28, 26, 0),
	gsSP2Triangles(26, 29, 25, 0, 26, 30, 29, 0),
	gsSP1Triangle(29, 31, 25, 0),
	gsSPVertex(bob_dl_VISUAL_mesh_layer_1_vtx_16 + 32, 9, 0),
	gsSP2Triangles(0, 1, 2, 0, 3, 4, 0, 0),
	gsSP2Triangles(5, 6, 7, 0, 5, 7, 8, 0),
	gsSPEndDisplayList(),
};

Vtx bob_dl_VISUAL_mesh_layer_1_vtx_17[72] = {
	{{ {-1598, 1457, -6891}, 0, {284, 284}, {190, 149, 78, 255} }},
	{{ {-1916, 1457, -6759}, 0, {1008, -16}, {190, 149, 78, 255} }},
	{{ {-2048, 1457, -6441}, 0, {1732, 284}, {190, 149, 78, 255} }},
	{{ {-1598, 1457, -5991}, 0, {1732, 1732}, {190, 149, 78, 255} }},
	{{ {-1916, 1457, -6123}, 0, {2032, 1008}, {190, 149, 78, 255} }},
	{{ {-1148, 1457, -6441}, 0, {284, 1732}, {190, 149, 78, 255} }},
	{{ {-1280, 1457, -6123}, 0, {1008, 2032}, {190, 149, 78, 255} }},
	{{ {-1280, 1457, -6759}, 0, {-16, 1008}, {190, 149, 78, 255} }},
	{{ {-2775, 1057, -9772}, 0, {284, 284}, {190, 149, 78, 255} }},
	{{ {-2934, 1057, -9706}, 0, {1008, -16}, {190, 149, 78, 255} }},
	{{ {-3000, 1057, -9547}, 0, {1732, 284}, {190, 149, 78, 255} }},
	{{ {-2775, 1057, -9322}, 0, {1732, 1732}, {190, 149, 78, 255} }},
	{{ {-2934, 1057, -9388}, 0, {2032, 1008}, {190, 149, 78, 255} }},
	{{ {-2550, 1057, -9547}, 0, {284, 1732}, {190, 149, 78, 255} }},
	{{ {-2616, 1057, -9388}, 0, {1008, 2032}, {190, 149, 78, 255} }},
	{{ {-2616, 1057, -9706}, 0, {-16, 1008}, {190, 149, 78, 255} }},
	{{ {-5787, 1632, -7873}, 0, {284, 284}, {190, 149, 78, 255} }},
	{{ {-5928, 1632, -7815}, 0, {1008, -16}, {190, 149, 78, 255} }},
	{{ {-5987, 1632, -7673}, 0, {1732, 284}, {190, 149, 78, 255} }},
	{{ {-5787, 1632, -7473}, 0, {1732, 1732}, {190, 149, 78, 255} }},
	{{ {-5928, 1632, -7532}, 0, {2032, 1008}, {190, 149, 78, 255} }},
	{{ {-5587, 1632, -7673}, 0, {284, 1732}, {190, 149, 78, 255} }},
	{{ {-5645, 1632, -7532}, 0, {1008, 2032}, {190, 149, 78, 255} }},
	{{ {-5645, 1632, -7815}, 0, {-16, 1008}, {190, 149, 78, 255} }},
	{{ {-3487, 1207, -7398}, 0, {284, 284}, {190, 149, 78, 255} }},
	{{ {-3699, 1207, -7310}, 0, {1008, -16}, {190, 149, 78, 255} }},
	{{ {-3787, 1207, -7098}, 0, {1732, 284}, {190, 149, 78, 255} }},
	{{ {-3487, 1207, -6798}, 0, {1732, 1732}, {190, 149, 78, 255} }},
	{{ {-3699, 1207, -6885}, 0, {2032, 1008}, {190, 149, 78, 255} }},
	{{ {-3187, 1207, -7098}, 0, {284, 1732}, {190, 149, 78, 255} }},
	{{ {-3275, 1207, -6885}, 0, {1008, 2032}, {190, 149, 78, 255} }},
	{{ {-3275, 1207, -7310}, 0, {-16, 1008}, {190, 149, 78, 255} }},
	{{ {-4471, 1357, -8504}, 0, {284, 284}, {190, 149, 78, 255} }},
	{{ {-4631, 1357, -8438}, 0, {1008, -16}, {190, 149, 78, 255} }},
	{{ {-4696, 1357, -8279}, 0, {1732, 284}, {190, 149, 78, 255} }},
	{{ {-4471, 1357, -8054}, 0, {1732, 1732}, {190, 149, 78, 255} }},
	{{ {-4631, 1357, -8120}, 0, {2032, 1008}, {190, 149, 78, 255} }},
	{{ {-4246, 1357, -8279}, 0, {284, 1732}, {190, 149, 78, 255} }},
	{{ {-4312, 1357, -8120}, 0, {1008, 2032}, {190, 149, 78, 255} }},
	{{ {-4312, 1357, -8438}, 0, {-16, 1008}, {190, 149, 78, 255} }},
	{{ {-4517, 1057, -5501}, 0, {284, 284}, {190, 149, 78, 255} }},
	{{ {-4596, 1057, -5468}, 0, {1008, -16}, {190, 149, 78, 255} }},
	{{ {-4629, 1057, -5389}, 0, {1732, 284}, {190, 149, 78, 255} }},
	{{ {-4517, 1057, -5276}, 0, {1732, 1732}, {190, 149, 78, 255} }},
	{{ {-4596, 1057, -5309}, 0, {2032, 1008}, {190, 149, 78, 255} }},
	{{ {-4404, 1057, -5389}, 0, {284, 1732}, {190, 149, 78, 255} }},
	{{ {-4437, 1057, -5309}, 0, {1008, 2032}, {190, 149, 78, 255} }},
	{{ {-4437, 1057, -5468}, 0, {-16, 1008}, {190, 149, 78, 255} }},
	{{ {-960, 1157, -9434}, 0, {284, 284}, {190, 149, 78, 255} }},
	{{ {-1119, 1157, -9368}, 0, {1008, -16}, {190, 149, 78, 255} }},
	{{ {-1185, 1157, -9209}, 0, {1732, 284}, {190, 149, 78, 255} }},
	{{ {-960, 1157, -8984}, 0, {1732, 1732}, {190, 149, 78, 255} }},
	{{ {-1119, 1157, -9050}, 0, {2032, 1008}, {190, 149, 78, 255} }},
	{{ {-735, 1157, -9209}, 0, {284, 1732}, {190, 149, 78, 255} }},
	{{ {-800, 1157, -9050}, 0, {1008, 2032}, {190, 149, 78, 255} }},
	{{ {-800, 1157, -9368}, 0, {-16, 1008}, {190, 149, 78, 255} }},
	{{ {-3168, 1057, -6094}, 0, {284, 284}, {190, 149, 78, 255} }},
	{{ {-3327, 1057, -6028}, 0, {1008, -16}, {190, 149, 78, 255} }},
	{{ {-3393, 1057, -5869}, 0, {1732, 284}, {190, 149, 78, 255} }},
	{{ {-3168, 1057, -5644}, 0, {1732, 1732}, {190, 149, 78, 255} }},
	{{ {-3327, 1057, -5710}, 0, {2032, 1008}, {190, 149, 78, 255} }},
	{{ {-2943, 1057, -5869}, 0, {284, 1732}, {190, 149, 78, 255} }},
	{{ {-3009, 1057, -5710}, 0, {1008, 2032}, {190, 149, 78, 255} }},
	{{ {-3009, 1057, -6028}, 0, {-16, 1008}, {190, 149, 78, 255} }},
	{{ {-1704, 1057, -5073}, 0, {284, 284}, {190, 149, 78, 255} }},
	{{ {-1783, 1057, -5040}, 0, {1008, -16}, {190, 149, 78, 255} }},
	{{ {-1816, 1057, -4960}, 0, {1732, 284}, {190, 149, 78, 255} }},
	{{ {-1704, 1057, -4848}, 0, {1732, 1732}, {190, 149, 78, 255} }},
	{{ {-1783, 1057, -4881}, 0, {2032, 1008}, {190, 149, 78, 255} }},
	{{ {-1591, 1057, -4960}, 0, {284, 1732}, {190, 149, 78, 255} }},
	{{ {-1624, 1057, -4881}, 0, {1008, 2032}, {190, 149, 78, 255} }},
	{{ {-1624, 1057, -5040}, 0, {-16, 1008}, {190, 149, 78, 255} }},
};

Gfx bob_dl_VISUAL_mesh_layer_1_tri_17[] = {
	gsSPVertex(bob_dl_VISUAL_mesh_layer_1_vtx_17 + 0, 32, 0),
	gsSP2Triangles(0, 1, 2, 0, 0, 2, 3, 0),
	gsSP2Triangles(2, 4, 3, 0, 3, 5, 0, 0),
	gsSP2Triangles(3, 6, 5, 0, 5, 7, 0, 0),
	gsSP2Triangles(8, 9, 10, 0, 8, 10, 11, 0),
	gsSP2Triangles(10, 12, 11, 0, 11, 13, 8, 0),
	gsSP2Triangles(11, 14, 13, 0, 13, 15, 8, 0),
	gsSP2Triangles(16, 17, 18, 0, 16, 18, 19, 0),
	gsSP2Triangles(18, 20, 19, 0, 19, 21, 16, 0),
	gsSP2Triangles(19, 22, 21, 0, 21, 23, 16, 0),
	gsSP2Triangles(24, 25, 26, 0, 24, 26, 27, 0),
	gsSP2Triangles(26, 28, 27, 0, 27, 29, 24, 0),
	gsSP2Triangles(27, 30, 29, 0, 29, 31, 24, 0),
	gsSPVertex(bob_dl_VISUAL_mesh_layer_1_vtx_17 + 32, 32, 0),
	gsSP2Triangles(0, 1, 2, 0, 0, 2, 3, 0),
	gsSP2Triangles(2, 4, 3, 0, 3, 5, 0, 0),
	gsSP2Triangles(3, 6, 5, 0, 5, 7, 0, 0),
	gsSP2Triangles(8, 9, 10, 0, 8, 10, 11, 0),
	gsSP2Triangles(10, 12, 11, 0, 11, 13, 8, 0),
	gsSP2Triangles(11, 14, 13, 0, 13, 15, 8, 0),
	gsSP2Triangles(16, 17, 18, 0, 16, 18, 19, 0),
	gsSP2Triangles(18, 20, 19, 0, 19, 21, 16, 0),
	gsSP2Triangles(19, 22, 21, 0, 21, 23, 16, 0),
	gsSP2Triangles(24, 25, 26, 0, 24, 26, 27, 0),
	gsSP2Triangles(26, 28, 27, 0, 27, 29, 24, 0),
	gsSP2Triangles(27, 30, 29, 0, 29, 31, 24, 0),
	gsSPVertex(bob_dl_VISUAL_mesh_layer_1_vtx_17 + 64, 8, 0),
	gsSP2Triangles(0, 1, 2, 0, 0, 2, 3, 0),
	gsSP2Triangles(2, 4, 3, 0, 3, 5, 0, 0),
	gsSP2Triangles(3, 6, 5, 0, 5, 7, 0, 0),
	gsSPEndDisplayList(),
};

Vtx bob_dl_VISUAL_mesh_layer_1_vtx_18[132] = {
	{{ {-3604, 1832, -2820}, 0, {577, -26626}, {127, 110, 110, 255} }},
	{{ {-3604, 1832, -3195}, 0, {577, -28684}, {127, 110, 110, 255} }},
	{{ {-3604, 2082, -3195}, 0, {-795, -28684}, {85, 74, 73, 255} }},
	{{ {-3604, 2082, -2820}, 0, {-795, -26626}, {85, 74, 73, 255} }},
	{{ {-4857, 2532, -10393}, 0, {-3264, 29186}, {127, 110, 110, 255} }},
	{{ {-3806, 2081, -10393}, 0, {-792, 23418}, {127, 110, 110, 255} }},
	{{ {-3806, 2331, -10393}, 0, {-2164, 23418}, {85, 74, 73, 255} }},
	{{ {-4857, 2782, -10393}, 0, {-4636, 29186}, {85, 74, 73, 255} }},
	{{ {-7318, 2532, -10394}, 0, {-3264, -19121}, {127, 110, 110, 255} }},
	{{ {-5925, 2532, -10394}, 0, {-3264, -26769}, {127, 110, 110, 255} }},
	{{ {-5925, 2782, -10394}, 0, {-4636, -26769}, {85, 74, 73, 255} }},
	{{ {-7318, 2782, -10394}, 0, {-4636, -19121}, {85, 74, 73, 255} }},
	{{ {3265, 1832, -10394}, 0, {577, 29671}, {127, 110, 110, 255} }},
	{{ {3265, 1832, -8894}, 0, {577, 21439}, {127, 110, 110, 255} }},
	{{ {3265, 2082, -8894}, 0, {-795, 21439}, {85, 74, 73, 255} }},
	{{ {3265, 2082, -10394}, 0, {-795, 29671}, {85, 74, 73, 255} }},
	{{ {-3806, 2081, -10393}, 0, {-792, 29562}, {127, 110, 110, 255} }},
	{{ {-2312, 1832, -10394}, 0, {577, 21363}, {127, 110, 110, 255} }},
	{{ {-2312, 2082, -10394}, 0, {-795, 21363}, {85, 74, 73, 255} }},
	{{ {-3806, 2331, -10393}, 0, {-2164, 29562}, {85, 74, 73, 255} }},
	{{ {-6422, 2532, -4690}, 0, {-3264, -23300}, {127, 110, 110, 255} }},
	{{ {-6946, 2532, -5305}, 0, {-3264, -27734}, {127, 110, 110, 255} }},
	{{ {-6946, 2782, -5305}, 0, {-4636, -27734}, {85, 74, 73, 255} }},
	{{ {-6422, 2782, -4690}, 0, {-4636, -23300}, {85, 74, 73, 255} }},
	{{ {775, 1832, -10394}, 0, {577, 12633}, {127, 110, 110, 255} }},
	{{ {3265, 1832, -10394}, 0, {577, -1049}, {127, 110, 110, 255} }},
	{{ {3265, 2082, -10394}, 0, {-795, -1049}, {85, 74, 73, 255} }},
	{{ {175, 1832, -10394}, 0, {577, 15908}, {127, 110, 110, 255} }},
	{{ {-2312, 1832, -10394}, 0, {577, 29555}, {127, 110, 110, 255} }},
	{{ {-2312, 2082, -10394}, 0, {-795, 29555}, {85, 74, 73, 255} }},
	{{ {3265, 1082, -4521}, 0, {4693, 30212}, {127, 110, 110, 255} }},
	{{ {3265, 1332, -1228}, 0, {3321, 12137}, {85, 74, 73, 255} }},
	{{ {3265, 1332, -4521}, 0, {3321, 30212}, {85, 74, 73, 255} }},
	{{ {3265, 1082, -1228}, 0, {4693, 12137}, {127, 110, 110, 255} }},
	{{ {2767, 1332, -311}, 0, {3321, 6413}, {85, 74, 73, 255} }},
	{{ {2767, 1082, -311}, 0, {4693, 6413}, {127, 110, 110, 255} }},
	{{ {1806, 1332, 197}, 0, {3321, 451}, {85, 74, 73, 255} }},
	{{ {1806, 1082, 197}, 0, {4693, 451}, {127, 110, 110, 255} }},
	{{ {-1832, 1332, 197}, 0, {3321, -19516}, {85, 74, 73, 255} }},
	{{ {-1832, 1082, 197}, 0, {4693, -19516}, {127, 110, 110, 255} }},
	{{ {-2314, 1536, 197}, 0, {2201, -22163}, {85, 74, 73, 255} }},
	{{ {-2314, 1286, 197}, 0, {3573, -22163}, {127, 110, 110, 255} }},
	{{ {-2914, 1781, 101}, 0, {860, -25496}, {85, 74, 73, 255} }},
	{{ {-2914, 1531, 101}, 0, {2232, -25496}, {127, 110, 110, 255} }},
	{{ {-7318, 2532, -8340}, 0, {-3264, -16042}, {127, 110, 110, 255} }},
	{{ {-7318, 2532, -10394}, 0, {-3264, -27313}, {127, 110, 110, 255} }},
	{{ {-7318, 2782, -10394}, 0, {-4636, -27313}, {85, 74, 73, 255} }},
	{{ {-7318, 2782, -8340}, 0, {-4636, -16042}, {85, 74, 73, 255} }},
	{{ {-3604, 1832, -3570}, 0, {577, -26646}, {127, 110, 110, 255} }},
	{{ {-3604, 1832, -3891}, 0, {577, -28408}, {127, 110, 110, 255} }},
	{{ {-3604, 2082, -3891}, 0, {-795, -28408}, {85, 74, 73, 255} }},
	{{ {-3604, 2082, -3570}, 0, {-795, -26646}, {85, 74, 73, 255} }},
	{{ {-3604, 1832, -3195}, 0, {577, -24588}, {127, 110, 110, 255} }},
	{{ {-3604, 2082, -3195}, 0, {-795, -24588}, {85, 74, 73, 255} }},
	{{ {-4104, 2532, -4419}, 0, {-3264, -26719}, {127, 110, 110, 255} }},
	{{ {-4389, 2532, -4419}, 0, {-3264, -28282}, {127, 110, 110, 255} }},
	{{ {-4389, 2782, -4419}, 0, {-4636, -28282}, {85, 74, 73, 255} }},
	{{ {-4104, 2782, -4419}, 0, {-4636, -26719}, {85, 74, 73, 255} }},
	{{ {-3604, 1832, -4119}, 0, {577, -23519}, {127, 110, 110, 255} }},
	{{ {-3604, 2082, -4119}, 0, {-795, -23519}, {85, 74, 73, 255} }},
	{{ {-3604, 1832, -2194}, 0, {577, -25241}, {127, 110, 110, 255} }},
	{{ {-3604, 1832, -2820}, 0, {577, -28674}, {127, 110, 110, 255} }},
	{{ {-3604, 2082, -2820}, 0, {-795, -28674}, {85, 74, 73, 255} }},
	{{ {-3604, 2082, -2194}, 0, {-795, -25241}, {85, 74, 73, 255} }},
	{{ {3265, 1082, -5501}, 0, {4693, 29444}, {127, 110, 110, 255} }},
	{{ {3265, 1082, -4521}, 0, {4693, 24068}, {127, 110, 110, 255} }},
	{{ {3265, 1332, -4521}, 0, {3321, 24068}, {85, 74, 73, 255} }},
	{{ {3265, 1332, -5501}, 0, {3321, 29444}, {85, 74, 73, 255} }},
	{{ {-5157, 2532, -10393}, 0, {-3264, 28785}, {127, 110, 110, 255} }},
	{{ {-4857, 2532, -10393}, 0, {-3264, 27138}, {127, 110, 110, 255} }},
	{{ {-4857, 2782, -10393}, 0, {-4636, 27138}, {85, 74, 73, 255} }},
	{{ {-5157, 2782, -10393}, 0, {-4636, 28785}, {85, 74, 73, 255} }},
	{{ {-4389, 2532, -4419}, 0, {-3264, -24186}, {127, 110, 110, 255} }},
	{{ {-4889, 2532, -4419}, 0, {-3264, -26930}, {127, 110, 110, 255} }},
	{{ {-4889, 2782, -4419}, 0, {-4636, -26930}, {85, 74, 73, 255} }},
	{{ {-4389, 2782, -4419}, 0, {-4636, -24186}, {85, 74, 73, 255} }},
	{{ {-4889, 2532, -4419}, 0, {-3264, -22834}, {127, 110, 110, 255} }},
	{{ {-5614, 2532, -4419}, 0, {-3264, -26816}, {127, 110, 110, 255} }},
	{{ {-5614, 2782, -4419}, 0, {-4636, -26816}, {85, 74, 73, 255} }},
	{{ {-4889, 2782, -4419}, 0, {-4636, -22834}, {85, 74, 73, 255} }},
	{{ {-3604, 1832, -3891}, 0, {577, -26360}, {127, 110, 110, 255} }},
	{{ {-3604, 1832, -4119}, 0, {577, -27615}, {127, 110, 110, 255} }},
	{{ {-3604, 2082, -4119}, 0, {-795, -27615}, {85, 74, 73, 255} }},
	{{ {-3604, 2082, -3891}, 0, {-795, -26360}, {85, 74, 73, 255} }},
	{{ {-7250, 2532, -6115}, 0, {-3264, -24292}, {127, 110, 110, 255} }},
	{{ {-7318, 2532, -6736}, 0, {-3264, -27721}, {127, 110, 110, 255} }},
	{{ {-7318, 2782, -6736}, 0, {-4636, -27721}, {85, 74, 73, 255} }},
	{{ {-7250, 2782, -6115}, 0, {-4636, -24292}, {85, 74, 73, 255} }},
	{{ {-2914, 1531, 101}, 0, {2232, -23448}, {127, 110, 110, 255} }},
	{{ {-3442, 1746, -311}, 0, {1049, -27119}, {127, 110, 110, 255} }},
	{{ {-3442, 1996, -311}, 0, {-323, -27119}, {85, 74, 73, 255} }},
	{{ {-2914, 1781, 101}, 0, {860, -23448}, {85, 74, 73, 255} }},
	{{ {-5614, 2532, -4419}, 0, {-3264, -22720}, {127, 110, 110, 255} }},
	{{ {-6422, 2532, -4690}, 0, {-3264, -27396}, {127, 110, 110, 255} }},
	{{ {-6422, 2782, -4690}, 0, {-4636, -27396}, {85, 74, 73, 255} }},
	{{ {-5614, 2782, -4419}, 0, {-4636, -22720}, {85, 74, 73, 255} }},
	{{ {-3442, 1746, -311}, 0, {1049, -25071}, {127, 110, 110, 255} }},
	{{ {-3555, 1832, -855}, 0, {577, -28121}, {127, 110, 110, 255} }},
	{{ {-3555, 2082, -855}, 0, {-795, -28121}, {85, 74, 73, 255} }},
	{{ {-3442, 1996, -311}, 0, {-323, -25071}, {85, 74, 73, 255} }},
	{{ {-6946, 2532, -5305}, 0, {-3264, -23638}, {127, 110, 110, 255} }},
	{{ {-7250, 2532, -6115}, 0, {-3264, -28388}, {127, 110, 110, 255} }},
	{{ {-7250, 2782, -6115}, 0, {-4636, -28388}, {85, 74, 73, 255} }},
	{{ {-6946, 2782, -5305}, 0, {-4636, -23638}, {85, 74, 73, 255} }},
	{{ {3265, 1832, -8894}, 0, {577, 29631}, {127, 110, 110, 255} }},
	{{ {3265, 1348, -7349}, 0, {3233, 21155}, {127, 110, 110, 255} }},
	{{ {3265, 1598, -7349}, 0, {1861, 21155}, {85, 74, 73, 255} }},
	{{ {3265, 2082, -8894}, 0, {-795, 29631}, {85, 74, 73, 255} }},
	{{ {-3555, 1832, -855}, 0, {577, -24025}, {127, 110, 110, 255} }},
	{{ {-3604, 1832, -1553}, 0, {577, -27869}, {127, 110, 110, 255} }},
	{{ {-3604, 2082, -1553}, 0, {-795, -27869}, {85, 74, 73, 255} }},
	{{ {-3555, 2082, -855}, 0, {-795, -24025}, {85, 74, 73, 255} }},
	{{ {3265, 1348, -7349}, 0, {3233, 29347}, {127, 110, 110, 255} }},
	{{ {3265, 1082, -5501}, 0, {4693, 19204}, {127, 110, 110, 255} }},
	{{ {3265, 1332, -5501}, 0, {3321, 19204}, {85, 74, 73, 255} }},
	{{ {3265, 1598, -7349}, 0, {1861, 29347}, {85, 74, 73, 255} }},
	{{ {-7318, 2532, -7840}, 0, {-3264, -25586}, {127, 110, 110, 255} }},
	{{ {-7318, 2532, -8340}, 0, {-3264, -28330}, {127, 110, 110, 255} }},
	{{ {-7318, 2782, -8340}, 0, {-4636, -28330}, {85, 74, 73, 255} }},
	{{ {-7318, 2782, -7840}, 0, {-4636, -25586}, {85, 74, 73, 255} }},
	{{ {-7318, 2532, -7340}, 0, {-3264, -24890}, {127, 110, 110, 255} }},
	{{ {-7318, 2532, -7840}, 0, {-3264, -27634}, {127, 110, 110, 255} }},
	{{ {-7318, 2782, -7840}, 0, {-4636, -27634}, {85, 74, 73, 255} }},
	{{ {-7318, 2782, -7340}, 0, {-4636, -24890}, {85, 74, 73, 255} }},
	{{ {-3604, 1832, -1553}, 0, {577, -23773}, {127, 110, 110, 255} }},
	{{ {-3604, 1832, -2194}, 0, {577, -27289}, {127, 110, 110, 255} }},
	{{ {-3604, 2082, -2194}, 0, {-795, -27289}, {85, 74, 73, 255} }},
	{{ {-3604, 2082, -1553}, 0, {-795, -23773}, {85, 74, 73, 255} }},
	{{ {-7318, 2532, -6736}, 0, {-3264, -23625}, {127, 110, 110, 255} }},
	{{ {-7318, 2532, -7340}, 0, {-3264, -26938}, {127, 110, 110, 255} }},
	{{ {-7318, 2782, -7340}, 0, {-4636, -26938}, {85, 74, 73, 255} }},
	{{ {-7318, 2782, -6736}, 0, {-4636, -23625}, {85, 74, 73, 255} }},
};

Gfx bob_dl_VISUAL_mesh_layer_1_tri_18[] = {
	gsSPVertex(bob_dl_VISUAL_mesh_layer_1_vtx_18 + 0, 30, 0),
	gsSP2Triangles(0, 1, 2, 0, 0, 2, 3, 0),
	gsSP2Triangles(4, 5, 6, 0, 4, 6, 7, 0),
	gsSP2Triangles(8, 9, 10, 0, 8, 10, 11, 0),
	gsSP2Triangles(12, 13, 14, 0, 12, 14, 15, 0),
	gsSP2Triangles(16, 17, 18, 0, 16, 18, 19, 0),
	gsSP2Triangles(20, 21, 22, 0, 20, 22, 23, 0),
	gsSP2Triangles(24, 25, 26, 0, 27, 24, 26, 0),
	gsSP2Triangles(27, 26, 28, 0, 26, 29, 28, 0),
	gsSPVertex(bob_dl_VISUAL_mesh_layer_1_vtx_18 + 30, 30, 0),
	gsSP2Triangles(0, 1, 2, 0, 0, 3, 1, 0),
	gsSP2Triangles(3, 4, 1, 0, 3, 5, 4, 0),
	gsSP2Triangles(5, 6, 4, 0, 5, 7, 6, 0),
	gsSP2Triangles(7, 8, 6, 0, 7, 9, 8, 0),
	gsSP2Triangles(9, 10, 8, 0, 9, 11, 10, 0),
	gsSP2Triangles(11, 12, 10, 0, 11, 13, 12, 0),
	gsSP2Triangles(14, 15, 16, 0, 14, 16, 17, 0),
	gsSP2Triangles(18, 19, 20, 0, 18, 20, 21, 0),
	gsSP2Triangles(22, 18, 21, 0, 22, 21, 23, 0),
	gsSP2Triangles(24, 25, 26, 0, 24, 26, 27, 0),
	gsSP2Triangles(28, 24, 27, 0, 28, 27, 29, 0),
	gsSPVertex(bob_dl_VISUAL_mesh_layer_1_vtx_18 + 60, 32, 0),
	gsSP2Triangles(0, 1, 2, 0, 0, 2, 3, 0),
	gsSP2Triangles(4, 5, 6, 0, 4, 6, 7, 0),
	gsSP2Triangles(8, 9, 10, 0, 8, 10, 11, 0),
	gsSP2Triangles(12, 13, 14, 0, 12, 14, 15, 0),
	gsSP2Triangles(16, 17, 18, 0, 16, 18, 19, 0),
	gsSP2Triangles(20, 21, 22, 0, 20, 22, 23, 0),
	gsSP2Triangles(24, 25, 26, 0, 24, 26, 27, 0),
	gsSP2Triangles(28, 29, 30, 0, 28, 30, 31, 0),
	gsSPVertex(bob_dl_VISUAL_mesh_layer_1_vtx_18 + 92, 32, 0),
	gsSP2Triangles(0, 1, 2, 0, 0, 2, 3, 0),
	gsSP2Triangles(4, 5, 6, 0, 4, 6, 7, 0),
	gsSP2Triangles(8, 9, 10, 0, 8, 10, 11, 0),
	gsSP2Triangles(12, 13, 14, 0, 12, 14, 15, 0),
	gsSP2Triangles(16, 17, 18, 0, 16, 18, 19, 0),
	gsSP2Triangles(20, 21, 22, 0, 20, 22, 23, 0),
	gsSP2Triangles(24, 25, 26, 0, 24, 26, 27, 0),
	gsSP2Triangles(28, 29, 30, 0, 28, 30, 31, 0),
	gsSPVertex(bob_dl_VISUAL_mesh_layer_1_vtx_18 + 124, 8, 0),
	gsSP2Triangles(0, 1, 2, 0, 0, 2, 3, 0),
	gsSP2Triangles(4, 5, 6, 0, 4, 6, 7, 0),
	gsSPEndDisplayList(),
};

Vtx bob_dl_VISUAL_mesh_layer_1_vtx_19[9] = {
	{{ {-1567, 1282, -3362}, 0, {-16, 1008}, {0, 127, 0, 255} }},
	{{ {-1460, 1282, -3255}, 0, {2032, 1008}, {0, 127, 0, 255} }},
	{{ {-1460, 1282, -3362}, 0, {2032, -16}, {0, 127, 0, 255} }},
	{{ {-1460, 1282, -3255}, 0, {-16, 1008}, {0, 127, 0, 255} }},
	{{ {-1353, 1282, -3362}, 0, {2032, 1008}, {0, 127, 0, 255} }},
	{{ {-1353, 1282, -3362}, 0, {-16, 1008}, {0, 127, 0, 255} }},
	{{ {-1460, 1282, -3469}, 0, {2032, 1008}, {0, 127, 0, 255} }},
	{{ {-1460, 1282, -3469}, 0, {-16, 1008}, {0, 127, 0, 255} }},
	{{ {-1567, 1282, -3362}, 0, {2032, 1008}, {0, 127, 0, 255} }},
};

Gfx bob_dl_VISUAL_mesh_layer_1_tri_19[] = {
	gsSPVertex(bob_dl_VISUAL_mesh_layer_1_vtx_19 + 0, 9, 0),
	gsSP2Triangles(0, 1, 2, 0, 3, 4, 2, 0),
	gsSP2Triangles(5, 6, 2, 0, 7, 8, 2, 0),
	gsSPEndDisplayList(),
};

Vtx bob_dl_VISUAL_mesh_layer_1_vtx_20[4] = {
	{{ {-7000, 2200, -9888}, 0, {-16, -16}, {0, 0, 127, 255} }},
	{{ {-7000, 1815, -9888}, 0, {-16, 1008}, {0, 0, 127, 255} }},
	{{ {-6205, 1815, -9888}, 0, {2032, 1008}, {0, 0, 127, 255} }},
	{{ {-6205, 2200, -9888}, 0, {2032, -16}, {0, 0, 127, 255} }},
};

Gfx bob_dl_VISUAL_mesh_layer_1_tri_20[] = {
	gsSPVertex(bob_dl_VISUAL_mesh_layer_1_vtx_20 + 0, 4, 0),
	gsSP2Triangles(0, 1, 2, 0, 0, 2, 3, 0),
	gsSPEndDisplayList(),
};

Vtx bob_dl_VISUAL_mesh_layer_1_vtx_21[9] = {
	{{ {906, 1669, -6238}, 0, {-16, -16}, {0, 127, 0, 255} }},
	{{ {691, 1669, -6238}, 0, {-16, 1008}, {0, 127, 0, 255} }},
	{{ {798, 1669, -6130}, 0, {1008, 1008}, {0, 127, 0, 255} }},
	{{ {691, 1669, -6238}, 0, {-16, -16}, {0, 127, 0, 255} }},
	{{ {691, 1669, -6023}, 0, {-16, 1008}, {0, 127, 0, 255} }},
	{{ {691, 1669, -6023}, 0, {-16, -16}, {0, 127, 0, 255} }},
	{{ {906, 1669, -6023}, 0, {-16, 1008}, {0, 127, 0, 255} }},
	{{ {906, 1669, -6023}, 0, {-16, -16}, {0, 127, 0, 255} }},
	{{ {906, 1669, -6238}, 0, {-16, 1008}, {0, 127, 0, 255} }},
};

Gfx bob_dl_VISUAL_mesh_layer_1_tri_21[] = {
	gsSPVertex(bob_dl_VISUAL_mesh_layer_1_vtx_21 + 0, 9, 0),
	gsSP2Triangles(0, 1, 2, 0, 3, 4, 2, 0),
	gsSP2Triangles(5, 6, 2, 0, 7, 8, 2, 0),
	gsSPEndDisplayList(),
};

Vtx bob_dl_VISUAL_mesh_layer_5_vtx_0[13] = {
	{{ {2105, -268, -4521}, 0, {3570, 8238}, {127, 247, 255, 255} }},
	{{ {2723, -268, -4827}, 0, {5530, 7268}, {127, 247, 255, 255} }},
	{{ {3265, -268, -5501}, 0, {7248, 5130}, {127, 247, 255, 255} }},
	{{ {1847, -268, -4394}, 0, {2752, 8643}, {127, 247, 255, 255} }},
	{{ {-163, -268, -4472}, 0, {-3623, 8394}, {127, 247, 255, 255} }},
	{{ {175, -268, -8894}, 0, {-2552, -5630}, {127, 247, 255, 255} }},
	{{ {3265, -268, -8894}, 0, {7248, -5630}, {127, 247, 255, 255} }},
	{{ {3265, -268, -7349}, 0, {7248, -250}, {127, 247, 255, 255} }},
	{{ {1416, -268, -8894}, 0, {1386, -5630}, {127, 247, 255, 255} }},
	{{ {250, -268, -4394}, 0, {-2315, 8643}, {127, 247, 255, 255} }},
	{{ {-285, -268, -8644}, 0, {-4010, -4840}, {127, 247, 255, 255} }},
	{{ {-575, -268, -8273}, 0, {-4931, -3661}, {127, 247, 255, 255} }},
	{{ {-575, -268, -4738}, 0, {-4931, 7549}, {127, 247, 255, 255} }},
};

Gfx bob_dl_VISUAL_mesh_layer_5_tri_0[] = {
	gsSPVertex(bob_dl_VISUAL_mesh_layer_5_vtx_0 + 0, 13, 0),
	gsSP2Triangles(0, 1, 2, 0, 3, 0, 2, 0),
	gsSP2Triangles(4, 3, 2, 0, 2, 5, 4, 0),
	gsSP2Triangles(2, 6, 5, 0, 2, 7, 6, 0),
	gsSP2Triangles(6, 8, 5, 0, 4, 9, 3, 0),
	gsSP2Triangles(5, 10, 11, 0, 5, 11, 4, 0),
	gsSP1Triangle(11, 12, 4, 0),
	gsSPEndDisplayList(),
};

Vtx bob_dl_VISUAL_mesh_layer_5_vtx_1[94] = {
	{{ {-6135, 1732, -11418}, 0, {-3483, -5727}, {0, 38, 10, 255} }},
	{{ {-5725, 1532, -11488}, 0, {-3109, -5790}, {0, 38, 10, 255} }},
	{{ {-5725, 1532, -12789}, 0, {-3109, -6977}, {0, 38, 10, 0} }},
	{{ {-6179, 2033, -12776}, 0, {-3523, -6966}, {0, 38, 10, 0} }},
	{{ {-7270, 2047, -11051}, 0, {-4518, -5392}, {0, 38, 10, 255} }},
	{{ {-7550, 2349, -12714}, 0, {-4773, -6909}, {0, 38, 10, 0} }},
	{{ {-7886, 2044, -10591}, 0, {-5080, -4973}, {0, 38, 10, 255} }},
	{{ {-8911, 2344, -11715}, 0, {-6014, -5997}, {0, 38, 10, 0} }},
	{{ {-8249, 2039, -9464}, 0, {-5411, -3945}, {0, 38, 10, 255} }},
	{{ {-9356, 2339, -10365}, 0, {-6420, -4766}, {0, 38, 10, 0} }},
	{{ {-8254, 2035, -8591}, 0, {-5415, -3149}, {0, 38, 10, 255} }},
	{{ {-9369, 2335, -9321}, 0, {-6432, -3814}, {0, 38, 10, 0} }},
	{{ {-8255, 2034, -7363}, 0, {-5416, -2030}, {0, 38, 10, 255} }},
	{{ {-9371, 2334, -7832}, 0, {-6434, -2457}, {0, 38, 10, 0} }},
	{{ {-8173, 2034, -6324}, 0, {-5341, -1082}, {0, 38, 10, 255} }},
	{{ {-9273, 2334, -6574}, 0, {-6344, -1310}, {0, 38, 10, 0} }},
	{{ {-7806, 2033, -5344}, 0, {-5007, -188}, {0, 38, 10, 255} }},
	{{ {-8834, 2333, -5394}, 0, {-5944, -234}, {0, 38, 10, 0} }},
	{{ {-7170, 2032, -4598}, 0, {-4427, 492}, {0, 38, 10, 255} }},
	{{ {-8073, 2332, -4494}, 0, {-5251, 587}, {0, 38, 10, 0} }},
	{{ {-6863, 1923, -4236}, 0, {-4147, 822}, {0, 38, 10, 255} }},
	{{ {-7576, 2332, -4088}, 0, {-4797, 958}, {0, 38, 10, 0} }},
	{{ {-6177, 1921, -4009}, 0, {-3521, 1029}, {0, 38, 10, 255} }},
	{{ {-6997, 2330, -3745}, 0, {-4269, 1270}, {0, 38, 10, 0} }},
	{{ {-5718, 1835, -3879}, 0, {-3103, 1148}, {0, 38, 10, 255} }},
	{{ {-6563, 2158, -3527}, 0, {-3873, 1469}, {0, 38, 10, 0} }},
	{{ {-5242, 1693, -3731}, 0, {-2668, 1283}, {0, 38, 10, 255} }},
	{{ {-6003, 2011, -3302}, 0, {-3363, 1674}, {0, 38, 10, 0} }},
	{{ {-4528, 1419, -3696}, 0, {-2017, 1314}, {0, 38, 10, 255} }},
	{{ {-5559, 1730, -2881}, 0, {-2958, 2058}, {0, 38, 10, 0} }},
	{{ {-4330, 1337, -3387}, 0, {-1837, 1596}, {0, 38, 10, 255} }},
	{{ {-5245, 1637, -2388}, 0, {-2672, 2507}, {0, 38, 10, 0} }},
	{{ {-4198, 1335, -3126}, 0, {-1717, 1834}, {0, 38, 10, 255} }},
	{{ {-4330, 1337, -3387}, 0, {-1837, 1596}, {0, 38, 10, 255} }},
	{{ {-5245, 1637, -2388}, 0, {-2672, 2507}, {0, 38, 10, 0} }},
	{{ {-5126, 1636, -1860}, 0, {-2563, 2989}, {0, 38, 10, 0} }},
	{{ {-4147, 1334, -2824}, 0, {-1670, 2109}, {0, 38, 10, 255} }},
	{{ {-5113, 1634, -1267}, 0, {-2551, 3530}, {0, 38, 10, 0} }},
	{{ {-4147, 1334, -2374}, 0, {-1670, 2520}, {0, 38, 10, 255} }},
	{{ {-5074, 1634, -593}, 0, {-2515, 4144}, {0, 38, 10, 0} }},
	{{ {-4147, 1334, -1624}, 0, {-1670, 3204}, {0, 38, 10, 255} }},
	{{ {-5020, 1634, 105}, 0, {-2466, 4781}, {0, 38, 10, 0} }},
	{{ {-4147, 1334, -854}, 0, {-1670, 3906}, {0, 38, 10, 255} }},
	{{ {-4808, 1634, 722}, 0, {-2273, 5344}, {0, 38, 10, 0} }},
	{{ {-4088, 1334, -13}, 0, {-1617, 4673}, {0, 38, 10, 255} }},
	{{ {-4512, 1634, 1101}, 0, {-2003, 5689}, {0, 38, 10, 0} }},
	{{ {-3601, 1247, 650}, 0, {-1172, 5278}, {0, 38, 10, 255} }},
	{{ {-3766, 1547, 1827}, 0, {-1323, 6351}, {0, 38, 10, 0} }},
	{{ {-2956, 1031, 1153}, 0, {-584, 5736}, {0, 38, 10, 255} }},
	{{ {-2989, 1331, 2427}, 0, {-614, 6898}, {0, 38, 10, 0} }},
	{{ {-2229, 785, 1245}, 0, {79, 5820}, {0, 38, 10, 255} }},
	{{ {-2114, 1085, 2538}, 0, {184, 6999}, {0, 38, 10, 0} }},
	{{ {-1616, 643, 1245}, 0, {637, 5820}, {0, 38, 10, 255} }},
	{{ {-1372, 943, 2538}, 0, {860, 6999}, {0, 38, 10, 0} }},
	{{ {-727, 566, 1245}, 0, {1449, 5820}, {0, 38, 10, 255} }},
	{{ {-637, 866, 2538}, 0, {1531, 6999}, {0, 38, 10, 0} }},
	{{ {-185, 82, 1245}, 0, {1942, 5820}, {0, 38, 10, 255} }},
	{{ {-185, 82, 2538}, 0, {1942, 6999}, {0, 38, 10, 0} }},
	{{ {-5357, 1532, -11486}, 0, {-2774, -5789}, {0, 38, 10, 255} }},
	{{ {-4974, 2022, -12788}, 0, {-2425, -6976}, {0, 38, 10, 0} }},
	{{ {-5357, 1532, -12788}, 0, {-2774, -6976}, {0, 38, 10, 0} }},
	{{ {-4974, 1721, -11486}, 0, {-2425, -5789}, {0, 38, 10, 255} }},
	{{ {-4497, 2071, -12770}, 0, {-1989, -6960}, {0, 38, 10, 0} }},
	{{ {-4345, 1770, -11472}, 0, {-1851, -5776}, {0, 38, 10, 255} }},
	{{ {-4345, 1770, -11472}, 0, {-1851, -5776}, {0, 38, 10, 255} }},
	{{ {-2951, 1738, -12777}, 0, {-580, -6966}, {0, 38, 10, 0} }},
	{{ {-4497, 2071, -12770}, 0, {-1989, -6960}, {0, 38, 10, 0} }},
	{{ {-2925, 1438, -11477}, 0, {-556, -5781}, {0, 38, 10, 255} }},
	{{ {-2107, 1633, -12788}, 0, {190, -6977}, {0, 38, 10, 0} }},
	{{ {-2224, 1333, -11487}, 0, {84, -5790}, {0, 38, 10, 255} }},
	{{ {1484, 1633, -12788}, 0, {3465, -6976}, {0, 38, 10, 0} }},
	{{ {760, 1333, -11487}, 0, {2804, -5790}, {0, 38, 10, 255} }},
	{{ {3599, 1633, -12781}, 0, {5393, -6970}, {0, 38, 10, 0} }},
	{{ {2509, 1333, -11487}, 0, {4399, -5790}, {0, 38, 10, 255} }},
	{{ {5399, 1619, -12271}, 0, {7034, -6505}, {0, 38, 10, 0} }},
	{{ {4017, 1320, -11062}, 0, {5774, -5402}, {0, 38, 10, 255} }},
	{{ {5969, 1630, -10933}, 0, {7554, -5284}, {0, 38, 10, 0} }},
	{{ {4492, 1330, -9947}, 0, {6207, -4385}, {0, 38, 10, 255} }},
	{{ {5973, 1146, -8361}, 0, {7558, -2939}, {0, 38, 10, 0} }},
	{{ {4492, 846, -7810}, 0, {6207, -2437}, {0, 38, 10, 255} }},
	{{ {5974, 880, -5692}, 0, {7558, -506}, {0, 38, 10, 0} }},
	{{ {4492, 580, -5592}, 0, {6207, -414}, {0, 38, 10, 255} }},
	{{ {5974, 880, -4277}, 0, {7558, 784}, {0, 38, 10, 0} }},
	{{ {4492, 580, -4416}, 0, {6207, 658}, {0, 38, 10, 255} }},
	{{ {5941, 862, 476}, 0, {7529, 5119}, {0, 38, 10, 0} }},
	{{ {4468, 562, -464}, 0, {6186, 4262}, {0, 38, 10, 255} }},
	{{ {4791, 862, 2028}, 0, {6480, 6534}, {0, 38, 10, 0} }},
	{{ {3870, 562, 636}, 0, {5641, 5265}, {0, 38, 10, 255} }},
	{{ {2808, 862, 2535}, 0, {4672, 6996}, {0, 38, 10, 0} }},
	{{ {2718, 562, 1245}, 0, {4590, 5820}, {0, 38, 10, 255} }},
	{{ {972, 862, 2538}, 0, {2998, 6999}, {0, 38, 10, 0} }},
	{{ {955, 562, 1245}, 0, {2982, 5820}, {0, 38, 10, 255} }},
	{{ {265, 82, 2538}, 0, {2353, 6999}, {0, 38, 10, 0} }},
	{{ {265, 82, 1245}, 0, {2353, 5820}, {0, 38, 10, 255} }},
};

Gfx bob_dl_VISUAL_mesh_layer_5_tri_1[] = {
	gsSPVertex(bob_dl_VISUAL_mesh_layer_5_vtx_1 + 0, 32, 0),
	gsSP2Triangles(0, 1, 2, 0, 0, 2, 3, 0),
	gsSP2Triangles(4, 0, 3, 0, 4, 3, 5, 0),
	gsSP2Triangles(6, 4, 5, 0, 6, 5, 7, 0),
	gsSP2Triangles(8, 6, 7, 0, 8, 7, 9, 0),
	gsSP2Triangles(10, 8, 9, 0, 10, 9, 11, 0),
	gsSP2Triangles(12, 10, 11, 0, 12, 11, 13, 0),
	gsSP2Triangles(14, 12, 13, 0, 14, 13, 15, 0),
	gsSP2Triangles(16, 14, 15, 0, 16, 15, 17, 0),
	gsSP2Triangles(18, 16, 17, 0, 18, 17, 19, 0),
	gsSP2Triangles(20, 18, 19, 0, 20, 19, 21, 0),
	gsSP2Triangles(22, 20, 21, 0, 22, 21, 23, 0),
	gsSP2Triangles(24, 22, 23, 0, 24, 23, 25, 0),
	gsSP2Triangles(26, 24, 25, 0, 26, 25, 27, 0),
	gsSP2Triangles(28, 26, 27, 0, 28, 27, 29, 0),
	gsSP2Triangles(30, 28, 29, 0, 30, 29, 31, 0),
	gsSPVertex(bob_dl_VISUAL_mesh_layer_5_vtx_1 + 32, 32, 0),
	gsSP2Triangles(0, 1, 2, 0, 0, 2, 3, 0),
	gsSP2Triangles(4, 0, 3, 0, 4, 3, 5, 0),
	gsSP2Triangles(6, 4, 5, 0, 6, 5, 7, 0),
	gsSP2Triangles(8, 6, 7, 0, 8, 7, 9, 0),
	gsSP2Triangles(10, 8, 9, 0, 10, 9, 11, 0),
	gsSP2Triangles(12, 10, 11, 0, 12, 11, 13, 0),
	gsSP2Triangles(14, 12, 13, 0, 14, 13, 15, 0),
	gsSP2Triangles(16, 14, 15, 0, 16, 15, 17, 0),
	gsSP2Triangles(18, 16, 17, 0, 18, 17, 19, 0),
	gsSP2Triangles(20, 18, 19, 0, 20, 19, 21, 0),
	gsSP2Triangles(22, 20, 21, 0, 22, 21, 23, 0),
	gsSP2Triangles(24, 22, 23, 0, 24, 23, 25, 0),
	gsSP2Triangles(26, 27, 28, 0, 26, 29, 27, 0),
	gsSP2Triangles(29, 30, 27, 0, 29, 31, 30, 0),
	gsSPVertex(bob_dl_VISUAL_mesh_layer_5_vtx_1 + 64, 30, 0),
	gsSP2Triangles(0, 1, 2, 0, 0, 3, 1, 0),
	gsSP2Triangles(3, 4, 1, 0, 3, 5, 4, 0),
	gsSP2Triangles(5, 6, 4, 0, 5, 7, 6, 0),
	gsSP2Triangles(7, 8, 6, 0, 7, 9, 8, 0),
	gsSP2Triangles(9, 10, 8, 0, 9, 11, 10, 0),
	gsSP2Triangles(11, 12, 10, 0, 11, 13, 12, 0),
	gsSP2Triangles(13, 14, 12, 0, 13, 15, 14, 0),
	gsSP2Triangles(15, 16, 14, 0, 15, 17, 16, 0),
	gsSP2Triangles(17, 18, 16, 0, 17, 19, 18, 0),
	gsSP2Triangles(19, 20, 18, 0, 19, 21, 20, 0),
	gsSP2Triangles(21, 22, 20, 0, 21, 23, 22, 0),
	gsSP2Triangles(23, 24, 22, 0, 23, 25, 24, 0),
	gsSP2Triangles(25, 26, 24, 0, 25, 27, 26, 0),
	gsSP2Triangles(27, 28, 26, 0, 27, 29, 28, 0),
	gsSPEndDisplayList(),
};

Vtx bob_dl_VISUAL_mesh_layer_5_vtx_2[8] = {
	{{ {-5725, 1532, -11488}, 0, {-7704, -24641}, {255, 255, 255, 255} }},
	{{ {-5357, 1532, -11486}, 0, {-6687, -24639}, {255, 255, 255, 255} }},
	{{ {-5357, 1532, -12788}, 0, {-6687, -28240}, {255, 255, 255, 0} }},
	{{ {-5725, 1532, -12789}, 0, {-7704, -28244}, {255, 255, 255, 0} }},
	{{ {265, 82, 1245}, 0, {8872, 10599}, {255, 255, 255, 255} }},
	{{ {-185, 82, 1245}, 0, {7626, 10599}, {255, 255, 255, 255} }},
	{{ {-185, 82, 2538}, 0, {7626, 14178}, {255, 255, 255, 0} }},
	{{ {265, 82, 2538}, 0, {8872, 14178}, {255, 255, 255, 0} }},
};

Gfx bob_dl_VISUAL_mesh_layer_5_tri_2[] = {
	gsSPVertex(bob_dl_VISUAL_mesh_layer_5_vtx_2 + 0, 8, 0),
	gsSP2Triangles(0, 1, 2, 0, 0, 2, 3, 0),
	gsSP2Triangles(4, 5, 6, 0, 4, 6, 7, 0),
	gsSPEndDisplayList(),
};

Vtx bob_dl_VISUAL_001_mesh_layer_4_vtx_cull[8] = {
	{{ {-7200, -2000, 8818}, 0, {0, 0}, {0, 0, 0, 0} }},
	{{ {-7200, 3300, 8818}, 0, {0, 0}, {0, 0, 0, 0} }},
	{{ {-7200, 3300, -7655}, 0, {0, 0}, {0, 0, 0, 0} }},
	{{ {-7200, -2000, -7655}, 0, {0, 0}, {0, 0, 0, 0} }},
	{{ {7200, -2000, 8818}, 0, {0, 0}, {0, 0, 0, 0} }},
	{{ {7200, 3300, 8818}, 0, {0, 0}, {0, 0, 0, 0} }},
	{{ {7200, 3300, -7655}, 0, {0, 0}, {0, 0, 0, 0} }},
	{{ {7200, -2000, -7655}, 0, {0, 0}, {0, 0, 0, 0} }},
};

Vtx bob_dl_VISUAL_001_mesh_layer_4_vtx_0[36] = {
	{{ {184, 1000, 8068}, 0, {20677, 1859}, {129, 0, 0, 188} }},
	{{ {184, 3000, 8068}, 0, {20677, 157}, {129, 0, 0, 188} }},
	{{ {184, 3000, 7318}, 0, {20038, 157}, {129, 0, 0, 255} }},
	{{ {184, 1000, 7318}, 0, {20038, 1859}, {129, 0, 0, 255} }},
	{{ {184, 3000, 6218}, 0, {19102, 157}, {158, 0, 175, 255} }},
	{{ {184, 1000, 6218}, 0, {19102, 1859}, {151, 0, 185, 255} }},
	{{ {1591, 3300, 5822}, 0, {18053, 157}, {218, 0, 135, 255} }},
	{{ {1591, 1300, 5822}, 0, {18053, 1859}, {219, 0, 135, 255} }},
	{{ {2758, 3300, 5427}, 0, {17005, 157}, {215, 0, 136, 255} }},
	{{ {2758, 1300, 5427}, 0, {17005, 1859}, {215, 0, 136, 255} }},
	{{ {5091, 3300, 4636}, 0, {14908, 157}, {169, 0, 163, 255} }},
	{{ {5091, 1300, 4636}, 0, {14908, 1859}, {169, 0, 163, 255} }},
	{{ {7200, 3300, -455}, 0, {10217, 157}, {129, 0, 0, 255} }},
	{{ {7200, 1300, -455}, 0, {10217, 1859}, {129, 0, 0, 255} }},
	{{ {5091, 3300, -5546}, 0, {5526, 157}, {166, 0, 90, 255} }},
	{{ {5091, 1300, -5546}, 0, {5526, 1859}, {166, 0, 90, 255} }},
	{{ {0, 3300, -7655}, 0, {835, 157}, {0, 0, 127, 255} }},
	{{ {0, 1300, -7655}, 0, {835, 1859}, {0, 0, 127, 255} }},
	{{ {-5091, 3300, -5546}, 0, {-3856, 157}, {90, 0, 90, 255} }},
	{{ {-5091, 1300, -5546}, 0, {-3856, 1859}, {90, 0, 90, 255} }},
	{{ {-7200, 3300, -455}, 0, {-8546, 157}, {127, 0, 0, 255} }},
	{{ {-7200, 1300, -455}, 0, {-8546, 1859}, {127, 0, 0, 255} }},
	{{ {-5091, 3300, 4636}, 0, {-13237, 157}, {87, 0, 163, 255} }},
	{{ {-5091, 1300, 4636}, 0, {-13237, 1859}, {87, 0, 163, 255} }},
	{{ {-2758, 3300, 5427}, 0, {-15334, 157}, {41, 0, 136, 255} }},
	{{ {-2758, 1300, 5427}, 0, {-15334, 1859}, {41, 0, 136, 255} }},
	{{ {-1591, 3300, 5822}, 0, {-16383, 157}, {38, 0, 135, 255} }},
	{{ {-1591, 1300, 5822}, 0, {-16383, 1859}, {37, 0, 135, 255} }},
	{{ {-184, 3000, 6218}, 0, {-17432, 157}, {98, 0, 175, 255} }},
	{{ {-184, 1000, 6218}, 0, {-17432, 1859}, {105, 0, 185, 255} }},
	{{ {-184, 3000, 7318}, 0, {-18368, 157}, {127, 0, 0, 255} }},
	{{ {-184, 1000, 7318}, 0, {-18368, 1859}, {127, 0, 0, 255} }},
	{{ {-184, 1000, 7318}, 0, {-18368, 1859}, {127, 0, 0, 255} }},
	{{ {-184, 3000, 7318}, 0, {-18368, 157}, {127, 0, 0, 255} }},
	{{ {-184, 3000, 8068}, 0, {-19006, 157}, {127, 0, 0, 188} }},
	{{ {-184, 1000, 8068}, 0, {-19006, 1859}, {127, 0, 0, 188} }},
};

Gfx bob_dl_VISUAL_001_mesh_layer_4_tri_0[] = {
	gsSPVertex(bob_dl_VISUAL_001_mesh_layer_4_vtx_0 + 0, 32, 0),
	gsSP2Triangles(0, 1, 2, 0, 0, 2, 3, 0),
	gsSP2Triangles(3, 2, 4, 0, 3, 4, 5, 0),
	gsSP2Triangles(5, 4, 6, 0, 5, 6, 7, 0),
	gsSP2Triangles(7, 6, 8, 0, 7, 8, 9, 0),
	gsSP2Triangles(9, 8, 10, 0, 9, 10, 11, 0),
	gsSP2Triangles(11, 10, 12, 0, 11, 12, 13, 0),
	gsSP2Triangles(13, 12, 14, 0, 13, 14, 15, 0),
	gsSP2Triangles(15, 14, 16, 0, 15, 16, 17, 0),
	gsSP2Triangles(17, 16, 18, 0, 17, 18, 19, 0),
	gsSP2Triangles(19, 18, 20, 0, 19, 20, 21, 0),
	gsSP2Triangles(21, 20, 22, 0, 21, 22, 23, 0),
	gsSP2Triangles(23, 22, 24, 0, 23, 24, 25, 0),
	gsSP2Triangles(25, 24, 26, 0, 25, 26, 27, 0),
	gsSP2Triangles(27, 26, 28, 0, 27, 28, 29, 0),
	gsSP2Triangles(29, 28, 30, 0, 29, 30, 31, 0),
	gsSPVertex(bob_dl_VISUAL_001_mesh_layer_4_vtx_0 + 32, 4, 0),
	gsSP2Triangles(0, 1, 2, 0, 0, 2, 3, 0),
	gsSPEndDisplayList(),
};

Vtx bob_dl_VISUAL_001_mesh_layer_1_vtx_cull[8] = {
	{{ {-7200, -2000, 8818}, 0, {0, 0}, {0, 0, 0, 0} }},
	{{ {-7200, 3300, 8818}, 0, {0, 0}, {0, 0, 0, 0} }},
	{{ {-7200, 3300, -7655}, 0, {0, 0}, {0, 0, 0, 0} }},
	{{ {-7200, -2000, -7655}, 0, {0, 0}, {0, 0, 0, 0} }},
	{{ {7200, -2000, 8818}, 0, {0, 0}, {0, 0, 0, 0} }},
	{{ {7200, 3300, 8818}, 0, {0, 0}, {0, 0, 0, 0} }},
	{{ {7200, 3300, -7655}, 0, {0, 0}, {0, 0, 0, 0} }},
	{{ {7200, -2000, -7655}, 0, {0, 0}, {0, 0, 0, 0} }},
};

Vtx bob_dl_VISUAL_001_mesh_layer_1_vtx_0[9] = {
	{{ {0, 0, -1600}, 0, {510, -3013}, {255, 206, 110, 255} }},
	{{ {-1131, 0, -1131}, 0, {-2105, -1930}, {255, 206, 110, 255} }},
	{{ {0, 0, 0}, 0, {510, 686}, {190, 149, 78, 255} }},
	{{ {-1600, 0, 0}, 0, {-3189, 686}, {255, 206, 110, 255} }},
	{{ {-1131, 0, 1131}, 0, {-2105, 3302}, {255, 206, 110, 255} }},
	{{ {0, 0, 1600}, 0, {510, 4385}, {255, 206, 110, 255} }},
	{{ {1131, 0, 1131}, 0, {3126, 3302}, {255, 206, 110, 255} }},
	{{ {1600, 0, 0}, 0, {4210, 686}, {255, 206, 110, 255} }},
	{{ {1131, 0, -1131}, 0, {3126, -1930}, {255, 206, 110, 255} }},
};

Gfx bob_dl_VISUAL_001_mesh_layer_1_tri_0[] = {
	gsSPVertex(bob_dl_VISUAL_001_mesh_layer_1_vtx_0 + 0, 9, 0),
	gsSP2Triangles(0, 1, 2, 0, 1, 3, 2, 0),
	gsSP2Triangles(3, 4, 2, 0, 4, 5, 2, 0),
	gsSP2Triangles(5, 6, 2, 0, 6, 7, 2, 0),
	gsSP2Triangles(7, 8, 2, 0, 8, 0, 2, 0),
	gsSPEndDisplayList(),
};

Vtx bob_dl_VISUAL_001_mesh_layer_1_vtx_1[26] = {
	{{ {742, 0, 2092}, 0, {8792, -16}, {255, 255, 255, 255} }},
	{{ {184, -1300, 2224}, 0, {9515, 2032}, {0, 0, 0, 255} }},
	{{ {184, 0, 2224}, 0, {9515, -16}, {255, 255, 255, 255} }},
	{{ {742, -1300, 2092}, 0, {8792, 2032}, {0, 0, 0, 255} }},
	{{ {1061, 0, 1961}, 0, {8358, -16}, {255, 255, 255, 255} }},
	{{ {1061, -1300, 1961}, 0, {8358, 2032}, {0, 0, 0, 255} }},
	{{ {1697, 0, 1697}, 0, {7490, -16}, {255, 255, 255, 255} }},
	{{ {1697, -1300, 1697}, 0, {7490, 2032}, {0, 0, 0, 255} }},
	{{ {2400, 0, 0}, 0, {5175, -16}, {255, 255, 255, 255} }},
	{{ {2400, -1300, 0}, 0, {5175, 2032}, {0, 0, 0, 255} }},
	{{ {1697, 0, -1697}, 0, {2860, -16}, {255, 255, 255, 255} }},
	{{ {1697, -1300, -1697}, 0, {2860, 2032}, {0, 0, 0, 255} }},
	{{ {0, 0, -2400}, 0, {545, -16}, {255, 255, 255, 255} }},
	{{ {0, -1300, -2400}, 0, {545, 2032}, {0, 0, 0, 255} }},
	{{ {-1697, 0, -1697}, 0, {-1770, -16}, {255, 255, 255, 255} }},
	{{ {-1697, -1300, -1697}, 0, {-1770, 2032}, {0, 0, 0, 255} }},
	{{ {-2400, 0, 0}, 0, {-4085, -16}, {255, 255, 255, 255} }},
	{{ {-2400, -1300, 0}, 0, {-4085, 2032}, {0, 0, 0, 255} }},
	{{ {-1697, 0, 1697}, 0, {-6400, -16}, {255, 255, 255, 255} }},
	{{ {-1697, -1300, 1697}, 0, {-6400, 2032}, {0, 0, 0, 255} }},
	{{ {-1061, 0, 1961}, 0, {-7269, -16}, {255, 255, 255, 255} }},
	{{ {-1061, -1300, 1961}, 0, {-7269, 2032}, {0, 0, 0, 255} }},
	{{ {-742, 0, 2092}, 0, {-7703, -16}, {255, 255, 255, 255} }},
	{{ {-742, -1300, 2092}, 0, {-7703, 2032}, {0, 0, 0, 255} }},
	{{ {-184, 0, 2224}, 0, {-8426, -16}, {255, 255, 255, 255} }},
	{{ {-184, -1300, 2224}, 0, {-8426, 2032}, {0, 0, 0, 255} }},
};

Gfx bob_dl_VISUAL_001_mesh_layer_1_tri_1[] = {
	gsSPVertex(bob_dl_VISUAL_001_mesh_layer_1_vtx_1 + 0, 26, 0),
	gsSP2Triangles(0, 1, 2, 0, 0, 3, 1, 0),
	gsSP2Triangles(4, 3, 0, 0, 4, 5, 3, 0),
	gsSP2Triangles(6, 5, 4, 0, 6, 7, 5, 0),
	gsSP2Triangles(8, 7, 6, 0, 8, 9, 7, 0),
	gsSP2Triangles(10, 9, 8, 0, 10, 11, 9, 0),
	gsSP2Triangles(12, 11, 10, 0, 12, 13, 11, 0),
	gsSP2Triangles(14, 13, 12, 0, 14, 15, 13, 0),
	gsSP2Triangles(16, 15, 14, 0, 16, 17, 15, 0),
	gsSP2Triangles(18, 17, 16, 0, 18, 19, 17, 0),
	gsSP2Triangles(20, 19, 18, 0, 20, 21, 19, 0),
	gsSP2Triangles(22, 21, 20, 0, 22, 23, 21, 0),
	gsSP2Triangles(24, 23, 22, 0, 24, 25, 23, 0),
	gsSPEndDisplayList(),
};

Vtx bob_dl_VISUAL_001_mesh_layer_1_vtx_2[124] = {
	{{ {-742, 0, 2092}, 0, {608, 2597}, {116, 255, 158, 255} }},
	{{ {-184, 0, 3223}, 0, {792, 3250}, {116, 255, 158, 255} }},
	{{ {-184, 0, 2224}, 0, {792, 2673}, {116, 255, 158, 255} }},
	{{ {-955, 300, 3025}, 0, {485, 3136}, {116, 255, 158, 255} }},
	{{ {-1061, 0, 1961}, 0, {424, 2521}, {116, 255, 158, 255} }},
	{{ {-1485, 300, 2827}, 0, {179, 3022}, {116, 255, 158, 255} }},
	{{ {-1697, 0, 1697}, 0, {56, 2369}, {116, 255, 158, 255} }},
	{{ {-2546, 300, 2432}, 0, {-435, 2793}, {116, 255, 158, 255} }},
	{{ {-2400, 0, 0}, 0, {-350, 1388}, {116, 255, 158, 255} }},
	{{ {-3600, 300, -114}, 0, {-1044, 1322}, {116, 255, 158, 255} }},
	{{ {-1697, 0, -1697}, 0, {56, 407}, {116, 255, 158, 255} }},
	{{ {-2546, 300, -2659}, 0, {-435, -150}, {116, 255, 158, 255} }},
	{{ {0, 0, -2400}, 0, {1037, 0}, {116, 255, 158, 255} }},
	{{ {0, 300, -3714}, 0, {1037, -759}, {116, 255, 158, 255} }},
	{{ {1697, 0, -1697}, 0, {2018, 407}, {116, 255, 158, 255} }},
	{{ {2546, 300, -2659}, 0, {2508, -150}, {116, 255, 158, 255} }},
	{{ {2400, 0, 0}, 0, {2424, 1388}, {116, 255, 158, 255} }},
	{{ {3600, 300, -114}, 0, {3118, 1322}, {116, 255, 158, 255} }},
	{{ {1697, 0, 1697}, 0, {2018, 2369}, {116, 255, 158, 255} }},
	{{ {2546, 300, 2432}, 0, {2508, 2793}, {116, 255, 158, 255} }},
	{{ {1061, 0, 1961}, 0, {1650, 2521}, {116, 255, 158, 255} }},
	{{ {1485, 300, 2827}, 0, {1895, 3022}, {116, 255, 158, 255} }},
	{{ {742, 0, 2092}, 0, {1466, 2597}, {116, 255, 158, 255} }},
	{{ {955, 300, 3025}, 0, {1589, 3136}, {116, 255, 158, 255} }},
	{{ {184, 0, 2224}, 0, {1282, 2673}, {116, 255, 158, 255} }},
	{{ {184, 0, 3223}, 0, {1282, 3250}, {116, 255, 158, 255} }},
	{{ {1114, 700, 3724}, 0, {1681, 3540}, {116, 255, 158, 255} }},
	{{ {184, 100, 3971}, 0, {1282, 3683}, {116, 255, 158, 255} }},
	{{ {1273, 1000, 4424}, 0, {1772, 3944}, {116, 255, 158, 255} }},
	{{ {184, 400, 4720}, 0, {1282, 4116}, {116, 255, 158, 255} }},
	{{ {1432, 1200, 5123}, 0, {1864, 4349}, {116, 255, 158, 255} }},
	{{ {184, 800, 5469}, 0, {1282, 4549}, {116, 255, 158, 255} }},
	{{ {1273, 1000, 4424}, 0, {1772, 3944}, {116, 255, 158, 255} }},
	{{ {1432, 1200, 5123}, 0, {1864, 4349}, {116, 255, 158, 255} }},
	{{ {2440, 1200, 4777}, 0, {2447, 4149}, {116, 255, 158, 255} }},
	{{ {2121, 1000, 4127}, 0, {2263, 3773}, {116, 255, 158, 255} }},
	{{ {4455, 1200, 4085}, 0, {3612, 3749}, {116, 255, 158, 255} }},
	{{ {3818, 1000, 3534}, 0, {3244, 3430}, {116, 255, 158, 255} }},
	{{ {6300, 1200, -370}, 0, {4678, 1174}, {116, 255, 158, 255} }},
	{{ {7200, 1300, -455}, 0, {5198, 1124}, {13, 153, 41, 255} }},
	{{ {5091, 1300, 4636}, 0, {3980, 4067}, {0, 153, 40, 255} }},
	{{ {2440, 1200, 4777}, 0, {2447, 4149}, {116, 255, 158, 255} }},
	{{ {2758, 1300, 5427}, 0, {2631, 4524}, {97, 239, 133, 255} }},
	{{ {1432, 1200, 5123}, 0, {1864, 4349}, {94, 231, 128, 255} }},
	{{ {1591, 1300, 5822}, 0, {1956, 4753}, {7, 153, 40, 255} }},
	{{ {184, 800, 5469}, 0, {1282, 4549}, {116, 255, 158, 255} }},
	{{ {184, 1000, 6218}, 0, {1282, 4981}, {0, 153, 40, 255} }},
	{{ {5091, 1300, -5546}, 0, {3980, -1818}, {10, 153, 41, 255} }},
	{{ {4455, 1200, -4825}, 0, {3612, -1401}, {116, 255, 158, 255} }},
	{{ {0, 1300, -7655}, 0, {1037, -3037}, {27, 155, 48, 255} }},
	{{ {0, 1200, -6670}, 0, {1037, -2468}, {116, 255, 158, 255} }},
	{{ {-5091, 1300, -5546}, 0, {-1906, -1818}, {20, 154, 44, 255} }},
	{{ {-4455, 1200, -4825}, 0, {-1538, -1401}, {116, 255, 158, 255} }},
	{{ {-7200, 1300, -455}, 0, {-3125, 1124}, {49, 165, 71, 255} }},
	{{ {-6300, 1200, -370}, 0, {-2605, 1174}, {116, 255, 158, 255} }},
	{{ {-5091, 1300, 4636}, 0, {-1906, 4067}, {12, 153, 41, 255} }},
	{{ {-4455, 1200, 4085}, 0, {-1538, 3749}, {116, 255, 158, 255} }},
	{{ {-2758, 1300, 5427}, 0, {-557, 4524}, {97, 237, 133, 255} }},
	{{ {-2440, 1200, 4777}, 0, {-373, 4149}, {116, 255, 158, 255} }},
	{{ {-1591, 1300, 5822}, 0, {117, 4753}, {116, 255, 158, 255} }},
	{{ {-1432, 1200, 5123}, 0, {209, 4349}, {76, 200, 105, 255} }},
	{{ {-184, 1000, 6218}, 0, {792, 4981}, {0, 153, 40, 255} }},
	{{ {-184, 800, 5469}, 0, {792, 4549}, {116, 255, 158, 255} }},
	{{ {-3818, 1000, 3534}, 0, {-1170, 3430}, {116, 255, 158, 255} }},
	{{ {-5400, 1000, -285}, 0, {-2084, 1223}, {116, 255, 158, 255} }},
	{{ {-4455, 1200, 4085}, 0, {-1538, 3749}, {116, 255, 158, 255} }},
	{{ {-3818, 1000, 3534}, 0, {-1170, 3430}, {116, 255, 158, 255} }},
	{{ {-4500, 700, -199}, 0, {-1564, 1272}, {116, 255, 158, 255} }},
	{{ {-3182, 700, 2983}, 0, {-802, 3112}, {116, 255, 158, 255} }},
	{{ {-2121, 1000, 4127}, 0, {-189, 3773}, {116, 255, 158, 255} }},
	{{ {-2440, 1200, 4777}, 0, {-373, 4149}, {116, 255, 158, 255} }},
	{{ {-1432, 1200, 5123}, 0, {209, 4349}, {116, 255, 158, 255} }},
	{{ {-1273, 1000, 4424}, 0, {301, 3944}, {116, 255, 158, 255} }},
	{{ {-184, 800, 5469}, 0, {792, 4549}, {116, 255, 158, 255} }},
	{{ {-184, 400, 4720}, 0, {792, 4116}, {116, 255, 158, 255} }},
	{{ {-1114, 700, 3724}, 0, {393, 3540}, {116, 255, 158, 255} }},
	{{ {-184, 100, 3971}, 0, {792, 3683}, {116, 255, 158, 255} }},
	{{ {-955, 300, 3025}, 0, {485, 3136}, {116, 255, 158, 255} }},
	{{ {-184, 0, 3223}, 0, {792, 3250}, {116, 255, 158, 255} }},
	{{ {-1485, 300, 2827}, 0, {179, 3022}, {116, 255, 158, 255} }},
	{{ {-1803, 700, 3477}, 0, {-5, 3397}, {116, 255, 158, 255} }},
	{{ {-2546, 300, 2432}, 0, {-435, 2793}, {116, 255, 158, 255} }},
	{{ {-3600, 300, -114}, 0, {-1044, 1322}, {116, 255, 158, 255} }},
	{{ {-2546, 300, -2659}, 0, {-435, -150}, {116, 255, 158, 255} }},
	{{ {-3182, 700, -3381}, 0, {-802, -567}, {116, 255, 158, 255} }},
	{{ {0, 300, -3714}, 0, {1037, -759}, {116, 255, 158, 255} }},
	{{ {0, 700, -4699}, 0, {1037, -1329}, {116, 255, 158, 255} }},
	{{ {2546, 300, -2659}, 0, {2508, -150}, {116, 255, 158, 255} }},
	{{ {3182, 700, -3381}, 0, {2876, -567}, {116, 255, 158, 255} }},
	{{ {3600, 300, -114}, 0, {3118, 1322}, {116, 255, 158, 255} }},
	{{ {4500, 700, -199}, 0, {3638, 1272}, {116, 255, 158, 255} }},
	{{ {2546, 300, 2432}, 0, {2508, 2793}, {116, 255, 158, 255} }},
	{{ {3182, 700, 2983}, 0, {2876, 3112}, {116, 255, 158, 255} }},
	{{ {1485, 300, 2827}, 0, {1895, 3022}, {116, 255, 158, 255} }},
	{{ {1803, 700, 3477}, 0, {2079, 3397}, {116, 255, 158, 255} }},
	{{ {955, 300, 3025}, 0, {1589, 3136}, {116, 255, 158, 255} }},
	{{ {955, 300, 3025}, 0, {1589, 3136}, {116, 255, 158, 255} }},
	{{ {1114, 700, 3724}, 0, {1681, 3540}, {116, 255, 158, 255} }},
	{{ {1803, 700, 3477}, 0, {2079, 3397}, {116, 255, 158, 255} }},
	{{ {2121, 1000, 4127}, 0, {2263, 3773}, {116, 255, 158, 255} }},
	{{ {1273, 1000, 4424}, 0, {1772, 3944}, {116, 255, 158, 255} }},
	{{ {3818, 1000, 3534}, 0, {3244, 3430}, {116, 255, 158, 255} }},
	{{ {3182, 700, 2983}, 0, {2876, 3112}, {116, 255, 158, 255} }},
	{{ {5400, 1000, -285}, 0, {4158, 1223}, {116, 255, 158, 255} }},
	{{ {6300, 1200, -370}, 0, {4678, 1174}, {116, 255, 158, 255} }},
	{{ {4455, 1200, -4825}, 0, {3612, -1401}, {116, 255, 158, 255} }},
	{{ {3818, 1000, -4103}, 0, {3244, -984}, {116, 255, 158, 255} }},
	{{ {0, 1200, -6670}, 0, {1037, -2468}, {116, 255, 158, 255} }},
	{{ {0, 1000, -5685}, 0, {1037, -1898}, {116, 255, 158, 255} }},
	{{ {-4455, 1200, -4825}, 0, {-1538, -1401}, {116, 255, 158, 255} }},
	{{ {-3818, 1000, -4103}, 0, {-1170, -984}, {116, 255, 158, 255} }},
	{{ {-6300, 1200, -370}, 0, {-2605, 1174}, {116, 255, 158, 255} }},
	{{ {-5400, 1000, -285}, 0, {-2084, 1223}, {116, 255, 158, 255} }},
	{{ {-4455, 1200, 4085}, 0, {-1538, 3749}, {116, 255, 158, 255} }},
	{{ {-3182, 700, -3381}, 0, {-802, -567}, {116, 255, 158, 255} }},
	{{ {0, 700, -4699}, 0, {1037, -1329}, {116, 255, 158, 255} }},
	{{ {3182, 700, -3381}, 0, {2876, -567}, {116, 255, 158, 255} }},
	{{ {4500, 700, -199}, 0, {3638, 1272}, {116, 255, 158, 255} }},
	{{ {-4500, 700, -199}, 0, {-1564, 1272}, {116, 255, 158, 255} }},
	{{ {-3182, 700, 2983}, 0, {-802, 3112}, {116, 255, 158, 255} }},
	{{ {-2121, 1000, 4127}, 0, {-189, 3773}, {116, 255, 158, 255} }},
	{{ {-1803, 700, 3477}, 0, {-5, 3397}, {116, 255, 158, 255} }},
	{{ {-1273, 1000, 4424}, 0, {301, 3944}, {116, 255, 158, 255} }},
	{{ {-1114, 700, 3724}, 0, {393, 3540}, {116, 255, 158, 255} }},
};

Gfx bob_dl_VISUAL_001_mesh_layer_1_tri_2[] = {
	gsSPVertex(bob_dl_VISUAL_001_mesh_layer_1_vtx_2 + 0, 32, 0),
	gsSP2Triangles(0, 1, 2, 0, 0, 3, 1, 0),
	gsSP2Triangles(4, 3, 0, 0, 4, 5, 3, 0),
	gsSP2Triangles(6, 5, 4, 0, 6, 7, 5, 0),
	gsSP2Triangles(8, 7, 6, 0, 8, 9, 7, 0),
	gsSP2Triangles(10, 9, 8, 0, 10, 11, 9, 0),
	gsSP2Triangles(12, 11, 10, 0, 12, 13, 11, 0),
	gsSP2Triangles(14, 13, 12, 0, 14, 15, 13, 0),
	gsSP2Triangles(16, 15, 14, 0, 16, 17, 15, 0),
	gsSP2Triangles(18, 17, 16, 0, 18, 19, 17, 0),
	gsSP2Triangles(20, 19, 18, 0, 20, 21, 19, 0),
	gsSP2Triangles(22, 21, 20, 0, 22, 23, 21, 0),
	gsSP2Triangles(24, 23, 22, 0, 24, 25, 23, 0),
	gsSP2Triangles(25, 26, 23, 0, 25, 27, 26, 0),
	gsSP2Triangles(27, 28, 26, 0, 27, 29, 28, 0),
	gsSP2Triangles(29, 30, 28, 0, 29, 31, 30, 0),
	gsSPVertex(bob_dl_VISUAL_001_mesh_layer_1_vtx_2 + 32, 32, 0),
	gsSP2Triangles(0, 1, 2, 0, 0, 2, 3, 0),
	gsSP2Triangles(3, 2, 4, 0, 3, 4, 5, 0),
	gsSP2Triangles(5, 4, 6, 0, 4, 7, 6, 0),
	gsSP2Triangles(4, 8, 7, 0, 9, 8, 4, 0),
	gsSP2Triangles(9, 10, 8, 0, 11, 10, 9, 0),
	gsSP2Triangles(11, 12, 10, 0, 13, 12, 11, 0),
	gsSP2Triangles(13, 14, 12, 0, 6, 7, 15, 0),
	gsSP2Triangles(6, 15, 16, 0, 16, 15, 17, 0),
	gsSP2Triangles(16, 17, 18, 0, 18, 17, 19, 0),
	gsSP2Triangles(18, 19, 20, 0, 20, 19, 21, 0),
	gsSP2Triangles(20, 21, 22, 0, 22, 21, 23, 0),
	gsSP2Triangles(22, 23, 24, 0, 24, 23, 25, 0),
	gsSP2Triangles(24, 25, 26, 0, 26, 25, 27, 0),
	gsSP2Triangles(26, 27, 28, 0, 28, 27, 29, 0),
	gsSP2Triangles(28, 29, 30, 0, 31, 24, 26, 0),
	gsSPVertex(bob_dl_VISUAL_001_mesh_layer_1_vtx_2 + 64, 32, 0),
	gsSP2Triangles(0, 1, 2, 0, 3, 0, 2, 0),
	gsSP2Triangles(3, 2, 4, 0, 4, 2, 5, 0),
	gsSP2Triangles(2, 6, 5, 0, 5, 6, 7, 0),
	gsSP2Triangles(5, 7, 8, 0, 8, 7, 9, 0),
	gsSP2Triangles(8, 9, 10, 0, 11, 8, 10, 0),
	gsSP2Triangles(11, 10, 12, 0, 13, 11, 12, 0),
	gsSP2Triangles(13, 12, 14, 0, 15, 11, 13, 0),
	gsSP2Triangles(15, 16, 11, 0, 17, 16, 15, 0),
	gsSP2Triangles(17, 4, 16, 0, 18, 4, 17, 0),
	gsSP2Triangles(18, 3, 4, 0, 19, 3, 18, 0),
	gsSP2Triangles(19, 20, 3, 0, 21, 20, 19, 0),
	gsSP2Triangles(21, 22, 20, 0, 23, 22, 21, 0),
	gsSP2Triangles(23, 24, 22, 0, 25, 24, 23, 0),
	gsSP2Triangles(25, 26, 24, 0, 27, 26, 25, 0),
	gsSP2Triangles(27, 28, 26, 0, 29, 28, 27, 0),
	gsSP2Triangles(29, 30, 28, 0, 31, 30, 29, 0),
	gsSPVertex(bob_dl_VISUAL_001_mesh_layer_1_vtx_2 + 96, 28, 0),
	gsSP2Triangles(0, 1, 2, 0, 1, 3, 2, 0),
	gsSP2Triangles(1, 4, 3, 0, 2, 3, 5, 0),
	gsSP2Triangles(2, 5, 6, 0, 6, 5, 7, 0),
	gsSP2Triangles(5, 8, 7, 0, 7, 8, 9, 0),
	gsSP2Triangles(7, 9, 10, 0, 10, 9, 11, 0),
	gsSP2Triangles(10, 11, 12, 0, 12, 11, 13, 0),
	gsSP2Triangles(12, 13, 14, 0, 14, 13, 15, 0),
	gsSP2Triangles(14, 15, 16, 0, 16, 15, 17, 0),
	gsSP2Triangles(18, 14, 16, 0, 19, 14, 18, 0),
	gsSP2Triangles(19, 12, 14, 0, 20, 12, 19, 0),
	gsSP2Triangles(20, 10, 12, 0, 21, 10, 20, 0),
	gsSP2Triangles(21, 7, 10, 0, 6, 7, 21, 0),
	gsSP2Triangles(18, 16, 22, 0, 23, 24, 25, 0),
	gsSP2Triangles(25, 24, 26, 0, 25, 26, 27, 0),
	gsSPEndDisplayList(),
};

Vtx bob_dl_VISUAL_001_mesh_layer_1_vtx_3[22] = {
	{{ {184, 0, 2224}, 0, {8648, 13308}, {255, 255, 255, 255} }},
	{{ {184, -1300, 2224}, 0, {8648, 10372}, {0, 0, 0, 255} }},
	{{ {-184, -1300, 2224}, 0, {7631, 10372}, {0, 0, 0, 255} }},
	{{ {-184, 0, 2224}, 0, {7631, 13308}, {255, 255, 255, 255} }},
	{{ {-184, 0, 2224}, 0, {7631, 13308}, {255, 255, 255, 255} }},
	{{ {184, 0, 3223}, 0, {8648, 16071}, {255, 255, 255, 255} }},
	{{ {184, 0, 2224}, 0, {8648, 13308}, {255, 255, 255, 255} }},
	{{ {-184, 0, 3223}, 0, {7631, 16071}, {255, 255, 255, 255} }},
	{{ {184, 100, 3971}, 0, {8648, 18144}, {255, 255, 255, 255} }},
	{{ {-184, 100, 3971}, 0, {7631, 18144}, {255, 255, 255, 255} }},
	{{ {-184, 800, 5469}, 0, {7631, 22288}, {255, 255, 255, 255} }},
	{{ {-184, 1000, 6218}, 0, {7631, 24361}, {255, 255, 255, 255} }},
	{{ {184, 1000, 6218}, 0, {8648, 24361}, {255, 255, 255, 255} }},
	{{ {184, 800, 5469}, 0, {8648, 22288}, {255, 255, 255, 255} }},
	{{ {-184, 400, 4720}, 0, {7631, 20216}, {255, 255, 255, 255} }},
	{{ {184, 400, 4720}, 0, {8648, 20216}, {255, 255, 255, 255} }},
	{{ {-184, 100, 3971}, 0, {7631, 18144}, {255, 255, 255, 255} }},
	{{ {184, 100, 3971}, 0, {8648, 18144}, {255, 255, 255, 255} }},
	{{ {-184, 1000, 6218}, 0, {7631, 24361}, {255, 255, 255, 255} }},
	{{ {-184, 1000, 7318}, 0, {7631, 27405}, {255, 255, 255, 255} }},
	{{ {184, 1000, 7318}, 0, {8648, 27405}, {255, 255, 255, 255} }},
	{{ {184, 1000, 6218}, 0, {8648, 24361}, {255, 255, 255, 255} }},
};

Gfx bob_dl_VISUAL_001_mesh_layer_1_tri_3[] = {
	gsSPVertex(bob_dl_VISUAL_001_mesh_layer_1_vtx_3 + 0, 22, 0),
	gsSP2Triangles(0, 1, 2, 0, 0, 2, 3, 0),
	gsSP2Triangles(4, 5, 6, 0, 4, 7, 5, 0),
	gsSP2Triangles(7, 8, 5, 0, 7, 9, 8, 0),
	gsSP2Triangles(10, 11, 12, 0, 10, 12, 13, 0),
	gsSP2Triangles(14, 10, 13, 0, 14, 13, 15, 0),
	gsSP2Triangles(16, 14, 15, 0, 16, 15, 17, 0),
	gsSP2Triangles(18, 19, 20, 0, 18, 20, 21, 0),
	gsSPEndDisplayList(),
};

Vtx bob_dl_VISUAL_001_mesh_layer_1_vtx_4[105] = {
	{{ {-1600, -1300, 0}, 0, {4771, 840}, {139, 0, 207, 255} }},
	{{ {-1131, -1300, -1131}, 0, {3744, 840}, {139, 0, 207, 255} }},
	{{ {-1131, -2000, -1131}, 0, {3744, 1008}, {139, 0, 207, 255} }},
	{{ {-1600, -2000, 0}, 0, {4771, 1008}, {139, 0, 207, 255} }},
	{{ {1697, -1300, 1697}, 0, {-4926, 840}, {139, 0, 207, 255} }},
	{{ {2400, -1300, 0}, 0, {-6467, 840}, {139, 0, 207, 255} }},
	{{ {2400, -2000, 0}, 0, {-6467, 1008}, {139, 0, 207, 255} }},
	{{ {1697, -2000, 1697}, 0, {-4926, 1008}, {139, 0, 207, 255} }},
	{{ {1061, -1300, 1961}, 0, {-4349, 840}, {207, 0, 139, 255} }},
	{{ {1697, -1300, 1697}, 0, {-4926, 840}, {207, 0, 139, 255} }},
	{{ {1697, -2000, 1697}, 0, {-4926, 1008}, {207, 0, 139, 255} }},
	{{ {1061, -2000, 1961}, 0, {-4349, 1008}, {207, 0, 139, 255} }},
	{{ {742, -1300, 2092}, 0, {-4060, 840}, {207, 0, 139, 255} }},
	{{ {742, -2000, 2092}, 0, {-4060, 1008}, {207, 0, 139, 255} }},
	{{ {-1131, -1300, 1131}, 0, {5798, 840}, {139, 0, 49, 255} }},
	{{ {-1600, -1300, 0}, 0, {4771, 840}, {139, 0, 49, 255} }},
	{{ {-1600, -2000, 0}, 0, {4771, 1008}, {139, 0, 49, 255} }},
	{{ {-1131, -2000, 1131}, 0, {5798, 1008}, {139, 0, 49, 255} }},
	{{ {2400, -1300, 0}, 0, {-6467, 840}, {139, 0, 49, 255} }},
	{{ {1697, -1300, -1697}, 0, {-8007, 840}, {139, 0, 49, 255} }},
	{{ {1697, -2000, -1697}, 0, {-8007, 1008}, {139, 0, 49, 255} }},
	{{ {2400, -2000, 0}, 0, {-6467, 1008}, {139, 0, 49, 255} }},
	{{ {-1061, -1300, 1961}, 0, {-2482, 840}, {49, 0, 139, 255} }},
	{{ {-742, -1300, 2092}, 0, {-2771, 840}, {49, 0, 139, 255} }},
	{{ {-742, -2000, 2092}, 0, {-2771, 1008}, {49, 0, 139, 255} }},
	{{ {-1061, -2000, 1961}, 0, {-2482, 1008}, {49, 0, 139, 255} }},
	{{ {-1697, -1300, 1697}, 0, {-1904, 840}, {49, 0, 139, 255} }},
	{{ {-1697, -2000, 1697}, 0, {-1904, 1008}, {49, 0, 139, 255} }},
	{{ {0, -1300, 1600}, 0, {6825, 840}, {207, 0, 117, 255} }},
	{{ {-1131, -1300, 1131}, 0, {5798, 840}, {207, 0, 117, 255} }},
	{{ {-1131, -2000, 1131}, 0, {5798, 1008}, {207, 0, 117, 255} }},
	{{ {0, -2000, 1600}, 0, {6825, 1008}, {207, 0, 117, 255} }},
	{{ {1697, -1300, -1697}, 0, {-8007, 840}, {207, 0, 117, 255} }},
	{{ {0, -1300, -2400}, 0, {-9548, 840}, {207, 0, 117, 255} }},
	{{ {0, -2000, -2400}, 0, {-9548, 1008}, {207, 0, 117, 255} }},
	{{ {1697, -2000, -1697}, 0, {-8007, 1008}, {207, 0, 117, 255} }},
	{{ {0, -1300, -2400}, 0, {2717, 840}, {49, 0, 117, 255} }},
	{{ {-1697, -1300, -1697}, 0, {1177, 840}, {49, 0, 117, 255} }},
	{{ {-1697, -2000, -1697}, 0, {1177, 1008}, {49, 0, 117, 255} }},
	{{ {0, -2000, -2400}, 0, {2717, 1008}, {49, 0, 117, 255} }},
	{{ {1131, -1300, 1131}, 0, {7852, 840}, {49, 0, 117, 255} }},
	{{ {0, -1300, 1600}, 0, {6825, 840}, {49, 0, 117, 255} }},
	{{ {0, -2000, 1600}, 0, {6825, 1008}, {49, 0, 117, 255} }},
	{{ {1131, -2000, 1131}, 0, {7852, 1008}, {49, 0, 117, 255} }},
	{{ {-742, -1300, 2092}, 0, {-2771, 840}, {29, 0, 132, 255} }},
	{{ {-184, -1300, 2224}, 0, {-3060, 840}, {29, 0, 132, 255} }},
	{{ {-184, -2000, 2224}, 0, {-3060, 1008}, {29, 0, 132, 255} }},
	{{ {-742, -2000, 2092}, 0, {-2771, 1008}, {29, 0, 132, 255} }},
	{{ {-1697, -1300, -1697}, 0, {1177, 840}, {117, 0, 49, 255} }},
	{{ {-2400, -1300, 0}, 0, {-364, 840}, {117, 0, 49, 255} }},
	{{ {-2400, -2000, 0}, 0, {-364, 1008}, {117, 0, 49, 255} }},
	{{ {-1697, -2000, -1697}, 0, {1177, 1008}, {117, 0, 49, 255} }},
	{{ {1600, -1300, 0}, 0, {8879, 840}, {117, 0, 49, 255} }},
	{{ {1131, -1300, 1131}, 0, {7852, 840}, {117, 0, 49, 255} }},
	{{ {1131, -2000, 1131}, 0, {7852, 1008}, {117, 0, 49, 255} }},
	{{ {1600, -2000, 0}, 0, {8879, 1008}, {117, 0, 49, 255} }},
	{{ {-2400, -1300, 0}, 0, {-364, 840}, {117, 0, 207, 255} }},
	{{ {-1697, -1300, 1697}, 0, {-1904, 840}, {117, 0, 207, 255} }},
	{{ {-1697, -2000, 1697}, 0, {-1904, 1008}, {117, 0, 207, 255} }},
	{{ {-2400, -2000, 0}, 0, {-364, 1008}, {117, 0, 207, 255} }},
	{{ {1131, -1300, -1131}, 0, {9906, 840}, {117, 0, 207, 255} }},
	{{ {1600, -1300, 0}, 0, {8879, 840}, {117, 0, 207, 255} }},
	{{ {1600, -2000, 0}, 0, {8879, 1008}, {117, 0, 207, 255} }},
	{{ {1131, -2000, -1131}, 0, {9906, 1008}, {117, 0, 207, 255} }},
	{{ {-184, -1300, 2224}, 0, {-3060, 840}, {0, 0, 129, 255} }},
	{{ {184, -1300, 2224}, 0, {-3771, 840}, {0, 0, 129, 255} }},
	{{ {184, -2000, 2224}, 0, {-3771, 1008}, {0, 0, 129, 255} }},
	{{ {-184, -2000, 2224}, 0, {-3060, 1008}, {0, 0, 129, 255} }},
	{{ {0, -1300, -1600}, 0, {10932, 840}, {49, 0, 139, 255} }},
	{{ {1131, -1300, -1131}, 0, {9906, 840}, {49, 0, 139, 255} }},
	{{ {1131, -2000, -1131}, 0, {9906, 1008}, {49, 0, 139, 255} }},
	{{ {0, -2000, -1600}, 0, {10932, 1008}, {49, 0, 139, 255} }},
	{{ {-1131, -1300, -1131}, 0, {3744, 840}, {207, 0, 139, 255} }},
	{{ {0, -1300, -1600}, 0, {2717, 840}, {207, 0, 139, 255} }},
	{{ {0, -2000, -1600}, 0, {2717, 1008}, {207, 0, 139, 255} }},
	{{ {-1131, -2000, -1131}, 0, {3744, 1008}, {207, 0, 139, 255} }},
	{{ {184, -1300, 2224}, 0, {-3771, 840}, {227, 0, 132, 255} }},
	{{ {742, -1300, 2092}, 0, {-4060, 840}, {227, 0, 132, 255} }},
	{{ {742, -2000, 2092}, 0, {-4060, 1008}, {227, 0, 132, 255} }},
	{{ {184, -2000, 2224}, 0, {-3771, 1008}, {227, 0, 132, 255} }},
	{{ {-1061, -2000, 1961}, 0, {-2482, 1008}, {0, 127, 0, 255} }},
	{{ {-742, -2000, 2092}, 0, {-2771, 1008}, {0, 127, 0, 255} }},
	{{ {-184, -2000, 2224}, 0, {-3060, 1008}, {0, 127, 0, 255} }},
	{{ {0, -2000, 1600}, 0, {6825, 1008}, {0, 127, 0, 255} }},
	{{ {184, -2000, 2224}, 0, {-3771, 1008}, {0, 127, 0, 255} }},
	{{ {1131, -2000, 1131}, 0, {7852, 1008}, {0, 127, 0, 255} }},
	{{ {1061, -2000, 1961}, 0, {-4349, 1008}, {0, 127, 0, 255} }},
	{{ {742, -2000, 2092}, 0, {-4060, 1008}, {0, 127, 0, 255} }},
	{{ {1697, -2000, 1697}, 0, {-4926, 1008}, {0, 127, 0, 255} }},
	{{ {2400, -2000, 0}, 0, {-6467, 1008}, {0, 127, 0, 255} }},
	{{ {1600, -2000, 0}, 0, {8879, 1008}, {0, 127, 0, 255} }},
	{{ {1697, -2000, -1697}, 0, {-8007, 1008}, {0, 127, 0, 255} }},
	{{ {1131, -2000, -1131}, 0, {9906, 1008}, {0, 127, 0, 255} }},
	{{ {0, -2000, -2400}, 0, {-9548, 1008}, {0, 127, 0, 255} }},
	{{ {0, -2000, -1600}, 0, {10932, 1008}, {0, 127, 0, 255} }},
	{{ {-1697, -2000, -1697}, 0, {1177, 1008}, {0, 127, 0, 255} }},
	{{ {0, -2000, -1600}, 0, {10932, 1008}, {0, 127, 0, 255} }},
	{{ {-1697, -2000, -1697}, 0, {1177, 1008}, {0, 127, 0, 255} }},
	{{ {-1131, -2000, -1131}, 0, {3744, 1008}, {0, 127, 0, 255} }},
	{{ {-2400, -2000, 0}, 0, {-364, 1008}, {0, 127, 0, 255} }},
	{{ {-1600, -2000, 0}, 0, {4771, 1008}, {0, 127, 0, 255} }},
	{{ {-1697, -2000, 1697}, 0, {-1904, 1008}, {0, 127, 0, 255} }},
	{{ {-1131, -2000, 1131}, 0, {5798, 1008}, {0, 127, 0, 255} }},
	{{ {0, -2000, 1600}, 0, {6825, 1008}, {0, 127, 0, 255} }},
	{{ {-1061, -2000, 1961}, 0, {-2482, 1008}, {0, 127, 0, 255} }},
};

Gfx bob_dl_VISUAL_001_mesh_layer_1_tri_4[] = {
	gsSPVertex(bob_dl_VISUAL_001_mesh_layer_1_vtx_4 + 0, 32, 0),
	gsSP2Triangles(0, 1, 2, 0, 0, 2, 3, 0),
	gsSP2Triangles(4, 5, 6, 0, 4, 6, 7, 0),
	gsSP2Triangles(8, 9, 10, 0, 8, 10, 11, 0),
	gsSP2Triangles(12, 8, 11, 0, 12, 11, 13, 0),
	gsSP2Triangles(14, 15, 16, 0, 14, 16, 17, 0),
	gsSP2Triangles(18, 19, 20, 0, 18, 20, 21, 0),
	gsSP2Triangles(22, 23, 24, 0, 22, 24, 25, 0),
	gsSP2Triangles(26, 22, 25, 0, 26, 25, 27, 0),
	gsSP2Triangles(28, 29, 30, 0, 28, 30, 31, 0),
	gsSPVertex(bob_dl_VISUAL_001_mesh_layer_1_vtx_4 + 32, 32, 0),
	gsSP2Triangles(0, 1, 2, 0, 0, 2, 3, 0),
	gsSP2Triangles(4, 5, 6, 0, 4, 6, 7, 0),
	gsSP2Triangles(8, 9, 10, 0, 8, 10, 11, 0),
	gsSP2Triangles(12, 13, 14, 0, 12, 14, 15, 0),
	gsSP2Triangles(16, 17, 18, 0, 16, 18, 19, 0),
	gsSP2Triangles(20, 21, 22, 0, 20, 22, 23, 0),
	gsSP2Triangles(24, 25, 26, 0, 24, 26, 27, 0),
	gsSP2Triangles(28, 29, 30, 0, 28, 30, 31, 0),
	gsSPVertex(bob_dl_VISUAL_001_mesh_layer_1_vtx_4 + 64, 32, 0),
	gsSP2Triangles(0, 1, 2, 0, 0, 2, 3, 0),
	gsSP2Triangles(4, 5, 6, 0, 4, 6, 7, 0),
	gsSP2Triangles(8, 9, 10, 0, 8, 10, 11, 0),
	gsSP2Triangles(12, 13, 14, 0, 12, 14, 15, 0),
	gsSP2Triangles(16, 17, 18, 0, 16, 18, 19, 0),
	gsSP2Triangles(18, 20, 19, 0, 21, 19, 20, 0),
	gsSP2Triangles(20, 22, 21, 0, 20, 23, 22, 0),
	gsSP2Triangles(22, 24, 21, 0, 21, 24, 25, 0),
	gsSP2Triangles(21, 25, 26, 0, 26, 25, 27, 0),
	gsSP2Triangles(26, 27, 28, 0, 28, 27, 29, 0),
	gsSP2Triangles(28, 29, 30, 0, 30, 29, 31, 0),
	gsSPVertex(bob_dl_VISUAL_001_mesh_layer_1_vtx_4 + 96, 9, 0),
	gsSP2Triangles(0, 1, 2, 0, 2, 1, 3, 0),
	gsSP2Triangles(2, 3, 4, 0, 4, 3, 5, 0),
	gsSP2Triangles(4, 5, 6, 0, 7, 6, 5, 0),
	gsSP1Triangle(7, 5, 8, 0),
	gsSPEndDisplayList(),
};

Vtx bob_dl_VISUAL_001_mesh_layer_1_vtx_5[48] = {
	{{ {0, 0, 1600}, 0, {2032, -16}, {255, 206, 110, 255} }},
	{{ {-1131, 0, 1131}, 0, {-16, -16}, {255, 206, 110, 255} }},
	{{ {-1131, -400, 1131}, 0, {-16, 614}, {190, 149, 78, 255} }},
	{{ {0, -400, 1600}, 0, {2032, 614}, {190, 149, 78, 255} }},
	{{ {-1131, -1300, 1131}, 0, {-16, 2032}, {0, 0, 0, 255} }},
	{{ {0, -1300, 1600}, 0, {2032, 2032}, {0, 0, 0, 255} }},
	{{ {-1600, 0, 0}, 0, {2032, -16}, {255, 206, 110, 255} }},
	{{ {-1131, 0, -1131}, 0, {-16, -16}, {255, 206, 110, 255} }},
	{{ {-1131, -400, -1131}, 0, {-16, 614}, {190, 149, 78, 255} }},
	{{ {-1600, -400, 0}, 0, {2032, 614}, {190, 149, 78, 255} }},
	{{ {-1131, -1300, -1131}, 0, {-16, 2032}, {0, 0, 0, 255} }},
	{{ {-1600, -1300, 0}, 0, {2032, 2032}, {0, 0, 0, 255} }},
	{{ {1131, 0, -1131}, 0, {2032, -16}, {255, 206, 110, 255} }},
	{{ {1600, 0, 0}, 0, {-16, -16}, {255, 206, 110, 255} }},
	{{ {1600, -400, 0}, 0, {-16, 614}, {190, 149, 78, 255} }},
	{{ {1131, -400, -1131}, 0, {2032, 614}, {190, 149, 78, 255} }},
	{{ {1600, -1300, 0}, 0, {-16, 2032}, {0, 0, 0, 255} }},
	{{ {1131, -1300, -1131}, 0, {2032, 2032}, {0, 0, 0, 255} }},
	{{ {1131, 0, 1131}, 0, {2032, -16}, {255, 206, 110, 255} }},
	{{ {0, 0, 1600}, 0, {-16, -16}, {255, 206, 110, 255} }},
	{{ {0, -400, 1600}, 0, {-16, 614}, {190, 149, 78, 255} }},
	{{ {1131, -400, 1131}, 0, {2032, 614}, {190, 149, 78, 255} }},
	{{ {0, -1300, 1600}, 0, {-16, 2032}, {0, 0, 0, 255} }},
	{{ {1131, -1300, 1131}, 0, {2032, 2032}, {0, 0, 0, 255} }},
	{{ {-1131, 0, 1131}, 0, {2032, -16}, {255, 206, 110, 255} }},
	{{ {-1600, 0, 0}, 0, {-16, -16}, {255, 206, 110, 255} }},
	{{ {-1600, -400, 0}, 0, {-16, 614}, {190, 149, 78, 255} }},
	{{ {-1131, -400, 1131}, 0, {2032, 614}, {190, 149, 78, 255} }},
	{{ {-1600, -1300, 0}, 0, {-16, 2032}, {0, 0, 0, 255} }},
	{{ {-1131, -1300, 1131}, 0, {2032, 2032}, {0, 0, 0, 255} }},
	{{ {-1131, 0, -1131}, 0, {2032, -16}, {255, 206, 110, 255} }},
	{{ {0, 0, -1600}, 0, {-16, -16}, {255, 206, 110, 255} }},
	{{ {0, -400, -1600}, 0, {-16, 614}, {190, 149, 78, 255} }},
	{{ {-1131, -400, -1131}, 0, {2032, 614}, {190, 149, 78, 255} }},
	{{ {0, -1300, -1600}, 0, {-16, 2032}, {0, 0, 0, 255} }},
	{{ {-1131, -1300, -1131}, 0, {2032, 2032}, {0, 0, 0, 255} }},
	{{ {0, 0, -1600}, 0, {2032, -16}, {255, 206, 110, 255} }},
	{{ {1131, 0, -1131}, 0, {-16, -16}, {255, 206, 110, 255} }},
	{{ {1131, -400, -1131}, 0, {-16, 614}, {190, 149, 78, 255} }},
	{{ {0, -400, -1600}, 0, {2032, 614}, {190, 149, 78, 255} }},
	{{ {1131, -1300, -1131}, 0, {-16, 2032}, {0, 0, 0, 255} }},
	{{ {0, -1300, -1600}, 0, {2032, 2032}, {0, 0, 0, 255} }},
	{{ {1600, 0, 0}, 0, {2032, -16}, {255, 206, 110, 255} }},
	{{ {1131, 0, 1131}, 0, {-16, -16}, {255, 206, 110, 255} }},
	{{ {1131, -400, 1131}, 0, {-16, 614}, {190, 149, 78, 255} }},
	{{ {1600, -400, 0}, 0, {2032, 614}, {190, 149, 78, 255} }},
	{{ {1131, -1300, 1131}, 0, {-16, 2032}, {0, 0, 0, 255} }},
	{{ {1600, -1300, 0}, 0, {2032, 2032}, {0, 0, 0, 255} }},
};

Gfx bob_dl_VISUAL_001_mesh_layer_1_tri_5[] = {
	gsSPVertex(bob_dl_VISUAL_001_mesh_layer_1_vtx_5 + 0, 30, 0),
	gsSP2Triangles(0, 1, 2, 0, 0, 2, 3, 0),
	gsSP2Triangles(3, 2, 4, 0, 3, 4, 5, 0),
	gsSP2Triangles(6, 7, 8, 0, 6, 8, 9, 0),
	gsSP2Triangles(9, 8, 10, 0, 9, 10, 11, 0),
	gsSP2Triangles(12, 13, 14, 0, 12, 14, 15, 0),
	gsSP2Triangles(15, 14, 16, 0, 15, 16, 17, 0),
	gsSP2Triangles(18, 19, 20, 0, 18, 20, 21, 0),
	gsSP2Triangles(21, 20, 22, 0, 21, 22, 23, 0),
	gsSP2Triangles(24, 25, 26, 0, 24, 26, 27, 0),
	gsSP2Triangles(27, 26, 28, 0, 27, 28, 29, 0),
	gsSPVertex(bob_dl_VISUAL_001_mesh_layer_1_vtx_5 + 30, 18, 0),
	gsSP2Triangles(0, 1, 2, 0, 0, 2, 3, 0),
	gsSP2Triangles(3, 2, 4, 0, 3, 4, 5, 0),
	gsSP2Triangles(6, 7, 8, 0, 6, 8, 9, 0),
	gsSP2Triangles(9, 8, 10, 0, 9, 10, 11, 0),
	gsSP2Triangles(12, 13, 14, 0, 12, 14, 15, 0),
	gsSP2Triangles(15, 14, 16, 0, 15, 16, 17, 0),
	gsSPEndDisplayList(),
};

Vtx bob_dl_VISUAL_001_mesh_layer_5_vtx_cull[8] = {
	{{ {-7200, -2000, 8818}, 0, {0, 0}, {0, 0, 0, 0} }},
	{{ {-7200, 3300, 8818}, 0, {0, 0}, {0, 0, 0, 0} }},
	{{ {-7200, 3300, -7655}, 0, {0, 0}, {0, 0, 0, 0} }},
	{{ {-7200, -2000, -7655}, 0, {0, 0}, {0, 0, 0, 0} }},
	{{ {7200, -2000, 8818}, 0, {0, 0}, {0, 0, 0, 0} }},
	{{ {7200, 3300, 8818}, 0, {0, 0}, {0, 0, 0, 0} }},
	{{ {7200, 3300, -7655}, 0, {0, 0}, {0, 0, 0, 0} }},
	{{ {7200, -2000, -7655}, 0, {0, 0}, {0, 0, 0, 0} }},
};

Vtx bob_dl_VISUAL_001_mesh_layer_5_vtx_0[4] = {
	{{ {-184, 1000, 7318}, 0, {7631, 25357}, {255, 255, 255, 255} }},
	{{ {-184, 1000, 8818}, 0, {7631, 29508}, {255, 255, 255, 0} }},
	{{ {184, 1000, 8818}, 0, {8648, 29508}, {255, 255, 255, 0} }},
	{{ {184, 1000, 7318}, 0, {8648, 25357}, {255, 255, 255, 255} }},
};

Gfx bob_dl_VISUAL_001_mesh_layer_5_tri_0[] = {
	gsSPVertex(bob_dl_VISUAL_001_mesh_layer_5_vtx_0 + 0, 4, 0),
	gsSP2Triangles(0, 1, 2, 0, 0, 2, 3, 0),
	gsSPEndDisplayList(),
};

Gfx mat_bob_dl_grate[] = {
    gsSPLightColor(LIGHT_1, 0xffffffff),
    gsSPLightColor(LIGHT_2, 0x7f7f7fff),
	gsDPPipeSync(),
	gsDPSetCombineLERP(TEXEL0, 0, SHADE, 0, TEXEL0, 0, ENVIRONMENT, 0, TEXEL0, 0, SHADE, 0, TEXEL0, 0, ENVIRONMENT, 0),
	gsDPSetAlphaDither(G_AD_NOISE),
	gsSPTexture(65535, 65535, 0, 0, 1),
	gsDPSetTextureImage(G_IM_FMT_IA, G_IM_SIZ_8b_LOAD_BLOCK, 1, bob_dl_a_ami02_ia8),
	gsDPSetTile(G_IM_FMT_IA, G_IM_SIZ_8b_LOAD_BLOCK, 0, 0, 7, 0, G_TX_WRAP | G_TX_NOMIRROR, 0, 0, G_TX_WRAP | G_TX_NOMIRROR, 0, 0),
	gsDPLoadBlock(7, 0, 0, 511, 512),
	gsDPSetTile(G_IM_FMT_IA, G_IM_SIZ_8b, 4, 0, 0, 0, G_TX_WRAP | G_TX_NOMIRROR, 5, 0, G_TX_WRAP | G_TX_NOMIRROR, 5, 0),
	gsDPSetTileSize(0, 0, 0, 124, 124),
	gsSPEndDisplayList(),
};

Gfx mat_revert_bob_dl_grate[] = {
	gsDPPipeSync(),
	gsDPSetAlphaDither(G_AD_DISABLE),
	gsSPEndDisplayList(),
};

Gfx mat_bob_dl_cube_thing_layer1[] = {
	gsSPGeometryMode(G_LIGHTING, 0),
	gsDPPipeSync(),
	gsDPSetCombineLERP(TEXEL0, 0, TEXEL1, 0, 0, 0, 0, ENVIRONMENT, COMBINED, 0, SHADE, 0, 0, 0, 0, COMBINED),
	gsDPSetAlphaDither(G_AD_NOISE),
	gsDPSetCycleType(G_CYC_2CYCLE),
	gsDPSetRenderMode(G_RM_NOOP, G_RM_AA_ZB_OPA_SURF2),
	gsSPTexture(65535, 65535, 0, 0, 1),
	gsDPSetTextureImage(G_IM_FMT_I, G_IM_SIZ_16b, 1, bob_dl_SFLATDD_i4),
	gsDPSetTile(G_IM_FMT_I, G_IM_SIZ_16b, 0, 0, 7, 0, G_TX_WRAP | G_TX_NOMIRROR, 0, 0, G_TX_WRAP | G_TX_NOMIRROR, 0, 0),
	gsDPLoadBlock(7, 0, 0, 1023, 512),
	gsDPSetTile(G_IM_FMT_I, G_IM_SIZ_4b, 4, 0, 0, 0, G_TX_WRAP | G_TX_NOMIRROR, 6, 0, G_TX_WRAP | G_TX_NOMIRROR, 6, 0),
	gsDPSetTileSize(0, 0, 0, 252, 252),
	gsDPSetTextureImage(G_IM_FMT_I, G_IM_SIZ_16b, 1, bob_dl_TAKEOFF_ALL_25__p00_i4),
	gsDPSetTile(G_IM_FMT_I, G_IM_SIZ_16b, 0, 256, 6, 0, G_TX_WRAP | G_TX_NOMIRROR, 0, 0, G_TX_WRAP | G_TX_NOMIRROR, 0, 0),
	gsDPLoadBlock(6, 0, 0, 1023, 512),
	gsDPSetTile(G_IM_FMT_I, G_IM_SIZ_4b, 4, 256, 1, 0, G_TX_WRAP | G_TX_NOMIRROR, 6, 0, G_TX_WRAP | G_TX_NOMIRROR, 6, 0),
	gsDPSetTileSize(1, 0, 0, 252, 252),
	gsSPEndDisplayList(),
};

Gfx mat_revert_bob_dl_cube_thing_layer1[] = {
	gsSPGeometryMode(0, G_LIGHTING),
	gsDPPipeSync(),
	gsDPSetAlphaDither(G_AD_DISABLE),
	gsDPSetCycleType(G_CYC_1CYCLE),
	gsDPSetRenderMode(G_RM_AA_ZB_OPA_SURF, G_RM_AA_ZB_OPA_SURF2),
	gsSPEndDisplayList(),
};

Gfx mat_bob_dl_metal[] = {
	gsSPGeometryMode(G_LIGHTING, 0),
	gsDPPipeSync(),
	gsDPSetCombineLERP(TEXEL0, 0, SHADE, 0, ENVIRONMENT, 0, SHADE, 0, TEXEL0, 0, SHADE, 0, ENVIRONMENT, 0, SHADE, 0),
	gsDPSetAlphaDither(G_AD_NOISE),
	gsSPTexture(65535, 65535, 0, 0, 1),
	gsDPSetTextureImage(G_IM_FMT_I, G_IM_SIZ_8b_LOAD_BLOCK, 1, bob_dl_Metal041B_1K_PNG_Color_64x64_i8),
	gsDPSetTile(G_IM_FMT_I, G_IM_SIZ_8b_LOAD_BLOCK, 0, 0, 7, 0, G_TX_WRAP | G_TX_NOMIRROR, 0, 0, G_TX_WRAP | G_TX_NOMIRROR, 0, 0),
	gsDPLoadBlock(7, 0, 0, 2047, 256),
	gsDPSetTile(G_IM_FMT_I, G_IM_SIZ_8b, 8, 0, 0, 0, G_TX_WRAP | G_TX_NOMIRROR, 6, 0, G_TX_WRAP | G_TX_NOMIRROR, 6, 0),
	gsDPSetTileSize(0, 0, 0, 252, 252),
	gsSPEndDisplayList(),
};

Gfx mat_revert_bob_dl_metal[] = {
	gsSPGeometryMode(0, G_LIGHTING),
	gsDPPipeSync(),
	gsDPSetAlphaDither(G_AD_DISABLE),
	gsSPEndDisplayList(),
};

Gfx mat_bob_dl_warning_metal_layer1[] = {
	gsSPGeometryMode(G_LIGHTING, 0),
	gsDPPipeSync(),
	gsDPSetCombineLERP(TEXEL0, 0, TEXEL1, 0, 0, 0, 0, ENVIRONMENT, PRIMITIVE, 0, SHADE, COMBINED, 0, 0, 0, 1),
	gsDPSetAlphaDither(G_AD_NOISE),
	gsDPSetCycleType(G_CYC_2CYCLE),
	gsDPSetRenderMode(G_RM_NOOP, G_RM_AA_ZB_OPA_SURF2),
	gsSPTexture(65535, 65535, 0, 0, 1),
	gsDPSetPrimColor(0, 0, 255, 255, 255, 255),
	gsDPSetTextureImage(G_IM_FMT_I, G_IM_SIZ_16b, 1, bob_dl_Photoreal_Metal_05_512x512_i4),
	gsDPSetTile(G_IM_FMT_I, G_IM_SIZ_16b, 0, 0, 7, 0, G_TX_WRAP | G_TX_NOMIRROR, 0, 0, G_TX_WRAP | G_TX_NOMIRROR, 0, 0),
	gsDPLoadBlock(7, 0, 0, 1023, 512),
	gsDPSetTile(G_IM_FMT_I, G_IM_SIZ_4b, 4, 0, 0, 0, G_TX_WRAP | G_TX_NOMIRROR, 6, 0, G_TX_WRAP | G_TX_NOMIRROR, 6, 0),
	gsDPSetTileSize(0, 0, 0, 252, 252),
	gsDPSetTextureImage(G_IM_FMT_I, G_IM_SIZ_16b, 1, bob_dl_TAKEOFF_ALL_6__p00_i4),
	gsDPSetTile(G_IM_FMT_I, G_IM_SIZ_16b, 0, 256, 6, 0, G_TX_WRAP | G_TX_NOMIRROR, 0, 0, G_TX_WRAP | G_TX_NOMIRROR, 0, 0),
	gsDPLoadBlock(6, 0, 0, 1023, 512),
	gsDPSetTile(G_IM_FMT_I, G_IM_SIZ_4b, 4, 256, 1, 0, G_TX_WRAP | G_TX_NOMIRROR, 6, 0, G_TX_WRAP | G_TX_NOMIRROR, 6, 0),
	gsDPSetTileSize(1, 0, 0, 252, 252),
	gsSPEndDisplayList(),
};

Gfx mat_revert_bob_dl_warning_metal_layer1[] = {
	gsSPGeometryMode(0, G_LIGHTING),
	gsDPPipeSync(),
	gsDPSetAlphaDither(G_AD_DISABLE),
	gsDPSetCycleType(G_CYC_1CYCLE),
	gsDPSetRenderMode(G_RM_AA_ZB_OPA_SURF, G_RM_AA_ZB_OPA_SURF2),
	gsSPEndDisplayList(),
};

Gfx mat_bob_dl_wood_inside[] = {
    gsSPLightColor(LIGHT_1, 0xffffffff),
    gsSPLightColor(LIGHT_2, 0x7f7f7fff),
	gsDPPipeSync(),
	gsDPSetCombineLERP(TEXEL0, 0, SHADE, 0, 0, 0, 0, ENVIRONMENT, TEXEL0, 0, SHADE, 0, 0, 0, 0, ENVIRONMENT),
	gsDPSetAlphaDither(G_AD_NOISE),
	gsDPSetTextureLUT(G_TT_RGBA16),
	gsSPTexture(65535, 65535, 0, 0, 1),
	gsDPSetTextureImage(G_IM_FMT_RGBA, G_IM_SIZ_16b, 1, bob_dl_Wood_2093_32x32_pal_rgba16),
	gsDPSetTile(0, 0, 0, 256, 5, 0, G_TX_WRAP | G_TX_NOMIRROR, 0, 0, G_TX_WRAP | G_TX_NOMIRROR, 0, 0),
	gsDPLoadTLUTCmd(5, 51),
	gsDPSetTextureImage(G_IM_FMT_CI, G_IM_SIZ_8b_LOAD_BLOCK, 1, bob_dl_Wood_2093_32x32_ci8),
	gsDPSetTile(G_IM_FMT_CI, G_IM_SIZ_8b_LOAD_BLOCK, 0, 0, 7, 0, G_TX_WRAP | G_TX_NOMIRROR, 0, 0, G_TX_WRAP | G_TX_NOMIRROR, 0, 0),
	gsDPLoadBlock(7, 0, 0, 511, 512),
	gsDPSetTile(G_IM_FMT_CI, G_IM_SIZ_8b, 4, 0, 0, 0, G_TX_WRAP | G_TX_NOMIRROR, 5, 0, G_TX_WRAP | G_TX_NOMIRROR, 5, 0),
	gsDPSetTileSize(0, 0, 0, 124, 124),
	gsSPEndDisplayList(),
};

Gfx mat_revert_bob_dl_wood_inside[] = {
	gsDPPipeSync(),
	gsDPSetAlphaDither(G_AD_DISABLE),
	gsDPSetTextureLUT(G_TT_NONE),
	gsSPEndDisplayList(),
};

Gfx mat_bob_dl_grass_layer1[] = {
	gsSPGeometryMode(G_LIGHTING, 0),
	gsDPPipeSync(),
	gsDPSetCombineLERP(TEXEL0, 0, TEXEL1, 0, 0, 0, 0, ENVIRONMENT, PRIMITIVE, 0, SHADE, COMBINED, 0, 0, 0, 1),
	gsDPSetAlphaDither(G_AD_NOISE),
	gsDPSetCycleType(G_CYC_2CYCLE),
	gsDPSetRenderMode(G_RM_NOOP, G_RM_AA_ZB_OPA_SURF2),
	gsSPTexture(65535, 65535, 0, 0, 1),
	gsDPSetPrimColor(0, 0, 255, 255, 255, 255),
	gsDPSetTextureImage(G_IM_FMT_I, G_IM_SIZ_16b, 1, bob_dl_kusa_64x64_i4),
	gsDPSetTile(G_IM_FMT_I, G_IM_SIZ_16b, 0, 0, 7, 0, G_TX_WRAP | G_TX_NOMIRROR, 0, 0, G_TX_WRAP | G_TX_NOMIRROR, 0, 0),
	gsDPLoadBlock(7, 0, 0, 1023, 512),
	gsDPSetTile(G_IM_FMT_I, G_IM_SIZ_4b, 4, 0, 0, 0, G_TX_WRAP | G_TX_NOMIRROR, 6, 0, G_TX_WRAP | G_TX_NOMIRROR, 6, 0),
	gsDPSetTileSize(0, 0, 0, 252, 252),
	gsDPSetTextureImage(G_IM_FMT_I, G_IM_SIZ_16b, 1, bob_dl_Newgrass2__lighter__i4),
	gsDPSetTile(G_IM_FMT_I, G_IM_SIZ_16b, 0, 256, 6, 0, G_TX_WRAP | G_TX_NOMIRROR, 0, 0, G_TX_WRAP | G_TX_NOMIRROR, 0, 0),
	gsDPLoadBlock(6, 0, 0, 1023, 512),
	gsDPSetTile(G_IM_FMT_I, G_IM_SIZ_4b, 4, 256, 1, 0, G_TX_WRAP | G_TX_NOMIRROR, 6, 0, G_TX_WRAP | G_TX_NOMIRROR, 6, 0),
	gsDPSetTileSize(1, 0, 0, 252, 252),
	gsSPEndDisplayList(),
};

Gfx mat_revert_bob_dl_grass_layer1[] = {
	gsSPGeometryMode(0, G_LIGHTING),
	gsDPPipeSync(),
	gsDPSetAlphaDither(G_AD_DISABLE),
	gsDPSetCycleType(G_CYC_1CYCLE),
	gsDPSetRenderMode(G_RM_AA_ZB_OPA_SURF, G_RM_AA_ZB_OPA_SURF2),
	gsSPEndDisplayList(),
};

Gfx mat_bob_dl_grate_vanish[] = {
    gsSPLightColor(LIGHT_1, 0xffffffff),
    gsSPLightColor(LIGHT_2, 0x7f7f7fff),
	gsDPPipeSync(),
	gsDPSetCombineLERP(TEXEL0, 0, SHADE, 0, TEXEL0, 0, ENVIRONMENT, 0, TEXEL0, 0, SHADE, 0, TEXEL0, 0, ENVIRONMENT, 0),
	gsDPSetAlphaDither(G_AD_NOISE),
	gsDPSetTextureLUT(G_TT_RGBA16),
	gsSPTexture(65535, 65535, 0, 0, 1),
	gsDPSetTextureImage(G_IM_FMT_RGBA, G_IM_SIZ_16b, 1, bob_dl_frostgrate_no_BG__32x32_Half_Life__pal_rgba16),
	gsDPSetTile(0, 0, 0, 256, 5, 0, G_TX_WRAP | G_TX_NOMIRROR, 0, 0, G_TX_WRAP | G_TX_NOMIRROR, 0, 0),
	gsDPLoadTLUTCmd(5, 133),
	gsDPSetTextureImage(G_IM_FMT_CI, G_IM_SIZ_8b_LOAD_BLOCK, 1, bob_dl_frostgrate_no_BG__32x32_Half_Life__ci8),
	gsDPSetTile(G_IM_FMT_CI, G_IM_SIZ_8b_LOAD_BLOCK, 0, 0, 7, 0, G_TX_WRAP | G_TX_NOMIRROR, 0, 0, G_TX_WRAP | G_TX_NOMIRROR, 0, 0),
	gsDPLoadBlock(7, 0, 0, 511, 512),
	gsDPSetTile(G_IM_FMT_CI, G_IM_SIZ_8b, 4, 0, 0, 0, G_TX_WRAP | G_TX_NOMIRROR, 5, 0, G_TX_WRAP | G_TX_NOMIRROR, 5, 0),
	gsDPSetTileSize(0, 0, 0, 124, 124),
	gsSPEndDisplayList(),
};

Gfx mat_revert_bob_dl_grate_vanish[] = {
	gsDPPipeSync(),
	gsDPSetAlphaDither(G_AD_DISABLE),
	gsDPSetTextureLUT(G_TT_NONE),
	gsSPEndDisplayList(),
};

Gfx mat_bob_dl_pipe_[] = {
    gsSPLightColor(LIGHT_1, 0xffffffff),
    gsSPLightColor(LIGHT_2, 0x7f7f7fff),
	gsDPPipeSync(),
	gsDPSetCombineLERP(TEXEL0, 0, SHADE, 0, 0, 0, 0, ENVIRONMENT, TEXEL0, 0, SHADE, 0, 0, 0, 0, ENVIRONMENT),
	gsDPSetAlphaDither(G_AD_NOISE),
	gsDPSetTextureLUT(G_TT_RGBA16),
	gsSPTexture(65535, 65535, 0, 0, 1),
	gsDPSetTextureImage(G_IM_FMT_RGBA, G_IM_SIZ_16b, 1, bob_dl_MARIOF3_32x32__SRB2__pal_rgba16),
	gsDPSetTile(0, 0, 0, 256, 5, 0, G_TX_WRAP | G_TX_NOMIRROR, 0, 0, G_TX_WRAP | G_TX_NOMIRROR, 0, 0),
	gsDPLoadTLUTCmd(5, 6),
	gsDPSetTextureImage(G_IM_FMT_CI, G_IM_SIZ_16b, 1, bob_dl_MARIOF3_32x32__SRB2__ci4),
	gsDPSetTile(G_IM_FMT_CI, G_IM_SIZ_16b, 0, 0, 7, 0, G_TX_WRAP | G_TX_NOMIRROR, 0, 0, G_TX_WRAP | G_TX_NOMIRROR, 0, 0),
	gsDPLoadBlock(7, 0, 0, 255, 1024),
	gsDPSetTile(G_IM_FMT_CI, G_IM_SIZ_4b, 2, 0, 0, 0, G_TX_WRAP | G_TX_NOMIRROR, 5, 0, G_TX_WRAP | G_TX_NOMIRROR, 5, 0),
	gsDPSetTileSize(0, 0, 0, 124, 124),
	gsSPEndDisplayList(),
};

Gfx mat_revert_bob_dl_pipe_[] = {
	gsDPPipeSync(),
	gsDPSetAlphaDither(G_AD_DISABLE),
	gsDPSetTextureLUT(G_TT_NONE),
	gsSPEndDisplayList(),
};

Gfx mat_bob_dl_stone__building__layer1[] = {
	gsSPGeometryMode(G_LIGHTING, 0),
	gsDPPipeSync(),
	gsDPSetCombineLERP(TEXEL0, 0, TEXEL1, 0, 0, 0, 0, ENVIRONMENT, COMBINED, 0, SHADE, 0, 0, 0, 0, COMBINED),
	gsDPSetAlphaDither(G_AD_NOISE),
	gsDPSetCycleType(G_CYC_2CYCLE),
	gsDPSetRenderMode(G_RM_NOOP, G_RM_AA_ZB_OPA_SURF2),
	gsSPTexture(65535, 65535, 0, 0, 1),
	gsDPSetTextureImage(G_IM_FMT_I, G_IM_SIZ_16b, 1, bob_dl_CEZFLR06_i4),
	gsDPSetTile(G_IM_FMT_I, G_IM_SIZ_16b, 0, 0, 7, 0, G_TX_WRAP | G_TX_NOMIRROR, 0, 0, G_TX_WRAP | G_TX_NOMIRROR, 0, 0),
	gsDPLoadBlock(7, 0, 0, 1023, 512),
	gsDPSetTile(G_IM_FMT_I, G_IM_SIZ_4b, 4, 0, 0, 0, G_TX_WRAP | G_TX_NOMIRROR, 6, 0, G_TX_WRAP | G_TX_NOMIRROR, 6, 0),
	gsDPSetTileSize(0, 0, 0, 252, 252),
	gsDPSetTextureImage(G_IM_FMT_I, G_IM_SIZ_8b_LOAD_BLOCK, 1, bob_dl_stone_floor_i8),
	gsDPSetTile(G_IM_FMT_I, G_IM_SIZ_8b_LOAD_BLOCK, 0, 256, 6, 0, G_TX_WRAP | G_TX_NOMIRROR, 0, 0, G_TX_WRAP | G_TX_NOMIRROR, 0, 0),
	gsDPLoadBlock(6, 0, 0, 511, 512),
	gsDPSetTile(G_IM_FMT_I, G_IM_SIZ_8b, 4, 256, 1, 0, G_TX_WRAP | G_TX_NOMIRROR, 5, 0, G_TX_WRAP | G_TX_NOMIRROR, 5, 0),
	gsDPSetTileSize(1, 0, 0, 124, 124),
	gsSPEndDisplayList(),
};

Gfx mat_revert_bob_dl_stone__building__layer1[] = {
	gsSPGeometryMode(0, G_LIGHTING),
	gsDPPipeSync(),
	gsDPSetAlphaDither(G_AD_DISABLE),
	gsDPSetCycleType(G_CYC_1CYCLE),
	gsDPSetRenderMode(G_RM_AA_ZB_OPA_SURF, G_RM_AA_ZB_OPA_SURF2),
	gsSPEndDisplayList(),
};

Gfx mat_bob_dl_tree[] = {
	gsSPGeometryMode(G_LIGHTING, 0),
	gsDPPipeSync(),
	gsDPSetCombineLERP(TEXEL0, 0, SHADE, 0, ENVIRONMENT, 0, SHADE, 0, TEXEL0, 0, SHADE, 0, ENVIRONMENT, 0, SHADE, 0),
	gsDPSetAlphaDither(G_AD_NOISE),
	gsSPTexture(65535, 65535, 0, 0, 1),
	gsDPSetTextureImage(G_IM_FMT_I, G_IM_SIZ_8b_LOAD_BLOCK, 1, bob_dl_wood13_64_i8),
	gsDPSetTile(G_IM_FMT_I, G_IM_SIZ_8b_LOAD_BLOCK, 0, 0, 7, 0, G_TX_WRAP | G_TX_NOMIRROR, 0, 0, G_TX_WRAP | G_TX_NOMIRROR, 0, 0),
	gsDPLoadBlock(7, 0, 0, 2047, 256),
	gsDPSetTile(G_IM_FMT_I, G_IM_SIZ_8b, 8, 0, 0, 0, G_TX_WRAP | G_TX_NOMIRROR, 6, 0, G_TX_WRAP | G_TX_NOMIRROR, 6, 0),
	gsDPSetTileSize(0, 0, 0, 252, 252),
	gsSPEndDisplayList(),
};

Gfx mat_revert_bob_dl_tree[] = {
	gsSPGeometryMode(0, G_LIGHTING),
	gsDPPipeSync(),
	gsDPSetAlphaDither(G_AD_DISABLE),
	gsSPEndDisplayList(),
};

Gfx mat_bob_dl_wall__building__layer1[] = {
	gsSPGeometryMode(G_LIGHTING, 0),
	gsDPPipeSync(),
	gsDPSetCombineLERP(TEXEL0, 0, TEXEL1, 0, 0, 0, 0, ENVIRONMENT, PRIMITIVE, 0, SHADE, COMBINED, 0, 0, 0, 1),
	gsDPSetAlphaDither(G_AD_NOISE),
	gsDPSetCycleType(G_CYC_2CYCLE),
	gsDPSetRenderMode(G_RM_NOOP, G_RM_AA_ZB_OPA_SURF2),
	gsSPTexture(65535, 65535, 0, 0, 1),
	gsDPSetPrimColor(0, 0, 255, 255, 255, 255),
	gsDPSetTextureImage(G_IM_FMT_I, G_IM_SIZ_16b, 1, bob_dl_flat8_i4),
	gsDPSetTile(G_IM_FMT_I, G_IM_SIZ_16b, 0, 0, 7, 0, G_TX_WRAP | G_TX_NOMIRROR, 0, 0, G_TX_WRAP | G_TX_NOMIRROR, 0, 0),
	gsDPLoadBlock(7, 0, 0, 1023, 512),
	gsDPSetTile(G_IM_FMT_I, G_IM_SIZ_4b, 4, 0, 0, 0, G_TX_WRAP | G_TX_NOMIRROR, 6, 0, G_TX_WRAP | G_TX_NOMIRROR, 6, 0),
	gsDPSetTileSize(0, 0, 0, 252, 252),
	gsDPSetTextureImage(G_IM_FMT_I, G_IM_SIZ_16b, 1, bob_dl_Tiles_Pattern_1_Blue_1_64x64_i4),
	gsDPSetTile(G_IM_FMT_I, G_IM_SIZ_16b, 0, 256, 6, 0, G_TX_WRAP | G_TX_NOMIRROR, 0, 0, G_TX_WRAP | G_TX_NOMIRROR, 0, 0),
	gsDPLoadBlock(6, 0, 0, 1023, 512),
	gsDPSetTile(G_IM_FMT_I, G_IM_SIZ_4b, 4, 256, 1, 0, G_TX_WRAP | G_TX_NOMIRROR, 6, 0, G_TX_WRAP | G_TX_NOMIRROR, 6, 0),
	gsDPSetTileSize(1, 0, 0, 252, 252),
	gsSPEndDisplayList(),
};

Gfx mat_revert_bob_dl_wall__building__layer1[] = {
	gsSPGeometryMode(0, G_LIGHTING),
	gsDPPipeSync(),
	gsDPSetAlphaDither(G_AD_DISABLE),
	gsDPSetCycleType(G_CYC_1CYCLE),
	gsDPSetRenderMode(G_RM_AA_ZB_OPA_SURF, G_RM_AA_ZB_OPA_SURF2),
	gsSPEndDisplayList(),
};

Gfx mat_bob_dl_floor_layer1[] = {
	gsSPGeometryMode(G_LIGHTING, 0),
	gsDPPipeSync(),
	gsDPSetCombineLERP(TEXEL0, 0, TEXEL1, 0, 0, 0, 0, ENVIRONMENT, COMBINED, 0, SHADE, 0, 0, 0, 0, COMBINED),
	gsDPSetAlphaDither(G_AD_NOISE),
	gsDPSetCycleType(G_CYC_2CYCLE),
	gsDPSetRenderMode(G_RM_NOOP, G_RM_AA_ZB_OPA_SURF2),
	gsSPTexture(65535, 65535, 0, 0, 1),
	gsDPSetTextureImage(G_IM_FMT_I, G_IM_SIZ_16b, 1, bob_dl__3C275B437F767699FD44859CDD3B14AA_i4),
	gsDPSetTile(G_IM_FMT_I, G_IM_SIZ_16b, 0, 0, 7, 0, G_TX_WRAP | G_TX_NOMIRROR, 0, 0, G_TX_WRAP | G_TX_NOMIRROR, 0, 0),
	gsDPLoadBlock(7, 0, 0, 1023, 512),
	gsDPSetTile(G_IM_FMT_I, G_IM_SIZ_4b, 4, 0, 0, 0, G_TX_WRAP | G_TX_NOMIRROR, 6, 0, G_TX_WRAP | G_TX_NOMIRROR, 6, 0),
	gsDPSetTileSize(0, 0, 0, 252, 252),
	gsDPSetTextureImage(G_IM_FMT_I, G_IM_SIZ_16b, 1, bob_dl_Art290_i4),
	gsDPSetTile(G_IM_FMT_I, G_IM_SIZ_16b, 0, 256, 6, 0, G_TX_WRAP | G_TX_NOMIRROR, 0, 0, G_TX_WRAP | G_TX_NOMIRROR, 0, 0),
	gsDPLoadBlock(6, 0, 0, 1023, 512),
	gsDPSetTile(G_IM_FMT_I, G_IM_SIZ_4b, 4, 256, 1, 0, G_TX_WRAP | G_TX_NOMIRROR, 6, 0, G_TX_WRAP | G_TX_NOMIRROR, 6, 0),
	gsDPSetTileSize(1, 0, 0, 252, 252),
	gsSPEndDisplayList(),
};

Gfx mat_revert_bob_dl_floor_layer1[] = {
	gsSPGeometryMode(0, G_LIGHTING),
	gsDPPipeSync(),
	gsDPSetAlphaDither(G_AD_DISABLE),
	gsDPSetCycleType(G_CYC_1CYCLE),
	gsDPSetRenderMode(G_RM_AA_ZB_OPA_SURF, G_RM_AA_ZB_OPA_SURF2),
	gsSPEndDisplayList(),
};

Gfx mat_bob_dl_path_layer1[] = {
	gsSPGeometryMode(G_LIGHTING, 0),
	gsDPPipeSync(),
	gsDPSetCombineLERP(TEXEL0, 0, TEXEL1, 0, 0, 0, 0, ENVIRONMENT, COMBINED, 0, SHADE, 0, 0, 0, 0, COMBINED),
	gsDPSetAlphaDither(G_AD_NOISE),
	gsDPSetCycleType(G_CYC_2CYCLE),
	gsDPSetRenderMode(G_RM_NOOP, G_RM_AA_ZB_OPA_SURF2),
	gsSPTexture(65535, 65535, 0, 0, 1),
	gsDPSetTextureImage(G_IM_FMT_I, G_IM_SIZ_16b, 1, bob_dl_f_tile02_i4),
	gsDPSetTile(G_IM_FMT_I, G_IM_SIZ_16b, 0, 0, 7, 0, G_TX_WRAP | G_TX_NOMIRROR, 0, 0, G_TX_WRAP | G_TX_NOMIRROR, 0, 0),
	gsDPLoadBlock(7, 0, 0, 1023, 512),
	gsDPSetTile(G_IM_FMT_I, G_IM_SIZ_4b, 4, 0, 0, 0, G_TX_WRAP | G_TX_NOMIRROR, 6, 0, G_TX_WRAP | G_TX_NOMIRROR, 6, 0),
	gsDPSetTileSize(0, 0, 0, 252, 252),
	gsDPSetTextureImage(G_IM_FMT_I, G_IM_SIZ_16b, 1, bob_dl_Asset_16_64x64_i4),
	gsDPSetTile(G_IM_FMT_I, G_IM_SIZ_16b, 0, 256, 6, 0, G_TX_WRAP | G_TX_NOMIRROR, 0, 0, G_TX_WRAP | G_TX_NOMIRROR, 0, 0),
	gsDPLoadBlock(6, 0, 0, 1023, 512),
	gsDPSetTile(G_IM_FMT_I, G_IM_SIZ_4b, 4, 256, 1, 0, G_TX_WRAP | G_TX_NOMIRROR, 6, 0, G_TX_WRAP | G_TX_NOMIRROR, 6, 0),
	gsDPSetTileSize(1, 0, 0, 252, 252),
	gsSPEndDisplayList(),
};

Gfx mat_revert_bob_dl_path_layer1[] = {
	gsSPGeometryMode(0, G_LIGHTING),
	gsDPPipeSync(),
	gsDPSetAlphaDither(G_AD_DISABLE),
	gsDPSetCycleType(G_CYC_1CYCLE),
	gsDPSetRenderMode(G_RM_AA_ZB_OPA_SURF, G_RM_AA_ZB_OPA_SURF2),
	gsSPEndDisplayList(),
};

Gfx mat_bob_dl_window[] = {
    gsSPLightColor(LIGHT_1, 0xffffffff),
    gsSPLightColor(LIGHT_2, 0x7f7f7fff),
	gsDPPipeSync(),
	gsDPSetCombineLERP(TEXEL0, 0, SHADE, 0, 0, 0, 0, ENVIRONMENT, TEXEL0, 0, SHADE, 0, 0, 0, 0, ENVIRONMENT),
	gsDPSetAlphaDither(G_AD_NOISE),
	gsSPTexture(65535, 65535, 0, 0, 1),
	gsDPSetTextureImage(G_IM_FMT_I, G_IM_SIZ_8b_LOAD_BLOCK, 1, bob_dl_Window_04_Double_1_64x64_i8),
	gsDPSetTile(G_IM_FMT_I, G_IM_SIZ_8b_LOAD_BLOCK, 0, 0, 7, 0, G_TX_WRAP | G_TX_NOMIRROR, 0, 0, G_TX_WRAP | G_TX_NOMIRROR, 0, 0),
	gsDPLoadBlock(7, 0, 0, 2047, 256),
	gsDPSetTile(G_IM_FMT_I, G_IM_SIZ_8b, 8, 0, 0, 0, G_TX_CLAMP | G_TX_NOMIRROR, 6, 0, G_TX_CLAMP | G_TX_NOMIRROR, 6, 0),
	gsDPSetTileSize(0, 0, 0, 252, 252),
	gsSPEndDisplayList(),
};

Gfx mat_revert_bob_dl_window[] = {
	gsDPPipeSync(),
	gsDPSetAlphaDither(G_AD_DISABLE),
	gsSPEndDisplayList(),
};

Gfx mat_bob_dl_door[] = {
    gsSPLightColor(LIGHT_1, 0xffffffff),
    gsSPLightColor(LIGHT_2, 0x7f7f7fff),
	gsDPPipeSync(),
	gsDPSetCombineLERP(TEXEL0, 0, SHADE, 0, 0, 0, 0, ENVIRONMENT, TEXEL0, 0, SHADE, 0, 0, 0, 0, ENVIRONMENT),
	gsDPSetAlphaDither(G_AD_NOISE),
	gsDPSetTextureLUT(G_TT_RGBA16),
	gsSPTexture(65535, 65535, 0, 0, 1),
	gsDPSetTextureImage(G_IM_FMT_RGBA, G_IM_SIZ_16b, 1, bob_dl_Art56_32x64__Blood__pal_rgba16),
	gsDPSetTile(0, 0, 0, 256, 5, 0, G_TX_WRAP | G_TX_NOMIRROR, 0, 0, G_TX_WRAP | G_TX_NOMIRROR, 0, 0),
	gsDPLoadTLUTCmd(5, 39),
	gsDPSetTextureImage(G_IM_FMT_CI, G_IM_SIZ_8b_LOAD_BLOCK, 1, bob_dl_Art56_32x64__Blood__ci8),
	gsDPSetTile(G_IM_FMT_CI, G_IM_SIZ_8b_LOAD_BLOCK, 0, 0, 7, 0, G_TX_WRAP | G_TX_NOMIRROR, 0, 0, G_TX_WRAP | G_TX_NOMIRROR, 0, 0),
	gsDPLoadBlock(7, 0, 0, 1023, 512),
	gsDPSetTile(G_IM_FMT_CI, G_IM_SIZ_8b, 4, 0, 0, 0, G_TX_WRAP | G_TX_NOMIRROR, 6, 0, G_TX_WRAP | G_TX_NOMIRROR, 5, 0),
	gsDPSetTileSize(0, 0, 0, 124, 252),
	gsSPEndDisplayList(),
};

Gfx mat_revert_bob_dl_door[] = {
	gsDPPipeSync(),
	gsDPSetAlphaDither(G_AD_DISABLE),
	gsDPSetTextureLUT(G_TT_NONE),
	gsSPEndDisplayList(),
};

Gfx mat_bob_dl_roof[] = {
    gsSPLightColor(LIGHT_1, 0xffffffff),
    gsSPLightColor(LIGHT_2, 0x7f7f7fff),
	gsDPPipeSync(),
	gsDPSetCombineLERP(TEXEL0, 0, SHADE, 0, 0, 0, 0, ENVIRONMENT, TEXEL0, 0, SHADE, 0, 0, 0, 0, ENVIRONMENT),
	gsDPSetAlphaDither(G_AD_NOISE),
	gsDPSetTextureLUT(G_TT_RGBA16),
	gsSPTexture(65535, 65535, 0, 0, 1),
	gsDPSetTextureImage(G_IM_FMT_RGBA, G_IM_SIZ_16b, 1, bob_dl_yane_y_s_pal_rgba16),
	gsDPSetTile(0, 0, 0, 256, 5, 0, G_TX_WRAP | G_TX_NOMIRROR, 0, 0, G_TX_WRAP | G_TX_NOMIRROR, 0, 0),
	gsDPLoadTLUTCmd(5, 84),
	gsDPSetTextureImage(G_IM_FMT_CI, G_IM_SIZ_8b_LOAD_BLOCK, 1, bob_dl_yane_y_s_ci8),
	gsDPSetTile(G_IM_FMT_CI, G_IM_SIZ_8b_LOAD_BLOCK, 0, 0, 7, 0, G_TX_WRAP | G_TX_NOMIRROR, 0, 0, G_TX_WRAP | G_TX_NOMIRROR, 0, 0),
	gsDPLoadBlock(7, 0, 0, 511, 512),
	gsDPSetTile(G_IM_FMT_CI, G_IM_SIZ_8b, 4, 0, 0, 0, G_TX_WRAP | G_TX_NOMIRROR, 5, 0, G_TX_WRAP | G_TX_NOMIRROR, 5, 0),
	gsDPSetTileSize(0, 0, 0, 124, 124),
	gsSPEndDisplayList(),
};

Gfx mat_revert_bob_dl_roof[] = {
	gsDPPipeSync(),
	gsDPSetAlphaDither(G_AD_DISABLE),
	gsDPSetTextureLUT(G_TT_NONE),
	gsSPEndDisplayList(),
};

Gfx mat_bob_dl_stairs[] = {
    gsSPLightColor(LIGHT_1, 0xffffffff),
    gsSPLightColor(LIGHT_2, 0x7f7f7fff),
	gsDPPipeSync(),
	gsDPSetCombineLERP(TEXEL0, 0, SHADE, 0, 0, 0, 0, ENVIRONMENT, TEXEL0, 0, SHADE, 0, 0, 0, 0, ENVIRONMENT),
	gsDPSetAlphaDither(G_AD_NOISE),
	gsSPTexture(65535, 65535, 0, 0, 1),
	gsDPSetTextureImage(G_IM_FMT_I, G_IM_SIZ_8b_LOAD_BLOCK, 1, bob_dl_Pic__42__but_grayish_i8),
	gsDPSetTile(G_IM_FMT_I, G_IM_SIZ_8b_LOAD_BLOCK, 0, 0, 7, 0, G_TX_WRAP | G_TX_NOMIRROR, 0, 0, G_TX_WRAP | G_TX_NOMIRROR, 0, 0),
	gsDPLoadBlock(7, 0, 0, 1023, 256),
	gsDPSetTile(G_IM_FMT_I, G_IM_SIZ_8b, 8, 0, 0, 0, G_TX_WRAP | G_TX_NOMIRROR, 5, 0, G_TX_WRAP | G_TX_NOMIRROR, 6, 0),
	gsDPSetTileSize(0, 0, 0, 252, 124),
	gsSPEndDisplayList(),
};

Gfx mat_revert_bob_dl_stairs[] = {
	gsDPPipeSync(),
	gsDPSetAlphaDither(G_AD_DISABLE),
	gsSPEndDisplayList(),
};

Gfx mat_bob_dl_brick_wall_layer1[] = {
	gsSPGeometryMode(G_LIGHTING, 0),
	gsDPPipeSync(),
	gsDPSetCombineLERP(TEXEL0, 0, TEXEL1, 0, 0, 0, 0, ENVIRONMENT, COMBINED, 0, SHADE, 0, 0, 0, 0, COMBINED),
	gsDPSetAlphaDither(G_AD_NOISE),
	gsDPSetCycleType(G_CYC_2CYCLE),
	gsDPSetRenderMode(G_RM_NOOP, G_RM_AA_ZB_OPA_SURF2),
	gsSPTexture(65535, 65535, 0, 0, 1),
	gsDPSetTextureImage(G_IM_FMT_I, G_IM_SIZ_16b, 1, bob_dl_RMGP01_f5e3999d_14_64x64__BRODUTE__i4),
	gsDPSetTile(G_IM_FMT_I, G_IM_SIZ_16b, 0, 0, 7, 0, G_TX_WRAP | G_TX_NOMIRROR, 0, 0, G_TX_WRAP | G_TX_NOMIRROR, 0, 0),
	gsDPLoadBlock(7, 0, 0, 1023, 512),
	gsDPSetTile(G_IM_FMT_I, G_IM_SIZ_4b, 4, 0, 0, 0, G_TX_WRAP | G_TX_NOMIRROR, 6, 0, G_TX_WRAP | G_TX_NOMIRROR, 6, 0),
	gsDPSetTileSize(0, 0, 0, 252, 252),
	gsDPSetTextureImage(G_IM_FMT_I, G_IM_SIZ_16b, 1, bob_dl_p_sndstn_64x64_STRIFE_i4),
	gsDPSetTile(G_IM_FMT_I, G_IM_SIZ_16b, 0, 256, 6, 0, G_TX_WRAP | G_TX_NOMIRROR, 0, 0, G_TX_WRAP | G_TX_NOMIRROR, 0, 0),
	gsDPLoadBlock(6, 0, 0, 1023, 512),
	gsDPSetTile(G_IM_FMT_I, G_IM_SIZ_4b, 4, 256, 1, 0, G_TX_WRAP | G_TX_NOMIRROR, 6, 0, G_TX_WRAP | G_TX_NOMIRROR, 6, 0),
	gsDPSetTileSize(1, 0, 0, 252, 252),
	gsSPEndDisplayList(),
};

Gfx mat_revert_bob_dl_brick_wall_layer1[] = {
	gsSPGeometryMode(0, G_LIGHTING),
	gsDPPipeSync(),
	gsDPSetAlphaDither(G_AD_DISABLE),
	gsDPSetCycleType(G_CYC_1CYCLE),
	gsDPSetRenderMode(G_RM_AA_ZB_OPA_SURF, G_RM_AA_ZB_OPA_SURF2),
	gsSPEndDisplayList(),
};

Gfx mat_bob_dl_stone__wall_holes__layer1[] = {
	gsSPGeometryMode(G_LIGHTING, 0),
	gsDPPipeSync(),
	gsDPSetCombineLERP(TEXEL0, 0, TEXEL1, 0, 0, 0, 0, ENVIRONMENT, COMBINED, 0, SHADE, 0, 0, 0, 0, COMBINED),
	gsDPSetAlphaDither(G_AD_NOISE),
	gsDPSetCycleType(G_CYC_2CYCLE),
	gsDPSetRenderMode(G_RM_NOOP, G_RM_AA_ZB_OPA_SURF2),
	gsSPTexture(65535, 65535, 0, 0, 1),
	gsDPSetTextureImage(G_IM_FMT_I, G_IM_SIZ_16b, 1, bob_dl_Asset_16_64x64_i4),
	gsDPSetTile(G_IM_FMT_I, G_IM_SIZ_16b, 0, 0, 7, 0, G_TX_WRAP | G_TX_NOMIRROR, 0, 0, G_TX_WRAP | G_TX_NOMIRROR, 0, 0),
	gsDPLoadBlock(7, 0, 0, 1023, 512),
	gsDPSetTile(G_IM_FMT_I, G_IM_SIZ_4b, 4, 0, 0, 0, G_TX_WRAP | G_TX_NOMIRROR, 6, 0, G_TX_WRAP | G_TX_NOMIRROR, 6, 0),
	gsDPSetTileSize(0, 0, 0, 252, 252),
	gsDPSetTextureImage(G_IM_FMT_I, G_IM_SIZ_16b, 1, bob_dl_RMGP01_dacee377_14_64x64__brodute__i4),
	gsDPSetTile(G_IM_FMT_I, G_IM_SIZ_16b, 0, 256, 6, 0, G_TX_WRAP | G_TX_NOMIRROR, 0, 0, G_TX_WRAP | G_TX_NOMIRROR, 0, 0),
	gsDPLoadBlock(6, 0, 0, 1023, 512),
	gsDPSetTile(G_IM_FMT_I, G_IM_SIZ_4b, 4, 256, 1, 0, G_TX_WRAP | G_TX_NOMIRROR, 6, 0, G_TX_WRAP | G_TX_NOMIRROR, 6, 0),
	gsDPSetTileSize(1, 0, 0, 252, 252),
	gsSPEndDisplayList(),
};

Gfx mat_revert_bob_dl_stone__wall_holes__layer1[] = {
	gsSPGeometryMode(0, G_LIGHTING),
	gsDPPipeSync(),
	gsDPSetAlphaDither(G_AD_DISABLE),
	gsDPSetCycleType(G_CYC_1CYCLE),
	gsDPSetRenderMode(G_RM_AA_ZB_OPA_SURF, G_RM_AA_ZB_OPA_SURF2),
	gsSPEndDisplayList(),
};

Gfx mat_bob_dl_water_layer5[] = {
	gsSPGeometryMode(G_LIGHTING, 0),
	gsDPPipeSync(),
	gsDPSetCombineLERP(TEXEL0, 0, TEXEL1, 0, 0, 0, 0, ENVIRONMENT, COMBINED, 0, SHADE, 0, 0, 0, 0, COMBINED),
	gsDPSetAlphaDither(G_AD_NOISE),
	gsDPSetCycleType(G_CYC_2CYCLE),
	gsDPSetRenderMode(G_RM_PASS, G_RM_AA_ZB_XLU_SURF2),
	gsSPTexture(65535, 65535, 0, 0, 1),
	gsDPSetEnvColor(255, 255, 255, 178),
	gsDPSetTextureImage(G_IM_FMT_I, G_IM_SIZ_16b, 1, bob_dl_Glover_B7EE1B22_0_0_5A62BD49_ciByRGBA_i4),
	gsDPSetTile(G_IM_FMT_I, G_IM_SIZ_16b, 0, 0, 7, 0, G_TX_WRAP | G_TX_NOMIRROR, 0, 0, G_TX_WRAP | G_TX_NOMIRROR, 0, 0),
	gsDPLoadBlock(7, 0, 0, 1023, 512),
	gsDPSetTile(G_IM_FMT_I, G_IM_SIZ_4b, 4, 0, 0, 0, G_TX_WRAP | G_TX_NOMIRROR, 6, 0, G_TX_WRAP | G_TX_NOMIRROR, 6, 0),
	gsDPSetTileSize(0, 0, 0, 252, 252),
	gsDPSetTextureImage(G_IM_FMT_I, G_IM_SIZ_16b, 1, bob_dl_water8_64x64_i4),
	gsDPSetTile(G_IM_FMT_I, G_IM_SIZ_16b, 0, 256, 6, 0, G_TX_WRAP | G_TX_NOMIRROR, 0, 0, G_TX_WRAP | G_TX_NOMIRROR, 0, 0),
	gsDPLoadBlock(6, 0, 0, 1023, 512),
	gsDPSetTile(G_IM_FMT_I, G_IM_SIZ_4b, 4, 256, 1, 0, G_TX_WRAP | G_TX_NOMIRROR, 6, 0, G_TX_WRAP | G_TX_NOMIRROR, 6, 0),
	gsDPSetTileSize(1, 0, 0, 252, 252),
	gsSPEndDisplayList(),
};

Gfx mat_revert_bob_dl_water_layer5[] = {
	gsSPGeometryMode(0, G_LIGHTING),
	gsDPPipeSync(),
	gsDPSetAlphaDither(G_AD_DISABLE),
	gsDPSetCycleType(G_CYC_1CYCLE),
	gsDPSetRenderMode(G_RM_AA_ZB_XLU_SURF, G_RM_AA_ZB_XLU_SURF2),
	gsSPEndDisplayList(),
};

Gfx mat_bob_dl_wood_core[] = {
	gsSPGeometryMode(G_LIGHTING, 0),
	gsDPPipeSync(),
	gsDPSetCombineLERP(TEXEL0, 0, SHADE, 0, ENVIRONMENT, 0, SHADE, 0, TEXEL0, 0, SHADE, 0, ENVIRONMENT, 0, SHADE, 0),
	gsDPSetAlphaDither(G_AD_NOISE),
	gsSPTexture(65535, 65535, 0, 0, 1),
	gsDPSetTextureImage(G_IM_FMT_I, G_IM_SIZ_8b_LOAD_BLOCK, 1, bob_dl_KKIIDDZZ_DAT_570__p00_i8),
	gsDPSetTile(G_IM_FMT_I, G_IM_SIZ_8b_LOAD_BLOCK, 0, 0, 7, 0, G_TX_WRAP | G_TX_NOMIRROR, 0, 0, G_TX_WRAP | G_TX_NOMIRROR, 0, 0),
	gsDPLoadBlock(7, 0, 0, 2047, 256),
	gsDPSetTile(G_IM_FMT_I, G_IM_SIZ_8b, 8, 0, 0, 0, G_TX_WRAP | G_TX_NOMIRROR, 6, 0, G_TX_WRAP | G_TX_NOMIRROR, 6, 0),
	gsDPSetTileSize(0, 0, 0, 252, 252),
	gsSPEndDisplayList(),
};

Gfx mat_revert_bob_dl_wood_core[] = {
	gsSPGeometryMode(0, G_LIGHTING),
	gsDPPipeSync(),
	gsDPSetAlphaDither(G_AD_DISABLE),
	gsSPEndDisplayList(),
};

Gfx mat_bob_dl_fence_thing[] = {
	gsSPGeometryMode(G_CULL_BACK, 0),
    gsSPLightColor(LIGHT_1, 0xffffffff),
    gsSPLightColor(LIGHT_2, 0x7f7f7fff),
	gsDPPipeSync(),
	gsDPSetCombineLERP(TEXEL0, 0, SHADE, 0, TEXEL0, 0, ENVIRONMENT, 0, TEXEL0, 0, SHADE, 0, TEXEL0, 0, ENVIRONMENT, 0),
	gsDPSetAlphaDither(G_AD_NOISE),
	gsDPSetTextureLUT(G_TT_RGBA16),
	gsSPTexture(65535, 65535, 0, 0, 1),
	gsDPSetTextureImage(G_IM_FMT_RGBA, G_IM_SIZ_16b, 1, bob_dl_wl_ami1_pal_rgba16),
	gsDPSetTile(0, 0, 0, 256, 5, 0, G_TX_WRAP | G_TX_NOMIRROR, 0, 0, G_TX_WRAP | G_TX_NOMIRROR, 0, 0),
	gsDPLoadTLUTCmd(5, 34),
	gsDPSetTextureImage(G_IM_FMT_CI, G_IM_SIZ_8b_LOAD_BLOCK, 1, bob_dl_wl_ami1_ci8),
	gsDPSetTile(G_IM_FMT_CI, G_IM_SIZ_8b_LOAD_BLOCK, 0, 0, 7, 0, G_TX_WRAP | G_TX_NOMIRROR, 0, 0, G_TX_WRAP | G_TX_NOMIRROR, 0, 0),
	gsDPLoadBlock(7, 0, 0, 511, 512),
	gsDPSetTile(G_IM_FMT_CI, G_IM_SIZ_8b, 4, 0, 0, 0, G_TX_WRAP | G_TX_NOMIRROR, 5, 0, G_TX_WRAP | G_TX_NOMIRROR, 5, 0),
	gsDPSetTileSize(0, 0, 0, 124, 124),
	gsSPEndDisplayList(),
};

Gfx mat_revert_bob_dl_fence_thing[] = {
	gsSPGeometryMode(0, G_CULL_BACK),
	gsDPPipeSync(),
	gsDPSetAlphaDither(G_AD_DISABLE),
	gsDPSetTextureLUT(G_TT_NONE),
	gsSPEndDisplayList(),
};

Gfx mat_bob_dl_fence_top_layer1[] = {
	gsSPGeometryMode(G_CULL_BACK | G_LIGHTING, 0),
	gsDPPipeSync(),
	gsDPSetCombineLERP(TEXEL0, 0, TEXEL1, 0, 0, 0, 0, ENVIRONMENT, COMBINED, 0, SHADE, 0, 0, 0, 0, COMBINED),
	gsDPSetAlphaDither(G_AD_NOISE),
	gsDPSetCycleType(G_CYC_2CYCLE),
	gsDPSetRenderMode(G_RM_NOOP, G_RM_AA_ZB_OPA_SURF2),
	gsSPTexture(65535, 65535, 0, 0, 1),
	gsDPSetTextureImage(G_IM_FMT_I, G_IM_SIZ_16b, 1, bob_dl_Mat_Metal_Gray_03__64x64_i4),
	gsDPSetTile(G_IM_FMT_I, G_IM_SIZ_16b, 0, 0, 7, 0, G_TX_WRAP | G_TX_NOMIRROR, 0, 0, G_TX_WRAP | G_TX_NOMIRROR, 0, 0),
	gsDPLoadBlock(7, 0, 0, 1023, 512),
	gsDPSetTile(G_IM_FMT_I, G_IM_SIZ_4b, 4, 0, 0, 0, G_TX_WRAP | G_TX_NOMIRROR, 6, 0, G_TX_WRAP | G_TX_NOMIRROR, 6, 0),
	gsDPSetTileSize(0, 0, 0, 252, 252),
	gsDPSetTextureImage(G_IM_FMT_I, G_IM_SIZ_16b, 1, bob_dl_Metal041C_1K_PNG_Roughness_64x64_i4),
	gsDPSetTile(G_IM_FMT_I, G_IM_SIZ_16b, 0, 256, 6, 0, G_TX_WRAP | G_TX_NOMIRROR, 0, 0, G_TX_WRAP | G_TX_NOMIRROR, 0, 0),
	gsDPLoadBlock(6, 0, 0, 1023, 512),
	gsDPSetTile(G_IM_FMT_I, G_IM_SIZ_4b, 4, 256, 1, 0, G_TX_WRAP | G_TX_NOMIRROR, 6, 0, G_TX_WRAP | G_TX_NOMIRROR, 6, 0),
	gsDPSetTileSize(1, 0, 0, 252, 252),
	gsSPEndDisplayList(),
};

Gfx mat_revert_bob_dl_fence_top_layer1[] = {
	gsSPGeometryMode(0, G_CULL_BACK | G_LIGHTING),
	gsDPPipeSync(),
	gsDPSetAlphaDither(G_AD_DISABLE),
	gsDPSetCycleType(G_CYC_1CYCLE),
	gsDPSetRenderMode(G_RM_AA_ZB_OPA_SURF, G_RM_AA_ZB_OPA_SURF2),
	gsSPEndDisplayList(),
};

Gfx mat_bob_dl_Fence_gate_enterance[] = {
	gsSPGeometryMode(G_CULL_BACK | G_LIGHTING, 0),
	gsDPPipeSync(),
	gsDPSetCombineLERP(TEXEL0, 0, SHADE, 0, TEXEL0, 0, PRIMITIVE, 0, TEXEL0, 0, SHADE, 0, TEXEL0, 0, PRIMITIVE, 0),
	gsDPSetAlphaDither(G_AD_NOISE),
	gsSPTexture(65535, 65535, 0, 0, 1),
	gsDPSetPrimColor(0, 0, 255, 255, 255, 255),
	gsDPSetTextureImage(G_IM_FMT_I, G_IM_SIZ_8b_LOAD_BLOCK, 1, bob_dl_Art76_i8),
	gsDPSetTile(G_IM_FMT_I, G_IM_SIZ_8b_LOAD_BLOCK, 0, 0, 7, 0, G_TX_WRAP | G_TX_NOMIRROR, 0, 0, G_TX_WRAP | G_TX_NOMIRROR, 0, 0),
	gsDPLoadBlock(7, 0, 0, 2047, 256),
	gsDPSetTile(G_IM_FMT_I, G_IM_SIZ_8b, 8, 0, 0, 0, G_TX_WRAP | G_TX_NOMIRROR, 6, 0, G_TX_WRAP | G_TX_NOMIRROR, 6, 0),
	gsDPSetTileSize(0, 0, 0, 252, 252),
	gsSPEndDisplayList(),
};

Gfx mat_revert_bob_dl_Fence_gate_enterance[] = {
	gsSPGeometryMode(0, G_CULL_BACK | G_LIGHTING),
	gsDPPipeSync(),
	gsDPSetAlphaDither(G_AD_DISABLE),
	gsSPEndDisplayList(),
};

Gfx mat_bob_dl_Warp_texture[] = {
    gsSPLightColor(LIGHT_1, 0xffffffff),
    gsSPLightColor(LIGHT_2, 0x7f7f7fff),
	gsDPPipeSync(),
	gsDPSetCombineLERP(TEXEL0, 0, SHADE, 0, 0, 0, 0, ENVIRONMENT, TEXEL0, 0, SHADE, 0, 0, 0, 0, ENVIRONMENT),
	gsDPSetAlphaDither(G_AD_NOISE),
	gsDPSetTextureLUT(G_TT_RGBA16),
	gsSPTexture(65535, 65535, 0, 0, 1),
	gsDPSetTextureImage(G_IM_FMT_RGBA, G_IM_SIZ_16b, 1, bob_dl_Transgender_Pride_flag_64x32_pal_rgba16),
	gsDPSetTile(0, 0, 0, 256, 5, 0, G_TX_WRAP | G_TX_NOMIRROR, 0, 0, G_TX_WRAP | G_TX_NOMIRROR, 0, 0),
	gsDPLoadTLUTCmd(5, 2),
	gsDPSetTextureImage(G_IM_FMT_CI, G_IM_SIZ_16b, 1, bob_dl_Transgender_Pride_flag_64x32_ci4),
	gsDPSetTile(G_IM_FMT_CI, G_IM_SIZ_16b, 0, 0, 7, 0, G_TX_WRAP | G_TX_NOMIRROR, 0, 0, G_TX_WRAP | G_TX_NOMIRROR, 0, 0),
	gsDPLoadBlock(7, 0, 0, 511, 512),
	gsDPSetTile(G_IM_FMT_CI, G_IM_SIZ_4b, 4, 0, 0, 0, G_TX_WRAP | G_TX_NOMIRROR, 5, 0, G_TX_WRAP | G_TX_NOMIRROR, 6, 0),
	gsDPSetTileSize(0, 0, 0, 252, 124),
	gsSPEndDisplayList(),
};

Gfx mat_revert_bob_dl_Warp_texture[] = {
	gsDPPipeSync(),
	gsDPSetAlphaDither(G_AD_DISABLE),
	gsDPSetTextureLUT(G_TT_NONE),
	gsSPEndDisplayList(),
};

Gfx mat_bob_dl_f3dlite_material[] = {
    gsSPLightColor(LIGHT_1, 0xffffffff),
    gsSPLightColor(LIGHT_2, 0x7f7f7fff),
	gsDPPipeSync(),
	gsDPSetCombineLERP(TEXEL0, 0, SHADE, 0, 0, 0, 0, ENVIRONMENT, TEXEL0, 0, SHADE, 0, 0, 0, 0, ENVIRONMENT),
	gsDPSetAlphaDither(G_AD_NOISE),
	gsSPTexture(65535, 65535, 0, 0, 1),
	gsDPSetTextureImage(G_IM_FMT_RGBA, G_IM_SIZ_16b_LOAD_BLOCK, 1, bob_dl_Zrzut_ekranu_2024_07_24_115741_rgba16),
	gsDPSetTile(G_IM_FMT_RGBA, G_IM_SIZ_16b_LOAD_BLOCK, 0, 0, 7, 0, G_TX_WRAP | G_TX_NOMIRROR, 0, 0, G_TX_WRAP | G_TX_NOMIRROR, 0, 0),
	gsDPLoadBlock(7, 0, 0, 2047, 128),
	gsDPSetTile(G_IM_FMT_RGBA, G_IM_SIZ_16b, 16, 0, 0, 0, G_TX_WRAP | G_TX_NOMIRROR, 5, 0, G_TX_WRAP | G_TX_NOMIRROR, 6, 0),
	gsDPSetTileSize(0, 0, 0, 252, 124),
	gsSPEndDisplayList(),
};

Gfx mat_revert_bob_dl_f3dlite_material[] = {
	gsDPPipeSync(),
	gsDPSetAlphaDither(G_AD_DISABLE),
	gsSPEndDisplayList(),
};

Gfx mat_bob_dl_Warp_texture_exit[] = {
    gsSPLightColor(LIGHT_1, 0xffffffff),
    gsSPLightColor(LIGHT_2, 0x7f7f7fff),
	gsDPPipeSync(),
	gsDPSetCombineLERP(TEXEL0, 0, SHADE, 0, 0, 0, 0, ENVIRONMENT, TEXEL0, 0, SHADE, 0, 0, 0, 0, ENVIRONMENT),
	gsDPSetAlphaDither(G_AD_NOISE),
	gsSPTexture(65535, 65535, 0, 0, 1),
	gsDPSetTextureImage(G_IM_FMT_I, G_IM_SIZ_8b_LOAD_BLOCK, 1, bob_dl_rainbow_gradient_2391__gray__32x32_i8),
	gsDPSetTile(G_IM_FMT_I, G_IM_SIZ_8b_LOAD_BLOCK, 0, 0, 7, 0, G_TX_WRAP | G_TX_NOMIRROR, 0, 0, G_TX_WRAP | G_TX_NOMIRROR, 0, 0),
	gsDPLoadBlock(7, 0, 0, 511, 512),
	gsDPSetTile(G_IM_FMT_I, G_IM_SIZ_8b, 4, 0, 0, 0, G_TX_WRAP | G_TX_NOMIRROR, 5, 0, G_TX_WRAP | G_TX_NOMIRROR, 5, 0),
	gsDPSetTileSize(0, 0, 0, 124, 124),
	gsSPEndDisplayList(),
};

Gfx mat_revert_bob_dl_Warp_texture_exit[] = {
	gsDPPipeSync(),
	gsDPSetAlphaDither(G_AD_DISABLE),
	gsSPEndDisplayList(),
};

Gfx mat_bob_dl_grass__intangible__FADE_OUT_layer5[] = {
	gsSPGeometryMode(G_LIGHTING, 0),
	gsDPPipeSync(),
	gsDPSetCombineLERP(TEXEL0, 0, TEXEL1, 0, 0, 0, 0, SHADE, PRIMITIVE, 0, SHADE, COMBINED, 0, 0, 0, SHADE),
	gsDPSetAlphaDither(G_AD_NOISE),
	gsDPSetCycleType(G_CYC_2CYCLE),
	gsDPSetRenderMode(G_RM_PASS, G_RM_AA_ZB_XLU_SURF2),
	gsSPTexture(65535, 65535, 0, 0, 1),
	gsDPSetPrimColor(0, 0, 255, 255, 255, 255),
	gsDPSetTextureImage(G_IM_FMT_I, G_IM_SIZ_16b, 1, bob_dl_kusa_64x64_i4),
	gsDPSetTile(G_IM_FMT_I, G_IM_SIZ_16b, 0, 0, 7, 0, G_TX_WRAP | G_TX_NOMIRROR, 0, 0, G_TX_WRAP | G_TX_NOMIRROR, 0, 0),
	gsDPLoadBlock(7, 0, 0, 1023, 512),
	gsDPSetTile(G_IM_FMT_I, G_IM_SIZ_4b, 4, 0, 0, 0, G_TX_WRAP | G_TX_NOMIRROR, 6, 0, G_TX_WRAP | G_TX_NOMIRROR, 6, 0),
	gsDPSetTileSize(0, 0, 0, 252, 252),
	gsDPSetTextureImage(G_IM_FMT_I, G_IM_SIZ_16b, 1, bob_dl_Newgrass2__lighter__i4),
	gsDPSetTile(G_IM_FMT_I, G_IM_SIZ_16b, 0, 256, 6, 0, G_TX_WRAP | G_TX_NOMIRROR, 0, 0, G_TX_WRAP | G_TX_NOMIRROR, 0, 0),
	gsDPLoadBlock(6, 0, 0, 1023, 512),
	gsDPSetTile(G_IM_FMT_I, G_IM_SIZ_4b, 4, 256, 1, 0, G_TX_WRAP | G_TX_NOMIRROR, 6, 0, G_TX_WRAP | G_TX_NOMIRROR, 6, 0),
	gsDPSetTileSize(1, 0, 0, 252, 252),
	gsSPEndDisplayList(),
};

Gfx mat_revert_bob_dl_grass__intangible__FADE_OUT_layer5[] = {
	gsSPGeometryMode(0, G_LIGHTING),
	gsDPPipeSync(),
	gsDPSetAlphaDither(G_AD_DISABLE),
	gsDPSetCycleType(G_CYC_1CYCLE),
	gsDPSetRenderMode(G_RM_AA_ZB_XLU_SURF, G_RM_AA_ZB_XLU_SURF2),
	gsSPEndDisplayList(),
};

Gfx mat_bob_dl_path_FADE_OUT_layer5[] = {
	gsSPGeometryMode(G_LIGHTING, 0),
	gsDPPipeSync(),
	gsDPSetCombineLERP(TEXEL0, 0, TEXEL1, 0, 0, 0, 0, SHADE, COMBINED, 0, SHADE, 0, 0, 0, 0, SHADE),
	gsDPSetAlphaDither(G_AD_NOISE),
	gsDPSetCycleType(G_CYC_2CYCLE),
	gsDPSetRenderMode(G_RM_PASS, G_RM_AA_ZB_XLU_SURF2),
	gsSPTexture(65535, 65535, 0, 0, 1),
	gsDPSetTextureImage(G_IM_FMT_I, G_IM_SIZ_16b, 1, bob_dl_f_tile02_i4),
	gsDPSetTile(G_IM_FMT_I, G_IM_SIZ_16b, 0, 0, 7, 0, G_TX_WRAP | G_TX_NOMIRROR, 0, 0, G_TX_WRAP | G_TX_NOMIRROR, 0, 0),
	gsDPLoadBlock(7, 0, 0, 1023, 512),
	gsDPSetTile(G_IM_FMT_I, G_IM_SIZ_4b, 4, 0, 0, 0, G_TX_WRAP | G_TX_NOMIRROR, 6, 0, G_TX_WRAP | G_TX_NOMIRROR, 6, 0),
	gsDPSetTileSize(0, 0, 0, 252, 252),
	gsDPSetTextureImage(G_IM_FMT_I, G_IM_SIZ_16b, 1, bob_dl_Asset_16_64x64_i4),
	gsDPSetTile(G_IM_FMT_I, G_IM_SIZ_16b, 0, 256, 6, 0, G_TX_WRAP | G_TX_NOMIRROR, 0, 0, G_TX_WRAP | G_TX_NOMIRROR, 0, 0),
	gsDPLoadBlock(6, 0, 0, 1023, 512),
	gsDPSetTile(G_IM_FMT_I, G_IM_SIZ_4b, 4, 256, 1, 0, G_TX_WRAP | G_TX_NOMIRROR, 6, 0, G_TX_WRAP | G_TX_NOMIRROR, 6, 0),
	gsDPSetTileSize(1, 0, 0, 252, 252),
	gsSPEndDisplayList(),
};

Gfx mat_revert_bob_dl_path_FADE_OUT_layer5[] = {
	gsSPGeometryMode(0, G_LIGHTING),
	gsDPPipeSync(),
	gsDPSetAlphaDither(G_AD_DISABLE),
	gsDPSetCycleType(G_CYC_1CYCLE),
	gsDPSetRenderMode(G_RM_AA_ZB_XLU_SURF, G_RM_AA_ZB_XLU_SURF2),
	gsSPEndDisplayList(),
};

Gfx mat_bob_dl_forest_walls[] = {
    gsSPLightColor(LIGHT_1, 0xffffffff),
    gsSPLightColor(LIGHT_2, 0x7f7f7fff),
	gsDPPipeSync(),
	gsDPSetCombineLERP(TEXEL0, 0, SHADE, 0, TEXEL0, 0, ENVIRONMENT, 0, TEXEL0, 0, SHADE, 0, TEXEL0, 0, ENVIRONMENT, 0),
	gsDPSetAlphaDither(G_AD_NOISE),
	gsDPSetTextureLUT(G_TT_RGBA16),
	gsSPTexture(65535, 65535, 0, 0, 1),
	gsDPSetTextureImage(G_IM_FMT_RGBA, G_IM_SIZ_16b, 1, bob_dl_C2AD5238B27ADDE8999E3E342DFE23C1_pal_rgba16),
	gsDPSetTile(0, 0, 0, 256, 5, 0, G_TX_WRAP | G_TX_NOMIRROR, 0, 0, G_TX_WRAP | G_TX_NOMIRROR, 0, 0),
	gsDPLoadTLUTCmd(5, 14),
	gsDPSetTextureImage(G_IM_FMT_CI, G_IM_SIZ_16b, 1, bob_dl_C2AD5238B27ADDE8999E3E342DFE23C1_ci4),
	gsDPSetTile(G_IM_FMT_CI, G_IM_SIZ_16b, 0, 0, 7, 0, G_TX_WRAP | G_TX_NOMIRROR, 0, 0, G_TX_WRAP | G_TX_NOMIRROR, 0, 0),
	gsDPLoadBlock(7, 0, 0, 1023, 512),
	gsDPSetTile(G_IM_FMT_CI, G_IM_SIZ_4b, 4, 0, 0, 0, G_TX_WRAP | G_TX_NOMIRROR, 6, 0, G_TX_WRAP | G_TX_NOMIRROR, 6, 0),
	gsDPSetTileSize(0, 0, 0, 252, 252),
	gsSPEndDisplayList(),
};

Gfx mat_revert_bob_dl_forest_walls[] = {
	gsDPPipeSync(),
	gsDPSetAlphaDither(G_AD_DISABLE),
	gsDPSetTextureLUT(G_TT_NONE),
	gsSPEndDisplayList(),
};

Gfx mat_bob_dl_Arena_Grass_layer1[] = {
	gsSPGeometryMode(G_LIGHTING, 0),
	gsDPPipeSync(),
	gsDPSetCombineLERP(TEXEL0, 0, TEXEL1, 0, 0, 0, 0, ENVIRONMENT, COMBINED, 0, SHADE, 0, 0, 0, 0, COMBINED),
	gsDPSetAlphaDither(G_AD_NOISE),
	gsDPSetCycleType(G_CYC_2CYCLE),
	gsDPSetRenderMode(G_RM_NOOP, G_RM_AA_ZB_OPA_SURF2),
	gsSPTexture(65535, 65535, 0, 0, 1),
	gsDPSetTextureImage(G_IM_FMT_I, G_IM_SIZ_16b, 1, bob_dl_KKIIDDZZ_DAT_653__p00_i4),
	gsDPSetTile(G_IM_FMT_I, G_IM_SIZ_16b, 0, 0, 7, 0, G_TX_WRAP | G_TX_NOMIRROR, 0, 0, G_TX_WRAP | G_TX_NOMIRROR, 0, 0),
	gsDPLoadBlock(7, 0, 0, 1023, 512),
	gsDPSetTile(G_IM_FMT_I, G_IM_SIZ_4b, 4, 0, 0, 0, G_TX_WRAP | G_TX_NOMIRROR, 6, 0, G_TX_WRAP | G_TX_MIRROR, 6, 0),
	gsDPSetTileSize(0, 0, 0, 252, 252),
	gsDPSetTextureImage(G_IM_FMT_I, G_IM_SIZ_8b_LOAD_BLOCK, 1, bob_dl_KKIIDDZZ_DAT_1658__p00_i8),
	gsDPSetTile(G_IM_FMT_I, G_IM_SIZ_8b_LOAD_BLOCK, 0, 256, 6, 0, G_TX_WRAP | G_TX_NOMIRROR, 0, 0, G_TX_WRAP | G_TX_NOMIRROR, 0, 0),
	gsDPLoadBlock(6, 0, 0, 511, 512),
	gsDPSetTile(G_IM_FMT_I, G_IM_SIZ_8b, 4, 256, 1, 0, G_TX_WRAP | G_TX_NOMIRROR, 5, 0, G_TX_WRAP | G_TX_NOMIRROR, 5, 0),
	gsDPSetTileSize(1, 0, 0, 124, 124),
	gsSPEndDisplayList(),
};

Gfx mat_revert_bob_dl_Arena_Grass_layer1[] = {
	gsSPGeometryMode(0, G_LIGHTING),
	gsDPPipeSync(),
	gsDPSetAlphaDither(G_AD_DISABLE),
	gsDPSetCycleType(G_CYC_1CYCLE),
	gsDPSetRenderMode(G_RM_AA_ZB_OPA_SURF, G_RM_AA_ZB_OPA_SURF2),
	gsSPEndDisplayList(),
};

Gfx mat_bob_dl_Stone_layer1[] = {
	gsSPGeometryMode(G_LIGHTING, 0),
	gsDPPipeSync(),
	gsDPSetCombineLERP(TEXEL0, 0, TEXEL1, 0, 0, 0, 0, ENVIRONMENT, COMBINED, 0, SHADE, 0, 0, 0, 0, COMBINED),
	gsDPSetAlphaDither(G_AD_NOISE),
	gsDPSetCycleType(G_CYC_2CYCLE),
	gsDPSetRenderMode(G_RM_NOOP, G_RM_AA_ZB_OPA_SURF2),
	gsSPTexture(65535, 65535, 0, 0, 1),
	gsDPSetTextureImage(G_IM_FMT_I, G_IM_SIZ_16b, 1, bob_dl_C55_i4),
	gsDPSetTile(G_IM_FMT_I, G_IM_SIZ_16b, 0, 0, 7, 0, G_TX_WRAP | G_TX_NOMIRROR, 0, 0, G_TX_WRAP | G_TX_NOMIRROR, 0, 0),
	gsDPLoadBlock(7, 0, 0, 1023, 512),
	gsDPSetTile(G_IM_FMT_I, G_IM_SIZ_4b, 4, 0, 0, 0, G_TX_WRAP | G_TX_NOMIRROR, 6, 0, G_TX_WRAP | G_TX_NOMIRROR, 6, 0),
	gsDPSetTileSize(0, 0, 0, 252, 252),
	gsDPSetTextureImage(G_IM_FMT_I, G_IM_SIZ_16b, 1, bob_dl_kpa_wall_btif_i4),
	gsDPSetTile(G_IM_FMT_I, G_IM_SIZ_16b, 0, 256, 6, 0, G_TX_WRAP | G_TX_NOMIRROR, 0, 0, G_TX_WRAP | G_TX_NOMIRROR, 0, 0),
	gsDPLoadBlock(6, 0, 0, 1023, 512),
	gsDPSetTile(G_IM_FMT_I, G_IM_SIZ_4b, 4, 256, 1, 0, G_TX_WRAP | G_TX_NOMIRROR, 6, 0, G_TX_WRAP | G_TX_NOMIRROR, 6, 0),
	gsDPSetTileSize(1, 0, 0, 252, 252),
	gsSPEndDisplayList(),
};

Gfx mat_revert_bob_dl_Stone_layer1[] = {
	gsSPGeometryMode(0, G_LIGHTING),
	gsDPPipeSync(),
	gsDPSetAlphaDither(G_AD_DISABLE),
	gsDPSetCycleType(G_CYC_1CYCLE),
	gsDPSetRenderMode(G_RM_AA_ZB_OPA_SURF, G_RM_AA_ZB_OPA_SURF2),
	gsSPEndDisplayList(),
};

Gfx mat_bob_dl_grass__intangible__layer1[] = {
	gsSPGeometryMode(G_LIGHTING, 0),
	gsDPPipeSync(),
	gsDPSetCombineLERP(TEXEL0, 0, TEXEL1, 0, 0, 0, 0, ENVIRONMENT, COMBINED, 0, SHADE, 0, 0, 0, 0, COMBINED),
	gsDPSetAlphaDither(G_AD_NOISE),
	gsDPSetCycleType(G_CYC_2CYCLE),
	gsDPSetRenderMode(G_RM_NOOP, G_RM_AA_ZB_OPA_SURF2),
	gsSPTexture(65535, 65535, 0, 0, 1),
	gsDPSetTextureImage(G_IM_FMT_I, G_IM_SIZ_16b, 1, bob_dl_TITLE_ALL_2__p00_i4),
	gsDPSetTile(G_IM_FMT_I, G_IM_SIZ_16b, 0, 0, 7, 0, G_TX_WRAP | G_TX_NOMIRROR, 0, 0, G_TX_WRAP | G_TX_NOMIRROR, 0, 0),
	gsDPLoadBlock(7, 0, 0, 1023, 512),
	gsDPSetTile(G_IM_FMT_I, G_IM_SIZ_4b, 4, 0, 0, 0, G_TX_WRAP | G_TX_NOMIRROR, 6, 0, G_TX_WRAP | G_TX_NOMIRROR, 6, 0),
	gsDPSetTileSize(0, 0, 0, 252, 252),
	gsDPSetTextureImage(G_IM_FMT_I, G_IM_SIZ_16b, 1, bob_dl_Newgrass3_i4),
	gsDPSetTile(G_IM_FMT_I, G_IM_SIZ_16b, 0, 256, 6, 0, G_TX_WRAP | G_TX_NOMIRROR, 0, 0, G_TX_WRAP | G_TX_NOMIRROR, 0, 0),
	gsDPLoadBlock(6, 0, 0, 1023, 512),
	gsDPSetTile(G_IM_FMT_I, G_IM_SIZ_4b, 4, 256, 1, 0, G_TX_WRAP | G_TX_NOMIRROR, 6, 0, G_TX_WRAP | G_TX_NOMIRROR, 6, 0),
	gsDPSetTileSize(1, 0, 0, 252, 252),
	gsSPEndDisplayList(),
};

Gfx mat_revert_bob_dl_grass__intangible__layer1[] = {
	gsSPGeometryMode(0, G_LIGHTING),
	gsDPPipeSync(),
	gsDPSetAlphaDither(G_AD_DISABLE),
	gsDPSetCycleType(G_CYC_1CYCLE),
	gsDPSetRenderMode(G_RM_AA_ZB_OPA_SURF, G_RM_AA_ZB_OPA_SURF2),
	gsSPEndDisplayList(),
};

Gfx mat_bob_dl_BLACK[] = {
    gsSPLightColor(LIGHT_1, 0xff),
    gsSPLightColor(LIGHT_2, 0xff),
	gsDPPipeSync(),
	gsDPSetCombineLERP(0, 0, 0, SHADE, 0, 0, 0, ENVIRONMENT, 0, 0, 0, SHADE, 0, 0, 0, ENVIRONMENT),
	gsDPSetAlphaDither(G_AD_NOISE),
	gsSPTexture(65535, 65535, 0, 0, 1),
	gsSPEndDisplayList(),
};

Gfx mat_revert_bob_dl_BLACK[] = {
	gsDPPipeSync(),
	gsDPSetAlphaDither(G_AD_DISABLE),
	gsSPEndDisplayList(),
};

Gfx mat_bob_dl_STONE_2_layer1[] = {
	gsSPGeometryMode(G_LIGHTING, 0),
	gsDPPipeSync(),
	gsDPSetCombineLERP(TEXEL0, 0, TEXEL1, 0, 0, 0, 0, ENVIRONMENT, COMBINED, 0, SHADE, 0, 0, 0, 0, COMBINED),
	gsDPSetAlphaDither(G_AD_NOISE),
	gsDPSetCycleType(G_CYC_2CYCLE),
	gsDPSetRenderMode(G_RM_NOOP, G_RM_AA_ZB_OPA_SURF2),
	gsSPTexture(65535, 65535, 0, 0, 1),
	gsDPSetTextureImage(G_IM_FMT_I, G_IM_SIZ_16b, 1, bob_dl_LightWall_i4),
	gsDPSetTile(G_IM_FMT_I, G_IM_SIZ_16b, 0, 0, 7, 0, G_TX_WRAP | G_TX_NOMIRROR, 0, 0, G_TX_WRAP | G_TX_NOMIRROR, 0, 0),
	gsDPLoadBlock(7, 0, 0, 1023, 512),
	gsDPSetTile(G_IM_FMT_I, G_IM_SIZ_4b, 4, 0, 0, 0, G_TX_WRAP | G_TX_NOMIRROR, 6, 0, G_TX_WRAP | G_TX_NOMIRROR, 6, 0),
	gsDPSetTileSize(0, 0, 0, 252, 252),
	gsDPSetTextureImage(G_IM_FMT_I, G_IM_SIZ_8b_LOAD_BLOCK, 1, bob_dl_PAPER_MARIO_D005BDCE_2_0_F2BE7755_ciByRGBA_i8),
	gsDPSetTile(G_IM_FMT_I, G_IM_SIZ_8b_LOAD_BLOCK, 0, 256, 6, 0, G_TX_WRAP | G_TX_NOMIRROR, 0, 0, G_TX_WRAP | G_TX_NOMIRROR, 0, 0),
	gsDPLoadBlock(6, 0, 0, 511, 512),
	gsDPSetTile(G_IM_FMT_I, G_IM_SIZ_8b, 4, 256, 1, 0, G_TX_WRAP | G_TX_NOMIRROR, 5, 0, G_TX_WRAP | G_TX_NOMIRROR, 5, 0),
	gsDPSetTileSize(1, 0, 0, 124, 124),
	gsSPEndDisplayList(),
};

Gfx mat_revert_bob_dl_STONE_2_layer1[] = {
	gsSPGeometryMode(0, G_LIGHTING),
	gsDPPipeSync(),
	gsDPSetAlphaDither(G_AD_DISABLE),
	gsDPSetCycleType(G_CYC_1CYCLE),
	gsDPSetRenderMode(G_RM_AA_ZB_OPA_SURF, G_RM_AA_ZB_OPA_SURF2),
	gsSPEndDisplayList(),
};

Gfx mat_bob_dl_PATH_FADE_OUT_layer5[] = {
	gsSPGeometryMode(G_LIGHTING, 0),
	gsDPPipeSync(),
	gsDPSetCombineLERP(TEXEL0, 0, TEXEL1, 0, 0, 0, 0, SHADE, COMBINED, 0, SHADE, 0, 0, 0, 0, SHADE),
	gsDPSetAlphaDither(G_AD_NOISE),
	gsDPSetCycleType(G_CYC_2CYCLE),
	gsDPSetRenderMode(G_RM_PASS, G_RM_AA_ZB_XLU_SURF2),
	gsSPTexture(65535, 65535, 0, 0, 1),
	gsDPSetTextureImage(G_IM_FMT_I, G_IM_SIZ_16b, 1, bob_dl_f_tile02_i4),
	gsDPSetTile(G_IM_FMT_I, G_IM_SIZ_16b, 0, 0, 7, 0, G_TX_WRAP | G_TX_NOMIRROR, 0, 0, G_TX_WRAP | G_TX_NOMIRROR, 0, 0),
	gsDPLoadBlock(7, 0, 0, 1023, 512),
	gsDPSetTile(G_IM_FMT_I, G_IM_SIZ_4b, 4, 0, 0, 0, G_TX_WRAP | G_TX_NOMIRROR, 6, 0, G_TX_WRAP | G_TX_NOMIRROR, 6, 0),
	gsDPSetTileSize(0, 0, 0, 252, 252),
	gsDPSetTextureImage(G_IM_FMT_I, G_IM_SIZ_16b, 1, bob_dl_Asset_16_64x64_i4),
	gsDPSetTile(G_IM_FMT_I, G_IM_SIZ_16b, 0, 256, 6, 0, G_TX_WRAP | G_TX_NOMIRROR, 0, 0, G_TX_WRAP | G_TX_NOMIRROR, 0, 0),
	gsDPLoadBlock(6, 0, 0, 1023, 512),
	gsDPSetTile(G_IM_FMT_I, G_IM_SIZ_4b, 4, 256, 1, 0, G_TX_WRAP | G_TX_NOMIRROR, 6, 0, G_TX_WRAP | G_TX_NOMIRROR, 6, 0),
	gsDPSetTileSize(1, 0, 0, 252, 252),
	gsSPEndDisplayList(),
};

Gfx mat_revert_bob_dl_PATH_FADE_OUT_layer5[] = {
	gsSPGeometryMode(0, G_LIGHTING),
	gsDPPipeSync(),
	gsDPSetAlphaDither(G_AD_DISABLE),
	gsDPSetCycleType(G_CYC_1CYCLE),
	gsDPSetRenderMode(G_RM_AA_ZB_XLU_SURF, G_RM_AA_ZB_XLU_SURF2),
	gsSPEndDisplayList(),
};

Gfx bob_dl_VISUAL_mesh_layer_4[] = {
	gsSPDisplayList(mat_bob_dl_grate),
	gsSPDisplayList(bob_dl_VISUAL_mesh_layer_4_tri_0),
	gsSPDisplayList(mat_revert_bob_dl_grate),
	gsSPDisplayList(mat_bob_dl_grate_vanish),
	gsSPDisplayList(bob_dl_VISUAL_mesh_layer_4_tri_1),
	gsSPDisplayList(mat_revert_bob_dl_grate_vanish),
	gsSPDisplayList(mat_bob_dl_fence_thing),
	gsSPDisplayList(bob_dl_VISUAL_mesh_layer_4_tri_2),
	gsSPDisplayList(mat_revert_bob_dl_fence_thing),
	gsSPDisplayList(mat_bob_dl_Fence_gate_enterance),
	gsSPDisplayList(bob_dl_VISUAL_mesh_layer_4_tri_3),
	gsSPDisplayList(mat_revert_bob_dl_Fence_gate_enterance),
	gsDPPipeSync(),
	gsSPSetGeometryMode(G_LIGHTING),
	gsSPClearGeometryMode(G_TEXTURE_GEN),
	gsDPSetCombineLERP(0, 0, 0, SHADE, 0, 0, 0, ENVIRONMENT, 0, 0, 0, SHADE, 0, 0, 0, ENVIRONMENT),
	gsSPTexture(65535, 65535, 0, 0, 0),
	gsDPSetEnvColor(255, 255, 255, 255),
	gsDPSetAlphaCompare(G_AC_NONE),
	gsSPEndDisplayList(),
};

Gfx bob_dl_VISUAL_mesh_layer_1[] = {
	gsSPDisplayList(mat_bob_dl_cube_thing_layer1),
	gsSPDisplayList(bob_dl_VISUAL_mesh_layer_1_tri_0),
	gsSPDisplayList(mat_revert_bob_dl_cube_thing_layer1),
	gsSPDisplayList(mat_bob_dl_metal),
	gsSPDisplayList(bob_dl_VISUAL_mesh_layer_1_tri_1),
	gsSPDisplayList(mat_revert_bob_dl_metal),
	gsSPDisplayList(mat_bob_dl_warning_metal_layer1),
	gsSPDisplayList(bob_dl_VISUAL_mesh_layer_1_tri_2),
	gsSPDisplayList(mat_revert_bob_dl_warning_metal_layer1),
	gsSPDisplayList(mat_bob_dl_wood_inside),
	gsSPDisplayList(bob_dl_VISUAL_mesh_layer_1_tri_3),
	gsSPDisplayList(mat_revert_bob_dl_wood_inside),
	gsSPDisplayList(mat_bob_dl_grass_layer1),
	gsSPDisplayList(bob_dl_VISUAL_mesh_layer_1_tri_4),
	gsSPDisplayList(mat_revert_bob_dl_grass_layer1),
	gsSPDisplayList(mat_bob_dl_pipe_),
	gsSPDisplayList(bob_dl_VISUAL_mesh_layer_1_tri_5),
	gsSPDisplayList(mat_revert_bob_dl_pipe_),
	gsSPDisplayList(mat_bob_dl_stone__building__layer1),
	gsSPDisplayList(bob_dl_VISUAL_mesh_layer_1_tri_6),
	gsSPDisplayList(mat_revert_bob_dl_stone__building__layer1),
	gsSPDisplayList(mat_bob_dl_tree),
	gsSPDisplayList(bob_dl_VISUAL_mesh_layer_1_tri_7),
	gsSPDisplayList(mat_revert_bob_dl_tree),
	gsSPDisplayList(mat_bob_dl_wall__building__layer1),
	gsSPDisplayList(bob_dl_VISUAL_mesh_layer_1_tri_8),
	gsSPDisplayList(mat_revert_bob_dl_wall__building__layer1),
	gsSPDisplayList(mat_bob_dl_floor_layer1),
	gsSPDisplayList(bob_dl_VISUAL_mesh_layer_1_tri_9),
	gsSPDisplayList(mat_revert_bob_dl_floor_layer1),
	gsSPDisplayList(mat_bob_dl_path_layer1),
	gsSPDisplayList(bob_dl_VISUAL_mesh_layer_1_tri_10),
	gsSPDisplayList(mat_revert_bob_dl_path_layer1),
	gsSPDisplayList(mat_bob_dl_window),
	gsSPDisplayList(bob_dl_VISUAL_mesh_layer_1_tri_11),
	gsSPDisplayList(mat_revert_bob_dl_window),
	gsSPDisplayList(mat_bob_dl_door),
	gsSPDisplayList(bob_dl_VISUAL_mesh_layer_1_tri_12),
	gsSPDisplayList(mat_revert_bob_dl_door),
	gsSPDisplayList(mat_bob_dl_roof),
	gsSPDisplayList(bob_dl_VISUAL_mesh_layer_1_tri_13),
	gsSPDisplayList(mat_revert_bob_dl_roof),
	gsSPDisplayList(mat_bob_dl_stairs),
	gsSPDisplayList(bob_dl_VISUAL_mesh_layer_1_tri_14),
	gsSPDisplayList(mat_revert_bob_dl_stairs),
	gsSPDisplayList(mat_bob_dl_brick_wall_layer1),
	gsSPDisplayList(bob_dl_VISUAL_mesh_layer_1_tri_15),
	gsSPDisplayList(mat_revert_bob_dl_brick_wall_layer1),
	gsSPDisplayList(mat_bob_dl_stone__wall_holes__layer1),
	gsSPDisplayList(bob_dl_VISUAL_mesh_layer_1_tri_16),
	gsSPDisplayList(mat_revert_bob_dl_stone__wall_holes__layer1),
	gsSPDisplayList(mat_bob_dl_wood_core),
	gsSPDisplayList(bob_dl_VISUAL_mesh_layer_1_tri_17),
	gsSPDisplayList(mat_revert_bob_dl_wood_core),
	gsSPDisplayList(mat_bob_dl_fence_top_layer1),
	gsSPDisplayList(bob_dl_VISUAL_mesh_layer_1_tri_18),
	gsSPDisplayList(mat_revert_bob_dl_fence_top_layer1),
	gsSPDisplayList(mat_bob_dl_Warp_texture),
	gsSPDisplayList(bob_dl_VISUAL_mesh_layer_1_tri_19),
	gsSPDisplayList(mat_revert_bob_dl_Warp_texture),
	gsSPDisplayList(mat_bob_dl_f3dlite_material),
	gsSPDisplayList(bob_dl_VISUAL_mesh_layer_1_tri_20),
	gsSPDisplayList(mat_revert_bob_dl_f3dlite_material),
	gsSPDisplayList(mat_bob_dl_Warp_texture_exit),
	gsSPDisplayList(bob_dl_VISUAL_mesh_layer_1_tri_21),
	gsSPDisplayList(mat_revert_bob_dl_Warp_texture_exit),
	gsDPPipeSync(),
	gsSPSetGeometryMode(G_LIGHTING),
	gsSPClearGeometryMode(G_TEXTURE_GEN),
	gsDPSetCombineLERP(0, 0, 0, SHADE, 0, 0, 0, ENVIRONMENT, 0, 0, 0, SHADE, 0, 0, 0, ENVIRONMENT),
	gsSPTexture(65535, 65535, 0, 0, 0),
	gsDPSetEnvColor(255, 255, 255, 255),
	gsDPSetAlphaCompare(G_AC_NONE),
	gsSPEndDisplayList(),
};

Gfx bob_dl_VISUAL_mesh_layer_5[] = {
	gsSPDisplayList(mat_bob_dl_water_layer5),
	gsSPDisplayList(bob_dl_VISUAL_mesh_layer_5_tri_0),
	gsSPDisplayList(mat_revert_bob_dl_water_layer5),
	gsSPDisplayList(mat_bob_dl_grass__intangible__FADE_OUT_layer5),
	gsSPDisplayList(bob_dl_VISUAL_mesh_layer_5_tri_1),
	gsSPDisplayList(mat_revert_bob_dl_grass__intangible__FADE_OUT_layer5),
	gsSPDisplayList(mat_bob_dl_path_FADE_OUT_layer5),
	gsSPDisplayList(bob_dl_VISUAL_mesh_layer_5_tri_2),
	gsSPDisplayList(mat_revert_bob_dl_path_FADE_OUT_layer5),
	gsDPPipeSync(),
	gsSPSetGeometryMode(G_LIGHTING),
	gsSPClearGeometryMode(G_TEXTURE_GEN),
	gsDPSetCombineLERP(0, 0, 0, SHADE, 0, 0, 0, ENVIRONMENT, 0, 0, 0, SHADE, 0, 0, 0, ENVIRONMENT),
	gsSPTexture(65535, 65535, 0, 0, 0),
	gsDPSetEnvColor(255, 255, 255, 255),
	gsDPSetAlphaCompare(G_AC_NONE),
	gsSPEndDisplayList(),
};

Gfx bob_dl_VISUAL_001_mesh_layer_4[] = {
	gsSPClearGeometryMode(G_LIGHTING),
	gsSPVertex(bob_dl_VISUAL_001_mesh_layer_4_vtx_cull + 0, 8, 0),
	gsSPSetGeometryMode(G_LIGHTING),
	gsSPCullDisplayList(0, 7),
	gsSPDisplayList(mat_bob_dl_forest_walls),
	gsSPDisplayList(bob_dl_VISUAL_001_mesh_layer_4_tri_0),
	gsSPDisplayList(mat_revert_bob_dl_forest_walls),
	gsDPPipeSync(),
	gsSPSetGeometryMode(G_LIGHTING),
	gsSPClearGeometryMode(G_TEXTURE_GEN),
	gsDPSetCombineLERP(0, 0, 0, SHADE, 0, 0, 0, ENVIRONMENT, 0, 0, 0, SHADE, 0, 0, 0, ENVIRONMENT),
	gsSPTexture(65535, 65535, 0, 0, 0),
	gsDPSetEnvColor(255, 255, 255, 255),
	gsDPSetAlphaCompare(G_AC_NONE),
	gsSPEndDisplayList(),
};

Gfx bob_dl_VISUAL_001_mesh_layer_1[] = {
	gsSPClearGeometryMode(G_LIGHTING),
	gsSPVertex(bob_dl_VISUAL_001_mesh_layer_1_vtx_cull + 0, 8, 0),
	gsSPSetGeometryMode(G_LIGHTING),
	gsSPCullDisplayList(0, 7),
	gsSPDisplayList(mat_bob_dl_Arena_Grass_layer1),
	gsSPDisplayList(bob_dl_VISUAL_001_mesh_layer_1_tri_0),
	gsSPDisplayList(mat_revert_bob_dl_Arena_Grass_layer1),
	gsSPDisplayList(mat_bob_dl_Stone_layer1),
	gsSPDisplayList(bob_dl_VISUAL_001_mesh_layer_1_tri_1),
	gsSPDisplayList(mat_revert_bob_dl_Stone_layer1),
	gsSPDisplayList(mat_bob_dl_grass__intangible__layer1),
	gsSPDisplayList(bob_dl_VISUAL_001_mesh_layer_1_tri_2),
	gsSPDisplayList(mat_revert_bob_dl_grass__intangible__layer1),
	gsSPDisplayList(mat_bob_dl_path_layer1),
	gsSPDisplayList(bob_dl_VISUAL_001_mesh_layer_1_tri_3),
	gsSPDisplayList(mat_revert_bob_dl_path_layer1),
	gsSPDisplayList(mat_bob_dl_BLACK),
	gsSPDisplayList(bob_dl_VISUAL_001_mesh_layer_1_tri_4),
	gsSPDisplayList(mat_revert_bob_dl_BLACK),
	gsSPDisplayList(mat_bob_dl_STONE_2_layer1),
	gsSPDisplayList(bob_dl_VISUAL_001_mesh_layer_1_tri_5),
	gsSPDisplayList(mat_revert_bob_dl_STONE_2_layer1),
	gsDPPipeSync(),
	gsSPSetGeometryMode(G_LIGHTING),
	gsSPClearGeometryMode(G_TEXTURE_GEN),
	gsDPSetCombineLERP(0, 0, 0, SHADE, 0, 0, 0, ENVIRONMENT, 0, 0, 0, SHADE, 0, 0, 0, ENVIRONMENT),
	gsSPTexture(65535, 65535, 0, 0, 0),
	gsDPSetEnvColor(255, 255, 255, 255),
	gsDPSetAlphaCompare(G_AC_NONE),
	gsSPEndDisplayList(),
};

Gfx bob_dl_VISUAL_001_mesh_layer_5[] = {
	gsSPClearGeometryMode(G_LIGHTING),
	gsSPVertex(bob_dl_VISUAL_001_mesh_layer_5_vtx_cull + 0, 8, 0),
	gsSPSetGeometryMode(G_LIGHTING),
	gsSPCullDisplayList(0, 7),
	gsSPDisplayList(mat_bob_dl_PATH_FADE_OUT_layer5),
	gsSPDisplayList(bob_dl_VISUAL_001_mesh_layer_5_tri_0),
	gsSPDisplayList(mat_revert_bob_dl_PATH_FADE_OUT_layer5),
	gsDPPipeSync(),
	gsSPSetGeometryMode(G_LIGHTING),
	gsSPClearGeometryMode(G_TEXTURE_GEN),
	gsDPSetCombineLERP(0, 0, 0, SHADE, 0, 0, 0, ENVIRONMENT, 0, 0, 0, SHADE, 0, 0, 0, ENVIRONMENT),
	gsSPTexture(65535, 65535, 0, 0, 0),
	gsDPSetEnvColor(255, 255, 255, 255),
	gsDPSetAlphaCompare(G_AC_NONE),
	gsSPEndDisplayList(),
};

