Gfx INTRO_SCREEN_tile_0_0_rgba16_aligner[] = {gsSPEndDisplayList()};
u8 INTRO_SCREEN_tile_0_0_rgba16[] = {
	0xf7, 0xbd, 0xf7, 0xbd, 0xf7, 0xbd, 0xf7, 0xbd, 
	0xf7, 0xbd, 0xf7, 0xbd, 0xf7, 0xbd, 0xf7, 0xbd, 
	0xf7, 0xbd, 0xf7, 0xbd, 0xf7, 0xbd, 0xf7, 0xbd, 
	0xf7, 0xbd, 0xf7, 0xbd, 0xf7, 0xbd, 0xf7, 0xbd, 
	0xf7, 0xbd, 0xf7, 0xbd, 0xf7, 0xbd, 0xf7, 0xff, 
	0xf7, 0xbd, 0xf7, 0xbd, 0xf7, 0xbd, 0xf7, 0xbd, 
	0xf7, 0xbd, 0xf7, 0xbd, 0xf7, 0xbd, 0xf7, 0xbd, 
	0xf7, 0xbd, 0xf7, 0xbd, 0xf7, 0xbd, 0xf7, 0xbd, 
	0xf7, 0xbd, 0xf7, 0xbd, 0xf7, 0xbd, 0xf7, 0xbd, 
	0xf7, 0xbd, 0xf7, 0xbd, 0xf7, 0xbd, 0xf7, 0xbd, 
	0xf7, 0xbd, 0xf7, 0xbd, 0xf7, 0xbd, 0xf7, 0xbd, 
	0xf7, 0xbd, 0xf7, 0xbd, 0xf7, 0xbd, 0xf7, 0xbd, 
	0xf7, 0xbd, 0xf7, 0xbd, 0xf7, 0xbd, 0xf7, 0xff, 
	0xf7, 0xbd, 0xf7, 0xbd, 0xf7, 0xbd, 0xf7, 0xbd, 
	0xf7, 0xbd, 0xf7, 0xbd, 0xf7, 0xbd, 0xf7, 0xbd, 
	0xf7, 0xbd, 0xf7, 0xbd, 0xf7, 0xbd, 0xf7, 0xbd, 
	0xf7, 0xbd, 0xf7, 0xbd, 0xf7, 0xbd, 0xf7, 0xbd, 
	0xf7, 0xbd, 0xf7, 0xbd, 0xf7, 0xbd, 0xf7, 0xbd, 
	0xf7, 0xbd, 0xf7, 0xbd, 0xf7, 0xbd, 0xf7, 0xbd, 
	0xf7, 0xbd, 0xf7, 0xbd, 0xf7, 0xbd, 0xf7, 0xbd, 
	0xf7, 0xbd, 0xf7, 0xbd, 0xf7, 0xbd, 0xf7, 0xbd, 
	0xf7, 0xbd, 0xf7, 0xbd, 0xf7, 0xbd, 0xf7, 0xbd, 
	0xf7, 0xbd, 0xf7, 0xbd, 0xf7, 0xbd, 0xf7, 0xbd, 
	0xf7, 0xbd, 0xf7, 0xbd, 0xf7, 0xbd, 0xf7, 0xbd, 
	0xf7, 0xbd, 0xf7, 0xbd, 0xf7, 0xbd, 0xf7, 0xbd, 
	0xf7, 0xbd, 0xf7, 0xbd, 0xf7, 0xbd, 0xf7, 0xbd, 
	0xf7, 0xbd, 0xf7, 0xbd, 0xf7, 0xbd, 0xf7, 0xbd, 
	0xf7, 0xbd, 0xf7, 0xbd, 0xf7, 0xbd, 0xf7, 0xbd, 
	0xf7, 0xbd, 0xf7, 0xbd, 0xf7, 0xbd, 0xf7, 0xbd, 
	0xf7, 0xbd, 0xf7, 0xbd, 0xf7, 0xbd, 0xf7, 0xbd, 
	0xf7, 0xbd, 0xf7, 0xbd, 0xf7, 0xbd, 0xf7, 0xbd, 
	0xf7, 0xbd, 0xf7, 0xbd, 0xf7, 0xbd, 0xf7, 0xbd, 
	0xf7, 0xbd, 0xf7, 0xbd, 0xf7, 0xbd, 0xf7, 0xbd, 
	0xf7, 0xbd, 0xf7, 0xbd, 0xf7, 0xbd, 0xf7, 0xbd, 
	0xf7, 0xbd, 0xf7, 0xbd, 0xf7, 0xbd, 0xf7, 0xbd, 
	0xf7, 0xbd, 0xf7, 0xbd, 0xf7, 0xbd, 0xf7, 0xbd, 
	0xf7, 0xbd, 0xf7, 0xbd, 0xf7, 0xbd, 0xf7, 0xbd, 
	0xf7, 0xbd, 0xf7, 0xbd, 0xf7, 0xbd, 0xf7, 0xbd, 
	0xf7, 0xbd, 0xf7, 0xbd, 0xf7, 0xbd, 0xf7, 0xbd, 
	0xf7, 0xbd, 0xf7, 0xbd, 0xf7, 0xbd, 0xf7, 0xbd, 
	0xf7, 0xbd, 0xf7, 0xbd, 0xf7, 0xbd, 0xf7, 0xbd, 
	0xf7, 0xbd, 0xf7, 0xbd, 0xf7, 0xbd, 0xf7, 0xbd, 
	0xf7, 0xbd, 0xf7, 0xbd, 0xf7, 0xbd, 0xf7, 0xbd, 
	0xf7, 0xbd, 0xf7, 0xbd, 0xf7, 0xbd, 0xf7, 0xbd, 
	0xf7, 0xbd, 0xf7, 0xbd, 0xf7, 0xbd, 0xf7, 0xbd, 
	0xf7, 0xbd, 0xf7, 0xbd, 0xf7, 0xbd, 0xf7, 0xbd, 
	0xf7, 0xbd, 0xf7, 0xbd, 0xef, 0x7b, 0xe7, 0x39, 
	0xf7, 0xbd, 0xf7, 0xbd, 0xf7, 0xbd, 0xf7, 0xbd, 
	0xf7, 0xbd, 0xf7, 0xbd, 0xf7, 0xbd, 0xf7, 0xbd, 
	0xf7, 0xbd, 0xf7, 0xbd, 0xf7, 0xbd, 0xf7, 0xbd, 
	0xf7, 0xbd, 0xf7, 0xbd, 0xf7, 0xbd, 0xf7, 0xbd, 
	0xf7, 0xbd, 0xf7, 0xbd, 0xf7, 0xbd, 0xf7, 0xbd, 
	0xf7, 0xbd, 0xf7, 0xbd, 0xf7, 0xbd, 0xf7, 0xbd, 
	0xf7, 0xbd, 0xf7, 0xbd, 0xf7, 0xbd, 0xf7, 0xbd, 
	0xf7, 0xbd, 0xef, 0x7b, 0x94, 0x63, 0x5a, 0xd7, 
	0xd6, 0xb5, 0xf7, 0xbd, 0xf7, 0xbd, 0xf7, 0xbd, 
	0xef, 0x7b, 0xef, 0x7b, 0xef, 0x7b, 0xef, 0x7b, 
	0xef, 0x7b, 0xef, 0x7b, 0xef, 0x7b, 0xef, 0x7b, 
	0xef, 0x7b, 0xef, 0x7b, 0xef, 0x7b, 0xef, 0x7b, 
	0xef, 0x7b, 0xef, 0x7b, 0xef, 0x7b, 0xef, 0x7b, 
	0xef, 0x7b, 0xef, 0x7b, 0xef, 0x7b, 0xf7, 0xbd, 
	0xf7, 0xbd, 0xef, 0xbb, 0xef, 0x7b, 0xef, 0x7b, 
	0xef, 0x7b, 0xbd, 0xef, 0x21, 0x09, 0x10, 0x85, 
	0x52, 0x53, 0xb5, 0xad, 0xe6, 0xf7, 0xbd, 0xad, 
	0xef, 0x7b, 0xef, 0x7b, 0xef, 0x7b, 0xef, 0x7b, 
	0xef, 0x7b, 0xef, 0x7b, 0xef, 0x7b, 0xef, 0x7b, 
	0xef, 0x7b, 0xef, 0x7b, 0xef, 0x7b, 0xef, 0x7b, 
	0xef, 0x7b, 0xef, 0x7b, 0xef, 0x7b, 0xef, 0x7b, 
	0xef, 0x7b, 0xef, 0x7b, 0xef, 0x7b, 0xef, 0x7b, 
	0xef, 0x7b, 0xe7, 0x3b, 0xdf, 0x3b, 0xd6, 0xb7, 
	0xc6, 0x75, 0x7b, 0xe1, 0x08, 0x43, 0x08, 0x43, 
	0x10, 0x45, 0x31, 0x8d, 0x62, 0xd7, 0x41, 0xcf, 
	0xef, 0x7b, 0xef, 0x7b, 0xef, 0x7b, 0xef, 0x7b, 
	0xef, 0x7b, 0xef, 0x7b, 0xef, 0x7b, 0xef, 0x7b, 
	0xef, 0x7b, 0xef, 0x7b, 0xef, 0x7b, 0xef, 0x7b, 
	0xef, 0x7b, 0xef, 0x7b, 0xef, 0x7b, 0xef, 0x7b, 
	0xef, 0x7b, 0xef, 0x7b, 0xde, 0xf9, 0xce, 0xb9, 
	0xbe, 0x79, 0xae, 0x37, 0xa5, 0x73, 0x73, 0xe1, 
	0x52, 0x97, 0x39, 0xcf, 0x29, 0x4b, 0x31, 0x8d, 
	0x31, 0x8f, 0x31, 0x8f, 0x21, 0x09, 0x10, 0x85, 
	0xef, 0x7b, 0xef, 0x7b, 0xef, 0x7b, 0xef, 0x7b, 
	0xef, 0x7b, 0xef, 0x7b, 0xef, 0x7b, 0xef, 0x7b, 
	0xef, 0x7b, 0xef, 0x7b, 0xef, 0x7b, 0xef, 0x7b, 
	0xef, 0x7b, 0xef, 0x7b, 0xef, 0x7b, 0xe7, 0x3b, 
	0xd6, 0xf9, 0xbe, 0x77, 0xbe, 0x79, 0xbe, 0x79, 
	0xad, 0xf7, 0xad, 0xf7, 0xb6, 0x37, 0xbe, 0x77, 
	0x6b, 0xa1, 0x42, 0x13, 0x52, 0x53, 0x4a, 0x11, 
	0x4a, 0x11, 0x41, 0xcf, 0x39, 0x8d, 0x29, 0x09, 
	0xef, 0x7b, 0xef, 0x7b, 0xef, 0x7b, 0xef, 0x7b, 
	0xef, 0x7b, 0xef, 0x7b, 0xef, 0x7b, 0xef, 0x7b, 
	0xef, 0x7b, 0xef, 0x7b, 0xef, 0x7b, 0xef, 0x7b, 
	0xef, 0x7b, 0xef, 0x7b, 0xdf, 0x39, 0xce, 0xb9, 
	0xb6, 0x79, 0xc6, 0xbb, 0xc6, 0xbb, 0xce, 0xfb, 
	0xc6, 0xbb, 0xb6, 0x79, 0xbe, 0x79, 0xc6, 0xb9, 
	0xb5, 0xf1, 0x49, 0xcf, 0x39, 0xd3, 0x4a, 0x9b, 
	0x53, 0x1f, 0x3a, 0x15, 0x4a, 0x99, 0x4a, 0x57, 
	0xef, 0x7b, 0xef, 0x7b, 0xef, 0x7b, 0xef, 0x7b, 
	0xef, 0x7b, 0xef, 0x7b, 0xef, 0x7b, 0xef, 0x7b, 
	0xef, 0x7b, 0xef, 0x7b, 0xef, 0x7b, 0xef, 0x7b, 
	0xe7, 0x7b, 0xde, 0xf9, 0xbe, 0x37, 0xb6, 0x39, 
	0xbe, 0x79, 0xc6, 0xbb, 0xb6, 0x79, 0xb6, 0x39, 
	0xb6, 0x39, 0xb6, 0x79, 0xc6, 0xb9, 0xbe, 0x79, 
	0xce, 0xb9, 0x73, 0xe3, 0x74, 0x69, 0x84, 0xef, 
	0x95, 0x31, 0x84, 0xad, 0x7c, 0x69, 0x8c, 0xed, 
	0xe7, 0x39, 0xe7, 0x39, 0xe7, 0x39, 0xe7, 0x39, 
	0xe7, 0x39, 0xe7, 0x39, 0xe7, 0x39, 0xe7, 0x39, 
	0xe7, 0x39, 0xe7, 0x39, 0xe7, 0x39, 0xe7, 0x39, 
	0xde, 0xf9, 0xb6, 0x37, 0xb6, 0x39, 0xb6, 0x79, 
	0xb6, 0x79, 0xad, 0xf7, 0xa5, 0xb5, 0xad, 0xf7, 
	0xae, 0x37, 0xb6, 0x39, 0xbe, 0x79, 0xc6, 0xbb, 
	0xc6, 0xbb, 0xbe, 0x79, 0xbe, 0x79, 0xae, 0x37, 
	0xad, 0xf7, 0x9d, 0x75, 0x84, 0xaf, 0x9d, 0x71, 
	0xe7, 0x39, 0xe7, 0x39, 0xe7, 0x39, 0xe7, 0x39, 
	0xe7, 0x39, 0xe7, 0x39, 0xe7, 0x39, 0xe7, 0x39, 
	0xe7, 0x39, 0xe7, 0x39, 0xe7, 0x39, 0xdf, 0x39, 
	0xb6, 0x37, 0xad, 0xf7, 0xa5, 0xf5, 0xb6, 0x37, 
	0xa5, 0xb5, 0xa5, 0xb5, 0x9d, 0x75, 0xa5, 0xb5, 
	0xa5, 0xf7, 0xad, 0xf7, 0xb6, 0x39, 0xb6, 0x39, 
	0xb6, 0x79, 0xb6, 0x37, 0xce, 0xfb, 0xb6, 0x37, 
	0xae, 0x37, 0xae, 0x37, 0xa5, 0xf7, 0x8c, 0xef, 
	0xe7, 0x39, 0xe7, 0x39, 0xe7, 0x39, 0xe7, 0x39, 
	0xe7, 0x39, 0xe7, 0x39, 0xe7, 0x39, 0xe7, 0x39, 
	0xe7, 0x39, 0xe7, 0x39, 0xe7, 0x39, 0xc6, 0x77, 
	0xa5, 0xb5, 0xad, 0xf7, 0x9d, 0xb5, 0x95, 0x73, 
	0x9d, 0x73, 0xa5, 0xb5, 0xa5, 0xb5, 0xa5, 0xb5, 
	0xb6, 0x37, 0xa5, 0xb5, 0xad, 0xf7, 0xb6, 0x39, 
	0xb6, 0x79, 0xa5, 0xb7, 0x95, 0x73, 0x84, 0xef, 
	0x95, 0x33, 0x95, 0x33, 0x84, 0xef, 0x84, 0xef, 
	0xe7, 0x39, 0xe7, 0x39, 0xe7, 0x39, 0xe7, 0x39, 
	0xe7, 0x39, 0xe7, 0x39, 0xe7, 0x39, 0xe7, 0x39, 
	0xe7, 0x39, 0xe7, 0x39, 0xd6, 0xf9, 0xad, 0xf5, 
	0xa5, 0xf5, 0xa5, 0xb5, 0x95, 0x31, 0x95, 0x31, 
	0x9d, 0x73, 0xad, 0xf7, 0xb6, 0x39, 0xb6, 0x37, 
	0xad, 0xf7, 0xa5, 0xb5, 0xa5, 0xf7, 0xb6, 0x39, 
	0xbe, 0x79, 0xad, 0xf7, 0x84, 0xef, 0x7c, 0xad, 
	0x84, 0xaf, 0x84, 0xf1, 0x84, 0xef, 0x7c, 0xaf, 
	0xe7, 0x39, 0xe7, 0x39, 0xe7, 0x39, 0xe7, 0x39, 
	0xe7, 0x39, 0xe7, 0x39, 0xe7, 0x39, 0xe7, 0x39, 
	0xe7, 0x39, 0xe7, 0x39, 0xbe, 0x77, 0xae, 0x37, 
	0xa5, 0xf5, 0x95, 0x71, 0x9d, 0x73, 0x9d, 0x73, 
	0xad, 0xb5, 0xbe, 0x79, 0xbe, 0x37, 0xbe, 0x39, 
	0xb6, 0x37, 0xa5, 0xb5, 0xa5, 0xf7, 0xb6, 0x39, 
	0xb6, 0x79, 0x9d, 0xb5, 0x7c, 0x6d, 0x84, 0xef, 
	0x95, 0x33, 0x8d, 0x33, 0x84, 0xaf, 0x7c, 0xaf, 
	0xe7, 0x39, 0xe7, 0x39, 0xe7, 0x39, 0xe7, 0x39, 
	0xe7, 0x39, 0xe7, 0x39, 0xe7, 0x39, 0xe7, 0x39, 
	0xe7, 0x39, 0xde, 0xf9, 0xb6, 0x37, 0xb6, 0x37, 
	0xa5, 0xb5, 0x9d, 0xb3, 0x9d, 0x73, 0xa5, 0xb3, 
	0xbe, 0x79, 0xce, 0xb9, 0xc6, 0xb9, 0xbe, 0x77, 
	0xb6, 0x37, 0xad, 0xf7, 0xb6, 0x37, 0xb6, 0x39, 
	0xbe, 0x79, 0x95, 0x73, 0x95, 0x73, 0x9d, 0xb5, 
	0xa5, 0xb7, 0x84, 0xef, 0x74, 0x2b, 0x74, 0x2b, 
	0xe6, 0xf9, 0xe6, 0xf9, 0xe6, 0xf7, 0xde, 0xf7, 
	0xde, 0xf7, 0xe6, 0xf7, 0xde, 0xf7, 0xde, 0xf7, 
	0xde, 0xf7, 0xd6, 0xf9, 0xb6, 0x37, 0xad, 0xf7, 
	0xa5, 0xb5, 0x9d, 0x73, 0xa5, 0xb3, 0xbe, 0x79, 
	0xce, 0xb9, 0xd6, 0xfb, 0xde, 0xfb, 0xd6, 0xfb, 
	0xc6, 0x79, 0xb6, 0x37, 0xad, 0xf7, 0xad, 0xf7, 
	0xa5, 0xb7, 0x95, 0x73, 0x84, 0xf1, 0x9d, 0x75, 
	0x95, 0x31, 0x7c, 0x6b, 0x74, 0x2b, 0x6b, 0xe7, 
	0xde, 0xf7, 0xde, 0xf7, 0xde, 0xf7, 0xde, 0xf7, 
	0xde, 0xf7, 0xde, 0xf7, 0xde, 0xf7, 0xde, 0xf7, 
	0xde, 0xf7, 0xd6, 0xf9, 0xb6, 0x37, 0x9d, 0x73, 
	0x9d, 0x71, 0x9d, 0x73, 0xad, 0xf5, 0xc6, 0xb9, 
	0xd6, 0xfb, 0xe7, 0x3d, 0xe7, 0x3d, 0xde, 0xfb, 
	0xd6, 0xfb, 0xce, 0xb9, 0xbe, 0x37, 0xb5, 0xf7, 
	0xa5, 0xb5, 0x95, 0x33, 0x95, 0x31, 0x95, 0x33, 
	0x84, 0xaf, 0x7c, 0x6d, 0x6b, 0xe7, 0x5b, 0x65, 
	0xde, 0xf7, 0xde, 0xf7, 0xde, 0xf7, 0xde, 0xf7, 
	0xde, 0xf7, 0xde, 0xf7, 0xde, 0xf7, 0xde, 0xf7, 
	0xde, 0xf7, 0xd6, 0xf9, 0xbe, 0x37, 0x9d, 0xb3, 
	0x95, 0x31, 0x9d, 0x73, 0xad, 0xf7, 0xce, 0xb9, 
	0xde, 0xfb, 0xe7, 0x3d, 0xe7, 0x7d, 0xde, 0xfb, 
	0xce, 0xb9, 0xce, 0xb9, 0xc6, 0x79, 0xbe, 0x37, 
	0xad, 0xf7, 0x95, 0x31, 0x73, 0xe7, 0x7c, 0x6d, 
	0x84, 0xaf, 0x74, 0x6b, 0x6b, 0xe9, 0x5b, 0x65, 
	0xde, 0xf7, 0xde, 0xf7, 0xde, 0xf7, 0xde, 0xf7, 
	0xde, 0xf7, 0xde, 0xf7, 0xde, 0xf7, 0xde, 0xf7, 
	0xde, 0xf7, 0xd6, 0xfb, 0xbe, 0x37, 0xa5, 0xb5, 
	0x9d, 0x73, 0x95, 0x73, 0xb6, 0x37, 0xc6, 0xb9, 
	0xd6, 0xf9, 0xe7, 0x3b, 0xe7, 0x3d, 0xde, 0xfb, 
	0xd6, 0xf9, 0xce, 0x79, 0xc6, 0x79, 0xad, 0xf5, 
	0xa5, 0xb3, 0x8c, 0xef, 0x6b, 0xe7, 0x6b, 0xa5, 
	0x74, 0x2b, 0x74, 0x2b, 0x74, 0x2b, 0x63, 0xe7, 
	0xde, 0xf7, 0xde, 0xf7, 0xde, 0xf7, 0xde, 0xf7, 
	0xde, 0xf7, 0xde, 0xf7, 0xde, 0xf7, 0xde, 0xf7, 
	0xd6, 0xb5, 0xd6, 0xfb, 0xbe, 0x79, 0xa5, 0xb5, 
	0xa5, 0xb5, 0xa5, 0xb5, 0xb6, 0x37, 0xb6, 0x37, 
	0xc6, 0x79, 0xd6, 0xf9, 0xde, 0xf9, 0xde, 0xfb, 
	0xce, 0xb9, 0xc6, 0x77, 0xbe, 0x37, 0xa5, 0xb5, 
	0x94, 0xef, 0x84, 0xaf, 0x84, 0xaf, 0x6b, 0xe7, 
	0x6b, 0xe7, 0x6b, 0xe7, 0x63, 0xa7, 0x5b, 0x63, 
	0xde, 0xf7, 0xde, 0xf7, 0xde, 0xf7, 0xde, 0xf7, 
	0xde, 0xf7, 0xde, 0xf7, 0xde, 0xf7, 0xde, 0xf7, 
	0xd6, 0xb5, 0xce, 0xb9, 0xb6, 0x37, 0xad, 0xb5, 
	0x9d, 0x71, 0xa5, 0xb5, 0xad, 0xf7, 0xad, 0xf5, 
	0xb6, 0x37, 0xbe, 0x37, 0xbe, 0x35, 0xbe, 0x35, 
	0xb5, 0xf5, 0xb5, 0xf5, 0xad, 0xf5, 0x9d, 0x73, 
	0x8c, 0xef, 0x8d, 0x31, 0x8d, 0x31, 0x74, 0x6b, 
	0x63, 0x65, 0x63, 0xa7, 0x53, 0x1f, 0x4a, 0x9b, 
	0xde, 0xf7, 0xde, 0xf7, 0xde, 0xf7, 0xde, 0xf7, 
	0xde, 0xf7, 0xde, 0xf7, 0xde, 0xf7, 0xde, 0xf7, 
	0xd6, 0xf7, 0xce, 0x77, 0xbe, 0x37, 0xad, 0xb5, 
	0x9d, 0x73, 0xa5, 0xb5, 0xa5, 0xb5, 0xa5, 0xb5, 
	0xa5, 0xb5, 0xad, 0xf5, 0xad, 0xb5, 0xad, 0xb3, 
	0xad, 0xb3, 0xa5, 0xb3, 0x9d, 0x73, 0x84, 0xaf, 
	0x7c, 0x6b, 0x84, 0xef, 0x84, 0xaf, 0x6b, 0xe7, 
	0x5b, 0x65, 0x5b, 0x23, 0x4a, 0x9b, 0x4a, 0x9b, 
	0xd6, 0xb5, 0xd6, 0xb5, 0xd6, 0xb5, 0xd6, 0xb5, 
	0xd6, 0xb5, 0xd6, 0xb5, 0xd6, 0xb5, 0xd6, 0xb5, 
	0xd6, 0xb5, 0xce, 0x75, 0xbe, 0x37, 0xa5, 0xb3, 
	0x9d, 0x73, 0xad, 0xf7, 0xad, 0xf7, 0x9d, 0xb5, 
	0x95, 0x31, 0xad, 0xf5, 0xa5, 0xb5, 0x95, 0x31, 
	0x95, 0x31, 0x95, 0x31, 0x8c, 0xf1, 0x7c, 0x6d, 
	0x74, 0x29, 0x74, 0x29, 0x74, 0x6b, 0x74, 0x2b, 
	0x63, 0xa5, 0x53, 0x21, 0x52, 0xdf, 0x4a, 0xdf, 
	0xd6, 0xb5, 0xd6, 0xb5, 0xd6, 0xb5, 0xd6, 0xb5, 
	0xd6, 0xb5, 0xd6, 0xb5, 0xd6, 0xb5, 0xd6, 0xb5, 
	0xd6, 0xb5, 0xd6, 0xb7, 0xc6, 0xb9, 0xb6, 0x37, 
	0xad, 0xf5, 0xad, 0xf7, 0xae, 0x37, 0x9d, 0x73, 
	0x84, 0xaf, 0x95, 0x31, 0x94, 0xef, 0x8c, 0xef, 
	0x84, 0xad, 0x84, 0xad, 0x74, 0x2b, 0x74, 0x2b, 
	0x6b, 0xa7, 0x63, 0x65, 0x63, 0xa7, 0x63, 0x65, 
	0x5b, 0x21, 0x5b, 0x21, 0x4a, 0x9d, 0x42, 0x59, 
	0xd6, 0xb5, 0xd6, 0xb5, 0xd6, 0xb5, 0xd6, 0xb5, 
	0xd6, 0xb5, 0xd6, 0xb5, 0xd6, 0xb5, 0xd6, 0xb5, 
	0xd6, 0xb5, 0xd6, 0xb7, 0xce, 0xbb, 0xbe, 0x79, 
	0xb6, 0x37, 0xb6, 0x37, 0xad, 0xf7, 0x9d, 0x73, 
	0x95, 0x73, 0x95, 0x33, 0x8c, 0xef, 0x7c, 0x6b, 
	0x74, 0x29, 0x6c, 0x29, 0x6b, 0xe9, 0x6b, 0xe9, 
	0x6b, 0xe7, 0x63, 0xa7, 0x63, 0xa7, 0x52, 0xdf, 
	0x53, 0x21, 0x4a, 0xdf, 0x4a, 0x9d, 0x3a, 0x59, 
	0xd6, 0xb5, 0xd6, 0xb5, 0xd6, 0xb5, 0xd6, 0xb5, 
	0xd6, 0xb5, 0xd6, 0xb5, 0xd6, 0xb5, 0xd6, 0xb5, 
	0xd6, 0xb5, 0xd6, 0xb5, 0xce, 0xb9, 0xbe, 0x39, 
	0xb6, 0x37, 0xad, 0xb5, 0x9d, 0xb3, 0x9d, 0x73, 
	0x9d, 0x73, 0x9d, 0x73, 0x84, 0xaf, 0x7c, 0x6b, 
	0x7c, 0x6b, 0x6c, 0x29, 0x6b, 0xe7, 0x63, 0xa7, 
	0x5b, 0x65, 0x5b, 0x65, 0x53, 0x21, 0x52, 0xdf, 
	0x4a, 0xdd, 0x4a, 0x9d, 0x42, 0x5b, 0x3a, 0x17, 
	0xd6, 0xb5, 0xd6, 0xb5, 0xd6, 0xb5, 0xd6, 0xb5, 
	0xd6, 0xb5, 0xd6, 0xb5, 0xd6, 0xb5, 0xd6, 0xb5, 
	0xd6, 0xb5, 0xd6, 0xb5, 0xce, 0xb7, 0xbe, 0x37, 
	0xb5, 0xf7, 0xad, 0xb5, 0x95, 0x71, 0x95, 0x73, 
	0x95, 0x31, 0x8c, 0xef, 0x7c, 0xad, 0x74, 0x29, 
	0x6b, 0xe7, 0x6b, 0xe7, 0x6b, 0xe7, 0x63, 0xa5, 
	0x5b, 0x65, 0x53, 0x23, 0x52, 0xdf, 0x53, 0x21, 
	0x3a, 0x17, 0x42, 0x59, 0x3a, 0x17, 0x3a, 0x17, 
	0xd6, 0xb5, 0xd6, 0xb5, 0xd6, 0xb5, 0xd6, 0xb5, 
	0xd6, 0xb5, 0xd6, 0xb5, 0xd6, 0xb5, 0xd6, 0xb5, 
	0xd6, 0xb5, 0xd6, 0xb5, 0xd6, 0xb5, 0xc6, 0x77, 
	0xb6, 0x37, 0xad, 0xf5, 0x95, 0x31, 0x8c, 0xef, 
	0x9d, 0xb5, 0x84, 0xaf, 0x84, 0xad, 0x74, 0x29, 
	0x6b, 0xa5, 0x63, 0xa5, 0x63, 0xa5, 0x6b, 0xe7, 
	0x63, 0xa7, 0x5b, 0x63, 0x52, 0xdf, 0x52, 0xdf, 
	0x4a, 0x9b, 0x42, 0x19, 0x42, 0x59, 0x3a, 0x17, 
	
};

Gfx INTRO_SCREEN_tile_0_1_rgba16_aligner[] = {gsSPEndDisplayList()};
u8 INTRO_SCREEN_tile_0_1_rgba16[] = {
	0xd6, 0xb5, 0xd6, 0xb5, 0xd6, 0xb5, 0xd6, 0xb5, 
	0xd6, 0xb5, 0xd6, 0xb5, 0xd6, 0xb5, 0xd6, 0xb5, 
	0xd6, 0xb5, 0xd6, 0xb5, 0xce, 0xb7, 0xbe, 0x37, 
	0xb5, 0xf7, 0xad, 0xb5, 0x95, 0x71, 0x95, 0x73, 
	0x95, 0x31, 0x8c, 0xef, 0x7c, 0xad, 0x74, 0x29, 
	0x6b, 0xe7, 0x6b, 0xe7, 0x6b, 0xe7, 0x63, 0xa5, 
	0x5b, 0x65, 0x53, 0x23, 0x52, 0xdf, 0x53, 0x21, 
	0x3a, 0x17, 0x42, 0x59, 0x3a, 0x17, 0x3a, 0x17, 
	0xd6, 0xb5, 0xd6, 0xb5, 0xd6, 0xb5, 0xd6, 0xb5, 
	0xd6, 0xb5, 0xd6, 0xb5, 0xd6, 0xb5, 0xd6, 0xb5, 
	0xd6, 0xb5, 0xd6, 0xb5, 0xd6, 0xb5, 0xc6, 0x77, 
	0xb6, 0x37, 0xad, 0xf5, 0x95, 0x31, 0x8c, 0xef, 
	0x9d, 0xb5, 0x84, 0xaf, 0x84, 0xad, 0x74, 0x29, 
	0x6b, 0xa5, 0x63, 0xa5, 0x63, 0xa5, 0x6b, 0xe7, 
	0x63, 0xa7, 0x5b, 0x63, 0x52, 0xdf, 0x52, 0xdf, 
	0x4a, 0x9b, 0x42, 0x19, 0x42, 0x59, 0x3a, 0x17, 
	0xd6, 0xb5, 0xd6, 0xb5, 0xd6, 0xb5, 0xd6, 0xb5, 
	0xd6, 0xb5, 0xd6, 0xb5, 0xd6, 0xb5, 0xd6, 0xb5, 
	0xd6, 0xb5, 0xd6, 0xb5, 0xce, 0x75, 0xce, 0x77, 
	0xbe, 0x37, 0xa5, 0xb5, 0x94, 0xef, 0x95, 0x2f, 
	0x95, 0x73, 0x8c, 0xef, 0x7c, 0xad, 0x84, 0xad, 
	0x7c, 0x6b, 0x6b, 0xe7, 0x6b, 0xe7, 0x6b, 0xe7, 
	0x63, 0xa5, 0x5b, 0x63, 0x5b, 0x21, 0x52, 0xe1, 
	0x4a, 0x9b, 0x42, 0x59, 0x4a, 0x9b, 0x42, 0x59, 
	0xce, 0x73, 0xce, 0x73, 0xce, 0x73, 0xce, 0x73, 
	0xce, 0x73, 0xce, 0x73, 0xce, 0x73, 0xce, 0x73, 
	0xce, 0x73, 0xce, 0x73, 0xce, 0x73, 0xce, 0x73, 
	0xc6, 0x77, 0xad, 0xb3, 0x9d, 0x31, 0x9d, 0x31, 
	0x9d, 0x73, 0x95, 0x33, 0x84, 0xef, 0x7c, 0xad, 
	0x7c, 0x6d, 0x74, 0x29, 0x63, 0xa5, 0x6b, 0xe7, 
	0x63, 0xa5, 0x5b, 0x63, 0x53, 0x21, 0x5b, 0x65, 
	0x53, 0x21, 0x4a, 0xdf, 0x53, 0x1f, 0x4a, 0x99, 
	0xce, 0x73, 0xce, 0x73, 0xce, 0x73, 0xce, 0x73, 
	0xce, 0x73, 0xce, 0x73, 0xce, 0x73, 0xce, 0x73, 
	0xce, 0x73, 0xce, 0x73, 0xce, 0x73, 0xce, 0x73, 
	0xce, 0x75, 0xbe, 0x37, 0xa5, 0xb5, 0xa5, 0xb3, 
	0x9d, 0xb3, 0x9d, 0x73, 0x8d, 0x31, 0x8c, 0xef, 
	0x84, 0xad, 0x74, 0x29, 0x6b, 0xe7, 0x63, 0xa3, 
	0x63, 0xa5, 0x63, 0x63, 0x5b, 0x63, 0x63, 0xa7, 
	0x5b, 0x63, 0x52, 0xdf, 0x52, 0xdf, 0x52, 0xdf, 
	0xce, 0x73, 0xce, 0x73, 0xce, 0x73, 0xce, 0x73, 
	0xce, 0x73, 0xce, 0x73, 0xce, 0x73, 0xce, 0x73, 
	0xce, 0x73, 0xce, 0x73, 0xce, 0x73, 0xce, 0x73, 
	0xce, 0x73, 0xce, 0x75, 0xb6, 0x37, 0xad, 0xf5, 
	0xa5, 0xb5, 0x8c, 0xef, 0x8c, 0xef, 0x84, 0xad, 
	0x7c, 0x6b, 0x73, 0xe7, 0x6b, 0xe7, 0x63, 0x63, 
	0x63, 0x63, 0x63, 0xa5, 0x6b, 0xe7, 0x6b, 0xe9, 
	0x63, 0xa7, 0x5b, 0x61, 0x5b, 0x21, 0x52, 0xdd, 
	0xce, 0x73, 0xce, 0x73, 0xce, 0x73, 0xce, 0x73, 
	0xce, 0x73, 0xce, 0x73, 0xce, 0x73, 0xce, 0x73, 
	0xce, 0x73, 0xce, 0x73, 0xce, 0x73, 0xce, 0x73, 
	0xce, 0x73, 0xce, 0x73, 0xce, 0x75, 0xbe, 0x77, 
	0x9d, 0x71, 0x8c, 0xef, 0x8c, 0xef, 0x84, 0xad, 
	0x7c, 0x6b, 0x7c, 0x29, 0x74, 0x29, 0x73, 0xe7, 
	0x6b, 0xe7, 0x6b, 0xe7, 0x6b, 0xe7, 0x63, 0xa3, 
	0x63, 0xa3, 0x63, 0x63, 0x63, 0x63, 0x63, 0x61, 
	0xce, 0x73, 0xce, 0x73, 0xce, 0x73, 0xce, 0x73, 
	0xce, 0x73, 0xce, 0x73, 0xce, 0x73, 0xce, 0x73, 
	0xce, 0x73, 0xce, 0x73, 0xce, 0x73, 0xce, 0x73, 
	0xce, 0x73, 0xce, 0x73, 0xce, 0x73, 0xce, 0x73, 
	0xbe, 0x35, 0x9d, 0x71, 0x8c, 0xef, 0x84, 0xad, 
	0x84, 0xad, 0x7c, 0x6b, 0x7c, 0x29, 0x7c, 0x6b, 
	0x7c, 0x6b, 0x7c, 0x6b, 0x74, 0x29, 0x74, 0x29, 
	0x74, 0x29, 0x63, 0xa5, 0x6b, 0xe7, 0x6b, 0xe9, 
	0xce, 0x73, 0xce, 0x73, 0xce, 0x73, 0xce, 0x73, 
	0xce, 0x73, 0xce, 0x73, 0xce, 0x73, 0xce, 0x73, 
	0xce, 0x73, 0xce, 0x73, 0xce, 0x73, 0xce, 0x73, 
	0xce, 0x73, 0xce, 0x73, 0xce, 0x73, 0xce, 0x73, 
	0xce, 0x73, 0xc6, 0x35, 0xb5, 0xf5, 0x9d, 0x2f, 
	0x94, 0xef, 0x8c, 0xef, 0x84, 0x6b, 0x7c, 0x69, 
	0x73, 0xe5, 0x7c, 0x29, 0x74, 0x29, 0x74, 0x29, 
	0x73, 0xe7, 0x6c, 0x29, 0x74, 0x2b, 0x74, 0x2b, 
	0xc6, 0x31, 0xc6, 0x31, 0xc6, 0x31, 0xc6, 0x31, 
	0xc6, 0x31, 0xc6, 0x31, 0xc6, 0x31, 0xc6, 0x31, 
	0xc6, 0x31, 0xc6, 0x31, 0xc6, 0x31, 0xc6, 0x31, 
	0xc6, 0x31, 0xc6, 0x31, 0xc6, 0x31, 0xc6, 0x31, 
	0xc6, 0x31, 0xc6, 0x31, 0xc6, 0x33, 0xbe, 0x33, 
	0xad, 0xb3, 0x9d, 0x31, 0x8c, 0xef, 0x8c, 0xef, 
	0x7c, 0x6b, 0x7c, 0x6b, 0x7c, 0x29, 0x74, 0x29, 
	0x73, 0xe7, 0x74, 0x27, 0x74, 0x29, 0x74, 0x29, 
	0xc6, 0x31, 0xc6, 0x31, 0xc6, 0x31, 0xc6, 0x31, 
	0xc6, 0x31, 0xc6, 0x31, 0xc6, 0x31, 0xc6, 0x31, 
	0xc6, 0x31, 0xc6, 0x31, 0xc6, 0x31, 0xc6, 0x31, 
	0xc6, 0x31, 0xc6, 0x31, 0xc6, 0x31, 0xc6, 0x31, 
	0xc6, 0x31, 0xc6, 0x31, 0xc6, 0x31, 0xc6, 0x31, 
	0xc6, 0x31, 0xbd, 0xf1, 0xad, 0xb1, 0x95, 0x31, 
	0x84, 0xad, 0x84, 0xad, 0x7c, 0x6b, 0x74, 0x29, 
	0x74, 0x27, 0x7c, 0x6b, 0x74, 0x29, 0x74, 0x29, 
	0xc6, 0x31, 0xc6, 0x31, 0xc6, 0x31, 0xc6, 0x31, 
	0xc6, 0x31, 0xc6, 0x31, 0xc6, 0x31, 0xc6, 0x31, 
	0xc6, 0x31, 0xc6, 0x31, 0xc6, 0x31, 0xc6, 0x31, 
	0xc6, 0x31, 0xc6, 0x31, 0xc6, 0x31, 0xc6, 0x31, 
	0xc6, 0x31, 0xc6, 0x31, 0xc6, 0x31, 0xc6, 0x31, 
	0xc6, 0x31, 0xc6, 0x31, 0xc6, 0x31, 0xc6, 0x31, 
	0xb5, 0xef, 0xad, 0xaf, 0xa5, 0x6d, 0x9d, 0x2d, 
	0x9d, 0x2d, 0x94, 0xed, 0x9d, 0x2d, 0x9c, 0xeb, 
	0xc6, 0x31, 0xc6, 0x31, 0xc6, 0x31, 0xc6, 0x31, 
	0xc6, 0x31, 0xc6, 0x31, 0xc6, 0x31, 0xc6, 0x31, 
	0xc6, 0x31, 0xc6, 0x31, 0xc6, 0x31, 0xc6, 0x31, 
	0xc6, 0x31, 0xc6, 0x31, 0xc6, 0x31, 0xc6, 0x31, 
	0xc6, 0x31, 0xc6, 0x31, 0xc6, 0x31, 0xc6, 0x31, 
	0xc6, 0x31, 0xc6, 0x31, 0xc6, 0x31, 0xc6, 0x31, 
	0xc6, 0x31, 0xc6, 0x31, 0xc6, 0x31, 0xc6, 0x31, 
	0xc6, 0x31, 0xc6, 0x31, 0xc6, 0x31, 0xc6, 0x31, 
	0xc6, 0x31, 0xc6, 0x31, 0xc6, 0x31, 0xc6, 0x31, 
	0xc6, 0x31, 0xc6, 0x31, 0xc6, 0x31, 0xc6, 0x31, 
	0xc6, 0x31, 0xc6, 0x31, 0xc6, 0x31, 0xc6, 0x31, 
	0xc6, 0x31, 0xc6, 0x31, 0xc6, 0x31, 0xc6, 0x31, 
	0xc6, 0x31, 0xc6, 0x31, 0xc6, 0x31, 0xc6, 0x31, 
	0xc6, 0x31, 0xc6, 0x31, 0xc6, 0x31, 0xc6, 0x31, 
	0xc6, 0x31, 0xc6, 0x31, 0xc6, 0x31, 0xc6, 0x31, 
	0xc6, 0x31, 0xc6, 0x31, 0xc6, 0x31, 0xc6, 0x31, 
	0xc6, 0x31, 0xc6, 0x31, 0xc6, 0x31, 0xc6, 0x31, 
	0xc6, 0x31, 0xc6, 0x31, 0xc6, 0x31, 0xc6, 0x31, 
	0xc6, 0x31, 0xc6, 0x31, 0xc6, 0x31, 0xc6, 0x31, 
	0xc6, 0x31, 0xc6, 0x31, 0xc6, 0x31, 0xc6, 0x31, 
	0xc6, 0x31, 0xc6, 0x31, 0xc6, 0x31, 0xc6, 0x31, 
	0xc6, 0x31, 0xc6, 0x31, 0xc6, 0x31, 0xc6, 0x31, 
	0xc6, 0x31, 0xc6, 0x31, 0xc6, 0x31, 0xc6, 0x31, 
	0xc6, 0x31, 0xc5, 0xef, 0xc6, 0x2f, 0xc6, 0x31, 
	0xbd, 0xef, 0xbd, 0xef, 0xbd, 0xef, 0xbd, 0xef, 
	0xc5, 0xef, 0xbd, 0xef, 0xbd, 0xef, 0xbd, 0xef, 
	0xbd, 0xef, 0xbd, 0xef, 0xc6, 0x31, 0xc6, 0x31, 
	0xbd, 0xef, 0xbd, 0xef, 0xbd, 0xef, 0xbd, 0xef, 
	0xbd, 0xef, 0xbd, 0xef, 0xbd, 0xef, 0xbd, 0xef, 
	0xbd, 0xef, 0xbd, 0xef, 0xbd, 0xef, 0xbd, 0xef, 
	0xbd, 0xef, 0xbd, 0xef, 0xbd, 0xef, 0xbd, 0xef, 
	0xbd, 0xef, 0xbd, 0xef, 0xbd, 0xef, 0xbd, 0xef, 
	0xbd, 0xef, 0xbd, 0xef, 0xbd, 0xef, 0xbd, 0xef, 
	0xbd, 0xef, 0xbd, 0xef, 0xbd, 0xef, 0xbd, 0xef, 
	0xbd, 0xef, 0xbd, 0xef, 0xbd, 0xef, 0xbd, 0xef, 
	0xbd, 0xef, 0xbd, 0xef, 0xbd, 0xef, 0xbd, 0xef, 
	0xbd, 0xef, 0xbd, 0xef, 0xbd, 0xef, 0xbd, 0xef, 
	0xbd, 0xef, 0xbd, 0xef, 0xbd, 0xef, 0xbd, 0xef, 
	0xbd, 0xef, 0xbd, 0xef, 0xbd, 0xef, 0xbd, 0xef, 
	0xbd, 0xef, 0xbd, 0xef, 0xbd, 0xef, 0xbd, 0xef, 
	0xbd, 0xef, 0xbd, 0xef, 0xbd, 0xef, 0xbd, 0xef, 
	0xbd, 0xef, 0xbd, 0xef, 0xbd, 0xef, 0xbd, 0xef, 
	0xbd, 0xef, 0xbd, 0xef, 0xbd, 0xef, 0xbd, 0xef, 
	0xbd, 0xef, 0xbd, 0xef, 0xbd, 0xef, 0xbd, 0xef, 
	0xbd, 0xef, 0xbd, 0xef, 0xbd, 0xef, 0xbd, 0xef, 
	0xbd, 0xef, 0xbd, 0xef, 0xbd, 0xef, 0xbd, 0xef, 
	0xbd, 0xef, 0xbd, 0xef, 0xbd, 0xef, 0xbd, 0xef, 
	0xbd, 0xef, 0xbd, 0xef, 0xbd, 0xef, 0xbd, 0xef, 
	0xbd, 0xef, 0xbd, 0xef, 0xbd, 0xef, 0xbd, 0xef, 
	0xbd, 0xef, 0xbd, 0xef, 0xbd, 0xef, 0xbd, 0xef, 
	0xbd, 0xef, 0xbd, 0xef, 0xbd, 0xef, 0xbd, 0xef, 
	0xbd, 0xef, 0xbd, 0xef, 0xbd, 0xef, 0xbd, 0xef, 
	0xbd, 0xef, 0xbd, 0xef, 0xbd, 0xef, 0xbd, 0xef, 
	0xbd, 0xef, 0xbd, 0xef, 0xbd, 0xef, 0xbd, 0xef, 
	0xbd, 0xef, 0xbd, 0xef, 0xbd, 0xef, 0xbd, 0xef, 
	0xbd, 0xef, 0xbd, 0xef, 0xbd, 0xef, 0xbd, 0xef, 
	0xbd, 0xef, 0xbd, 0xef, 0xbd, 0xef, 0xbd, 0xef, 
	0xbd, 0xef, 0xbd, 0xef, 0xbd, 0xef, 0xbd, 0xef, 
	0xbd, 0xef, 0xbd, 0xef, 0xbd, 0xef, 0xbd, 0xef, 
	0xbd, 0xef, 0xbd, 0xef, 0xbd, 0xef, 0xbd, 0xef, 
	0xbd, 0xef, 0xbd, 0xef, 0xbd, 0xef, 0xbd, 0xef, 
	0xbd, 0xef, 0xbd, 0xef, 0xbd, 0xef, 0xbd, 0xef, 
	0xbd, 0xef, 0xbd, 0xef, 0xbd, 0xef, 0xbd, 0xef, 
	0xbd, 0xef, 0xbd, 0xef, 0xbd, 0xef, 0xbd, 0xef, 
	0xbd, 0xef, 0xbd, 0xef, 0xbd, 0xef, 0xbd, 0xef, 
	0xbd, 0xef, 0xbd, 0xef, 0xbd, 0xef, 0xbd, 0xef, 
	0xbd, 0xef, 0xbd, 0xef, 0xbd, 0xef, 0xbd, 0xef, 
	0xbd, 0xef, 0xbd, 0xef, 0xbd, 0xef, 0xbd, 0xef, 
	0xbd, 0xef, 0xbd, 0xef, 0xbd, 0xef, 0xbd, 0xef, 
	0xbd, 0xef, 0xbd, 0xef, 0xbd, 0xef, 0xbd, 0xef, 
	0xbd, 0xef, 0xbd, 0xef, 0xbd, 0xef, 0xbd, 0xef, 
	0xbd, 0xef, 0xbd, 0xef, 0xbd, 0xef, 0xbd, 0xef, 
	0xbd, 0xef, 0xbd, 0xef, 0xb5, 0xed, 0xb5, 0xad, 
	0xb5, 0xad, 0xb5, 0xad, 0xb5, 0xad, 0xb5, 0xad, 
	0xbd, 0xef, 0xbd, 0xef, 0xbd, 0xef, 0xbd, 0xef, 
	0xbd, 0xef, 0xb5, 0xad, 0xb5, 0xad, 0xb5, 0xad, 
	0xb5, 0xad, 0xb5, 0xad, 0xb5, 0xad, 0xbd, 0xef, 
	0xb5, 0xad, 0xb5, 0xad, 0xb5, 0xad, 0xb5, 0xad, 
	0xb5, 0xad, 0xb5, 0xad, 0xb5, 0xad, 0xb5, 0xad, 
	0xb5, 0xad, 0xb5, 0xad, 0xb5, 0xad, 0xb5, 0xad, 
	0xb5, 0xad, 0xb5, 0xad, 0xb5, 0xad, 0xb5, 0xad, 
	0xb5, 0xad, 0xb5, 0xad, 0xb5, 0xad, 0xb5, 0xad, 
	0xb5, 0xad, 0xb5, 0xad, 0xb5, 0xad, 0xb5, 0xad, 
	0xb5, 0xad, 0xb5, 0xad, 0xb5, 0xad, 0xb5, 0xad, 
	0xb5, 0xad, 0xb5, 0xad, 0xb5, 0xad, 0xb5, 0xad, 
	0xb5, 0xad, 0xb5, 0xad, 0xb5, 0xad, 0xb5, 0xad, 
	0xb5, 0xad, 0xb5, 0xad, 0xb5, 0xad, 0xb5, 0xad, 
	0xb5, 0xad, 0xb5, 0xad, 0xb5, 0xad, 0xb5, 0xad, 
	0xb5, 0xad, 0xb5, 0xad, 0xb5, 0xad, 0xb5, 0xad, 
	0xb5, 0xad, 0xb5, 0x29, 0xa3, 0x9d, 0xa3, 0x5b, 
	0xa3, 0x5b, 0xa3, 0x5b, 0xa3, 0x5b, 0xa3, 0x9d, 
	0xb5, 0x29, 0xb5, 0xad, 0xb5, 0xad, 0xb5, 0xad, 
	0xb5, 0xad, 0xb5, 0xad, 0xb5, 0xad, 0xb5, 0xad, 
	0xb5, 0xad, 0xb5, 0xad, 0xb5, 0xad, 0xa3, 0x9d, 
	0xa3, 0x5b, 0xa3, 0x5b, 0xa3, 0x5b, 0xa3, 0x5b, 
	0xa3, 0x5b, 0xac, 0xa5, 0xb5, 0xad, 0xb5, 0xad, 
	0xb5, 0xad, 0xb5, 0xad, 0xb5, 0xad, 0xb5, 0xad, 
	0xb5, 0xad, 0xac, 0xe7, 0x98, 0xc7, 0x90, 0x01, 
	0x90, 0x01, 0x90, 0x01, 0x90, 0x01, 0x90, 0x43, 
	0xa4, 0x21, 0xb5, 0xad, 0xb5, 0xad, 0xb5, 0xad, 
	0xb5, 0xad, 0xb5, 0xad, 0xb5, 0xad, 0xb5, 0xad, 
	0xb5, 0xad, 0xb5, 0xad, 0xac, 0xe7, 0x98, 0xc7, 
	0x90, 0x01, 0x90, 0x01, 0x90, 0x01, 0x90, 0x01, 
	0x90, 0x01, 0xa3, 0xe1, 0xb5, 0xad, 0xb5, 0xad, 
	0xb5, 0xad, 0xb5, 0xad, 0xb5, 0xad, 0xb5, 0xad, 
	0xb5, 0xad, 0xac, 0xa5, 0x98, 0xc7, 0x90, 0x01, 
	0x90, 0x01, 0x90, 0x01, 0x90, 0x01, 0x90, 0x01, 
	0x9a, 0xd7, 0xb5, 0xad, 0xb5, 0xad, 0xb5, 0xad, 
	0xb5, 0xad, 0xb5, 0xad, 0xb5, 0xad, 0xb5, 0xad, 
	0xb5, 0xad, 0xb5, 0xad, 0xa3, 0x9d, 0x90, 0x01, 
	0x90, 0x01, 0x90, 0x01, 0x90, 0x01, 0x90, 0x01, 
	0x90, 0x01, 0xa3, 0xdf, 0xb5, 0xad, 0xb5, 0xad, 
	0xb5, 0xad, 0xb5, 0xad, 0xb5, 0xad, 0xb5, 0xad, 
	0xb5, 0xad, 0xac, 0xa5, 0x98, 0xc7, 0x90, 0x01, 
	0x90, 0x01, 0x90, 0x01, 0x90, 0x01, 0x90, 0x01, 
	0x99, 0x09, 0xad, 0x29, 0xb5, 0xad, 0xb5, 0xad, 
	0xb5, 0xad, 0xb5, 0xad, 0xb5, 0xad, 0xb5, 0xad, 
	0xb5, 0xad, 0xb5, 0x6b, 0x9a, 0x11, 0x90, 0x01, 
	0x90, 0x01, 0x90, 0x01, 0x90, 0x01, 0x90, 0x01, 
	0x90, 0x01, 0xa3, 0xdf, 0xb5, 0xad, 0xb5, 0xad, 
	0xb5, 0xad, 0xb5, 0xad, 0xb5, 0xad, 0xb5, 0xad, 
	0xb5, 0xad, 0xac, 0xa5, 0x90, 0x85, 0x90, 0x01, 
	0x90, 0x01, 0x90, 0x43, 0x90, 0x01, 0x90, 0x01, 
	0x90, 0x43, 0xa4, 0x63, 0xb5, 0xad, 0xb5, 0xad, 
	0xb5, 0xad, 0xb5, 0xad, 0xb5, 0xad, 0xb5, 0xad, 
	0xb5, 0xad, 0xac, 0xe7, 0x98, 0xc7, 0x90, 0x01, 
	0x90, 0x01, 0x90, 0x43, 0x90, 0x01, 0x90, 0x01, 
	0x90, 0x01, 0xa3, 0xdf, 0xb5, 0xad, 0xb5, 0xad, 
	0xb5, 0xad, 0xb5, 0xad, 0xb5, 0xad, 0xb5, 0xad, 
	0xb5, 0xad, 0xac, 0xa5, 0x90, 0x85, 0x90, 0x01, 
	0x90, 0x01, 0x9a, 0x95, 0x98, 0xc7, 0x90, 0x01, 
	0x90, 0x01, 0x9b, 0x19, 0xad, 0x6b, 0xad, 0x6b, 
	0xad, 0x6b, 0xad, 0x6b, 0xad, 0x6b, 0xb5, 0x6b, 
	0xad, 0x6b, 0xa3, 0x9d, 0x90, 0x01, 0x90, 0x01, 
	0x98, 0xc7, 0x9a, 0x95, 0x90, 0x01, 0x90, 0x01, 
	0x90, 0x01, 0xa3, 0xdf, 0xad, 0x6b, 0xad, 0x6b, 
	0xad, 0x6b, 0xad, 0x6b, 0xad, 0x6b, 0xad, 0x6b, 
	0xb5, 0xad, 0xac, 0xa5, 0x90, 0x85, 0x90, 0x01, 
	0x90, 0x01, 0x9b, 0x19, 0x9a, 0x95, 0x90, 0x01, 
	0x90, 0x01, 0x99, 0x4b, 0xad, 0x29, 0xad, 0x6b, 
	0xad, 0x6b, 0xad, 0x6b, 0xad, 0x6b, 0xad, 0x6b, 
	0xad, 0x6b, 0x9a, 0x11, 0x90, 0x01, 0x90, 0x01, 
	0x9a, 0x95, 0x9b, 0x19, 0x90, 0x01, 0x90, 0x01, 
	0x90, 0x01, 0xa3, 0xdf, 0xad, 0x6b, 0xad, 0x6b, 
	0xad, 0x6b, 0xad, 0x6b, 0xad, 0x6b, 0xad, 0x6b, 
	0xad, 0x6b, 0xac, 0xa5, 0x90, 0x85, 0x90, 0x01, 
	0x90, 0x01, 0x9a, 0xd7, 0xa3, 0xdf, 0x90, 0x01, 
	0x90, 0x01, 0x90, 0x85, 0xa4, 0x63, 0xad, 0x6b, 
	0xad, 0x6b, 0xad, 0x6b, 0xad, 0x6b, 0xad, 0x6b, 
	0xa4, 0xa5, 0x98, 0xc7, 0x90, 0x01, 0x90, 0x43, 
	0xa4, 0x21, 0x9b, 0x19, 0x90, 0x01, 0x90, 0x01, 
	0x90, 0x01, 0xa3, 0xdf, 0xad, 0x6b, 0xad, 0x6b, 
	0xad, 0x6b, 0xad, 0x6b, 0xad, 0x6b, 0xad, 0x6b, 
	0xad, 0x6b, 0xa4, 0xa5, 0x90, 0x85, 0x90, 0x01, 
	0x90, 0x01, 0x9a, 0x95, 0xa4, 0xa5, 0x98, 0xc7, 
	0x90, 0x01, 0x90, 0x01, 0x9b, 0x5b, 0xad, 0x6b, 
	0xad, 0x6b, 0xad, 0x6b, 0xad, 0x6b, 0xad, 0x6b, 
	0xa3, 0x9d, 0x90, 0x01, 0x90, 0x01, 0x99, 0x09, 
	0xa4, 0xe7, 0x9a, 0xd7, 0x90, 0x01, 0x90, 0x01, 
	0x90, 0x01, 0xa3, 0xdf, 0xad, 0x6b, 0xad, 0x6b, 
	
};

Gfx INTRO_SCREEN_tile_0_2_rgba16_aligner[] = {gsSPEndDisplayList()};
u8 INTRO_SCREEN_tile_0_2_rgba16[] = {
	0xad, 0x6b, 0xad, 0x6b, 0xad, 0x6b, 0xad, 0x6b, 
	0xad, 0x6b, 0xac, 0xa5, 0x90, 0x85, 0x90, 0x01, 
	0x90, 0x01, 0x9a, 0xd7, 0xa3, 0xdf, 0x90, 0x01, 
	0x90, 0x01, 0x90, 0x85, 0xa4, 0x63, 0xad, 0x6b, 
	0xad, 0x6b, 0xad, 0x6b, 0xad, 0x6b, 0xad, 0x6b, 
	0xa4, 0xa5, 0x98, 0xc7, 0x90, 0x01, 0x90, 0x43, 
	0xa4, 0x21, 0x9b, 0x19, 0x90, 0x01, 0x90, 0x01, 
	0x90, 0x01, 0xa3, 0xdf, 0xad, 0x6b, 0xad, 0x6b, 
	0xad, 0x6b, 0xad, 0x6b, 0xad, 0x6b, 0xad, 0x6b, 
	0xad, 0x6b, 0xa4, 0xa5, 0x90, 0x85, 0x90, 0x01, 
	0x90, 0x01, 0x9a, 0x95, 0xa4, 0xa5, 0x98, 0xc7, 
	0x90, 0x01, 0x90, 0x01, 0x9b, 0x5b, 0xad, 0x6b, 
	0xad, 0x6b, 0xad, 0x6b, 0xad, 0x6b, 0xad, 0x6b, 
	0xa3, 0x9d, 0x90, 0x01, 0x90, 0x01, 0x99, 0x09, 
	0xa4, 0xe7, 0x9a, 0xd7, 0x90, 0x01, 0x90, 0x01, 
	0x90, 0x01, 0xa3, 0xdf, 0xad, 0x6b, 0xad, 0x6b, 
	0xad, 0x6b, 0xad, 0x6b, 0xad, 0x6b, 0xad, 0x6b, 
	0xad, 0x6b, 0xa4, 0xa5, 0x90, 0x85, 0x90, 0x01, 
	0x90, 0x01, 0x9a, 0x53, 0xad, 0x29, 0x9a, 0x11, 
	0x90, 0x01, 0x90, 0x01, 0x99, 0xcf, 0xad, 0x29, 
	0xad, 0x6b, 0xad, 0x6b, 0xad, 0x6b, 0xad, 0x29, 
	0x9a, 0x11, 0x90, 0x01, 0x90, 0x01, 0x9a, 0x95, 
	0xad, 0x29, 0x9a, 0xd7, 0x90, 0x01, 0x90, 0x01, 
	0x90, 0x01, 0xa3, 0xdf, 0xad, 0x6b, 0xad, 0x6b, 
	0xad, 0x6b, 0xad, 0x6b, 0xad, 0x6b, 0xad, 0x6b, 
	0xad, 0x6b, 0xa4, 0xa3, 0x90, 0x85, 0x90, 0x01, 
	0x90, 0x01, 0x9a, 0x11, 0xad, 0x29, 0x9b, 0x9d, 
	0x90, 0x01, 0x90, 0x01, 0x90, 0x85, 0xa4, 0xa5, 
	0xad, 0x6b, 0xad, 0x6b, 0xad, 0x6b, 0xa4, 0xa5, 
	0x90, 0xc7, 0x90, 0x01, 0x90, 0x43, 0xa3, 0xdf, 
	0xad, 0x29, 0x9a, 0x95, 0x90, 0x01, 0x90, 0x01, 
	0x90, 0x01, 0xa3, 0x9d, 0xad, 0x6b, 0xad, 0x6b, 
	0xad, 0x6b, 0xad, 0x6b, 0xad, 0x6b, 0xad, 0x6b, 
	0xad, 0x6b, 0xa4, 0x63, 0x90, 0x85, 0x90, 0x01, 
	0x90, 0x01, 0x9a, 0x11, 0xa5, 0x29, 0xa4, 0x63, 
	0x90, 0xc7, 0x90, 0x01, 0x90, 0x01, 0x9b, 0x9d, 
	0xa5, 0x29, 0xa5, 0x6b, 0xa5, 0x29, 0x9b, 0x9d, 
	0x90, 0x01, 0x90, 0x01, 0x99, 0x09, 0xa4, 0xe7, 
	0xa5, 0x29, 0x9a, 0x53, 0x90, 0x01, 0x90, 0x01, 
	0x90, 0x01, 0x9b, 0x9d, 0xad, 0x6b, 0xad, 0x6b, 
	0xa5, 0x29, 0xa5, 0x29, 0xa5, 0x29, 0xa5, 0x29, 
	0xa5, 0x29, 0xa4, 0x63, 0x90, 0x85, 0x90, 0x01, 
	0x90, 0x01, 0x99, 0xcf, 0xa5, 0x29, 0xa5, 0x29, 
	0x99, 0x8d, 0x90, 0x01, 0x90, 0x01, 0x9a, 0x11, 
	0xa5, 0x29, 0xa5, 0x29, 0xa5, 0x29, 0x9a, 0x11, 
	0x90, 0x01, 0x90, 0x01, 0x9a, 0x95, 0xa5, 0x29, 
	0xa5, 0x29, 0x9a, 0x53, 0x90, 0x01, 0x90, 0x01, 
	0x90, 0x01, 0x9b, 0x9d, 0xa5, 0x29, 0xa5, 0x29, 
	0xa5, 0x29, 0xa5, 0x29, 0xa5, 0x29, 0xa5, 0x29, 
	0xa5, 0x29, 0xa4, 0x63, 0x90, 0x85, 0x90, 0x01, 
	0x90, 0x01, 0x99, 0xcf, 0xa5, 0x29, 0xa5, 0x29, 
	0x9b, 0x1b, 0x90, 0x01, 0x90, 0x01, 0x90, 0xc7, 
	0xa4, 0xa5, 0xa5, 0x29, 0xa4, 0xa5, 0x90, 0xc7, 
	0x90, 0x01, 0x90, 0x43, 0x9b, 0xdf, 0xa5, 0x29, 
	0xa5, 0x29, 0x9a, 0x53, 0x90, 0x01, 0x90, 0x01, 
	0x90, 0x01, 0x9b, 0x9d, 0xa5, 0x29, 0xa5, 0x29, 
	0xa5, 0x29, 0xa5, 0x29, 0xa5, 0x29, 0xa5, 0x29, 
	0xa5, 0x29, 0xa4, 0x63, 0x90, 0x85, 0x90, 0x01, 
	0x90, 0x01, 0x99, 0xcf, 0xa5, 0x29, 0xa5, 0x29, 
	0xa4, 0x21, 0x90, 0x85, 0x90, 0x01, 0x90, 0x01, 
	0x9b, 0x9d, 0xa5, 0x29, 0x9b, 0x9d, 0x90, 0x01, 
	0x90, 0x01, 0x90, 0xc7, 0xa4, 0xa5, 0xa5, 0x29, 
	0xa5, 0x29, 0x9a, 0x53, 0x90, 0x01, 0x90, 0x01, 
	0x90, 0x01, 0x9b, 0x9d, 0xa5, 0x29, 0xa5, 0x29, 
	0xa5, 0x29, 0xa5, 0x29, 0xa5, 0x29, 0xa5, 0x29, 
	0xa5, 0x29, 0xa4, 0x63, 0x90, 0x85, 0x90, 0x01, 
	0x90, 0x01, 0x99, 0xcf, 0xa5, 0x29, 0xa5, 0x29, 
	0xa4, 0xe7, 0x99, 0x4b, 0x90, 0x01, 0x90, 0x01, 
	0x9a, 0x53, 0xa4, 0xe7, 0x9a, 0x53, 0x90, 0x01, 
	0x90, 0x01, 0x9a, 0x53, 0xa5, 0x29, 0xa5, 0x29, 
	0xa5, 0x29, 0x9a, 0x53, 0x90, 0x01, 0x90, 0x01, 
	0x90, 0x01, 0x9b, 0x9d, 0xa5, 0x29, 0xa5, 0x29, 
	0xa5, 0x29, 0xa5, 0x29, 0xa5, 0x29, 0xa5, 0x29, 
	0xa5, 0x29, 0x9c, 0x63, 0x90, 0x85, 0x90, 0x01, 
	0x90, 0x01, 0x99, 0xcf, 0xa4, 0xe7, 0xa5, 0x29, 
	0xa5, 0x29, 0x9a, 0xd7, 0x90, 0x01, 0x90, 0x01, 
	0x90, 0xc7, 0x9c, 0x21, 0x90, 0xc7, 0x90, 0x01, 
	0x90, 0x43, 0x9b, 0x9d, 0xa5, 0x29, 0xa5, 0x29, 
	0xa4, 0xe7, 0x9a, 0x53, 0x90, 0x01, 0x90, 0x01, 
	0x90, 0x01, 0x9b, 0x9d, 0xa5, 0x29, 0xa5, 0x29, 
	0xa5, 0x29, 0xa5, 0x29, 0xa5, 0x29, 0xa5, 0x29, 
	0xa5, 0x29, 0x9c, 0x63, 0x90, 0x85, 0x90, 0x01, 
	0x90, 0x01, 0x99, 0xcf, 0xa4, 0xe7, 0xa5, 0x29, 
	0xa5, 0x29, 0x9b, 0xdf, 0x90, 0x43, 0x90, 0x01, 
	0x90, 0x43, 0x99, 0x8d, 0x90, 0x01, 0x90, 0x01, 
	0x90, 0xc7, 0x9c, 0xa5, 0xa5, 0x29, 0xa5, 0x29, 
	0xa4, 0xe7, 0x9a, 0x53, 0x90, 0x01, 0x90, 0x01, 
	0x90, 0x01, 0x9b, 0x9d, 0xa5, 0x29, 0xa5, 0x29, 
	0xa5, 0x29, 0xa5, 0x29, 0xa5, 0x29, 0xa5, 0x29, 
	0xa5, 0x29, 0x9c, 0x21, 0x90, 0x85, 0x90, 0x01, 
	0x90, 0x01, 0x99, 0xcf, 0xa4, 0xe7, 0xa5, 0x29, 
	0xa5, 0x29, 0x9c, 0xa5, 0x91, 0x09, 0x90, 0x01, 
	0x90, 0x01, 0x90, 0x01, 0x90, 0x01, 0x90, 0x01, 
	0x9a, 0x53, 0xa4, 0xe7, 0x9c, 0xe7, 0x9c, 0xe7, 
	0x9c, 0xe7, 0x9a, 0x53, 0x90, 0x01, 0x90, 0x01, 
	0x90, 0x01, 0x9b, 0x9d, 0xa5, 0x29, 0xa5, 0x29, 
	0x9c, 0xe7, 0x9c, 0xe7, 0x9c, 0xe7, 0x9c, 0xe7, 
	0x9c, 0xe7, 0x9c, 0x21, 0x90, 0x85, 0x90, 0x01, 
	0x90, 0x01, 0x99, 0xcf, 0xa4, 0xe7, 0x9c, 0xe7, 
	0x9c, 0xe7, 0x9c, 0xe7, 0x9a, 0x53, 0x90, 0x01, 
	0x90, 0x01, 0x90, 0x01, 0x90, 0x01, 0x90, 0x01, 
	0x9b, 0x9d, 0x9c, 0xe7, 0x9c, 0xe7, 0x9c, 0xe7, 
	0x9c, 0xe7, 0x9a, 0x51, 0x90, 0x01, 0x90, 0x01, 
	0x90, 0x01, 0x9b, 0x9d, 0xa4, 0xe7, 0x9c, 0xe7, 
	0x9c, 0xe7, 0x9c, 0xe7, 0x9c, 0xe7, 0x9c, 0xe7, 
	0x9c, 0xe7, 0x9c, 0x21, 0x90, 0x85, 0x90, 0x01, 
	0x90, 0x01, 0x99, 0xcf, 0x9c, 0xe7, 0x9c, 0xe7, 
	0x9c, 0xe7, 0x9c, 0xe7, 0x9b, 0x9d, 0x90, 0x01, 
	0x90, 0x01, 0x90, 0x01, 0x90, 0x01, 0x90, 0xc7, 
	0x9c, 0x63, 0x9c, 0xe7, 0x9c, 0xe7, 0x9c, 0xe7, 
	0x9c, 0xe7, 0x9a, 0x11, 0x90, 0x01, 0x90, 0x01, 
	0x90, 0x01, 0x9b, 0x9d, 0x9c, 0xe7, 0x9c, 0xe7, 
	0x9c, 0xe7, 0x9c, 0xe7, 0x9c, 0xe7, 0x9c, 0xe7, 
	0x9c, 0xe7, 0x9c, 0x21, 0x90, 0x85, 0x90, 0x01, 
	0x90, 0x01, 0x99, 0xcf, 0x9c, 0xe7, 0x9c, 0xe7, 
	0x9c, 0xe7, 0x9c, 0xe7, 0x9c, 0x63, 0x90, 0xc7, 
	0x90, 0x01, 0x90, 0x01, 0x90, 0x01, 0x9a, 0x11, 
	0x9c, 0xe7, 0x9c, 0xe7, 0x9c, 0xe7, 0x9c, 0xe7, 
	0x9c, 0xe7, 0x9a, 0x11, 0x90, 0x01, 0x90, 0x01, 
	0x90, 0x01, 0x9b, 0x5b, 0x9c, 0xe7, 0x9c, 0xe7, 
	0x9c, 0xe7, 0x9c, 0xe7, 0x9c, 0xe7, 0x9c, 0xe7, 
	0x9c, 0xe7, 0x9c, 0x63, 0x9b, 0x19, 0x9b, 0x19, 
	0x9b, 0x19, 0x9b, 0x5b, 0x9c, 0xe7, 0x9c, 0xe7, 
	0x9c, 0xe7, 0x9c, 0xe7, 0x9c, 0xa5, 0x9b, 0x5b, 
	0x9b, 0x19, 0x9b, 0x19, 0x9b, 0x19, 0x9b, 0xdf, 
	0x9c, 0xe7, 0x9c, 0xe7, 0x9c, 0xe7, 0x9c, 0xe7, 
	0x9c, 0xe7, 0x9b, 0x9d, 0x9b, 0x19, 0x9b, 0x19, 
	0x9b, 0x19, 0x9c, 0x21, 0x9c, 0xe7, 0x9c, 0xe7, 
	0x9c, 0xe7, 0x9c, 0xe7, 0x9c, 0xe7, 0x9c, 0xe7, 
	0x9c, 0xe7, 0x9c, 0xe7, 0x9c, 0xa5, 0x9c, 0xe7, 
	0x9c, 0xe7, 0x9c, 0xe7, 0x9c, 0xe7, 0x9c, 0xe7, 
	0x9c, 0xe7, 0x9c, 0xe7, 0x9c, 0xe7, 0x9c, 0xe7, 
	0x9c, 0xe7, 0x9c, 0xe7, 0x9c, 0xe7, 0x9c, 0xe7, 
	0x9c, 0xe7, 0x9c, 0xe7, 0x9c, 0xe7, 0x9c, 0xe7, 
	0x9c, 0xe7, 0x9c, 0xe7, 0x9c, 0xe7, 0x9c, 0xe7, 
	0x9c, 0xe7, 0x9c, 0xe7, 0x9c, 0xe7, 0x9c, 0xe7, 
	0x94, 0xa5, 0x94, 0xa5, 0x94, 0xa5, 0x94, 0xa5, 
	0x94, 0xa5, 0x94, 0xa5, 0x94, 0xa5, 0x9c, 0xe7, 
	0x9c, 0xe7, 0x9c, 0xe7, 0x9c, 0xe7, 0x9c, 0xe7, 
	0x9c, 0xe7, 0x9c, 0xe7, 0x9c, 0xe7, 0x9c, 0xe7, 
	0x9c, 0xe7, 0x9c, 0xe7, 0x9c, 0xe7, 0x9c, 0xe7, 
	0x9c, 0xe7, 0x9c, 0xe7, 0x9c, 0xe7, 0x94, 0xa7, 
	0x9c, 0xe7, 0x9c, 0xe7, 0x9c, 0xe7, 0x9c, 0xe7, 
	0x9c, 0xe7, 0x9c, 0xe7, 0x9c, 0xe7, 0x9c, 0xe7, 
	0x94, 0xa5, 0x94, 0xa5, 0x94, 0xa5, 0x94, 0xa5, 
	0x94, 0xa5, 0x94, 0xa5, 0x94, 0xa5, 0x94, 0xa5, 
	0x94, 0xa5, 0x9c, 0xe7, 0x94, 0xa5, 0x94, 0xa5, 
	0x9c, 0xe7, 0x9c, 0xe7, 0x9c, 0xe7, 0x9c, 0xe7, 
	0x9c, 0xe7, 0x9c, 0xe7, 0x9c, 0xe7, 0x9c, 0xe7, 
	0x9c, 0xe7, 0x9c, 0xe7, 0x94, 0xa5, 0x94, 0xa5, 
	0x94, 0xa5, 0x94, 0xa5, 0x94, 0xa5, 0x94, 0xa5, 
	0x94, 0xa5, 0x94, 0xa5, 0x9c, 0xa5, 0x9c, 0xe7, 
	0x94, 0xa5, 0x94, 0xa5, 0x94, 0xa5, 0x94, 0xa5, 
	0x94, 0xa5, 0x94, 0xa5, 0x94, 0xa5, 0x94, 0xa5, 
	0x94, 0xa5, 0x94, 0xa5, 0x94, 0xa5, 0x94, 0xa5, 
	0x94, 0xa5, 0x9c, 0xe7, 0x94, 0xa5, 0x94, 0xa5, 
	0x94, 0xa5, 0x94, 0xa5, 0x94, 0xa5, 0x94, 0xa5, 
	0x94, 0xa5, 0x94, 0xa5, 0x94, 0xa5, 0x94, 0xa5, 
	0x94, 0xa5, 0x94, 0xa5, 0x94, 0xa5, 0x94, 0xa5, 
	0x94, 0xa5, 0x94, 0xa5, 0x94, 0xa5, 0x94, 0xa5, 
	0x94, 0xa5, 0x94, 0xa5, 0x94, 0xa5, 0x94, 0xa5, 
	0x94, 0xa5, 0x94, 0xa5, 0x94, 0xa5, 0x94, 0xa5, 
	0x94, 0xa5, 0x94, 0xa5, 0x94, 0xa5, 0x94, 0xa5, 
	0x94, 0xa5, 0x94, 0xa5, 0x94, 0xa5, 0x94, 0xa5, 
	0x94, 0xa5, 0x94, 0xa5, 0x94, 0xa5, 0x94, 0xa5, 
	0x94, 0xa5, 0x94, 0xa5, 0x94, 0xa5, 0x94, 0xa5, 
	0x94, 0xa5, 0x94, 0xa5, 0x94, 0xa5, 0x94, 0xa5, 
	0x94, 0xa5, 0x94, 0xa5, 0x94, 0xa5, 0x94, 0xa5, 
	0x94, 0xa5, 0x94, 0xa5, 0x94, 0xa5, 0x94, 0xa5, 
	0x94, 0xa5, 0x94, 0xa5, 0x94, 0xa5, 0x94, 0xa5, 
	0x94, 0xa5, 0x94, 0xa5, 0x94, 0xa5, 0x94, 0xa5, 
	0x94, 0xa5, 0x94, 0xa5, 0x94, 0xa5, 0x94, 0xa5, 
	0x94, 0xa5, 0x94, 0xa5, 0x94, 0xa5, 0x94, 0xa5, 
	0x94, 0xa5, 0x94, 0xa5, 0x94, 0xa5, 0x94, 0xa5, 
	0x94, 0xa5, 0x94, 0xa5, 0x94, 0xa5, 0x94, 0xa5, 
	0x94, 0xa5, 0x94, 0xa5, 0x94, 0xa5, 0x94, 0xa5, 
	0x94, 0xa5, 0x94, 0xa5, 0x94, 0xa5, 0x94, 0xa5, 
	0x94, 0xa5, 0x94, 0xa5, 0x94, 0xa5, 0x94, 0xa5, 
	0x94, 0xa5, 0x94, 0xa5, 0x94, 0xa5, 0x94, 0xa5, 
	0x94, 0xa5, 0x94, 0xa5, 0x94, 0xa5, 0x94, 0xa5, 
	0x94, 0xa5, 0x94, 0xa5, 0x94, 0xa5, 0x94, 0xa5, 
	0x94, 0xa5, 0x94, 0xa5, 0x94, 0xa5, 0x94, 0xa5, 
	0x94, 0xa5, 0x94, 0xa5, 0x94, 0xa5, 0x94, 0xa5, 
	0x94, 0xa5, 0x94, 0xa5, 0x94, 0xa5, 0x94, 0xa5, 
	0x94, 0xa5, 0x94, 0xa5, 0x94, 0xa5, 0x94, 0xa5, 
	0x94, 0xa5, 0x94, 0xa5, 0x94, 0xa5, 0x94, 0xa5, 
	0x94, 0xa5, 0x94, 0xa5, 0x94, 0xa5, 0x94, 0xa5, 
	0x94, 0xa5, 0x94, 0xa5, 0x94, 0xa5, 0x94, 0xa5, 
	0x94, 0xa5, 0x94, 0xa5, 0x94, 0xa5, 0x94, 0xa5, 
	0x94, 0xa5, 0x94, 0xa5, 0x94, 0xa5, 0x94, 0xa5, 
	0x94, 0xa5, 0x94, 0xa5, 0x94, 0xa5, 0x94, 0xa5, 
	0x94, 0xa5, 0x94, 0xa5, 0x94, 0xa5, 0x94, 0xa5, 
	0x8c, 0x63, 0x8c, 0x63, 0x94, 0x63, 0x8c, 0x63, 
	0x8c, 0x63, 0x8c, 0x63, 0x8c, 0x63, 0x8c, 0x63, 
	0x8c, 0x63, 0x8c, 0x63, 0x94, 0xa5, 0x94, 0xa5, 
	0x94, 0xa5, 0x94, 0xa5, 0x94, 0xa5, 0x94, 0xa5, 
	0x94, 0xa5, 0x94, 0xa5, 0x8c, 0xa5, 0x8c, 0x63, 
	0x8c, 0x63, 0x8c, 0x63, 0x8c, 0x63, 0x8c, 0x63, 
	0x8c, 0x63, 0x8c, 0x63, 0x8c, 0x63, 0x8c, 0x63, 
	0x8c, 0x63, 0x8c, 0x63, 0x8c, 0x63, 0x8c, 0x63, 
	0x8c, 0x63, 0x8c, 0x63, 0x8c, 0x63, 0x8c, 0x63, 
	0x8c, 0x63, 0x8c, 0x63, 0x8c, 0x63, 0x8c, 0x63, 
	0x8c, 0x63, 0x8c, 0x65, 0x8c, 0x63, 0x8c, 0x63, 
	0x8c, 0x65, 0x8c, 0x63, 0x8c, 0x63, 0x8c, 0x63, 
	0x8c, 0x63, 0x8c, 0x63, 0x8c, 0x63, 0x8c, 0x63, 
	0x8c, 0x63, 0x8c, 0x63, 0x8c, 0x63, 0x8c, 0x63, 
	0x8c, 0x63, 0x8c, 0x63, 0x8c, 0x63, 0x8c, 0x63, 
	0x8c, 0x63, 0x8c, 0x63, 0x8c, 0x63, 0x8c, 0x63, 
	0x8c, 0x63, 0x8c, 0x63, 0x8c, 0x63, 0x8c, 0x63, 
	0x8c, 0x63, 0x8c, 0x63, 0x8c, 0x63, 0x8c, 0x63, 
	0x8c, 0x63, 0x8c, 0x63, 0x8c, 0x63, 0x8c, 0x63, 
	0x8c, 0x63, 0x8c, 0x63, 0x8c, 0x63, 0x8c, 0x63, 
	0x8c, 0x63, 0x8c, 0x63, 0x8c, 0x63, 0x8c, 0x63, 
	0x8c, 0x63, 0x8c, 0x63, 0x8c, 0x63, 0x8c, 0x63, 
	0x8c, 0x63, 0x8c, 0x63, 0x8c, 0x63, 0x8c, 0x63, 
	0x8c, 0x63, 0x8c, 0x63, 0x8c, 0x63, 0x8c, 0x63, 
	0x8c, 0x63, 0x8c, 0x63, 0x8c, 0x63, 0x8c, 0x63, 
	0x8c, 0x63, 0x8c, 0x63, 0x8c, 0x63, 0x8c, 0x63, 
	0x8c, 0x63, 0x8c, 0x63, 0x8c, 0x63, 0x8c, 0x63, 
	0x8c, 0x63, 0x8c, 0x63, 0x8c, 0x63, 0x8c, 0x63, 
	0x8c, 0x63, 0x8c, 0x63, 0x8c, 0x63, 0x8c, 0x63, 
	0x8c, 0x63, 0x8c, 0x63, 0x8c, 0x63, 0x8c, 0x63, 
	0x8c, 0x63, 0x8c, 0x63, 0x8c, 0x63, 0x8c, 0x63, 
	0x8c, 0x63, 0x8c, 0x63, 0x8c, 0x63, 0x8c, 0x63, 
	0x8c, 0x63, 0x8c, 0x63, 0x8c, 0x63, 0x8c, 0x63, 
	0x8c, 0x63, 0x8c, 0x63, 0x8c, 0x63, 0x8c, 0x63, 
	0x8c, 0x63, 0x8c, 0x63, 0x8c, 0x63, 0x8c, 0x63, 
	0x8c, 0x63, 0x8c, 0x63, 0x8c, 0x63, 0x8c, 0x63, 
	0x8c, 0x63, 0x8c, 0x63, 0x8c, 0x63, 0x8c, 0x63, 
	0x8c, 0x63, 0x8c, 0x63, 0x8c, 0x63, 0x8c, 0x63, 
	0x8c, 0x63, 0x8c, 0x63, 0x8c, 0x63, 0x8c, 0x63, 
	0x8c, 0x63, 0x8c, 0x63, 0x8c, 0x63, 0x8c, 0x63, 
	0x8c, 0x63, 0x8c, 0x63, 0x8c, 0x23, 0x8c, 0x63, 
	0x8c, 0x63, 0x8c, 0x63, 0x8c, 0x63, 0x8c, 0x63, 
	0x8c, 0x63, 0x8c, 0x63, 0x8c, 0x63, 0x8c, 0x63, 
	0x8c, 0x63, 0x8c, 0x63, 0x8c, 0x63, 0x8c, 0x63, 
	0x8c, 0x63, 0x8c, 0x63, 0x8c, 0x63, 0x8c, 0x63, 
	0x8c, 0x63, 0x8c, 0x63, 0x8c, 0x63, 0x8c, 0x63, 
	0x84, 0x21, 0x84, 0x21, 0x84, 0x21, 0x84, 0x21, 
	0x84, 0x21, 0x84, 0x21, 0x84, 0x21, 0x84, 0x21, 
	0x84, 0x21, 0x84, 0x21, 0x84, 0x21, 0x84, 0x21, 
	0x84, 0x21, 0x84, 0x21, 0x84, 0x21, 0x84, 0x21, 
	0x84, 0x21, 0x84, 0x21, 0x84, 0x21, 0x84, 0x21, 
	0x84, 0x21, 0x84, 0x61, 0x8c, 0x63, 0x84, 0x63, 
	0x8c, 0x61, 0x84, 0x21, 0x8c, 0x63, 0x8c, 0x63, 
	0x8c, 0x63, 0x84, 0x21, 0x84, 0x23, 0x84, 0x21, 
	0x6b, 0x5b, 0x5a, 0xd7, 0x5a, 0xd7, 0x5a, 0xd7, 
	0x5a, 0xd7, 0x5a, 0xd7, 0x5a, 0xd7, 0x5a, 0xd7, 
	0x84, 0x21, 0x84, 0x21, 0x84, 0x21, 0x84, 0x21, 
	0x84, 0x21, 0x84, 0x21, 0x84, 0x21, 0x84, 0x21, 
	0x84, 0x21, 0x84, 0x21, 0x84, 0x21, 0x84, 0x21, 
	0x84, 0x21, 0x84, 0x21, 0x84, 0x21, 0x84, 0x21, 
	0x84, 0x21, 0x84, 0x21, 0x84, 0x21, 0x84, 0x21, 
	0x84, 0x21, 0x84, 0x21, 0x84, 0x21, 0x7b, 0xdf, 
	0x63, 0x19, 0x5a, 0xd7, 0x5a, 0xd7, 0x5a, 0xd7, 
	0x5a, 0xd7, 0x5a, 0xd7, 0x5a, 0xd7, 0x5a, 0xd7, 
	
};

Gfx INTRO_SCREEN_tile_0_3_rgba16_aligner[] = {gsSPEndDisplayList()};
u8 INTRO_SCREEN_tile_0_3_rgba16[] = {
	0x84, 0x21, 0x84, 0x21, 0x84, 0x21, 0x84, 0x21, 
	0x84, 0x21, 0x84, 0x21, 0x84, 0x21, 0x84, 0x21, 
	0x84, 0x21, 0x84, 0x21, 0x84, 0x21, 0x84, 0x21, 
	0x84, 0x21, 0x84, 0x61, 0x8c, 0x63, 0x84, 0x63, 
	0x8c, 0x61, 0x84, 0x21, 0x8c, 0x63, 0x8c, 0x63, 
	0x8c, 0x63, 0x84, 0x21, 0x84, 0x23, 0x84, 0x21, 
	0x6b, 0x5b, 0x5a, 0xd7, 0x5a, 0xd7, 0x5a, 0xd7, 
	0x5a, 0xd7, 0x5a, 0xd7, 0x5a, 0xd7, 0x5a, 0xd7, 
	0x84, 0x21, 0x84, 0x21, 0x84, 0x21, 0x84, 0x21, 
	0x84, 0x21, 0x84, 0x21, 0x84, 0x21, 0x84, 0x21, 
	0x84, 0x21, 0x84, 0x21, 0x84, 0x21, 0x84, 0x21, 
	0x84, 0x21, 0x84, 0x21, 0x84, 0x21, 0x84, 0x21, 
	0x84, 0x21, 0x84, 0x21, 0x84, 0x21, 0x84, 0x21, 
	0x84, 0x21, 0x84, 0x21, 0x84, 0x21, 0x7b, 0xdf, 
	0x63, 0x19, 0x5a, 0xd7, 0x5a, 0xd7, 0x5a, 0xd7, 
	0x5a, 0xd7, 0x5a, 0xd7, 0x5a, 0xd7, 0x5a, 0xd7, 
	0x84, 0x21, 0x84, 0x21, 0x84, 0x21, 0x84, 0x21, 
	0x84, 0x21, 0x84, 0x21, 0x84, 0x21, 0x84, 0x21, 
	0x84, 0x21, 0x84, 0x21, 0x84, 0x21, 0x84, 0x21, 
	0x84, 0x21, 0x84, 0x21, 0x84, 0x21, 0x84, 0x21, 
	0x84, 0x21, 0x84, 0x21, 0x84, 0x21, 0x84, 0x21, 
	0x84, 0x21, 0x84, 0x21, 0x84, 0x21, 0x6b, 0x5b, 
	0x63, 0x19, 0x63, 0x19, 0x63, 0x19, 0x63, 0x19, 
	0x63, 0x19, 0x63, 0x19, 0x63, 0x19, 0x63, 0x19, 
	0x84, 0x21, 0x84, 0x21, 0x84, 0x21, 0x84, 0x21, 
	0x84, 0x21, 0x84, 0x21, 0x84, 0x21, 0x84, 0x21, 
	0x84, 0x21, 0x84, 0x21, 0x84, 0x21, 0x84, 0x21, 
	0x84, 0x21, 0x84, 0x21, 0x84, 0x21, 0x84, 0x21, 
	0x84, 0x21, 0x84, 0x21, 0x84, 0x21, 0x84, 0x21, 
	0x84, 0x21, 0x84, 0x21, 0x7b, 0xdf, 0x63, 0x19, 
	0x63, 0x19, 0x63, 0x19, 0x63, 0x19, 0x63, 0x19, 
	0x63, 0x19, 0x6b, 0x5b, 0x63, 0x19, 0x63, 0x19, 
	0x84, 0x21, 0x84, 0x21, 0x84, 0x21, 0x84, 0x21, 
	0x84, 0x21, 0x84, 0x21, 0x84, 0x21, 0x84, 0x21, 
	0x84, 0x21, 0x84, 0x21, 0x84, 0x21, 0x84, 0x21, 
	0x84, 0x21, 0x84, 0x21, 0x84, 0x21, 0x84, 0x21, 
	0x84, 0x21, 0x84, 0x21, 0x84, 0x21, 0x84, 0x21, 
	0x84, 0x21, 0x84, 0x21, 0x6b, 0x5b, 0x63, 0x19, 
	0x63, 0x19, 0x63, 0x19, 0x63, 0x19, 0x63, 0x19, 
	0x73, 0x9d, 0x73, 0x9d, 0x63, 0x19, 0x63, 0x19, 
	0x84, 0x21, 0x84, 0x21, 0x84, 0x21, 0x84, 0x21, 
	0x84, 0x21, 0x84, 0x21, 0x84, 0x21, 0x84, 0x21, 
	0x84, 0x21, 0x84, 0x21, 0x84, 0x21, 0x84, 0x21, 
	0x84, 0x21, 0x84, 0x21, 0x84, 0x21, 0x84, 0x21, 
	0x84, 0x21, 0x84, 0x21, 0x84, 0x21, 0x84, 0x21, 
	0x84, 0x21, 0x7b, 0xdf, 0x63, 0x19, 0x63, 0x19, 
	0x63, 0x19, 0x63, 0x19, 0x63, 0x19, 0x63, 0x19, 
	0x7b, 0xdf, 0x7b, 0xdf, 0x63, 0x19, 0x63, 0x19, 
	0x7b, 0xdf, 0x7b, 0xdf, 0x7b, 0xdf, 0x7b, 0xdf, 
	0x7b, 0xdf, 0x7b, 0xdf, 0x7b, 0xdf, 0x7b, 0xdf, 
	0x7b, 0xdf, 0x7b, 0xdf, 0x7b, 0xdf, 0x7b, 0xdf, 
	0x7b, 0xdf, 0x7b, 0xdf, 0x7b, 0xdf, 0x7b, 0xdf, 
	0x7b, 0xdf, 0x7b, 0xdf, 0x7b, 0xdf, 0x7b, 0xdf, 
	0x7b, 0xdf, 0x63, 0x19, 0x5a, 0xd7, 0x5a, 0xd7, 
	0x5a, 0xd7, 0x5a, 0xd7, 0x5a, 0xd7, 0x6b, 0x5b, 
	0x7b, 0xdf, 0x7b, 0xdf, 0x6b, 0x5b, 0x5a, 0xd7, 
	0x7b, 0xdf, 0x7b, 0xdf, 0x7b, 0xdf, 0x7b, 0xdf, 
	0x7b, 0xdf, 0x7b, 0xdf, 0x7b, 0xdf, 0x7b, 0xdf, 
	0x7b, 0xdf, 0x7b, 0xdf, 0x7b, 0xdf, 0x7b, 0xdf, 
	0x7b, 0xdf, 0x7b, 0xdf, 0x7b, 0xdf, 0x7b, 0xdf, 
	0x7b, 0xdf, 0x7b, 0xdf, 0x7b, 0xdf, 0x7b, 0xdf, 
	0x73, 0x9d, 0x5a, 0xd7, 0x52, 0x95, 0x5a, 0xd5, 
	0x5a, 0xd7, 0x5a, 0xd7, 0x5a, 0xd7, 0x73, 0x9d, 
	0x7b, 0xdf, 0x7b, 0xdf, 0x7b, 0xdf, 0x5a, 0xd7, 
	0x7b, 0xdf, 0x7b, 0xdf, 0x7b, 0xdf, 0x7b, 0xdf, 
	0x7b, 0xdf, 0x7b, 0xdf, 0x7b, 0xdf, 0x7b, 0xdf, 
	0x7b, 0xdf, 0x7b, 0xdf, 0x7b, 0xdf, 0x7b, 0xdf, 
	0x7b, 0xdf, 0x7b, 0xdf, 0x7b, 0xdf, 0x7b, 0xdf, 
	0x7b, 0xdf, 0x7b, 0xdf, 0x7b, 0xdf, 0x7b, 0xdf, 
	0x5a, 0xd7, 0x52, 0x95, 0x52, 0x95, 0x52, 0x95, 
	0x52, 0x95, 0x52, 0x95, 0x5a, 0xd7, 0x7b, 0xdf, 
	0x7b, 0xdf, 0x7b, 0xdf, 0x7b, 0xdf, 0x63, 0x19, 
	0x7b, 0xdf, 0x7b, 0xdf, 0x7b, 0xdf, 0x7b, 0xdf, 
	0x7b, 0xdf, 0x7b, 0xdf, 0x7b, 0xdf, 0x7b, 0xdf, 
	0x7b, 0xdf, 0x7b, 0xdf, 0x7b, 0xdf, 0x7b, 0xdf, 
	0x7b, 0xdf, 0x7b, 0xdf, 0x7b, 0xdf, 0x7b, 0xdf, 
	0x7b, 0xdf, 0x7b, 0xdf, 0x7b, 0xdf, 0x6b, 0x5b, 
	0x4a, 0x53, 0x4a, 0x53, 0x4a, 0x53, 0x4a, 0x53, 
	0x4a, 0x53, 0x4a, 0x53, 0x6b, 0x5b, 0x7b, 0xdf, 
	0x7b, 0xdf, 0x7b, 0xdf, 0x7b, 0xdf, 0x73, 0x9d, 
	0x7b, 0xdf, 0x7b, 0xdf, 0x7b, 0xdf, 0x7b, 0xdf, 
	0x7b, 0xdf, 0x7b, 0xdf, 0x7b, 0xdf, 0x7b, 0xdf, 
	0x7b, 0xdf, 0x7b, 0xdf, 0x7b, 0xdf, 0x7b, 0xdf, 
	0x7b, 0xdf, 0x7b, 0xdf, 0x7b, 0xdf, 0x7b, 0xdf, 
	0x7b, 0xdf, 0x7b, 0xdf, 0x73, 0x9d, 0x4a, 0x53, 
	0x39, 0xcf, 0x39, 0xcf, 0x39, 0xcf, 0x39, 0xcf, 
	0x39, 0xcf, 0x4a, 0x53, 0x7b, 0xdf, 0x7b, 0xdf, 
	0x7b, 0xdf, 0x7b, 0xdf, 0x7b, 0xdf, 0x7b, 0xdf, 
	0x7b, 0xdf, 0x7b, 0xdf, 0x7b, 0xdf, 0x7b, 0xdf, 
	0x7b, 0xdf, 0x7b, 0xdf, 0x7b, 0xdf, 0x7b, 0xdf, 
	0x7b, 0xdf, 0x7b, 0xdf, 0x7b, 0xdf, 0x7b, 0xdf, 
	0x7b, 0xdf, 0x7b, 0xdf, 0x7b, 0xdf, 0x7b, 0xdf, 
	0x7b, 0xdf, 0x7b, 0xdf, 0x63, 0x19, 0x39, 0xcf, 
	0x31, 0x8d, 0x31, 0x8d, 0x31, 0x8d, 0x31, 0x8d, 
	0x31, 0x8f, 0x63, 0x19, 0x7b, 0xdf, 0x7b, 0xdf, 
	0x7b, 0xdf, 0x7b, 0xdf, 0x7b, 0xdf, 0x7b, 0xdf, 
	0x7b, 0xdf, 0x7b, 0xdf, 0x7b, 0xdf, 0x7b, 0xdf, 
	0x7b, 0xdf, 0x7b, 0xdf, 0x7b, 0xdf, 0x7b, 0xdf, 
	0x73, 0x9d, 0x7b, 0x9d, 0x7b, 0xdf, 0x7b, 0xdf, 
	0x7b, 0xdf, 0x7b, 0xdf, 0x7b, 0xdf, 0x7b, 0xdf, 
	0x7b, 0xdf, 0x73, 0x9d, 0x42, 0x11, 0x39, 0xcf, 
	0x31, 0xcf, 0x31, 0xcf, 0x39, 0xcf, 0x39, 0xcf, 
	0x42, 0x11, 0x6b, 0x5b, 0x73, 0x9d, 0x73, 0x9d, 
	0x73, 0x9d, 0x73, 0x9d, 0x73, 0x9d, 0x73, 0x9d, 
	0x73, 0x9d, 0x73, 0x9d, 0x73, 0x9d, 0x73, 0x9d, 
	0x73, 0x9d, 0x73, 0x9d, 0x73, 0x9d, 0x73, 0x9d, 
	0x73, 0x9d, 0x73, 0x9d, 0x73, 0x9d, 0x73, 0x9d, 
	0x73, 0x9d, 0x73, 0x9d, 0x73, 0x9d, 0x73, 0x9d, 
	0x73, 0x9d, 0x5a, 0xd7, 0x39, 0xcf, 0x39, 0xcf, 
	0x39, 0xcf, 0x39, 0xcf, 0x39, 0xcf, 0x39, 0xcf, 
	0x39, 0xcf, 0x39, 0xcf, 0x41, 0xcf, 0x41, 0xcf, 
	0x3a, 0x0f, 0x42, 0x0f, 0x39, 0xcf, 0x39, 0xcf, 
	0x73, 0x9d, 0x73, 0x9d, 0x73, 0x9d, 0x73, 0x9d, 
	0x73, 0x9d, 0x73, 0x9d, 0x73, 0x9d, 0x73, 0x9d, 
	0x73, 0x9d, 0x73, 0x9d, 0x73, 0x9d, 0x73, 0x9d, 
	0x73, 0x9d, 0x73, 0x9d, 0x73, 0x9d, 0x73, 0x9d, 
	0x73, 0x5d, 0x42, 0x11, 0x39, 0xcf, 0x39, 0xcf, 
	0x39, 0xcf, 0x39, 0xcf, 0x39, 0xcf, 0x39, 0xcf, 
	0x39, 0xcf, 0x39, 0xcf, 0x39, 0xcf, 0x39, 0xcf, 
	0x39, 0xcf, 0x39, 0xcf, 0x39, 0xcf, 0x39, 0xcf, 
	0x73, 0x9d, 0x73, 0x9d, 0x73, 0x9d, 0x73, 0x9d, 
	0x73, 0x9d, 0x73, 0x9d, 0x73, 0x9d, 0x73, 0x9d, 
	0x73, 0x9d, 0x73, 0x9d, 0x73, 0x9d, 0x73, 0x9d, 
	0x73, 0x9d, 0x73, 0x9d, 0x73, 0x9d, 0x73, 0x9d, 
	0x5a, 0xd7, 0x39, 0xcf, 0x39, 0xcf, 0x39, 0xcf, 
	0x39, 0xcf, 0x39, 0xcf, 0x39, 0xcf, 0x39, 0xcf, 
	0x39, 0xcf, 0x39, 0xcf, 0x39, 0xcf, 0x39, 0xcf, 
	0x39, 0xcf, 0x39, 0xcf, 0x39, 0xcf, 0x39, 0xcf, 
	0x73, 0x9d, 0x73, 0x9d, 0x73, 0x9d, 0x73, 0x9d, 
	0x73, 0x9d, 0x73, 0x9d, 0x73, 0x9d, 0x73, 0x9d, 
	0x73, 0x9d, 0x73, 0x9d, 0x73, 0x9d, 0x73, 0x9d, 
	0x73, 0x9d, 0x73, 0x9d, 0x73, 0x9d, 0x6b, 0x5b, 
	0x42, 0x11, 0x39, 0xcf, 0x39, 0xcf, 0x39, 0xcf, 
	0x39, 0xcf, 0x39, 0xcf, 0x39, 0xcf, 0x42, 0x11, 
	0x42, 0x11, 0x42, 0x11, 0x42, 0x11, 0x42, 0x11, 
	0x42, 0x11, 0x42, 0x11, 0x42, 0x11, 0x42, 0x11, 
	0x73, 0x9d, 0x73, 0x9d, 0x73, 0x9d, 0x73, 0x9d, 
	0x73, 0x9d, 0x73, 0x9d, 0x73, 0x9d, 0x73, 0x9d, 
	0x73, 0x9d, 0x73, 0x9d, 0x73, 0x9d, 0x73, 0x9d, 
	0x73, 0x9d, 0x73, 0x9d, 0x73, 0x9d, 0x52, 0x95, 
	0x39, 0xcf, 0x39, 0xcf, 0x39, 0xcf, 0x39, 0xcf, 
	0x39, 0xcf, 0x39, 0xcf, 0x52, 0x95, 0x6b, 0x5b, 
	0x6b, 0x5b, 0x6b, 0x5b, 0x6b, 0x5b, 0x6b, 0x5b, 
	0x6b, 0x5b, 0x6b, 0x5b, 0x73, 0x9d, 0x73, 0x9d, 
	0x73, 0x9d, 0x73, 0x9d, 0x73, 0x9d, 0x73, 0x9d, 
	0x73, 0x9d, 0x73, 0x9d, 0x73, 0x9d, 0x73, 0x9d, 
	0x73, 0x9d, 0x73, 0x9d, 0x73, 0x9d, 0x73, 0x9d, 
	0x73, 0x9d, 0x73, 0x9d, 0x6b, 0x5b, 0x42, 0x11, 
	0x39, 0xcf, 0x39, 0xcf, 0x39, 0xcf, 0x39, 0xcf, 
	0x39, 0xcf, 0x39, 0xcf, 0x63, 0x19, 0x73, 0x9d, 
	0x73, 0x9d, 0x73, 0x9d, 0x73, 0x9d, 0x73, 0x9d, 
	0x73, 0x9d, 0x73, 0x9d, 0x73, 0x9d, 0x73, 0x9d, 
	0x73, 0x9d, 0x73, 0x9d, 0x73, 0x9b, 0x6b, 0x5b, 
	0x6b, 0x5b, 0x6b, 0x5b, 0x6b, 0x5b, 0x6b, 0x5b, 
	0x6b, 0x5b, 0x6b, 0x5b, 0x6b, 0x5b, 0x6b, 0x5b, 
	0x6b, 0x5b, 0x6b, 0x5b, 0x52, 0x95, 0x39, 0xcf, 
	0x39, 0xcf, 0x39, 0xcf, 0x39, 0xcf, 0x39, 0xcf, 
	0x39, 0xcf, 0x4a, 0x53, 0x6b, 0x5b, 0x6b, 0x5b, 
	0x6b, 0x5b, 0x6b, 0x5b, 0x6b, 0x5b, 0x6b, 0x5b, 
	0x6b, 0x5b, 0x6b, 0x5b, 0x73, 0x9d, 0x73, 0x9d, 
	0x6b, 0x5b, 0x6b, 0x5b, 0x6b, 0x5b, 0x6b, 0x5b, 
	0x6b, 0x5b, 0x6b, 0x5b, 0x6b, 0x5b, 0x6b, 0x5b, 
	0x6b, 0x5b, 0x6b, 0x5b, 0x6b, 0x5b, 0x6b, 0x5b, 
	0x6b, 0x5b, 0x63, 0x19, 0x39, 0xcf, 0x31, 0x8d, 
	0x31, 0x8d, 0x31, 0x8d, 0x31, 0x8d, 0x31, 0x8d, 
	0x39, 0xcf, 0x5a, 0xd7, 0x6b, 0x5b, 0x6b, 0x5b, 
	0x6b, 0x5b, 0x6b, 0x5b, 0x6b, 0x5b, 0x6b, 0x5b, 
	0x6b, 0x5b, 0x6b, 0x5b, 0x6b, 0x5b, 0x6b, 0x5b, 
	0x6b, 0x5b, 0x6b, 0x5b, 0x6b, 0x5b, 0x6b, 0x5b, 
	0x6b, 0x5b, 0x6b, 0x5b, 0x6b, 0x5b, 0x6b, 0x5b, 
	0x6b, 0x5b, 0x6b, 0x5b, 0x6b, 0x5b, 0x6b, 0x5b, 
	0x6b, 0x5b, 0x4a, 0x53, 0x31, 0x8d, 0x31, 0x8d, 
	0x31, 0x8d, 0x31, 0x8d, 0x31, 0x8d, 0x31, 0x8d, 
	0x42, 0x11, 0x6b, 0x5b, 0x6b, 0x5b, 0x6b, 0x5b, 
	0x6b, 0x5b, 0x6b, 0x5b, 0x6b, 0x5b, 0x6b, 0x5b, 
	0x6b, 0x5b, 0x6b, 0x5b, 0x6b, 0x5b, 0x6b, 0x5b, 
	0x6b, 0x5b, 0x6b, 0x5b, 0x6b, 0x5b, 0x6b, 0x5b, 
	0x6b, 0x5b, 0x6b, 0x5b, 0x6b, 0x5b, 0x6b, 0x5b, 
	0x6b, 0x5b, 0x6b, 0x5b, 0x6b, 0x5b, 0x6b, 0x5b, 
	0x6b, 0x5b, 0x63, 0x19, 0x63, 0x19, 0x63, 0x19, 
	0x63, 0x19, 0x63, 0x19, 0x63, 0x19, 0x63, 0x19, 
	0x63, 0x19, 0x6b, 0x5b, 0x6b, 0x5b, 0x6b, 0x5b, 
	0x6b, 0x5b, 0x6b, 0x5b, 0x6b, 0x5b, 0x6b, 0x5b, 
	0x6b, 0x5b, 0x6b, 0x5b, 0x6b, 0x5b, 0x6b, 0x5b, 
	0x6b, 0x5b, 0x6b, 0x5b, 0x6b, 0x5b, 0x6b, 0x5b, 
	0x6b, 0x5b, 0x6b, 0x5b, 0x6b, 0x5b, 0x6b, 0x5b, 
	0x6b, 0x5b, 0x6b, 0x5b, 0x6b, 0x5b, 0x6b, 0x5b, 
	0x6b, 0x5b, 0x6b, 0x5b, 0x6b, 0x5b, 0x6b, 0x5b, 
	0x6b, 0x5b, 0x6b, 0x5b, 0x6b, 0x5b, 0x6b, 0x5b, 
	0x6b, 0x5b, 0x6b, 0x5b, 0x6b, 0x5b, 0x6b, 0x5b, 
	0x6b, 0x5b, 0x6b, 0x5b, 0x6b, 0x5b, 0x6b, 0x5b, 
	0x6b, 0x5b, 0x6b, 0x5b, 0x6b, 0x5b, 0x6b, 0x5b, 
	0x6b, 0x5b, 0x6b, 0x5b, 0x6b, 0x5b, 0x6b, 0x5b, 
	0x6b, 0x5b, 0x6b, 0x5b, 0x6b, 0x5b, 0x6b, 0x5b, 
	0x6b, 0x5b, 0x6b, 0x5b, 0x6b, 0x5b, 0x6b, 0x5b, 
	0x6b, 0x5b, 0x6b, 0x5b, 0x6b, 0x5b, 0x6b, 0x5b, 
	0x6b, 0x5b, 0x6b, 0x5b, 0x6b, 0x5b, 0x6b, 0x5b, 
	0x6b, 0x5b, 0x6b, 0x5b, 0x6b, 0x5b, 0x6b, 0x5b, 
	0x6b, 0x5b, 0x6b, 0x5b, 0x6b, 0x5b, 0x6b, 0x5b, 
	0x6b, 0x5b, 0x6b, 0x5b, 0x6b, 0x5b, 0x6b, 0x5b, 
	0x6b, 0x5b, 0x6b, 0x5b, 0x6b, 0x5b, 0x6b, 0x5b, 
	0x6b, 0x5b, 0x6b, 0x5b, 0x6b, 0x5b, 0x6b, 0x5b, 
	0x6b, 0x5b, 0x6b, 0x5b, 0x6b, 0x5b, 0x6b, 0x5b, 
	0x6b, 0x5b, 0x6b, 0x5b, 0x6b, 0x5b, 0x6b, 0x5b, 
	0x6b, 0x5b, 0x6b, 0x5b, 0x6b, 0x5b, 0x6b, 0x5b, 
	0x6b, 0x5b, 0x6b, 0x5b, 0x6b, 0x5b, 0x6b, 0x5b, 
	0x6b, 0x5b, 0x6b, 0x5b, 0x6b, 0x5b, 0x6b, 0x5b, 
	0x6b, 0x5b, 0x6b, 0x5b, 0x6b, 0x5b, 0x6b, 0x5b, 
	0x6b, 0x5b, 0x6b, 0x5b, 0x6b, 0x5b, 0x6b, 0x5b, 
	0x6b, 0x5b, 0x6b, 0x5b, 0x63, 0x19, 0x63, 0x19, 
	0x63, 0x19, 0x6b, 0x1b, 0x6b, 0x5b, 0x6b, 0x5b, 
	0x6b, 0x5b, 0x6b, 0x5b, 0x6b, 0x5b, 0x63, 0x19, 
	0x63, 0x19, 0x63, 0x19, 0x63, 0x19, 0x63, 0x19, 
	0x6b, 0x5b, 0x6b, 0x5b, 0x63, 0x19, 0x63, 0x19, 
	0x6b, 0x5b, 0x6b, 0x5b, 0x63, 0x19, 0x63, 0x19, 
	0x63, 0x19, 0x63, 0x19, 0x6b, 0x5b, 0x6b, 0x5b, 
	0x63, 0x19, 0x63, 0x19, 0x63, 0x19, 0x63, 0x19, 
	0x63, 0x19, 0x63, 0x19, 0x63, 0x19, 0x63, 0x19, 
	0x63, 0x19, 0x63, 0x1b, 0x6b, 0x5b, 0x6b, 0x5b, 
	0x6b, 0x5b, 0x63, 0x19, 0x63, 0x19, 0x63, 0x19, 
	0x63, 0x19, 0x63, 0x19, 0x63, 0x19, 0x63, 0x19, 
	0x63, 0x19, 0x63, 0x19, 0x63, 0x19, 0x63, 0x19, 
	0x63, 0x19, 0x63, 0x19, 0x63, 0x19, 0x63, 0x19, 
	0x63, 0x19, 0x63, 0x19, 0x63, 0x19, 0x63, 0x19, 
	0x63, 0x19, 0x63, 0x19, 0x63, 0x19, 0x63, 0x19, 
	0x63, 0x19, 0x63, 0x19, 0x63, 0x19, 0x63, 0x19, 
	0x63, 0x19, 0x63, 0x19, 0x63, 0x19, 0x63, 0x19, 
	0x63, 0x19, 0x63, 0x19, 0x63, 0x19, 0x63, 0x19, 
	0x63, 0x19, 0x63, 0x19, 0x63, 0x19, 0x63, 0x19, 
	0x63, 0x19, 0x63, 0x19, 0x63, 0x19, 0x63, 0x19, 
	0x63, 0x19, 0x63, 0x19, 0x63, 0x19, 0x63, 0x19, 
	0x63, 0x19, 0x63, 0x19, 0x63, 0x19, 0x63, 0x19, 
	0x63, 0x19, 0x63, 0x19, 0x63, 0x19, 0x63, 0x19, 
	0x63, 0x19, 0x63, 0x19, 0x63, 0x19, 0x63, 0x19, 
	0x63, 0x19, 0x63, 0x19, 0x63, 0x19, 0x63, 0x19, 
	0x63, 0x19, 0x63, 0x19, 0x63, 0x19, 0x63, 0x19, 
	0x63, 0x19, 0x63, 0x19, 0x63, 0x19, 0x63, 0x19, 
	0x63, 0x19, 0x63, 0x19, 0x63, 0x19, 0x63, 0x19, 
	0x63, 0x19, 0x63, 0x19, 0x63, 0x19, 0x63, 0x19, 
	0x63, 0x19, 0x63, 0x19, 0x63, 0x19, 0x63, 0x19, 
	0x63, 0x19, 0x63, 0x19, 0x63, 0x19, 0x63, 0x19, 
	0x63, 0x19, 0x63, 0x19, 0x63, 0x19, 0x63, 0x19, 
	0x63, 0x19, 0x63, 0x19, 0x63, 0x19, 0x63, 0x19, 
	0x63, 0x19, 0x63, 0x19, 0x63, 0x19, 0x63, 0x19, 
	0x63, 0x19, 0x63, 0x19, 0x63, 0x19, 0x63, 0x19, 
	0x63, 0x19, 0x63, 0x19, 0x63, 0x19, 0x63, 0x19, 
	0x63, 0x19, 0x63, 0x19, 0x63, 0x19, 0x63, 0x19, 
	0x63, 0x19, 0x63, 0x19, 0x63, 0x19, 0x63, 0x19, 
	0x63, 0x19, 0x63, 0x19, 0x63, 0x19, 0x63, 0x19, 
	0x63, 0x19, 0x63, 0x19, 0x63, 0x19, 0x63, 0x19, 
	0x63, 0x19, 0x63, 0x19, 0x63, 0x19, 0x63, 0x19, 
	0x63, 0x19, 0x63, 0x19, 0x63, 0x19, 0x63, 0x19, 
	0x63, 0x19, 0x63, 0x19, 0x63, 0x19, 0x63, 0x19, 
	0x63, 0x19, 0x63, 0x19, 0x63, 0x19, 0x63, 0x19, 
	0x63, 0x19, 0x63, 0x19, 0x63, 0x19, 0x63, 0x19, 
	0x63, 0x19, 0x63, 0x19, 0x63, 0x19, 0x63, 0x19, 
	
};

Gfx INTRO_SCREEN_tile_1_0_rgba16_aligner[] = {gsSPEndDisplayList()};
u8 INTRO_SCREEN_tile_1_0_rgba16[] = {
	0xf7, 0xbd, 0xf7, 0xbd, 0xf7, 0xbd, 0xf7, 0xbd, 
	0xf7, 0xbd, 0xf7, 0xbd, 0xf7, 0xbd, 0xf7, 0xbd, 
	0xf7, 0xbd, 0xf7, 0xbd, 0xf7, 0xbd, 0xf7, 0xbd, 
	0xf7, 0xbd, 0xf7, 0xbd, 0xf7, 0xbd, 0xf7, 0xbd, 
	0xf7, 0xbd, 0xf7, 0xbd, 0xf7, 0xbd, 0xf7, 0xbd, 
	0xf7, 0xbd, 0xf7, 0xbd, 0xf7, 0xbd, 0xf7, 0xbd, 
	0xf7, 0xbd, 0xf7, 0xbd, 0xf7, 0xbd, 0xf7, 0xbd, 
	0xf7, 0xbd, 0xf7, 0xbd, 0xff, 0xff, 0xff, 0xff, 
	0xf7, 0xbd, 0xf7, 0xbd, 0xf7, 0xbd, 0xf7, 0xbd, 
	0xf7, 0xbd, 0xf7, 0xbd, 0xf7, 0xbd, 0xf7, 0xbd, 
	0xf7, 0xbd, 0xf7, 0xbd, 0xf7, 0xbd, 0xf7, 0xbd, 
	0xf7, 0xbd, 0xf7, 0xbd, 0xf7, 0xbd, 0xf7, 0xbd, 
	0xf7, 0xbd, 0xf7, 0xbd, 0xf7, 0xbd, 0xf7, 0xbd, 
	0xf7, 0xbd, 0xf7, 0xbd, 0xf7, 0xbd, 0xf7, 0xbd, 
	0xf7, 0xbd, 0xf7, 0xbd, 0xf7, 0xbd, 0xf7, 0xbd, 
	0xf7, 0xbd, 0xf7, 0xbd, 0xff, 0xff, 0xff, 0xff, 
	0xf7, 0xbd, 0xf7, 0xbd, 0xf7, 0xbd, 0xf7, 0xbd, 
	0xf7, 0xbd, 0xf7, 0xbd, 0xf7, 0xbd, 0xf7, 0xbd, 
	0xf7, 0xbd, 0xf7, 0xbd, 0xf7, 0xbd, 0xf7, 0xbd, 
	0xf7, 0xbd, 0xf7, 0xbd, 0xf7, 0xbd, 0xf7, 0xbd, 
	0xf7, 0xbd, 0xf7, 0xbd, 0xf7, 0xbd, 0xf7, 0xbd, 
	0xf7, 0xbd, 0xf7, 0xbd, 0xf7, 0xbd, 0xf7, 0xbd, 
	0xf7, 0xbd, 0xf7, 0xbd, 0xf7, 0xbd, 0xf7, 0xbd, 
	0xf7, 0xbd, 0xf7, 0xbd, 0xf7, 0xbd, 0xf7, 0xbd, 
	0xf7, 0xbd, 0xf7, 0xbd, 0xf7, 0xbd, 0xf7, 0xbd, 
	0xf7, 0xbd, 0xf7, 0xbd, 0xf7, 0xbd, 0xf7, 0xbd, 
	0xf7, 0xbd, 0xf7, 0xbd, 0xf7, 0xbd, 0xf7, 0xbd, 
	0xf7, 0xbd, 0xf7, 0xbd, 0xf7, 0xbd, 0xf7, 0xbd, 
	0xf7, 0xbd, 0xf7, 0xbd, 0xf7, 0xbd, 0xf7, 0xbd, 
	0xf7, 0xbd, 0xf7, 0xbd, 0xf7, 0xbd, 0xf7, 0xbd, 
	0xf7, 0xbd, 0xf7, 0xbd, 0xf7, 0xbd, 0xf7, 0xbd, 
	0xf7, 0xbd, 0xf7, 0xbd, 0xf7, 0xbd, 0xf7, 0xbd, 
	0xf7, 0xbd, 0xf7, 0xbd, 0xf7, 0xbd, 0xf7, 0xbd, 
	0xf7, 0xbd, 0xf7, 0xbd, 0xf7, 0xbd, 0xf7, 0xbd, 
	0xf7, 0xbd, 0xf7, 0xbd, 0xf7, 0xbd, 0xf7, 0xbd, 
	0xf7, 0xbd, 0xf7, 0xbd, 0xf7, 0xbd, 0xf7, 0xbd, 
	0xf7, 0xbd, 0xf7, 0xbd, 0xf7, 0xbd, 0xf7, 0xbd, 
	0xf7, 0xbd, 0xf7, 0xbd, 0xf7, 0xbd, 0xf7, 0xbd, 
	0xf7, 0xbd, 0xf7, 0xbd, 0xf7, 0xbd, 0xf7, 0xbd, 
	0xf7, 0xbd, 0xf7, 0xbd, 0xf7, 0xbd, 0xf7, 0xbd, 
	0xf7, 0xbd, 0xf7, 0xbd, 0xf7, 0xbd, 0xf7, 0xbd, 
	0xf7, 0xbd, 0xf7, 0xbd, 0xf7, 0xbd, 0xf7, 0xbd, 
	0xf7, 0xbd, 0xf7, 0xbd, 0xf7, 0xbd, 0xf7, 0xbd, 
	0xf7, 0xbd, 0xf7, 0xbd, 0xf7, 0xbd, 0xf7, 0xbd, 
	0xf7, 0xbd, 0xf7, 0xbd, 0xf7, 0xbd, 0xf7, 0xbd, 
	0xf7, 0xbd, 0xf7, 0xbd, 0xf7, 0xbd, 0xf7, 0xbd, 
	0xf7, 0xbd, 0xf7, 0xbd, 0xf7, 0xbd, 0xf7, 0xbd, 
	0xf7, 0xbd, 0xf7, 0xbd, 0xf7, 0xbd, 0xf7, 0xbd, 
	0xf7, 0xbd, 0xf7, 0xbd, 0xef, 0x7b, 0xe6, 0xf7, 
	0xd6, 0x71, 0xde, 0xb3, 0xef, 0xbb, 0xf7, 0xbd, 
	0xf7, 0xbd, 0xf7, 0xbd, 0xf7, 0xbd, 0xf7, 0xbd, 
	0xf7, 0xbd, 0xf7, 0xbd, 0xf7, 0xbd, 0xf7, 0xbd, 
	0xf7, 0xbd, 0xf7, 0xbd, 0xf7, 0xbd, 0xf7, 0xbd, 
	0xf7, 0xbd, 0xf7, 0xbd, 0xf7, 0xbd, 0xf7, 0xbd, 
	0xf7, 0xbd, 0xf7, 0xbd, 0xf7, 0xbd, 0xf7, 0xbd, 
	0xf7, 0xbd, 0xf7, 0xbd, 0xf7, 0xbd, 0xf7, 0xbd, 
	0xe6, 0xf7, 0xbd, 0xad, 0x8c, 0x63, 0x63, 0x19, 
	0x5a, 0xd7, 0x7b, 0x9d, 0xde, 0xf7, 0xef, 0x7b, 
	0xef, 0x7b, 0xef, 0x7d, 0xef, 0x7b, 0xef, 0x7b, 
	0xef, 0x7b, 0xef, 0x7b, 0xef, 0x7b, 0xef, 0x7b, 
	0xef, 0x7b, 0xef, 0x7b, 0xef, 0x7b, 0xef, 0x7b, 
	0xef, 0x7b, 0xef, 0x7b, 0xef, 0x7b, 0xef, 0x7b, 
	0xef, 0x7b, 0xf7, 0xbd, 0xf7, 0xbd, 0xf7, 0xbd, 
	0xf7, 0xbd, 0xf7, 0xbd, 0xf7, 0xbd, 0xf7, 0xbd, 
	0x62, 0xd7, 0x41, 0xcf, 0x39, 0xcf, 0x31, 0x8d, 
	0x31, 0x8d, 0x52, 0x95, 0xb5, 0x6b, 0xef, 0x7b, 
	0xef, 0x7b, 0xef, 0x7b, 0xef, 0x7b, 0xef, 0x7b, 
	0xef, 0x7b, 0xef, 0x7b, 0xef, 0x7b, 0xef, 0x7b, 
	0xef, 0x7b, 0xef, 0x7b, 0xef, 0x7b, 0xef, 0x7b, 
	0xef, 0x7b, 0xef, 0x7b, 0xef, 0x7b, 0xef, 0x7b, 
	0xef, 0x7b, 0xef, 0x7b, 0xef, 0x7b, 0xef, 0x7b, 
	0xef, 0x7b, 0xef, 0x7b, 0xef, 0x7b, 0xef, 0x7b, 
	0x21, 0x09, 0x10, 0x85, 0x10, 0x85, 0x10, 0x85, 
	0x18, 0xc7, 0x18, 0xc7, 0x6b, 0x19, 0xde, 0xb5, 
	0xe6, 0xf7, 0xef, 0x7b, 0xef, 0x7b, 0xef, 0x7b, 
	0xef, 0x7b, 0xef, 0x7b, 0xef, 0x7b, 0xef, 0x7b, 
	0xef, 0x7b, 0xef, 0x7b, 0xef, 0x7b, 0xef, 0x7b, 
	0xef, 0x7b, 0xef, 0x7b, 0xef, 0x7b, 0xef, 0x7b, 
	0xef, 0x7b, 0xef, 0x7b, 0xef, 0x7b, 0xef, 0x7b, 
	0xef, 0x7b, 0xef, 0x7b, 0xef, 0x7b, 0xef, 0x7b, 
	0x39, 0x8d, 0x29, 0x09, 0x31, 0x4d, 0x39, 0xd3, 
	0x42, 0x13, 0x42, 0x13, 0x4a, 0x13, 0x5a, 0xd7, 
	0x8c, 0x23, 0xd6, 0xb5, 0xef, 0x7b, 0xef, 0x7b, 
	0xef, 0x7b, 0xef, 0x7b, 0xef, 0x7b, 0xef, 0x7b, 
	0xef, 0x7b, 0xef, 0x7b, 0xef, 0x7b, 0xef, 0x7b, 
	0xef, 0x7b, 0xef, 0x7b, 0xef, 0x7b, 0xef, 0x7b, 
	0xef, 0x7b, 0xef, 0x7b, 0xef, 0x7b, 0xef, 0x7b, 
	0xef, 0x7b, 0xef, 0x7b, 0xef, 0x7b, 0xef, 0x7b, 
	0x4a, 0x99, 0x4a, 0x57, 0x41, 0xd1, 0x52, 0x11, 
	0x52, 0x9b, 0x62, 0xd9, 0x63, 0x1d, 0x52, 0x99, 
	0x63, 0x1b, 0x94, 0xed, 0xbd, 0xf3, 0xde, 0xf7, 
	0xef, 0x7b, 0xef, 0x7b, 0xef, 0x7b, 0xef, 0x7b, 
	0xef, 0x7b, 0xef, 0x7b, 0xef, 0x7b, 0xef, 0x7b, 
	0xef, 0x7b, 0xef, 0x7b, 0xef, 0x7b, 0xef, 0x7b, 
	0xef, 0x7b, 0xef, 0x7b, 0xef, 0x7b, 0xef, 0x7b, 
	0xef, 0x7b, 0xef, 0x7b, 0xef, 0x7b, 0xef, 0x7b, 
	0x7c, 0x69, 0x8c, 0xed, 0x63, 0x5d, 0x42, 0x57, 
	0x52, 0xdf, 0x6b, 0x63, 0x7b, 0x5b, 0x73, 0x1b, 
	0x6b, 0xa3, 0x6b, 0xe5, 0x6b, 0xa5, 0x94, 0xed, 
	0xce, 0x77, 0xe7, 0x39, 0xef, 0x7b, 0xef, 0x7b, 
	0xef, 0x7b, 0xef, 0x7b, 0xef, 0x7b, 0xef, 0x7b, 
	0xef, 0x7b, 0xef, 0x7b, 0xef, 0x7b, 0xef, 0x7b, 
	0xef, 0x7b, 0xef, 0x7b, 0xef, 0x7b, 0xef, 0x7b, 
	0xe7, 0x39, 0x9c, 0xe7, 0x94, 0xa5, 0x94, 0xa5, 
	0x84, 0xaf, 0x9d, 0x71, 0x6b, 0xa3, 0x4a, 0x9d, 
	0x5b, 0x63, 0x5b, 0x65, 0x63, 0xa5, 0x73, 0xe5, 
	0x7c, 0x69, 0x84, 0xad, 0x63, 0xa5, 0x63, 0x61, 
	0x8c, 0xad, 0xb5, 0xf3, 0xde, 0xf7, 0xef, 0x7b, 
	0xef, 0x7b, 0xef, 0x7b, 0xe7, 0x3b, 0xef, 0x7b, 
	0xef, 0x7b, 0xe7, 0x79, 0xef, 0x79, 0xef, 0x7b, 
	0xef, 0x7b, 0xef, 0x7b, 0xef, 0x7b, 0xef, 0x7b, 
	0xe7, 0x39, 0x5a, 0xd7, 0x00, 0x01, 0x00, 0x01, 
	0xa5, 0xf7, 0x8c, 0xef, 0x84, 0xef, 0x84, 0xef, 
	0x7c, 0xad, 0x6b, 0xe7, 0x74, 0x29, 0x74, 0x29, 
	0x63, 0xa5, 0x63, 0xa5, 0x6b, 0xa5, 0x6b, 0xa5, 
	0x6b, 0xa5, 0x7c, 0x69, 0xad, 0xb1, 0xde, 0xf7, 
	0xe7, 0x39, 0xe7, 0x39, 0xe7, 0x39, 0xe7, 0x39, 
	0xe7, 0x39, 0xe7, 0x39, 0xe7, 0x39, 0xe7, 0x39, 
	0xe7, 0x39, 0xe7, 0x39, 0xe7, 0x39, 0xef, 0x79, 
	0xe7, 0x39, 0x5a, 0xd7, 0x00, 0x01, 0x00, 0x01, 
	0x84, 0xef, 0x84, 0xef, 0x7c, 0x6d, 0x74, 0x6d, 
	0x7c, 0x6d, 0x7c, 0xad, 0x7c, 0x6d, 0x7c, 0x6d, 
	0x74, 0x2b, 0x84, 0xef, 0x6b, 0xe7, 0x5b, 0x21, 
	0x5b, 0x61, 0x63, 0xa5, 0x6b, 0xa5, 0xad, 0x6f, 
	0xde, 0xf7, 0xe7, 0x39, 0xe7, 0x39, 0xe7, 0x39, 
	0xe7, 0x39, 0xe7, 0x39, 0xe7, 0x39, 0xe7, 0x39, 
	0xe7, 0x39, 0xe7, 0x39, 0xe7, 0x39, 0xe7, 0x39, 
	0xe7, 0x39, 0x5a, 0xd7, 0x00, 0x01, 0x00, 0x01, 
	0x84, 0xef, 0x7c, 0xaf, 0x84, 0xf1, 0x84, 0xaf, 
	0x74, 0x2b, 0x6b, 0xe9, 0x74, 0x29, 0x74, 0x6d, 
	0x84, 0xef, 0x8c, 0xf1, 0x84, 0xaf, 0x63, 0xa5, 
	0x5b, 0x21, 0x5b, 0x21, 0x5b, 0x21, 0x6b, 0xa3, 
	0xb5, 0xb1, 0xe7, 0x39, 0xe7, 0x39, 0xe7, 0x39, 
	0xe7, 0x39, 0xe7, 0x39, 0xe7, 0x39, 0xe7, 0x39, 
	0xe7, 0x39, 0xe7, 0x39, 0xe7, 0x39, 0xe7, 0x39, 
	0xe7, 0x39, 0x5a, 0xd7, 0x00, 0x01, 0x00, 0x01, 
	0x84, 0xaf, 0x7c, 0xaf, 0x9d, 0xb5, 0x9d, 0xb5, 
	0x9d, 0xb5, 0x8c, 0xef, 0x6b, 0xe9, 0x7c, 0x6d, 
	0x8d, 0x33, 0x8c, 0xef, 0x84, 0xef, 0x6c, 0x29, 
	0x5b, 0x63, 0x5b, 0x61, 0x53, 0x1f, 0x52, 0xdf, 
	0x73, 0xe3, 0xd6, 0xb7, 0xe7, 0x39, 0xe7, 0x39, 
	0xe7, 0x39, 0xe7, 0x39, 0xe7, 0x39, 0xe7, 0x39, 
	0xe7, 0x39, 0xe7, 0x39, 0xe7, 0x39, 0xe7, 0x39, 
	0xde, 0xf7, 0x5a, 0xd7, 0x00, 0x01, 0x00, 0x01, 
	0x74, 0x2b, 0x74, 0x2b, 0x8d, 0x31, 0x95, 0x73, 
	0x9d, 0x73, 0x8c, 0xef, 0x7c, 0x6b, 0x6b, 0xe7, 
	0x84, 0xad, 0x84, 0xaf, 0x7c, 0x6b, 0x6b, 0xe7, 
	0x63, 0xa5, 0x5b, 0x21, 0x53, 0x1f, 0x53, 0x21, 
	0x4a, 0x9b, 0xa5, 0x2d, 0xde, 0xf9, 0xe7, 0x39, 
	0xe7, 0x39, 0xe7, 0x39, 0xe7, 0x39, 0xe7, 0x39, 
	0xe7, 0x39, 0xe7, 0x39, 0xe7, 0x39, 0xe7, 0x39, 
	0xde, 0xf7, 0x5a, 0xd7, 0x00, 0x01, 0x00, 0x01, 
	0x74, 0x2b, 0x6b, 0xe7, 0x74, 0x2b, 0x84, 0xad, 
	0x8c, 0xef, 0x84, 0xad, 0x84, 0xad, 0x74, 0x29, 
	0x7c, 0x29, 0x84, 0xad, 0x7c, 0x6b, 0x7c, 0x6b, 
	0x7c, 0x6b, 0x6b, 0xe5, 0x5b, 0x1f, 0x52, 0xdd, 
	0x52, 0xdd, 0x6b, 0xa3, 0xce, 0x75, 0xe7, 0x39, 
	0xe7, 0x39, 0xe7, 0x39, 0xe7, 0x39, 0xe7, 0x39, 
	0xe7, 0x39, 0xe7, 0x39, 0xe7, 0x39, 0xe7, 0x39, 
	0xde, 0xf7, 0x5a, 0xd7, 0x00, 0x01, 0x00, 0x01, 
	0x6b, 0xe7, 0x5b, 0x65, 0x74, 0x29, 0x7c, 0x6b, 
	0x8c, 0xad, 0x84, 0xad, 0x84, 0xad, 0x84, 0xab, 
	0x7c, 0x6b, 0x74, 0x29, 0x84, 0x6b, 0x84, 0xad, 
	0x7c, 0x69, 0x74, 0x29, 0x63, 0xa3, 0x5b, 0x61, 
	0x4a, 0x9b, 0x52, 0xdf, 0xa5, 0x2d, 0xde, 0xf7, 
	0xde, 0xf7, 0xde, 0xf7, 0xde, 0xf7, 0xde, 0xf7, 
	0xde, 0xf7, 0xde, 0xf7, 0xde, 0xf7, 0xde, 0xf7, 
	0xde, 0xf7, 0x5a, 0xd7, 0x00, 0x01, 0x00, 0x01, 
	0x6b, 0xe9, 0x5b, 0x65, 0x63, 0xa5, 0x74, 0x29, 
	0x7c, 0x6b, 0x84, 0xad, 0x84, 0xad, 0x8c, 0xad, 
	0x84, 0xab, 0x7c, 0x6b, 0x7c, 0x6b, 0x7c, 0x6b, 
	0x7c, 0x29, 0x74, 0x27, 0x6b, 0xe5, 0x63, 0x63, 
	0x52, 0xdd, 0x52, 0xdd, 0x8c, 0x6b, 0xd6, 0xb5, 
	0xde, 0xf7, 0xde, 0xf7, 0xde, 0xf7, 0xde, 0xf7, 
	0xde, 0xf7, 0xde, 0xf7, 0xde, 0xf7, 0xde, 0xf7, 
	0xde, 0xf7, 0x5a, 0xd7, 0x00, 0x01, 0x00, 0x01, 
	0x74, 0x2b, 0x63, 0xe7, 0x6b, 0xe9, 0x6c, 0x29, 
	0x74, 0x29, 0x84, 0xad, 0x84, 0xad, 0x8c, 0xad, 
	0x7c, 0x6b, 0x74, 0x29, 0x6b, 0xe7, 0x63, 0xa3, 
	0x6b, 0xa5, 0x63, 0xa3, 0x63, 0x61, 0x63, 0xa3, 
	0x5b, 0x21, 0x5b, 0x1f, 0x84, 0x69, 0xbe, 0x33, 
	0xde, 0xf7, 0xde, 0xf7, 0xde, 0xf7, 0xde, 0xf7, 
	0xde, 0xf7, 0xde, 0xf7, 0xde, 0xf7, 0xde, 0xf7, 
	0xde, 0xf7, 0x5a, 0xd7, 0x00, 0x01, 0x00, 0x01, 
	0x63, 0xa7, 0x5b, 0x63, 0x5b, 0x63, 0x5b, 0x63, 
	0x63, 0x65, 0x6b, 0xa5, 0x74, 0x29, 0x7c, 0x29, 
	0x73, 0xe7, 0x73, 0xe5, 0x6b, 0xa5, 0x63, 0x61, 
	0x63, 0x63, 0x63, 0x61, 0x63, 0x1f, 0x63, 0x63, 
	0x5b, 0x1f, 0x5b, 0x1f, 0x7c, 0x27, 0xb5, 0xf3, 
	0xde, 0xf7, 0xde, 0xf7, 0xde, 0xf7, 0xde, 0xf7, 
	0xde, 0xf7, 0xde, 0xf7, 0xde, 0xf7, 0xde, 0xf7, 
	0xde, 0xf7, 0x5a, 0xd7, 0x00, 0x01, 0x00, 0x01, 
	0x53, 0x1f, 0x4a, 0x9b, 0x4a, 0xdf, 0x5b, 0x63, 
	0x4a, 0x9d, 0x52, 0xdf, 0x63, 0x63, 0x63, 0x63, 
	0x63, 0x63, 0x6b, 0x61, 0x5b, 0x1f, 0x5b, 0x1d, 
	0x5b, 0x1f, 0x5b, 0x21, 0x5b, 0x1f, 0x53, 0x1f, 
	0x5b, 0x1f, 0x63, 0x61, 0x7c, 0x27, 0xb5, 0xb3, 
	0xde, 0xf7, 0xde, 0xf7, 0xde, 0xf7, 0xde, 0xf7, 
	0xde, 0xf7, 0xde, 0xf7, 0xde, 0xf7, 0xde, 0xf7, 
	0xd6, 0xb5, 0x52, 0x95, 0x00, 0x01, 0x00, 0x01, 
	0x4a, 0x9b, 0x4a, 0x9b, 0x4a, 0x9f, 0x52, 0xe1, 
	0x4a, 0x9d, 0x52, 0xdf, 0x52, 0xdf, 0x5b, 0x21, 
	0x5b, 0x1f, 0x5a, 0xdd, 0x52, 0xdb, 0x52, 0x99, 
	0x52, 0x9b, 0x52, 0xdd, 0x4a, 0x99, 0x52, 0xdb, 
	0x53, 0x1f, 0x63, 0xa3, 0x84, 0x69, 0xad, 0x71, 
	0xd6, 0xb7, 0xde, 0xf7, 0xde, 0xf7, 0xde, 0xf7, 
	0xde, 0xf7, 0xde, 0xf7, 0xde, 0xf7, 0xde, 0xf7, 
	0xd6, 0xb5, 0x52, 0x95, 0x00, 0x01, 0x00, 0x01, 
	0x52, 0xdf, 0x4a, 0xdf, 0x4a, 0x9d, 0x4a, 0xdf, 
	0x4a, 0x9d, 0x42, 0x59, 0x42, 0x59, 0x52, 0xdd, 
	0x4a, 0x9b, 0x4a, 0x9b, 0x4a, 0x99, 0x4a, 0x99, 
	0x4a, 0x99, 0x4a, 0x9b, 0x4a, 0x9b, 0x4a, 0x99, 
	0x52, 0xdd, 0x6b, 0xa5, 0x84, 0x6b, 0xad, 0xb3, 
	0xd6, 0xb5, 0xd6, 0xb5, 0xde, 0xf7, 0xde, 0xf7, 
	0xde, 0xf7, 0xde, 0xf7, 0xde, 0xf7, 0xde, 0xf7, 
	0xd6, 0xb5, 0x52, 0x95, 0x00, 0x01, 0x00, 0x01, 
	0x4a, 0x9d, 0x42, 0x59, 0x42, 0x59, 0x42, 0x5b, 
	0x3a, 0x19, 0x42, 0x59, 0x3a, 0x17, 0x4a, 0x59, 
	0x4a, 0x59, 0x4a, 0x59, 0x4a, 0x59, 0x4a, 0x9b, 
	0x52, 0x9b, 0x52, 0x9b, 0x52, 0xdb, 0x52, 0x9b, 
	0x5b, 0x21, 0x6b, 0xa5, 0x8c, 0xab, 0xb5, 0xf3, 
	0xd6, 0xb5, 0xd6, 0xb5, 0xd6, 0xb5, 0xd6, 0xb5, 
	0xd6, 0xb5, 0xd6, 0xb5, 0xd6, 0xb5, 0xd6, 0xb5, 
	0xd6, 0xb5, 0x52, 0x95, 0x00, 0x01, 0x00, 0x01, 
	0x4a, 0x9d, 0x3a, 0x59, 0x42, 0x59, 0x3a, 0x19, 
	0x3a, 0x19, 0x3a, 0x17, 0x42, 0x59, 0x42, 0x17, 
	0x42, 0x57, 0x42, 0x57, 0x4a, 0x59, 0x4a, 0x59, 
	0x4a, 0x99, 0x4a, 0x59, 0x4a, 0x99, 0x5b, 0x1f, 
	0x63, 0x63, 0x6b, 0xa5, 0x84, 0x6b, 0xbd, 0xf3, 
	0xd6, 0xb5, 0xd6, 0xb5, 0xd6, 0xb5, 0xd6, 0xb5, 
	0xd6, 0xb5, 0xd6, 0xb5, 0xd6, 0xb5, 0xd6, 0xb5, 
	0xd6, 0xb5, 0x52, 0x95, 0x00, 0x01, 0x00, 0x01, 
	0x42, 0x5b, 0x3a, 0x17, 0x3a, 0x17, 0x3a, 0x17, 
	0x31, 0xd5, 0x3a, 0x17, 0x3a, 0x17, 0x42, 0x59, 
	0x42, 0x57, 0x42, 0x57, 0x42, 0x57, 0x4a, 0x59, 
	0x4a, 0x57, 0x52, 0x9b, 0x52, 0xdb, 0x52, 0xdd, 
	0x63, 0x63, 0x73, 0xe7, 0x7c, 0x69, 0xc6, 0x33, 
	0xd6, 0xb5, 0xd6, 0xb5, 0xd6, 0xb5, 0xd6, 0xb5, 
	0xd6, 0xb5, 0xd6, 0xb5, 0xd6, 0xb5, 0xd6, 0xb5, 
	0xd6, 0xb5, 0x52, 0x95, 0x00, 0x01, 0x00, 0x01, 
	0x3a, 0x17, 0x3a, 0x17, 0x31, 0xd5, 0x3a, 0x19, 
	0x3a, 0x17, 0x42, 0x17, 0x42, 0x57, 0x42, 0x59, 
	0x42, 0x15, 0x42, 0x15, 0x4a, 0x57, 0x4a, 0x57, 
	0x4a, 0x99, 0x52, 0xdb, 0x52, 0xdd, 0x5b, 0x1f, 
	0x6b, 0xa5, 0x6b, 0xa5, 0x8c, 0xab, 0xce, 0x73, 
	0xd6, 0xb5, 0xd6, 0xb5, 0xd6, 0xb5, 0xd6, 0xb5, 
	0xd6, 0xb5, 0xd6, 0xb5, 0xd6, 0xb5, 0xd6, 0xb5, 
	0xce, 0xb5, 0x52, 0x95, 0x00, 0x01, 0x00, 0x01, 
	0x42, 0x59, 0x3a, 0x17, 0x42, 0x59, 0x42, 0x59, 
	0x42, 0x59, 0x4a, 0x9b, 0x4a, 0x9b, 0x42, 0x57, 
	0x42, 0x59, 0x42, 0x57, 0x4a, 0x59, 0x4a, 0x99, 
	0x52, 0x9b, 0x52, 0xdb, 0x5b, 0x1d, 0x63, 0x21, 
	0x6b, 0xa5, 0x6b, 0xa3, 0xad, 0x6f, 0xd6, 0xb5, 
	0xd6, 0xb5, 0xd6, 0xb5, 0xd6, 0xb5, 0xd6, 0xb5, 
	0xd6, 0xb5, 0xd6, 0xb5, 0xd6, 0xb5, 0xd6, 0xb5, 
	0xce, 0x73, 0x52, 0x95, 0x00, 0x01, 0x00, 0x01, 
	
};

Gfx INTRO_SCREEN_tile_1_1_rgba16_aligner[] = {gsSPEndDisplayList()};
u8 INTRO_SCREEN_tile_1_1_rgba16[] = {
	0x3a, 0x17, 0x3a, 0x17, 0x31, 0xd5, 0x3a, 0x19, 
	0x3a, 0x17, 0x42, 0x17, 0x42, 0x57, 0x42, 0x59, 
	0x42, 0x15, 0x42, 0x15, 0x4a, 0x57, 0x4a, 0x57, 
	0x4a, 0x99, 0x52, 0xdb, 0x52, 0xdd, 0x5b, 0x1f, 
	0x6b, 0xa5, 0x6b, 0xa5, 0x8c, 0xab, 0xce, 0x73, 
	0xd6, 0xb5, 0xd6, 0xb5, 0xd6, 0xb5, 0xd6, 0xb5, 
	0xd6, 0xb5, 0xd6, 0xb5, 0xd6, 0xb5, 0xd6, 0xb5, 
	0xce, 0xb5, 0x52, 0x95, 0x00, 0x01, 0x00, 0x01, 
	0x42, 0x59, 0x3a, 0x17, 0x42, 0x59, 0x42, 0x59, 
	0x42, 0x59, 0x4a, 0x9b, 0x4a, 0x9b, 0x42, 0x57, 
	0x42, 0x59, 0x42, 0x57, 0x4a, 0x59, 0x4a, 0x99, 
	0x52, 0x9b, 0x52, 0xdb, 0x5b, 0x1d, 0x63, 0x21, 
	0x6b, 0xa5, 0x6b, 0xa3, 0xad, 0x6f, 0xd6, 0xb5, 
	0xd6, 0xb5, 0xd6, 0xb5, 0xd6, 0xb5, 0xd6, 0xb5, 
	0xd6, 0xb5, 0xd6, 0xb5, 0xd6, 0xb5, 0xd6, 0xb5, 
	0xce, 0x73, 0x52, 0x95, 0x00, 0x01, 0x00, 0x01, 
	0x4a, 0x9b, 0x42, 0x59, 0x42, 0x59, 0x4a, 0x59, 
	0x4a, 0x9b, 0x4a, 0x59, 0x52, 0x9b, 0x4a, 0x9b, 
	0x52, 0xdf, 0x52, 0xdd, 0x52, 0xdd, 0x5b, 0x1f, 
	0x52, 0xdd, 0x5a, 0xdd, 0x63, 0x61, 0x63, 0x61, 
	0x63, 0x63, 0x7b, 0xe5, 0xc6, 0x33, 0xce, 0x73, 
	0xd6, 0xb5, 0xd6, 0xb5, 0xd6, 0xb5, 0xd6, 0xb5, 
	0xd6, 0xb5, 0xd6, 0xb5, 0xd6, 0xb5, 0xd6, 0xb5, 
	0xce, 0x73, 0x52, 0x95, 0x00, 0x01, 0x00, 0x01, 
	0x53, 0x1f, 0x4a, 0x99, 0x52, 0x9b, 0x4a, 0x9b, 
	0x52, 0xdb, 0x4a, 0x59, 0x52, 0x9b, 0x52, 0xdf, 
	0x5b, 0x21, 0x52, 0xdd, 0x52, 0xdd, 0x5b, 0x1f, 
	0x5b, 0x1f, 0x5b, 0x1f, 0x63, 0x63, 0x63, 0xa3, 
	0x63, 0x63, 0xad, 0x6d, 0xce, 0x73, 0xce, 0x73, 
	0xce, 0x73, 0xce, 0x73, 0xce, 0x73, 0xce, 0x73, 
	0xce, 0x73, 0xce, 0x73, 0xce, 0x73, 0xce, 0x73, 
	0xce, 0x73, 0x52, 0x95, 0x00, 0x01, 0x00, 0x01, 
	0x52, 0xdf, 0x52, 0xdf, 0x53, 0x1f, 0x5b, 0x1f, 
	0x52, 0xdd, 0x52, 0x9b, 0x52, 0x9b, 0x52, 0xdb, 
	0x52, 0xdf, 0x53, 0x1f, 0x5a, 0xdd, 0x5b, 0x1d, 
	0x5b, 0x1f, 0x5b, 0x21, 0x63, 0x61, 0x63, 0x63, 
	0x94, 0xa9, 0xce, 0x73, 0xce, 0x73, 0xce, 0x73, 
	0xce, 0x73, 0xce, 0x73, 0xce, 0x73, 0xce, 0x73, 
	0xce, 0x73, 0xce, 0x73, 0xce, 0x73, 0xce, 0x73, 
	0xce, 0x73, 0x94, 0xa5, 0x84, 0x21, 0x84, 0x21, 
	0x5b, 0x21, 0x52, 0xdd, 0x5b, 0x1f, 0x53, 0x1f, 
	0x5b, 0x21, 0x5b, 0x61, 0x5b, 0x61, 0x5b, 0x61, 
	0x5b, 0x1f, 0x5b, 0x1f, 0x5b, 0x1f, 0x5b, 0x21, 
	0x63, 0x63, 0x5b, 0x21, 0x63, 0x61, 0x8c, 0x67, 
	0xc6, 0x31, 0xce, 0x73, 0xce, 0x73, 0xce, 0x73, 
	0xce, 0x73, 0xce, 0x73, 0xce, 0x73, 0xce, 0x73, 
	0xce, 0x73, 0xce, 0x73, 0xce, 0x73, 0xce, 0x73, 
	0xce, 0x73, 0xce, 0x73, 0xce, 0x73, 0xce, 0x73, 
	0x63, 0x63, 0x63, 0x61, 0x63, 0x61, 0x5b, 0x1f, 
	0x5b, 0x61, 0x5b, 0x21, 0x63, 0x63, 0x63, 0x61, 
	0x5b, 0x1f, 0x5b, 0x1f, 0x5b, 0x1f, 0x5b, 0x21, 
	0x5b, 0x61, 0x63, 0x61, 0x94, 0xa9, 0xc6, 0x31, 
	0xce, 0x73, 0xce, 0x73, 0xce, 0x73, 0xce, 0x73, 
	0xce, 0x73, 0xce, 0x73, 0xce, 0x73, 0xce, 0x73, 
	0xce, 0x73, 0xce, 0x73, 0xce, 0x73, 0xce, 0x73, 
	0xce, 0x73, 0xce, 0x73, 0xce, 0x73, 0xce, 0x73, 
	0x6b, 0xe7, 0x6b, 0xe9, 0x6b, 0xa7, 0x6b, 0xa7, 
	0x6b, 0xa5, 0x5b, 0x61, 0x63, 0x63, 0x63, 0x63, 
	0x5b, 0x1f, 0x52, 0xdd, 0x52, 0xdb, 0x5b, 0x1f, 
	0x73, 0xa3, 0xad, 0x6d, 0xc6, 0x31, 0xce, 0x73, 
	0xce, 0x73, 0xce, 0x73, 0xce, 0x73, 0xce, 0x73, 
	0xce, 0x73, 0xce, 0x73, 0xce, 0x73, 0xce, 0x73, 
	0xce, 0x73, 0xce, 0x73, 0xce, 0x73, 0xce, 0x73, 
	0xce, 0x73, 0xce, 0x73, 0xce, 0x73, 0xce, 0x73, 
	0x74, 0x2b, 0x74, 0x2b, 0x6b, 0xe9, 0x6b, 0xe7, 
	0x6b, 0xe5, 0x63, 0xa5, 0x5b, 0x1f, 0x5b, 0x1f, 
	0x5a, 0xdd, 0x5a, 0xdd, 0x6b, 0x5f, 0x9c, 0xe9, 
	0xc6, 0x31, 0xce, 0x73, 0xce, 0x73, 0xce, 0x73, 
	0xce, 0x73, 0xce, 0x73, 0xce, 0x73, 0xce, 0x73, 
	0xce, 0x73, 0xce, 0x73, 0xce, 0x73, 0xce, 0x73, 
	0xce, 0x73, 0xce, 0x73, 0xce, 0x73, 0xce, 0x73, 
	0xce, 0x73, 0xce, 0x73, 0xce, 0x73, 0xce, 0x73, 
	0x74, 0x29, 0x74, 0x29, 0x6b, 0xe7, 0x63, 0xa3, 
	0x6b, 0xa5, 0x63, 0xa3, 0x63, 0x63, 0x6b, 0xa3, 
	0x7c, 0x25, 0xa5, 0x2b, 0xbd, 0xef, 0xc6, 0x31, 
	0xc6, 0x31, 0xc6, 0x31, 0xc6, 0x31, 0xc6, 0x31, 
	0xc6, 0x31, 0xc6, 0x31, 0xc6, 0x31, 0xc6, 0x31, 
	0xc6, 0x31, 0xc6, 0x31, 0xc6, 0x31, 0xc6, 0x31, 
	0xc6, 0x31, 0xc6, 0x31, 0xc6, 0x31, 0xc6, 0x31, 
	0xc6, 0x31, 0xc6, 0x31, 0xc6, 0x31, 0xc6, 0x31, 
	0x74, 0x29, 0x74, 0x29, 0x6b, 0xe7, 0x6b, 0xa5, 
	0x74, 0x27, 0x8c, 0x69, 0x9c, 0xeb, 0xb5, 0xad, 
	0xc6, 0x31, 0xc6, 0x31, 0xc6, 0x31, 0xc6, 0x31, 
	0xc6, 0x31, 0xc6, 0x31, 0xc6, 0x31, 0xc6, 0x31, 
	0xc6, 0x31, 0xc6, 0x31, 0xc6, 0x31, 0xc6, 0x31, 
	0xc6, 0x31, 0xc6, 0x31, 0xc6, 0x31, 0xc6, 0x31, 
	0xc6, 0x31, 0xc6, 0x31, 0xc6, 0x31, 0xc6, 0x31, 
	0xc6, 0x31, 0xc6, 0x31, 0xc6, 0x31, 0xc6, 0x31, 
	0x9d, 0x2d, 0x9c, 0xeb, 0x9d, 0x2b, 0xad, 0x6d, 
	0xbd, 0xef, 0xc6, 0x31, 0xc6, 0x31, 0xc6, 0x31, 
	0xc6, 0x31, 0xc6, 0x31, 0xc6, 0x31, 0xc6, 0x31, 
	0xc6, 0x31, 0xc6, 0x31, 0xc6, 0x31, 0xc6, 0x31, 
	0xc6, 0x31, 0xc6, 0x31, 0xc6, 0x31, 0xc6, 0x31, 
	0xc6, 0x31, 0xc6, 0x31, 0xc6, 0x31, 0xc6, 0x31, 
	0xc6, 0x31, 0xc6, 0x31, 0xc6, 0x31, 0xc6, 0x31, 
	0xc6, 0x31, 0xc6, 0x31, 0xc6, 0x31, 0xc6, 0x31, 
	0xc6, 0x31, 0xc6, 0x31, 0xc6, 0x31, 0xc6, 0x31, 
	0xc6, 0x31, 0xc6, 0x31, 0xc6, 0x31, 0xc6, 0x31, 
	0xc6, 0x31, 0xc6, 0x31, 0xc6, 0x31, 0xc6, 0x31, 
	0xc6, 0x31, 0xc6, 0x31, 0xc6, 0x31, 0xc6, 0x31, 
	0xc6, 0x31, 0xc6, 0x31, 0xc6, 0x31, 0xc6, 0x31, 
	0xc6, 0x31, 0xc6, 0x31, 0xc6, 0x31, 0xc6, 0x31, 
	0xc6, 0x31, 0xc6, 0x31, 0xc6, 0x31, 0xc6, 0x31, 
	0xc6, 0x31, 0xc6, 0x31, 0xc6, 0x31, 0xc6, 0x31, 
	0xc6, 0x31, 0xc6, 0x31, 0xc6, 0x31, 0xc6, 0x31, 
	0xc6, 0x31, 0xc6, 0x31, 0xc6, 0x31, 0xc6, 0x31, 
	0xc6, 0x31, 0xc6, 0x31, 0xc6, 0x31, 0xc6, 0x31, 
	0xc6, 0x31, 0xc6, 0x31, 0xc6, 0x31, 0xc6, 0x31, 
	0xc6, 0x31, 0xc6, 0x31, 0xc6, 0x31, 0xc6, 0x31, 
	0xc6, 0x31, 0xc6, 0x31, 0xc6, 0x31, 0xc6, 0x31, 
	0xc6, 0x31, 0xc6, 0x31, 0xc6, 0x31, 0xc6, 0x31, 
	0xc6, 0x31, 0xc6, 0x31, 0xc6, 0x31, 0xc6, 0x31, 
	0xc6, 0x2f, 0xc6, 0x31, 0xc6, 0x31, 0xc6, 0x31, 
	0xc6, 0x31, 0xc6, 0x31, 0xc6, 0x31, 0xc6, 0x31, 
	0xc6, 0x31, 0xc6, 0x31, 0xc6, 0x31, 0xc6, 0x31, 
	0xc6, 0x31, 0xc6, 0x31, 0xc6, 0x31, 0xc6, 0x31, 
	0xc6, 0x31, 0xc6, 0x31, 0xc6, 0x31, 0xc6, 0x31, 
	0xc6, 0x31, 0xc6, 0x31, 0xc6, 0x31, 0xc6, 0x31, 
	0xc6, 0x31, 0xc6, 0x31, 0xc6, 0x31, 0xc6, 0x31, 
	0xc6, 0x31, 0xc6, 0x31, 0xc6, 0x31, 0xc6, 0x31, 
	0xbd, 0xef, 0xbd, 0xef, 0xbd, 0xef, 0xbd, 0xef, 
	0xbd, 0xef, 0xbd, 0xef, 0xbd, 0xef, 0xbd, 0xef, 
	0xbd, 0xef, 0xbd, 0xef, 0xbd, 0xef, 0xbd, 0xef, 
	0xbd, 0xef, 0xbd, 0xef, 0xbd, 0xef, 0xbd, 0xef, 
	0xbd, 0xef, 0xbd, 0xef, 0xbd, 0xef, 0xbd, 0xef, 
	0xbd, 0xef, 0xbd, 0xef, 0xbd, 0xef, 0xbd, 0xef, 
	0xbd, 0xef, 0xbd, 0xef, 0xc6, 0x31, 0xc6, 0x31, 
	0xc6, 0x31, 0xbd, 0xef, 0xbd, 0xef, 0xbd, 0xef, 
	0xbd, 0xef, 0xbd, 0xef, 0xbd, 0xef, 0xbd, 0xef, 
	0xbd, 0xef, 0xbd, 0xef, 0xbd, 0xef, 0xbd, 0xef, 
	0xbd, 0xef, 0xbd, 0xef, 0xbd, 0xef, 0xbd, 0xef, 
	0xbd, 0xef, 0xbd, 0xef, 0xbd, 0xef, 0xbd, 0xef, 
	0xbd, 0xef, 0xbd, 0xef, 0xbd, 0xef, 0xbd, 0xef, 
	0xbd, 0xef, 0xbd, 0xef, 0xbd, 0xef, 0xbd, 0xef, 
	0xbd, 0xef, 0xbd, 0xef, 0xbd, 0xef, 0xbd, 0xef, 
	0xbd, 0xef, 0xbd, 0xef, 0xbd, 0xef, 0xbd, 0xef, 
	0xbd, 0xef, 0xbd, 0xef, 0xbd, 0xef, 0xbd, 0xef, 
	0xbd, 0xef, 0xbd, 0xef, 0xbd, 0xef, 0xbd, 0xef, 
	0xbd, 0xef, 0xbd, 0xef, 0xbd, 0xef, 0xbd, 0xef, 
	0xbd, 0xef, 0xbd, 0xef, 0xbd, 0xef, 0xbd, 0xef, 
	0xbd, 0xef, 0xbd, 0xef, 0xbd, 0xef, 0xbd, 0xef, 
	0xbd, 0xef, 0xbd, 0xef, 0xbd, 0xef, 0xbd, 0xef, 
	0xbd, 0xef, 0xbd, 0xef, 0xbd, 0xef, 0xbd, 0xef, 
	0xbd, 0xef, 0xbd, 0xef, 0xbd, 0xef, 0xbd, 0xef, 
	0xbd, 0xef, 0xbd, 0xef, 0xbd, 0xef, 0xbd, 0xef, 
	0xbd, 0xef, 0xbd, 0xef, 0xbd, 0xef, 0xbd, 0xef, 
	0xbd, 0xef, 0xbd, 0xef, 0xbd, 0xef, 0xbd, 0xef, 
	0xbd, 0xef, 0xbd, 0xef, 0xbd, 0xef, 0xbd, 0xef, 
	0xbd, 0xef, 0xbd, 0xef, 0xbd, 0xef, 0xbd, 0xef, 
	0xbd, 0xef, 0xbd, 0xef, 0xbd, 0xef, 0xbd, 0xef, 
	0xbd, 0xef, 0xbd, 0xef, 0xbd, 0xef, 0xbd, 0xef, 
	0xbd, 0xef, 0xbd, 0xef, 0xbd, 0xef, 0xbd, 0xef, 
	0xbd, 0xef, 0xbd, 0xef, 0xbd, 0xef, 0xbd, 0xef, 
	0xbd, 0xef, 0xbd, 0xef, 0xbd, 0xef, 0xbd, 0xef, 
	0xbd, 0xef, 0xbd, 0xef, 0xbd, 0xef, 0xbd, 0xef, 
	0xbd, 0xef, 0xbd, 0xef, 0xbd, 0xef, 0xbd, 0xef, 
	0xbd, 0xef, 0xbd, 0xef, 0xbd, 0xef, 0xbd, 0xef, 
	0xbd, 0xef, 0xbd, 0xef, 0xbd, 0xef, 0xbd, 0xef, 
	0xbd, 0xef, 0xbd, 0xef, 0xbd, 0xef, 0xbd, 0xef, 
	0xbd, 0xef, 0xbd, 0xef, 0xbd, 0xef, 0xbd, 0xef, 
	0xbd, 0xef, 0xbd, 0xef, 0xbd, 0xef, 0xbd, 0xef, 
	0xbd, 0xef, 0xbd, 0xef, 0xbd, 0xef, 0xbd, 0xef, 
	0xbd, 0xef, 0xbd, 0xef, 0xbd, 0xef, 0xbd, 0xef, 
	0xbd, 0xef, 0xbd, 0xef, 0xbd, 0xef, 0xbd, 0xef, 
	0xbd, 0xef, 0xbd, 0xef, 0xbd, 0xef, 0xbd, 0xef, 
	0xbd, 0xef, 0xbd, 0xef, 0xbd, 0xef, 0xbd, 0xef, 
	0xbd, 0xef, 0xbd, 0xef, 0xbd, 0xef, 0xbd, 0xef, 
	0xbd, 0xef, 0xbd, 0xef, 0xbd, 0xef, 0xbd, 0xef, 
	0xb5, 0xad, 0xb5, 0xad, 0xb5, 0xad, 0xb5, 0xad, 
	0xb5, 0xad, 0xb5, 0xad, 0xb5, 0xad, 0xb5, 0xad, 
	0xb5, 0xad, 0xb5, 0xad, 0xb5, 0xad, 0xb5, 0xad, 
	0xb5, 0xad, 0xb5, 0xad, 0xb5, 0xad, 0xb5, 0xad, 
	0xb5, 0xad, 0xb5, 0xad, 0xb5, 0xad, 0xb5, 0xad, 
	0xb5, 0xad, 0xb5, 0xad, 0xb5, 0xad, 0xb5, 0xad, 
	0xb5, 0xad, 0xbd, 0xad, 0xb5, 0xad, 0xb5, 0xad, 
	0xbd, 0xef, 0xbd, 0xad, 0xb5, 0xad, 0xb5, 0xad, 
	0xb5, 0xad, 0xb5, 0xad, 0xb5, 0xad, 0xb5, 0xad, 
	0xb5, 0xad, 0xb5, 0xad, 0xb5, 0xad, 0xb5, 0xad, 
	0xb5, 0xad, 0xb5, 0xad, 0xb5, 0xad, 0xb5, 0xad, 
	0xb5, 0xad, 0xb5, 0xad, 0xb5, 0xad, 0xb5, 0xad, 
	0xb5, 0xad, 0xb5, 0xad, 0xb5, 0xad, 0xb5, 0xad, 
	0xb5, 0xad, 0xb5, 0xad, 0xb5, 0xad, 0xb5, 0xad, 
	0xb5, 0xad, 0xb5, 0xad, 0xb5, 0xad, 0xb5, 0xad, 
	0xb5, 0xad, 0xb5, 0xad, 0xb5, 0xad, 0xb5, 0xad, 
	0xb5, 0xad, 0xb5, 0xad, 0xb5, 0xad, 0xac, 0xa5, 
	0xa3, 0x5b, 0xa3, 0x5b, 0xa3, 0x5b, 0xa3, 0x5b, 
	0xa3, 0x5b, 0xa3, 0x5b, 0xa3, 0x5b, 0xa3, 0x5b, 
	0xa3, 0x5b, 0xac, 0xa5, 0xb5, 0xad, 0xb5, 0xad, 
	0xb5, 0xad, 0xac, 0xa5, 0xa3, 0x5b, 0xa3, 0x5b, 
	0xa3, 0x5b, 0xa3, 0x5b, 0xa3, 0x5b, 0xa3, 0x5b, 
	0xa3, 0x5b, 0xa3, 0x9d, 0xa4, 0x21, 0xac, 0xa5, 
	0xb5, 0x29, 0xb5, 0xad, 0xb5, 0xad, 0xb5, 0xad, 
	0xb5, 0xad, 0xb5, 0xad, 0xb5, 0xad, 0xa3, 0xdf, 
	0x90, 0x01, 0x90, 0x01, 0x90, 0x01, 0x90, 0x01, 
	0x90, 0x01, 0x90, 0x01, 0x90, 0x01, 0x90, 0x01, 
	0x90, 0x01, 0xa3, 0xdf, 0xb5, 0xad, 0xb5, 0xad, 
	0xb5, 0xad, 0xa3, 0x9d, 0x90, 0x01, 0x90, 0x01, 
	0x90, 0x01, 0x90, 0x01, 0x90, 0x01, 0x90, 0x01, 
	0x90, 0x01, 0x90, 0x01, 0x90, 0x01, 0x90, 0x85, 
	0x99, 0x09, 0x9a, 0xd7, 0xac, 0x63, 0xb5, 0xad, 
	0xb5, 0xad, 0xb5, 0xad, 0xb5, 0xad, 0xa3, 0xdf, 
	0x90, 0x43, 0x90, 0x01, 0x90, 0x01, 0x90, 0x01, 
	0x90, 0x01, 0x90, 0x01, 0x90, 0x01, 0x90, 0x01, 
	0x90, 0x43, 0xa4, 0x21, 0xb5, 0xad, 0xb5, 0xad, 
	0xb5, 0xad, 0xa3, 0x9d, 0x90, 0x01, 0x90, 0x01, 
	0x90, 0x01, 0x90, 0x01, 0x90, 0x01, 0x90, 0x01, 
	0x90, 0x01, 0x90, 0x01, 0x90, 0x01, 0x90, 0x01, 
	0x90, 0x01, 0x90, 0x01, 0x90, 0x85, 0x9a, 0xd7, 
	0xb5, 0xad, 0xb5, 0xad, 0xb5, 0xad, 0xad, 0x6b, 
	0xa4, 0x21, 0x9a, 0x11, 0x90, 0x43, 0x90, 0x01, 
	0x90, 0x01, 0x90, 0x01, 0x90, 0x43, 0x9a, 0x11, 
	0xa4, 0x21, 0xad, 0x6b, 0xb5, 0xad, 0xb5, 0xad, 
	0xb5, 0xad, 0xa3, 0x9d, 0x90, 0x01, 0x90, 0x01, 
	0x90, 0x01, 0x90, 0x01, 0x99, 0x09, 0x99, 0x09, 
	0x99, 0x09, 0x98, 0xc7, 0x90, 0x85, 0x90, 0x01, 
	0x90, 0x01, 0x90, 0x01, 0x90, 0x01, 0x90, 0x01, 
	0xb5, 0xad, 0xb5, 0xad, 0xb5, 0xad, 0xb5, 0xad, 
	0xb5, 0x6b, 0xad, 0x29, 0x9a, 0x11, 0x90, 0x01, 
	0x90, 0x01, 0x90, 0x01, 0x9a, 0x11, 0xad, 0x29, 
	0xb5, 0xab, 0xb5, 0xad, 0xb5, 0xad, 0xb5, 0xad, 
	0xb5, 0xad, 0xa3, 0x9d, 0x90, 0x01, 0x90, 0x01, 
	0x90, 0x01, 0x99, 0x09, 0xac, 0xa5, 0xac, 0xe7, 
	0xac, 0xe7, 0xac, 0xe7, 0xa4, 0x63, 0xa3, 0x5b, 
	0x99, 0x09, 0x90, 0x01, 0x90, 0x01, 0x90, 0x01, 
	0xad, 0x6b, 0xad, 0x6b, 0xad, 0x6b, 0xad, 0x6b, 
	0xad, 0x6b, 0xad, 0x6b, 0x9a, 0x53, 0x90, 0x01, 
	0x90, 0x01, 0x90, 0x01, 0x9a, 0x53, 0xad, 0x6b, 
	0xad, 0x6b, 0xad, 0x6b, 0xad, 0x6b, 0xad, 0x6b, 
	0xad, 0x6b, 0xa3, 0x9d, 0x90, 0x01, 0x90, 0x01, 
	0x90, 0x01, 0x99, 0x09, 0xad, 0x6b, 0xad, 0x6b, 
	0xad, 0x6b, 0xad, 0x6b, 0xb5, 0xad, 0xb5, 0x6b, 
	0xac, 0xe7, 0x9a, 0x11, 0x90, 0x01, 0x90, 0x01, 
	0xad, 0x6b, 0xad, 0x6b, 0xad, 0x6b, 0xad, 0x6b, 
	0xad, 0x6b, 0xad, 0x6b, 0x9a, 0x53, 0x90, 0x01, 
	0x90, 0x01, 0x90, 0x01, 0x9a, 0x53, 0xad, 0x6b, 
	0xad, 0x6b, 0xad, 0x6b, 0xad, 0x6b, 0xad, 0x6b, 
	0xad, 0x6b, 0xa3, 0x9d, 0x90, 0x01, 0x90, 0x01, 
	0x90, 0x01, 0x99, 0x09, 0xad, 0x29, 0xad, 0x6b, 
	0xad, 0x6b, 0xad, 0x6b, 0xad, 0x6b, 0xb5, 0xad, 
	0xb5, 0xad, 0xac, 0xe7, 0x99, 0x09, 0x90, 0x01, 
	0xad, 0x6b, 0xad, 0x6b, 0xad, 0x6b, 0xad, 0x6b, 
	0xad, 0x6b, 0xad, 0x6b, 0x9a, 0x53, 0x90, 0x01, 
	0x90, 0x01, 0x90, 0x01, 0x9a, 0x53, 0xad, 0x6b, 
	0xad, 0x6b, 0xad, 0x6b, 0xad, 0x6b, 0xad, 0x6b, 
	0xad, 0x6b, 0xa3, 0x9d, 0x90, 0x01, 0x90, 0x01, 
	0x90, 0x01, 0x99, 0x09, 0xad, 0x29, 0xad, 0x6b, 
	0xad, 0x6b, 0xad, 0x6b, 0xad, 0x6b, 0xad, 0x6b, 
	0xad, 0x6b, 0xad, 0x6b, 0x9b, 0x5b, 0x90, 0x01, 
	0xad, 0x6b, 0xad, 0x6b, 0xad, 0x6b, 0xad, 0x6b, 
	0xad, 0x6b, 0xad, 0x6b, 0x9a, 0x53, 0x90, 0x01, 
	0x90, 0x01, 0x90, 0x01, 0x9a, 0x53, 0xad, 0x6b, 
	0xad, 0x6b, 0xad, 0x6b, 0xad, 0x6b, 0xad, 0x6b, 
	0xad, 0x6b, 0x9b, 0x5b, 0x90, 0x01, 0x90, 0x01, 
	0x90, 0x01, 0x99, 0x09, 0xad, 0x29, 0xad, 0x6b, 
	0xad, 0x6b, 0xad, 0x6b, 0xad, 0x6b, 0xad, 0x6b, 
	0xad, 0x6b, 0xad, 0x6b, 0xa4, 0x63, 0x90, 0x85, 
	
};

Gfx INTRO_SCREEN_tile_1_2_rgba16_aligner[] = {gsSPEndDisplayList()};
u8 INTRO_SCREEN_tile_1_2_rgba16[] = {
	0xad, 0x6b, 0xad, 0x6b, 0xad, 0x6b, 0xad, 0x6b, 
	0xad, 0x6b, 0xad, 0x6b, 0x9a, 0x53, 0x90, 0x01, 
	0x90, 0x01, 0x90, 0x01, 0x9a, 0x53, 0xad, 0x6b, 
	0xad, 0x6b, 0xad, 0x6b, 0xad, 0x6b, 0xad, 0x6b, 
	0xad, 0x6b, 0xa3, 0x9d, 0x90, 0x01, 0x90, 0x01, 
	0x90, 0x01, 0x99, 0x09, 0xad, 0x29, 0xad, 0x6b, 
	0xad, 0x6b, 0xad, 0x6b, 0xad, 0x6b, 0xad, 0x6b, 
	0xad, 0x6b, 0xad, 0x6b, 0x9b, 0x5b, 0x90, 0x01, 
	0xad, 0x6b, 0xad, 0x6b, 0xad, 0x6b, 0xad, 0x6b, 
	0xad, 0x6b, 0xad, 0x6b, 0x9a, 0x53, 0x90, 0x01, 
	0x90, 0x01, 0x90, 0x01, 0x9a, 0x53, 0xad, 0x6b, 
	0xad, 0x6b, 0xad, 0x6b, 0xad, 0x6b, 0xad, 0x6b, 
	0xad, 0x6b, 0x9b, 0x5b, 0x90, 0x01, 0x90, 0x01, 
	0x90, 0x01, 0x99, 0x09, 0xad, 0x29, 0xad, 0x6b, 
	0xad, 0x6b, 0xad, 0x6b, 0xad, 0x6b, 0xad, 0x6b, 
	0xad, 0x6b, 0xad, 0x6b, 0xa4, 0x63, 0x90, 0x85, 
	0xad, 0x6b, 0xad, 0x6b, 0xad, 0x6b, 0xad, 0x6b, 
	0xad, 0x6b, 0xad, 0x6b, 0x9a, 0x53, 0x90, 0x01, 
	0x90, 0x01, 0x90, 0x01, 0x9a, 0x53, 0xad, 0x29, 
	0xad, 0x6b, 0xad, 0x6b, 0xad, 0x6b, 0xad, 0x6b, 
	0xad, 0x6b, 0x9b, 0x5b, 0x90, 0x01, 0x90, 0x01, 
	0x90, 0x01, 0x99, 0x09, 0xad, 0x29, 0xad, 0x6b, 
	0xad, 0x6b, 0xad, 0x6b, 0xad, 0x6b, 0xad, 0x6b, 
	0xad, 0x6b, 0xad, 0x6b, 0xac, 0xe7, 0x99, 0x09, 
	0xad, 0x6b, 0xad, 0x6b, 0xad, 0x6b, 0xad, 0x6b, 
	0xad, 0x6b, 0xad, 0x29, 0x9a, 0x13, 0x90, 0x01, 
	0x90, 0x01, 0x90, 0x01, 0x9a, 0x53, 0xad, 0x29, 
	0xad, 0x6b, 0xad, 0x6b, 0xad, 0x6b, 0xad, 0x6b, 
	0xad, 0x6b, 0x9b, 0x5b, 0x90, 0x01, 0x90, 0x01, 
	0x90, 0x01, 0x99, 0x09, 0xa5, 0x29, 0xad, 0x6b, 
	0xad, 0x6b, 0xad, 0x6b, 0xad, 0x6b, 0xad, 0x6b, 
	0xad, 0x6b, 0xad, 0x6b, 0xad, 0x29, 0x99, 0x09, 
	0xad, 0x6b, 0xad, 0x6b, 0xad, 0x6b, 0xad, 0x6b, 
	0xad, 0x6b, 0xa5, 0x29, 0x9a, 0x11, 0x90, 0x01, 
	0x90, 0x01, 0x90, 0x01, 0x9a, 0x53, 0xa5, 0x29, 
	0xad, 0x6b, 0xa5, 0x6b, 0xa5, 0x29, 0xad, 0x2b, 
	0xad, 0x29, 0x9b, 0x5b, 0x90, 0x01, 0x90, 0x01, 
	0x90, 0x01, 0x99, 0x09, 0xa5, 0x29, 0xad, 0x6b, 
	0xad, 0x6b, 0xad, 0x6b, 0xad, 0x6b, 0xad, 0x6b, 
	0xad, 0x6b, 0xad, 0x6b, 0xa5, 0x29, 0x99, 0x09, 
	0xa5, 0x29, 0xa5, 0x29, 0xa5, 0x29, 0xa5, 0x29, 
	0xa5, 0x29, 0xa5, 0x29, 0x9a, 0x11, 0x90, 0x01, 
	0x90, 0x01, 0x90, 0x01, 0x9a, 0x53, 0xa5, 0x29, 
	0xa5, 0x29, 0xa5, 0x29, 0xa5, 0x29, 0xa5, 0x29, 
	0xa5, 0x29, 0x9b, 0x5b, 0x90, 0x01, 0x90, 0x01, 
	0x90, 0x01, 0x99, 0x09, 0xa5, 0x29, 0xa5, 0x29, 
	0xa5, 0x29, 0xa5, 0x29, 0xa5, 0x29, 0xa5, 0x29, 
	0xa5, 0x29, 0xa5, 0x2b, 0xa4, 0xe7, 0x99, 0x09, 
	0xa5, 0x29, 0xa5, 0x29, 0xa5, 0x29, 0xa5, 0x29, 
	0xa5, 0x29, 0xa5, 0x29, 0x9a, 0x11, 0x90, 0x01, 
	0x90, 0x01, 0x90, 0x01, 0x9a, 0x53, 0xa5, 0x29, 
	0xa5, 0x29, 0xa5, 0x29, 0xa5, 0x29, 0xa5, 0x29, 
	0xa5, 0x29, 0x9b, 0x5b, 0x90, 0x01, 0x90, 0x01, 
	0x90, 0x01, 0x99, 0x09, 0xa4, 0xe7, 0xa5, 0x29, 
	0xa5, 0x29, 0xa5, 0x29, 0xa5, 0x29, 0xa5, 0x29, 
	0xa5, 0x29, 0xa5, 0x29, 0xa4, 0xa5, 0x90, 0xc7, 
	0xa5, 0x29, 0xa5, 0x29, 0xa5, 0x29, 0xa5, 0x29, 
	0xa5, 0x29, 0xa5, 0x29, 0x9a, 0x11, 0x90, 0x01, 
	0x90, 0x01, 0x90, 0x01, 0x9a, 0x53, 0xa5, 0x29, 
	0xa5, 0x29, 0xa5, 0x29, 0xa5, 0x29, 0xa5, 0x29, 
	0xa5, 0x29, 0x9b, 0x5b, 0x90, 0x01, 0x90, 0x01, 
	0x90, 0x01, 0x99, 0x09, 0xa4, 0xe7, 0xa5, 0x29, 
	0xa5, 0x29, 0xa5, 0x29, 0xa5, 0x29, 0xa5, 0x29, 
	0xa5, 0x29, 0xa5, 0x29, 0x9b, 0xdf, 0x90, 0x43, 
	0xa5, 0x29, 0xa5, 0x29, 0xa5, 0x29, 0xa5, 0x29, 
	0xa5, 0x29, 0xa5, 0x29, 0x9a, 0x11, 0x90, 0x01, 
	0x90, 0x01, 0x90, 0x01, 0x9a, 0x11, 0xa5, 0x29, 
	0xa5, 0x29, 0xa5, 0x29, 0xa5, 0x29, 0xa5, 0x29, 
	0xa5, 0x29, 0x9b, 0x5b, 0x90, 0x01, 0x90, 0x01, 
	0x90, 0x01, 0x91, 0x09, 0xa4, 0xe7, 0xa5, 0x29, 
	0xa5, 0x29, 0xa5, 0x29, 0xa5, 0x29, 0xa5, 0x29, 
	0xa5, 0x29, 0xa5, 0x29, 0x9a, 0x95, 0x90, 0x01, 
	0xa5, 0x29, 0xa5, 0x29, 0xa5, 0x29, 0xa5, 0x29, 
	0xa5, 0x29, 0xa4, 0xe7, 0x9a, 0x11, 0x90, 0x01, 
	0x90, 0x01, 0x90, 0x01, 0x9a, 0x11, 0xa4, 0xe7, 
	0xa5, 0x29, 0xa5, 0x29, 0xa5, 0x29, 0xa5, 0x29, 
	0xa5, 0x29, 0x9b, 0x5b, 0x90, 0x01, 0x90, 0x01, 
	0x90, 0x01, 0x91, 0x09, 0xa4, 0xe7, 0xa5, 0x29, 
	0xa5, 0x29, 0xa5, 0x29, 0xa5, 0x29, 0xa5, 0x29, 
	0xa5, 0x29, 0x9b, 0xdf, 0x90, 0x85, 0x90, 0x01, 
	0xa5, 0x29, 0xa5, 0x29, 0xa5, 0x29, 0xa5, 0x29, 
	0xa5, 0x29, 0xa4, 0xe7, 0x9a, 0x11, 0x90, 0x01, 
	0x90, 0x01, 0x90, 0x01, 0x9a, 0x11, 0x9c, 0xe7, 
	0x9c, 0xe7, 0xa5, 0x29, 0xa5, 0x29, 0xa5, 0x29, 
	0xa5, 0x29, 0x9b, 0x5b, 0x90, 0x01, 0x90, 0x01, 
	0x90, 0x01, 0x91, 0x09, 0x9c, 0xe7, 0xa5, 0x29, 
	0xa5, 0x29, 0xa5, 0x29, 0xa5, 0x29, 0xa4, 0xe7, 
	0x9b, 0xdf, 0x99, 0x09, 0x90, 0x01, 0x90, 0x01, 
	0xa5, 0x29, 0xa5, 0x29, 0xa5, 0x29, 0x9c, 0xe7, 
	0x9c, 0xe7, 0x9c, 0xa5, 0x99, 0xcf, 0x90, 0x01, 
	0x90, 0x01, 0x90, 0x01, 0x99, 0xcf, 0x9c, 0xa5, 
	0x9c, 0xe7, 0x9c, 0xe7, 0xa5, 0x29, 0xa5, 0x29, 
	0x9c, 0xe7, 0x9b, 0x5b, 0x90, 0x01, 0x90, 0x01, 
	0x90, 0x01, 0x90, 0xc7, 0x9c, 0x21, 0x9c, 0x63, 
	0x9c, 0x21, 0x9c, 0x21, 0x9b, 0x5b, 0x9a, 0x11, 
	0x90, 0x85, 0x90, 0x01, 0x90, 0x01, 0x90, 0x01, 
	0xa4, 0xe7, 0x9c, 0xe7, 0x9c, 0xe7, 0x9c, 0xa5, 
	0x9b, 0x5b, 0x99, 0x8d, 0x90, 0x01, 0x90, 0x01, 
	0x90, 0x01, 0x90, 0x01, 0x90, 0x43, 0x99, 0x8d, 
	0x9b, 0x5b, 0x9c, 0xa5, 0x9c, 0xe7, 0x9d, 0x29, 
	0x9c, 0xe7, 0x9b, 0x5b, 0x90, 0x01, 0x90, 0x01, 
	0x90, 0x01, 0x90, 0x01, 0x90, 0x85, 0x90, 0x85, 
	0x90, 0x85, 0x90, 0x85, 0x90, 0x01, 0x90, 0x01, 
	0x90, 0x01, 0x90, 0x01, 0x90, 0x01, 0x90, 0x43, 
	0x9c, 0xe7, 0x9c, 0xe7, 0x9c, 0xe7, 0x9b, 0x5b, 
	0x90, 0x43, 0x90, 0x01, 0x90, 0x01, 0x90, 0x01, 
	0x90, 0x01, 0x90, 0x01, 0x90, 0x01, 0x90, 0x01, 
	0x90, 0x43, 0x9b, 0x5b, 0x9c, 0xe7, 0x9c, 0xe7, 
	0x9c, 0xe7, 0x9b, 0x19, 0x90, 0x01, 0x90, 0x01, 
	0x90, 0x01, 0x90, 0x01, 0x90, 0x01, 0x90, 0x01, 
	0x90, 0x01, 0x90, 0x01, 0x90, 0x01, 0x90, 0x01, 
	0x90, 0x01, 0x90, 0x01, 0x91, 0x09, 0x9b, 0x19, 
	0x9c, 0xe7, 0x9c, 0xe7, 0x9c, 0xe7, 0x9b, 0x5b, 
	0x90, 0x01, 0x90, 0x01, 0x90, 0x01, 0x90, 0x01, 
	0x90, 0x01, 0x90, 0x01, 0x90, 0x01, 0x90, 0x01, 
	0x90, 0x01, 0x9b, 0x5b, 0x9c, 0xe7, 0x9c, 0xe7, 
	0x9c, 0xe7, 0x9b, 0x19, 0x90, 0x01, 0x90, 0x01, 
	0x90, 0x01, 0x90, 0x01, 0x90, 0x01, 0x90, 0x01, 
	0x90, 0x01, 0x90, 0x01, 0x90, 0x43, 0x90, 0xc7, 
	0x91, 0x8d, 0x9b, 0x19, 0x9c, 0x63, 0x9c, 0xe7, 
	0x9c, 0xe7, 0x9c, 0xe7, 0x9c, 0xe7, 0x9b, 0xdf, 
	0x9b, 0x19, 0x9b, 0x19, 0x9b, 0x19, 0x9b, 0x19, 
	0x9b, 0x19, 0x9b, 0x19, 0x9b, 0x19, 0x9b, 0x19, 
	0x9b, 0x19, 0x9c, 0x21, 0x9c, 0xe7, 0x9c, 0xe7, 
	0x9c, 0xe7, 0x9b, 0xdf, 0x9b, 0x19, 0x9b, 0x19, 
	0x9b, 0x19, 0x9b, 0x19, 0x9b, 0x19, 0x9b, 0x19, 
	0x9b, 0x19, 0x9b, 0x5b, 0x9b, 0xdf, 0x9c, 0x21, 
	0x9c, 0xa5, 0x9c, 0xe7, 0x9c, 0xe7, 0x9c, 0xe7, 
	0x9c, 0xe7, 0x9c, 0xe7, 0x9c, 0xe7, 0x9c, 0xe7, 
	0x9c, 0xe7, 0x9c, 0xe7, 0x9c, 0xe7, 0x9c, 0xe7, 
	0x9c, 0xe7, 0x9c, 0xe7, 0x9c, 0xe7, 0x9c, 0xe7, 
	0x9c, 0xe7, 0x9c, 0xe7, 0x9c, 0xe7, 0x9c, 0xe7, 
	0x9c, 0xe7, 0x9c, 0xe7, 0x9c, 0xe7, 0x9c, 0xa5, 
	0x9c, 0xa5, 0x9c, 0xe5, 0x9c, 0xe7, 0x9c, 0xe7, 
	0x9c, 0xe7, 0x9c, 0xe7, 0x9c, 0xe7, 0x9c, 0xe7, 
	0x9c, 0xe7, 0x9c, 0xe7, 0x9c, 0xe7, 0x9c, 0xe7, 
	0x9c, 0xe7, 0x9c, 0xe7, 0x9c, 0xe7, 0x9c, 0xe7, 
	0x9c, 0xe7, 0x9c, 0xe7, 0x9c, 0xe7, 0x9c, 0xe7, 
	0x9c, 0xe7, 0x9c, 0xe7, 0x9c, 0xe7, 0x9c, 0xe7, 
	0x9c, 0xe7, 0x9c, 0xe7, 0x94, 0xe5, 0x9c, 0xe7, 
	0x94, 0xa5, 0x94, 0xa5, 0x94, 0xa5, 0x94, 0xa5, 
	0x94, 0xa5, 0x94, 0xa5, 0x94, 0xa5, 0x94, 0xa5, 
	0x9c, 0xe7, 0x9c, 0xe7, 0x9c, 0xe7, 0x9c, 0xe7, 
	0x9c, 0xe7, 0x9c, 0xe7, 0x9c, 0xe7, 0x9c, 0xe7, 
	0x9c, 0xa5, 0x9c, 0xe7, 0x94, 0xa5, 0x94, 0xa5, 
	0x94, 0xe5, 0x94, 0xa5, 0x94, 0xa5, 0x94, 0xa5, 
	0x94, 0xa5, 0x94, 0xa5, 0x94, 0xa5, 0x94, 0xa5, 
	0x94, 0xa5, 0x94, 0xa5, 0x94, 0xa5, 0x94, 0xa5, 
	0x94, 0xa5, 0x94, 0xa5, 0x94, 0xa5, 0x94, 0xa5, 
	0x94, 0xa5, 0x94, 0xa5, 0x94, 0xa5, 0x94, 0xa5, 
	0x94, 0xa5, 0x94, 0xa5, 0x94, 0xa5, 0x94, 0xa5, 
	0x94, 0xa5, 0x94, 0xe5, 0x9c, 0xe7, 0x9c, 0xe7, 
	0x94, 0xa5, 0x94, 0xa5, 0x94, 0xa5, 0x94, 0xa5, 
	0x94, 0xa5, 0x94, 0xa5, 0x94, 0xa5, 0x94, 0xa5, 
	0x94, 0xa5, 0x94, 0xa5, 0x94, 0xa5, 0x94, 0xa5, 
	0x94, 0xa5, 0x94, 0xa5, 0x94, 0xa5, 0x94, 0xa5, 
	0x94, 0xa5, 0x94, 0xa5, 0x94, 0xa5, 0x94, 0xa5, 
	0x94, 0xa5, 0x94, 0xa5, 0x94, 0xa5, 0x94, 0xa5, 
	0x94, 0xa5, 0x94, 0xa5, 0x94, 0xa5, 0x94, 0xa5, 
	0x94, 0xa5, 0x94, 0xa5, 0x94, 0xa5, 0x94, 0xa5, 
	0x94, 0xa5, 0x94, 0xa5, 0x94, 0xa5, 0x94, 0xa5, 
	0x94, 0xa5, 0x94, 0xa5, 0x94, 0xa5, 0x94, 0xa5, 
	0x94, 0xa5, 0x94, 0xa5, 0x94, 0xa5, 0x94, 0xa5, 
	0x94, 0xa5, 0x94, 0xa5, 0x94, 0xa5, 0x94, 0xa5, 
	0x94, 0xa5, 0x94, 0xa5, 0x94, 0xa5, 0x94, 0xa5, 
	0x94, 0xa5, 0x94, 0xa5, 0x94, 0xa5, 0x94, 0xa5, 
	0x94, 0xa5, 0x94, 0xa5, 0x94, 0xa5, 0x94, 0xa5, 
	0x94, 0xa5, 0x94, 0xa5, 0x94, 0xa5, 0x94, 0xa5, 
	0x94, 0xa5, 0x94, 0xa5, 0x94, 0xa5, 0x94, 0xa5, 
	0x94, 0xa5, 0x94, 0xa5, 0x94, 0xa5, 0x94, 0xa5, 
	0x94, 0xa5, 0x94, 0xa5, 0x94, 0xa5, 0x94, 0xa5, 
	0x94, 0xa5, 0x94, 0xa5, 0x94, 0xa5, 0x94, 0xa5, 
	0x94, 0xa5, 0x94, 0xa5, 0x94, 0xa5, 0x94, 0xa5, 
	0x94, 0xa5, 0x94, 0xa5, 0x94, 0xa5, 0x94, 0xa5, 
	0x94, 0xa5, 0x94, 0xa5, 0x94, 0xa5, 0x94, 0xa5, 
	0x94, 0xa5, 0x94, 0xa5, 0x94, 0xa5, 0x94, 0xa5, 
	0x94, 0xa5, 0x94, 0xa5, 0x94, 0xa5, 0x94, 0xa5, 
	0x94, 0xa5, 0x94, 0xa5, 0x94, 0xa5, 0x94, 0xa5, 
	0x94, 0xa5, 0x94, 0xa5, 0x94, 0xa5, 0x94, 0xa5, 
	0x94, 0xa5, 0x94, 0xa5, 0x94, 0xa5, 0x94, 0xa5, 
	0x94, 0xa5, 0x94, 0xa5, 0x94, 0xa5, 0x94, 0xa5, 
	0x94, 0xa5, 0x94, 0xa5, 0x94, 0xa5, 0x94, 0xa5, 
	0x94, 0xa5, 0x94, 0xa5, 0x94, 0xa5, 0x94, 0xa5, 
	0x94, 0xa5, 0x94, 0xa5, 0x94, 0xa5, 0x94, 0xa5, 
	0x94, 0xa5, 0x94, 0xa5, 0x94, 0xa5, 0x94, 0xa5, 
	0x94, 0xa5, 0x94, 0xa5, 0x94, 0xa5, 0x94, 0xa5, 
	0x94, 0xa5, 0x94, 0xa5, 0x94, 0xa5, 0x94, 0xa5, 
	0x94, 0xa5, 0x94, 0xa5, 0x94, 0xa5, 0x94, 0xa5, 
	0x94, 0xa5, 0x94, 0xa5, 0x94, 0xa5, 0x94, 0xa5, 
	0x94, 0xa5, 0x94, 0xa5, 0x94, 0xa5, 0x94, 0xa5, 
	0x94, 0xa5, 0x94, 0xa5, 0x94, 0xa5, 0x94, 0xa5, 
	0x94, 0xa5, 0x94, 0xa5, 0x94, 0xa5, 0x94, 0xa5, 
	0x8c, 0x63, 0x8c, 0x63, 0x8c, 0x63, 0x8c, 0x63, 
	0x8c, 0x63, 0x8c, 0x63, 0x8c, 0x63, 0x8c, 0x65, 
	0x94, 0x65, 0x94, 0xa5, 0x8c, 0x63, 0x8c, 0x63, 
	0x8c, 0x63, 0x8c, 0x63, 0x8c, 0x63, 0x8c, 0x63, 
	0x8c, 0x63, 0x8c, 0x63, 0x8c, 0x63, 0x8c, 0x63, 
	0x8c, 0x63, 0x8c, 0x63, 0x8c, 0x63, 0x8c, 0x63, 
	0x8c, 0x63, 0x8c, 0x65, 0x94, 0xa5, 0x94, 0xa5, 
	0x94, 0xa5, 0x94, 0xa5, 0x94, 0xa5, 0x94, 0xa5, 
	0x8c, 0x63, 0x8c, 0x63, 0x8c, 0x63, 0x8c, 0x63, 
	0x8c, 0x63, 0x8c, 0x63, 0x8c, 0x63, 0x8c, 0x63, 
	0x8c, 0x63, 0x8c, 0x63, 0x8c, 0x63, 0x8c, 0x63, 
	0x8c, 0x63, 0x8c, 0x63, 0x8c, 0x63, 0x8c, 0x63, 
	0x8c, 0x63, 0x8c, 0x63, 0x8c, 0x63, 0x8c, 0x63, 
	0x8c, 0x63, 0x8c, 0x63, 0x8c, 0x63, 0x8c, 0x63, 
	0x8c, 0x63, 0x8c, 0x63, 0x8c, 0x63, 0x8c, 0x63, 
	0x8c, 0x63, 0x94, 0xa5, 0x94, 0x65, 0x8c, 0x63, 
	0x8c, 0x63, 0x8c, 0x63, 0x8c, 0x63, 0x8c, 0x63, 
	0x8c, 0x63, 0x8c, 0x63, 0x8c, 0x63, 0x8c, 0x63, 
	0x8c, 0x63, 0x8c, 0x63, 0x8c, 0x63, 0x8c, 0x63, 
	0x8c, 0x63, 0x8c, 0x63, 0x8c, 0x63, 0x8c, 0x63, 
	0x8c, 0x63, 0x8c, 0x63, 0x8c, 0x63, 0x8c, 0x63, 
	0x8c, 0x63, 0x8c, 0x63, 0x8c, 0x63, 0x8c, 0x63, 
	0x8c, 0x63, 0x8c, 0x63, 0x8c, 0x63, 0x8c, 0x63, 
	0x8c, 0x63, 0x8c, 0x63, 0x8c, 0x63, 0x8c, 0x63, 
	0x8c, 0x63, 0x8c, 0x63, 0x8c, 0x63, 0x8c, 0x63, 
	0x8c, 0x63, 0x8c, 0x63, 0x8c, 0x63, 0x8c, 0x63, 
	0x8c, 0x63, 0x8c, 0x63, 0x8c, 0x63, 0x8c, 0x63, 
	0x8c, 0x63, 0x8c, 0x63, 0x8c, 0x63, 0x8c, 0x63, 
	0x8c, 0x63, 0x8c, 0x63, 0x8c, 0x63, 0x8c, 0x63, 
	0x8c, 0x63, 0x8c, 0x63, 0x8c, 0x63, 0x8c, 0x63, 
	0x8c, 0x63, 0x8c, 0x63, 0x8c, 0x63, 0x8c, 0x63, 
	0x8c, 0x63, 0x8c, 0x63, 0x8c, 0x63, 0x8c, 0x63, 
	0x8c, 0x63, 0x8c, 0x63, 0x8c, 0x63, 0x8c, 0x63, 
	0x8c, 0x63, 0x8c, 0x63, 0x8c, 0x63, 0x8c, 0x63, 
	0x8c, 0x63, 0x8c, 0x63, 0x8c, 0x63, 0x8c, 0x63, 
	0x8c, 0x63, 0x8c, 0x63, 0x8c, 0x63, 0x8c, 0x63, 
	0x8c, 0x63, 0x8c, 0x63, 0x8c, 0x63, 0x8c, 0x63, 
	0x8c, 0x63, 0x8c, 0x63, 0x8c, 0x63, 0x8c, 0x63, 
	0x8c, 0x63, 0x8c, 0x63, 0x8c, 0x63, 0x8c, 0x63, 
	0x8c, 0x63, 0x8c, 0x63, 0x8c, 0x63, 0x8c, 0x63, 
	0x84, 0x21, 0x84, 0x21, 0x84, 0x21, 0x84, 0x21, 
	0x8c, 0x63, 0x8c, 0x63, 0x8c, 0x63, 0x8c, 0x63, 
	0x8c, 0x63, 0x8c, 0x63, 0x8c, 0x63, 0x8c, 0x63, 
	0x8c, 0x63, 0x8c, 0x63, 0x8c, 0x63, 0x8c, 0x63, 
	0x8c, 0x63, 0x8c, 0x63, 0x8c, 0x63, 0x84, 0x21, 
	0x84, 0x21, 0x84, 0x21, 0x84, 0x21, 0x84, 0x21, 
	0x84, 0x21, 0x84, 0x21, 0x84, 0x21, 0x84, 0x21, 
	0x84, 0x21, 0x84, 0x21, 0x84, 0x21, 0x84, 0x21, 
	0x5a, 0xd7, 0x5a, 0xd7, 0x5a, 0xd7, 0x6b, 0x5b, 
	0x84, 0x21, 0x8c, 0x63, 0x8c, 0x63, 0x8c, 0x63, 
	0x8c, 0x63, 0x8c, 0x63, 0x8c, 0x63, 0x8c, 0x63, 
	0x8c, 0x63, 0x84, 0x21, 0x8c, 0x61, 0x8c, 0x63, 
	0x8c, 0x63, 0x8c, 0x63, 0x8c, 0x63, 0x7b, 0xdf, 
	0x5a, 0xd7, 0x5a, 0xd7, 0x5a, 0xd7, 0x5a, 0xd7, 
	0x5a, 0xd7, 0x5a, 0xd7, 0x5a, 0xd7, 0x5a, 0xd7, 
	0x5a, 0xd7, 0x5a, 0xd7, 0x5a, 0xd7, 0x5a, 0xd7, 
	0x5a, 0xd7, 0x5a, 0xd7, 0x5a, 0xd7, 0x63, 0x19, 
	0x7b, 0xdf, 0x84, 0x21, 0x84, 0x21, 0x84, 0x23, 
	0x8c, 0x63, 0x8c, 0x63, 0x8c, 0x63, 0x8c, 0x63, 
	0x84, 0x21, 0x84, 0x21, 0x8c, 0x63, 0x84, 0x21, 
	0x84, 0x21, 0x84, 0x21, 0x84, 0x21, 0x7b, 0xdf, 
	0x5a, 0xd7, 0x5a, 0xd7, 0x5a, 0xd7, 0x5a, 0xd7, 
	0x63, 0x19, 0x63, 0x19, 0x63, 0x19, 0x63, 0x19, 
	0x63, 0x19, 0x63, 0x19, 0x63, 0x19, 0x62, 0xd9, 
	
};

Gfx INTRO_SCREEN_tile_1_3_rgba16_aligner[] = {gsSPEndDisplayList()};
u8 INTRO_SCREEN_tile_1_3_rgba16[] = {
	0x5a, 0xd7, 0x5a, 0xd7, 0x5a, 0xd7, 0x6b, 0x5b, 
	0x84, 0x21, 0x8c, 0x63, 0x8c, 0x63, 0x8c, 0x63, 
	0x8c, 0x63, 0x8c, 0x63, 0x8c, 0x63, 0x8c, 0x63, 
	0x8c, 0x63, 0x84, 0x21, 0x8c, 0x61, 0x8c, 0x63, 
	0x8c, 0x63, 0x8c, 0x63, 0x8c, 0x63, 0x7b, 0xdf, 
	0x5a, 0xd7, 0x5a, 0xd7, 0x5a, 0xd7, 0x5a, 0xd7, 
	0x5a, 0xd7, 0x5a, 0xd7, 0x5a, 0xd7, 0x5a, 0xd7, 
	0x5a, 0xd7, 0x5a, 0xd7, 0x5a, 0xd7, 0x5a, 0xd7, 
	0x5a, 0xd7, 0x5a, 0xd7, 0x5a, 0xd7, 0x63, 0x19, 
	0x7b, 0xdf, 0x84, 0x21, 0x84, 0x21, 0x84, 0x23, 
	0x8c, 0x63, 0x8c, 0x63, 0x8c, 0x63, 0x8c, 0x63, 
	0x84, 0x21, 0x84, 0x21, 0x8c, 0x63, 0x84, 0x21, 
	0x84, 0x21, 0x84, 0x21, 0x84, 0x21, 0x7b, 0xdf, 
	0x5a, 0xd7, 0x5a, 0xd7, 0x5a, 0xd7, 0x5a, 0xd7, 
	0x63, 0x19, 0x63, 0x19, 0x63, 0x19, 0x63, 0x19, 
	0x63, 0x19, 0x63, 0x19, 0x63, 0x19, 0x62, 0xd9, 
	0x63, 0x19, 0x63, 0x19, 0x63, 0x19, 0x63, 0x19, 
	0x6b, 0x5b, 0x84, 0x21, 0x84, 0x21, 0x84, 0x21, 
	0x84, 0x21, 0x84, 0x21, 0x84, 0x21, 0x84, 0x21, 
	0x84, 0x21, 0x84, 0x21, 0x84, 0x21, 0x84, 0x21, 
	0x84, 0x21, 0x84, 0x21, 0x84, 0x21, 0x7b, 0xdf, 
	0x63, 0x19, 0x63, 0x19, 0x63, 0x19, 0x63, 0x19, 
	0x63, 0x19, 0x63, 0x19, 0x63, 0x19, 0x63, 0x19, 
	0x63, 0x19, 0x63, 0x19, 0x63, 0x19, 0x63, 0x19, 
	0x63, 0x19, 0x63, 0x19, 0x63, 0x19, 0x63, 0x19, 
	0x63, 0x19, 0x7b, 0xdf, 0x84, 0x21, 0x84, 0x21, 
	0x84, 0x21, 0x84, 0x21, 0x84, 0x21, 0x84, 0x21, 
	0x84, 0x21, 0x84, 0x21, 0x84, 0x21, 0x84, 0x21, 
	0x84, 0x21, 0x84, 0x21, 0x84, 0x21, 0x73, 0x9d, 
	0x63, 0x19, 0x63, 0x19, 0x63, 0x19, 0x63, 0x19, 
	0x63, 0x19, 0x63, 0x19, 0x6b, 0x5b, 0x6b, 0x5b, 
	0x6b, 0x5b, 0x6b, 0x5b, 0x6b, 0x5b, 0x6b, 0x5b, 
	0x63, 0x19, 0x63, 0x19, 0x63, 0x19, 0x63, 0x19, 
	0x63, 0x19, 0x6b, 0x5b, 0x84, 0x21, 0x84, 0x21, 
	0x84, 0x21, 0x84, 0x21, 0x84, 0x21, 0x84, 0x21, 
	0x84, 0x21, 0x84, 0x21, 0x84, 0x21, 0x84, 0x21, 
	0x84, 0x21, 0x84, 0x21, 0x84, 0x21, 0x73, 0x9d, 
	0x63, 0x19, 0x63, 0x19, 0x63, 0x19, 0x63, 0x19, 
	0x63, 0x19, 0x63, 0x19, 0x6b, 0x5b, 0x84, 0x21, 
	0x84, 0x21, 0x84, 0x21, 0x84, 0x21, 0x84, 0x21, 
	0x63, 0x19, 0x63, 0x19, 0x63, 0x19, 0x63, 0x19, 
	0x63, 0x19, 0x63, 0x19, 0x73, 0x9d, 0x84, 0x21, 
	0x84, 0x21, 0x84, 0x21, 0x84, 0x21, 0x84, 0x21, 
	0x84, 0x21, 0x84, 0x21, 0x84, 0x21, 0x84, 0x21, 
	0x84, 0x21, 0x84, 0x21, 0x84, 0x21, 0x73, 0x9d, 
	0x63, 0x19, 0x63, 0x19, 0x63, 0x19, 0x63, 0x19, 
	0x63, 0x19, 0x63, 0x19, 0x6b, 0x5b, 0x84, 0x21, 
	0x84, 0x21, 0x84, 0x21, 0x84, 0x21, 0x84, 0x21, 
	0x6b, 0x5b, 0x5a, 0xd7, 0x5a, 0xd7, 0x5a, 0xd7, 
	0x5a, 0xd7, 0x5a, 0xd7, 0x63, 0x19, 0x7b, 0xdf, 
	0x84, 0x21, 0x84, 0x21, 0x84, 0x21, 0x84, 0x21, 
	0x84, 0x21, 0x84, 0x21, 0x84, 0x21, 0x84, 0x21, 
	0x84, 0x21, 0x84, 0x21, 0x7b, 0xdf, 0x73, 0x9d, 
	0x5a, 0xd7, 0x5a, 0xd7, 0x5a, 0xd7, 0x5a, 0xd7, 
	0x5a, 0xd7, 0x5a, 0xd7, 0x6b, 0x5b, 0x7b, 0xdf, 
	0x7b, 0xdf, 0x84, 0x21, 0x84, 0x21, 0x84, 0x21, 
	0x7b, 0xdf, 0x5a, 0xd7, 0x52, 0x95, 0x52, 0x95, 
	0x52, 0x95, 0x52, 0x95, 0x52, 0x95, 0x6b, 0x5b, 
	0x7b, 0xdf, 0x7b, 0xdf, 0x7b, 0xdf, 0x7b, 0xdf, 
	0x7b, 0xdf, 0x7b, 0xdf, 0x7b, 0xdf, 0x7b, 0xdf, 
	0x7b, 0xdf, 0x7b, 0xdf, 0x7b, 0xdf, 0x6b, 0x5b, 
	0x52, 0x95, 0x52, 0x95, 0x52, 0x95, 0x52, 0x95, 
	0x52, 0x95, 0x52, 0x95, 0x63, 0x19, 0x7b, 0xdf, 
	0x7b, 0xdf, 0x7b, 0xdf, 0x84, 0x21, 0x84, 0x21, 
	0x7b, 0xdf, 0x63, 0x19, 0x52, 0x95, 0x52, 0x95, 
	0x52, 0x95, 0x52, 0x95, 0x52, 0x95, 0x52, 0x95, 
	0x7b, 0xdf, 0x7b, 0xdf, 0x7b, 0xdf, 0x7b, 0xdf, 
	0x7b, 0xdf, 0x7b, 0xdf, 0x7b, 0xdf, 0x7b, 0xdf, 
	0x7b, 0xdf, 0x7b, 0xdf, 0x7b, 0xdf, 0x6b, 0x5b, 
	0x52, 0x95, 0x52, 0x95, 0x4a, 0x53, 0x52, 0x55, 
	0x52, 0x95, 0x4a, 0x53, 0x5a, 0xd7, 0x73, 0x9d, 
	0x73, 0x9d, 0x73, 0x9d, 0x73, 0x9d, 0x73, 0x9d, 
	0x7b, 0xdf, 0x73, 0x9d, 0x4a, 0x53, 0x4a, 0x53, 
	0x4a, 0x53, 0x4a, 0x53, 0x4a, 0x53, 0x4a, 0x53, 
	0x63, 0x19, 0x7b, 0xdf, 0x7b, 0xdf, 0x7b, 0xdf, 
	0x7b, 0xdf, 0x7b, 0xdf, 0x7b, 0xdf, 0x7b, 0xdf, 
	0x7b, 0xdf, 0x7b, 0xdf, 0x7b, 0xdf, 0x6b, 0x5b, 
	0x4a, 0x53, 0x4a, 0x53, 0x4a, 0x53, 0x4a, 0x53, 
	0x42, 0x11, 0x42, 0x11, 0x4a, 0x53, 0x4a, 0x53, 
	0x4a, 0x53, 0x4a, 0x53, 0x4a, 0x53, 0x4a, 0x53, 
	0x7b, 0xdf, 0x7b, 0xdf, 0x5a, 0xd7, 0x39, 0xcf, 
	0x39, 0xcf, 0x39, 0xcf, 0x39, 0xcf, 0x39, 0xcf, 
	0x42, 0x11, 0x73, 0x9d, 0x7b, 0xdf, 0x7b, 0xdf, 
	0x7b, 0xdf, 0x7b, 0xdf, 0x7b, 0xdf, 0x7b, 0xdf, 
	0x7b, 0xdf, 0x7b, 0xdf, 0x7b, 0xdf, 0x63, 0x19, 
	0x39, 0xcf, 0x39, 0xcf, 0x39, 0xcf, 0x39, 0xcf, 
	0x39, 0xcf, 0x39, 0xcf, 0x39, 0xcf, 0x39, 0xcf, 
	0x39, 0xcf, 0x39, 0xcf, 0x39, 0xcf, 0x39, 0xcf, 
	0x7b, 0xdf, 0x7b, 0xdf, 0x6b, 0x5b, 0x39, 0xcf, 
	0x31, 0x8d, 0x31, 0x8d, 0x31, 0x8d, 0x31, 0x8d, 
	0x39, 0xcd, 0x5a, 0xd7, 0x7b, 0xdf, 0x7b, 0xdf, 
	0x7b, 0xdf, 0x7b, 0xdf, 0x7b, 0xdf, 0x7b, 0xdf, 
	0x7b, 0xdf, 0x7b, 0xdf, 0x7b, 0xdf, 0x63, 0x19, 
	0x39, 0xcf, 0x31, 0x8d, 0x31, 0x8d, 0x31, 0x8d, 
	0x31, 0x8d, 0x31, 0x8d, 0x31, 0x8d, 0x31, 0xcd, 
	0x31, 0x8f, 0x39, 0xcf, 0x39, 0xcf, 0x31, 0x8d, 
	0x73, 0x9d, 0x73, 0x9d, 0x73, 0x9d, 0x4a, 0x53, 
	0x39, 0xcf, 0x39, 0xcf, 0x39, 0xcf, 0x39, 0xcf, 
	0x39, 0xcf, 0x42, 0x11, 0x73, 0x9d, 0x7b, 0xdf, 
	0x7b, 0xdf, 0x7b, 0xdf, 0x7b, 0xdf, 0x7b, 0xdf, 
	0x7b, 0xdf, 0x7b, 0xdf, 0x7b, 0xdf, 0x63, 0x19, 
	0x39, 0xcf, 0x39, 0xcf, 0x39, 0xcf, 0x39, 0xcf, 
	0x39, 0xcf, 0x39, 0xcf, 0x4a, 0x53, 0x5a, 0xd7, 
	0x5a, 0xd7, 0x5a, 0xd7, 0x5a, 0xd7, 0x5a, 0xd7, 
	0x39, 0xcf, 0x39, 0xcf, 0x39, 0xcf, 0x39, 0xcf, 
	0x39, 0xcf, 0x39, 0xcf, 0x39, 0xcf, 0x39, 0xcf, 
	0x39, 0xcf, 0x39, 0xcf, 0x5a, 0x95, 0x73, 0x9d, 
	0x73, 0x9d, 0x73, 0x9d, 0x73, 0x9d, 0x73, 0x9d, 
	0x73, 0x9d, 0x73, 0x9d, 0x73, 0x9d, 0x63, 0x19, 
	0x39, 0xcf, 0x39, 0xcf, 0x39, 0xcf, 0x39, 0xcf, 
	0x39, 0xcf, 0x39, 0xcf, 0x52, 0x95, 0x73, 0x9d, 
	0x73, 0x9d, 0x73, 0x9d, 0x73, 0x9d, 0x73, 0x9d, 
	0x39, 0xcf, 0x39, 0xcf, 0x39, 0xcf, 0x39, 0xcf, 
	0x39, 0xcf, 0x39, 0xcf, 0x39, 0xcf, 0x39, 0xcf, 
	0x39, 0xcf, 0x39, 0xcf, 0x39, 0xcf, 0x6b, 0x5b, 
	0x73, 0x9d, 0x73, 0x9d, 0x73, 0x9d, 0x73, 0x9d, 
	0x73, 0x9d, 0x73, 0x9d, 0x73, 0x9d, 0x63, 0x19, 
	0x39, 0xcf, 0x39, 0xcf, 0x39, 0xcf, 0x39, 0xcf, 
	0x39, 0xcf, 0x39, 0xcf, 0x52, 0x95, 0x73, 0x9d, 
	0x73, 0x9d, 0x73, 0x9d, 0x73, 0x9d, 0x73, 0x9d, 
	0x39, 0xcf, 0x39, 0xcf, 0x39, 0xcf, 0x39, 0xcf, 
	0x39, 0xcf, 0x39, 0xcf, 0x39, 0xcf, 0x39, 0xcf, 
	0x39, 0xcf, 0x39, 0xcf, 0x39, 0xcf, 0x52, 0x95, 
	0x73, 0x9d, 0x73, 0x9d, 0x73, 0x9d, 0x73, 0x9d, 
	0x73, 0x9d, 0x73, 0x9d, 0x73, 0x9d, 0x63, 0x19, 
	0x39, 0xcf, 0x39, 0xcf, 0x39, 0xcf, 0x39, 0xcf, 
	0x39, 0xcf, 0x39, 0xcf, 0x52, 0x95, 0x73, 0x9d, 
	0x73, 0x9d, 0x73, 0x9d, 0x73, 0x9d, 0x73, 0x9d, 
	0x42, 0x11, 0x42, 0x11, 0x42, 0x11, 0x42, 0x11, 
	0x42, 0x11, 0x39, 0xcf, 0x39, 0xcf, 0x39, 0xcf, 
	0x39, 0xcf, 0x39, 0xcf, 0x39, 0xcf, 0x39, 0xcf, 
	0x6b, 0x5b, 0x73, 0x9d, 0x73, 0x9d, 0x73, 0x9d, 
	0x73, 0x9d, 0x73, 0x9d, 0x73, 0x9d, 0x63, 0x19, 
	0x39, 0xcf, 0x39, 0xcf, 0x39, 0xcf, 0x39, 0xcf, 
	0x39, 0xcf, 0x39, 0xcf, 0x52, 0x95, 0x73, 0x9d, 
	0x73, 0x9d, 0x73, 0x9d, 0x73, 0x9d, 0x73, 0x9d, 
	0x73, 0x9d, 0x73, 0x9d, 0x73, 0x9d, 0x73, 0x9d, 
	0x6b, 0x5b, 0x5a, 0xd7, 0x39, 0xcf, 0x39, 0xcf, 
	0x39, 0xcf, 0x39, 0xcf, 0x39, 0xcf, 0x39, 0xcf, 
	0x52, 0x93, 0x73, 0x9d, 0x73, 0x9d, 0x73, 0x9d, 
	0x73, 0x9d, 0x73, 0x9d, 0x73, 0x9d, 0x63, 0x19, 
	0x39, 0xcf, 0x39, 0xcf, 0x39, 0xcf, 0x39, 0xcf, 
	0x39, 0xcf, 0x39, 0xcf, 0x52, 0x95, 0x73, 0x9d, 
	0x73, 0x9d, 0x73, 0x9d, 0x73, 0x9d, 0x73, 0x9d, 
	0x73, 0x9d, 0x73, 0x9d, 0x73, 0x9d, 0x73, 0x9d, 
	0x73, 0x9d, 0x6b, 0x5b, 0x42, 0x11, 0x39, 0xcf, 
	0x39, 0xcf, 0x39, 0xcf, 0x39, 0xcf, 0x39, 0xcf, 
	0x39, 0xcf, 0x63, 0x19, 0x73, 0x9d, 0x73, 0x9d, 
	0x73, 0x9d, 0x73, 0x9d, 0x73, 0x9d, 0x5a, 0xd7, 
	0x39, 0xcf, 0x39, 0xcf, 0x39, 0xcf, 0x39, 0xcf, 
	0x39, 0xcf, 0x39, 0xcf, 0x42, 0x11, 0x52, 0x95, 
	0x52, 0x95, 0x52, 0x95, 0x52, 0x95, 0x52, 0x95, 
	0x73, 0x9d, 0x73, 0x9d, 0x73, 0x9d, 0x73, 0x9d, 
	0x73, 0x9d, 0x6b, 0x5b, 0x52, 0x95, 0x39, 0xcf, 
	0x39, 0xcf, 0x39, 0xcf, 0x39, 0xcf, 0x39, 0xcf, 
	0x39, 0xcf, 0x4a, 0x53, 0x6b, 0x5b, 0x73, 0x9d, 
	0x73, 0x5d, 0x6b, 0x5b, 0x6b, 0x5b, 0x5a, 0xd7, 
	0x39, 0xcf, 0x39, 0xcf, 0x39, 0xcf, 0x39, 0xcf, 
	0x39, 0xcf, 0x39, 0xcf, 0x39, 0xcf, 0x39, 0xcf, 
	0x39, 0xcf, 0x39, 0xcf, 0x39, 0xcf, 0x39, 0xcf, 
	0x6b, 0x5b, 0x6b, 0x5b, 0x6b, 0x5b, 0x6b, 0x5b, 
	0x6b, 0x5b, 0x6b, 0x5b, 0x63, 0x19, 0x39, 0xcf, 
	0x31, 0x8d, 0x31, 0x8d, 0x31, 0x8d, 0x31, 0x8d, 
	0x31, 0x8d, 0x39, 0xcf, 0x63, 0x19, 0x73, 0x5b, 
	0x6b, 0x5b, 0x6b, 0x5b, 0x6b, 0x5b, 0x5a, 0xd7, 
	0x31, 0x8d, 0x31, 0x8d, 0x39, 0xcf, 0x39, 0xcf, 
	0x39, 0xcf, 0x39, 0xcf, 0x31, 0x8d, 0x31, 0x8d, 
	0x31, 0x8d, 0x31, 0x8f, 0x39, 0xcf, 0x31, 0x8d, 
	0x6b, 0x5b, 0x6b, 0x5b, 0x6b, 0x5b, 0x6b, 0x5b, 
	0x6b, 0x5b, 0x6b, 0x5b, 0x6b, 0x5b, 0x4a, 0x53, 
	0x31, 0x8d, 0x31, 0x8d, 0x31, 0x8d, 0x31, 0x8d, 
	0x31, 0x8d, 0x31, 0x8d, 0x42, 0x11, 0x6b, 0x5b, 
	0x6b, 0x5b, 0x6b, 0x5b, 0x6b, 0x5b, 0x5a, 0xd7, 
	0x31, 0x8d, 0x31, 0x8d, 0x31, 0x8d, 0x31, 0x8d, 
	0x31, 0x8d, 0x31, 0x8d, 0x31, 0x8d, 0x31, 0x8d, 
	0x31, 0x8d, 0x31, 0x8d, 0x31, 0x8d, 0x31, 0x8d, 
	0x6b, 0x5b, 0x6b, 0x5b, 0x6b, 0x5b, 0x6b, 0x5b, 
	0x6b, 0x5b, 0x6b, 0x5b, 0x6b, 0x5b, 0x63, 0x19, 
	0x63, 0x19, 0x63, 0x19, 0x63, 0x19, 0x63, 0x19, 
	0x62, 0xd9, 0x63, 0x19, 0x63, 0x19, 0x6b, 0x5b, 
	0x6b, 0x5b, 0x6b, 0x5b, 0x6b, 0x5b, 0x6b, 0x5b, 
	0x63, 0x19, 0x63, 0x19, 0x63, 0x19, 0x63, 0x19, 
	0x63, 0x19, 0x63, 0x19, 0x63, 0x19, 0x63, 0x19, 
	0x63, 0x19, 0x63, 0x19, 0x63, 0x19, 0x63, 0x19, 
	0x6b, 0x5b, 0x6b, 0x5b, 0x6b, 0x5b, 0x6b, 0x5b, 
	0x6b, 0x5b, 0x6b, 0x5b, 0x6b, 0x5b, 0x6b, 0x5b, 
	0x6b, 0x5b, 0x6b, 0x5b, 0x6b, 0x5b, 0x6b, 0x5b, 
	0x6b, 0x5b, 0x6b, 0x5b, 0x6b, 0x5b, 0x6b, 0x5b, 
	0x6b, 0x5b, 0x6b, 0x5b, 0x6b, 0x5b, 0x6b, 0x5b, 
	0x6b, 0x5b, 0x6b, 0x5b, 0x6b, 0x5b, 0x6b, 0x5b, 
	0x6b, 0x5b, 0x6b, 0x5b, 0x6b, 0x5b, 0x6b, 0x5b, 
	0x6b, 0x5b, 0x6b, 0x5b, 0x6b, 0x5b, 0x6b, 0x5b, 
	0x6b, 0x5b, 0x6b, 0x5b, 0x6b, 0x5b, 0x6b, 0x5b, 
	0x6b, 0x5b, 0x6b, 0x5b, 0x6b, 0x5b, 0x6b, 0x5b, 
	0x6b, 0x5b, 0x6b, 0x5b, 0x6b, 0x5b, 0x6b, 0x5b, 
	0x6b, 0x5b, 0x6b, 0x5b, 0x6b, 0x5b, 0x6b, 0x5b, 
	0x6b, 0x5b, 0x6b, 0x5b, 0x6b, 0x5b, 0x6b, 0x5b, 
	0x6b, 0x5b, 0x6b, 0x5b, 0x6b, 0x5b, 0x6b, 0x5b, 
	0x6b, 0x5b, 0x6b, 0x5b, 0x6b, 0x5b, 0x6b, 0x5b, 
	0x6b, 0x5b, 0x6b, 0x5b, 0x6b, 0x5b, 0x6b, 0x5b, 
	0x6b, 0x5b, 0x6b, 0x5b, 0x6b, 0x5b, 0x6b, 0x5b, 
	0x6b, 0x5b, 0x6b, 0x5b, 0x6b, 0x5b, 0x6b, 0x5b, 
	0x6b, 0x5b, 0x6b, 0x5b, 0x6b, 0x5b, 0x6b, 0x5b, 
	0x6b, 0x5b, 0x6b, 0x5b, 0x6b, 0x5b, 0x6b, 0x5b, 
	0x6b, 0x5b, 0x6b, 0x5b, 0x6b, 0x5b, 0x6b, 0x5b, 
	0x6b, 0x5b, 0x6b, 0x5b, 0x6b, 0x5b, 0x6b, 0x5b, 
	0x6b, 0x5b, 0x6b, 0x5b, 0x6b, 0x5b, 0x6b, 0x5b, 
	0x6b, 0x5b, 0x6b, 0x5b, 0x6b, 0x5b, 0x6b, 0x5b, 
	0x6b, 0x5b, 0x6b, 0x5b, 0x6b, 0x5b, 0x6b, 0x5b, 
	0x6b, 0x5b, 0x6b, 0x5b, 0x6b, 0x19, 0x63, 0x19, 
	0x63, 0x19, 0x63, 0x19, 0x63, 0x19, 0x63, 0x19, 
	0x63, 0x19, 0x6b, 0x5b, 0x6b, 0x5b, 0x6b, 0x5b, 
	0x6b, 0x5b, 0x6b, 0x5b, 0x6b, 0x5b, 0x6b, 0x5b, 
	0x6b, 0x5b, 0x6b, 0x5b, 0x6b, 0x5b, 0x6b, 0x5b, 
	0x6b, 0x5b, 0x6b, 0x5b, 0x6b, 0x5b, 0x6b, 0x5b, 
	0x6b, 0x5b, 0x6b, 0x5b, 0x6b, 0x5b, 0x6b, 0x5b, 
	0x63, 0x19, 0x63, 0x19, 0x63, 0x19, 0x63, 0x19, 
	0x63, 0x19, 0x63, 0x19, 0x63, 0x19, 0x63, 0x19, 
	0x63, 0x19, 0x63, 0x19, 0x63, 0x19, 0x63, 0x19, 
	0x63, 0x19, 0x63, 0x19, 0x63, 0x19, 0x6b, 0x5b, 
	0x6b, 0x5b, 0x6b, 0x5b, 0x6b, 0x59, 0x63, 0x19, 
	0x63, 0x19, 0x63, 0x19, 0x6b, 0x5b, 0x63, 0x19, 
	0x63, 0x19, 0x63, 0x19, 0x63, 0x19, 0x63, 0x19, 
	0x63, 0x19, 0x63, 0x19, 0x6b, 0x5b, 0x63, 0x1b, 
	0x63, 0x19, 0x63, 0x19, 0x63, 0x19, 0x63, 0x19, 
	0x63, 0x19, 0x63, 0x19, 0x63, 0x19, 0x63, 0x19, 
	0x63, 0x19, 0x63, 0x19, 0x63, 0x19, 0x63, 0x19, 
	0x63, 0x19, 0x63, 0x19, 0x63, 0x19, 0x63, 0x19, 
	0x63, 0x19, 0x63, 0x19, 0x63, 0x19, 0x63, 0x19, 
	0x63, 0x19, 0x63, 0x19, 0x63, 0x19, 0x63, 0x19, 
	0x63, 0x19, 0x63, 0x19, 0x63, 0x19, 0x63, 0x19, 
	0x63, 0x19, 0x63, 0x19, 0x63, 0x19, 0x63, 0x19, 
	0x63, 0x19, 0x63, 0x19, 0x63, 0x19, 0x63, 0x19, 
	0x63, 0x19, 0x63, 0x19, 0x63, 0x19, 0x63, 0x19, 
	0x63, 0x19, 0x63, 0x19, 0x63, 0x19, 0x63, 0x19, 
	0x63, 0x19, 0x63, 0x19, 0x63, 0x19, 0x63, 0x19, 
	0x63, 0x19, 0x63, 0x19, 0x63, 0x19, 0x63, 0x19, 
	0x63, 0x19, 0x63, 0x19, 0x63, 0x19, 0x63, 0x19, 
	0x63, 0x19, 0x63, 0x19, 0x63, 0x19, 0x63, 0x19, 
	0x63, 0x19, 0x63, 0x19, 0x63, 0x19, 0x63, 0x19, 
	0x63, 0x19, 0x63, 0x19, 0x63, 0x19, 0x63, 0x19, 
	0x63, 0x19, 0x63, 0x19, 0x63, 0x19, 0x63, 0x19, 
	0x63, 0x19, 0x63, 0x19, 0x63, 0x19, 0x63, 0x19, 
	0x63, 0x19, 0x63, 0x19, 0x63, 0x19, 0x63, 0x19, 
	0x63, 0x19, 0x63, 0x19, 0x63, 0x19, 0x63, 0x19, 
	0x63, 0x19, 0x63, 0x19, 0x63, 0x19, 0x63, 0x19, 
	0x63, 0x19, 0x63, 0x19, 0x63, 0x19, 0x63, 0x19, 
	0x63, 0x19, 0x63, 0x19, 0x63, 0x19, 0x63, 0x19, 
	0x63, 0x19, 0x63, 0x19, 0x63, 0x19, 0x63, 0x19, 
	0x63, 0x19, 0x63, 0x19, 0x63, 0x19, 0x63, 0x19, 
	0x63, 0x19, 0x63, 0x19, 0x63, 0x19, 0x63, 0x19, 
	0x63, 0x19, 0x63, 0x19, 0x63, 0x19, 0x63, 0x19, 
	0x63, 0x19, 0x63, 0x19, 0x63, 0x19, 0x63, 0x19, 
	0x63, 0x19, 0x63, 0x19, 0x63, 0x19, 0x63, 0x19, 
	0x63, 0x19, 0x63, 0x19, 0x63, 0x19, 0x63, 0x19, 
	0x63, 0x19, 0x63, 0x19, 0x63, 0x19, 0x63, 0x19, 
	
};

Gfx INTRO_SCREEN_tile_2_0_rgba16_aligner[] = {gsSPEndDisplayList()};
u8 INTRO_SCREEN_tile_2_0_rgba16[] = {
	0xff, 0xff, 0xff, 0xff, 0xff, 0xff, 0xff, 0xff, 
	0xff, 0xff, 0xff, 0xff, 0xff, 0xff, 0xff, 0xff, 
	0xff, 0xff, 0xff, 0xff, 0xff, 0xff, 0xff, 0xff, 
	0xff, 0xff, 0xff, 0xff, 0xf7, 0xfd, 0xf7, 0xbd, 
	0xf7, 0xbd, 0xf7, 0xbd, 0xf7, 0xbd, 0xf7, 0xbd, 
	0xff, 0xff, 0xff, 0xff, 0xff, 0xff, 0xff, 0xff, 
	0xff, 0xff, 0xff, 0xff, 0xff, 0xff, 0xff, 0xff, 
	0xf7, 0xbd, 0xf7, 0xbd, 0xff, 0xbf, 0xff, 0xff, 
	0xff, 0xff, 0xff, 0xff, 0xff, 0xff, 0xff, 0xff, 
	0xff, 0xff, 0xff, 0xff, 0xff, 0xff, 0xff, 0xff, 
	0xff, 0xff, 0xff, 0xff, 0xff, 0xff, 0xff, 0xff, 
	0xff, 0xff, 0xff, 0xff, 0xf7, 0xfd, 0xf7, 0xbd, 
	0xf7, 0xbd, 0xf7, 0xbd, 0xf7, 0xbd, 0xf7, 0xbd, 
	0xff, 0xff, 0xff, 0xff, 0xff, 0xff, 0xff, 0xff, 
	0xff, 0xff, 0xff, 0xff, 0xff, 0xff, 0xff, 0xff, 
	0xf7, 0xbd, 0xf7, 0xbd, 0xff, 0xbf, 0xff, 0xff, 
	0xf7, 0xbd, 0xf7, 0xbd, 0xf7, 0xbd, 0xf7, 0xbd, 
	0xf7, 0xbd, 0xf7, 0xbd, 0xf7, 0xbd, 0xf7, 0xbd, 
	0xf7, 0xbd, 0xf7, 0xbd, 0xf7, 0xbd, 0xf7, 0xbd, 
	0xf7, 0xbd, 0xf7, 0xbd, 0xf7, 0xbd, 0xf7, 0xbd, 
	0xf7, 0xbd, 0xf7, 0xbd, 0xf7, 0xbd, 0xf7, 0xbd, 
	0xf7, 0xbd, 0xf7, 0xbd, 0xf7, 0xbd, 0xf7, 0xbd, 
	0xf7, 0xbd, 0xf7, 0xbd, 0xf7, 0xbd, 0xf7, 0xbd, 
	0xf7, 0xbd, 0xf7, 0xbd, 0xf7, 0xbd, 0xf7, 0xbd, 
	0xf7, 0xbd, 0xf7, 0xbd, 0xf7, 0xbd, 0xf7, 0xbd, 
	0xf7, 0xbd, 0xf7, 0xbd, 0xf7, 0xbd, 0xf7, 0xbd, 
	0xf7, 0xbd, 0xf7, 0xbd, 0xf7, 0xbd, 0xf7, 0xbd, 
	0xf7, 0xbd, 0xf7, 0xbd, 0xf7, 0xbd, 0xf7, 0xbd, 
	0xf7, 0xbd, 0xf7, 0xbd, 0xf7, 0xbd, 0xf7, 0xbd, 
	0xf7, 0xbd, 0xf7, 0xbd, 0xf7, 0xbd, 0xf7, 0xbd, 
	0xf7, 0xbd, 0xf7, 0xbd, 0xf7, 0xbd, 0xf7, 0xbd, 
	0xf7, 0xbd, 0xf7, 0xbd, 0xf7, 0xbd, 0xf7, 0xbd, 
	0xf7, 0xbd, 0xf7, 0xbd, 0xf7, 0xbd, 0xf7, 0xbd, 
	0xf7, 0xbd, 0xf7, 0xbd, 0xf7, 0xbd, 0xf7, 0xbd, 
	0xf7, 0xbd, 0xf7, 0xbd, 0xf7, 0xbd, 0xf7, 0xbd, 
	0xf7, 0xbd, 0xf7, 0xbd, 0xf7, 0xbd, 0xf7, 0xbd, 
	0xf7, 0xbd, 0xf7, 0xbd, 0xf7, 0xbd, 0xf7, 0xbd, 
	0xf7, 0xbd, 0xf7, 0xbd, 0xf7, 0xbd, 0xf7, 0xbd, 
	0xf7, 0xbd, 0xf7, 0xbd, 0xf7, 0xbd, 0xf7, 0xbd, 
	0xf7, 0xbd, 0xf7, 0xbd, 0xf7, 0xbd, 0xf7, 0xbd, 
	0xf7, 0xbd, 0xf7, 0xbd, 0xf7, 0xbd, 0xf7, 0xbd, 
	0xf7, 0xbd, 0xf7, 0xbd, 0xf7, 0xbd, 0xf7, 0xbd, 
	0xf7, 0xbd, 0xf7, 0xbd, 0xf7, 0xbd, 0xf7, 0xbd, 
	0xf7, 0xbd, 0xf7, 0xbd, 0xf7, 0xbd, 0xf7, 0xbd, 
	0xf7, 0xbd, 0xf7, 0xbd, 0xf7, 0xbd, 0xf7, 0xbd, 
	0xf7, 0xbd, 0xf7, 0xbd, 0xf7, 0xbd, 0xf7, 0xbd, 
	0xf7, 0xbd, 0xf7, 0xbd, 0xf7, 0xbd, 0xf7, 0xbd, 
	0xf7, 0xbd, 0xf7, 0xbd, 0xf7, 0xbd, 0xf7, 0xbd, 
	0xf7, 0xbd, 0xf7, 0xbd, 0xf7, 0xbd, 0xf7, 0xbd, 
	0xf7, 0xbd, 0xf7, 0xbd, 0xf7, 0xbd, 0xf7, 0xbd, 
	0xf7, 0xbd, 0xf7, 0xbd, 0xf7, 0xbd, 0xf7, 0xbd, 
	0xf7, 0xbd, 0xf7, 0xbd, 0xf7, 0xbd, 0xf7, 0xbd, 
	0xf7, 0xbd, 0xf7, 0xbd, 0xf7, 0xbd, 0xf7, 0xbd, 
	0xf7, 0xbd, 0xf7, 0xbd, 0xf7, 0xbd, 0xf7, 0xbd, 
	0xf7, 0xbd, 0xf7, 0xbd, 0xf7, 0xbd, 0xf7, 0xbd, 
	0xf7, 0xbd, 0xf7, 0xbd, 0xf7, 0xbd, 0xf7, 0xbd, 
	0xf7, 0xbd, 0xf7, 0xbd, 0xf7, 0xbd, 0xf7, 0xbd, 
	0xf7, 0xbd, 0xf7, 0xbd, 0xf7, 0xbd, 0xf7, 0xbd, 
	0xf7, 0xbd, 0xf7, 0xbd, 0xf7, 0xbd, 0xf7, 0xbd, 
	0xf7, 0xbd, 0xf7, 0xbd, 0xf7, 0xbd, 0xf7, 0xbd, 
	0xf7, 0xbd, 0xf7, 0xbd, 0xf7, 0xbd, 0xf7, 0xbd, 
	0xf7, 0xbd, 0xf7, 0xbd, 0xf7, 0xbd, 0xf7, 0xbd, 
	0xf7, 0xbd, 0xf7, 0xbd, 0xf7, 0xbd, 0xf7, 0xbd, 
	0xf7, 0xbd, 0xf7, 0xbd, 0xf7, 0xbd, 0xf7, 0xbd, 
	0xef, 0x7b, 0xef, 0x7b, 0xef, 0x7b, 0xef, 0x7b, 
	0xef, 0x7b, 0xef, 0x7b, 0xef, 0x7b, 0xef, 0x7b, 
	0xef, 0x7b, 0xef, 0x7b, 0xef, 0x7b, 0xef, 0x7b, 
	0xef, 0x7b, 0xef, 0x7b, 0xef, 0x7b, 0xef, 0x7b, 
	0xef, 0x7b, 0xef, 0x7b, 0xef, 0x7b, 0xf7, 0x7b, 
	0xef, 0x7b, 0xf7, 0xbd, 0xef, 0x7b, 0xef, 0xbd, 
	0xf7, 0xbd, 0xf7, 0xbd, 0xef, 0x7b, 0xef, 0x7b, 
	0xef, 0x7b, 0xef, 0x7b, 0xef, 0x7b, 0xf7, 0xbd, 
	0xef, 0x7b, 0xef, 0x7b, 0xef, 0x7b, 0xef, 0x7b, 
	0xef, 0x7b, 0xef, 0x7b, 0xef, 0x7b, 0xef, 0x7b, 
	0xef, 0x7b, 0xef, 0x7b, 0xef, 0x7b, 0xef, 0x7b, 
	0xef, 0x7b, 0xef, 0x7b, 0xef, 0x7b, 0xef, 0x7b, 
	0xef, 0x7b, 0xef, 0x7b, 0xef, 0x7b, 0xef, 0x7b, 
	0xef, 0x7b, 0xef, 0x7b, 0xef, 0x7b, 0xef, 0x7b, 
	0xef, 0x7b, 0xef, 0x7b, 0xef, 0x7b, 0xef, 0x7b, 
	0xef, 0x7b, 0xef, 0x7b, 0xef, 0x7b, 0xef, 0x7b, 
	0xef, 0x7b, 0xef, 0x7b, 0xef, 0x7b, 0xef, 0x7b, 
	0xef, 0x7b, 0xef, 0x7b, 0xef, 0x7b, 0xef, 0x7b, 
	0xef, 0x7b, 0xef, 0x7b, 0xef, 0x7b, 0xef, 0x7b, 
	0xef, 0x7b, 0xef, 0x7b, 0xef, 0x7b, 0xef, 0x7b, 
	0xef, 0x7b, 0xef, 0x7b, 0xef, 0x7b, 0xef, 0x7b, 
	0xef, 0x7b, 0xef, 0x7b, 0xef, 0x7b, 0xef, 0x7b, 
	0xef, 0x7b, 0xef, 0x7b, 0xef, 0x7b, 0xef, 0x7b, 
	0xef, 0x7b, 0xef, 0x7b, 0xef, 0x7b, 0xef, 0x7b, 
	0xef, 0x7b, 0xef, 0x7b, 0xef, 0x7b, 0xef, 0x7b, 
	0xef, 0x7b, 0xef, 0x7b, 0xef, 0x7b, 0xef, 0x7b, 
	0xef, 0x7b, 0xef, 0x7b, 0xef, 0x7b, 0xef, 0x7b, 
	0xef, 0x7b, 0xef, 0x7b, 0xef, 0x7b, 0xef, 0x7b, 
	0xef, 0x7b, 0xef, 0x7b, 0xef, 0x7b, 0xef, 0x7b, 
	0xef, 0x7b, 0xef, 0x7b, 0xef, 0x7b, 0xef, 0x7b, 
	0xef, 0x7b, 0xef, 0x7b, 0xef, 0x7b, 0xef, 0x7b, 
	0xef, 0x7b, 0xef, 0x7b, 0xef, 0x7b, 0xef, 0x7b, 
	0x94, 0xa5, 0x94, 0xa5, 0x94, 0xa5, 0xa5, 0x29, 
	0xe7, 0x39, 0xef, 0x7b, 0xef, 0x7b, 0xef, 0x7b, 
	0xef, 0x7b, 0xef, 0x7b, 0xef, 0x7b, 0xc5, 0xf1, 
	0x94, 0xa5, 0x94, 0xa5, 0x94, 0xa5, 0x94, 0xa5, 
	0xb5, 0xad, 0xe7, 0x39, 0x94, 0xa5, 0x94, 0xa5, 
	0x94, 0xa5, 0x94, 0xa5, 0x94, 0xa5, 0x94, 0xa5, 
	0x94, 0xa5, 0x94, 0xa5, 0x94, 0xa5, 0x94, 0xa5, 
	0xd6, 0xb5, 0xe7, 0x39, 0x94, 0xa5, 0x94, 0xa5, 
	0x00, 0x01, 0x00, 0x01, 0x00, 0x01, 0x63, 0x19, 
	0xe7, 0x39, 0xef, 0x7b, 0xef, 0x7b, 0xef, 0x7b, 
	0xef, 0x7b, 0xef, 0x7b, 0xce, 0x73, 0x42, 0x11, 
	0x00, 0x01, 0x00, 0x01, 0x00, 0x01, 0x52, 0x95, 
	0xd6, 0xb5, 0xe7, 0x39, 0x42, 0x11, 0x00, 0x01, 
	0x00, 0x01, 0x00, 0x01, 0x00, 0x01, 0x00, 0x01, 
	0x00, 0x01, 0x00, 0x01, 0x00, 0x01, 0x21, 0x09, 
	0xce, 0x73, 0xde, 0xf7, 0x31, 0x8d, 0x00, 0x01, 
	0x00, 0x01, 0x00, 0x01, 0x00, 0x01, 0x63, 0x19, 
	0xe7, 0x39, 0xe7, 0x39, 0xe7, 0x39, 0xe7, 0x39, 
	0xe7, 0x39, 0xde, 0xf7, 0x63, 0x19, 0x00, 0x01, 
	0x00, 0x01, 0x00, 0x01, 0x31, 0x8d, 0xc6, 0x31, 
	0xe7, 0x7b, 0xe7, 0x39, 0x4a, 0x53, 0x08, 0x43, 
	0x00, 0x01, 0x00, 0x01, 0x00, 0x01, 0x00, 0x01, 
	0x00, 0x01, 0x00, 0x01, 0x00, 0x01, 0x31, 0x8d, 
	0xce, 0x73, 0xde, 0xf7, 0x31, 0x8d, 0x00, 0x01, 
	0x00, 0x01, 0x00, 0x01, 0x00, 0x01, 0x63, 0x19, 
	0xe7, 0x39, 0xe7, 0x39, 0xe7, 0x39, 0xe7, 0x39, 
	0xe7, 0x39, 0x84, 0x21, 0x08, 0x43, 0x00, 0x01, 
	0x00, 0x01, 0x18, 0xc7, 0xad, 0x6b, 0xe7, 0x39, 
	0xe7, 0x39, 0xe7, 0x39, 0xce, 0x73, 0x94, 0xa5, 
	0x39, 0xcf, 0x00, 0x01, 0x00, 0x01, 0x00, 0x01, 
	0x00, 0x01, 0x21, 0x09, 0x7b, 0xdf, 0xbd, 0xef, 
	0xe7, 0x39, 0xde, 0xf7, 0x39, 0xcf, 0x21, 0x09, 
	0x00, 0x01, 0x00, 0x01, 0x00, 0x01, 0x63, 0x19, 
	0xe7, 0x39, 0xe7, 0x39, 0xe7, 0x39, 0xe7, 0x39, 
	0xa5, 0x27, 0x18, 0xc7, 0x00, 0x01, 0x00, 0x01, 
	0x08, 0x43, 0x8c, 0x63, 0xe7, 0x39, 0xe7, 0x39, 
	0xe7, 0x39, 0xe7, 0x39, 0xe7, 0x39, 0xe7, 0x39, 
	0xc6, 0x31, 0x21, 0x09, 0x00, 0x01, 0x00, 0x01, 
	0x00, 0x01, 0x9c, 0xe7, 0xe7, 0x39, 0xe7, 0x39, 
	0xe7, 0x39, 0xe7, 0x39, 0xce, 0x73, 0xce, 0x73, 
	0x00, 0x01, 0x00, 0x01, 0x00, 0x01, 0x63, 0x19, 
	0xe7, 0x39, 0xe7, 0x39, 0xe7, 0x39, 0xbd, 0xef, 
	0x29, 0x4b, 0x00, 0x01, 0x00, 0x01, 0x00, 0x01, 
	0x6b, 0x5b, 0xde, 0xf7, 0xe7, 0x39, 0xe7, 0x39, 
	0xe7, 0x39, 0xe7, 0x39, 0xe7, 0x39, 0xe7, 0x39, 
	0xd6, 0xb5, 0x29, 0x4b, 0x00, 0x01, 0x00, 0x01, 
	0x08, 0x43, 0xad, 0x6b, 0xe7, 0x39, 0xe7, 0x39, 
	0xe7, 0x39, 0xe7, 0x39, 0xe7, 0x39, 0xe7, 0x39, 
	0x00, 0x01, 0x00, 0x01, 0x00, 0x01, 0x63, 0x19, 
	0xde, 0xf7, 0xe7, 0x39, 0xce, 0x73, 0x42, 0x11, 
	0x00, 0x01, 0x00, 0x01, 0x00, 0x01, 0x4a, 0x53, 
	0xce, 0x73, 0xe7, 0x39, 0xe7, 0x39, 0xe7, 0x39, 
	0xe7, 0x39, 0xe7, 0x39, 0xe7, 0x39, 0xe7, 0x39, 
	0xce, 0x73, 0x29, 0x4b, 0x00, 0x01, 0x00, 0x01, 
	0x08, 0x43, 0xad, 0x6b, 0xe7, 0x39, 0xe7, 0x39, 
	0xe7, 0x39, 0xe7, 0x39, 0xe7, 0x39, 0xe7, 0x39, 
	0x00, 0x01, 0x00, 0x01, 0x00, 0x01, 0x63, 0x19, 
	0xde, 0xf7, 0xd6, 0xb5, 0x63, 0x19, 0x00, 0x01, 
	0x00, 0x01, 0x00, 0x01, 0x29, 0x4b, 0xbd, 0xef, 
	0xe7, 0x39, 0xe7, 0x39, 0xe7, 0x39, 0xe7, 0x39, 
	0xe7, 0x39, 0xe7, 0x39, 0xe7, 0x39, 0xe7, 0x39, 
	0xce, 0x73, 0x29, 0x4b, 0x00, 0x01, 0x00, 0x01, 
	0x08, 0x43, 0xa5, 0x29, 0xe7, 0x39, 0xe7, 0x39, 
	0xe7, 0x39, 0xe7, 0x39, 0xe7, 0x39, 0xe7, 0x39, 
	0x00, 0x01, 0x00, 0x01, 0x00, 0x01, 0x63, 0x19, 
	0xde, 0xf7, 0x8c, 0x63, 0x08, 0x43, 0x00, 0x01, 
	0x00, 0x01, 0x18, 0xc7, 0x9c, 0xe7, 0xde, 0xf7, 
	0xe7, 0x39, 0xe7, 0x39, 0xe7, 0x39, 0xde, 0xf9, 
	0xde, 0xf9, 0xde, 0xf7, 0xde, 0xf7, 0xe7, 0x39, 
	0xce, 0x73, 0x29, 0x4b, 0x00, 0x01, 0x00, 0x01, 
	0x08, 0x43, 0xa5, 0x29, 0xe7, 0x39, 0xe6, 0xf7, 
	0xe7, 0x39, 0xe7, 0x39, 0xde, 0xf7, 0xdf, 0x39, 
	0x00, 0x01, 0x00, 0x01, 0x00, 0x01, 0x5a, 0xd7, 
	0xad, 0x6b, 0x21, 0x09, 0x00, 0x01, 0x00, 0x01, 
	0x00, 0x01, 0x7b, 0xdf, 0xde, 0xf7, 0xde, 0xf7, 
	0xde, 0xf7, 0xde, 0xf7, 0xde, 0xf7, 0xde, 0xf7, 
	0xde, 0xf7, 0xde, 0xf7, 0xde, 0xf7, 0xde, 0xf7, 
	0xce, 0x73, 0x29, 0x4b, 0x00, 0x01, 0x00, 0x01, 
	0x08, 0x43, 0xa5, 0x29, 0xde, 0xf7, 0xde, 0xf7, 
	0xde, 0xf7, 0xde, 0xf7, 0xde, 0xf7, 0xde, 0xf7, 
	0x00, 0x01, 0x00, 0x01, 0x00, 0x01, 0x31, 0x8d, 
	0x39, 0xcf, 0x00, 0x01, 0x00, 0x01, 0x00, 0x01, 
	0x10, 0x85, 0xa5, 0x29, 0xde, 0xf7, 0xde, 0xf7, 
	0xde, 0xf7, 0xde, 0xf7, 0xde, 0xf7, 0xde, 0xf7, 
	0xde, 0xf7, 0xde, 0xf7, 0xde, 0xf7, 0xde, 0xf7, 
	0xce, 0x73, 0x29, 0x4b, 0x00, 0x01, 0x00, 0x01, 
	0x08, 0x43, 0xa5, 0x29, 0xde, 0xf7, 0xde, 0xf7, 
	0xde, 0xf7, 0xde, 0xf7, 0xde, 0xf7, 0xde, 0xf7, 
	0x00, 0x01, 0x00, 0x01, 0x00, 0x01, 0x00, 0x01, 
	0x00, 0x01, 0x00, 0x01, 0x00, 0x01, 0x00, 0x01, 
	0x00, 0x01, 0x4a, 0x53, 0xce, 0x73, 0xde, 0xf7, 
	0xde, 0xf7, 0xde, 0xf7, 0xde, 0xf7, 0xde, 0xf7, 
	0xde, 0xf7, 0xde, 0xf7, 0xde, 0xf7, 0xde, 0xf7, 
	0xce, 0x73, 0x29, 0x4b, 0x00, 0x01, 0x00, 0x01, 
	0x08, 0x43, 0xa5, 0x29, 0xde, 0xf7, 0xde, 0xf7, 
	0xde, 0xf7, 0xde, 0xf7, 0xde, 0xf7, 0xde, 0xf7, 
	0x00, 0x01, 0x00, 0x01, 0x00, 0x01, 0x00, 0x01, 
	0x00, 0x01, 0x10, 0x85, 0x00, 0x01, 0x00, 0x01, 
	0x00, 0x01, 0x08, 0x43, 0x8c, 0x61, 0xde, 0xf7, 
	0xde, 0xf7, 0xde, 0xf7, 0xde, 0xf7, 0xde, 0xf7, 
	0xde, 0xf7, 0xde, 0xf7, 0xde, 0xf7, 0xde, 0xf7, 
	0xce, 0x71, 0x29, 0x4b, 0x00, 0x01, 0x00, 0x01, 
	0x08, 0x43, 0xa5, 0x29, 0xde, 0xf7, 0xde, 0xf7, 
	0xde, 0xf7, 0xde, 0xf7, 0xde, 0xf7, 0xde, 0xf7, 
	0x00, 0x01, 0x00, 0x01, 0x00, 0x01, 0x00, 0x01, 
	0x39, 0xcf, 0x9c, 0xe7, 0x52, 0x95, 0x00, 0x01, 
	0x00, 0x01, 0x00, 0x01, 0x21, 0x09, 0xb5, 0xad, 
	0xde, 0xf7, 0xde, 0xf7, 0xde, 0xf7, 0xde, 0xf7, 
	0xde, 0xf7, 0xde, 0xf7, 0xde, 0xf7, 0xde, 0xf7, 
	0xc6, 0x31, 0x29, 0x4b, 0x00, 0x01, 0x00, 0x01, 
	0x08, 0x43, 0xa5, 0x29, 0xde, 0xf7, 0xde, 0xf7, 
	0xde, 0xf7, 0xde, 0xf7, 0xde, 0xf7, 0xde, 0xf7, 
	0x00, 0x01, 0x00, 0x01, 0x00, 0x01, 0x42, 0x11, 
	0xbd, 0xef, 0xd6, 0xb5, 0xb5, 0xad, 0x21, 0x09, 
	0x00, 0x01, 0x00, 0x01, 0x00, 0x01, 0x5a, 0xd7, 
	0xce, 0x73, 0xde, 0xf7, 0xde, 0xf7, 0xde, 0xf7, 
	0xde, 0xf7, 0xde, 0xf7, 0xde, 0xf7, 0xde, 0xf7, 
	0xc6, 0x31, 0x29, 0x4b, 0x00, 0x01, 0x00, 0x01, 
	0x08, 0x43, 0xa5, 0x29, 0xde, 0xf7, 0xde, 0xf7, 
	0xde, 0xf7, 0xde, 0xf7, 0xde, 0xf7, 0xde, 0xf7, 
	0x00, 0x01, 0x00, 0x01, 0x00, 0x01, 0x5a, 0xd7, 
	0xd6, 0xb5, 0xd6, 0xb5, 0xd6, 0xb5, 0x7b, 0xdf, 
	0x00, 0x01, 0x00, 0x01, 0x00, 0x01, 0x08, 0x43, 
	0x94, 0xa5, 0xd6, 0xb5, 0xd6, 0xb5, 0xd6, 0xb5, 
	0xd6, 0xb5, 0xd6, 0xb5, 0xd6, 0xb5, 0xd6, 0xb5, 
	0xc6, 0x31, 0x29, 0x4b, 0x00, 0x01, 0x00, 0x01, 
	0x00, 0x43, 0x9c, 0xe9, 0xde, 0xb7, 0xde, 0xf7, 
	0xde, 0xf7, 0xd6, 0xb5, 0xd6, 0xb5, 0xde, 0xf7, 
	0x00, 0x01, 0x00, 0x01, 0x00, 0x01, 0x5a, 0xd7, 
	0xd6, 0xb5, 0xd6, 0xb5, 0xd6, 0xb5, 0xc6, 0x31, 
	0x39, 0xcf, 0x00, 0x01, 0x00, 0x01, 0x00, 0x01, 
	0x31, 0x8d, 0xbd, 0xef, 0xd6, 0xb5, 0xd6, 0xb5, 
	0xd6, 0xb5, 0xd6, 0xb5, 0xd6, 0xb5, 0xd6, 0xb5, 
	0xc6, 0x31, 0x29, 0x4b, 0x00, 0x01, 0x00, 0x01, 
	0x00, 0x01, 0x9c, 0xe7, 0xd6, 0xb5, 0xd6, 0xb5, 
	0xd6, 0xb5, 0xd6, 0xb5, 0xd6, 0xb5, 0xd6, 0xb5, 
	0x00, 0x01, 0x00, 0x01, 0x00, 0x01, 0x5a, 0xd7, 
	0xd6, 0xb5, 0xd6, 0xb5, 0xd6, 0xb5, 0xd6, 0xb5, 
	0x9c, 0xe7, 0x10, 0x85, 0x00, 0x01, 0x00, 0x01, 
	0x00, 0x01, 0x6b, 0x5b, 0xce, 0x73, 0xd6, 0xb5, 
	0xd6, 0xb5, 0xd6, 0xb5, 0xd6, 0xb5, 0xd6, 0xb5, 
	0xc6, 0x31, 0x29, 0x4b, 0x00, 0x01, 0x00, 0x01, 
	0x00, 0x01, 0x9c, 0xe7, 0xd6, 0xb5, 0xd6, 0xb5, 
	0xd6, 0xb5, 0xd6, 0xb5, 0xd6, 0xb5, 0xd6, 0xb5, 
	0x00, 0x01, 0x00, 0x01, 0x00, 0x01, 0x5a, 0xd7, 
	0xd6, 0x75, 0xd6, 0xb5, 0xd6, 0xb5, 0xd6, 0xb5, 
	0xce, 0x73, 0x63, 0x19, 0x00, 0x01, 0x00, 0x01, 
	0x00, 0x01, 0x10, 0x85, 0x9c, 0xe7, 0xd6, 0xb5, 
	0xd6, 0xb5, 0xd6, 0xb5, 0xd6, 0xb5, 0xd6, 0xb5, 
	0xb5, 0xad, 0x21, 0x09, 0x00, 0x01, 0x00, 0x01, 
	0x00, 0x01, 0x8c, 0x63, 0xce, 0x73, 0xd6, 0xb5, 
	0xd6, 0xb5, 0xd6, 0xb5, 0xd6, 0xb5, 0xd6, 0xb5, 
	0x00, 0x01, 0x00, 0x01, 0x00, 0x01, 0x5a, 0xd7, 
	0xce, 0x73, 0xd6, 0xb5, 0xd6, 0xb5, 0xd6, 0xb5, 
	0xd6, 0xb5, 0xb5, 0xad, 0x29, 0x4b, 0x00, 0x01, 
	0x00, 0x01, 0x00, 0x01, 0x42, 0x11, 0xc5, 0xef, 
	0xd6, 0xb5, 0xd6, 0xb5, 0xb5, 0xad, 0x7b, 0xdf, 
	0x31, 0x8d, 0x00, 0x01, 0x00, 0x01, 0x00, 0x01, 
	0x00, 0x01, 0x18, 0xc7, 0x63, 0x19, 0xa5, 0x29, 
	0xce, 0x73, 0xd6, 0xb5, 0xd6, 0xb5, 0xd6, 0xb5, 
	
};

Gfx INTRO_SCREEN_tile_2_1_rgba16_aligner[] = {gsSPEndDisplayList()};
u8 INTRO_SCREEN_tile_2_1_rgba16[] = {
	0x00, 0x01, 0x00, 0x01, 0x00, 0x01, 0x5a, 0xd7, 
	0xd6, 0x75, 0xd6, 0xb5, 0xd6, 0xb5, 0xd6, 0xb5, 
	0xce, 0x73, 0x63, 0x19, 0x00, 0x01, 0x00, 0x01, 
	0x00, 0x01, 0x10, 0x85, 0x9c, 0xe7, 0xd6, 0xb5, 
	0xd6, 0xb5, 0xd6, 0xb5, 0xd6, 0xb5, 0xd6, 0xb5, 
	0xb5, 0xad, 0x21, 0x09, 0x00, 0x01, 0x00, 0x01, 
	0x00, 0x01, 0x8c, 0x63, 0xce, 0x73, 0xd6, 0xb5, 
	0xd6, 0xb5, 0xd6, 0xb5, 0xd6, 0xb5, 0xd6, 0xb5, 
	0x00, 0x01, 0x00, 0x01, 0x00, 0x01, 0x5a, 0xd7, 
	0xce, 0x73, 0xd6, 0xb5, 0xd6, 0xb5, 0xd6, 0xb5, 
	0xd6, 0xb5, 0xb5, 0xad, 0x29, 0x4b, 0x00, 0x01, 
	0x00, 0x01, 0x00, 0x01, 0x42, 0x11, 0xc5, 0xef, 
	0xd6, 0xb5, 0xd6, 0xb5, 0xb5, 0xad, 0x7b, 0xdf, 
	0x31, 0x8d, 0x00, 0x01, 0x00, 0x01, 0x00, 0x01, 
	0x00, 0x01, 0x18, 0xc7, 0x63, 0x19, 0xa5, 0x29, 
	0xce, 0x73, 0xd6, 0xb5, 0xd6, 0xb5, 0xd6, 0xb5, 
	0x00, 0x01, 0x00, 0x01, 0x00, 0x01, 0x5a, 0xd7, 
	0xce, 0x73, 0xd6, 0xb5, 0xd6, 0xb5, 0xd6, 0xb5, 
	0xd6, 0xb5, 0xce, 0xb3, 0x8c, 0x63, 0x08, 0x43, 
	0x00, 0x01, 0x00, 0x01, 0x00, 0x01, 0x7b, 0xdf, 
	0xce, 0x73, 0xce, 0x73, 0x42, 0x11, 0x00, 0x01, 
	0x00, 0x01, 0x00, 0x01, 0x00, 0x01, 0x00, 0x01, 
	0x00, 0x01, 0x00, 0x01, 0x00, 0x01, 0x29, 0x4b, 
	0xb5, 0xad, 0xd6, 0xb5, 0xd6, 0xb5, 0xd6, 0xb5, 
	0x00, 0x01, 0x00, 0x01, 0x00, 0x01, 0x5a, 0xd7, 
	0xce, 0x73, 0xce, 0x73, 0xce, 0xb5, 0xd6, 0xb5, 
	0xd6, 0xb5, 0xd6, 0xb5, 0xc6, 0x31, 0x4a, 0x53, 
	0x00, 0x01, 0x00, 0x01, 0x00, 0x01, 0x21, 0x09, 
	0xad, 0x6b, 0xce, 0x73, 0x39, 0xcf, 0x00, 0x01, 
	0x00, 0x01, 0x00, 0x01, 0x00, 0x01, 0x00, 0x01, 
	0x00, 0x01, 0x00, 0x01, 0x00, 0x01, 0x21, 0x09, 
	0xb5, 0xad, 0xce, 0x73, 0xce, 0x73, 0xce, 0x73, 
	0x84, 0x21, 0x84, 0x21, 0x84, 0x21, 0x94, 0xa5, 
	0xce, 0x73, 0xce, 0x73, 0xce, 0x73, 0xce, 0x73, 
	0xce, 0x73, 0xce, 0x73, 0xce, 0x73, 0xad, 0x6b, 
	0x84, 0x21, 0x84, 0x21, 0x84, 0x21, 0x84, 0x21, 
	0x94, 0xa5, 0xce, 0x73, 0x8c, 0x63, 0x84, 0x21, 
	0x84, 0x21, 0x84, 0x21, 0x84, 0x21, 0x84, 0x21, 
	0x84, 0x21, 0x84, 0x21, 0x84, 0x21, 0x8c, 0x63, 
	0xbd, 0xef, 0xce, 0x73, 0xce, 0x73, 0xce, 0x73, 
	0xce, 0x73, 0xce, 0x73, 0xce, 0x73, 0xce, 0x73, 
	0xce, 0x73, 0xce, 0x73, 0xce, 0x73, 0xce, 0x73, 
	0xce, 0x73, 0xce, 0x73, 0xce, 0x73, 0xce, 0x73, 
	0xce, 0x73, 0xce, 0x73, 0xce, 0x73, 0xce, 0x73, 
	0xce, 0x73, 0xce, 0x73, 0xce, 0x73, 0xce, 0x73, 
	0xce, 0x73, 0xce, 0x73, 0xce, 0x73, 0xce, 0x73, 
	0xce, 0x73, 0xce, 0x73, 0xce, 0x73, 0xce, 0x73, 
	0xce, 0x73, 0xce, 0x73, 0xce, 0x73, 0xce, 0x73, 
	0xce, 0x73, 0xce, 0x73, 0xce, 0x73, 0xce, 0x73, 
	0xce, 0x73, 0xce, 0x73, 0xce, 0x73, 0xce, 0x73, 
	0xce, 0x73, 0xce, 0x73, 0xce, 0x73, 0xce, 0x73, 
	0xce, 0x73, 0xce, 0x73, 0xce, 0x73, 0xce, 0x73, 
	0xce, 0x73, 0xce, 0x73, 0xce, 0x73, 0xce, 0x73, 
	0xce, 0x73, 0xce, 0x73, 0xce, 0x73, 0xce, 0x73, 
	0xce, 0x73, 0xce, 0x73, 0xce, 0x73, 0xce, 0x73, 
	0xce, 0x73, 0xce, 0x73, 0xce, 0x73, 0xce, 0x73, 
	0xce, 0x73, 0xce, 0x73, 0xce, 0x73, 0xce, 0x73, 
	0xce, 0x73, 0xce, 0x73, 0xce, 0x73, 0xce, 0x73, 
	0xce, 0x73, 0xce, 0x73, 0xce, 0x73, 0xce, 0x73, 
	0xce, 0x73, 0xce, 0x73, 0xce, 0x73, 0xce, 0x73, 
	0xce, 0x73, 0xce, 0x73, 0xce, 0x73, 0xce, 0x73, 
	0xce, 0x73, 0xce, 0x73, 0xce, 0x73, 0xce, 0x73, 
	0xce, 0x73, 0xce, 0x73, 0xce, 0x73, 0xce, 0x73, 
	0xce, 0x73, 0xce, 0x73, 0xce, 0x73, 0xce, 0x73, 
	0xce, 0x73, 0xce, 0x73, 0xce, 0x73, 0xce, 0x73, 
	0xce, 0x73, 0xce, 0x73, 0xce, 0x73, 0xce, 0x73, 
	0xce, 0x73, 0xce, 0x73, 0xce, 0x73, 0xce, 0x73, 
	0xce, 0x73, 0xce, 0x73, 0xce, 0x73, 0xce, 0x73, 
	0xce, 0x73, 0xce, 0x73, 0xce, 0x73, 0xce, 0x73, 
	0xce, 0x73, 0xce, 0x73, 0xce, 0x73, 0xce, 0x73, 
	0xce, 0x73, 0xce, 0x73, 0xce, 0x73, 0xce, 0x73, 
	0xce, 0x73, 0xce, 0x73, 0xce, 0x73, 0xce, 0x73, 
	0xc6, 0x31, 0xc6, 0x31, 0xce, 0x73, 0xce, 0x73, 
	0xc6, 0x33, 0xc6, 0x31, 0xc6, 0x31, 0xc6, 0x31, 
	0xc6, 0x31, 0xc6, 0x31, 0xc6, 0x31, 0xc6, 0x31, 
	0xc6, 0x31, 0xc6, 0x31, 0xc6, 0x31, 0xc6, 0x31, 
	0xc6, 0x31, 0xc6, 0x31, 0xc6, 0x31, 0xc6, 0x31, 
	0xc6, 0x31, 0xc6, 0x31, 0xc6, 0x31, 0xc6, 0x31, 
	0xc6, 0x31, 0xc6, 0x31, 0xc6, 0x31, 0xc6, 0x31, 
	0xc6, 0x31, 0xc6, 0x31, 0xc6, 0x31, 0xc6, 0x31, 
	0xc6, 0x31, 0xc6, 0x31, 0xc6, 0x31, 0xc6, 0x31, 
	0xc6, 0x31, 0xc6, 0x31, 0xc6, 0x31, 0xc6, 0x31, 
	0xc6, 0x31, 0xc6, 0x31, 0xc6, 0x31, 0xc6, 0x31, 
	0xc6, 0x31, 0xc6, 0x31, 0xc6, 0x31, 0xc6, 0x31, 
	0xc6, 0x31, 0xc6, 0x31, 0xc6, 0x31, 0xc6, 0x31, 
	0xc6, 0x31, 0xc6, 0x31, 0xc6, 0x31, 0xc6, 0x31, 
	0xc6, 0x31, 0xc6, 0x31, 0xc6, 0x31, 0xc6, 0x31, 
	0xc6, 0x31, 0xc6, 0x31, 0xc6, 0x31, 0xc6, 0x31, 
	0xc6, 0x31, 0xc6, 0x31, 0xc6, 0x31, 0xc6, 0x31, 
	0xc6, 0x31, 0xc6, 0x31, 0xc6, 0x31, 0xc6, 0x31, 
	0xc6, 0x31, 0xc6, 0x31, 0xc6, 0x31, 0xc6, 0x31, 
	0xc6, 0x31, 0xc6, 0x31, 0xc6, 0x31, 0xc6, 0x31, 
	0xc6, 0x31, 0xc6, 0x31, 0xc6, 0x31, 0xc6, 0x31, 
	0xc6, 0x31, 0xc6, 0x31, 0xc6, 0x31, 0xc6, 0x31, 
	0xc6, 0x31, 0xc6, 0x31, 0xc6, 0x31, 0xc6, 0x31, 
	0xc6, 0x31, 0xc6, 0x31, 0xc6, 0x31, 0xc6, 0x31, 
	0xc6, 0x31, 0xc6, 0x31, 0xc6, 0x31, 0xc6, 0x31, 
	0xc6, 0x31, 0xc6, 0x31, 0xc6, 0x31, 0xc6, 0x31, 
	0xc6, 0x31, 0xc6, 0x31, 0xc6, 0x31, 0xc6, 0x31, 
	0xc6, 0x31, 0xc6, 0x31, 0xc6, 0x31, 0xc6, 0x31, 
	0xc6, 0x31, 0xc6, 0x31, 0xc6, 0x31, 0xc6, 0x31, 
	0xc6, 0x31, 0xc6, 0x31, 0xc6, 0x31, 0xc6, 0x31, 
	0xc6, 0x31, 0xc6, 0x31, 0xc6, 0x31, 0xc6, 0x31, 
	0xc6, 0x31, 0xc6, 0x31, 0xc6, 0x31, 0xc6, 0x31, 
	0xc6, 0x31, 0xc6, 0x31, 0xc6, 0x31, 0xc6, 0x31, 
	0xc6, 0x31, 0xc6, 0x31, 0xc6, 0x31, 0xc6, 0x31, 
	0xc6, 0x31, 0xc6, 0x31, 0xc6, 0x31, 0xc6, 0x31, 
	0xc6, 0x31, 0xc6, 0x31, 0xc6, 0x31, 0xc6, 0x31, 
	0xc6, 0x31, 0xc6, 0x31, 0xc6, 0x31, 0xc6, 0x31, 
	0xc6, 0x31, 0xc6, 0x31, 0xc6, 0x31, 0xc6, 0x31, 
	0xc6, 0x31, 0xc6, 0x31, 0xc6, 0x31, 0xc6, 0x31, 
	0xc6, 0x31, 0xc6, 0x31, 0xc6, 0x31, 0xc6, 0x31, 
	0xc6, 0x31, 0xc6, 0x31, 0xc6, 0x31, 0xc6, 0x31, 
	0xc6, 0x31, 0xc6, 0x31, 0xc6, 0x31, 0xc6, 0x31, 
	0xc6, 0x31, 0xc6, 0x31, 0xc6, 0x31, 0xc6, 0x31, 
	0xc6, 0x31, 0xc6, 0x31, 0xc6, 0x31, 0xc6, 0x31, 
	0xc6, 0x31, 0xc6, 0x31, 0xc6, 0x31, 0xc6, 0x31, 
	0xc6, 0x31, 0xc6, 0x31, 0xc6, 0x31, 0xc6, 0x31, 
	0xc6, 0x31, 0xc6, 0x31, 0xc6, 0x31, 0xc6, 0x31, 
	0xc6, 0x31, 0xc6, 0x31, 0xc6, 0x31, 0xc6, 0x31, 
	0xbd, 0xef, 0xbd, 0xef, 0xbd, 0xef, 0xbd, 0xef, 
	0xbd, 0xef, 0xbd, 0xef, 0xbd, 0xef, 0xbd, 0xef, 
	0xbd, 0xef, 0xbd, 0xef, 0xbd, 0xef, 0xbd, 0xef, 
	0xbd, 0xef, 0xbd, 0xef, 0xbd, 0xef, 0xbd, 0xef, 
	0xbd, 0xef, 0xbd, 0xef, 0xbd, 0xef, 0xbd, 0xef, 
	0xbd, 0xef, 0xbd, 0xef, 0xbd, 0xef, 0xbd, 0xf1, 
	0xbd, 0xef, 0xc6, 0x31, 0xc6, 0x31, 0xc6, 0x31, 
	0xc6, 0x31, 0xc6, 0x31, 0xc6, 0x31, 0xc6, 0x31, 
	0xbd, 0xef, 0xbd, 0xef, 0xbd, 0xef, 0xbd, 0xef, 
	0xbd, 0xef, 0xbd, 0xef, 0xbd, 0xef, 0xbd, 0xef, 
	0xbd, 0xef, 0xbd, 0xef, 0xbd, 0xef, 0xbd, 0xef, 
	0xbd, 0xef, 0xbd, 0xef, 0xbd, 0xef, 0xbd, 0xef, 
	0xbd, 0xef, 0xbd, 0xef, 0xbd, 0xef, 0xbd, 0xef, 
	0xbd, 0xef, 0xbd, 0xef, 0xbd, 0xef, 0xbd, 0xef, 
	0xbd, 0xef, 0xbd, 0xef, 0xbd, 0xef, 0xbd, 0xef, 
	0xbd, 0xef, 0xbd, 0xef, 0xbd, 0xef, 0xbd, 0xef, 
	0xbd, 0xef, 0xbd, 0xef, 0xbd, 0xef, 0xbd, 0xef, 
	0xbd, 0xef, 0xbd, 0xef, 0xbd, 0xef, 0xbd, 0xef, 
	0xbd, 0xef, 0xbd, 0xef, 0xbd, 0xef, 0xbd, 0xef, 
	0xbd, 0xef, 0xbd, 0xef, 0xbd, 0xef, 0xbd, 0xef, 
	0xbd, 0xef, 0xbd, 0xef, 0xbd, 0xef, 0xbd, 0xef, 
	0xbd, 0xef, 0xbd, 0xef, 0xbd, 0xef, 0xbd, 0xef, 
	0xbd, 0xef, 0xbd, 0xef, 0xbd, 0xef, 0xbd, 0xef, 
	0xbd, 0xef, 0xbd, 0xef, 0xbd, 0xef, 0xbd, 0xef, 
	0xbd, 0xef, 0xbd, 0xef, 0xbd, 0xef, 0xbd, 0xef, 
	0xbd, 0xef, 0xbd, 0xef, 0xbd, 0xef, 0xbd, 0xef, 
	0xbd, 0xef, 0xbd, 0xef, 0xbd, 0xef, 0xbd, 0xef, 
	0xbd, 0xef, 0xbd, 0xef, 0xbd, 0xef, 0xbd, 0xef, 
	0xbd, 0xef, 0xbd, 0xef, 0xbd, 0xef, 0xbd, 0xef, 
	0xbd, 0xef, 0xbd, 0xef, 0xbd, 0xef, 0xbd, 0xef, 
	0xbd, 0xef, 0xbd, 0xef, 0xbd, 0xef, 0xbd, 0xef, 
	0xbd, 0xef, 0xbd, 0xef, 0xbd, 0xef, 0xbd, 0xef, 
	0xbd, 0xef, 0xbd, 0xef, 0xbd, 0xef, 0xbd, 0xef, 
	0xbd, 0xef, 0xbd, 0xef, 0xbd, 0xef, 0xbd, 0xef, 
	0xbd, 0xef, 0xbd, 0xef, 0xbd, 0xef, 0xbd, 0xef, 
	0xbd, 0xef, 0xbd, 0xef, 0xbd, 0xef, 0xbd, 0xef, 
	0xbd, 0xef, 0xbd, 0xef, 0xbd, 0xef, 0xbd, 0xef, 
	0xbd, 0xef, 0xbd, 0xef, 0xbd, 0xef, 0xbd, 0xef, 
	0xbd, 0xef, 0xbd, 0xef, 0xbd, 0xef, 0xbd, 0xef, 
	0xbd, 0xef, 0xbd, 0xef, 0xbd, 0xef, 0xbd, 0xef, 
	0xbd, 0xef, 0xbd, 0xef, 0xbd, 0xef, 0xbd, 0xef, 
	0xbd, 0xef, 0xbd, 0xef, 0xbd, 0xef, 0xbd, 0xef, 
	0xbd, 0xef, 0xbd, 0xef, 0xbd, 0xef, 0xbd, 0xef, 
	0xbd, 0xef, 0xbd, 0xef, 0xbd, 0xef, 0xbd, 0xef, 
	0xbd, 0xef, 0xbd, 0xef, 0xbd, 0xef, 0xbd, 0xef, 
	0xbd, 0xef, 0xbd, 0xef, 0xbd, 0xef, 0xbd, 0xef, 
	0xbd, 0xef, 0xbd, 0xef, 0xbd, 0xef, 0xbd, 0xef, 
	0xbd, 0xef, 0xbd, 0xef, 0xbd, 0xef, 0xbd, 0xef, 
	0xb5, 0xad, 0xb5, 0xad, 0xb5, 0xef, 0xb5, 0xad, 
	0xb5, 0xad, 0xb5, 0xad, 0xb5, 0xad, 0xb5, 0xad, 
	0xb5, 0xad, 0xb5, 0xad, 0xb5, 0xad, 0xb5, 0xad, 
	0xb5, 0xad, 0xb5, 0xad, 0xb5, 0xad, 0xb5, 0xad, 
	0xb5, 0xad, 0xb5, 0xad, 0xb5, 0xad, 0xb5, 0xad, 
	0xb5, 0xad, 0xb5, 0xad, 0xbd, 0xef, 0xbd, 0xef, 
	0xbd, 0xef, 0xbd, 0xef, 0xbd, 0xef, 0xbd, 0xef, 
	0xbd, 0xef, 0xbd, 0xef, 0xbd, 0xef, 0xbd, 0xef, 
	0xb5, 0xad, 0xb5, 0xad, 0xb5, 0xad, 0xb5, 0xad, 
	0xb5, 0xad, 0xb5, 0xad, 0xb5, 0xad, 0xb5, 0xad, 
	0xb5, 0xad, 0xb5, 0xad, 0xb5, 0xad, 0xb5, 0xad, 
	0xb5, 0xad, 0xb5, 0xad, 0xb5, 0xad, 0xb5, 0xad, 
	0xb5, 0xad, 0xb5, 0xad, 0xb5, 0xad, 0xb5, 0xad, 
	0xb5, 0xad, 0xb5, 0xad, 0xb5, 0xad, 0xb5, 0xad, 
	0xb5, 0xad, 0xb5, 0xad, 0xb5, 0xad, 0xb5, 0xad, 
	0xbd, 0xef, 0xbd, 0xef, 0xbd, 0xef, 0xbd, 0xef, 
	0xb5, 0xad, 0xb5, 0xad, 0xb5, 0xad, 0xb5, 0xad, 
	0xb5, 0xad, 0xb5, 0xad, 0xb5, 0xad, 0xad, 0x6b, 
	0x73, 0x9d, 0x6b, 0x5b, 0x6b, 0x5b, 0x6b, 0x5b, 
	0x94, 0xa5, 0xb5, 0xad, 0xb5, 0xad, 0xb5, 0xad, 
	0xb5, 0xad, 0xb5, 0xad, 0xb5, 0xad, 0xb5, 0xad, 
	0xb5, 0xad, 0xb5, 0xad, 0xb5, 0xad, 0x7b, 0xdf, 
	0x6b, 0x5b, 0x6b, 0x5b, 0x6b, 0x5b, 0x7b, 0xdf, 
	0xb5, 0xad, 0xb5, 0xad, 0xb5, 0xad, 0x73, 0x9d, 
	0xac, 0x63, 0xb5, 0xad, 0xb5, 0xad, 0xb5, 0xad, 
	0xb5, 0xad, 0xb5, 0xad, 0xb5, 0xad, 0xb5, 0xad, 
	0x4a, 0x53, 0x00, 0x01, 0x00, 0x01, 0x00, 0x01, 
	0x52, 0x95, 0xb5, 0xad, 0xb5, 0xad, 0xb5, 0xad, 
	0xb5, 0xad, 0xb5, 0xad, 0xb5, 0xad, 0xb5, 0xad, 
	0xb5, 0xad, 0xb5, 0xad, 0xad, 0x6b, 0x21, 0x09, 
	0x00, 0x01, 0x00, 0x01, 0x00, 0x01, 0x7b, 0xdf, 
	0xb5, 0xad, 0xb5, 0xad, 0xad, 0x6b, 0x21, 0x09, 
	0x90, 0x85, 0x9a, 0xd7, 0xad, 0x29, 0xb5, 0xad, 
	0xb5, 0xad, 0xb5, 0xad, 0xb5, 0xad, 0xb5, 0xad, 
	0x7b, 0xdf, 0x00, 0x01, 0x00, 0x01, 0x00, 0x01, 
	0x21, 0x09, 0xa5, 0x29, 0xb5, 0xad, 0xb5, 0xad, 
	0xb5, 0xad, 0xb5, 0xad, 0xb5, 0xad, 0xb5, 0xad, 
	0xb5, 0xad, 0xb5, 0xad, 0x84, 0x23, 0x08, 0x43, 
	0x00, 0x01, 0x00, 0x01, 0x18, 0xc7, 0x9c, 0xe7, 
	0xb5, 0xad, 0xb5, 0xad, 0xad, 0x6b, 0x21, 0x09, 
	0x90, 0x01, 0x90, 0x01, 0x9a, 0x11, 0xac, 0xe7, 
	0xb5, 0xad, 0xb5, 0xad, 0xb5, 0xad, 0xb5, 0xad, 
	0x9c, 0xe7, 0x18, 0xc7, 0x00, 0x01, 0x00, 0x01, 
	0x08, 0x43, 0x84, 0x21, 0xb5, 0xad, 0xb5, 0xad, 
	0xb5, 0xad, 0xb5, 0xad, 0xb5, 0xad, 0xb5, 0xad, 
	0xb5, 0xad, 0xb5, 0xad, 0x63, 0x19, 0x00, 0x01, 
	0x00, 0x01, 0x00, 0x01, 0x42, 0x11, 0xad, 0x6b, 
	0xb5, 0xad, 0xb5, 0xad, 0xad, 0x6b, 0x21, 0x09, 
	0x90, 0x01, 0x90, 0x01, 0x90, 0x01, 0x9a, 0x53, 
	0xad, 0x29, 0xb5, 0xad, 0xb5, 0xad, 0xb5, 0xad, 
	0xad, 0x6b, 0x4a, 0x53, 0x00, 0x01, 0x00, 0x01, 
	0x00, 0x01, 0x5a, 0xd7, 0xad, 0x6b, 0xb5, 0xad, 
	0xb5, 0xad, 0xb5, 0xad, 0xb5, 0xad, 0xb5, 0xad, 
	0xb5, 0xad, 0xad, 0x6b, 0x29, 0x4b, 0x00, 0x01, 
	0x00, 0x01, 0x00, 0x01, 0x7b, 0xdf, 0xb5, 0xad, 
	0xb5, 0xad, 0xb5, 0xad, 0xad, 0x6b, 0x21, 0x09, 
	0x90, 0x01, 0x90, 0x01, 0x90, 0x01, 0x90, 0x43, 
	0xa3, 0x9d, 0xad, 0x6b, 0xb5, 0xad, 0xb5, 0xad, 
	0xb5, 0xad, 0x7b, 0xdf, 0x00, 0x01, 0x00, 0x01, 
	0x00, 0x01, 0x29, 0x4b, 0xa5, 0x29, 0xb5, 0xad, 
	0xb5, 0xad, 0xb5, 0xad, 0xb5, 0xad, 0xb5, 0xad, 
	0xb5, 0xad, 0x8c, 0x63, 0x08, 0x43, 0x00, 0x01, 
	0x00, 0x01, 0x18, 0xc7, 0x9c, 0xe7, 0xb5, 0xad, 
	0xb5, 0xad, 0xb5, 0xad, 0xad, 0x6b, 0x21, 0x09, 
	0x99, 0x09, 0x90, 0x01, 0x90, 0x01, 0x90, 0x01, 
	0x99, 0x8d, 0xad, 0x29, 0xad, 0x6b, 0xad, 0x6b, 
	0xad, 0x6b, 0x9c, 0xe7, 0x18, 0xc7, 0x00, 0x01, 
	0x00, 0x01, 0x08, 0x43, 0x84, 0x21, 0xad, 0x6b, 
	0xad, 0x6b, 0xad, 0x6b, 0xad, 0xab, 0xb5, 0xab, 
	0xad, 0x6b, 0x63, 0x19, 0x00, 0x01, 0x00, 0x01, 
	0x00, 0x01, 0x42, 0x11, 0xad, 0x6b, 0xb5, 0xad, 
	0xb5, 0xad, 0xad, 0x6b, 0xa5, 0x29, 0x21, 0x09, 
	0x9b, 0x5b, 0x90, 0x01, 0x90, 0x01, 0x90, 0x01, 
	0x90, 0x43, 0xa4, 0x63, 0xad, 0x6b, 0xad, 0x6b, 
	0xad, 0x6b, 0xad, 0x6b, 0x4a, 0x53, 0x00, 0x01, 
	0x00, 0x01, 0x00, 0x01, 0x63, 0x17, 0xad, 0x6b, 
	0xad, 0x6b, 0xad, 0x6b, 0xad, 0x6b, 0xad, 0x6b, 
	0xa5, 0x29, 0x29, 0x4b, 0x00, 0x01, 0x00, 0x01, 
	0x00, 0x01, 0x7b, 0xdf, 0xad, 0x6b, 0xad, 0x6b, 
	0xad, 0x6b, 0xad, 0x6b, 0xa5, 0x29, 0x21, 0x09, 
	0xa4, 0x63, 0x90, 0x85, 0x90, 0x01, 0x90, 0x01, 
	0x90, 0x01, 0xa3, 0x9d, 0xad, 0x6b, 0xad, 0x6b, 
	0xad, 0x6b, 0xad, 0x6b, 0x7b, 0xdf, 0x00, 0x01, 
	0x00, 0x01, 0x00, 0x01, 0x29, 0x4b, 0xa5, 0x29, 
	0xad, 0x6b, 0xad, 0x6b, 0xad, 0x6b, 0xad, 0x6b, 
	0x8c, 0x63, 0x10, 0x85, 0x00, 0x01, 0x00, 0x01, 
	0x18, 0xc7, 0x94, 0xa5, 0xad, 0x6b, 0xad, 0x6b, 
	0xad, 0x6b, 0xad, 0x6b, 0xa5, 0x29, 0x21, 0x09, 
	
};

Gfx INTRO_SCREEN_tile_2_2_rgba16_aligner[] = {gsSPEndDisplayList()};
u8 INTRO_SCREEN_tile_2_2_rgba16[] = {
	0x9b, 0x5b, 0x90, 0x01, 0x90, 0x01, 0x90, 0x01, 
	0x90, 0x43, 0xa4, 0x63, 0xad, 0x6b, 0xad, 0x6b, 
	0xad, 0x6b, 0xad, 0x6b, 0x4a, 0x53, 0x00, 0x01, 
	0x00, 0x01, 0x00, 0x01, 0x63, 0x17, 0xad, 0x6b, 
	0xad, 0x6b, 0xad, 0x6b, 0xad, 0x6b, 0xad, 0x6b, 
	0xa5, 0x29, 0x29, 0x4b, 0x00, 0x01, 0x00, 0x01, 
	0x00, 0x01, 0x7b, 0xdf, 0xad, 0x6b, 0xad, 0x6b, 
	0xad, 0x6b, 0xad, 0x6b, 0xa5, 0x29, 0x21, 0x09, 
	0xa4, 0x63, 0x90, 0x85, 0x90, 0x01, 0x90, 0x01, 
	0x90, 0x01, 0xa3, 0x9d, 0xad, 0x6b, 0xad, 0x6b, 
	0xad, 0x6b, 0xad, 0x6b, 0x7b, 0xdf, 0x00, 0x01, 
	0x00, 0x01, 0x00, 0x01, 0x29, 0x4b, 0xa5, 0x29, 
	0xad, 0x6b, 0xad, 0x6b, 0xad, 0x6b, 0xad, 0x6b, 
	0x8c, 0x63, 0x10, 0x85, 0x00, 0x01, 0x00, 0x01, 
	0x18, 0xc7, 0x94, 0xa5, 0xad, 0x6b, 0xad, 0x6b, 
	0xad, 0x6b, 0xad, 0x6b, 0xa5, 0x29, 0x21, 0x09, 
	0xac, 0xe7, 0x99, 0x09, 0x90, 0x01, 0x90, 0x01, 
	0x90, 0x01, 0x9a, 0x95, 0xad, 0x6b, 0xad, 0x6b, 
	0xad, 0x6b, 0xad, 0x6b, 0x9c, 0xe7, 0x18, 0xc7, 
	0x00, 0x01, 0x00, 0x01, 0x10, 0x85, 0x8c, 0x63, 
	0xad, 0x6b, 0xad, 0x6b, 0xad, 0x6b, 0xad, 0x6b, 
	0x6b, 0x5b, 0x00, 0x01, 0x00, 0x01, 0x00, 0x01, 
	0x42, 0x11, 0xa5, 0x29, 0xad, 0x6b, 0xad, 0x6b, 
	0xad, 0x6b, 0xad, 0x6b, 0xa5, 0x29, 0x21, 0x09, 
	0xad, 0x29, 0x99, 0x09, 0x90, 0x01, 0x90, 0x01, 
	0x90, 0x01, 0x9a, 0x11, 0xad, 0x6b, 0xad, 0x6b, 
	0xad, 0x6b, 0xad, 0x6b, 0xa5, 0x29, 0x4a, 0x53, 
	0x00, 0x01, 0x00, 0x01, 0x00, 0x01, 0x63, 0x19, 
	0xad, 0x6b, 0xad, 0x6b, 0xad, 0x6b, 0xa5, 0x29, 
	0x31, 0x8d, 0x00, 0x01, 0x00, 0x01, 0x00, 0x01, 
	0x7b, 0xdf, 0xad, 0x6b, 0xad, 0x6b, 0xad, 0x6b, 
	0xad, 0x6b, 0xad, 0x6b, 0xa5, 0x29, 0x21, 0x09, 
	0xa5, 0x29, 0x99, 0x09, 0x90, 0x01, 0x90, 0x01, 
	0x90, 0x01, 0x9a, 0x11, 0xad, 0x29, 0xad, 0x6b, 
	0xad, 0x6b, 0xad, 0x6b, 0xad, 0x6b, 0x7b, 0xdf, 
	0x00, 0x01, 0x00, 0x01, 0x00, 0x01, 0x31, 0x8d, 
	0xa5, 0x29, 0xad, 0x6b, 0xad, 0x6b, 0x8c, 0x63, 
	0x10, 0x85, 0x00, 0x01, 0x00, 0x01, 0x18, 0xc7, 
	0x94, 0xa5, 0xad, 0x6b, 0xad, 0x6b, 0xad, 0x6b, 
	0xad, 0x6b, 0xad, 0x6b, 0xa5, 0x29, 0x21, 0x09, 
	0xa4, 0xe7, 0x99, 0x09, 0x90, 0x01, 0x90, 0x01, 
	0x90, 0x01, 0x9a, 0x53, 0xa5, 0x29, 0xad, 0x6b, 
	0xad, 0x6b, 0xa5, 0x29, 0xa5, 0x29, 0x94, 0xa5, 
	0x21, 0x09, 0x00, 0x01, 0x00, 0x01, 0x10, 0x85, 
	0x8c, 0x63, 0xad, 0x6b, 0xa5, 0x29, 0x6b, 0x5b, 
	0x00, 0x01, 0x00, 0x01, 0x00, 0x01, 0x4a, 0x53, 
	0xa5, 0x29, 0xa5, 0x29, 0xa5, 0x29, 0xa5, 0x29, 
	0xa5, 0x2b, 0xad, 0x6b, 0x9c, 0xe7, 0x21, 0x09, 
	0xa4, 0xa5, 0x90, 0xc7, 0x90, 0x01, 0x90, 0x01, 
	0x90, 0x01, 0x9a, 0xd7, 0xa5, 0x29, 0xa5, 0x29, 
	0xa5, 0x29, 0xa5, 0x29, 0xa5, 0x29, 0xa5, 0x29, 
	0x4a, 0x53, 0x00, 0x01, 0x00, 0x01, 0x00, 0x01, 
	0x6b, 0x5b, 0xa5, 0x29, 0xa5, 0x29, 0x39, 0xcf, 
	0x00, 0x01, 0x00, 0x01, 0x00, 0x01, 0x73, 0x9d, 
	0xa5, 0x29, 0xa5, 0x29, 0xa5, 0x29, 0xa5, 0x29, 
	0xa5, 0x29, 0xa5, 0x29, 0x9c, 0xe7, 0x21, 0x09, 
	0x9b, 0xdf, 0x90, 0x43, 0x90, 0x01, 0x90, 0x01, 
	0x90, 0x01, 0x9b, 0x9d, 0xa5, 0x29, 0xa5, 0x29, 
	0xa5, 0x29, 0xa5, 0x29, 0xa5, 0x29, 0xa5, 0x29, 
	0x7b, 0xdf, 0x08, 0x43, 0x00, 0x01, 0x00, 0x01, 
	0x39, 0xcf, 0xa5, 0x29, 0x94, 0xa5, 0x18, 0xc7, 
	0x00, 0x01, 0x00, 0x01, 0x18, 0xc7, 0x94, 0xa5, 
	0xa5, 0x29, 0xa5, 0x29, 0xa5, 0x29, 0xa5, 0x29, 
	0xa5, 0x29, 0xa5, 0x29, 0x9c, 0xe7, 0x21, 0x09, 
	0x9a, 0x95, 0x90, 0x01, 0x90, 0x01, 0x90, 0x01, 
	0x90, 0x85, 0xa4, 0x63, 0xa5, 0x29, 0xa5, 0x29, 
	0xa5, 0x29, 0xa5, 0x29, 0xa5, 0x29, 0xa5, 0x29, 
	0x94, 0xa5, 0x21, 0x09, 0x00, 0x01, 0x00, 0x01, 
	0x18, 0xc7, 0x94, 0xa5, 0x73, 0x9d, 0x00, 0x01, 
	0x00, 0x01, 0x00, 0x01, 0x4a, 0x53, 0xa5, 0x29, 
	0xa5, 0x29, 0xa5, 0x29, 0xa5, 0x29, 0xa5, 0x29, 
	0xa5, 0x29, 0xa5, 0x29, 0x9c, 0xe7, 0x21, 0x09, 
	0x90, 0x85, 0x90, 0x01, 0x90, 0x01, 0x90, 0x01, 
	0x99, 0xcf, 0xa4, 0xe7, 0xa5, 0x29, 0xa5, 0x29, 
	0xa5, 0x29, 0xa5, 0x29, 0xa5, 0x29, 0xa5, 0x29, 
	0xa5, 0x29, 0x52, 0x95, 0x00, 0x01, 0x00, 0x01, 
	0x08, 0x43, 0x7b, 0xdf, 0x5a, 0xd7, 0x00, 0x01, 
	0x00, 0x01, 0x00, 0x01, 0x73, 0x9d, 0xa5, 0x29, 
	0xa5, 0x29, 0xa5, 0x29, 0xa5, 0x29, 0xa5, 0x29, 
	0xa5, 0x29, 0xa5, 0x29, 0x9c, 0xe7, 0x21, 0x09, 
	0x90, 0x01, 0x90, 0x01, 0x90, 0x01, 0x90, 0x43, 
	0x9b, 0xdf, 0xa5, 0x29, 0xa5, 0x29, 0xa5, 0x29, 
	0xa5, 0x29, 0xa5, 0x29, 0xa5, 0x29, 0xa5, 0x29, 
	0xa5, 0x29, 0x73, 0x9f, 0x08, 0x43, 0x00, 0x01, 
	0x00, 0x01, 0x5a, 0xd7, 0x29, 0x4b, 0x00, 0x01, 
	0x00, 0x01, 0x21, 0x09, 0x94, 0xa5, 0xa5, 0x29, 
	0xa5, 0x29, 0xa5, 0x29, 0xa5, 0x29, 0xa5, 0x29, 
	0xa5, 0x29, 0xa5, 0x29, 0x9c, 0xe7, 0x21, 0x09, 
	0x90, 0x01, 0x90, 0x01, 0x90, 0x01, 0x9a, 0x95, 
	0x9c, 0xe7, 0xa5, 0x29, 0x9c, 0xe7, 0x9c, 0xe7, 
	0xa5, 0x29, 0xa5, 0x29, 0xa5, 0x29, 0xa5, 0x29, 
	0xa5, 0x29, 0x94, 0xa5, 0x21, 0x09, 0x00, 0x01, 
	0x00, 0x01, 0x21, 0x09, 0x08, 0x43, 0x00, 0x01, 
	0x00, 0x01, 0x4a, 0x53, 0x9c, 0xe7, 0x9c, 0xe7, 
	0x9c, 0xe7, 0x9c, 0xe7, 0x9c, 0xe7, 0x9c, 0xe7, 
	0x9c, 0xe7, 0x9c, 0xe7, 0x94, 0xa5, 0x21, 0x09, 
	0x90, 0x01, 0x90, 0x43, 0x9a, 0x53, 0x9c, 0xa5, 
	0x9c, 0xe7, 0x9c, 0xe7, 0xa5, 0x29, 0x9c, 0xe7, 
	0x9c, 0xe7, 0xa5, 0x29, 0x9c, 0xe7, 0x9c, 0xe7, 
	0x9c, 0xe7, 0x9c, 0xe7, 0x52, 0x95, 0x00, 0x01, 
	0x00, 0x01, 0x00, 0x01, 0x00, 0x01, 0x00, 0x01, 
	0x08, 0x43, 0x73, 0x9d, 0x9c, 0xe7, 0x9c, 0xe7, 
	0x9c, 0xe7, 0x9c, 0xe7, 0x9c, 0xe7, 0x9c, 0xe7, 
	0x9c, 0xe7, 0x9c, 0xe7, 0x94, 0xa5, 0x21, 0x09, 
	0x91, 0x09, 0x9b, 0x19, 0x9c, 0xa5, 0x9c, 0xe7, 
	0x9c, 0xe7, 0x9c, 0xe7, 0x9c, 0xe7, 0x9c, 0xe7, 
	0x9c, 0xe7, 0x9c, 0xe7, 0x9c, 0xe7, 0x9c, 0xe7, 
	0x9c, 0xe7, 0x9c, 0xe7, 0x73, 0x9d, 0x08, 0x43, 
	0x00, 0x01, 0x00, 0x01, 0x00, 0x01, 0x00, 0x01, 
	0x21, 0x09, 0x94, 0xa5, 0x9c, 0xe7, 0x9c, 0xe7, 
	0x9c, 0xe7, 0x9c, 0xe7, 0x9c, 0xe7, 0x9c, 0xe7, 
	0x9c, 0xe7, 0x9c, 0xe7, 0x94, 0xa5, 0x21, 0x09, 
	0x9c, 0x63, 0x9c, 0xe7, 0x9c, 0xe7, 0x9c, 0xe7, 
	0x9c, 0xe7, 0x9c, 0xe7, 0x9c, 0xe7, 0x9c, 0xe7, 
	0x9c, 0xe7, 0x9c, 0xe7, 0x9c, 0xe7, 0x9c, 0xe7, 
	0x9c, 0xe7, 0x9c, 0xe7, 0x94, 0xa5, 0x21, 0x09, 
	0x00, 0x01, 0x00, 0x01, 0x00, 0x01, 0x00, 0x01, 
	0x4a, 0x53, 0x9c, 0xe7, 0x9c, 0xe7, 0x9c, 0xe7, 
	0x9c, 0xe7, 0x9c, 0xe7, 0x9c, 0xe7, 0x9c, 0xe7, 
	0x9c, 0xe7, 0x9c, 0xe7, 0x94, 0xa5, 0x21, 0x09, 
	0x9c, 0xe7, 0x9c, 0xe7, 0x9c, 0xe7, 0x9c, 0xe7, 
	0x9c, 0xe7, 0x9c, 0xe7, 0x9c, 0xe7, 0x9c, 0xe7, 
	0x9c, 0xe7, 0x9c, 0xe7, 0x9c, 0xe7, 0x9c, 0xe7, 
	0x9c, 0xe7, 0x9c, 0xe7, 0x9c, 0xe7, 0x73, 0x9d, 
	0x63, 0x19, 0x63, 0x19, 0x63, 0x19, 0x63, 0x19, 
	0x84, 0x21, 0x9c, 0xe7, 0x9c, 0xe7, 0x9c, 0xe7, 
	0x9c, 0xe7, 0x9c, 0xe7, 0x9c, 0xe7, 0x9c, 0xe7, 
	0x9c, 0xe7, 0x9c, 0xe7, 0x94, 0xa5, 0x63, 0x19, 
	0x9c, 0xe7, 0x9c, 0xe7, 0x9c, 0xe7, 0x9c, 0xe7, 
	0x9c, 0xe7, 0x9c, 0xe7, 0x9c, 0xe7, 0x9c, 0xe7, 
	0x9c, 0xe7, 0x9c, 0xe7, 0x9c, 0xe7, 0x9c, 0xe7, 
	0x9c, 0xe7, 0x9c, 0xe7, 0x9c, 0xe7, 0x9c, 0xe7, 
	0x9c, 0xe7, 0x9c, 0xe7, 0x9c, 0xe7, 0x9c, 0xe7, 
	0x9c, 0xe7, 0x9c, 0xe7, 0x9c, 0xe7, 0x9c, 0xe7, 
	0x9c, 0xe7, 0x9c, 0xe7, 0x9c, 0xe7, 0x9c, 0xe7, 
	0x9c, 0xe7, 0x9c, 0xe7, 0x9c, 0xe7, 0x9c, 0xe7, 
	0x9c, 0xe7, 0x9c, 0xe7, 0x9c, 0xe7, 0x9c, 0xe7, 
	0x94, 0xa5, 0x94, 0xa5, 0x9c, 0xe5, 0x9c, 0xe7, 
	0x94, 0xa5, 0x94, 0xa5, 0x9c, 0xe7, 0x9c, 0xe7, 
	0x9c, 0xe5, 0x94, 0xa5, 0x9c, 0xe7, 0x9c, 0xe7, 
	0x9c, 0xe7, 0x9c, 0xe7, 0x9c, 0xe7, 0x9c, 0xe7, 
	0x9c, 0xe7, 0x9c, 0xe7, 0x9c, 0xe7, 0x9c, 0xe7, 
	0x9c, 0xe7, 0x94, 0xa5, 0x94, 0xa5, 0x94, 0xa5, 
	0x94, 0xa5, 0x94, 0xa5, 0x9c, 0xe7, 0x94, 0xa5, 
	0x9c, 0xe7, 0x9c, 0xe7, 0x9c, 0xe7, 0x94, 0xa5, 
	0x94, 0xa5, 0x94, 0xa5, 0x94, 0xa5, 0x9c, 0xe5, 
	0x94, 0xa5, 0x94, 0xa5, 0x94, 0xa5, 0x94, 0xa5, 
	0x94, 0xa5, 0x94, 0xa5, 0x94, 0xa5, 0x94, 0xa5, 
	0x94, 0xa5, 0x94, 0xa5, 0x94, 0xa5, 0x94, 0xa7, 
	0x9c, 0xe7, 0x9c, 0xa7, 0x94, 0xa5, 0x94, 0xa5, 
	0x94, 0xa5, 0x94, 0xa5, 0x94, 0xa5, 0x94, 0xa5, 
	0x94, 0xa5, 0x94, 0xa5, 0x94, 0xa5, 0x94, 0xa5, 
	0x94, 0xa5, 0x94, 0xa5, 0x94, 0xa5, 0x94, 0xa5, 
	0x94, 0xa5, 0x94, 0xa5, 0x94, 0xa5, 0x94, 0xa5, 
	0x94, 0xa5, 0x94, 0xa5, 0x94, 0xa5, 0x94, 0xa5, 
	0x94, 0xa5, 0x94, 0xa5, 0x94, 0xa5, 0x94, 0xa5, 
	0x94, 0xa5, 0x94, 0xa5, 0x94, 0xa5, 0x94, 0xa5, 
	0x94, 0xa5, 0x94, 0xa5, 0x94, 0xa5, 0x94, 0xa5, 
	0x94, 0xa5, 0x94, 0xa5, 0x94, 0xa5, 0x94, 0xa5, 
	0x94, 0xa5, 0x94, 0xa5, 0x94, 0xa5, 0x94, 0xa5, 
	0x94, 0xa5, 0x94, 0xa5, 0x94, 0xa5, 0x94, 0xa5, 
	0x94, 0xa5, 0x94, 0xa5, 0x94, 0xa5, 0x94, 0xa5, 
	0x94, 0xa5, 0x94, 0xa5, 0x94, 0xa5, 0x94, 0xa5, 
	0x94, 0xa5, 0x94, 0xa5, 0x94, 0xa5, 0x94, 0xa5, 
	0x94, 0xa5, 0x94, 0xa5, 0x94, 0xa5, 0x94, 0xa5, 
	0x94, 0xa5, 0x94, 0xa5, 0x94, 0xa5, 0x94, 0xa5, 
	0x94, 0xa5, 0x94, 0xa5, 0x94, 0xa5, 0x94, 0xa5, 
	0x94, 0xa5, 0x94, 0xa5, 0x94, 0xa5, 0x94, 0xa5, 
	0x94, 0xa5, 0x94, 0xa5, 0x94, 0xa5, 0x94, 0xa5, 
	0x94, 0xa5, 0x94, 0xa5, 0x94, 0xa5, 0x94, 0xa5, 
	0x94, 0xa5, 0x94, 0xa5, 0x94, 0xa5, 0x94, 0xa5, 
	0x94, 0xa5, 0x94, 0xa5, 0x94, 0xa5, 0x94, 0xa5, 
	0x94, 0xa5, 0x94, 0xa5, 0x94, 0xa5, 0x94, 0xa5, 
	0x94, 0xa5, 0x94, 0xa5, 0x94, 0xa5, 0x94, 0xa5, 
	0x94, 0xa5, 0x94, 0xa5, 0x94, 0xa5, 0x94, 0xa5, 
	0x94, 0xa5, 0x94, 0xa5, 0x94, 0xa5, 0x94, 0xa5, 
	0x94, 0xa5, 0x94, 0xa5, 0x94, 0xa5, 0x94, 0xa5, 
	0x94, 0xa5, 0x94, 0xa5, 0x94, 0xa5, 0x94, 0xa5, 
	0x94, 0xa5, 0x94, 0xa5, 0x94, 0xa5, 0x94, 0xa5, 
	0x94, 0xa5, 0x94, 0xa5, 0x94, 0xa5, 0x94, 0xa5, 
	0x94, 0xa5, 0x94, 0xa5, 0x94, 0xa5, 0x94, 0xa5, 
	0x94, 0xa5, 0x94, 0xa5, 0x94, 0xa5, 0x94, 0xa5, 
	0x94, 0xa5, 0x94, 0xa5, 0x94, 0xa5, 0x94, 0xa5, 
	0x94, 0xa5, 0x94, 0xa5, 0x94, 0xa5, 0x94, 0xa5, 
	0x94, 0xa5, 0x94, 0xa5, 0x94, 0xa5, 0x94, 0xa5, 
	0x94, 0xa5, 0x94, 0xa5, 0x94, 0xa5, 0x94, 0xa5, 
	0x94, 0xa5, 0x94, 0xa5, 0x94, 0xa5, 0x94, 0xa5, 
	0x94, 0xa5, 0x94, 0xa5, 0x94, 0xa5, 0x94, 0xa5, 
	0x94, 0xa5, 0x94, 0xa5, 0x94, 0xa5, 0x94, 0xa5, 
	0x94, 0xa5, 0x94, 0xa5, 0x94, 0xa5, 0x94, 0xa5, 
	0x94, 0xa5, 0x94, 0xa5, 0x94, 0xa5, 0x94, 0xa5, 
	0x94, 0xa5, 0x94, 0xa5, 0x94, 0xa5, 0x94, 0xa5, 
	0x94, 0xa5, 0x94, 0xa5, 0x8c, 0xa3, 0x8c, 0xa3, 
	0x8c, 0x63, 0x8c, 0x63, 0x8c, 0x63, 0x8c, 0x63, 
	0x94, 0x65, 0x8c, 0x63, 0x8c, 0x63, 0x8c, 0x63, 
	0x8c, 0x63, 0x8c, 0x63, 0x8c, 0x63, 0x8c, 0x63, 
	0x8c, 0x63, 0x8c, 0x63, 0x8c, 0x63, 0x8c, 0x63, 
	0x8c, 0x63, 0x8c, 0x63, 0x94, 0xa5, 0x94, 0xa5, 
	0x94, 0xa5, 0x94, 0xa5, 0x94, 0xa5, 0x94, 0xa5, 
	0x94, 0xa5, 0x94, 0xa5, 0x94, 0xa5, 0x94, 0xa5, 
	0x94, 0x65, 0x8c, 0x63, 0x8c, 0x63, 0x8c, 0x63, 
	0x8c, 0x63, 0x8c, 0x63, 0x8c, 0x63, 0x8c, 0x63, 
	0x8c, 0x63, 0x8c, 0x63, 0x8c, 0x63, 0x8c, 0x63, 
	0x8c, 0x63, 0x8c, 0x63, 0x8c, 0x63, 0x8c, 0x63, 
	0x8c, 0x63, 0x8c, 0x63, 0x8c, 0x63, 0x8c, 0x63, 
	0x8c, 0x63, 0x8c, 0x63, 0x8c, 0x63, 0x8c, 0x63, 
	0x8c, 0x63, 0x8c, 0x63, 0x8c, 0x63, 0x8c, 0x63, 
	0x8c, 0x63, 0x8c, 0x63, 0x94, 0x63, 0x8c, 0x63, 
	0x8c, 0x63, 0x8c, 0x63, 0x8c, 0x63, 0x8c, 0x63, 
	0x8c, 0x63, 0x8c, 0x63, 0x8c, 0x63, 0x8c, 0x63, 
	0x8c, 0x63, 0x8c, 0x63, 0x8c, 0x63, 0x8c, 0x63, 
	0x8c, 0x63, 0x8c, 0x63, 0x8c, 0x63, 0x8c, 0x63, 
	0x8c, 0x63, 0x8c, 0x63, 0x8c, 0x63, 0x8c, 0x63, 
	0x8c, 0x63, 0x8c, 0x63, 0x8c, 0x63, 0x8c, 0x63, 
	0x8c, 0x63, 0x8c, 0x63, 0x8c, 0x63, 0x8c, 0x63, 
	0x8c, 0x63, 0x8c, 0x63, 0x8c, 0x63, 0x8c, 0x63, 
	0x8c, 0x63, 0x8c, 0x63, 0x8c, 0x63, 0x8c, 0x63, 
	0x8c, 0x63, 0x8c, 0x63, 0x8c, 0x63, 0x8c, 0x63, 
	0x8c, 0x63, 0x8c, 0x63, 0x8c, 0x63, 0x8c, 0x63, 
	0x8c, 0x63, 0x8c, 0x63, 0x8c, 0x63, 0x8c, 0x63, 
	0x8c, 0x63, 0x8c, 0x63, 0x8c, 0x63, 0x8c, 0x63, 
	0x8c, 0x63, 0x8c, 0x63, 0x8c, 0x63, 0x8c, 0x63, 
	0x8c, 0x63, 0x8c, 0x63, 0x8c, 0x63, 0x8c, 0x63, 
	0x8c, 0x63, 0x8c, 0x63, 0x8c, 0x63, 0x8c, 0x63, 
	0x8c, 0x63, 0x8c, 0x63, 0x8c, 0x63, 0x8c, 0x63, 
	0x8c, 0x63, 0x8c, 0x63, 0x8c, 0x63, 0x8c, 0x63, 
	0x8c, 0x63, 0x8c, 0x63, 0x8c, 0x63, 0x8c, 0x63, 
	0x8c, 0x63, 0x8c, 0x63, 0x8c, 0x63, 0x8c, 0x63, 
	0x8c, 0x63, 0x8c, 0x63, 0x8c, 0x63, 0x8c, 0x63, 
	0x8c, 0x63, 0x8c, 0x63, 0x8c, 0x63, 0x8c, 0x63, 
	0x8c, 0x63, 0x8c, 0x63, 0x8c, 0x63, 0x8c, 0x63, 
	0x8c, 0x63, 0x8c, 0x63, 0x8c, 0x63, 0x8c, 0x63, 
	0x84, 0x21, 0x84, 0x21, 0x84, 0x21, 0x84, 0x21, 
	0x8c, 0x63, 0x8c, 0x63, 0x8c, 0x63, 0x8c, 0x63, 
	0x8c, 0x63, 0x8c, 0x63, 0x8c, 0x63, 0x8c, 0x63, 
	0x8c, 0x63, 0x8c, 0x63, 0x8c, 0x63, 0x8c, 0x63, 
	0x8c, 0x63, 0x84, 0x21, 0x84, 0x21, 0x84, 0x21, 
	0x84, 0x21, 0x84, 0x21, 0x84, 0x21, 0x84, 0x21, 
	0x84, 0x21, 0x8c, 0x63, 0x8c, 0x63, 0x8c, 0x63, 
	0x8c, 0x63, 0x8c, 0x63, 0x8c, 0x63, 0x8c, 0x63, 
	0x5a, 0xd7, 0x5a, 0xd7, 0x5b, 0x17, 0x63, 0x19, 
	0x63, 0x19, 0x6b, 0x5b, 0x6b, 0x5b, 0x73, 0x9d, 
	0x7b, 0xdf, 0x84, 0x21, 0x8c, 0x63, 0x8c, 0x63, 
	0x8c, 0x63, 0x8c, 0x63, 0x8c, 0x63, 0x8c, 0x63, 
	0x8c, 0x63, 0x73, 0x9d, 0x63, 0x19, 0x5a, 0xd9, 
	0x5a, 0xd7, 0x63, 0x17, 0x5b, 0x19, 0x5a, 0xd7, 
	0x63, 0x19, 0x84, 0x21, 0x84, 0x21, 0x8c, 0x23, 
	0x84, 0x21, 0x84, 0x21, 0x8c, 0x63, 0x8c, 0x63, 
	0x63, 0x19, 0x62, 0xd9, 0x5a, 0xd7, 0x5a, 0xd7, 
	0x5a, 0xd7, 0x5a, 0xd7, 0x5a, 0xd7, 0x63, 0x19, 
	0x63, 0x19, 0x63, 0x19, 0x73, 0x9d, 0x84, 0x21, 
	0x8c, 0x63, 0x8c, 0x63, 0x8c, 0x63, 0x8c, 0x21, 
	0x84, 0x21, 0x84, 0x21, 0x6b, 0x5b, 0x63, 0x19, 
	0x63, 0x19, 0x63, 0x19, 0x63, 0x19, 0x63, 0x19, 
	0x63, 0x19, 0x6b, 0x5b, 0x84, 0x21, 0x84, 0x21, 
	0x84, 0x21, 0x84, 0x21, 0x84, 0x21, 0x84, 0x21, 
	
};

Gfx INTRO_SCREEN_tile_2_3_rgba16_aligner[] = {gsSPEndDisplayList()};
u8 INTRO_SCREEN_tile_2_3_rgba16[] = {
	0x5a, 0xd7, 0x5a, 0xd7, 0x5b, 0x17, 0x63, 0x19, 
	0x63, 0x19, 0x6b, 0x5b, 0x6b, 0x5b, 0x73, 0x9d, 
	0x7b, 0xdf, 0x84, 0x21, 0x8c, 0x63, 0x8c, 0x63, 
	0x8c, 0x63, 0x8c, 0x63, 0x8c, 0x63, 0x8c, 0x63, 
	0x8c, 0x63, 0x73, 0x9d, 0x63, 0x19, 0x5a, 0xd9, 
	0x5a, 0xd7, 0x63, 0x17, 0x5b, 0x19, 0x5a, 0xd7, 
	0x63, 0x19, 0x84, 0x21, 0x84, 0x21, 0x8c, 0x23, 
	0x84, 0x21, 0x84, 0x21, 0x8c, 0x63, 0x8c, 0x63, 
	0x63, 0x19, 0x62, 0xd9, 0x5a, 0xd7, 0x5a, 0xd7, 
	0x5a, 0xd7, 0x5a, 0xd7, 0x5a, 0xd7, 0x63, 0x19, 
	0x63, 0x19, 0x63, 0x19, 0x73, 0x9d, 0x84, 0x21, 
	0x8c, 0x63, 0x8c, 0x63, 0x8c, 0x63, 0x8c, 0x21, 
	0x84, 0x21, 0x84, 0x21, 0x6b, 0x5b, 0x63, 0x19, 
	0x63, 0x19, 0x63, 0x19, 0x63, 0x19, 0x63, 0x19, 
	0x63, 0x19, 0x6b, 0x5b, 0x84, 0x21, 0x84, 0x21, 
	0x84, 0x21, 0x84, 0x21, 0x84, 0x21, 0x84, 0x21, 
	0x63, 0x19, 0x63, 0x19, 0x63, 0x19, 0x63, 0x19, 
	0x63, 0x19, 0x63, 0x19, 0x63, 0x19, 0x63, 0x19, 
	0x63, 0x19, 0x63, 0x19, 0x63, 0x19, 0x6b, 0x5b, 
	0x7b, 0xdf, 0x8c, 0x63, 0x84, 0x21, 0x84, 0x21, 
	0x84, 0x21, 0x84, 0x21, 0x84, 0x21, 0x6b, 0x5b, 
	0x63, 0x19, 0x63, 0x19, 0x63, 0x19, 0x63, 0x19, 
	0x63, 0x19, 0x63, 0x19, 0x73, 0x9d, 0x84, 0x21, 
	0x84, 0x21, 0x84, 0x21, 0x84, 0x21, 0x84, 0x21, 
	0x6b, 0x5b, 0x6b, 0x5b, 0x6b, 0x5b, 0x63, 0x19, 
	0x63, 0x19, 0x63, 0x19, 0x63, 0x19, 0x63, 0x19, 
	0x63, 0x19, 0x63, 0x19, 0x63, 0x19, 0x63, 0x19, 
	0x6b, 0x5b, 0x84, 0x21, 0x84, 0x21, 0x84, 0x21, 
	0x84, 0x21, 0x84, 0x21, 0x84, 0x21, 0x7b, 0xdf, 
	0x6b, 0x5b, 0x63, 0x19, 0x63, 0x19, 0x63, 0x19, 
	0x63, 0x19, 0x63, 0x19, 0x63, 0x19, 0x7b, 0xdf, 
	0x84, 0x21, 0x84, 0x21, 0x84, 0x21, 0x84, 0x21, 
	0x84, 0x21, 0x84, 0x21, 0x84, 0x21, 0x7b, 0xdf, 
	0x7b, 0xdf, 0x6b, 0x5b, 0x63, 0x19, 0x63, 0x19, 
	0x63, 0x19, 0x63, 0x19, 0x63, 0x19, 0x63, 0x19, 
	0x63, 0x19, 0x73, 0x9d, 0x84, 0x21, 0x84, 0x21, 
	0x84, 0x21, 0x84, 0x21, 0x84, 0x21, 0x84, 0x21, 
	0x73, 0x9d, 0x63, 0x19, 0x63, 0x19, 0x63, 0x19, 
	0x63, 0x19, 0x63, 0x19, 0x63, 0x19, 0x6b, 0x5b, 
	0x7b, 0xdf, 0x84, 0x21, 0x84, 0x21, 0x84, 0x21, 
	0x84, 0x21, 0x84, 0x21, 0x84, 0x21, 0x84, 0x21, 
	0x84, 0x21, 0x7b, 0xdf, 0x63, 0x19, 0x5b, 0x19, 
	0x63, 0x19, 0x63, 0x19, 0x63, 0x19, 0x63, 0x19, 
	0x5a, 0xd7, 0x73, 0x9d, 0x84, 0x21, 0x84, 0x21, 
	0x84, 0x21, 0x84, 0x21, 0x84, 0x21, 0x84, 0x21, 
	0x84, 0x21, 0x6b, 0x9d, 0x63, 0x19, 0x63, 0x19, 
	0x63, 0x19, 0x63, 0x19, 0x63, 0x19, 0x63, 0x19, 
	0x6b, 0x5b, 0x84, 0x21, 0x84, 0x21, 0x84, 0x21, 
	0x84, 0x21, 0x84, 0x21, 0x84, 0x21, 0x84, 0x21, 
	0x84, 0x21, 0x7b, 0xdf, 0x63, 0x19, 0x5a, 0xd7, 
	0x5a, 0xd7, 0x5a, 0xd7, 0x5a, 0xd7, 0x5a, 0xd7, 
	0x5a, 0xd7, 0x73, 0x9d, 0x84, 0x21, 0x84, 0x21, 
	0x84, 0x21, 0x84, 0x21, 0x84, 0x21, 0x84, 0x21, 
	0x84, 0x21, 0x7b, 0xdf, 0x6b, 0x5b, 0x5a, 0xd7, 
	0x5a, 0xd7, 0x5a, 0xd7, 0x5a, 0xd7, 0x5a, 0xd7, 
	0x5a, 0xd7, 0x6b, 0x5b, 0x7b, 0xdf, 0x84, 0x21, 
	0x84, 0x21, 0x84, 0x21, 0x83, 0xe1, 0x7b, 0xdf, 
	0x7b, 0xdf, 0x73, 0x9d, 0x5a, 0xd7, 0x52, 0x95, 
	0x52, 0x95, 0x52, 0x95, 0x52, 0x95, 0x52, 0x95, 
	0x5a, 0xd7, 0x7b, 0xdf, 0x7b, 0xdf, 0x7b, 0xdf, 
	0x7b, 0xdf, 0x7b, 0xdf, 0x7b, 0xdf, 0x7b, 0xdf, 
	0x7b, 0xdf, 0x7c, 0x21, 0x7b, 0xdf, 0x5a, 0xd7, 
	0x52, 0x95, 0x52, 0x95, 0x52, 0x95, 0x52, 0x95, 
	0x52, 0x95, 0x52, 0x95, 0x73, 0x9d, 0x7b, 0xdf, 
	0x73, 0x9d, 0x73, 0x9d, 0x73, 0x9d, 0x6b, 0x5b, 
	0x63, 0x19, 0x52, 0x95, 0x4a, 0x53, 0x4a, 0x53, 
	0x4a, 0x53, 0x4a, 0x53, 0x4a, 0x53, 0x52, 0x95, 
	0x6b, 0x5b, 0x7b, 0xdf, 0x7b, 0xdf, 0x7b, 0xdf, 
	0x7b, 0xdf, 0x7b, 0xdf, 0x7b, 0xdf, 0x7b, 0xdf, 
	0x7b, 0xdf, 0x7b, 0xdf, 0x7b, 0xdf, 0x73, 0x9d, 
	0x52, 0x95, 0x4a, 0x53, 0x4a, 0x53, 0x4a, 0x53, 
	0x4a, 0x53, 0x4a, 0x53, 0x52, 0x95, 0x73, 0x9d, 
	0x4a, 0x53, 0x4a, 0x53, 0x4a, 0x53, 0x4a, 0x53, 
	0x42, 0x11, 0x42, 0x11, 0x42, 0x11, 0x42, 0x11, 
	0x42, 0x11, 0x4a, 0x53, 0x52, 0x95, 0x6b, 0x5b, 
	0x7b, 0xdf, 0x7b, 0xdf, 0x7b, 0xdf, 0x7b, 0xdf, 
	0x7b, 0xdf, 0x7b, 0xdf, 0x7b, 0xdf, 0x7b, 0xdf, 
	0x7b, 0xdf, 0x7b, 0xdf, 0x7b, 0xdf, 0x7b, 0xdf, 
	0x6b, 0x5b, 0x4a, 0x53, 0x42, 0x11, 0x42, 0x11, 
	0x42, 0x11, 0x42, 0x11, 0x42, 0x11, 0x4a, 0x53, 
	0x39, 0xcf, 0x39, 0xcf, 0x39, 0xcf, 0x39, 0xcf, 
	0x39, 0xcf, 0x39, 0xcf, 0x39, 0xcf, 0x39, 0xcf, 
	0x4a, 0x53, 0x63, 0x19, 0x73, 0x9d, 0x7b, 0xdf, 
	0x7b, 0xdf, 0x7b, 0xdf, 0x7b, 0xdf, 0x7b, 0xdf, 
	0x7b, 0xdf, 0x7b, 0xdf, 0x7b, 0xdf, 0x7b, 0xdf, 
	0x7b, 0xdf, 0x7b, 0xdf, 0x7b, 0xdf, 0x7b, 0xdf, 
	0x7b, 0xdf, 0x5a, 0xd7, 0x39, 0xcf, 0x39, 0xcf, 
	0x39, 0xcf, 0x39, 0xcf, 0x39, 0xcf, 0x39, 0xcf, 
	0x39, 0xcf, 0x31, 0x8d, 0x31, 0x8d, 0x31, 0x8d, 
	0x31, 0x8d, 0x39, 0x8d, 0x31, 0x8d, 0x39, 0xcf, 
	0x39, 0xcf, 0x39, 0xcf, 0x42, 0x11, 0x5a, 0xd7, 
	0x73, 0x9d, 0x7b, 0xdf, 0x7b, 0xdf, 0x7b, 0xdf, 
	0x7b, 0xdf, 0x7b, 0xdf, 0x7b, 0xdf, 0x7b, 0xdf, 
	0x7b, 0xdf, 0x7b, 0xdf, 0x7b, 0xdf, 0x7b, 0xdf, 
	0x7b, 0xdf, 0x73, 0x9d, 0x52, 0x95, 0x39, 0xcf, 
	0x39, 0xcf, 0x39, 0xcf, 0x39, 0xcf, 0x39, 0xcf, 
	0x5a, 0xd7, 0x5a, 0xd7, 0x5a, 0xd7, 0x52, 0x95, 
	0x4a, 0x53, 0x39, 0xcf, 0x39, 0xcf, 0x39, 0xcf, 
	0x39, 0xcf, 0x39, 0xcf, 0x39, 0xcf, 0x39, 0xcf, 
	0x42, 0x11, 0x6b, 0x5b, 0x7b, 0xdf, 0x7b, 0xdf, 
	0x7b, 0xdf, 0x7b, 0xdf, 0x7b, 0xdf, 0x7b, 0xdf, 
	0x7b, 0xdf, 0x7b, 0xdf, 0x7b, 0xdf, 0x7b, 0xdf, 
	0x7b, 0xdf, 0x7b, 0xdf, 0x73, 0x9d, 0x4a, 0x53, 
	0x39, 0xcf, 0x39, 0xcf, 0x39, 0xcf, 0x39, 0xcf, 
	0x73, 0x9d, 0x73, 0x9d, 0x73, 0x9d, 0x73, 0x9d, 
	0x73, 0x9d, 0x6b, 0x5b, 0x4a, 0x53, 0x39, 0xcf, 
	0x39, 0xcf, 0x39, 0xcf, 0x39, 0xcf, 0x39, 0xcf, 
	0x39, 0xcf, 0x4a, 0x53, 0x73, 0x9d, 0x7b, 0xdf, 
	0x7b, 0xdf, 0x73, 0x9d, 0x73, 0x9d, 0x73, 0x9d, 
	0x73, 0x9d, 0x73, 0x9d, 0x73, 0x9d, 0x73, 0x9d, 
	0x73, 0x9d, 0x7b, 0xdf, 0x7b, 0xdf, 0x6b, 0x5b, 
	0x42, 0x11, 0x39, 0xcf, 0x39, 0xcf, 0x39, 0xcf, 
	0x73, 0x9d, 0x73, 0x9d, 0x73, 0x9d, 0x73, 0x9d, 
	0x73, 0x9d, 0x73, 0x9d, 0x6b, 0x5b, 0x39, 0xcf, 
	0x39, 0xcf, 0x39, 0xcf, 0x39, 0xcf, 0x39, 0xcf, 
	0x39, 0xcf, 0x39, 0xcf, 0x6b, 0x5b, 0x73, 0x9d, 
	0x73, 0x9d, 0x73, 0x9d, 0x73, 0x9d, 0x73, 0x9d, 
	0x73, 0x9d, 0x73, 0x9d, 0x73, 0x9d, 0x73, 0x9d, 
	0x73, 0x9d, 0x73, 0x9d, 0x73, 0x9d, 0x73, 0x9d, 
	0x42, 0x11, 0x39, 0xcf, 0x39, 0xcf, 0x39, 0xcf, 
	0x73, 0x9d, 0x73, 0x9d, 0x73, 0x9d, 0x73, 0x9d, 
	0x73, 0x9d, 0x73, 0x9d, 0x73, 0x9d, 0x42, 0x11, 
	0x39, 0xcf, 0x39, 0xcf, 0x39, 0xcf, 0x39, 0xcf, 
	0x39, 0xcf, 0x39, 0xcf, 0x63, 0x19, 0x73, 0x9d, 
	0x73, 0x9d, 0x73, 0x9d, 0x73, 0x9d, 0x73, 0x9d, 
	0x73, 0x9d, 0x73, 0x9d, 0x73, 0x9d, 0x73, 0x9d, 
	0x73, 0x9d, 0x73, 0x9d, 0x73, 0x9d, 0x73, 0x9d, 
	0x42, 0x11, 0x39, 0xcf, 0x39, 0xcf, 0x39, 0xcf, 
	0x73, 0x9d, 0x73, 0x9d, 0x73, 0x9d, 0x73, 0x9d, 
	0x73, 0x9d, 0x73, 0x9d, 0x63, 0x19, 0x39, 0xcf, 
	0x39, 0xcf, 0x39, 0xcf, 0x39, 0xcf, 0x39, 0xcf, 
	0x39, 0xcf, 0x39, 0xcf, 0x63, 0x19, 0x73, 0x9d, 
	0x73, 0x9d, 0x73, 0x9d, 0x73, 0x9d, 0x73, 0x9d, 
	0x73, 0x9d, 0x73, 0x9d, 0x73, 0x9d, 0x73, 0x9d, 
	0x73, 0x9d, 0x73, 0x9d, 0x73, 0x9d, 0x73, 0x9d, 
	0x42, 0x11, 0x39, 0xcf, 0x39, 0xcf, 0x39, 0xcf, 
	0x73, 0x9d, 0x73, 0x9d, 0x73, 0x9d, 0x73, 0x9d, 
	0x6b, 0x5b, 0x63, 0x19, 0x42, 0x11, 0x39, 0xcf, 
	0x39, 0xcf, 0x39, 0xcf, 0x39, 0xcf, 0x39, 0xcf, 
	0x39, 0xcf, 0x42, 0x11, 0x6b, 0x5b, 0x73, 0x9d, 
	0x73, 0x9d, 0x73, 0x9d, 0x73, 0x9d, 0x73, 0x9d, 
	0x73, 0x9d, 0x73, 0x9d, 0x73, 0x9d, 0x73, 0x9d, 
	0x73, 0x9d, 0x73, 0x9d, 0x73, 0x9d, 0x73, 0x9d, 
	0x42, 0x11, 0x39, 0xcf, 0x39, 0xcf, 0x39, 0xcf, 
	0x52, 0x95, 0x52, 0x95, 0x52, 0x95, 0x4a, 0x53, 
	0x42, 0x11, 0x39, 0xcf, 0x39, 0xcf, 0x39, 0xcf, 
	0x39, 0xcf, 0x39, 0xcf, 0x39, 0xcf, 0x39, 0xcf, 
	0x39, 0xcf, 0x5a, 0xd7, 0x73, 0x9d, 0x73, 0x9d, 
	0x73, 0x9d, 0x73, 0x9d, 0x73, 0x9d, 0x73, 0x9d, 
	0x73, 0x9d, 0x73, 0x9d, 0x73, 0x9d, 0x73, 0x9d, 
	0x73, 0x9d, 0x73, 0x9d, 0x73, 0x9d, 0x73, 0x9d, 
	0x42, 0x11, 0x39, 0xcf, 0x39, 0xcf, 0x39, 0xcf, 
	0x39, 0xcf, 0x39, 0xcf, 0x39, 0xcf, 0x39, 0xcf, 
	0x39, 0xcf, 0x39, 0xcf, 0x39, 0xcf, 0x39, 0xcf, 
	0x39, 0xcf, 0x39, 0xcf, 0x39, 0xcf, 0x39, 0xcf, 
	0x52, 0x95, 0x6b, 0x5b, 0x73, 0x9d, 0x73, 0x9d, 
	0x6b, 0x5b, 0x6b, 0x5b, 0x73, 0x9d, 0x73, 0x9d, 
	0x73, 0x9d, 0x73, 0x9d, 0x73, 0x9d, 0x73, 0x9d, 
	0x73, 0x9d, 0x73, 0x9d, 0x73, 0x9d, 0x6b, 0x5b, 
	0x42, 0x11, 0x39, 0xcf, 0x39, 0xcf, 0x39, 0xcf, 
	0x39, 0xcf, 0x31, 0x8d, 0x31, 0x8d, 0x39, 0xcf, 
	0x39, 0xcf, 0x31, 0x8d, 0x31, 0x8d, 0x31, 0x8d, 
	0x31, 0x8d, 0x39, 0xcf, 0x4a, 0x53, 0x63, 0x19, 
	0x6b, 0x5b, 0x6b, 0x5b, 0x6b, 0x5b, 0x6b, 0x5b, 
	0x6b, 0x5b, 0x6b, 0x5b, 0x73, 0x9d, 0x73, 0x9d, 
	0x73, 0x9d, 0x6b, 0x5d, 0x6b, 0x5b, 0x6b, 0x5b, 
	0x6b, 0x5b, 0x6b, 0x5b, 0x73, 0x9d, 0x6b, 0x5b, 
	0x39, 0xcf, 0x31, 0x8d, 0x31, 0x8d, 0x31, 0x8d, 
	0x31, 0x8d, 0x31, 0x8d, 0x31, 0x8d, 0x31, 0x8d, 
	0x31, 0x8d, 0x39, 0xcf, 0x39, 0xcf, 0x4a, 0x53, 
	0x52, 0x95, 0x63, 0x19, 0x6b, 0x5b, 0x6b, 0x5b, 
	0x6b, 0x5b, 0x6b, 0x5b, 0x6b, 0x5b, 0x6b, 0x5b, 
	0x6b, 0x5b, 0x6b, 0x5b, 0x6b, 0x5b, 0x6b, 0x5b, 
	0x73, 0x5b, 0x6b, 0x5b, 0x6b, 0x5b, 0x6b, 0x5b, 
	0x6b, 0x5b, 0x6b, 0x5b, 0x6b, 0x5b, 0x6b, 0x5b, 
	0x39, 0xcf, 0x31, 0x8d, 0x31, 0x8d, 0x31, 0x8d, 
	0x63, 0x19, 0x63, 0x19, 0x63, 0x19, 0x63, 0x19, 
	0x63, 0x19, 0x6b, 0x5b, 0x6b, 0x5b, 0x6b, 0x5b, 
	0x6b, 0x5b, 0x6b, 0x5b, 0x6b, 0x5b, 0x6b, 0x5b, 
	0x6b, 0x5b, 0x6b, 0x5b, 0x6b, 0x5b, 0x6b, 0x5b, 
	0x6b, 0x5b, 0x6b, 0x5b, 0x6b, 0x5b, 0x6b, 0x5b, 
	0x6b, 0x5b, 0x6b, 0x5b, 0x6b, 0x5b, 0x6b, 0x5b, 
	0x6b, 0x5b, 0x6b, 0x5b, 0x6b, 0x5b, 0x6b, 0x5b, 
	0x63, 0x19, 0x63, 0x19, 0x63, 0x19, 0x63, 0x19, 
	0x6b, 0x5b, 0x6b, 0x5b, 0x6b, 0x5b, 0x6b, 0x5b, 
	0x6b, 0x5b, 0x6b, 0x5b, 0x6b, 0x5b, 0x6b, 0x5b, 
	0x6b, 0x5b, 0x6b, 0x5b, 0x6b, 0x5b, 0x6b, 0x5b, 
	0x6b, 0x5b, 0x6b, 0x5b, 0x6b, 0x5b, 0x6b, 0x5b, 
	0x6b, 0x5b, 0x6b, 0x5b, 0x6b, 0x5b, 0x6b, 0x5b, 
	0x6b, 0x5b, 0x6b, 0x5b, 0x6b, 0x5b, 0x6b, 0x5b, 
	0x6b, 0x5b, 0x6b, 0x5b, 0x6b, 0x5b, 0x6b, 0x5b, 
	0x6b, 0x5b, 0x6b, 0x5b, 0x6b, 0x5b, 0x6b, 0x5b, 
	0x6b, 0x5b, 0x6b, 0x5b, 0x6b, 0x5b, 0x6b, 0x5b, 
	0x6b, 0x5b, 0x6b, 0x5b, 0x6b, 0x5b, 0x6b, 0x5b, 
	0x6b, 0x5b, 0x6b, 0x5b, 0x6b, 0x5b, 0x6b, 0x5b, 
	0x6b, 0x5b, 0x6b, 0x5b, 0x6b, 0x5b, 0x6b, 0x5b, 
	0x6b, 0x5b, 0x6b, 0x5b, 0x6b, 0x5b, 0x6b, 0x5b, 
	0x6b, 0x5b, 0x6b, 0x5b, 0x6b, 0x5b, 0x6b, 0x5b, 
	0x6b, 0x5b, 0x6b, 0x5b, 0x6b, 0x5b, 0x6b, 0x5b, 
	0x6b, 0x5b, 0x6b, 0x5b, 0x6b, 0x5b, 0x6b, 0x5b, 
	0x6b, 0x5b, 0x6b, 0x5b, 0x6b, 0x5b, 0x6b, 0x5b, 
	0x6b, 0x5b, 0x6b, 0x5b, 0x6b, 0x5b, 0x6b, 0x5b, 
	0x6b, 0x5b, 0x6b, 0x5b, 0x6b, 0x5b, 0x6b, 0x5b, 
	0x6b, 0x5b, 0x6b, 0x5b, 0x6b, 0x5b, 0x6b, 0x5b, 
	0x63, 0x5b, 0x63, 0x5b, 0x6b, 0x5b, 0x6b, 0x5b, 
	0x6b, 0x5b, 0x6b, 0x5b, 0x6b, 0x5b, 0x6b, 0x5b, 
	0x6b, 0x5b, 0x6b, 0x5b, 0x6b, 0x5b, 0x6b, 0x5b, 
	0x6b, 0x5b, 0x6b, 0x5b, 0x6b, 0x5b, 0x6b, 0x5b, 
	0x6b, 0x5b, 0x6b, 0x5b, 0x6b, 0x5b, 0x6b, 0x5b, 
	0x63, 0x19, 0x63, 0x19, 0x63, 0x19, 0x63, 0x19, 
	0x63, 0x19, 0x63, 0x19, 0x6b, 0x5b, 0x6b, 0x5b, 
	0x6b, 0x5b, 0x6b, 0x5b, 0x63, 0x19, 0x63, 0x19, 
	0x63, 0x19, 0x63, 0x19, 0x63, 0x19, 0x63, 0x19, 
	0x63, 0x19, 0x63, 0x19, 0x6b, 0x5b, 0x6b, 0x5b, 
	0x6b, 0x5b, 0x6b, 0x5b, 0x6b, 0x5b, 0x6b, 0x5b, 
	0x6b, 0x5b, 0x6b, 0x5b, 0x6b, 0x59, 0x63, 0x59, 
	0x6b, 0x5b, 0x63, 0x1b, 0x63, 0x5b, 0x6b, 0x5b, 
	0x63, 0x19, 0x63, 0x19, 0x63, 0x19, 0x63, 0x19, 
	0x63, 0x19, 0x63, 0x19, 0x63, 0x19, 0x63, 0x19, 
	0x63, 0x19, 0x63, 0x19, 0x63, 0x19, 0x63, 0x19, 
	0x63, 0x19, 0x63, 0x19, 0x63, 0x19, 0x63, 0x19, 
	0x63, 0x19, 0x63, 0x19, 0x63, 0x19, 0x63, 0x19, 
	0x63, 0x19, 0x63, 0x19, 0x63, 0x19, 0x63, 0x19, 
	0x63, 0x19, 0x63, 0x19, 0x63, 0x19, 0x63, 0x19, 
	0x63, 0x19, 0x63, 0x19, 0x63, 0x19, 0x63, 0x19, 
	0x63, 0x19, 0x63, 0x19, 0x63, 0x19, 0x63, 0x19, 
	0x63, 0x19, 0x63, 0x19, 0x63, 0x19, 0x63, 0x19, 
	0x63, 0x19, 0x63, 0x19, 0x63, 0x19, 0x63, 0x19, 
	0x63, 0x19, 0x63, 0x19, 0x63, 0x19, 0x63, 0x19, 
	0x63, 0x19, 0x63, 0x19, 0x63, 0x19, 0x63, 0x19, 
	0x63, 0x19, 0x63, 0x19, 0x63, 0x19, 0x63, 0x19, 
	0x63, 0x19, 0x63, 0x19, 0x63, 0x19, 0x63, 0x19, 
	0x63, 0x19, 0x63, 0x19, 0x63, 0x19, 0x63, 0x19, 
	0x63, 0x19, 0x63, 0x19, 0x63, 0x19, 0x63, 0x19, 
	0x63, 0x19, 0x63, 0x19, 0x63, 0x19, 0x63, 0x19, 
	0x63, 0x19, 0x63, 0x19, 0x63, 0x19, 0x63, 0x19, 
	0x63, 0x19, 0x63, 0x19, 0x63, 0x19, 0x63, 0x19, 
	0x63, 0x19, 0x63, 0x19, 0x63, 0x19, 0x63, 0x19, 
	0x63, 0x19, 0x63, 0x19, 0x63, 0x19, 0x63, 0x19, 
	0x63, 0x19, 0x63, 0x19, 0x63, 0x19, 0x63, 0x19, 
	0x63, 0x19, 0x63, 0x19, 0x63, 0x19, 0x63, 0x19, 
	0x63, 0x19, 0x63, 0x19, 0x63, 0x19, 0x63, 0x19, 
	0x63, 0x19, 0x63, 0x19, 0x63, 0x19, 0x63, 0x19, 
	0x63, 0x19, 0x63, 0x19, 0x63, 0x19, 0x63, 0x19, 
	0x63, 0x19, 0x63, 0x19, 0x63, 0x19, 0x63, 0x19, 
	0x63, 0x19, 0x63, 0x19, 0x63, 0x19, 0x63, 0x19, 
	0x63, 0x19, 0x63, 0x19, 0x63, 0x19, 0x63, 0x19, 
	0x63, 0x19, 0x63, 0x19, 0x63, 0x19, 0x63, 0x19, 
	0x63, 0x19, 0x63, 0x19, 0x63, 0x19, 0x63, 0x19, 
	0x63, 0x19, 0x63, 0x19, 0x63, 0x19, 0x63, 0x19, 
	0x63, 0x19, 0x63, 0x19, 0x63, 0x19, 0x63, 0x19, 
	0x63, 0x19, 0x63, 0x19, 0x63, 0x19, 0x63, 0x19, 
	0x63, 0x19, 0x63, 0x19, 0x63, 0x19, 0x63, 0x19, 
	0x63, 0x19, 0x63, 0x19, 0x63, 0x19, 0x63, 0x19, 
	0x63, 0x19, 0x63, 0x19, 0x63, 0x19, 0x63, 0x19, 
	0x63, 0x19, 0x63, 0x19, 0x63, 0x19, 0x63, 0x19, 
	
};

Gfx INTRO_SCREEN_tile_3_0_rgba16_aligner[] = {gsSPEndDisplayList()};
u8 INTRO_SCREEN_tile_3_0_rgba16[] = {
	0xff, 0xbf, 0xff, 0xff, 0xff, 0xbf, 0xff, 0xff, 
	0xff, 0xff, 0xff, 0xff, 0xff, 0xff, 0xff, 0xff, 
	0xff, 0xff, 0xf7, 0xbd, 0xf7, 0xbd, 0xf7, 0xbd, 
	0xf7, 0xbd, 0xff, 0xbf, 0xf7, 0xbf, 0xf7, 0xbd, 
	0xff, 0xff, 0xf7, 0xff, 0xf7, 0xfd, 0xff, 0xff, 
	0xff, 0xff, 0xf7, 0xbd, 0xf7, 0xbd, 0xff, 0xff, 
	0xff, 0xff, 0xff, 0xff, 0xff, 0xff, 0xff, 0xff, 
	0xff, 0xff, 0xff, 0xff, 0xff, 0xbf, 0xff, 0xff, 
	0xff, 0xbf, 0xff, 0xff, 0xff, 0xbf, 0xff, 0xff, 
	0xff, 0xff, 0xff, 0xff, 0xff, 0xff, 0xff, 0xff, 
	0xff, 0xff, 0xf7, 0xbd, 0xf7, 0xbd, 0xf7, 0xbd, 
	0xf7, 0xbd, 0xff, 0xbf, 0xf7, 0xbf, 0xf7, 0xbd, 
	0xff, 0xff, 0xf7, 0xff, 0xf7, 0xfd, 0xff, 0xff, 
	0xff, 0xff, 0xf7, 0xbd, 0xf7, 0xbd, 0xff, 0xff, 
	0xff, 0xff, 0xff, 0xff, 0xff, 0xff, 0xff, 0xff, 
	0xff, 0xff, 0xff, 0xff, 0xff, 0xbf, 0xff, 0xff, 
	0xf7, 0xbd, 0xf7, 0xbd, 0xf7, 0xbd, 0xf7, 0xbd, 
	0xf7, 0xfd, 0xf7, 0xbd, 0xf7, 0xbd, 0xf7, 0xbd, 
	0xf7, 0xbd, 0xf7, 0xbd, 0xf7, 0xbd, 0xf7, 0xbd, 
	0xf7, 0xbd, 0xf7, 0xbd, 0xf7, 0xbd, 0xf7, 0xbd, 
	0xf7, 0xbd, 0xf7, 0xbd, 0xf7, 0xbd, 0xf7, 0xbd, 
	0xf7, 0xbd, 0xf7, 0xbd, 0xf7, 0xbd, 0xf7, 0xbd, 
	0xf7, 0xbd, 0xf7, 0xbd, 0xff, 0xff, 0xf7, 0xbd, 
	0xf7, 0xbd, 0xf7, 0xbd, 0xf7, 0xbd, 0xf7, 0xbd, 
	0xf7, 0xbd, 0xf7, 0xbd, 0xf7, 0xbd, 0xf7, 0xbd, 
	0xf7, 0xbd, 0xf7, 0xbd, 0xf7, 0xbd, 0xf7, 0xbd, 
	0xf7, 0xbd, 0xf7, 0xbd, 0xf7, 0xbd, 0xf7, 0xbd, 
	0xf7, 0xbd, 0xf7, 0xbd, 0xf7, 0xbd, 0xf7, 0xbd, 
	0xf7, 0xbd, 0xf7, 0xbd, 0xf7, 0xbd, 0xf7, 0xbd, 
	0xf7, 0xbd, 0xf7, 0xbd, 0xf7, 0xbd, 0xf7, 0xbd, 
	0xf7, 0xbd, 0xf7, 0xbd, 0xf7, 0xbd, 0xf7, 0xbd, 
	0xf7, 0xbd, 0xf7, 0xbd, 0xf7, 0xbd, 0xf7, 0xbd, 
	0xf7, 0xbd, 0xf7, 0xbd, 0xf7, 0xbd, 0xf7, 0xbd, 
	0xf7, 0xbd, 0xf7, 0xbd, 0xf7, 0xbd, 0xf7, 0xbd, 
	0xf7, 0xbd, 0xf7, 0xbd, 0xf7, 0xbd, 0xf7, 0xbd, 
	0xf7, 0xbd, 0xf7, 0xbd, 0xf7, 0xbd, 0xf7, 0xbd, 
	0xf7, 0xbd, 0xf7, 0xbd, 0xf7, 0xbd, 0xf7, 0xbd, 
	0xf7, 0xbd, 0xf7, 0xbd, 0xf7, 0xbd, 0xf7, 0xbd, 
	0xf7, 0xbd, 0xf7, 0xbd, 0xf7, 0xbd, 0xf7, 0xbd, 
	0xf7, 0xbd, 0xf7, 0xbd, 0xf7, 0xbd, 0xf7, 0xbd, 
	0xf7, 0xbd, 0xf7, 0xbd, 0xf7, 0xbd, 0xf7, 0xbd, 
	0xf7, 0xbd, 0xf7, 0xbd, 0xf7, 0xbd, 0xf7, 0xbd, 
	0xf7, 0xbd, 0xf7, 0xbd, 0xf7, 0xbd, 0xf7, 0xbd, 
	0xf7, 0xbd, 0xf7, 0xbd, 0xf7, 0xbd, 0xf7, 0xbd, 
	0xf7, 0xbd, 0xf7, 0xbd, 0xf7, 0xbd, 0xf7, 0xbd, 
	0xf7, 0xbd, 0xf7, 0xbd, 0xf7, 0xbd, 0xf7, 0xbd, 
	0xf7, 0xbd, 0xf7, 0xbd, 0xf7, 0xbd, 0xf7, 0xbd, 
	0xf7, 0xbd, 0xf7, 0xbd, 0xf7, 0xbd, 0xf7, 0xbd, 
	0xf7, 0xbd, 0xf7, 0xbd, 0xf7, 0xbd, 0xf7, 0xbd, 
	0xf7, 0xbd, 0xf7, 0xbd, 0xf7, 0xbd, 0xf7, 0xbd, 
	0xf7, 0xbd, 0xf7, 0xbd, 0xf7, 0xbd, 0xf7, 0xbd, 
	0xf7, 0xbd, 0xf7, 0xbd, 0xf7, 0xbd, 0xf7, 0xbd, 
	0xf7, 0xbd, 0xf7, 0xbd, 0xf7, 0xbd, 0xf7, 0xbd, 
	0xf7, 0xbd, 0xf7, 0xbd, 0xf7, 0xbd, 0xf7, 0xbd, 
	0xf7, 0xbd, 0xf7, 0xbd, 0xf7, 0xbd, 0xf7, 0xbd, 
	0xf7, 0xbd, 0xf7, 0xbd, 0xf7, 0xbd, 0xf7, 0xbd, 
	0xf7, 0xbd, 0xf7, 0xbd, 0xf7, 0xbd, 0xf7, 0xbd, 
	0xf7, 0xbd, 0xf7, 0xbd, 0xf7, 0xbd, 0xf7, 0xbd, 
	0xf7, 0xbd, 0xf7, 0xbd, 0xf7, 0xbd, 0xf7, 0xbd, 
	0xf7, 0xbd, 0xf7, 0xbd, 0xf7, 0xbd, 0xf7, 0xbd, 
	0xf7, 0xbd, 0xf7, 0xbd, 0xf7, 0xbd, 0xf7, 0xbd, 
	0xf7, 0xbd, 0xf7, 0xbd, 0xf7, 0xbd, 0xf7, 0xbd, 
	0xf7, 0xbd, 0xf7, 0xbb, 0xf7, 0xbd, 0xf7, 0xbd, 
	0xf7, 0xbd, 0xf7, 0xbd, 0xf7, 0xbd, 0xf7, 0xbd, 
	0xef, 0x7b, 0xf7, 0xbd, 0xf7, 0xbd, 0xf7, 0xbd, 
	0xf7, 0xbd, 0xf7, 0xbd, 0xef, 0x7b, 0xf7, 0xbd, 
	0xef, 0x7d, 0xf7, 0xbd, 0xf7, 0xbd, 0xef, 0x7b, 
	0xf7, 0xbd, 0xf7, 0xbd, 0xf7, 0xbd, 0xf7, 0xbd, 
	0xf7, 0xbd, 0xf7, 0xbd, 0xf7, 0xbd, 0xf7, 0xbd, 
	0xf7, 0xbd, 0xf7, 0xbd, 0xef, 0x7b, 0xef, 0x7b, 
	0xf7, 0x7b, 0xef, 0x7b, 0xef, 0x7b, 0xef, 0x7b, 
	0xef, 0x7b, 0xef, 0x7b, 0xef, 0x7b, 0xef, 0x7b, 
	0xef, 0x7b, 0xef, 0x7b, 0xef, 0x7b, 0xef, 0x7b, 
	0xef, 0x7b, 0xef, 0x7b, 0xef, 0x7b, 0xef, 0x7b, 
	0xef, 0x7b, 0xef, 0x7b, 0xef, 0x7b, 0xef, 0x7b, 
	0xef, 0x7b, 0xef, 0x7b, 0xef, 0x7b, 0xef, 0x7b, 
	0xef, 0x7b, 0xef, 0x7b, 0xef, 0x7b, 0xef, 0x7b, 
	0xef, 0x7b, 0xef, 0x7b, 0xef, 0x7b, 0xef, 0x7b, 
	0xef, 0x7b, 0xef, 0x7b, 0xef, 0x7b, 0xef, 0x7b, 
	0xef, 0x7b, 0xef, 0x7b, 0xef, 0x7b, 0xef, 0x7b, 
	0xef, 0x7b, 0xef, 0x7b, 0xef, 0x7b, 0xef, 0x7b, 
	0xef, 0x7b, 0xef, 0x7b, 0xef, 0x7b, 0xef, 0x7b, 
	0xef, 0x7b, 0xef, 0x7b, 0xef, 0x7b, 0xef, 0x7b, 
	0xef, 0x7b, 0xef, 0x7b, 0xef, 0x7b, 0xef, 0x7b, 
	0xef, 0x7b, 0xef, 0x7b, 0xef, 0x7b, 0xef, 0x7b, 
	0xef, 0x7b, 0xef, 0x7b, 0xef, 0x7b, 0xef, 0x7b, 
	0xef, 0x7b, 0xef, 0x7b, 0xef, 0x7b, 0xef, 0x7b, 
	0xef, 0x7b, 0xef, 0x7b, 0xef, 0x7b, 0xef, 0x7b, 
	0xef, 0x7b, 0xef, 0x7b, 0xef, 0x7b, 0xef, 0x7b, 
	0xef, 0x7b, 0xef, 0x7b, 0xef, 0x7b, 0xef, 0x7b, 
	0xef, 0x7b, 0xef, 0x7b, 0xef, 0x7b, 0xef, 0x7b, 
	0xef, 0x7b, 0xef, 0x7b, 0xef, 0x7b, 0xef, 0x7b, 
	0xef, 0x7b, 0xef, 0x7b, 0xef, 0x7b, 0xef, 0x7b, 
	0xef, 0x7b, 0xef, 0x7b, 0xef, 0x7b, 0xef, 0x7b, 
	0xef, 0x7b, 0xef, 0x7b, 0xef, 0x7b, 0xe7, 0x39, 
	0xe7, 0x39, 0xe7, 0x39, 0xe7, 0x39, 0xef, 0x7b, 
	0x94, 0xa5, 0x94, 0xa5, 0x94, 0xa5, 0x94, 0xa5, 
	0x94, 0xa5, 0x94, 0xa5, 0x94, 0xa5, 0x94, 0xa5, 
	0x94, 0xa5, 0x94, 0xa5, 0x94, 0xa5, 0x94, 0xa5, 
	0x94, 0xa5, 0x94, 0xa5, 0x94, 0xa5, 0x94, 0xa5, 
	0xb5, 0xad, 0xef, 0x7b, 0xef, 0x7b, 0xef, 0x7b, 
	0xef, 0x7b, 0xef, 0x7b, 0xef, 0x7b, 0xef, 0x7b, 
	0xd6, 0xb5, 0xad, 0x6b, 0x84, 0x21, 0x63, 0x19, 
	0x4a, 0x53, 0x4a, 0x53, 0x63, 0x19, 0x84, 0x21, 
	0x31, 0x8d, 0x00, 0x01, 0x00, 0x01, 0x00, 0x01, 
	0x00, 0x01, 0x00, 0x01, 0x00, 0x01, 0x00, 0x01, 
	0x00, 0x01, 0x00, 0x01, 0x00, 0x01, 0x00, 0x01, 
	0x00, 0x01, 0x00, 0x01, 0x00, 0x01, 0x00, 0x01, 
	0x94, 0xa5, 0xef, 0x7b, 0xef, 0x7b, 0xef, 0x7b, 
	0xef, 0x7b, 0xef, 0x7b, 0xde, 0xf7, 0x9c, 0xe7, 
	0x39, 0xcf, 0x10, 0x85, 0x00, 0x01, 0x00, 0x01, 
	0x00, 0x01, 0x00, 0x01, 0x00, 0x01, 0x00, 0x01, 
	0x31, 0x8d, 0x00, 0x01, 0x00, 0x01, 0x00, 0x01, 
	0x00, 0x01, 0x00, 0x01, 0x00, 0x01, 0x00, 0x01, 
	0x00, 0x01, 0x00, 0x01, 0x00, 0x01, 0x00, 0x01, 
	0x00, 0x01, 0x00, 0x01, 0x00, 0x01, 0x00, 0x01, 
	0x94, 0x63, 0xe7, 0x39, 0xef, 0x7b, 0xef, 0x79, 
	0xe7, 0x3b, 0xd6, 0xb5, 0x6b, 0x5b, 0x08, 0x43, 
	0x00, 0x01, 0x00, 0x01, 0x00, 0x01, 0x00, 0x01, 
	0x00, 0x01, 0x00, 0x01, 0x00, 0x01, 0x00, 0x01, 
	0x39, 0xcf, 0x21, 0x09, 0x21, 0x09, 0x21, 0x09, 
	0x21, 0x09, 0x21, 0x09, 0x00, 0x01, 0x00, 0x01, 
	0x00, 0x01, 0x00, 0x01, 0x18, 0xc7, 0x21, 0x09, 
	0x21, 0x09, 0x21, 0x09, 0x21, 0x09, 0x21, 0x09, 
	0x94, 0xa5, 0xe7, 0x39, 0xe7, 0x39, 0xe7, 0x39, 
	0xde, 0xf7, 0x6b, 0x5b, 0x00, 0x01, 0x00, 0x01, 
	0x00, 0x01, 0x00, 0x01, 0x10, 0x85, 0x31, 0x8d, 
	0x4a, 0x53, 0x4a, 0x53, 0x39, 0xcf, 0x18, 0xc7, 
	0xce, 0x73, 0xce, 0x73, 0xce, 0x73, 0xce, 0x73, 
	0xce, 0x73, 0xbd, 0xef, 0x29, 0x4b, 0x00, 0x01, 
	0x00, 0x01, 0x00, 0x01, 0x8c, 0x63, 0xc6, 0x31, 
	0xc6, 0x31, 0xc6, 0x31, 0xce, 0x73, 0xce, 0x73, 
	0xd6, 0xb5, 0xe7, 0x39, 0xe7, 0x39, 0xe7, 0x39, 
	0x94, 0xa5, 0x08, 0x43, 0x00, 0x01, 0x00, 0x01, 
	0x00, 0x01, 0x39, 0xcf, 0xa5, 0x29, 0xd6, 0xb5, 
	0xde, 0xf7, 0xde, 0xf7, 0xd6, 0xb5, 0xb5, 0xad, 
	0xe7, 0x39, 0xe7, 0x39, 0xe7, 0x39, 0xe7, 0x39, 
	0xe7, 0x39, 0xde, 0xf7, 0x31, 0x8d, 0x00, 0x01, 
	0x00, 0x01, 0x00, 0x01, 0x9c, 0xe7, 0xe7, 0x39, 
	0xe7, 0x39, 0xe7, 0x39, 0xe7, 0x39, 0xe7, 0x39, 
	0xe7, 0x39, 0xe7, 0x39, 0xe7, 0x39, 0xce, 0x73, 
	0x31, 0x8d, 0x00, 0x01, 0x00, 0x01, 0x00, 0x01, 
	0x39, 0xcf, 0xc6, 0x31, 0xe7, 0x39, 0xe7, 0x39, 
	0xe7, 0x39, 0xe7, 0x39, 0xe7, 0x39, 0xe7, 0x39, 
	0xe7, 0x39, 0xe7, 0x39, 0xe7, 0x39, 0xe7, 0x39, 
	0xe7, 0x39, 0xde, 0xf7, 0x31, 0x8d, 0x00, 0x01, 
	0x00, 0x01, 0x00, 0x01, 0x9c, 0xe7, 0xe7, 0x39, 
	0xe7, 0x39, 0xe7, 0x39, 0xe7, 0x39, 0xe7, 0x39, 
	0xe7, 0x39, 0xe7, 0x39, 0xe7, 0x39, 0x94, 0xa5, 
	0x00, 0x01, 0x00, 0x01, 0x00, 0x01, 0x08, 0x43, 
	0xa5, 0x29, 0xe7, 0x39, 0xe7, 0x39, 0xe7, 0x39, 
	0xe7, 0x39, 0xe7, 0x39, 0xe7, 0x39, 0xe7, 0x39, 
	0xe7, 0x39, 0xe7, 0x39, 0xe7, 0x39, 0xe7, 0x39, 
	0xe7, 0x39, 0xd6, 0xb5, 0x31, 0x8d, 0x00, 0x01, 
	0x00, 0x01, 0x00, 0x01, 0x9c, 0xe7, 0xe7, 0x39, 
	0xe7, 0x39, 0xe7, 0x39, 0xe7, 0x39, 0xe7, 0x39, 
	0xe7, 0x39, 0xe7, 0x39, 0xde, 0xf7, 0x4a, 0x53, 
	0x00, 0x01, 0x00, 0x01, 0x00, 0x01, 0x39, 0xcf, 
	0xd6, 0xb5, 0xe7, 0x39, 0xe7, 0x39, 0xe7, 0x39, 
	0xe7, 0x39, 0xe7, 0x39, 0xe7, 0x39, 0xe7, 0x39, 
	0xde, 0xf7, 0xdf, 0x39, 0xe7, 0x39, 0xe7, 0x39, 
	0xe7, 0x39, 0xd6, 0xb5, 0x31, 0x8d, 0x00, 0x01, 
	0x00, 0x01, 0x00, 0x01, 0x9c, 0xe7, 0xde, 0xf7, 
	0xde, 0xf7, 0xdf, 0x39, 0xe7, 0x39, 0xe7, 0x39, 
	0xe7, 0x39, 0xe7, 0x39, 0xce, 0x73, 0x29, 0x4b, 
	0x00, 0x01, 0x00, 0x01, 0x00, 0x01, 0x7b, 0xdf, 
	0xde, 0xf7, 0xe7, 0x39, 0xe7, 0x39, 0xe7, 0x39, 
	0xe7, 0x39, 0xde, 0xf7, 0xde, 0xf7, 0xde, 0xf7, 
	0xde, 0xf7, 0xde, 0xf7, 0xde, 0xf7, 0xde, 0xf7, 
	0xde, 0xf7, 0xd6, 0xb5, 0x31, 0x8d, 0x00, 0x01, 
	0x00, 0x01, 0x00, 0x01, 0x9c, 0xe7, 0xde, 0xf7, 
	0xde, 0xf7, 0xde, 0xf7, 0xde, 0xf7, 0xde, 0xf7, 
	0xde, 0xf7, 0xde, 0xf7, 0xb5, 0xad, 0x18, 0xc7, 
	0x00, 0x01, 0x00, 0x01, 0x00, 0x01, 0xa5, 0x29, 
	0xde, 0xf9, 0xde, 0xf7, 0xde, 0xf7, 0xde, 0xf7, 
	0xde, 0xf7, 0xde, 0xf7, 0xde, 0xf7, 0xde, 0xf7, 
	0xde, 0xf7, 0xde, 0xf7, 0xde, 0xf7, 0xde, 0xf7, 
	0xde, 0xf7, 0xd6, 0xb5, 0x31, 0x8d, 0x00, 0x01, 
	0x00, 0x01, 0x00, 0x01, 0x9c, 0xe7, 0xde, 0xf7, 
	0xde, 0xf7, 0xde, 0xf7, 0xde, 0xf7, 0xde, 0xf7, 
	0xde, 0xf7, 0xde, 0xf7, 0xad, 0x6b, 0x08, 0x43, 
	0x00, 0x01, 0x00, 0x01, 0x08, 0x43, 0xa5, 0x29, 
	0xde, 0xf7, 0xde, 0xf7, 0xde, 0xf7, 0xde, 0xf7, 
	0xde, 0xf7, 0xde, 0xf7, 0xde, 0xf7, 0xde, 0xf7, 
	0xde, 0xf7, 0xde, 0xf7, 0xde, 0xf7, 0xde, 0xf7, 
	0xde, 0xf7, 0xd6, 0xb5, 0x31, 0x8d, 0x00, 0x01, 
	0x00, 0x01, 0x00, 0x01, 0x94, 0xa5, 0xde, 0xf7, 
	0xde, 0xf7, 0xde, 0xf7, 0xde, 0xf7, 0xde, 0xf7, 
	0xde, 0xf7, 0xde, 0xf7, 0xa5, 0x29, 0x08, 0x43, 
	0x00, 0x01, 0x00, 0x01, 0x08, 0x43, 0xad, 0x6b, 
	0xde, 0xf7, 0xde, 0xf7, 0xde, 0xf7, 0xde, 0xf7, 
	0xde, 0xf7, 0xde, 0xf7, 0xde, 0xf7, 0xde, 0xf7, 
	0xde, 0xf7, 0xde, 0xf7, 0xde, 0xf7, 0xde, 0xf7, 
	0xde, 0xf7, 0xd6, 0xb5, 0x31, 0x8d, 0x00, 0x01, 
	0x00, 0x01, 0x00, 0x01, 0x94, 0xa5, 0xde, 0xf7, 
	0xde, 0xf7, 0xde, 0xf7, 0xde, 0xf7, 0xde, 0xf7, 
	0xde, 0xf7, 0xde, 0xf7, 0xa5, 0x29, 0x08, 0x43, 
	0x00, 0x01, 0x00, 0x01, 0x08, 0x43, 0xa5, 0x29, 
	0xde, 0xf7, 0xde, 0xf7, 0xde, 0xf7, 0xde, 0xf7, 
	0xde, 0xf7, 0xde, 0xf7, 0xde, 0xf7, 0xde, 0xf7, 
	0xde, 0xf7, 0xde, 0xf7, 0xde, 0xf7, 0xde, 0xf7, 
	0xde, 0xf7, 0xd6, 0xb5, 0x31, 0x8d, 0x00, 0x01, 
	0x00, 0x01, 0x00, 0x01, 0x94, 0xa5, 0xde, 0xf7, 
	0xde, 0xf7, 0xde, 0xf7, 0xde, 0xf7, 0xde, 0xf7, 
	0xde, 0xf7, 0xde, 0xf7, 0xad, 0x6b, 0x10, 0x85, 
	0x00, 0x01, 0x00, 0x01, 0x00, 0x01, 0x9c, 0xe7, 
	0xde, 0xf7, 0xde, 0xf7, 0xde, 0xf7, 0xde, 0xf7, 
	0xde, 0xf7, 0xde, 0xf7, 0xde, 0xf7, 0xde, 0xf7, 
	0xde, 0xf7, 0xde, 0xf7, 0xde, 0xf7, 0xde, 0xf7, 
	0xde, 0xf7, 0xce, 0x73, 0x31, 0x8d, 0x00, 0x01, 
	0x00, 0x01, 0x00, 0x01, 0x94, 0xa5, 0xde, 0xf7, 
	0xde, 0xf7, 0xde, 0xf7, 0xde, 0xf7, 0xde, 0xf7, 
	0xde, 0xf7, 0xde, 0xf7, 0xc6, 0x31, 0x21, 0x09, 
	0x00, 0x01, 0x00, 0x01, 0x00, 0x01, 0x84, 0x21, 
	0xde, 0xf7, 0xde, 0xf7, 0xde, 0xf7, 0xde, 0xf7, 
	0xde, 0xf7, 0xde, 0xf7, 0xde, 0xf7, 0xde, 0xf7, 
	0xd6, 0xb5, 0xde, 0xf7, 0xde, 0xf7, 0xd6, 0xf7, 
	0xd6, 0xb5, 0xce, 0x73, 0x31, 0x8d, 0x00, 0x01, 
	0x00, 0x01, 0x00, 0x01, 0x94, 0xa5, 0xd6, 0xb5, 
	0xd6, 0xb5, 0xd6, 0xb5, 0xd6, 0xb5, 0xd6, 0xb5, 
	0xd6, 0xb5, 0xd6, 0xb5, 0xd6, 0xb5, 0x39, 0xcf, 
	0x00, 0x01, 0x00, 0x01, 0x00, 0x01, 0x42, 0x11, 
	0xd6, 0xb5, 0xde, 0xf7, 0xde, 0xf7, 0xde, 0xf7, 
	0xde, 0xf7, 0xde, 0xf7, 0xde, 0xf7, 0xde, 0xf7, 
	0xd6, 0xb5, 0xd6, 0xb5, 0xd6, 0xb5, 0xd6, 0xb5, 
	0xd6, 0xb5, 0xce, 0x73, 0x31, 0x8d, 0x00, 0x01, 
	0x00, 0x01, 0x00, 0x01, 0x94, 0xa5, 0xd6, 0xb5, 
	0xd6, 0xb5, 0xd6, 0xb5, 0xd6, 0xb5, 0xd6, 0xb5, 
	0xd6, 0xb5, 0xd6, 0xb5, 0xd6, 0xb5, 0x7b, 0xdf, 
	0x00, 0x01, 0x00, 0x01, 0x00, 0x01, 0x10, 0x85, 
	0xa5, 0x29, 0xd6, 0xb5, 0xde, 0xf7, 0xde, 0xf7, 
	0xde, 0xf7, 0xd6, 0xb5, 0xde, 0xf7, 0xde, 0xf7, 
	0xd6, 0xb5, 0xd6, 0xb5, 0xd6, 0xb5, 0xd6, 0xb5, 
	0xd6, 0xb5, 0xce, 0x73, 0x31, 0x8d, 0x00, 0x01, 
	0x00, 0x01, 0x00, 0x01, 0x94, 0xa5, 0xd6, 0xb5, 
	0xd6, 0xb5, 0xd6, 0xb5, 0xd6, 0xb5, 0xd6, 0xb5, 
	0xd6, 0xb5, 0xd6, 0xb5, 0xd6, 0xb5, 0xad, 0x6b, 
	0x18, 0xc7, 0x00, 0x01, 0x00, 0x01, 0x00, 0x01, 
	0x42, 0x11, 0xbd, 0xef, 0xd6, 0xb5, 0xd6, 0xb5, 
	0xd6, 0xb5, 0xd6, 0xb5, 0xd6, 0xb5, 0xd6, 0xb5, 
	0xd6, 0xb5, 0xd6, 0xb5, 0xd6, 0xb5, 0xd6, 0xb5, 
	0xd6, 0xb5, 0xce, 0x73, 0x29, 0x8d, 0x00, 0x01, 
	0x00, 0x01, 0x00, 0x01, 0x94, 0xa5, 0xd6, 0xb5, 
	0xd6, 0xb5, 0xd6, 0xb5, 0xd6, 0xb5, 0xd6, 0xb5, 
	0xd6, 0xb5, 0xd6, 0xb5, 0xd6, 0xb5, 0xce, 0x73, 
	0x5a, 0xd7, 0x00, 0x01, 0x00, 0x01, 0x00, 0x01, 
	0x00, 0x01, 0x42, 0x11, 0x9c, 0xe7, 0xc6, 0x31, 
	0xce, 0x73, 0xce, 0x73, 0xc6, 0x71, 0xbd, 0xef, 
	0xd6, 0xb5, 0xd6, 0xb5, 0xd6, 0xb5, 0xd6, 0xb5, 
	0xd6, 0xb5, 0xce, 0x73, 0x29, 0x4b, 0x00, 0x01, 
	0x00, 0x01, 0x00, 0x01, 0x94, 0xa5, 0xd6, 0xb5, 
	0xd6, 0xb5, 0xd6, 0xb5, 0xd6, 0xb5, 0xd6, 0xb5, 
	0xd6, 0xb5, 0xd6, 0xb5, 0xd6, 0xb5, 0xd6, 0xb5, 
	0xb5, 0xad, 0x31, 0x8d, 0x00, 0x01, 0x00, 0x01, 
	0x00, 0x01, 0x00, 0x01, 0x10, 0x85, 0x29, 0x4b, 
	0x39, 0xcf, 0x39, 0xcf, 0x31, 0x8d, 0x21, 0x09, 
	
};

Gfx INTRO_SCREEN_tile_3_1_rgba16_aligner[] = {gsSPEndDisplayList()};
u8 INTRO_SCREEN_tile_3_1_rgba16[] = {
	0xd6, 0xb5, 0xd6, 0xb5, 0xd6, 0xb5, 0xd6, 0xb5, 
	0xd6, 0xb5, 0xce, 0x73, 0x29, 0x8d, 0x00, 0x01, 
	0x00, 0x01, 0x00, 0x01, 0x94, 0xa5, 0xd6, 0xb5, 
	0xd6, 0xb5, 0xd6, 0xb5, 0xd6, 0xb5, 0xd6, 0xb5, 
	0xd6, 0xb5, 0xd6, 0xb5, 0xd6, 0xb5, 0xce, 0x73, 
	0x5a, 0xd7, 0x00, 0x01, 0x00, 0x01, 0x00, 0x01, 
	0x00, 0x01, 0x42, 0x11, 0x9c, 0xe7, 0xc6, 0x31, 
	0xce, 0x73, 0xce, 0x73, 0xc6, 0x71, 0xbd, 0xef, 
	0xd6, 0xb5, 0xd6, 0xb5, 0xd6, 0xb5, 0xd6, 0xb5, 
	0xd6, 0xb5, 0xce, 0x73, 0x29, 0x4b, 0x00, 0x01, 
	0x00, 0x01, 0x00, 0x01, 0x94, 0xa5, 0xd6, 0xb5, 
	0xd6, 0xb5, 0xd6, 0xb5, 0xd6, 0xb5, 0xd6, 0xb5, 
	0xd6, 0xb5, 0xd6, 0xb5, 0xd6, 0xb5, 0xd6, 0xb5, 
	0xb5, 0xad, 0x31, 0x8d, 0x00, 0x01, 0x00, 0x01, 
	0x00, 0x01, 0x00, 0x01, 0x10, 0x85, 0x29, 0x4b, 
	0x39, 0xcf, 0x39, 0xcf, 0x31, 0x8d, 0x21, 0x09, 
	0xd6, 0xb5, 0xd6, 0xb5, 0xd6, 0xb5, 0xd6, 0xb5, 
	0xd6, 0xb5, 0xc6, 0x31, 0x29, 0x4b, 0x00, 0x01, 
	0x00, 0x01, 0x00, 0x01, 0x94, 0xa5, 0xd6, 0xb5, 
	0xd6, 0xb5, 0xd6, 0xb5, 0xd6, 0xb5, 0xd6, 0xb5, 
	0xd6, 0xb5, 0xd6, 0xb5, 0xd6, 0xb5, 0xd6, 0xb5, 
	0xd6, 0xb5, 0xad, 0x6b, 0x31, 0x8d, 0x00, 0x01, 
	0x00, 0x01, 0x00, 0x01, 0x00, 0x01, 0x00, 0x01, 
	0x00, 0x01, 0x00, 0x01, 0x00, 0x01, 0x00, 0x01, 
	0xce, 0x73, 0xce, 0x73, 0xce, 0xb5, 0xd6, 0xb5, 
	0xd6, 0xb5, 0xc6, 0x31, 0x29, 0x4b, 0x00, 0x01, 
	0x00, 0x01, 0x00, 0x01, 0x8c, 0x63, 0xd6, 0xb5, 
	0xd6, 0xb5, 0xd6, 0xb5, 0xce, 0x73, 0xce, 0x73, 
	0xd6, 0xb5, 0xd6, 0xb5, 0xd6, 0xb5, 0xd6, 0xb5, 
	0xd6, 0xb5, 0xd6, 0xb5, 0xb5, 0xad, 0x6b, 0x5b, 
	0x21, 0x09, 0x00, 0x01, 0x00, 0x01, 0x00, 0x01, 
	0x00, 0x01, 0x00, 0x01, 0x00, 0x01, 0x00, 0x01, 
	0xce, 0x73, 0xce, 0x73, 0xce, 0x73, 0xce, 0x73, 
	0xce, 0x73, 0xce, 0x73, 0x8c, 0x63, 0x84, 0x21, 
	0x84, 0x21, 0x84, 0x21, 0xad, 0x6b, 0xce, 0x73, 
	0xce, 0x73, 0xce, 0x73, 0xce, 0x73, 0xce, 0x73, 
	0xce, 0x73, 0xce, 0x73, 0xce, 0x73, 0xce, 0x73, 
	0xd6, 0x73, 0xd6, 0xb5, 0xd6, 0x75, 0xce, 0x73, 
	0xb5, 0xad, 0x8c, 0x63, 0x6b, 0x5b, 0x5a, 0xd7, 
	0x52, 0x95, 0x52, 0x95, 0x63, 0x19, 0x7b, 0xdf, 
	0xce, 0x73, 0xce, 0x73, 0xce, 0x73, 0xce, 0x73, 
	0xce, 0x73, 0xce, 0x73, 0xce, 0x73, 0xce, 0x73, 
	0xce, 0x73, 0xce, 0x73, 0xce, 0x73, 0xce, 0x73, 
	0xce, 0x73, 0xce, 0x73, 0xce, 0x73, 0xce, 0x73, 
	0xce, 0x73, 0xce, 0x73, 0xce, 0x73, 0xce, 0x73, 
	0xce, 0x73, 0xce, 0x73, 0xce, 0x73, 0xce, 0x73, 
	0xce, 0x73, 0xce, 0x73, 0xce, 0x73, 0xce, 0x73, 
	0xce, 0x73, 0xce, 0x73, 0xce, 0x73, 0xce, 0x73, 
	0xce, 0x73, 0xce, 0x73, 0xce, 0x73, 0xce, 0x73, 
	0xce, 0x73, 0xce, 0x73, 0xce, 0x73, 0xce, 0x73, 
	0xce, 0x73, 0xce, 0x73, 0xce, 0x73, 0xce, 0x73, 
	0xce, 0x73, 0xce, 0x73, 0xce, 0x73, 0xce, 0x73, 
	0xce, 0x73, 0xce, 0x73, 0xce, 0x73, 0xce, 0x73, 
	0xce, 0x73, 0xce, 0x73, 0xce, 0x73, 0xce, 0x73, 
	0xce, 0x73, 0xce, 0x73, 0xce, 0x73, 0xce, 0x73, 
	0xce, 0x73, 0xce, 0x73, 0xce, 0x73, 0xce, 0x73, 
	0xce, 0x73, 0xce, 0x73, 0xce, 0x73, 0xce, 0x73, 
	0xce, 0x73, 0xce, 0x73, 0xce, 0x73, 0xce, 0x73, 
	0xce, 0x73, 0xce, 0x73, 0xce, 0x73, 0xce, 0x73, 
	0xce, 0x73, 0xce, 0x73, 0xce, 0x73, 0xce, 0x73, 
	0xce, 0x73, 0xce, 0x73, 0xce, 0x73, 0xce, 0x73, 
	0xce, 0x73, 0xce, 0x73, 0xce, 0x73, 0xce, 0x73, 
	0xce, 0x73, 0xce, 0x73, 0xce, 0x73, 0xce, 0x73, 
	0xce, 0x73, 0xce, 0x73, 0xce, 0x73, 0xce, 0x73, 
	0xce, 0x73, 0xce, 0x73, 0xce, 0x73, 0xce, 0x73, 
	0xce, 0x73, 0xce, 0x73, 0xce, 0x73, 0xce, 0x73, 
	0xce, 0x73, 0xce, 0x73, 0xce, 0x73, 0xce, 0x73, 
	0xce, 0x73, 0xce, 0x73, 0xce, 0x73, 0xce, 0x73, 
	0xce, 0x73, 0xce, 0x73, 0xce, 0x73, 0xce, 0x73, 
	0xce, 0x73, 0xce, 0x73, 0xce, 0x73, 0xce, 0x73, 
	0xce, 0x73, 0xce, 0x73, 0xce, 0x73, 0xce, 0x73, 
	0xce, 0x73, 0xce, 0x73, 0xce, 0x73, 0xce, 0x73, 
	0xc6, 0x31, 0xc6, 0x31, 0xce, 0x73, 0xce, 0x73, 
	0xce, 0x73, 0xce, 0x73, 0xc6, 0x31, 0xc6, 0x31, 
	0xc6, 0x31, 0xc6, 0x31, 0xc6, 0x31, 0xc6, 0x31, 
	0xc6, 0x31, 0xc6, 0x31, 0xc6, 0x31, 0xc6, 0x31, 
	0xc6, 0x31, 0xc6, 0x31, 0xc6, 0x31, 0xc6, 0x31, 
	0xc6, 0x31, 0xc6, 0x31, 0xc6, 0x31, 0xc6, 0x31, 
	0xc6, 0x31, 0xc6, 0x31, 0xc6, 0x71, 0xc6, 0x73, 
	0xce, 0x73, 0xce, 0x73, 0xce, 0x73, 0xce, 0x73, 
	0xc6, 0x31, 0xc6, 0x31, 0xc6, 0x31, 0xc6, 0x31, 
	0xc6, 0x31, 0xc6, 0x31, 0xc6, 0x31, 0xc6, 0x31, 
	0xc6, 0x31, 0xc6, 0x31, 0xc6, 0x31, 0xc6, 0x31, 
	0xc6, 0x31, 0xc6, 0x31, 0xc6, 0x31, 0xc6, 0x31, 
	0xc6, 0x31, 0xc6, 0x31, 0xc6, 0x31, 0xc6, 0x31, 
	0xc6, 0x31, 0xc6, 0x31, 0xc6, 0x31, 0xc6, 0x31, 
	0xc6, 0x31, 0xc6, 0x31, 0xc6, 0x31, 0xc6, 0x31, 
	0xc6, 0x31, 0xc6, 0x31, 0xc6, 0x31, 0xc6, 0x31, 
	0xc6, 0x31, 0xc6, 0x31, 0xc6, 0x31, 0xc6, 0x31, 
	0xc6, 0x31, 0xc6, 0x31, 0xc6, 0x31, 0xc6, 0x31, 
	0xc6, 0x31, 0xc6, 0x31, 0xc6, 0x31, 0xc6, 0x31, 
	0xc6, 0x31, 0xc6, 0x31, 0xc6, 0x31, 0xc6, 0x31, 
	0xc6, 0x31, 0xc6, 0x31, 0xc6, 0x31, 0xc6, 0x31, 
	0xc6, 0x31, 0xc6, 0x31, 0xc6, 0x31, 0xc6, 0x31, 
	0xc6, 0x31, 0xc6, 0x31, 0xc6, 0x31, 0xc6, 0x31, 
	0xc6, 0x31, 0xc6, 0x31, 0xc6, 0x31, 0xc6, 0x31, 
	0xc6, 0x31, 0xc6, 0x31, 0xc6, 0x31, 0xc6, 0x31, 
	0xc6, 0x31, 0xc6, 0x31, 0xc6, 0x31, 0xc6, 0x31, 
	0xc6, 0x31, 0xc6, 0x31, 0xc6, 0x31, 0xc6, 0x31, 
	0xc6, 0x31, 0xc6, 0x31, 0xc6, 0x31, 0xc6, 0x31, 
	0xc6, 0x31, 0xc6, 0x31, 0xc6, 0x31, 0xc6, 0x31, 
	0xc6, 0x31, 0xc6, 0x31, 0xc6, 0x31, 0xc6, 0x31, 
	0xc6, 0x31, 0xc6, 0x31, 0xc6, 0x31, 0xc6, 0x31, 
	0xc6, 0x31, 0xc6, 0x31, 0xc6, 0x31, 0xc6, 0x31, 
	0xc6, 0x31, 0xc6, 0x31, 0xc6, 0x31, 0xc6, 0x31, 
	0xc6, 0x31, 0xc6, 0x31, 0xc6, 0x31, 0xc6, 0x31, 
	0xc6, 0x31, 0xc6, 0x31, 0xc6, 0x31, 0xc6, 0x31, 
	0xc6, 0x31, 0xc6, 0x31, 0xc6, 0x31, 0xc6, 0x31, 
	0xc6, 0x31, 0xc6, 0x31, 0xc6, 0x31, 0xc6, 0x31, 
	0xc6, 0x31, 0xc6, 0x31, 0xc6, 0x31, 0xc6, 0x31, 
	0xc6, 0x31, 0xc6, 0x31, 0xc6, 0x31, 0xc6, 0x31, 
	0xc6, 0x31, 0xc6, 0x31, 0xc6, 0x31, 0xc6, 0x31, 
	0xc6, 0x31, 0xc6, 0x31, 0xc6, 0x31, 0xc6, 0x31, 
	0xc6, 0x31, 0xc6, 0x31, 0xc6, 0x31, 0xc6, 0x31, 
	0xc6, 0x31, 0xc6, 0x31, 0xc6, 0x31, 0xc6, 0x31, 
	0xc6, 0x31, 0xc6, 0x31, 0xc6, 0x31, 0xc6, 0x31, 
	0xc6, 0x31, 0xc6, 0x31, 0xc6, 0x31, 0xc6, 0x31, 
	0xc6, 0x31, 0xc6, 0x31, 0xc6, 0x31, 0xc6, 0x31, 
	0xc6, 0x31, 0xc6, 0x31, 0xc6, 0x31, 0xc6, 0x31, 
	0xc6, 0x31, 0xc6, 0x31, 0xc6, 0x31, 0xc6, 0x31, 
	0xc6, 0x31, 0xc6, 0x31, 0xc6, 0x31, 0xc6, 0x31, 
	0xc6, 0x31, 0xc5, 0xf1, 0xc6, 0x31, 0xbd, 0xef, 
	0xbe, 0x2f, 0xc6, 0x2f, 0xc6, 0x2f, 0xbd, 0xef, 
	0xbd, 0xef, 0xbd, 0xef, 0xbd, 0xef, 0xbd, 0xef, 
	0xbd, 0xef, 0xbd, 0xef, 0xbd, 0xef, 0xbd, 0xef, 
	0xbd, 0xf1, 0xc6, 0x31, 0xc6, 0x31, 0xc6, 0x31, 
	0xc6, 0x31, 0xc6, 0x31, 0xbe, 0x31, 0xc6, 0x31, 
	0xc6, 0x31, 0xc6, 0x31, 0xc6, 0x31, 0xc6, 0x31, 
	0xbd, 0xef, 0xbd, 0xef, 0xbd, 0xef, 0xbd, 0xef, 
	0xbd, 0xef, 0xbd, 0xef, 0xbd, 0xef, 0xbd, 0xef, 
	0xbd, 0xef, 0xbd, 0xef, 0xbd, 0xef, 0xbd, 0xef, 
	0xbd, 0xef, 0xbd, 0xef, 0xbd, 0xef, 0xbd, 0xef, 
	0xbd, 0xef, 0xbd, 0xef, 0xbd, 0xef, 0xbd, 0xef, 
	0xbd, 0xef, 0xbd, 0xef, 0xbd, 0xef, 0xbd, 0xef, 
	0xbd, 0xef, 0xbd, 0xef, 0xbd, 0xef, 0xbd, 0xef, 
	0xbd, 0xef, 0xbd, 0xef, 0xbd, 0xef, 0xbd, 0xef, 
	0xbd, 0xef, 0xbd, 0xef, 0xbd, 0xef, 0xbd, 0xef, 
	0xbd, 0xef, 0xbd, 0xef, 0xbd, 0xef, 0xbd, 0xef, 
	0xbd, 0xef, 0xbd, 0xef, 0xbd, 0xef, 0xbd, 0xef, 
	0xbd, 0xef, 0xbd, 0xef, 0xbd, 0xef, 0xbd, 0xef, 
	0xbd, 0xef, 0xbd, 0xef, 0xbd, 0xef, 0xbd, 0xef, 
	0xbd, 0xef, 0xbd, 0xef, 0xbd, 0xef, 0xbd, 0xef, 
	0xbd, 0xef, 0xbd, 0xef, 0xbd, 0xef, 0xbd, 0xef, 
	0xbd, 0xef, 0xbd, 0xef, 0xbd, 0xef, 0xbd, 0xef, 
	0xbd, 0xef, 0xbd, 0xef, 0xbd, 0xef, 0xbd, 0xef, 
	0xbd, 0xef, 0xbd, 0xef, 0xbd, 0xef, 0xbd, 0xef, 
	0xbd, 0xef, 0xbd, 0xef, 0xbd, 0xef, 0xbd, 0xef, 
	0xbd, 0xef, 0xbd, 0xef, 0xbd, 0xef, 0xbd, 0xef, 
	0xbd, 0xef, 0xbd, 0xef, 0xbd, 0xef, 0xbd, 0xef, 
	0xbd, 0xef, 0xbd, 0xef, 0xbd, 0xef, 0xbd, 0xef, 
	0xbd, 0xef, 0xbd, 0xef, 0xbd, 0xef, 0xbd, 0xef, 
	0xbd, 0xef, 0xbd, 0xef, 0xbd, 0xef, 0xbd, 0xef, 
	0xbd, 0xef, 0xbd, 0xef, 0xbd, 0xef, 0xbd, 0xef, 
	0xbd, 0xef, 0xbd, 0xef, 0xbd, 0xef, 0xbd, 0xef, 
	0xbd, 0xef, 0xbd, 0xef, 0xbd, 0xef, 0xbd, 0xef, 
	0xbd, 0xef, 0xbd, 0xef, 0xbd, 0xef, 0xbd, 0xef, 
	0xbd, 0xef, 0xbd, 0xef, 0xbd, 0xef, 0xbd, 0xef, 
	0xbd, 0xef, 0xbd, 0xef, 0xbd, 0xef, 0xbd, 0xef, 
	0xbd, 0xef, 0xbd, 0xef, 0xbd, 0xef, 0xbd, 0xef, 
	0xbd, 0xef, 0xbd, 0xef, 0xbd, 0xef, 0xbd, 0xef, 
	0xbd, 0xef, 0xbd, 0xef, 0xbd, 0xef, 0xbd, 0xef, 
	0xbd, 0xef, 0xbd, 0xef, 0xbd, 0xef, 0xbd, 0xef, 
	0xbd, 0xef, 0xbd, 0xef, 0xbd, 0xef, 0xbd, 0xef, 
	0xbd, 0xef, 0xbd, 0xef, 0xbd, 0xef, 0xbd, 0xef, 
	0xbd, 0xef, 0xbd, 0xef, 0xbd, 0xef, 0xbd, 0xef, 
	0xbd, 0xef, 0xbd, 0xef, 0xbd, 0xef, 0xbd, 0xef, 
	0xbd, 0xef, 0xbd, 0xef, 0xbd, 0xef, 0xbd, 0xef, 
	0xbd, 0xef, 0xbd, 0xef, 0xbd, 0xef, 0xbd, 0xef, 
	0xbd, 0xef, 0xbd, 0xef, 0xbd, 0xef, 0xbd, 0xef, 
	0xbd, 0xef, 0xbd, 0xef, 0xbd, 0xef, 0xbd, 0xef, 
	0xbd, 0xef, 0xbd, 0xef, 0xbd, 0xef, 0xbd, 0xef, 
	0xbd, 0xef, 0xbd, 0xef, 0xbd, 0xef, 0xbd, 0xef, 
	0xbd, 0xef, 0xbd, 0xef, 0xbd, 0xef, 0xbd, 0xef, 
	0xbd, 0xef, 0xbd, 0xef, 0xbd, 0xef, 0xbd, 0xef, 
	0xbd, 0xef, 0xbd, 0xef, 0xbd, 0xef, 0xbd, 0xef, 
	0xbd, 0xef, 0xbd, 0xef, 0xbd, 0xef, 0xbd, 0xef, 
	0xbd, 0xef, 0xbd, 0xef, 0xb5, 0xad, 0xb5, 0xad, 
	0xb5, 0xad, 0xb5, 0xad, 0xb5, 0xad, 0xb5, 0xad, 
	0xb5, 0xad, 0xb5, 0xad, 0xb5, 0xad, 0xb5, 0xad, 
	0xb5, 0xad, 0xb5, 0xad, 0xb5, 0xad, 0xb5, 0xad, 
	0xbd, 0xef, 0xbd, 0xef, 0xb5, 0xad, 0xb5, 0xad, 
	0xb5, 0xad, 0xb5, 0xad, 0xb5, 0xad, 0xb5, 0xad, 
	0xb5, 0xad, 0xbd, 0xef, 0xbd, 0xef, 0xbd, 0xef, 
	0xbd, 0xef, 0xbd, 0xef, 0xbd, 0xef, 0xbd, 0xef, 
	0xb5, 0xad, 0x73, 0x9d, 0x73, 0x5b, 0x6b, 0x5b, 
	0x6b, 0x5b, 0x6b, 0x5b, 0x6b, 0x5b, 0x6b, 0x5b, 
	0x6b, 0x5b, 0x6b, 0x5b, 0x6b, 0x5b, 0x6b, 0x5b, 
	0x6b, 0x5b, 0x84, 0x21, 0xb5, 0xad, 0xb5, 0xad, 
	0xb5, 0xad, 0xb5, 0xad, 0x94, 0xa5, 0x6b, 0x5b, 
	0x6b, 0x5b, 0x6b, 0x5b, 0x6b, 0x5b, 0x6b, 0x5b, 
	0x94, 0xa5, 0xb5, 0xad, 0xbd, 0xef, 0xbd, 0xef, 
	0xbd, 0xef, 0xbd, 0xef, 0xb5, 0xad, 0xbd, 0xef, 
	0xad, 0x6b, 0x21, 0x09, 0x00, 0x01, 0x00, 0x01, 
	0x00, 0x01, 0x00, 0x01, 0x00, 0x01, 0x00, 0x01, 
	0x00, 0x01, 0x00, 0x01, 0x00, 0x01, 0x00, 0x01, 
	0x00, 0x01, 0x63, 0x19, 0xb5, 0xad, 0xb5, 0xad, 
	0xb5, 0xad, 0xb5, 0xad, 0x84, 0x21, 0x00, 0x01, 
	0x00, 0x01, 0x00, 0x01, 0x00, 0x01, 0x00, 0x01, 
	0x31, 0x8d, 0xad, 0x6b, 0xb5, 0xad, 0xb5, 0xad, 
	0xb5, 0xad, 0xb5, 0xad, 0xb5, 0xad, 0xb5, 0xad, 
	0xad, 0x6b, 0x21, 0x09, 0x00, 0x01, 0x00, 0x01, 
	0x00, 0x01, 0x00, 0x01, 0x00, 0x01, 0x00, 0x01, 
	0x00, 0x01, 0x00, 0x01, 0x00, 0x01, 0x00, 0x01, 
	0x00, 0x01, 0x63, 0x19, 0xb5, 0xad, 0xb5, 0xad, 
	0xb5, 0xad, 0xb5, 0xad, 0x7b, 0xdf, 0x00, 0x01, 
	0x00, 0x01, 0x00, 0x01, 0x00, 0x01, 0x00, 0x01, 
	0x00, 0x01, 0x73, 0x9d, 0xb5, 0xad, 0xb5, 0xad, 
	0xb5, 0xad, 0xb5, 0xad, 0xb5, 0xad, 0xb5, 0xad, 
	0xad, 0x6b, 0x21, 0x09, 0x00, 0x01, 0x00, 0x01, 
	0x00, 0x01, 0x10, 0x85, 0x21, 0x09, 0x21, 0x09, 
	0x21, 0x09, 0x21, 0x09, 0x21, 0x09, 0x21, 0x09, 
	0x21, 0x09, 0x63, 0x19, 0xb5, 0xad, 0xb5, 0xad, 
	0xb5, 0xad, 0xb5, 0xad, 0x7b, 0xdf, 0x00, 0x01, 
	0x00, 0x01, 0x00, 0x01, 0x00, 0x01, 0x00, 0x01, 
	0x00, 0x01, 0x21, 0x09, 0x9c, 0xe7, 0xb5, 0xad, 
	0xb5, 0xad, 0xb5, 0xad, 0xb5, 0xad, 0xb5, 0xad, 
	0xad, 0x6b, 0x21, 0x09, 0x00, 0x01, 0x00, 0x01, 
	0x00, 0x01, 0x6b, 0x5b, 0xa5, 0x29, 0xa5, 0x29, 
	0x9c, 0xe7, 0x9c, 0xe7, 0x9c, 0xe7, 0x9c, 0xe7, 
	0x9c, 0xe7, 0xa5, 0x29, 0xb5, 0xad, 0xb5, 0xad, 
	0xb5, 0xad, 0xb5, 0xad, 0x7b, 0xdf, 0x00, 0x01, 
	0x00, 0x01, 0x00, 0x01, 0x00, 0x01, 0x00, 0x01, 
	0x00, 0x01, 0x00, 0x01, 0x5a, 0xd7, 0xb5, 0x6b, 
	0xb5, 0xad, 0xb5, 0xad, 0xb5, 0xad, 0xb5, 0xad, 
	0xad, 0x6b, 0x21, 0x09, 0x00, 0x01, 0x00, 0x01, 
	0x00, 0x01, 0x7b, 0xdf, 0xb5, 0xad, 0xb5, 0xad, 
	0xb5, 0xad, 0xb5, 0xad, 0xb5, 0xad, 0xb5, 0xad, 
	0xb5, 0xad, 0xb5, 0xad, 0xb5, 0xad, 0xb5, 0xad, 
	0xb5, 0xad, 0xb5, 0xad, 0x7b, 0xdf, 0x00, 0x01, 
	0x00, 0x01, 0x00, 0x01, 0x21, 0x09, 0x00, 0x01, 
	0x00, 0x01, 0x00, 0x01, 0x10, 0x85, 0x8c, 0x63, 
	0xb5, 0xad, 0xb5, 0xad, 0xb5, 0xad, 0xb5, 0xad, 
	0xa5, 0x29, 0x21, 0x09, 0x00, 0x01, 0x00, 0x01, 
	0x00, 0x01, 0x7b, 0xdf, 0xb5, 0xad, 0xb5, 0xad, 
	0xb5, 0xad, 0xb5, 0xab, 0xad, 0x6b, 0xad, 0x6b, 
	0xad, 0x6b, 0xad, 0x6b, 0xad, 0x6b, 0xad, 0x6b, 
	0xad, 0x6b, 0xad, 0x6b, 0x7b, 0xdf, 0x00, 0x01, 
	0x00, 0x01, 0x08, 0x43, 0x73, 0x9d, 0x31, 0x8d, 
	0x00, 0x01, 0x00, 0x01, 0x00, 0x01, 0x42, 0x11, 
	0xad, 0x6b, 0xb5, 0xad, 0xad, 0x6b, 0xad, 0x6b, 
	0xa5, 0x29, 0x21, 0x09, 0x00, 0x01, 0x00, 0x01, 
	0x00, 0x01, 0x73, 0x9d, 0xad, 0x6b, 0xad, 0x6b, 
	0xad, 0x6b, 0xad, 0x6b, 0xad, 0x6b, 0xad, 0x6b, 
	0xad, 0x6b, 0xad, 0x6b, 0xad, 0x6b, 0xad, 0x6b, 
	0xad, 0x6b, 0xad, 0x6b, 0x7b, 0xdf, 0x00, 0x01, 
	0x00, 0x01, 0x08, 0x43, 0x84, 0x21, 0x7b, 0xe1, 
	0x08, 0x43, 0x00, 0x01, 0x00, 0x01, 0x08, 0x43, 
	0x7b, 0xdf, 0xad, 0x6b, 0xad, 0x6b, 0xad, 0x6b, 
	0xa5, 0x29, 0x21, 0x09, 0x00, 0x01, 0x00, 0x01, 
	0x00, 0x01, 0x73, 0x9d, 0xa5, 0x69, 0xad, 0x6b, 
	0xad, 0x6b, 0xad, 0x6b, 0xad, 0x6b, 0xad, 0x6b, 
	0xad, 0x6b, 0xad, 0x6b, 0xad, 0x6b, 0xad, 0x6b, 
	0xad, 0x6b, 0xad, 0x6b, 0x7b, 0xdf, 0x00, 0x01, 
	0x00, 0x01, 0x00, 0x01, 0x84, 0x21, 0xad, 0x6b, 
	0x4a, 0x53, 0x00, 0x01, 0x00, 0x01, 0x00, 0x01, 
	0x29, 0x4b, 0x9c, 0xe7, 0xad, 0x6b, 0xad, 0x6b, 
	
};

Gfx INTRO_SCREEN_tile_3_2_rgba16_aligner[] = {gsSPEndDisplayList()};
u8 INTRO_SCREEN_tile_3_2_rgba16[] = {
	0xa5, 0x29, 0x21, 0x09, 0x00, 0x01, 0x00, 0x01, 
	0x00, 0x01, 0x73, 0x9d, 0xad, 0x6b, 0xad, 0x6b, 
	0xad, 0x6b, 0xad, 0x6b, 0xad, 0x6b, 0xad, 0x6b, 
	0xad, 0x6b, 0xad, 0x6b, 0xad, 0x6b, 0xad, 0x6b, 
	0xad, 0x6b, 0xad, 0x6b, 0x7b, 0xdf, 0x00, 0x01, 
	0x00, 0x01, 0x08, 0x43, 0x84, 0x21, 0x7b, 0xe1, 
	0x08, 0x43, 0x00, 0x01, 0x00, 0x01, 0x08, 0x43, 
	0x7b, 0xdf, 0xad, 0x6b, 0xad, 0x6b, 0xad, 0x6b, 
	0xa5, 0x29, 0x21, 0x09, 0x00, 0x01, 0x00, 0x01, 
	0x00, 0x01, 0x73, 0x9d, 0xa5, 0x69, 0xad, 0x6b, 
	0xad, 0x6b, 0xad, 0x6b, 0xad, 0x6b, 0xad, 0x6b, 
	0xad, 0x6b, 0xad, 0x6b, 0xad, 0x6b, 0xad, 0x6b, 
	0xad, 0x6b, 0xad, 0x6b, 0x7b, 0xdf, 0x00, 0x01, 
	0x00, 0x01, 0x00, 0x01, 0x84, 0x21, 0xad, 0x6b, 
	0x4a, 0x53, 0x00, 0x01, 0x00, 0x01, 0x00, 0x01, 
	0x29, 0x4b, 0x9c, 0xe7, 0xad, 0x6b, 0xad, 0x6b, 
	0xa5, 0x29, 0x21, 0x09, 0x00, 0x01, 0x00, 0x01, 
	0x00, 0x01, 0x29, 0x4b, 0x42, 0x11, 0x42, 0x11, 
	0x42, 0x11, 0x42, 0x11, 0x42, 0x11, 0x42, 0x11, 
	0x4a, 0x53, 0x9c, 0xe7, 0xad, 0x6b, 0xad, 0x6b, 
	0xad, 0x6b, 0xad, 0x6b, 0x7b, 0xdf, 0x00, 0x01, 
	0x00, 0x01, 0x00, 0x01, 0x7b, 0xdf, 0xad, 0x6b, 
	0x8c, 0x63, 0x18, 0xc7, 0x00, 0x01, 0x00, 0x01, 
	0x00, 0x01, 0x63, 0x19, 0xad, 0x6b, 0xad, 0x6b, 
	0xa5, 0x29, 0x21, 0x09, 0x00, 0x01, 0x00, 0x01, 
	0x00, 0x01, 0x00, 0x01, 0x00, 0x01, 0x00, 0x01, 
	0x00, 0x01, 0x00, 0x01, 0x00, 0x01, 0x00, 0x01, 
	0x18, 0xc7, 0x9c, 0xe7, 0xad, 0x6b, 0xad, 0x6b, 
	0xad, 0x6b, 0xad, 0x6b, 0x73, 0x9d, 0x00, 0x01, 
	0x00, 0x01, 0x00, 0x01, 0x7b, 0xdf, 0xad, 0x6b, 
	0xad, 0x6b, 0x5a, 0xd7, 0x00, 0x01, 0x00, 0x01, 
	0x00, 0x01, 0x18, 0xc7, 0x94, 0xa5, 0xad, 0x6b, 
	0xa5, 0x29, 0x21, 0x09, 0x00, 0x01, 0x00, 0x01, 
	0x00, 0x01, 0x00, 0x01, 0x00, 0x01, 0x00, 0x01, 
	0x00, 0x01, 0x00, 0x01, 0x00, 0x01, 0x00, 0x01, 
	0x18, 0xc7, 0x9c, 0xe7, 0xad, 0x6b, 0xad, 0x6b, 
	0xad, 0x6b, 0xad, 0x6b, 0x73, 0x9d, 0x00, 0x01, 
	0x00, 0x01, 0x00, 0x01, 0x73, 0x9d, 0xad, 0x6b, 
	0xad, 0x6b, 0x94, 0xa5, 0x21, 0x09, 0x00, 0x01, 
	0x00, 0x01, 0x00, 0x01, 0x4a, 0x53, 0xa5, 0x29, 
	0x9c, 0xe7, 0x21, 0x09, 0x00, 0x01, 0x00, 0x01, 
	0x00, 0x01, 0x21, 0x09, 0x31, 0x8d, 0x31, 0x8d, 
	0x31, 0x8d, 0x31, 0x8d, 0x31, 0x8d, 0x31, 0x8d, 
	0x39, 0xcf, 0x9c, 0xe7, 0xa5, 0x29, 0xad, 0x6b, 
	0xad, 0x6b, 0xad, 0x6b, 0x73, 0x9d, 0x00, 0x01, 
	0x00, 0x01, 0x00, 0x01, 0x73, 0x9d, 0xa5, 0x29, 
	0xad, 0x6b, 0xa5, 0x29, 0x6b, 0x5b, 0x00, 0x01, 
	0x00, 0x01, 0x00, 0x01, 0x08, 0x43, 0x7b, 0xdf, 
	0x9c, 0xe7, 0x21, 0x09, 0x00, 0x01, 0x00, 0x01, 
	0x00, 0x01, 0x6b, 0x5b, 0xa5, 0x29, 0xa5, 0x29, 
	0xa5, 0x29, 0xa5, 0x29, 0xa5, 0x29, 0xa5, 0x29, 
	0xa5, 0x29, 0xa5, 0x29, 0xa5, 0x29, 0xa5, 0x29, 
	0xa5, 0x29, 0xa5, 0x29, 0x73, 0x9d, 0x00, 0x01, 
	0x00, 0x01, 0x00, 0x01, 0x73, 0x9d, 0xa5, 0x29, 
	0xa5, 0x29, 0xa5, 0x29, 0x9c, 0xe7, 0x31, 0x8d, 
	0x00, 0x01, 0x00, 0x01, 0x00, 0x01, 0x31, 0x8d, 
	0x9c, 0xe7, 0x21, 0x09, 0x00, 0x01, 0x00, 0x01, 
	0x00, 0x01, 0x73, 0x5b, 0xa5, 0x29, 0xa5, 0x29, 
	0xa5, 0x29, 0xa5, 0x29, 0xa5, 0x29, 0xa5, 0x29, 
	0xa5, 0x29, 0xa5, 0x29, 0xa5, 0x29, 0xa5, 0x29, 
	0xa5, 0x29, 0xa5, 0x29, 0x73, 0x9d, 0x00, 0x01, 
	0x00, 0x01, 0x00, 0x01, 0x6b, 0x5b, 0xa5, 0x29, 
	0xa5, 0x29, 0xa5, 0x29, 0xa5, 0x29, 0x7b, 0xdf, 
	0x08, 0x43, 0x00, 0x01, 0x00, 0x01, 0x00, 0x01, 
	0x9c, 0xe7, 0x21, 0x09, 0x00, 0x01, 0x00, 0x01, 
	0x00, 0x01, 0x6b, 0x5b, 0xa5, 0x29, 0xa5, 0x29, 
	0xa5, 0x29, 0xa5, 0x29, 0xa5, 0x29, 0xa5, 0x29, 
	0xa5, 0x29, 0xa5, 0x29, 0xa5, 0x29, 0xa5, 0x29, 
	0xa5, 0x29, 0xa5, 0x29, 0x73, 0x9d, 0x00, 0x01, 
	0x00, 0x01, 0x00, 0x01, 0x6b, 0x5b, 0xa5, 0x29, 
	0xa5, 0x29, 0xa5, 0x29, 0xa5, 0x29, 0xa5, 0x29, 
	0x4a, 0x53, 0x00, 0x01, 0x00, 0x01, 0x00, 0x01, 
	0x9c, 0xe7, 0x21, 0x09, 0x00, 0x01, 0x00, 0x01, 
	0x00, 0x01, 0x6b, 0x5b, 0xa5, 0x29, 0xa5, 0x29, 
	0xa5, 0x29, 0xa5, 0x29, 0xa5, 0x29, 0xa5, 0x29, 
	0xa5, 0x29, 0xa5, 0x29, 0xa5, 0x29, 0xa5, 0x29, 
	0xa5, 0x29, 0xa5, 0x29, 0x73, 0x9d, 0x00, 0x01, 
	0x00, 0x01, 0x00, 0x01, 0x6b, 0x5b, 0xa5, 0x29, 
	0xa5, 0x29, 0xa5, 0x29, 0xa5, 0x29, 0xa5, 0x29, 
	0x8c, 0x63, 0x18, 0xc7, 0x00, 0x01, 0x00, 0x01, 
	0x9c, 0xe7, 0x21, 0x09, 0x00, 0x01, 0x00, 0x01, 
	0x00, 0x01, 0x6b, 0x5b, 0xa5, 0x29, 0xa5, 0x29, 
	0xa5, 0x29, 0xa5, 0x29, 0xa5, 0x29, 0xa5, 0x29, 
	0xa5, 0x29, 0xa5, 0x29, 0xa5, 0x29, 0xa5, 0x29, 
	0xa5, 0x29, 0xa5, 0x29, 0x73, 0x9d, 0x00, 0x01, 
	0x00, 0x01, 0x00, 0x01, 0x6b, 0x5b, 0xa5, 0x29, 
	0xa5, 0x29, 0xa5, 0x29, 0xa5, 0x29, 0xa5, 0x29, 
	0x9c, 0xe7, 0x5a, 0xd7, 0x00, 0x01, 0x00, 0x01, 
	0x94, 0xa5, 0x21, 0x09, 0x00, 0x01, 0x00, 0x01, 
	0x00, 0x01, 0x5a, 0xd7, 0x8c, 0x63, 0x8c, 0x63, 
	0x8c, 0x63, 0x8c, 0x63, 0x8c, 0x63, 0x8c, 0x63, 
	0x8c, 0x63, 0x8c, 0x63, 0x9c, 0xe7, 0x9c, 0xe7, 
	0x9c, 0xe7, 0x9c, 0xe7, 0x6b, 0x5b, 0x00, 0x01, 
	0x00, 0x01, 0x00, 0x01, 0x6b, 0x5b, 0xa5, 0x29, 
	0xa5, 0x29, 0xa5, 0x29, 0xa5, 0x29, 0xa5, 0x29, 
	0xa5, 0x29, 0x94, 0xa5, 0x21, 0x09, 0x00, 0x01, 
	0x94, 0xa5, 0x21, 0x09, 0x00, 0x01, 0x00, 0x01, 
	0x00, 0x01, 0x08, 0x43, 0x10, 0x85, 0x10, 0x85, 
	0x10, 0x85, 0x10, 0x85, 0x10, 0x85, 0x10, 0x85, 
	0x10, 0x85, 0x52, 0x95, 0x9c, 0xe7, 0x9c, 0xe7, 
	0x9c, 0xe7, 0x9c, 0xe7, 0x6b, 0x5b, 0x00, 0x01, 
	0x00, 0x01, 0x00, 0x01, 0x6b, 0x5b, 0x9c, 0xe7, 
	0x9c, 0xe7, 0x9c, 0xe7, 0x9c, 0xe7, 0x9c, 0xe7, 
	0x9c, 0xe7, 0x9c, 0xe7, 0x6b, 0x5b, 0x00, 0x01, 
	0x94, 0xa5, 0x21, 0x09, 0x00, 0x01, 0x00, 0x01, 
	0x00, 0x01, 0x00, 0x01, 0x00, 0x01, 0x00, 0x01, 
	0x00, 0x01, 0x00, 0x01, 0x00, 0x01, 0x00, 0x01, 
	0x00, 0x01, 0x52, 0x95, 0x9c, 0xe7, 0x9c, 0xe7, 
	0x9c, 0xe7, 0x9c, 0xe7, 0x6b, 0x5b, 0x00, 0x01, 
	0x00, 0x01, 0x00, 0x01, 0x6b, 0x5b, 0x9c, 0xe7, 
	0x9c, 0xe7, 0x9c, 0xe7, 0x9c, 0xe7, 0x9c, 0xe7, 
	0x9c, 0xe7, 0x9c, 0xe7, 0x94, 0xa5, 0x31, 0x8d, 
	0x94, 0xa5, 0x21, 0x09, 0x00, 0x01, 0x00, 0x01, 
	0x00, 0x01, 0x00, 0x01, 0x00, 0x01, 0x00, 0x01, 
	0x00, 0x01, 0x00, 0x01, 0x00, 0x01, 0x00, 0x01, 
	0x00, 0x01, 0x52, 0x95, 0x9c, 0xe7, 0x9c, 0xe7, 
	0x9c, 0xe7, 0x9c, 0xe7, 0x6b, 0x5b, 0x00, 0x01, 
	0x00, 0x01, 0x00, 0x01, 0x6b, 0x5b, 0x9c, 0xe7, 
	0x9c, 0xe7, 0x9c, 0xe7, 0x9c, 0xe7, 0x9c, 0xe7, 
	0x9c, 0xe7, 0x9c, 0xe7, 0x9c, 0xe7, 0x7b, 0xdf, 
	0x94, 0xa5, 0x63, 0x19, 0x63, 0x19, 0x63, 0x19, 
	0x63, 0x19, 0x63, 0x19, 0x63, 0x19, 0x63, 0x19, 
	0x63, 0x19, 0x63, 0x19, 0x63, 0x19, 0x63, 0x19, 
	0x63, 0x19, 0x73, 0x9d, 0x9c, 0xe7, 0x9c, 0xe7, 
	0x9c, 0xe7, 0x9c, 0xe7, 0x84, 0x21, 0x63, 0x19, 
	0x63, 0x19, 0x63, 0x19, 0x83, 0xdf, 0x9c, 0xe7, 
	0x9c, 0xe7, 0x9c, 0xe7, 0x9c, 0xe7, 0x9c, 0xe7, 
	0x9c, 0xe7, 0x9c, 0xe7, 0x9c, 0xe7, 0x94, 0xa5, 
	0x9c, 0xe7, 0x9c, 0xe7, 0x9c, 0xe7, 0x9c, 0xe7, 
	0x9c, 0xe7, 0x9c, 0xe5, 0x9c, 0xe7, 0x9c, 0xe7, 
	0x9c, 0xe7, 0x9c, 0xe7, 0x9c, 0xe7, 0x9c, 0xe7, 
	0x9c, 0xe7, 0x9c, 0xe7, 0x9c, 0xe7, 0x9c, 0xe7, 
	0x9c, 0xe7, 0x9c, 0xe7, 0x9c, 0xe7, 0x9c, 0xe7, 
	0x9c, 0xe7, 0x9c, 0xe7, 0x9c, 0xe7, 0x9c, 0xe7, 
	0x9c, 0xe7, 0x9c, 0xe7, 0x9c, 0xe7, 0x9c, 0xe7, 
	0x9c, 0xe7, 0x9c, 0xe7, 0x9c, 0xe7, 0x9c, 0xe7, 
	0x9c, 0xe7, 0x94, 0xa5, 0x94, 0xa5, 0x94, 0xa5, 
	0x94, 0xa5, 0x9c, 0xa7, 0x94, 0xa5, 0x94, 0xa5, 
	0x94, 0xa5, 0x9c, 0xe7, 0x94, 0xa5, 0x9c, 0xe7, 
	0x9c, 0xe7, 0x94, 0xe5, 0x9c, 0xe7, 0x9c, 0xe7, 
	0x9c, 0xe7, 0x9c, 0xe7, 0x9c, 0xe7, 0x9c, 0xe7, 
	0x9c, 0xe7, 0x9c, 0xe7, 0x9c, 0xe7, 0x9c, 0xe7, 
	0x9c, 0xe7, 0x9c, 0xe7, 0x9c, 0xe7, 0x9c, 0xe7, 
	0x9c, 0xe7, 0x9c, 0xe7, 0x9c, 0xe7, 0x9c, 0xe7, 
	0x94, 0xa5, 0x94, 0xa5, 0x94, 0xa5, 0x94, 0xa5, 
	0x94, 0xa5, 0x94, 0xa5, 0x94, 0xa5, 0x94, 0xa5, 
	0x94, 0xa5, 0x94, 0xa5, 0x94, 0xa5, 0x94, 0xa5, 
	0x94, 0xa5, 0x94, 0xa5, 0x94, 0xa5, 0x94, 0xa5, 
	0x94, 0xa5, 0x94, 0xa5, 0x94, 0xa5, 0x94, 0xa5, 
	0x94, 0xa5, 0x94, 0xa5, 0x94, 0xa5, 0x94, 0xa5, 
	0x94, 0xa5, 0x94, 0xa5, 0x94, 0xa5, 0x94, 0xa5, 
	0x9c, 0xe7, 0x9c, 0xe7, 0x94, 0xa5, 0x94, 0xa5, 
	0x94, 0xa5, 0x94, 0xa5, 0x94, 0xa5, 0x94, 0xa5, 
	0x94, 0xa5, 0x94, 0xa5, 0x94, 0xa5, 0x94, 0xa5, 
	0x94, 0xa5, 0x94, 0xa5, 0x94, 0xa5, 0x94, 0xa5, 
	0x94, 0xa5, 0x94, 0xa5, 0x94, 0xa5, 0x94, 0xa5, 
	0x94, 0xa5, 0x94, 0xa5, 0x94, 0xa5, 0x94, 0xa5, 
	0x94, 0xa5, 0x94, 0xa5, 0x94, 0xa5, 0x94, 0xa5, 
	0x94, 0xa5, 0x94, 0xa5, 0x94, 0xa5, 0x94, 0xa5, 
	0x94, 0xa5, 0x94, 0xa5, 0x94, 0xa5, 0x94, 0xa5, 
	0x94, 0xa5, 0x94, 0xa5, 0x94, 0xa5, 0x94, 0xa5, 
	0x94, 0xa5, 0x94, 0xa5, 0x94, 0xa5, 0x94, 0xa5, 
	0x94, 0xa5, 0x94, 0xa5, 0x94, 0xa5, 0x94, 0xa5, 
	0x94, 0xa5, 0x94, 0xa5, 0x94, 0xa5, 0x94, 0xa5, 
	0x94, 0xa5, 0x94, 0xa5, 0x94, 0xa5, 0x94, 0xa5, 
	0x94, 0xa5, 0x94, 0xa5, 0x94, 0xa5, 0x94, 0xa5, 
	0x94, 0xa5, 0x94, 0xa5, 0x94, 0xa5, 0x94, 0xa5, 
	0x94, 0xa5, 0x94, 0xa5, 0x94, 0xa5, 0x94, 0xa5, 
	0x94, 0xa5, 0x94, 0xa5, 0x94, 0xa5, 0x94, 0xa5, 
	0x94, 0xa5, 0x94, 0xa5, 0x94, 0xa5, 0x94, 0xa5, 
	0x94, 0xa5, 0x94, 0xa5, 0x94, 0xa5, 0x94, 0xa5, 
	0x94, 0xa5, 0x94, 0xa5, 0x94, 0xa5, 0x94, 0xa5, 
	0x94, 0xa5, 0x94, 0xa5, 0x94, 0xa5, 0x94, 0xa5, 
	0x94, 0xa5, 0x94, 0xa5, 0x94, 0xa5, 0x94, 0xa5, 
	0x94, 0xa5, 0x94, 0xa5, 0x94, 0xa5, 0x94, 0xa5, 
	0x94, 0xa5, 0x94, 0xa5, 0x94, 0xa5, 0x94, 0xa5, 
	0x94, 0xa5, 0x94, 0xa5, 0x94, 0xa5, 0x94, 0xa5, 
	0x94, 0xa5, 0x94, 0xa5, 0x94, 0xa5, 0x94, 0xa5, 
	0x94, 0xa5, 0x94, 0xa5, 0x94, 0xa5, 0x94, 0xa5, 
	0x94, 0xa5, 0x94, 0xa5, 0x94, 0xa5, 0x94, 0xa5, 
	0x94, 0xa5, 0x94, 0xa5, 0x94, 0xa5, 0x94, 0xa5, 
	0x94, 0xa5, 0x94, 0xa5, 0x94, 0xa5, 0x94, 0xa5, 
	0x94, 0xa5, 0x94, 0xa5, 0x94, 0xa5, 0x94, 0xa5, 
	0x94, 0xa5, 0x94, 0xa5, 0x94, 0xa5, 0x94, 0xa5, 
	0x94, 0xa5, 0x94, 0xa5, 0x94, 0xa5, 0x94, 0xa5, 
	0x94, 0xa5, 0x94, 0xa5, 0x94, 0xa5, 0x94, 0xa5, 
	0x94, 0xa5, 0x94, 0xa5, 0x94, 0xa5, 0x94, 0xa5, 
	0x94, 0xa5, 0x94, 0xa5, 0x94, 0xa5, 0x94, 0xa5, 
	0x94, 0xa5, 0x94, 0xa5, 0x94, 0xa5, 0x94, 0xa5, 
	0x94, 0xa5, 0x94, 0xa5, 0x94, 0xa5, 0x94, 0xa5, 
	0x94, 0xa5, 0x94, 0xa5, 0x94, 0xa5, 0x94, 0xa5, 
	0x94, 0xa5, 0x94, 0xa5, 0x94, 0xa5, 0x94, 0xa5, 
	0x94, 0xa5, 0x94, 0xa5, 0x94, 0xa5, 0x94, 0xa5, 
	0x94, 0xa5, 0x94, 0xa5, 0x8c, 0x63, 0x94, 0xa5, 
	0x94, 0xa5, 0x8c, 0x63, 0x8c, 0x63, 0x8c, 0x63, 
	0x8c, 0x63, 0x8c, 0x63, 0x8c, 0x63, 0x8c, 0x63, 
	0x8c, 0x63, 0x94, 0xa3, 0x94, 0xa5, 0x8c, 0x63, 
	0x8c, 0xa3, 0x94, 0xa5, 0x94, 0xa5, 0x94, 0xa5, 
	0x94, 0xa5, 0x94, 0xa5, 0x94, 0xa5, 0x94, 0xa5, 
	0x94, 0xa5, 0x94, 0xa5, 0x94, 0xa5, 0x94, 0xa5, 
	0x94, 0x63, 0x8c, 0x63, 0x8c, 0x63, 0x8c, 0x63, 
	0x8c, 0x63, 0x94, 0xa5, 0x8c, 0x63, 0x8c, 0x63, 
	0x8c, 0x63, 0x8c, 0x63, 0x8c, 0x63, 0x8c, 0x63, 
	0x8c, 0x63, 0x8c, 0x63, 0x8c, 0x63, 0x8c, 0x63, 
	0x8c, 0x63, 0x8c, 0x63, 0x8c, 0x63, 0x8c, 0x63, 
	0x8c, 0x63, 0x8c, 0x63, 0x8c, 0x63, 0x8c, 0x63, 
	0x8c, 0x63, 0x94, 0xa5, 0x94, 0xa5, 0x94, 0xa5, 
	0x94, 0xa5, 0x94, 0xa5, 0x94, 0xa5, 0x94, 0xa5, 
	0x8c, 0x63, 0x8c, 0x63, 0x8c, 0x63, 0x8c, 0x63, 
	0x8c, 0x63, 0x8c, 0x63, 0x8c, 0x63, 0x8c, 0x63, 
	0x8c, 0x63, 0x8c, 0x63, 0x8c, 0x63, 0x8c, 0x63, 
	0x8c, 0x63, 0x8c, 0x63, 0x8c, 0x63, 0x8c, 0x63, 
	0x8c, 0x63, 0x8c, 0x63, 0x8c, 0x63, 0x8c, 0x63, 
	0x8c, 0x63, 0x8c, 0x63, 0x8c, 0x63, 0x8c, 0x63, 
	0x8c, 0x63, 0x8c, 0x63, 0x8c, 0x63, 0x8c, 0x63, 
	0x94, 0xa5, 0x94, 0xa5, 0x94, 0xa3, 0x94, 0xa5, 
	0x8c, 0x63, 0x8c, 0x63, 0x8c, 0x63, 0x8c, 0x63, 
	0x8c, 0x63, 0x8c, 0x63, 0x8c, 0x63, 0x8c, 0x63, 
	0x8c, 0x63, 0x8c, 0x63, 0x8c, 0x63, 0x8c, 0x63, 
	0x8c, 0x63, 0x8c, 0x63, 0x8c, 0x63, 0x8c, 0x63, 
	0x8c, 0x63, 0x8c, 0x63, 0x8c, 0x63, 0x8c, 0x63, 
	0x8c, 0x63, 0x8c, 0x63, 0x8c, 0x63, 0x8c, 0x63, 
	0x8c, 0x63, 0x8c, 0x63, 0x8c, 0x63, 0x8c, 0x63, 
	0x8c, 0x63, 0x8c, 0x63, 0x8c, 0x63, 0x8c, 0x63, 
	0x8c, 0x63, 0x8c, 0x63, 0x8c, 0x63, 0x8c, 0x63, 
	0x8c, 0x63, 0x8c, 0x63, 0x8c, 0x63, 0x8c, 0x63, 
	0x8c, 0x63, 0x8c, 0x63, 0x8c, 0x63, 0x8c, 0x63, 
	0x8c, 0x63, 0x8c, 0x63, 0x8c, 0x63, 0x8c, 0x63, 
	0x8c, 0x63, 0x8c, 0x63, 0x8c, 0x63, 0x8c, 0x63, 
	0x8c, 0x63, 0x8c, 0x63, 0x8c, 0x63, 0x8c, 0x63, 
	0x8c, 0x63, 0x8c, 0x63, 0x8c, 0x63, 0x8c, 0x63, 
	0x8c, 0x63, 0x8c, 0x63, 0x8c, 0x63, 0x8c, 0x63, 
	0x8c, 0x63, 0x8c, 0x63, 0x8c, 0x63, 0x8c, 0x63, 
	0x8c, 0x63, 0x8c, 0x63, 0x8c, 0x63, 0x8c, 0x63, 
	0x84, 0x21, 0x84, 0x21, 0x84, 0x21, 0x84, 0x21, 
	0x84, 0x21, 0x84, 0x21, 0x84, 0x21, 0x84, 0x21, 
	0x8c, 0x63, 0x8c, 0x63, 0x8c, 0x63, 0x8c, 0x63, 
	0x8c, 0x63, 0x8c, 0x63, 0x8c, 0x63, 0x8c, 0x63, 
	0x8c, 0x63, 0x8c, 0x63, 0x84, 0x21, 0x84, 0x21, 
	0x7b, 0xdf, 0x7b, 0xdf, 0x7b, 0xdf, 0x7b, 0xdf, 
	0x8c, 0x63, 0x8c, 0x63, 0x84, 0x21, 0x84, 0x21, 
	0x84, 0x21, 0x8c, 0x63, 0x84, 0x21, 0x84, 0x21, 
	0x6b, 0x5b, 0x63, 0x19, 0x63, 0x19, 0x63, 0x19, 
	0x63, 0x19, 0x63, 0x19, 0x63, 0x19, 0x6b, 0x5b, 
	0x84, 0x21, 0x8c, 0x63, 0x8c, 0x63, 0x84, 0x21, 
	0x84, 0x21, 0x84, 0x23, 0x84, 0x21, 0x7b, 0xdf, 
	0x6b, 0x5b, 0x63, 0x19, 0x63, 0x19, 0x63, 0x19, 
	0x63, 0x19, 0x63, 0x19, 0x63, 0x19, 0x63, 0x19, 
	0x84, 0x21, 0x84, 0x21, 0x84, 0x21, 0x84, 0x21, 
	0x84, 0x21, 0x84, 0x21, 0x84, 0x21, 0x73, 0x9d, 
	0x63, 0x19, 0x63, 0x19, 0x63, 0x19, 0x63, 0x19, 
	0x63, 0x19, 0x63, 0x19, 0x6b, 0x5b, 0x84, 0x21, 
	0x84, 0x21, 0x84, 0x21, 0x84, 0x21, 0x84, 0x21, 
	0x84, 0x21, 0x73, 0x9d, 0x63, 0x19, 0x63, 0x19, 
	0x63, 0x19, 0x63, 0x19, 0x63, 0x19, 0x63, 0x19, 
	0x63, 0x19, 0x63, 0x19, 0x63, 0x19, 0x63, 0x19, 
	
};

Gfx INTRO_SCREEN_tile_3_3_rgba16_aligner[] = {gsSPEndDisplayList()};
u8 INTRO_SCREEN_tile_3_3_rgba16[] = {
	0x8c, 0x63, 0x8c, 0x63, 0x84, 0x21, 0x84, 0x21, 
	0x84, 0x21, 0x8c, 0x63, 0x84, 0x21, 0x84, 0x21, 
	0x6b, 0x5b, 0x63, 0x19, 0x63, 0x19, 0x63, 0x19, 
	0x63, 0x19, 0x63, 0x19, 0x63, 0x19, 0x6b, 0x5b, 
	0x84, 0x21, 0x8c, 0x63, 0x8c, 0x63, 0x84, 0x21, 
	0x84, 0x21, 0x84, 0x23, 0x84, 0x21, 0x7b, 0xdf, 
	0x6b, 0x5b, 0x63, 0x19, 0x63, 0x19, 0x63, 0x19, 
	0x63, 0x19, 0x63, 0x19, 0x63, 0x19, 0x63, 0x19, 
	0x84, 0x21, 0x84, 0x21, 0x84, 0x21, 0x84, 0x21, 
	0x84, 0x21, 0x84, 0x21, 0x84, 0x21, 0x73, 0x9d, 
	0x63, 0x19, 0x63, 0x19, 0x63, 0x19, 0x63, 0x19, 
	0x63, 0x19, 0x63, 0x19, 0x6b, 0x5b, 0x84, 0x21, 
	0x84, 0x21, 0x84, 0x21, 0x84, 0x21, 0x84, 0x21, 
	0x84, 0x21, 0x73, 0x9d, 0x63, 0x19, 0x63, 0x19, 
	0x63, 0x19, 0x63, 0x19, 0x63, 0x19, 0x63, 0x19, 
	0x63, 0x19, 0x63, 0x19, 0x63, 0x19, 0x63, 0x19, 
	0x84, 0x21, 0x84, 0x21, 0x84, 0x21, 0x84, 0x21, 
	0x84, 0x21, 0x84, 0x21, 0x7b, 0xdf, 0x63, 0x19, 
	0x63, 0x19, 0x63, 0x19, 0x63, 0x19, 0x63, 0x19, 
	0x63, 0x19, 0x63, 0x5b, 0x7b, 0xdf, 0x84, 0x21, 
	0x84, 0x21, 0x84, 0x21, 0x84, 0x21, 0x84, 0x21, 
	0x6b, 0x5b, 0x63, 0x19, 0x63, 0x19, 0x63, 0x19, 
	0x63, 0x19, 0x63, 0x19, 0x63, 0x19, 0x63, 0x19, 
	0x63, 0x19, 0x63, 0x19, 0x63, 0x19, 0x63, 0x19, 
	0x84, 0x21, 0x84, 0x21, 0x84, 0x21, 0x84, 0x21, 
	0x84, 0x21, 0x7b, 0xdf, 0x6b, 0x5b, 0x63, 0x19, 
	0x63, 0x19, 0x63, 0x19, 0x63, 0x19, 0x63, 0x19, 
	0x63, 0x19, 0x7b, 0xdf, 0x84, 0x21, 0x84, 0x21, 
	0x84, 0x21, 0x84, 0x21, 0x84, 0x21, 0x73, 0x9d, 
	0x63, 0x19, 0x63, 0x19, 0x63, 0x19, 0x63, 0x19, 
	0x63, 0x19, 0x63, 0x19, 0x63, 0x19, 0x6b, 0x5b, 
	0x73, 0x9d, 0x73, 0x9d, 0x73, 0x9d, 0x73, 0x9d, 
	0x84, 0x21, 0x84, 0x21, 0x84, 0x21, 0x84, 0x21, 
	0x84, 0x21, 0x6b, 0x5b, 0x63, 0x19, 0x63, 0x19, 
	0x63, 0x19, 0x63, 0x19, 0x63, 0x19, 0x63, 0x19, 
	0x73, 0x9d, 0x84, 0x21, 0x84, 0x21, 0x84, 0x21, 
	0x84, 0x21, 0x84, 0x21, 0x83, 0xdf, 0x63, 0x19, 
	0x63, 0x19, 0x63, 0x19, 0x63, 0x19, 0x63, 0x19, 
	0x63, 0x19, 0x63, 0x19, 0x7b, 0xdd, 0x84, 0x21, 
	0x84, 0x21, 0x84, 0x21, 0x84, 0x21, 0x84, 0x21, 
	0x84, 0x21, 0x84, 0x21, 0x84, 0x21, 0x84, 0x21, 
	0x6b, 0x5b, 0x63, 0x19, 0x5a, 0xd7, 0x5a, 0xd7, 
	0x5a, 0xd7, 0x5a, 0xd7, 0x63, 0x19, 0x6b, 0x5b, 
	0x84, 0x21, 0x84, 0x21, 0x84, 0x21, 0x84, 0x21, 
	0x84, 0x21, 0x84, 0x21, 0x7b, 0xdf, 0x63, 0x19, 
	0x5a, 0xd7, 0x5a, 0xd7, 0x5a, 0xd7, 0x5a, 0xd7, 
	0x5a, 0xd7, 0x6b, 0x5b, 0x84, 0x21, 0x84, 0x21, 
	0x84, 0x21, 0x84, 0x21, 0x84, 0x21, 0x84, 0x21, 
	0x7b, 0xdf, 0x84, 0x21, 0x84, 0x21, 0x73, 0x9d, 
	0x5a, 0xd7, 0x5a, 0xd7, 0x5a, 0xd7, 0x5a, 0xd7, 
	0x5a, 0xd7, 0x5a, 0xd7, 0x63, 0x19, 0x7b, 0xdf, 
	0x84, 0x21, 0x84, 0x21, 0x84, 0x21, 0x84, 0x21, 
	0x84, 0x21, 0x84, 0x21, 0x7b, 0xdf, 0x5a, 0xd7, 
	0x5a, 0xd7, 0x5a, 0xd7, 0x5a, 0xd7, 0x5a, 0xd7, 
	0x5a, 0xd7, 0x63, 0x19, 0x7b, 0xdf, 0x84, 0x21, 
	0x84, 0x21, 0x84, 0x21, 0x84, 0x21, 0x84, 0x21, 
	0x73, 0x9d, 0x7b, 0xdf, 0x73, 0x9d, 0x5a, 0xd7, 
	0x52, 0x95, 0x52, 0x95, 0x52, 0x95, 0x52, 0x95, 
	0x52, 0x95, 0x5a, 0xd7, 0x7b, 0xdf, 0x7b, 0xdf, 
	0x7b, 0xdf, 0x7b, 0xdf, 0x7b, 0xdf, 0x7b, 0xdf, 
	0x7b, 0xdf, 0x7b, 0xdf, 0x7b, 0xdf, 0x5a, 0xd7, 
	0x52, 0x95, 0x52, 0x95, 0x52, 0x95, 0x52, 0x95, 
	0x52, 0x95, 0x52, 0x95, 0x63, 0x19, 0x73, 0x9d, 
	0x7b, 0xdf, 0x84, 0x21, 0x84, 0x21, 0x84, 0x21, 
	0x52, 0x95, 0x73, 0x9d, 0x52, 0x95, 0x4a, 0x53, 
	0x4a, 0x53, 0x4a, 0x53, 0x4a, 0x53, 0x4a, 0x53, 
	0x52, 0x95, 0x73, 0x9d, 0x7b, 0xdf, 0x7b, 0xdf, 
	0x7b, 0xdf, 0x7b, 0xdf, 0x7b, 0xdf, 0x7b, 0xdf, 
	0x7b, 0xdf, 0x7b, 0xdf, 0x7b, 0xdf, 0x6b, 0x5b, 
	0x4a, 0x53, 0x4a, 0x53, 0x4a, 0x53, 0x4a, 0x53, 
	0x4a, 0x53, 0x4a, 0x53, 0x4a, 0x53, 0x4a, 0x53, 
	0x5a, 0xd7, 0x6b, 0x5b, 0x7b, 0xdf, 0x7b, 0xdf, 
	0x42, 0x11, 0x4a, 0x53, 0x42, 0x11, 0x42, 0x11, 
	0x42, 0x11, 0x42, 0x11, 0x42, 0x11, 0x42, 0x11, 
	0x6b, 0x5b, 0x7b, 0xdf, 0x7b, 0xdf, 0x7b, 0xdf, 
	0x7b, 0xdf, 0x7b, 0xdf, 0x7b, 0xdf, 0x7b, 0xdf, 
	0x7b, 0xdf, 0x7b, 0xdf, 0x7b, 0xdf, 0x7b, 0xdf, 
	0x62, 0xd7, 0x42, 0x11, 0x42, 0x11, 0x42, 0x11, 
	0x42, 0x11, 0x42, 0x11, 0x42, 0x11, 0x42, 0x11, 
	0x42, 0x11, 0x42, 0x11, 0x4a, 0x51, 0x52, 0x95, 
	0x39, 0xcf, 0x39, 0xcf, 0x39, 0xcf, 0x39, 0xcf, 
	0x39, 0xcf, 0x39, 0xcf, 0x39, 0xcf, 0x5a, 0xd7, 
	0x7b, 0xdf, 0x7b, 0xdf, 0x7b, 0xdf, 0x7b, 0xdf, 
	0x7b, 0xdf, 0x7b, 0xdf, 0x7b, 0xdf, 0x7b, 0xdf, 
	0x7b, 0xdf, 0x7b, 0xdf, 0x7b, 0xdf, 0x7b, 0xdf, 
	0x7b, 0xdf, 0x63, 0x19, 0x42, 0x11, 0x39, 0xcf, 
	0x39, 0xcf, 0x39, 0xcf, 0x39, 0xcf, 0x39, 0xcf, 
	0x39, 0xcf, 0x39, 0xcf, 0x39, 0xcf, 0x39, 0xcf, 
	0x39, 0xcf, 0x39, 0xcf, 0x39, 0xcf, 0x39, 0xcf, 
	0x39, 0xcf, 0x39, 0xcf, 0x52, 0x95, 0x7b, 0xdf, 
	0x7b, 0xdf, 0x7b, 0xdf, 0x7b, 0xdf, 0x7b, 0xdf, 
	0x7b, 0xdf, 0x7b, 0xdf, 0x7b, 0xdf, 0x7b, 0xdf, 
	0x7b, 0xdf, 0x7b, 0xdf, 0x7b, 0xdf, 0x7b, 0xdf, 
	0x7b, 0xdf, 0x7b, 0xdf, 0x73, 0x9d, 0x63, 0x19, 
	0x4a, 0x53, 0x39, 0xcf, 0x39, 0xcf, 0x39, 0xcf, 
	0x39, 0xcf, 0x39, 0xcf, 0x39, 0xcf, 0x39, 0xcf, 
	0x39, 0xcf, 0x39, 0xcf, 0x39, 0xcf, 0x39, 0xcf, 
	0x39, 0xcf, 0x4a, 0x53, 0x73, 0x9d, 0x7b, 0xdf, 
	0x7b, 0xdf, 0x7b, 0xdf, 0x7b, 0xdf, 0x7b, 0xdf, 
	0x7b, 0xdf, 0x7b, 0xdf, 0x7b, 0xdf, 0x7b, 0xdf, 
	0x7b, 0xdf, 0x7b, 0xdf, 0x7b, 0xdf, 0x7b, 0xdf, 
	0x7b, 0xdf, 0x7b, 0xdf, 0x7b, 0xdf, 0x7b, 0xdf, 
	0x73, 0x9d, 0x6b, 0x5b, 0x5a, 0xd7, 0x4a, 0x53, 
	0x39, 0xcf, 0x39, 0xcf, 0x39, 0xcf, 0x39, 0xcf, 
	0x39, 0xcf, 0x39, 0xcf, 0x39, 0xcf, 0x39, 0xcf, 
	0x39, 0xcf, 0x6b, 0x5b, 0x73, 0xdd, 0x73, 0x9d, 
	0x73, 0x9d, 0x73, 0xdf, 0x7b, 0xdf, 0x7b, 0xdf, 
	0x73, 0x9d, 0x73, 0x9d, 0x73, 0x9d, 0x73, 0x9d, 
	0x7b, 0xdf, 0x7b, 0xdf, 0x7b, 0xdf, 0x7b, 0xdf, 
	0x7b, 0xdf, 0x73, 0x9d, 0x73, 0x9d, 0x7b, 0xdf, 
	0x7b, 0x9d, 0x7b, 0xdf, 0x7b, 0xdf, 0x73, 0x9d, 
	0x6b, 0x5b, 0x5a, 0xd7, 0x4a, 0x53, 0x39, 0xcf, 
	0x39, 0xcf, 0x39, 0xcf, 0x39, 0xcf, 0x39, 0xcf, 
	0x42, 0x11, 0x73, 0x9d, 0x73, 0x9d, 0x73, 0x9d, 
	0x73, 0x9d, 0x73, 0x9d, 0x73, 0x9d, 0x73, 0x9d, 
	0x73, 0x9d, 0x73, 0x9d, 0x73, 0x9d, 0x73, 0x9d, 
	0x73, 0x9d, 0x73, 0x9d, 0x73, 0x9d, 0x73, 0x9d, 
	0x73, 0x9d, 0x73, 0x9d, 0x73, 0x9d, 0x73, 0x9d, 
	0x73, 0x9d, 0x73, 0x9d, 0x73, 0xdf, 0x73, 0x9d, 
	0x73, 0x9d, 0x73, 0x9d, 0x73, 0x9d, 0x63, 0x19, 
	0x39, 0xcf, 0x39, 0xcf, 0x39, 0xcf, 0x39, 0xcf, 
	0x42, 0x11, 0x6b, 0x5d, 0x73, 0x9d, 0x73, 0x9d, 
	0x73, 0x9d, 0x73, 0x9d, 0x73, 0x9d, 0x73, 0x9d, 
	0x73, 0x9d, 0x73, 0x9d, 0x73, 0x9d, 0x73, 0x9d, 
	0x73, 0x9d, 0x73, 0x9d, 0x73, 0x9d, 0x73, 0x9d, 
	0x73, 0x9d, 0x73, 0x9d, 0x73, 0x9d, 0x73, 0x9d, 
	0x73, 0x9d, 0x73, 0x9d, 0x73, 0x9d, 0x73, 0x9d, 
	0x73, 0x9d, 0x73, 0x9d, 0x73, 0x9d, 0x73, 0x9d, 
	0x39, 0xcf, 0x39, 0xcf, 0x39, 0xcf, 0x39, 0xcf, 
	0x42, 0x11, 0x6b, 0x5b, 0x73, 0x9d, 0x73, 0x9d, 
	0x73, 0x9d, 0x73, 0x9d, 0x73, 0x9d, 0x73, 0x9d, 
	0x73, 0x9d, 0x73, 0x9d, 0x73, 0x9d, 0x73, 0x9d, 
	0x73, 0x9d, 0x73, 0x9d, 0x73, 0x9d, 0x73, 0x9d, 
	0x73, 0x9d, 0x73, 0x9d, 0x73, 0x9d, 0x73, 0x9d, 
	0x73, 0x9d, 0x73, 0x9d, 0x73, 0x9d, 0x73, 0x9d, 
	0x73, 0x9d, 0x73, 0x9d, 0x73, 0x9d, 0x73, 0x9d, 
	0x39, 0xcf, 0x39, 0xcf, 0x39, 0xcf, 0x39, 0xcf, 
	0x42, 0x11, 0x73, 0x9d, 0x73, 0x9d, 0x73, 0x9d, 
	0x73, 0x9d, 0x73, 0x9d, 0x73, 0x9d, 0x73, 0x9d, 
	0x73, 0x9d, 0x73, 0x9d, 0x73, 0x9d, 0x73, 0x9d, 
	0x73, 0x9d, 0x73, 0x9d, 0x5a, 0xd7, 0x4a, 0x53, 
	0x52, 0x95, 0x63, 0x19, 0x6b, 0x5b, 0x73, 0x9d, 
	0x73, 0x9d, 0x73, 0x9d, 0x73, 0x9d, 0x73, 0x9d, 
	0x73, 0x9d, 0x73, 0x9d, 0x73, 0x9d, 0x73, 0x9d, 
	0x39, 0xcf, 0x39, 0xcf, 0x39, 0xcf, 0x39, 0xcf, 
	0x42, 0x11, 0x73, 0x9d, 0x73, 0x9d, 0x73, 0x9d, 
	0x73, 0x9d, 0x73, 0x9d, 0x73, 0x9d, 0x73, 0x9d, 
	0x73, 0x9d, 0x73, 0x9d, 0x73, 0x9d, 0x73, 0x9d, 
	0x73, 0x9d, 0x73, 0x9d, 0x52, 0x95, 0x39, 0xcf, 
	0x39, 0xcf, 0x39, 0xcf, 0x39, 0xcf, 0x4a, 0x53, 
	0x52, 0x95, 0x5a, 0xd7, 0x5a, 0xd7, 0x63, 0x19, 
	0x63, 0x19, 0x63, 0x19, 0x5a, 0xd7, 0x4a, 0x53, 
	0x39, 0xcf, 0x39, 0xcf, 0x39, 0xcf, 0x39, 0xcf, 
	0x39, 0xcf, 0x6b, 0x5b, 0x73, 0x9d, 0x73, 0x9d, 
	0x73, 0x9d, 0x73, 0x9d, 0x73, 0x9d, 0x73, 0x9d, 
	0x73, 0x9d, 0x73, 0x9d, 0x73, 0x9d, 0x73, 0x9d, 
	0x73, 0x9d, 0x6b, 0x5b, 0x52, 0x95, 0x39, 0xcf, 
	0x39, 0xcf, 0x39, 0xcf, 0x39, 0xcf, 0x39, 0xcf, 
	0x39, 0xcf, 0x39, 0xcf, 0x39, 0xcf, 0x39, 0xcf, 
	0x39, 0xcf, 0x39, 0xcf, 0x39, 0xcf, 0x39, 0xcf, 
	0x31, 0x8d, 0x31, 0x8d, 0x31, 0x8d, 0x31, 0x8d, 
	0x39, 0xcf, 0x6b, 0x5b, 0x73, 0x9d, 0x73, 0x9d, 
	0x6b, 0x5b, 0x6b, 0x5b, 0x6b, 0x5b, 0x6b, 0x5b, 
	0x6b, 0x5b, 0x6b, 0x5b, 0x6b, 0x5b, 0x6b, 0x5b, 
	0x6b, 0x5b, 0x6b, 0x5b, 0x52, 0x95, 0x31, 0x8d, 
	0x31, 0x8d, 0x31, 0x8d, 0x31, 0x8d, 0x31, 0x8d, 
	0x31, 0x8d, 0x31, 0x8d, 0x31, 0x8d, 0x31, 0x8d, 
	0x31, 0x8d, 0x31, 0x8d, 0x31, 0x8d, 0x31, 0x8d, 
	0x31, 0x8d, 0x31, 0x8d, 0x31, 0x8d, 0x31, 0x8d, 
	0x39, 0xcf, 0x6b, 0x5b, 0x6b, 0x5b, 0x6b, 0x5b, 
	0x6b, 0x5b, 0x6b, 0x5b, 0x6b, 0x5b, 0x6b, 0x5b, 
	0x6b, 0x5b, 0x6b, 0x5b, 0x6b, 0x5b, 0x6b, 0x5b, 
	0x6b, 0x5b, 0x6b, 0x5b, 0x63, 0x19, 0x52, 0x95, 
	0x42, 0x11, 0x39, 0xcf, 0x31, 0x8d, 0x31, 0x8d, 
	0x31, 0x8d, 0x31, 0x8d, 0x31, 0x8d, 0x31, 0x8d, 
	0x31, 0x8d, 0x31, 0x8d, 0x31, 0x8d, 0x31, 0x8d, 
	0x63, 0x19, 0x63, 0x19, 0x63, 0x19, 0x63, 0x19, 
	0x63, 0x19, 0x6b, 0x5b, 0x6b, 0x5b, 0x6b, 0x5b, 
	0x6b, 0x5b, 0x6b, 0x5b, 0x6b, 0x5b, 0x6b, 0x5b, 
	0x6b, 0x5b, 0x6b, 0x5b, 0x6b, 0x5b, 0x6b, 0x5b, 
	0x6b, 0x5b, 0x6b, 0x5b, 0x6b, 0x5b, 0x6b, 0x5b, 
	0x6b, 0x5b, 0x6b, 0x5b, 0x63, 0x19, 0x5a, 0xd7, 
	0x5a, 0xd7, 0x52, 0x95, 0x52, 0x95, 0x52, 0x95, 
	0x52, 0x95, 0x52, 0x95, 0x52, 0x95, 0x5a, 0xd7, 
	0x6b, 0x5b, 0x6b, 0x5b, 0x6b, 0x5b, 0x6b, 0x5b, 
	0x6b, 0x5b, 0x6b, 0x5b, 0x6b, 0x5b, 0x6b, 0x5b, 
	0x6b, 0x5b, 0x6b, 0x5b, 0x6b, 0x5b, 0x6b, 0x5b, 
	0x6b, 0x5b, 0x6b, 0x5b, 0x6b, 0x5b, 0x6b, 0x5b, 
	0x6b, 0x5b, 0x6b, 0x5b, 0x6b, 0x5b, 0x6b, 0x5b, 
	0x6b, 0x5b, 0x6b, 0x5b, 0x6b, 0x5b, 0x6b, 0x5b, 
	0x6b, 0x5b, 0x6b, 0x5b, 0x6b, 0x5b, 0x6b, 0x5b, 
	0x6b, 0x5b, 0x6b, 0x5b, 0x6b, 0x5b, 0x6b, 0x5b, 
	0x6b, 0x5b, 0x6b, 0x5b, 0x6b, 0x5b, 0x6b, 0x5b, 
	0x6b, 0x5b, 0x6b, 0x5b, 0x6b, 0x5b, 0x6b, 0x5b, 
	0x6b, 0x5b, 0x6b, 0x5b, 0x6b, 0x5b, 0x6b, 0x5b, 
	0x6b, 0x5b, 0x6b, 0x5b, 0x6b, 0x5b, 0x6b, 0x5b, 
	0x6b, 0x5b, 0x6b, 0x5b, 0x6b, 0x5b, 0x6b, 0x5b, 
	0x6b, 0x5b, 0x6b, 0x5b, 0x6b, 0x5b, 0x6b, 0x5b, 
	0x6b, 0x5b, 0x6b, 0x5b, 0x6b, 0x5b, 0x6b, 0x5b, 
	0x6b, 0x5b, 0x6b, 0x5b, 0x6b, 0x5b, 0x6b, 0x5b, 
	0x6b, 0x5b, 0x6b, 0x5b, 0x6b, 0x5b, 0x6b, 0x5b, 
	0x6b, 0x5b, 0x6b, 0x5b, 0x6b, 0x5b, 0x6b, 0x5b, 
	0x6b, 0x5b, 0x6b, 0x5b, 0x6b, 0x5b, 0x6b, 0x5b, 
	0x6b, 0x5b, 0x6b, 0x5b, 0x6b, 0x5b, 0x6b, 0x5b, 
	0x6b, 0x5b, 0x6b, 0x5b, 0x6b, 0x5b, 0x6b, 0x5b, 
	0x6b, 0x5b, 0x6b, 0x5b, 0x6b, 0x5b, 0x6b, 0x5b, 
	0x6b, 0x5b, 0x6b, 0x5b, 0x6b, 0x5b, 0x6b, 0x5b, 
	0x6b, 0x5b, 0x6b, 0x5b, 0x6b, 0x5b, 0x6b, 0x5b, 
	0x6b, 0x59, 0x63, 0x59, 0x6b, 0x5b, 0x6b, 0x5b, 
	0x6b, 0x5b, 0x63, 0x19, 0x6b, 0x5b, 0x6b, 0x5b, 
	0x6b, 0x5b, 0x6b, 0x5b, 0x6b, 0x5b, 0x6b, 0x5b, 
	0x6b, 0x5b, 0x6b, 0x5b, 0x6b, 0x5b, 0x63, 0x19, 
	0x63, 0x1b, 0x6b, 0x5b, 0x6b, 0x5b, 0x6b, 0x5b, 
	0x6b, 0x5b, 0x6b, 0x5b, 0x6b, 0x5b, 0x6b, 0x5b, 
	0x63, 0x19, 0x63, 0x19, 0x63, 0x19, 0x63, 0x19, 
	0x63, 0x19, 0x6b, 0x5b, 0x6b, 0x5b, 0x6b, 0x5b, 
	0x63, 0x19, 0x63, 0x19, 0x63, 0x19, 0x63, 0x1b, 
	0x6b, 0x5b, 0x63, 0x19, 0x63, 0x19, 0x63, 0x19, 
	0x63, 0x19, 0x63, 0x19, 0x63, 0x19, 0x63, 0x19, 
	0x63, 0x19, 0x6b, 0x5b, 0x63, 0x19, 0x63, 0x19, 
	0x6b, 0x5b, 0x6b, 0x5b, 0x63, 0x59, 0x6b, 0x5b, 
	0x6b, 0x5b, 0x6b, 0x5b, 0x6b, 0x5b, 0x63, 0x19, 
	0x63, 0x19, 0x63, 0x19, 0x63, 0x19, 0x63, 0x19, 
	0x63, 0x19, 0x63, 0x19, 0x63, 0x19, 0x63, 0x19, 
	0x63, 0x19, 0x63, 0x19, 0x63, 0x19, 0x63, 0x19, 
	0x63, 0x19, 0x63, 0x19, 0x63, 0x19, 0x63, 0x19, 
	0x63, 0x19, 0x63, 0x19, 0x63, 0x19, 0x63, 0x19, 
	0x63, 0x19, 0x63, 0x19, 0x63, 0x19, 0x63, 0x19, 
	0x63, 0x19, 0x63, 0x19, 0x63, 0x19, 0x63, 0x19, 
	0x6b, 0x5b, 0x6b, 0x19, 0x63, 0x19, 0x63, 0x19, 
	0x63, 0x19, 0x63, 0x19, 0x63, 0x19, 0x63, 0x19, 
	0x63, 0x19, 0x63, 0x19, 0x63, 0x19, 0x63, 0x19, 
	0x63, 0x19, 0x63, 0x19, 0x63, 0x19, 0x63, 0x19, 
	0x63, 0x19, 0x63, 0x19, 0x63, 0x19, 0x63, 0x19, 
	0x63, 0x19, 0x63, 0x19, 0x63, 0x19, 0x63, 0x19, 
	0x63, 0x19, 0x63, 0x19, 0x63, 0x19, 0x63, 0x19, 
	0x63, 0x19, 0x63, 0x19, 0x63, 0x19, 0x63, 0x19, 
	0x63, 0x19, 0x63, 0x19, 0x63, 0x19, 0x63, 0x19, 
	0x63, 0x19, 0x63, 0x19, 0x63, 0x19, 0x63, 0x19, 
	0x63, 0x19, 0x63, 0x19, 0x63, 0x19, 0x63, 0x19, 
	0x63, 0x19, 0x63, 0x19, 0x63, 0x19, 0x63, 0x19, 
	0x63, 0x19, 0x63, 0x19, 0x63, 0x19, 0x63, 0x19, 
	0x63, 0x19, 0x63, 0x19, 0x63, 0x19, 0x63, 0x19, 
	0x63, 0x19, 0x63, 0x19, 0x63, 0x19, 0x63, 0x19, 
	0x63, 0x19, 0x63, 0x19, 0x63, 0x19, 0x63, 0x19, 
	0x63, 0x19, 0x63, 0x19, 0x63, 0x19, 0x63, 0x19, 
	0x63, 0x19, 0x63, 0x19, 0x63, 0x19, 0x63, 0x19, 
	0x63, 0x19, 0x63, 0x19, 0x63, 0x19, 0x63, 0x19, 
	0x63, 0x19, 0x63, 0x19, 0x63, 0x19, 0x63, 0x19, 
	0x63, 0x19, 0x63, 0x19, 0x63, 0x19, 0x63, 0x19, 
	0x63, 0x19, 0x63, 0x19, 0x63, 0x19, 0x63, 0x19, 
	0x63, 0x19, 0x63, 0x19, 0x63, 0x19, 0x63, 0x19, 
	0x63, 0x19, 0x63, 0x19, 0x63, 0x19, 0x63, 0x19, 
	0x63, 0x19, 0x63, 0x19, 0x63, 0x19, 0x63, 0x19, 
	0x63, 0x19, 0x63, 0x19, 0x63, 0x19, 0x63, 0x19, 
	0x63, 0x19, 0x63, 0x19, 0x63, 0x19, 0x63, 0x19, 
	
};

Gfx INTRO_SCREEN_tile_4_0_rgba16_aligner[] = {gsSPEndDisplayList()};
u8 INTRO_SCREEN_tile_4_0_rgba16[] = {
	0xff, 0xbf, 0xff, 0xff, 0xff, 0xff, 0xff, 0xff, 
	0xf7, 0xff, 0xf7, 0xbd, 0xf7, 0xbd, 0xf7, 0xbd, 
	0xf7, 0xbd, 0xf7, 0xbd, 0xf7, 0xbd, 0xf7, 0xbd, 
	0xff, 0xbd, 0xf7, 0xbd, 0xf7, 0xbd, 0xf7, 0xbd, 
	0xf7, 0xbd, 0xf7, 0xbf, 0xf7, 0xbf, 0xf7, 0xbd, 
	0xf7, 0xbd, 0xf7, 0xbd, 0xf7, 0xbd, 0xf7, 0xbd, 
	0xf7, 0xbf, 0xf7, 0xbd, 0xf7, 0xfd, 0xf7, 0xbd, 
	0xf7, 0xbd, 0xf7, 0xff, 0xf7, 0xbd, 0xf7, 0xbd, 
	0xff, 0xbf, 0xff, 0xff, 0xff, 0xff, 0xff, 0xff, 
	0xf7, 0xff, 0xf7, 0xbd, 0xf7, 0xbd, 0xf7, 0xbd, 
	0xf7, 0xbd, 0xf7, 0xbd, 0xf7, 0xbd, 0xf7, 0xbd, 
	0xff, 0xbd, 0xf7, 0xbd, 0xf7, 0xbd, 0xf7, 0xbd, 
	0xf7, 0xbd, 0xf7, 0xbf, 0xf7, 0xbf, 0xf7, 0xbd, 
	0xf7, 0xbd, 0xf7, 0xbd, 0xf7, 0xbd, 0xf7, 0xbd, 
	0xf7, 0xbf, 0xf7, 0xbd, 0xf7, 0xfd, 0xf7, 0xbd, 
	0xf7, 0xbd, 0xf7, 0xff, 0xf7, 0xbd, 0xf7, 0xbd, 
	0xf7, 0xbd, 0xf7, 0xbd, 0xf7, 0xbd, 0xf7, 0xbd, 
	0xf7, 0xbd, 0xf7, 0xbd, 0xf7, 0xbd, 0xf7, 0xbd, 
	0xf7, 0xbd, 0xf7, 0xbd, 0xf7, 0xbd, 0xf7, 0xbd, 
	0xf7, 0xbd, 0xf7, 0xbd, 0xf7, 0xbd, 0xf7, 0xbd, 
	0xf7, 0xbd, 0xf7, 0xbd, 0xf7, 0xbd, 0xf7, 0xbd, 
	0xf7, 0xbd, 0xf7, 0xbd, 0xf7, 0xbd, 0xf7, 0xbd, 
	0xf7, 0xbd, 0xf7, 0xbd, 0xf7, 0xbd, 0xf7, 0xbd, 
	0xf7, 0xbd, 0xf7, 0xbd, 0xf7, 0xbd, 0xf7, 0xbd, 
	0xf7, 0xbd, 0xf7, 0xbd, 0xf7, 0xbd, 0xf7, 0xbd, 
	0xf7, 0xbd, 0xf7, 0xbd, 0xf7, 0xbd, 0xf7, 0xbd, 
	0xf7, 0xbd, 0xf7, 0xbd, 0xf7, 0xbd, 0xf7, 0xbd, 
	0xf7, 0xbd, 0xf7, 0xbd, 0xf7, 0xbd, 0xf7, 0xbd, 
	0xf7, 0xbd, 0xf7, 0xbd, 0xf7, 0xbd, 0xf7, 0xbd, 
	0xf7, 0xbd, 0xf7, 0xbd, 0xf7, 0xbd, 0xf7, 0xbd, 
	0xf7, 0xbd, 0xf7, 0xbd, 0xf7, 0xbd, 0xf7, 0xbd, 
	0xf7, 0xbd, 0xf7, 0xbd, 0xf7, 0xbd, 0xf7, 0xbd, 
	0xf7, 0xbd, 0xf7, 0xbd, 0xf7, 0xbd, 0xf7, 0xbd, 
	0xf7, 0xbd, 0xf7, 0xbd, 0xf7, 0xbd, 0xf7, 0xbd, 
	0xf7, 0xbd, 0xf7, 0xbd, 0xf7, 0xbd, 0xf7, 0xbd, 
	0xf7, 0xbd, 0xf7, 0xbd, 0xf7, 0xbd, 0xf7, 0xbd, 
	0xf7, 0xbd, 0xf7, 0xbd, 0xf7, 0xbd, 0xf7, 0xbd, 
	0xf7, 0xbd, 0xf7, 0xbd, 0xf7, 0xbd, 0xf7, 0xbd, 
	0xf7, 0xbd, 0xf7, 0xbd, 0xf7, 0xbd, 0xf7, 0xbd, 
	0xf7, 0xbd, 0xf7, 0xbd, 0xf7, 0xbd, 0xf7, 0xbd, 
	0xf7, 0xbd, 0xf7, 0xbd, 0xf7, 0xbd, 0xf7, 0xbd, 
	0xf7, 0xbd, 0xf7, 0xbd, 0xf7, 0xbd, 0xf7, 0xbd, 
	0xf7, 0xbd, 0xf7, 0xbd, 0xf7, 0xbd, 0xf7, 0xbd, 
	0xf7, 0xbd, 0xf7, 0xbd, 0xf7, 0xbd, 0xf7, 0xbd, 
	0xf7, 0xbd, 0xf7, 0xbd, 0xf7, 0xbd, 0xf7, 0xbd, 
	0xf7, 0xbd, 0xf7, 0xbd, 0xf7, 0xbd, 0xf7, 0xbd, 
	0xf7, 0xbd, 0xf7, 0xbd, 0xf7, 0xbd, 0xf7, 0xbd, 
	0xf7, 0xbd, 0xf7, 0xbd, 0xf7, 0xbd, 0xf7, 0xbd, 
	0xf7, 0xbd, 0xf7, 0xbd, 0xf7, 0xbd, 0xf7, 0xbd, 
	0xf7, 0xbd, 0xf7, 0xbd, 0xf7, 0xbd, 0xf7, 0xbd, 
	0xf7, 0xbd, 0xf7, 0xbd, 0xf7, 0xbd, 0xf7, 0xbd, 
	0xf7, 0xbd, 0xf7, 0xbd, 0xf7, 0xbd, 0xf7, 0xbd, 
	0xf7, 0xbd, 0xf7, 0xbd, 0xf7, 0xbd, 0xf7, 0xbd, 
	0xf7, 0xbd, 0xf7, 0xbd, 0xf7, 0xbd, 0xf7, 0xbd, 
	0xf7, 0xbd, 0xf7, 0xbd, 0xf7, 0xbd, 0xf7, 0xbd, 
	0xf7, 0xbd, 0xf7, 0xbd, 0xf7, 0xbd, 0xf7, 0xbd, 
	0xf7, 0xbd, 0xf7, 0xbd, 0xf7, 0xbd, 0xf7, 0xbd, 
	0xf7, 0xbd, 0xef, 0xbd, 0xef, 0x7d, 0xf7, 0x7b, 
	0xef, 0x7b, 0xef, 0x7b, 0xf7, 0xbd, 0xf7, 0xbd, 
	0xf7, 0xbd, 0xf7, 0xbd, 0xf7, 0xbd, 0xf7, 0xbd, 
	0xf7, 0xbd, 0xf7, 0xbd, 0xf7, 0xbd, 0xf7, 0xbd, 
	0xf7, 0xbd, 0xf7, 0xbd, 0xf7, 0xbd, 0xf7, 0xbd, 
	0xf7, 0xbd, 0xf7, 0xbd, 0xf7, 0xbd, 0xf7, 0xbd, 
	0xf7, 0xbd, 0xf7, 0xbd, 0xf7, 0xbd, 0xf7, 0xbd, 
	0xef, 0x7b, 0xef, 0x7b, 0xef, 0x7b, 0xef, 0x7b, 
	0xef, 0x7b, 0xef, 0x7b, 0xef, 0x7b, 0xef, 0x7b, 
	0xef, 0x7b, 0xef, 0x7b, 0xef, 0x7b, 0xef, 0x7b, 
	0xef, 0x7b, 0xf7, 0xbd, 0xf7, 0xbd, 0xef, 0x7b, 
	0xef, 0x7b, 0xef, 0x7b, 0xef, 0x7b, 0xef, 0x7b, 
	0xef, 0x7b, 0xef, 0x7b, 0xef, 0x7b, 0xef, 0x7b, 
	0xef, 0x7b, 0xef, 0x7b, 0xef, 0x7b, 0xef, 0x7b, 
	0xef, 0x7b, 0xef, 0x7b, 0xef, 0x7b, 0xef, 0x7b, 
	0xef, 0x7b, 0xef, 0x7b, 0xef, 0x7b, 0xef, 0x7b, 
	0xef, 0x7b, 0xef, 0x7b, 0xef, 0x7b, 0xef, 0x7b, 
	0xef, 0x7b, 0xef, 0x7b, 0xef, 0x7b, 0xef, 0x7b, 
	0xef, 0x7b, 0xef, 0x7b, 0xef, 0x7b, 0xef, 0x7b, 
	0xef, 0x7b, 0xef, 0x7b, 0xef, 0x7b, 0xef, 0x7b, 
	0xef, 0x7b, 0xef, 0x7b, 0xef, 0x7b, 0xef, 0x7b, 
	0xef, 0x7b, 0xef, 0x7b, 0xef, 0x7b, 0xef, 0x7b, 
	0xef, 0x7b, 0xef, 0x7b, 0xef, 0x7b, 0xef, 0x7b, 
	0xef, 0x7b, 0xef, 0x7b, 0xef, 0x7b, 0xef, 0x7b, 
	0xef, 0x7b, 0xef, 0x7b, 0xef, 0x7b, 0xef, 0x7b, 
	0xef, 0x7b, 0xef, 0x7b, 0xef, 0x7b, 0xef, 0x7b, 
	0xef, 0x7b, 0xef, 0x7b, 0xef, 0x7b, 0xef, 0x7b, 
	0xef, 0x7b, 0xef, 0x7b, 0xef, 0x7b, 0xef, 0x7b, 
	0xef, 0x7b, 0xef, 0x7b, 0xef, 0x7b, 0xef, 0x7b, 
	0xef, 0x7b, 0xef, 0x7b, 0xef, 0x7b, 0xef, 0x7b, 
	0xef, 0x7b, 0xef, 0x7b, 0xef, 0x7b, 0xef, 0x7b, 
	0xe7, 0x39, 0xef, 0x7b, 0xef, 0x7b, 0xef, 0x7b, 
	0xef, 0x7b, 0xef, 0x7b, 0xef, 0x7b, 0xef, 0x7b, 
	0xef, 0x7b, 0xef, 0x7b, 0xef, 0x7b, 0xef, 0x7b, 
	0xef, 0x7b, 0xef, 0x7b, 0xef, 0x7b, 0xef, 0x7b, 
	0xef, 0x7b, 0xef, 0x7b, 0xef, 0x7b, 0xef, 0x7b, 
	0xef, 0x7b, 0xef, 0x7b, 0xef, 0x7b, 0xef, 0x7b, 
	0xef, 0x7b, 0xef, 0x7b, 0xef, 0x7b, 0xef, 0x7b, 
	0xef, 0x7b, 0xef, 0x7b, 0xef, 0x7b, 0xef, 0x7b, 
	0x63, 0x19, 0x84, 0x21, 0xad, 0x6b, 0xce, 0x73, 
	0xe7, 0x39, 0xef, 0x7b, 0xef, 0x7b, 0xef, 0x7b, 
	0xef, 0x7b, 0xc6, 0x31, 0x94, 0xa5, 0x94, 0xa5, 
	0x94, 0xa5, 0x94, 0xa5, 0xe7, 0x39, 0xef, 0x7b, 
	0xef, 0x7b, 0xef, 0x7b, 0xef, 0x7b, 0xef, 0x7b, 
	0xef, 0x7b, 0xef, 0x7b, 0xe7, 0x39, 0x94, 0xa7, 
	0x8c, 0xa5, 0x94, 0xa5, 0x94, 0xa5, 0xb5, 0xad, 
	0xef, 0x7b, 0xef, 0x7b, 0xef, 0x7b, 0xef, 0x7b, 
	0x00, 0x01, 0x00, 0x01, 0x08, 0x43, 0x29, 0x4b, 
	0x6b, 0x5b, 0xce, 0x73, 0xef, 0x7b, 0xef, 0x7b, 
	0xef, 0x7b, 0xad, 0x6b, 0x00, 0x01, 0x00, 0x01, 
	0x00, 0x01, 0x31, 0x8d, 0xde, 0xf7, 0xef, 0x7b, 
	0xef, 0x7b, 0xef, 0x7b, 0xef, 0x7b, 0xef, 0x7b, 
	0xef, 0x7b, 0xef, 0x7b, 0xe7, 0x39, 0x42, 0x11, 
	0x00, 0x01, 0x00, 0x01, 0x00, 0x01, 0x8c, 0x63, 
	0xe7, 0x39, 0xef, 0x7b, 0xef, 0x7b, 0xef, 0x7b, 
	0x00, 0x01, 0x00, 0x01, 0x00, 0x01, 0x00, 0x01, 
	0x31, 0x8d, 0xd6, 0xb5, 0xe7, 0x39, 0xe7, 0x39, 
	0xe7, 0x39, 0xa5, 0x29, 0x00, 0x01, 0x00, 0x01, 
	0x00, 0x01, 0x31, 0x8d, 0xde, 0xf7, 0xef, 0x7b, 
	0xef, 0x7b, 0xe7, 0x39, 0xe7, 0x39, 0xe7, 0x39, 
	0xe7, 0x39, 0xe7, 0x39, 0xe7, 0x39, 0x42, 0x11, 
	0x00, 0x01, 0x00, 0x01, 0x00, 0x01, 0x84, 0x21, 
	0xe7, 0x39, 0xef, 0x7b, 0xef, 0x7b, 0xef, 0x7b, 
	0x39, 0xcf, 0x18, 0xc7, 0x00, 0x01, 0x00, 0x01, 
	0x7b, 0xdf, 0xe7, 0x39, 0xe7, 0x39, 0xe7, 0x39, 
	0xe7, 0x39, 0xa5, 0x29, 0x00, 0x01, 0x00, 0x01, 
	0x00, 0x01, 0x31, 0x8d, 0xde, 0xf7, 0xe7, 0x39, 
	0xe7, 0x39, 0xe7, 0x39, 0xe7, 0x39, 0xe7, 0x39, 
	0xe7, 0x39, 0xe7, 0x39, 0xe7, 0x39, 0x42, 0x11, 
	0x00, 0x01, 0x00, 0x01, 0x00, 0x01, 0x84, 0x21, 
	0xe7, 0x39, 0xe7, 0x79, 0xef, 0x7b, 0xe7, 0x39, 
	0xd6, 0xb5, 0xb5, 0xad, 0x84, 0x21, 0x39, 0xcf, 
	0xb5, 0xad, 0xe7, 0x39, 0xe7, 0x39, 0xe7, 0x39, 
	0xe7, 0x39, 0xa5, 0x29, 0x00, 0x01, 0x00, 0x01, 
	0x00, 0x01, 0x31, 0x8d, 0xd6, 0xb5, 0xe7, 0x39, 
	0xe7, 0x39, 0xe7, 0x39, 0xe7, 0x39, 0xe7, 0x39, 
	0xe7, 0x39, 0xe7, 0x39, 0xde, 0xf7, 0x42, 0x11, 
	0x00, 0x01, 0x00, 0x01, 0x00, 0x01, 0x84, 0x21, 
	0xe7, 0x39, 0xe7, 0x39, 0xe7, 0x39, 0xe7, 0x39, 
	0xe7, 0x39, 0xe7, 0x39, 0xe7, 0x39, 0xd6, 0xb5, 
	0xde, 0xf7, 0xe7, 0x39, 0xe7, 0x39, 0xe7, 0x39, 
	0xe7, 0x39, 0xa5, 0x29, 0x00, 0x01, 0x00, 0x01, 
	0x00, 0x01, 0x31, 0x8d, 0xd6, 0xb5, 0xe7, 0x39, 
	0xe7, 0x39, 0xe7, 0x39, 0xe7, 0x39, 0xe7, 0x39, 
	0xe7, 0x39, 0xe7, 0x39, 0xde, 0xf7, 0x42, 0x11, 
	0x00, 0x01, 0x00, 0x01, 0x00, 0x01, 0x84, 0x21, 
	0xe7, 0x39, 0xe7, 0x39, 0xe7, 0x39, 0xe7, 0x39, 
	0xe7, 0x39, 0xe7, 0x39, 0xe7, 0x39, 0xe7, 0x39, 
	0xe7, 0x39, 0xe7, 0x39, 0xe7, 0x39, 0xe7, 0x39, 
	0xe7, 0x39, 0xa5, 0x29, 0x00, 0x01, 0x00, 0x01, 
	0x00, 0x01, 0x29, 0x4b, 0xd6, 0xb5, 0xe7, 0x39, 
	0xe7, 0x39, 0xe7, 0x39, 0xe7, 0x39, 0xe7, 0x39, 
	0xe7, 0x39, 0xe7, 0x39, 0xde, 0xf7, 0x42, 0x11, 
	0x00, 0x01, 0x00, 0x01, 0x00, 0x01, 0x84, 0x21, 
	0xe7, 0x39, 0xe7, 0x39, 0xe7, 0x39, 0xe7, 0x39, 
	0xe7, 0x39, 0xe7, 0x39, 0xe7, 0x39, 0xe7, 0x39, 
	0xe7, 0x39, 0xe7, 0x39, 0xe7, 0x39, 0xe7, 0x39, 
	0xe7, 0x39, 0xa5, 0x29, 0x00, 0x01, 0x00, 0x01, 
	0x00, 0x01, 0x29, 0x4b, 0xd6, 0xb5, 0xe7, 0x39, 
	0xe7, 0x39, 0xe7, 0x39, 0xe7, 0x39, 0xe7, 0x39, 
	0xe7, 0x39, 0xe7, 0x39, 0xde, 0xf7, 0x42, 0x11, 
	0x00, 0x01, 0x00, 0x01, 0x00, 0x01, 0x84, 0x21, 
	0xde, 0xf7, 0xe7, 0x39, 0xe7, 0x39, 0xe7, 0x39, 
	0xde, 0xf7, 0xde, 0xf7, 0xe6, 0xf7, 0xe7, 0x39, 
	0xe7, 0x39, 0xe7, 0x39, 0xe6, 0xf9, 0xe7, 0x39, 
	0xe7, 0x39, 0xa5, 0x29, 0x00, 0x01, 0x00, 0x01, 
	0x00, 0x01, 0x29, 0x4b, 0xce, 0x73, 0xde, 0xf7, 
	0xde, 0xf7, 0xde, 0xf7, 0xde, 0xf7, 0xde, 0xf7, 
	0xde, 0xf7, 0xde, 0xf7, 0xd6, 0xb5, 0x42, 0x11, 
	0x00, 0x01, 0x00, 0x01, 0x00, 0x01, 0x84, 0x21, 
	0xde, 0xf7, 0xe7, 0x39, 0xe7, 0x39, 0xe7, 0x39, 
	0xde, 0xf7, 0xde, 0xf7, 0xde, 0xf7, 0xde, 0xf7, 
	0xde, 0xf7, 0xde, 0xf7, 0xde, 0xf7, 0xde, 0xf7, 
	0xde, 0xf7, 0xa5, 0x29, 0x00, 0x01, 0x00, 0x01, 
	0x00, 0x01, 0x08, 0x43, 0x4a, 0x53, 0x52, 0x95, 
	0x52, 0x95, 0x52, 0x95, 0x52, 0x95, 0x52, 0x95, 
	0x52, 0x95, 0x52, 0x95, 0x52, 0x95, 0x10, 0x85, 
	0x00, 0x01, 0x00, 0x01, 0x00, 0x01, 0x84, 0x21, 
	0xde, 0xf7, 0xde, 0xf7, 0xde, 0xf7, 0xde, 0xf7, 
	0xde, 0xf7, 0xde, 0xf7, 0xde, 0xf7, 0xde, 0xf7, 
	0xde, 0xf7, 0xde, 0xf7, 0xde, 0xf7, 0xde, 0xf7, 
	0xde, 0xf7, 0xa5, 0x29, 0x00, 0x01, 0x00, 0x01, 
	0x00, 0x01, 0x00, 0x01, 0x00, 0x01, 0x00, 0x01, 
	0x00, 0x01, 0x00, 0x01, 0x00, 0x01, 0x00, 0x01, 
	0x00, 0x01, 0x00, 0x01, 0x00, 0x01, 0x00, 0x01, 
	0x00, 0x01, 0x00, 0x01, 0x00, 0x01, 0x84, 0x21, 
	0xde, 0xf7, 0xde, 0xf7, 0xde, 0xf7, 0xde, 0xf7, 
	0xde, 0xf7, 0xde, 0xf7, 0xde, 0xf7, 0xde, 0xf7, 
	0xde, 0xf7, 0xde, 0xf7, 0xde, 0xf7, 0xde, 0xf7, 
	0xde, 0xf7, 0x9c, 0xe7, 0x00, 0x01, 0x00, 0x01, 
	0x00, 0x01, 0x00, 0x01, 0x00, 0x01, 0x00, 0x01, 
	0x00, 0x01, 0x00, 0x01, 0x00, 0x01, 0x00, 0x01, 
	0x00, 0x01, 0x00, 0x01, 0x00, 0x01, 0x00, 0x01, 
	0x00, 0x01, 0x00, 0x01, 0x00, 0x01, 0x84, 0x21, 
	0xde, 0xf7, 0xde, 0xf7, 0xde, 0xf7, 0xde, 0xf7, 
	0xde, 0xf7, 0xde, 0xf7, 0xde, 0xf7, 0xde, 0xf7, 
	0xde, 0xf7, 0xde, 0xf7, 0xde, 0xf7, 0xde, 0xf7, 
	0xde, 0xf7, 0x9c, 0xe7, 0x00, 0x01, 0x00, 0x01, 
	0x00, 0x01, 0x08, 0x43, 0x39, 0xcf, 0x42, 0x11, 
	0x42, 0x11, 0x42, 0x11, 0x42, 0x11, 0x42, 0x11, 
	0x42, 0x11, 0x41, 0xcf, 0x39, 0xcf, 0x08, 0x43, 
	0x00, 0x01, 0x00, 0x01, 0x00, 0x01, 0x84, 0x21, 
	0xde, 0xf7, 0xde, 0xf7, 0xde, 0xf7, 0xde, 0xf7, 
	0xde, 0xf7, 0xde, 0xf7, 0xde, 0xf7, 0xde, 0xf7, 
	0xde, 0xf7, 0xde, 0xf7, 0xde, 0xf7, 0xde, 0xf7, 
	0xde, 0xf7, 0x9c, 0xe7, 0x00, 0x01, 0x00, 0x01, 
	0x00, 0x01, 0x29, 0x4b, 0xc6, 0x31, 0xd6, 0xb5, 
	0xd6, 0xb5, 0xd6, 0xb5, 0xd6, 0xb5, 0xd6, 0xb5, 
	0xd6, 0xb5, 0xd6, 0xb5, 0xce, 0x73, 0x39, 0xcf, 
	0x00, 0x01, 0x00, 0x01, 0x00, 0x01, 0x84, 0x21, 
	0xde, 0xf7, 0xde, 0xf7, 0xde, 0xf7, 0xde, 0xf7, 
	0xde, 0xf7, 0xde, 0xf7, 0xde, 0xf7, 0xde, 0xf7, 
	0xde, 0xf7, 0xde, 0xf7, 0xde, 0xf7, 0xde, 0xf7, 
	0xde, 0xf7, 0x9c, 0xe7, 0x00, 0x01, 0x00, 0x01, 
	0x00, 0x01, 0x29, 0x4b, 0xce, 0x73, 0xde, 0xf7, 
	0xde, 0xf7, 0xde, 0xf7, 0xde, 0xf7, 0xde, 0xf7, 
	0xde, 0xf7, 0xde, 0xf7, 0xd6, 0xb5, 0x42, 0x11, 
	0x00, 0x01, 0x00, 0x01, 0x00, 0x01, 0x7b, 0xdf, 
	0xde, 0xf7, 0xde, 0xf7, 0xde, 0xf7, 0xde, 0xf7, 
	0xde, 0xf7, 0xde, 0xf7, 0xde, 0xf7, 0xde, 0xf7, 
	0xde, 0xf7, 0xde, 0xf7, 0xde, 0xf7, 0xde, 0xf7, 
	0xde, 0xb5, 0x9c, 0xe7, 0x00, 0x01, 0x00, 0x01, 
	0x00, 0x01, 0x29, 0x4b, 0xce, 0x73, 0xde, 0xf7, 
	0xde, 0xf7, 0xde, 0xf7, 0xde, 0xf7, 0xde, 0xf7, 
	0xde, 0xf7, 0xd6, 0xb5, 0xd6, 0xb5, 0x41, 0xcf, 
	0x00, 0x01, 0x00, 0x01, 0x00, 0x01, 0x7b, 0xdf, 
	0xd6, 0xb5, 0xde, 0xf7, 0xde, 0xf7, 0xde, 0xf7, 
	0xde, 0xf7, 0xde, 0xf7, 0xde, 0xf7, 0xde, 0xf7, 
	0xde, 0xf7, 0xd6, 0xb5, 0xd6, 0xb5, 0xd6, 0xb5, 
	0xd6, 0xb5, 0x9c, 0xe7, 0x00, 0x01, 0x00, 0x01, 
	0x00, 0x01, 0x29, 0x4b, 0xce, 0x73, 0xde, 0xf7, 
	0xd6, 0xb5, 0xd6, 0xb5, 0xd6, 0xb5, 0xd6, 0xb5, 
	0xd6, 0xb5, 0xd6, 0xb5, 0xd6, 0xb5, 0x39, 0xcf, 
	0x00, 0x01, 0x00, 0x01, 0x00, 0x01, 0x7b, 0xdf, 
	0xd6, 0xb5, 0xd6, 0xb5, 0xd6, 0xb5, 0xd6, 0xb5, 
	0xd6, 0xb5, 0xd6, 0xb5, 0xd6, 0xb5, 0xd6, 0xb5, 
	0xd6, 0xb5, 0xd6, 0xb5, 0xd6, 0xb5, 0xd6, 0xb5, 
	0xd6, 0xb5, 0x9c, 0xe7, 0x00, 0x01, 0x00, 0x01, 
	0x00, 0x01, 0x29, 0x4b, 0xce, 0x73, 0xd6, 0xb5, 
	0xd6, 0xb5, 0xd6, 0xb5, 0xd6, 0xb5, 0xd6, 0xb5, 
	0xd6, 0xb5, 0xd6, 0xb5, 0xce, 0xb3, 0x39, 0xcf, 
	0x00, 0x01, 0x00, 0x01, 0x00, 0x01, 0x7b, 0xdf, 
	0xd6, 0xb5, 0xd6, 0xb5, 0xd6, 0xb5, 0xd6, 0xb5, 
	0xc6, 0x71, 0xbd, 0xef, 0x9c, 0xe7, 0x73, 0x9d, 
	0x8c, 0x63, 0xd6, 0xb5, 0xd6, 0xb5, 0xd6, 0xb5, 
	0xd6, 0xb5, 0x9c, 0xe7, 0x00, 0x01, 0x00, 0x01, 
	0x00, 0x01, 0x29, 0x4b, 0xc6, 0x31, 0xd6, 0xb5, 
	0xd6, 0xb5, 0xd6, 0xb5, 0xd6, 0xb5, 0xd6, 0xb5, 
	0xd6, 0xb5, 0xd6, 0xb5, 0xce, 0x73, 0x39, 0xcf, 
	0x00, 0x01, 0x00, 0x01, 0x00, 0x01, 0x7b, 0xdf, 
	0xd6, 0xb5, 0xd6, 0xb5, 0xd6, 0xb5, 0xd6, 0xb5, 
	0x31, 0x8d, 0x21, 0x09, 0x08, 0x43, 0x00, 0x01, 
	0x7b, 0xdf, 0xd6, 0xb5, 0xd6, 0xb5, 0xd6, 0xb5, 
	0xd6, 0xb5, 0x9c, 0xe7, 0x00, 0x01, 0x00, 0x01, 
	0x00, 0x01, 0x29, 0x4b, 0xc6, 0x31, 0xd6, 0xb5, 
	0xd6, 0xb5, 0xd6, 0xb5, 0xd6, 0xb5, 0xd6, 0xb5, 
	0xd6, 0xb5, 0xd6, 0xb5, 0xce, 0x73, 0x39, 0xcf, 
	0x00, 0x01, 0x00, 0x01, 0x00, 0x01, 0x7b, 0xdf, 
	0xd6, 0xb5, 0xd6, 0xb5, 0xd6, 0xb5, 0xd6, 0xb5, 
	
};

Gfx INTRO_SCREEN_tile_4_1_rgba16_aligner[] = {gsSPEndDisplayList()};
u8 INTRO_SCREEN_tile_4_1_rgba16[] = {
	0xc6, 0x71, 0xbd, 0xef, 0x9c, 0xe7, 0x73, 0x9d, 
	0x8c, 0x63, 0xd6, 0xb5, 0xd6, 0xb5, 0xd6, 0xb5, 
	0xd6, 0xb5, 0x9c, 0xe7, 0x00, 0x01, 0x00, 0x01, 
	0x00, 0x01, 0x29, 0x4b, 0xc6, 0x31, 0xd6, 0xb5, 
	0xd6, 0xb5, 0xd6, 0xb5, 0xd6, 0xb5, 0xd6, 0xb5, 
	0xd6, 0xb5, 0xd6, 0xb5, 0xce, 0x73, 0x39, 0xcf, 
	0x00, 0x01, 0x00, 0x01, 0x00, 0x01, 0x7b, 0xdf, 
	0xd6, 0xb5, 0xd6, 0xb5, 0xd6, 0xb5, 0xd6, 0xb5, 
	0x31, 0x8d, 0x21, 0x09, 0x08, 0x43, 0x00, 0x01, 
	0x7b, 0xdf, 0xd6, 0xb5, 0xd6, 0xb5, 0xd6, 0xb5, 
	0xd6, 0xb5, 0x9c, 0xe7, 0x00, 0x01, 0x00, 0x01, 
	0x00, 0x01, 0x29, 0x4b, 0xc6, 0x31, 0xd6, 0xb5, 
	0xd6, 0xb5, 0xd6, 0xb5, 0xd6, 0xb5, 0xd6, 0xb5, 
	0xd6, 0xb5, 0xd6, 0xb5, 0xce, 0x73, 0x39, 0xcf, 
	0x00, 0x01, 0x00, 0x01, 0x00, 0x01, 0x7b, 0xdf, 
	0xd6, 0xb5, 0xd6, 0xb5, 0xd6, 0xb5, 0xd6, 0xb5, 
	0x00, 0x01, 0x00, 0x01, 0x00, 0x01, 0x00, 0x01, 
	0x7b, 0xdf, 0xd6, 0xb5, 0xd6, 0xb5, 0xd6, 0xb5, 
	0xd6, 0xb5, 0x9c, 0xe7, 0x00, 0x01, 0x00, 0x01, 
	0x00, 0x01, 0x29, 0x4b, 0xc6, 0x31, 0xd6, 0xb5, 
	0xd6, 0xb5, 0xd6, 0xb5, 0xd6, 0xb5, 0xd6, 0xb5, 
	0xd6, 0xb5, 0xd6, 0xb5, 0xce, 0x73, 0x39, 0xcf, 
	0x00, 0x01, 0x00, 0x01, 0x00, 0x01, 0x7b, 0xdf, 
	0xd6, 0xb5, 0xd6, 0xb5, 0xd6, 0xb5, 0xd6, 0xb5, 
	0x00, 0x01, 0x00, 0x01, 0x08, 0x43, 0x29, 0x4b, 
	0x8c, 0x63, 0xce, 0x73, 0xd6, 0xb5, 0xd6, 0xb5, 
	0xd6, 0xb5, 0x94, 0xa5, 0x00, 0x01, 0x00, 0x01, 
	0x00, 0x01, 0x29, 0x4b, 0xc6, 0x31, 0xd6, 0xb5, 
	0xd6, 0xb5, 0xd6, 0xb5, 0xd6, 0xb5, 0xd6, 0xb5, 
	0xd6, 0xb5, 0xce, 0x73, 0xce, 0x73, 0x39, 0xcf, 
	0x00, 0x01, 0x00, 0x01, 0x00, 0x01, 0x7b, 0xdf, 
	0xd6, 0xb3, 0xd6, 0xb5, 0xd6, 0xb5, 0xd6, 0xb5, 
	0x63, 0x19, 0x7b, 0xdf, 0x9c, 0xe7, 0xb5, 0xad, 
	0xce, 0x73, 0xce, 0x73, 0xd6, 0xb5, 0xce, 0x73, 
	0xce, 0x73, 0xb5, 0xad, 0x8c, 0x63, 0x8c, 0x63, 
	0x8c, 0x63, 0x8c, 0x63, 0xc6, 0x33, 0xd6, 0xb5, 
	0xd6, 0xb5, 0xce, 0x73, 0xd6, 0xb5, 0xd6, 0xb5, 
	0xce, 0x73, 0xce, 0x73, 0xce, 0x73, 0x8c, 0x63, 
	0x8c, 0x63, 0x84, 0x21, 0x8c, 0x63, 0xa5, 0x29, 
	0xce, 0x73, 0xd6, 0xb5, 0xd6, 0xb5, 0xd6, 0xb5, 
	0xce, 0x73, 0xce, 0x73, 0xce, 0x73, 0xce, 0x73, 
	0xce, 0x73, 0xce, 0x73, 0xce, 0x73, 0xce, 0x73, 
	0xce, 0x73, 0xce, 0x73, 0xce, 0x73, 0xce, 0x73, 
	0xce, 0x73, 0xce, 0x73, 0xce, 0x73, 0xd6, 0xb5, 
	0xce, 0x73, 0xce, 0x73, 0xce, 0x73, 0xce, 0x73, 
	0xce, 0x73, 0xce, 0x73, 0xce, 0x73, 0xce, 0x73, 
	0xce, 0x73, 0xce, 0x73, 0xce, 0x73, 0xce, 0x73, 
	0xce, 0x73, 0xce, 0x73, 0xce, 0x73, 0xce, 0x73, 
	0xce, 0x73, 0xce, 0x73, 0xce, 0x73, 0xce, 0x73, 
	0xce, 0x73, 0xce, 0x73, 0xce, 0x73, 0xce, 0x73, 
	0xce, 0x73, 0xce, 0x73, 0xce, 0x73, 0xce, 0x73, 
	0xce, 0x73, 0xce, 0x73, 0xce, 0x73, 0xce, 0x73, 
	0xce, 0x73, 0xce, 0x73, 0xce, 0x73, 0xce, 0x73, 
	0xce, 0x73, 0xce, 0x73, 0xce, 0x73, 0xce, 0x73, 
	0xce, 0x73, 0xce, 0x73, 0xce, 0x73, 0xce, 0x73, 
	0xce, 0x73, 0xce, 0x73, 0xce, 0x73, 0xce, 0x73, 
	0xce, 0x73, 0xce, 0x73, 0xce, 0x73, 0xce, 0x73, 
	0xce, 0x73, 0xce, 0x73, 0xce, 0x73, 0xce, 0x73, 
	0xce, 0x73, 0xce, 0x73, 0xce, 0x73, 0xce, 0x73, 
	0xce, 0x73, 0xce, 0x73, 0xce, 0x73, 0xce, 0x73, 
	0xce, 0x73, 0xce, 0x73, 0xce, 0x73, 0xce, 0x73, 
	0xce, 0x73, 0xce, 0x73, 0xce, 0x73, 0xce, 0x73, 
	0xce, 0x73, 0xce, 0x73, 0xce, 0x73, 0xce, 0x73, 
	0xce, 0x73, 0xce, 0x73, 0xce, 0x73, 0xce, 0x73, 
	0xce, 0x73, 0xce, 0x73, 0xce, 0x73, 0xce, 0x73, 
	0xce, 0x73, 0xce, 0x73, 0xce, 0x73, 0xce, 0x73, 
	0xce, 0x73, 0xce, 0x73, 0xce, 0x73, 0xce, 0x73, 
	0xce, 0x73, 0xce, 0x73, 0xce, 0x73, 0xce, 0x73, 
	0xce, 0x73, 0xce, 0x73, 0xce, 0x73, 0xce, 0x73, 
	0xce, 0x73, 0xce, 0x73, 0xce, 0x73, 0xce, 0x73, 
	0xce, 0x73, 0xce, 0x73, 0xce, 0x73, 0xce, 0x73, 
	0xce, 0x73, 0xce, 0x73, 0xce, 0x73, 0xce, 0x73, 
	0xce, 0x73, 0xce, 0x73, 0xce, 0x73, 0xce, 0x73, 
	0xce, 0x73, 0xce, 0x73, 0xce, 0x73, 0xce, 0x73, 
	0xce, 0x73, 0xce, 0x73, 0xce, 0x73, 0xce, 0x73, 
	0xce, 0x73, 0xce, 0x73, 0xce, 0x73, 0xce, 0x73, 
	0xce, 0x73, 0xce, 0x73, 0xce, 0x73, 0xce, 0x73, 
	0xce, 0x73, 0xc6, 0x31, 0xc6, 0x31, 0xce, 0x73, 
	0xce, 0x73, 0xce, 0x73, 0xce, 0x73, 0xce, 0x73, 
	0xce, 0x73, 0xce, 0x73, 0xce, 0x73, 0xce, 0x73, 
	0xc6, 0x31, 0xc6, 0x31, 0xc6, 0x31, 0xc6, 0x31, 
	0xce, 0x31, 0xce, 0x73, 0xce, 0x73, 0xc6, 0x31, 
	0xce, 0x73, 0xce, 0x73, 0xce, 0x73, 0xce, 0x73, 
	0xce, 0x73, 0xce, 0x73, 0xce, 0x31, 0xc6, 0x31, 
	0xc6, 0x31, 0xc6, 0x33, 0xc6, 0x31, 0xce, 0x73, 
	0xce, 0x73, 0xc6, 0x31, 0xc6, 0x31, 0xc6, 0x31, 
	0xc6, 0x31, 0xc6, 0x31, 0xc6, 0x31, 0xc6, 0x31, 
	0xce, 0x73, 0xce, 0x73, 0xce, 0x73, 0xce, 0x73, 
	0xc6, 0x31, 0xc6, 0x31, 0xc6, 0x31, 0xc6, 0x31, 
	0xc6, 0x31, 0xc6, 0x31, 0xc6, 0x31, 0xc6, 0x31, 
	0xc6, 0x31, 0xc6, 0x31, 0xc6, 0x31, 0xc6, 0x31, 
	0xc6, 0x31, 0xc6, 0x31, 0xc6, 0x31, 0xc6, 0x31, 
	0xc6, 0x31, 0xc6, 0x31, 0xc6, 0x31, 0xc6, 0x31, 
	0xc6, 0x31, 0xc6, 0x31, 0xc6, 0x31, 0xc6, 0x31, 
	0xc6, 0x31, 0xc6, 0x31, 0xc6, 0x31, 0xc6, 0x31, 
	0xc6, 0x31, 0xc6, 0x31, 0xc6, 0x31, 0xc6, 0x31, 
	0xc6, 0x31, 0xc6, 0x31, 0xc6, 0x31, 0xc6, 0x31, 
	0xc6, 0x31, 0xc6, 0x31, 0xc6, 0x31, 0xc6, 0x31, 
	0xc6, 0x31, 0xc6, 0x31, 0xc6, 0x31, 0xc6, 0x31, 
	0xc6, 0x31, 0xc6, 0x31, 0xc6, 0x31, 0xc6, 0x31, 
	0xc6, 0x31, 0xc6, 0x31, 0xc6, 0x31, 0xc6, 0x31, 
	0xc6, 0x31, 0xc6, 0x31, 0xc6, 0x31, 0xc6, 0x31, 
	0xc6, 0x31, 0xc6, 0x31, 0xc6, 0x31, 0xc6, 0x31, 
	0xc6, 0x31, 0xc6, 0x31, 0xc6, 0x31, 0xc6, 0x31, 
	0xc6, 0x31, 0xc6, 0x31, 0xc6, 0x31, 0xc6, 0x31, 
	0xc6, 0x31, 0xc6, 0x31, 0xc6, 0x31, 0xc6, 0x31, 
	0xc6, 0x31, 0xc6, 0x31, 0xc6, 0x31, 0xc6, 0x31, 
	0xc6, 0x31, 0xc6, 0x31, 0xc6, 0x31, 0xc6, 0x31, 
	0xc6, 0x31, 0xc6, 0x31, 0xc6, 0x31, 0xc6, 0x31, 
	0xc6, 0x31, 0xc6, 0x31, 0xc6, 0x31, 0xc6, 0x31, 
	0xc6, 0x31, 0xc6, 0x31, 0xc6, 0x31, 0xc6, 0x31, 
	0xc6, 0x31, 0xc6, 0x31, 0xc6, 0x31, 0xc6, 0x31, 
	0xc6, 0x31, 0xc6, 0x31, 0xc6, 0x31, 0xc6, 0x31, 
	0xc6, 0x31, 0xc6, 0x31, 0xc6, 0x31, 0xc6, 0x31, 
	0xc6, 0x31, 0xc6, 0x31, 0xc6, 0x31, 0xc6, 0x31, 
	0xc6, 0x31, 0xc6, 0x31, 0xc6, 0x31, 0xc6, 0x31, 
	0xc6, 0x31, 0xc6, 0x31, 0xc6, 0x31, 0xc6, 0x31, 
	0xc6, 0x31, 0xc6, 0x31, 0xc6, 0x31, 0xc6, 0x31, 
	0xc6, 0x31, 0xc6, 0x31, 0xc6, 0x31, 0xc6, 0x31, 
	0xc6, 0x31, 0xc6, 0x31, 0xc6, 0x31, 0xc6, 0x31, 
	0xc6, 0x31, 0xc6, 0x31, 0xc6, 0x31, 0xc6, 0x31, 
	0xc6, 0x31, 0xc6, 0x31, 0xc6, 0x31, 0xc6, 0x31, 
	0xc6, 0x31, 0xc6, 0x31, 0xc6, 0x31, 0xc6, 0x31, 
	0xc6, 0x31, 0xc6, 0x31, 0xc6, 0x31, 0xc6, 0x31, 
	0xc6, 0x31, 0xc6, 0x31, 0xc6, 0x31, 0xc6, 0x31, 
	0xc6, 0x31, 0xc6, 0x31, 0xc6, 0x31, 0xc6, 0x31, 
	0xc6, 0x31, 0xc6, 0x31, 0xc6, 0x31, 0xc6, 0x31, 
	0xc6, 0x31, 0xc6, 0x31, 0xc6, 0x31, 0xc6, 0x31, 
	0xbd, 0xef, 0xbd, 0xef, 0xbd, 0xef, 0xbd, 0xef, 
	0xbd, 0xef, 0xbe, 0x2f, 0xc6, 0x31, 0xbd, 0xef, 
	0xbd, 0xef, 0xbd, 0xef, 0xbe, 0x31, 0xbd, 0xef, 
	0xbd, 0xef, 0xbd, 0xef, 0xbd, 0xef, 0xbd, 0xef, 
	0xbd, 0xef, 0xbd, 0xef, 0xbd, 0xef, 0xbd, 0xef, 
	0xbd, 0xef, 0xbd, 0xef, 0xbd, 0xef, 0xbd, 0xef, 
	0xbd, 0xef, 0xbd, 0xef, 0xbd, 0xef, 0xbd, 0xef, 
	0xc6, 0x31, 0xc6, 0x31, 0xbd, 0xef, 0xbd, 0xef, 
	0xbd, 0xef, 0xbd, 0xef, 0xbd, 0xef, 0xbd, 0xef, 
	0xbd, 0xef, 0xbd, 0xef, 0xbd, 0xef, 0xbd, 0xef, 
	0xbd, 0xef, 0xbd, 0xef, 0xbd, 0xef, 0xbd, 0xef, 
	0xbd, 0xef, 0xbd, 0xef, 0xbd, 0xef, 0xbd, 0xef, 
	0xbd, 0xef, 0xbd, 0xef, 0xbd, 0xef, 0xbd, 0xef, 
	0xbd, 0xef, 0xbd, 0xef, 0xbd, 0xef, 0xbd, 0xef, 
	0xbd, 0xef, 0xbd, 0xef, 0xbd, 0xef, 0xbd, 0xef, 
	0xbd, 0xef, 0xbd, 0xef, 0xbd, 0xef, 0xbd, 0xef, 
	0xbd, 0xef, 0xbd, 0xef, 0xbd, 0xef, 0xbd, 0xef, 
	0xbd, 0xef, 0xbd, 0xef, 0xbd, 0xef, 0xbd, 0xef, 
	0xbd, 0xef, 0xbd, 0xef, 0xbd, 0xef, 0xbd, 0xef, 
	0xbd, 0xef, 0xbd, 0xef, 0xbd, 0xef, 0xbd, 0xef, 
	0xbd, 0xef, 0xbd, 0xef, 0xbd, 0xef, 0xbd, 0xef, 
	0xbd, 0xef, 0xbd, 0xef, 0xbd, 0xef, 0xbd, 0xef, 
	0xbd, 0xef, 0xbd, 0xef, 0xbd, 0xef, 0xbd, 0xef, 
	0xbd, 0xef, 0xbd, 0xef, 0xbd, 0xef, 0xbd, 0xef, 
	0xbd, 0xef, 0xbd, 0xef, 0xbd, 0xef, 0xbd, 0xef, 
	0xbd, 0xef, 0xbd, 0xef, 0xbd, 0xef, 0xbd, 0xef, 
	0xbd, 0xef, 0xbd, 0xef, 0xbd, 0xef, 0xbd, 0xef, 
	0xbd, 0xef, 0xbd, 0xef, 0xbd, 0xef, 0xbd, 0xef, 
	0xbd, 0xef, 0xbd, 0xef, 0xbd, 0xef, 0xbd, 0xef, 
	0xbd, 0xef, 0xbd, 0xef, 0xbd, 0xef, 0xbd, 0xef, 
	0xbd, 0xef, 0xbd, 0xef, 0xbd, 0xef, 0xbd, 0xef, 
	0xbd, 0xef, 0xbd, 0xef, 0xbd, 0xef, 0xbd, 0xef, 
	0xbd, 0xef, 0xbd, 0xef, 0xbd, 0xef, 0xbd, 0xef, 
	0xbd, 0xef, 0xbd, 0xef, 0xbd, 0xef, 0xbd, 0xef, 
	0xbd, 0xef, 0xbd, 0xef, 0xbd, 0xef, 0xbd, 0xef, 
	0xbd, 0xef, 0xbd, 0xef, 0xbd, 0xef, 0xbd, 0xef, 
	0xbd, 0xef, 0xbd, 0xef, 0xbd, 0xef, 0xbd, 0xef, 
	0xbd, 0xef, 0xbd, 0xef, 0xbd, 0xef, 0xbd, 0xef, 
	0xbd, 0xef, 0xbd, 0xef, 0xbd, 0xef, 0xbd, 0xef, 
	0xbd, 0xef, 0xbd, 0xef, 0xbd, 0xef, 0xbd, 0xef, 
	0xbd, 0xef, 0xbd, 0xef, 0xbd, 0xef, 0xbd, 0xef, 
	0xbd, 0xef, 0xbd, 0xef, 0xbd, 0xef, 0xbd, 0xef, 
	0xbd, 0xef, 0xbd, 0xef, 0xbd, 0xef, 0xbd, 0xef, 
	0xbd, 0xef, 0xbd, 0xef, 0xbd, 0xef, 0xbd, 0xef, 
	0xbd, 0xef, 0xbd, 0xef, 0xbd, 0xef, 0xbd, 0xef, 
	0xbd, 0xef, 0xbd, 0xef, 0xbd, 0xef, 0xbd, 0xef, 
	0xbd, 0xef, 0xbd, 0xef, 0xbd, 0xef, 0xbd, 0xef, 
	0xbd, 0xef, 0xbd, 0xef, 0xbd, 0xef, 0xbd, 0xef, 
	0xbd, 0xef, 0xbd, 0xef, 0xbd, 0xef, 0xbd, 0xef, 
	0xb5, 0xad, 0xb5, 0xad, 0xb5, 0xad, 0xb5, 0xad, 
	0xbd, 0xef, 0xb5, 0xad, 0xb5, 0xad, 0xb5, 0xad, 
	0xb5, 0xad, 0xb5, 0xad, 0xb5, 0xad, 0xb5, 0xad, 
	0xb5, 0xad, 0xb5, 0xad, 0xb5, 0xad, 0xb5, 0xad, 
	0xb5, 0xad, 0xb5, 0xad, 0xb5, 0xad, 0xb5, 0xad, 
	0xb5, 0xad, 0xb5, 0xad, 0xb5, 0xad, 0xb5, 0xad, 
	0xb5, 0xad, 0xb5, 0xad, 0xb5, 0xaf, 0xb5, 0xad, 
	0xb5, 0xad, 0xbd, 0xef, 0xb5, 0xad, 0xb5, 0xad, 
	0x73, 0x9d, 0x6b, 0x5b, 0x6b, 0x5b, 0x73, 0x9d, 
	0xad, 0x6b, 0xb5, 0xad, 0xb5, 0xad, 0x9c, 0xe7, 
	0x6b, 0x5b, 0x6b, 0x5b, 0x6b, 0x5b, 0x6b, 0x5b, 
	0x6b, 0x5b, 0x6b, 0x5b, 0x6b, 0x5b, 0x6b, 0x5b, 
	0x6b, 0x5b, 0x6b, 0x5b, 0x73, 0x9b, 0x73, 0x9d, 
	0x6b, 0x9d, 0x6b, 0x5b, 0x6b, 0x5b, 0x6b, 0x5b, 
	0x94, 0xa5, 0xb5, 0xad, 0xb5, 0xad, 0xad, 0x6b, 
	0xb5, 0xad, 0xb5, 0xad, 0xb5, 0xad, 0xb5, 0xad, 
	0x29, 0x4b, 0x00, 0x01, 0x00, 0x01, 0x21, 0x09, 
	0xa5, 0x29, 0xb5, 0xad, 0xb5, 0xad, 0x8c, 0x63, 
	0x08, 0x43, 0x00, 0x01, 0x00, 0x01, 0x00, 0x01, 
	0x00, 0x01, 0x00, 0x01, 0x00, 0x01, 0x00, 0x01, 
	0x00, 0x01, 0x00, 0x01, 0x00, 0x01, 0x00, 0x01, 
	0x00, 0x01, 0x00, 0x01, 0x00, 0x01, 0x00, 0x01, 
	0x84, 0x21, 0xb5, 0xad, 0xb5, 0xad, 0xa5, 0x29, 
	0xb5, 0xad, 0xb5, 0xad, 0xb5, 0xad, 0xad, 0x6b, 
	0x29, 0x4b, 0x00, 0x01, 0x00, 0x01, 0x18, 0xc7, 
	0xa5, 0x29, 0xb5, 0xad, 0xb5, 0xad, 0x8c, 0x63, 
	0x08, 0x43, 0x00, 0x01, 0x00, 0x01, 0x00, 0x01, 
	0x00, 0x01, 0x00, 0x01, 0x00, 0x01, 0x00, 0x01, 
	0x00, 0x01, 0x00, 0x01, 0x00, 0x01, 0x00, 0x01, 
	0x00, 0x01, 0x00, 0x01, 0x00, 0x01, 0x00, 0x01, 
	0x84, 0x21, 0xb5, 0xad, 0xb5, 0xad, 0xa5, 0x29, 
	0xb5, 0xad, 0xb5, 0xad, 0xb5, 0xad, 0xad, 0x6b, 
	0x29, 0x4b, 0x00, 0x01, 0x00, 0x01, 0x18, 0xc7, 
	0xa5, 0x29, 0xb5, 0xad, 0xb5, 0xad, 0x8c, 0x63, 
	0x21, 0x09, 0x18, 0xc7, 0x18, 0xc7, 0x18, 0xc7, 
	0x18, 0xc7, 0x10, 0x85, 0x00, 0x01, 0x00, 0x01, 
	0x00, 0x01, 0x00, 0x01, 0x10, 0x85, 0x18, 0xc7, 
	0x18, 0xc7, 0x18, 0xc7, 0x18, 0xc7, 0x18, 0xc7, 
	0x84, 0x21, 0xb5, 0xad, 0xb5, 0xad, 0xa5, 0x29, 
	0xb5, 0xad, 0xb5, 0xad, 0xb5, 0xad, 0xad, 0x6b, 
	0x29, 0x4b, 0x00, 0x01, 0x00, 0x01, 0x18, 0xc7, 
	0x9c, 0xe7, 0xb5, 0xad, 0xb5, 0xad, 0xad, 0x6b, 
	0x9c, 0xe7, 0x9c, 0xe7, 0x9c, 0xe7, 0x9c, 0xe7, 
	0x9c, 0xe7, 0x84, 0x21, 0x10, 0x85, 0x00, 0x01, 
	0x00, 0x01, 0x00, 0x01, 0x73, 0x9d, 0x9c, 0xe7, 
	0x9c, 0xe7, 0x9c, 0xe7, 0x9c, 0xe7, 0x9c, 0xe7, 
	0xa5, 0x29, 0xb5, 0xad, 0xb5, 0xad, 0xa5, 0x29, 
	0xb5, 0xad, 0xb5, 0xad, 0xb5, 0xad, 0xad, 0x6b, 
	0x29, 0x4b, 0x00, 0x01, 0x00, 0x01, 0x18, 0xc7, 
	0x9c, 0xe7, 0xb5, 0xad, 0xb5, 0xad, 0xb5, 0xad, 
	0xb5, 0xad, 0xb5, 0xad, 0xb5, 0xad, 0xb5, 0xad, 
	0xb5, 0xad, 0x94, 0xa5, 0x10, 0x85, 0x00, 0x01, 
	0x00, 0x01, 0x00, 0x01, 0x84, 0x21, 0xb5, 0xad, 
	0xb5, 0xad, 0xb5, 0xad, 0xb5, 0xad, 0xb5, 0xad, 
	0xb5, 0xad, 0xb5, 0xad, 0xb5, 0xad, 0xa5, 0x29, 
	0xad, 0x6b, 0xad, 0x6b, 0xb5, 0xad, 0xad, 0x6b, 
	0x29, 0x4b, 0x00, 0x01, 0x00, 0x01, 0x18, 0xc7, 
	0x9c, 0xe7, 0xb5, 0xad, 0xb5, 0xad, 0xb5, 0xad, 
	0xb5, 0xad, 0xad, 0x6b, 0xad, 0x6b, 0xad, 0x6b, 
	0xb5, 0xab, 0x94, 0xa5, 0x10, 0x85, 0x00, 0x01, 
	0x00, 0x01, 0x00, 0x01, 0x84, 0x21, 0xad, 0x6b, 
	0xb5, 0xad, 0xb5, 0xad, 0xb5, 0xad, 0xad, 0xad, 
	0xad, 0x6b, 0xad, 0x6b, 0xb5, 0xad, 0x9c, 0xe7, 
	0xad, 0x6b, 0xad, 0x6b, 0xad, 0x6b, 0xad, 0x6b, 
	0x29, 0x4b, 0x00, 0x01, 0x00, 0x01, 0x18, 0xc7, 
	0x9c, 0xe7, 0xad, 0x6b, 0xad, 0x6b, 0xad, 0x6b, 
	0xad, 0x6b, 0xad, 0x6b, 0xad, 0x6b, 0xad, 0x6b, 
	0xad, 0x6b, 0x94, 0xa5, 0x10, 0x85, 0x00, 0x01, 
	0x00, 0x01, 0x00, 0x01, 0x84, 0x21, 0xad, 0x6b, 
	0xb5, 0xad, 0xb5, 0xad, 0xb5, 0xad, 0xad, 0x6b, 
	0xad, 0x6b, 0xad, 0x6b, 0xb5, 0xad, 0x9c, 0xe7, 
	0xad, 0x6b, 0xad, 0x6b, 0xad, 0x6b, 0xa5, 0x29, 
	0x29, 0x4b, 0x00, 0x01, 0x00, 0x01, 0x18, 0xc7, 
	0x9c, 0xe7, 0xad, 0x6b, 0xad, 0x6b, 0xad, 0x6b, 
	0xad, 0x6b, 0xad, 0x6b, 0xad, 0x6b, 0xad, 0x6b, 
	0xad, 0x6b, 0x94, 0xa5, 0x10, 0x85, 0x00, 0x01, 
	0x00, 0x01, 0x00, 0x01, 0x84, 0x21, 0xad, 0x6b, 
	0xad, 0x6b, 0xad, 0x6b, 0xb5, 0xad, 0xad, 0x6b, 
	0xad, 0x6b, 0xad, 0x6b, 0xad, 0x6b, 0x9c, 0xe7, 
	
};

Gfx INTRO_SCREEN_tile_4_2_rgba16_aligner[] = {gsSPEndDisplayList()};
u8 INTRO_SCREEN_tile_4_2_rgba16[] = {
	0xad, 0x6b, 0xad, 0x6b, 0xad, 0x6b, 0xad, 0x6b, 
	0x29, 0x4b, 0x00, 0x01, 0x00, 0x01, 0x18, 0xc7, 
	0x9c, 0xe7, 0xad, 0x6b, 0xad, 0x6b, 0xad, 0x6b, 
	0xad, 0x6b, 0xad, 0x6b, 0xad, 0x6b, 0xad, 0x6b, 
	0xad, 0x6b, 0x94, 0xa5, 0x10, 0x85, 0x00, 0x01, 
	0x00, 0x01, 0x00, 0x01, 0x84, 0x21, 0xad, 0x6b, 
	0xb5, 0xad, 0xb5, 0xad, 0xb5, 0xad, 0xad, 0x6b, 
	0xad, 0x6b, 0xad, 0x6b, 0xb5, 0xad, 0x9c, 0xe7, 
	0xad, 0x6b, 0xad, 0x6b, 0xad, 0x6b, 0xa5, 0x29, 
	0x29, 0x4b, 0x00, 0x01, 0x00, 0x01, 0x18, 0xc7, 
	0x9c, 0xe7, 0xad, 0x6b, 0xad, 0x6b, 0xad, 0x6b, 
	0xad, 0x6b, 0xad, 0x6b, 0xad, 0x6b, 0xad, 0x6b, 
	0xad, 0x6b, 0x94, 0xa5, 0x10, 0x85, 0x00, 0x01, 
	0x00, 0x01, 0x00, 0x01, 0x84, 0x21, 0xad, 0x6b, 
	0xad, 0x6b, 0xad, 0x6b, 0xb5, 0xad, 0xad, 0x6b, 
	0xad, 0x6b, 0xad, 0x6b, 0xad, 0x6b, 0x9c, 0xe7, 
	0xad, 0x6b, 0xad, 0x6b, 0xad, 0x6b, 0xa5, 0x29, 
	0x29, 0x4b, 0x00, 0x01, 0x00, 0x01, 0x18, 0xc7, 
	0x9c, 0xe7, 0xad, 0x6b, 0xad, 0x6b, 0xad, 0x6b, 
	0xad, 0x6b, 0xad, 0x6b, 0xad, 0x6b, 0xad, 0x6b, 
	0xad, 0x6b, 0x8c, 0x63, 0x10, 0x85, 0x00, 0x01, 
	0x00, 0x01, 0x00, 0x01, 0x84, 0x21, 0xad, 0x6b, 
	0xad, 0x6b, 0xad, 0x6b, 0xad, 0x6b, 0xad, 0x6b, 
	0xad, 0x6b, 0xad, 0x6b, 0xad, 0x6b, 0x9c, 0xe7, 
	0x94, 0xa5, 0xad, 0x6b, 0xad, 0x6b, 0xa5, 0x29, 
	0x29, 0x4b, 0x00, 0x01, 0x00, 0x01, 0x18, 0xc7, 
	0x94, 0xa5, 0xad, 0x6b, 0xad, 0x6b, 0xad, 0x6b, 
	0xad, 0x6b, 0xad, 0x6b, 0xad, 0x6b, 0xad, 0x6b, 
	0xad, 0x6b, 0x8c, 0x63, 0x10, 0x85, 0x00, 0x01, 
	0x00, 0x01, 0x00, 0x01, 0x84, 0x21, 0xad, 0x6b, 
	0xad, 0x6b, 0xad, 0x6b, 0xad, 0x6b, 0xad, 0x6b, 
	0xad, 0x6b, 0xad, 0x6b, 0xad, 0x6b, 0x9c, 0xe7, 
	0x4a, 0x53, 0xa5, 0x29, 0xad, 0x6b, 0xa5, 0x29, 
	0x29, 0x4b, 0x00, 0x01, 0x00, 0x01, 0x18, 0xc7, 
	0x94, 0xa5, 0xad, 0x6b, 0xad, 0x6b, 0xad, 0x6b, 
	0xad, 0x6b, 0xad, 0x6b, 0xad, 0x6b, 0xad, 0x6b, 
	0xad, 0x6b, 0x8c, 0x63, 0x10, 0x85, 0x00, 0x01, 
	0x00, 0x01, 0x00, 0x01, 0x83, 0xe1, 0xad, 0x6b, 
	0xad, 0x6b, 0xad, 0x6b, 0xad, 0x6b, 0xad, 0x6b, 
	0xad, 0x6b, 0xad, 0x6b, 0xad, 0x6b, 0x9c, 0xe7, 
	0x08, 0x43, 0x7b, 0xdf, 0xa5, 0x29, 0xa5, 0x29, 
	0x29, 0x4b, 0x00, 0x01, 0x00, 0x01, 0x18, 0xc7, 
	0x94, 0xa5, 0xad, 0x6b, 0xad, 0x6b, 0xad, 0x6b, 
	0xad, 0x6b, 0xad, 0x6b, 0xad, 0x6b, 0xad, 0x6b, 
	0xad, 0x6b, 0x8c, 0x63, 0x10, 0x85, 0x00, 0x01, 
	0x00, 0x01, 0x00, 0x01, 0x7b, 0xdf, 0xad, 0x6b, 
	0xad, 0x6b, 0xad, 0x6b, 0xad, 0x6b, 0xad, 0x6b, 
	0xad, 0x6b, 0xad, 0x6b, 0xad, 0x6b, 0x94, 0xa5, 
	0x00, 0x01, 0x31, 0x8d, 0x9c, 0xe7, 0xa5, 0x29, 
	0x31, 0x8d, 0x00, 0x01, 0x00, 0x01, 0x18, 0xc7, 
	0x94, 0xa5, 0xad, 0x6b, 0xad, 0x6b, 0xad, 0x6b, 
	0xad, 0x6b, 0xa5, 0x29, 0xa5, 0x29, 0xa5, 0x29, 
	0xa5, 0x29, 0x8c, 0x63, 0x10, 0x85, 0x00, 0x01, 
	0x00, 0x01, 0x00, 0x01, 0x7b, 0xdf, 0xad, 0x6b, 
	0xad, 0x6b, 0xad, 0x6b, 0xad, 0x6b, 0xad, 0x6b, 
	0xad, 0x69, 0xa5, 0x29, 0xa5, 0x29, 0x94, 0xa5, 
	0x00, 0x01, 0x00, 0x01, 0x6b, 0x5b, 0xa5, 0x29, 
	0x31, 0x8d, 0x00, 0x01, 0x00, 0x01, 0x18, 0xc7, 
	0x94, 0xa5, 0xa5, 0x29, 0xa5, 0x29, 0xa5, 0x29, 
	0xa5, 0x29, 0xa5, 0x29, 0xa5, 0x29, 0xa5, 0x29, 
	0xa5, 0x29, 0x8c, 0x63, 0x10, 0x85, 0x00, 0x01, 
	0x00, 0x01, 0x00, 0x01, 0x7b, 0xdf, 0xa5, 0x29, 
	0xa5, 0x29, 0xa5, 0x29, 0xad, 0x6b, 0xa5, 0x29, 
	0xa5, 0x29, 0xa5, 0x29, 0xa5, 0x29, 0x94, 0xa5, 
	0x00, 0x01, 0x00, 0x01, 0x21, 0x09, 0x8c, 0x63, 
	0x39, 0xcf, 0x00, 0x01, 0x00, 0x01, 0x18, 0xc7, 
	0x94, 0xa5, 0xa5, 0x29, 0xa5, 0x29, 0xa5, 0x29, 
	0xa5, 0x29, 0xa5, 0x29, 0xa5, 0x29, 0xa5, 0x29, 
	0xa5, 0x29, 0x84, 0x21, 0x10, 0x85, 0x00, 0x01, 
	0x00, 0x01, 0x00, 0x01, 0x7b, 0xdf, 0xa5, 0x29, 
	0xa5, 0x29, 0xa5, 0x29, 0xa5, 0x29, 0xa5, 0x29, 
	0xa5, 0x29, 0xa5, 0x29, 0xa5, 0x29, 0x9c, 0xe7, 
	0x00, 0x01, 0x00, 0x01, 0x00, 0x01, 0x52, 0x95, 
	0x39, 0xcf, 0x00, 0x01, 0x00, 0x01, 0x18, 0xc7, 
	0x94, 0xa5, 0xa5, 0x29, 0xa5, 0x29, 0xa5, 0x29, 
	0xa5, 0x29, 0xa5, 0x29, 0xa5, 0x29, 0xa5, 0x29, 
	0xa5, 0x29, 0x84, 0x21, 0x10, 0x85, 0x00, 0x01, 
	0x00, 0x01, 0x00, 0x01, 0x7b, 0xdf, 0xa5, 0x29, 
	0xa5, 0x29, 0xa5, 0x29, 0xa5, 0x29, 0xa5, 0x29, 
	0xa5, 0x29, 0xa5, 0x29, 0xa5, 0x29, 0x9c, 0xe7, 
	0x00, 0x01, 0x00, 0x01, 0x00, 0x01, 0x08, 0x43, 
	0x08, 0x43, 0x00, 0x01, 0x00, 0x01, 0x18, 0xc7, 
	0x94, 0xa5, 0xa5, 0x29, 0xa5, 0x29, 0xa5, 0x29, 
	0xa5, 0x29, 0xa5, 0x29, 0xa5, 0x29, 0xa5, 0x29, 
	0xa5, 0x29, 0x84, 0x21, 0x10, 0x85, 0x00, 0x01, 
	0x00, 0x01, 0x00, 0x01, 0x7b, 0xdf, 0xa5, 0x29, 
	0xa5, 0x29, 0xa5, 0x29, 0xa5, 0x29, 0xa5, 0x29, 
	0xa5, 0x29, 0xa5, 0x29, 0xa5, 0x29, 0xa5, 0x29, 
	0x21, 0x09, 0x00, 0x01, 0x00, 0x01, 0x00, 0x01, 
	0x00, 0x01, 0x00, 0x01, 0x00, 0x01, 0x18, 0xc7, 
	0x8c, 0x63, 0xa5, 0x29, 0xa5, 0x29, 0xa5, 0x29, 
	0xa5, 0x29, 0xa5, 0x29, 0x9c, 0xe9, 0xa5, 0x29, 
	0xa5, 0x29, 0x84, 0x21, 0x10, 0x85, 0x00, 0x01, 
	0x00, 0x01, 0x00, 0x01, 0x7b, 0xdf, 0xa5, 0x29, 
	0xa5, 0x29, 0xa5, 0x29, 0xa5, 0x29, 0xa5, 0x29, 
	0xa5, 0x29, 0xa5, 0x29, 0xa5, 0x29, 0xa5, 0x29, 
	0x6b, 0x5b, 0x00, 0x01, 0x00, 0x01, 0x00, 0x01, 
	0x00, 0x01, 0x00, 0x01, 0x00, 0x01, 0x18, 0xc7, 
	0x8c, 0x63, 0xa5, 0x29, 0x9c, 0xe7, 0x9c, 0xe7, 
	0xa5, 0x29, 0x9c, 0xe7, 0x9c, 0xe7, 0x9c, 0xe7, 
	0x9c, 0xe7, 0x84, 0x21, 0x10, 0x85, 0x00, 0x01, 
	0x00, 0x01, 0x00, 0x01, 0x73, 0x9d, 0x9c, 0xe7, 
	0x9c, 0xe7, 0x9c, 0xe7, 0x9c, 0xe7, 0x9c, 0xe7, 
	0x9c, 0xe7, 0x9c, 0xe7, 0x9c, 0xe7, 0x9c, 0xe7, 
	0x94, 0xa5, 0x31, 0x8d, 0x00, 0x01, 0x00, 0x01, 
	0x00, 0x01, 0x00, 0x01, 0x00, 0x01, 0x18, 0xc7, 
	0x8c, 0x63, 0x9c, 0xe7, 0x9c, 0xe7, 0x9c, 0xe7, 
	0x9c, 0xe7, 0x9c, 0xe7, 0x9c, 0xe7, 0x9c, 0xe7, 
	0xa5, 0x29, 0x84, 0x21, 0x10, 0x85, 0x00, 0x01, 
	0x00, 0x01, 0x00, 0x01, 0x73, 0x9d, 0x9c, 0xe7, 
	0x9c, 0xe7, 0x9c, 0xe7, 0x9c, 0xe7, 0x9c, 0xe7, 
	0x9c, 0xe7, 0x9c, 0xe7, 0x9c, 0xe7, 0x9c, 0xe7, 
	0x9c, 0xe7, 0x7b, 0xdf, 0x10, 0x85, 0x00, 0x01, 
	0x00, 0x01, 0x00, 0x01, 0x00, 0x01, 0x18, 0xc7, 
	0x8c, 0x63, 0x9c, 0xe7, 0x9c, 0xe7, 0x9c, 0xe7, 
	0x9c, 0xe7, 0x9c, 0xe7, 0x9c, 0xe7, 0x9c, 0xe7, 
	0x9c, 0xe7, 0x84, 0x21, 0x10, 0x85, 0x00, 0x01, 
	0x00, 0x01, 0x00, 0x01, 0x73, 0x9d, 0x9c, 0xe7, 
	0x9c, 0xe7, 0x9c, 0xe7, 0x9c, 0xe7, 0x9c, 0xe7, 
	0x9c, 0xe7, 0x9c, 0xe7, 0x9c, 0xe7, 0x9c, 0xe7, 
	0x9c, 0xe7, 0x94, 0xa5, 0x6b, 0x5b, 0x63, 0x19, 
	0x63, 0x19, 0x63, 0x5b, 0x63, 0x19, 0x6b, 0x5b, 
	0x94, 0xa5, 0x9c, 0xe7, 0x9c, 0xe7, 0x9c, 0xe7, 
	0x9c, 0xe7, 0x9c, 0xe7, 0x9c, 0xe7, 0x9c, 0xe7, 
	0x9c, 0xe7, 0x8c, 0x63, 0x63, 0x19, 0x63, 0x19, 
	0x63, 0x19, 0x63, 0x19, 0x84, 0x21, 0x9c, 0xe7, 
	0x9c, 0xe7, 0x9c, 0xe7, 0x9c, 0xe7, 0x9c, 0xe7, 
	0x9c, 0xe7, 0x9c, 0xe7, 0x9c, 0xe7, 0x9c, 0xe7, 
	0x9c, 0xe7, 0x9c, 0xe7, 0x9c, 0xe7, 0x9c, 0xe7, 
	0x9c, 0xe7, 0x9c, 0xe7, 0x9c, 0xe7, 0x9c, 0xe7, 
	0x9c, 0xe7, 0x9c, 0xe7, 0x9c, 0xe7, 0x9c, 0xe7, 
	0x9c, 0xe7, 0x9c, 0xe7, 0x9c, 0xe7, 0x9c, 0xe7, 
	0x9c, 0xe7, 0x9c, 0xe7, 0x9c, 0xe7, 0x9c, 0xe7, 
	0x9c, 0xe7, 0x9c, 0xe7, 0x9c, 0xe7, 0x9c, 0xe7, 
	0x9c, 0xe7, 0x9c, 0xe7, 0x9c, 0xe7, 0x9c, 0xe7, 
	0x9c, 0xe7, 0x9c, 0xe7, 0x9c, 0xe7, 0x9c, 0xe7, 
	0x9c, 0xe7, 0x9c, 0xe7, 0x9c, 0xe7, 0x9c, 0xe7, 
	0x9c, 0xe7, 0x9c, 0xe7, 0x9c, 0xe7, 0x9c, 0xe7, 
	0x9c, 0xe7, 0x9c, 0xe7, 0x9c, 0xe7, 0x9c, 0xe7, 
	0x9c, 0xe7, 0x9c, 0xe7, 0x9c, 0xe7, 0x9c, 0xe7, 
	0x9c, 0xe7, 0x9c, 0xe7, 0x9c, 0xe7, 0x9c, 0xe7, 
	0x9c, 0xe7, 0x9c, 0xe7, 0x9c, 0xe7, 0x9c, 0xe7, 
	0x9c, 0xe7, 0x9c, 0xe7, 0x9c, 0xe7, 0x9c, 0xa7, 
	0x9c, 0xa5, 0x9c, 0xe7, 0x9c, 0xe7, 0x9c, 0xe7, 
	0x94, 0xa5, 0x94, 0xa5, 0x9c, 0xe7, 0x9c, 0xe7, 
	0x9c, 0xe7, 0x9c, 0xe7, 0x9c, 0xe7, 0x94, 0xa5, 
	0x94, 0xa5, 0x9c, 0xe7, 0x9c, 0xe7, 0x9c, 0xe7, 
	0x9c, 0xe7, 0x9c, 0xe7, 0x9c, 0xe7, 0x9c, 0xe7, 
	0x9c, 0xe7, 0x9c, 0xe7, 0x9c, 0xe7, 0x9c, 0xe7, 
	0x9c, 0xe7, 0x9c, 0xe7, 0x9c, 0xe7, 0x9c, 0xe7, 
	0x9c, 0xe7, 0x9c, 0xa5, 0x94, 0xa5, 0x94, 0xa5, 
	0x94, 0xa5, 0x94, 0xa5, 0x94, 0xa5, 0x94, 0xa5, 
	0x94, 0xa5, 0x94, 0xa5, 0x94, 0xa5, 0x9c, 0xe7, 
	0x9c, 0xe7, 0x94, 0xa5, 0x94, 0xa5, 0x94, 0xa5, 
	0x94, 0xa5, 0x94, 0xa5, 0x94, 0xa5, 0x9c, 0xe7, 
	0x9c, 0xe7, 0x9c, 0xe7, 0x9c, 0xe7, 0x9c, 0xe7, 
	0x9c, 0xe7, 0x9c, 0xe7, 0x9c, 0xe7, 0x94, 0xa5, 
	0x94, 0xe5, 0x9c, 0xe7, 0x9c, 0xe7, 0x9c, 0xe7, 
	0x9c, 0xe7, 0x94, 0xa5, 0x94, 0xa5, 0x94, 0xa5, 
	0x94, 0xa5, 0x94, 0xa5, 0x94, 0xa5, 0x94, 0xa5, 
	0x94, 0xa5, 0x94, 0xa5, 0x94, 0xa5, 0x94, 0xa5, 
	0x94, 0xa5, 0x94, 0xa5, 0x94, 0xa5, 0x94, 0xa5, 
	0x94, 0xa5, 0x94, 0xa5, 0x94, 0xa5, 0x94, 0xa5, 
	0x94, 0xa5, 0x94, 0xa5, 0x94, 0xa5, 0x94, 0xa5, 
	0x94, 0xa5, 0x94, 0xa5, 0x94, 0xa5, 0x94, 0xa5, 
	0x94, 0xa5, 0x94, 0xa5, 0x94, 0xa5, 0x94, 0xa5, 
	0x94, 0xa5, 0x94, 0xa5, 0x94, 0xa5, 0x94, 0xa5, 
	0x94, 0xa5, 0x94, 0xa5, 0x94, 0xa5, 0x94, 0xa5, 
	0x94, 0xa5, 0x94, 0xa5, 0x94, 0xa5, 0x94, 0xa5, 
	0x94, 0xa5, 0x94, 0xa5, 0x94, 0xa5, 0x94, 0xa5, 
	0x94, 0xa5, 0x94, 0xa5, 0x94, 0xa5, 0x94, 0xa5, 
	0x94, 0xa5, 0x94, 0xa5, 0x94, 0xa5, 0x94, 0xa5, 
	0x94, 0xa5, 0x94, 0xa5, 0x94, 0xa5, 0x94, 0xa5, 
	0x94, 0xa5, 0x94, 0xa5, 0x94, 0xa5, 0x94, 0xa5, 
	0x94, 0xa5, 0x94, 0xa5, 0x94, 0xa5, 0x94, 0xa5, 
	0x94, 0xa5, 0x94, 0xa5, 0x94, 0xa5, 0x94, 0xa5, 
	0x94, 0xa5, 0x94, 0xa5, 0x94, 0xa5, 0x94, 0xa5, 
	0x94, 0xa5, 0x94, 0xa5, 0x94, 0xa5, 0x94, 0xa5, 
	0x94, 0xa5, 0x94, 0xa5, 0x94, 0xa5, 0x94, 0xa5, 
	0x94, 0xa5, 0x94, 0xa5, 0x94, 0xa5, 0x94, 0xa5, 
	0x94, 0xa5, 0x94, 0xa5, 0x94, 0xa5, 0x94, 0xa5, 
	0x94, 0xa5, 0x94, 0xa5, 0x94, 0xa5, 0x94, 0xa5, 
	0x94, 0xa5, 0x94, 0xa5, 0x94, 0xa5, 0x94, 0xa5, 
	0x94, 0xa5, 0x94, 0xa5, 0x94, 0xa5, 0x94, 0xa5, 
	0x94, 0xa5, 0x94, 0xa5, 0x94, 0xa5, 0x94, 0xa5, 
	0x94, 0xa5, 0x94, 0xa5, 0x94, 0xa5, 0x94, 0xa5, 
	0x94, 0xa5, 0x94, 0xa5, 0x94, 0xa5, 0x94, 0xa5, 
	0x94, 0xa5, 0x94, 0xa5, 0x94, 0xa5, 0x94, 0xa5, 
	0x94, 0xa5, 0x94, 0xa5, 0x94, 0xa5, 0x94, 0xa5, 
	0x94, 0xa5, 0x94, 0xa5, 0x94, 0xa5, 0x94, 0xa5, 
	0x94, 0xa5, 0x94, 0xa5, 0x94, 0xa5, 0x94, 0xa5, 
	0x94, 0xa5, 0x94, 0xa5, 0x94, 0xa5, 0x94, 0xa5, 
	0x94, 0xa5, 0x94, 0xa5, 0x94, 0xa5, 0x94, 0xa5, 
	0x94, 0xa5, 0x94, 0xa5, 0x94, 0xa5, 0x94, 0xa5, 
	0x94, 0xa5, 0x94, 0xa5, 0x94, 0xa5, 0x94, 0xa5, 
	0x94, 0xa5, 0x94, 0xa5, 0x94, 0xa5, 0x94, 0xa5, 
	0x94, 0xa5, 0x94, 0xa5, 0x94, 0xa5, 0x94, 0xa5, 
	0x94, 0xa5, 0x94, 0xa5, 0x94, 0xa5, 0x94, 0xa5, 
	0x94, 0xa5, 0x94, 0xa5, 0x94, 0xa5, 0x94, 0xa5, 
	0x94, 0xa3, 0x94, 0xa5, 0x94, 0xa5, 0x94, 0xa5, 
	0x94, 0xa5, 0x94, 0xa5, 0x94, 0xa5, 0x8c, 0x63, 
	0x8c, 0x63, 0x8c, 0x63, 0x8c, 0x63, 0x94, 0xa5, 
	0x94, 0xa5, 0x8c, 0x63, 0x8c, 0x63, 0x94, 0x65, 
	0x94, 0xa5, 0x94, 0xa5, 0x8c, 0x63, 0x8c, 0x63, 
	0x94, 0xa5, 0x94, 0xa5, 0x94, 0xa5, 0x94, 0xa5, 
	0x94, 0xa5, 0x94, 0xa5, 0x94, 0xa5, 0x94, 0xa5, 
	0x94, 0xa5, 0x94, 0xa5, 0x8c, 0x63, 0x8c, 0x63, 
	0x8c, 0x63, 0x8c, 0x63, 0x8c, 0x63, 0x8c, 0x63, 
	0x94, 0xa3, 0x94, 0xa5, 0x8c, 0x63, 0x8c, 0x63, 
	0x8c, 0x63, 0x8c, 0x63, 0x8c, 0x63, 0x8c, 0x63, 
	0x94, 0xa5, 0x8c, 0x63, 0x8c, 0x63, 0x8c, 0x63, 
	0x8c, 0x63, 0x8c, 0x63, 0x8c, 0x63, 0x8c, 0x63, 
	0x8c, 0x63, 0x8c, 0x63, 0x8c, 0x63, 0x8c, 0x63, 
	0x94, 0xa5, 0x8c, 0x63, 0x8c, 0x63, 0x8c, 0x63, 
	0x94, 0x65, 0x8c, 0x63, 0x8c, 0x63, 0x8c, 0x63, 
	0x8c, 0x63, 0x8c, 0x63, 0x8c, 0x63, 0x8c, 0x63, 
	0x8c, 0x63, 0x8c, 0x63, 0x8c, 0x63, 0x8c, 0x63, 
	0x8c, 0x63, 0x8c, 0x63, 0x8c, 0x63, 0x8c, 0x63, 
	0x8c, 0x63, 0x8c, 0x63, 0x8c, 0x63, 0x8c, 0x63, 
	0x8c, 0x63, 0x8c, 0x63, 0x8c, 0x63, 0x8c, 0x63, 
	0x8c, 0x63, 0x8c, 0x63, 0x8c, 0x63, 0x8c, 0x63, 
	0x8c, 0x63, 0x8c, 0x63, 0x8c, 0x63, 0x8c, 0x63, 
	0x8c, 0x63, 0x8c, 0x63, 0x8c, 0x63, 0x8c, 0x63, 
	0x8c, 0x63, 0x8c, 0x63, 0x8c, 0x63, 0x8c, 0x63, 
	0x8c, 0x63, 0x8c, 0x63, 0x8c, 0x63, 0x8c, 0x63, 
	0x8c, 0x63, 0x8c, 0x63, 0x8c, 0x63, 0x8c, 0x63, 
	0x8c, 0x63, 0x8c, 0x63, 0x8c, 0x63, 0x8c, 0x63, 
	0x8c, 0x63, 0x8c, 0x63, 0x8c, 0x63, 0x8c, 0x63, 
	0x8c, 0x63, 0x8c, 0x63, 0x8c, 0x63, 0x8c, 0x63, 
	0x8c, 0x63, 0x8c, 0x63, 0x8c, 0x63, 0x8c, 0x63, 
	0x8c, 0x63, 0x8c, 0x63, 0x8c, 0x63, 0x8c, 0x63, 
	0x8c, 0x63, 0x8c, 0x63, 0x8c, 0x63, 0x8c, 0x63, 
	0x7b, 0xdf, 0x7b, 0xdf, 0x84, 0x21, 0x84, 0x21, 
	0x84, 0x21, 0x8c, 0x63, 0x8c, 0x63, 0x8c, 0x63, 
	0x8c, 0x63, 0x8c, 0x63, 0x8c, 0x63, 0x8c, 0x63, 
	0x8c, 0x63, 0x8c, 0x63, 0x8c, 0x63, 0x8c, 0x63, 
	0x8c, 0x63, 0x84, 0x21, 0x84, 0x21, 0x84, 0x21, 
	0x84, 0x21, 0x8c, 0x61, 0x84, 0x21, 0x84, 0x21, 
	0x84, 0x21, 0x84, 0x21, 0x8c, 0x63, 0x8c, 0x63, 
	0x8c, 0x63, 0x8c, 0x63, 0x8c, 0x63, 0x8c, 0x63, 
	0x63, 0x19, 0x63, 0x19, 0x63, 0x19, 0x63, 0x19, 
	0x63, 0x19, 0x6b, 0x5b, 0x73, 0x5b, 0x7b, 0xdf, 
	0x84, 0x21, 0x84, 0x21, 0x8c, 0x63, 0x8c, 0x63, 
	0x8c, 0x63, 0x8c, 0x63, 0x8c, 0x63, 0x8c, 0x63, 
	0x73, 0x9d, 0x63, 0x19, 0x63, 0x19, 0x63, 0x19, 
	0x63, 0x19, 0x63, 0x19, 0x63, 0x19, 0x63, 0x19, 
	0x63, 0x19, 0x63, 0x19, 0x7b, 0xdf, 0x8c, 0x63, 
	0x8c, 0x63, 0x8c, 0x63, 0x8c, 0x63, 0x8c, 0x63, 
	0x63, 0x19, 0x63, 0x19, 0x63, 0x19, 0x63, 0x19, 
	0x63, 0x19, 0x63, 0x19, 0x63, 0x19, 0x63, 0x19, 
	0x63, 0x19, 0x73, 0x9d, 0x8c, 0x63, 0x8c, 0x63, 
	0x8c, 0x63, 0x8c, 0x63, 0x8c, 0x63, 0x8c, 0x63, 
	0x73, 0x9d, 0x63, 0x19, 0x63, 0x19, 0x63, 0x19, 
	0x63, 0x19, 0x63, 0x19, 0x63, 0x19, 0x63, 0x19, 
	0x63, 0x19, 0x63, 0x19, 0x73, 0x9d, 0x84, 0x21, 
	0x84, 0x21, 0x84, 0x21, 0x84, 0x21, 0x84, 0x21, 
	
};

Gfx INTRO_SCREEN_tile_4_3_rgba16_aligner[] = {gsSPEndDisplayList()};
u8 INTRO_SCREEN_tile_4_3_rgba16[] = {
	0x63, 0x19, 0x63, 0x19, 0x63, 0x19, 0x63, 0x19, 
	0x63, 0x19, 0x6b, 0x5b, 0x73, 0x5b, 0x7b, 0xdf, 
	0x84, 0x21, 0x84, 0x21, 0x8c, 0x63, 0x8c, 0x63, 
	0x8c, 0x63, 0x8c, 0x63, 0x8c, 0x63, 0x8c, 0x63, 
	0x73, 0x9d, 0x63, 0x19, 0x63, 0x19, 0x63, 0x19, 
	0x63, 0x19, 0x63, 0x19, 0x63, 0x19, 0x63, 0x19, 
	0x63, 0x19, 0x63, 0x19, 0x7b, 0xdf, 0x8c, 0x63, 
	0x8c, 0x63, 0x8c, 0x63, 0x8c, 0x63, 0x8c, 0x63, 
	0x63, 0x19, 0x63, 0x19, 0x63, 0x19, 0x63, 0x19, 
	0x63, 0x19, 0x63, 0x19, 0x63, 0x19, 0x63, 0x19, 
	0x63, 0x19, 0x73, 0x9d, 0x8c, 0x63, 0x8c, 0x63, 
	0x8c, 0x63, 0x8c, 0x63, 0x8c, 0x63, 0x8c, 0x63, 
	0x73, 0x9d, 0x63, 0x19, 0x63, 0x19, 0x63, 0x19, 
	0x63, 0x19, 0x63, 0x19, 0x63, 0x19, 0x63, 0x19, 
	0x63, 0x19, 0x63, 0x19, 0x73, 0x9d, 0x84, 0x21, 
	0x84, 0x21, 0x84, 0x21, 0x84, 0x21, 0x84, 0x21, 
	0x63, 0x19, 0x63, 0x19, 0x63, 0x19, 0x63, 0x19, 
	0x63, 0x19, 0x63, 0x19, 0x63, 0x19, 0x63, 0x19, 
	0x6b, 0x5b, 0x84, 0x21, 0x8c, 0x63, 0x8c, 0x63, 
	0x84, 0x21, 0x84, 0x21, 0x84, 0x21, 0x84, 0x21, 
	0x73, 0x9d, 0x6b, 0x5b, 0x63, 0x19, 0x63, 0x19, 
	0x63, 0x19, 0x63, 0x19, 0x63, 0x19, 0x63, 0x19, 
	0x63, 0x19, 0x63, 0x19, 0x63, 0x59, 0x84, 0x21, 
	0x84, 0x21, 0x84, 0x21, 0x84, 0x21, 0x84, 0x21, 
	0x73, 0x9d, 0x73, 0x9d, 0x73, 0x9d, 0x6b, 0x5b, 
	0x6b, 0x5b, 0x63, 0x19, 0x63, 0x19, 0x63, 0x19, 
	0x73, 0x9d, 0x84, 0x21, 0x84, 0x21, 0x84, 0x21, 
	0x84, 0x21, 0x84, 0x21, 0x84, 0x21, 0x84, 0x21, 
	0x73, 0x9d, 0x6b, 0x5b, 0x63, 0x19, 0x6b, 0x5b, 
	0x6b, 0x5b, 0x6b, 0x5b, 0x6b, 0x5b, 0x63, 0x19, 
	0x6b, 0x5b, 0x63, 0x1b, 0x63, 0x19, 0x73, 0x9d, 
	0x84, 0x21, 0x84, 0x21, 0x84, 0x21, 0x84, 0x21, 
	0x84, 0x21, 0x84, 0x21, 0x84, 0x21, 0x84, 0x21, 
	0x84, 0x21, 0x7b, 0xdf, 0x73, 0x9d, 0x6b, 0x5b, 
	0x84, 0x21, 0x84, 0x21, 0x84, 0x21, 0x84, 0x21, 
	0x84, 0x21, 0x84, 0x21, 0x84, 0x21, 0x84, 0x21, 
	0x73, 0x9d, 0x63, 0x19, 0x63, 0x19, 0x63, 0x19, 
	0x63, 0x19, 0x63, 0x19, 0x6b, 0x5b, 0x63, 0x19, 
	0x63, 0x19, 0x63, 0x19, 0x63, 0x19, 0x63, 0x19, 
	0x84, 0x21, 0x84, 0x21, 0x84, 0x21, 0x84, 0x21, 
	0x84, 0x21, 0x84, 0x21, 0x84, 0x21, 0x84, 0x21, 
	0x84, 0x21, 0x84, 0x21, 0x84, 0x21, 0x84, 0x21, 
	0x84, 0x21, 0x84, 0x21, 0x84, 0x21, 0x84, 0x21, 
	0x84, 0x21, 0x84, 0x21, 0x84, 0x21, 0x84, 0x21, 
	0x73, 0x5d, 0x63, 0x19, 0x63, 0x19, 0x63, 0x19, 
	0x63, 0x19, 0x63, 0x19, 0x73, 0x9d, 0x63, 0x19, 
	0x63, 0x19, 0x63, 0x19, 0x62, 0xd9, 0x63, 0x19, 
	0x73, 0x9d, 0x84, 0x21, 0x84, 0x21, 0x84, 0x21, 
	0x84, 0x21, 0x84, 0x21, 0x84, 0x21, 0x84, 0x21, 
	0x84, 0x21, 0x84, 0x21, 0x84, 0x21, 0x84, 0x21, 
	0x84, 0x21, 0x84, 0x21, 0x84, 0x21, 0x84, 0x21, 
	0x84, 0x21, 0x84, 0x21, 0x84, 0x21, 0x84, 0x21, 
	0x6b, 0x5b, 0x5a, 0xd7, 0x5a, 0xd7, 0x5a, 0xd7, 
	0x5a, 0xd7, 0x5a, 0xd7, 0x73, 0x9d, 0x6b, 0x5b, 
	0x5a, 0xd7, 0x5a, 0xd7, 0x5a, 0xd7, 0x5a, 0xd7, 
	0x5a, 0xd7, 0x84, 0x1f, 0x84, 0x21, 0x84, 0x21, 
	0x84, 0x21, 0x84, 0x21, 0x84, 0x21, 0x84, 0x21, 
	0x84, 0x21, 0x84, 0x21, 0x84, 0x21, 0x84, 0x21, 
	0x84, 0x21, 0x84, 0x21, 0x84, 0x21, 0x84, 0x21, 
	0x84, 0x21, 0x84, 0x21, 0x84, 0x21, 0x84, 0x21, 
	0x6b, 0x5b, 0x52, 0x95, 0x52, 0x95, 0x52, 0x95, 
	0x52, 0x95, 0x52, 0x95, 0x73, 0x9d, 0x73, 0x9d, 
	0x52, 0x95, 0x52, 0x95, 0x52, 0x95, 0x52, 0x95, 
	0x52, 0x95, 0x6b, 0x5b, 0x84, 0x21, 0x84, 0x21, 
	0x7b, 0xdf, 0x7b, 0xdf, 0x84, 0x21, 0x84, 0x21, 
	0x84, 0x21, 0x84, 0x21, 0x84, 0x21, 0x84, 0x21, 
	0x84, 0x21, 0x84, 0x21, 0x84, 0x21, 0x84, 0x21, 
	0x84, 0x21, 0x84, 0x21, 0x84, 0x21, 0x84, 0x21, 
	0x63, 0x19, 0x4a, 0x53, 0x4a, 0x53, 0x4a, 0x53, 
	0x4a, 0x53, 0x4a, 0x53, 0x6b, 0x5b, 0x7b, 0xdf, 
	0x5a, 0xd7, 0x4a, 0x53, 0x4a, 0x53, 0x4a, 0x53, 
	0x4a, 0x53, 0x52, 0x95, 0x7b, 0xdf, 0x84, 0x21, 
	0x4a, 0x51, 0x52, 0x95, 0x6b, 0x5b, 0x73, 0x9d, 
	0x7b, 0xdf, 0x7b, 0xdf, 0x84, 0x21, 0x83, 0xe1, 
	0x84, 0x21, 0x84, 0x21, 0x84, 0x21, 0x7b, 0xdf, 
	0x7b, 0xdf, 0x84, 0x21, 0x7b, 0xdf, 0x7b, 0xdf, 
	0x5a, 0xd7, 0x42, 0x11, 0x42, 0x11, 0x42, 0x11, 
	0x42, 0x11, 0x42, 0x11, 0x63, 0x19, 0x7b, 0xdf, 
	0x6b, 0x5b, 0x42, 0x11, 0x42, 0x11, 0x42, 0x11, 
	0x42, 0x11, 0x42, 0x11, 0x6b, 0x5b, 0x84, 0x21, 
	0x39, 0xcf, 0x39, 0xcf, 0x39, 0xcf, 0x39, 0xcf, 
	0x52, 0x95, 0x6b, 0x5b, 0x7b, 0xdf, 0x7b, 0xdf, 
	0x7b, 0xdf, 0x7b, 0xdf, 0x7b, 0xdf, 0x7b, 0xdf, 
	0x7b, 0xdf, 0x7b, 0xdf, 0x7b, 0xdf, 0x7b, 0xdf, 
	0x5a, 0xd7, 0x39, 0xcf, 0x39, 0xcf, 0x39, 0xcf, 
	0x39, 0xcf, 0x39, 0xcf, 0x5a, 0xd7, 0x7b, 0xdf, 
	0x7b, 0xdf, 0x4a, 0x53, 0x39, 0xcf, 0x39, 0xcf, 
	0x39, 0xcf, 0x39, 0xcf, 0x4a, 0x53, 0x7b, 0xdf, 
	0x39, 0xcf, 0x39, 0xcf, 0x39, 0xcf, 0x39, 0xcf, 
	0x39, 0xcf, 0x39, 0xcf, 0x4a, 0x53, 0x6b, 0x5b, 
	0x7b, 0xdf, 0x7b, 0xdf, 0x7b, 0xdf, 0x7b, 0xdf, 
	0x7b, 0xdf, 0x7b, 0xdf, 0x7b, 0xdf, 0x7b, 0xdf, 
	0x5a, 0xd7, 0x39, 0xcf, 0x39, 0xcf, 0x39, 0xcf, 
	0x39, 0xcf, 0x39, 0xcf, 0x5a, 0xd7, 0x7b, 0xdf, 
	0x7b, 0xdf, 0x63, 0x19, 0x39, 0xcf, 0x39, 0xcf, 
	0x39, 0xcf, 0x39, 0xcf, 0x39, 0xcf, 0x6b, 0x5b, 
	0x39, 0xcf, 0x39, 0xcf, 0x39, 0xcf, 0x39, 0xcf, 
	0x39, 0xcf, 0x39, 0xcf, 0x39, 0xcf, 0x39, 0xcf, 
	0x5a, 0xd7, 0x73, 0x9d, 0x7b, 0xdf, 0x7b, 0xdf, 
	0x7b, 0xdf, 0x7b, 0xdf, 0x7b, 0xdf, 0x7b, 0xdf, 
	0x5a, 0xd7, 0x39, 0xcf, 0x39, 0xcf, 0x39, 0xcf, 
	0x39, 0xcf, 0x39, 0xcf, 0x5a, 0xd7, 0x7b, 0xdf, 
	0x7b, 0xdf, 0x73, 0x9d, 0x42, 0x11, 0x39, 0xcf, 
	0x39, 0xcf, 0x39, 0xcf, 0x39, 0xcf, 0x52, 0x95, 
	0x4a, 0x53, 0x39, 0xcf, 0x39, 0xcf, 0x39, 0xcf, 
	0x39, 0xcf, 0x39, 0xcf, 0x39, 0xcf, 0x39, 0xcf, 
	0x39, 0xcf, 0x63, 0x19, 0x7b, 0xdf, 0x7b, 0xdf, 
	0x7b, 0xdf, 0x7b, 0xdf, 0x7b, 0xdf, 0x7b, 0xdf, 
	0x5a, 0xd7, 0x39, 0xcf, 0x39, 0xcf, 0x39, 0xcf, 
	0x39, 0xcf, 0x39, 0xcf, 0x5a, 0xd7, 0x7b, 0xdf, 
	0x7b, 0xdf, 0x7b, 0xdf, 0x5a, 0xd9, 0x39, 0xcf, 
	0x39, 0xcf, 0x39, 0xcf, 0x39, 0xcf, 0x42, 0x11, 
	0x73, 0x9d, 0x63, 0x19, 0x4a, 0x53, 0x39, 0xcf, 
	0x39, 0xcf, 0x39, 0xcf, 0x39, 0xcf, 0x39, 0xcf, 
	0x39, 0xcf, 0x4a, 0x53, 0x73, 0x9d, 0x7b, 0xdf, 
	0x7b, 0xdf, 0x7b, 0xdf, 0x7b, 0xdf, 0x7b, 0xdf, 
	0x52, 0xd5, 0x39, 0xcf, 0x39, 0xcf, 0x39, 0xcf, 
	0x39, 0xcf, 0x39, 0xcf, 0x5a, 0xd7, 0x7b, 0xdf, 
	0x7b, 0xdf, 0x7b, 0xdf, 0x73, 0x9d, 0x42, 0x11, 
	0x39, 0xcf, 0x3a, 0x11, 0x42, 0x11, 0x42, 0x11, 
	0x73, 0x9d, 0x73, 0x9d, 0x6b, 0x5b, 0x42, 0x11, 
	0x39, 0xcf, 0x39, 0xcf, 0x39, 0xcf, 0x39, 0xcf, 
	0x39, 0xcf, 0x42, 0x11, 0x73, 0x9d, 0x7b, 0xdf, 
	0x7b, 0xdf, 0x7b, 0xdf, 0x73, 0xdf, 0x7b, 0xdf, 
	0x5a, 0xd7, 0x39, 0xcf, 0x39, 0xcf, 0x39, 0xcf, 
	0x39, 0xcf, 0x39, 0xcf, 0x5a, 0xd7, 0x73, 0x9d, 
	0x7b, 0xdf, 0x7b, 0xdf, 0x7b, 0xdf, 0x5a, 0xd7, 
	0x39, 0xcf, 0x42, 0x11, 0x3a, 0x0f, 0x42, 0x11, 
	0x73, 0x9d, 0x73, 0x9d, 0x73, 0x9d, 0x4a, 0x53, 
	0x39, 0xcf, 0x39, 0xcf, 0x39, 0xcf, 0x39, 0xcf, 
	0x39, 0xcf, 0x42, 0x11, 0x73, 0x9d, 0x73, 0x9d, 
	0x73, 0x9d, 0x73, 0x9d, 0x73, 0x9d, 0x73, 0x9d, 
	0x5a, 0xd7, 0x39, 0xcf, 0x39, 0xcf, 0x39, 0xcf, 
	0x39, 0xcf, 0x39, 0xcf, 0x5a, 0xd7, 0x73, 0x9d, 
	0x73, 0x9d, 0x73, 0x9d, 0x73, 0x9d, 0x6b, 0x5b, 
	0x42, 0x11, 0x42, 0x11, 0x42, 0x11, 0x42, 0x11, 
	0x73, 0x9d, 0x73, 0x9d, 0x63, 0x19, 0x39, 0xcf, 
	0x39, 0xcf, 0x39, 0xcf, 0x39, 0xcf, 0x39, 0xcf, 
	0x39, 0xcf, 0x4a, 0x53, 0x73, 0x9d, 0x73, 0x9d, 
	0x73, 0x9d, 0x73, 0x9d, 0x73, 0x9d, 0x73, 0x9d, 
	0x52, 0x95, 0x39, 0xcf, 0x39, 0xcf, 0x39, 0xcf, 
	0x39, 0xcf, 0x39, 0xcf, 0x5a, 0xd7, 0x73, 0x9d, 
	0x73, 0x9d, 0x73, 0x9d, 0x73, 0x9d, 0x73, 0x9d, 
	0x52, 0x95, 0x42, 0x11, 0x3a, 0x0f, 0x42, 0x11, 
	0x5a, 0xd7, 0x4a, 0x53, 0x39, 0xcf, 0x39, 0xcf, 
	0x39, 0xcf, 0x39, 0xcf, 0x39, 0xcf, 0x39, 0xcf, 
	0x39, 0xcf, 0x63, 0x19, 0x73, 0x9d, 0x73, 0x9d, 
	0x73, 0x9d, 0x73, 0x9d, 0x73, 0x9d, 0x73, 0x9d, 
	0x52, 0x95, 0x39, 0xcf, 0x39, 0xcf, 0x39, 0xcf, 
	0x39, 0xcf, 0x39, 0xcf, 0x52, 0x95, 0x73, 0x9d, 
	0x73, 0x9d, 0x73, 0x9d, 0x73, 0x9d, 0x73, 0x9d, 
	0x6b, 0x5b, 0x39, 0xcf, 0x39, 0xcf, 0x39, 0xcf, 
	0x39, 0xcf, 0x39, 0xcf, 0x39, 0xcf, 0x39, 0xcf, 
	0x39, 0xcf, 0x39, 0xcf, 0x39, 0xcf, 0x39, 0xcf, 
	0x52, 0x95, 0x73, 0x9d, 0x73, 0x9d, 0x73, 0x9d, 
	0x73, 0x9d, 0x73, 0x9d, 0x73, 0x9d, 0x73, 0x9d, 
	0x52, 0x95, 0x39, 0xcf, 0x39, 0xcf, 0x39, 0xcf, 
	0x39, 0xcf, 0x39, 0xcf, 0x52, 0x95, 0x73, 0x9d, 
	0x73, 0x9d, 0x73, 0x9d, 0x73, 0x9d, 0x73, 0x9d, 
	0x6b, 0x5b, 0x4a, 0x53, 0x39, 0xcf, 0x39, 0xcf, 
	0x31, 0x8d, 0x31, 0x8d, 0x31, 0x8d, 0x31, 0x8d, 
	0x31, 0x8d, 0x31, 0x8d, 0x39, 0xcf, 0x5a, 0xd7, 
	0x73, 0x9d, 0x73, 0x9d, 0x73, 0x9d, 0x73, 0x9d, 
	0x73, 0x9d, 0x73, 0x9d, 0x73, 0x9d, 0x6b, 0x5b, 
	0x52, 0x95, 0x31, 0x8d, 0x31, 0x8d, 0x31, 0x8d, 
	0x31, 0x8d, 0x31, 0x8d, 0x52, 0x95, 0x6b, 0x5b, 
	0x73, 0x9d, 0x73, 0x9d, 0x6b, 0x5b, 0x6b, 0x5b, 
	0x6b, 0x5b, 0x63, 0x19, 0x31, 0x8d, 0x31, 0x8d, 
	0x31, 0x8d, 0x31, 0x8d, 0x31, 0x8d, 0x39, 0xcf, 
	0x4a, 0x53, 0x5a, 0xd7, 0x6b, 0x5b, 0x6b, 0x5b, 
	0x73, 0x9d, 0x73, 0x9d, 0x73, 0x9d, 0x73, 0x9d, 
	0x73, 0x9d, 0x6b, 0x5b, 0x6b, 0x5b, 0x73, 0x9d, 
	0x4a, 0x53, 0x31, 0x8d, 0x31, 0x8d, 0x31, 0x8d, 
	0x31, 0x8d, 0x31, 0x8d, 0x52, 0x95, 0x6b, 0x5b, 
	0x6b, 0x5b, 0x6b, 0x5b, 0x6b, 0x5b, 0x6b, 0x5b, 
	0x6b, 0x5b, 0x6b, 0x5b, 0x42, 0x11, 0x31, 0x8d, 
	0x52, 0x95, 0x5a, 0xd7, 0x63, 0x19, 0x6b, 0x5b, 
	0x6b, 0x5b, 0x6b, 0x5b, 0x6b, 0x5b, 0x6b, 0x5b, 
	0x6b, 0x5b, 0x73, 0x9d, 0x73, 0x9d, 0x73, 0x9d, 
	0x73, 0x9d, 0x6b, 0x5b, 0x6b, 0x5b, 0x6b, 0x5b, 
	0x63, 0x19, 0x63, 0x19, 0x63, 0x19, 0x63, 0x19, 
	0x63, 0x19, 0x63, 0x19, 0x63, 0x19, 0x6b, 0x5b, 
	0x6b, 0x5b, 0x6b, 0x5b, 0x6b, 0x5b, 0x6b, 0x5b, 
	0x6b, 0x5b, 0x6b, 0x5b, 0x63, 0x19, 0x63, 0x19, 
	0x6b, 0x5b, 0x6b, 0x5b, 0x6b, 0x5b, 0x6b, 0x5b, 
	0x6b, 0x5b, 0x6b, 0x5b, 0x6b, 0x5b, 0x6b, 0x5b, 
	0x6b, 0x5b, 0x73, 0x9d, 0x73, 0x9d, 0x73, 0x9d, 
	0x73, 0x9d, 0x6b, 0x5b, 0x6b, 0x5b, 0x6b, 0x5b, 
	0x6b, 0x5b, 0x6b, 0x5b, 0x6b, 0x5b, 0x6b, 0x5b, 
	0x6b, 0x5b, 0x6b, 0x5b, 0x6b, 0x5b, 0x6b, 0x5b, 
	0x6b, 0x5b, 0x6b, 0x5b, 0x6b, 0x5b, 0x6b, 0x5b, 
	0x6b, 0x5b, 0x6b, 0x5b, 0x6b, 0x5b, 0x6b, 0x5b, 
	0x6b, 0x5b, 0x6b, 0x5b, 0x6b, 0x5b, 0x6b, 0x5b, 
	0x6b, 0x5b, 0x6b, 0x5b, 0x6b, 0x5b, 0x6b, 0x5b, 
	0x6b, 0x5b, 0x73, 0x9d, 0x73, 0x9d, 0x73, 0x9d, 
	0x6b, 0x5b, 0x6b, 0x5b, 0x6b, 0x5b, 0x6b, 0x5b, 
	0x6b, 0x5b, 0x6b, 0x5b, 0x6b, 0x5b, 0x6b, 0x5b, 
	0x6b, 0x5b, 0x6b, 0x5b, 0x6b, 0x5b, 0x6b, 0x5b, 
	0x6b, 0x5b, 0x6b, 0x5b, 0x6b, 0x5b, 0x6b, 0x5b, 
	0x6b, 0x5b, 0x6b, 0x5b, 0x6b, 0x5b, 0x6b, 0x5b, 
	0x6b, 0x5b, 0x6b, 0x5b, 0x6b, 0x5b, 0x6b, 0x5b, 
	0x6b, 0x5b, 0x6b, 0x5b, 0x6b, 0x5b, 0x6b, 0x5b, 
	0x6b, 0x5b, 0x6b, 0x5b, 0x6b, 0x5b, 0x6b, 0x5b, 
	0x6b, 0x5b, 0x6b, 0x5b, 0x6b, 0x5b, 0x6b, 0x5b, 
	0x6b, 0x5b, 0x6b, 0x5b, 0x6b, 0x5b, 0x6b, 0x5b, 
	0x6b, 0x5b, 0x6b, 0x5b, 0x6b, 0x5b, 0x6b, 0x5b, 
	0x6b, 0x5b, 0x6b, 0x5b, 0x6b, 0x5b, 0x6b, 0x5b, 
	0x6b, 0x5b, 0x6b, 0x5b, 0x6b, 0x5b, 0x6b, 0x5b, 
	0x6b, 0x5b, 0x6b, 0x5b, 0x6b, 0x5b, 0x6b, 0x5b, 
	0x6b, 0x5b, 0x6b, 0x5b, 0x6b, 0x5b, 0x6b, 0x5b, 
	0x6b, 0x5b, 0x6b, 0x5b, 0x6b, 0x5b, 0x6b, 0x5b, 
	0x6b, 0x5b, 0x6b, 0x5b, 0x6b, 0x5b, 0x6b, 0x5b, 
	0x6b, 0x5b, 0x6b, 0x5b, 0x6b, 0x5b, 0x6b, 0x5b, 
	0x6b, 0x5b, 0x6b, 0x5b, 0x6b, 0x5b, 0x63, 0x59, 
	0x63, 0x19, 0x63, 0x19, 0x63, 0x19, 0x63, 0x19, 
	0x63, 0x19, 0x63, 0x19, 0x6b, 0x5b, 0x6b, 0x5b, 
	0x63, 0x19, 0x63, 0x19, 0x63, 0x19, 0x6b, 0x5b, 
	0x6b, 0x5b, 0x6b, 0x5b, 0x6b, 0x5b, 0x6b, 0x5b, 
	0x6b, 0x5b, 0x6b, 0x5b, 0x6b, 0x5b, 0x6b, 0x5b, 
	0x6b, 0x5b, 0x6b, 0x5b, 0x6b, 0x5b, 0x63, 0x5b, 
	0x63, 0x19, 0x63, 0x19, 0x63, 0x19, 0x63, 0x19, 
	0x63, 0x19, 0x63, 0x19, 0x63, 0x19, 0x63, 0x19, 
	0x63, 0x19, 0x63, 0x19, 0x63, 0x19, 0x63, 0x19, 
	0x63, 0x19, 0x63, 0x19, 0x6b, 0x5b, 0x6b, 0x5b, 
	0x63, 0x19, 0x63, 0x19, 0x63, 0x19, 0x6b, 0x5b, 
	0x6b, 0x5b, 0x6b, 0x5b, 0x6b, 0x5b, 0x6b, 0x5b, 
	0x6b, 0x5b, 0x6b, 0x5b, 0x6b, 0x5b, 0x6b, 0x5b, 
	0x6b, 0x5b, 0x6b, 0x5b, 0x6b, 0x5b, 0x63, 0x19, 
	0x63, 0x19, 0x63, 0x19, 0x63, 0x19, 0x63, 0x19, 
	0x63, 0x19, 0x63, 0x19, 0x63, 0x19, 0x63, 0x19, 
	0x63, 0x19, 0x63, 0x19, 0x63, 0x19, 0x63, 0x19, 
	0x63, 0x19, 0x63, 0x19, 0x63, 0x19, 0x63, 0x19, 
	0x63, 0x19, 0x63, 0x19, 0x63, 0x19, 0x63, 0x19, 
	0x63, 0x19, 0x63, 0x19, 0x63, 0x19, 0x63, 0x19, 
	0x63, 0x19, 0x63, 0x19, 0x6b, 0x5b, 0x6b, 0x5b, 
	0x63, 0x19, 0x63, 0x19, 0x63, 0x19, 0x63, 0x19, 
	0x63, 0x19, 0x63, 0x19, 0x63, 0x19, 0x63, 0x19, 
	0x63, 0x19, 0x63, 0x19, 0x63, 0x19, 0x63, 0x19, 
	0x63, 0x19, 0x63, 0x19, 0x63, 0x19, 0x63, 0x19, 
	0x63, 0x19, 0x63, 0x19, 0x63, 0x19, 0x63, 0x19, 
	0x63, 0x19, 0x63, 0x19, 0x63, 0x19, 0x63, 0x19, 
	0x63, 0x19, 0x63, 0x19, 0x63, 0x19, 0x63, 0x19, 
	0x63, 0x19, 0x63, 0x19, 0x63, 0x19, 0x63, 0x19, 
	0x63, 0x19, 0x63, 0x19, 0x63, 0x19, 0x63, 0x19, 
	0x63, 0x19, 0x63, 0x19, 0x63, 0x19, 0x63, 0x19, 
	0x63, 0x19, 0x63, 0x19, 0x63, 0x19, 0x63, 0x19, 
	0x63, 0x19, 0x63, 0x19, 0x63, 0x19, 0x63, 0x19, 
	0x63, 0x19, 0x63, 0x19, 0x63, 0x19, 0x63, 0x19, 
	0x63, 0x19, 0x63, 0x19, 0x63, 0x19, 0x63, 0x19, 
	0x63, 0x19, 0x63, 0x19, 0x63, 0x19, 0x63, 0x19, 
	0x63, 0x19, 0x63, 0x19, 0x63, 0x19, 0x63, 0x19, 
	0x63, 0x19, 0x63, 0x19, 0x63, 0x19, 0x63, 0x19, 
	0x63, 0x19, 0x63, 0x19, 0x63, 0x19, 0x63, 0x19, 
	0x63, 0x19, 0x63, 0x19, 0x63, 0x19, 0x63, 0x19, 
	0x63, 0x19, 0x63, 0x19, 0x63, 0x19, 0x63, 0x19, 
	0x63, 0x19, 0x63, 0x19, 0x63, 0x19, 0x63, 0x19, 
	
};

Gfx INTRO_SCREEN_tile_5_0_rgba16_aligner[] = {gsSPEndDisplayList()};
u8 INTRO_SCREEN_tile_5_0_rgba16[] = {
	0xf7, 0xbd, 0xf7, 0xbd, 0xf7, 0xbd, 0xf7, 0xbf, 
	0xff, 0xfd, 0xf7, 0xbd, 0xf7, 0xbd, 0xf7, 0xbd, 
	0xf7, 0xbd, 0xf7, 0xbf, 0xf7, 0xbf, 0xff, 0xbf, 
	0xff, 0xff, 0xff, 0xff, 0xff, 0xff, 0xff, 0xbf, 
	0xff, 0xbf, 0xff, 0xff, 0xff, 0xff, 0xff, 0xff, 
	0xff, 0xff, 0xff, 0xff, 0xff, 0xff, 0xff, 0xff, 
	0xff, 0xff, 0xff, 0xff, 0xff, 0xff, 0xff, 0xff, 
	0xff, 0xff, 0xff, 0xff, 0xff, 0xff, 0xff, 0xff, 
	0xf7, 0xbd, 0xf7, 0xbd, 0xf7, 0xbd, 0xf7, 0xbf, 
	0xff, 0xfd, 0xf7, 0xbd, 0xf7, 0xbd, 0xf7, 0xbd, 
	0xf7, 0xbd, 0xf7, 0xbf, 0xf7, 0xbf, 0xff, 0xbf, 
	0xff, 0xff, 0xff, 0xff, 0xff, 0xff, 0xff, 0xbf, 
	0xff, 0xbf, 0xff, 0xff, 0xff, 0xff, 0xff, 0xff, 
	0xff, 0xff, 0xff, 0xff, 0xff, 0xff, 0xff, 0xff, 
	0xff, 0xff, 0xff, 0xff, 0xff, 0xff, 0xff, 0xff, 
	0xff, 0xff, 0xff, 0xff, 0xff, 0xff, 0xff, 0xff, 
	0xf7, 0xbd, 0xf7, 0xbd, 0xf7, 0xbd, 0xf7, 0xbd, 
	0xf7, 0xbd, 0xf7, 0xbd, 0xf7, 0xbd, 0xf7, 0xbd, 
	0xf7, 0xbd, 0xf7, 0xbd, 0xf7, 0xbd, 0xf7, 0xbd, 
	0xf7, 0xbd, 0xf7, 0xbd, 0xf7, 0xbd, 0xf7, 0xbd, 
	0xf7, 0xbd, 0xf7, 0xbd, 0xf7, 0xbd, 0xf7, 0xbd, 
	0xf7, 0xbd, 0xf7, 0xbd, 0xf7, 0xbd, 0xf7, 0xbd, 
	0xf7, 0xbd, 0xf7, 0xbd, 0xf7, 0xbd, 0xf7, 0xfd, 
	0xf7, 0xbd, 0xf7, 0xbd, 0xf7, 0xbd, 0xf7, 0xbd, 
	0xf7, 0xbd, 0xf7, 0xbd, 0xf7, 0xbd, 0xf7, 0xbd, 
	0xf7, 0xbd, 0xf7, 0xbd, 0xf7, 0xbd, 0xf7, 0xbd, 
	0xf7, 0xbd, 0xf7, 0xbd, 0xf7, 0xbd, 0xf7, 0xbd, 
	0xf7, 0xbd, 0xf7, 0xbd, 0xf7, 0xbd, 0xf7, 0xbd, 
	0xf7, 0xbd, 0xf7, 0xbd, 0xf7, 0xbd, 0xf7, 0xbd, 
	0xf7, 0xbd, 0xf7, 0xbd, 0xf7, 0xbd, 0xf7, 0xbd, 
	0xf7, 0xbd, 0xf7, 0xbd, 0xf7, 0xbd, 0xf7, 0xbd, 
	0xf7, 0xbd, 0xf7, 0xbd, 0xf7, 0xbd, 0xf7, 0xbd, 
	0xf7, 0xbd, 0xf7, 0xbd, 0xf7, 0xbd, 0xf7, 0xbd, 
	0xf7, 0xbd, 0xf7, 0xbd, 0xf7, 0xbd, 0xf7, 0xbd, 
	0xf7, 0xbd, 0xf7, 0xbd, 0xf7, 0xbd, 0xf7, 0xbd, 
	0xf7, 0xbd, 0xf7, 0xbd, 0xf7, 0xbd, 0xf7, 0xbd, 
	0xf7, 0xbd, 0xf7, 0xbd, 0xf7, 0xbd, 0xf7, 0xbd, 
	0xf7, 0xbd, 0xf7, 0xbd, 0xf7, 0xbd, 0xf7, 0xbd, 
	0xf7, 0xbd, 0xf7, 0xbd, 0xf7, 0xbd, 0xf7, 0xbd, 
	0xf7, 0xbd, 0xf7, 0xbd, 0xf7, 0xbd, 0xf7, 0xbd, 
	0xf7, 0xbd, 0xf7, 0xbd, 0xf7, 0xbd, 0xf7, 0xbd, 
	0xf7, 0xbd, 0xf7, 0xbd, 0xf7, 0xbd, 0xf7, 0xbd, 
	0xf7, 0xbd, 0xf7, 0xbd, 0xf7, 0xbd, 0xf7, 0xbd, 
	0xf7, 0xbd, 0xf7, 0xbd, 0xf7, 0xbd, 0xf7, 0xbd, 
	0xf7, 0xbd, 0xf7, 0xbd, 0xf7, 0xbd, 0xf7, 0xbd, 
	0xf7, 0xbd, 0xf7, 0xbd, 0xf7, 0xbd, 0xf7, 0xbd, 
	0xf7, 0xbd, 0xf7, 0xbd, 0xf7, 0xbd, 0xf7, 0xbd, 
	0xf7, 0xbd, 0xf7, 0xbd, 0xf7, 0xbd, 0xf7, 0xbd, 
	0xf7, 0xbd, 0xf7, 0xbd, 0xf7, 0xbd, 0xf7, 0xbd, 
	0xf7, 0xbd, 0xf7, 0xbd, 0xf7, 0xbd, 0xf7, 0xbd, 
	0xf7, 0xbd, 0xf7, 0xbd, 0xf7, 0xbd, 0xf7, 0xbd, 
	0xf7, 0xbd, 0xf7, 0xbd, 0xf7, 0xbd, 0xf7, 0xbd, 
	0xf7, 0xbd, 0xf7, 0xbd, 0xf7, 0xbd, 0xf7, 0xbd, 
	0xf7, 0xbd, 0xf7, 0xbd, 0xf7, 0xbd, 0xf7, 0xbd, 
	0xf7, 0xbd, 0xf7, 0xbd, 0xf7, 0xbd, 0xf7, 0xbd, 
	0xf7, 0xbd, 0xf7, 0xbd, 0xf7, 0xbd, 0xf7, 0xbd, 
	0xf7, 0xbd, 0xf7, 0xbd, 0xf7, 0xbd, 0xf7, 0xbd, 
	0xf7, 0xbd, 0xf7, 0xbd, 0xf7, 0xbd, 0xf7, 0xbd, 
	0xf7, 0xbd, 0xf7, 0xbd, 0xf7, 0xbd, 0xf7, 0xbd, 
	0xf7, 0xbd, 0xf7, 0xbd, 0xf7, 0xbd, 0xf7, 0xbd, 
	0xf7, 0xbd, 0xf7, 0xbd, 0xf7, 0xbd, 0xf7, 0xbd, 
	0xf7, 0xbd, 0xf7, 0xbd, 0xf7, 0xbd, 0xf7, 0xbd, 
	0xf7, 0xbd, 0xf7, 0xbd, 0xf7, 0xbd, 0xf7, 0xbd, 
	0xf7, 0xbd, 0xf7, 0xbd, 0xf7, 0xbd, 0xf7, 0xbd, 
	0xef, 0x7b, 0xef, 0x7b, 0xef, 0x7b, 0xef, 0x7b, 
	0xef, 0x7b, 0xef, 0x7b, 0xef, 0x7b, 0xef, 0x7b, 
	0xef, 0x7b, 0xef, 0x7b, 0xef, 0x7b, 0xef, 0x7b, 
	0xef, 0x7b, 0xef, 0x7b, 0xef, 0x7b, 0xef, 0x7b, 
	0xef, 0x7b, 0xf7, 0xbd, 0xf7, 0xbd, 0xef, 0x7b, 
	0xef, 0x7b, 0xef, 0x7b, 0xef, 0x7b, 0xef, 0x7b, 
	0xef, 0x7b, 0xef, 0x7d, 0xf7, 0xbd, 0xf7, 0x7d, 
	0xef, 0x7b, 0xef, 0x7b, 0xef, 0x7b, 0xf7, 0xbd, 
	0xef, 0x7b, 0xef, 0x7b, 0xef, 0x7b, 0xef, 0x7b, 
	0xef, 0x7b, 0xef, 0x7b, 0xef, 0x7b, 0xef, 0x7b, 
	0xef, 0x7b, 0xef, 0x7b, 0xef, 0x7b, 0xef, 0x7b, 
	0xef, 0x7b, 0xef, 0x7b, 0xef, 0x7b, 0xef, 0x7b, 
	0xef, 0x7b, 0xef, 0x7b, 0xef, 0x7b, 0xef, 0x7b, 
	0xef, 0x7b, 0xef, 0x7b, 0xef, 0x7b, 0xef, 0x7b, 
	0xef, 0x7b, 0xef, 0x7b, 0xef, 0x7b, 0xef, 0x7b, 
	0xef, 0x7b, 0xef, 0x7b, 0xef, 0x7b, 0xef, 0x7b, 
	0xef, 0x7b, 0xef, 0x7b, 0xef, 0x7b, 0xef, 0x7b, 
	0xef, 0x7b, 0xef, 0x7b, 0xef, 0x7b, 0xef, 0x7b, 
	0xef, 0x7b, 0xef, 0x7b, 0xef, 0x7b, 0xef, 0x7b, 
	0xef, 0x7b, 0xef, 0x7b, 0xef, 0x7b, 0xef, 0x7b, 
	0xef, 0x7b, 0xef, 0x7b, 0xef, 0x7b, 0xef, 0x7b, 
	0xef, 0x7b, 0xef, 0x7b, 0xef, 0x7b, 0xef, 0x7b, 
	0xef, 0x7b, 0xef, 0x7b, 0xef, 0x7b, 0xef, 0x7b, 
	0xef, 0x7b, 0xef, 0x7b, 0xef, 0x7b, 0xef, 0x7b, 
	0xef, 0x7b, 0xef, 0x7b, 0xef, 0x7b, 0xef, 0x7b, 
	0xef, 0x7b, 0xef, 0x7b, 0xef, 0x7b, 0xef, 0x7b, 
	0xef, 0x7b, 0xef, 0x7b, 0xef, 0x7b, 0xef, 0x7b, 
	0xef, 0x7b, 0xef, 0x7b, 0xef, 0x7b, 0xef, 0x7b, 
	0xef, 0x7b, 0xef, 0x7b, 0xef, 0x7b, 0xef, 0x7b, 
	0xef, 0x7b, 0xef, 0x7b, 0xef, 0x7b, 0xef, 0x7b, 
	0xef, 0x7b, 0xef, 0x7b, 0xef, 0x7b, 0xef, 0x7b, 
	0xef, 0x7b, 0xef, 0x7b, 0xef, 0x7b, 0xef, 0x7b, 
	0xef, 0x7b, 0xef, 0x7b, 0xef, 0x7b, 0xbd, 0xef, 
	0x94, 0xa5, 0x94, 0xa5, 0x94, 0xa5, 0x94, 0xa5, 
	0x94, 0xa5, 0x94, 0xa5, 0x94, 0xa5, 0x94, 0xa5, 
	0x94, 0xa5, 0x94, 0xa5, 0x94, 0xa5, 0x94, 0xa5, 
	0xde, 0xf7, 0xef, 0x7b, 0xef, 0x7b, 0xef, 0x7b, 
	0xe7, 0x39, 0x94, 0xa5, 0x94, 0xa5, 0x94, 0xa5, 
	0x94, 0xa5, 0x94, 0xa5, 0x94, 0xa5, 0xe7, 0x39, 
	0xef, 0x7b, 0xef, 0x7b, 0xef, 0x7b, 0xef, 0x7b, 
	0xef, 0x7b, 0xef, 0x7b, 0xef, 0x7b, 0x9c, 0xe7, 
	0x00, 0x01, 0x00, 0x01, 0x00, 0x01, 0x00, 0x01, 
	0x00, 0x01, 0x00, 0x01, 0x00, 0x01, 0x00, 0x01, 
	0x00, 0x01, 0x00, 0x01, 0x00, 0x01, 0x29, 0x4b, 
	0xd6, 0xb5, 0xef, 0x7b, 0xef, 0x7b, 0xef, 0x7b, 
	0xde, 0xf7, 0x31, 0x8d, 0x00, 0x01, 0x00, 0x01, 
	0x00, 0x01, 0x00, 0x01, 0x10, 0x85, 0xad, 0x6b, 
	0xef, 0x7b, 0xef, 0x7b, 0xef, 0x7b, 0xef, 0x7b, 
	0xef, 0x7b, 0xef, 0x7b, 0xe7, 0x39, 0x9c, 0xe7, 
	0x00, 0x01, 0x00, 0x01, 0x00, 0x01, 0x00, 0x01, 
	0x00, 0x01, 0x00, 0x01, 0x00, 0x01, 0x00, 0x01, 
	0x00, 0x01, 0x00, 0x01, 0x00, 0x01, 0x29, 0x4b, 
	0xd6, 0xb5, 0xef, 0x7b, 0xef, 0x7b, 0xef, 0x7b, 
	0xde, 0xf7, 0x31, 0x4b, 0x00, 0x01, 0x00, 0x01, 
	0x00, 0x01, 0x00, 0x01, 0x00, 0x01, 0x42, 0x11, 
	0xd6, 0xb5, 0xef, 0x7b, 0xef, 0x7b, 0xef, 0x7b, 
	0xef, 0x7b, 0xe7, 0x39, 0xe7, 0x39, 0x94, 0xa5, 
	0x00, 0x01, 0x00, 0x01, 0x00, 0x01, 0x00, 0x01, 
	0x29, 0x4b, 0x29, 0x4b, 0x29, 0x4b, 0x29, 0x4b, 
	0x29, 0x4b, 0x29, 0x4b, 0x29, 0x4b, 0x42, 0x11, 
	0xd6, 0xb5, 0xe7, 0x39, 0xe7, 0x39, 0xe7, 0x39, 
	0xde, 0xf7, 0x29, 0x4b, 0x00, 0x01, 0x00, 0x01, 
	0x00, 0x01, 0x00, 0x01, 0x00, 0x01, 0x08, 0x43, 
	0x8c, 0x63, 0xe7, 0x39, 0xe7, 0x39, 0xe7, 0x39, 
	0xe7, 0x39, 0xe7, 0x39, 0xe7, 0x39, 0x94, 0xa5, 
	0x00, 0x01, 0x00, 0x01, 0x00, 0x01, 0x31, 0x8d, 
	0xc6, 0x31, 0xce, 0x73, 0xce, 0x73, 0xce, 0x73, 
	0xce, 0x73, 0xce, 0x73, 0xce, 0x73, 0xce, 0x75, 
	0xe7, 0x39, 0xe7, 0x39, 0xe7, 0x39, 0xe7, 0x39, 
	0xd6, 0xb5, 0x29, 0x4b, 0x00, 0x01, 0x00, 0x01, 
	0x00, 0x01, 0x00, 0x01, 0x00, 0x01, 0x00, 0x01, 
	0x29, 0x4b, 0xc6, 0x31, 0xe7, 0x39, 0xe7, 0x39, 
	0xe7, 0x39, 0xe7, 0x39, 0xe7, 0x39, 0x94, 0xa5, 
	0x00, 0x01, 0x00, 0x01, 0x00, 0x01, 0x31, 0x8d, 
	0xde, 0xf7, 0xe7, 0x39, 0xe7, 0x39, 0xe7, 0x39, 
	0xe7, 0x39, 0xe7, 0x39, 0xe7, 0x39, 0xe7, 0x39, 
	0xe7, 0x39, 0xe7, 0x39, 0xe7, 0x39, 0xe7, 0x39, 
	0xd6, 0xb5, 0x29, 0x4b, 0x00, 0x01, 0x00, 0x01, 
	0x39, 0xcf, 0x21, 0x09, 0x00, 0x01, 0x00, 0x01, 
	0x00, 0x01, 0x73, 0x9d, 0xde, 0xf7, 0xe7, 0x39, 
	0xe7, 0x39, 0xe7, 0x39, 0xe7, 0x39, 0x94, 0xa5, 
	0x00, 0x01, 0x00, 0x01, 0x00, 0x01, 0x31, 0x8d, 
	0xde, 0xf7, 0xe7, 0x39, 0xe7, 0x39, 0xe7, 0x39, 
	0xe7, 0x39, 0xe7, 0x39, 0xe7, 0x39, 0xe7, 0x39, 
	0xe7, 0x39, 0xe7, 0x39, 0xe7, 0x39, 0xe7, 0x39, 
	0xd6, 0xb5, 0x29, 0x4b, 0x00, 0x01, 0x00, 0x01, 
	0x63, 0x19, 0x8c, 0x63, 0x08, 0x43, 0x00, 0x01, 
	0x00, 0x01, 0x18, 0xc7, 0xb5, 0xad, 0xe7, 0x39, 
	0xe7, 0x39, 0xe7, 0x39, 0xe7, 0x39, 0x94, 0xa5, 
	0x00, 0x01, 0x00, 0x01, 0x00, 0x01, 0x31, 0x8d, 
	0xde, 0xf7, 0xe7, 0x39, 0xe7, 0x39, 0xe7, 0x39, 
	0xe7, 0x39, 0xe7, 0x39, 0xe7, 0x39, 0xe7, 0x39, 
	0xe7, 0x39, 0xe7, 0x39, 0xe7, 0x39, 0xe7, 0x39, 
	0xd6, 0xb5, 0x29, 0x4b, 0x00, 0x01, 0x00, 0x01, 
	0x5a, 0xd7, 0xce, 0x73, 0x4a, 0x53, 0x00, 0x01, 
	0x00, 0x01, 0x00, 0x01, 0x52, 0x95, 0xd6, 0xb5, 
	0xe7, 0x39, 0xe7, 0x39, 0xde, 0xf7, 0x94, 0xa5, 
	0x00, 0x01, 0x00, 0x01, 0x00, 0x01, 0x31, 0x8d, 
	0xd6, 0xb5, 0xde, 0xf7, 0xde, 0xf7, 0xde, 0xf7, 
	0xde, 0xf7, 0xde, 0xf7, 0xde, 0xf7, 0xde, 0xf7, 
	0xe7, 0x39, 0xe7, 0x39, 0xe7, 0x39, 0xe7, 0x39, 
	0xd6, 0xb5, 0x29, 0x4b, 0x00, 0x01, 0x00, 0x01, 
	0x42, 0x11, 0xde, 0xf7, 0xa5, 0x29, 0x10, 0x85, 
	0x00, 0x01, 0x00, 0x01, 0x08, 0x43, 0x9c, 0xe7, 
	0xde, 0xf7, 0xde, 0xf7, 0xde, 0xf7, 0x94, 0xa5, 
	0x00, 0x01, 0x00, 0x01, 0x00, 0x01, 0x10, 0x85, 
	0x5a, 0xd7, 0x5a, 0xd7, 0x5a, 0xd7, 0x5a, 0xd7, 
	0x5a, 0xd7, 0x5a, 0xd7, 0x5a, 0xd7, 0xa5, 0x29, 
	0xde, 0xf7, 0xde, 0xf7, 0xde, 0xf7, 0xde, 0xf7, 
	0xd6, 0xb5, 0x29, 0x4b, 0x00, 0x01, 0x00, 0x01, 
	0x39, 0xcf, 0xde, 0xf7, 0xde, 0xf7, 0x63, 0x19, 
	0x00, 0x01, 0x00, 0x01, 0x00, 0x01, 0x39, 0xcf, 
	0xde, 0xf7, 0xde, 0xf7, 0xde, 0xf7, 0x94, 0xa5, 
	0x00, 0x01, 0x00, 0x01, 0x00, 0x01, 0x00, 0x01, 
	0x00, 0x01, 0x00, 0x01, 0x00, 0x01, 0x00, 0x01, 
	0x00, 0x01, 0x00, 0x01, 0x00, 0x01, 0x94, 0xe5, 
	0xde, 0xf7, 0xde, 0xf7, 0xde, 0xf7, 0xde, 0xf7, 
	0xd6, 0xb5, 0x29, 0x4b, 0x00, 0x01, 0x00, 0x01, 
	0x31, 0x8d, 0xd6, 0xb5, 0xde, 0xf7, 0xb5, 0xad, 
	0x21, 0x09, 0x00, 0x01, 0x00, 0x01, 0x00, 0x01, 
	0xde, 0xf7, 0xde, 0xf7, 0xde, 0xf7, 0x94, 0xa5, 
	0x00, 0x01, 0x00, 0x01, 0x00, 0x01, 0x00, 0x01, 
	0x00, 0x01, 0x00, 0x01, 0x00, 0x01, 0x00, 0x01, 
	0x00, 0x01, 0x00, 0x01, 0x00, 0x01, 0x94, 0xa5, 
	0xde, 0xf7, 0xde, 0xf7, 0xde, 0xf7, 0xde, 0xf7, 
	0xce, 0x73, 0x29, 0x4b, 0x00, 0x01, 0x00, 0x01, 
	0x31, 0x8d, 0xd6, 0xb5, 0xde, 0xf7, 0xde, 0xf7, 
	0x7b, 0xdf, 0x00, 0x01, 0x00, 0x01, 0x00, 0x01, 
	0xde, 0xf7, 0xde, 0xf7, 0xde, 0xf7, 0x94, 0xa5, 
	0x00, 0x01, 0x00, 0x01, 0x00, 0x01, 0x08, 0x43, 
	0x42, 0x11, 0x4a, 0x53, 0x4a, 0x53, 0x4a, 0x53, 
	0x4a, 0x53, 0x4a, 0x53, 0x4a, 0x53, 0x9c, 0xe7, 
	0xde, 0xf7, 0xde, 0xf7, 0xde, 0xf7, 0xde, 0xf7, 
	0xce, 0x73, 0x29, 0x4b, 0x00, 0x01, 0x00, 0x01, 
	0x31, 0x8d, 0xd6, 0xb5, 0xde, 0xf7, 0xde, 0xf7, 
	0xc6, 0x31, 0x31, 0x8d, 0x00, 0x01, 0x00, 0x01, 
	0xde, 0xf7, 0xde, 0xf7, 0xde, 0xf7, 0x8c, 0x63, 
	0x00, 0x01, 0x00, 0x01, 0x00, 0x01, 0x31, 0x8d, 
	0xce, 0x73, 0xd6, 0xb5, 0xd6, 0xb5, 0xd6, 0xb5, 
	0xd6, 0xb5, 0xd6, 0xb5, 0xd6, 0xb5, 0xde, 0xb5, 
	0xde, 0xf7, 0xde, 0xf7, 0xde, 0xf7, 0xde, 0xf7, 
	0xce, 0x73, 0x29, 0x4b, 0x00, 0x01, 0x00, 0x01, 
	0x31, 0x8d, 0xd6, 0xb5, 0xde, 0xf7, 0xde, 0xf7, 
	0xde, 0xf7, 0x94, 0xa5, 0x08, 0x43, 0x00, 0x01, 
	0xde, 0xf7, 0xde, 0xf7, 0xde, 0xf7, 0x8c, 0x63, 
	0x00, 0x01, 0x00, 0x01, 0x00, 0x01, 0x31, 0x8d, 
	0xd6, 0xb5, 0xde, 0xf7, 0xde, 0xf7, 0xde, 0xf7, 
	0xde, 0xf7, 0xde, 0xf7, 0xde, 0xf7, 0xde, 0xf7, 
	0xde, 0xf7, 0xde, 0xf7, 0xde, 0xf7, 0xde, 0xf7, 
	0xce, 0x73, 0x29, 0x4b, 0x00, 0x01, 0x00, 0x01, 
	0x31, 0x8d, 0xd6, 0xb5, 0xde, 0xf7, 0xde, 0xf7, 
	0xde, 0xf7, 0xce, 0x73, 0x4a, 0x53, 0x00, 0x01, 
	0xde, 0xf7, 0xde, 0xf7, 0xde, 0xf7, 0x8c, 0x63, 
	0x00, 0x01, 0x00, 0x01, 0x00, 0x01, 0x31, 0x8d, 
	0xd6, 0xb5, 0xde, 0xf7, 0xde, 0xf7, 0xde, 0xf7, 
	0xde, 0xf7, 0xde, 0xf7, 0xde, 0xf7, 0xde, 0xf7, 
	0xde, 0xf7, 0xde, 0xf7, 0xde, 0xf7, 0xde, 0xf7, 
	0xce, 0x73, 0x29, 0x4b, 0x00, 0x01, 0x00, 0x01, 
	0x31, 0x8d, 0xce, 0x73, 0xde, 0xf7, 0xde, 0xf7, 
	0xde, 0xf7, 0xde, 0xf7, 0xa5, 0x29, 0x10, 0x85, 
	0xd6, 0xb5, 0xd6, 0xb5, 0xd6, 0xb5, 0x8c, 0x63, 
	0x00, 0x01, 0x00, 0x01, 0x00, 0x01, 0x31, 0x8d, 
	0xce, 0x73, 0xde, 0xb7, 0xde, 0xf7, 0xd6, 0xb5, 
	0xde, 0xf7, 0xde, 0xf7, 0xd6, 0xb5, 0xde, 0xb5, 
	0xd6, 0xb5, 0xde, 0xf7, 0xde, 0xf5, 0xd6, 0xb5, 
	0xce, 0x73, 0x29, 0x4b, 0x00, 0x01, 0x00, 0x01, 
	0x31, 0x8d, 0xce, 0x73, 0xde, 0xf7, 0xde, 0xf7, 
	0xde, 0xf7, 0xde, 0xf7, 0xd6, 0xb5, 0x63, 0x19, 
	0xd6, 0xb5, 0xd6, 0xb5, 0xd6, 0xb5, 0x8c, 0x63, 
	0x00, 0x01, 0x00, 0x01, 0x00, 0x01, 0x31, 0x8d, 
	0xce, 0x73, 0xd6, 0xb5, 0xd6, 0xb5, 0xd6, 0xb5, 
	0xd6, 0xb5, 0xd6, 0xb5, 0xd6, 0xb5, 0xd6, 0xb5, 
	0xd6, 0xb5, 0xd6, 0xb5, 0xd6, 0xb5, 0xd6, 0xb5, 
	0xc6, 0x31, 0x29, 0x4b, 0x00, 0x01, 0x00, 0x01, 
	0x29, 0x4b, 0xce, 0x73, 0xd6, 0xb5, 0xd6, 0xb5, 
	0xd6, 0xb5, 0xde, 0xf7, 0xd6, 0xf5, 0xb5, 0xad, 
	0xd6, 0xb5, 0xd6, 0xb5, 0xd6, 0xb5, 0x8c, 0x63, 
	0x00, 0x01, 0x00, 0x01, 0x00, 0x01, 0x29, 0x4b, 
	0xad, 0x6b, 0xb5, 0xad, 0xb5, 0xad, 0xb5, 0xad, 
	0xb5, 0xad, 0xb5, 0xad, 0xb5, 0xad, 0xb5, 0xad, 
	0xce, 0x73, 0xd6, 0xb5, 0xd6, 0xb5, 0xd6, 0xb5, 
	0xc6, 0x31, 0x29, 0x4b, 0x00, 0x01, 0x00, 0x01, 
	0x29, 0x4b, 0xce, 0x73, 0xd6, 0xb5, 0xd6, 0xb5, 
	0xd6, 0xb5, 0xd6, 0xb5, 0xd6, 0xb5, 0xd6, 0xb5, 
	0xd6, 0xb5, 0xd6, 0xb5, 0xd6, 0xb5, 0x8c, 0x63, 
	0x00, 0x01, 0x00, 0x01, 0x00, 0x01, 0x00, 0x01, 
	0x18, 0xc7, 0x21, 0x09, 0x21, 0x09, 0x21, 0x09, 
	0x21, 0x09, 0x21, 0x09, 0x21, 0x09, 0x31, 0x8d, 
	0xc6, 0x31, 0xd6, 0xb5, 0xd6, 0xb5, 0xd6, 0xb5, 
	0xc6, 0x31, 0x29, 0x4b, 0x00, 0x01, 0x00, 0x01, 
	0x29, 0x4b, 0xce, 0x73, 0xd6, 0xb5, 0xd6, 0xb5, 
	0xd6, 0xb5, 0xd6, 0xb5, 0xd6, 0xb5, 0xd6, 0xb5, 
	
};

Gfx INTRO_SCREEN_tile_5_1_rgba16_aligner[] = {gsSPEndDisplayList()};
u8 INTRO_SCREEN_tile_5_1_rgba16[] = {
	0xd6, 0xb5, 0xd6, 0xb5, 0xd6, 0xb5, 0x8c, 0x63, 
	0x00, 0x01, 0x00, 0x01, 0x00, 0x01, 0x29, 0x4b, 
	0xad, 0x6b, 0xb5, 0xad, 0xb5, 0xad, 0xb5, 0xad, 
	0xb5, 0xad, 0xb5, 0xad, 0xb5, 0xad, 0xb5, 0xad, 
	0xce, 0x73, 0xd6, 0xb5, 0xd6, 0xb5, 0xd6, 0xb5, 
	0xc6, 0x31, 0x29, 0x4b, 0x00, 0x01, 0x00, 0x01, 
	0x29, 0x4b, 0xce, 0x73, 0xd6, 0xb5, 0xd6, 0xb5, 
	0xd6, 0xb5, 0xd6, 0xb5, 0xd6, 0xb5, 0xd6, 0xb5, 
	0xd6, 0xb5, 0xd6, 0xb5, 0xd6, 0xb5, 0x8c, 0x63, 
	0x00, 0x01, 0x00, 0x01, 0x00, 0x01, 0x00, 0x01, 
	0x18, 0xc7, 0x21, 0x09, 0x21, 0x09, 0x21, 0x09, 
	0x21, 0x09, 0x21, 0x09, 0x21, 0x09, 0x31, 0x8d, 
	0xc6, 0x31, 0xd6, 0xb5, 0xd6, 0xb5, 0xd6, 0xb5, 
	0xc6, 0x31, 0x29, 0x4b, 0x00, 0x01, 0x00, 0x01, 
	0x29, 0x4b, 0xce, 0x73, 0xd6, 0xb5, 0xd6, 0xb5, 
	0xd6, 0xb5, 0xd6, 0xb5, 0xd6, 0xb5, 0xd6, 0xb5, 
	0xd6, 0xb5, 0xd6, 0xb5, 0xd6, 0xb5, 0x8c, 0x63, 
	0x00, 0x01, 0x00, 0x01, 0x00, 0x01, 0x00, 0x01, 
	0x00, 0x01, 0x00, 0x01, 0x00, 0x01, 0x00, 0x01, 
	0x00, 0x01, 0x00, 0x01, 0x00, 0x01, 0x29, 0x4b, 
	0xbd, 0xef, 0xd6, 0xb5, 0xd6, 0xb5, 0xd6, 0xb5, 
	0xc6, 0x31, 0x29, 0x4b, 0x00, 0x01, 0x00, 0x01, 
	0x29, 0x4b, 0xce, 0x73, 0xd6, 0xb5, 0xd6, 0xb5, 
	0xd6, 0xb5, 0xd6, 0xb5, 0xd6, 0xb5, 0xd6, 0xb5, 
	0xd6, 0xb5, 0xd6, 0xb5, 0xd6, 0xb5, 0x8c, 0x63, 
	0x00, 0x01, 0x00, 0x01, 0x00, 0x01, 0x00, 0x01, 
	0x00, 0x01, 0x00, 0x01, 0x00, 0x01, 0x00, 0x01, 
	0x00, 0x01, 0x00, 0x01, 0x00, 0x01, 0x29, 0x4b, 
	0xbd, 0xef, 0xd6, 0xb5, 0xd6, 0xb5, 0xd6, 0xb5, 
	0xc6, 0x31, 0x29, 0x4b, 0x00, 0x01, 0x00, 0x01, 
	0x29, 0x4b, 0xc6, 0x31, 0xd6, 0xb5, 0xd6, 0xb5, 
	0xd6, 0xb5, 0xd6, 0xb5, 0xd6, 0xb5, 0xd6, 0xb5, 
	0xd6, 0xb5, 0xd6, 0xb5, 0xce, 0xb3, 0xad, 0x6b, 
	0x8c, 0x63, 0x8c, 0x63, 0x84, 0x23, 0x8c, 0x63, 
	0x8c, 0x63, 0x8c, 0x63, 0x8c, 0x63, 0x84, 0x21, 
	0x84, 0x21, 0x84, 0x21, 0x84, 0x21, 0x8c, 0x63, 
	0xc6, 0x31, 0xce, 0x73, 0xce, 0x73, 0xce, 0x73, 
	0xc6, 0x31, 0x8c, 0x63, 0x84, 0x21, 0x84, 0x21, 
	0x8c, 0x63, 0xce, 0x73, 0xce, 0x73, 0xce, 0x73, 
	0xce, 0x73, 0xce, 0x73, 0xce, 0x73, 0xce, 0x73, 
	0xce, 0x73, 0xce, 0x73, 0xce, 0x73, 0xce, 0x73, 
	0xce, 0x73, 0xce, 0x73, 0xce, 0x73, 0xce, 0x73, 
	0xce, 0x73, 0xce, 0x73, 0xce, 0x73, 0xce, 0x73, 
	0xce, 0x73, 0xce, 0x73, 0xce, 0x73, 0xce, 0x73, 
	0xce, 0x73, 0xce, 0x73, 0xce, 0x73, 0xce, 0x73, 
	0xce, 0x73, 0xce, 0x73, 0xce, 0x73, 0xce, 0x73, 
	0xce, 0x73, 0xce, 0x73, 0xce, 0x73, 0xce, 0x73, 
	0xce, 0x73, 0xce, 0x73, 0xce, 0x73, 0xce, 0x73, 
	0xce, 0x73, 0xce, 0x73, 0xce, 0x73, 0xce, 0x73, 
	0xce, 0x73, 0xce, 0x73, 0xce, 0x73, 0xce, 0x73, 
	0xce, 0x73, 0xce, 0x73, 0xce, 0x73, 0xce, 0x73, 
	0xce, 0x73, 0xce, 0x73, 0xce, 0x73, 0xce, 0x73, 
	0xce, 0x73, 0xce, 0x73, 0xce, 0x73, 0xce, 0x73, 
	0xce, 0x73, 0xce, 0x73, 0xce, 0x73, 0xce, 0x73, 
	0xce, 0x73, 0xce, 0x73, 0xce, 0x73, 0xce, 0x73, 
	0xce, 0x73, 0xce, 0x73, 0xce, 0x73, 0xce, 0x73, 
	0xce, 0x73, 0xce, 0x73, 0xce, 0x73, 0xce, 0x73, 
	0xce, 0x73, 0xce, 0x73, 0xce, 0x73, 0xce, 0x73, 
	0xce, 0x73, 0xce, 0x73, 0xce, 0x73, 0xce, 0x73, 
	0xce, 0x73, 0xce, 0x73, 0xce, 0x73, 0xce, 0x73, 
	0xce, 0x73, 0xce, 0x73, 0xce, 0x73, 0xce, 0x73, 
	0xce, 0x73, 0xce, 0x73, 0xce, 0x73, 0xce, 0x73, 
	0xce, 0x73, 0xce, 0x73, 0xce, 0x73, 0xce, 0x73, 
	0xce, 0x73, 0xce, 0x73, 0xce, 0x73, 0xce, 0x73, 
	0xce, 0x73, 0xce, 0x73, 0xce, 0x73, 0xce, 0x73, 
	0xce, 0x73, 0xce, 0x73, 0xce, 0x73, 0xce, 0x73, 
	0xce, 0x73, 0xce, 0x73, 0xce, 0x73, 0xce, 0x73, 
	0xce, 0x73, 0xce, 0x73, 0xce, 0x73, 0xce, 0x73, 
	0xce, 0x73, 0xce, 0x73, 0xce, 0x73, 0xce, 0x73, 
	0xce, 0x73, 0xce, 0x73, 0xce, 0x73, 0xce, 0x73, 
	0xce, 0x73, 0xce, 0x73, 0xce, 0x73, 0xce, 0x73, 
	0xce, 0x73, 0xce, 0x73, 0xce, 0x73, 0xce, 0x73, 
	0xce, 0x73, 0xce, 0x73, 0xce, 0x73, 0xce, 0x73, 
	0xce, 0x73, 0xce, 0x73, 0xce, 0x73, 0xce, 0x73, 
	0xce, 0x73, 0xce, 0x73, 0xce, 0x73, 0xce, 0x73, 
	0xce, 0x73, 0xce, 0x73, 0xce, 0x73, 0xce, 0x73, 
	0xce, 0x73, 0xce, 0x73, 0xce, 0x73, 0xce, 0x73, 
	0xce, 0x73, 0xce, 0x73, 0xce, 0x73, 0xce, 0x73, 
	0xce, 0x73, 0xce, 0x73, 0xce, 0x73, 0xce, 0x73, 
	0xce, 0x73, 0xce, 0x73, 0xce, 0x73, 0xce, 0x73, 
	0xce, 0x73, 0xce, 0x73, 0xce, 0x73, 0xce, 0x73, 
	0xc6, 0x31, 0xc6, 0x31, 0xc6, 0x31, 0xc6, 0x31, 
	0xc6, 0x71, 0xce, 0x73, 0xce, 0x73, 0xce, 0x73, 
	0xc6, 0x31, 0xc6, 0x31, 0xc6, 0x31, 0xc6, 0x31, 
	0xc6, 0x31, 0xc6, 0x31, 0xc6, 0x31, 0xc6, 0x31, 
	0xc6, 0x31, 0xc6, 0x31, 0xc6, 0x31, 0xc6, 0x31, 
	0xc6, 0x31, 0xc6, 0x31, 0xc6, 0x31, 0xc6, 0x31, 
	0xc6, 0x31, 0xc6, 0x31, 0xce, 0x73, 0xce, 0x33, 
	0xc6, 0x31, 0xc6, 0x31, 0xc6, 0x31, 0xc6, 0x31, 
	0xc6, 0x31, 0xc6, 0x31, 0xc6, 0x31, 0xc6, 0x31, 
	0xc6, 0x31, 0xc6, 0x31, 0xc6, 0x31, 0xc6, 0x31, 
	0xc6, 0x31, 0xc6, 0x31, 0xc6, 0x31, 0xc6, 0x31, 
	0xc6, 0x31, 0xc6, 0x31, 0xc6, 0x31, 0xc6, 0x31, 
	0xc6, 0x31, 0xc6, 0x31, 0xc6, 0x31, 0xc6, 0x31, 
	0xc6, 0x31, 0xc6, 0x31, 0xc6, 0x31, 0xc6, 0x31, 
	0xc6, 0x31, 0xc6, 0x31, 0xc6, 0x31, 0xc6, 0x31, 
	0xc6, 0x31, 0xc6, 0x31, 0xc6, 0x31, 0xc6, 0x31, 
	0xc6, 0x31, 0xc6, 0x31, 0xc6, 0x31, 0xc6, 0x31, 
	0xc6, 0x31, 0xc6, 0x31, 0xc6, 0x31, 0xc6, 0x31, 
	0xc6, 0x31, 0xc6, 0x31, 0xc6, 0x31, 0xc6, 0x31, 
	0xc6, 0x31, 0xc6, 0x31, 0xc6, 0x31, 0xc6, 0x31, 
	0xc6, 0x31, 0xc6, 0x31, 0xc6, 0x31, 0xc6, 0x31, 
	0xc6, 0x31, 0xc6, 0x31, 0xc6, 0x31, 0xc6, 0x31, 
	0xc6, 0x31, 0xc6, 0x31, 0xc6, 0x31, 0xc6, 0x31, 
	0xc6, 0x31, 0xc6, 0x31, 0xc6, 0x31, 0xc6, 0x31, 
	0xc6, 0x31, 0xc6, 0x31, 0xc6, 0x31, 0xc6, 0x31, 
	0xc6, 0x31, 0xc6, 0x31, 0xc6, 0x31, 0xc6, 0x31, 
	0xc6, 0x31, 0xc6, 0x31, 0xc6, 0x31, 0xc6, 0x31, 
	0xc6, 0x31, 0xc6, 0x31, 0xc6, 0x31, 0xc6, 0x31, 
	0xc6, 0x31, 0xc6, 0x31, 0xc6, 0x31, 0xc6, 0x31, 
	0xc6, 0x31, 0xc6, 0x31, 0xc6, 0x31, 0xc6, 0x31, 
	0xc6, 0x31, 0xc6, 0x31, 0xc6, 0x31, 0xc6, 0x31, 
	0xc6, 0x31, 0xc6, 0x31, 0xc6, 0x31, 0xc6, 0x31, 
	0xc6, 0x31, 0xc6, 0x31, 0xc6, 0x31, 0xc6, 0x31, 
	0xc6, 0x31, 0xc6, 0x31, 0xc6, 0x31, 0xc6, 0x31, 
	0xc6, 0x31, 0xc6, 0x31, 0xc6, 0x31, 0xc6, 0x31, 
	0xc6, 0x31, 0xc6, 0x31, 0xc6, 0x31, 0xc6, 0x31, 
	0xc6, 0x31, 0xc6, 0x31, 0xc6, 0x31, 0xc6, 0x31, 
	0xc6, 0x31, 0xc6, 0x31, 0xc6, 0x31, 0xc6, 0x31, 
	0xc6, 0x31, 0xc6, 0x31, 0xc6, 0x31, 0xc6, 0x31, 
	0xc6, 0x31, 0xc6, 0x31, 0xc6, 0x31, 0xc6, 0x31, 
	0xc6, 0x31, 0xc6, 0x31, 0xc6, 0x31, 0xc6, 0x31, 
	0xc6, 0x31, 0xc6, 0x31, 0xc6, 0x31, 0xc6, 0x31, 
	0xc6, 0x31, 0xc6, 0x31, 0xc6, 0x31, 0xc6, 0x31, 
	0xc6, 0x31, 0xc6, 0x31, 0xc6, 0x31, 0xc6, 0x31, 
	0xc6, 0x31, 0xc6, 0x31, 0xc6, 0x31, 0xc6, 0x31, 
	0xc6, 0x31, 0xc6, 0x31, 0xc6, 0x31, 0xc6, 0x31, 
	0xc6, 0x31, 0xc6, 0x31, 0xc6, 0x31, 0xc6, 0x31, 
	0xbd, 0xef, 0xbd, 0xef, 0xbd, 0xef, 0xbd, 0xef, 
	0xbd, 0xef, 0xbd, 0xef, 0xbd, 0xef, 0xbd, 0xef, 
	0xc6, 0x31, 0xc6, 0x31, 0xc6, 0x2f, 0xc6, 0x31, 
	0xc6, 0x31, 0xbe, 0x31, 0xc5, 0xef, 0xc6, 0x31, 
	0xc6, 0x31, 0xc6, 0x31, 0xc6, 0x31, 0xbd, 0xf1, 
	0xbd, 0xef, 0xc6, 0x31, 0xc6, 0x31, 0xc6, 0x31, 
	0xc6, 0x31, 0xc6, 0x31, 0xc6, 0x31, 0xc6, 0x31, 
	0xc6, 0x31, 0xc6, 0x31, 0xc6, 0x31, 0xc6, 0x31, 
	0xbd, 0xef, 0xbd, 0xef, 0xbd, 0xef, 0xbd, 0xef, 
	0xbd, 0xef, 0xbd, 0xef, 0xbd, 0xef, 0xbd, 0xef, 
	0xbd, 0xef, 0xbd, 0xef, 0xbd, 0xef, 0xbd, 0xef, 
	0xbd, 0xef, 0xbd, 0xef, 0xbd, 0xef, 0xbd, 0xef, 
	0xbd, 0xef, 0xbd, 0xef, 0xbd, 0xef, 0xbd, 0xef, 
	0xbd, 0xef, 0xbd, 0xef, 0xbd, 0xef, 0xbd, 0xef, 
	0xbd, 0xef, 0xbd, 0xef, 0xbd, 0xef, 0xbd, 0xef, 
	0xbd, 0xef, 0xbd, 0xef, 0xbd, 0xef, 0xbd, 0xef, 
	0xbd, 0xef, 0xbd, 0xef, 0xbd, 0xef, 0xbd, 0xef, 
	0xbd, 0xef, 0xbd, 0xef, 0xbd, 0xef, 0xbd, 0xef, 
	0xbd, 0xef, 0xbd, 0xef, 0xbd, 0xef, 0xbd, 0xef, 
	0xbd, 0xef, 0xbd, 0xef, 0xbd, 0xef, 0xbd, 0xef, 
	0xbd, 0xef, 0xbd, 0xef, 0xbd, 0xef, 0xbd, 0xef, 
	0xbd, 0xef, 0xbd, 0xef, 0xbd, 0xef, 0xbd, 0xef, 
	0xbd, 0xef, 0xbd, 0xef, 0xbd, 0xef, 0xbd, 0xef, 
	0xbd, 0xef, 0xbd, 0xef, 0xbd, 0xef, 0xbd, 0xef, 
	0xbd, 0xef, 0xbd, 0xef, 0xbd, 0xef, 0xbd, 0xef, 
	0xbd, 0xef, 0xbd, 0xef, 0xbd, 0xef, 0xbd, 0xef, 
	0xbd, 0xef, 0xbd, 0xef, 0xbd, 0xef, 0xbd, 0xef, 
	0xbd, 0xef, 0xbd, 0xef, 0xbd, 0xef, 0xbd, 0xef, 
	0xbd, 0xef, 0xbd, 0xef, 0xbd, 0xef, 0xbd, 0xef, 
	0xbd, 0xef, 0xbd, 0xef, 0xbd, 0xef, 0xbd, 0xef, 
	0xbd, 0xef, 0xbd, 0xef, 0xbd, 0xef, 0xbd, 0xef, 
	0xbd, 0xef, 0xbd, 0xef, 0xbd, 0xef, 0xbd, 0xef, 
	0xbd, 0xef, 0xbd, 0xef, 0xbd, 0xef, 0xbd, 0xef, 
	0xbd, 0xef, 0xbd, 0xef, 0xbd, 0xef, 0xbd, 0xef, 
	0xbd, 0xef, 0xbd, 0xef, 0xbd, 0xef, 0xbd, 0xef, 
	0xbd, 0xef, 0xbd, 0xef, 0xbd, 0xef, 0xbd, 0xef, 
	0xbd, 0xef, 0xbd, 0xef, 0xbd, 0xef, 0xbd, 0xef, 
	0xbd, 0xef, 0xbd, 0xef, 0xbd, 0xef, 0xbd, 0xef, 
	0xbd, 0xef, 0xbd, 0xef, 0xbd, 0xef, 0xbd, 0xef, 
	0xbd, 0xef, 0xbd, 0xef, 0xbd, 0xef, 0xbd, 0xef, 
	0xbd, 0xef, 0xbd, 0xef, 0xbd, 0xef, 0xbd, 0xef, 
	0xbd, 0xef, 0xbd, 0xef, 0xbd, 0xef, 0xbd, 0xef, 
	0xbd, 0xef, 0xbd, 0xef, 0xbd, 0xef, 0xbd, 0xef, 
	0xbd, 0xef, 0xbd, 0xef, 0xbd, 0xef, 0xbd, 0xef, 
	0xbd, 0xef, 0xbd, 0xef, 0xbd, 0xef, 0xbd, 0xef, 
	0xbd, 0xef, 0xbd, 0xef, 0xbd, 0xef, 0xbd, 0xef, 
	0xbd, 0xef, 0xbd, 0xef, 0xbd, 0xef, 0xbd, 0xef, 
	0xbd, 0xef, 0xbd, 0xef, 0xbd, 0xef, 0xbd, 0xef, 
	0xb5, 0xaf, 0xb5, 0xad, 0xb5, 0xad, 0xb5, 0xad, 
	0xb5, 0xad, 0xb5, 0xad, 0xbd, 0xef, 0xbd, 0xef, 
	0xbd, 0xef, 0xbd, 0xef, 0xbd, 0xef, 0xbd, 0xef, 
	0xbd, 0xef, 0xbd, 0xef, 0xbd, 0xef, 0xbd, 0xef, 
	0xb5, 0xad, 0xb5, 0xad, 0xb5, 0xad, 0xb5, 0xad, 
	0xbd, 0xef, 0xbd, 0xef, 0xbd, 0xef, 0xbd, 0xef, 
	0xbd, 0xef, 0xbd, 0xef, 0xb5, 0xad, 0xb5, 0xad, 
	0xbd, 0xef, 0xbd, 0xef, 0xbd, 0xef, 0xbd, 0xef, 
	0xb5, 0xad, 0xad, 0x6b, 0x73, 0x9d, 0x6b, 0x5b, 
	0x6b, 0x5d, 0x73, 0x9d, 0x94, 0xa5, 0xb5, 0xad, 
	0xb5, 0xad, 0xb5, 0xad, 0xb5, 0xad, 0xb5, 0xad, 
	0xb5, 0xad, 0xbd, 0xef, 0xb5, 0xad, 0x9c, 0xe7, 
	0x6b, 0x5b, 0x6b, 0x5b, 0x6b, 0x5b, 0x73, 0x9d, 
	0xb5, 0xad, 0xb5, 0xad, 0xbd, 0xaf, 0xbd, 0xaf, 
	0xbd, 0xef, 0x9c, 0xe7, 0x73, 0x9d, 0x73, 0x9d, 
	0x73, 0x9d, 0x73, 0x9d, 0x73, 0x9d, 0x73, 0x9d, 
	0xb5, 0xad, 0xa5, 0x29, 0x21, 0x09, 0x00, 0x01, 
	0x00, 0x01, 0x00, 0x01, 0x84, 0x21, 0xb5, 0xad, 
	0xb5, 0xad, 0xb5, 0xad, 0xb5, 0xad, 0xb5, 0xad, 
	0xb5, 0xad, 0xb5, 0xad, 0xb5, 0xad, 0x84, 0x21, 
	0x00, 0x01, 0x00, 0x01, 0x00, 0x01, 0x21, 0x09, 
	0xad, 0x6b, 0xb5, 0xad, 0xbd, 0xef, 0xb5, 0xad, 
	0xb5, 0xad, 0x8c, 0x63, 0x08, 0x43, 0x00, 0x01, 
	0x00, 0x01, 0x00, 0x01, 0x00, 0x01, 0x00, 0x01, 
	0xb5, 0xad, 0xa5, 0x29, 0x21, 0x09, 0x00, 0x01, 
	0x00, 0x01, 0x00, 0x01, 0x84, 0x21, 0xb5, 0xad, 
	0xb5, 0xad, 0xb5, 0xad, 0xb5, 0xad, 0xb5, 0xad, 
	0xb5, 0xad, 0xb5, 0xad, 0xb5, 0xad, 0x84, 0x21, 
	0x00, 0x01, 0x00, 0x01, 0x00, 0x01, 0x21, 0x09, 
	0xad, 0x6b, 0xb5, 0xad, 0xb5, 0xad, 0xb5, 0xad, 
	0xb5, 0xad, 0x8c, 0x63, 0x08, 0x43, 0x00, 0x01, 
	0x00, 0x01, 0x00, 0x01, 0x00, 0x01, 0x00, 0x01, 
	0xb5, 0xad, 0xa5, 0x29, 0x21, 0x09, 0x00, 0x01, 
	0x00, 0x01, 0x00, 0x01, 0x84, 0x21, 0xb5, 0xad, 
	0xb5, 0xad, 0xb5, 0xad, 0xb5, 0xad, 0xb5, 0xad, 
	0xb5, 0xad, 0xb5, 0xad, 0xb5, 0xad, 0x84, 0x21, 
	0x00, 0x01, 0x00, 0x01, 0x00, 0x01, 0x21, 0x09, 
	0xad, 0x6b, 0xb5, 0xad, 0xb5, 0xad, 0xb5, 0xad, 
	0xb5, 0xad, 0x8c, 0x63, 0x08, 0x43, 0x00, 0x01, 
	0x00, 0x01, 0x00, 0x01, 0x18, 0xc7, 0x21, 0x09, 
	0xb5, 0xad, 0xa5, 0x29, 0x21, 0x09, 0x00, 0x01, 
	0x00, 0x01, 0x00, 0x01, 0x84, 0x21, 0xb5, 0xad, 
	0xb5, 0xad, 0xb5, 0xad, 0xb5, 0xad, 0xb5, 0xad, 
	0xb5, 0xad, 0xb5, 0xad, 0xb5, 0xad, 0x84, 0x21, 
	0x00, 0x01, 0x00, 0x01, 0x00, 0x01, 0x21, 0x09, 
	0xad, 0x6b, 0xb5, 0xad, 0xb5, 0xad, 0xb5, 0xad, 
	0xb5, 0xad, 0x8c, 0x63, 0x08, 0x43, 0x00, 0x01, 
	0x00, 0x01, 0x10, 0x85, 0x84, 0x21, 0x9c, 0xe7, 
	0xb5, 0xad, 0xa5, 0x29, 0x21, 0x09, 0x00, 0x01, 
	0x00, 0x01, 0x00, 0x01, 0x7b, 0xdf, 0xb5, 0xad, 
	0xb5, 0xad, 0xb5, 0xad, 0xb5, 0xad, 0xb5, 0xad, 
	0xb5, 0xad, 0xb5, 0xad, 0xb5, 0xad, 0x84, 0x1f, 
	0x00, 0x01, 0x00, 0x01, 0x00, 0x01, 0x21, 0x09, 
	0xa5, 0x29, 0xb5, 0xad, 0xb5, 0xad, 0xb5, 0xad, 
	0xb5, 0xad, 0x8c, 0x63, 0x08, 0x43, 0x00, 0x01, 
	0x00, 0x01, 0x10, 0x85, 0x94, 0xa5, 0xb5, 0xad, 
	0xb5, 0xad, 0x9c, 0xe7, 0x21, 0x09, 0x00, 0x01, 
	0x00, 0x01, 0x00, 0x01, 0x7b, 0xdf, 0xad, 0xad, 
	0xb5, 0xad, 0xb5, 0xad, 0xb5, 0xad, 0xb5, 0xad, 
	0xb5, 0x6d, 0xad, 0x6b, 0xb5, 0x6b, 0x7b, 0xdf, 
	0x00, 0x01, 0x00, 0x01, 0x00, 0x01, 0x21, 0x09, 
	0xa5, 0x29, 0xb5, 0xad, 0xb5, 0xad, 0xb5, 0xad, 
	0xb5, 0xad, 0x8c, 0x63, 0x08, 0x43, 0x00, 0x01, 
	0x00, 0x01, 0x10, 0x85, 0x94, 0xa5, 0xad, 0x6b, 
	0xb5, 0xad, 0x9c, 0xe7, 0x18, 0xc7, 0x00, 0x01, 
	0x00, 0x01, 0x00, 0x01, 0x7b, 0xdf, 0xad, 0x6b, 
	0xad, 0x6b, 0xad, 0x6b, 0xad, 0x6b, 0xad, 0x6b, 
	0xad, 0x6b, 0xad, 0x6b, 0xad, 0x6b, 0x7b, 0xdf, 
	0x00, 0x01, 0x00, 0x01, 0x00, 0x01, 0x21, 0x09, 
	0xa5, 0x29, 0xb5, 0xab, 0xb5, 0xad, 0xad, 0x6b, 
	0xad, 0x6b, 0x8c, 0x63, 0x08, 0x43, 0x00, 0x01, 
	0x00, 0x01, 0x10, 0x85, 0x8c, 0x63, 0xad, 0x6b, 
	0xad, 0x6b, 0x9c, 0xe7, 0x18, 0xc7, 0x00, 0x01, 
	0x00, 0x01, 0x00, 0x01, 0x7b, 0xdf, 0xad, 0x6b, 
	0xad, 0x6b, 0xad, 0x6b, 0xad, 0x6b, 0xad, 0x6b, 
	0xad, 0x6b, 0xad, 0x6b, 0xad, 0x6b, 0x7b, 0xdf, 
	0x00, 0x01, 0x00, 0x01, 0x00, 0x01, 0x21, 0x09, 
	0xa5, 0x29, 0xad, 0x6b, 0xad, 0x6b, 0xad, 0x6b, 
	0xad, 0x6b, 0x8c, 0x63, 0x08, 0x43, 0x00, 0x01, 
	0x00, 0x01, 0x10, 0x85, 0x8c, 0x63, 0xad, 0x6b, 
	
};

Gfx INTRO_SCREEN_tile_5_2_rgba16_aligner[] = {gsSPEndDisplayList()};
u8 INTRO_SCREEN_tile_5_2_rgba16[] = {
	0xb5, 0xad, 0x9c, 0xe7, 0x18, 0xc7, 0x00, 0x01, 
	0x00, 0x01, 0x00, 0x01, 0x7b, 0xdf, 0xad, 0x6b, 
	0xad, 0x6b, 0xad, 0x6b, 0xad, 0x6b, 0xad, 0x6b, 
	0xad, 0x6b, 0xad, 0x6b, 0xad, 0x6b, 0x7b, 0xdf, 
	0x00, 0x01, 0x00, 0x01, 0x00, 0x01, 0x21, 0x09, 
	0xa5, 0x29, 0xb5, 0xab, 0xb5, 0xad, 0xad, 0x6b, 
	0xad, 0x6b, 0x8c, 0x63, 0x08, 0x43, 0x00, 0x01, 
	0x00, 0x01, 0x10, 0x85, 0x8c, 0x63, 0xad, 0x6b, 
	0xad, 0x6b, 0x9c, 0xe7, 0x18, 0xc7, 0x00, 0x01, 
	0x00, 0x01, 0x00, 0x01, 0x7b, 0xdf, 0xad, 0x6b, 
	0xad, 0x6b, 0xad, 0x6b, 0xad, 0x6b, 0xad, 0x6b, 
	0xad, 0x6b, 0xad, 0x6b, 0xad, 0x6b, 0x7b, 0xdf, 
	0x00, 0x01, 0x00, 0x01, 0x00, 0x01, 0x21, 0x09, 
	0xa5, 0x29, 0xad, 0x6b, 0xad, 0x6b, 0xad, 0x6b, 
	0xad, 0x6b, 0x8c, 0x63, 0x08, 0x43, 0x00, 0x01, 
	0x00, 0x01, 0x10, 0x85, 0x8c, 0x63, 0xad, 0x6b, 
	0xad, 0x6b, 0x9c, 0xe7, 0x18, 0xc7, 0x00, 0x01, 
	0x00, 0x01, 0x00, 0x01, 0x7b, 0xdf, 0xad, 0x6b, 
	0xad, 0x6b, 0xad, 0x6b, 0xad, 0x6b, 0xad, 0x6b, 
	0xad, 0x6b, 0xad, 0x6b, 0xad, 0x6b, 0x7b, 0xdf, 
	0x00, 0x01, 0x00, 0x01, 0x00, 0x01, 0x21, 0x09, 
	0xa5, 0x29, 0xad, 0x6b, 0xad, 0x6b, 0xad, 0x6b, 
	0xad, 0x6b, 0x84, 0x21, 0x08, 0x43, 0x00, 0x01, 
	0x00, 0x01, 0x10, 0x85, 0x8c, 0x63, 0xad, 0x6b, 
	0xad, 0x6b, 0x9c, 0xe7, 0x18, 0xc7, 0x00, 0x01, 
	0x00, 0x01, 0x00, 0x01, 0x7b, 0xdf, 0xad, 0x6b, 
	0xad, 0x6b, 0xad, 0x6b, 0xad, 0x6b, 0xad, 0x6b, 
	0xad, 0x6b, 0xad, 0x6b, 0xad, 0x6b, 0x7b, 0xdf, 
	0x00, 0x01, 0x00, 0x01, 0x00, 0x01, 0x21, 0x09, 
	0xa5, 0x29, 0xad, 0x6b, 0xad, 0x6b, 0xad, 0x6b, 
	0xad, 0x6b, 0x84, 0x21, 0x08, 0x43, 0x00, 0x01, 
	0x00, 0x01, 0x00, 0x01, 0x4a, 0x53, 0x5a, 0xd7, 
	0xad, 0x6b, 0x9c, 0xe7, 0x18, 0xc7, 0x00, 0x01, 
	0x00, 0x01, 0x00, 0x01, 0x7b, 0xdf, 0xad, 0x6b, 
	0xad, 0x6b, 0xad, 0x6b, 0xad, 0x6b, 0xad, 0x6b, 
	0xad, 0x6b, 0xad, 0x6b, 0xad, 0x6b, 0x7b, 0xdf, 
	0x00, 0x01, 0x00, 0x01, 0x00, 0x01, 0x21, 0x09, 
	0xa5, 0x29, 0xad, 0x6b, 0xad, 0x6b, 0xad, 0x6b, 
	0xad, 0x6b, 0x84, 0x21, 0x08, 0x43, 0x00, 0x01, 
	0x00, 0x01, 0x00, 0x01, 0x00, 0x01, 0x00, 0x01, 
	0xad, 0x6b, 0x94, 0xa5, 0x18, 0xc7, 0x00, 0x01, 
	0x00, 0x01, 0x00, 0x01, 0x7b, 0xdf, 0xad, 0x6b, 
	0xad, 0x6b, 0xad, 0x6b, 0xad, 0x6b, 0xad, 0x6b, 
	0xad, 0x6b, 0xad, 0x6b, 0xad, 0x6b, 0x7b, 0xdf, 
	0x00, 0x01, 0x00, 0x01, 0x00, 0x01, 0x21, 0x09, 
	0x9c, 0xe7, 0xad, 0x6b, 0xad, 0x6b, 0xad, 0x6b, 
	0xad, 0x6b, 0x84, 0x21, 0x08, 0x43, 0x00, 0x01, 
	0x00, 0x01, 0x00, 0x01, 0x00, 0x01, 0x00, 0x01, 
	0xa5, 0x29, 0x94, 0xa5, 0x18, 0xc7, 0x00, 0x01, 
	0x00, 0x01, 0x00, 0x01, 0x73, 0x9d, 0xa5, 0x29, 
	0xa5, 0x29, 0xad, 0x6b, 0xad, 0x6b, 0xa5, 0x29, 
	0xa5, 0x29, 0xa5, 0x2b, 0xa5, 0x69, 0x7b, 0xdf, 
	0x00, 0x01, 0x00, 0x01, 0x00, 0x01, 0x21, 0x09, 
	0x9c, 0xe7, 0xad, 0x6b, 0xad, 0x6b, 0xa5, 0x29, 
	0xa5, 0x29, 0x84, 0x21, 0x08, 0x43, 0x00, 0x01, 
	0x00, 0x01, 0x00, 0x01, 0x21, 0x09, 0x29, 0x4b, 
	0xa5, 0x29, 0x94, 0xa5, 0x18, 0xc7, 0x00, 0x01, 
	0x00, 0x01, 0x00, 0x01, 0x73, 0x9d, 0xa5, 0x29, 
	0xa5, 0x29, 0xa5, 0x29, 0xa5, 0x29, 0xa5, 0x29, 
	0xa5, 0x29, 0xa5, 0x29, 0xa5, 0x29, 0x73, 0x9d, 
	0x00, 0x01, 0x00, 0x01, 0x00, 0x01, 0x21, 0x09, 
	0x9c, 0xe7, 0xa5, 0x29, 0xa5, 0x29, 0xa5, 0x29, 
	0xa5, 0x29, 0x84, 0x21, 0x08, 0x43, 0x00, 0x01, 
	0x00, 0x01, 0x10, 0x85, 0x83, 0xe1, 0x9c, 0xe7, 
	0xa5, 0x29, 0x9c, 0xe7, 0x21, 0x09, 0x00, 0x01, 
	0x00, 0x01, 0x00, 0x01, 0x6b, 0x5b, 0xa5, 0x29, 
	0xa5, 0x29, 0xa5, 0x29, 0xa5, 0x29, 0xa5, 0x29, 
	0xa5, 0x29, 0xa5, 0x29, 0xa5, 0x29, 0x63, 0x19, 
	0x00, 0x01, 0x00, 0x01, 0x00, 0x01, 0x21, 0x09, 
	0x9c, 0xe7, 0xa5, 0x29, 0xa5, 0x29, 0xa5, 0x29, 
	0xa5, 0x29, 0x84, 0x21, 0x08, 0x43, 0x00, 0x01, 
	0x00, 0x01, 0x10, 0x85, 0x84, 0x21, 0xa5, 0x29, 
	0xa5, 0x29, 0x9c, 0xe7, 0x29, 0x4b, 0x00, 0x01, 
	0x00, 0x01, 0x00, 0x01, 0x42, 0x11, 0x9c, 0xe7, 
	0xa5, 0x29, 0xa5, 0x29, 0xa5, 0x29, 0xa5, 0x29, 
	0xa5, 0x29, 0xa5, 0x29, 0x9c, 0xe7, 0x31, 0x8d, 
	0x00, 0x01, 0x00, 0x01, 0x00, 0x01, 0x29, 0x4b, 
	0xa5, 0x29, 0xa5, 0x29, 0xa5, 0x29, 0xa5, 0x29, 
	0xa5, 0x29, 0x84, 0x21, 0x08, 0x43, 0x00, 0x01, 
	0x00, 0x01, 0x10, 0x85, 0x84, 0x21, 0xa5, 0x29, 
	0xa5, 0x29, 0xa5, 0x29, 0x52, 0x95, 0x00, 0x01, 
	0x00, 0x01, 0x00, 0x01, 0x10, 0x85, 0x84, 0x21, 
	0xa5, 0x29, 0xa5, 0x29, 0xa5, 0x29, 0xa5, 0x29, 
	0xa5, 0x29, 0xa5, 0x29, 0x7b, 0xdf, 0x08, 0x43, 
	0x00, 0x01, 0x00, 0x01, 0x00, 0x01, 0x63, 0x19, 
	0xa5, 0x29, 0xa5, 0x29, 0xa5, 0x29, 0xa5, 0x29, 
	0xa5, 0x29, 0x7b, 0xdf, 0x08, 0x43, 0x00, 0x01, 
	0x00, 0x01, 0x10, 0x85, 0x84, 0x21, 0xa5, 0x29, 
	0xa5, 0x29, 0xa5, 0x29, 0x7b, 0xdf, 0x10, 0x85, 
	0x00, 0x01, 0x00, 0x01, 0x00, 0x01, 0x21, 0x09, 
	0x6b, 0x5b, 0x94, 0xa5, 0x9c, 0xe7, 0x9c, 0xe7, 
	0x8c, 0x65, 0x6b, 0x5b, 0x21, 0x09, 0x00, 0x01, 
	0x00, 0x01, 0x00, 0x01, 0x10, 0x85, 0x84, 0x21, 
	0xa5, 0x29, 0xa5, 0x29, 0xa5, 0x29, 0xa5, 0x29, 
	0xa5, 0x29, 0x7b, 0xdf, 0x08, 0x43, 0x00, 0x01, 
	0x00, 0x01, 0x10, 0x85, 0x84, 0x21, 0xa5, 0x29, 
	0x9c, 0xe7, 0x9c, 0xe7, 0x9c, 0xe7, 0x52, 0x95, 
	0x00, 0x01, 0x00, 0x01, 0x00, 0x01, 0x00, 0x01, 
	0x08, 0x43, 0x18, 0xc7, 0x29, 0x4b, 0x29, 0x4b, 
	0x18, 0xc7, 0x08, 0x43, 0x00, 0x01, 0x00, 0x01, 
	0x00, 0x01, 0x00, 0x01, 0x5a, 0xd7, 0x9c, 0xe7, 
	0x9c, 0xe7, 0x9c, 0xe7, 0xa4, 0xe7, 0xa4, 0xe9, 
	0x9c, 0xe7, 0x7b, 0xdf, 0x08, 0x43, 0x00, 0x01, 
	0x00, 0x01, 0x10, 0x85, 0x84, 0x21, 0x9c, 0xe7, 
	0x9c, 0xe7, 0x9c, 0xe7, 0x9c, 0xe7, 0x94, 0xa5, 
	0x42, 0x11, 0x00, 0x01, 0x00, 0x01, 0x00, 0x01, 
	0x00, 0x01, 0x00, 0x01, 0x00, 0x01, 0x00, 0x01, 
	0x00, 0x01, 0x00, 0x01, 0x00, 0x01, 0x00, 0x01, 
	0x08, 0x43, 0x4a, 0x53, 0x94, 0xa5, 0x9c, 0xe7, 
	0x9c, 0xe7, 0x9c, 0xe7, 0x9c, 0xe7, 0x9c, 0xe7, 
	0x9c, 0xe7, 0x7b, 0xdf, 0x08, 0x43, 0x00, 0x01, 
	0x00, 0x01, 0x10, 0x85, 0x84, 0x21, 0x9c, 0xe7, 
	0x9c, 0xe7, 0x9c, 0xe7, 0x9c, 0xe7, 0x9c, 0xe7, 
	0x94, 0xa5, 0x5a, 0xd7, 0x21, 0x09, 0x00, 0x01, 
	0x00, 0x01, 0x00, 0x01, 0x00, 0x01, 0x00, 0x01, 
	0x00, 0x01, 0x00, 0x01, 0x08, 0x43, 0x29, 0x4b, 
	0x6b, 0x5b, 0x94, 0xa5, 0x9c, 0xe7, 0x9c, 0xe7, 
	0x9c, 0xe7, 0x9c, 0xe7, 0x9c, 0xe7, 0x9c, 0xe7, 
	0x9c, 0xe7, 0x7b, 0xdf, 0x08, 0x43, 0x00, 0x01, 
	0x00, 0x01, 0x10, 0x85, 0x83, 0xe1, 0x9c, 0xe7, 
	0x9c, 0xe7, 0x9c, 0xe7, 0x9c, 0xe7, 0x9c, 0xe7, 
	0x9c, 0xe7, 0x9c, 0xe7, 0x8c, 0x63, 0x73, 0x9d, 
	0x52, 0x95, 0x42, 0x11, 0x39, 0xcf, 0x39, 0xcf, 
	0x4a, 0x53, 0x5a, 0xd7, 0x73, 0x9d, 0x8c, 0x63, 
	0x9c, 0xe7, 0x9c, 0xe7, 0x9c, 0xe7, 0x9c, 0xe7, 
	0x9c, 0xe7, 0x9c, 0xe7, 0x9c, 0xe7, 0x9c, 0xe7, 
	0x9c, 0xe7, 0x84, 0x21, 0x63, 0x19, 0x63, 0x19, 
	0x63, 0x19, 0x63, 0x19, 0x8c, 0x63, 0x9c, 0xe7, 
	0x9c, 0xe7, 0x9c, 0xe7, 0x9c, 0xe7, 0x9c, 0xe7, 
	0x9c, 0xe7, 0x9c, 0xe7, 0x9c, 0xe7, 0x9c, 0xe7, 
	0x9c, 0xe7, 0x9c, 0xe7, 0x94, 0xe7, 0x94, 0xa5, 
	0x9c, 0xe7, 0x9c, 0xe7, 0x9c, 0xe7, 0x9c, 0xe7, 
	0x9c, 0xe7, 0x9c, 0xe7, 0x9c, 0xe7, 0x9c, 0xe7, 
	0x9c, 0xe7, 0x9c, 0xe7, 0x9c, 0xe7, 0x9c, 0xe7, 
	0x9c, 0xe7, 0x9c, 0xe7, 0x9c, 0xe7, 0x9c, 0xe7, 
	0x9c, 0xe7, 0x9c, 0xe7, 0x9c, 0xe7, 0x9c, 0xe7, 
	0x9c, 0xe7, 0x9c, 0xe7, 0x9c, 0xe7, 0x9c, 0xe7, 
	0x9c, 0xe7, 0x9c, 0xe7, 0x9c, 0xe7, 0x9c, 0xe7, 
	0x9c, 0xe7, 0x9c, 0xe7, 0x9c, 0xe7, 0x9c, 0xe7, 
	0x9c, 0xe7, 0x9c, 0xe7, 0x9c, 0xe7, 0x9c, 0xe7, 
	0x9c, 0xe7, 0x9c, 0xe7, 0x9c, 0xe7, 0x9c, 0xe7, 
	0x9c, 0xe7, 0x9c, 0xe7, 0x9c, 0xe7, 0x9c, 0xe7, 
	0x94, 0xe7, 0x94, 0xe5, 0x94, 0xe5, 0x9c, 0xe7, 
	0x9c, 0xe7, 0x9c, 0xe7, 0x9c, 0xe7, 0x9c, 0xe7, 
	0x94, 0xa5, 0x94, 0xa5, 0x94, 0xa5, 0x94, 0xa5, 
	0x9c, 0xe7, 0x9c, 0xe7, 0x9c, 0xe7, 0x9c, 0xe7, 
	0x9c, 0xe7, 0x9c, 0xe7, 0x9c, 0xe7, 0x9c, 0xe7, 
	0x9c, 0xe7, 0x9c, 0xa7, 0x9c, 0xe7, 0x94, 0xa5, 
	0x94, 0xa5, 0x94, 0xa5, 0x9c, 0xe7, 0x94, 0xe5, 
	0x94, 0xa5, 0x94, 0xa7, 0x94, 0xa5, 0x94, 0xa5, 
	0x94, 0xa5, 0x94, 0xa5, 0x94, 0xa5, 0x94, 0xa5, 
	0x94, 0xa5, 0x94, 0xa5, 0x9c, 0xe7, 0x9c, 0xe7, 
	0x94, 0xa5, 0x94, 0xa5, 0x94, 0xa5, 0x94, 0xa5, 
	0x94, 0xa5, 0x94, 0xa5, 0x94, 0xa5, 0x9c, 0xe7, 
	0x9c, 0xe7, 0x94, 0xa5, 0x94, 0xe7, 0x9c, 0xe7, 
	0x94, 0xa5, 0x94, 0xa5, 0x94, 0xa5, 0x94, 0xa5, 
	0x94, 0xa5, 0x94, 0xa5, 0x94, 0xa5, 0x94, 0xa5, 
	0x94, 0xa5, 0x94, 0xa5, 0x94, 0xa5, 0x94, 0xa5, 
	0x94, 0xa5, 0x94, 0xa5, 0x94, 0xa5, 0x94, 0xa5, 
	0x94, 0xa5, 0x94, 0xa5, 0x94, 0xa5, 0x94, 0xa5, 
	0x94, 0xa5, 0x94, 0xa5, 0x94, 0xa5, 0x94, 0xa5, 
	0x94, 0xa5, 0x94, 0xa5, 0x94, 0xa5, 0x94, 0xa5, 
	0x94, 0xa5, 0x94, 0xa5, 0x94, 0xa5, 0x94, 0xa5, 
	0x94, 0xa5, 0x94, 0xa5, 0x94, 0xa5, 0x94, 0xa5, 
	0x94, 0xa5, 0x94, 0xa5, 0x94, 0xa5, 0x94, 0xa5, 
	0x94, 0xa5, 0x94, 0xa5, 0x94, 0xa5, 0x94, 0xa5, 
	0x94, 0xa5, 0x94, 0xa5, 0x94, 0xa5, 0x94, 0xa5, 
	0x94, 0xa5, 0x94, 0xa5, 0x94, 0xa5, 0x94, 0xa5, 
	0x94, 0xa5, 0x94, 0xa5, 0x94, 0xa5, 0x94, 0xa5, 
	0x94, 0xa5, 0x94, 0xa5, 0x94, 0xa5, 0x94, 0xa5, 
	0x94, 0xa5, 0x94, 0xa5, 0x94, 0xa5, 0x94, 0xa5, 
	0x94, 0xa5, 0x94, 0xa5, 0x94, 0xa5, 0x94, 0xa5, 
	0x94, 0xa5, 0x94, 0xa5, 0x94, 0xa5, 0x94, 0xa5, 
	0x94, 0xa5, 0x94, 0xa5, 0x94, 0xa5, 0x94, 0xa5, 
	0x94, 0xa5, 0x94, 0xa5, 0x94, 0xa5, 0x94, 0xa5, 
	0x94, 0xa5, 0x94, 0xa5, 0x94, 0xa5, 0x94, 0xa5, 
	0x94, 0xa5, 0x94, 0xa5, 0x94, 0xa5, 0x94, 0xa5, 
	0x94, 0xa5, 0x94, 0xa5, 0x94, 0xa5, 0x94, 0xa5, 
	0x94, 0xa5, 0x94, 0xa5, 0x94, 0xa5, 0x94, 0xa5, 
	0x94, 0xa5, 0x94, 0xa5, 0x94, 0xa5, 0x94, 0xa5, 
	0x94, 0xa5, 0x94, 0xa5, 0x94, 0xa5, 0x94, 0xa5, 
	0x94, 0xa5, 0x94, 0xa5, 0x94, 0xa5, 0x94, 0xa5, 
	0x94, 0xa5, 0x94, 0xa5, 0x94, 0xa5, 0x94, 0xa5, 
	0x94, 0xa5, 0x94, 0xa5, 0x94, 0xa5, 0x94, 0xa5, 
	0x94, 0xa5, 0x94, 0xa5, 0x94, 0xa5, 0x94, 0xa5, 
	0x94, 0xa5, 0x94, 0xa5, 0x94, 0xa5, 0x94, 0xa5, 
	0x94, 0xa5, 0x94, 0xa5, 0x94, 0xa5, 0x94, 0xa5, 
	0x94, 0xa5, 0x94, 0xa5, 0x94, 0xa5, 0x94, 0xa5, 
	0x94, 0xa5, 0x94, 0xa5, 0x94, 0xa5, 0x94, 0xa5, 
	0x94, 0xa5, 0x94, 0xa5, 0x94, 0xa5, 0x94, 0xa5, 
	0x94, 0xa5, 0x94, 0xa5, 0x94, 0xa5, 0x94, 0xa5, 
	0x94, 0xa5, 0x94, 0xa5, 0x94, 0xa5, 0x94, 0xa5, 
	0x94, 0xa5, 0x94, 0xa5, 0x94, 0xa5, 0x94, 0xa5, 
	0x94, 0xa5, 0x94, 0xa5, 0x94, 0xa5, 0x94, 0xa5, 
	0x94, 0xa5, 0x94, 0xa5, 0x94, 0xa5, 0x94, 0xa5, 
	0x94, 0xa5, 0x94, 0xa5, 0x94, 0xa5, 0x94, 0xa5, 
	0x94, 0xa5, 0x94, 0xa5, 0x94, 0xa5, 0x94, 0xa5, 
	0x94, 0xa5, 0x94, 0xa5, 0x94, 0xa5, 0x94, 0xa5, 
	0x94, 0xa5, 0x94, 0xa5, 0x94, 0xa5, 0x94, 0xa5, 
	0x94, 0xa5, 0x94, 0xa5, 0x94, 0xa5, 0x94, 0xa5, 
	0x8c, 0x63, 0x8c, 0x63, 0x8c, 0x63, 0x8c, 0x63, 
	0x8c, 0x63, 0x8c, 0x63, 0x94, 0xa3, 0x94, 0xa5, 
	0x94, 0xa5, 0x94, 0xa5, 0x94, 0xa5, 0x94, 0xa5, 
	0x94, 0xa5, 0x8c, 0x63, 0x8c, 0x63, 0x8c, 0x63, 
	0x8c, 0x63, 0x8c, 0x63, 0x94, 0xa3, 0x8c, 0x63, 
	0x8c, 0x63, 0x8c, 0x63, 0x8c, 0xa5, 0x94, 0xa5, 
	0x8c, 0x63, 0x8c, 0x63, 0x8c, 0x63, 0x8c, 0x63, 
	0x94, 0xa5, 0x94, 0xa5, 0x94, 0xa5, 0x94, 0xa3, 
	0x8c, 0x63, 0x8c, 0x63, 0x8c, 0x63, 0x8c, 0x63, 
	0x8c, 0x63, 0x8c, 0x63, 0x8c, 0x63, 0x8c, 0x63, 
	0x94, 0xa5, 0x8c, 0x63, 0x94, 0xa5, 0x94, 0xa5, 
	0x8c, 0x63, 0x8c, 0x63, 0x8c, 0x63, 0x8c, 0x63, 
	0x8c, 0x63, 0x8c, 0x63, 0x8c, 0x63, 0x8c, 0x63, 
	0x8c, 0x63, 0x8c, 0x63, 0x8c, 0x63, 0x8c, 0x63, 
	0x8c, 0x63, 0x8c, 0x63, 0x8c, 0x63, 0x8c, 0x63, 
	0x8c, 0x63, 0x8c, 0x63, 0x8c, 0x63, 0x8c, 0x63, 
	0x8c, 0x63, 0x8c, 0x63, 0x8c, 0x63, 0x8c, 0x63, 
	0x8c, 0x63, 0x8c, 0x63, 0x8c, 0x63, 0x8c, 0x63, 
	0x8c, 0x63, 0x8c, 0x63, 0x8c, 0x63, 0x8c, 0x63, 
	0x8c, 0x63, 0x8c, 0x63, 0x8c, 0x63, 0x8c, 0x63, 
	0x8c, 0x63, 0x8c, 0x63, 0x8c, 0x63, 0x8c, 0x63, 
	0x8c, 0x63, 0x8c, 0x63, 0x8c, 0x63, 0x8c, 0x63, 
	0x8c, 0x63, 0x8c, 0x63, 0x8c, 0x63, 0x8c, 0x63, 
	0x8c, 0x63, 0x8c, 0x63, 0x8c, 0x63, 0x8c, 0x63, 
	0x8c, 0x63, 0x8c, 0x63, 0x8c, 0x63, 0x8c, 0x63, 
	0x8c, 0x63, 0x8c, 0x63, 0x8c, 0x63, 0x8c, 0x63, 
	0x8c, 0x63, 0x8c, 0x63, 0x8c, 0x63, 0x8c, 0x63, 
	0x8c, 0x63, 0x8c, 0x63, 0x8c, 0x63, 0x8c, 0x63, 
	0x8c, 0x63, 0x8c, 0x63, 0x8c, 0x63, 0x8c, 0x63, 
	0x8c, 0x63, 0x8c, 0x63, 0x8c, 0x63, 0x8c, 0x63, 
	0x8c, 0x63, 0x8c, 0x63, 0x8c, 0x63, 0x8c, 0x63, 
	0x8c, 0x63, 0x8c, 0x63, 0x8c, 0x63, 0x8c, 0x63, 
	0x8c, 0x63, 0x8c, 0x63, 0x8c, 0x63, 0x8c, 0x63, 
	0x8c, 0x63, 0x8c, 0x63, 0x8c, 0x63, 0x8c, 0x63, 
	0x8c, 0x63, 0x8c, 0x63, 0x8c, 0x63, 0x8c, 0x63, 
	0x8c, 0x63, 0x84, 0x21, 0x84, 0x21, 0x84, 0x21, 
	0x84, 0x21, 0x84, 0x21, 0x84, 0x21, 0x84, 0x21, 
	0x8c, 0x61, 0x84, 0x21, 0x8c, 0x63, 0x8c, 0x63, 
	0x8c, 0x63, 0x8c, 0x63, 0x8c, 0x63, 0x8c, 0x63, 
	0x8c, 0x63, 0x8c, 0x63, 0x8c, 0x63, 0x8c, 0x63, 
	0x8c, 0x63, 0x8c, 0x63, 0x8c, 0x63, 0x8c, 0x63, 
	0x8c, 0x63, 0x8c, 0x63, 0x8c, 0x63, 0x8c, 0x63, 
	0x8c, 0x63, 0x8c, 0x63, 0x8c, 0x63, 0x8c, 0x63, 
	0x6b, 0x5b, 0x63, 0x19, 0x63, 0x19, 0x63, 0x19, 
	0x63, 0x19, 0x63, 0x19, 0x63, 0x19, 0x63, 0x19, 
	0x63, 0x19, 0x63, 0x19, 0x84, 0x21, 0x8c, 0x63, 
	0x8c, 0x63, 0x8c, 0x63, 0x8c, 0x63, 0x8c, 0x63, 
	0x8c, 0x63, 0x8c, 0x63, 0x8c, 0x63, 0x8c, 0x63, 
	0x84, 0x21, 0x84, 0x21, 0x8c, 0x63, 0x8c, 0x63, 
	0x84, 0x21, 0x8c, 0x63, 0x8c, 0x63, 0x8c, 0x63, 
	0x8c, 0x63, 0x8c, 0x63, 0x8c, 0x63, 0x7b, 0xdf, 
	0x63, 0x19, 0x63, 0x19, 0x63, 0x19, 0x63, 0x19, 
	0x63, 0x19, 0x63, 0x19, 0x63, 0x19, 0x63, 0x19, 
	0x63, 0x19, 0x63, 0x19, 0x84, 0x21, 0x84, 0x21, 
	0x84, 0x21, 0x8c, 0x63, 0x8c, 0x63, 0x8c, 0x63, 
	0x8c, 0x63, 0x8c, 0x63, 0x8c, 0x63, 0x8c, 0x63, 
	
};

Gfx INTRO_SCREEN_tile_5_3_rgba16_aligner[] = {gsSPEndDisplayList()};
u8 INTRO_SCREEN_tile_5_3_rgba16[] = {
	0x8c, 0x63, 0x8c, 0x63, 0x8c, 0x63, 0x8c, 0x63, 
	0x8c, 0x63, 0x8c, 0x63, 0x8c, 0x63, 0x8c, 0x63, 
	0x8c, 0x63, 0x8c, 0x63, 0x8c, 0x63, 0x8c, 0x63, 
	0x6b, 0x5b, 0x63, 0x19, 0x63, 0x19, 0x63, 0x19, 
	0x63, 0x19, 0x63, 0x19, 0x63, 0x19, 0x63, 0x19, 
	0x63, 0x19, 0x63, 0x19, 0x84, 0x21, 0x8c, 0x63, 
	0x8c, 0x63, 0x8c, 0x63, 0x8c, 0x63, 0x8c, 0x63, 
	0x8c, 0x63, 0x8c, 0x63, 0x8c, 0x63, 0x8c, 0x63, 
	0x84, 0x21, 0x84, 0x21, 0x8c, 0x63, 0x8c, 0x63, 
	0x84, 0x21, 0x8c, 0x63, 0x8c, 0x63, 0x8c, 0x63, 
	0x8c, 0x63, 0x8c, 0x63, 0x8c, 0x63, 0x7b, 0xdf, 
	0x63, 0x19, 0x63, 0x19, 0x63, 0x19, 0x63, 0x19, 
	0x63, 0x19, 0x63, 0x19, 0x63, 0x19, 0x63, 0x19, 
	0x63, 0x19, 0x63, 0x19, 0x84, 0x21, 0x84, 0x21, 
	0x84, 0x21, 0x8c, 0x63, 0x8c, 0x63, 0x8c, 0x63, 
	0x8c, 0x63, 0x8c, 0x63, 0x8c, 0x63, 0x8c, 0x63, 
	0x84, 0x21, 0x84, 0x21, 0x84, 0x21, 0x84, 0x21, 
	0x84, 0x21, 0x84, 0x21, 0x84, 0x21, 0x8c, 0x63, 
	0x8c, 0x63, 0x8c, 0x63, 0x84, 0x21, 0x73, 0x9d, 
	0x63, 0x19, 0x63, 0x19, 0x63, 0x19, 0x63, 0x19, 
	0x63, 0x5b, 0x6b, 0x5b, 0x6b, 0x5b, 0x6b, 0x5b, 
	0x6b, 0x5b, 0x6b, 0x5b, 0x84, 0x21, 0x84, 0x21, 
	0x84, 0x21, 0x84, 0x21, 0x84, 0x21, 0x84, 0x21, 
	0x84, 0x21, 0x84, 0x21, 0x84, 0x21, 0x84, 0x21, 
	0x84, 0x21, 0x84, 0x21, 0x84, 0x21, 0x84, 0x21, 
	0x84, 0x21, 0x84, 0x21, 0x84, 0x21, 0x84, 0x21, 
	0x84, 0x21, 0x84, 0x21, 0x7b, 0xdf, 0x6b, 0x5b, 
	0x63, 0x19, 0x63, 0x19, 0x63, 0x19, 0x63, 0x19, 
	0x63, 0x19, 0x63, 0x19, 0x63, 0x19, 0x63, 0x19, 
	0x63, 0x19, 0x63, 0x59, 0x84, 0x21, 0x84, 0x21, 
	0x84, 0x21, 0x84, 0x21, 0x84, 0x21, 0x84, 0x21, 
	0x84, 0x21, 0x84, 0x21, 0x84, 0x21, 0x84, 0x21, 
	0x84, 0x21, 0x84, 0x21, 0x84, 0x21, 0x84, 0x21, 
	0x84, 0x21, 0x84, 0x21, 0x84, 0x21, 0x84, 0x21, 
	0x84, 0x21, 0x84, 0x21, 0x6b, 0x5b, 0x63, 0x19, 
	0x63, 0x19, 0x63, 0x19, 0x63, 0x19, 0x63, 0x19, 
	0x63, 0x19, 0x63, 0x19, 0x63, 0x19, 0x63, 0x19, 
	0x63, 0x19, 0x63, 0x19, 0x7b, 0xdf, 0x84, 0x21, 
	0x84, 0x21, 0x84, 0x21, 0x84, 0x21, 0x84, 0x21, 
	0x84, 0x21, 0x84, 0x21, 0x84, 0x21, 0x84, 0x21, 
	0x84, 0x21, 0x84, 0x21, 0x84, 0x21, 0x84, 0x21, 
	0x84, 0x21, 0x84, 0x21, 0x84, 0x21, 0x84, 0x21, 
	0x84, 0x21, 0x7b, 0xdf, 0x63, 0x19, 0x63, 0x19, 
	0x62, 0xd7, 0x5a, 0xd7, 0x63, 0x19, 0x73, 0x9d, 
	0x63, 0x19, 0x5a, 0xd7, 0x5a, 0xd7, 0x5a, 0xd7, 
	0x5a, 0xd7, 0x63, 0x19, 0x7b, 0xdf, 0x84, 0x21, 
	0x84, 0x21, 0x84, 0x21, 0x84, 0x21, 0x84, 0x21, 
	0x84, 0x21, 0x84, 0x21, 0x84, 0x21, 0x84, 0x21, 
	0x84, 0x21, 0x84, 0x21, 0x84, 0x21, 0x84, 0x21, 
	0x84, 0x21, 0x84, 0x21, 0x84, 0x21, 0x84, 0x21, 
	0x84, 0x21, 0x6b, 0x5b, 0x5a, 0xd7, 0x5a, 0xd7, 
	0x5a, 0xd7, 0x5a, 0xd7, 0x63, 0x19, 0x73, 0x9d, 
	0x5a, 0xd7, 0x5a, 0xd7, 0x5a, 0xd7, 0x5a, 0xd7, 
	0x5a, 0xd7, 0x5a, 0xd7, 0x7b, 0xdf, 0x84, 0x21, 
	0x84, 0x21, 0x84, 0x21, 0x84, 0x21, 0x84, 0x21, 
	0x84, 0x21, 0x84, 0x21, 0x84, 0x21, 0x84, 0x21, 
	0x84, 0x21, 0x84, 0x21, 0x84, 0x21, 0x84, 0x21, 
	0x84, 0x21, 0x84, 0x21, 0x84, 0x21, 0x84, 0x21, 
	0x73, 0x9d, 0x52, 0x95, 0x52, 0x95, 0x52, 0x95, 
	0x52, 0x95, 0x52, 0x95, 0x73, 0x9d, 0x73, 0x9d, 
	0x52, 0x95, 0x52, 0x95, 0x52, 0x95, 0x52, 0x95, 
	0x52, 0x95, 0x52, 0x95, 0x7b, 0xdf, 0x84, 0x21, 
	0x84, 0x21, 0x84, 0x21, 0x84, 0x21, 0x84, 0x21, 
	0x84, 0x21, 0x84, 0x21, 0x84, 0x21, 0x84, 0x21, 
	0x7b, 0xdf, 0x84, 0x21, 0x7b, 0xdf, 0x84, 0x21, 
	0x84, 0x21, 0x84, 0x21, 0x84, 0x21, 0x7b, 0xdf, 
	0x5a, 0xd7, 0x4a, 0x53, 0x4a, 0x53, 0x4a, 0x53, 
	0x4a, 0x53, 0x5a, 0xd7, 0x7b, 0xdf, 0x6b, 0x5b, 
	0x4a, 0x53, 0x4a, 0x53, 0x4a, 0x53, 0x4a, 0x53, 
	0x4a, 0x53, 0x4a, 0x53, 0x7b, 0xdf, 0x7b, 0xdf, 
	0x84, 0x21, 0x84, 0x21, 0x84, 0x21, 0x84, 0x21, 
	0x84, 0x21, 0x84, 0x21, 0x84, 0x21, 0x84, 0x21, 
	0x6b, 0x5b, 0x84, 0x21, 0x7b, 0xdf, 0x7b, 0xdf, 
	0x7b, 0xdf, 0x84, 0x1f, 0x7b, 0xdf, 0x73, 0x9d, 
	0x42, 0x11, 0x42, 0x11, 0x42, 0x11, 0x42, 0x11, 
	0x42, 0x11, 0x6b, 0x5b, 0x7b, 0xdf, 0x6b, 0x5b, 
	0x42, 0x11, 0x39, 0xd1, 0x39, 0xcf, 0x39, 0xcf, 
	0x39, 0xcf, 0x42, 0x11, 0x73, 0x9d, 0x7b, 0xdf, 
	0x7b, 0xdf, 0x7b, 0xdf, 0x7b, 0xdf, 0x7b, 0xdf, 
	0x7b, 0xdf, 0x7b, 0xdf, 0x84, 0x21, 0x84, 0x21, 
	0x4a, 0x53, 0x7b, 0xdf, 0x7b, 0xdf, 0x7b, 0xdf, 
	0x7b, 0xdf, 0x7b, 0xdf, 0x7b, 0xdf, 0x52, 0x95, 
	0x39, 0xcf, 0x39, 0xcf, 0x39, 0xcf, 0x39, 0xcf, 
	0x4a, 0x53, 0x7b, 0xdf, 0x7b, 0xdf, 0x63, 0x19, 
	0x39, 0xcf, 0x39, 0xcf, 0x39, 0xcf, 0x39, 0xcf, 
	0x39, 0xcf, 0x39, 0xcf, 0x73, 0x9d, 0x7b, 0xdf, 
	0x7b, 0xdf, 0x7b, 0xdf, 0x7b, 0xdf, 0x7b, 0xdf, 
	0x7b, 0xdf, 0x7b, 0xdf, 0x7b, 0xdf, 0x7b, 0xdf, 
	0x39, 0xcf, 0x6b, 0x5b, 0x7b, 0xdf, 0x7b, 0xdf, 
	0x83, 0xdf, 0x84, 0x21, 0x73, 0x9d, 0x42, 0x11, 
	0x39, 0xcf, 0x39, 0xcf, 0x39, 0xcf, 0x39, 0xcf, 
	0x6b, 0x5b, 0x7b, 0xdf, 0x7b, 0xdf, 0x63, 0x19, 
	0x39, 0xcf, 0x39, 0xcf, 0x39, 0xcf, 0x39, 0xcf, 
	0x39, 0xcf, 0x39, 0xcf, 0x73, 0x9d, 0x7b, 0xdf, 
	0x7b, 0xdf, 0x7b, 0xdf, 0x7b, 0xdf, 0x7b, 0xdf, 
	0x7b, 0xdf, 0x7b, 0xdf, 0x7b, 0xdf, 0x7b, 0xdf, 
	0x39, 0xcf, 0x52, 0x95, 0x7b, 0xdf, 0x7b, 0xdf, 
	0x7b, 0xdf, 0x7b, 0xdf, 0x5a, 0xd7, 0x39, 0xcf, 
	0x39, 0xcf, 0x39, 0xcf, 0x39, 0xcf, 0x4a, 0x53, 
	0x7b, 0xdf, 0x7b, 0xdf, 0x7b, 0xdf, 0x63, 0x19, 
	0x39, 0xcf, 0x39, 0xcf, 0x39, 0xcf, 0x39, 0xcf, 
	0x39, 0xcf, 0x39, 0xcf, 0x73, 0x9d, 0x7b, 0xdf, 
	0x7b, 0xdf, 0x7b, 0xdf, 0x7b, 0xdf, 0x7b, 0xdf, 
	0x7b, 0xdf, 0x7b, 0xdf, 0x7b, 0xdf, 0x63, 0x19, 
	0x39, 0xcf, 0x42, 0x11, 0x6b, 0x5b, 0x7b, 0xdf, 
	0x7b, 0xdf, 0x73, 0x9d, 0x42, 0x11, 0x42, 0x11, 
	0x39, 0xcf, 0x39, 0xcf, 0x42, 0x11, 0x6b, 0x5b, 
	0x7b, 0xdf, 0x7b, 0xdf, 0x7b, 0xdf, 0x63, 0x19, 
	0x39, 0xcf, 0x39, 0xcf, 0x39, 0xcf, 0x39, 0xcf, 
	0x39, 0xcf, 0x41, 0xd1, 0x73, 0x9d, 0x7b, 0xdf, 
	0x7b, 0xdf, 0x7b, 0xdf, 0x7b, 0xdf, 0x7b, 0xdf, 
	0x7b, 0xdf, 0x7b, 0xdf, 0x73, 0x9d, 0x4a, 0x53, 
	0x42, 0x11, 0x42, 0x11, 0x52, 0x95, 0x7b, 0xdf, 
	0x7b, 0xdf, 0x5a, 0xd7, 0x42, 0x11, 0x42, 0x11, 
	0x42, 0x11, 0x42, 0x11, 0x4a, 0x53, 0x7b, 0xdf, 
	0x7b, 0xdf, 0x7b, 0xdf, 0x7b, 0xdf, 0x63, 0x19, 
	0x39, 0xcf, 0x39, 0xcf, 0x39, 0xcf, 0x39, 0xcf, 
	0x39, 0xcf, 0x42, 0x11, 0x73, 0x9d, 0x73, 0x9d, 
	0x73, 0x9d, 0x73, 0x9d, 0x73, 0x9d, 0x73, 0x9d, 
	0x73, 0x9d, 0x73, 0x9d, 0x63, 0x19, 0x39, 0xcf, 
	0x3a, 0x0f, 0x42, 0x11, 0x42, 0x11, 0x6b, 0x5b, 
	0x6b, 0x5b, 0x42, 0x11, 0x42, 0x11, 0x42, 0x11, 
	0x42, 0x11, 0x42, 0x11, 0x6b, 0x5b, 0x7b, 0xdf, 
	0x7b, 0xdf, 0x7b, 0xdf, 0x73, 0x9d, 0x63, 0x19, 
	0x39, 0xcf, 0x39, 0xcf, 0x39, 0xcf, 0x39, 0xcf, 
	0x39, 0xcf, 0x42, 0x11, 0x6b, 0x5b, 0x73, 0x9d, 
	0x73, 0x9d, 0x73, 0x9d, 0x73, 0x9d, 0x73, 0x9d, 
	0x73, 0x9d, 0x73, 0x9d, 0x42, 0x11, 0x39, 0xcf, 
	0x42, 0x11, 0x42, 0x11, 0x39, 0xd1, 0x52, 0x95, 
	0x52, 0x95, 0x42, 0x11, 0x42, 0x11, 0x42, 0x11, 
	0x42, 0x11, 0x4a, 0x53, 0x73, 0x9d, 0x7b, 0xdf, 
	0x7b, 0xdf, 0x73, 0x9d, 0x73, 0x9d, 0x63, 0x19, 
	0x39, 0xcf, 0x39, 0xcf, 0x39, 0xcf, 0x39, 0xcf, 
	0x39, 0xcf, 0x42, 0x11, 0x6b, 0x5b, 0x73, 0x9d, 
	0x73, 0x9d, 0x73, 0x9d, 0x73, 0x9d, 0x73, 0x9d, 
	0x73, 0x9d, 0x5a, 0xd7, 0x39, 0xcf, 0x39, 0xcf, 
	0x3a, 0x0f, 0x42, 0x11, 0x39, 0xcf, 0x3a, 0x0f, 
	0x42, 0x11, 0x42, 0x11, 0x39, 0xcf, 0x39, 0xcf, 
	0x42, 0x11, 0x63, 0x19, 0x73, 0x9d, 0x73, 0x9d, 
	0x73, 0x9d, 0x73, 0x9d, 0x73, 0x9d, 0x5a, 0xd7, 
	0x39, 0xcf, 0x39, 0xcf, 0x39, 0xcf, 0x39, 0xcf, 
	0x39, 0xcf, 0x39, 0xcf, 0x6b, 0x5b, 0x73, 0x9d, 
	0x73, 0x9d, 0x73, 0x9d, 0x73, 0x9d, 0x73, 0x9d, 
	0x6b, 0x5b, 0x42, 0x11, 0x39, 0xcf, 0x39, 0xcf, 
	0x39, 0xcf, 0x39, 0xcf, 0x39, 0xcf, 0x39, 0xcf, 
	0x39, 0xcf, 0x39, 0xcf, 0x39, 0xcf, 0x39, 0xcf, 
	0x4a, 0x53, 0x73, 0x9d, 0x73, 0x9d, 0x73, 0x9d, 
	0x73, 0x9d, 0x73, 0x9d, 0x73, 0x9d, 0x5a, 0xd7, 
	0x39, 0xcf, 0x39, 0xcf, 0x39, 0xcf, 0x39, 0xcf, 
	0x39, 0xcf, 0x39, 0xcf, 0x6b, 0x5b, 0x73, 0x9d, 
	0x73, 0x9d, 0x73, 0x9d, 0x73, 0x9d, 0x73, 0x9d, 
	0x52, 0x95, 0x39, 0xcf, 0x39, 0xcf, 0x39, 0xcf, 
	0x39, 0xcf, 0x39, 0xcf, 0x39, 0xcf, 0x39, 0xcf, 
	0x39, 0xcf, 0x39, 0xcf, 0x39, 0xcf, 0x39, 0xcf, 
	0x63, 0x19, 0x73, 0x9d, 0x73, 0x9d, 0x73, 0x9d, 
	0x73, 0x9d, 0x73, 0x9d, 0x73, 0x9d, 0x5a, 0xd7, 
	0x39, 0xcf, 0x39, 0xcf, 0x39, 0xcf, 0x39, 0xcf, 
	0x39, 0xcf, 0x39, 0xcf, 0x6b, 0x5b, 0x73, 0x9d, 
	0x73, 0x9d, 0x6b, 0x5b, 0x6b, 0x5b, 0x6b, 0x5b, 
	0x39, 0xcf, 0x31, 0x8d, 0x31, 0x8d, 0x39, 0xcf, 
	0x31, 0x8d, 0x31, 0x8d, 0x31, 0x8d, 0x31, 0x8d, 
	0x31, 0x8d, 0x31, 0x8d, 0x31, 0x8d, 0x42, 0x11, 
	0x6b, 0x5b, 0x73, 0x9d, 0x73, 0x9d, 0x73, 0x9d, 
	0x73, 0x9d, 0x73, 0x9d, 0x73, 0x9d, 0x5a, 0xd7, 
	0x31, 0x8d, 0x31, 0x8d, 0x31, 0x8d, 0x31, 0x8d, 
	0x31, 0x8d, 0x39, 0xcf, 0x6b, 0x5b, 0x6b, 0x5b, 
	0x6b, 0x5b, 0x6b, 0x5b, 0x6b, 0x5b, 0x4a, 0x53, 
	0x31, 0x8d, 0x31, 0x8d, 0x31, 0x8d, 0x31, 0x8d, 
	0x42, 0x11, 0x31, 0x8d, 0x31, 0x8d, 0x31, 0x8d, 
	0x31, 0x8d, 0x31, 0x8d, 0x31, 0x8d, 0x5a, 0xd7, 
	0x6b, 0x5b, 0x6b, 0x5b, 0x6b, 0x5b, 0x6b, 0x5b, 
	0x6b, 0x5b, 0x6b, 0x5b, 0x6b, 0x5b, 0x5a, 0xd7, 
	0x31, 0x8d, 0x31, 0x8d, 0x31, 0x8d, 0x31, 0x8d, 
	0x31, 0x8d, 0x31, 0x8d, 0x63, 0x5b, 0x6b, 0x5b, 
	0x6b, 0x5b, 0x6b, 0x5b, 0x63, 0x19, 0x31, 0x8d, 
	0x31, 0x8d, 0x31, 0x8d, 0x31, 0x8d, 0x31, 0x8d, 
	0x63, 0x19, 0x63, 0x19, 0x63, 0x19, 0x63, 0x19, 
	0x63, 0x19, 0x63, 0x19, 0x63, 0x19, 0x6b, 0x5b, 
	0x6b, 0x5b, 0x6b, 0x5b, 0x6b, 0x5b, 0x6b, 0x5b, 
	0x6b, 0x5b, 0x6b, 0x5b, 0x6b, 0x5b, 0x6b, 0x5b, 
	0x63, 0x19, 0x63, 0x19, 0x63, 0x19, 0x63, 0x19, 
	0x63, 0x19, 0x63, 0x19, 0x6b, 0x5b, 0x6b, 0x5b, 
	0x6b, 0x5b, 0x6b, 0x5b, 0x63, 0x19, 0x63, 0x19, 
	0x63, 0x19, 0x63, 0x19, 0x63, 0x19, 0x63, 0x19, 
	0x6b, 0x5b, 0x6b, 0x5b, 0x6b, 0x5b, 0x6b, 0x5b, 
	0x6b, 0x5b, 0x6b, 0x5b, 0x6b, 0x5b, 0x6b, 0x5b, 
	0x6b, 0x5b, 0x6b, 0x5b, 0x6b, 0x5b, 0x6b, 0x5b, 
	0x6b, 0x5b, 0x6b, 0x5b, 0x6b, 0x5b, 0x6b, 0x5b, 
	0x6b, 0x5b, 0x6b, 0x5b, 0x6b, 0x5b, 0x6b, 0x5b, 
	0x6b, 0x5b, 0x6b, 0x5b, 0x6b, 0x5b, 0x6b, 0x5b, 
	0x6b, 0x5b, 0x6b, 0x5b, 0x6b, 0x5b, 0x6b, 0x5b, 
	0x6b, 0x5b, 0x6b, 0x5b, 0x6b, 0x5b, 0x6b, 0x5b, 
	0x6b, 0x5b, 0x6b, 0x5b, 0x6b, 0x5b, 0x6b, 0x5b, 
	0x6b, 0x5b, 0x6b, 0x5b, 0x6b, 0x5b, 0x6b, 0x5b, 
	0x6b, 0x5b, 0x6b, 0x5b, 0x6b, 0x5b, 0x6b, 0x5b, 
	0x6b, 0x5b, 0x6b, 0x5b, 0x6b, 0x5b, 0x6b, 0x5b, 
	0x6b, 0x5b, 0x6b, 0x5b, 0x6b, 0x5b, 0x6b, 0x5b, 
	0x6b, 0x5b, 0x6b, 0x5b, 0x6b, 0x5b, 0x6b, 0x5b, 
	0x6b, 0x5b, 0x6b, 0x5b, 0x6b, 0x5b, 0x6b, 0x5b, 
	0x6b, 0x5b, 0x6b, 0x5b, 0x6b, 0x5b, 0x6b, 0x5b, 
	0x6b, 0x5b, 0x6b, 0x5b, 0x6b, 0x5b, 0x6b, 0x5b, 
	0x6b, 0x5b, 0x6b, 0x5b, 0x6b, 0x5b, 0x6b, 0x5b, 
	0x6b, 0x5b, 0x6b, 0x5b, 0x6b, 0x5b, 0x6b, 0x5b, 
	0x6b, 0x5b, 0x6b, 0x5b, 0x6b, 0x5b, 0x6b, 0x5b, 
	0x6b, 0x5b, 0x6b, 0x5b, 0x6b, 0x5b, 0x6b, 0x5b, 
	0x6b, 0x5b, 0x6b, 0x5b, 0x6b, 0x5b, 0x6b, 0x5b, 
	0x6b, 0x5b, 0x6b, 0x5b, 0x6b, 0x5b, 0x6b, 0x5b, 
	0x6b, 0x5b, 0x6b, 0x5b, 0x6b, 0x5b, 0x6b, 0x5b, 
	0x6b, 0x5b, 0x6b, 0x5b, 0x6b, 0x5b, 0x6b, 0x5b, 
	0x6b, 0x5b, 0x6b, 0x5b, 0x6b, 0x5b, 0x6b, 0x5b, 
	0x6b, 0x5b, 0x6b, 0x5b, 0x6b, 0x5b, 0x6b, 0x5b, 
	0x6b, 0x5b, 0x6b, 0x5b, 0x6b, 0x19, 0x6b, 0x5b, 
	0x6b, 0x5b, 0x6b, 0x5b, 0x6b, 0x5b, 0x6b, 0x5b, 
	0x6b, 0x5b, 0x6b, 0x5b, 0x6b, 0x5b, 0x6b, 0x5b, 
	0x6b, 0x5b, 0x6b, 0x1b, 0x6b, 0x5b, 0x6b, 0x59, 
	0x6b, 0x5b, 0x6b, 0x5b, 0x6b, 0x19, 0x63, 0x19, 
	0x6b, 0x5b, 0x6b, 0x5b, 0x6b, 0x5b, 0x6b, 0x5b, 
	0x6b, 0x5b, 0x6b, 0x5b, 0x63, 0x19, 0x63, 0x19, 
	0x63, 0x19, 0x63, 0x19, 0x63, 0x19, 0x63, 0x19, 
	0x63, 0x19, 0x63, 0x19, 0x63, 0x19, 0x63, 0x19, 
	0x63, 0x19, 0x63, 0x19, 0x63, 0x19, 0x63, 0x19, 
	0x63, 0x19, 0x63, 0x19, 0x63, 0x19, 0x63, 0x19, 
	0x63, 0x19, 0x63, 0x19, 0x63, 0x19, 0x63, 0x19, 
	0x63, 0x19, 0x63, 0x19, 0x63, 0x19, 0x63, 0x19, 
	0x63, 0x19, 0x63, 0x19, 0x63, 0x19, 0x63, 0x19, 
	0x6b, 0x5b, 0x6b, 0x5b, 0x6b, 0x5b, 0x63, 0x19, 
	0x63, 0x19, 0x63, 0x19, 0x63, 0x19, 0x63, 0x19, 
	0x63, 0x19, 0x63, 0x19, 0x63, 0x19, 0x63, 0x19, 
	0x63, 0x19, 0x63, 0x19, 0x63, 0x19, 0x63, 0x19, 
	0x63, 0x19, 0x63, 0x19, 0x63, 0x19, 0x63, 0x19, 
	0x63, 0x19, 0x63, 0x19, 0x63, 0x19, 0x63, 0x19, 
	0x63, 0x19, 0x63, 0x19, 0x63, 0x19, 0x63, 0x19, 
	0x63, 0x19, 0x63, 0x19, 0x63, 0x19, 0x63, 0x19, 
	0x63, 0x19, 0x63, 0x19, 0x63, 0x19, 0x63, 0x19, 
	0x63, 0x19, 0x63, 0x19, 0x63, 0x19, 0x63, 0x19, 
	0x63, 0x19, 0x63, 0x19, 0x63, 0x19, 0x63, 0x19, 
	0x63, 0x19, 0x63, 0x19, 0x63, 0x19, 0x63, 0x19, 
	0x63, 0x19, 0x63, 0x19, 0x63, 0x19, 0x63, 0x19, 
	0x63, 0x19, 0x63, 0x19, 0x63, 0x19, 0x63, 0x19, 
	0x63, 0x19, 0x63, 0x19, 0x63, 0x19, 0x63, 0x19, 
	0x63, 0x19, 0x63, 0x19, 0x63, 0x19, 0x63, 0x19, 
	0x63, 0x19, 0x63, 0x19, 0x63, 0x19, 0x63, 0x19, 
	0x63, 0x19, 0x63, 0x19, 0x63, 0x19, 0x63, 0x19, 
	0x63, 0x19, 0x63, 0x19, 0x63, 0x19, 0x63, 0x19, 
	0x63, 0x19, 0x63, 0x19, 0x63, 0x19, 0x63, 0x19, 
	0x63, 0x19, 0x63, 0x19, 0x63, 0x19, 0x63, 0x19, 
	0x63, 0x19, 0x63, 0x19, 0x63, 0x19, 0x63, 0x19, 
	0x63, 0x19, 0x63, 0x19, 0x63, 0x19, 0x63, 0x19, 
	0x63, 0x19, 0x63, 0x19, 0x63, 0x19, 0x63, 0x19, 
	0x63, 0x19, 0x63, 0x19, 0x63, 0x19, 0x63, 0x19, 
	0x63, 0x19, 0x63, 0x19, 0x63, 0x19, 0x63, 0x19, 
	0x63, 0x19, 0x63, 0x19, 0x63, 0x19, 0x63, 0x19, 
	0x63, 0x19, 0x63, 0x19, 0x63, 0x19, 0x63, 0x19, 
	0x63, 0x19, 0x63, 0x19, 0x63, 0x19, 0x63, 0x19, 
	0x63, 0x19, 0x63, 0x19, 0x63, 0x19, 0x63, 0x19, 
	0x63, 0x19, 0x63, 0x19, 0x63, 0x19, 0x63, 0x19, 
	
};

Gfx INTRO_SCREEN_tile_6_0_rgba16_aligner[] = {gsSPEndDisplayList()};
u8 INTRO_SCREEN_tile_6_0_rgba16[] = {
	0xff, 0xff, 0xff, 0xff, 0xff, 0xff, 0xff, 0xff, 
	0xff, 0xff, 0xff, 0xff, 0xff, 0xff, 0xff, 0xff, 
	0xff, 0xff, 0xff, 0xff, 0xff, 0xff, 0xff, 0xff, 
	0xff, 0xff, 0xff, 0xff, 0xff, 0xff, 0xff, 0xff, 
	0xff, 0xff, 0xff, 0xff, 0xff, 0xff, 0xff, 0xff, 
	0xff, 0xff, 0xff, 0xff, 0xff, 0xff, 0xff, 0xff, 
	0xff, 0xff, 0xff, 0xff, 0xff, 0xfd, 0xf7, 0xbd, 
	0xf7, 0xbd, 0xff, 0xff, 0xf7, 0xfd, 0xf7, 0xbd, 
	0xff, 0xff, 0xff, 0xff, 0xff, 0xff, 0xff, 0xff, 
	0xff, 0xff, 0xff, 0xff, 0xff, 0xff, 0xff, 0xff, 
	0xff, 0xff, 0xff, 0xff, 0xff, 0xff, 0xff, 0xff, 
	0xff, 0xff, 0xff, 0xff, 0xff, 0xff, 0xff, 0xff, 
	0xff, 0xff, 0xff, 0xff, 0xff, 0xff, 0xff, 0xff, 
	0xff, 0xff, 0xff, 0xff, 0xff, 0xff, 0xff, 0xff, 
	0xff, 0xff, 0xff, 0xff, 0xff, 0xfd, 0xf7, 0xbd, 
	0xf7, 0xbd, 0xff, 0xff, 0xf7, 0xfd, 0xf7, 0xbd, 
	0xf7, 0xbd, 0xf7, 0xbd, 0xf7, 0xbd, 0xf7, 0xbd, 
	0xf7, 0xbd, 0xf7, 0xbd, 0xf7, 0xbd, 0xf7, 0xbd, 
	0xf7, 0xbd, 0xf7, 0xbd, 0xf7, 0xbd, 0xf7, 0xbd, 
	0xf7, 0xbd, 0xf7, 0xbd, 0xf7, 0xbd, 0xf7, 0xbd, 
	0xf7, 0xbd, 0xf7, 0xbd, 0xf7, 0xbd, 0xf7, 0xbd, 
	0xf7, 0xbd, 0xf7, 0xbd, 0xf7, 0xbd, 0xf7, 0xbd, 
	0xf7, 0xbd, 0xf7, 0xbd, 0xf7, 0xbd, 0xf7, 0xbd, 
	0xf7, 0xbd, 0xf7, 0xbd, 0xf7, 0xbd, 0xf7, 0xbd, 
	0xf7, 0xbd, 0xf7, 0xbd, 0xf7, 0xbd, 0xf7, 0xbd, 
	0xf7, 0xbd, 0xf7, 0xbd, 0xf7, 0xbd, 0xf7, 0xbd, 
	0xf7, 0xbd, 0xf7, 0xbd, 0xf7, 0xbd, 0xf7, 0xbd, 
	0xf7, 0xbd, 0xf7, 0xbd, 0xf7, 0xbd, 0xf7, 0xbd, 
	0xf7, 0xbd, 0xf7, 0xbd, 0xf7, 0xbd, 0xf7, 0xbd, 
	0xf7, 0xbd, 0xf7, 0xbd, 0xf7, 0xbd, 0xf7, 0xbd, 
	0xf7, 0xbd, 0xf7, 0xbd, 0xf7, 0xbd, 0xf7, 0xbd, 
	0xf7, 0xbd, 0xf7, 0xbd, 0xf7, 0xbd, 0xf7, 0xbd, 
	0xf7, 0xbd, 0xf7, 0xbd, 0xf7, 0xbd, 0xf7, 0xbd, 
	0xf7, 0xbd, 0xf7, 0xbd, 0xf7, 0xbd, 0xf7, 0xbd, 
	0xf7, 0xbd, 0xf7, 0xbd, 0xf7, 0xbd, 0xf7, 0xbd, 
	0xf7, 0xbd, 0xf7, 0xbd, 0xf7, 0xbd, 0xf7, 0xbd, 
	0xf7, 0xbd, 0xf7, 0xbd, 0xf7, 0xbd, 0xf7, 0xbd, 
	0xf7, 0xbd, 0xf7, 0xbd, 0xf7, 0xbd, 0xf7, 0xbd, 
	0xf7, 0xbd, 0xf7, 0xbd, 0xf7, 0xbd, 0xf7, 0xbd, 
	0xf7, 0xbd, 0xf7, 0xbd, 0xf7, 0xbd, 0xf7, 0xbd, 
	0xf7, 0xbd, 0xf7, 0xbd, 0xf7, 0xbd, 0xf7, 0xbd, 
	0xf7, 0xbd, 0xf7, 0xbd, 0xf7, 0xbd, 0xf7, 0xbd, 
	0xf7, 0xbd, 0xf7, 0xbd, 0xf7, 0xbd, 0xf7, 0xbd, 
	0xf7, 0xbd, 0xf7, 0xbd, 0xf7, 0xbd, 0xf7, 0xbd, 
	0xf7, 0xbd, 0xf7, 0xbd, 0xf7, 0xbd, 0xf7, 0xbd, 
	0xf7, 0xbd, 0xf7, 0xbd, 0xf7, 0xbd, 0xf7, 0xbd, 
	0xf7, 0xbd, 0xf7, 0xbd, 0xf7, 0xbd, 0xf7, 0xbd, 
	0xf7, 0xbd, 0xf7, 0xbd, 0xf7, 0xbd, 0xf7, 0xbd, 
	0xf7, 0xbd, 0xf7, 0xbd, 0xf7, 0xbd, 0xf7, 0xbd, 
	0xf7, 0xbd, 0xf7, 0xbd, 0xf7, 0xbd, 0xf7, 0xbd, 
	0xf7, 0xbd, 0xf7, 0xbd, 0xf7, 0xbd, 0xf7, 0xbd, 
	0xf7, 0xbd, 0xf7, 0xbd, 0xf7, 0xbd, 0xf7, 0xbd, 
	0xf7, 0xbd, 0xf7, 0xbd, 0xf7, 0xbd, 0xf7, 0xbd, 
	0xf7, 0xbd, 0xf7, 0xbd, 0xf7, 0xbd, 0xf7, 0xbd, 
	0xf7, 0xbd, 0xf7, 0xbd, 0xf7, 0xbd, 0xf7, 0xbd, 
	0xf7, 0xbd, 0xf7, 0xbd, 0xf7, 0xbd, 0xf7, 0xbd, 
	0xf7, 0xbd, 0xf7, 0xbd, 0xf7, 0xbd, 0xf7, 0xbd, 
	0xf7, 0xbd, 0xf7, 0xbd, 0xf7, 0xbd, 0xf7, 0xbd, 
	0xf7, 0xbd, 0xf7, 0xbd, 0xf7, 0xbd, 0xf7, 0xbd, 
	0xf7, 0xbd, 0xf7, 0xbd, 0xf7, 0xbd, 0xf7, 0xbd, 
	0xf7, 0xbd, 0xf7, 0xbd, 0xf7, 0xbd, 0xf7, 0xbd, 
	0xf7, 0xbd, 0xf7, 0xbd, 0xf7, 0xbd, 0xf7, 0xbd, 
	0xf7, 0xbd, 0xf7, 0xbd, 0xf7, 0xbd, 0xf7, 0xbd, 
	0xf7, 0xbd, 0xf7, 0xbd, 0xf7, 0xbd, 0xf7, 0xbd, 
	0xef, 0x7b, 0xf7, 0xbd, 0xf7, 0xbd, 0xef, 0x7b, 
	0xef, 0x7b, 0xef, 0x7b, 0xef, 0x7b, 0xef, 0x7b, 
	0xef, 0x7b, 0xef, 0x7b, 0xef, 0x7b, 0xef, 0x7b, 
	0xef, 0x7b, 0xef, 0x7b, 0xef, 0x7b, 0xef, 0x7b, 
	0xef, 0x7b, 0xef, 0x7b, 0xef, 0x7b, 0xef, 0x7b, 
	0xef, 0x7b, 0xef, 0x7b, 0xef, 0x7b, 0xef, 0x7b, 
	0xef, 0x7b, 0xef, 0x7b, 0xef, 0x7b, 0xef, 0x7b, 
	0xef, 0x7b, 0xef, 0x7b, 0xef, 0x7b, 0xef, 0x7b, 
	0xef, 0x7b, 0xef, 0x7b, 0xef, 0x7b, 0xef, 0x7b, 
	0xef, 0x7b, 0xef, 0x7b, 0xef, 0x7b, 0xef, 0x7b, 
	0xef, 0x7b, 0xef, 0x7b, 0xef, 0x7b, 0xef, 0x7b, 
	0xef, 0x7b, 0xef, 0x7b, 0xef, 0x7b, 0xef, 0x7b, 
	0xef, 0x7b, 0xef, 0x7b, 0xef, 0x7b, 0xef, 0x7b, 
	0xef, 0x7b, 0xef, 0x7b, 0xef, 0x7b, 0xef, 0x7b, 
	0xef, 0x7b, 0xef, 0x7b, 0xef, 0x7b, 0xef, 0x7b, 
	0xef, 0x7b, 0xef, 0x7b, 0xef, 0x7b, 0xef, 0x7b, 
	0xef, 0x7b, 0xef, 0x7b, 0xef, 0x7b, 0xef, 0x7b, 
	0xef, 0x7b, 0xef, 0x7b, 0xef, 0x7b, 0xef, 0x7b, 
	0xef, 0x7b, 0xef, 0x7b, 0xef, 0x7b, 0xef, 0x7b, 
	0xef, 0x7b, 0xef, 0x7b, 0xef, 0x7b, 0xef, 0x7b, 
	0xef, 0x7b, 0xef, 0x7b, 0xef, 0x7b, 0xef, 0x7b, 
	0xef, 0x7b, 0xef, 0x7b, 0xef, 0x7b, 0xef, 0x7b, 
	0xef, 0x7b, 0xef, 0x7b, 0xef, 0x7b, 0xef, 0x7b, 
	0xef, 0x7b, 0xef, 0x7b, 0xef, 0x7b, 0xef, 0x7b, 
	0xef, 0x7b, 0xef, 0x7b, 0xef, 0x7b, 0xef, 0x7b, 
	0xef, 0x7b, 0xef, 0x7b, 0xef, 0x7b, 0xef, 0x7b, 
	0xef, 0x7b, 0xef, 0x7b, 0xef, 0x7b, 0xef, 0x7b, 
	0xef, 0x7b, 0xef, 0x7b, 0xef, 0x7b, 0xef, 0x7b, 
	0xef, 0x7b, 0xef, 0x7b, 0xef, 0x7b, 0xef, 0x7b, 
	0xef, 0x7b, 0xef, 0x7b, 0xef, 0x7b, 0xef, 0x7b, 
	0xef, 0x7b, 0xef, 0x7b, 0xef, 0x7b, 0xef, 0x7b, 
	0xef, 0x7b, 0xef, 0x7b, 0xde, 0xf9, 0xbd, 0xf3, 
	0xef, 0x7b, 0xef, 0x7b, 0xef, 0x7b, 0xef, 0x7b, 
	0xef, 0x7b, 0xef, 0x7b, 0xbd, 0xef, 0x94, 0xa5, 
	0x94, 0xa5, 0x94, 0xa5, 0xbd, 0xef, 0xef, 0x7b, 
	0xef, 0x7b, 0xef, 0x7b, 0xef, 0x7b, 0xef, 0x7b, 
	0xef, 0x7b, 0xef, 0x7b, 0xef, 0x7b, 0xef, 0x7b, 
	0xef, 0x7b, 0xef, 0x7b, 0xef, 0x7b, 0xef, 0x7b, 
	0xef, 0x7b, 0xef, 0x7b, 0xef, 0x7b, 0xef, 0x7b, 
	0xe7, 0x39, 0xce, 0x77, 0x94, 0xed, 0x6b, 0xa5, 
	0xef, 0x7b, 0xef, 0x7b, 0xef, 0x7b, 0xef, 0x7b, 
	0xef, 0x7b, 0xef, 0x7b, 0xa5, 0x29, 0x00, 0x01, 
	0x00, 0x01, 0x00, 0x01, 0x9c, 0xe7, 0xef, 0x7b, 
	0xef, 0x7b, 0xef, 0x7b, 0xef, 0x7b, 0xef, 0x7b, 
	0xef, 0x7b, 0xef, 0x7b, 0xef, 0x7b, 0xef, 0x7b, 
	0xef, 0x7b, 0xef, 0x7b, 0xef, 0x7b, 0xef, 0x7b, 
	0xef, 0x7b, 0xef, 0x7b, 0xef, 0x7b, 0xde, 0xf7, 
	0xb5, 0xf3, 0x8c, 0xad, 0x63, 0x63, 0x63, 0xa5, 
	0xef, 0x7b, 0xef, 0x7b, 0xef, 0x7b, 0xef, 0x7b, 
	0xef, 0x7b, 0xef, 0x7b, 0xa5, 0x29, 0x00, 0x01, 
	0x00, 0x01, 0x00, 0x01, 0x9c, 0xe7, 0xe7, 0x39, 
	0xef, 0x7b, 0xef, 0x7b, 0xef, 0x7b, 0xef, 0x7b, 
	0xe7, 0x3b, 0xef, 0x7b, 0xef, 0x7b, 0xef, 0x7b, 
	0xef, 0x7b, 0xef, 0x7b, 0xef, 0x7b, 0xef, 0x7b, 
	0xef, 0x7b, 0xe7, 0x39, 0xde, 0xf9, 0xad, 0xb1, 
	0x7c, 0x69, 0x6b, 0xa5, 0x6b, 0xa5, 0x6b, 0xa5, 
	0xe7, 0x39, 0xe7, 0x39, 0xe7, 0x39, 0xe7, 0x39, 
	0xe7, 0x39, 0xe7, 0x39, 0xa5, 0x29, 0x00, 0x01, 
	0x00, 0x01, 0x00, 0x01, 0x9c, 0xe7, 0xe7, 0x39, 
	0xe7, 0x39, 0xe7, 0x39, 0xe7, 0x39, 0xe7, 0x39, 
	0xe7, 0x39, 0xe7, 0x39, 0xe7, 0x39, 0xe7, 0x39, 
	0xe7, 0x39, 0xe7, 0x39, 0xe7, 0x39, 0xe7, 0x39, 
	0xe7, 0x39, 0xde, 0xf7, 0xad, 0x6f, 0x6b, 0xa3, 
	0x63, 0xa5, 0x5b, 0x61, 0x5b, 0x21, 0x6b, 0xe7, 
	0xe7, 0x39, 0xe7, 0x39, 0xe7, 0x39, 0xe7, 0x39, 
	0xe7, 0x39, 0xe7, 0x39, 0xa5, 0x29, 0x00, 0x01, 
	0x00, 0x01, 0x00, 0x01, 0x94, 0xe5, 0xe7, 0x39, 
	0xe7, 0x39, 0xe7, 0x39, 0xe7, 0x39, 0xe7, 0x39, 
	0xe7, 0x39, 0xe7, 0x39, 0xe7, 0x39, 0xe7, 0x39, 
	0xe7, 0x39, 0xe7, 0x39, 0xe7, 0x39, 0xe7, 0x39, 
	0xe7, 0x39, 0xb5, 0xb1, 0x6b, 0xa3, 0x5b, 0x21, 
	0x5b, 0x21, 0x5b, 0x21, 0x63, 0xa5, 0x84, 0xaf, 
	0xde, 0xf7, 0xe7, 0x39, 0xe7, 0x39, 0xe7, 0x39, 
	0xe7, 0x39, 0xe7, 0x39, 0xa5, 0x29, 0x00, 0x01, 
	0x00, 0x01, 0x00, 0x01, 0x94, 0xa5, 0xe7, 0x39, 
	0xe7, 0x39, 0xe7, 0x39, 0xe7, 0x39, 0xe7, 0x39, 
	0xe7, 0x39, 0xe7, 0x39, 0xe7, 0x39, 0xe7, 0x39, 
	0xe7, 0x39, 0xe7, 0x39, 0xe7, 0x39, 0xe7, 0x39, 
	0xd6, 0xb7, 0x73, 0xe3, 0x52, 0xdf, 0x53, 0x1f, 
	0x5b, 0x61, 0x5b, 0x63, 0x6c, 0x29, 0x84, 0xef, 
	0xb5, 0xad, 0xe7, 0x39, 0xe7, 0x39, 0xe7, 0x39, 
	0xe7, 0x39, 0xe7, 0x39, 0xa5, 0x29, 0x00, 0x01, 
	0x00, 0x01, 0x00, 0x01, 0x94, 0xa5, 0xe7, 0x39, 
	0xe7, 0x39, 0xe7, 0x39, 0xe7, 0x39, 0xe7, 0x39, 
	0xe7, 0x39, 0xe7, 0x39, 0xe7, 0x39, 0xe7, 0x39, 
	0xe7, 0x39, 0xe7, 0x39, 0xe7, 0x39, 0xe7, 0x39, 
	0xa5, 0x2d, 0x4a, 0x9b, 0x53, 0x21, 0x53, 0x1f, 
	0x5b, 0x21, 0x63, 0xa5, 0x6b, 0xe7, 0x7c, 0x6b, 
	0x52, 0x95, 0xd6, 0xb5, 0xe7, 0x39, 0xe7, 0x39, 
	0xe7, 0x39, 0xe7, 0x39, 0x9c, 0xe7, 0x00, 0x01, 
	0x00, 0x01, 0x00, 0x01, 0x94, 0xa5, 0xe7, 0x39, 
	0xe7, 0x39, 0xe7, 0x39, 0xe7, 0x39, 0xe7, 0x39, 
	0xe7, 0x39, 0xe7, 0x39, 0xe7, 0x39, 0xe7, 0x39, 
	0xe7, 0x39, 0xe7, 0x39, 0xe7, 0x39, 0xce, 0x75, 
	0x6b, 0xa3, 0x52, 0xdd, 0x52, 0xdd, 0x5b, 0x1f, 
	0x6b, 0xe5, 0x7c, 0x6b, 0x7c, 0x6b, 0x7c, 0x6b, 
	0x08, 0x43, 0x9c, 0xe7, 0xe7, 0x39, 0xe7, 0x39, 
	0xe7, 0x39, 0xe7, 0x39, 0x9c, 0xe7, 0x00, 0x01, 
	0x00, 0x01, 0x00, 0x01, 0x94, 0xa5, 0xe7, 0x39, 
	0xe7, 0x39, 0xe7, 0x39, 0xe7, 0x39, 0xe7, 0x39, 
	0xe7, 0x39, 0xe7, 0x39, 0xe7, 0x39, 0xe7, 0x39, 
	0xe7, 0x39, 0xe7, 0x39, 0xde, 0xf9, 0xa5, 0x2d, 
	0x52, 0xdf, 0x4a, 0x9b, 0x5b, 0x61, 0x63, 0xa3, 
	0x74, 0x29, 0x7c, 0x69, 0x84, 0xad, 0x84, 0x6b, 
	0x00, 0x01, 0x39, 0xcf, 0xce, 0x73, 0xde, 0xf7, 
	0xe7, 0x39, 0xdf, 0x39, 0x9c, 0xe7, 0x00, 0x01, 
	0x00, 0x01, 0x00, 0x01, 0x94, 0xa5, 0xdf, 0x39, 
	0xe7, 0x39, 0xe7, 0x39, 0xe7, 0x39, 0xe7, 0x39, 
	0xe7, 0x39, 0xe7, 0x39, 0xe7, 0x39, 0xe7, 0x39, 
	0xe7, 0x39, 0xe7, 0x39, 0xd6, 0xb7, 0x8c, 0x6b, 
	0x52, 0xdd, 0x52, 0xdd, 0x63, 0x63, 0x6b, 0xe5, 
	0x74, 0x27, 0x7c, 0x29, 0x7c, 0x6b, 0x7c, 0x6b, 
	0x00, 0x01, 0x00, 0x01, 0x84, 0x21, 0xde, 0xf7, 
	0xde, 0xf7, 0xde, 0xf7, 0x9c, 0xe7, 0x00, 0x01, 
	0x00, 0x01, 0x00, 0x01, 0x94, 0xa5, 0xde, 0xf7, 
	0xe7, 0x39, 0xe7, 0x39, 0xe7, 0x39, 0xe7, 0x39, 
	0xde, 0xf7, 0xde, 0xf7, 0xdf, 0x39, 0xde, 0xf7, 
	0xde, 0xf7, 0xde, 0xf7, 0xc6, 0x33, 0x84, 0x69, 
	0x5b, 0x1f, 0x5b, 0x21, 0x63, 0xa3, 0x63, 0x61, 
	0x63, 0xa3, 0x6b, 0xa5, 0x63, 0xa3, 0x6b, 0xe7, 
	0x00, 0x01, 0x00, 0x01, 0x21, 0x09, 0xbd, 0xef, 
	0xde, 0xf7, 0xde, 0xf7, 0xa5, 0x29, 0x00, 0x01, 
	0x00, 0x01, 0x00, 0x01, 0x94, 0xa5, 0xde, 0xf7, 
	0xde, 0xf7, 0xde, 0xf7, 0xde, 0xf7, 0xde, 0xf7, 
	0xde, 0xf7, 0xde, 0xf7, 0xde, 0xf7, 0xde, 0xf7, 
	0xde, 0xf7, 0xde, 0xf7, 0xb5, 0xf3, 0x7c, 0x27, 
	0x5b, 0x1f, 0x5b, 0x1f, 0x63, 0x63, 0x63, 0x1f, 
	0x63, 0x61, 0x63, 0x63, 0x63, 0x61, 0x6b, 0xa5, 
	0x00, 0x01, 0x00, 0x01, 0x00, 0x01, 0x63, 0x19, 
	0xd6, 0xb5, 0xde, 0xf7, 0xa5, 0x29, 0x00, 0x01, 
	0x00, 0x01, 0x00, 0x01, 0x94, 0xa5, 0xde, 0xf7, 
	0xde, 0xf7, 0xde, 0xf7, 0xde, 0xf7, 0xde, 0xf7, 
	0xde, 0xf7, 0xde, 0xf7, 0xde, 0xf7, 0xde, 0xf7, 
	0xde, 0xf7, 0xde, 0xf7, 0xb5, 0xb3, 0x7c, 0x27, 
	0x63, 0x61, 0x5b, 0x1f, 0x53, 0x1f, 0x5b, 0x1f, 
	0x5b, 0x21, 0x5b, 0x1f, 0x5b, 0x1d, 0x5b, 0x1f, 
	0x08, 0x43, 0x00, 0x01, 0x00, 0x01, 0x10, 0x85, 
	0xa5, 0x29, 0xde, 0xf7, 0xa5, 0x29, 0x08, 0x43, 
	0x00, 0x01, 0x00, 0x01, 0x94, 0xa5, 0xde, 0xf7, 
	0xde, 0xf7, 0xde, 0xf7, 0xde, 0xf7, 0xde, 0xf7, 
	0xde, 0xf7, 0xde, 0xf7, 0xde, 0xf7, 0xde, 0xf7, 
	0xde, 0xf7, 0xde, 0xf7, 0xad, 0x71, 0x84, 0x69, 
	0x63, 0xa3, 0x53, 0x1f, 0x52, 0xdb, 0x4a, 0x99, 
	0x52, 0xdd, 0x52, 0x9b, 0x52, 0x99, 0x52, 0xdb, 
	0x4a, 0x53, 0x00, 0x01, 0x00, 0x01, 0x00, 0x01, 
	0x4a, 0x53, 0xce, 0x73, 0xad, 0x6b, 0x08, 0x43, 
	0x00, 0x01, 0x00, 0x01, 0x94, 0xa5, 0xde, 0xf7, 
	0xde, 0xf7, 0xde, 0xf7, 0xde, 0xf7, 0xde, 0xf7, 
	0xde, 0xf7, 0xde, 0xf7, 0xde, 0xf7, 0xde, 0xf7, 
	0xde, 0xf7, 0xde, 0xf7, 0xb5, 0xb3, 0x84, 0x6b, 
	0x6b, 0xa5, 0x52, 0xdd, 0x4a, 0x99, 0x4a, 0x9b, 
	0x52, 0x9b, 0x4a, 0x99, 0x4a, 0x99, 0x4a, 0x99, 
	0xa5, 0x29, 0x10, 0x85, 0x00, 0x01, 0x00, 0x01, 
	0x08, 0x43, 0x8c, 0x63, 0xa5, 0x29, 0x10, 0x85, 
	0x00, 0x01, 0x00, 0x01, 0x94, 0xa5, 0xde, 0xf7, 
	0xde, 0xf7, 0xde, 0xf7, 0xde, 0xf7, 0xde, 0xf7, 
	0xde, 0xf7, 0xde, 0xf7, 0xde, 0xf7, 0xde, 0xf7, 
	0xde, 0xf7, 0xde, 0xf7, 0xb5, 0xf3, 0x8c, 0xab, 
	0x6b, 0xa5, 0x5b, 0x21, 0x52, 0x9b, 0x52, 0xdb, 
	0x52, 0x9b, 0x52, 0x9b, 0x4a, 0x9b, 0x4a, 0x59, 
	0xd6, 0xb5, 0x63, 0x19, 0x00, 0x01, 0x00, 0x01, 
	0x00, 0x01, 0x29, 0x4b, 0x84, 0x21, 0x10, 0x85, 
	0x00, 0x01, 0x00, 0x01, 0x8c, 0x63, 0xde, 0xf7, 
	0xde, 0xf7, 0xde, 0xf7, 0xde, 0xf7, 0xde, 0xf7, 
	0xde, 0xf7, 0xde, 0xf7, 0xde, 0xf7, 0xde, 0xf7, 
	0xde, 0xf7, 0xde, 0xf7, 0xbd, 0xf3, 0x84, 0x6b, 
	0x6b, 0xa5, 0x63, 0x63, 0x5b, 0x1f, 0x4a, 0x99, 
	0x4a, 0x59, 0x4a, 0x99, 0x4a, 0x59, 0x4a, 0x59, 
	0xd6, 0xf5, 0xb5, 0xad, 0x21, 0x09, 0x00, 0x01, 
	0x00, 0x01, 0x00, 0x01, 0x18, 0xc7, 0x00, 0x01, 
	0x00, 0x01, 0x00, 0x01, 0x8c, 0x63, 0xd6, 0xb5, 
	0xde, 0xf7, 0xde, 0xf7, 0xde, 0xf7, 0xde, 0xf7, 
	0xde, 0xf7, 0xde, 0xf7, 0xde, 0xf7, 0xd6, 0xb5, 
	0xd6, 0xb5, 0xd6, 0xb5, 0xc6, 0x33, 0x7c, 0x69, 
	0x73, 0xe7, 0x63, 0x63, 0x52, 0xdd, 0x52, 0xdb, 
	0x52, 0x9b, 0x4a, 0x57, 0x4a, 0x59, 0x42, 0x57, 
	0xd6, 0xb5, 0xd6, 0xb5, 0x7b, 0xdf, 0x00, 0x01, 
	0x00, 0x01, 0x00, 0x01, 0x00, 0x01, 0x00, 0x01, 
	0x00, 0x01, 0x00, 0x01, 0x8c, 0x63, 0xd6, 0xb5, 
	0xd6, 0xb5, 0xd6, 0xb5, 0xd6, 0xb5, 0xd6, 0xb5, 
	0xd6, 0xb5, 0xd6, 0xb5, 0xd6, 0xb5, 0xd6, 0xb5, 
	0xd6, 0xb5, 0xd6, 0xb5, 0xce, 0x75, 0x8c, 0xab, 
	0x6b, 0xa5, 0x6b, 0xa5, 0x5b, 0x1f, 0x52, 0xdd, 
	0x52, 0xdb, 0x4a, 0x99, 0x4a, 0x57, 0x4a, 0x57, 
	0xd6, 0xb5, 0xd6, 0xb5, 0xbd, 0xef, 0x39, 0xcf, 
	0x00, 0x01, 0x00, 0x01, 0x00, 0x01, 0x00, 0x01, 
	0x00, 0x01, 0x00, 0x01, 0x8c, 0x63, 0xd6, 0xb5, 
	0xd6, 0xb5, 0xd6, 0xb5, 0xd6, 0xb5, 0xd6, 0xb5, 
	0xd6, 0xb5, 0xd6, 0xb5, 0xd6, 0xb5, 0xd6, 0xb5, 
	0xd6, 0xb5, 0xd6, 0xb5, 0xd6, 0xb5, 0xad, 0x6f, 
	0x6b, 0xa3, 0x6b, 0xa5, 0x63, 0x21, 0x5b, 0x1d, 
	0x52, 0xdb, 0x52, 0x9b, 0x4a, 0x99, 0x4a, 0x59, 
	
};

Gfx INTRO_SCREEN_tile_6_1_rgba16_aligner[] = {gsSPEndDisplayList()};
u8 INTRO_SCREEN_tile_6_1_rgba16[] = {
	0xd6, 0xb5, 0xd6, 0xb5, 0x7b, 0xdf, 0x00, 0x01, 
	0x00, 0x01, 0x00, 0x01, 0x00, 0x01, 0x00, 0x01, 
	0x00, 0x01, 0x00, 0x01, 0x8c, 0x63, 0xd6, 0xb5, 
	0xd6, 0xb5, 0xd6, 0xb5, 0xd6, 0xb5, 0xd6, 0xb5, 
	0xd6, 0xb5, 0xd6, 0xb5, 0xd6, 0xb5, 0xd6, 0xb5, 
	0xd6, 0xb5, 0xd6, 0xb5, 0xce, 0x75, 0x8c, 0xab, 
	0x6b, 0xa5, 0x6b, 0xa5, 0x5b, 0x1f, 0x52, 0xdd, 
	0x52, 0xdb, 0x4a, 0x99, 0x4a, 0x57, 0x4a, 0x57, 
	0xd6, 0xb5, 0xd6, 0xb5, 0xbd, 0xef, 0x39, 0xcf, 
	0x00, 0x01, 0x00, 0x01, 0x00, 0x01, 0x00, 0x01, 
	0x00, 0x01, 0x00, 0x01, 0x8c, 0x63, 0xd6, 0xb5, 
	0xd6, 0xb5, 0xd6, 0xb5, 0xd6, 0xb5, 0xd6, 0xb5, 
	0xd6, 0xb5, 0xd6, 0xb5, 0xd6, 0xb5, 0xd6, 0xb5, 
	0xd6, 0xb5, 0xd6, 0xb5, 0xd6, 0xb5, 0xad, 0x6f, 
	0x6b, 0xa3, 0x6b, 0xa5, 0x63, 0x21, 0x5b, 0x1d, 
	0x52, 0xdb, 0x52, 0x9b, 0x4a, 0x99, 0x4a, 0x59, 
	0xd6, 0xb5, 0xd6, 0xb5, 0xd6, 0xb5, 0x94, 0xa5, 
	0x08, 0x43, 0x00, 0x01, 0x00, 0x01, 0x00, 0x01, 
	0x00, 0x01, 0x00, 0x01, 0x8c, 0x63, 0xd6, 0xb5, 
	0xd6, 0xb5, 0xd6, 0xb5, 0xd6, 0xb5, 0xd6, 0xb5, 
	0xd6, 0xb5, 0xd6, 0xb5, 0xd6, 0xb5, 0xd6, 0xb5, 
	0xd6, 0xb5, 0xd6, 0xb5, 0xd6, 0xb5, 0xc6, 0x33, 
	0x7b, 0xe5, 0x63, 0x63, 0x63, 0x61, 0x63, 0x61, 
	0x52, 0xdd, 0x52, 0xdd, 0x5b, 0x1f, 0x52, 0xdd, 
	0xd6, 0xb5, 0xd6, 0xb5, 0xd6, 0xb5, 0xc6, 0x31, 
	0x4a, 0x53, 0x00, 0x01, 0x00, 0x01, 0x00, 0x01, 
	0x00, 0x01, 0x00, 0x01, 0x8c, 0x63, 0xd6, 0xb5, 
	0xd6, 0xb5, 0xd6, 0xb5, 0xd6, 0xb5, 0xd6, 0xb5, 
	0xd6, 0xb5, 0xd6, 0xb5, 0xd6, 0xb5, 0xd6, 0xb5, 
	0xd6, 0xb5, 0xd6, 0xb5, 0xd6, 0xb5, 0xd6, 0xb5, 
	0xad, 0x6d, 0x63, 0x63, 0x63, 0xa3, 0x63, 0x63, 
	0x5b, 0x1f, 0x5b, 0x1f, 0x5b, 0x1f, 0x52, 0xdd, 
	0xce, 0x73, 0xce, 0x73, 0xd6, 0xb5, 0xce, 0x73, 
	0xad, 0x6b, 0x8c, 0x63, 0x8c, 0x63, 0x8c, 0x63, 
	0x8c, 0x63, 0x8c, 0x63, 0xad, 0x6b, 0xd6, 0xb5, 
	0xd6, 0xb5, 0xd6, 0xb5, 0xd6, 0xb5, 0xd6, 0xb5, 
	0xd6, 0xb5, 0xd6, 0xb5, 0xd6, 0xb5, 0xd6, 0xb5, 
	0xd6, 0xb5, 0xd6, 0xb5, 0xd6, 0xb5, 0xd6, 0xb5, 
	0xce, 0x73, 0x94, 0xa9, 0x63, 0x63, 0x63, 0x61, 
	0x5b, 0x21, 0x5b, 0x1f, 0x5b, 0x1d, 0x5a, 0xdd, 
	0xce, 0x73, 0xce, 0x73, 0xce, 0x73, 0xce, 0x73, 
	0xce, 0x73, 0xce, 0x73, 0xce, 0x73, 0xce, 0x73, 
	0xce, 0x73, 0xce, 0x73, 0xce, 0x73, 0xd6, 0xb5, 
	0xd6, 0xb3, 0xce, 0x73, 0xce, 0x73, 0xce, 0x73, 
	0xce, 0x73, 0xce, 0x73, 0xce, 0x73, 0xce, 0x73, 
	0xce, 0x73, 0xce, 0x73, 0xce, 0x73, 0xce, 0x73, 
	0xce, 0x73, 0xc6, 0x31, 0x8c, 0x67, 0x63, 0x61, 
	0x5b, 0x21, 0x63, 0x63, 0x5b, 0x21, 0x5b, 0x1f, 
	0xce, 0x73, 0xce, 0x73, 0xce, 0x73, 0xce, 0x73, 
	0xce, 0x73, 0xce, 0x73, 0xce, 0x73, 0xce, 0x73, 
	0xce, 0x73, 0xce, 0x73, 0xce, 0x73, 0xce, 0x73, 
	0xce, 0x73, 0xce, 0x73, 0xce, 0x73, 0xce, 0x73, 
	0xce, 0x73, 0xce, 0x73, 0xce, 0x73, 0xce, 0x73, 
	0xce, 0x73, 0xce, 0x73, 0xce, 0x73, 0xce, 0x73, 
	0xce, 0x73, 0xce, 0x73, 0xc6, 0x31, 0x94, 0xa9, 
	0x63, 0x61, 0x5b, 0x61, 0x5b, 0x21, 0x5b, 0x1f, 
	0xce, 0x73, 0xce, 0x73, 0xce, 0x73, 0xce, 0x73, 
	0xce, 0x73, 0xce, 0x73, 0xce, 0x73, 0xce, 0x73, 
	0xce, 0x73, 0xce, 0x73, 0xce, 0x73, 0xce, 0x73, 
	0xce, 0x73, 0xce, 0x73, 0xce, 0x73, 0xce, 0x73, 
	0xce, 0x73, 0xce, 0x73, 0xce, 0x73, 0xce, 0x73, 
	0xce, 0x73, 0xce, 0x73, 0xce, 0x73, 0xce, 0x73, 
	0xce, 0x73, 0xce, 0x73, 0xce, 0x73, 0xce, 0x33, 
	0xad, 0x6d, 0x73, 0xa3, 0x5b, 0x1f, 0x52, 0xdb, 
	0xce, 0x73, 0xce, 0x73, 0xce, 0x73, 0xce, 0x73, 
	0xce, 0x73, 0xce, 0x73, 0xce, 0x73, 0xce, 0x73, 
	0xce, 0x73, 0xce, 0x73, 0xce, 0x73, 0xce, 0x73, 
	0xce, 0x73, 0xce, 0x73, 0xce, 0x73, 0xce, 0x73, 
	0xce, 0x73, 0xce, 0x73, 0xce, 0x73, 0xce, 0x73, 
	0xce, 0x73, 0xce, 0x73, 0xce, 0x73, 0xce, 0x73, 
	0xce, 0x73, 0xce, 0x73, 0xce, 0x73, 0xce, 0x73, 
	0xce, 0x73, 0xc6, 0x31, 0x9c, 0xe9, 0x6b, 0x5f, 
	0xce, 0x73, 0xce, 0x73, 0xce, 0x73, 0xce, 0x73, 
	0xce, 0x73, 0xce, 0x73, 0xce, 0x73, 0xce, 0x73, 
	0xce, 0x73, 0xce, 0x73, 0xce, 0x73, 0xce, 0x73, 
	0xce, 0x73, 0xce, 0x73, 0xce, 0x73, 0xce, 0x73, 
	0xce, 0x73, 0xce, 0x73, 0xce, 0x73, 0xce, 0x73, 
	0xce, 0x73, 0xce, 0x73, 0xce, 0x73, 0xce, 0x73, 
	0xce, 0x73, 0xce, 0x73, 0xce, 0x73, 0xce, 0x73, 
	0xce, 0x73, 0xce, 0x73, 0xc6, 0x31, 0xbd, 0xef, 
	0xce, 0x73, 0xce, 0x33, 0xce, 0x73, 0xce, 0x73, 
	0xce, 0x73, 0xce, 0x73, 0xc6, 0x33, 0xc6, 0x31, 
	0xc6, 0x31, 0xc6, 0x31, 0xc6, 0x31, 0xc6, 0x31, 
	0xc6, 0x31, 0xc6, 0x31, 0xc6, 0x31, 0xc6, 0x31, 
	0xc6, 0x31, 0xc6, 0x31, 0xc6, 0x31, 0xc6, 0x31, 
	0xc6, 0x31, 0xc6, 0x31, 0xc6, 0x31, 0xc6, 0x31, 
	0xc6, 0x31, 0xc6, 0x31, 0xc6, 0x31, 0xc6, 0x31, 
	0xc6, 0x31, 0xc6, 0x31, 0xc6, 0x31, 0xc6, 0x31, 
	0xc6, 0x31, 0xc6, 0x31, 0xc6, 0x31, 0xc6, 0x31, 
	0xc6, 0x31, 0xc6, 0x31, 0xc6, 0x31, 0xc6, 0x31, 
	0xc6, 0x31, 0xc6, 0x31, 0xc6, 0x31, 0xc6, 0x31, 
	0xc6, 0x31, 0xc6, 0x31, 0xc6, 0x31, 0xc6, 0x31, 
	0xc6, 0x31, 0xc6, 0x31, 0xc6, 0x31, 0xc6, 0x31, 
	0xc6, 0x31, 0xc6, 0x31, 0xc6, 0x31, 0xc6, 0x31, 
	0xc6, 0x31, 0xc6, 0x31, 0xc6, 0x31, 0xc6, 0x31, 
	0xc6, 0x31, 0xc6, 0x31, 0xc6, 0x31, 0xc6, 0x31, 
	0xc6, 0x31, 0xc6, 0x31, 0xc6, 0x31, 0xc6, 0x31, 
	0xc6, 0x31, 0xc6, 0x31, 0xc6, 0x31, 0xc6, 0x31, 
	0xc6, 0x31, 0xc6, 0x31, 0xc6, 0x31, 0xc6, 0x31, 
	0xc6, 0x31, 0xc6, 0x31, 0xc6, 0x31, 0xc6, 0x31, 
	0xc6, 0x31, 0xc6, 0x31, 0xc6, 0x31, 0xc6, 0x31, 
	0xc6, 0x31, 0xc6, 0x31, 0xc6, 0x31, 0xc6, 0x31, 
	0xc6, 0x31, 0xc6, 0x31, 0xc6, 0x31, 0xc6, 0x31, 
	0xc6, 0x31, 0xc6, 0x31, 0xc6, 0x31, 0xc6, 0x31, 
	0xc6, 0x31, 0xc6, 0x31, 0xc6, 0x31, 0xc6, 0x31, 
	0xc6, 0x31, 0xc6, 0x31, 0xc6, 0x31, 0xc6, 0x31, 
	0xc6, 0x31, 0xc6, 0x31, 0xc6, 0x31, 0xc6, 0x31, 
	0xc6, 0x31, 0xc6, 0x31, 0xc6, 0x31, 0xc6, 0x31, 
	0xc6, 0x31, 0xc6, 0x31, 0xc6, 0x31, 0xc6, 0x31, 
	0xc6, 0x31, 0xc6, 0x31, 0xc6, 0x31, 0xc6, 0x31, 
	0xc6, 0x31, 0xc6, 0x31, 0xc6, 0x31, 0xc6, 0x31, 
	0xc6, 0x31, 0xc6, 0x31, 0xc6, 0x31, 0xc6, 0x31, 
	0xc6, 0x31, 0xc6, 0x31, 0xc6, 0x31, 0xc6, 0x31, 
	0xc6, 0x31, 0xc6, 0x31, 0xc6, 0x31, 0xc6, 0x31, 
	0xc6, 0x31, 0xc6, 0x31, 0xc6, 0x31, 0xc6, 0x31, 
	0xc6, 0x31, 0xc6, 0x31, 0xc6, 0x31, 0xc6, 0x31, 
	0xc6, 0x31, 0xc6, 0x31, 0xc6, 0x31, 0xc6, 0x31, 
	0xc6, 0x31, 0xc6, 0x31, 0xc6, 0x31, 0xc6, 0x31, 
	0xc6, 0x31, 0xc6, 0x31, 0xc6, 0x31, 0xc6, 0x31, 
	0xc6, 0x31, 0xc6, 0x31, 0xc6, 0x31, 0xc6, 0x31, 
	0xc6, 0x31, 0xc6, 0x31, 0xc6, 0x31, 0xc6, 0x31, 
	0xc6, 0x31, 0xc6, 0x31, 0xc6, 0x31, 0xc6, 0x31, 
	0xc6, 0x31, 0xc6, 0x31, 0xc6, 0x31, 0xc6, 0x31, 
	0xc6, 0x31, 0xc6, 0x31, 0xc6, 0x31, 0xc6, 0x31, 
	0xc6, 0x31, 0xc6, 0x31, 0xc6, 0x31, 0xc6, 0x31, 
	0xc6, 0x31, 0xc6, 0x31, 0xc6, 0x31, 0xc6, 0x31, 
	0xc6, 0x31, 0xc6, 0x31, 0xc6, 0x31, 0xc6, 0x31, 
	0xc6, 0x31, 0xc6, 0x31, 0xc6, 0x31, 0xc6, 0x31, 
	0xc6, 0x31, 0xc6, 0x31, 0xc6, 0x31, 0xbd, 0xf1, 
	0xc6, 0x31, 0xc6, 0x31, 0xc6, 0x31, 0xc6, 0x31, 
	0xc6, 0x31, 0xc6, 0x31, 0xc5, 0xf1, 0xbd, 0xef, 
	0xbd, 0xef, 0xbd, 0xef, 0xbd, 0xef, 0xbd, 0xef, 
	0xbd, 0xef, 0xbd, 0xef, 0xbd, 0xef, 0xbd, 0xef, 
	0xbd, 0xef, 0xbd, 0xef, 0xbd, 0xef, 0xbd, 0xef, 
	0xbd, 0xef, 0xbd, 0xef, 0xbd, 0xef, 0xc6, 0x31, 
	0xc6, 0x31, 0xbd, 0xf1, 0xbd, 0xef, 0xbd, 0xef, 
	0xbd, 0xef, 0xbd, 0xef, 0xbd, 0xef, 0xbd, 0xef, 
	0xbd, 0xef, 0xbd, 0xef, 0xbd, 0xef, 0xbd, 0xef, 
	0xbd, 0xef, 0xc6, 0x31, 0xbd, 0xef, 0xbd, 0xef, 
	0xbd, 0xef, 0xbd, 0xef, 0xbd, 0xef, 0xbd, 0xef, 
	0xbd, 0xef, 0xbd, 0xef, 0xbd, 0xef, 0xbd, 0xef, 
	0xbd, 0xef, 0xbd, 0xef, 0xbd, 0xef, 0xbd, 0xef, 
	0xbd, 0xef, 0xbd, 0xef, 0xbd, 0xef, 0xbd, 0xef, 
	0xbd, 0xef, 0xbd, 0xef, 0xbd, 0xef, 0xbd, 0xef, 
	0xbd, 0xef, 0xbd, 0xef, 0xbd, 0xef, 0xbd, 0xef, 
	0xbd, 0xef, 0xbd, 0xef, 0xbd, 0xef, 0xbd, 0xef, 
	0xbd, 0xef, 0xbd, 0xef, 0xbd, 0xef, 0xbd, 0xef, 
	0xbd, 0xef, 0xbd, 0xef, 0xbd, 0xef, 0xbd, 0xef, 
	0xbd, 0xef, 0xbd, 0xef, 0xbd, 0xef, 0xbd, 0xef, 
	0xbd, 0xef, 0xbd, 0xef, 0xbd, 0xef, 0xbd, 0xef, 
	0xbd, 0xef, 0xbd, 0xef, 0xbd, 0xef, 0xbd, 0xef, 
	0xbd, 0xef, 0xbd, 0xef, 0xbd, 0xef, 0xbd, 0xef, 
	0xbd, 0xef, 0xbd, 0xef, 0xbd, 0xef, 0xbd, 0xef, 
	0xbd, 0xef, 0xbd, 0xef, 0xbd, 0xef, 0xbd, 0xef, 
	0xbd, 0xef, 0xbd, 0xef, 0xbd, 0xef, 0xbd, 0xef, 
	0xbd, 0xef, 0xbd, 0xef, 0xbd, 0xef, 0xbd, 0xef, 
	0xbd, 0xef, 0xbd, 0xef, 0xbd, 0xef, 0xbd, 0xef, 
	0xbd, 0xef, 0xbd, 0xef, 0xbd, 0xef, 0xbd, 0xef, 
	0xbd, 0xef, 0xbd, 0xef, 0xbd, 0xef, 0xbd, 0xef, 
	0xbd, 0xef, 0xbd, 0xef, 0xbd, 0xef, 0xbd, 0xef, 
	0xbd, 0xef, 0xbd, 0xef, 0xbd, 0xef, 0xbd, 0xef, 
	0xbd, 0xef, 0xbd, 0xef, 0xbd, 0xef, 0xbd, 0xef, 
	0xbd, 0xef, 0xbd, 0xef, 0xbd, 0xef, 0xbd, 0xef, 
	0xbd, 0xef, 0xbd, 0xef, 0xbd, 0xef, 0xbd, 0xef, 
	0xbd, 0xef, 0xbd, 0xef, 0xbd, 0xef, 0xbd, 0xef, 
	0xbd, 0xef, 0xbd, 0xef, 0xbd, 0xef, 0xbd, 0xef, 
	0xbd, 0xef, 0xbd, 0xef, 0xbd, 0xef, 0xbd, 0xef, 
	0xbd, 0xef, 0xbd, 0xef, 0xbd, 0xef, 0xbd, 0xef, 
	0xbd, 0xef, 0xbd, 0xef, 0xbd, 0xef, 0xbd, 0xef, 
	0xbd, 0xef, 0xbd, 0xef, 0xbd, 0xef, 0xbd, 0xef, 
	0xbd, 0xef, 0xbd, 0xef, 0xbd, 0xef, 0xbd, 0xef, 
	0xbd, 0xef, 0xbd, 0xef, 0xbd, 0xef, 0xbd, 0xef, 
	0xbd, 0xef, 0xbd, 0xef, 0xbd, 0xef, 0xbd, 0xef, 
	0xbd, 0xef, 0xbd, 0xef, 0xbd, 0xef, 0xbd, 0xef, 
	0xbd, 0xef, 0xbd, 0xef, 0xbd, 0xef, 0xbd, 0xef, 
	0xbd, 0xef, 0xbd, 0xef, 0xbd, 0xef, 0xbd, 0xef, 
	0xbd, 0xef, 0xbd, 0xef, 0xb5, 0xad, 0xbd, 0xef, 
	0xb5, 0xef, 0xbd, 0xef, 0xbd, 0xef, 0xbd, 0xef, 
	0xbd, 0xef, 0xbd, 0xef, 0xbd, 0xef, 0xbd, 0xef, 
	0xbd, 0xef, 0xbd, 0xef, 0xbd, 0xef, 0xbd, 0xef, 
	0xb5, 0xad, 0xb5, 0xad, 0xb5, 0xad, 0xb5, 0xad, 
	0xb5, 0xad, 0xb5, 0xad, 0xb5, 0xad, 0xbd, 0xef, 
	0xbd, 0xed, 0xb5, 0xad, 0xb5, 0xad, 0xb5, 0xad, 
	0xb5, 0xad, 0xbd, 0xed, 0xbd, 0xef, 0xbd, 0xef, 
	0x73, 0x9d, 0x73, 0x9d, 0x73, 0x9d, 0x73, 0x9d, 
	0x84, 0x21, 0x94, 0xa5, 0xad, 0x6b, 0xb5, 0xad, 
	0xb5, 0xad, 0xb5, 0xad, 0xbd, 0xaf, 0xbd, 0xaf, 
	0xbd, 0xaf, 0xbd, 0xad, 0xb5, 0xad, 0xb5, 0xad, 
	0x84, 0x21, 0x6b, 0x5b, 0x6b, 0x5b, 0x6b, 0x5b, 
	0x6b, 0x5b, 0x6b, 0x5b, 0x6b, 0x5b, 0x73, 0x9d, 
	0x73, 0x5b, 0x6b, 0x5b, 0x73, 0x9d, 0x6b, 0x5b, 
	0x73, 0x9d, 0xb5, 0xad, 0xb5, 0xad, 0xb5, 0xad, 
	0x00, 0x01, 0x00, 0x01, 0x00, 0x01, 0x00, 0x01, 
	0x00, 0x01, 0x10, 0x85, 0x29, 0x4b, 0x63, 0x19, 
	0x9c, 0xe7, 0xb5, 0xad, 0xb5, 0xad, 0xb5, 0xad, 
	0xb5, 0xad, 0xb5, 0xad, 0xb5, 0xad, 0xb5, 0xad, 
	0x63, 0x19, 0x00, 0x01, 0x00, 0x01, 0x00, 0x01, 
	0x00, 0x01, 0x00, 0x01, 0x00, 0x01, 0x00, 0x01, 
	0x00, 0x01, 0x00, 0x01, 0x00, 0x01, 0x00, 0x01, 
	0x21, 0x09, 0xad, 0x6b, 0xb5, 0xad, 0xb5, 0xad, 
	0x00, 0x01, 0x00, 0x01, 0x00, 0x01, 0x00, 0x01, 
	0x00, 0x01, 0x00, 0x01, 0x00, 0x01, 0x00, 0x01, 
	0x21, 0x09, 0x8c, 0x63, 0xb5, 0xad, 0xb5, 0xad, 
	0xb5, 0xad, 0xb5, 0xad, 0xb5, 0xad, 0xb5, 0xad, 
	0x63, 0x19, 0x00, 0x01, 0x00, 0x01, 0x00, 0x01, 
	0x00, 0x01, 0x00, 0x01, 0x00, 0x01, 0x00, 0x01, 
	0x00, 0x01, 0x00, 0x01, 0x00, 0x01, 0x00, 0x01, 
	0x21, 0x09, 0xad, 0x6b, 0xb5, 0xad, 0xb5, 0xad, 
	0x18, 0xc7, 0x21, 0x09, 0x21, 0x09, 0x18, 0xc7, 
	0x00, 0x01, 0x00, 0x01, 0x00, 0x01, 0x00, 0x01, 
	0x00, 0x01, 0x29, 0x4b, 0xa5, 0x29, 0xb5, 0xad, 
	0xb5, 0xad, 0xb5, 0xad, 0xb5, 0xad, 0xb5, 0xad, 
	0x63, 0x19, 0x00, 0x01, 0x00, 0x01, 0x00, 0x01, 
	0x00, 0x01, 0x21, 0x09, 0x21, 0x09, 0x21, 0x09, 
	0x21, 0x09, 0x21, 0x09, 0x21, 0x09, 0x21, 0x09, 
	0x31, 0x8d, 0xad, 0x6b, 0xb5, 0xad, 0xb5, 0xad, 
	0x84, 0x21, 0x9c, 0xe7, 0x9c, 0xe7, 0x94, 0xa5, 
	0x7b, 0xdf, 0x31, 0xcf, 0x00, 0x01, 0x00, 0x01, 
	0x00, 0x01, 0x00, 0x01, 0x73, 0x9d, 0xb5, 0xad, 
	0xb5, 0xad, 0xb5, 0xad, 0xb5, 0xad, 0xb5, 0xad, 
	0x63, 0x19, 0x00, 0x01, 0x00, 0x01, 0x00, 0x01, 
	0x21, 0x09, 0x9c, 0xe7, 0x9c, 0xe7, 0x9c, 0xe7, 
	0x9c, 0xe7, 0x9c, 0xe7, 0x9c, 0xe7, 0x9c, 0xe7, 
	0xa5, 0x29, 0xb5, 0xad, 0xb5, 0xad, 0xb5, 0xad, 
	0x94, 0xa5, 0xb5, 0xad, 0xb5, 0xad, 0xb5, 0xad, 
	0xad, 0x6b, 0x9c, 0xe7, 0x21, 0x09, 0x00, 0x01, 
	0x00, 0x01, 0x00, 0x01, 0x42, 0x11, 0xad, 0x6b, 
	0xb5, 0xad, 0xb5, 0xad, 0xb5, 0xad, 0xb5, 0x6d, 
	0x63, 0x19, 0x00, 0x01, 0x00, 0x01, 0x00, 0x01, 
	0x29, 0x4b, 0xad, 0x6b, 0xb5, 0xad, 0xb5, 0xad, 
	0xb5, 0xad, 0xb5, 0xad, 0xb5, 0xad, 0xb5, 0xad, 
	0xb5, 0xad, 0xb5, 0xad, 0xb5, 0xad, 0xb5, 0xad, 
	0x94, 0xa5, 0xad, 0x6b, 0xad, 0x6b, 0xad, 0x6b, 
	0xad, 0x6b, 0xad, 0x6b, 0x52, 0x95, 0x00, 0x01, 
	0x00, 0x01, 0x00, 0x01, 0x29, 0x4b, 0xad, 0x6b, 
	0xb5, 0xad, 0xb5, 0xad, 0xb5, 0xad, 0xad, 0x6b, 
	0x5a, 0xd7, 0x00, 0x01, 0x00, 0x01, 0x00, 0x01, 
	0x29, 0x4b, 0xad, 0x6b, 0xb5, 0xab, 0xb5, 0xad, 
	0xb5, 0xad, 0xb5, 0xad, 0xb5, 0xad, 0xb5, 0xad, 
	0xb5, 0xad, 0xb5, 0xad, 0xb5, 0xad, 0xb5, 0xad, 
	0x8c, 0x63, 0xad, 0x6b, 0xad, 0x6b, 0xad, 0x6b, 
	0xad, 0x6b, 0xad, 0x6b, 0x52, 0x95, 0x00, 0x01, 
	0x00, 0x01, 0x00, 0x01, 0x29, 0x4b, 0xad, 0x6b, 
	0xad, 0x6b, 0xad, 0x6b, 0xad, 0x6b, 0xad, 0x6b, 
	0x5a, 0xd7, 0x00, 0x01, 0x00, 0x01, 0x00, 0x01, 
	0x29, 0x4b, 0xad, 0x6b, 0xad, 0x6b, 0xad, 0x6b, 
	0xad, 0x6b, 0xad, 0x6b, 0xad, 0x6b, 0xad, 0x6b, 
	0xad, 0x6b, 0xad, 0x6b, 0xad, 0x6b, 0xad, 0x6b, 
	0x8c, 0x63, 0xad, 0x6b, 0xad, 0x6b, 0xad, 0x6b, 
	0xad, 0x6b, 0xa5, 0x29, 0x31, 0x8d, 0x00, 0x01, 
	0x00, 0x01, 0x00, 0x01, 0x4a, 0x53, 0xad, 0x6b, 
	0xad, 0x6b, 0xad, 0x6b, 0xad, 0x6b, 0xad, 0x6b, 
	0x5a, 0xd7, 0x00, 0x01, 0x00, 0x01, 0x00, 0x01, 
	0x29, 0x4b, 0xa5, 0x29, 0xad, 0x6b, 0xad, 0x6b, 
	0xad, 0x6b, 0xad, 0x6b, 0xad, 0x6b, 0xad, 0x6b, 
	0xad, 0x6b, 0xad, 0x6b, 0xad, 0x6b, 0xad, 0x6b, 
	
};

Gfx INTRO_SCREEN_tile_6_2_rgba16_aligner[] = {gsSPEndDisplayList()};
u8 INTRO_SCREEN_tile_6_2_rgba16[] = {
	0x8c, 0x63, 0xad, 0x6b, 0xad, 0x6b, 0xad, 0x6b, 
	0xad, 0x6b, 0xad, 0x6b, 0x52, 0x95, 0x00, 0x01, 
	0x00, 0x01, 0x00, 0x01, 0x29, 0x4b, 0xad, 0x6b, 
	0xad, 0x6b, 0xad, 0x6b, 0xad, 0x6b, 0xad, 0x6b, 
	0x5a, 0xd7, 0x00, 0x01, 0x00, 0x01, 0x00, 0x01, 
	0x29, 0x4b, 0xad, 0x6b, 0xad, 0x6b, 0xad, 0x6b, 
	0xad, 0x6b, 0xad, 0x6b, 0xad, 0x6b, 0xad, 0x6b, 
	0xad, 0x6b, 0xad, 0x6b, 0xad, 0x6b, 0xad, 0x6b, 
	0x8c, 0x63, 0xad, 0x6b, 0xad, 0x6b, 0xad, 0x6b, 
	0xad, 0x6b, 0xa5, 0x29, 0x31, 0x8d, 0x00, 0x01, 
	0x00, 0x01, 0x00, 0x01, 0x4a, 0x53, 0xad, 0x6b, 
	0xad, 0x6b, 0xad, 0x6b, 0xad, 0x6b, 0xad, 0x6b, 
	0x5a, 0xd7, 0x00, 0x01, 0x00, 0x01, 0x00, 0x01, 
	0x29, 0x4b, 0xa5, 0x29, 0xad, 0x6b, 0xad, 0x6b, 
	0xad, 0x6b, 0xad, 0x6b, 0xad, 0x6b, 0xad, 0x6b, 
	0xad, 0x6b, 0xad, 0x6b, 0xad, 0x6b, 0xad, 0x6b, 
	0x8c, 0x63, 0xad, 0x6b, 0xad, 0x6b, 0xad, 0x6b, 
	0x9c, 0xe7, 0x5a, 0xd7, 0x00, 0x01, 0x00, 0x01, 
	0x00, 0x01, 0x08, 0x43, 0x7b, 0xdf, 0xad, 0x6b, 
	0xad, 0x6b, 0xad, 0x6b, 0xad, 0x6b, 0xad, 0x6b, 
	0x5a, 0xd7, 0x00, 0x01, 0x00, 0x01, 0x00, 0x01, 
	0x08, 0x43, 0x42, 0x11, 0x42, 0x11, 0x42, 0x11, 
	0x42, 0x11, 0x42, 0x11, 0x42, 0x11, 0x42, 0x11, 
	0x84, 0x21, 0xad, 0x6b, 0xad, 0x6b, 0xad, 0x6b, 
	0x4a, 0x53, 0x5a, 0xd7, 0x52, 0x95, 0x42, 0x11, 
	0x21, 0x09, 0x00, 0x01, 0x00, 0x01, 0x00, 0x01, 
	0x00, 0x01, 0x4a, 0x53, 0xa5, 0x29, 0xad, 0x6b, 
	0xad, 0x6b, 0xad, 0x6b, 0xad, 0x6b, 0xad, 0x6b, 
	0x5a, 0xd7, 0x00, 0x01, 0x00, 0x01, 0x00, 0x01, 
	0x00, 0x01, 0x00, 0x01, 0x00, 0x01, 0x00, 0x01, 
	0x00, 0x01, 0x00, 0x01, 0x00, 0x01, 0x00, 0x01, 
	0x73, 0x9d, 0xad, 0x6b, 0xad, 0x6b, 0xad, 0x6b, 
	0x00, 0x01, 0x00, 0x01, 0x00, 0x01, 0x00, 0x01, 
	0x00, 0x01, 0x00, 0x01, 0x00, 0x01, 0x08, 0x43, 
	0x4a, 0x53, 0x9c, 0xe7, 0xad, 0x6b, 0xad, 0x6b, 
	0xad, 0x6b, 0xad, 0x6b, 0xad, 0x6b, 0xad, 0x6b, 
	0x5a, 0xd7, 0x00, 0x01, 0x00, 0x01, 0x00, 0x01, 
	0x00, 0x01, 0x00, 0x01, 0x00, 0x01, 0x00, 0x01, 
	0x00, 0x01, 0x00, 0x01, 0x00, 0x01, 0x00, 0x01, 
	0x73, 0x9d, 0xad, 0x6b, 0xad, 0x6b, 0xad, 0x6b, 
	0x00, 0x01, 0x00, 0x01, 0x00, 0x01, 0x00, 0x01, 
	0x00, 0x01, 0x00, 0x01, 0x10, 0x85, 0x73, 0x9d, 
	0xa5, 0x29, 0xad, 0x6b, 0xad, 0x6b, 0xad, 0x6b, 
	0xad, 0x6b, 0xad, 0x6b, 0xad, 0x6b, 0xad, 0x6b, 
	0x5a, 0xd7, 0x00, 0x01, 0x00, 0x01, 0x00, 0x01, 
	0x08, 0x43, 0x31, 0x8d, 0x31, 0x8d, 0x31, 0x8d, 
	0x31, 0x8d, 0x31, 0x8d, 0x31, 0x8d, 0x31, 0x8d, 
	0x7b, 0xdf, 0xad, 0x6b, 0xad, 0x6b, 0xad, 0x6b, 
	0x21, 0x09, 0x29, 0x4b, 0x29, 0x0b, 0x08, 0x43, 
	0x00, 0x01, 0x00, 0x01, 0x18, 0xc7, 0x8c, 0x63, 
	0xa5, 0x29, 0xad, 0x6b, 0xad, 0x6b, 0xad, 0x6b, 
	0xad, 0x6b, 0xad, 0x6b, 0xad, 0x6b, 0xa5, 0x29, 
	0x5a, 0xd7, 0x00, 0x01, 0x00, 0x01, 0x00, 0x01, 
	0x21, 0x09, 0x9c, 0xe7, 0xa5, 0x29, 0xa5, 0x29, 
	0xa5, 0x29, 0xa5, 0x29, 0xa5, 0x29, 0xa5, 0x29, 
	0xa5, 0x29, 0xad, 0x6b, 0xad, 0x29, 0xa5, 0x29, 
	0x83, 0xe1, 0x9c, 0xe7, 0x9c, 0xe7, 0x4a, 0x53, 
	0x00, 0x01, 0x00, 0x01, 0x00, 0x01, 0x42, 0x11, 
	0x9c, 0xe7, 0xa5, 0x29, 0xa5, 0x29, 0xa5, 0x29, 
	0xa5, 0x29, 0xa5, 0x29, 0xa5, 0x29, 0xa5, 0x29, 
	0x5a, 0xd7, 0x00, 0x01, 0x00, 0x01, 0x00, 0x01, 
	0x21, 0x09, 0xa5, 0x29, 0xa5, 0x29, 0xa5, 0x29, 
	0xa5, 0x29, 0xa5, 0x29, 0xa5, 0x29, 0xa5, 0x29, 
	0xa5, 0x29, 0xa5, 0x29, 0xa5, 0x29, 0xa5, 0x29, 
	0x84, 0x21, 0xa5, 0x29, 0xa5, 0x29, 0x8c, 0x63, 
	0x21, 0x09, 0x00, 0x01, 0x00, 0x01, 0x08, 0x43, 
	0x6b, 0x5b, 0xa5, 0x29, 0xa5, 0x29, 0xa5, 0x29, 
	0xa5, 0x29, 0xa5, 0x29, 0xa5, 0x29, 0xa5, 0x29, 
	0x5a, 0xd7, 0x00, 0x01, 0x00, 0x01, 0x00, 0x01, 
	0x21, 0x09, 0xa5, 0x29, 0xa5, 0x29, 0xa5, 0x29, 
	0xa5, 0x29, 0xa5, 0x29, 0xa5, 0x29, 0xa5, 0x29, 
	0xa5, 0x29, 0xa5, 0x29, 0xa5, 0x29, 0xa5, 0x29, 
	0x84, 0x21, 0xa5, 0x29, 0xa5, 0x29, 0xa5, 0x29, 
	0x6b, 0x5b, 0x08, 0x43, 0x00, 0x01, 0x00, 0x01, 
	0x18, 0xc7, 0x8c, 0x63, 0xa5, 0x29, 0xa5, 0x29, 
	0xa5, 0x29, 0xa5, 0x29, 0xa5, 0x29, 0xa5, 0x29, 
	0x5a, 0xd7, 0x00, 0x01, 0x00, 0x01, 0x00, 0x01, 
	0x21, 0x09, 0x9c, 0xe9, 0xa5, 0x29, 0xa5, 0x29, 
	0xa5, 0x29, 0xa5, 0x29, 0xa5, 0x29, 0xa5, 0x29, 
	0xa5, 0x29, 0xa5, 0x29, 0xa5, 0x29, 0xa5, 0x29, 
	0x84, 0x21, 0xa5, 0x29, 0xa5, 0x29, 0xa5, 0x29, 
	0x9c, 0xe7, 0x39, 0xcf, 0x00, 0x01, 0x00, 0x01, 
	0x00, 0x01, 0x42, 0x11, 0x9c, 0xe7, 0xa5, 0x29, 
	0xa5, 0x29, 0xa5, 0x29, 0xa5, 0x29, 0xa5, 0x29, 
	0x5a, 0xd7, 0x00, 0x01, 0x00, 0x01, 0x00, 0x01, 
	0x21, 0x09, 0x9c, 0xe7, 0xa5, 0x29, 0xa5, 0x29, 
	0xa5, 0x29, 0xa5, 0x29, 0xa5, 0x29, 0xa5, 0x29, 
	0xa5, 0x29, 0xa5, 0x29, 0xa5, 0x29, 0xa5, 0x29, 
	0x84, 0x21, 0xa5, 0x29, 0xa5, 0x29, 0xa5, 0x29, 
	0xa5, 0x29, 0x84, 0x21, 0x10, 0x85, 0x00, 0x01, 
	0x00, 0x01, 0x00, 0x01, 0x63, 0x19, 0x9c, 0xe7, 
	0xa5, 0x29, 0xa5, 0x29, 0xa5, 0x29, 0x9c, 0xe7, 
	0x52, 0x95, 0x00, 0x01, 0x00, 0x01, 0x00, 0x01, 
	0x21, 0x09, 0x84, 0x21, 0x8c, 0x63, 0x8c, 0x63, 
	0x8c, 0x63, 0x8c, 0x63, 0x8c, 0x63, 0x8c, 0x63, 
	0x8c, 0x63, 0x9c, 0xe7, 0xa5, 0x29, 0xa5, 0x29, 
	0x84, 0x21, 0x9c, 0xe7, 0x9c, 0xe7, 0xa5, 0x29, 
	0xa5, 0x29, 0x9c, 0xe7, 0x5a, 0xd7, 0x00, 0x01, 
	0x00, 0x01, 0x00, 0x01, 0x18, 0xc7, 0x84, 0x21, 
	0x9c, 0xe7, 0x9c, 0xe7, 0x9c, 0xe7, 0x9c, 0xe7, 
	0x52, 0x95, 0x00, 0x01, 0x00, 0x01, 0x00, 0x01, 
	0x00, 0x01, 0x10, 0x85, 0x10, 0x85, 0x10, 0x85, 
	0x10, 0x85, 0x10, 0x85, 0x10, 0x85, 0x10, 0x85, 
	0x21, 0x09, 0x94, 0xa5, 0x9c, 0xe7, 0x9c, 0xe7, 
	0x84, 0x21, 0x9c, 0xe7, 0x9c, 0xe7, 0x9c, 0xe7, 
	0x9c, 0xe7, 0x9c, 0xe7, 0x8c, 0x63, 0x29, 0x4b, 
	0x00, 0x01, 0x00, 0x01, 0x00, 0x01, 0x39, 0xcf, 
	0x94, 0xa5, 0x9c, 0xe7, 0x9c, 0xe7, 0x9c, 0xe7, 
	0x52, 0x95, 0x00, 0x01, 0x00, 0x01, 0x00, 0x01, 
	0x00, 0x01, 0x00, 0x01, 0x00, 0x01, 0x00, 0x01, 
	0x00, 0x01, 0x00, 0x01, 0x00, 0x01, 0x00, 0x01, 
	0x18, 0xc7, 0x94, 0xa5, 0x9c, 0xe7, 0x9c, 0xe7, 
	0x83, 0xe1, 0x9c, 0xe7, 0x9c, 0xe7, 0x9c, 0xe7, 
	0x9c, 0xe7, 0x9c, 0xe7, 0x9c, 0xe7, 0x73, 0x9d, 
	0x08, 0x43, 0x00, 0x01, 0x00, 0x01, 0x00, 0x01, 
	0x63, 0x19, 0x9c, 0xe7, 0x9c, 0xe7, 0x9c, 0xe7, 
	0x52, 0x95, 0x00, 0x01, 0x00, 0x01, 0x00, 0x01, 
	0x00, 0x01, 0x00, 0x01, 0x00, 0x01, 0x00, 0x01, 
	0x00, 0x01, 0x00, 0x01, 0x00, 0x01, 0x00, 0x01, 
	0x18, 0xc7, 0x94, 0xa5, 0x9c, 0xe7, 0x9c, 0xe7, 
	0x8c, 0x63, 0x9c, 0xe7, 0x9c, 0xe7, 0x9c, 0xe7, 
	0x9c, 0xe7, 0x9c, 0xe7, 0x9c, 0xe7, 0x94, 0xa5, 
	0x6b, 0x5b, 0x63, 0x19, 0x63, 0x19, 0x63, 0x19, 
	0x6b, 0x5b, 0x94, 0xa5, 0x9c, 0xe7, 0x9c, 0xe7, 
	0x73, 0x9d, 0x63, 0x19, 0x63, 0x19, 0x63, 0x19, 
	0x63, 0x19, 0x63, 0x19, 0x63, 0x19, 0x63, 0x19, 
	0x63, 0x19, 0x63, 0x19, 0x63, 0x19, 0x63, 0x19, 
	0x63, 0x19, 0x94, 0xa5, 0x9c, 0xe7, 0x9c, 0xe7, 
	0x9c, 0xe7, 0x9c, 0xe7, 0x9c, 0xe7, 0x9c, 0xe7, 
	0x9c, 0xe7, 0x9c, 0xe7, 0x9c, 0xe7, 0x9c, 0xe7, 
	0x9c, 0xe7, 0x9c, 0xe7, 0x9c, 0xe7, 0x9c, 0xe7, 
	0x9c, 0xe7, 0x9c, 0xe7, 0x9c, 0xe7, 0x9c, 0xe7, 
	0x9c, 0xe7, 0x9c, 0xe7, 0x9c, 0xe7, 0x9c, 0xe7, 
	0x9c, 0xe7, 0x9c, 0xe7, 0x9c, 0xe7, 0x9c, 0xe7, 
	0x9c, 0xe7, 0x9c, 0xe7, 0x9c, 0xe7, 0x9c, 0xe7, 
	0x9c, 0xe7, 0x9c, 0xe7, 0x9c, 0xe7, 0x9c, 0xe7, 
	0x9c, 0xe7, 0x9c, 0xe7, 0x9c, 0xe7, 0x9c, 0xe7, 
	0x9c, 0xe7, 0x9c, 0xe7, 0x9c, 0xe7, 0x9c, 0xe7, 
	0x9c, 0xe7, 0x9c, 0xe7, 0x9c, 0xe7, 0x9c, 0xe7, 
	0x9c, 0xe7, 0x9c, 0xe7, 0x9c, 0xe7, 0x9c, 0xe7, 
	0x9c, 0xe7, 0x9c, 0xe7, 0x9c, 0xe7, 0x9c, 0xe7, 
	0x9c, 0xe7, 0x9c, 0xe7, 0x9c, 0xe7, 0x9c, 0xe7, 
	0x9c, 0xe7, 0x9c, 0xe7, 0x9c, 0xe7, 0x9c, 0xe7, 
	0x9c, 0xe7, 0x9c, 0xe7, 0x9c, 0xe7, 0x9c, 0xe7, 
	0x9c, 0xe7, 0x9c, 0xe7, 0x9c, 0xe7, 0x9c, 0xe7, 
	0x9c, 0xe7, 0x94, 0xa5, 0x94, 0xa5, 0x94, 0xa5, 
	0x94, 0xa5, 0x94, 0xa5, 0x94, 0xa5, 0x94, 0xa5, 
	0x94, 0xa5, 0x9c, 0xe7, 0x9c, 0xe7, 0x9c, 0xe7, 
	0x9c, 0xe7, 0x9c, 0xe7, 0x94, 0xa5, 0x94, 0xa5, 
	0x94, 0xa5, 0x94, 0xe5, 0x94, 0xe5, 0x94, 0xa5, 
	0x94, 0xa5, 0x94, 0xa5, 0x94, 0xa7, 0x9c, 0xa7, 
	0x9c, 0xa7, 0x94, 0xa5, 0x94, 0xa5, 0x94, 0xa5, 
	0x94, 0xa5, 0x94, 0xa5, 0x9c, 0xe7, 0x9c, 0xe7, 
	0x94, 0xa5, 0x9c, 0xe7, 0x94, 0xa5, 0x94, 0xa5, 
	0x94, 0xa5, 0x94, 0xa5, 0x94, 0xa5, 0x94, 0xa5, 
	0x94, 0xa5, 0x94, 0xa5, 0x94, 0xa5, 0x94, 0xa5, 
	0x94, 0xa5, 0x94, 0xa5, 0x94, 0xa5, 0x94, 0xa5, 
	0x94, 0xa5, 0x94, 0xa5, 0x94, 0xa5, 0x94, 0xa5, 
	0x94, 0xa5, 0x94, 0xa5, 0x94, 0xa5, 0x94, 0xa5, 
	0x94, 0xa5, 0x94, 0xa5, 0x94, 0xa5, 0x94, 0xa5, 
	0x94, 0xa5, 0x94, 0xa5, 0x94, 0xa5, 0x94, 0xa5, 
	0x94, 0xa5, 0x94, 0xa5, 0x94, 0xa5, 0x94, 0xa5, 
	0x94, 0xa5, 0x94, 0xa5, 0x94, 0xa5, 0x94, 0xa5, 
	0x94, 0xa5, 0x94, 0xa5, 0x94, 0xa5, 0x94, 0xa5, 
	0x94, 0xa5, 0x94, 0xa5, 0x94, 0xa5, 0x94, 0xa5, 
	0x94, 0xa5, 0x94, 0xa5, 0x94, 0xa5, 0x94, 0xa5, 
	0x94, 0xa5, 0x94, 0xa5, 0x94, 0xa5, 0x94, 0xa5, 
	0x94, 0xa5, 0x94, 0xa5, 0x94, 0xa5, 0x94, 0xa5, 
	0x94, 0xa5, 0x94, 0xa5, 0x94, 0xa5, 0x94, 0xa5, 
	0x94, 0xa5, 0x94, 0xa5, 0x94, 0xa5, 0x94, 0xa5, 
	0x94, 0xa5, 0x94, 0xa5, 0x94, 0xa5, 0x94, 0xa5, 
	0x94, 0xa5, 0x94, 0xa5, 0x94, 0xa5, 0x94, 0xa5, 
	0x94, 0xa5, 0x94, 0xa5, 0x94, 0xa5, 0x94, 0xa5, 
	0x94, 0xa5, 0x94, 0xa5, 0x94, 0xa5, 0x94, 0xa5, 
	0x94, 0xa5, 0x94, 0xa5, 0x94, 0xa5, 0x94, 0xa5, 
	0x94, 0xa5, 0x94, 0xa5, 0x94, 0xa5, 0x94, 0xa5, 
	0x94, 0xa5, 0x94, 0xa5, 0x94, 0xa5, 0x94, 0xa5, 
	0x94, 0xa5, 0x94, 0xa5, 0x94, 0xa5, 0x94, 0xa5, 
	0x94, 0xa5, 0x94, 0xa5, 0x94, 0xa5, 0x94, 0xa5, 
	0x94, 0xa5, 0x94, 0xa5, 0x94, 0xa5, 0x94, 0xa5, 
	0x94, 0xa5, 0x94, 0xa5, 0x94, 0xa5, 0x94, 0xa5, 
	0x94, 0xa5, 0x94, 0xa5, 0x94, 0xa5, 0x94, 0xa5, 
	0x94, 0xa5, 0x94, 0xa5, 0x94, 0xa5, 0x94, 0xa5, 
	0x94, 0xa5, 0x94, 0xa5, 0x94, 0xa5, 0x94, 0xa5, 
	0x94, 0xa5, 0x94, 0xa5, 0x94, 0xa5, 0x94, 0xa5, 
	0x94, 0xa5, 0x94, 0xa5, 0x94, 0xa5, 0x94, 0xa5, 
	0x94, 0xa5, 0x94, 0xa5, 0x94, 0xa5, 0x94, 0xa5, 
	0x94, 0xa5, 0x94, 0xa5, 0x94, 0xa5, 0x94, 0xa5, 
	0x94, 0xa5, 0x94, 0xa5, 0x94, 0xa5, 0x94, 0xa5, 
	0x94, 0xa5, 0x94, 0xa5, 0x94, 0xa5, 0x94, 0xa5, 
	0x94, 0xa5, 0x94, 0xa5, 0x94, 0xa5, 0x94, 0xa5, 
	0x94, 0xa5, 0x94, 0xa5, 0x94, 0xa5, 0x94, 0xa5, 
	0x94, 0xa5, 0x94, 0xa5, 0x94, 0xa5, 0x94, 0xa5, 
	0x94, 0xa5, 0x94, 0xa5, 0x94, 0xa5, 0x94, 0xa5, 
	0x94, 0xa5, 0x94, 0xa5, 0x94, 0xa5, 0x94, 0xa5, 
	0x94, 0xa5, 0x94, 0xa5, 0x94, 0xa5, 0x94, 0xa5, 
	0x94, 0xa5, 0x94, 0xa5, 0x94, 0xa5, 0x94, 0xa5, 
	0x94, 0xa5, 0x94, 0xa5, 0x94, 0xa5, 0x94, 0xa5, 
	0x94, 0xa5, 0x94, 0xa5, 0x94, 0xa5, 0x94, 0xa5, 
	0x94, 0xa5, 0x94, 0xa5, 0x94, 0xa5, 0x94, 0xa5, 
	0x94, 0xa5, 0x94, 0xa3, 0x94, 0xa5, 0x94, 0xa5, 
	0x94, 0xa3, 0x94, 0xa5, 0x94, 0xa5, 0x94, 0xa5, 
	0x94, 0xa5, 0x94, 0xa5, 0x94, 0xa5, 0x94, 0xa5, 
	0x94, 0xa5, 0x94, 0xa5, 0x94, 0xa5, 0x94, 0xa5, 
	0x8c, 0xa5, 0x8c, 0x65, 0x94, 0xa5, 0x94, 0xa5, 
	0x8c, 0x63, 0x8c, 0x63, 0x8c, 0x63, 0x8c, 0x63, 
	0x8c, 0x63, 0x8c, 0x63, 0x8c, 0x63, 0x8c, 0x63, 
	0x8c, 0x63, 0x8c, 0x63, 0x8c, 0x63, 0x8c, 0x63, 
	0x8c, 0x63, 0x8c, 0x63, 0x8c, 0x63, 0x8c, 0x63, 
	0x8c, 0x63, 0x8c, 0x63, 0x8c, 0x63, 0x8c, 0x63, 
	0x8c, 0x63, 0x8c, 0x63, 0x8c, 0x63, 0x8c, 0x63, 
	0x8c, 0x63, 0x8c, 0x63, 0x8c, 0x63, 0x8c, 0x63, 
	0x8c, 0x63, 0x8c, 0x63, 0x8c, 0x63, 0x8c, 0x63, 
	0x8c, 0x63, 0x8c, 0x63, 0x8c, 0x63, 0x8c, 0x63, 
	0x8c, 0x63, 0x8c, 0x63, 0x8c, 0x63, 0x8c, 0x63, 
	0x8c, 0x63, 0x8c, 0x63, 0x8c, 0x63, 0x8c, 0x63, 
	0x8c, 0x63, 0x8c, 0x63, 0x8c, 0x63, 0x8c, 0x63, 
	0x8c, 0x63, 0x8c, 0x63, 0x8c, 0x63, 0x8c, 0x63, 
	0x8c, 0x63, 0x8c, 0x63, 0x8c, 0x63, 0x8c, 0x63, 
	0x8c, 0x63, 0x8c, 0x63, 0x8c, 0x63, 0x8c, 0x63, 
	0x8c, 0x63, 0x8c, 0x63, 0x8c, 0x63, 0x8c, 0x63, 
	0x8c, 0x63, 0x8c, 0x63, 0x8c, 0x63, 0x8c, 0x63, 
	0x8c, 0x63, 0x8c, 0x63, 0x8c, 0x63, 0x8c, 0x63, 
	0x8c, 0x63, 0x8c, 0x63, 0x8c, 0x63, 0x8c, 0x63, 
	0x8c, 0x63, 0x8c, 0x63, 0x8c, 0x63, 0x8c, 0x63, 
	0x8c, 0x63, 0x8c, 0x63, 0x8c, 0x63, 0x8c, 0x63, 
	0x8c, 0x63, 0x8c, 0x63, 0x8c, 0x63, 0x8c, 0x63, 
	0x8c, 0x63, 0x8c, 0x63, 0x8c, 0x63, 0x8c, 0x63, 
	0x8c, 0x63, 0x8c, 0x63, 0x8c, 0x63, 0x8c, 0x63, 
	0x8c, 0x63, 0x8c, 0x63, 0x8c, 0x63, 0x8c, 0x63, 
	0x8c, 0x63, 0x8c, 0x63, 0x8c, 0x63, 0x8c, 0x63, 
	0x8c, 0x63, 0x8c, 0x63, 0x8c, 0x63, 0x8c, 0x63, 
	0x8c, 0x63, 0x8c, 0x63, 0x8c, 0x63, 0x8c, 0x63, 
	0x8c, 0x63, 0x8c, 0x63, 0x8c, 0x63, 0x8c, 0x63, 
	0x84, 0x21, 0x84, 0x21, 0x84, 0x21, 0x84, 0x21, 
	0x84, 0x21, 0x84, 0x21, 0x84, 0x21, 0x84, 0x21, 
	0x84, 0x21, 0x8c, 0x63, 0x8c, 0x63, 0x8c, 0x63, 
	0x8c, 0x63, 0x8c, 0x63, 0x8c, 0x63, 0x8c, 0x63, 
	0x8c, 0x63, 0x8c, 0x63, 0x8c, 0x63, 0x8c, 0x63, 
	0x8c, 0x63, 0x8c, 0x63, 0x8c, 0x63, 0x8c, 0x63, 
	0x8c, 0x63, 0x8c, 0x63, 0x8c, 0x63, 0x8c, 0x63, 
	0x8c, 0x63, 0x8c, 0x63, 0x8c, 0x63, 0x84, 0x21, 
	0x63, 0x19, 0x63, 0x19, 0x63, 0x19, 0x63, 0x19, 
	0x63, 0x19, 0x63, 0x19, 0x63, 0x19, 0x63, 0x19, 
	0x63, 0x19, 0x7b, 0xdf, 0x8c, 0x63, 0x8c, 0x63, 
	0x8c, 0x63, 0x8c, 0x63, 0x8c, 0x63, 0x8c, 0x63, 
	0x8c, 0x63, 0x8c, 0x63, 0x8c, 0x63, 0x8c, 0x63, 
	0x8c, 0x63, 0x8c, 0x63, 0x8c, 0x63, 0x8c, 0x63, 
	0x8c, 0x63, 0x8c, 0x63, 0x8c, 0x63, 0x8c, 0x61, 
	0x8c, 0x63, 0x8c, 0x63, 0x8c, 0x63, 0x73, 0x9d, 
	0x63, 0x19, 0x63, 0x19, 0x63, 0x19, 0x63, 0x19, 
	0x63, 0x19, 0x63, 0x19, 0x63, 0x19, 0x63, 0x19, 
	0x63, 0x19, 0x6b, 0x5b, 0x84, 0x21, 0x84, 0x21, 
	0x84, 0x21, 0x84, 0x21, 0x84, 0x21, 0x84, 0x21, 
	0x84, 0x21, 0x84, 0x21, 0x84, 0x21, 0x84, 0x21, 
	0x84, 0x21, 0x84, 0x21, 0x84, 0x21, 0x84, 0x21, 
	
};

Gfx INTRO_SCREEN_tile_6_3_rgba16_aligner[] = {gsSPEndDisplayList()};
u8 INTRO_SCREEN_tile_6_3_rgba16[] = {
	0x8c, 0x63, 0x8c, 0x63, 0x8c, 0x63, 0x8c, 0x63, 
	0x8c, 0x63, 0x8c, 0x63, 0x8c, 0x63, 0x84, 0x21, 
	0x63, 0x19, 0x63, 0x19, 0x63, 0x19, 0x63, 0x19, 
	0x63, 0x19, 0x63, 0x19, 0x63, 0x19, 0x63, 0x19, 
	0x63, 0x19, 0x7b, 0xdf, 0x8c, 0x63, 0x8c, 0x63, 
	0x8c, 0x63, 0x8c, 0x63, 0x8c, 0x63, 0x8c, 0x63, 
	0x8c, 0x63, 0x8c, 0x63, 0x8c, 0x63, 0x8c, 0x63, 
	0x8c, 0x63, 0x8c, 0x63, 0x8c, 0x63, 0x8c, 0x63, 
	0x8c, 0x63, 0x8c, 0x63, 0x8c, 0x63, 0x8c, 0x61, 
	0x8c, 0x63, 0x8c, 0x63, 0x8c, 0x63, 0x73, 0x9d, 
	0x63, 0x19, 0x63, 0x19, 0x63, 0x19, 0x63, 0x19, 
	0x63, 0x19, 0x63, 0x19, 0x63, 0x19, 0x63, 0x19, 
	0x63, 0x19, 0x6b, 0x5b, 0x84, 0x21, 0x84, 0x21, 
	0x84, 0x21, 0x84, 0x21, 0x84, 0x21, 0x84, 0x21, 
	0x84, 0x21, 0x84, 0x21, 0x84, 0x21, 0x84, 0x21, 
	0x84, 0x21, 0x84, 0x21, 0x84, 0x21, 0x84, 0x21, 
	0x84, 0x21, 0x84, 0x21, 0x84, 0x21, 0x84, 0x21, 
	0x84, 0x21, 0x84, 0x21, 0x84, 0x21, 0x6b, 0x5b, 
	0x63, 0x19, 0x63, 0x19, 0x63, 0x19, 0x63, 0x19, 
	0x63, 0x19, 0x63, 0x19, 0x63, 0x19, 0x63, 0x19, 
	0x63, 0x19, 0x63, 0x19, 0x7b, 0xdf, 0x84, 0x21, 
	0x84, 0x21, 0x84, 0x21, 0x84, 0x21, 0x84, 0x21, 
	0x84, 0x21, 0x84, 0x21, 0x84, 0x21, 0x84, 0x21, 
	0x84, 0x21, 0x84, 0x21, 0x84, 0x21, 0x84, 0x21, 
	0x84, 0x21, 0x84, 0x21, 0x84, 0x21, 0x84, 0x21, 
	0x84, 0x21, 0x84, 0x21, 0x73, 0x9d, 0x63, 0x19, 
	0x63, 0x19, 0x63, 0x19, 0x63, 0x19, 0x63, 0x19, 
	0x6b, 0x5b, 0x63, 0x19, 0x63, 0x19, 0x63, 0x19, 
	0x63, 0x19, 0x63, 0x19, 0x6b, 0x5b, 0x84, 0x21, 
	0x84, 0x21, 0x84, 0x21, 0x84, 0x21, 0x84, 0x21, 
	0x84, 0x21, 0x84, 0x21, 0x84, 0x21, 0x84, 0x21, 
	0x84, 0x21, 0x84, 0x21, 0x84, 0x21, 0x84, 0x21, 
	0x84, 0x21, 0x84, 0x21, 0x84, 0x21, 0x84, 0x21, 
	0x84, 0x21, 0x7b, 0xdf, 0x63, 0x19, 0x63, 0x19, 
	0x63, 0x19, 0x63, 0x19, 0x63, 0x19, 0x63, 0x19, 
	0x7b, 0xdf, 0x6b, 0x5b, 0x63, 0x19, 0x63, 0x19, 
	0x63, 0x19, 0x63, 0x19, 0x63, 0x19, 0x7b, 0xdd, 
	0x84, 0x21, 0x84, 0x21, 0x84, 0x21, 0x84, 0x21, 
	0x84, 0x21, 0x84, 0x21, 0x84, 0x21, 0x84, 0x21, 
	0x84, 0x21, 0x84, 0x21, 0x84, 0x21, 0x84, 0x21, 
	0x84, 0x21, 0x84, 0x21, 0x84, 0x21, 0x84, 0x21, 
	0x84, 0x21, 0x6b, 0x5b, 0x5a, 0xd7, 0x5a, 0xd7, 
	0x5a, 0xd7, 0x5a, 0xd7, 0x5a, 0xd7, 0x6b, 0x5b, 
	0x84, 0x21, 0x73, 0x9d, 0x5a, 0xd7, 0x5a, 0xd7, 
	0x5a, 0xd7, 0x5a, 0xd7, 0x5a, 0xd7, 0x63, 0x19, 
	0x84, 0x21, 0x84, 0x21, 0x84, 0x21, 0x84, 0x21, 
	0x84, 0x21, 0x84, 0x21, 0x84, 0x21, 0x84, 0x21, 
	0x84, 0x21, 0x84, 0x21, 0x84, 0x21, 0x84, 0x21, 
	0x84, 0x21, 0x84, 0x21, 0x84, 0x21, 0x84, 0x21, 
	0x7b, 0xdf, 0x5a, 0xd7, 0x5a, 0xd7, 0x5a, 0xd7, 
	0x5a, 0xd7, 0x5a, 0xd7, 0x5a, 0xd7, 0x7b, 0xdf, 
	0x84, 0x21, 0x7b, 0xdf, 0x5a, 0xd7, 0x5a, 0xd7, 
	0x5a, 0xd7, 0x5a, 0xd7, 0x5a, 0xd7, 0x5a, 0xd7, 
	0x73, 0x9d, 0x84, 0x21, 0x84, 0x21, 0x84, 0x21, 
	0x84, 0x21, 0x84, 0x21, 0x84, 0x21, 0x84, 0x21, 
	0x84, 0x21, 0x84, 0x21, 0x84, 0x21, 0x84, 0x21, 
	0x84, 0x21, 0x84, 0x21, 0x84, 0x21, 0x84, 0x21, 
	0x63, 0x19, 0x52, 0x95, 0x52, 0x95, 0x52, 0x95, 
	0x52, 0x95, 0x52, 0x95, 0x5a, 0xd7, 0x84, 0x21, 
	0x84, 0x21, 0x84, 0x21, 0x6b, 0x5b, 0x52, 0x95, 
	0x52, 0x95, 0x52, 0x95, 0x52, 0x95, 0x52, 0x95, 
	0x5a, 0xd7, 0x7b, 0xdf, 0x7b, 0xdf, 0x7b, 0xdf, 
	0x84, 0x21, 0x84, 0x21, 0x84, 0x21, 0x84, 0x21, 
	0x84, 0x21, 0x84, 0x21, 0x84, 0x21, 0x7b, 0xdf, 
	0x84, 0x21, 0x84, 0x21, 0x84, 0x21, 0x73, 0x9d, 
	0x4a, 0x53, 0x4a, 0x53, 0x4a, 0x53, 0x4a, 0x53, 
	0x4a, 0x53, 0x4a, 0x53, 0x73, 0x9d, 0x7b, 0xe1, 
	0x7b, 0xdf, 0x84, 0x21, 0x7b, 0xdf, 0x4a, 0x53, 
	0x4a, 0x53, 0x4a, 0x53, 0x4a, 0x53, 0x4a, 0x53, 
	0x4a, 0x53, 0x63, 0x1b, 0x7b, 0xdf, 0x7b, 0xdf, 
	0x7b, 0xdf, 0x7b, 0xdf, 0x7b, 0xdf, 0x7b, 0xdf, 
	0x7b, 0xdf, 0x7b, 0xdf, 0x7b, 0xdf, 0x7b, 0xdf, 
	0x84, 0x21, 0x84, 0x21, 0x7b, 0xdf, 0x52, 0x95, 
	0x39, 0xcf, 0x39, 0xcf, 0x39, 0xcf, 0x39, 0xcf, 
	0x39, 0xcf, 0x4a, 0x53, 0x7b, 0xdf, 0x7b, 0xdf, 
	0x7b, 0xdf, 0x7b, 0xdf, 0x7b, 0xdf, 0x5a, 0xd7, 
	0x39, 0xcf, 0x39, 0xcf, 0x39, 0xcf, 0x39, 0xcf, 
	0x39, 0xcf, 0x42, 0x11, 0x73, 0x9d, 0x7b, 0xdf, 
	0x7b, 0xdf, 0x7b, 0xdf, 0x7b, 0xdf, 0x7b, 0xdf, 
	0x7b, 0xdf, 0x7b, 0xdf, 0x7b, 0xdf, 0x7b, 0xdf, 
	0x7b, 0xdf, 0x7b, 0xdf, 0x6b, 0x5b, 0x39, 0xcf, 
	0x39, 0xcf, 0x39, 0xcf, 0x39, 0xcf, 0x39, 0xcf, 
	0x39, 0xcf, 0x63, 0x19, 0x7b, 0xdf, 0x7b, 0xdf, 
	0x7b, 0xdf, 0x7b, 0xdf, 0x7b, 0xdf, 0x73, 0x9d, 
	0x39, 0xcf, 0x39, 0xcf, 0x39, 0xcf, 0x39, 0xcf, 
	0x39, 0xcf, 0x39, 0xcf, 0x5a, 0xd7, 0x7b, 0xdf, 
	0x7b, 0xdf, 0x7b, 0xdf, 0x7b, 0xdf, 0x7b, 0xdf, 
	0x7b, 0xdf, 0x7b, 0xdf, 0x7b, 0xdf, 0x7b, 0xdf, 
	0x7b, 0xdf, 0x7b, 0xdf, 0x4a, 0x53, 0x39, 0xcf, 
	0x39, 0xcf, 0x39, 0xcf, 0x39, 0xcf, 0x39, 0xcf, 
	0x4a, 0x53, 0x7b, 0xdf, 0x7b, 0xdf, 0x7b, 0xdf, 
	0x7b, 0xdf, 0x7b, 0xdf, 0x7b, 0xdf, 0x7b, 0xdf, 
	0x52, 0x95, 0x39, 0xcf, 0x39, 0xcf, 0x39, 0xcf, 
	0x39, 0xcf, 0x39, 0xcf, 0x42, 0x11, 0x73, 0x9d, 
	0x7b, 0xdf, 0x7b, 0xdf, 0x7b, 0xdf, 0x7b, 0xdf, 
	0x7b, 0xdf, 0x7b, 0xdf, 0x7b, 0xdf, 0x7b, 0xdf, 
	0x7b, 0xdf, 0x63, 0x19, 0x39, 0xcf, 0x39, 0xcf, 
	0x39, 0xcf, 0x39, 0xcf, 0x39, 0xcf, 0x39, 0xcf, 
	0x5a, 0xd7, 0x73, 0x9d, 0x7b, 0xdf, 0x7b, 0xdf, 
	0x73, 0x9d, 0x73, 0x9d, 0x73, 0x9d, 0x73, 0x9d, 
	0x6b, 0x5b, 0x39, 0xcf, 0x39, 0xcf, 0x39, 0xcf, 
	0x39, 0xcf, 0x39, 0xcf, 0x39, 0xcf, 0x5a, 0xd7, 
	0x7b, 0xdf, 0x7b, 0xdf, 0x7b, 0xdf, 0x7b, 0xdf, 
	0x7b, 0xdf, 0x7b, 0xdf, 0x7b, 0xdf, 0x7b, 0xdf, 
	0x73, 0x9d, 0x4a, 0x53, 0x39, 0xcf, 0x39, 0xcf, 
	0x39, 0xcf, 0x39, 0xcf, 0x39, 0xcf, 0x39, 0xcf, 
	0x42, 0x11, 0x42, 0x11, 0x42, 0x11, 0x42, 0x11, 
	0x42, 0x11, 0x42, 0x11, 0x42, 0x11, 0x42, 0x11, 
	0x42, 0x11, 0x39, 0xcf, 0x39, 0xcf, 0x39, 0xcf, 
	0x39, 0xcf, 0x39, 0xcf, 0x39, 0xcf, 0x42, 0x11, 
	0x6b, 0x5b, 0x7b, 0xdf, 0x7b, 0xdf, 0x7b, 0xdf, 
	0x7b, 0xdf, 0x7b, 0xdf, 0x7b, 0xdf, 0x7b, 0xdf, 
	0x63, 0x19, 0x39, 0xcf, 0x39, 0xcf, 0x39, 0xcf, 
	0x39, 0xcf, 0x39, 0xcf, 0x39, 0xcf, 0x39, 0xcf, 
	0x39, 0xcf, 0x39, 0xcf, 0x39, 0xcf, 0x39, 0xcf, 
	0x39, 0xcf, 0x39, 0xcf, 0x39, 0xcf, 0x39, 0xcf, 
	0x39, 0xcf, 0x39, 0xcf, 0x39, 0xcf, 0x39, 0xcf, 
	0x39, 0xcf, 0x39, 0xcf, 0x39, 0xcf, 0x39, 0xcf, 
	0x52, 0x95, 0x73, 0x9d, 0x73, 0x9d, 0x73, 0x9d, 
	0x73, 0x9d, 0x73, 0x9d, 0x73, 0x9d, 0x73, 0x9d, 
	0x42, 0x11, 0x39, 0xcf, 0x39, 0xcf, 0x39, 0xcf, 
	0x39, 0xcf, 0x39, 0xcf, 0x39, 0xcf, 0x39, 0xcf, 
	0x39, 0xcf, 0x39, 0xcf, 0x39, 0xcf, 0x39, 0xcf, 
	0x39, 0xcf, 0x39, 0xcf, 0x39, 0xcf, 0x39, 0xcf, 
	0x39, 0xcf, 0x39, 0xcf, 0x39, 0xcf, 0x39, 0xcf, 
	0x39, 0xcf, 0x39, 0xcf, 0x39, 0xcf, 0x39, 0xcf, 
	0x42, 0x11, 0x6b, 0x5b, 0x73, 0x9d, 0x73, 0x9d, 
	0x73, 0x9d, 0x73, 0x9d, 0x73, 0x9d, 0x73, 0x9d, 
	0x39, 0xcf, 0x39, 0xcf, 0x39, 0xcf, 0x39, 0xcf, 
	0x39, 0xcf, 0x39, 0xcf, 0x42, 0x11, 0x42, 0x11, 
	0x42, 0x11, 0x42, 0x11, 0x4a, 0x53, 0x4a, 0x53, 
	0x4a, 0x53, 0x4a, 0x53, 0x4a, 0x53, 0x4a, 0x53, 
	0x4a, 0x53, 0x4a, 0x53, 0x42, 0x11, 0x39, 0xcf, 
	0x39, 0xcf, 0x39, 0xcf, 0x39, 0xcf, 0x39, 0xcf, 
	0x39, 0xcf, 0x52, 0x95, 0x73, 0x9d, 0x73, 0x9d, 
	0x73, 0x9d, 0x73, 0x9d, 0x73, 0x9d, 0x73, 0x9d, 
	0x39, 0xcf, 0x39, 0xcf, 0x39, 0xcf, 0x39, 0xcf, 
	0x39, 0xcf, 0x39, 0xcf, 0x63, 0x19, 0x73, 0x9d, 
	0x73, 0x9d, 0x73, 0x9d, 0x73, 0x9d, 0x73, 0x9d, 
	0x73, 0x9d, 0x73, 0x9d, 0x73, 0x9d, 0x73, 0x9d, 
	0x73, 0x9d, 0x73, 0x9d, 0x6b, 0x5b, 0x42, 0x11, 
	0x39, 0xcf, 0x39, 0xcf, 0x39, 0xcf, 0x39, 0xcf, 
	0x39, 0xcf, 0x39, 0xcf, 0x63, 0x19, 0x73, 0x9d, 
	0x73, 0x9d, 0x73, 0x9d, 0x73, 0x9d, 0x73, 0x9d, 
	0x39, 0xcf, 0x39, 0xcf, 0x39, 0xcf, 0x39, 0xcf, 
	0x39, 0xcf, 0x4a, 0x53, 0x73, 0x9d, 0x73, 0x9d, 
	0x73, 0x9d, 0x73, 0x9d, 0x73, 0x9d, 0x73, 0x9d, 
	0x73, 0x9d, 0x73, 0x9d, 0x73, 0x9d, 0x73, 0x9d, 
	0x73, 0x9d, 0x73, 0x9d, 0x73, 0x9d, 0x5a, 0xd7, 
	0x39, 0xcf, 0x39, 0xcf, 0x39, 0xcf, 0x39, 0xcf, 
	0x39, 0xcf, 0x39, 0xcf, 0x4a, 0x53, 0x73, 0x9d, 
	0x73, 0x9d, 0x73, 0x9d, 0x73, 0x9d, 0x73, 0x9d, 
	0x31, 0x8d, 0x39, 0xcf, 0x39, 0xcf, 0x39, 0xcf, 
	0x39, 0xcf, 0x63, 0x19, 0x73, 0x9d, 0x73, 0x9d, 
	0x73, 0x9d, 0x73, 0x9d, 0x73, 0x9d, 0x73, 0x9d, 
	0x73, 0x9d, 0x73, 0x9d, 0x73, 0x9d, 0x73, 0x9d, 
	0x73, 0x9d, 0x73, 0x9d, 0x73, 0x9d, 0x6b, 0x5b, 
	0x39, 0xcf, 0x39, 0xcf, 0x39, 0xcf, 0x31, 0x8d, 
	0x31, 0x8d, 0x31, 0x8d, 0x39, 0xcf, 0x63, 0x19, 
	0x73, 0x9d, 0x73, 0x9d, 0x73, 0x9d, 0x73, 0x9d, 
	0x31, 0x8d, 0x31, 0x8d, 0x31, 0x8d, 0x31, 0x8d, 
	0x42, 0x11, 0x6b, 0x5b, 0x6b, 0x5b, 0x73, 0x9d, 
	0x73, 0x9d, 0x73, 0x9d, 0x6b, 0x5b, 0x73, 0x9d, 
	0x73, 0x9d, 0x73, 0x9d, 0x73, 0x9d, 0x73, 0x9d, 
	0x73, 0x9d, 0x73, 0x9d, 0x73, 0x9d, 0x73, 0x9d, 
	0x52, 0x95, 0x31, 0x8d, 0x31, 0x8d, 0x31, 0x8d, 
	0x31, 0x8d, 0x31, 0x8d, 0x31, 0x8d, 0x42, 0x11, 
	0x6b, 0x5b, 0x6b, 0x5b, 0x6b, 0x5b, 0x73, 0x5b, 
	0x31, 0x8d, 0x31, 0x8d, 0x31, 0x8d, 0x31, 0x8d, 
	0x5a, 0xd7, 0x6b, 0x5b, 0x6b, 0x5b, 0x6b, 0x5b, 
	0x6b, 0x5b, 0x6b, 0x5b, 0x6b, 0x5b, 0x6b, 0x5b, 
	0x6b, 0x5b, 0x6b, 0x5b, 0x6b, 0x5b, 0x6b, 0x5b, 
	0x6b, 0x5b, 0x6b, 0x5b, 0x6b, 0x5b, 0x6b, 0x5b, 
	0x63, 0x19, 0x31, 0x8d, 0x31, 0x8d, 0x31, 0x8d, 
	0x31, 0x8d, 0x31, 0x8d, 0x31, 0x8d, 0x31, 0x8d, 
	0x5a, 0xd7, 0x6b, 0x5b, 0x6b, 0x5b, 0x6b, 0x5b, 
	0x63, 0x19, 0x63, 0x19, 0x63, 0x19, 0x63, 0x19, 
	0x6b, 0x5b, 0x6b, 0x5b, 0x6b, 0x5b, 0x6b, 0x5b, 
	0x6b, 0x5b, 0x6b, 0x5b, 0x6b, 0x5b, 0x6b, 0x5b, 
	0x6b, 0x5b, 0x6b, 0x5b, 0x6b, 0x5b, 0x6b, 0x5b, 
	0x6b, 0x5b, 0x6b, 0x5b, 0x6b, 0x5b, 0x6b, 0x5b, 
	0x6b, 0x5b, 0x63, 0x19, 0x63, 0x19, 0x63, 0x19, 
	0x63, 0x19, 0x63, 0x19, 0x63, 0x19, 0x63, 0x19, 
	0x63, 0x19, 0x6b, 0x5b, 0x6b, 0x5b, 0x6b, 0x5b, 
	0x6b, 0x5b, 0x6b, 0x5b, 0x6b, 0x5b, 0x6b, 0x5b, 
	0x6b, 0x5b, 0x6b, 0x5b, 0x6b, 0x5b, 0x6b, 0x5b, 
	0x6b, 0x5b, 0x6b, 0x5b, 0x6b, 0x5b, 0x6b, 0x5b, 
	0x6b, 0x5b, 0x6b, 0x5b, 0x6b, 0x5b, 0x6b, 0x5b, 
	0x6b, 0x5b, 0x6b, 0x5b, 0x6b, 0x5b, 0x6b, 0x5b, 
	0x6b, 0x5b, 0x6b, 0x5b, 0x6b, 0x5b, 0x6b, 0x5b, 
	0x6b, 0x5b, 0x6b, 0x5b, 0x6b, 0x5b, 0x6b, 0x5b, 
	0x6b, 0x5b, 0x6b, 0x5b, 0x6b, 0x5b, 0x6b, 0x5b, 
	0x6b, 0x5b, 0x6b, 0x5b, 0x6b, 0x5b, 0x6b, 0x5b, 
	0x6b, 0x5b, 0x6b, 0x5b, 0x6b, 0x5b, 0x6b, 0x5b, 
	0x6b, 0x5b, 0x6b, 0x5b, 0x6b, 0x5b, 0x6b, 0x5b, 
	0x6b, 0x5b, 0x6b, 0x5b, 0x6b, 0x5b, 0x6b, 0x5b, 
	0x6b, 0x5b, 0x6b, 0x5b, 0x6b, 0x5b, 0x6b, 0x5b, 
	0x6b, 0x5b, 0x6b, 0x5b, 0x6b, 0x5b, 0x6b, 0x5b, 
	0x6b, 0x5b, 0x6b, 0x5b, 0x6b, 0x5b, 0x6b, 0x5b, 
	0x6b, 0x5b, 0x6b, 0x5b, 0x6b, 0x5b, 0x6b, 0x5b, 
	0x6b, 0x5b, 0x6b, 0x5b, 0x6b, 0x5b, 0x6b, 0x5b, 
	0x6b, 0x5b, 0x6b, 0x5b, 0x6b, 0x5b, 0x6b, 0x5b, 
	0x6b, 0x5b, 0x6b, 0x5b, 0x6b, 0x5b, 0x6b, 0x5b, 
	0x6b, 0x5b, 0x6b, 0x5b, 0x6b, 0x5b, 0x6b, 0x5b, 
	0x6b, 0x5b, 0x6b, 0x5b, 0x6b, 0x5b, 0x6b, 0x5b, 
	0x6b, 0x5b, 0x6b, 0x5b, 0x6b, 0x5b, 0x6b, 0x5b, 
	0x6b, 0x5b, 0x6b, 0x5b, 0x6b, 0x5b, 0x6b, 0x5b, 
	0x6b, 0x5b, 0x6b, 0x5b, 0x6b, 0x5b, 0x6b, 0x5b, 
	0x6b, 0x19, 0x63, 0x19, 0x63, 0x19, 0x63, 0x19, 
	0x63, 0x19, 0x6b, 0x5b, 0x6b, 0x5b, 0x6b, 0x5b, 
	0x6b, 0x5b, 0x6b, 0x5b, 0x6b, 0x5b, 0x6b, 0x5b, 
	0x6b, 0x5b, 0x6b, 0x5b, 0x6b, 0x5b, 0x6b, 0x5b, 
	0x6b, 0x5b, 0x6b, 0x5b, 0x6b, 0x5b, 0x6b, 0x5b, 
	0x6b, 0x5b, 0x6b, 0x5b, 0x6b, 0x5b, 0x6b, 0x5b, 
	0x6b, 0x5b, 0x6b, 0x5b, 0x6b, 0x5b, 0x6b, 0x5b, 
	0x6b, 0x5b, 0x6b, 0x5b, 0x63, 0x19, 0x63, 0x19, 
	0x63, 0x19, 0x63, 0x19, 0x63, 0x19, 0x63, 0x19, 
	0x63, 0x19, 0x6b, 0x59, 0x63, 0x19, 0x63, 0x19, 
	0x63, 0x19, 0x6b, 0x5b, 0x63, 0x59, 0x63, 0x19, 
	0x63, 0x19, 0x63, 0x19, 0x63, 0x19, 0x63, 0x19, 
	0x63, 0x19, 0x63, 0x19, 0x63, 0x19, 0x6b, 0x5b, 
	0x63, 0x19, 0x63, 0x19, 0x63, 0x19, 0x63, 0x19, 
	0x63, 0x19, 0x63, 0x19, 0x63, 0x19, 0x63, 0x19, 
	0x63, 0x19, 0x63, 0x19, 0x63, 0x19, 0x63, 0x19, 
	0x63, 0x19, 0x63, 0x19, 0x63, 0x19, 0x63, 0x19, 
	0x63, 0x19, 0x63, 0x19, 0x63, 0x19, 0x63, 0x19, 
	0x63, 0x19, 0x63, 0x19, 0x63, 0x19, 0x63, 0x19, 
	0x63, 0x19, 0x63, 0x19, 0x63, 0x19, 0x63, 0x19, 
	0x63, 0x19, 0x63, 0x19, 0x6b, 0x19, 0x63, 0x19, 
	0x63, 0x19, 0x63, 0x19, 0x63, 0x19, 0x63, 0x19, 
	0x63, 0x19, 0x63, 0x19, 0x63, 0x19, 0x63, 0x19, 
	0x63, 0x19, 0x63, 0x19, 0x63, 0x19, 0x63, 0x19, 
	0x63, 0x19, 0x63, 0x19, 0x63, 0x19, 0x63, 0x19, 
	0x63, 0x19, 0x63, 0x19, 0x63, 0x19, 0x63, 0x19, 
	0x63, 0x19, 0x63, 0x19, 0x63, 0x19, 0x63, 0x19, 
	0x63, 0x19, 0x63, 0x19, 0x63, 0x19, 0x63, 0x19, 
	0x63, 0x19, 0x63, 0x19, 0x63, 0x19, 0x63, 0x19, 
	0x63, 0x19, 0x63, 0x19, 0x63, 0x19, 0x63, 0x19, 
	0x63, 0x19, 0x63, 0x19, 0x63, 0x19, 0x63, 0x19, 
	0x63, 0x19, 0x63, 0x19, 0x63, 0x19, 0x63, 0x19, 
	0x63, 0x19, 0x63, 0x19, 0x63, 0x19, 0x63, 0x19, 
	0x63, 0x19, 0x63, 0x19, 0x63, 0x19, 0x63, 0x19, 
	0x63, 0x19, 0x63, 0x19, 0x63, 0x19, 0x63, 0x19, 
	0x63, 0x19, 0x63, 0x19, 0x63, 0x19, 0x63, 0x19, 
	0x63, 0x19, 0x63, 0x19, 0x63, 0x19, 0x63, 0x19, 
	0x63, 0x19, 0x63, 0x19, 0x63, 0x19, 0x63, 0x19, 
	0x63, 0x19, 0x63, 0x19, 0x63, 0x19, 0x63, 0x19, 
	0x63, 0x19, 0x63, 0x19, 0x63, 0x19, 0x63, 0x19, 
	0x63, 0x19, 0x63, 0x19, 0x63, 0x19, 0x63, 0x19, 
	0x63, 0x19, 0x63, 0x19, 0x63, 0x19, 0x63, 0x19, 
	0x63, 0x19, 0x63, 0x19, 0x63, 0x19, 0x63, 0x19, 
	0x63, 0x19, 0x63, 0x19, 0x63, 0x19, 0x63, 0x19, 
	0x63, 0x19, 0x63, 0x19, 0x63, 0x19, 0x63, 0x19, 
	0x63, 0x19, 0x63, 0x19, 0x63, 0x19, 0x63, 0x19, 
	0x63, 0x19, 0x63, 0x19, 0x63, 0x19, 0x63, 0x19, 
	0x63, 0x19, 0x63, 0x19, 0x63, 0x19, 0x63, 0x19, 
	
};

Gfx INTRO_SCREEN_tile_7_0_rgba16_aligner[] = {gsSPEndDisplayList()};
u8 INTRO_SCREEN_tile_7_0_rgba16[] = {
	0xf7, 0xfd, 0xf7, 0xbd, 0xf7, 0xbd, 0xff, 0xff, 
	0xff, 0xff, 0xff, 0xff, 0xff, 0xff, 0xff, 0xff, 
	0xff, 0xff, 0xff, 0xff, 0xff, 0xff, 0xf7, 0xbd, 
	0xf7, 0xbd, 0xf7, 0xbd, 0xf7, 0xbd, 0xff, 0xff, 
	0xff, 0xff, 0xff, 0xff, 0xff, 0xff, 0xff, 0xff, 
	0xff, 0xff, 0xff, 0xff, 0xf7, 0xbd, 0xf7, 0xbd, 
	0xf7, 0xbd, 0xf7, 0xbd, 0xf7, 0xbd, 0xf7, 0xbd, 
	0xf7, 0xbd, 0xff, 0xff, 0xff, 0xff, 0xff, 0xff, 
	0xf7, 0xfd, 0xf7, 0xbd, 0xf7, 0xbd, 0xff, 0xff, 
	0xff, 0xff, 0xff, 0xff, 0xff, 0xff, 0xff, 0xff, 
	0xff, 0xff, 0xff, 0xff, 0xff, 0xff, 0xf7, 0xbd, 
	0xf7, 0xbd, 0xf7, 0xbd, 0xf7, 0xbd, 0xff, 0xff, 
	0xff, 0xff, 0xff, 0xff, 0xff, 0xff, 0xff, 0xff, 
	0xff, 0xff, 0xff, 0xff, 0xf7, 0xbd, 0xf7, 0xbd, 
	0xf7, 0xbd, 0xf7, 0xbd, 0xf7, 0xbd, 0xf7, 0xbd, 
	0xf7, 0xbd, 0xff, 0xff, 0xff, 0xff, 0xff, 0xff, 
	0xf7, 0xbd, 0xf7, 0xbd, 0xf7, 0xbd, 0xf7, 0xbd, 
	0xf7, 0xbd, 0xf7, 0xbd, 0xf7, 0xbd, 0xf7, 0xbd, 
	0xf7, 0xbd, 0xf7, 0xbd, 0xf7, 0xbd, 0xf7, 0xbd, 
	0xf7, 0xbd, 0xf7, 0xbd, 0xf7, 0xbd, 0xf7, 0xbd, 
	0xf7, 0xbd, 0xf7, 0xbd, 0xf7, 0xbd, 0xf7, 0xbd, 
	0xf7, 0xbd, 0xf7, 0xbd, 0xf7, 0xbd, 0xf7, 0xbd, 
	0xf7, 0xbd, 0xf7, 0xbd, 0xf7, 0xbd, 0xf7, 0xbd, 
	0xf7, 0xbd, 0xf7, 0xbd, 0xf7, 0xbd, 0xf7, 0xbd, 
	0xf7, 0xbd, 0xf7, 0xbd, 0xf7, 0xbd, 0xf7, 0xbd, 
	0xf7, 0xbd, 0xf7, 0xbd, 0xf7, 0xbd, 0xf7, 0xbd, 
	0xf7, 0xbd, 0xf7, 0xbd, 0xf7, 0xbd, 0xf7, 0xbd, 
	0xf7, 0xbd, 0xf7, 0xbd, 0xf7, 0xbd, 0xf7, 0xbd, 
	0xf7, 0xbd, 0xf7, 0xbd, 0xf7, 0xbd, 0xf7, 0xbd, 
	0xf7, 0xbd, 0xf7, 0xbd, 0xf7, 0xbd, 0xf7, 0xbd, 
	0xf7, 0xbd, 0xf7, 0xbd, 0xf7, 0xbd, 0xf7, 0xbd, 
	0xf7, 0xbd, 0xf7, 0xbd, 0xf7, 0xbd, 0xf7, 0xbd, 
	0xf7, 0xbd, 0xf7, 0xbd, 0xf7, 0xbd, 0xf7, 0xbd, 
	0xf7, 0xbd, 0xf7, 0xbd, 0xf7, 0xbd, 0xf7, 0xbd, 
	0xf7, 0xbd, 0xf7, 0xbd, 0xf7, 0xbd, 0xf7, 0xbd, 
	0xf7, 0xbd, 0xf7, 0xbd, 0xf7, 0xbd, 0xf7, 0xbd, 
	0xf7, 0xbd, 0xf7, 0xbd, 0xf7, 0xbd, 0xf7, 0xbd, 
	0xf7, 0xbd, 0xf7, 0xbd, 0xf7, 0xbd, 0xf7, 0xbd, 
	0xf7, 0xbd, 0xf7, 0xbd, 0xf7, 0xbd, 0xf7, 0xbd, 
	0xf7, 0xbd, 0xf7, 0xbd, 0xf7, 0xbd, 0xf7, 0xbd, 
	0xf7, 0xbd, 0xf7, 0xbd, 0xf7, 0xbd, 0xf7, 0xbd, 
	0xf7, 0xbd, 0xf7, 0xbd, 0xf7, 0xbd, 0xf7, 0xbd, 
	0xf7, 0xbd, 0xf7, 0xbd, 0xf7, 0xbd, 0xf7, 0xbd, 
	0xf7, 0xbd, 0xf7, 0xbd, 0xe7, 0x39, 0xef, 0x7b, 
	0xf7, 0xbd, 0xf7, 0xbd, 0xf7, 0xbd, 0xf7, 0xbd, 
	0xf7, 0xbd, 0xf7, 0xbd, 0xf7, 0xbd, 0xf7, 0xbd, 
	0xf7, 0xbd, 0xf7, 0xbd, 0xf7, 0xbd, 0xf7, 0xbd, 
	0xf7, 0xbd, 0xf7, 0xbd, 0xf7, 0xbd, 0xf7, 0xbd, 
	0xf7, 0xbd, 0xf7, 0xbd, 0xf7, 0xbd, 0xf7, 0xbd, 
	0xf7, 0xbd, 0xf7, 0xbd, 0xde, 0xb3, 0xd6, 0x71, 
	0xe7, 0x39, 0xef, 0x7b, 0xf7, 0xbd, 0xf7, 0xbd, 
	0xf7, 0xbd, 0xd6, 0xb5, 0x5a, 0xd7, 0x94, 0x63, 
	0xef, 0x7b, 0xf7, 0xbd, 0xf7, 0xbd, 0xf7, 0xbd, 
	0xf7, 0xbd, 0xf7, 0xbd, 0xf7, 0xbd, 0xf7, 0xbd, 
	0xf7, 0xbd, 0xf7, 0xbd, 0xf7, 0xbd, 0xf7, 0xbd, 
	0xf7, 0xbd, 0xf7, 0xbd, 0xf7, 0xbd, 0xf7, 0xbd, 
	0xf7, 0xbd, 0xf7, 0xbd, 0xf7, 0xbd, 0xf7, 0xbd, 
	0xf7, 0xbd, 0xde, 0xf7, 0x7b, 0x9d, 0x5a, 0xd7, 
	0x63, 0x19, 0x8c, 0x63, 0xbd, 0xad, 0xe6, 0xf7, 
	0xb5, 0xad, 0x52, 0x53, 0x10, 0x85, 0x21, 0x09, 
	0xbd, 0xef, 0xef, 0x7b, 0xf7, 0xbd, 0xf7, 0xbd, 
	0xf7, 0xbd, 0xf7, 0xbd, 0xf7, 0xbd, 0xf7, 0xbd, 
	0xf7, 0xbd, 0xf7, 0xbd, 0xf7, 0xbd, 0xf7, 0xbd, 
	0xf7, 0xbd, 0xf7, 0xbd, 0xf7, 0xbd, 0xf7, 0xbd, 
	0xef, 0x7b, 0xef, 0x7b, 0xef, 0x7b, 0xef, 0x7b, 
	0xef, 0x7b, 0xb5, 0x6b, 0x52, 0x95, 0x31, 0x8d, 
	0x31, 0x8d, 0x39, 0xcf, 0x41, 0xcf, 0x63, 0x17, 
	0x31, 0x8d, 0x10, 0x45, 0x08, 0x43, 0x08, 0x43, 
	0x84, 0x21, 0xc6, 0x75, 0xd6, 0xb7, 0xdf, 0x3b, 
	0xe7, 0x3b, 0xef, 0x7b, 0xef, 0x7b, 0xef, 0x7b, 
	0xef, 0x7b, 0xef, 0x7b, 0xef, 0x7b, 0xef, 0x7b, 
	0xef, 0x7b, 0xef, 0x7b, 0xef, 0x7b, 0xef, 0x7d, 
	0xef, 0x7b, 0xef, 0x7b, 0xef, 0x7b, 0xe7, 0x39, 
	0xde, 0xf7, 0x6b, 0x19, 0x18, 0xc7, 0x18, 0xc7, 
	0x10, 0x85, 0x10, 0x85, 0x10, 0x85, 0x21, 0x09, 
	0x31, 0x8f, 0x31, 0x8f, 0x31, 0x8d, 0x29, 0x4b, 
	0x39, 0xcf, 0x5a, 0xd7, 0x73, 0xe1, 0xa5, 0x73, 
	0xae, 0x37, 0xbe, 0x79, 0xce, 0xb9, 0xde, 0xfb, 
	0xef, 0x7b, 0xef, 0x7b, 0xef, 0x7b, 0xef, 0x7b, 
	0xef, 0x7b, 0xef, 0x7b, 0xef, 0x7b, 0xef, 0x7b, 
	0xef, 0x7b, 0xef, 0x7b, 0xd6, 0xb5, 0x8c, 0x23, 
	0x5a, 0xd7, 0x4a, 0x13, 0x42, 0x13, 0x42, 0x13, 
	0x39, 0xd3, 0x31, 0x4b, 0x29, 0x09, 0x39, 0x8d, 
	0x41, 0xcf, 0x4a, 0x11, 0x4a, 0x11, 0x52, 0x53, 
	0x42, 0x13, 0x6b, 0xa1, 0xbe, 0x77, 0xb6, 0x37, 
	0xad, 0xf7, 0xad, 0xf7, 0xbe, 0x79, 0xbe, 0x79, 
	0xbe, 0x77, 0xd6, 0xf9, 0xef, 0x7b, 0xef, 0x7b, 
	0xef, 0x7b, 0xef, 0x7b, 0xef, 0x7b, 0xef, 0x7b, 
	0xde, 0xf9, 0xbd, 0xf3, 0x94, 0xed, 0x63, 0x1b, 
	0x52, 0x99, 0x63, 0x1d, 0x62, 0xd9, 0x52, 0x9b, 
	0x52, 0x11, 0x41, 0xd1, 0x4a, 0x57, 0x4a, 0x99, 
	0x3a, 0x15, 0x53, 0x1f, 0x4a, 0x9b, 0x39, 0xd3, 
	0x49, 0xcf, 0xb5, 0xf1, 0xc6, 0xb9, 0xbe, 0x79, 
	0xb6, 0x79, 0xc6, 0xbb, 0xce, 0xfb, 0xc6, 0xbb, 
	0xc6, 0xbb, 0xb6, 0x79, 0xce, 0xb9, 0xe7, 0x39, 
	0xef, 0x7b, 0xef, 0x7b, 0xef, 0x7b, 0xef, 0x7b, 
	0x94, 0xed, 0x6b, 0xa5, 0x6b, 0xe5, 0x6b, 0xa3, 
	0x73, 0x1b, 0x7b, 0x5b, 0x6b, 0x63, 0x52, 0xdf, 
	0x42, 0x57, 0x63, 0x5d, 0x8c, 0xed, 0x7c, 0x69, 
	0x84, 0xad, 0x95, 0x31, 0x84, 0xef, 0x74, 0x69, 
	0x73, 0xe3, 0xce, 0xb9, 0xbe, 0x79, 0xc6, 0xb9, 
	0xb6, 0x79, 0xb6, 0x39, 0xb6, 0x39, 0xb6, 0x79, 
	0xc6, 0xbb, 0xbe, 0x79, 0xb6, 0x39, 0xbe, 0x37, 
	0xde, 0xf9, 0xef, 0x7b, 0xef, 0x7b, 0xef, 0x7b, 
	0x63, 0x63, 0x63, 0xa5, 0x84, 0xad, 0x7c, 0x69, 
	0x73, 0xe5, 0x63, 0xa5, 0x5b, 0x65, 0x5b, 0x63, 
	0x4a, 0x9d, 0x6b, 0xa3, 0x9d, 0x71, 0x84, 0xaf, 
	0x9d, 0xb5, 0xad, 0xf7, 0xae, 0x37, 0xbe, 0x79, 
	0xbe, 0x79, 0xc6, 0xbb, 0xc6, 0xbb, 0xbe, 0x79, 
	0xb6, 0x39, 0xae, 0x37, 0xad, 0xf7, 0xa5, 0xb5, 
	0xad, 0xf7, 0xb6, 0x79, 0xb6, 0x79, 0xb6, 0x39, 
	0xb6, 0x37, 0xde, 0xf9, 0xef, 0x7b, 0xef, 0x7b, 
	0x6b, 0xa5, 0x6b, 0xa5, 0x63, 0xa5, 0x63, 0xa5, 
	0x74, 0x29, 0x74, 0x29, 0x6b, 0xe7, 0x7c, 0xad, 
	0x84, 0xef, 0x84, 0xef, 0x8c, 0xef, 0xa5, 0xf7, 
	0xae, 0x37, 0xae, 0x37, 0xb6, 0x37, 0xce, 0xfb, 
	0xb6, 0x37, 0xb6, 0x79, 0xb6, 0x39, 0xb6, 0x39, 
	0xad, 0xf7, 0xa5, 0xf7, 0xa5, 0xb5, 0x9d, 0x75, 
	0xa5, 0xb5, 0xa5, 0xb5, 0xb6, 0x37, 0xa5, 0xf5, 
	0xad, 0xf7, 0xb6, 0x37, 0xe7, 0x39, 0xef, 0x79, 
	0x5b, 0x21, 0x6b, 0xe7, 0x84, 0xef, 0x74, 0x2b, 
	0x7c, 0x6d, 0x7c, 0x6d, 0x7c, 0xad, 0x7c, 0x6d, 
	0x74, 0x6d, 0x7c, 0x6d, 0x84, 0xef, 0x84, 0xef, 
	0x95, 0x33, 0x95, 0x33, 0x84, 0xef, 0x95, 0x73, 
	0xa5, 0xb7, 0xb6, 0x79, 0xb6, 0x39, 0xad, 0xf7, 
	0xa5, 0xb5, 0xb6, 0x37, 0xa5, 0xb5, 0xa5, 0xb5, 
	0xa5, 0xb5, 0x9d, 0x73, 0x95, 0x73, 0x9d, 0xb5, 
	0xad, 0xf7, 0xa5, 0xb5, 0xc6, 0x77, 0xe7, 0x39, 
	0x63, 0xa5, 0x84, 0xaf, 0x8c, 0xf1, 0x84, 0xef, 
	0x74, 0x6d, 0x74, 0x29, 0x6b, 0xe9, 0x74, 0x2b, 
	0x84, 0xaf, 0x84, 0xf1, 0x7c, 0xaf, 0x84, 0xef, 
	0x84, 0xf1, 0x84, 0xaf, 0x7c, 0xad, 0x84, 0xef, 
	0xad, 0xf7, 0xbe, 0x79, 0xb6, 0x39, 0xa5, 0xf7, 
	0xa5, 0xb5, 0xad, 0xf7, 0xb6, 0x37, 0xb6, 0x79, 
	0xad, 0xf7, 0x9d, 0x73, 0x95, 0x31, 0x95, 0x31, 
	0xa5, 0xb5, 0xa5, 0xf5, 0xad, 0xf5, 0xde, 0xf9, 
	0x6c, 0x29, 0x84, 0xef, 0x8c, 0xef, 0x8d, 0x33, 
	0x7c, 0x6d, 0x6b, 0xe9, 0x8c, 0xef, 0x9d, 0xb5, 
	0x9d, 0xb5, 0x9d, 0xb5, 0x7c, 0xaf, 0x84, 0xaf, 
	0x8d, 0x33, 0x95, 0x33, 0x84, 0xef, 0x7c, 0x6d, 
	0x9d, 0xb5, 0xb6, 0x79, 0xb6, 0x39, 0xa5, 0xf7, 
	0xa5, 0xb5, 0xb6, 0x37, 0xbe, 0x39, 0xbe, 0x37, 
	0xbe, 0x79, 0xad, 0xb5, 0x9d, 0x73, 0x9d, 0x73, 
	0x95, 0x71, 0xa5, 0xf5, 0xae, 0x37, 0xbe, 0x77, 
	0x6b, 0xe7, 0x7c, 0x6b, 0x84, 0xaf, 0x84, 0xad, 
	0x6b, 0xe7, 0x7c, 0x6b, 0x8c, 0xef, 0x9d, 0x73, 
	0x95, 0x73, 0x8d, 0x31, 0x74, 0x2b, 0x74, 0x2b, 
	0x84, 0xef, 0xa5, 0xb7, 0x9d, 0xb5, 0x95, 0x73, 
	0x95, 0x73, 0xbe, 0x79, 0xb6, 0x39, 0xb6, 0x37, 
	0xad, 0xf7, 0xb6, 0x37, 0xbe, 0x77, 0xc6, 0xb9, 
	0xce, 0xb9, 0xbe, 0x79, 0xa5, 0xb3, 0x9d, 0x73, 
	0x9d, 0xb3, 0xa5, 0xb5, 0xb6, 0x37, 0xb6, 0x37, 
	0x7c, 0x6b, 0x7c, 0x6b, 0x84, 0xad, 0x7c, 0x29, 
	0x74, 0x29, 0x84, 0xad, 0x84, 0xad, 0x8c, 0xef, 
	0x84, 0xad, 0x74, 0x2b, 0x6b, 0xe7, 0x74, 0x2b, 
	0x7c, 0x6b, 0x95, 0x31, 0x9d, 0x75, 0x84, 0xf1, 
	0x95, 0x73, 0xa5, 0xb7, 0xad, 0xf7, 0xad, 0xf7, 
	0xb6, 0x37, 0xc6, 0x79, 0xd6, 0xfb, 0xde, 0xfb, 
	0xd6, 0xfb, 0xce, 0xb9, 0xbe, 0x79, 0xa5, 0xb3, 
	0x9d, 0x73, 0xa5, 0xb5, 0xad, 0xf7, 0xb6, 0x37, 
	0x84, 0xad, 0x84, 0x6b, 0x74, 0x29, 0x7c, 0x6b, 
	0x84, 0xab, 0x84, 0xad, 0x84, 0xad, 0x8c, 0xad, 
	0x7c, 0x6b, 0x74, 0x29, 0x5b, 0x65, 0x6b, 0xe7, 
	0x7c, 0x6d, 0x84, 0xaf, 0x95, 0x33, 0x95, 0x31, 
	0x95, 0x33, 0xa5, 0xb5, 0xb5, 0xf7, 0xbe, 0x77, 
	0xce, 0xb9, 0xd6, 0xfb, 0xde, 0xfb, 0xe7, 0x3d, 
	0xe7, 0x3d, 0xd6, 0xfb, 0xc6, 0xb9, 0xad, 0xf5, 
	0x9d, 0x73, 0x9d, 0x71, 0x9d, 0x73, 0xb6, 0x37, 
	0x7c, 0x6b, 0x7c, 0x6b, 0x7c, 0x6b, 0x84, 0xab, 
	0x8c, 0xad, 0x84, 0xad, 0x84, 0xad, 0x7c, 0x6b, 
	0x74, 0x29, 0x63, 0xa5, 0x5b, 0x65, 0x6b, 0xe9, 
	0x74, 0x6b, 0x84, 0xaf, 0x7c, 0x6d, 0x73, 0xe7, 
	0x95, 0x31, 0xad, 0xf7, 0xbe, 0x37, 0xc6, 0x79, 
	0xce, 0xb9, 0xd6, 0xb9, 0xde, 0xfb, 0xe7, 0x7d, 
	0xe7, 0x3d, 0xde, 0xfb, 0xce, 0xb9, 0xad, 0xf7, 
	0x9d, 0x73, 0x95, 0x31, 0x9d, 0x73, 0xbe, 0x37, 
	0x63, 0xa3, 0x6b, 0xe7, 0x74, 0x29, 0x7c, 0x6b, 
	0x8c, 0xad, 0x84, 0xad, 0x84, 0xad, 0x74, 0x29, 
	0x6c, 0x29, 0x6b, 0xe9, 0x63, 0xe7, 0x74, 0x2b, 
	0x74, 0x2b, 0x74, 0x2b, 0x6b, 0xa5, 0x6b, 0xe7, 
	0x8c, 0xef, 0xa5, 0xb3, 0xad, 0xf5, 0xc6, 0x79, 
	0xce, 0x79, 0xd6, 0xf9, 0xde, 0xfb, 0xe7, 0x3d, 
	0xe7, 0x3b, 0xd6, 0xf9, 0xc6, 0xb9, 0xb6, 0x37, 
	0x95, 0x73, 0x9d, 0x73, 0xa5, 0xb5, 0xbe, 0x37, 
	0x63, 0x61, 0x6b, 0xa5, 0x73, 0xe5, 0x73, 0xe7, 
	0x7c, 0x29, 0x74, 0x29, 0x6b, 0xa5, 0x63, 0x65, 
	0x5b, 0x63, 0x5b, 0x63, 0x5b, 0x63, 0x63, 0xa7, 
	0x6b, 0xe7, 0x6b, 0xe7, 0x6b, 0xe7, 0x84, 0xaf, 
	0x84, 0xaf, 0x94, 0xef, 0xa5, 0xb5, 0xbe, 0x37, 
	0xc6, 0x77, 0xce, 0xb9, 0xde, 0xfb, 0xde, 0xf9, 
	0xd6, 0xf9, 0xc6, 0x79, 0xb6, 0x37, 0xb6, 0x37, 
	0xa5, 0xb5, 0xa5, 0xb5, 0xa5, 0xb5, 0xbe, 0x79, 
	0x5b, 0x1d, 0x5b, 0x1f, 0x6b, 0x61, 0x63, 0x63, 
	0x63, 0x63, 0x63, 0x63, 0x52, 0xdf, 0x4a, 0x9d, 
	0x5b, 0x63, 0x4a, 0xdf, 0x4a, 0x9b, 0x53, 0x1f, 
	0x63, 0xa7, 0x63, 0x65, 0x74, 0x6b, 0x8d, 0x31, 
	0x8d, 0x31, 0x8c, 0xef, 0x9d, 0x73, 0xad, 0xf5, 
	0xb5, 0xf5, 0xb5, 0xf5, 0xbe, 0x35, 0xbe, 0x35, 
	0xbe, 0x37, 0xb6, 0x37, 0xad, 0xf5, 0xad, 0xf7, 
	0xa5, 0xb5, 0x9d, 0x71, 0xad, 0xb5, 0xb6, 0x37, 
	0x52, 0x99, 0x52, 0xdb, 0x5a, 0xdd, 0x5b, 0x1f, 
	0x5b, 0x21, 0x52, 0xdf, 0x52, 0xdf, 0x4a, 0x9d, 
	0x52, 0xe1, 0x4a, 0x9f, 0x4a, 0x9b, 0x4a, 0x9b, 
	0x5b, 0x23, 0x5b, 0x65, 0x6b, 0xe9, 0x84, 0xaf, 
	0x84, 0xef, 0x7c, 0x6b, 0x84, 0xaf, 0x9d, 0x73, 
	0xa5, 0xb3, 0xad, 0xb3, 0xad, 0xb3, 0xad, 0xb5, 
	0xad, 0xf5, 0xa5, 0xb5, 0xa5, 0xb5, 0xa5, 0xb5, 
	0xa5, 0xb5, 0x9d, 0x73, 0xad, 0xb5, 0xbe, 0x37, 
	0x4a, 0x99, 0x4a, 0x99, 0x4a, 0x9b, 0x4a, 0x9b, 
	0x52, 0xdd, 0x42, 0x59, 0x42, 0x59, 0x4a, 0x9d, 
	0x4a, 0xdf, 0x4a, 0x9d, 0x4a, 0xdf, 0x52, 0xdf, 
	0x53, 0x21, 0x63, 0xa5, 0x74, 0x2b, 0x74, 0x6b, 
	0x74, 0x29, 0x74, 0x29, 0x7c, 0x6d, 0x8c, 0xf1, 
	0x95, 0x31, 0x95, 0x31, 0x95, 0x31, 0xa5, 0xb5, 
	0xad, 0xf5, 0x95, 0x31, 0x9d, 0xb5, 0xad, 0xf7, 
	0xad, 0xf7, 0x9d, 0x73, 0xa5, 0xb3, 0xbe, 0x37, 
	0x4a, 0x9b, 0x4a, 0x59, 0x4a, 0x59, 0x4a, 0x59, 
	0x4a, 0x59, 0x3a, 0x17, 0x42, 0x59, 0x3a, 0x19, 
	0x42, 0x5b, 0x42, 0x59, 0x42, 0x59, 0x4a, 0x9d, 
	0x5b, 0x23, 0x5b, 0x21, 0x63, 0x65, 0x63, 0xa7, 
	0x63, 0x65, 0x6b, 0xa7, 0x74, 0x2b, 0x74, 0x2b, 
	0x84, 0xad, 0x84, 0xad, 0x8c, 0xef, 0x94, 0xef, 
	0x95, 0x31, 0x84, 0xaf, 0x9d, 0x73, 0xae, 0x37, 
	0xad, 0xf7, 0xad, 0xf5, 0xb6, 0x37, 0xc6, 0xb9, 
	0x4a, 0x59, 0x4a, 0x59, 0x42, 0x57, 0x42, 0x57, 
	0x42, 0x17, 0x42, 0x59, 0x3a, 0x17, 0x3a, 0x19, 
	0x3a, 0x19, 0x42, 0x59, 0x3a, 0x59, 0x4a, 0x9d, 
	0x4a, 0xdf, 0x53, 0x21, 0x52, 0xdf, 0x63, 0xa7, 
	0x63, 0xa7, 0x6b, 0xe7, 0x6b, 0xe9, 0x6b, 0xe9, 
	0x6c, 0x29, 0x74, 0x29, 0x7c, 0x6b, 0x8c, 0xef, 
	0x95, 0x33, 0x95, 0x73, 0x9d, 0x73, 0xad, 0xf7, 
	0xb6, 0x37, 0xb6, 0x37, 0xbe, 0x79, 0xce, 0xbb, 
	0x4a, 0x59, 0x42, 0x57, 0x42, 0x57, 0x42, 0x57, 
	0x42, 0x59, 0x3a, 0x17, 0x3a, 0x17, 0x31, 0xd5, 
	0x3a, 0x17, 0x3a, 0x17, 0x3a, 0x17, 0x42, 0x5b, 
	0x4a, 0x9d, 0x4a, 0xdd, 0x52, 0xdf, 0x53, 0x21, 
	0x5b, 0x65, 0x5b, 0x65, 0x63, 0xa7, 0x6b, 0xe7, 
	0x6c, 0x29, 0x7c, 0x6b, 0x7c, 0x6b, 0x84, 0xaf, 
	0x9d, 0x73, 0x9d, 0x73, 0x9d, 0x73, 0x9d, 0xb3, 
	0xad, 0xb5, 0xb6, 0x37, 0xbe, 0x39, 0xce, 0xb9, 
	0x4a, 0x57, 0x4a, 0x57, 0x42, 0x15, 0x42, 0x15, 
	0x42, 0x59, 0x42, 0x57, 0x42, 0x17, 0x3a, 0x17, 
	0x3a, 0x19, 0x31, 0xd5, 0x3a, 0x17, 0x3a, 0x17, 
	0x42, 0x59, 0x3a, 0x17, 0x53, 0x21, 0x52, 0xdf, 
	0x53, 0x23, 0x5b, 0x65, 0x63, 0xa5, 0x6b, 0xe7, 
	0x6b, 0xe7, 0x6b, 0xe7, 0x74, 0x29, 0x7c, 0xad, 
	0x8c, 0xef, 0x95, 0x31, 0x95, 0x73, 0x95, 0x71, 
	0xad, 0xb5, 0xb5, 0xf7, 0xbe, 0x37, 0xce, 0xb7, 
	0x4a, 0x99, 0x4a, 0x59, 0x42, 0x57, 0x42, 0x59, 
	0x42, 0x57, 0x4a, 0x9b, 0x4a, 0x9b, 0x42, 0x59, 
	0x42, 0x59, 0x42, 0x59, 0x3a, 0x17, 0x42, 0x59, 
	0x42, 0x19, 0x4a, 0x9b, 0x52, 0xdf, 0x52, 0xdf, 
	0x5b, 0x63, 0x63, 0xa7, 0x6b, 0xe7, 0x63, 0xa5, 
	0x63, 0xa5, 0x6b, 0xa5, 0x74, 0x29, 0x84, 0xad, 
	0x84, 0xaf, 0x9d, 0xb5, 0x8c, 0xef, 0x95, 0x31, 
	0xad, 0xf5, 0xb6, 0x37, 0xc6, 0x77, 0xd6, 0xb5, 
	
};

Gfx INTRO_SCREEN_tile_7_1_rgba16_aligner[] = {gsSPEndDisplayList()};
u8 INTRO_SCREEN_tile_7_1_rgba16[] = {
	0x4a, 0x57, 0x4a, 0x57, 0x42, 0x15, 0x42, 0x15, 
	0x42, 0x59, 0x42, 0x57, 0x42, 0x17, 0x3a, 0x17, 
	0x3a, 0x19, 0x31, 0xd5, 0x3a, 0x17, 0x3a, 0x17, 
	0x42, 0x59, 0x3a, 0x17, 0x53, 0x21, 0x52, 0xdf, 
	0x53, 0x23, 0x5b, 0x65, 0x63, 0xa5, 0x6b, 0xe7, 
	0x6b, 0xe7, 0x6b, 0xe7, 0x74, 0x29, 0x7c, 0xad, 
	0x8c, 0xef, 0x95, 0x31, 0x95, 0x73, 0x95, 0x71, 
	0xad, 0xb5, 0xb5, 0xf7, 0xbe, 0x37, 0xce, 0xb7, 
	0x4a, 0x99, 0x4a, 0x59, 0x42, 0x57, 0x42, 0x59, 
	0x42, 0x57, 0x4a, 0x9b, 0x4a, 0x9b, 0x42, 0x59, 
	0x42, 0x59, 0x42, 0x59, 0x3a, 0x17, 0x42, 0x59, 
	0x42, 0x19, 0x4a, 0x9b, 0x52, 0xdf, 0x52, 0xdf, 
	0x5b, 0x63, 0x63, 0xa7, 0x6b, 0xe7, 0x63, 0xa5, 
	0x63, 0xa5, 0x6b, 0xa5, 0x74, 0x29, 0x84, 0xad, 
	0x84, 0xaf, 0x9d, 0xb5, 0x8c, 0xef, 0x95, 0x31, 
	0xad, 0xf5, 0xb6, 0x37, 0xc6, 0x77, 0xd6, 0xb5, 
	0x5b, 0x1f, 0x52, 0xdd, 0x52, 0xdd, 0x52, 0xdf, 
	0x4a, 0x9b, 0x52, 0x9b, 0x4a, 0x59, 0x4a, 0x9b, 
	0x4a, 0x59, 0x42, 0x59, 0x42, 0x59, 0x4a, 0x9b, 
	0x42, 0x59, 0x4a, 0x9b, 0x52, 0xe1, 0x5b, 0x21, 
	0x5b, 0x63, 0x63, 0xa5, 0x6b, 0xe7, 0x6b, 0xe7, 
	0x6b, 0xe7, 0x7c, 0x6b, 0x84, 0xad, 0x7c, 0xad, 
	0x8c, 0xef, 0x95, 0x73, 0x95, 0x2f, 0x94, 0xef, 
	0xad, 0xb5, 0xbe, 0x37, 0xce, 0xb7, 0xd6, 0xb5, 
	0x5b, 0x1f, 0x52, 0xdd, 0x52, 0xdd, 0x5b, 0x21, 
	0x52, 0xdf, 0x52, 0x9b, 0x4a, 0x59, 0x52, 0xdb, 
	0x4a, 0x9b, 0x52, 0x9b, 0x4a, 0x99, 0x53, 0x1f, 
	0x4a, 0xdf, 0x53, 0x21, 0x5b, 0x65, 0x53, 0x21, 
	0x5b, 0x63, 0x63, 0xa5, 0x6b, 0xe7, 0x63, 0xa5, 
	0x74, 0x29, 0x7c, 0x6d, 0x7c, 0xad, 0x84, 0xef, 
	0x95, 0x33, 0x9d, 0x73, 0x9d, 0x31, 0x9d, 0x31, 
	0xad, 0xb3, 0xc6, 0x77, 0xd6, 0x75, 0xd6, 0xb5, 
	0x5b, 0x1d, 0x5a, 0xdd, 0x53, 0x1f, 0x52, 0xdf, 
	0x52, 0xdb, 0x52, 0x9b, 0x52, 0x9b, 0x52, 0xdd, 
	0x5b, 0x1f, 0x53, 0x1f, 0x52, 0xdf, 0x52, 0xdf, 
	0x52, 0xdf, 0x5b, 0x63, 0x63, 0xa7, 0x5b, 0x63, 
	0x63, 0x63, 0x63, 0xa5, 0x63, 0xa3, 0x6b, 0xe7, 
	0x74, 0x29, 0x84, 0xad, 0x8c, 0xef, 0x8d, 0x31, 
	0x9d, 0x73, 0x9d, 0xb3, 0xa5, 0xb3, 0xa5, 0xb5, 
	0xbe, 0x37, 0xce, 0x75, 0xce, 0x73, 0xce, 0x73, 
	0x5b, 0x21, 0x5b, 0x1f, 0x5b, 0x1f, 0x5b, 0x1f, 
	0x5b, 0x61, 0x5b, 0x61, 0x5b, 0x61, 0x5b, 0x21, 
	0x53, 0x1f, 0x5b, 0x1f, 0x52, 0xdd, 0x5b, 0x21, 
	0x5b, 0x61, 0x63, 0xa7, 0x6b, 0xe9, 0x6b, 0xe7, 
	0x63, 0xa5, 0x63, 0x63, 0x63, 0x63, 0x6b, 0xe7, 
	0x73, 0xe7, 0x7c, 0x6b, 0x84, 0xad, 0x8c, 0xef, 
	0x8c, 0xef, 0xa5, 0xb5, 0xad, 0xf5, 0xb6, 0x37, 
	0xce, 0x75, 0xce, 0x73, 0xce, 0x73, 0xce, 0x73, 
	0x5b, 0x21, 0x5b, 0x1f, 0x5b, 0x1f, 0x5b, 0x1f, 
	0x63, 0x61, 0x63, 0x63, 0x5b, 0x21, 0x5b, 0x61, 
	0x5b, 0x1f, 0x63, 0x61, 0x63, 0x61, 0x63, 0x63, 
	0x63, 0x63, 0x63, 0xa3, 0x63, 0xa3, 0x6b, 0xe7, 
	0x6b, 0xe7, 0x6b, 0xe7, 0x73, 0xe7, 0x74, 0x29, 
	0x7c, 0x29, 0x7c, 0x6b, 0x84, 0xad, 0x8c, 0xef, 
	0x8c, 0xef, 0x9d, 0x71, 0xbe, 0x77, 0xce, 0x75, 
	0xce, 0x73, 0xce, 0x73, 0xce, 0x73, 0xce, 0x73, 
	0x5b, 0x1f, 0x52, 0xdb, 0x52, 0xdd, 0x5b, 0x1f, 
	0x63, 0x63, 0x63, 0x63, 0x5b, 0x61, 0x6b, 0xa5, 
	0x6b, 0xa7, 0x6b, 0xa7, 0x6b, 0xe9, 0x6b, 0xe7, 
	0x63, 0xa5, 0x74, 0x29, 0x74, 0x29, 0x74, 0x29, 
	0x7c, 0x6b, 0x7c, 0x6b, 0x7c, 0x6b, 0x7c, 0x29, 
	0x7c, 0x6b, 0x84, 0xad, 0x84, 0xad, 0x8c, 0xef, 
	0x9d, 0x71, 0xbe, 0x35, 0xce, 0x75, 0xce, 0x73, 
	0xce, 0x73, 0xce, 0x73, 0xce, 0x73, 0xce, 0x73, 
	0x9c, 0xe9, 0x6b, 0x5f, 0x5a, 0xdd, 0x5a, 0xdd, 
	0x5b, 0x1f, 0x5b, 0x1f, 0x63, 0xa5, 0x6b, 0xe5, 
	0x6b, 0xe7, 0x6b, 0xe9, 0x74, 0x2b, 0x74, 0x2b, 
	0x6c, 0x29, 0x73, 0xe7, 0x74, 0x29, 0x74, 0x29, 
	0x7c, 0x29, 0x73, 0xe5, 0x7c, 0x69, 0x84, 0x6b, 
	0x8c, 0xef, 0x94, 0xef, 0x9d, 0x2f, 0xb5, 0xf5, 
	0xc6, 0x75, 0xce, 0x73, 0xce, 0x73, 0xce, 0x73, 
	0xce, 0x73, 0xce, 0x73, 0xce, 0x73, 0xce, 0x73, 
	0xc6, 0x31, 0xbd, 0xef, 0xa5, 0x2b, 0x7c, 0x25, 
	0x6b, 0xa3, 0x63, 0x63, 0x63, 0xa3, 0x6b, 0xa5, 
	0x63, 0xa3, 0x6b, 0xe7, 0x74, 0x29, 0x74, 0x29, 
	0x74, 0x27, 0x73, 0xe7, 0x74, 0x29, 0x7c, 0x29, 
	0x7c, 0x6b, 0x7c, 0x6b, 0x8c, 0xef, 0x8c, 0xef, 
	0x9d, 0x31, 0xad, 0xb3, 0xc6, 0x35, 0xce, 0x73, 
	0xce, 0x73, 0xce, 0x73, 0xce, 0x73, 0xce, 0x73, 
	0xce, 0x73, 0xce, 0x73, 0xce, 0x73, 0xce, 0x73, 
	0xc6, 0x31, 0xc6, 0x31, 0xc6, 0x31, 0xc6, 0x31, 
	0xb5, 0xaf, 0x9c, 0xeb, 0x8c, 0x69, 0x74, 0x27, 
	0x6b, 0xa5, 0x6b, 0xe7, 0x74, 0x29, 0x74, 0x29, 
	0x7c, 0x6b, 0x74, 0x27, 0x74, 0x29, 0x7c, 0x6b, 
	0x84, 0xad, 0x84, 0xad, 0x95, 0x31, 0xad, 0xb1, 
	0xbd, 0xf1, 0xc6, 0x31, 0xc6, 0x31, 0xc6, 0x31, 
	0xc6, 0x31, 0xc6, 0x31, 0xc6, 0x31, 0xc6, 0x31, 
	0xc6, 0x31, 0xc6, 0x31, 0xc6, 0x31, 0xc6, 0x31, 
	0xc6, 0x31, 0xc6, 0x31, 0xc6, 0x31, 0xc6, 0x31, 
	0xc6, 0x31, 0xc6, 0x31, 0xc6, 0x31, 0xbd, 0xf1, 
	0xad, 0xad, 0x9d, 0x2b, 0x9c, 0xeb, 0x9d, 0x2d, 
	0x95, 0x2d, 0x9d, 0x2d, 0x9d, 0x2d, 0xa5, 0x6d, 
	0xad, 0xaf, 0xb5, 0xef, 0xc6, 0x31, 0xc6, 0x31, 
	0xc6, 0x31, 0xc6, 0x31, 0xc6, 0x31, 0xc6, 0x31, 
	0xc6, 0x31, 0xc6, 0x31, 0xc6, 0x31, 0xc6, 0x31, 
	0xc6, 0x31, 0xc6, 0x31, 0xc6, 0x31, 0xc6, 0x31, 
	0xc6, 0x31, 0xc6, 0x31, 0xc6, 0x31, 0xc6, 0x31, 
	0xc6, 0x31, 0xc6, 0x31, 0xc6, 0x31, 0xc6, 0x31, 
	0xc6, 0x31, 0xc6, 0x31, 0xc6, 0x31, 0xc6, 0x31, 
	0xc6, 0x31, 0xc6, 0x31, 0xc6, 0x31, 0xc6, 0x31, 
	0xc6, 0x31, 0xc6, 0x31, 0xc6, 0x31, 0xc6, 0x31, 
	0xc6, 0x31, 0xc6, 0x31, 0xc6, 0x31, 0xc6, 0x31, 
	0xc6, 0x31, 0xc6, 0x31, 0xc6, 0x31, 0xc6, 0x31, 
	0xc6, 0x31, 0xc6, 0x31, 0xc6, 0x31, 0xc6, 0x31, 
	0xc6, 0x31, 0xc6, 0x31, 0xc6, 0x31, 0xc6, 0x31, 
	0xc6, 0x31, 0xc6, 0x31, 0xc6, 0x31, 0xc6, 0x31, 
	0xc6, 0x31, 0xc6, 0x31, 0xc6, 0x31, 0xc6, 0x31, 
	0xc6, 0x31, 0xc6, 0x31, 0xc6, 0x31, 0xc6, 0x31, 
	0xc6, 0x31, 0xc6, 0x31, 0xc6, 0x31, 0xc6, 0x31, 
	0xc6, 0x31, 0xc6, 0x31, 0xc6, 0x31, 0xc6, 0x31, 
	0xc6, 0x31, 0xc6, 0x31, 0xc6, 0x31, 0xc6, 0x31, 
	0xc6, 0x31, 0xc6, 0x31, 0xc6, 0x31, 0xc6, 0x31, 
	0xc6, 0x31, 0xc6, 0x31, 0xc6, 0x31, 0xc6, 0x31, 
	0xc6, 0x31, 0xc6, 0x31, 0xc6, 0x31, 0xc6, 0x31, 
	0xc6, 0x31, 0xc6, 0x31, 0xc6, 0x31, 0xc6, 0x31, 
	0xc6, 0x31, 0xc6, 0x31, 0xc6, 0x31, 0xc6, 0x31, 
	0xc6, 0x31, 0xc6, 0x31, 0xc6, 0x31, 0xc6, 0x31, 
	0xc6, 0x31, 0xc6, 0x31, 0xc6, 0x31, 0xc6, 0x31, 
	0xc6, 0x31, 0xc6, 0x31, 0xc6, 0x31, 0xc6, 0x31, 
	0xc6, 0x31, 0xc6, 0x31, 0xc6, 0x31, 0xc6, 0x31, 
	0xc6, 0x31, 0xc6, 0x31, 0xc6, 0x31, 0xc6, 0x31, 
	0xc6, 0x31, 0xc6, 0x31, 0xc6, 0x31, 0xc6, 0x31, 
	0xc6, 0x31, 0xc6, 0x31, 0xc6, 0x31, 0xc6, 0x31, 
	0xc6, 0x31, 0xc6, 0x31, 0xc6, 0x31, 0xc6, 0x31, 
	0xc6, 0x31, 0xc6, 0x31, 0xc6, 0x31, 0xc6, 0x31, 
	0xc6, 0x31, 0xc6, 0x31, 0xc6, 0x31, 0xc6, 0x31, 
	0xc6, 0x31, 0xc6, 0x31, 0xc6, 0x31, 0xc6, 0x31, 
	0xc6, 0x31, 0xc6, 0x31, 0xc6, 0x31, 0xc6, 0x31, 
	0xbd, 0xef, 0xbd, 0xef, 0xbd, 0xef, 0xbd, 0xef, 
	0xbd, 0xef, 0xbd, 0xef, 0xbd, 0xef, 0xbd, 0xef, 
	0xbd, 0xef, 0xbd, 0xef, 0xbd, 0xef, 0xbd, 0xef, 
	0xbe, 0x31, 0xc6, 0x31, 0xc6, 0x31, 0xc6, 0x31, 
	0xc6, 0x31, 0xc6, 0x31, 0xc6, 0x31, 0xc6, 0x31, 
	0xc6, 0x31, 0xc6, 0x31, 0xbd, 0xef, 0xc6, 0x31, 
	0xc6, 0x31, 0xc6, 0x31, 0xc6, 0x31, 0xc6, 0x31, 
	0xc6, 0x31, 0xc6, 0x31, 0xbd, 0xef, 0xbd, 0xef, 
	0xbd, 0xef, 0xbd, 0xef, 0xbd, 0xef, 0xbd, 0xef, 
	0xbd, 0xef, 0xbd, 0xef, 0xbd, 0xef, 0xbd, 0xef, 
	0xbd, 0xef, 0xbd, 0xef, 0xbd, 0xef, 0xbd, 0xef, 
	0xbd, 0xef, 0xbd, 0xef, 0xbd, 0xef, 0xbd, 0xef, 
	0xbd, 0xef, 0xbd, 0xef, 0xbd, 0xef, 0xbd, 0xef, 
	0xbd, 0xef, 0xbd, 0xef, 0xbd, 0xef, 0xbd, 0xef, 
	0xbd, 0xef, 0xbd, 0xef, 0xbd, 0xef, 0xbd, 0xef, 
	0xbd, 0xef, 0xbd, 0xef, 0xbd, 0xef, 0xbd, 0xef, 
	0xbd, 0xef, 0xbd, 0xef, 0xbd, 0xef, 0xbd, 0xef, 
	0xbd, 0xef, 0xbd, 0xef, 0xbd, 0xef, 0xbd, 0xef, 
	0xbd, 0xef, 0xbd, 0xef, 0xbd, 0xef, 0xbd, 0xef, 
	0xbd, 0xef, 0xbd, 0xef, 0xbd, 0xef, 0xbd, 0xef, 
	0xbd, 0xef, 0xbd, 0xef, 0xbd, 0xef, 0xbd, 0xef, 
	0xbd, 0xef, 0xbd, 0xef, 0xbd, 0xef, 0xbd, 0xef, 
	0xbd, 0xef, 0xbd, 0xef, 0xbd, 0xef, 0xbd, 0xef, 
	0xbd, 0xef, 0xbd, 0xef, 0xbd, 0xef, 0xbd, 0xef, 
	0xbd, 0xef, 0xbd, 0xef, 0xbd, 0xef, 0xbd, 0xef, 
	0xbd, 0xef, 0xbd, 0xef, 0xbd, 0xef, 0xbd, 0xef, 
	0xbd, 0xef, 0xbd, 0xef, 0xbd, 0xef, 0xbd, 0xef, 
	0xbd, 0xef, 0xbd, 0xef, 0xbd, 0xef, 0xbd, 0xef, 
	0xbd, 0xef, 0xbd, 0xef, 0xbd, 0xef, 0xbd, 0xef, 
	0xbd, 0xef, 0xbd, 0xef, 0xbd, 0xef, 0xbd, 0xef, 
	0xbd, 0xef, 0xbd, 0xef, 0xbd, 0xef, 0xbd, 0xef, 
	0xbd, 0xef, 0xbd, 0xef, 0xbd, 0xef, 0xbd, 0xef, 
	0xbd, 0xef, 0xbd, 0xef, 0xbd, 0xef, 0xbd, 0xef, 
	0xbd, 0xef, 0xbd, 0xef, 0xbd, 0xef, 0xbd, 0xef, 
	0xbd, 0xef, 0xbd, 0xef, 0xbd, 0xef, 0xbd, 0xef, 
	0xbd, 0xef, 0xbd, 0xef, 0xbd, 0xef, 0xbd, 0xef, 
	0xbd, 0xef, 0xbd, 0xef, 0xbd, 0xef, 0xbd, 0xef, 
	0xbd, 0xef, 0xbd, 0xef, 0xbd, 0xef, 0xbd, 0xef, 
	0xbd, 0xef, 0xbd, 0xef, 0xbd, 0xef, 0xbd, 0xef, 
	0xbd, 0xef, 0xbd, 0xef, 0xbd, 0xef, 0xbd, 0xef, 
	0xbd, 0xef, 0xbd, 0xef, 0xbd, 0xef, 0xbd, 0xef, 
	0xbd, 0xef, 0xbd, 0xef, 0xbd, 0xef, 0xbd, 0xef, 
	0xbd, 0xef, 0xbd, 0xef, 0xbd, 0xef, 0xbd, 0xef, 
	0xbd, 0xef, 0xbd, 0xef, 0xbd, 0xef, 0xbd, 0xef, 
	0xbd, 0xef, 0xbd, 0xef, 0xbd, 0xef, 0xbd, 0xef, 
	0xbd, 0xef, 0xbd, 0xef, 0xbd, 0xef, 0xbd, 0xef, 
	0xbd, 0xef, 0xbd, 0xef, 0xbd, 0xef, 0xbd, 0xef, 
	0xbd, 0xef, 0xbd, 0xef, 0xbd, 0xef, 0xbd, 0xef, 
	0xbd, 0xef, 0xbd, 0xef, 0xbd, 0xef, 0xbd, 0xef, 
	0xbd, 0xef, 0xb5, 0xad, 0xb5, 0xad, 0xb5, 0xad, 
	0xbd, 0xef, 0xbd, 0xef, 0xbd, 0xef, 0xbd, 0xef, 
	0xbd, 0xef, 0xbd, 0xef, 0xbd, 0xef, 0xbd, 0xad, 
	0xbd, 0xad, 0xb5, 0xad, 0xb5, 0xad, 0xbd, 0xad, 
	0xbd, 0xad, 0xbd, 0xef, 0xbd, 0xef, 0xbd, 0xef, 
	0xbd, 0xef, 0xbd, 0xef, 0xbd, 0xef, 0xbd, 0xef, 
	0xbd, 0xef, 0xbd, 0xef, 0xbd, 0xef, 0xbd, 0xef, 
	0xb5, 0xad, 0xb5, 0xad, 0xb5, 0xad, 0xb5, 0xad, 
	0xb5, 0xad, 0xb5, 0xad, 0xb5, 0xad, 0xb5, 0xad, 
	0xb5, 0xad, 0xb5, 0xad, 0xb5, 0xad, 0xb5, 0xad, 
	0xb5, 0xad, 0xb5, 0x6b, 0xac, 0xa3, 0xa3, 0x5b, 
	0x9a, 0x53, 0x99, 0xcf, 0x99, 0x8d, 0x9a, 0x53, 
	0xa3, 0x5b, 0xac, 0xa5, 0xb5, 0xad, 0xbd, 0xad, 
	0xbd, 0xef, 0xbd, 0xef, 0xbd, 0xef, 0xbd, 0xef, 
	0xbd, 0xef, 0xb5, 0xad, 0xb5, 0xad, 0xb5, 0xad, 
	0xb5, 0xad, 0xb5, 0xad, 0xb5, 0xad, 0xb5, 0xad, 
	0xb5, 0xad, 0xb5, 0xad, 0xb5, 0xad, 0xb5, 0xad, 
	0xb5, 0xad, 0xb5, 0xad, 0xb5, 0xad, 0xb5, 0xad, 
	0xac, 0x63, 0x9a, 0x11, 0x90, 0x85, 0x90, 0x01, 
	0x90, 0x01, 0x90, 0x01, 0x90, 0x01, 0x90, 0x01, 
	0x90, 0x01, 0x90, 0x85, 0x9a, 0x95, 0xb5, 0x29, 
	0xb5, 0xad, 0xb5, 0xad, 0xb5, 0xad, 0xb5, 0xad, 
	0xb5, 0xad, 0xb5, 0xad, 0xb5, 0xad, 0xb5, 0xad, 
	0xb5, 0xad, 0xb5, 0xad, 0xb5, 0xad, 0xb5, 0xad, 
	0xb5, 0xad, 0xb5, 0xad, 0xb5, 0xad, 0xb5, 0xad, 
	0xb5, 0xad, 0xb5, 0xad, 0xb5, 0x6b, 0xa3, 0x19, 
	0x90, 0x85, 0x90, 0x01, 0x90, 0x01, 0x90, 0x01, 
	0x90, 0x01, 0x90, 0x01, 0x90, 0x01, 0x90, 0x01, 
	0x90, 0x01, 0x90, 0x01, 0x90, 0x01, 0x99, 0xcf, 
	0xb5, 0x29, 0xb5, 0xad, 0xb5, 0xad, 0xb5, 0xad, 
	0xb5, 0xad, 0xb5, 0xad, 0xb5, 0xad, 0xb5, 0xad, 
	0xb5, 0xad, 0xb5, 0xad, 0xb5, 0xad, 0xb5, 0xad, 
	0xb5, 0xad, 0xb5, 0xad, 0xb5, 0xad, 0xb5, 0xad, 
	0xb5, 0xad, 0xb5, 0xad, 0xac, 0xa5, 0x98, 0xc7, 
	0x90, 0x01, 0x90, 0x01, 0x90, 0x01, 0x90, 0x43, 
	0x99, 0x09, 0x99, 0xcf, 0x99, 0xcf, 0x98, 0xc7, 
	0x90, 0x01, 0x90, 0x01, 0x90, 0x01, 0x90, 0x01, 
	0xa3, 0x19, 0xb5, 0xad, 0xb5, 0xad, 0xb5, 0xad, 
	0xb5, 0xad, 0xb5, 0xad, 0xb5, 0xad, 0xb5, 0xad, 
	0xb5, 0xad, 0xb5, 0xad, 0xb5, 0xad, 0xb5, 0xad, 
	0xb5, 0xad, 0xb5, 0xad, 0xb5, 0xad, 0xb5, 0xad, 
	0xb5, 0xad, 0xb5, 0xad, 0xb5, 0xad, 0xa3, 0x9d, 
	0x90, 0x85, 0x90, 0x01, 0x99, 0xcf, 0xa4, 0x21, 
	0xad, 0x29, 0xb5, 0x6b, 0xb5, 0x6b, 0xac, 0xa5, 
	0x99, 0x8d, 0x90, 0x01, 0x90, 0x01, 0x90, 0x01, 
	0x99, 0x09, 0xb5, 0x29, 0xb5, 0xad, 0xb5, 0xad, 
	0xb5, 0xad, 0xb5, 0xad, 0xb5, 0xad, 0xb5, 0xad, 
	0xb5, 0xad, 0xb5, 0xad, 0xb5, 0xad, 0xb5, 0xad, 
	0xb5, 0xad, 0xb5, 0xad, 0xb5, 0xad, 0xb5, 0xad, 
	0xb5, 0xad, 0xb5, 0xad, 0xb5, 0xad, 0xb5, 0x6b, 
	0x9b, 0x19, 0xa3, 0x5b, 0xad, 0x29, 0xb5, 0xad, 
	0xb5, 0xad, 0xb5, 0xad, 0xb5, 0xad, 0xb5, 0xad, 
	0xa3, 0xdf, 0x90, 0x01, 0x90, 0x01, 0x90, 0x01, 
	0x98, 0xc7, 0xac, 0xe7, 0xb5, 0xad, 0xb5, 0xad, 
	0xb5, 0xad, 0xad, 0x29, 0xa3, 0x9d, 0xa3, 0x19, 
	0xb5, 0xad, 0xb5, 0xad, 0xad, 0x6b, 0xb5, 0xad, 
	0xb5, 0xad, 0xb5, 0xad, 0xb5, 0xad, 0xb5, 0xad, 
	0xb5, 0xad, 0xb5, 0xad, 0xb5, 0xad, 0xb5, 0xad, 
	0xad, 0x6b, 0xad, 0x6b, 0xb5, 0xad, 0xb5, 0xad, 
	0xb5, 0xad, 0xb5, 0xad, 0xb5, 0xad, 0xb5, 0xad, 
	0xa4, 0x63, 0x90, 0x85, 0x90, 0x01, 0x90, 0x01, 
	0x90, 0xc7, 0xac, 0xa5, 0xb5, 0xad, 0xb5, 0xad, 
	0xad, 0x6b, 0x9a, 0x53, 0x90, 0x01, 0x90, 0x01, 
	0xad, 0x6b, 0xad, 0x6b, 0xad, 0x6b, 0xad, 0x6b, 
	0xad, 0x6b, 0xad, 0x6b, 0xad, 0x6b, 0xad, 0x6b, 
	0xad, 0x6b, 0xad, 0x6b, 0xad, 0x6b, 0xad, 0x6b, 
	0xad, 0x6b, 0xad, 0x6b, 0xad, 0x6b, 0xad, 0x6b, 
	0xad, 0x6b, 0xad, 0x6b, 0xad, 0x6b, 0xad, 0x6b, 
	0xa4, 0x21, 0x90, 0x43, 0x90, 0x01, 0x90, 0x01, 
	0x98, 0xc7, 0xac, 0xe7, 0xad, 0x6b, 0xb5, 0xad, 
	0xac, 0xe7, 0x98, 0xc7, 0x90, 0x01, 0x90, 0x01, 
	0xad, 0x6b, 0xad, 0x6b, 0xad, 0x6b, 0xad, 0x6b, 
	0xad, 0x6b, 0xad, 0x6b, 0xad, 0x6b, 0xad, 0x6b, 
	0xad, 0x6b, 0xad, 0x6b, 0xad, 0x6b, 0xad, 0x6b, 
	0xad, 0x6b, 0xad, 0x6b, 0xad, 0x6b, 0xad, 0x6b, 
	0xad, 0x6b, 0xad, 0x6b, 0xad, 0x6b, 0xad, 0x6b, 
	0x9a, 0xd7, 0x90, 0x01, 0x90, 0x01, 0x90, 0x01, 
	0x9a, 0x11, 0xad, 0x6b, 0xad, 0x6b, 0xad, 0x6b, 
	0xad, 0x29, 0x99, 0x09, 0x90, 0x01, 0x90, 0x01, 
	
};

Gfx INTRO_SCREEN_tile_7_2_rgba16_aligner[] = {gsSPEndDisplayList()};
u8 INTRO_SCREEN_tile_7_2_rgba16[] = {
	0xad, 0x6b, 0xad, 0x6b, 0xad, 0x6b, 0xad, 0x6b, 
	0xad, 0x6b, 0xad, 0x6b, 0xad, 0x6b, 0xad, 0x6b, 
	0xad, 0x6b, 0xad, 0x6b, 0xad, 0x6b, 0xad, 0x6b, 
	0xad, 0x6b, 0xad, 0x6b, 0xad, 0x6b, 0xad, 0x6b, 
	0xad, 0x6b, 0xad, 0x6b, 0xad, 0x6b, 0xad, 0x6b, 
	0xa4, 0x21, 0x90, 0x43, 0x90, 0x01, 0x90, 0x01, 
	0x98, 0xc7, 0xac, 0xe7, 0xad, 0x6b, 0xb5, 0xad, 
	0xac, 0xe7, 0x98, 0xc7, 0x90, 0x01, 0x90, 0x01, 
	0xad, 0x6b, 0xad, 0x6b, 0xad, 0x6b, 0xad, 0x6b, 
	0xad, 0x6b, 0xad, 0x6b, 0xad, 0x6b, 0xad, 0x6b, 
	0xad, 0x6b, 0xad, 0x6b, 0xad, 0x6b, 0xad, 0x6b, 
	0xad, 0x6b, 0xad, 0x6b, 0xad, 0x6b, 0xad, 0x6b, 
	0xad, 0x6b, 0xad, 0x6b, 0xad, 0x6b, 0xad, 0x6b, 
	0x9a, 0xd7, 0x90, 0x01, 0x90, 0x01, 0x90, 0x01, 
	0x9a, 0x11, 0xad, 0x6b, 0xad, 0x6b, 0xad, 0x6b, 
	0xad, 0x29, 0x99, 0x09, 0x90, 0x01, 0x90, 0x01, 
	0xad, 0x6b, 0xad, 0x6b, 0xad, 0x6b, 0xad, 0x6b, 
	0xad, 0x6b, 0xad, 0x6b, 0xad, 0x6b, 0xad, 0x6b, 
	0xad, 0x6b, 0xad, 0x6b, 0xad, 0x6b, 0xad, 0x6b, 
	0xad, 0x6b, 0xad, 0x6b, 0xad, 0x6b, 0xad, 0x6b, 
	0xad, 0x6b, 0xad, 0x6b, 0xad, 0x6b, 0xa4, 0x63, 
	0x90, 0xc7, 0x90, 0x01, 0x90, 0x01, 0x90, 0x43, 
	0xa3, 0xdf, 0xad, 0x6b, 0xad, 0x6b, 0xad, 0x6b, 
	0xad, 0x6b, 0x9b, 0x5b, 0x90, 0xc7, 0x90, 0x43, 
	0xad, 0x6b, 0xad, 0x6b, 0xad, 0x6b, 0xad, 0x6b, 
	0xad, 0x6b, 0xad, 0x6b, 0xad, 0x6b, 0xad, 0x6b, 
	0xad, 0x6b, 0xad, 0x6b, 0xad, 0x6b, 0xad, 0x6b, 
	0xad, 0x6b, 0xad, 0x6b, 0xad, 0x6b, 0xad, 0x6b, 
	0xad, 0x6b, 0xad, 0x6b, 0xa4, 0xe7, 0x99, 0xcf, 
	0x90, 0x01, 0x90, 0x01, 0x90, 0x01, 0x9a, 0x11, 
	0xad, 0x29, 0xad, 0x6b, 0xad, 0x6b, 0xad, 0x6b, 
	0xad, 0x6b, 0xad, 0x6b, 0xa4, 0xa5, 0xa4, 0x21, 
	0xad, 0x6b, 0xad, 0x6b, 0xad, 0x6b, 0xad, 0x6b, 
	0xad, 0x6b, 0xad, 0x6b, 0xad, 0x6b, 0xad, 0x6b, 
	0xad, 0x6b, 0xad, 0x6b, 0xad, 0x6b, 0xad, 0x6b, 
	0xad, 0x6b, 0xad, 0x6b, 0xad, 0x6b, 0xad, 0x6b, 
	0xad, 0x6b, 0xa4, 0xe7, 0x9a, 0x53, 0x90, 0x01, 
	0x90, 0x01, 0x90, 0x01, 0x99, 0x4b, 0xa4, 0xa5, 
	0xad, 0x6b, 0xad, 0x6b, 0xad, 0x6b, 0xad, 0x6b, 
	0xad, 0x6b, 0xad, 0x6b, 0xad, 0x6b, 0xad, 0x6b, 
	0xad, 0x6b, 0xad, 0x6b, 0xad, 0x6b, 0xad, 0x6b, 
	0xad, 0x6b, 0xad, 0x6b, 0xad, 0x6b, 0xad, 0x6b, 
	0xad, 0x6b, 0xad, 0x6b, 0xad, 0x6b, 0xad, 0x6b, 
	0xad, 0x6b, 0xad, 0x6b, 0xad, 0x6b, 0xad, 0x6b, 
	0xa4, 0xe7, 0x9a, 0x95, 0x90, 0x01, 0x90, 0x01, 
	0x90, 0x01, 0x99, 0x09, 0xa4, 0x21, 0xad, 0x6b, 
	0xad, 0x6b, 0xad, 0x6b, 0xad, 0x6b, 0xad, 0x6b, 
	0xad, 0x6b, 0xad, 0x6b, 0xad, 0x6b, 0xad, 0x6b, 
	0xad, 0x29, 0xa5, 0x29, 0xa5, 0x29, 0xa5, 0x29, 
	0xa5, 0x29, 0xa5, 0x29, 0xa5, 0x29, 0xa5, 0x29, 
	0xa5, 0x29, 0xa5, 0x29, 0xa5, 0x29, 0xa5, 0x29, 
	0xa5, 0x29, 0xa5, 0x29, 0xad, 0x29, 0xa4, 0xe7, 
	0x9a, 0x95, 0x90, 0x01, 0x90, 0x01, 0x90, 0x01, 
	0x91, 0x09, 0xa4, 0x21, 0xad, 0x6b, 0xad, 0x6b, 
	0xad, 0x6b, 0xad, 0x6b, 0xad, 0x6b, 0xad, 0x6b, 
	0xad, 0x6b, 0xad, 0x6b, 0xad, 0x6b, 0xad, 0x6b, 
	0xa5, 0x29, 0xa5, 0x29, 0xa5, 0x29, 0xa5, 0x29, 
	0xa5, 0x29, 0xa5, 0x29, 0xa5, 0x29, 0xa5, 0x29, 
	0xa5, 0x29, 0xa5, 0x29, 0xa5, 0x29, 0xa5, 0x29, 
	0xa5, 0x29, 0xa5, 0x29, 0xa4, 0xe7, 0x9a, 0xd7, 
	0x90, 0x01, 0x90, 0x01, 0x90, 0x01, 0x91, 0x09, 
	0xa4, 0x21, 0xad, 0x6b, 0xad, 0x6b, 0xad, 0x6b, 
	0xad, 0x6b, 0xad, 0x6b, 0xad, 0x6b, 0xad, 0x6b, 
	0xad, 0x6b, 0xad, 0x6b, 0xad, 0x6b, 0xad, 0x6b, 
	0xa5, 0x29, 0xa5, 0x29, 0xa5, 0x29, 0xa5, 0x29, 
	0xa5, 0x29, 0xa5, 0x29, 0xa5, 0x29, 0xa5, 0x29, 
	0xa5, 0x29, 0xa5, 0x29, 0xa5, 0x29, 0xa5, 0x29, 
	0xa5, 0x29, 0xa4, 0xe7, 0x9a, 0xd7, 0x90, 0x43, 
	0x90, 0x01, 0x90, 0x01, 0x99, 0x09, 0xa4, 0x21, 
	0xa5, 0x29, 0xad, 0x6b, 0xad, 0x29, 0xa5, 0x29, 
	0xa5, 0x6b, 0xad, 0x6b, 0xa5, 0x29, 0xa5, 0x29, 
	0xa5, 0x29, 0xa5, 0x29, 0xad, 0x6b, 0xad, 0x6b, 
	0xa5, 0x29, 0xa5, 0x29, 0xa5, 0x29, 0xa5, 0x29, 
	0xa5, 0x29, 0xa5, 0x29, 0xa5, 0x29, 0xa5, 0x29, 
	0xa5, 0x29, 0xa5, 0x29, 0xa5, 0x29, 0xa5, 0x29, 
	0xa4, 0xe7, 0x9a, 0xd7, 0x90, 0x43, 0x90, 0x01, 
	0x90, 0x01, 0x99, 0x4b, 0xa4, 0x63, 0xa5, 0x29, 
	0xa5, 0x29, 0xa5, 0x29, 0xa5, 0x29, 0xa5, 0x29, 
	0xa5, 0x29, 0xa5, 0x29, 0xa5, 0x29, 0xa5, 0x29, 
	0xa5, 0x29, 0xa5, 0x29, 0xa5, 0x29, 0xa5, 0x29, 
	0xa5, 0x29, 0xa5, 0x29, 0xa5, 0x29, 0xa5, 0x29, 
	0xa5, 0x29, 0xa5, 0x29, 0xa5, 0x29, 0xa5, 0x29, 
	0xa5, 0x29, 0xa5, 0x29, 0xa5, 0x29, 0xa4, 0xe7, 
	0x9a, 0xd7, 0x90, 0x43, 0x90, 0x01, 0x90, 0x01, 
	0x99, 0x8d, 0xa4, 0x63, 0xa5, 0x29, 0xa5, 0x29, 
	0xa5, 0x29, 0xa5, 0x29, 0xa5, 0x29, 0xa5, 0x29, 
	0xa5, 0x29, 0xa5, 0x29, 0xa5, 0x29, 0xa5, 0x29, 
	0xa5, 0x29, 0xa5, 0x29, 0xa4, 0xe7, 0xa4, 0xe7, 
	0xa5, 0x29, 0xa5, 0x29, 0xa5, 0x29, 0xa5, 0x29, 
	0xa5, 0x29, 0xa5, 0x29, 0xa5, 0x29, 0xa5, 0x29, 
	0xa5, 0x29, 0xa5, 0x29, 0xa4, 0xe7, 0x9a, 0xd7, 
	0x90, 0x43, 0x90, 0x01, 0x90, 0x01, 0x90, 0x43, 
	0x9b, 0x5b, 0x9c, 0x21, 0x9c, 0x21, 0x9c, 0x21, 
	0x9c, 0x21, 0x9c, 0x21, 0x9c, 0x21, 0x9c, 0x21, 
	0x9c, 0x21, 0xa4, 0x63, 0xa5, 0x29, 0xa5, 0x29, 
	0xa5, 0x29, 0x9b, 0xdf, 0x99, 0x8d, 0x91, 0x09, 
	0x9c, 0xe7, 0x9c, 0xe7, 0x9c, 0xe7, 0x9c, 0xe7, 
	0x9c, 0xe7, 0x9c, 0xe9, 0xa5, 0x29, 0xa5, 0x29, 
	0xa5, 0x29, 0xa4, 0xe7, 0x9b, 0x5b, 0x90, 0x43, 
	0x90, 0x01, 0x90, 0x01, 0x90, 0x01, 0x90, 0x01, 
	0x90, 0x45, 0x90, 0x85, 0x90, 0x85, 0x90, 0x85, 
	0x90, 0x85, 0x90, 0x85, 0x90, 0x85, 0x90, 0x85, 
	0x90, 0x85, 0x99, 0x8d, 0xa4, 0xe7, 0xa5, 0x29, 
	0xa4, 0xe7, 0x99, 0x09, 0x90, 0x01, 0x90, 0x01, 
	0x9c, 0xe7, 0x9c, 0xe7, 0x9c, 0xe7, 0x9c, 0xe7, 
	0x9c, 0xe7, 0x9c, 0xe7, 0x9c, 0xe7, 0x9c, 0xe7, 
	0x9c, 0xe7, 0x9c, 0xe7, 0x9b, 0x19, 0x90, 0x01, 
	0x90, 0x01, 0x90, 0x01, 0x90, 0x01, 0x90, 0x01, 
	0x90, 0x01, 0x90, 0x01, 0x90, 0x01, 0x90, 0x01, 
	0x90, 0x01, 0x90, 0x01, 0x90, 0x01, 0x90, 0x01, 
	0x90, 0x01, 0x91, 0x8b, 0xa4, 0xe7, 0xa5, 0x29, 
	0xa4, 0xa5, 0x90, 0xc7, 0x90, 0x01, 0x90, 0x01, 
	0x9c, 0xe7, 0x9c, 0xe7, 0x9c, 0xe7, 0x9c, 0xe7, 
	0x9c, 0xe7, 0x9c, 0xe7, 0x9c, 0xe7, 0x9c, 0xe7, 
	0x9c, 0xe7, 0x9c, 0xe7, 0x9b, 0x19, 0x90, 0x01, 
	0x90, 0x01, 0x90, 0x01, 0x90, 0x01, 0x90, 0x01, 
	0x90, 0x01, 0x90, 0x01, 0x90, 0x01, 0x90, 0x01, 
	0x90, 0x01, 0x90, 0x01, 0x90, 0x01, 0x90, 0x01, 
	0x90, 0x01, 0x91, 0x4b, 0x9c, 0xe7, 0xa5, 0x29, 
	0xa4, 0xe7, 0x99, 0x4b, 0x90, 0x01, 0x90, 0x01, 
	0x9c, 0xe7, 0x9c, 0xe7, 0x9c, 0xe7, 0x9c, 0xe7, 
	0x9c, 0xe7, 0x9c, 0xe7, 0x9c, 0xe7, 0x9c, 0xe7, 
	0x9c, 0xe7, 0x9c, 0xe7, 0x9b, 0xdf, 0x9b, 0x19, 
	0x9b, 0x19, 0x9b, 0x19, 0x9b, 0x19, 0x9b, 0x19, 
	0x9b, 0x19, 0x9b, 0x19, 0x9b, 0x19, 0x9b, 0x19, 
	0x9b, 0x19, 0x9b, 0x19, 0x9b, 0x19, 0x9b, 0x19, 
	0x9b, 0x19, 0x9b, 0x5b, 0x9c, 0xe7, 0x9c, 0xe7, 
	0x9c, 0xe7, 0x9c, 0x21, 0x9a, 0x11, 0x91, 0x4b, 
	0x9c, 0xe7, 0x9c, 0xe7, 0x9c, 0xe7, 0x9c, 0xe7, 
	0x9c, 0xe7, 0x9c, 0xe7, 0x9c, 0xe7, 0x9c, 0xe7, 
	0x9c, 0xe7, 0x9c, 0xe7, 0x9c, 0xe7, 0x9c, 0xe7, 
	0x9c, 0xe7, 0x9c, 0xe7, 0x9c, 0xe7, 0x9c, 0xe7, 
	0x9c, 0xe7, 0x9c, 0xe7, 0x9c, 0xe7, 0x9c, 0xe7, 
	0x9c, 0xe7, 0x9c, 0xe7, 0x9c, 0xe7, 0x9c, 0xe7, 
	0x9c, 0xe7, 0x9c, 0xe7, 0x9c, 0xe7, 0x9c, 0xe7, 
	0x9c, 0xe7, 0x9c, 0xe7, 0x9c, 0xe7, 0x9c, 0xa5, 
	0x9c, 0xe7, 0x9c, 0xe7, 0x9c, 0xe7, 0x9c, 0xe7, 
	0x9c, 0xe7, 0x9c, 0xe7, 0x9c, 0xe7, 0x9c, 0xe7, 
	0x9c, 0xe7, 0x9c, 0xe7, 0x9c, 0xe7, 0x9c, 0xe7, 
	0x9c, 0xe7, 0x9c, 0xe7, 0x9c, 0xe7, 0x9c, 0xe7, 
	0x9c, 0xe7, 0x9c, 0xe7, 0x9c, 0xe7, 0x9c, 0xe7, 
	0x9c, 0xe7, 0x9c, 0xe7, 0x9c, 0xe7, 0x9c, 0xe7, 
	0x9c, 0xe7, 0x9c, 0xe7, 0x9c, 0xe7, 0x9c, 0xe7, 
	0x9c, 0xe7, 0x9c, 0xe7, 0x9c, 0xe7, 0x9c, 0xe7, 
	0x94, 0xa5, 0x94, 0xa5, 0x94, 0xa5, 0x94, 0xa5, 
	0x94, 0xa5, 0x94, 0xa5, 0x94, 0xa5, 0x94, 0xa5, 
	0x94, 0xa5, 0x94, 0xa5, 0x94, 0xa5, 0x94, 0xa5, 
	0x94, 0xa5, 0x94, 0xa5, 0x94, 0xa5, 0x94, 0xa5, 
	0x9c, 0xe7, 0x9c, 0xe7, 0x9c, 0xe7, 0x9c, 0xe7, 
	0x9c, 0xe7, 0x9c, 0xe7, 0x9c, 0xe7, 0x9c, 0xe7, 
	0x9c, 0xe7, 0x9c, 0xe7, 0x9c, 0xe7, 0x9c, 0xe7, 
	0x9c, 0xe7, 0x9c, 0xe7, 0x9c, 0xe7, 0x9c, 0xe7, 
	0x94, 0xa5, 0x94, 0xa5, 0x94, 0xa5, 0x94, 0xa5, 
	0x94, 0xa5, 0x94, 0xa5, 0x94, 0xa5, 0x94, 0xa5, 
	0x94, 0xa5, 0x94, 0xa5, 0x94, 0xa5, 0x94, 0xa5, 
	0x94, 0xa5, 0x94, 0xa5, 0x94, 0xa5, 0x94, 0xa5, 
	0x94, 0xa5, 0x94, 0xa5, 0x94, 0xa5, 0x94, 0xa5, 
	0x94, 0xa5, 0x9c, 0xe7, 0x9c, 0xe7, 0x9c, 0xe7, 
	0x9c, 0xe7, 0x94, 0xa5, 0x94, 0xa5, 0x9c, 0xe5, 
	0x9c, 0xe7, 0x9c, 0xe7, 0x94, 0xa5, 0x9c, 0xe7, 
	0x94, 0xa5, 0x94, 0xa5, 0x94, 0xa5, 0x94, 0xa5, 
	0x94, 0xa5, 0x94, 0xa5, 0x94, 0xa5, 0x94, 0xa5, 
	0x94, 0xa5, 0x94, 0xa5, 0x94, 0xa5, 0x94, 0xa5, 
	0x94, 0xa5, 0x94, 0xa5, 0x94, 0xa5, 0x94, 0xa5, 
	0x94, 0xa5, 0x94, 0xa5, 0x94, 0xa5, 0x94, 0xa5, 
	0x94, 0xa5, 0x94, 0xa5, 0x94, 0xa5, 0x94, 0xa5, 
	0x94, 0xa5, 0x94, 0xa5, 0x94, 0xa5, 0x94, 0xa5, 
	0x94, 0xa5, 0x94, 0xa5, 0x94, 0xa5, 0x94, 0xa5, 
	0x94, 0xa5, 0x94, 0xa5, 0x94, 0xa5, 0x94, 0xa5, 
	0x94, 0xa5, 0x94, 0xa5, 0x94, 0xa5, 0x94, 0xa5, 
	0x94, 0xa5, 0x94, 0xa5, 0x94, 0xa5, 0x94, 0xa5, 
	0x94, 0xa5, 0x94, 0xa5, 0x94, 0xa5, 0x94, 0xa5, 
	0x94, 0xa5, 0x94, 0xa5, 0x94, 0xa5, 0x94, 0xa5, 
	0x94, 0xa5, 0x94, 0xa5, 0x94, 0xa5, 0x94, 0xa5, 
	0x94, 0xa5, 0x94, 0xa5, 0x94, 0xa5, 0x94, 0xa5, 
	0x94, 0xa5, 0x94, 0xa5, 0x94, 0xa5, 0x94, 0xa5, 
	0x94, 0xa5, 0x94, 0xa5, 0x94, 0xa5, 0x94, 0xa5, 
	0x94, 0xa5, 0x94, 0xa5, 0x94, 0xa5, 0x94, 0xa5, 
	0x94, 0xa5, 0x94, 0xa5, 0x94, 0xa5, 0x94, 0xa5, 
	0x94, 0xa5, 0x94, 0xa5, 0x94, 0xa5, 0x94, 0xa5, 
	0x94, 0xa5, 0x94, 0xa5, 0x94, 0xa5, 0x94, 0xa5, 
	0x94, 0xa5, 0x94, 0xa5, 0x94, 0xa5, 0x94, 0xa5, 
	0x94, 0xa5, 0x94, 0xa5, 0x94, 0xa5, 0x94, 0xa5, 
	0x94, 0xa5, 0x94, 0xa5, 0x94, 0xa5, 0x94, 0xa5, 
	0x94, 0xa5, 0x94, 0xa5, 0x94, 0xa5, 0x94, 0xa5, 
	0x94, 0xa5, 0x94, 0xa5, 0x94, 0xa5, 0x94, 0xa5, 
	0x94, 0xa5, 0x94, 0xa5, 0x94, 0xa5, 0x94, 0xa5, 
	0x94, 0xa5, 0x94, 0xa5, 0x94, 0xa5, 0x94, 0xa5, 
	0x94, 0xa5, 0x94, 0xa5, 0x94, 0xa5, 0x94, 0xa5, 
	0x94, 0xa5, 0x94, 0xa5, 0x94, 0xa5, 0x94, 0xa5, 
	0x94, 0xa5, 0x94, 0xa5, 0x94, 0xa5, 0x94, 0xa5, 
	0x94, 0xa5, 0x94, 0xa5, 0x94, 0xa5, 0x94, 0xa5, 
	0x94, 0xa5, 0x94, 0xa5, 0x94, 0xa5, 0x94, 0xa5, 
	0x94, 0xa5, 0x94, 0xa5, 0x94, 0xa5, 0x94, 0xa5, 
	0x94, 0xa5, 0x94, 0xa5, 0x94, 0xa5, 0x94, 0xa5, 
	0x94, 0xa5, 0x94, 0xa5, 0x94, 0xa5, 0x94, 0xa5, 
	0x94, 0xa5, 0x94, 0xa5, 0x94, 0xa5, 0x94, 0xa5, 
	0x94, 0xa5, 0x94, 0xa5, 0x94, 0xa5, 0x94, 0xa5, 
	0x94, 0xa5, 0x94, 0xa5, 0x94, 0xa5, 0x94, 0xa5, 
	0x94, 0xa5, 0x94, 0xa5, 0x94, 0xa5, 0x94, 0xa5, 
	0x8c, 0x63, 0x8c, 0x63, 0x8c, 0x63, 0x8c, 0x63, 
	0x8c, 0x63, 0x8c, 0x63, 0x8c, 0x63, 0x94, 0xa3, 
	0x94, 0xa5, 0x94, 0xa5, 0x8c, 0x63, 0x8c, 0x63, 
	0x8c, 0x63, 0x8c, 0x63, 0x8c, 0x63, 0x8c, 0x63, 
	0x8c, 0x63, 0x8c, 0x63, 0x8c, 0x63, 0x8c, 0x63, 
	0x8c, 0x63, 0x8c, 0x63, 0x8c, 0x63, 0x8c, 0x63, 
	0x8c, 0x63, 0x8c, 0x63, 0x8c, 0x63, 0x8c, 0x63, 
	0x8c, 0x63, 0x94, 0xa5, 0x94, 0xa5, 0x94, 0xa5, 
	0x8c, 0x63, 0x8c, 0x63, 0x8c, 0x63, 0x8c, 0x63, 
	0x8c, 0x63, 0x8c, 0x63, 0x8c, 0x63, 0x8c, 0x63, 
	0x8c, 0x63, 0x8c, 0x63, 0x8c, 0x63, 0x8c, 0x63, 
	0x8c, 0x63, 0x8c, 0x63, 0x8c, 0x63, 0x8c, 0x63, 
	0x8c, 0x63, 0x8c, 0x63, 0x8c, 0x63, 0x8c, 0x63, 
	0x8c, 0x63, 0x8c, 0x63, 0x8c, 0x63, 0x8c, 0x63, 
	0x8c, 0x63, 0x8c, 0x63, 0x8c, 0x63, 0x8c, 0x63, 
	0x8c, 0x63, 0x8c, 0x63, 0x8c, 0x63, 0x8c, 0x63, 
	0x8c, 0x63, 0x8c, 0x63, 0x8c, 0x63, 0x8c, 0x63, 
	0x8c, 0x63, 0x8c, 0x63, 0x8c, 0x63, 0x8c, 0x63, 
	0x8c, 0x63, 0x8c, 0x63, 0x8c, 0x63, 0x8c, 0x63, 
	0x8c, 0x63, 0x8c, 0x63, 0x8c, 0x63, 0x8c, 0x63, 
	0x8c, 0x63, 0x8c, 0x63, 0x8c, 0x63, 0x8c, 0x63, 
	0x8c, 0x63, 0x8c, 0x63, 0x8c, 0x63, 0x8c, 0x63, 
	0x8c, 0x63, 0x8c, 0x63, 0x8c, 0x63, 0x8c, 0x63, 
	0x8c, 0x63, 0x8c, 0x63, 0x8c, 0x63, 0x8c, 0x63, 
	0x8c, 0x63, 0x8c, 0x63, 0x8c, 0x63, 0x8c, 0x63, 
	0x8c, 0x63, 0x8c, 0x63, 0x8c, 0x63, 0x8c, 0x63, 
	0x8c, 0x63, 0x8c, 0x63, 0x8c, 0x63, 0x8c, 0x63, 
	0x8c, 0x63, 0x8c, 0x63, 0x8c, 0x63, 0x8c, 0x63, 
	0x8c, 0x63, 0x8c, 0x63, 0x8c, 0x63, 0x8c, 0x63, 
	0x8c, 0x63, 0x8c, 0x63, 0x8c, 0x63, 0x8c, 0x63, 
	0x8c, 0x63, 0x8c, 0x63, 0x8c, 0x63, 0x8c, 0x63, 
	0x8c, 0x63, 0x8c, 0x63, 0x8c, 0x63, 0x8c, 0x63, 
	0x8c, 0x63, 0x8c, 0x63, 0x8c, 0x63, 0x84, 0x21, 
	0x84, 0x21, 0x84, 0x21, 0x84, 0x21, 0x84, 0x21, 
	0x84, 0x21, 0x84, 0x21, 0x8c, 0x63, 0x8c, 0x63, 
	0x8c, 0x63, 0x8c, 0x63, 0x8c, 0x63, 0x8c, 0x63, 
	0x8c, 0x63, 0x8c, 0x63, 0x8c, 0x63, 0x8c, 0x63, 
	0x8c, 0x63, 0x8c, 0x63, 0x8c, 0x63, 0x8c, 0x63, 
	0x8c, 0x63, 0x8c, 0x63, 0x8c, 0x63, 0x8c, 0x63, 
	0x8c, 0x63, 0x8c, 0x63, 0x8c, 0x63, 0x8c, 0x63, 
	0x8c, 0x63, 0x8c, 0x63, 0x84, 0x61, 0x6b, 0x5b, 
	0x63, 0x19, 0x63, 0x19, 0x63, 0x19, 0x63, 0x19, 
	0x63, 0x19, 0x63, 0x19, 0x84, 0x21, 0x8c, 0x63, 
	0x8c, 0x63, 0x8c, 0x63, 0x8c, 0x63, 0x8c, 0x63, 
	0x8c, 0x63, 0x8c, 0x63, 0x8c, 0x63, 0x8c, 0x63, 
	0x8c, 0x63, 0x8c, 0x63, 0x8c, 0x63, 0x8c, 0x63, 
	0x8c, 0x63, 0x8c, 0x63, 0x8c, 0x63, 0x8c, 0x63, 
	0x8c, 0x63, 0x8c, 0x63, 0x8c, 0x63, 0x8c, 0x63, 
	0x84, 0x21, 0x84, 0x21, 0x84, 0x21, 0x6b, 0x5b, 
	0x63, 0x19, 0x63, 0x19, 0x63, 0x19, 0x63, 0x19, 
	0x63, 0x19, 0x63, 0x19, 0x84, 0x21, 0x8c, 0x63, 
	0x8c, 0x63, 0x8c, 0x63, 0x8c, 0x63, 0x84, 0x21, 
	0x84, 0x21, 0x84, 0x21, 0x84, 0x21, 0x84, 0x21, 
	0x84, 0x21, 0x84, 0x21, 0x84, 0x21, 0x84, 0x21, 
	0x84, 0x21, 0x84, 0x21, 0x84, 0x21, 0x84, 0x21, 
	0x84, 0x21, 0x84, 0x21, 0x84, 0x21, 0x84, 0x21, 
	
};

Gfx INTRO_SCREEN_tile_7_3_rgba16_aligner[] = {gsSPEndDisplayList()};
u8 INTRO_SCREEN_tile_7_3_rgba16[] = {
	0x8c, 0x63, 0x8c, 0x63, 0x84, 0x61, 0x6b, 0x5b, 
	0x63, 0x19, 0x63, 0x19, 0x63, 0x19, 0x63, 0x19, 
	0x63, 0x19, 0x63, 0x19, 0x84, 0x21, 0x8c, 0x63, 
	0x8c, 0x63, 0x8c, 0x63, 0x8c, 0x63, 0x8c, 0x63, 
	0x8c, 0x63, 0x8c, 0x63, 0x8c, 0x63, 0x8c, 0x63, 
	0x8c, 0x63, 0x8c, 0x63, 0x8c, 0x63, 0x8c, 0x63, 
	0x8c, 0x63, 0x8c, 0x63, 0x8c, 0x63, 0x8c, 0x63, 
	0x8c, 0x63, 0x8c, 0x63, 0x8c, 0x63, 0x8c, 0x63, 
	0x84, 0x21, 0x84, 0x21, 0x84, 0x21, 0x6b, 0x5b, 
	0x63, 0x19, 0x63, 0x19, 0x63, 0x19, 0x63, 0x19, 
	0x63, 0x19, 0x63, 0x19, 0x84, 0x21, 0x8c, 0x63, 
	0x8c, 0x63, 0x8c, 0x63, 0x8c, 0x63, 0x84, 0x21, 
	0x84, 0x21, 0x84, 0x21, 0x84, 0x21, 0x84, 0x21, 
	0x84, 0x21, 0x84, 0x21, 0x84, 0x21, 0x84, 0x21, 
	0x84, 0x21, 0x84, 0x21, 0x84, 0x21, 0x84, 0x21, 
	0x84, 0x21, 0x84, 0x21, 0x84, 0x21, 0x84, 0x21, 
	0x84, 0x21, 0x84, 0x21, 0x84, 0x21, 0x6b, 0x5b, 
	0x63, 0x19, 0x63, 0x19, 0x63, 0x19, 0x63, 0x19, 
	0x63, 0x19, 0x63, 0x1b, 0x84, 0x21, 0x84, 0x21, 
	0x84, 0x21, 0x84, 0x21, 0x84, 0x21, 0x84, 0x21, 
	0x84, 0x21, 0x84, 0x21, 0x84, 0x21, 0x84, 0x21, 
	0x84, 0x21, 0x84, 0x21, 0x84, 0x21, 0x84, 0x21, 
	0x84, 0x21, 0x84, 0x21, 0x84, 0x21, 0x84, 0x21, 
	0x84, 0x21, 0x84, 0x21, 0x84, 0x21, 0x84, 0x21, 
	0x84, 0x21, 0x84, 0x21, 0x84, 0x21, 0x6b, 0x5b, 
	0x63, 0x19, 0x63, 0x19, 0x63, 0x19, 0x63, 0x19, 
	0x63, 0x19, 0x63, 0x19, 0x7b, 0xdf, 0x84, 0x21, 
	0x84, 0x21, 0x84, 0x21, 0x84, 0x21, 0x84, 0x21, 
	0x84, 0x21, 0x84, 0x21, 0x84, 0x21, 0x84, 0x21, 
	0x84, 0x21, 0x84, 0x21, 0x84, 0x21, 0x84, 0x21, 
	0x84, 0x21, 0x84, 0x21, 0x84, 0x21, 0x84, 0x21, 
	0x84, 0x21, 0x84, 0x21, 0x84, 0x21, 0x84, 0x21, 
	0x84, 0x21, 0x84, 0x21, 0x84, 0x21, 0x63, 0x19, 
	0x63, 0x19, 0x63, 0x19, 0x63, 0x19, 0x63, 0x19, 
	0x63, 0x19, 0x63, 0x19, 0x7b, 0xdf, 0x84, 0x21, 
	0x84, 0x21, 0x84, 0x21, 0x84, 0x21, 0x84, 0x21, 
	0x84, 0x21, 0x84, 0x21, 0x84, 0x21, 0x84, 0x21, 
	0x84, 0x21, 0x84, 0x21, 0x84, 0x21, 0x84, 0x21, 
	0x84, 0x21, 0x84, 0x21, 0x84, 0x21, 0x84, 0x21, 
	0x84, 0x21, 0x84, 0x21, 0x84, 0x21, 0x84, 0x21, 
	0x84, 0x21, 0x84, 0x21, 0x84, 0x21, 0x63, 0x19, 
	0x5a, 0xd7, 0x5a, 0xd7, 0x5a, 0xd7, 0x5a, 0xd7, 
	0x5a, 0xd7, 0x5a, 0xd7, 0x7b, 0xdf, 0x84, 0x21, 
	0x84, 0x21, 0x84, 0x21, 0x84, 0x21, 0x84, 0x21, 
	0x84, 0x21, 0x84, 0x21, 0x84, 0x21, 0x84, 0x21, 
	0x84, 0x21, 0x84, 0x21, 0x84, 0x21, 0x84, 0x21, 
	0x84, 0x21, 0x84, 0x21, 0x84, 0x21, 0x84, 0x21, 
	0x84, 0x21, 0x84, 0x21, 0x84, 0x21, 0x84, 0x21, 
	0x84, 0x21, 0x84, 0x21, 0x7b, 0xdf, 0x5a, 0xd7, 
	0x52, 0x95, 0x52, 0x95, 0x52, 0x95, 0x52, 0x95, 
	0x52, 0x95, 0x5a, 0xd7, 0x7b, 0xdf, 0x84, 0x21, 
	0x84, 0x21, 0x84, 0x21, 0x84, 0x21, 0x84, 0x21, 
	0x84, 0x21, 0x84, 0x21, 0x84, 0x21, 0x84, 0x21, 
	0x84, 0x21, 0x84, 0x21, 0x84, 0x21, 0x84, 0x21, 
	0x84, 0x21, 0x84, 0x21, 0x84, 0x21, 0x84, 0x21, 
	0x84, 0x21, 0x84, 0x21, 0x84, 0x21, 0x84, 0x21, 
	0x84, 0x21, 0x7b, 0xdf, 0x7b, 0xdf, 0x5a, 0xd7, 
	0x4a, 0x53, 0x4a, 0x53, 0x4a, 0x53, 0x4a, 0x53, 
	0x4a, 0x53, 0x52, 0x95, 0x73, 0x9d, 0x84, 0x21, 
	0x84, 0x21, 0x84, 0x21, 0x7b, 0xdf, 0x7b, 0xdf, 
	0x7b, 0xdf, 0x7b, 0xdf, 0x7b, 0xdf, 0x7b, 0xdf, 
	0x7b, 0xdf, 0x7b, 0xdf, 0x7b, 0xdf, 0x83, 0xdf, 
	0x84, 0x21, 0x84, 0x21, 0x84, 0x21, 0x84, 0x21, 
	0x84, 0x21, 0x84, 0x21, 0x84, 0x21, 0x84, 0x21, 
	0x7b, 0xdf, 0x7b, 0xdf, 0x7b, 0xdf, 0x52, 0x95, 
	0x42, 0x11, 0x42, 0x11, 0x42, 0x11, 0x42, 0x11, 
	0x42, 0x11, 0x4a, 0x53, 0x73, 0x9d, 0x7b, 0xdf, 
	0x7b, 0xdf, 0x7b, 0xdf, 0x7b, 0xdf, 0x7b, 0xdf, 
	0x7b, 0xdf, 0x7b, 0xdf, 0x7b, 0xdf, 0x7b, 0xdf, 
	0x7b, 0xdf, 0x7b, 0xdf, 0x7b, 0xdf, 0x7b, 0xdf, 
	0x7b, 0xdf, 0x7b, 0xdf, 0x7b, 0xdf, 0x7b, 0xdf, 
	0x7b, 0xdf, 0x7b, 0xdf, 0x7b, 0xdf, 0x7b, 0xdf, 
	0x7b, 0xdf, 0x7b, 0xdf, 0x7b, 0xdf, 0x4a, 0x53, 
	0x39, 0xcf, 0x39, 0xcf, 0x39, 0xcf, 0x39, 0xcf, 
	0x39, 0xcf, 0x39, 0xcf, 0x73, 0x9d, 0x7b, 0xdf, 
	0x7b, 0xdf, 0x7b, 0xdf, 0x7b, 0xdf, 0x7b, 0xdf, 
	0x7b, 0xdf, 0x7b, 0xdf, 0x7b, 0xdf, 0x7b, 0xdf, 
	0x7b, 0xdf, 0x7b, 0xdf, 0x7b, 0xdf, 0x7b, 0xdf, 
	0x7b, 0xdf, 0x7b, 0xdf, 0x7b, 0xdf, 0x7b, 0xdf, 
	0x7b, 0xdf, 0x7b, 0xdf, 0x7b, 0xdf, 0x7b, 0xdf, 
	0x7b, 0xdf, 0x7b, 0xdf, 0x7b, 0xdf, 0x4a, 0x53, 
	0x39, 0xcf, 0x39, 0xcf, 0x39, 0xcf, 0x39, 0xcf, 
	0x39, 0xcf, 0x39, 0xcf, 0x73, 0x9d, 0x7b, 0xdf, 
	0x7b, 0xdf, 0x7b, 0xdf, 0x7b, 0xdf, 0x7b, 0xdf, 
	0x7b, 0xdf, 0x7b, 0xdf, 0x7b, 0xdf, 0x7b, 0xdf, 
	0x7b, 0xdf, 0x7b, 0xdf, 0x7b, 0xdf, 0x7b, 0xdf, 
	0x7b, 0xdf, 0x7b, 0xdf, 0x7b, 0xdf, 0x7b, 0xdf, 
	0x7b, 0xdf, 0x7b, 0xdf, 0x7b, 0xdf, 0x7b, 0xdf, 
	0x7b, 0xdf, 0x7b, 0xdf, 0x7b, 0xdf, 0x4a, 0x53, 
	0x39, 0xcf, 0x39, 0xcf, 0x39, 0xcf, 0x39, 0xcf, 
	0x39, 0xcf, 0x39, 0xcf, 0x73, 0x9d, 0x7b, 0xdf, 
	0x7b, 0xdf, 0x7b, 0xdf, 0x7b, 0xdf, 0x7b, 0xdf, 
	0x7b, 0xdf, 0x7b, 0xdf, 0x7b, 0xdf, 0x7b, 0xdf, 
	0x7b, 0xdf, 0x7b, 0xdf, 0x7b, 0xdf, 0x7b, 0xdf, 
	0x7b, 0xdf, 0x7b, 0xdf, 0x7b, 0xdf, 0x7b, 0xdf, 
	0x7b, 0xdf, 0x7b, 0xdf, 0x7b, 0xdf, 0x7b, 0xdf, 
	0x7b, 0xdf, 0x7b, 0xdf, 0x73, 0xdd, 0x4a, 0x53, 
	0x39, 0xcf, 0x39, 0xcf, 0x39, 0xcf, 0x39, 0xcf, 
	0x39, 0xcf, 0x39, 0xcf, 0x6b, 0x5b, 0x7b, 0xdf, 
	0x7b, 0xdf, 0x7b, 0xdf, 0x7b, 0xdf, 0x7b, 0xdf, 
	0x7b, 0xdf, 0x7b, 0xdf, 0x7b, 0xdf, 0x7b, 0xdf, 
	0x7b, 0xdf, 0x7b, 0xdf, 0x7b, 0xdf, 0x7b, 0xdf, 
	0x7b, 0xdf, 0x7b, 0xdf, 0x7b, 0xdf, 0x7b, 0xdf, 
	0x7b, 0xdf, 0x7b, 0xdf, 0x7b, 0xdf, 0x7b, 0xdf, 
	0x7b, 0xdf, 0x7b, 0xdf, 0x73, 0x9d, 0x4a, 0x53, 
	0x39, 0xcf, 0x39, 0xcf, 0x39, 0xcf, 0x39, 0xcf, 
	0x39, 0xcf, 0x39, 0xcf, 0x6b, 0x5b, 0x7b, 0xdf, 
	0x7b, 0xdf, 0x7b, 0xdf, 0x73, 0x9d, 0x73, 0x9d, 
	0x73, 0x9d, 0x73, 0x9d, 0x73, 0x9d, 0x73, 0x9d, 
	0x73, 0xdd, 0x7b, 0xdf, 0x7b, 0xdf, 0x7b, 0xdf, 
	0x7b, 0xdf, 0x7b, 0xdf, 0x7b, 0xdf, 0x7b, 0xdf, 
	0x7b, 0xdf, 0x7b, 0xdf, 0x7b, 0xdf, 0x7b, 0xdf, 
	0x73, 0x9d, 0x73, 0x9d, 0x73, 0x9d, 0x4a, 0x53, 
	0x39, 0xcf, 0x39, 0xcf, 0x39, 0xcf, 0x39, 0xcf, 
	0x39, 0xcf, 0x39, 0xcf, 0x6b, 0x5b, 0x73, 0x9d, 
	0x73, 0x9d, 0x73, 0x9d, 0x73, 0x9d, 0x73, 0x9d, 
	0x73, 0x9d, 0x73, 0x9d, 0x73, 0x9d, 0x73, 0x9d, 
	0x73, 0x9d, 0x73, 0x9d, 0x73, 0x9d, 0x73, 0x9d, 
	0x73, 0x9d, 0x73, 0x9d, 0x73, 0x9d, 0x73, 0x9d, 
	0x73, 0x9d, 0x73, 0x9d, 0x73, 0x9d, 0x73, 0x9d, 
	0x73, 0x9d, 0x73, 0x9d, 0x73, 0x9d, 0x4a, 0x53, 
	0x39, 0xcf, 0x39, 0xcf, 0x39, 0xcf, 0x39, 0xcf, 
	0x39, 0xcf, 0x41, 0xcf, 0x6b, 0x5b, 0x73, 0x9d, 
	0x73, 0x9d, 0x73, 0x9d, 0x73, 0x9d, 0x73, 0x9d, 
	0x73, 0x9d, 0x73, 0x9d, 0x73, 0x9d, 0x73, 0x9d, 
	0x73, 0x9d, 0x73, 0x9d, 0x73, 0x9d, 0x73, 0x9d, 
	0x73, 0x9d, 0x73, 0x9d, 0x73, 0x9d, 0x73, 0x9d, 
	0x73, 0x9d, 0x73, 0x9d, 0x73, 0x9d, 0x73, 0x9d, 
	0x73, 0x9d, 0x73, 0x9d, 0x73, 0x9d, 0x4a, 0x53, 
	0x39, 0xcf, 0x39, 0xcf, 0x39, 0xcf, 0x39, 0xcf, 
	0x39, 0xcf, 0x42, 0x11, 0x6b, 0x5b, 0x73, 0x9d, 
	0x73, 0x9d, 0x73, 0x9d, 0x73, 0x9d, 0x73, 0x9d, 
	0x73, 0x9d, 0x73, 0x9d, 0x73, 0x9d, 0x73, 0x9d, 
	0x73, 0x9d, 0x73, 0x9d, 0x73, 0x9d, 0x73, 0x9d, 
	0x73, 0x9d, 0x73, 0x9d, 0x73, 0x9d, 0x73, 0x9d, 
	0x73, 0x9d, 0x73, 0x9d, 0x73, 0x9d, 0x73, 0x9d, 
	0x73, 0x9d, 0x73, 0x9d, 0x73, 0x9d, 0x4a, 0x13, 
	0x39, 0xcf, 0x39, 0xcf, 0x39, 0xcf, 0x39, 0xcf, 
	0x39, 0xcf, 0x39, 0xcf, 0x6b, 0x5b, 0x73, 0x9d, 
	0x73, 0x9d, 0x73, 0x9d, 0x73, 0x9d, 0x73, 0x9d, 
	0x73, 0x9d, 0x73, 0x9d, 0x73, 0x9d, 0x73, 0x9d, 
	0x73, 0x9d, 0x73, 0x9d, 0x73, 0x9d, 0x73, 0x9d, 
	0x73, 0x9d, 0x73, 0x9d, 0x73, 0x9d, 0x73, 0x9d, 
	0x73, 0x9d, 0x73, 0x9d, 0x73, 0x9d, 0x73, 0x9d, 
	0x73, 0x9d, 0x73, 0x9d, 0x73, 0x9d, 0x42, 0x11, 
	0x39, 0xcf, 0x39, 0xcf, 0x39, 0xcf, 0x39, 0xcf, 
	0x39, 0xcf, 0x39, 0xcf, 0x4a, 0x53, 0x52, 0x95, 
	0x52, 0x95, 0x52, 0x95, 0x52, 0x95, 0x52, 0x95, 
	0x52, 0x95, 0x52, 0x95, 0x52, 0x95, 0x52, 0x95, 
	0x52, 0x95, 0x52, 0x95, 0x52, 0x95, 0x5a, 0xd7, 
	0x73, 0x9d, 0x73, 0x9d, 0x73, 0x9d, 0x73, 0x9d, 
	0x73, 0x9d, 0x73, 0x9d, 0x73, 0x9d, 0x73, 0x9d, 
	0x73, 0x9d, 0x73, 0x9d, 0x6b, 0x5b, 0x42, 0x11, 
	0x31, 0x8d, 0x31, 0x8d, 0x31, 0x8d, 0x31, 0x8d, 
	0x31, 0x8d, 0x31, 0x8d, 0x31, 0x8d, 0x31, 0x8d, 
	0x31, 0x8d, 0x31, 0x8d, 0x31, 0x8d, 0x31, 0x8d, 
	0x31, 0x8d, 0x31, 0x8d, 0x31, 0x8d, 0x31, 0x8d, 
	0x31, 0x8d, 0x31, 0x8d, 0x31, 0x8d, 0x4a, 0x53, 
	0x73, 0x9d, 0x73, 0x9d, 0x73, 0x9d, 0x73, 0x9d, 
	0x73, 0x9d, 0x73, 0x9d, 0x73, 0x9d, 0x73, 0x9d, 
	0x6b, 0x5b, 0x73, 0x5b, 0x6b, 0x5b, 0x42, 0x11, 
	0x31, 0x8d, 0x31, 0x8d, 0x31, 0x8d, 0x31, 0x8d, 
	0x31, 0x8d, 0x31, 0x8d, 0x31, 0x8d, 0x31, 0x8d, 
	0x31, 0x8d, 0x31, 0x8d, 0x31, 0x8d, 0x31, 0x8d, 
	0x31, 0x8d, 0x31, 0x8d, 0x31, 0x8d, 0x31, 0x8d, 
	0x31, 0x8d, 0x31, 0x8d, 0x31, 0x8d, 0x42, 0x11, 
	0x6b, 0x5b, 0x73, 0x9d, 0x6b, 0x5b, 0x6b, 0x5b, 
	0x6b, 0x5b, 0x6b, 0x5b, 0x6b, 0x5b, 0x6b, 0x5b, 
	0x6b, 0x5b, 0x6b, 0x5b, 0x6b, 0x5b, 0x39, 0xcf, 
	0x31, 0x8d, 0x31, 0x8d, 0x31, 0x8d, 0x31, 0x8d, 
	0x31, 0x8d, 0x31, 0x8d, 0x31, 0x8d, 0x31, 0x8d, 
	0x31, 0x8d, 0x31, 0x8d, 0x31, 0x8d, 0x31, 0x8d, 
	0x31, 0x8d, 0x31, 0x8d, 0x31, 0x8d, 0x31, 0x8d, 
	0x31, 0x8d, 0x31, 0x8d, 0x31, 0x8d, 0x42, 0x11, 
	0x6b, 0x5b, 0x6b, 0x5b, 0x6b, 0x5b, 0x6b, 0x5b, 
	0x6b, 0x5b, 0x6b, 0x5b, 0x6b, 0x5b, 0x6b, 0x5b, 
	0x6b, 0x5b, 0x6b, 0x5b, 0x6b, 0x5b, 0x63, 0x19, 
	0x63, 0x19, 0x63, 0x19, 0x63, 0x19, 0x63, 0x19, 
	0x63, 0x19, 0x63, 0x19, 0x63, 0x19, 0x63, 0x19, 
	0x63, 0x19, 0x63, 0x19, 0x63, 0x19, 0x63, 0x19, 
	0x63, 0x19, 0x63, 0x19, 0x63, 0x19, 0x63, 0x19, 
	0x63, 0x19, 0x63, 0x19, 0x63, 0x19, 0x63, 0x19, 
	0x6b, 0x5b, 0x6b, 0x5b, 0x6b, 0x5b, 0x6b, 0x5b, 
	0x6b, 0x5b, 0x6b, 0x5b, 0x6b, 0x5b, 0x6b, 0x5b, 
	0x6b, 0x5b, 0x6b, 0x5b, 0x6b, 0x5b, 0x6b, 0x5b, 
	0x6b, 0x5b, 0x6b, 0x5b, 0x6b, 0x5b, 0x6b, 0x5b, 
	0x6b, 0x5b, 0x6b, 0x5b, 0x6b, 0x5b, 0x6b, 0x5b, 
	0x6b, 0x5b, 0x6b, 0x5b, 0x6b, 0x5b, 0x6b, 0x5b, 
	0x6b, 0x5b, 0x6b, 0x5b, 0x6b, 0x5b, 0x6b, 0x5b, 
	0x6b, 0x5b, 0x6b, 0x5b, 0x6b, 0x5b, 0x6b, 0x5b, 
	0x6b, 0x5b, 0x6b, 0x5b, 0x6b, 0x5b, 0x6b, 0x5b, 
	0x6b, 0x5b, 0x6b, 0x5b, 0x6b, 0x5b, 0x6b, 0x5b, 
	0x6b, 0x5b, 0x6b, 0x5b, 0x6b, 0x5b, 0x6b, 0x5b, 
	0x6b, 0x5b, 0x6b, 0x5b, 0x6b, 0x5b, 0x6b, 0x5b, 
	0x6b, 0x5b, 0x6b, 0x5b, 0x6b, 0x5b, 0x6b, 0x5b, 
	0x6b, 0x5b, 0x6b, 0x5b, 0x6b, 0x5b, 0x6b, 0x5b, 
	0x6b, 0x5b, 0x6b, 0x5b, 0x6b, 0x5b, 0x6b, 0x5b, 
	0x6b, 0x5b, 0x6b, 0x5b, 0x6b, 0x5b, 0x6b, 0x5b, 
	0x6b, 0x5b, 0x6b, 0x5b, 0x6b, 0x5b, 0x6b, 0x5b, 
	0x6b, 0x5b, 0x6b, 0x5b, 0x6b, 0x5b, 0x6b, 0x5b, 
	0x6b, 0x5b, 0x6b, 0x5b, 0x6b, 0x5b, 0x6b, 0x5b, 
	0x6b, 0x5b, 0x6b, 0x5b, 0x6b, 0x5b, 0x6b, 0x5b, 
	0x6b, 0x5b, 0x6b, 0x5b, 0x6b, 0x5b, 0x6b, 0x5b, 
	0x6b, 0x5b, 0x6b, 0x5b, 0x6b, 0x5b, 0x6b, 0x5b, 
	0x6b, 0x5b, 0x6b, 0x5b, 0x6b, 0x5b, 0x6b, 0x5b, 
	0x6b, 0x5b, 0x6b, 0x5b, 0x6b, 0x5b, 0x6b, 0x5b, 
	0x6b, 0x5b, 0x6b, 0x5b, 0x6b, 0x5b, 0x6b, 0x5b, 
	0x6b, 0x5b, 0x6b, 0x5b, 0x6b, 0x5b, 0x6b, 0x5b, 
	0x63, 0x19, 0x63, 0x19, 0x6b, 0x5b, 0x6b, 0x5b, 
	0x6b, 0x5b, 0x6b, 0x5b, 0x6b, 0x5b, 0x6b, 0x5b, 
	0x6b, 0x5b, 0x6b, 0x5b, 0x6b, 0x5b, 0x6b, 0x5b, 
	0x6b, 0x5b, 0x6b, 0x5b, 0x6b, 0x5b, 0x6b, 0x5b, 
	0x6b, 0x5b, 0x6b, 0x5b, 0x6b, 0x5b, 0x6b, 0x5b, 
	0x6b, 0x5b, 0x6b, 0x5b, 0x6b, 0x5b, 0x6b, 0x5b, 
	0x6b, 0x5b, 0x6b, 0x5b, 0x6b, 0x5b, 0x6b, 0x5b, 
	0x6b, 0x5b, 0x6b, 0x5b, 0x6b, 0x5b, 0x6b, 0x5b, 
	0x63, 0x19, 0x63, 0x19, 0x63, 0x19, 0x63, 0x19, 
	0x6b, 0x5b, 0x6b, 0x5b, 0x6b, 0x5b, 0x6b, 0x19, 
	0x63, 0x19, 0x63, 0x19, 0x63, 0x19, 0x63, 0x19, 
	0x63, 0x19, 0x63, 0x19, 0x6b, 0x5b, 0x6b, 0x5b, 
	0x63, 0x19, 0x63, 0x19, 0x6b, 0x5b, 0x6b, 0x5b, 
	0x6b, 0x5b, 0x6b, 0x5b, 0x6b, 0x5b, 0x6b, 0x5b, 
	0x6b, 0x5b, 0x6b, 0x5b, 0x6b, 0x5b, 0x6b, 0x5b, 
	0x6b, 0x5b, 0x6b, 0x5b, 0x6b, 0x5b, 0x6b, 0x5b, 
	0x63, 0x19, 0x63, 0x19, 0x63, 0x19, 0x63, 0x19, 
	0x63, 0x19, 0x63, 0x19, 0x63, 0x19, 0x63, 0x19, 
	0x63, 0x19, 0x63, 0x19, 0x63, 0x19, 0x63, 0x19, 
	0x63, 0x19, 0x63, 0x19, 0x63, 0x19, 0x63, 0x19, 
	0x63, 0x19, 0x63, 0x19, 0x63, 0x19, 0x63, 0x19, 
	0x63, 0x19, 0x6b, 0x5b, 0x6b, 0x5b, 0x63, 0x19, 
	0x6b, 0x5b, 0x6b, 0x5b, 0x6b, 0x5b, 0x6b, 0x5b, 
	0x6b, 0x5b, 0x6b, 0x5b, 0x6b, 0x5b, 0x6b, 0x5b, 
	0x63, 0x19, 0x63, 0x19, 0x63, 0x19, 0x63, 0x19, 
	0x63, 0x19, 0x63, 0x19, 0x63, 0x19, 0x63, 0x19, 
	0x63, 0x19, 0x63, 0x19, 0x63, 0x19, 0x63, 0x19, 
	0x63, 0x19, 0x63, 0x19, 0x63, 0x19, 0x63, 0x19, 
	0x63, 0x19, 0x63, 0x19, 0x63, 0x19, 0x63, 0x19, 
	0x63, 0x19, 0x63, 0x19, 0x63, 0x19, 0x63, 0x19, 
	0x63, 0x19, 0x6b, 0x1b, 0x6b, 0x1b, 0x63, 0x19, 
	0x63, 0x19, 0x63, 0x19, 0x63, 0x19, 0x63, 0x19, 
	0x63, 0x19, 0x63, 0x19, 0x63, 0x19, 0x63, 0x19, 
	0x63, 0x19, 0x63, 0x19, 0x63, 0x19, 0x63, 0x19, 
	0x63, 0x19, 0x63, 0x19, 0x63, 0x19, 0x63, 0x19, 
	0x63, 0x19, 0x63, 0x19, 0x63, 0x19, 0x63, 0x19, 
	0x63, 0x19, 0x63, 0x19, 0x63, 0x19, 0x63, 0x19, 
	0x63, 0x19, 0x63, 0x19, 0x63, 0x19, 0x63, 0x19, 
	0x63, 0x19, 0x63, 0x19, 0x63, 0x19, 0x63, 0x19, 
	0x63, 0x19, 0x63, 0x19, 0x63, 0x19, 0x63, 0x19, 
	0x63, 0x19, 0x63, 0x19, 0x63, 0x19, 0x63, 0x19, 
	0x63, 0x19, 0x63, 0x19, 0x63, 0x19, 0x63, 0x19, 
	0x63, 0x19, 0x63, 0x19, 0x63, 0x19, 0x63, 0x19, 
	0x63, 0x19, 0x63, 0x19, 0x63, 0x19, 0x63, 0x19, 
	0x63, 0x19, 0x63, 0x19, 0x63, 0x19, 0x63, 0x19, 
	0x63, 0x19, 0x63, 0x19, 0x63, 0x19, 0x63, 0x19, 
	0x63, 0x19, 0x63, 0x19, 0x63, 0x19, 0x63, 0x19, 
	0x63, 0x19, 0x63, 0x19, 0x63, 0x19, 0x63, 0x19, 
	
};

Gfx INTRO_SCREEN_tile_bottom_0_rgba16_aligner[] = {gsSPEndDisplayList()};
u8 INTRO_SCREEN_tile_bottom_0_rgba16[] = {
	0x63, 0x19, 0x63, 0x19, 0x63, 0x19, 0x63, 0x19, 
	0x63, 0x19, 0x63, 0x19, 0x63, 0x19, 0x63, 0x19, 
	0x63, 0x19, 0x63, 0x19, 0x63, 0x19, 0x63, 0x19, 
	0x63, 0x19, 0x63, 0x19, 0x63, 0x19, 0x63, 0x19, 
	0x63, 0x19, 0x63, 0x19, 0x63, 0x19, 0x63, 0x19, 
	0x63, 0x19, 0x63, 0x19, 0x63, 0x19, 0x63, 0x19, 
	0x63, 0x19, 0x63, 0x19, 0x63, 0x19, 0x63, 0x19, 
	0x63, 0x19, 0x63, 0x19, 0x63, 0x19, 0x63, 0x19, 
	0x63, 0x19, 0x63, 0x19, 0x63, 0x19, 0x63, 0x19, 
	0x63, 0x19, 0x63, 0x19, 0x63, 0x19, 0x63, 0x19, 
	0x63, 0x19, 0x63, 0x19, 0x63, 0x19, 0x63, 0x19, 
	0x63, 0x19, 0x63, 0x19, 0x63, 0x19, 0x63, 0x19, 
	0x63, 0x19, 0x63, 0x19, 0x63, 0x19, 0x63, 0x19, 
	0x63, 0x19, 0x63, 0x19, 0x63, 0x19, 0x63, 0x19, 
	0x63, 0x19, 0x63, 0x19, 0x63, 0x19, 0x63, 0x19, 
	0x63, 0x19, 0x63, 0x19, 0x63, 0x19, 0x63, 0x19, 
	0x63, 0x19, 0x63, 0x19, 0x63, 0x19, 0x63, 0x19, 
	0x63, 0x19, 0x63, 0x19, 0x63, 0x19, 0x63, 0x19, 
	0x63, 0x19, 0x63, 0x19, 0x63, 0x19, 0x63, 0x19, 
	0x63, 0x19, 0x63, 0x19, 0x63, 0x19, 0x63, 0x19, 
	0x63, 0x19, 0x63, 0x19, 0x63, 0x19, 0x63, 0x19, 
	0x63, 0x19, 0x63, 0x19, 0x63, 0x19, 0x63, 0x19, 
	0x63, 0x19, 0x63, 0x19, 0x63, 0x19, 0x63, 0x19, 
	0x63, 0x19, 0x63, 0x19, 0x63, 0x19, 0x63, 0x19, 
	0x63, 0x19, 0x63, 0x19, 0x63, 0x19, 0x63, 0x19, 
	0x63, 0x19, 0x63, 0x19, 0x63, 0x19, 0x63, 0x19, 
	0x63, 0x19, 0x63, 0x19, 0x63, 0x19, 0x63, 0x19, 
	0x63, 0x19, 0x63, 0x19, 0x63, 0x19, 0x63, 0x19, 
	0x63, 0x19, 0x63, 0x19, 0x63, 0x19, 0x63, 0x19, 
	0x63, 0x19, 0x63, 0x19, 0x63, 0x19, 0x63, 0x19, 
	0x63, 0x19, 0x63, 0x19, 0x63, 0x19, 0x63, 0x19, 
	0x63, 0x19, 0x63, 0x19, 0x63, 0x19, 0x63, 0x19, 
	0x63, 0x19, 0x63, 0x19, 0x63, 0x19, 0x63, 0x19, 
	0x63, 0x19, 0x63, 0x19, 0x63, 0x19, 0x63, 0x19, 
	0x63, 0x19, 0x63, 0x19, 0x63, 0x19, 0x63, 0x19, 
	0x63, 0x19, 0x63, 0x19, 0x63, 0x19, 0x63, 0x19, 
	0x63, 0x19, 0x63, 0x19, 0x63, 0x19, 0x63, 0x19, 
	0x63, 0x19, 0x63, 0x19, 0x63, 0x19, 0x63, 0x19, 
	0x63, 0x19, 0x63, 0x19, 0x63, 0x19, 0x63, 0x19, 
	0x63, 0x19, 0x63, 0x19, 0x63, 0x19, 0x63, 0x19, 
	0x63, 0x19, 0x63, 0x19, 0x63, 0x19, 0x63, 0x19, 
	0x63, 0x19, 0x63, 0x19, 0x63, 0x19, 0x63, 0x19, 
	0x63, 0x19, 0x63, 0x19, 0x63, 0x19, 0x63, 0x19, 
	0x63, 0x19, 0x63, 0x19, 0x63, 0x19, 0x63, 0x19, 
	0x63, 0x19, 0x63, 0x19, 0x63, 0x19, 0x63, 0x19, 
	0x63, 0x19, 0x63, 0x19, 0x63, 0x19, 0x63, 0x19, 
	0x63, 0x19, 0x63, 0x19, 0x63, 0x19, 0x63, 0x19, 
	0x63, 0x19, 0x63, 0x19, 0x63, 0x19, 0x63, 0x19, 
	0x63, 0x19, 0x63, 0x19, 0x63, 0x19, 0x63, 0x19, 
	0x63, 0x19, 0x63, 0x19, 0x63, 0x19, 0x63, 0x19, 
	0x63, 0x19, 0x63, 0x19, 0x63, 0x19, 0x63, 0x19, 
	0x63, 0x19, 0x63, 0x19, 0x63, 0x19, 0x63, 0x19, 
	0x63, 0x19, 0x63, 0x19, 0x63, 0x19, 0x63, 0x19, 
	0x63, 0x19, 0x63, 0x19, 0x63, 0x19, 0x63, 0x19, 
	0x63, 0x19, 0x63, 0x19, 0x63, 0x19, 0x63, 0x19, 
	0x63, 0x19, 0x63, 0x19, 0x63, 0x19, 0x63, 0x19, 
	0x63, 0x19, 0x63, 0x19, 0x63, 0x19, 0x63, 0x19, 
	0x63, 0x19, 0x63, 0x19, 0x63, 0x19, 0x63, 0x19, 
	0x63, 0x19, 0x63, 0x19, 0x63, 0x19, 0x63, 0x19, 
	0x63, 0x19, 0x63, 0x19, 0x63, 0x19, 0x63, 0x19, 
	0x63, 0x19, 0x63, 0x19, 0x63, 0x19, 0x63, 0x19, 
	0x63, 0x19, 0x63, 0x19, 0x63, 0x19, 0x63, 0x19, 
	0x63, 0x19, 0x63, 0x19, 0x63, 0x19, 0x63, 0x19, 
	0x63, 0x19, 0x63, 0x19, 0x63, 0x19, 0x63, 0x19, 
	0x63, 0x19, 0x63, 0x19, 0x63, 0x19, 0x62, 0xd7, 
	0x5a, 0xd7, 0x5a, 0xd7, 0x63, 0x19, 0x63, 0x19, 
	0x63, 0x19, 0x63, 0x19, 0x63, 0x19, 0x63, 0x19, 
	0x63, 0x19, 0x63, 0x19, 0x63, 0x19, 0x63, 0x19, 
	0x63, 0x19, 0x63, 0x19, 0x63, 0x19, 0x63, 0x19, 
	0x63, 0x19, 0x63, 0x19, 0x63, 0x19, 0x63, 0x19, 
	0x63, 0x19, 0x63, 0x19, 0x63, 0x19, 0x63, 0x19, 
	0x63, 0x19, 0x63, 0x19, 0x63, 0x19, 0x63, 0x19, 
	0x63, 0x19, 0x63, 0x19, 0x63, 0x19, 0x63, 0x19, 
	0x63, 0x19, 0x63, 0x19, 0x63, 0x19, 0x63, 0x19, 
	0x63, 0x19, 0x63, 0x19, 0x63, 0x19, 0x63, 0x19, 
	0x63, 0x19, 0x63, 0x19, 0x63, 0x19, 0x63, 0x19, 
	0x63, 0x19, 0x63, 0x19, 0x63, 0x19, 0x63, 0x19, 
	0x63, 0x19, 0x63, 0x19, 0x63, 0x19, 0x63, 0x19, 
	0x63, 0x19, 0x63, 0x19, 0x63, 0x19, 0x63, 0x19, 
	0x63, 0x19, 0x63, 0x19, 0x63, 0x19, 0x63, 0x19, 
	0x63, 0x19, 0x63, 0x19, 0x63, 0x19, 0x63, 0x19, 
	0x63, 0x19, 0x63, 0x19, 0x63, 0x19, 0x63, 0x19, 
	0x63, 0x19, 0x63, 0x19, 0x63, 0x19, 0x63, 0x19, 
	0x63, 0x19, 0x63, 0x19, 0x63, 0x19, 0x63, 0x19, 
	0x63, 0x19, 0x63, 0x19, 0x63, 0x19, 0x63, 0x19, 
	0x63, 0x19, 0x63, 0x19, 0x63, 0x19, 0x63, 0x19, 
	0x63, 0x19, 0x63, 0x19, 0x63, 0x19, 0x5a, 0xd7, 
	0x5a, 0xd7, 0x5a, 0xd7, 0x5a, 0xd7, 0x63, 0x19, 
	0x63, 0x19, 0x63, 0x19, 0x63, 0x19, 0x63, 0x19, 
	0x63, 0x19, 0x63, 0x19, 0x63, 0x19, 0x63, 0x19, 
	0x63, 0x19, 0x63, 0x19, 0x63, 0x19, 0x63, 0x19, 
	0x63, 0x19, 0x63, 0x19, 0x63, 0x19, 0x63, 0x19, 
	0x63, 0x19, 0x63, 0x19, 0x63, 0x19, 0x63, 0x19, 
	0x63, 0x19, 0x63, 0x19, 0x63, 0x19, 0x63, 0x19, 
	0x63, 0x19, 0x63, 0x19, 0x63, 0x19, 0x63, 0x19, 
	0x63, 0x19, 0x63, 0x19, 0x63, 0x19, 0x63, 0x19, 
	0x5a, 0xd7, 0x5a, 0xd7, 0x5a, 0xd7, 0x5a, 0xd7, 
	0x5a, 0xd7, 0x5a, 0xd7, 0x5a, 0xd7, 0x5a, 0xd7, 
	0x63, 0x19, 0x63, 0x19, 0x63, 0x19, 0x63, 0x19, 
	0x63, 0x19, 0x63, 0x19, 0x63, 0x19, 0x63, 0x19, 
	0x63, 0x19, 0x63, 0x19, 0x63, 0x19, 0x63, 0x19, 
	0x63, 0x19, 0x63, 0x19, 0x63, 0x19, 0x63, 0x19, 
	0x63, 0x19, 0x63, 0x19, 0x63, 0x19, 0x5a, 0xd7, 
	0x5a, 0xd7, 0x5a, 0xd7, 0x63, 0x19, 0x63, 0x19, 
	0x63, 0x19, 0x63, 0x19, 0x63, 0x19, 0x63, 0x19, 
	0x5a, 0xd7, 0x63, 0x19, 0x63, 0x19, 0x63, 0x19, 
	0x63, 0x19, 0x63, 0x19, 0x63, 0x19, 0x63, 0x19, 
	0x63, 0x19, 0x63, 0x19, 0x63, 0x19, 0x5a, 0xd7, 
	0x5a, 0xd7, 0x5a, 0xd7, 0x63, 0x19, 0x63, 0x19, 
	0x63, 0x19, 0x63, 0x19, 0x63, 0x19, 0x63, 0x19, 
	0x63, 0x19, 0x63, 0x19, 0x63, 0x19, 0x63, 0x19, 
	0x63, 0x19, 0x63, 0x19, 0x63, 0x19, 0x63, 0x19, 
	0x63, 0x19, 0x63, 0x19, 0x63, 0x19, 0x63, 0x19, 
	0x63, 0x19, 0x63, 0x19, 0x63, 0x19, 0x63, 0x19, 
	0x63, 0x19, 0x63, 0x19, 0x63, 0x19, 0x63, 0x19, 
	0x63, 0x19, 0x63, 0x19, 0x63, 0x19, 0x5a, 0xd7, 
	0x63, 0x19, 0x63, 0x19, 0x63, 0x19, 0x63, 0x19, 
	0x63, 0x19, 0x63, 0x19, 0x63, 0x19, 0x63, 0x19, 
	0x63, 0x19, 0x63, 0x19, 0x5a, 0xd7, 0x5a, 0xd7, 
	0x5a, 0xd7, 0x5a, 0xd7, 0x5a, 0xd7, 0x5a, 0xd7, 
	0x5b, 0x17, 0x63, 0x19, 0x63, 0x19, 0x63, 0x19, 
	0x63, 0x19, 0x63, 0x19, 0x5a, 0xd7, 0x5a, 0xd7, 
	0x5a, 0xd7, 0x63, 0x19, 0x63, 0x19, 0x63, 0x19, 
	0x63, 0x19, 0x63, 0x19, 0x63, 0x19, 0x5a, 0xd7, 
	0x63, 0x19, 0x63, 0x19, 0x63, 0x19, 0x63, 0x19, 
	0x63, 0x17, 0x5b, 0x19, 0x63, 0x19, 0x63, 0x19, 
	0x63, 0x19, 0x63, 0x19, 0x63, 0x19, 0x63, 0x19, 
	0x63, 0x19, 0x63, 0x19, 0x63, 0x19, 0x63, 0x19, 
	0x5a, 0xd7, 0x5a, 0xd7, 0x5a, 0xd7, 0x5a, 0xd7, 
	0x5a, 0xd7, 0x5a, 0xd7, 0x5a, 0xd7, 0x5a, 0xd7, 
	0x5a, 0xd7, 0x5a, 0xd7, 0x5a, 0xd7, 0x5a, 0xd7, 
	0x5a, 0xd7, 0x5a, 0xd7, 0x5a, 0xd7, 0x5a, 0xd7, 
	0x5a, 0xd7, 0x5a, 0xd7, 0x5a, 0xd7, 0x5a, 0xd7, 
	0x5a, 0xd7, 0x5a, 0xd7, 0x5a, 0xd7, 0x5a, 0xd7, 
	0x5a, 0xd7, 0x5a, 0xd7, 0x5a, 0xd7, 0x5a, 0xd7, 
	0x5a, 0xd7, 0x5a, 0xd7, 0x5a, 0xd7, 0x5a, 0xd7, 
	0x5a, 0xd7, 0x5a, 0xd7, 0x5a, 0xd7, 0x5a, 0xd7, 
	0x5a, 0xd7, 0x5a, 0xd7, 0x5a, 0xd7, 0x63, 0x19, 
	0x5a, 0xd7, 0x5a, 0xd7, 0x5a, 0xd7, 0x5a, 0xd7, 
	0x63, 0x19, 0x5a, 0xd7, 0x63, 0x19, 0x5a, 0xd7, 
	0x5a, 0xd7, 0x5a, 0xd7, 0x5a, 0xd7, 0x5a, 0xd7, 
	0x5a, 0xd7, 0x5a, 0xd7, 0x63, 0x19, 0x63, 0x19, 
	0x63, 0x19, 0x63, 0x19, 0x63, 0x19, 0x63, 0x19, 
	0x63, 0x19, 0x63, 0x19, 0x63, 0x19, 0x63, 0x19, 
	0x63, 0x19, 0x63, 0x19, 0x63, 0x19, 0x63, 0x19, 
	0x63, 0x19, 0x63, 0x19, 0x5a, 0xd7, 0x5a, 0xd7, 
	0x5a, 0xd7, 0x63, 0x19, 0x63, 0x19, 0x63, 0x19, 
	0x63, 0x19, 0x63, 0x19, 0x5a, 0xd7, 0x5a, 0xd7, 
	0x63, 0x19, 0x63, 0x19, 0x63, 0x19, 0x63, 0x19, 
	0x63, 0x19, 0x63, 0x19, 0x63, 0x19, 0x63, 0x19, 
	0x5a, 0xd7, 0x63, 0x19, 0x63, 0x19, 0x5a, 0xd7, 
	0x5a, 0xd7, 0x5a, 0xd7, 0x5a, 0xd7, 0x5a, 0xd7, 
	0x5a, 0xd7, 0x63, 0x19, 0x5a, 0xd7, 0x5a, 0xd7, 
	0x5b, 0x17, 0x5b, 0x17, 0x5a, 0xd7, 0x5a, 0xd7, 
	0x5a, 0xd7, 0x62, 0xd7, 0x63, 0x19, 0x63, 0x19, 
	0x62, 0xd7, 0x63, 0x19, 0x63, 0x19, 0x5a, 0xd7, 
	0x63, 0x19, 0x63, 0x19, 0x63, 0x19, 0x63, 0x19, 
	0x5a, 0xd7, 0x62, 0xd9, 0x63, 0x19, 0x63, 0x19, 
	0x62, 0xd7, 0x5a, 0xd7, 0x63, 0x19, 0x63, 0x19, 
	0x63, 0x19, 0x63, 0x19, 0x5a, 0xd7, 0x5a, 0xd7, 
	0x5a, 0xd7, 0x5a, 0xd7, 0x5a, 0xd7, 0x5a, 0xd7, 
	0x5a, 0xd7, 0x5a, 0xd7, 0x5a, 0xd7, 0x5a, 0xd7, 
	0x5a, 0xd7, 0x5a, 0xd7, 0x5a, 0xd7, 0x5a, 0xd7, 
	0x5a, 0xd7, 0x5a, 0xd7, 0x5a, 0xd7, 0x5a, 0xd7, 
	0x5a, 0xd7, 0x5a, 0xd7, 0x5a, 0xd7, 0x5a, 0xd7, 
	0x5a, 0xd7, 0x5a, 0xd7, 0x5a, 0xd7, 0x5a, 0xd7, 
	0x5a, 0xd7, 0x5a, 0xd7, 0x5a, 0xd7, 0x5a, 0xd7, 
	0x5a, 0xd7, 0x5a, 0xd7, 0x5a, 0xd7, 0x5a, 0xd7, 
	0x5a, 0xd7, 0x5a, 0xd7, 0x5a, 0xd7, 0x5a, 0xd7, 
	0x5a, 0xd7, 0x5a, 0xd7, 0x5a, 0xd7, 0x5a, 0xd7, 
	0x5a, 0xd7, 0x5a, 0xd7, 0x5a, 0xd7, 0x5a, 0xd7, 
	0x5a, 0xd7, 0x5a, 0xd7, 0x5a, 0xd7, 0x5a, 0xd7, 
	0x5a, 0xd7, 0x5a, 0xd7, 0x5a, 0xd7, 0x5a, 0xd7, 
	0x5a, 0xd7, 0x5a, 0xd7, 0x5a, 0xd7, 0x5a, 0xd7, 
	0x5a, 0xd7, 0x63, 0x19, 0x63, 0x19, 0x5b, 0x17, 
	0x63, 0x19, 0x63, 0x19, 0x63, 0x19, 0x63, 0x19, 
	0x63, 0x19, 0x62, 0xd9, 0x63, 0x19, 0x63, 0x19, 
	0x63, 0x19, 0x63, 0x19, 0x5a, 0xd7, 0x5a, 0xd7, 
	0x5a, 0xd7, 0x5a, 0xd7, 0x63, 0x19, 0x63, 0x19, 
	0x5a, 0xd7, 0x5a, 0xd7, 0x5a, 0xd7, 0x63, 0x19, 
	0x5a, 0xd9, 0x5a, 0xd7, 0x5a, 0xd7, 0x5a, 0xd7, 
	0x63, 0x19, 0x63, 0x19, 0x63, 0x19, 0x63, 0x19, 
	0x5a, 0xd7, 0x63, 0x19, 0x63, 0x19, 0x5a, 0xd7, 
	0x5a, 0xd7, 0x5a, 0xd7, 0x5a, 0xd7, 0x5a, 0xd7, 
	0x63, 0x17, 0x5a, 0xd7, 0x5a, 0xd7, 0x5a, 0xd7, 
	0x5a, 0xd7, 0x5a, 0xd7, 0x5a, 0xd7, 0x62, 0xd9, 
	0x62, 0xd7, 0x5a, 0xd7, 0x5a, 0xd7, 0x5a, 0xd7, 
	0x5a, 0xd7, 0x5a, 0xd7, 0x5a, 0xd7, 0x5a, 0xd7, 
	0x5a, 0xd7, 0x5a, 0xd7, 0x5a, 0xd7, 0x63, 0x19, 
	0x5a, 0xd7, 0x5a, 0xd7, 0x5a, 0xd7, 0x63, 0x19, 
	0x63, 0x19, 0x5b, 0x17, 0x63, 0x17, 0x5a, 0xd7, 
	0x5a, 0xd7, 0x5a, 0xd7, 0x5a, 0xd7, 0x5a, 0xd7, 
	0x5a, 0xd7, 0x5a, 0xd7, 0x5a, 0xd7, 0x5a, 0xd7, 
	0x5a, 0xd7, 0x5a, 0xd7, 0x5a, 0xd7, 0x5a, 0xd7, 
	0x5a, 0xd7, 0x5a, 0xd7, 0x5a, 0xd7, 0x5a, 0xd7, 
	0x5a, 0xd7, 0x5a, 0xd7, 0x5a, 0xd7, 0x5a, 0xd7, 
	0x5a, 0xd7, 0x5a, 0xd7, 0x5a, 0xd7, 0x5a, 0xd7, 
	0x5a, 0xd7, 0x5a, 0xd7, 0x5a, 0xd7, 0x5a, 0xd7, 
	0x5a, 0xd7, 0x5a, 0xd7, 0x5a, 0xd7, 0x5a, 0xd7, 
	0x5a, 0xd7, 0x5a, 0xd7, 0x5a, 0xd7, 0x5a, 0xd7, 
	0x5a, 0xd7, 0x5a, 0xd7, 0x5a, 0xd7, 0x5a, 0xd7, 
	0x5a, 0xd7, 0x5a, 0xd7, 0x5a, 0xd7, 0x5a, 0xd7, 
	0x5a, 0xd7, 0x5a, 0xd7, 0x5a, 0xd7, 0x5a, 0xd7, 
	0x5a, 0xd7, 0x5a, 0xd7, 0x5a, 0xd7, 0x5a, 0xd7, 
	0x5a, 0xd7, 0x5a, 0xd7, 0x5a, 0xd7, 0x5a, 0xd7, 
	0x5a, 0xd7, 0x5a, 0xd7, 0x5a, 0xd7, 0x5a, 0xd7, 
	0x5a, 0xd7, 0x63, 0x19, 0x63, 0x19, 0x5b, 0x17, 
	0x63, 0x19, 0x63, 0x19, 0x63, 0x19, 0x63, 0x19, 
	0x63, 0x19, 0x62, 0xd9, 0x63, 0x19, 0x63, 0x19, 
	0x63, 0x19, 0x63, 0x19, 0x5a, 0xd7, 0x5a, 0xd7, 
	0x5a, 0xd7, 0x5a, 0xd7, 0x63, 0x19, 0x63, 0x19, 
	0x5a, 0xd7, 0x5a, 0xd7, 0x5a, 0xd7, 0x63, 0x19, 
	0x5a, 0xd9, 0x5a, 0xd7, 0x5a, 0xd7, 0x5a, 0xd7, 
	0x63, 0x19, 0x63, 0x19, 0x63, 0x19, 0x63, 0x19, 
	0x5a, 0xd7, 0x63, 0x19, 0x63, 0x19, 0x5a, 0xd7, 
	0x5a, 0xd7, 0x5a, 0xd7, 0x5a, 0xd7, 0x5a, 0xd7, 
	0x63, 0x17, 0x5a, 0xd7, 0x5a, 0xd7, 0x5a, 0xd7, 
	0x5a, 0xd7, 0x5a, 0xd7, 0x5a, 0xd7, 0x62, 0xd9, 
	0x62, 0xd7, 0x5a, 0xd7, 0x5a, 0xd7, 0x5a, 0xd7, 
	0x5a, 0xd7, 0x5a, 0xd7, 0x5a, 0xd7, 0x5a, 0xd7, 
	0x5a, 0xd7, 0x5a, 0xd7, 0x5a, 0xd7, 0x63, 0x19, 
	0x5a, 0xd7, 0x5a, 0xd7, 0x5a, 0xd7, 0x63, 0x19, 
	0x63, 0x19, 0x5b, 0x17, 0x63, 0x17, 0x5a, 0xd7, 
	0x5a, 0xd7, 0x5a, 0xd7, 0x5a, 0xd7, 0x5a, 0xd7, 
	0x5a, 0xd7, 0x5a, 0xd7, 0x5a, 0xd7, 0x5a, 0xd7, 
	0x5a, 0xd7, 0x5a, 0xd7, 0x5a, 0xd7, 0x5a, 0xd7, 
	0x5a, 0xd7, 0x5a, 0xd7, 0x5a, 0xd7, 0x5a, 0xd7, 
	0x5a, 0xd7, 0x5a, 0xd7, 0x5a, 0xd7, 0x5a, 0xd7, 
	0x5a, 0xd7, 0x5a, 0xd7, 0x5a, 0xd7, 0x5a, 0xd7, 
	0x5a, 0xd7, 0x5a, 0xd7, 0x5a, 0xd7, 0x5a, 0xd7, 
	0x5a, 0xd7, 0x5a, 0xd7, 0x5a, 0xd7, 0x5a, 0xd7, 
	0x5a, 0xd7, 0x5a, 0xd7, 0x5a, 0xd7, 0x5a, 0xd7, 
	0x5a, 0xd7, 0x5a, 0xd7, 0x5a, 0xd7, 0x5a, 0xd7, 
	0x5a, 0xd7, 0x5a, 0xd7, 0x5a, 0xd7, 0x5a, 0xd7, 
	0x5a, 0xd7, 0x5a, 0xd7, 0x5a, 0xd7, 0x5a, 0xd7, 
	0x5a, 0xd7, 0x5a, 0xd7, 0x5a, 0xd7, 0x5a, 0xd7, 
	0x5a, 0xd7, 0x5a, 0xd7, 0x5a, 0xd7, 0x5a, 0xd7, 
	0x5a, 0xd7, 0x5a, 0xd7, 0x5a, 0xd7, 0x5a, 0xd7, 
	0x5a, 0xd7, 0x63, 0x19, 0x63, 0x19, 0x5b, 0x17, 
	0x63, 0x19, 0x63, 0x19, 0x63, 0x19, 0x63, 0x19, 
	0x63, 0x19, 0x62, 0xd9, 0x63, 0x19, 0x63, 0x19, 
	0x63, 0x19, 0x63, 0x19, 0x5a, 0xd7, 0x5a, 0xd7, 
	0x5a, 0xd7, 0x5a, 0xd7, 0x63, 0x19, 0x63, 0x19, 
	0x5a, 0xd7, 0x5a, 0xd7, 0x5a, 0xd7, 0x63, 0x19, 
	0x5a, 0xd9, 0x5a, 0xd7, 0x5a, 0xd7, 0x5a, 0xd7, 
	0x63, 0x19, 0x63, 0x19, 0x63, 0x19, 0x63, 0x19, 
	0x5a, 0xd7, 0x63, 0x19, 0x63, 0x19, 0x5a, 0xd7, 
	0x5a, 0xd7, 0x5a, 0xd7, 0x5a, 0xd7, 0x5a, 0xd7, 
	0x63, 0x17, 0x5a, 0xd7, 0x5a, 0xd7, 0x5a, 0xd7, 
	0x5a, 0xd7, 0x5a, 0xd7, 0x5a, 0xd7, 0x62, 0xd9, 
	0x62, 0xd7, 0x5a, 0xd7, 0x5a, 0xd7, 0x5a, 0xd7, 
	0x5a, 0xd7, 0x5a, 0xd7, 0x5a, 0xd7, 0x5a, 0xd7, 
	0x5a, 0xd7, 0x5a, 0xd7, 0x5a, 0xd7, 0x63, 0x19, 
	0x5a, 0xd7, 0x5a, 0xd7, 0x5a, 0xd7, 0x63, 0x19, 
	0x63, 0x19, 0x5b, 0x17, 0x63, 0x17, 0x5a, 0xd7, 
	0x5a, 0xd7, 0x5a, 0xd7, 0x5a, 0xd7, 0x5a, 0xd7, 
	
};

Gfx INTRO_SCREEN_tile_bottom_1_rgba16_aligner[] = {gsSPEndDisplayList()};
u8 INTRO_SCREEN_tile_bottom_1_rgba16[] = {
	0x63, 0x19, 0x63, 0x19, 0x63, 0x19, 0x63, 0x19, 
	0x63, 0x19, 0x63, 0x19, 0x63, 0x19, 0x63, 0x19, 
	0x63, 0x19, 0x63, 0x19, 0x63, 0x19, 0x63, 0x19, 
	0x63, 0x19, 0x63, 0x19, 0x63, 0x19, 0x63, 0x19, 
	0x63, 0x19, 0x63, 0x19, 0x63, 0x19, 0x63, 0x19, 
	0x63, 0x19, 0x63, 0x19, 0x63, 0x19, 0x63, 0x19, 
	0x63, 0x19, 0x63, 0x19, 0x63, 0x19, 0x63, 0x19, 
	0x63, 0x19, 0x63, 0x19, 0x63, 0x19, 0x63, 0x19, 
	0x63, 0x19, 0x63, 0x19, 0x63, 0x19, 0x63, 0x19, 
	0x63, 0x19, 0x63, 0x19, 0x63, 0x19, 0x63, 0x19, 
	0x63, 0x19, 0x63, 0x19, 0x63, 0x19, 0x63, 0x19, 
	0x63, 0x19, 0x63, 0x19, 0x63, 0x19, 0x63, 0x19, 
	0x63, 0x19, 0x63, 0x19, 0x63, 0x19, 0x63, 0x19, 
	0x63, 0x19, 0x63, 0x19, 0x63, 0x19, 0x63, 0x19, 
	0x63, 0x19, 0x63, 0x19, 0x63, 0x19, 0x63, 0x19, 
	0x63, 0x19, 0x63, 0x19, 0x63, 0x19, 0x63, 0x19, 
	0x63, 0x19, 0x63, 0x19, 0x63, 0x19, 0x63, 0x19, 
	0x63, 0x19, 0x63, 0x19, 0x63, 0x19, 0x63, 0x19, 
	0x63, 0x19, 0x63, 0x19, 0x63, 0x19, 0x63, 0x19, 
	0x63, 0x19, 0x63, 0x19, 0x63, 0x19, 0x63, 0x19, 
	0x63, 0x19, 0x63, 0x19, 0x63, 0x19, 0x63, 0x19, 
	0x63, 0x19, 0x63, 0x19, 0x63, 0x19, 0x63, 0x19, 
	0x63, 0x19, 0x63, 0x19, 0x63, 0x19, 0x63, 0x19, 
	0x63, 0x19, 0x63, 0x19, 0x63, 0x19, 0x63, 0x19, 
	0x63, 0x19, 0x63, 0x19, 0x63, 0x19, 0x63, 0x19, 
	0x63, 0x19, 0x63, 0x19, 0x63, 0x19, 0x63, 0x19, 
	0x63, 0x19, 0x63, 0x19, 0x63, 0x19, 0x63, 0x19, 
	0x63, 0x19, 0x63, 0x19, 0x63, 0x19, 0x63, 0x19, 
	0x63, 0x19, 0x63, 0x19, 0x63, 0x19, 0x63, 0x19, 
	0x63, 0x19, 0x63, 0x19, 0x63, 0x19, 0x63, 0x19, 
	0x63, 0x19, 0x63, 0x19, 0x63, 0x19, 0x63, 0x19, 
	0x63, 0x19, 0x63, 0x19, 0x63, 0x19, 0x63, 0x19, 
	0x63, 0x19, 0x63, 0x19, 0x63, 0x19, 0x63, 0x19, 
	0x63, 0x19, 0x63, 0x19, 0x63, 0x19, 0x63, 0x19, 
	0x63, 0x19, 0x63, 0x19, 0x63, 0x19, 0x63, 0x19, 
	0x63, 0x19, 0x63, 0x19, 0x63, 0x19, 0x63, 0x19, 
	0x63, 0x19, 0x63, 0x19, 0x63, 0x19, 0x63, 0x19, 
	0x63, 0x19, 0x63, 0x19, 0x63, 0x19, 0x63, 0x19, 
	0x63, 0x19, 0x63, 0x19, 0x63, 0x19, 0x63, 0x19, 
	0x63, 0x19, 0x63, 0x19, 0x63, 0x19, 0x63, 0x19, 
	0x63, 0x19, 0x63, 0x19, 0x63, 0x19, 0x63, 0x19, 
	0x63, 0x19, 0x63, 0x19, 0x63, 0x19, 0x63, 0x19, 
	0x63, 0x19, 0x63, 0x19, 0x63, 0x19, 0x63, 0x19, 
	0x63, 0x19, 0x63, 0x19, 0x63, 0x19, 0x63, 0x19, 
	0x63, 0x19, 0x63, 0x19, 0x63, 0x19, 0x63, 0x19, 
	0x63, 0x19, 0x63, 0x19, 0x63, 0x19, 0x63, 0x19, 
	0x63, 0x19, 0x63, 0x19, 0x63, 0x19, 0x63, 0x19, 
	0x63, 0x19, 0x63, 0x19, 0x63, 0x19, 0x63, 0x19, 
	0x63, 0x19, 0x63, 0x19, 0x63, 0x19, 0x63, 0x19, 
	0x63, 0x19, 0x63, 0x19, 0x63, 0x19, 0x63, 0x19, 
	0x63, 0x19, 0x63, 0x19, 0x63, 0x19, 0x63, 0x19, 
	0x63, 0x19, 0x63, 0x19, 0x63, 0x19, 0x63, 0x19, 
	0x63, 0x19, 0x63, 0x19, 0x63, 0x19, 0x63, 0x19, 
	0x63, 0x19, 0x63, 0x19, 0x63, 0x19, 0x63, 0x19, 
	0x63, 0x19, 0x63, 0x19, 0x63, 0x19, 0x63, 0x19, 
	0x63, 0x19, 0x63, 0x19, 0x63, 0x19, 0x63, 0x19, 
	0x63, 0x19, 0x63, 0x19, 0x63, 0x19, 0x63, 0x19, 
	0x63, 0x19, 0x63, 0x19, 0x63, 0x19, 0x63, 0x19, 
	0x63, 0x19, 0x63, 0x19, 0x63, 0x19, 0x63, 0x19, 
	0x63, 0x19, 0x63, 0x19, 0x63, 0x19, 0x63, 0x19, 
	0x63, 0x19, 0x63, 0x19, 0x63, 0x19, 0x63, 0x19, 
	0x63, 0x19, 0x63, 0x19, 0x63, 0x19, 0x63, 0x19, 
	0x63, 0x19, 0x63, 0x19, 0x63, 0x19, 0x63, 0x19, 
	0x63, 0x19, 0x63, 0x19, 0x63, 0x19, 0x63, 0x19, 
	0x63, 0x19, 0x63, 0x19, 0x63, 0x19, 0x63, 0x19, 
	0x63, 0x19, 0x63, 0x19, 0x63, 0x19, 0x63, 0x19, 
	0x63, 0x19, 0x63, 0x19, 0x63, 0x19, 0x63, 0x19, 
	0x63, 0x19, 0x63, 0x19, 0x63, 0x19, 0x5b, 0x19, 
	0x63, 0x19, 0x63, 0x19, 0x63, 0x19, 0x63, 0x19, 
	0x63, 0x19, 0x63, 0x19, 0x63, 0x19, 0x63, 0x19, 
	0x63, 0x19, 0x63, 0x19, 0x63, 0x19, 0x63, 0x19, 
	0x63, 0x19, 0x63, 0x19, 0x63, 0x19, 0x63, 0x19, 
	0x63, 0x19, 0x63, 0x19, 0x63, 0x19, 0x63, 0x19, 
	0x63, 0x19, 0x63, 0x19, 0x63, 0x19, 0x63, 0x19, 
	0x63, 0x19, 0x63, 0x19, 0x63, 0x19, 0x63, 0x19, 
	0x63, 0x19, 0x63, 0x19, 0x63, 0x19, 0x63, 0x19, 
	0x63, 0x19, 0x63, 0x19, 0x63, 0x19, 0x63, 0x19, 
	0x63, 0x19, 0x63, 0x19, 0x63, 0x19, 0x63, 0x19, 
	0x63, 0x19, 0x63, 0x19, 0x63, 0x19, 0x63, 0x19, 
	0x63, 0x19, 0x63, 0x19, 0x63, 0x19, 0x63, 0x19, 
	0x63, 0x19, 0x63, 0x19, 0x63, 0x19, 0x63, 0x19, 
	0x63, 0x19, 0x63, 0x19, 0x63, 0x19, 0x63, 0x19, 
	0x63, 0x19, 0x63, 0x19, 0x63, 0x19, 0x63, 0x19, 
	0x63, 0x19, 0x63, 0x19, 0x63, 0x19, 0x63, 0x19, 
	0x63, 0x19, 0x63, 0x19, 0x63, 0x19, 0x63, 0x19, 
	0x63, 0x19, 0x63, 0x19, 0x63, 0x19, 0x63, 0x19, 
	0x63, 0x19, 0x63, 0x19, 0x63, 0x19, 0x63, 0x19, 
	0x63, 0x19, 0x63, 0x19, 0x63, 0x19, 0x63, 0x19, 
	0x63, 0x19, 0x63, 0x19, 0x63, 0x19, 0x63, 0x19, 
	0x63, 0x19, 0x63, 0x19, 0x63, 0x19, 0x63, 0x19, 
	0x63, 0x19, 0x63, 0x19, 0x63, 0x19, 0x63, 0x19, 
	0x63, 0x19, 0x63, 0x19, 0x63, 0x19, 0x63, 0x19, 
	0x63, 0x19, 0x63, 0x19, 0x63, 0x19, 0x63, 0x19, 
	0x63, 0x19, 0x63, 0x19, 0x63, 0x19, 0x63, 0x19, 
	0x63, 0x19, 0x63, 0x19, 0x63, 0x19, 0x63, 0x19, 
	0x63, 0x19, 0x63, 0x19, 0x63, 0x19, 0x63, 0x19, 
	0x63, 0x19, 0x63, 0x19, 0x63, 0x19, 0x63, 0x19, 
	0x63, 0x19, 0x63, 0x19, 0x63, 0x19, 0x63, 0x19, 
	0x63, 0x19, 0x63, 0x19, 0x63, 0x19, 0x63, 0x19, 
	0x5a, 0xd7, 0x5a, 0xd7, 0x5a, 0xd7, 0x63, 0x19, 
	0x63, 0x19, 0x63, 0x19, 0x63, 0x19, 0x5a, 0xd7, 
	0x5a, 0xd7, 0x5a, 0xd7, 0x5a, 0xd7, 0x5a, 0xd7, 
	0x5a, 0xd7, 0x5a, 0xd7, 0x5a, 0xd7, 0x5a, 0xd7, 
	0x63, 0x19, 0x63, 0x19, 0x63, 0x19, 0x63, 0x19, 
	0x63, 0x19, 0x63, 0x19, 0x63, 0x19, 0x63, 0x19, 
	0x63, 0x19, 0x63, 0x19, 0x63, 0x19, 0x63, 0x19, 
	0x63, 0x19, 0x63, 0x19, 0x63, 0x19, 0x63, 0x19, 
	0x63, 0x19, 0x63, 0x19, 0x63, 0x19, 0x63, 0x19, 
	0x63, 0x19, 0x63, 0x19, 0x63, 0x19, 0x63, 0x19, 
	0x63, 0x19, 0x63, 0x19, 0x63, 0x19, 0x63, 0x19, 
	0x5a, 0xd7, 0x63, 0x19, 0x62, 0xd9, 0x5b, 0x17, 
	0x5a, 0xd7, 0x63, 0x19, 0x63, 0x19, 0x63, 0x19, 
	0x63, 0x19, 0x5b, 0x19, 0x5a, 0xd7, 0x63, 0x19, 
	0x5a, 0xd7, 0x5a, 0xd7, 0x5a, 0xd7, 0x5b, 0x17, 
	0x63, 0x19, 0x5a, 0xd9, 0x63, 0x19, 0x63, 0x19, 
	0x63, 0x19, 0x63, 0x19, 0x63, 0x19, 0x63, 0x19, 
	0x63, 0x19, 0x63, 0x19, 0x63, 0x19, 0x63, 0x19, 
	0x63, 0x19, 0x63, 0x19, 0x5a, 0xd9, 0x5a, 0xd7, 
	0x5a, 0xd7, 0x63, 0x19, 0x63, 0x19, 0x5b, 0x17, 
	0x5a, 0xd7, 0x5a, 0xd7, 0x62, 0xd7, 0x5a, 0xd7, 
	0x5a, 0xd7, 0x5a, 0xd7, 0x5a, 0xd7, 0x63, 0x19, 
	0x63, 0x19, 0x5b, 0x17, 0x5a, 0xd7, 0x5a, 0xd7, 
	0x63, 0x19, 0x63, 0x19, 0x63, 0x19, 0x63, 0x19, 
	0x63, 0x19, 0x63, 0x19, 0x63, 0x19, 0x63, 0x19, 
	0x63, 0x19, 0x63, 0x19, 0x63, 0x19, 0x63, 0x19, 
	0x63, 0x19, 0x63, 0x19, 0x63, 0x19, 0x63, 0x19, 
	0x63, 0x19, 0x63, 0x19, 0x63, 0x19, 0x63, 0x19, 
	0x63, 0x19, 0x63, 0x19, 0x63, 0x19, 0x63, 0x19, 
	0x62, 0xd7, 0x5a, 0xd7, 0x63, 0x19, 0x63, 0x19, 
	0x63, 0x19, 0x63, 0x19, 0x5a, 0xd7, 0x5a, 0xd7, 
	0x63, 0x19, 0x63, 0x19, 0x63, 0x19, 0x62, 0xd9, 
	0x5a, 0xd7, 0x5a, 0xd7, 0x5a, 0xd7, 0x5a, 0xd7, 
	0x5a, 0xd7, 0x5a, 0xd7, 0x5a, 0xd7, 0x5a, 0xd7, 
	0x5a, 0xd7, 0x5a, 0xd7, 0x5a, 0xd7, 0x5a, 0xd7, 
	0x5a, 0xd7, 0x5a, 0xd7, 0x5a, 0xd7, 0x5a, 0xd7, 
	0x5a, 0xd7, 0x5a, 0xd7, 0x63, 0x19, 0x63, 0x19, 
	0x5a, 0xd7, 0x63, 0x19, 0x63, 0x19, 0x63, 0x19, 
	0x63, 0x19, 0x63, 0x19, 0x63, 0x19, 0x63, 0x19, 
	0x63, 0x19, 0x63, 0x19, 0x63, 0x19, 0x63, 0x19, 
	0x5a, 0xd7, 0x5a, 0xd7, 0x5a, 0xd7, 0x5a, 0xd7, 
	0x63, 0x19, 0x63, 0x19, 0x63, 0x19, 0x63, 0x19, 
	0x5b, 0x17, 0x5a, 0xd7, 0x63, 0x19, 0x63, 0x19, 
	0x5a, 0xd9, 0x63, 0x19, 0x5a, 0xd7, 0x5a, 0xd7, 
	0x5a, 0xd7, 0x62, 0xd9, 0x63, 0x19, 0x63, 0x19, 
	0x5a, 0xd7, 0x5a, 0xd7, 0x62, 0xd7, 0x63, 0x19, 
	0x5a, 0xd7, 0x5a, 0xd7, 0x5a, 0xd7, 0x5a, 0xd7, 
	0x5a, 0xd7, 0x5a, 0xd7, 0x5a, 0xd7, 0x5a, 0xd7, 
	0x5a, 0xd7, 0x5a, 0xd7, 0x5a, 0xd7, 0x5a, 0xd7, 
	0x5a, 0xd7, 0x5a, 0xd7, 0x5a, 0xd7, 0x63, 0x19, 
	0x63, 0x19, 0x5a, 0xd7, 0x5a, 0xd7, 0x5a, 0xd7, 
	0x5a, 0xd7, 0x5a, 0xd7, 0x5a, 0xd7, 0x5a, 0xd7, 
	0x5a, 0xd7, 0x5a, 0xd7, 0x5a, 0xd7, 0x5a, 0xd7, 
	0x5a, 0xd7, 0x5a, 0xd7, 0x5a, 0xd7, 0x5a, 0xd7, 
	0x5a, 0xd7, 0x5a, 0xd7, 0x5a, 0xd7, 0x5a, 0xd7, 
	0x5a, 0xd7, 0x5a, 0xd7, 0x63, 0x19, 0x63, 0x19, 
	0x63, 0x19, 0x63, 0x19, 0x63, 0x19, 0x63, 0x19, 
	0x63, 0x19, 0x63, 0x19, 0x63, 0x19, 0x63, 0x19, 
	0x63, 0x19, 0x63, 0x19, 0x63, 0x19, 0x5a, 0xd7, 
	0x5a, 0xd7, 0x5a, 0xd7, 0x63, 0x19, 0x63, 0x19, 
	0x63, 0x19, 0x63, 0x19, 0x63, 0x19, 0x63, 0x19, 
	0x63, 0x19, 0x5b, 0x17, 0x63, 0x17, 0x5a, 0xd7, 
	0x5a, 0xd7, 0x5a, 0xd7, 0x5a, 0xd7, 0x5a, 0xd7, 
	0x5a, 0xd7, 0x5a, 0xd7, 0x5a, 0xd7, 0x5a, 0xd7, 
	0x5a, 0xd7, 0x5a, 0xd7, 0x5b, 0x19, 0x5a, 0xd7, 
	0x5a, 0xd7, 0x5a, 0xd7, 0x5a, 0xd7, 0x5a, 0xd7, 
	0x5a, 0xd7, 0x5a, 0xd7, 0x5a, 0xd7, 0x5a, 0xd7, 
	0x5a, 0xd7, 0x5a, 0xd7, 0x5a, 0xd7, 0x5a, 0xd7, 
	0x5a, 0xd7, 0x5a, 0xd7, 0x5a, 0xd7, 0x63, 0x19, 
	0x5a, 0xd7, 0x5a, 0xd7, 0x5a, 0xd7, 0x5a, 0xd7, 
	0x5a, 0xd7, 0x5a, 0xd7, 0x5a, 0xd7, 0x5a, 0xd7, 
	0x5a, 0xd7, 0x5a, 0xd7, 0x5a, 0xd7, 0x5a, 0xd7, 
	0x5a, 0xd7, 0x5a, 0xd7, 0x5a, 0xd7, 0x5a, 0xd7, 
	0x5a, 0xd7, 0x63, 0x19, 0x63, 0x19, 0x63, 0x19, 
	0x5a, 0xd7, 0x5a, 0xd7, 0x5a, 0xd7, 0x5a, 0xd7, 
	0x5a, 0xd7, 0x63, 0x19, 0x5a, 0xd7, 0x5a, 0xd7, 
	0x5a, 0xd7, 0x5b, 0x17, 0x5a, 0xd7, 0x5a, 0xd9, 
	0x5a, 0xd7, 0x5a, 0xd7, 0x5a, 0xd7, 0x5a, 0xd7, 
	0x5a, 0xd7, 0x5a, 0xd7, 0x63, 0x19, 0x5a, 0xd7, 
	0x5a, 0xd7, 0x5a, 0xd7, 0x5a, 0xd7, 0x5a, 0xd7, 
	0x5a, 0xd7, 0x5a, 0xd7, 0x5a, 0xd7, 0x5a, 0xd7, 
	0x5a, 0xd7, 0x5a, 0xd7, 0x5a, 0xd7, 0x5a, 0xd7, 
	0x5a, 0xd7, 0x5a, 0xd7, 0x5a, 0xd7, 0x5a, 0xd7, 
	0x5a, 0xd7, 0x5a, 0xd7, 0x5a, 0xd7, 0x5a, 0xd7, 
	0x5a, 0xd7, 0x5a, 0xd7, 0x5a, 0xd7, 0x5a, 0xd7, 
	0x5a, 0xd7, 0x5a, 0xd7, 0x5a, 0xd7, 0x5a, 0xd7, 
	0x5a, 0xd7, 0x5a, 0xd7, 0x5a, 0xd7, 0x5a, 0xd7, 
	0x5a, 0xd7, 0x5a, 0xd7, 0x5a, 0xd7, 0x5a, 0xd7, 
	0x63, 0x19, 0x63, 0x19, 0x62, 0xd7, 0x5a, 0xd7, 
	0x5a, 0xd7, 0x5a, 0xd7, 0x5a, 0xd7, 0x5a, 0xd7, 
	0x5a, 0xd7, 0x5a, 0xd7, 0x5a, 0xd7, 0x5a, 0xd7, 
	0x5a, 0xd7, 0x5a, 0xd7, 0x5a, 0xd7, 0x5a, 0xd7, 
	0x5a, 0xd7, 0x5a, 0xd7, 0x5a, 0xd7, 0x5a, 0xd7, 
	0x63, 0x19, 0x5b, 0x17, 0x63, 0x17, 0x5a, 0xd7, 
	0x5a, 0xd7, 0x5a, 0xd7, 0x5a, 0xd7, 0x5a, 0xd7, 
	0x5a, 0xd7, 0x5a, 0xd7, 0x5a, 0xd7, 0x5a, 0xd7, 
	0x5a, 0xd7, 0x5a, 0xd7, 0x5b, 0x19, 0x5a, 0xd7, 
	0x5a, 0xd7, 0x5a, 0xd7, 0x5a, 0xd7, 0x5a, 0xd7, 
	0x5a, 0xd7, 0x5a, 0xd7, 0x5a, 0xd7, 0x5a, 0xd7, 
	0x5a, 0xd7, 0x5a, 0xd7, 0x5a, 0xd7, 0x5a, 0xd7, 
	0x5a, 0xd7, 0x5a, 0xd7, 0x5a, 0xd7, 0x63, 0x19, 
	0x5a, 0xd7, 0x5a, 0xd7, 0x5a, 0xd7, 0x5a, 0xd7, 
	0x5a, 0xd7, 0x5a, 0xd7, 0x5a, 0xd7, 0x5a, 0xd7, 
	0x5a, 0xd7, 0x5a, 0xd7, 0x5a, 0xd7, 0x5a, 0xd7, 
	0x5a, 0xd7, 0x5a, 0xd7, 0x5a, 0xd7, 0x5a, 0xd7, 
	0x5a, 0xd7, 0x63, 0x19, 0x63, 0x19, 0x63, 0x19, 
	0x5a, 0xd7, 0x5a, 0xd7, 0x5a, 0xd7, 0x5a, 0xd7, 
	0x5a, 0xd7, 0x63, 0x19, 0x5a, 0xd7, 0x5a, 0xd7, 
	0x5a, 0xd7, 0x5b, 0x17, 0x5a, 0xd7, 0x5a, 0xd9, 
	0x5a, 0xd7, 0x5a, 0xd7, 0x5a, 0xd7, 0x5a, 0xd7, 
	0x5a, 0xd7, 0x5a, 0xd7, 0x63, 0x19, 0x5a, 0xd7, 
	0x5a, 0xd7, 0x5a, 0xd7, 0x5a, 0xd7, 0x5a, 0xd7, 
	0x5a, 0xd7, 0x5a, 0xd7, 0x5a, 0xd7, 0x5a, 0xd7, 
	0x5a, 0xd7, 0x5a, 0xd7, 0x5a, 0xd7, 0x5a, 0xd7, 
	0x5a, 0xd7, 0x5a, 0xd7, 0x5a, 0xd7, 0x5a, 0xd7, 
	0x5a, 0xd7, 0x5a, 0xd7, 0x5a, 0xd7, 0x5a, 0xd7, 
	0x5a, 0xd7, 0x5a, 0xd7, 0x5a, 0xd7, 0x5a, 0xd7, 
	0x5a, 0xd7, 0x5a, 0xd7, 0x5a, 0xd7, 0x5a, 0xd7, 
	0x5a, 0xd7, 0x5a, 0xd7, 0x5a, 0xd7, 0x5a, 0xd7, 
	0x5a, 0xd7, 0x5a, 0xd7, 0x5a, 0xd7, 0x5a, 0xd7, 
	0x63, 0x19, 0x63, 0x19, 0x62, 0xd7, 0x5a, 0xd7, 
	0x5a, 0xd7, 0x5a, 0xd7, 0x5a, 0xd7, 0x5a, 0xd7, 
	0x5a, 0xd7, 0x5a, 0xd7, 0x5a, 0xd7, 0x5a, 0xd7, 
	0x5a, 0xd7, 0x5a, 0xd7, 0x5a, 0xd7, 0x5a, 0xd7, 
	0x5a, 0xd7, 0x5a, 0xd7, 0x5a, 0xd7, 0x5a, 0xd7, 
	0x63, 0x19, 0x5b, 0x17, 0x63, 0x17, 0x5a, 0xd7, 
	0x5a, 0xd7, 0x5a, 0xd7, 0x5a, 0xd7, 0x5a, 0xd7, 
	0x5a, 0xd7, 0x5a, 0xd7, 0x5a, 0xd7, 0x5a, 0xd7, 
	0x5a, 0xd7, 0x5a, 0xd7, 0x5b, 0x19, 0x5a, 0xd7, 
	0x5a, 0xd7, 0x5a, 0xd7, 0x5a, 0xd7, 0x5a, 0xd7, 
	0x5a, 0xd7, 0x5a, 0xd7, 0x5a, 0xd7, 0x5a, 0xd7, 
	0x5a, 0xd7, 0x5a, 0xd7, 0x5a, 0xd7, 0x5a, 0xd7, 
	0x5a, 0xd7, 0x5a, 0xd7, 0x5a, 0xd7, 0x63, 0x19, 
	0x5a, 0xd7, 0x5a, 0xd7, 0x5a, 0xd7, 0x5a, 0xd7, 
	0x5a, 0xd7, 0x5a, 0xd7, 0x5a, 0xd7, 0x5a, 0xd7, 
	0x5a, 0xd7, 0x5a, 0xd7, 0x5a, 0xd7, 0x5a, 0xd7, 
	0x5a, 0xd7, 0x5a, 0xd7, 0x5a, 0xd7, 0x5a, 0xd7, 
	0x5a, 0xd7, 0x63, 0x19, 0x63, 0x19, 0x63, 0x19, 
	0x5a, 0xd7, 0x5a, 0xd7, 0x5a, 0xd7, 0x5a, 0xd7, 
	0x5a, 0xd7, 0x63, 0x19, 0x5a, 0xd7, 0x5a, 0xd7, 
	0x5a, 0xd7, 0x5b, 0x17, 0x5a, 0xd7, 0x5a, 0xd9, 
	0x5a, 0xd7, 0x5a, 0xd7, 0x5a, 0xd7, 0x5a, 0xd7, 
	0x5a, 0xd7, 0x5a, 0xd7, 0x63, 0x19, 0x5a, 0xd7, 
	0x5a, 0xd7, 0x5a, 0xd7, 0x5a, 0xd7, 0x5a, 0xd7, 
	0x5a, 0xd7, 0x5a, 0xd7, 0x5a, 0xd7, 0x5a, 0xd7, 
	0x5a, 0xd7, 0x5a, 0xd7, 0x5a, 0xd7, 0x5a, 0xd7, 
	0x5a, 0xd7, 0x5a, 0xd7, 0x5a, 0xd7, 0x5a, 0xd7, 
	0x5a, 0xd7, 0x5a, 0xd7, 0x5a, 0xd7, 0x5a, 0xd7, 
	0x5a, 0xd7, 0x5a, 0xd7, 0x5a, 0xd7, 0x5a, 0xd7, 
	0x5a, 0xd7, 0x5a, 0xd7, 0x5a, 0xd7, 0x5a, 0xd7, 
	0x5a, 0xd7, 0x5a, 0xd7, 0x5a, 0xd7, 0x5a, 0xd7, 
	0x5a, 0xd7, 0x5a, 0xd7, 0x5a, 0xd7, 0x5a, 0xd7, 
	0x63, 0x19, 0x63, 0x19, 0x62, 0xd7, 0x5a, 0xd7, 
	0x5a, 0xd7, 0x5a, 0xd7, 0x5a, 0xd7, 0x5a, 0xd7, 
	0x5a, 0xd7, 0x5a, 0xd7, 0x5a, 0xd7, 0x5a, 0xd7, 
	0x5a, 0xd7, 0x5a, 0xd7, 0x5a, 0xd7, 0x5a, 0xd7, 
	0x5a, 0xd7, 0x5a, 0xd7, 0x5a, 0xd7, 0x5a, 0xd7, 
	
};

Gfx INTRO_SCREEN_tile_right_0_rgba16_aligner[] = {gsSPEndDisplayList()};
u8 INTRO_SCREEN_tile_right_0_rgba16[] = {
	0xff, 0xff, 0xff, 0xff, 0xff, 0xff, 0xff, 0xff, 
	0xff, 0xff, 0xff, 0xff, 0xff, 0xff, 0xff, 0xff, 
	0xff, 0xff, 0xff, 0xff, 0xff, 0xff, 0xff, 0xff, 
	0xff, 0xff, 0xff, 0xff, 0xff, 0xff, 0xff, 0xff, 
	0xff, 0xff, 0xff, 0xff, 0xff, 0xff, 0xff, 0xff, 
	0xff, 0xff, 0xff, 0xff, 0xff, 0xff, 0xff, 0xff, 
	0xff, 0xff, 0xff, 0xff, 0xff, 0xff, 0xff, 0xff, 
	0xff, 0xff, 0xff, 0xff, 0xff, 0xff, 0xff, 0xff, 
	0xf7, 0xbd, 0xf7, 0xbd, 0xf7, 0xbd, 0xf7, 0xbd, 
	0xf7, 0xbd, 0xf7, 0xbd, 0xf7, 0xbd, 0xf7, 0xbd, 
	0xf7, 0xbd, 0xf7, 0xbd, 0xf7, 0xbd, 0xf7, 0xbd, 
	0xf7, 0xbd, 0xf7, 0xbd, 0xf7, 0xbd, 0xf7, 0xbd, 
	0xf7, 0xbd, 0xf7, 0xbd, 0xf7, 0xbd, 0xf7, 0xbd, 
	0xf7, 0xbd, 0xf7, 0xbd, 0xf7, 0xbd, 0xf7, 0xbd, 
	0xf7, 0xbd, 0xf7, 0xbd, 0xf7, 0xbd, 0xf7, 0xbd, 
	0xf7, 0xbd, 0xf7, 0xbd, 0xf7, 0xbd, 0xf7, 0xbd, 
	0xf7, 0xbd, 0xf7, 0xbd, 0xf7, 0xbd, 0xf7, 0xbd, 
	0xf7, 0xbd, 0xf7, 0xbd, 0xf7, 0xbd, 0xf7, 0xbd, 
	0xf7, 0xbd, 0xf7, 0xbd, 0xf7, 0xbd, 0xf7, 0xbd, 
	0xf7, 0xbd, 0xf7, 0xbd, 0xf7, 0xbd, 0xf7, 0xbd, 
	0xf7, 0xbd, 0xf7, 0xbd, 0xf7, 0xbd, 0xf7, 0xbd, 
	0xf7, 0xbd, 0xf7, 0xbd, 0xf7, 0xbd, 0xf7, 0xbd, 
	0xf7, 0xbd, 0xf7, 0xbd, 0xf7, 0xbd, 0xf7, 0xbd, 
	0xf7, 0xbd, 0xf7, 0xbd, 0xf7, 0xbd, 0xf7, 0xbd, 
	0xf7, 0xbd, 0xf7, 0xbd, 0xf7, 0xbd, 0xf7, 0xbd, 
	0xf7, 0xbd, 0xf7, 0xbd, 0xf7, 0xbd, 0xf7, 0xbd, 
	0xf7, 0xbd, 0xf7, 0xbd, 0xf7, 0xbd, 0xf7, 0xbd, 
	0xf7, 0xbd, 0xf7, 0xbd, 0xf7, 0xbd, 0xf7, 0xbd, 
	0xf7, 0xbd, 0xf7, 0xbd, 0xf7, 0xbd, 0xf7, 0xbd, 
	0xf7, 0xbd, 0xf7, 0xbd, 0xf7, 0xbd, 0xf7, 0xbd, 
	0xf7, 0xbd, 0xf7, 0xbd, 0xf7, 0xbd, 0xf7, 0xbd, 
	0xf7, 0xbd, 0xf7, 0xbd, 0xf7, 0xbd, 0xf7, 0xbd, 
	0xef, 0x7b, 0xef, 0x7d, 0xf7, 0x7b, 0xef, 0x7b, 
	0xef, 0x7b, 0xef, 0x7b, 0xef, 0x7b, 0xef, 0x7b, 
	0xef, 0x7b, 0xef, 0x7b, 0xef, 0x7b, 0xef, 0x7b, 
	0xef, 0x7b, 0xef, 0x7b, 0xef, 0x7b, 0xef, 0x7b, 
	0xef, 0x7b, 0xef, 0x7b, 0xef, 0x7b, 0xef, 0x7b, 
	0xef, 0x7b, 0xef, 0x7b, 0xef, 0x7b, 0xef, 0x7b, 
	0xef, 0x7b, 0xef, 0x7b, 0xef, 0x7b, 0xef, 0x7b, 
	0xef, 0x7b, 0xef, 0x7b, 0xef, 0x7b, 0xef, 0x7b, 
	0xef, 0x7b, 0xef, 0x7b, 0xef, 0x7b, 0xef, 0x7b, 
	0xef, 0x7b, 0xef, 0x7b, 0xef, 0x7b, 0xef, 0x7b, 
	0xef, 0x7b, 0xef, 0x7b, 0xef, 0x7b, 0xef, 0x7b, 
	0xef, 0x7b, 0xef, 0x7b, 0xef, 0x7b, 0xef, 0x7b, 
	0xef, 0x7b, 0xef, 0x7b, 0xef, 0x7b, 0xef, 0x7b, 
	0xef, 0x7b, 0xef, 0x7b, 0xef, 0x7b, 0xef, 0x7b, 
	0xef, 0x7b, 0xef, 0x7b, 0xef, 0x7b, 0xef, 0x7b, 
	0xef, 0x7b, 0xef, 0x7b, 0xef, 0x7b, 0xef, 0x7b, 
	0xef, 0x7b, 0xef, 0x7b, 0xef, 0x7b, 0xef, 0x7b, 
	0xef, 0x7b, 0xef, 0x7b, 0xef, 0x7b, 0xef, 0x7b, 
	0xef, 0x7b, 0xef, 0x7b, 0xef, 0x7b, 0xef, 0x7b, 
	0xef, 0x7b, 0xef, 0x7b, 0xef, 0x7b, 0xef, 0x7b, 
	0xef, 0x7b, 0xef, 0x7b, 0xef, 0x7b, 0xef, 0x7b, 
	0xef, 0x7b, 0xef, 0x7b, 0xef, 0x7b, 0xef, 0x7b, 
	0xef, 0x7b, 0xef, 0x7b, 0xef, 0x7b, 0xef, 0x7b, 
	0xef, 0x7b, 0xef, 0x7b, 0xef, 0x7b, 0xef, 0x7b, 
	0xe7, 0x39, 0xef, 0x79, 0xef, 0x7b, 0xef, 0x7b, 
	0xef, 0x39, 0xe7, 0x39, 0xe7, 0x79, 0xe7, 0x39, 
	0xe7, 0x39, 0xef, 0x79, 0xef, 0x7b, 0xe7, 0x39, 
	0xe7, 0x39, 0xe7, 0x39, 0xe7, 0x39, 0xe7, 0x39, 
	0xc6, 0x77, 0xe7, 0x39, 0xe7, 0x39, 0xe7, 0x39, 
	0xe7, 0x39, 0xe7, 0x39, 0xe7, 0x39, 0xe7, 0x39, 
	0xe7, 0x39, 0xe7, 0x39, 0xe7, 0x39, 0xe7, 0x39, 
	0xe7, 0x39, 0xe7, 0x39, 0xe7, 0x39, 0xe7, 0x39, 
	0xad, 0xf5, 0xde, 0xf9, 0xe7, 0x39, 0xe7, 0x39, 
	0xe7, 0x39, 0xe7, 0x39, 0xe7, 0x39, 0xe7, 0x39, 
	0xe7, 0x39, 0xe7, 0x39, 0xe7, 0x39, 0xe7, 0x39, 
	0xe7, 0x39, 0xe7, 0x39, 0xe7, 0x39, 0xe7, 0x39, 
	0xae, 0x37, 0xbe, 0x77, 0xe7, 0x39, 0xe7, 0x39, 
	0xe7, 0x39, 0xe7, 0x39, 0xe7, 0x39, 0xe7, 0x39, 
	0xe7, 0x39, 0xe7, 0x39, 0xe7, 0x39, 0xe7, 0x39, 
	0xe7, 0x39, 0xe7, 0x39, 0xe7, 0x39, 0xe7, 0x39, 
	0xb6, 0x37, 0xb6, 0x37, 0xde, 0xf9, 0xe7, 0x39, 
	0xe7, 0x39, 0xe7, 0x39, 0xe7, 0x39, 0xe7, 0x39, 
	0xe7, 0x39, 0xe7, 0x39, 0xe7, 0x39, 0xe7, 0x39, 
	0xe7, 0x39, 0xe7, 0x39, 0xe7, 0x39, 0xe7, 0x39, 
	0xad, 0xf7, 0xb6, 0x37, 0xde, 0xf9, 0xe7, 0x39, 
	0xe7, 0x39, 0xe7, 0x39, 0xe7, 0x39, 0xe7, 0x39, 
	0xe7, 0x39, 0xe7, 0x39, 0xe7, 0x39, 0xe7, 0x39, 
	0xe7, 0x39, 0xe7, 0x39, 0xe7, 0x39, 0xe7, 0x39, 
	0x9d, 0x73, 0xb6, 0x37, 0xd6, 0xf9, 0xde, 0xf9, 
	0xde, 0xf9, 0xdf, 0x37, 0xe7, 0x39, 0xe7, 0x39, 
	0xe7, 0x39, 0xe7, 0x39, 0xe7, 0x39, 0xe7, 0x39, 
	0xe7, 0x39, 0xe7, 0x39, 0xe7, 0x39, 0xe7, 0x39, 
	0x9d, 0x73, 0xbe, 0x37, 0xd6, 0xfb, 0xde, 0xf7, 
	0xde, 0xf7, 0xde, 0xf7, 0xde, 0xf7, 0xde, 0xf7, 
	0xde, 0xf7, 0xde, 0xf7, 0xde, 0xf7, 0xde, 0xf7, 
	0xde, 0xf7, 0xde, 0xf7, 0xde, 0xf7, 0xde, 0xf7, 
	0xa5, 0xb5, 0xbe, 0x37, 0xd6, 0xfb, 0xde, 0xf7, 
	0xde, 0xf7, 0xde, 0xf7, 0xde, 0xf7, 0xde, 0xf7, 
	0xde, 0xf7, 0xde, 0xf7, 0xde, 0xf7, 0xde, 0xf7, 
	0xde, 0xf7, 0xde, 0xf7, 0xde, 0xf7, 0xde, 0xf7, 
	0xa5, 0xb5, 0xbe, 0x79, 0xd6, 0xfb, 0xde, 0xf7, 
	0xde, 0xf7, 0xde, 0xf7, 0xde, 0xf7, 0xde, 0xf7, 
	0xde, 0xf7, 0xde, 0xf7, 0xde, 0xf7, 0xde, 0xf7, 
	0xde, 0xf7, 0xde, 0xf7, 0xde, 0xf7, 0xde, 0xf7, 
	0xad, 0xb5, 0xb6, 0x37, 0xce, 0xb9, 0xde, 0xf7, 
	0xde, 0xf7, 0xde, 0xf7, 0xde, 0xf7, 0xde, 0xf7, 
	0xde, 0xf7, 0xde, 0xf7, 0xde, 0xf7, 0xde, 0xf7, 
	0xde, 0xf7, 0xde, 0xf7, 0xde, 0xf7, 0xde, 0xf7, 
	0xad, 0xb5, 0xbe, 0x37, 0xce, 0x77, 0xde, 0xf7, 
	0xde, 0xf7, 0xde, 0xf7, 0xde, 0xf7, 0xde, 0xf7, 
	0xde, 0xf7, 0xde, 0xf7, 0xde, 0xf7, 0xde, 0xf7, 
	0xde, 0xf7, 0xde, 0xf7, 0xde, 0xf7, 0xde, 0xf7, 
	0xa5, 0xb3, 0xbe, 0x37, 0xce, 0x77, 0xde, 0xf7, 
	0xde, 0xf7, 0xde, 0xf7, 0xde, 0xf7, 0xde, 0xf7, 
	0xde, 0xf7, 0xde, 0xf7, 0xde, 0xf7, 0xde, 0xf7, 
	0xde, 0xf7, 0xde, 0xf7, 0xde, 0xf7, 0xde, 0xf7, 
	0xb6, 0x37, 0xc6, 0xb9, 0xd6, 0xb7, 0xd6, 0xf7, 
	0xde, 0xf7, 0xde, 0xf7, 0xde, 0xf7, 0xde, 0xf7, 
	0xde, 0xf7, 0xd6, 0xb5, 0xd6, 0xb5, 0xd6, 0xb5, 
	0xd6, 0xb5, 0xd6, 0xb5, 0xd6, 0xb5, 0xd6, 0xb5, 
	0xbe, 0x79, 0xce, 0xbb, 0xd6, 0xf7, 0xd6, 0xb5, 
	0xd6, 0xb5, 0xd6, 0xb5, 0xd6, 0xb5, 0xd6, 0xb5, 
	0xd6, 0xb5, 0xd6, 0xb5, 0xd6, 0xb5, 0xd6, 0xb5, 
	0xd6, 0xb5, 0xd6, 0xb5, 0xd6, 0xb5, 0xd6, 0xb5, 
	0xbe, 0x39, 0xce, 0xb9, 0xd6, 0xb5, 0xd6, 0xb5, 
	0xd6, 0xb5, 0xd6, 0xb5, 0xd6, 0xb5, 0xd6, 0xb5, 
	0xd6, 0xb5, 0xd6, 0xb5, 0xd6, 0xb5, 0xd6, 0xb5, 
	0xd6, 0xb5, 0xd6, 0xb5, 0xd6, 0xb5, 0xd6, 0xb5, 
	0xbe, 0x37, 0xce, 0xb7, 0xd6, 0xb5, 0xd6, 0xb5, 
	0xd6, 0xb5, 0xd6, 0xb5, 0xd6, 0xb5, 0xd6, 0xb5, 
	0xd6, 0xb5, 0xd6, 0xb5, 0xd6, 0xb5, 0xd6, 0xb5, 
	0xd6, 0xb5, 0xd6, 0xb5, 0xd6, 0xb5, 0xd6, 0xb5, 
	0xc6, 0x77, 0xd6, 0xb5, 0xd6, 0xb5, 0xd6, 0xb5, 
	0xd6, 0xb5, 0xd6, 0xb5, 0xd6, 0xb5, 0xd6, 0xb5, 
	0xd6, 0xb5, 0xd6, 0xb5, 0xd6, 0xb5, 0xd6, 0xb5, 
	0xd6, 0xb5, 0xd6, 0xb5, 0xd6, 0xb5, 0xd6, 0xb5, 
	0xce, 0xb7, 0xd6, 0xb5, 0xd6, 0xb5, 0xd6, 0xb5, 
	0xd6, 0xb5, 0xd6, 0xb5, 0xd6, 0xb5, 0xd6, 0xb5, 
	0xd6, 0xb5, 0xd6, 0xb5, 0xd6, 0xb5, 0xd6, 0xb5, 
	0xd6, 0xb5, 0xd6, 0xb5, 0xd6, 0xb5, 0xd6, 0xb5, 
	0xd6, 0x75, 0xd6, 0xb5, 0xd6, 0xb5, 0xd6, 0xb5, 
	0xd6, 0xb5, 0xd6, 0xb5, 0xd6, 0xb5, 0xd6, 0xb5, 
	0xd6, 0xb5, 0xd6, 0xb5, 0xd6, 0xb5, 0xd6, 0xb5, 
	0xd6, 0xb5, 0xd6, 0xb5, 0xd6, 0xb5, 0xd6, 0xb5, 
	0xce, 0x73, 0xce, 0x73, 0xce, 0x73, 0xce, 0x73, 
	0xce, 0x73, 0xce, 0x73, 0xce, 0x73, 0xce, 0x73, 
	0xce, 0x73, 0xce, 0x73, 0xce, 0x73, 0xce, 0x73, 
	0xce, 0x73, 0xce, 0x73, 0xce, 0x73, 0xce, 0x73, 
	0xce, 0x73, 0xce, 0x73, 0xce, 0x73, 0xce, 0x73, 
	0xce, 0x73, 0xce, 0x73, 0xce, 0x73, 0xce, 0x73, 
	0xce, 0x73, 0xce, 0x73, 0xce, 0x73, 0xce, 0x73, 
	0xce, 0x73, 0xce, 0x73, 0xce, 0x73, 0xce, 0x73, 
	0xce, 0x73, 0xce, 0x73, 0xce, 0x73, 0xce, 0x73, 
	0xce, 0x73, 0xce, 0x73, 0xce, 0x73, 0xce, 0x73, 
	0xce, 0x73, 0xce, 0x73, 0xce, 0x73, 0xce, 0x73, 
	0xce, 0x73, 0xce, 0x73, 0xce, 0x73, 0xce, 0x73, 
	0xce, 0x73, 0xce, 0x73, 0xce, 0x73, 0xce, 0x73, 
	0xce, 0x73, 0xce, 0x73, 0xce, 0x73, 0xce, 0x73, 
	0xce, 0x73, 0xce, 0x73, 0xce, 0x73, 0xce, 0x73, 
	0xce, 0x73, 0xce, 0x73, 0xce, 0x73, 0xce, 0x73, 
	0xce, 0x73, 0xce, 0x73, 0xce, 0x73, 0xce, 0x73, 
	0xce, 0x73, 0xce, 0x73, 0xce, 0x73, 0xce, 0x73, 
	0xce, 0x73, 0xce, 0x73, 0xce, 0x73, 0xce, 0x73, 
	0xce, 0x73, 0xce, 0x73, 0xce, 0x73, 0xce, 0x73, 
	0xce, 0x73, 0xce, 0x73, 0xce, 0x73, 0xce, 0x73, 
	0xce, 0x73, 0xce, 0x73, 0xce, 0x73, 0xce, 0x73, 
	0xce, 0x73, 0xce, 0x73, 0xce, 0x73, 0xce, 0x73, 
	0xce, 0x73, 0xce, 0x73, 0xce, 0x73, 0xce, 0x73, 
	0xc6, 0x31, 0xc6, 0x31, 0xc6, 0x31, 0xc6, 0x31, 
	0xc6, 0x31, 0xc6, 0x31, 0xc6, 0x31, 0xc6, 0x31, 
	0xc6, 0x31, 0xce, 0x31, 0xce, 0x73, 0xc6, 0x31, 
	0xc6, 0x31, 0xc6, 0x31, 0xc6, 0x31, 0xc6, 0x31, 
	0xc6, 0x31, 0xc6, 0x31, 0xc6, 0x31, 0xc6, 0x31, 
	0xc6, 0x31, 0xc6, 0x31, 0xc6, 0x31, 0xc6, 0x31, 
	0xc6, 0x31, 0xc6, 0x31, 0xc6, 0x31, 0xc6, 0x31, 
	0xc6, 0x31, 0xc6, 0x31, 0xc6, 0x31, 0xc6, 0x31, 
	0xc6, 0x31, 0xc6, 0x31, 0xc6, 0x31, 0xc6, 0x31, 
	0xc6, 0x31, 0xc6, 0x31, 0xc6, 0x31, 0xc6, 0x31, 
	0xc6, 0x31, 0xc6, 0x31, 0xc6, 0x31, 0xc6, 0x31, 
	0xc6, 0x31, 0xc6, 0x31, 0xc6, 0x31, 0xc6, 0x31, 
	0xc6, 0x31, 0xc6, 0x31, 0xc6, 0x31, 0xc6, 0x31, 
	0xc6, 0x31, 0xc6, 0x31, 0xc6, 0x31, 0xc6, 0x31, 
	0xc6, 0x31, 0xc6, 0x31, 0xc6, 0x31, 0xc6, 0x31, 
	0xc6, 0x31, 0xc6, 0x31, 0xc6, 0x31, 0xc6, 0x31, 
	0xc6, 0x31, 0xc6, 0x31, 0xc6, 0x31, 0xc6, 0x31, 
	0xc6, 0x31, 0xc6, 0x31, 0xc6, 0x31, 0xc6, 0x31, 
	0xc6, 0x31, 0xc6, 0x31, 0xc6, 0x31, 0xc6, 0x31, 
	0xc6, 0x31, 0xc6, 0x31, 0xc6, 0x31, 0xc6, 0x31, 
	0xc6, 0x31, 0xc6, 0x31, 0xc6, 0x31, 0xc6, 0x31, 
	0xc6, 0x31, 0xc6, 0x31, 0xc6, 0x31, 0xc6, 0x31, 
	0xc6, 0x31, 0xc6, 0x31, 0xc6, 0x31, 0xc6, 0x31, 
	0xc6, 0x31, 0xc6, 0x31, 0xc6, 0x31, 0xc6, 0x31, 
	0xbd, 0xef, 0xbd, 0xef, 0xbd, 0xef, 0xbd, 0xef, 
	0xbd, 0xef, 0xbd, 0xef, 0xbd, 0xef, 0xbd, 0xef, 
	0xbe, 0x31, 0xbd, 0xef, 0xbd, 0xef, 0xbd, 0xef, 
	0xbd, 0xef, 0xbd, 0xef, 0xbd, 0xef, 0xbd, 0xef, 
	0xbd, 0xef, 0xbd, 0xef, 0xbd, 0xef, 0xbd, 0xef, 
	0xbd, 0xef, 0xbd, 0xef, 0xbd, 0xef, 0xbd, 0xef, 
	0xbd, 0xef, 0xbd, 0xef, 0xbd, 0xef, 0xbd, 0xef, 
	0xbd, 0xef, 0xbd, 0xef, 0xbd, 0xef, 0xbd, 0xef, 
	0xbd, 0xef, 0xbd, 0xef, 0xbd, 0xef, 0xbd, 0xef, 
	0xbd, 0xef, 0xbd, 0xef, 0xbd, 0xef, 0xbd, 0xef, 
	0xbd, 0xef, 0xbd, 0xef, 0xbd, 0xef, 0xbd, 0xef, 
	0xbd, 0xef, 0xbd, 0xef, 0xbd, 0xef, 0xbd, 0xef, 
	0xbd, 0xef, 0xbd, 0xef, 0xbd, 0xef, 0xbd, 0xef, 
	0xbd, 0xef, 0xbd, 0xef, 0xbd, 0xef, 0xbd, 0xef, 
	0xbd, 0xef, 0xbd, 0xef, 0xbd, 0xef, 0xbd, 0xef, 
	0xbd, 0xef, 0xbd, 0xef, 0xbd, 0xef, 0xbd, 0xef, 
	0xbd, 0xef, 0xbd, 0xef, 0xbd, 0xef, 0xbd, 0xef, 
	0xbd, 0xef, 0xbd, 0xef, 0xbd, 0xef, 0xbd, 0xef, 
	0xbd, 0xef, 0xbd, 0xef, 0xbd, 0xef, 0xbd, 0xef, 
	0xbd, 0xef, 0xbd, 0xef, 0xbd, 0xef, 0xbd, 0xef, 
	0xbd, 0xef, 0xbd, 0xef, 0xbd, 0xef, 0xbd, 0xef, 
	0xbd, 0xef, 0xbd, 0xef, 0xbd, 0xef, 0xbd, 0xef, 
	0xbd, 0xef, 0xbd, 0xef, 0xbd, 0xef, 0xbd, 0xef, 
	0xbd, 0xef, 0xbd, 0xef, 0xbd, 0xef, 0xbd, 0xef, 
	0xbd, 0xef, 0xbd, 0xef, 0xbd, 0xef, 0xbd, 0xef, 
	0xbd, 0xef, 0xbd, 0xef, 0xbd, 0xef, 0xbd, 0xef, 
	0xbd, 0xef, 0xbd, 0xef, 0xbd, 0xef, 0xbd, 0xef, 
	0xbd, 0xef, 0xbd, 0xef, 0xbd, 0xef, 0xbd, 0xef, 
	0xb5, 0xad, 0xb5, 0xad, 0xbd, 0xed, 0xb5, 0xad, 
	0xb5, 0xad, 0xbd, 0xef, 0xbd, 0xef, 0xbd, 0xef, 
	0xbd, 0xef, 0xbd, 0xef, 0xbd, 0xef, 0xbd, 0xef, 
	0xbd, 0xef, 0xbd, 0xef, 0xbd, 0xef, 0xbd, 0xef, 
	0xb5, 0xad, 0xb5, 0xad, 0xb5, 0xad, 0xb5, 0xad, 
	0xb5, 0xad, 0xb5, 0xad, 0xb5, 0xad, 0xbd, 0xef, 
	0xbd, 0xef, 0xb5, 0xad, 0xb5, 0xad, 0xb5, 0xad, 
	0xb5, 0xad, 0xb5, 0xad, 0xb5, 0xad, 0xb5, 0xad, 
	0xb5, 0xad, 0xb5, 0xad, 0xb5, 0xad, 0xb5, 0xad, 
	0xb5, 0xad, 0xb5, 0xad, 0xb5, 0xad, 0xb5, 0xad, 
	0xb5, 0xad, 0xb5, 0xad, 0xb5, 0xad, 0xb5, 0xad, 
	0xb5, 0xad, 0xb5, 0xad, 0xb5, 0xad, 0xb5, 0xad, 
	0xb5, 0xad, 0xb5, 0xad, 0xb5, 0xad, 0xb5, 0xad, 
	0xb5, 0xad, 0xb5, 0xad, 0xb5, 0xad, 0xb5, 0xad, 
	0xb5, 0xad, 0xb5, 0xad, 0xb5, 0xad, 0xb5, 0xad, 
	0xb5, 0xad, 0xb5, 0xad, 0xb5, 0xad, 0xb5, 0xad, 
	0xb5, 0xad, 0xb5, 0xad, 0xb5, 0xad, 0xb5, 0xad, 
	0xb5, 0xad, 0xb5, 0xad, 0xb5, 0xad, 0xb5, 0xad, 
	0xb5, 0xad, 0xb5, 0xad, 0xb5, 0xad, 0xb5, 0xad, 
	0xb5, 0xad, 0xb5, 0xad, 0xb5, 0xad, 0xb5, 0xad, 
	0xa3, 0x9d, 0xa3, 0x19, 0xa3, 0xdf, 0xad, 0x29, 
	0xb5, 0xad, 0xb5, 0xad, 0xb5, 0xad, 0xb5, 0xad, 
	0xb5, 0xad, 0xb5, 0xad, 0xb5, 0xad, 0xb5, 0xad, 
	0xb5, 0xad, 0xb5, 0xad, 0xb5, 0xad, 0xb5, 0xad, 
	0x90, 0x01, 0x90, 0x01, 0x90, 0x43, 0x9a, 0xd7, 
	0xb5, 0x6b, 0xb5, 0xad, 0xb5, 0xad, 0xb5, 0xad, 
	0xb5, 0xad, 0xb5, 0xad, 0xb5, 0xad, 0xb5, 0xad, 
	0xb5, 0xad, 0xb5, 0xad, 0xb5, 0xad, 0xb5, 0xad, 
	0x90, 0x01, 0x90, 0x01, 0x90, 0x01, 0x99, 0x09, 
	0xad, 0x29, 0xad, 0x6b, 0xad, 0x6b, 0xad, 0x6b, 
	0xb5, 0xad, 0xad, 0x6b, 0xb5, 0xad, 0xb5, 0xad, 
	0xb5, 0xad, 0xb5, 0xad, 0xb5, 0xad, 0xb5, 0xad, 
	0x90, 0x01, 0x90, 0x01, 0x90, 0x01, 0x99, 0x4b, 
	0xad, 0x29, 0xad, 0x6b, 0xad, 0x6b, 0xad, 0x6b, 
	0xad, 0x6b, 0xad, 0x6b, 0xad, 0x6b, 0xad, 0x6b, 
	0xad, 0x6b, 0xad, 0x6b, 0xad, 0x6b, 0xad, 0x6b, 
	0x90, 0xc7, 0x90, 0x43, 0x99, 0x09, 0xa3, 0x9d, 
	0xad, 0x6b, 0xad, 0x6b, 0xad, 0x6b, 0xad, 0x6b, 
	0xad, 0x6b, 0xad, 0x6b, 0xad, 0x6b, 0xad, 0x6b, 
	0xad, 0x6b, 0xad, 0x6b, 0xad, 0x6b, 0xad, 0x6b, 
	0xa4, 0xa5, 0xa4, 0x21, 0xa4, 0xa5, 0xad, 0x6b, 
	0xad, 0x6b, 0xad, 0x6b, 0xad, 0x6b, 0xad, 0x6b, 
	0xad, 0x6b, 0xad, 0x6b, 0xad, 0x6b, 0xad, 0x6b, 
	0xad, 0x6b, 0xad, 0x6b, 0xad, 0x6b, 0xad, 0x6b, 
	
};

Gfx INTRO_SCREEN_tile_right_1_rgba16_aligner[] = {gsSPEndDisplayList()};
u8 INTRO_SCREEN_tile_right_1_rgba16[] = {
	0x90, 0x01, 0x90, 0x01, 0x90, 0x01, 0x99, 0x09, 
	0xad, 0x29, 0xad, 0x6b, 0xad, 0x6b, 0xad, 0x6b, 
	0xb5, 0xad, 0xad, 0x6b, 0xb5, 0xad, 0xb5, 0xad, 
	0xb5, 0xad, 0xb5, 0xad, 0xb5, 0xad, 0xb5, 0xad, 
	0x90, 0x01, 0x90, 0x01, 0x90, 0x01, 0x99, 0x4b, 
	0xad, 0x29, 0xad, 0x6b, 0xad, 0x6b, 0xad, 0x6b, 
	0xad, 0x6b, 0xad, 0x6b, 0xad, 0x6b, 0xad, 0x6b, 
	0xad, 0x6b, 0xad, 0x6b, 0xad, 0x6b, 0xad, 0x6b, 
	0x90, 0xc7, 0x90, 0x43, 0x99, 0x09, 0xa3, 0x9d, 
	0xad, 0x6b, 0xad, 0x6b, 0xad, 0x6b, 0xad, 0x6b, 
	0xad, 0x6b, 0xad, 0x6b, 0xad, 0x6b, 0xad, 0x6b, 
	0xad, 0x6b, 0xad, 0x6b, 0xad, 0x6b, 0xad, 0x6b, 
	0xa4, 0xa5, 0xa4, 0x21, 0xa4, 0xa5, 0xad, 0x6b, 
	0xad, 0x6b, 0xad, 0x6b, 0xad, 0x6b, 0xad, 0x6b, 
	0xad, 0x6b, 0xad, 0x6b, 0xad, 0x6b, 0xad, 0x6b, 
	0xad, 0x6b, 0xad, 0x6b, 0xad, 0x6b, 0xad, 0x6b, 
	0xad, 0x6b, 0xad, 0x6b, 0xad, 0x6b, 0xad, 0x6b, 
	0xad, 0x6b, 0xad, 0x6b, 0xad, 0x6b, 0xad, 0x6b, 
	0xad, 0x6b, 0xad, 0x6b, 0xad, 0x6b, 0xad, 0x6b, 
	0xad, 0x6b, 0xad, 0x6b, 0xad, 0x6b, 0xad, 0x6b, 
	0xad, 0x6b, 0xad, 0x6b, 0xad, 0x6b, 0xad, 0x6b, 
	0xad, 0x6b, 0xad, 0x6b, 0xad, 0x6b, 0xad, 0x6b, 
	0xad, 0x6b, 0xad, 0x6b, 0xad, 0x6b, 0xad, 0x6b, 
	0xad, 0x6b, 0xad, 0x6b, 0xad, 0x6b, 0xad, 0x6b, 
	0xad, 0x6b, 0xad, 0x6b, 0xad, 0x6b, 0xad, 0x6b, 
	0xad, 0x6b, 0xad, 0x6b, 0xad, 0x6b, 0xad, 0x6b, 
	0xad, 0x6b, 0xad, 0x6b, 0xad, 0x6b, 0xad, 0x6b, 
	0xad, 0x6b, 0xad, 0x6b, 0xad, 0x6b, 0xad, 0x6b, 
	0xad, 0x6b, 0xad, 0x6b, 0xad, 0x6b, 0xad, 0x6b, 
	0xad, 0x6b, 0xad, 0x6b, 0xa5, 0x29, 0xad, 0x6b, 
	0xad, 0x6b, 0xad, 0x6b, 0xad, 0x6b, 0xa5, 0x29, 
	0xa5, 0x29, 0xa5, 0x29, 0xa5, 0x29, 0xa5, 0x29, 
	0xad, 0x6b, 0xad, 0x6b, 0xad, 0x6b, 0xad, 0x6b, 
	0xa5, 0x2b, 0xa5, 0x29, 0xa5, 0x29, 0xa5, 0x29, 
	0xad, 0x6b, 0xad, 0x29, 0xa5, 0x29, 0xa5, 0x29, 
	0xa5, 0x29, 0xa5, 0x29, 0xa5, 0x29, 0xa5, 0x29, 
	0xa5, 0x29, 0xa5, 0x29, 0xa5, 0x29, 0xa5, 0x29, 
	0xa5, 0x29, 0xa5, 0x29, 0xa5, 0x29, 0xa5, 0x29, 
	0xa5, 0x6b, 0xa5, 0x29, 0xa5, 0x29, 0xa5, 0x29, 
	0xa5, 0x29, 0xa5, 0x29, 0xa5, 0x29, 0xa5, 0x29, 
	0xa4, 0xe7, 0xa4, 0xe7, 0xa4, 0xe9, 0xa5, 0x29, 
	0xa5, 0x29, 0xa5, 0x29, 0xa5, 0x29, 0xa5, 0x29, 
	0xa5, 0x29, 0xa5, 0x29, 0xa5, 0x29, 0xa5, 0x29, 
	0xa5, 0x29, 0xa5, 0x29, 0xa5, 0x29, 0xa5, 0x29, 
	0x99, 0x8d, 0x91, 0x09, 0x99, 0xcf, 0x9c, 0x21, 
	0xa5, 0x29, 0xa5, 0x29, 0xa5, 0x29, 0xa5, 0x29, 
	0xa5, 0x29, 0xa5, 0x29, 0xa5, 0x29, 0xa5, 0x29, 
	0xa5, 0x29, 0xa5, 0x29, 0xa5, 0x29, 0xa5, 0x29, 
	0x90, 0x01, 0x90, 0x01, 0x90, 0x01, 0x99, 0x8d, 
	0xa4, 0xe7, 0xa5, 0x29, 0xa5, 0x29, 0xa5, 0x29, 
	0xa5, 0x29, 0xa5, 0x29, 0xa5, 0x29, 0xa5, 0x29, 
	0xa5, 0x29, 0xa5, 0x29, 0xa5, 0x29, 0xa5, 0x29, 
	0x90, 0x01, 0x90, 0x01, 0x90, 0x01, 0x91, 0x09, 
	0x9c, 0xa5, 0xa5, 0x29, 0x9c, 0xe9, 0xa5, 0x29, 
	0xa5, 0x29, 0xa5, 0x29, 0xa5, 0x29, 0xa5, 0x29, 
	0xa5, 0x29, 0xa5, 0x29, 0xa5, 0x29, 0xa5, 0x29, 
	0x90, 0x01, 0x90, 0x01, 0x90, 0x01, 0x99, 0xcf, 
	0x9c, 0xe7, 0x9c, 0xe7, 0x9c, 0xe7, 0x9c, 0xe7, 
	0x9c, 0xe7, 0x9c, 0xe7, 0x9c, 0xe7, 0x9c, 0xe7, 
	0x9c, 0xe7, 0x9c, 0xe7, 0x9c, 0xe7, 0x9c, 0xe7, 
	0x9a, 0x11, 0x91, 0x4b, 0x9a, 0x53, 0x9c, 0x21, 
	0x9c, 0xe7, 0x9c, 0xe7, 0x9c, 0xe7, 0x9c, 0xe7, 
	0x9c, 0xe7, 0x9c, 0xe7, 0x9c, 0xe7, 0x9c, 0xe7, 
	0x9c, 0xe7, 0x9c, 0xe7, 0x9c, 0xe7, 0x9c, 0xe7, 
	0x9c, 0xe7, 0x9c, 0xa5, 0x9c, 0xe7, 0x9c, 0xe7, 
	0x9c, 0xe7, 0x9c, 0xe7, 0x9c, 0xe7, 0x9c, 0xe7, 
	0x9c, 0xe7, 0x9c, 0xe7, 0x9c, 0xe7, 0x9c, 0xe7, 
	0x9c, 0xe7, 0x9c, 0xe7, 0x9c, 0xe7, 0x9c, 0xe7, 
	0x9c, 0xe7, 0x9c, 0xe7, 0x9c, 0xe7, 0x9c, 0xe7, 
	0x9c, 0xe7, 0x9c, 0xe7, 0x9c, 0xe7, 0x9c, 0xe7, 
	0x9c, 0xe7, 0x9c, 0xe7, 0x9c, 0xe7, 0x9c, 0xe7, 
	0x9c, 0xe7, 0x9c, 0xe7, 0x9c, 0xe7, 0x9c, 0xe7, 
	0x9c, 0xe7, 0x9c, 0xe7, 0x9c, 0xe7, 0x9c, 0xe7, 
	0x9c, 0xe7, 0x9c, 0xe7, 0x9c, 0xe7, 0x9c, 0xe7, 
	0x9c, 0xe7, 0x9c, 0xe7, 0x9c, 0xe7, 0x9c, 0xe7, 
	0x9c, 0xe7, 0x9c, 0xe7, 0x9c, 0xe7, 0x9c, 0xe7, 
	0x94, 0xa5, 0x9c, 0xe7, 0x9c, 0xe7, 0x9c, 0xe7, 
	0x9c, 0xe7, 0x9c, 0xe7, 0x9c, 0xe7, 0x9c, 0xe7, 
	0x9c, 0xe7, 0x9c, 0xe7, 0x9c, 0xe7, 0x94, 0xa5, 
	0x94, 0xa5, 0x94, 0xa5, 0x94, 0xa5, 0x94, 0xa5, 
	0x94, 0xa5, 0x94, 0xa5, 0x94, 0xa5, 0x94, 0xa5, 
	0x94, 0xa5, 0x94, 0xa5, 0x94, 0xe7, 0x94, 0xa5, 
	0x94, 0xa5, 0x94, 0xa5, 0x94, 0xa5, 0x94, 0xa5, 
	0x94, 0xa5, 0x94, 0xa5, 0x94, 0xa5, 0x94, 0xa5, 
	0x94, 0xa5, 0x94, 0xa5, 0x94, 0xa5, 0x94, 0xa5, 
	0x94, 0xa5, 0x94, 0xa5, 0x94, 0xa5, 0x94, 0xa5, 
	0x94, 0xa5, 0x94, 0xa5, 0x94, 0xa5, 0x94, 0xa5, 
	0x94, 0xa5, 0x94, 0xa5, 0x94, 0xa5, 0x94, 0xa5, 
	0x94, 0xa5, 0x94, 0xa5, 0x94, 0xa5, 0x94, 0xa5, 
	0x94, 0xa5, 0x94, 0xa5, 0x94, 0xa5, 0x94, 0xa5, 
	0x94, 0xa5, 0x94, 0xa5, 0x94, 0xa5, 0x94, 0xa5, 
	0x94, 0xa5, 0x94, 0xa5, 0x94, 0xa5, 0x94, 0xa5, 
	0x94, 0xa5, 0x94, 0xa5, 0x94, 0xa5, 0x94, 0xa5, 
	0x94, 0xa5, 0x94, 0xa5, 0x94, 0xa5, 0x94, 0xa5, 
	0x94, 0xa5, 0x94, 0xa5, 0x94, 0xa5, 0x94, 0xa5, 
	0x94, 0xa5, 0x94, 0xa5, 0x94, 0xa5, 0x94, 0xa5, 
	0x94, 0xa5, 0x94, 0xa5, 0x94, 0xa5, 0x94, 0xa5, 
	0x94, 0xa5, 0x94, 0xa5, 0x94, 0xa5, 0x94, 0xa5, 
	0x94, 0xa5, 0x94, 0xa5, 0x94, 0xa5, 0x94, 0xa5, 
	0x94, 0xa5, 0x94, 0xa5, 0x94, 0xa5, 0x94, 0xa5, 
	0x94, 0xa5, 0x94, 0xa5, 0x94, 0xa5, 0x94, 0xa5, 
	0x94, 0xa5, 0x94, 0xa5, 0x94, 0xa5, 0x94, 0xa5, 
	0x94, 0xa5, 0x94, 0xa5, 0x94, 0xa5, 0x94, 0xa5, 
	0x94, 0xa5, 0x94, 0xa5, 0x94, 0xa5, 0x94, 0xa5, 
	0x8c, 0x63, 0x8c, 0x63, 0x8c, 0x63, 0x8c, 0x63, 
	0x94, 0xa5, 0x8c, 0x63, 0x8c, 0x63, 0x8c, 0x63, 
	0x8c, 0x63, 0x8c, 0x63, 0x8c, 0x63, 0x8c, 0x63, 
	0x8c, 0x63, 0x8c, 0x63, 0x8c, 0x63, 0x8c, 0x63, 
	0x8c, 0x63, 0x8c, 0x63, 0x8c, 0x63, 0x8c, 0x63, 
	0x8c, 0x63, 0x8c, 0x63, 0x8c, 0x63, 0x8c, 0x63, 
	0x8c, 0x63, 0x8c, 0x63, 0x8c, 0x63, 0x8c, 0x63, 
	0x8c, 0x63, 0x8c, 0x63, 0x8c, 0x63, 0x8c, 0x63, 
	0x8c, 0x63, 0x8c, 0x63, 0x8c, 0x63, 0x8c, 0x63, 
	0x8c, 0x63, 0x8c, 0x63, 0x8c, 0x63, 0x8c, 0x63, 
	0x8c, 0x63, 0x8c, 0x63, 0x8c, 0x63, 0x8c, 0x63, 
	0x8c, 0x63, 0x8c, 0x63, 0x8c, 0x63, 0x8c, 0x63, 
	0x8c, 0x63, 0x8c, 0x63, 0x8c, 0x63, 0x8c, 0x63, 
	0x8c, 0x63, 0x8c, 0x63, 0x8c, 0x63, 0x8c, 0x63, 
	0x8c, 0x63, 0x8c, 0x63, 0x8c, 0x63, 0x8c, 0x63, 
	0x8c, 0x63, 0x8c, 0x63, 0x8c, 0x63, 0x8c, 0x63, 
	0x8c, 0x63, 0x8c, 0x63, 0x8c, 0x63, 0x8c, 0x63, 
	0x8c, 0x63, 0x8c, 0x63, 0x8c, 0x63, 0x8c, 0x63, 
	0x8c, 0x63, 0x8c, 0x63, 0x8c, 0x63, 0x8c, 0x63, 
	0x8c, 0x63, 0x8c, 0x63, 0x8c, 0x63, 0x8c, 0x63, 
	0x84, 0x21, 0x84, 0x21, 0x84, 0x21, 0x84, 0x21, 
	0x84, 0x21, 0x84, 0x21, 0x84, 0x21, 0x84, 0x21, 
	0x8c, 0x63, 0x8c, 0x63, 0x8c, 0x63, 0x8c, 0x63, 
	0x8c, 0x63, 0x8c, 0x63, 0x8c, 0x63, 0x8c, 0x63, 
	0x84, 0x21, 0x84, 0x21, 0x84, 0x21, 0x84, 0x21, 
	0x84, 0x21, 0x84, 0x21, 0x84, 0x21, 0x84, 0x21, 
	0x84, 0x21, 0x84, 0x21, 0x84, 0x21, 0x84, 0x21, 
	0x84, 0x21, 0x84, 0x21, 0x84, 0x21, 0x84, 0x21, 
	0x84, 0x21, 0x84, 0x21, 0x84, 0x21, 0x84, 0x21, 
	0x84, 0x21, 0x84, 0x21, 0x84, 0x21, 0x84, 0x21, 
	0x84, 0x21, 0x84, 0x21, 0x84, 0x21, 0x84, 0x21, 
	0x84, 0x21, 0x84, 0x21, 0x84, 0x21, 0x84, 0x21, 
	0x84, 0x21, 0x84, 0x21, 0x84, 0x21, 0x84, 0x21, 
	0x84, 0x21, 0x84, 0x21, 0x84, 0x21, 0x84, 0x21, 
	0x84, 0x21, 0x84, 0x21, 0x84, 0x21, 0x84, 0x21, 
	0x84, 0x21, 0x84, 0x21, 0x84, 0x21, 0x84, 0x21, 
	0x84, 0x21, 0x84, 0x21, 0x84, 0x21, 0x84, 0x21, 
	0x84, 0x21, 0x84, 0x21, 0x84, 0x21, 0x84, 0x21, 
	0x84, 0x21, 0x84, 0x21, 0x84, 0x21, 0x84, 0x21, 
	0x84, 0x21, 0x84, 0x21, 0x84, 0x21, 0x84, 0x21, 
	0x84, 0x21, 0x84, 0x21, 0x84, 0x21, 0x84, 0x21, 
	0x84, 0x21, 0x84, 0x21, 0x84, 0x21, 0x84, 0x21, 
	0x84, 0x21, 0x84, 0x21, 0x84, 0x21, 0x84, 0x21, 
	0x84, 0x21, 0x84, 0x21, 0x84, 0x21, 0x84, 0x21, 
	0x84, 0x21, 0x84, 0x21, 0x84, 0x21, 0x84, 0x21, 
	0x84, 0x21, 0x84, 0x21, 0x84, 0x21, 0x84, 0x21, 
	0x7b, 0xdf, 0x7b, 0xdf, 0x7b, 0xdf, 0x7b, 0xdf, 
	0x7b, 0xdf, 0x7b, 0xdf, 0x7b, 0xdf, 0x7b, 0xdf, 
	0x7b, 0xdf, 0x7b, 0xdf, 0x7b, 0xdf, 0x7b, 0xdf, 
	0x7b, 0xdf, 0x7b, 0xdf, 0x7b, 0xdf, 0x7b, 0xdf, 
	0x7b, 0xdf, 0x7b, 0xdf, 0x7b, 0xdf, 0x7b, 0xdf, 
	0x7b, 0xdf, 0x7b, 0xdf, 0x7b, 0xdf, 0x7b, 0xdf, 
	0x7b, 0xdf, 0x7b, 0xdf, 0x7b, 0xdf, 0x7b, 0xdf, 
	0x7b, 0xdf, 0x7b, 0xdf, 0x7b, 0xdf, 0x7b, 0xdf, 
	0x7b, 0xdf, 0x7b, 0xdf, 0x7b, 0xdf, 0x7b, 0xdf, 
	0x7b, 0xdf, 0x7b, 0xdf, 0x7b, 0xdf, 0x7b, 0xdf, 
	0x7b, 0xdf, 0x7b, 0xdf, 0x7b, 0xdf, 0x7b, 0xdf, 
	0x7b, 0xdf, 0x7b, 0xdf, 0x7b, 0xdf, 0x7b, 0xdf, 
	0x7b, 0xdf, 0x7b, 0xdf, 0x7b, 0xdf, 0x7b, 0xdf, 
	0x7b, 0xdf, 0x7b, 0xdf, 0x7b, 0xdf, 0x7b, 0xdf, 
	0x7b, 0xdf, 0x7b, 0xdf, 0x7b, 0xdf, 0x7b, 0xdf, 
	0x7b, 0xdf, 0x7b, 0xdf, 0x7b, 0xdf, 0x7b, 0xdf, 
	0x7b, 0xdf, 0x7b, 0xdf, 0x7b, 0xdf, 0x7b, 0xdf, 
	0x7b, 0xdf, 0x7b, 0xdf, 0x7b, 0xdf, 0x7b, 0xdf, 
	0x7b, 0xdf, 0x7b, 0xdf, 0x7b, 0xdf, 0x7b, 0xdf, 
	0x7b, 0xdf, 0x7b, 0xdf, 0x7b, 0xdf, 0x7b, 0xdf, 
	0x7b, 0xdf, 0x7b, 0xdf, 0x7b, 0xdf, 0x7b, 0xdf, 
	0x7b, 0xdf, 0x7b, 0xdf, 0x7b, 0xdf, 0x7b, 0xdf, 
	0x7b, 0xdf, 0x7b, 0xdf, 0x7b, 0xdf, 0x7b, 0xdf, 
	0x7b, 0xdf, 0x7b, 0xdf, 0x7b, 0xdf, 0x7b, 0xdf, 
	0x7b, 0xdf, 0x7b, 0xdf, 0x7b, 0xdf, 0x7b, 0xdf, 
	0x7b, 0xdf, 0x7b, 0xdf, 0x7b, 0xdf, 0x7b, 0xdf, 
	0x73, 0x9d, 0x73, 0x9d, 0x73, 0x9d, 0x73, 0x9d, 
	0x73, 0x9d, 0x73, 0x9d, 0x73, 0x9d, 0x73, 0x9d, 
	0x73, 0x9d, 0x73, 0x9d, 0x73, 0x9d, 0x73, 0x9d, 
	0x73, 0x9d, 0x73, 0x9d, 0x73, 0x9d, 0x73, 0x9d, 
	0x73, 0x9d, 0x73, 0x9d, 0x73, 0x9d, 0x73, 0x9d, 
	0x73, 0x9d, 0x73, 0x9d, 0x73, 0x9d, 0x73, 0x9d, 
	0x73, 0x9d, 0x73, 0x9d, 0x73, 0x9d, 0x73, 0x9d, 
	0x73, 0x9d, 0x73, 0x9d, 0x73, 0x9d, 0x73, 0x9d, 
	0x73, 0x9d, 0x73, 0x9d, 0x73, 0x9d, 0x73, 0x9d, 
	0x73, 0x9d, 0x73, 0x9d, 0x73, 0x9d, 0x73, 0x9d, 
	0x73, 0x9d, 0x73, 0x9d, 0x73, 0x9d, 0x73, 0x9d, 
	0x73, 0x9d, 0x73, 0x9d, 0x73, 0x9d, 0x73, 0x9d, 
	0x73, 0x9d, 0x73, 0x9d, 0x73, 0x9d, 0x73, 0x9d, 
	0x73, 0x9d, 0x73, 0x9d, 0x73, 0x9d, 0x73, 0x9d, 
	0x73, 0x9d, 0x73, 0x9d, 0x73, 0x9d, 0x73, 0x9d, 
	0x73, 0x9d, 0x73, 0x9d, 0x73, 0x9d, 0x73, 0x9d, 
	0x73, 0x9d, 0x73, 0x9d, 0x73, 0x9d, 0x73, 0x9d, 
	0x73, 0x9d, 0x73, 0x9d, 0x73, 0x9d, 0x73, 0x9d, 
	0x73, 0x9d, 0x73, 0x9d, 0x73, 0x9d, 0x73, 0x9d, 
	0x73, 0x9d, 0x73, 0x9d, 0x73, 0x9d, 0x73, 0x9d, 
	0x73, 0x9d, 0x73, 0x9d, 0x73, 0x9d, 0x73, 0x9d, 
	0x73, 0x9d, 0x73, 0x9d, 0x73, 0x9d, 0x73, 0x9d, 
	0x73, 0x9d, 0x73, 0x9d, 0x73, 0x9d, 0x73, 0x9d, 
	0x73, 0x9d, 0x73, 0x9d, 0x73, 0x9d, 0x73, 0x9d, 
	0x6b, 0x5b, 0x6b, 0x5b, 0x6b, 0x5b, 0x73, 0x9d, 
	0x73, 0x5d, 0x73, 0x9d, 0x73, 0x9d, 0x73, 0x9b, 
	0x6b, 0x5b, 0x6b, 0x5b, 0x6b, 0x5b, 0x6b, 0x5b, 
	0x6b, 0x5b, 0x6b, 0x5b, 0x6b, 0x5b, 0x6b, 0x5b, 
	0x6b, 0x5b, 0x6b, 0x5b, 0x6b, 0x5b, 0x6b, 0x5b, 
	0x73, 0x9d, 0x73, 0x9d, 0x73, 0x9d, 0x73, 0x9d, 
	0x6b, 0x5b, 0x6b, 0x5b, 0x6b, 0x5b, 0x6b, 0x5b, 
	0x6b, 0x5b, 0x6b, 0x5b, 0x6b, 0x5b, 0x6b, 0x5b, 
	0x6b, 0x5b, 0x6b, 0x5b, 0x6b, 0x5b, 0x6b, 0x5b, 
	0x6b, 0x5b, 0x6b, 0x5b, 0x6b, 0x5b, 0x6b, 0x5b, 
	0x6b, 0x5b, 0x6b, 0x5b, 0x6b, 0x5b, 0x6b, 0x5b, 
	0x6b, 0x5b, 0x6b, 0x5b, 0x6b, 0x5b, 0x6b, 0x5b, 
	0x6b, 0x5b, 0x6b, 0x5b, 0x6b, 0x5b, 0x6b, 0x5b, 
	0x6b, 0x5b, 0x6b, 0x5b, 0x6b, 0x5b, 0x6b, 0x5b, 
	0x6b, 0x5b, 0x6b, 0x5b, 0x6b, 0x5b, 0x6b, 0x5b, 
	0x6b, 0x5b, 0x6b, 0x5b, 0x6b, 0x5b, 0x6b, 0x5b, 
	0x6b, 0x5b, 0x6b, 0x5b, 0x6b, 0x5b, 0x6b, 0x5b, 
	0x6b, 0x5b, 0x6b, 0x5b, 0x6b, 0x5b, 0x6b, 0x5b, 
	0x6b, 0x5b, 0x6b, 0x5b, 0x6b, 0x5b, 0x6b, 0x5b, 
	0x6b, 0x5b, 0x6b, 0x5b, 0x6b, 0x5b, 0x6b, 0x5b, 
	0x6b, 0x5b, 0x6b, 0x5b, 0x6b, 0x5b, 0x6b, 0x5b, 
	0x6b, 0x5b, 0x6b, 0x5b, 0x6b, 0x5b, 0x6b, 0x5b, 
	0x6b, 0x5b, 0x6b, 0x5b, 0x6b, 0x5b, 0x6b, 0x5b, 
	0x6b, 0x5b, 0x6b, 0x5b, 0x6b, 0x5b, 0x6b, 0x5b, 
	0x6b, 0x5b, 0x6b, 0x5b, 0x6b, 0x5b, 0x6b, 0x5b, 
	0x6b, 0x5b, 0x6b, 0x5b, 0x6b, 0x5b, 0x6b, 0x5b, 
	0x6b, 0x5b, 0x6b, 0x5b, 0x6b, 0x5b, 0x6b, 0x5b, 
	0x6b, 0x5b, 0x6b, 0x5b, 0x6b, 0x5b, 0x6b, 0x5b, 
	0x6b, 0x5b, 0x6b, 0x5b, 0x6b, 0x5b, 0x6b, 0x5b, 
	0x6b, 0x5b, 0x6b, 0x5b, 0x6b, 0x5b, 0x63, 0x19, 
	0x63, 0x19, 0x63, 0x19, 0x63, 0x19, 0x63, 0x19, 
	0x63, 0x19, 0x63, 0x19, 0x63, 0x19, 0x63, 0x19, 
	0x6b, 0x5b, 0x6b, 0x5b, 0x6b, 0x5b, 0x6b, 0x5b, 
	0x6b, 0x5b, 0x6b, 0x5b, 0x63, 0x19, 0x63, 0x19, 
	0x63, 0x19, 0x63, 0x19, 0x63, 0x19, 0x63, 0x19, 
	0x63, 0x19, 0x63, 0x19, 0x63, 0x19, 0x63, 0x19, 
	0x63, 0x19, 0x63, 0x19, 0x63, 0x19, 0x63, 0x19, 
	0x63, 0x19, 0x63, 0x19, 0x63, 0x19, 0x63, 0x19, 
	0x63, 0x19, 0x63, 0x19, 0x63, 0x19, 0x63, 0x19, 
	0x63, 0x19, 0x63, 0x19, 0x63, 0x19, 0x63, 0x19, 
	0x63, 0x19, 0x63, 0x19, 0x63, 0x19, 0x63, 0x19, 
	0x63, 0x19, 0x63, 0x19, 0x63, 0x19, 0x63, 0x19, 
	0x63, 0x19, 0x63, 0x19, 0x63, 0x19, 0x63, 0x19, 
	0x63, 0x19, 0x63, 0x19, 0x63, 0x19, 0x63, 0x19, 
	0x63, 0x19, 0x63, 0x19, 0x63, 0x19, 0x63, 0x19, 
	0x63, 0x19, 0x63, 0x19, 0x63, 0x19, 0x63, 0x19, 
	0x63, 0x19, 0x63, 0x19, 0x63, 0x19, 0x63, 0x19, 
	0x63, 0x19, 0x63, 0x19, 0x63, 0x19, 0x63, 0x19, 
	0x63, 0x19, 0x63, 0x19, 0x63, 0x19, 0x63, 0x19, 
	0x63, 0x19, 0x63, 0x19, 0x63, 0x19, 0x63, 0x19, 
	0x63, 0x19, 0x63, 0x19, 0x63, 0x19, 0x63, 0x19, 
	0x63, 0x19, 0x63, 0x19, 0x63, 0x19, 0x63, 0x19, 
	0x63, 0x19, 0x63, 0x19, 0x63, 0x19, 0x63, 0x19, 
	0x63, 0x19, 0x63, 0x19, 0x63, 0x19, 0x63, 0x19, 
	0x63, 0x19, 0x63, 0x19, 0x63, 0x19, 0x63, 0x19, 
	0x63, 0x19, 0x63, 0x19, 0x63, 0x19, 0x63, 0x19, 
	
};

Gfx INTRO_SCREEN_tile_corner_rgba16_aligner[] = {gsSPEndDisplayList()};
u8 INTRO_SCREEN_tile_corner_rgba16[] = {
	0x63, 0x19, 0x63, 0x19, 0x63, 0x19, 0x63, 0x19, 
	0x63, 0x19, 0x63, 0x19, 0x63, 0x19, 0x63, 0x19, 
	0x63, 0x19, 0x63, 0x19, 0x63, 0x19, 0x63, 0x19, 
	0x63, 0x19, 0x63, 0x19, 0x63, 0x19, 0x63, 0x19, 
	0x63, 0x19, 0x63, 0x19, 0x63, 0x19, 0x63, 0x19, 
	0x63, 0x19, 0x63, 0x19, 0x63, 0x19, 0x63, 0x19, 
	0x63, 0x19, 0x63, 0x19, 0x63, 0x19, 0x63, 0x19, 
	0x63, 0x19, 0x63, 0x19, 0x63, 0x19, 0x63, 0x19, 
	0x63, 0x19, 0x63, 0x19, 0x63, 0x19, 0x63, 0x19, 
	0x63, 0x19, 0x63, 0x19, 0x63, 0x19, 0x63, 0x19, 
	0x63, 0x19, 0x63, 0x19, 0x63, 0x19, 0x63, 0x19, 
	0x63, 0x19, 0x63, 0x19, 0x63, 0x19, 0x63, 0x19, 
	0x63, 0x19, 0x63, 0x19, 0x63, 0x19, 0x63, 0x19, 
	0x63, 0x19, 0x63, 0x19, 0x63, 0x19, 0x63, 0x19, 
	0x63, 0x19, 0x63, 0x19, 0x63, 0x19, 0x63, 0x19, 
	0x63, 0x19, 0x63, 0x19, 0x63, 0x19, 0x63, 0x19, 
	0x5a, 0xd7, 0x5a, 0xd7, 0x63, 0x19, 0x63, 0x19, 
	0x63, 0x19, 0x63, 0x19, 0x63, 0x19, 0x63, 0x19, 
	0x63, 0x19, 0x5a, 0xd7, 0x5a, 0xd7, 0x5a, 0xd7, 
	0x5a, 0xd7, 0x5a, 0xd7, 0x5a, 0xd7, 0x5a, 0xd7, 
	0x5a, 0xd7, 0x5a, 0xd7, 0x5a, 0xd7, 0x5a, 0xd7, 
	0x5a, 0xd7, 0x5a, 0xd7, 0x5a, 0xd7, 0x5a, 0xd7, 
	0x5a, 0xd7, 0x5a, 0xd7, 0x5a, 0xd7, 0x5a, 0xd7, 
	0x5a, 0xd7, 0x5a, 0xd7, 0x5a, 0xd7, 0x5a, 0xd7, 
	0x5a, 0xd7, 0x5a, 0xd7, 0x5a, 0xd7, 0x5a, 0xd7, 
	0x5a, 0xd7, 0x5a, 0xd7, 0x5a, 0xd7, 0x5a, 0xd7, 
	0x5a, 0xd7, 0x5a, 0xd7, 0x5a, 0xd7, 0x5a, 0xd7, 
	0x5a, 0xd7, 0x5a, 0xd7, 0x5a, 0xd7, 0x5a, 0xd7, 
	0x5a, 0xd7, 0x5a, 0xd7, 0x5a, 0xd7, 0x5a, 0xd7, 
	0x5a, 0xd7, 0x5a, 0xd7, 0x5a, 0xd7, 0x5a, 0xd7, 
	0x5a, 0xd7, 0x5a, 0xd7, 0x5a, 0xd7, 0x5a, 0xd7, 
	0x5a, 0xd7, 0x5a, 0xd7, 0x5a, 0xd7, 0x5a, 0xd7, 
	
};

Gfx INTRO_SCREEN_PaintedMetal016_1K_PNG_Color_64x64_i8_aligner[] = {gsSPEndDisplayList()};
u8 INTRO_SCREEN_PaintedMetal016_1K_PNG_Color_64x64_i8[] = {
	0xc6, 0xaf, 0x69, 0x0d, 0x25, 0x38, 0x3e, 0x3d, 
	0x38, 0x49, 0x36, 0x3c, 0x31, 0x2f, 0x44, 0x68, 
	0xa2, 0xa6, 0x7f, 0x22, 0x14, 0x0f, 0x7a, 0xae, 
	0xb1, 0xa7, 0x88, 0x26, 0x3b, 0x36, 0x61, 0x6e, 
	0x5f, 0x54, 0x53, 0x2f, 0x35, 0x34, 0x5d, 0x69, 
	0x94, 0x9c, 0x77, 0x14, 0x13, 0x17, 0x8b, 0xd3, 
	0xc8, 0xbc, 0x92, 0x08, 0x09, 0x0a, 0x80, 0x9d, 
	0x8e, 0xb6, 0x93, 0x28, 0x1f, 0x12, 0x8d, 0xbb, 
	0x9c, 0x7c, 0x70, 0x67, 0x3b, 0x3e, 0x34, 0x3b, 
	0x3c, 0x3d, 0x37, 0x40, 0x2f, 0x27, 0x38, 0x41, 
	0x91, 0xae, 0xb4, 0x6d, 0x12, 0x10, 0x11, 0x73, 
	0xa5, 0x96, 0xaf, 0x73, 0x34, 0x34, 0x24, 0x4e, 
	0x4c, 0x50, 0x6a, 0x51, 0x44, 0x45, 0x3a, 0x49, 
	0xaa, 0xa7, 0xc0, 0x8c, 0x17, 0x14, 0x18, 0x8a, 
	0xa5, 0xc3, 0xd5, 0x8e, 0x0b, 0x21, 0x12, 0x5b, 
	0xb4, 0xc2, 0xb7, 0x8b, 0x1a, 0x19, 0x1e, 0x83, 
	0x4a, 0x39, 0x35, 0x7f, 0x4b, 0x3c, 0x45, 0x36, 
	0x36, 0x37, 0x45, 0x42, 0x63, 0x19, 0x26, 0x26, 
	0x69, 0xbe, 0xaf, 0x9e, 0x68, 0x15, 0x1b, 0x25, 
	0x4d, 0x60, 0x71, 0x74, 0x4e, 0x2e, 0x1e, 0x43, 
	0x43, 0x47, 0x52, 0x5b, 0x46, 0x44, 0x41, 0x2f, 
	0x90, 0xb4, 0xc7, 0xc8, 0x8b, 0x14, 0x0f, 0x18, 
	0x70, 0xc7, 0xdb, 0xcd, 0x89, 0x16, 0x16, 0x17, 
	0x8f, 0xd0, 0x9d, 0xc4, 0x6b, 0x1c, 0x23, 0x1b, 
	0x31, 0x3a, 0x34, 0x4d, 0x54, 0x49, 0x49, 0x3a, 
	0x3a, 0x41, 0x46, 0x57, 0x93, 0x6f, 0x1c, 0x19, 
	0x14, 0x84, 0x9c, 0x86, 0x92, 0x66, 0x28, 0x34, 
	0x35, 0x3f, 0x6c, 0x5e, 0x53, 0x5d, 0x25, 0x44, 
	0x3c, 0x41, 0x4e, 0x46, 0x4b, 0x4a, 0x36, 0x26, 
	0x18, 0x7b, 0xb3, 0xbb, 0xb5, 0x72, 0x0c, 0x12, 
	0x13, 0x88, 0xce, 0xcb, 0xce, 0x89, 0x16, 0x13, 
	0x0a, 0x82, 0x9f, 0xa9, 0x9a, 0x58, 0x20, 0x31, 
	0x44, 0x3f, 0x3d, 0x40, 0x43, 0x46, 0x4d, 0x4a, 
	0x47, 0x46, 0x51, 0x88, 0xaa, 0xcb, 0x7e, 0x17, 
	0x1c, 0x1a, 0x59, 0x44, 0x53, 0x69, 0x50, 0x33, 
	0x29, 0x38, 0x50, 0x3c, 0x73, 0x86, 0x75, 0x40, 
	0x3d, 0x3e, 0x42, 0x3e, 0x45, 0x66, 0x5d, 0x24, 
	0x19, 0x1e, 0x70, 0xa3, 0x94, 0x87, 0x73, 0x43, 
	0x43, 0x29, 0x8c, 0xab, 0xb7, 0xa1, 0x60, 0x2d, 
	0x15, 0x20, 0x6d, 0x83, 0x72, 0x3c, 0x42, 0x3c, 
	0x3d, 0x3a, 0x38, 0x3a, 0x3d, 0x4c, 0x56, 0x50, 
	0x43, 0x4b, 0x49, 0x62, 0xb0, 0xd1, 0xb4, 0x7d, 
	0x1e, 0x29, 0x3b, 0x41, 0x40, 0x3a, 0x43, 0x32, 
	0x2e, 0x36, 0x3a, 0x3c, 0x65, 0x7e, 0x65, 0x4c, 
	0x3a, 0x3f, 0x3d, 0x3d, 0x4c, 0x71, 0x82, 0x6f, 
	0x1e, 0x32, 0x2d, 0x4f, 0x57, 0x5b, 0x5c, 0x39, 
	0x43, 0x20, 0x3a, 0x39, 0x45, 0x69, 0x75, 0x4d, 
	0x29, 0x3b, 0x39, 0x44, 0x39, 0x43, 0x3c, 0x38, 
	0x38, 0x3b, 0x38, 0x36, 0x37, 0x45, 0x59, 0x4c, 
	0x42, 0x3e, 0x41, 0x42, 0x88, 0xc5, 0xb4, 0x92, 
	0x66, 0x2b, 0x3a, 0x3e, 0x3f, 0x38, 0x38, 0x3a, 
	0x37, 0x37, 0x36, 0x38, 0x47, 0x55, 0x35, 0x3c, 
	0x35, 0x35, 0x3c, 0x3d, 0x4f, 0x70, 0x63, 0x75, 
	0x63, 0x22, 0x31, 0x3f, 0x5f, 0x3a, 0x3c, 0x3c, 
	0x39, 0x39, 0x39, 0x42, 0x40, 0x44, 0x71, 0x56, 
	0x3f, 0x35, 0x38, 0x42, 0x40, 0x3b, 0x34, 0x33, 
	0x38, 0x38, 0x35, 0x33, 0x35, 0x3e, 0x3d, 0x39, 
	0x45, 0x42, 0x43, 0x44, 0x1b, 0x7f, 0xb0, 0x85, 
	0x86, 0x48, 0x39, 0x4a, 0x31, 0x33, 0x36, 0x36, 
	0x4b, 0x31, 0x32, 0x31, 0x34, 0x40, 0x38, 0x35, 
	0x34, 0x35, 0x3d, 0x3a, 0x46, 0x50, 0x55, 0x5b, 
	0x7c, 0x73, 0x36, 0x3d, 0x45, 0x3a, 0x53, 0x5a, 
	0x7a, 0x86, 0x34, 0x3b, 0x3b, 0x43, 0x49, 0x3c, 
	0x38, 0x3e, 0x3a, 0x3f, 0x3f, 0x3e, 0x36, 0x39, 
	0x33, 0x37, 0x36, 0x3a, 0x38, 0x39, 0x3a, 0x3c, 
	0x45, 0x46, 0x48, 0x37, 0x1b, 0x27, 0x70, 0x68, 
	0x5e, 0x41, 0x36, 0x34, 0x29, 0x2f, 0x46, 0x37, 
	0x48, 0x52, 0x3f, 0x2e, 0x39, 0x42, 0x38, 0x35, 
	0x31, 0x38, 0x38, 0x35, 0x34, 0x2e, 0x50, 0x66, 
	0x79, 0x9e, 0x43, 0x3d, 0x38, 0x3a, 0x35, 0x90, 
	0x95, 0xa8, 0x86, 0x32, 0x2b, 0x3e, 0x45, 0x3a, 
	0x62, 0x83, 0x5e, 0x40, 0x4c, 0x47, 0x3a, 0x39, 
	0x36, 0x75, 0x4d, 0x37, 0x37, 0x39, 0x3d, 0x3e, 
	0x42, 0x40, 0x50, 0x5f, 0x1a, 0x2d, 0x21, 0x47, 
	0x6f, 0x46, 0x2f, 0x2d, 0x2e, 0x30, 0x3e, 0x39, 
	0x38, 0x3b, 0x2e, 0x33, 0x34, 0x3c, 0x39, 0x36, 
	0x3a, 0x34, 0x35, 0x3a, 0x25, 0x28, 0x39, 0x58, 
	0x74, 0x7e, 0x3f, 0x44, 0x36, 0x3a, 0x36, 0x6b, 
	0x94, 0xb1, 0x9b, 0x65, 0x34, 0x25, 0x2f, 0x43, 
	0x90, 0x96, 0x4b, 0x46, 0x43, 0x3e, 0x38, 0x38, 
	0x35, 0x45, 0x3e, 0x37, 0x3c, 0x4f, 0x44, 0x3f, 
	0x3f, 0x6b, 0x99, 0x91, 0x70, 0x2d, 0x1f, 0x12, 
	0x59, 0x73, 0x2f, 0x2d, 0x3f, 0x3b, 0x35, 0x33, 
	0x3c, 0x38, 0x37, 0x38, 0x37, 0x37, 0x33, 0x30, 
	0x4f, 0x93, 0x60, 0x49, 0x2d, 0x33, 0x34, 0x39, 
	0x53, 0x58, 0x56, 0x4c, 0x34, 0x3a, 0x37, 0x39, 
	0x77, 0x87, 0x9b, 0x83, 0x75, 0x2f, 0x29, 0x1b, 
	0x76, 0xa5, 0x78, 0x3e, 0x68, 0x3b, 0x38, 0x35, 
	0x34, 0x39, 0x35, 0x34, 0x66, 0x60, 0x4b, 0x37, 
	0x30, 0x7a, 0x9f, 0xa3, 0xa6, 0x45, 0x29, 0x1e, 
	0x17, 0x67, 0x6f, 0x2e, 0x32, 0x35, 0x36, 0x2f, 
	0x35, 0x35, 0x3c, 0x6a, 0x5d, 0x41, 0x27, 0x29, 
	0x2e, 0x5a, 0x63, 0x4c, 0x40, 0x35, 0x39, 0x3b, 
	0x34, 0x33, 0x37, 0x39, 0x35, 0x35, 0x3d, 0x38, 
	0x33, 0x60, 0x7c, 0xa7, 0x8d, 0x4d, 0x40, 0x32, 
	0x19, 0x6a, 0x77, 0x3e, 0x74, 0x67, 0x36, 0x38, 
	0x35, 0x30, 0x3f, 0x87, 0xae, 0xab, 0x72, 0x0e, 
	0x13, 0x15, 0x81, 0xa7, 0x85, 0x60, 0x4a, 0x22, 
	0x13, 0x1c, 0x38, 0x32, 0x30, 0x33, 0x32, 0x30, 
	0x33, 0x30, 0x61, 0x6b, 0x7a, 0x46, 0x3e, 0x35, 
	0x2f, 0x13, 0x4e, 0x60, 0x4b, 0x58, 0x52, 0x38, 
	0x37, 0x3a, 0x37, 0x37, 0x36, 0x39, 0x3c, 0x37, 
	0x39, 0x2e, 0x6a, 0x9f, 0x79, 0x48, 0x3e, 0x3d, 
	0x43, 0x35, 0x64, 0x3a, 0x71, 0x8c, 0x6e, 0x3a, 
	0x37, 0x3a, 0x3d, 0x6d, 0xc6, 0xc8, 0xc7, 0x8f, 
	0x0f, 0x1e, 0x13, 0x6b, 0x8f, 0xa1, 0x94, 0x66, 
	0x2d, 0x2a, 0x34, 0x37, 0x33, 0x34, 0x30, 0x38, 
	0x2b, 0x2c, 0x21, 0x4a, 0x66, 0x50, 0x45, 0x3a, 
	0x26, 0x0e, 0x10, 0x47, 0x55, 0x7a, 0x61, 0x37, 
	0x37, 0x3a, 0x37, 0x37, 0x34, 0x37, 0x3e, 0x3b, 
	0x3c, 0x32, 0x35, 0x54, 0x41, 0x45, 0x3f, 0x3b, 
	0x43, 0x36, 0x38, 0x4c, 0x91, 0x93, 0x57, 0x3b, 
	0x39, 0x3b, 0x37, 0x15, 0x7c, 0xc3, 0xbf, 0xc7, 
	0x87, 0x11, 0x15, 0x23, 0x65, 0x96, 0xa1, 0x94, 
	0x70, 0x36, 0x36, 0x37, 0x34, 0x2f, 0x32, 0x32, 
	0x2e, 0x2c, 0x23, 0x26, 0x40, 0x5e, 0x5b, 0x39, 
	0x5b, 0x10, 0x16, 0x1c, 0x5a, 0x87, 0x41, 0x31, 
	0x31, 0x2b, 0x30, 0x36, 0x36, 0x32, 0x33, 0x3d, 
	0x4b, 0x3d, 0x3d, 0x3b, 0x3b, 0x42, 0x40, 0x37, 
	0x40, 0x1b, 0x1a, 0x1c, 0x70, 0x8f, 0x71, 0x3b, 
	0x4a, 0x42, 0x3d, 0x1f, 0x12, 0x6f, 0xb7, 0xbc, 
	0xc0, 0x7e, 0x1f, 0x30, 0x2b, 0x6e, 0x85, 0x96, 
	0x85, 0x39, 0x34, 0x35, 0x48, 0x32, 0x33, 0x2a, 
	0x26, 0x33, 0x2b, 0x25, 0x1b, 0x5a, 0x6c, 0x81, 
	0x94, 0x73, 0x16, 0x1a, 0x22, 0x44, 0x3a, 0x30, 
	0x2d, 0x27, 0x37, 0x35, 0x32, 0x41, 0x65, 0x68, 
	0x4e, 0x3d, 0x3c, 0x3c, 0x39, 0x3f, 0x3d, 0x37, 
	0x3d, 0x76, 0x13, 0x0f, 0x14, 0x64, 0x8a, 0x7f, 
	0x74, 0x64, 0x59, 0x17, 0x1d, 0x19, 0x71, 0xb3, 
	0xa2, 0x79, 0x39, 0x32, 0x24, 0x3a, 0x61, 0x6a, 
	0x39, 0x31, 0x36, 0x39, 0x39, 0x31, 0x36, 0x2e, 
	0x2f, 0x3f, 0x52, 0x16, 0x0f, 0x16, 0x63, 0xad, 
	0x9b, 0xbb, 0x7b, 0x19, 0x24, 0x2a, 0x39, 0x38, 
	0x32, 0x3b, 0x3f, 0x45, 0x24, 0x18, 0x4b, 0x7e, 
	0x8a, 0x76, 0x62, 0x2b, 0x3a, 0x38, 0x6d, 0x88, 
	0x9f, 0xb5, 0x7c, 0x0e, 0x0e, 0x12, 0x6e, 0x70, 
	0x74, 0x63, 0x79, 0x58, 0x2c, 0x27, 0x18, 0x6a, 
	0x69, 0x57, 0x41, 0x4e, 0x26, 0x38, 0x30, 0x2a, 
	0x27, 0x2e, 0x3e, 0x35, 0x31, 0x31, 0x39, 0x29, 
	0x33, 0x7d, 0xb7, 0x8c, 0x10, 0x0e, 0x10, 0x8d, 
	0xba, 0xb2, 0x98, 0x82, 0x20, 0x22, 0x29, 0x32, 
	0x32, 0x37, 0x6d, 0x4b, 0x22, 0x0e, 0x16, 0x6d, 
	0x93, 0x93, 0x86, 0x72, 0x31, 0x2f, 0x40, 0x6f, 
	0xbb, 0xb5, 0xae, 0x83, 0x0e, 0x12, 0x17, 0x5a, 
	0x58, 0x51, 0x49, 0x90, 0x55, 0x35, 0x31, 0x30, 
	0x3d, 0x3b, 0x3a, 0x6c, 0x6a, 0x33, 0x2e, 0x2f, 
	0x28, 0x32, 0x33, 0x33, 0x34, 0x2e, 0x32, 0x26, 
	0x3c, 0xa0, 0xce, 0xbe, 0x6e, 0x15, 0x16, 0x11, 
	0x85, 0xad, 0x9b, 0xb2, 0x64, 0x1e, 0x23, 0x20, 
	0x5d, 0xa8, 0xa4, 0x97, 0x60, 0x0d, 0x16, 0x12, 
	0x5f, 0x94, 0xa4, 0xb0, 0x79, 0x14, 0x2c, 0x17, 
	0x8b, 0xc0, 0xc1, 0xb1, 0x7f, 0x25, 0x26, 0x3a, 
	0x3d, 0x4b, 0x84, 0x76, 0x4a, 0x38, 0x33, 0x38, 
	0x36, 0x32, 0x30, 0x7b, 0x71, 0x35, 0x31, 0x2f, 
	0x30, 0x31, 0x34, 0x32, 0x3f, 0x2e, 0x2b, 0x2a, 
	0x1c, 0x7c, 0xc8, 0xb9, 0xb4, 0x5a, 0x22, 0x13, 
	0x15, 0x89, 0xaa, 0xaf, 0x99, 0x62, 0x18, 0x18, 
	0x0a, 0x7f, 0xb0, 0xbd, 0xb3, 0x8b, 0x10, 0x13, 
	0x18, 0x79, 0xb1, 0xbf, 0xcf, 0x7f, 0x10, 0x15, 
	0x0b, 0x80, 0xbe, 0xbf, 0x66, 0x3a, 0x38, 0x3d, 
	0x3e, 0x41, 0x52, 0x66, 0x3d, 0x42, 0x31, 0x35, 
	0x38, 0x3a, 0x3a, 0x65, 0x4b, 0x32, 0x40, 0x33, 
	0x31, 0x32, 0x32, 0x31, 0x31, 0x6f, 0x3f, 0x0f, 
	0x0f, 0x0e, 0x88, 0xa2, 0x9c, 0xa6, 0x74, 0x18, 
	0x13, 0x1a, 0x84, 0xb8, 0xae, 0xad, 0x81, 0x18, 
	0x0f, 0x0e, 0x91, 0xcd, 0xb8, 0xc0, 0x89, 0x15, 
	0x0f, 0x16, 0x75, 0xae, 0xc7, 0xc1, 0x8a, 0x12, 
	0x0c, 0x10, 0x86, 0xb8, 0x6e, 0x3a, 0x3a, 0x3a, 
	0x38, 0x39, 0x38, 0x34, 0x32, 0x3d, 0x37, 0x35, 
	0x35, 0x44, 0x44, 0x43, 0x36, 0x56, 0x7c, 0x32, 
	0x35, 0x3a, 0x30, 0x30, 0x32, 0x9c, 0x97, 0x80, 
	0x0c, 0x0a, 0x0e, 0x73, 0xa5, 0xaa, 0x99, 0x72, 
	0x10, 0x1d, 0x1a, 0x70, 0xac, 0xb4, 0xbb, 0x78, 
	0x0e, 0x0f, 0x0d, 0x90, 0xce, 0xb7, 0xd6, 0x91, 
	0x0d, 0x18, 0x24, 0x71, 0xd1, 0xc8, 0xbf, 0x82, 
	0x07, 0x0a, 0x0d, 0x7c, 0x62, 0x3a, 0x46, 0x40, 
	0x3a, 0x36, 0x33, 0x3d, 0x37, 0x3b, 0x34, 0x2f, 
	0x31, 0x49, 0x35, 0x29, 0x32, 0x4c, 0x3d, 0x34, 
	0x30, 0x35, 0x31, 0x35, 0x38, 0x85, 0x80, 0xb4, 
	0x86, 0x0c, 0x0a, 0x11, 0x82, 0xb5, 0xae, 0xa5, 
	0x7e, 0x1c, 0x1e, 0x18, 0x79, 0xb9, 0xba, 0xbb, 
	0x7f, 0x0a, 0x0b, 0x0b, 0x89, 0xb0, 0xd3, 0xc1, 
	0x86, 0x19, 0x1e, 0x15, 0x7f, 0xb9, 0xae, 0xb2, 
	0x75, 0x1d, 0x16, 0x23, 0x3d, 0x3a, 0x44, 0x3e, 
	0x37, 0x34, 0x33, 0x38, 0x36, 0x32, 0x3a, 0x31, 
	0x32, 0x55, 0x2c, 0x1d, 0x1e, 0x3d, 0x51, 0x32, 
	0x36, 0x3c, 0x2c, 0x2e, 0x2d, 0x40, 0x4c, 0x9e, 
	0xc5, 0x84, 0x07, 0x0a, 0x19, 0x76, 0xaf, 0xac, 
	0xb8, 0x4f, 0x1b, 0x1a, 0x11, 0x7c, 0xb7, 0xbc, 
	0xcd, 0x9c, 0x08, 0x0b, 0x08, 0x7c, 0xc5, 0xaf, 
	0x8d, 0x79, 0x1a, 0x1c, 0x27, 0x76, 0x8e, 0x9d, 
	0x8d, 0x74, 0x1f, 0x25, 0x34, 0x3f, 0x40, 0x3e, 
	0x38, 0x36, 0x2d, 0x31, 0x37, 0x34, 0x37, 0x36, 
	0x37, 0x50, 0x45, 0x1b, 0x24, 0x38, 0x36, 0x59, 
	0x33, 0x6b, 0x5b, 0x28, 0x26, 0x2b, 0x40, 0x9f, 
	0xca, 0xce, 0x97, 0x0c, 0x0f, 0x1c, 0x76, 0xa1, 
	0x8f, 0x6e, 0x51, 0x25, 0x0f, 0x10, 0x8c, 0xd0, 
	0xc5, 0xcc, 0x96, 0x10, 0x07, 0x0c, 0x71, 0x93, 
	0xa0, 0xb4, 0x7a, 0x19, 0x22, 0x2a, 0x6c, 0x9e, 
	0x7b, 0x81, 0x68, 0x1c, 0x1b, 0x2e, 0x41, 0x3a, 
	0x37, 0x33, 0x2d, 0x5c, 0x1e, 0x26, 0x2f, 0x36, 
	0x3c, 0x3f, 0x3d, 0x37, 0x37, 0x3c, 0x31, 0x35, 
	0x71, 0x99, 0xa9, 0x8d, 0x0e, 0x12, 0x16, 0x5d, 
	0xa2, 0xc8, 0xd2, 0x92, 0x18, 0x1d, 0x1e, 0x89, 
	0x97, 0x92, 0x80, 0x64, 0x0e, 0x0f, 0x0f, 0x81, 
	0xb7, 0xbf, 0xcd, 0x8f, 0x09, 0x25, 0x32, 0x55, 
	0x8a, 0xae, 0x79, 0x51, 0x24, 0x30, 0x1d, 0x71, 
	0x7a, 0x74, 0x8c, 0x75, 0x1c, 0x21, 0x39, 0x39, 
	0x62, 0x81, 0x84, 0x8b, 0x37, 0x36, 0x3a, 0x3c, 
	0x43, 0x3e, 0x3f, 0x3c, 0x3b, 0x25, 0x25, 0x2b, 
	0x5c, 0xba, 0xcf, 0xc9, 0x88, 0x0d, 0x1b, 0x1b, 
	0x86, 0xca, 0xdb, 0xbc, 0x79, 0x14, 0x15, 0x1a, 
	0x7a, 0xaa, 0xa6, 0xb5, 0x82, 0x09, 0x08, 0x0a, 
	0x91, 0xc2, 0xb0, 0xc5, 0x8f, 0x1f, 0x31, 0x39, 
	0x48, 0x50, 0x42, 0x61, 0x3f, 0x2c, 0x18, 0x17, 
	0x7a, 0x87, 0x6c, 0xa5, 0x67, 0x12, 0x23, 0x29, 
	0x15, 0x5e, 0x84, 0x9d, 0x44, 0x43, 0x3e, 0x42, 
	0x43, 0x3a, 0x3a, 0x57, 0x84, 0x75, 0x0d, 0x0e, 
	0x0d, 0x9b, 0xda, 0xc2, 0xc6, 0x7e, 0x14, 0x17, 
	0x13, 0x8b, 0xd9, 0xbe, 0xb0, 0x7d, 0x16, 0x1a, 
	0x1a, 0x7f, 0xbe, 0xb8, 0xbe, 0x7a, 0x0b, 0x08, 
	0x09, 0x8a, 0xb3, 0xd0, 0xd3, 0x91, 0x0a, 0x17, 
	0x11, 0x5c, 0x39, 0x38, 0x3e, 0x3c, 0x26, 0x0e, 
	0x14, 0x6d, 0x9e, 0xa8, 0x9f, 0x6d, 0x2e, 0x2a, 
	0x10, 0x14, 0x6b, 0x3e, 0x36, 0x39, 0x3d, 0x3f, 
	0x3f, 0x37, 0x37, 0x84, 0x95, 0xbe, 0x8c, 0x0b, 
	0x09, 0x09, 0x95, 0xd1, 0xae, 0x9d, 0x78, 0x1c, 
	0x17, 0x11, 0x85, 0xbc, 0xb0, 0xb0, 0x73, 0x14, 
	0x10, 0x13, 0x70, 0xbe, 0xad, 0xc3, 0x8e, 0x0c, 
	0x0b, 0x08, 0x90, 0xc9, 0xd1, 0xd0, 0x7b, 0x1a, 
	0x22, 0x39, 0x3d, 0x47, 0x45, 0x44, 0x58, 0x14, 
	0x12, 0x12, 0x87, 0xbe, 0x94, 0x67, 0x3d, 0x1f, 
	0x0e, 0x13, 0x33, 0x52, 0x6b, 0x7e, 0x41, 0x49, 
	0x3d, 0x36, 0x27, 0x79, 0xb5, 0xb8, 0xc9, 0x90, 
	0x0a, 0x09, 0x0a, 0x73, 0x8b, 0x97, 0xaa, 0x69, 
	0x29, 0x19, 0x25, 0x72, 0x9e, 0xa9, 0xb2, 0x86, 
	0x0e, 0x19, 0x1c, 0x82, 0x88, 0x8f, 0xbf, 0x76, 
	0x0b, 0x10, 0x0e, 0x83, 0xc7, 0xb4, 0xae, 0x78, 
	0x0e, 0x32, 0x3c, 0x62, 0x5b, 0x3e, 0x53, 0x82, 
	0x16, 0x13, 0x10, 0x87, 0x8b, 0x41, 0x3c, 0x55, 
	0x91, 0x0d, 0x27, 0x25, 0x6e, 0xb1, 0x77, 0x80, 
	0x6f, 0x2f, 0x21, 0x13, 0x7a, 0xb2, 0xc2, 0xbc, 
	0x82, 0x0f, 0x0b, 0x37, 0x5d, 0x5c, 0x93, 0x68, 
	0x34, 0x37, 0x38, 0x3c, 0x5c, 0x93, 0xc3, 0xcd, 
	0x7d, 0x32, 0x30, 0x2e, 0x72, 0x95, 0xac, 0xb9, 
	0x8b, 0x12, 0x11, 0x11, 0x89, 0xbd, 0xc0, 0xb1, 
	0x87, 0x37, 0x3b, 0x53, 0x71, 0x3c, 0x3c, 0x3e, 
	0x70, 0x13, 0x11, 0x14, 0x61, 0x42, 0x3a, 0x94, 
	0xcf, 0x85, 0x25, 0x1e, 0x13, 0x84, 0xaa, 0xa2, 
	0x9a, 0x66, 0x29, 0x0c, 0x09, 0x84, 0xc5, 0xbc, 
	0xc4, 0x83, 0x0e, 0x19, 0x24, 0x36, 0x38, 0x37, 
	0x33, 0x43, 0x40, 0x45, 0x3a, 0x67, 0xcc, 0xb3, 
	0x87, 0x33, 0x2c, 0x37, 0x4f, 0x61, 0xb7, 0xb7, 
	0xb6, 0x87, 0x10, 0x0e, 0x09, 0x8f, 0xc6, 0xb7, 
	0x96, 0x42, 0x3d, 0x3e, 0x47, 0x3d, 0x3b, 0x34, 
	0x43, 0x3a, 0x1e, 0x23, 0x2e, 0x34, 0x49, 0xb1, 
	0xcf, 0xba, 0x6f, 0x1c, 0x21, 0x12, 0x7c, 0xa3, 
	0xaf, 0xb8, 0x73, 0x0f, 0x08, 0x0a, 0x94, 0xcf, 
	0xc9, 0xae, 0x7a, 0x19, 0x19, 0x33, 0x38, 0x39, 
	0x3d, 0x65, 0x81, 0x71, 0x53, 0x3b, 0x7d, 0x96, 
	0x5b, 0x3a, 0x4a, 0x2d, 0x30, 0x34, 0x89, 0xb0, 
	0xc2, 0xb2, 0x6e, 0x0f, 0x0b, 0x0d, 0x85, 0xa0, 
	0x56, 0x3f, 0x3e, 0x40, 0x3c, 0x3e, 0x36, 0x31, 
	0x32, 0x38, 0x36, 0x35, 0x2f, 0x2b, 0x59, 0xb2, 
	0xc0, 0xc7, 0xb8, 0x71, 0x19, 0x1f, 0x1c, 0x58, 
	0xa2, 0xd6, 0xae, 0x7d, 0x08, 0x08, 0x0d, 0x8a, 
	0xc1, 0x9b, 0xa4, 0x68, 0x1c, 0x2d, 0x32, 0x32, 
	0x44, 0x6e, 0x71, 0x64, 0x44, 0x1e, 0x1c, 0x50, 
	0x4e, 0x73, 0x61, 0x31, 0x39, 0x3e, 0x28, 0x68, 
	0xbf, 0xbf, 0xa4, 0x6d, 0x16, 0x12, 0x1c, 0x6f, 
	0x97, 0x56, 0x76, 0x76, 0x3c, 0x37, 0x34, 0x2f, 
	0x30, 0x38, 0x37, 0x58, 0x28, 0x12, 0x11, 0x7b, 
	0x85, 0xc8, 0xc9, 0xbe, 0x7c, 0x20, 0x27, 0x33, 
	0x7c, 0xc2, 0xae, 0xc4, 0x98, 0x06, 0x07, 0x07, 
	0x78, 0x93, 0x68, 0x5d, 0x34, 0x30, 0x33, 0x3b, 
	0x3f, 0x57, 0x4d, 0x4a, 0x3d, 0x2d, 0x23, 0x38, 
	0x4a, 0x6e, 0x7a, 0x36, 0x64, 0x19, 0x29, 0x2d, 
	0x8b, 0xc2, 0xac, 0x67, 0x32, 0x24, 0x19, 0x14, 
	0x6b, 0xc6, 0xb2, 0xad, 0x8b, 0x38, 0x3a, 0x33, 
	0x42, 0xa6, 0xa9, 0xbd, 0x7c, 0x08, 0x07, 0x0a, 
	0x09, 0x8f, 0xc3, 0xc5, 0x91, 0x7c, 0x15, 0x15, 
	0x12, 0x82, 0xc5, 0xde, 0xe1, 0x9e, 0x06, 0x0a, 
	0x0d, 0x61, 0x7a, 0x39, 0x39, 0x3c, 0x38, 0x40, 
	0x42, 0x3e, 0x43, 0x4b, 0x42, 0x40, 0x34, 0x3b, 
	0x3a, 0x4f, 0x38, 0x3a, 0xa5, 0x82, 0x2c, 0x25, 
	0x0c, 0x88, 0xb9, 0x77, 0x8d, 0x6a, 0x11, 0x13, 
	0x0c, 0x92, 0xc7, 0xb2, 0x9b, 0x64, 0x41, 0x37, 
	0x16, 0x7a, 0xbb, 0xa7, 0xc3, 0x91, 0x08, 0x08, 
	0x09, 0x0a, 0x74, 0x9f, 0xb7, 0xc4, 0x8d, 0x0c, 
	0x0d, 0x0f, 0x91, 0xdf, 0xde, 0xe3, 0xa0, 0x0d, 
	0x1c, 0x30, 0x47, 0x35, 0x35, 0x3e, 0x3e, 0x3e, 
	0x3c, 0x37, 0x41, 0x45, 0x40, 0x52, 0x62, 0x40, 
	0x48, 0x36, 0x66, 0xa7, 0xab, 0x9f, 0x69, 0x49, 
	0x28, 0x11, 0x7f, 0x9f, 0xa3, 0xac, 0x85, 0x0a, 
	0x07, 0x05, 0x8c, 0xa8, 0x9c, 0x6f, 0x3b, 0x22, 
	0x03, 0x04, 0x88, 0xc5, 0xcd, 0xce, 0x84, 0x07, 
	0x09, 0x10, 0x13, 0x66, 0xc8, 0xd9, 0xc5, 0x99, 
	0x0d, 0x0f, 0x06, 0x96, 0xdb, 0xdf, 0xe1, 0x95, 
	0x25, 0x37, 0x35, 0x32, 0x41, 0x85, 0x42, 0x3c, 
	0x3c, 0x36, 0x3c, 0x43, 0x42, 0x66, 0x73, 0x46, 
	0x38, 0x24, 0x19, 0x7b, 0xcb, 0xb1, 0x7b, 0x44, 
	0x46, 0x26, 0x11, 0x82, 0xac, 0xac, 0xc3, 0x8b, 
	0x04, 0x04, 0x17, 0x78, 0x8a, 0x8e, 0x68, 0x70, 
	0x0e, 0x05, 0x0a, 0x8e, 0xd6, 0xd4, 0xb1, 0x80, 
	0x8a, 0x17, 0x12, 0x0c, 0x8b, 0xd2, 0xc2, 0xd1, 
	0x8e, 0x0c, 0x03, 0x06, 0xa0, 0xe3, 0xd5, 0xce, 
	0x7a, 0x3a, 0x36, 0x41, 0x45, 0x79, 0x45, 0x3a, 
	0x36, 0x34, 0x39, 0x3f, 0x3f, 0x3c, 0x5e, 0x49, 
	0x62, 0x19, 0x15, 0x0b, 0x9b, 0xc7, 0x69, 0x3d, 
	0x44, 0x37, 0x27, 0x22, 0x7c, 0xa7, 0xcd, 0xc7, 
	0x84, 0x21, 0x37, 0x3c, 0x62, 0x84, 0x9b, 0xb3, 
	0x91, 0x14, 0x08, 0x06, 0x99, 0xd1, 0xb7, 0xc6, 
	0xca, 0x85, 0x0c, 0x07, 0x0a, 0x90, 0xc0, 0xd5, 
	0xd2, 0x98, 0x08, 0x03, 0x07, 0x8f, 0xc6, 0xd2, 
	0x7d, 0x3f, 0x37, 0x3c, 0x3f, 0x56, 0x4c, 0x78, 
	0x3d, 0x3c, 0x3e, 0x3d, 0x3b, 0x3d, 0x3c, 0x8e, 
	0x97, 0x81, 0x08, 0x0c, 0x0b, 0x7b, 0x8d, 0x7a, 
	0x82, 0x72, 0x4b, 0x45, 0x37, 0x7e, 0xc4, 0xcb, 
	0xc4, 0x88, 0x39, 0x3e, 0x3a, 0x65, 0xa6, 0xb3, 
	0xcd, 0x86, 0x08, 0x06, 0x09, 0x90, 0xbb, 0xbf, 
	0xce, 0xcb, 0x92, 0x07, 0x06, 0x05, 0x8a, 0xd0, 
	0xda, 0xd8, 0x97, 0x02, 0x05, 0x08, 0x8b, 0xc0, 
	0x4a, 0x4f, 0x3b, 0x35, 0x35, 0x3b, 0x47, 0x48, 
	0x40, 0x41, 0x42, 0x3f, 0x3f, 0x42, 0x3b, 0x83, 
	0xa0, 0xa6, 0x7d, 0x10, 0x0c, 0x11, 0x84, 0x8b, 
	0x7d, 0x54, 0x4a, 0x49, 0x40, 0x30, 0x87, 0xd0, 
	0xb5, 0xae, 0x5b, 0x36, 0x36, 0x36, 0x82, 0xa5, 
	0xb5, 0xbc, 0x89, 0x07, 0x09, 0x0e, 0x81, 0xb9, 
	0xda, 0xd5, 0xcf, 0x8f, 0x08, 0x0a, 0x13, 0x8f, 
	0xd6, 0xdd, 0xe0, 0x99, 0x09, 0x03, 0x06, 0x94, 
	0x96, 0xb3, 0xb2, 0x57, 0x3e, 0x38, 0x3f, 0x42, 
	0x78, 0x62, 0x46, 0x43, 0x43, 0x3f, 0x40, 0x4d, 
	0x4b, 0x89, 0x9b, 0x87, 0x0c, 0x0d, 0x12, 0x84, 
	0x9a, 0x91, 0x4a, 0x47, 0x3f, 0x3e, 0x28, 0x81, 
	0xa5, 0x6f, 0x36, 0x3a, 0x3c, 0x39, 0x3d, 0x4f, 
	0x8d, 0xac, 0xb0, 0x87, 0x0c, 0x11, 0x13, 0x8e, 
	0x9f, 0xd7, 0xd4, 0xd2, 0x90, 0x0c, 0x16, 0x17, 
	0x88, 0xc9, 0xd7, 0xd7, 0x9f, 0x06, 0x05, 0x08, 
	0x85, 0xd1, 0xc8, 0xc9, 0x91, 0x1e, 0x2a, 0x25, 
	0x57, 0x6d, 0x41, 0x3f, 0x3e, 0x3e, 0x40, 0x39, 
	0x36, 0x7e, 0x9f, 0xc6, 0x91, 0x14, 0x0e, 0x16, 
	0x78, 0x9d, 0x82, 0x44, 0x3c, 0x3f, 0x3a, 0x26, 
	0x6c, 0x37, 0x37, 0x42, 0x38, 0x34, 0x37, 0x39, 
	0x67, 0xa4, 0x9f, 0x87, 0x72, 0x10, 0x0e, 0x0b, 
	0x06, 0x97, 0xe1, 0xdc, 0xd6, 0x90, 0x16, 0x19, 
	0x13, 0x99, 0xc8, 0xe4, 0xe0, 0x9a, 0x04, 0x08, 
	0x08, 0x90, 0xd0, 0xdd, 0xbf, 0x6f, 0x16, 0x16, 
	0x14, 0x46, 0x3f, 0x38, 0x36, 0x37, 0x41, 0x46, 
	0x35, 0x42, 0x8d, 0xb7, 0xca, 0x87, 0x10, 0x19, 
	0x2a, 0x73, 0x8c, 0x62, 0x3f, 0x3b, 0x3c, 0x3b, 
	0x37, 0x35, 0x39, 0x4c, 0x49, 0x31, 0x31, 0x36, 
	0x1e, 0x7e, 0x8f, 0x6b, 0xa7, 0x68, 0x0c, 0x09, 
	0x06, 0x05, 0x9a, 0xda, 0xc6, 0xcf, 0x8a, 0x1e, 
	0x19, 0x12, 0x91, 0xdf, 0xda, 0xda, 0x93, 0x0d, 
	0x09, 0x0c, 0x95, 0xdd, 0xcc, 0xb2, 0x88, 0x10, 
	0x16, 0x38, 0x3d, 0x3a, 0x3f, 0x43, 0x3c, 0x39, 
	0x36, 0x3b, 0x6c, 0xa4, 0xa6, 0xc4, 0x86, 0x1d, 
	0x30, 0x3b, 0x64, 0x4b, 0x3e, 0x43, 0x40, 0x3a, 
	0x3a, 0x39, 0x38, 0x58, 0x5b, 0x37, 0x38, 0x33, 
	0x1e, 0x12, 0x67, 0x7b, 0xaa, 0xb5, 0x99, 0x06, 
	0x05, 0x04, 0x05, 0x98, 0xc5, 0xcb, 0xb2, 0x6a, 
	0x19, 0x12, 0x0e, 0x92, 0xd8, 0xdd, 0xd4, 0x89, 
	0x0b, 0x09, 0x09, 0x94, 0xcb, 0xc3, 0xba, 0x87, 
	0x14, 0x29, 0x2f, 0x34, 0x41, 0x3e, 0x38, 0x39, 
	0x37, 0x3b, 0x29, 0x4a, 0xa6, 0xbd, 0xba, 0x74, 
	0x46, 0x4b, 0x55, 0x42, 0x3d, 0x3c, 0x3c, 0x5d, 
	0x3a, 0x3a, 0x40, 0x46, 0x54, 0x64, 0x37, 0x51, 
	0x26, 0x2c, 0x32, 0x4e, 0xa7, 0xb2, 0xce, 0x90, 
	0x80, 0x06, 0x04, 0x08, 0x85, 0xc8, 0xc8, 0xc2, 
	0x69, 0x10, 0x08, 0x08, 0x91, 0xa9, 0xd6, 0xc9, 
	0x80, 0x27, 0x0b, 0x11, 0x7e, 0xb6, 0xc3, 0xca, 
	0x7d, 0x3a, 0x3d, 0x3a, 0x3d, 0x3c, 0x3e, 0x3f, 
	0x38, 0x3a, 0x32, 0x15, 0x7d, 0xc0, 0xa9, 0x8b, 
	0x4c, 0x4d, 0x49, 0x40, 0x3f, 0x3b, 0x73, 0x97, 
	0x7f, 0x39, 0x41, 0x41, 0x3b, 0x77, 0x91, 0x9a, 
	0x55, 0x23, 0x30, 0x30, 0x7b, 0xae, 0xcf, 0xd2, 
	0xcc, 0x85, 0x0a, 0x09, 0x0c, 0x7d, 0xcc, 0xba, 
	0xa7, 0x97, 0x07, 0x2b, 0x46, 0x72, 0xbf, 0xca, 
	0x7b, 0x39, 0x1f, 0x15, 0x24, 0x8b, 0xcc, 0xcf, 
	0x9b, 0x37, 0x38, 0x3a, 0x3f, 0x3c, 0x3d, 0x3d, 
	0x35, 0x35, 0x39, 0x17, 0x0f, 0x98, 0xce, 0xc6, 
	0xb3, 0x84, 0x44, 0x42, 0x3b, 0x4a, 0x8b, 0xc5, 
	0xc7, 0x7a, 0x35, 0x28, 0x16, 0x79, 0xc0, 0xb4, 
	0x7f, 0x52, 0x33, 0x34, 0x1a, 0x80, 0xc3, 0xd7, 
	0xc0, 0xb9, 0x7e, 0x0f, 0x12, 0x14, 0x75, 0x71, 
	0xa0, 0xbb, 0x4e, 0x48, 0x46, 0x4d, 0x49, 0x5c, 
	0x4f, 0x83, 0x72, 0x1d, 0x2d, 0x12, 0x8f, 0xbe, 
	0x9e, 0x38, 0x35, 0x34, 0x3f, 0x3b, 0x3a, 0x34, 
	0x32, 0x37, 0x3b, 0x27, 0x10, 0x0d, 0x97, 0xc9, 
	0xc1, 0xb1, 0x63, 0x40, 0x36, 0x2b, 0x71, 0xbd, 
	0xd4, 0xcb, 0x70, 0x10, 0x0c, 0x0f, 0x91, 0xad, 
	0x78, 0x62, 0x41, 0x2f, 0x21, 0x12, 0x8a, 0xd5, 
	0xc2, 0xac, 0xa3, 0x78, 0x11, 0x1a, 0x16, 0x39, 
	0x4b, 0x39, 0x33, 0x3f, 0x48, 0x4b, 0x44, 0x49, 
	0x84, 0xa6, 0xc4, 0x8e, 0x1a, 0x33, 0x15, 0x8d, 
	0xa2, 0x3f, 0x35, 0x38, 0x3b, 0x2f, 0x37, 0x32, 
	0x2d, 0x33, 0x3c, 0x2a, 0x13, 0x0d, 0x0a, 0x90, 
	0xb5, 0xca, 0xa6, 0x80, 0x34, 0x11, 0x0f, 0x85, 
	0xc7, 0xc3, 0xb2, 0x76, 0x0b, 0x0c, 0x0b, 0x79, 
	0x66, 0x78, 0x57, 0x50, 0x27, 0x1b, 0x0b, 0x97, 
	0x84, 0x9c, 0xa4, 0xa3, 0x8c, 0x12, 0x16, 0x25, 
	0x33, 0x39, 0x38, 0x40, 0x44, 0x47, 0x40, 0x4c, 
	0x43, 0x98, 0xbf, 0xbb, 0x84, 0x47, 0x32, 0x28, 
	0x59, 0x3b, 0x34, 0x39, 0x35, 0x35, 0x2e, 0x3d, 
	0x2d, 0x35, 0x36, 0x8a, 0x63, 0x0e, 0x0d, 0x10, 
	0x7d, 0xc4, 0xc8, 0xc1, 0x80, 0x0a, 0x0e, 0x0c, 
	0x81, 0xc3, 0xb2, 0xa2, 0x6b, 0x08, 0x0b, 0x0e, 
	0x64, 0x45, 0x70, 0x73, 0x5b, 0x11, 0x0a, 0x0c, 
	0x15, 0x74, 0xa5, 0xb7, 0xc6, 0x79, 0x16, 0x37, 
	0x35, 0x4a, 0x55, 0x45, 0x43, 0x41, 0x45, 0x4a, 
	0x40, 0x81, 0x89, 0x8e, 0x70, 0x43, 0x34, 0x33, 
	0x36, 0x37, 0x32, 0x38, 0x37, 0x3b, 0x28, 0x31, 
	0x35, 0x3c, 0x3a, 0x93, 0xab, 0x83, 0x0c, 0x0f, 
	0x13, 0x8a, 0xb5, 0xc1, 0x93, 0x82, 0x0f, 0x09, 
	0x0c, 0x90, 0xc3, 0xa0, 0xa0, 0x8b, 0x12, 0x1c, 
	0x2b, 0x2f, 0x92, 0x8c, 0x9c, 0x78, 0x0d, 0x0f, 
	0x1e, 0x25, 0x87, 0xb4, 0xbd, 0xaa, 0x63, 0x49, 
	0x44, 0x6b, 0x5b, 0x48, 0x42, 0x4a, 0x48, 0x48, 
	0x3e, 0x45, 0x4a, 0x4b, 0x48, 0x41, 0x31, 0x33, 
	0x36, 0x37, 0x38, 0x3a, 0x35, 0x3b, 0x5d, 0x37, 
	0x39, 0x3e, 0x3d, 0x8b, 0xb0, 0xc1, 0x87, 0x16, 
	0x18, 0x10, 0x85, 0xb0, 0x99, 0xa9, 0x87, 0x0a, 
	0x0b, 0x08, 0x8b, 0xaf, 0x9c, 0xc1, 0x71, 0x23, 
	0x2a, 0x2e, 0x62, 0x94, 0x9a, 0xa1, 0x74, 0x14, 
	0x24, 0x30, 0x29, 0x74, 0x93, 0x9a, 0x78, 0x37, 
	0x40, 0x49, 0x41, 0x42, 0x3d, 0x3f, 0x41, 0x43, 
	0x41, 0x41, 0x4a, 0x4b, 0x46, 0x43, 0x35, 0x36, 
	0x3b, 0x3b, 0x36, 0x33, 0x38, 0x45, 0x6e, 0x5d, 
	0x31, 0x3a, 0x33, 0x65, 0xaf, 0xbe, 0xb2, 0x6f, 
	0x14, 0x14, 0x16, 0x84, 0xac, 0xb7, 0xd4, 0x86, 
	0x0d, 0x0a, 0x0b, 0x80, 0xc5, 0xc1, 0x82, 0x39, 
	0x2c, 0x22, 0x32, 0x62, 0x36, 0x46, 0x4e, 0x41, 
	0x5f, 0x2f, 0x31, 0x40, 0x39, 0x31, 0x33, 0x34, 
	0x37, 0x37, 0x35, 0x3d, 0x3d, 0x38, 0x3f, 0x4d, 
	0x59, 0x49, 0x42, 0x42, 0x43, 0x43, 0x3b, 0x3e, 
	0x42, 0x43, 0x3a, 0x34, 0x32, 0x3b, 0x7a, 0x98, 
	0x71, 0x31, 0x28, 0x1f, 0x80, 0xa9, 0x96, 0xa9, 
	0x73, 0x1a, 0x0f, 0x0f, 0x85, 0xc0, 0xc9, 0xce, 
	0x8e, 0x10, 0x14, 0x11, 0x90, 0xcb, 0x89, 0x78, 
	0x5b, 0x15, 0x1d, 0x23, 0x3b, 0x3a, 0x75, 0x88, 
	0x86, 0x37, 0x31, 0x3b, 0x3c, 0x2e, 0x33, 0x34, 
	0x35, 0x35, 0x33, 0x38, 0x3a, 0x3b, 0x40, 0x46, 
	0x54, 0x4d, 0x45, 0x3a, 0x46, 0x3e, 0x3d, 0x4f, 
	0x53, 0x55, 0x41, 0x3c, 0x3d, 0x34, 0x68, 0x8d, 
	0x91, 0x61, 0x2a, 0x38, 0x31, 0x6c, 0x9c, 0xa9, 
	0xb0, 0x7f, 0x14, 0x0f, 0x0f, 0x88, 0xc8, 0xd9, 
	0xbe, 0x71, 0x12, 0x0e, 0x09, 0x9d, 0xb8, 0xc0, 
	0xa6, 0x87, 0x0c, 0x0e, 0x14, 0x82, 0xb3, 0x9a, 
	0x88, 0x37, 0x34, 0x36, 0x35, 0x32, 0x33, 0x32, 
	0x33, 0x2f, 0x31, 0x35, 0x35, 0x35, 0x42, 0x69, 
	0x46, 0x51, 0x42, 0x35, 0x3a, 0x37, 0x37, 0x46, 
	0x42, 0x44, 0x41, 0x45, 0x46, 0x34, 0x4b, 0x61, 
	0x84, 0x6c, 0x3d, 0x39, 0x3e, 0x2e, 0x77, 0xb4, 
	0xa9, 0xb7, 0x89, 0x10, 0x0d, 0x10, 0x88, 0xd4, 
	0xbc, 0xbe, 0x73, 0x06, 0x06, 0x06, 0x91, 0xd9, 
	0xd7, 0xcf, 0x8b, 0x0e, 0x0d, 0x0c, 0x88, 0xbd, 
	0x98, 0x37, 0x33, 0x38, 0x36, 0x31, 0x34, 0x39, 
	0x2f, 0x2d, 0x32, 0x33, 0x33, 0x36, 0x26, 0x52, 
	0x72, 0x34, 0x39, 0x34, 0x3f, 0x33, 0x3a, 0x37, 
	0x33, 0x2a, 0x2b, 0x40, 0x47, 0x3f, 0x2d, 0x4a, 
	0x53, 0x39, 0x34, 0x43, 0x48, 0x36, 0x22, 0x77, 
	0xbd, 0xb9, 0xc4, 0x8d, 0x0c, 0x0f, 0x0b, 0x83, 
	0xc1, 0xc2, 0xc5, 0x84, 0x06, 0x07, 0x05, 0x9f, 
	0xd3, 0xd3, 0xd5, 0x92, 0x06, 0x07, 0x0a, 0x8d, 
	0x50, 0x37, 0x32, 0x36, 0x39, 0x30, 0x39, 0x38, 
	0x31, 0x34, 0x36, 0x2c, 0x28, 0x2a, 0x25, 0x19, 
	0x43, 0x71, 0x45, 0x3f, 0x37, 0x34, 0x3a, 0x3c, 
	0x38, 0x59, 0x3e, 0x36, 0x4e, 0x33, 0x35, 0x30, 
	0x33, 0x37, 0x38, 0x53, 0x48, 0x37, 0x16, 0x14, 
	0x8c, 0xca, 0xbe, 0xc8, 0x7a, 0x0a, 0x0f, 0x0b, 
	0x88, 0xbe, 0xd4, 0xc3, 0x8d, 0x0c, 0x0a, 0x0b, 
	0x8e, 0xce, 0xd2, 0xd2, 0x99, 0x05, 0x06, 0x07, 
	0x1a, 0x37, 0x31, 0x38, 0x32, 0x34, 0x3b, 0x3f, 
	0x3c, 0x39, 0x38, 0x2c, 0x45, 0x49, 0x19, 0x14, 
	0x27, 0x3e, 0x6a, 0x5f, 0x67, 0x3d, 0x34, 0x40, 
	0x3c, 0x3f, 0x54, 0x60, 0x83, 0x6a, 0x24, 0x23, 
	0x2c, 0x36, 0x3f, 0x48, 0x53, 0x4e, 0x16, 0x11, 
	0x0e, 0x8b, 0xc0, 0xc9, 0xc4, 0x80, 0x0f, 0x10, 
	0x0d, 0x91, 0xce, 0xc5, 0xd0, 0x7c, 0x08, 0x0e, 
	0x0e, 0x8b, 0xdd, 0xd4, 0xc7, 0x8f, 0x08, 0x0a, 
	0x0f, 0x19, 0x48, 0x38, 0x31, 0x39, 0x3d, 0x41, 
	0x43, 0x3b, 0x37, 0x31, 0x30, 0x3e, 0x3e, 0x1d, 
	0x37, 0x36, 0x69, 0xa2, 0x8d, 0x65, 0x58, 0x33, 
	0x32, 0x34, 0x52, 0x68, 0x94, 0x99, 0x6c, 0x21, 
	0x34, 0x33, 0x3c, 0x52, 0x47, 0x69, 0x6f, 0x12, 
	0x0d, 0x0c, 0x8b, 0xc4, 0xca, 0xb0, 0x73, 0x10, 
	0x0e, 0x0e, 0x8b, 0xcf, 0xc7, 0xc6, 0x83, 0x0b, 
	0x0d, 0x0a, 0x91, 0xd7, 0xbf, 0xd0, 0x88, 0x0e, 
	0x0f, 0x12, 0x1a, 0x55, 0x39, 0x39, 0x3a, 0x44, 
	0x40, 0x3c, 0x36, 0x37, 0x33, 0x34, 0x5a, 0x46, 
	0x1a, 0x1e, 0x17, 0x83, 0x9f, 0x7a, 0x70, 0x53, 
	0x2c, 0x36, 0x3c, 0x4f, 0x63, 0x61, 0x80, 0x75, 
	0x1f, 0x20, 0x2f, 0x49, 0x4a, 0x6e, 0xb7, 0x77, 
	0x0c, 0x0d, 0x10, 0x87, 0xd2, 0xb4, 0xb9, 0x7b, 
	0x0f, 0x12, 0x0d, 0x94, 0xd3, 0xd3, 0xd6, 0x8d, 
	0x11, 0x07, 0x09, 0x8c, 0xc2, 0xac, 0xa4, 0x8b, 
	0x7a, 0x0e, 0x10, 0x29, 0x48, 0x30, 0x38, 0x3b, 
	0x32, 0x30, 0x32, 0x2e, 0x36, 0x31, 0x4f, 0x81, 
	0x6f, 0x14, 0x16, 0x23, 0x7b, 0x88, 0x80, 0x98, 
	0x68, 0x23, 0x27, 0x22, 0x4b, 0x61, 0x4f, 0x8a, 
	0x59, 0x1d, 0x28, 0x2b, 0x3c, 0x6c, 0xa9, 0xa8, 
	0x77, 0x12, 0x17, 0x11, 0x84, 0xb3, 0xaf, 0xb9, 
	0x87, 0x16, 0x0f, 0x10, 0x89, 0xd0, 0xbf, 0xc0, 
	0x6b, 0x0b, 0x09, 0x11, 0x87, 0x8d, 0x94, 0xa1, 
	0xbf, 0x8b, 0x12, 0x10, 0x47, 0x37, 0x3d, 0x3f, 
	0x36, 0x44, 0x28, 0x34, 0x35, 0x3b, 0x3f, 0x76, 
	0x8c, 0x72, 0x12, 0x15, 0x19, 0x6d, 0xa0, 0xb6, 
	0xb5, 0x7e, 0x13, 0x25, 0x3b, 0x4a, 0x4f, 0x68, 
	0x5b, 0x47, 0x37, 0x36, 0x38, 0x52, 0x94, 0x91, 
	0x95, 0x65, 0x1b, 0x1b, 0x11, 0x83, 0xbb, 0xd4, 
	0xd6, 0x89, 0x08, 0x0d, 0x0b, 0x94, 0xaf, 0xb6, 
	0x90, 0x53, 0x10, 0x22, 0x1b, 0x66, 0xb3, 0xc1, 
	
};

Vtx INTRO_SCREEN_Image_mesh_vtx_cull[8] = {
	{{ {-1140, -638, 0}, 0, {0, 0}, {0, 0, 0, 0} }},
	{{ {-1140, -638, 0}, 0, {0, 0}, {0, 0, 0, 0} }},
	{{ {-1140, 638, 0}, 0, {0, 0}, {0, 0, 0, 0} }},
	{{ {-1140, 638, 0}, 0, {0, 0}, {0, 0, 0, 0} }},
	{{ {1140, -638, 0}, 0, {0, 0}, {0, 0, 0, 0} }},
	{{ {1140, -638, 0}, 0, {0, 0}, {0, 0, 0, 0} }},
	{{ {1140, 638, 0}, 0, {0, 0}, {0, 0, 0, 0} }},
	{{ {1140, 638, 0}, 0, {0, 0}, {0, 0, 0, 0} }},
};

Vtx INTRO_SCREEN_Image_mesh_vtx_0[4] = {
	{{ {-1000, 259, 0}, 0, {16, 976}, {0, 0, 127, 255} }},
	{{ {-761, 498, 0}, 0, {976, 16}, {0, 0, 127, 255} }},
	{{ {-1000, 498, 0}, 0, {16, 16}, {0, 0, 127, 255} }},
	{{ {-761, 259, 0}, 0, {976, 976}, {0, 0, 127, 255} }},
};

Gfx INTRO_SCREEN_Image_mesh_tri_0[] = {
	gsSPVertex(INTRO_SCREEN_Image_mesh_vtx_0 + 0, 4, 0),
	gsSP2Triangles(0, 1, 2, 0, 0, 3, 1, 0),
	gsSPEndDisplayList(),
};

Vtx INTRO_SCREEN_Image_mesh_vtx_1[4] = {
	{{ {-1000, 20, 0}, 0, {16, 976}, {0, 0, 127, 255} }},
	{{ {-761, 259, 0}, 0, {976, 16}, {0, 0, 127, 255} }},
	{{ {-1000, 259, 0}, 0, {16, 16}, {0, 0, 127, 255} }},
	{{ {-761, 20, 0}, 0, {976, 976}, {0, 0, 127, 255} }},
};

Gfx INTRO_SCREEN_Image_mesh_tri_1[] = {
	gsSPVertex(INTRO_SCREEN_Image_mesh_vtx_1 + 0, 4, 0),
	gsSP2Triangles(0, 1, 2, 0, 0, 3, 1, 0),
	gsSPEndDisplayList(),
};

Vtx INTRO_SCREEN_Image_mesh_vtx_2[4] = {
	{{ {-1000, -219, 0}, 0, {16, 976}, {0, 0, 127, 255} }},
	{{ {-761, 20, 0}, 0, {976, 16}, {0, 0, 127, 255} }},
	{{ {-1000, 20, 0}, 0, {16, 16}, {0, 0, 127, 255} }},
	{{ {-761, -219, 0}, 0, {976, 976}, {0, 0, 127, 255} }},
};

Gfx INTRO_SCREEN_Image_mesh_tri_2[] = {
	gsSPVertex(INTRO_SCREEN_Image_mesh_vtx_2 + 0, 4, 0),
	gsSP2Triangles(0, 1, 2, 0, 0, 3, 1, 0),
	gsSPEndDisplayList(),
};

Vtx INTRO_SCREEN_Image_mesh_vtx_3[4] = {
	{{ {-1000, -458, 0}, 0, {16, 976}, {0, 0, 127, 255} }},
	{{ {-761, -219, 0}, 0, {976, 16}, {0, 0, 127, 255} }},
	{{ {-1000, -219, 0}, 0, {16, 16}, {0, 0, 127, 255} }},
	{{ {-761, -458, 0}, 0, {976, 976}, {0, 0, 127, 255} }},
};

Gfx INTRO_SCREEN_Image_mesh_tri_3[] = {
	gsSPVertex(INTRO_SCREEN_Image_mesh_vtx_3 + 0, 4, 0),
	gsSP2Triangles(0, 1, 2, 0, 0, 3, 1, 0),
	gsSPEndDisplayList(),
};

Vtx INTRO_SCREEN_Image_mesh_vtx_4[4] = {
	{{ {-761, 259, 0}, 0, {16, 976}, {0, 0, 127, 255} }},
	{{ {-522, 498, 0}, 0, {976, 16}, {0, 0, 127, 255} }},
	{{ {-761, 498, 0}, 0, {16, 16}, {0, 0, 127, 255} }},
	{{ {-522, 259, 0}, 0, {976, 976}, {0, 0, 127, 255} }},
};

Gfx INTRO_SCREEN_Image_mesh_tri_4[] = {
	gsSPVertex(INTRO_SCREEN_Image_mesh_vtx_4 + 0, 4, 0),
	gsSP2Triangles(0, 1, 2, 0, 0, 3, 1, 0),
	gsSPEndDisplayList(),
};

Vtx INTRO_SCREEN_Image_mesh_vtx_5[4] = {
	{{ {-761, 20, 0}, 0, {16, 976}, {0, 0, 127, 255} }},
	{{ {-522, 259, 0}, 0, {976, 16}, {0, 0, 127, 255} }},
	{{ {-761, 259, 0}, 0, {16, 16}, {0, 0, 127, 255} }},
	{{ {-522, 20, 0}, 0, {976, 976}, {0, 0, 127, 255} }},
};

Gfx INTRO_SCREEN_Image_mesh_tri_5[] = {
	gsSPVertex(INTRO_SCREEN_Image_mesh_vtx_5 + 0, 4, 0),
	gsSP2Triangles(0, 1, 2, 0, 0, 3, 1, 0),
	gsSPEndDisplayList(),
};

Vtx INTRO_SCREEN_Image_mesh_vtx_6[4] = {
	{{ {-761, -219, 0}, 0, {16, 976}, {0, 0, 127, 255} }},
	{{ {-522, 20, 0}, 0, {976, 16}, {0, 0, 127, 255} }},
	{{ {-761, 20, 0}, 0, {16, 16}, {0, 0, 127, 255} }},
	{{ {-522, -219, 0}, 0, {976, 976}, {0, 0, 127, 255} }},
};

Gfx INTRO_SCREEN_Image_mesh_tri_6[] = {
	gsSPVertex(INTRO_SCREEN_Image_mesh_vtx_6 + 0, 4, 0),
	gsSP2Triangles(0, 1, 2, 0, 0, 3, 1, 0),
	gsSPEndDisplayList(),
};

Vtx INTRO_SCREEN_Image_mesh_vtx_7[4] = {
	{{ {-761, -458, 0}, 0, {16, 976}, {0, 0, 127, 255} }},
	{{ {-522, -219, 0}, 0, {976, 16}, {0, 0, 127, 255} }},
	{{ {-761, -219, 0}, 0, {16, 16}, {0, 0, 127, 255} }},
	{{ {-522, -458, 0}, 0, {976, 976}, {0, 0, 127, 255} }},
};

Gfx INTRO_SCREEN_Image_mesh_tri_7[] = {
	gsSPVertex(INTRO_SCREEN_Image_mesh_vtx_7 + 0, 4, 0),
	gsSP2Triangles(0, 1, 2, 0, 0, 3, 1, 0),
	gsSPEndDisplayList(),
};

Vtx INTRO_SCREEN_Image_mesh_vtx_8[4] = {
	{{ {-522, 259, 0}, 0, {16, 976}, {0, 0, 127, 255} }},
	{{ {-283, 498, 0}, 0, {976, 16}, {0, 0, 127, 255} }},
	{{ {-522, 498, 0}, 0, {16, 16}, {0, 0, 127, 255} }},
	{{ {-283, 259, 0}, 0, {976, 976}, {0, 0, 127, 255} }},
};

Gfx INTRO_SCREEN_Image_mesh_tri_8[] = {
	gsSPVertex(INTRO_SCREEN_Image_mesh_vtx_8 + 0, 4, 0),
	gsSP2Triangles(0, 1, 2, 0, 0, 3, 1, 0),
	gsSPEndDisplayList(),
};

Vtx INTRO_SCREEN_Image_mesh_vtx_9[4] = {
	{{ {-522, 20, 0}, 0, {16, 976}, {0, 0, 127, 255} }},
	{{ {-283, 259, 0}, 0, {976, 16}, {0, 0, 127, 255} }},
	{{ {-522, 259, 0}, 0, {16, 16}, {0, 0, 127, 255} }},
	{{ {-283, 20, 0}, 0, {976, 976}, {0, 0, 127, 255} }},
};

Gfx INTRO_SCREEN_Image_mesh_tri_9[] = {
	gsSPVertex(INTRO_SCREEN_Image_mesh_vtx_9 + 0, 4, 0),
	gsSP2Triangles(0, 1, 2, 0, 0, 3, 1, 0),
	gsSPEndDisplayList(),
};

Vtx INTRO_SCREEN_Image_mesh_vtx_10[4] = {
	{{ {-522, -219, 0}, 0, {16, 976}, {0, 0, 127, 255} }},
	{{ {-283, 20, 0}, 0, {976, 16}, {0, 0, 127, 255} }},
	{{ {-522, 20, 0}, 0, {16, 16}, {0, 0, 127, 255} }},
	{{ {-283, -219, 0}, 0, {976, 976}, {0, 0, 127, 255} }},
};

Gfx INTRO_SCREEN_Image_mesh_tri_10[] = {
	gsSPVertex(INTRO_SCREEN_Image_mesh_vtx_10 + 0, 4, 0),
	gsSP2Triangles(0, 1, 2, 0, 0, 3, 1, 0),
	gsSPEndDisplayList(),
};

Vtx INTRO_SCREEN_Image_mesh_vtx_11[4] = {
	{{ {-522, -458, 0}, 0, {16, 976}, {0, 0, 127, 255} }},
	{{ {-283, -219, 0}, 0, {976, 16}, {0, 0, 127, 255} }},
	{{ {-522, -219, 0}, 0, {16, 16}, {0, 0, 127, 255} }},
	{{ {-283, -458, 0}, 0, {976, 976}, {0, 0, 127, 255} }},
};

Gfx INTRO_SCREEN_Image_mesh_tri_11[] = {
	gsSPVertex(INTRO_SCREEN_Image_mesh_vtx_11 + 0, 4, 0),
	gsSP2Triangles(0, 1, 2, 0, 0, 3, 1, 0),
	gsSPEndDisplayList(),
};

Vtx INTRO_SCREEN_Image_mesh_vtx_12[4] = {
	{{ {-283, 259, 0}, 0, {16, 976}, {0, 0, 127, 255} }},
	{{ {-44, 498, 0}, 0, {976, 16}, {0, 0, 127, 255} }},
	{{ {-283, 498, 0}, 0, {16, 16}, {0, 0, 127, 255} }},
	{{ {-44, 259, 0}, 0, {976, 976}, {0, 0, 127, 255} }},
};

Gfx INTRO_SCREEN_Image_mesh_tri_12[] = {
	gsSPVertex(INTRO_SCREEN_Image_mesh_vtx_12 + 0, 4, 0),
	gsSP2Triangles(0, 1, 2, 0, 0, 3, 1, 0),
	gsSPEndDisplayList(),
};

Vtx INTRO_SCREEN_Image_mesh_vtx_13[4] = {
	{{ {-283, 20, 0}, 0, {16, 976}, {0, 0, 127, 255} }},
	{{ {-44, 259, 0}, 0, {976, 16}, {0, 0, 127, 255} }},
	{{ {-283, 259, 0}, 0, {16, 16}, {0, 0, 127, 255} }},
	{{ {-44, 20, 0}, 0, {976, 976}, {0, 0, 127, 255} }},
};

Gfx INTRO_SCREEN_Image_mesh_tri_13[] = {
	gsSPVertex(INTRO_SCREEN_Image_mesh_vtx_13 + 0, 4, 0),
	gsSP2Triangles(0, 1, 2, 0, 0, 3, 1, 0),
	gsSPEndDisplayList(),
};

Vtx INTRO_SCREEN_Image_mesh_vtx_14[4] = {
	{{ {-283, -219, 0}, 0, {16, 976}, {0, 0, 127, 255} }},
	{{ {-44, 20, 0}, 0, {976, 16}, {0, 0, 127, 255} }},
	{{ {-283, 20, 0}, 0, {16, 16}, {0, 0, 127, 255} }},
	{{ {-44, -219, 0}, 0, {976, 976}, {0, 0, 127, 255} }},
};

Gfx INTRO_SCREEN_Image_mesh_tri_14[] = {
	gsSPVertex(INTRO_SCREEN_Image_mesh_vtx_14 + 0, 4, 0),
	gsSP2Triangles(0, 1, 2, 0, 0, 3, 1, 0),
	gsSPEndDisplayList(),
};

Vtx INTRO_SCREEN_Image_mesh_vtx_15[4] = {
	{{ {-283, -458, 0}, 0, {16, 976}, {0, 0, 127, 255} }},
	{{ {-44, -219, 0}, 0, {976, 16}, {0, 0, 127, 255} }},
	{{ {-283, -219, 0}, 0, {16, 16}, {0, 0, 127, 255} }},
	{{ {-44, -458, 0}, 0, {976, 976}, {0, 0, 127, 255} }},
};

Gfx INTRO_SCREEN_Image_mesh_tri_15[] = {
	gsSPVertex(INTRO_SCREEN_Image_mesh_vtx_15 + 0, 4, 0),
	gsSP2Triangles(0, 1, 2, 0, 0, 3, 1, 0),
	gsSPEndDisplayList(),
};

Vtx INTRO_SCREEN_Image_mesh_vtx_16[4] = {
	{{ {-44, 259, 0}, 0, {16, 976}, {0, 0, 127, 255} }},
	{{ {195, 498, 0}, 0, {976, 16}, {0, 0, 127, 255} }},
	{{ {-44, 498, 0}, 0, {16, 16}, {0, 0, 127, 255} }},
	{{ {195, 259, 0}, 0, {976, 976}, {0, 0, 127, 255} }},
};

Gfx INTRO_SCREEN_Image_mesh_tri_16[] = {
	gsSPVertex(INTRO_SCREEN_Image_mesh_vtx_16 + 0, 4, 0),
	gsSP2Triangles(0, 1, 2, 0, 0, 3, 1, 0),
	gsSPEndDisplayList(),
};

Vtx INTRO_SCREEN_Image_mesh_vtx_17[4] = {
	{{ {-44, 20, 0}, 0, {16, 976}, {0, 0, 127, 255} }},
	{{ {195, 259, 0}, 0, {976, 16}, {0, 0, 127, 255} }},
	{{ {-44, 259, 0}, 0, {16, 16}, {0, 0, 127, 255} }},
	{{ {195, 20, 0}, 0, {976, 976}, {0, 0, 127, 255} }},
};

Gfx INTRO_SCREEN_Image_mesh_tri_17[] = {
	gsSPVertex(INTRO_SCREEN_Image_mesh_vtx_17 + 0, 4, 0),
	gsSP2Triangles(0, 1, 2, 0, 0, 3, 1, 0),
	gsSPEndDisplayList(),
};

Vtx INTRO_SCREEN_Image_mesh_vtx_18[4] = {
	{{ {-44, -219, 0}, 0, {16, 976}, {0, 0, 127, 255} }},
	{{ {195, 20, 0}, 0, {976, 16}, {0, 0, 127, 255} }},
	{{ {-44, 20, 0}, 0, {16, 16}, {0, 0, 127, 255} }},
	{{ {195, -219, 0}, 0, {976, 976}, {0, 0, 127, 255} }},
};

Gfx INTRO_SCREEN_Image_mesh_tri_18[] = {
	gsSPVertex(INTRO_SCREEN_Image_mesh_vtx_18 + 0, 4, 0),
	gsSP2Triangles(0, 1, 2, 0, 0, 3, 1, 0),
	gsSPEndDisplayList(),
};

Vtx INTRO_SCREEN_Image_mesh_vtx_19[4] = {
	{{ {-44, -458, 0}, 0, {16, 976}, {0, 0, 127, 255} }},
	{{ {195, -219, 0}, 0, {976, 16}, {0, 0, 127, 255} }},
	{{ {-44, -219, 0}, 0, {16, 16}, {0, 0, 127, 255} }},
	{{ {195, -458, 0}, 0, {976, 976}, {0, 0, 127, 255} }},
};

Gfx INTRO_SCREEN_Image_mesh_tri_19[] = {
	gsSPVertex(INTRO_SCREEN_Image_mesh_vtx_19 + 0, 4, 0),
	gsSP2Triangles(0, 1, 2, 0, 0, 3, 1, 0),
	gsSPEndDisplayList(),
};

Vtx INTRO_SCREEN_Image_mesh_vtx_20[4] = {
	{{ {195, 259, 0}, 0, {16, 976}, {0, 0, 127, 255} }},
	{{ {434, 498, 0}, 0, {976, 16}, {0, 0, 127, 255} }},
	{{ {195, 498, 0}, 0, {16, 16}, {0, 0, 127, 255} }},
	{{ {434, 259, 0}, 0, {976, 976}, {0, 0, 127, 255} }},
};

Gfx INTRO_SCREEN_Image_mesh_tri_20[] = {
	gsSPVertex(INTRO_SCREEN_Image_mesh_vtx_20 + 0, 4, 0),
	gsSP2Triangles(0, 1, 2, 0, 0, 3, 1, 0),
	gsSPEndDisplayList(),
};

Vtx INTRO_SCREEN_Image_mesh_vtx_21[4] = {
	{{ {195, 20, 0}, 0, {16, 976}, {0, 0, 127, 255} }},
	{{ {434, 259, 0}, 0, {976, 16}, {0, 0, 127, 255} }},
	{{ {195, 259, 0}, 0, {16, 16}, {0, 0, 127, 255} }},
	{{ {434, 20, 0}, 0, {976, 976}, {0, 0, 127, 255} }},
};

Gfx INTRO_SCREEN_Image_mesh_tri_21[] = {
	gsSPVertex(INTRO_SCREEN_Image_mesh_vtx_21 + 0, 4, 0),
	gsSP2Triangles(0, 1, 2, 0, 0, 3, 1, 0),
	gsSPEndDisplayList(),
};

Vtx INTRO_SCREEN_Image_mesh_vtx_22[4] = {
	{{ {195, -219, 0}, 0, {16, 976}, {0, 0, 127, 255} }},
	{{ {434, 20, 0}, 0, {976, 16}, {0, 0, 127, 255} }},
	{{ {195, 20, 0}, 0, {16, 16}, {0, 0, 127, 255} }},
	{{ {434, -219, 0}, 0, {976, 976}, {0, 0, 127, 255} }},
};

Gfx INTRO_SCREEN_Image_mesh_tri_22[] = {
	gsSPVertex(INTRO_SCREEN_Image_mesh_vtx_22 + 0, 4, 0),
	gsSP2Triangles(0, 1, 2, 0, 0, 3, 1, 0),
	gsSPEndDisplayList(),
};

Vtx INTRO_SCREEN_Image_mesh_vtx_23[4] = {
	{{ {195, -458, 0}, 0, {16, 976}, {0, 0, 127, 255} }},
	{{ {434, -219, 0}, 0, {976, 16}, {0, 0, 127, 255} }},
	{{ {195, -219, 0}, 0, {16, 16}, {0, 0, 127, 255} }},
	{{ {434, -458, 0}, 0, {976, 976}, {0, 0, 127, 255} }},
};

Gfx INTRO_SCREEN_Image_mesh_tri_23[] = {
	gsSPVertex(INTRO_SCREEN_Image_mesh_vtx_23 + 0, 4, 0),
	gsSP2Triangles(0, 1, 2, 0, 0, 3, 1, 0),
	gsSPEndDisplayList(),
};

Vtx INTRO_SCREEN_Image_mesh_vtx_24[4] = {
	{{ {434, 259, 0}, 0, {16, 976}, {0, 0, 127, 255} }},
	{{ {673, 498, 0}, 0, {976, 16}, {0, 0, 127, 255} }},
	{{ {434, 498, 0}, 0, {16, 16}, {0, 0, 127, 255} }},
	{{ {673, 259, 0}, 0, {976, 976}, {0, 0, 127, 255} }},
};

Gfx INTRO_SCREEN_Image_mesh_tri_24[] = {
	gsSPVertex(INTRO_SCREEN_Image_mesh_vtx_24 + 0, 4, 0),
	gsSP2Triangles(0, 1, 2, 0, 0, 3, 1, 0),
	gsSPEndDisplayList(),
};

Vtx INTRO_SCREEN_Image_mesh_vtx_25[4] = {
	{{ {434, 20, 0}, 0, {16, 976}, {0, 0, 127, 255} }},
	{{ {673, 259, 0}, 0, {976, 16}, {0, 0, 127, 255} }},
	{{ {434, 259, 0}, 0, {16, 16}, {0, 0, 127, 255} }},
	{{ {673, 20, 0}, 0, {976, 976}, {0, 0, 127, 255} }},
};

Gfx INTRO_SCREEN_Image_mesh_tri_25[] = {
	gsSPVertex(INTRO_SCREEN_Image_mesh_vtx_25 + 0, 4, 0),
	gsSP2Triangles(0, 1, 2, 0, 0, 3, 1, 0),
	gsSPEndDisplayList(),
};

Vtx INTRO_SCREEN_Image_mesh_vtx_26[4] = {
	{{ {434, -219, 0}, 0, {16, 976}, {0, 0, 127, 255} }},
	{{ {673, 20, 0}, 0, {976, 16}, {0, 0, 127, 255} }},
	{{ {434, 20, 0}, 0, {16, 16}, {0, 0, 127, 255} }},
	{{ {673, -219, 0}, 0, {976, 976}, {0, 0, 127, 255} }},
};

Gfx INTRO_SCREEN_Image_mesh_tri_26[] = {
	gsSPVertex(INTRO_SCREEN_Image_mesh_vtx_26 + 0, 4, 0),
	gsSP2Triangles(0, 1, 2, 0, 0, 3, 1, 0),
	gsSPEndDisplayList(),
};

Vtx INTRO_SCREEN_Image_mesh_vtx_27[4] = {
	{{ {434, -458, 0}, 0, {16, 976}, {0, 0, 127, 255} }},
	{{ {673, -219, 0}, 0, {976, 16}, {0, 0, 127, 255} }},
	{{ {434, -219, 0}, 0, {16, 16}, {0, 0, 127, 255} }},
	{{ {673, -458, 0}, 0, {976, 976}, {0, 0, 127, 255} }},
};

Gfx INTRO_SCREEN_Image_mesh_tri_27[] = {
	gsSPVertex(INTRO_SCREEN_Image_mesh_vtx_27 + 0, 4, 0),
	gsSP2Triangles(0, 1, 2, 0, 0, 3, 1, 0),
	gsSPEndDisplayList(),
};

Vtx INTRO_SCREEN_Image_mesh_vtx_28[4] = {
	{{ {673, 259, 0}, 0, {16, 976}, {0, 0, 127, 255} }},
	{{ {912, 498, 0}, 0, {976, 16}, {0, 0, 127, 255} }},
	{{ {673, 498, 0}, 0, {16, 16}, {0, 0, 127, 255} }},
	{{ {912, 259, 0}, 0, {976, 976}, {0, 0, 127, 255} }},
};

Gfx INTRO_SCREEN_Image_mesh_tri_28[] = {
	gsSPVertex(INTRO_SCREEN_Image_mesh_vtx_28 + 0, 4, 0),
	gsSP2Triangles(0, 1, 2, 0, 0, 3, 1, 0),
	gsSPEndDisplayList(),
};

Vtx INTRO_SCREEN_Image_mesh_vtx_29[4] = {
	{{ {673, 20, 0}, 0, {16, 976}, {0, 0, 127, 255} }},
	{{ {912, 259, 0}, 0, {976, 16}, {0, 0, 127, 255} }},
	{{ {673, 259, 0}, 0, {16, 16}, {0, 0, 127, 255} }},
	{{ {912, 20, 0}, 0, {976, 976}, {0, 0, 127, 255} }},
};

Gfx INTRO_SCREEN_Image_mesh_tri_29[] = {
	gsSPVertex(INTRO_SCREEN_Image_mesh_vtx_29 + 0, 4, 0),
	gsSP2Triangles(0, 1, 2, 0, 0, 3, 1, 0),
	gsSPEndDisplayList(),
};

Vtx INTRO_SCREEN_Image_mesh_vtx_30[4] = {
	{{ {673, -219, 0}, 0, {16, 976}, {0, 0, 127, 255} }},
	{{ {912, 20, 0}, 0, {976, 16}, {0, 0, 127, 255} }},
	{{ {673, 20, 0}, 0, {16, 16}, {0, 0, 127, 255} }},
	{{ {912, -219, 0}, 0, {976, 976}, {0, 0, 127, 255} }},
};

Gfx INTRO_SCREEN_Image_mesh_tri_30[] = {
	gsSPVertex(INTRO_SCREEN_Image_mesh_vtx_30 + 0, 4, 0),
	gsSP2Triangles(0, 1, 2, 0, 0, 3, 1, 0),
	gsSPEndDisplayList(),
};

Vtx INTRO_SCREEN_Image_mesh_vtx_31[4] = {
	{{ {673, -458, 0}, 0, {16, 976}, {0, 0, 127, 255} }},
	{{ {912, -219, 0}, 0, {976, 16}, {0, 0, 127, 255} }},
	{{ {673, -219, 0}, 0, {16, 16}, {0, 0, 127, 255} }},
	{{ {912, -458, 0}, 0, {976, 976}, {0, 0, 127, 255} }},
};

Gfx INTRO_SCREEN_Image_mesh_tri_31[] = {
	gsSPVertex(INTRO_SCREEN_Image_mesh_vtx_31 + 0, 4, 0),
	gsSP2Triangles(0, 1, 2, 0, 0, 3, 1, 0),
	gsSPEndDisplayList(),
};

Vtx INTRO_SCREEN_Image_mesh_vtx_32[10] = {
	{{ {-1000, -498, 0}, 0, {16, 176}, {0, 0, 127, 255} }},
	{{ {-761, -458, 0}, 0, {976, 16}, {0, 0, 127, 255} }},
	{{ {-1000, -458, 0}, 0, {16, 16}, {0, 0, 127, 255} }},
	{{ {-761, -498, 0}, 0, {976, 176}, {0, 0, 127, 255} }},
	{{ {-522, -458, 0}, 0, {1936, 16}, {0, 0, 127, 255} }},
	{{ {-522, -498, 0}, 0, {1936, 176}, {0, 0, 127, 255} }},
	{{ {-283, -458, 0}, 0, {2896, 16}, {0, 0, 127, 255} }},
	{{ {-283, -498, 0}, 0, {2896, 176}, {0, 0, 127, 255} }},
	{{ {-44, -458, 0}, 0, {3856, 16}, {0, 0, 127, 255} }},
	{{ {-44, -498, 0}, 0, {3856, 176}, {0, 0, 127, 255} }},
};

Gfx INTRO_SCREEN_Image_mesh_tri_32[] = {
	gsSPVertex(INTRO_SCREEN_Image_mesh_vtx_32 + 0, 10, 0),
	gsSP2Triangles(0, 1, 2, 0, 0, 3, 1, 0),
	gsSP2Triangles(3, 4, 1, 0, 3, 5, 4, 0),
	gsSP2Triangles(5, 6, 4, 0, 5, 7, 6, 0),
	gsSP2Triangles(7, 8, 6, 0, 7, 9, 8, 0),
	gsSPEndDisplayList(),
};

Vtx INTRO_SCREEN_Image_mesh_vtx_33[10] = {
	{{ {-44, -498, 0}, 0, {16, 176}, {0, 0, 127, 255} }},
	{{ {195, -458, 0}, 0, {976, 16}, {0, 0, 127, 255} }},
	{{ {-44, -458, 0}, 0, {16, 16}, {0, 0, 127, 255} }},
	{{ {195, -498, 0}, 0, {976, 176}, {0, 0, 127, 255} }},
	{{ {434, -458, 0}, 0, {1936, 16}, {0, 0, 127, 255} }},
	{{ {434, -498, 0}, 0, {1936, 176}, {0, 0, 127, 255} }},
	{{ {673, -458, 0}, 0, {2896, 16}, {0, 0, 127, 255} }},
	{{ {673, -498, 0}, 0, {2896, 176}, {0, 0, 127, 255} }},
	{{ {912, -458, 0}, 0, {3856, 16}, {0, 0, 127, 255} }},
	{{ {912, -498, 0}, 0, {3856, 176}, {0, 0, 127, 255} }},
};

Gfx INTRO_SCREEN_Image_mesh_tri_33[] = {
	gsSPVertex(INTRO_SCREEN_Image_mesh_vtx_33 + 0, 10, 0),
	gsSP2Triangles(0, 1, 2, 0, 0, 3, 1, 0),
	gsSP2Triangles(3, 4, 1, 0, 3, 5, 4, 0),
	gsSP2Triangles(5, 6, 4, 0, 5, 7, 6, 0),
	gsSP2Triangles(7, 8, 6, 0, 7, 9, 8, 0),
	gsSPEndDisplayList(),
};

Vtx INTRO_SCREEN_Image_mesh_vtx_34[6] = {
	{{ {912, 259, 0}, 0, {16, 976}, {0, 0, 127, 255} }},
	{{ {1000, 498, 0}, 0, {368, 16}, {0, 0, 127, 255} }},
	{{ {912, 498, 0}, 0, {16, 16}, {0, 0, 127, 255} }},
	{{ {1000, 259, 0}, 0, {368, 976}, {0, 0, 127, 255} }},
	{{ {912, 20, 0}, 0, {16, 1936}, {0, 0, 127, 255} }},
	{{ {1000, 20, 0}, 0, {368, 1936}, {0, 0, 127, 255} }},
};

Gfx INTRO_SCREEN_Image_mesh_tri_34[] = {
	gsSPVertex(INTRO_SCREEN_Image_mesh_vtx_34 + 0, 6, 0),
	gsSP2Triangles(0, 1, 2, 0, 0, 3, 1, 0),
	gsSP2Triangles(4, 3, 0, 0, 4, 5, 3, 0),
	gsSPEndDisplayList(),
};

Vtx INTRO_SCREEN_Image_mesh_vtx_35[6] = {
	{{ {912, -219, 0}, 0, {16, 976}, {0, 0, 127, 255} }},
	{{ {1000, 20, 0}, 0, {368, 16}, {0, 0, 127, 255} }},
	{{ {912, 20, 0}, 0, {16, 16}, {0, 0, 127, 255} }},
	{{ {1000, -219, 0}, 0, {368, 976}, {0, 0, 127, 255} }},
	{{ {912, -458, 0}, 0, {16, 1936}, {0, 0, 127, 255} }},
	{{ {1000, -458, 0}, 0, {368, 1936}, {0, 0, 127, 255} }},
};

Gfx INTRO_SCREEN_Image_mesh_tri_35[] = {
	gsSPVertex(INTRO_SCREEN_Image_mesh_vtx_35 + 0, 6, 0),
	gsSP2Triangles(0, 1, 2, 0, 0, 3, 1, 0),
	gsSP2Triangles(4, 3, 0, 0, 4, 5, 3, 0),
	gsSPEndDisplayList(),
};

Vtx INTRO_SCREEN_Image_mesh_vtx_36[4] = {
	{{ {912, -498, 0}, 0, {16, 176}, {0, 0, 127, 255} }},
	{{ {1000, -458, 0}, 0, {368, 16}, {0, 0, 127, 255} }},
	{{ {912, -458, 0}, 0, {16, 16}, {0, 0, 127, 255} }},
	{{ {1000, -498, 0}, 0, {368, 176}, {0, 0, 127, 255} }},
};

Gfx INTRO_SCREEN_Image_mesh_tri_36[] = {
	gsSPVertex(INTRO_SCREEN_Image_mesh_vtx_36 + 0, 4, 0),
	gsSP2Triangles(0, 1, 2, 0, 0, 3, 1, 0),
	gsSPEndDisplayList(),
};

Vtx INTRO_SCREEN_Image_mesh_vtx_37[60] = {
	{{ {912, -498, 0}, 0, {-755, 1982}, {203, 182, 164, 255} }},
	{{ {673, -498, 0}, 0, {-265, 1982}, {203, 182, 164, 255} }},
	{{ {768, -638, 0}, 0, {-458, 2269}, {203, 182, 164, 255} }},
	{{ {495, -638, 0}, 0, {100, 2269}, {203, 182, 164, 255} }},
	{{ {434, -498, 0}, 0, {225, 1982}, {203, 182, 164, 255} }},
	{{ {223, -638, 0}, 0, {659, 2269}, {203, 182, 164, 255} }},
	{{ {195, -498, 0}, 0, {715, 1982}, {203, 182, 164, 255} }},
	{{ {-50, -638, 0}, 0, {1218, 2269}, {203, 182, 164, 255} }},
	{{ {-44, -498, 0}, 0, {1205, 1982}, {203, 182, 164, 255} }},
	{{ {-322, -638, 0}, 0, {1776, 2269}, {203, 182, 164, 255} }},
	{{ {-283, -498, 0}, 0, {1695, 1982}, {203, 182, 164, 255} }},
	{{ {-595, -638, 0}, 0, {2335, 2269}, {203, 182, 164, 255} }},
	{{ {-522, -498, 0}, 0, {2185, 1982}, {203, 182, 164, 255} }},
	{{ {-867, -638, 0}, 0, {2894, 2269}, {203, 182, 164, 255} }},
	{{ {-761, -498, 0}, 0, {2675, 1982}, {203, 182, 164, 255} }},
	{{ {-1140, -638, 0}, 0, {3452, 2269}, {203, 182, 164, 255} }},
	{{ {-1000, -498, 0}, 0, {3165, 1982}, {203, 182, 164, 255} }},
	{{ {-1140, -522, 0}, 0, {3452, 2032}, {203, 182, 164, 255} }},
	{{ {-1000, -458, 0}, 0, {3165, 1900}, {203, 182, 164, 255} }},
	{{ {-1140, -250, 0}, 0, {3452, 1473}, {203, 182, 164, 255} }},
	{{ {-1000, -219, 0}, 0, {3165, 1410}, {203, 182, 164, 255} }},
	{{ {-1140, 23, 0}, 0, {3452, 914}, {203, 182, 164, 255} }},
	{{ {-1000, 20, 0}, 0, {3165, 920}, {203, 182, 164, 255} }},
	{{ {-1140, 295, 0}, 0, {3452, 356}, {203, 182, 164, 255} }},
	{{ {-1000, 259, 0}, 0, {3165, 430}, {203, 182, 164, 255} }},
	{{ {-1140, 638, 0}, 0, {3452, -347}, {203, 182, 164, 255} }},
	{{ {-1000, 498, 0}, 0, {3165, -60}, {203, 182, 164, 255} }},
	{{ {-867, 638, 0}, 0, {2894, -347}, {203, 182, 164, 255} }},
	{{ {-761, 498, 0}, 0, {2675, -60}, {203, 182, 164, 255} }},
	{{ {-595, 638, 0}, 0, {2335, -347}, {203, 182, 164, 255} }},
	{{ {-522, 498, 0}, 0, {2185, -60}, {203, 182, 164, 255} }},
	{{ {-322, 638, 0}, 0, {1776, -347}, {203, 182, 164, 255} }},
	{{ {-522, 498, 0}, 0, {2185, -60}, {203, 182, 164, 255} }},
	{{ {-283, 498, 0}, 0, {1695, -60}, {203, 182, 164, 255} }},
	{{ {-322, 638, 0}, 0, {1776, -347}, {203, 182, 164, 255} }},
	{{ {-50, 638, 0}, 0, {1218, -347}, {203, 182, 164, 255} }},
	{{ {-44, 498, 0}, 0, {1205, -60}, {203, 182, 164, 255} }},
	{{ {223, 638, 0}, 0, {659, -347}, {203, 182, 164, 255} }},
	{{ {195, 498, 0}, 0, {715, -60}, {203, 182, 164, 255} }},
	{{ {495, 638, 0}, 0, {100, -347}, {203, 182, 164, 255} }},
	{{ {434, 498, 0}, 0, {225, -60}, {203, 182, 164, 255} }},
	{{ {768, 638, 0}, 0, {-458, -347}, {203, 182, 164, 255} }},
	{{ {673, 498, 0}, 0, {-265, -60}, {203, 182, 164, 255} }},
	{{ {1040, 638, 0}, 0, {-1017, -347}, {203, 182, 164, 255} }},
	{{ {912, 498, 0}, 0, {-755, -60}, {203, 182, 164, 255} }},
	{{ {1140, 638, 0}, 0, {-1222, -347}, {203, 182, 164, 255} }},
	{{ {1000, 498, 0}, 0, {-935, -60}, {203, 182, 164, 255} }},
	{{ {1140, 295, 0}, 0, {-1222, 356}, {203, 182, 164, 255} }},
	{{ {1000, 259, 0}, 0, {-935, 430}, {203, 182, 164, 255} }},
	{{ {1140, 23, 0}, 0, {-1222, 914}, {203, 182, 164, 255} }},
	{{ {1000, 20, 0}, 0, {-935, 920}, {203, 182, 164, 255} }},
	{{ {1140, -250, 0}, 0, {-1222, 1473}, {203, 182, 164, 255} }},
	{{ {1000, -219, 0}, 0, {-935, 1410}, {203, 182, 164, 255} }},
	{{ {1140, -522, 0}, 0, {-1222, 2032}, {203, 182, 164, 255} }},
	{{ {1000, -458, 0}, 0, {-935, 1900}, {203, 182, 164, 255} }},
	{{ {1140, -638, 0}, 0, {-1222, 2269}, {203, 182, 164, 255} }},
	{{ {1000, -498, 0}, 0, {-935, 1982}, {203, 182, 164, 255} }},
	{{ {1040, -638, 0}, 0, {-1017, 2269}, {203, 182, 164, 255} }},
	{{ {912, -498, 0}, 0, {-755, 1982}, {203, 182, 164, 255} }},
	{{ {768, -638, 0}, 0, {-458, 2269}, {203, 182, 164, 255} }},
};

Gfx INTRO_SCREEN_Image_mesh_tri_37[] = {
	gsSPVertex(INTRO_SCREEN_Image_mesh_vtx_37 + 0, 32, 0),
	gsSP2Triangles(0, 1, 2, 0, 1, 3, 2, 0),
	gsSP2Triangles(1, 4, 3, 0, 4, 5, 3, 0),
	gsSP2Triangles(4, 6, 5, 0, 6, 7, 5, 0),
	gsSP2Triangles(6, 8, 7, 0, 8, 9, 7, 0),
	gsSP2Triangles(8, 10, 9, 0, 10, 11, 9, 0),
	gsSP2Triangles(10, 12, 11, 0, 12, 13, 11, 0),
	gsSP2Triangles(12, 14, 13, 0, 14, 15, 13, 0),
	gsSP2Triangles(14, 16, 15, 0, 16, 17, 15, 0),
	gsSP2Triangles(16, 18, 17, 0, 18, 19, 17, 0),
	gsSP2Triangles(18, 20, 19, 0, 20, 21, 19, 0),
	gsSP2Triangles(20, 22, 21, 0, 22, 23, 21, 0),
	gsSP2Triangles(22, 24, 23, 0, 24, 25, 23, 0),
	gsSP2Triangles(24, 26, 25, 0, 26, 27, 25, 0),
	gsSP2Triangles(26, 28, 27, 0, 28, 29, 27, 0),
	gsSP2Triangles(28, 30, 29, 0, 30, 31, 29, 0),
	gsSPVertex(INTRO_SCREEN_Image_mesh_vtx_37 + 32, 28, 0),
	gsSP2Triangles(0, 1, 2, 0, 1, 3, 2, 0),
	gsSP2Triangles(1, 4, 3, 0, 4, 5, 3, 0),
	gsSP2Triangles(4, 6, 5, 0, 6, 7, 5, 0),
	gsSP2Triangles(6, 8, 7, 0, 8, 9, 7, 0),
	gsSP2Triangles(8, 10, 9, 0, 10, 11, 9, 0),
	gsSP2Triangles(10, 12, 11, 0, 12, 13, 11, 0),
	gsSP2Triangles(12, 14, 13, 0, 14, 15, 13, 0),
	gsSP2Triangles(14, 16, 15, 0, 16, 17, 15, 0),
	gsSP2Triangles(16, 18, 17, 0, 18, 19, 17, 0),
	gsSP2Triangles(18, 20, 19, 0, 20, 21, 19, 0),
	gsSP2Triangles(20, 22, 21, 0, 22, 23, 21, 0),
	gsSP2Triangles(22, 24, 23, 0, 24, 25, 23, 0),
	gsSP2Triangles(24, 26, 25, 0, 26, 27, 25, 0),
	gsSPEndDisplayList(),
};

Gfx mat_INTRO_SCREEN_tile_0_0_png_f3d[] = {
	gsSPLightColor(LIGHT_1, 0xFFFFFFFF),
	gsSPLightColor(LIGHT_2, 0x7F7F7FFF),
	gsDPPipeSync(),
	gsDPSetCombineLERP(TEXEL0, 0, SHADE, 0, 0, 0, 0, ENVIRONMENT, TEXEL0, 0, SHADE, 0, 0, 0, 0, ENVIRONMENT),
	gsDPSetAlphaDither(G_AD_NOISE),
	gsSPTexture(65535, 65535, 0, 0, 1),
	gsDPSetTextureImage(G_IM_FMT_RGBA, G_IM_SIZ_16b_LOAD_BLOCK, 1, INTRO_SCREEN_tile_0_0_rgba16),
	gsDPSetTile(G_IM_FMT_RGBA, G_IM_SIZ_16b_LOAD_BLOCK, 0, 0, 7, 0, G_TX_WRAP | G_TX_NOMIRROR, 0, 0, G_TX_WRAP | G_TX_NOMIRROR, 0, 0),
	gsDPLoadBlock(7, 0, 0, 1023, 256),
	gsDPSetTile(G_IM_FMT_RGBA, G_IM_SIZ_16b, 8, 0, 0, 0, G_TX_WRAP | G_TX_NOMIRROR, 5, 0, G_TX_WRAP | G_TX_NOMIRROR, 5, 0),
	gsDPSetTileSize(0, 0, 0, 124, 124),
	gsSPEndDisplayList(),
};

Gfx mat_revert_INTRO_SCREEN_tile_0_0_png_f3d[] = {
	gsDPPipeSync(),
	gsDPSetAlphaDither(G_AD_DISABLE),
	gsSPEndDisplayList(),
};

Gfx mat_INTRO_SCREEN_tile_0_1_png_f3d[] = {
	gsSPLightColor(LIGHT_1, 0xFFFFFFFF),
	gsSPLightColor(LIGHT_2, 0x7F7F7FFF),
	gsDPPipeSync(),
	gsDPSetCombineLERP(TEXEL0, 0, SHADE, 0, 0, 0, 0, ENVIRONMENT, TEXEL0, 0, SHADE, 0, 0, 0, 0, ENVIRONMENT),
	gsDPSetAlphaDither(G_AD_NOISE),
	gsSPTexture(65535, 65535, 0, 0, 1),
	gsDPSetTextureImage(G_IM_FMT_RGBA, G_IM_SIZ_16b_LOAD_BLOCK, 1, INTRO_SCREEN_tile_0_1_rgba16),
	gsDPSetTile(G_IM_FMT_RGBA, G_IM_SIZ_16b_LOAD_BLOCK, 0, 0, 7, 0, G_TX_WRAP | G_TX_NOMIRROR, 0, 0, G_TX_WRAP | G_TX_NOMIRROR, 0, 0),
	gsDPLoadBlock(7, 0, 0, 1023, 256),
	gsDPSetTile(G_IM_FMT_RGBA, G_IM_SIZ_16b, 8, 0, 0, 0, G_TX_WRAP | G_TX_NOMIRROR, 5, 0, G_TX_WRAP | G_TX_NOMIRROR, 5, 0),
	gsDPSetTileSize(0, 0, 0, 124, 124),
	gsSPEndDisplayList(),
};

Gfx mat_revert_INTRO_SCREEN_tile_0_1_png_f3d[] = {
	gsDPPipeSync(),
	gsDPSetAlphaDither(G_AD_DISABLE),
	gsSPEndDisplayList(),
};

Gfx mat_INTRO_SCREEN_tile_0_2_png_f3d[] = {
	gsSPLightColor(LIGHT_1, 0xFFFFFFFF),
	gsSPLightColor(LIGHT_2, 0x7F7F7FFF),
	gsDPPipeSync(),
	gsDPSetCombineLERP(TEXEL0, 0, SHADE, 0, 0, 0, 0, ENVIRONMENT, TEXEL0, 0, SHADE, 0, 0, 0, 0, ENVIRONMENT),
	gsDPSetAlphaDither(G_AD_NOISE),
	gsSPTexture(65535, 65535, 0, 0, 1),
	gsDPSetTextureImage(G_IM_FMT_RGBA, G_IM_SIZ_16b_LOAD_BLOCK, 1, INTRO_SCREEN_tile_0_2_rgba16),
	gsDPSetTile(G_IM_FMT_RGBA, G_IM_SIZ_16b_LOAD_BLOCK, 0, 0, 7, 0, G_TX_WRAP | G_TX_NOMIRROR, 0, 0, G_TX_WRAP | G_TX_NOMIRROR, 0, 0),
	gsDPLoadBlock(7, 0, 0, 1023, 256),
	gsDPSetTile(G_IM_FMT_RGBA, G_IM_SIZ_16b, 8, 0, 0, 0, G_TX_WRAP | G_TX_NOMIRROR, 5, 0, G_TX_WRAP | G_TX_NOMIRROR, 5, 0),
	gsDPSetTileSize(0, 0, 0, 124, 124),
	gsSPEndDisplayList(),
};

Gfx mat_revert_INTRO_SCREEN_tile_0_2_png_f3d[] = {
	gsDPPipeSync(),
	gsDPSetAlphaDither(G_AD_DISABLE),
	gsSPEndDisplayList(),
};

Gfx mat_INTRO_SCREEN_tile_0_3_png_f3d[] = {
	gsSPLightColor(LIGHT_1, 0xFFFFFFFF),
	gsSPLightColor(LIGHT_2, 0x7F7F7FFF),
	gsDPPipeSync(),
	gsDPSetCombineLERP(TEXEL0, 0, SHADE, 0, 0, 0, 0, ENVIRONMENT, TEXEL0, 0, SHADE, 0, 0, 0, 0, ENVIRONMENT),
	gsDPSetAlphaDither(G_AD_NOISE),
	gsSPTexture(65535, 65535, 0, 0, 1),
	gsDPSetTextureImage(G_IM_FMT_RGBA, G_IM_SIZ_16b_LOAD_BLOCK, 1, INTRO_SCREEN_tile_0_3_rgba16),
	gsDPSetTile(G_IM_FMT_RGBA, G_IM_SIZ_16b_LOAD_BLOCK, 0, 0, 7, 0, G_TX_WRAP | G_TX_NOMIRROR, 0, 0, G_TX_WRAP | G_TX_NOMIRROR, 0, 0),
	gsDPLoadBlock(7, 0, 0, 1023, 256),
	gsDPSetTile(G_IM_FMT_RGBA, G_IM_SIZ_16b, 8, 0, 0, 0, G_TX_WRAP | G_TX_NOMIRROR, 5, 0, G_TX_WRAP | G_TX_NOMIRROR, 5, 0),
	gsDPSetTileSize(0, 0, 0, 124, 124),
	gsSPEndDisplayList(),
};

Gfx mat_revert_INTRO_SCREEN_tile_0_3_png_f3d[] = {
	gsDPPipeSync(),
	gsDPSetAlphaDither(G_AD_DISABLE),
	gsSPEndDisplayList(),
};

Gfx mat_INTRO_SCREEN_tile_1_0_png_f3d[] = {
	gsSPLightColor(LIGHT_1, 0xFFFFFFFF),
	gsSPLightColor(LIGHT_2, 0x7F7F7FFF),
	gsDPPipeSync(),
	gsDPSetCombineLERP(TEXEL0, 0, SHADE, 0, 0, 0, 0, ENVIRONMENT, TEXEL0, 0, SHADE, 0, 0, 0, 0, ENVIRONMENT),
	gsDPSetAlphaDither(G_AD_NOISE),
	gsSPTexture(65535, 65535, 0, 0, 1),
	gsDPSetTextureImage(G_IM_FMT_RGBA, G_IM_SIZ_16b_LOAD_BLOCK, 1, INTRO_SCREEN_tile_1_0_rgba16),
	gsDPSetTile(G_IM_FMT_RGBA, G_IM_SIZ_16b_LOAD_BLOCK, 0, 0, 7, 0, G_TX_WRAP | G_TX_NOMIRROR, 0, 0, G_TX_WRAP | G_TX_NOMIRROR, 0, 0),
	gsDPLoadBlock(7, 0, 0, 1023, 256),
	gsDPSetTile(G_IM_FMT_RGBA, G_IM_SIZ_16b, 8, 0, 0, 0, G_TX_WRAP | G_TX_NOMIRROR, 5, 0, G_TX_WRAP | G_TX_NOMIRROR, 5, 0),
	gsDPSetTileSize(0, 0, 0, 124, 124),
	gsSPEndDisplayList(),
};

Gfx mat_revert_INTRO_SCREEN_tile_1_0_png_f3d[] = {
	gsDPPipeSync(),
	gsDPSetAlphaDither(G_AD_DISABLE),
	gsSPEndDisplayList(),
};

Gfx mat_INTRO_SCREEN_tile_1_1_png_f3d[] = {
	gsSPLightColor(LIGHT_1, 0xFFFFFFFF),
	gsSPLightColor(LIGHT_2, 0x7F7F7FFF),
	gsDPPipeSync(),
	gsDPSetCombineLERP(TEXEL0, 0, SHADE, 0, 0, 0, 0, ENVIRONMENT, TEXEL0, 0, SHADE, 0, 0, 0, 0, ENVIRONMENT),
	gsDPSetAlphaDither(G_AD_NOISE),
	gsSPTexture(65535, 65535, 0, 0, 1),
	gsDPSetTextureImage(G_IM_FMT_RGBA, G_IM_SIZ_16b_LOAD_BLOCK, 1, INTRO_SCREEN_tile_1_1_rgba16),
	gsDPSetTile(G_IM_FMT_RGBA, G_IM_SIZ_16b_LOAD_BLOCK, 0, 0, 7, 0, G_TX_WRAP | G_TX_NOMIRROR, 0, 0, G_TX_WRAP | G_TX_NOMIRROR, 0, 0),
	gsDPLoadBlock(7, 0, 0, 1023, 256),
	gsDPSetTile(G_IM_FMT_RGBA, G_IM_SIZ_16b, 8, 0, 0, 0, G_TX_WRAP | G_TX_NOMIRROR, 5, 0, G_TX_WRAP | G_TX_NOMIRROR, 5, 0),
	gsDPSetTileSize(0, 0, 0, 124, 124),
	gsSPEndDisplayList(),
};

Gfx mat_revert_INTRO_SCREEN_tile_1_1_png_f3d[] = {
	gsDPPipeSync(),
	gsDPSetAlphaDither(G_AD_DISABLE),
	gsSPEndDisplayList(),
};

Gfx mat_INTRO_SCREEN_tile_1_2_png_f3d[] = {
	gsSPLightColor(LIGHT_1, 0xFFFFFFFF),
	gsSPLightColor(LIGHT_2, 0x7F7F7FFF),
	gsDPPipeSync(),
	gsDPSetCombineLERP(TEXEL0, 0, SHADE, 0, 0, 0, 0, ENVIRONMENT, TEXEL0, 0, SHADE, 0, 0, 0, 0, ENVIRONMENT),
	gsDPSetAlphaDither(G_AD_NOISE),
	gsSPTexture(65535, 65535, 0, 0, 1),
	gsDPSetTextureImage(G_IM_FMT_RGBA, G_IM_SIZ_16b_LOAD_BLOCK, 1, INTRO_SCREEN_tile_1_2_rgba16),
	gsDPSetTile(G_IM_FMT_RGBA, G_IM_SIZ_16b_LOAD_BLOCK, 0, 0, 7, 0, G_TX_WRAP | G_TX_NOMIRROR, 0, 0, G_TX_WRAP | G_TX_NOMIRROR, 0, 0),
	gsDPLoadBlock(7, 0, 0, 1023, 256),
	gsDPSetTile(G_IM_FMT_RGBA, G_IM_SIZ_16b, 8, 0, 0, 0, G_TX_WRAP | G_TX_NOMIRROR, 5, 0, G_TX_WRAP | G_TX_NOMIRROR, 5, 0),
	gsDPSetTileSize(0, 0, 0, 124, 124),
	gsSPEndDisplayList(),
};

Gfx mat_revert_INTRO_SCREEN_tile_1_2_png_f3d[] = {
	gsDPPipeSync(),
	gsDPSetAlphaDither(G_AD_DISABLE),
	gsSPEndDisplayList(),
};

Gfx mat_INTRO_SCREEN_tile_1_3_png_f3d[] = {
	gsSPLightColor(LIGHT_1, 0xFFFFFFFF),
	gsSPLightColor(LIGHT_2, 0x7F7F7FFF),
	gsDPPipeSync(),
	gsDPSetCombineLERP(TEXEL0, 0, SHADE, 0, 0, 0, 0, ENVIRONMENT, TEXEL0, 0, SHADE, 0, 0, 0, 0, ENVIRONMENT),
	gsDPSetAlphaDither(G_AD_NOISE),
	gsSPTexture(65535, 65535, 0, 0, 1),
	gsDPSetTextureImage(G_IM_FMT_RGBA, G_IM_SIZ_16b_LOAD_BLOCK, 1, INTRO_SCREEN_tile_1_3_rgba16),
	gsDPSetTile(G_IM_FMT_RGBA, G_IM_SIZ_16b_LOAD_BLOCK, 0, 0, 7, 0, G_TX_WRAP | G_TX_NOMIRROR, 0, 0, G_TX_WRAP | G_TX_NOMIRROR, 0, 0),
	gsDPLoadBlock(7, 0, 0, 1023, 256),
	gsDPSetTile(G_IM_FMT_RGBA, G_IM_SIZ_16b, 8, 0, 0, 0, G_TX_WRAP | G_TX_NOMIRROR, 5, 0, G_TX_WRAP | G_TX_NOMIRROR, 5, 0),
	gsDPSetTileSize(0, 0, 0, 124, 124),
	gsSPEndDisplayList(),
};

Gfx mat_revert_INTRO_SCREEN_tile_1_3_png_f3d[] = {
	gsDPPipeSync(),
	gsDPSetAlphaDither(G_AD_DISABLE),
	gsSPEndDisplayList(),
};

Gfx mat_INTRO_SCREEN_tile_2_0_png_f3d[] = {
	gsSPLightColor(LIGHT_1, 0xFFFFFFFF),
	gsSPLightColor(LIGHT_2, 0x7F7F7FFF),
	gsDPPipeSync(),
	gsDPSetCombineLERP(TEXEL0, 0, SHADE, 0, 0, 0, 0, ENVIRONMENT, TEXEL0, 0, SHADE, 0, 0, 0, 0, ENVIRONMENT),
	gsDPSetAlphaDither(G_AD_NOISE),
	gsSPTexture(65535, 65535, 0, 0, 1),
	gsDPSetTextureImage(G_IM_FMT_RGBA, G_IM_SIZ_16b_LOAD_BLOCK, 1, INTRO_SCREEN_tile_2_0_rgba16),
	gsDPSetTile(G_IM_FMT_RGBA, G_IM_SIZ_16b_LOAD_BLOCK, 0, 0, 7, 0, G_TX_WRAP | G_TX_NOMIRROR, 0, 0, G_TX_WRAP | G_TX_NOMIRROR, 0, 0),
	gsDPLoadBlock(7, 0, 0, 1023, 256),
	gsDPSetTile(G_IM_FMT_RGBA, G_IM_SIZ_16b, 8, 0, 0, 0, G_TX_WRAP | G_TX_NOMIRROR, 5, 0, G_TX_WRAP | G_TX_NOMIRROR, 5, 0),
	gsDPSetTileSize(0, 0, 0, 124, 124),
	gsSPEndDisplayList(),
};

Gfx mat_revert_INTRO_SCREEN_tile_2_0_png_f3d[] = {
	gsDPPipeSync(),
	gsDPSetAlphaDither(G_AD_DISABLE),
	gsSPEndDisplayList(),
};

Gfx mat_INTRO_SCREEN_tile_2_1_png_f3d[] = {
	gsSPLightColor(LIGHT_1, 0xFFFFFFFF),
	gsSPLightColor(LIGHT_2, 0x7F7F7FFF),
	gsDPPipeSync(),
	gsDPSetCombineLERP(TEXEL0, 0, SHADE, 0, 0, 0, 0, ENVIRONMENT, TEXEL0, 0, SHADE, 0, 0, 0, 0, ENVIRONMENT),
	gsDPSetAlphaDither(G_AD_NOISE),
	gsSPTexture(65535, 65535, 0, 0, 1),
	gsDPSetTextureImage(G_IM_FMT_RGBA, G_IM_SIZ_16b_LOAD_BLOCK, 1, INTRO_SCREEN_tile_2_1_rgba16),
	gsDPSetTile(G_IM_FMT_RGBA, G_IM_SIZ_16b_LOAD_BLOCK, 0, 0, 7, 0, G_TX_WRAP | G_TX_NOMIRROR, 0, 0, G_TX_WRAP | G_TX_NOMIRROR, 0, 0),
	gsDPLoadBlock(7, 0, 0, 1023, 256),
	gsDPSetTile(G_IM_FMT_RGBA, G_IM_SIZ_16b, 8, 0, 0, 0, G_TX_WRAP | G_TX_NOMIRROR, 5, 0, G_TX_WRAP | G_TX_NOMIRROR, 5, 0),
	gsDPSetTileSize(0, 0, 0, 124, 124),
	gsSPEndDisplayList(),
};

Gfx mat_revert_INTRO_SCREEN_tile_2_1_png_f3d[] = {
	gsDPPipeSync(),
	gsDPSetAlphaDither(G_AD_DISABLE),
	gsSPEndDisplayList(),
};

Gfx mat_INTRO_SCREEN_tile_2_2_png_f3d[] = {
	gsSPLightColor(LIGHT_1, 0xFFFFFFFF),
	gsSPLightColor(LIGHT_2, 0x7F7F7FFF),
	gsDPPipeSync(),
	gsDPSetCombineLERP(TEXEL0, 0, SHADE, 0, 0, 0, 0, ENVIRONMENT, TEXEL0, 0, SHADE, 0, 0, 0, 0, ENVIRONMENT),
	gsDPSetAlphaDither(G_AD_NOISE),
	gsSPTexture(65535, 65535, 0, 0, 1),
	gsDPSetTextureImage(G_IM_FMT_RGBA, G_IM_SIZ_16b_LOAD_BLOCK, 1, INTRO_SCREEN_tile_2_2_rgba16),
	gsDPSetTile(G_IM_FMT_RGBA, G_IM_SIZ_16b_LOAD_BLOCK, 0, 0, 7, 0, G_TX_WRAP | G_TX_NOMIRROR, 0, 0, G_TX_WRAP | G_TX_NOMIRROR, 0, 0),
	gsDPLoadBlock(7, 0, 0, 1023, 256),
	gsDPSetTile(G_IM_FMT_RGBA, G_IM_SIZ_16b, 8, 0, 0, 0, G_TX_WRAP | G_TX_NOMIRROR, 5, 0, G_TX_WRAP | G_TX_NOMIRROR, 5, 0),
	gsDPSetTileSize(0, 0, 0, 124, 124),
	gsSPEndDisplayList(),
};

Gfx mat_revert_INTRO_SCREEN_tile_2_2_png_f3d[] = {
	gsDPPipeSync(),
	gsDPSetAlphaDither(G_AD_DISABLE),
	gsSPEndDisplayList(),
};

Gfx mat_INTRO_SCREEN_tile_2_3_png_f3d[] = {
	gsSPLightColor(LIGHT_1, 0xFFFFFFFF),
	gsSPLightColor(LIGHT_2, 0x7F7F7FFF),
	gsDPPipeSync(),
	gsDPSetCombineLERP(TEXEL0, 0, SHADE, 0, 0, 0, 0, ENVIRONMENT, TEXEL0, 0, SHADE, 0, 0, 0, 0, ENVIRONMENT),
	gsDPSetAlphaDither(G_AD_NOISE),
	gsSPTexture(65535, 65535, 0, 0, 1),
	gsDPSetTextureImage(G_IM_FMT_RGBA, G_IM_SIZ_16b_LOAD_BLOCK, 1, INTRO_SCREEN_tile_2_3_rgba16),
	gsDPSetTile(G_IM_FMT_RGBA, G_IM_SIZ_16b_LOAD_BLOCK, 0, 0, 7, 0, G_TX_WRAP | G_TX_NOMIRROR, 0, 0, G_TX_WRAP | G_TX_NOMIRROR, 0, 0),
	gsDPLoadBlock(7, 0, 0, 1023, 256),
	gsDPSetTile(G_IM_FMT_RGBA, G_IM_SIZ_16b, 8, 0, 0, 0, G_TX_WRAP | G_TX_NOMIRROR, 5, 0, G_TX_WRAP | G_TX_NOMIRROR, 5, 0),
	gsDPSetTileSize(0, 0, 0, 124, 124),
	gsSPEndDisplayList(),
};

Gfx mat_revert_INTRO_SCREEN_tile_2_3_png_f3d[] = {
	gsDPPipeSync(),
	gsDPSetAlphaDither(G_AD_DISABLE),
	gsSPEndDisplayList(),
};

Gfx mat_INTRO_SCREEN_tile_3_0_png_f3d[] = {
	gsSPLightColor(LIGHT_1, 0xFFFFFFFF),
	gsSPLightColor(LIGHT_2, 0x7F7F7FFF),
	gsDPPipeSync(),
	gsDPSetCombineLERP(TEXEL0, 0, SHADE, 0, 0, 0, 0, ENVIRONMENT, TEXEL0, 0, SHADE, 0, 0, 0, 0, ENVIRONMENT),
	gsDPSetAlphaDither(G_AD_NOISE),
	gsSPTexture(65535, 65535, 0, 0, 1),
	gsDPSetTextureImage(G_IM_FMT_RGBA, G_IM_SIZ_16b_LOAD_BLOCK, 1, INTRO_SCREEN_tile_3_0_rgba16),
	gsDPSetTile(G_IM_FMT_RGBA, G_IM_SIZ_16b_LOAD_BLOCK, 0, 0, 7, 0, G_TX_WRAP | G_TX_NOMIRROR, 0, 0, G_TX_WRAP | G_TX_NOMIRROR, 0, 0),
	gsDPLoadBlock(7, 0, 0, 1023, 256),
	gsDPSetTile(G_IM_FMT_RGBA, G_IM_SIZ_16b, 8, 0, 0, 0, G_TX_WRAP | G_TX_NOMIRROR, 5, 0, G_TX_WRAP | G_TX_NOMIRROR, 5, 0),
	gsDPSetTileSize(0, 0, 0, 124, 124),
	gsSPEndDisplayList(),
};

Gfx mat_revert_INTRO_SCREEN_tile_3_0_png_f3d[] = {
	gsDPPipeSync(),
	gsDPSetAlphaDither(G_AD_DISABLE),
	gsSPEndDisplayList(),
};

Gfx mat_INTRO_SCREEN_tile_3_1_png_f3d[] = {
	gsSPLightColor(LIGHT_1, 0xFFFFFFFF),
	gsSPLightColor(LIGHT_2, 0x7F7F7FFF),
	gsDPPipeSync(),
	gsDPSetCombineLERP(TEXEL0, 0, SHADE, 0, 0, 0, 0, ENVIRONMENT, TEXEL0, 0, SHADE, 0, 0, 0, 0, ENVIRONMENT),
	gsDPSetAlphaDither(G_AD_NOISE),
	gsSPTexture(65535, 65535, 0, 0, 1),
	gsDPSetTextureImage(G_IM_FMT_RGBA, G_IM_SIZ_16b_LOAD_BLOCK, 1, INTRO_SCREEN_tile_3_1_rgba16),
	gsDPSetTile(G_IM_FMT_RGBA, G_IM_SIZ_16b_LOAD_BLOCK, 0, 0, 7, 0, G_TX_WRAP | G_TX_NOMIRROR, 0, 0, G_TX_WRAP | G_TX_NOMIRROR, 0, 0),
	gsDPLoadBlock(7, 0, 0, 1023, 256),
	gsDPSetTile(G_IM_FMT_RGBA, G_IM_SIZ_16b, 8, 0, 0, 0, G_TX_WRAP | G_TX_NOMIRROR, 5, 0, G_TX_WRAP | G_TX_NOMIRROR, 5, 0),
	gsDPSetTileSize(0, 0, 0, 124, 124),
	gsSPEndDisplayList(),
};

Gfx mat_revert_INTRO_SCREEN_tile_3_1_png_f3d[] = {
	gsDPPipeSync(),
	gsDPSetAlphaDither(G_AD_DISABLE),
	gsSPEndDisplayList(),
};

Gfx mat_INTRO_SCREEN_tile_3_2_png_f3d[] = {
	gsSPLightColor(LIGHT_1, 0xFFFFFFFF),
	gsSPLightColor(LIGHT_2, 0x7F7F7FFF),
	gsDPPipeSync(),
	gsDPSetCombineLERP(TEXEL0, 0, SHADE, 0, 0, 0, 0, ENVIRONMENT, TEXEL0, 0, SHADE, 0, 0, 0, 0, ENVIRONMENT),
	gsDPSetAlphaDither(G_AD_NOISE),
	gsSPTexture(65535, 65535, 0, 0, 1),
	gsDPSetTextureImage(G_IM_FMT_RGBA, G_IM_SIZ_16b_LOAD_BLOCK, 1, INTRO_SCREEN_tile_3_2_rgba16),
	gsDPSetTile(G_IM_FMT_RGBA, G_IM_SIZ_16b_LOAD_BLOCK, 0, 0, 7, 0, G_TX_WRAP | G_TX_NOMIRROR, 0, 0, G_TX_WRAP | G_TX_NOMIRROR, 0, 0),
	gsDPLoadBlock(7, 0, 0, 1023, 256),
	gsDPSetTile(G_IM_FMT_RGBA, G_IM_SIZ_16b, 8, 0, 0, 0, G_TX_WRAP | G_TX_NOMIRROR, 5, 0, G_TX_WRAP | G_TX_NOMIRROR, 5, 0),
	gsDPSetTileSize(0, 0, 0, 124, 124),
	gsSPEndDisplayList(),
};

Gfx mat_revert_INTRO_SCREEN_tile_3_2_png_f3d[] = {
	gsDPPipeSync(),
	gsDPSetAlphaDither(G_AD_DISABLE),
	gsSPEndDisplayList(),
};

Gfx mat_INTRO_SCREEN_tile_3_3_png_f3d[] = {
	gsSPLightColor(LIGHT_1, 0xFFFFFFFF),
	gsSPLightColor(LIGHT_2, 0x7F7F7FFF),
	gsDPPipeSync(),
	gsDPSetCombineLERP(TEXEL0, 0, SHADE, 0, 0, 0, 0, ENVIRONMENT, TEXEL0, 0, SHADE, 0, 0, 0, 0, ENVIRONMENT),
	gsDPSetAlphaDither(G_AD_NOISE),
	gsSPTexture(65535, 65535, 0, 0, 1),
	gsDPSetTextureImage(G_IM_FMT_RGBA, G_IM_SIZ_16b_LOAD_BLOCK, 1, INTRO_SCREEN_tile_3_3_rgba16),
	gsDPSetTile(G_IM_FMT_RGBA, G_IM_SIZ_16b_LOAD_BLOCK, 0, 0, 7, 0, G_TX_WRAP | G_TX_NOMIRROR, 0, 0, G_TX_WRAP | G_TX_NOMIRROR, 0, 0),
	gsDPLoadBlock(7, 0, 0, 1023, 256),
	gsDPSetTile(G_IM_FMT_RGBA, G_IM_SIZ_16b, 8, 0, 0, 0, G_TX_WRAP | G_TX_NOMIRROR, 5, 0, G_TX_WRAP | G_TX_NOMIRROR, 5, 0),
	gsDPSetTileSize(0, 0, 0, 124, 124),
	gsSPEndDisplayList(),
};

Gfx mat_revert_INTRO_SCREEN_tile_3_3_png_f3d[] = {
	gsDPPipeSync(),
	gsDPSetAlphaDither(G_AD_DISABLE),
	gsSPEndDisplayList(),
};

Gfx mat_INTRO_SCREEN_tile_4_0_png_f3d[] = {
	gsSPLightColor(LIGHT_1, 0xFFFFFFFF),
	gsSPLightColor(LIGHT_2, 0x7F7F7FFF),
	gsDPPipeSync(),
	gsDPSetCombineLERP(TEXEL0, 0, SHADE, 0, 0, 0, 0, ENVIRONMENT, TEXEL0, 0, SHADE, 0, 0, 0, 0, ENVIRONMENT),
	gsDPSetAlphaDither(G_AD_NOISE),
	gsSPTexture(65535, 65535, 0, 0, 1),
	gsDPSetTextureImage(G_IM_FMT_RGBA, G_IM_SIZ_16b_LOAD_BLOCK, 1, INTRO_SCREEN_tile_4_0_rgba16),
	gsDPSetTile(G_IM_FMT_RGBA, G_IM_SIZ_16b_LOAD_BLOCK, 0, 0, 7, 0, G_TX_WRAP | G_TX_NOMIRROR, 0, 0, G_TX_WRAP | G_TX_NOMIRROR, 0, 0),
	gsDPLoadBlock(7, 0, 0, 1023, 256),
	gsDPSetTile(G_IM_FMT_RGBA, G_IM_SIZ_16b, 8, 0, 0, 0, G_TX_WRAP | G_TX_NOMIRROR, 5, 0, G_TX_WRAP | G_TX_NOMIRROR, 5, 0),
	gsDPSetTileSize(0, 0, 0, 124, 124),
	gsSPEndDisplayList(),
};

Gfx mat_revert_INTRO_SCREEN_tile_4_0_png_f3d[] = {
	gsDPPipeSync(),
	gsDPSetAlphaDither(G_AD_DISABLE),
	gsSPEndDisplayList(),
};

Gfx mat_INTRO_SCREEN_tile_4_1_png_f3d[] = {
	gsSPLightColor(LIGHT_1, 0xFFFFFFFF),
	gsSPLightColor(LIGHT_2, 0x7F7F7FFF),
	gsDPPipeSync(),
	gsDPSetCombineLERP(TEXEL0, 0, SHADE, 0, 0, 0, 0, ENVIRONMENT, TEXEL0, 0, SHADE, 0, 0, 0, 0, ENVIRONMENT),
	gsDPSetAlphaDither(G_AD_NOISE),
	gsSPTexture(65535, 65535, 0, 0, 1),
	gsDPSetTextureImage(G_IM_FMT_RGBA, G_IM_SIZ_16b_LOAD_BLOCK, 1, INTRO_SCREEN_tile_4_1_rgba16),
	gsDPSetTile(G_IM_FMT_RGBA, G_IM_SIZ_16b_LOAD_BLOCK, 0, 0, 7, 0, G_TX_WRAP | G_TX_NOMIRROR, 0, 0, G_TX_WRAP | G_TX_NOMIRROR, 0, 0),
	gsDPLoadBlock(7, 0, 0, 1023, 256),
	gsDPSetTile(G_IM_FMT_RGBA, G_IM_SIZ_16b, 8, 0, 0, 0, G_TX_WRAP | G_TX_NOMIRROR, 5, 0, G_TX_WRAP | G_TX_NOMIRROR, 5, 0),
	gsDPSetTileSize(0, 0, 0, 124, 124),
	gsSPEndDisplayList(),
};

Gfx mat_revert_INTRO_SCREEN_tile_4_1_png_f3d[] = {
	gsDPPipeSync(),
	gsDPSetAlphaDither(G_AD_DISABLE),
	gsSPEndDisplayList(),
};

Gfx mat_INTRO_SCREEN_tile_4_2_png_f3d[] = {
	gsSPLightColor(LIGHT_1, 0xFFFFFFFF),
	gsSPLightColor(LIGHT_2, 0x7F7F7FFF),
	gsDPPipeSync(),
	gsDPSetCombineLERP(TEXEL0, 0, SHADE, 0, 0, 0, 0, ENVIRONMENT, TEXEL0, 0, SHADE, 0, 0, 0, 0, ENVIRONMENT),
	gsDPSetAlphaDither(G_AD_NOISE),
	gsSPTexture(65535, 65535, 0, 0, 1),
	gsDPSetTextureImage(G_IM_FMT_RGBA, G_IM_SIZ_16b_LOAD_BLOCK, 1, INTRO_SCREEN_tile_4_2_rgba16),
	gsDPSetTile(G_IM_FMT_RGBA, G_IM_SIZ_16b_LOAD_BLOCK, 0, 0, 7, 0, G_TX_WRAP | G_TX_NOMIRROR, 0, 0, G_TX_WRAP | G_TX_NOMIRROR, 0, 0),
	gsDPLoadBlock(7, 0, 0, 1023, 256),
	gsDPSetTile(G_IM_FMT_RGBA, G_IM_SIZ_16b, 8, 0, 0, 0, G_TX_WRAP | G_TX_NOMIRROR, 5, 0, G_TX_WRAP | G_TX_NOMIRROR, 5, 0),
	gsDPSetTileSize(0, 0, 0, 124, 124),
	gsSPEndDisplayList(),
};

Gfx mat_revert_INTRO_SCREEN_tile_4_2_png_f3d[] = {
	gsDPPipeSync(),
	gsDPSetAlphaDither(G_AD_DISABLE),
	gsSPEndDisplayList(),
};

Gfx mat_INTRO_SCREEN_tile_4_3_png_f3d[] = {
	gsSPLightColor(LIGHT_1, 0xFFFFFFFF),
	gsSPLightColor(LIGHT_2, 0x7F7F7FFF),
	gsDPPipeSync(),
	gsDPSetCombineLERP(TEXEL0, 0, SHADE, 0, 0, 0, 0, ENVIRONMENT, TEXEL0, 0, SHADE, 0, 0, 0, 0, ENVIRONMENT),
	gsDPSetAlphaDither(G_AD_NOISE),
	gsSPTexture(65535, 65535, 0, 0, 1),
	gsDPSetTextureImage(G_IM_FMT_RGBA, G_IM_SIZ_16b_LOAD_BLOCK, 1, INTRO_SCREEN_tile_4_3_rgba16),
	gsDPSetTile(G_IM_FMT_RGBA, G_IM_SIZ_16b_LOAD_BLOCK, 0, 0, 7, 0, G_TX_WRAP | G_TX_NOMIRROR, 0, 0, G_TX_WRAP | G_TX_NOMIRROR, 0, 0),
	gsDPLoadBlock(7, 0, 0, 1023, 256),
	gsDPSetTile(G_IM_FMT_RGBA, G_IM_SIZ_16b, 8, 0, 0, 0, G_TX_WRAP | G_TX_NOMIRROR, 5, 0, G_TX_WRAP | G_TX_NOMIRROR, 5, 0),
	gsDPSetTileSize(0, 0, 0, 124, 124),
	gsSPEndDisplayList(),
};

Gfx mat_revert_INTRO_SCREEN_tile_4_3_png_f3d[] = {
	gsDPPipeSync(),
	gsDPSetAlphaDither(G_AD_DISABLE),
	gsSPEndDisplayList(),
};

Gfx mat_INTRO_SCREEN_tile_5_0_png_f3d[] = {
	gsSPLightColor(LIGHT_1, 0xFFFFFFFF),
	gsSPLightColor(LIGHT_2, 0x7F7F7FFF),
	gsDPPipeSync(),
	gsDPSetCombineLERP(TEXEL0, 0, SHADE, 0, 0, 0, 0, ENVIRONMENT, TEXEL0, 0, SHADE, 0, 0, 0, 0, ENVIRONMENT),
	gsDPSetAlphaDither(G_AD_NOISE),
	gsSPTexture(65535, 65535, 0, 0, 1),
	gsDPSetTextureImage(G_IM_FMT_RGBA, G_IM_SIZ_16b_LOAD_BLOCK, 1, INTRO_SCREEN_tile_5_0_rgba16),
	gsDPSetTile(G_IM_FMT_RGBA, G_IM_SIZ_16b_LOAD_BLOCK, 0, 0, 7, 0, G_TX_WRAP | G_TX_NOMIRROR, 0, 0, G_TX_WRAP | G_TX_NOMIRROR, 0, 0),
	gsDPLoadBlock(7, 0, 0, 1023, 256),
	gsDPSetTile(G_IM_FMT_RGBA, G_IM_SIZ_16b, 8, 0, 0, 0, G_TX_WRAP | G_TX_NOMIRROR, 5, 0, G_TX_WRAP | G_TX_NOMIRROR, 5, 0),
	gsDPSetTileSize(0, 0, 0, 124, 124),
	gsSPEndDisplayList(),
};

Gfx mat_revert_INTRO_SCREEN_tile_5_0_png_f3d[] = {
	gsDPPipeSync(),
	gsDPSetAlphaDither(G_AD_DISABLE),
	gsSPEndDisplayList(),
};

Gfx mat_INTRO_SCREEN_tile_5_1_png_f3d[] = {
	gsSPLightColor(LIGHT_1, 0xFFFFFFFF),
	gsSPLightColor(LIGHT_2, 0x7F7F7FFF),
	gsDPPipeSync(),
	gsDPSetCombineLERP(TEXEL0, 0, SHADE, 0, 0, 0, 0, ENVIRONMENT, TEXEL0, 0, SHADE, 0, 0, 0, 0, ENVIRONMENT),
	gsDPSetAlphaDither(G_AD_NOISE),
	gsSPTexture(65535, 65535, 0, 0, 1),
	gsDPSetTextureImage(G_IM_FMT_RGBA, G_IM_SIZ_16b_LOAD_BLOCK, 1, INTRO_SCREEN_tile_5_1_rgba16),
	gsDPSetTile(G_IM_FMT_RGBA, G_IM_SIZ_16b_LOAD_BLOCK, 0, 0, 7, 0, G_TX_WRAP | G_TX_NOMIRROR, 0, 0, G_TX_WRAP | G_TX_NOMIRROR, 0, 0),
	gsDPLoadBlock(7, 0, 0, 1023, 256),
	gsDPSetTile(G_IM_FMT_RGBA, G_IM_SIZ_16b, 8, 0, 0, 0, G_TX_WRAP | G_TX_NOMIRROR, 5, 0, G_TX_WRAP | G_TX_NOMIRROR, 5, 0),
	gsDPSetTileSize(0, 0, 0, 124, 124),
	gsSPEndDisplayList(),
};

Gfx mat_revert_INTRO_SCREEN_tile_5_1_png_f3d[] = {
	gsDPPipeSync(),
	gsDPSetAlphaDither(G_AD_DISABLE),
	gsSPEndDisplayList(),
};

Gfx mat_INTRO_SCREEN_tile_5_2_png_f3d[] = {
	gsSPLightColor(LIGHT_1, 0xFFFFFFFF),
	gsSPLightColor(LIGHT_2, 0x7F7F7FFF),
	gsDPPipeSync(),
	gsDPSetCombineLERP(TEXEL0, 0, SHADE, 0, 0, 0, 0, ENVIRONMENT, TEXEL0, 0, SHADE, 0, 0, 0, 0, ENVIRONMENT),
	gsDPSetAlphaDither(G_AD_NOISE),
	gsSPTexture(65535, 65535, 0, 0, 1),
	gsDPSetTextureImage(G_IM_FMT_RGBA, G_IM_SIZ_16b_LOAD_BLOCK, 1, INTRO_SCREEN_tile_5_2_rgba16),
	gsDPSetTile(G_IM_FMT_RGBA, G_IM_SIZ_16b_LOAD_BLOCK, 0, 0, 7, 0, G_TX_WRAP | G_TX_NOMIRROR, 0, 0, G_TX_WRAP | G_TX_NOMIRROR, 0, 0),
	gsDPLoadBlock(7, 0, 0, 1023, 256),
	gsDPSetTile(G_IM_FMT_RGBA, G_IM_SIZ_16b, 8, 0, 0, 0, G_TX_WRAP | G_TX_NOMIRROR, 5, 0, G_TX_WRAP | G_TX_NOMIRROR, 5, 0),
	gsDPSetTileSize(0, 0, 0, 124, 124),
	gsSPEndDisplayList(),
};

Gfx mat_revert_INTRO_SCREEN_tile_5_2_png_f3d[] = {
	gsDPPipeSync(),
	gsDPSetAlphaDither(G_AD_DISABLE),
	gsSPEndDisplayList(),
};

Gfx mat_INTRO_SCREEN_tile_5_3_png_f3d[] = {
	gsSPLightColor(LIGHT_1, 0xFFFFFFFF),
	gsSPLightColor(LIGHT_2, 0x7F7F7FFF),
	gsDPPipeSync(),
	gsDPSetCombineLERP(TEXEL0, 0, SHADE, 0, 0, 0, 0, ENVIRONMENT, TEXEL0, 0, SHADE, 0, 0, 0, 0, ENVIRONMENT),
	gsDPSetAlphaDither(G_AD_NOISE),
	gsSPTexture(65535, 65535, 0, 0, 1),
	gsDPSetTextureImage(G_IM_FMT_RGBA, G_IM_SIZ_16b_LOAD_BLOCK, 1, INTRO_SCREEN_tile_5_3_rgba16),
	gsDPSetTile(G_IM_FMT_RGBA, G_IM_SIZ_16b_LOAD_BLOCK, 0, 0, 7, 0, G_TX_WRAP | G_TX_NOMIRROR, 0, 0, G_TX_WRAP | G_TX_NOMIRROR, 0, 0),
	gsDPLoadBlock(7, 0, 0, 1023, 256),
	gsDPSetTile(G_IM_FMT_RGBA, G_IM_SIZ_16b, 8, 0, 0, 0, G_TX_WRAP | G_TX_NOMIRROR, 5, 0, G_TX_WRAP | G_TX_NOMIRROR, 5, 0),
	gsDPSetTileSize(0, 0, 0, 124, 124),
	gsSPEndDisplayList(),
};

Gfx mat_revert_INTRO_SCREEN_tile_5_3_png_f3d[] = {
	gsDPPipeSync(),
	gsDPSetAlphaDither(G_AD_DISABLE),
	gsSPEndDisplayList(),
};

Gfx mat_INTRO_SCREEN_tile_6_0_png_f3d[] = {
	gsSPLightColor(LIGHT_1, 0xFFFFFFFF),
	gsSPLightColor(LIGHT_2, 0x7F7F7FFF),
	gsDPPipeSync(),
	gsDPSetCombineLERP(TEXEL0, 0, SHADE, 0, 0, 0, 0, ENVIRONMENT, TEXEL0, 0, SHADE, 0, 0, 0, 0, ENVIRONMENT),
	gsDPSetAlphaDither(G_AD_NOISE),
	gsSPTexture(65535, 65535, 0, 0, 1),
	gsDPSetTextureImage(G_IM_FMT_RGBA, G_IM_SIZ_16b_LOAD_BLOCK, 1, INTRO_SCREEN_tile_6_0_rgba16),
	gsDPSetTile(G_IM_FMT_RGBA, G_IM_SIZ_16b_LOAD_BLOCK, 0, 0, 7, 0, G_TX_WRAP | G_TX_NOMIRROR, 0, 0, G_TX_WRAP | G_TX_NOMIRROR, 0, 0),
	gsDPLoadBlock(7, 0, 0, 1023, 256),
	gsDPSetTile(G_IM_FMT_RGBA, G_IM_SIZ_16b, 8, 0, 0, 0, G_TX_WRAP | G_TX_NOMIRROR, 5, 0, G_TX_WRAP | G_TX_NOMIRROR, 5, 0),
	gsDPSetTileSize(0, 0, 0, 124, 124),
	gsSPEndDisplayList(),
};

Gfx mat_revert_INTRO_SCREEN_tile_6_0_png_f3d[] = {
	gsDPPipeSync(),
	gsDPSetAlphaDither(G_AD_DISABLE),
	gsSPEndDisplayList(),
};

Gfx mat_INTRO_SCREEN_tile_6_1_png_f3d[] = {
	gsSPLightColor(LIGHT_1, 0xFFFFFFFF),
	gsSPLightColor(LIGHT_2, 0x7F7F7FFF),
	gsDPPipeSync(),
	gsDPSetCombineLERP(TEXEL0, 0, SHADE, 0, 0, 0, 0, ENVIRONMENT, TEXEL0, 0, SHADE, 0, 0, 0, 0, ENVIRONMENT),
	gsDPSetAlphaDither(G_AD_NOISE),
	gsSPTexture(65535, 65535, 0, 0, 1),
	gsDPSetTextureImage(G_IM_FMT_RGBA, G_IM_SIZ_16b_LOAD_BLOCK, 1, INTRO_SCREEN_tile_6_1_rgba16),
	gsDPSetTile(G_IM_FMT_RGBA, G_IM_SIZ_16b_LOAD_BLOCK, 0, 0, 7, 0, G_TX_WRAP | G_TX_NOMIRROR, 0, 0, G_TX_WRAP | G_TX_NOMIRROR, 0, 0),
	gsDPLoadBlock(7, 0, 0, 1023, 256),
	gsDPSetTile(G_IM_FMT_RGBA, G_IM_SIZ_16b, 8, 0, 0, 0, G_TX_WRAP | G_TX_NOMIRROR, 5, 0, G_TX_WRAP | G_TX_NOMIRROR, 5, 0),
	gsDPSetTileSize(0, 0, 0, 124, 124),
	gsSPEndDisplayList(),
};

Gfx mat_revert_INTRO_SCREEN_tile_6_1_png_f3d[] = {
	gsDPPipeSync(),
	gsDPSetAlphaDither(G_AD_DISABLE),
	gsSPEndDisplayList(),
};

Gfx mat_INTRO_SCREEN_tile_6_2_png_f3d[] = {
	gsSPLightColor(LIGHT_1, 0xFFFFFFFF),
	gsSPLightColor(LIGHT_2, 0x7F7F7FFF),
	gsDPPipeSync(),
	gsDPSetCombineLERP(TEXEL0, 0, SHADE, 0, 0, 0, 0, ENVIRONMENT, TEXEL0, 0, SHADE, 0, 0, 0, 0, ENVIRONMENT),
	gsDPSetAlphaDither(G_AD_NOISE),
	gsSPTexture(65535, 65535, 0, 0, 1),
	gsDPSetTextureImage(G_IM_FMT_RGBA, G_IM_SIZ_16b_LOAD_BLOCK, 1, INTRO_SCREEN_tile_6_2_rgba16),
	gsDPSetTile(G_IM_FMT_RGBA, G_IM_SIZ_16b_LOAD_BLOCK, 0, 0, 7, 0, G_TX_WRAP | G_TX_NOMIRROR, 0, 0, G_TX_WRAP | G_TX_NOMIRROR, 0, 0),
	gsDPLoadBlock(7, 0, 0, 1023, 256),
	gsDPSetTile(G_IM_FMT_RGBA, G_IM_SIZ_16b, 8, 0, 0, 0, G_TX_WRAP | G_TX_NOMIRROR, 5, 0, G_TX_WRAP | G_TX_NOMIRROR, 5, 0),
	gsDPSetTileSize(0, 0, 0, 124, 124),
	gsSPEndDisplayList(),
};

Gfx mat_revert_INTRO_SCREEN_tile_6_2_png_f3d[] = {
	gsDPPipeSync(),
	gsDPSetAlphaDither(G_AD_DISABLE),
	gsSPEndDisplayList(),
};

Gfx mat_INTRO_SCREEN_tile_6_3_png_f3d[] = {
	gsSPLightColor(LIGHT_1, 0xFFFFFFFF),
	gsSPLightColor(LIGHT_2, 0x7F7F7FFF),
	gsDPPipeSync(),
	gsDPSetCombineLERP(TEXEL0, 0, SHADE, 0, 0, 0, 0, ENVIRONMENT, TEXEL0, 0, SHADE, 0, 0, 0, 0, ENVIRONMENT),
	gsDPSetAlphaDither(G_AD_NOISE),
	gsSPTexture(65535, 65535, 0, 0, 1),
	gsDPSetTextureImage(G_IM_FMT_RGBA, G_IM_SIZ_16b_LOAD_BLOCK, 1, INTRO_SCREEN_tile_6_3_rgba16),
	gsDPSetTile(G_IM_FMT_RGBA, G_IM_SIZ_16b_LOAD_BLOCK, 0, 0, 7, 0, G_TX_WRAP | G_TX_NOMIRROR, 0, 0, G_TX_WRAP | G_TX_NOMIRROR, 0, 0),
	gsDPLoadBlock(7, 0, 0, 1023, 256),
	gsDPSetTile(G_IM_FMT_RGBA, G_IM_SIZ_16b, 8, 0, 0, 0, G_TX_WRAP | G_TX_NOMIRROR, 5, 0, G_TX_WRAP | G_TX_NOMIRROR, 5, 0),
	gsDPSetTileSize(0, 0, 0, 124, 124),
	gsSPEndDisplayList(),
};

Gfx mat_revert_INTRO_SCREEN_tile_6_3_png_f3d[] = {
	gsDPPipeSync(),
	gsDPSetAlphaDither(G_AD_DISABLE),
	gsSPEndDisplayList(),
};

Gfx mat_INTRO_SCREEN_tile_7_0_png_f3d[] = {
	gsSPLightColor(LIGHT_1, 0xFFFFFFFF),
	gsSPLightColor(LIGHT_2, 0x7F7F7FFF),
	gsDPPipeSync(),
	gsDPSetCombineLERP(TEXEL0, 0, SHADE, 0, 0, 0, 0, ENVIRONMENT, TEXEL0, 0, SHADE, 0, 0, 0, 0, ENVIRONMENT),
	gsDPSetAlphaDither(G_AD_NOISE),
	gsSPTexture(65535, 65535, 0, 0, 1),
	gsDPSetTextureImage(G_IM_FMT_RGBA, G_IM_SIZ_16b_LOAD_BLOCK, 1, INTRO_SCREEN_tile_7_0_rgba16),
	gsDPSetTile(G_IM_FMT_RGBA, G_IM_SIZ_16b_LOAD_BLOCK, 0, 0, 7, 0, G_TX_WRAP | G_TX_NOMIRROR, 0, 0, G_TX_WRAP | G_TX_NOMIRROR, 0, 0),
	gsDPLoadBlock(7, 0, 0, 1023, 256),
	gsDPSetTile(G_IM_FMT_RGBA, G_IM_SIZ_16b, 8, 0, 0, 0, G_TX_WRAP | G_TX_NOMIRROR, 5, 0, G_TX_WRAP | G_TX_NOMIRROR, 5, 0),
	gsDPSetTileSize(0, 0, 0, 124, 124),
	gsSPEndDisplayList(),
};

Gfx mat_revert_INTRO_SCREEN_tile_7_0_png_f3d[] = {
	gsDPPipeSync(),
	gsDPSetAlphaDither(G_AD_DISABLE),
	gsSPEndDisplayList(),
};

Gfx mat_INTRO_SCREEN_tile_7_1_png_f3d[] = {
	gsSPLightColor(LIGHT_1, 0xFFFFFFFF),
	gsSPLightColor(LIGHT_2, 0x7F7F7FFF),
	gsDPPipeSync(),
	gsDPSetCombineLERP(TEXEL0, 0, SHADE, 0, 0, 0, 0, ENVIRONMENT, TEXEL0, 0, SHADE, 0, 0, 0, 0, ENVIRONMENT),
	gsDPSetAlphaDither(G_AD_NOISE),
	gsSPTexture(65535, 65535, 0, 0, 1),
	gsDPSetTextureImage(G_IM_FMT_RGBA, G_IM_SIZ_16b_LOAD_BLOCK, 1, INTRO_SCREEN_tile_7_1_rgba16),
	gsDPSetTile(G_IM_FMT_RGBA, G_IM_SIZ_16b_LOAD_BLOCK, 0, 0, 7, 0, G_TX_WRAP | G_TX_NOMIRROR, 0, 0, G_TX_WRAP | G_TX_NOMIRROR, 0, 0),
	gsDPLoadBlock(7, 0, 0, 1023, 256),
	gsDPSetTile(G_IM_FMT_RGBA, G_IM_SIZ_16b, 8, 0, 0, 0, G_TX_WRAP | G_TX_NOMIRROR, 5, 0, G_TX_WRAP | G_TX_NOMIRROR, 5, 0),
	gsDPSetTileSize(0, 0, 0, 124, 124),
	gsSPEndDisplayList(),
};

Gfx mat_revert_INTRO_SCREEN_tile_7_1_png_f3d[] = {
	gsDPPipeSync(),
	gsDPSetAlphaDither(G_AD_DISABLE),
	gsSPEndDisplayList(),
};

Gfx mat_INTRO_SCREEN_tile_7_2_png_f3d[] = {
	gsSPLightColor(LIGHT_1, 0xFFFFFFFF),
	gsSPLightColor(LIGHT_2, 0x7F7F7FFF),
	gsDPPipeSync(),
	gsDPSetCombineLERP(TEXEL0, 0, SHADE, 0, 0, 0, 0, ENVIRONMENT, TEXEL0, 0, SHADE, 0, 0, 0, 0, ENVIRONMENT),
	gsDPSetAlphaDither(G_AD_NOISE),
	gsSPTexture(65535, 65535, 0, 0, 1),
	gsDPSetTextureImage(G_IM_FMT_RGBA, G_IM_SIZ_16b_LOAD_BLOCK, 1, INTRO_SCREEN_tile_7_2_rgba16),
	gsDPSetTile(G_IM_FMT_RGBA, G_IM_SIZ_16b_LOAD_BLOCK, 0, 0, 7, 0, G_TX_WRAP | G_TX_NOMIRROR, 0, 0, G_TX_WRAP | G_TX_NOMIRROR, 0, 0),
	gsDPLoadBlock(7, 0, 0, 1023, 256),
	gsDPSetTile(G_IM_FMT_RGBA, G_IM_SIZ_16b, 8, 0, 0, 0, G_TX_WRAP | G_TX_NOMIRROR, 5, 0, G_TX_WRAP | G_TX_NOMIRROR, 5, 0),
	gsDPSetTileSize(0, 0, 0, 124, 124),
	gsSPEndDisplayList(),
};

Gfx mat_revert_INTRO_SCREEN_tile_7_2_png_f3d[] = {
	gsDPPipeSync(),
	gsDPSetAlphaDither(G_AD_DISABLE),
	gsSPEndDisplayList(),
};

Gfx mat_INTRO_SCREEN_tile_7_3_png_f3d[] = {
	gsSPLightColor(LIGHT_1, 0xFFFFFFFF),
	gsSPLightColor(LIGHT_2, 0x7F7F7FFF),
	gsDPPipeSync(),
	gsDPSetCombineLERP(TEXEL0, 0, SHADE, 0, 0, 0, 0, ENVIRONMENT, TEXEL0, 0, SHADE, 0, 0, 0, 0, ENVIRONMENT),
	gsDPSetAlphaDither(G_AD_NOISE),
	gsSPTexture(65535, 65535, 0, 0, 1),
	gsDPSetTextureImage(G_IM_FMT_RGBA, G_IM_SIZ_16b_LOAD_BLOCK, 1, INTRO_SCREEN_tile_7_3_rgba16),
	gsDPSetTile(G_IM_FMT_RGBA, G_IM_SIZ_16b_LOAD_BLOCK, 0, 0, 7, 0, G_TX_WRAP | G_TX_NOMIRROR, 0, 0, G_TX_WRAP | G_TX_NOMIRROR, 0, 0),
	gsDPLoadBlock(7, 0, 0, 1023, 256),
	gsDPSetTile(G_IM_FMT_RGBA, G_IM_SIZ_16b, 8, 0, 0, 0, G_TX_WRAP | G_TX_NOMIRROR, 5, 0, G_TX_WRAP | G_TX_NOMIRROR, 5, 0),
	gsDPSetTileSize(0, 0, 0, 124, 124),
	gsSPEndDisplayList(),
};

Gfx mat_revert_INTRO_SCREEN_tile_7_3_png_f3d[] = {
	gsDPPipeSync(),
	gsDPSetAlphaDither(G_AD_DISABLE),
	gsSPEndDisplayList(),
};

Gfx mat_INTRO_SCREEN_tile_bottom_0_png_f3d[] = {
	gsSPLightColor(LIGHT_1, 0xFFFFFFFF),
	gsSPLightColor(LIGHT_2, 0x7F7F7FFF),
	gsDPPipeSync(),
	gsDPSetCombineLERP(TEXEL0, 0, SHADE, 0, 0, 0, 0, ENVIRONMENT, TEXEL0, 0, SHADE, 0, 0, 0, 0, ENVIRONMENT),
	gsDPSetAlphaDither(G_AD_NOISE),
	gsSPTexture(65535, 65535, 0, 0, 1),
	gsDPSetTextureImage(G_IM_FMT_RGBA, G_IM_SIZ_16b_LOAD_BLOCK, 1, INTRO_SCREEN_tile_bottom_0_rgba16),
	gsDPSetTile(G_IM_FMT_RGBA, G_IM_SIZ_16b_LOAD_BLOCK, 0, 0, 7, 0, G_TX_WRAP | G_TX_NOMIRROR, 0, 0, G_TX_WRAP | G_TX_NOMIRROR, 0, 0),
	gsDPLoadBlock(7, 0, 0, 1023, 64),
	gsDPSetTile(G_IM_FMT_RGBA, G_IM_SIZ_16b, 32, 0, 0, 0, G_TX_WRAP | G_TX_NOMIRROR, 3, 0, G_TX_WRAP | G_TX_NOMIRROR, 7, 0),
	gsDPSetTileSize(0, 0, 0, 508, 28),
	gsSPEndDisplayList(),
};

Gfx mat_revert_INTRO_SCREEN_tile_bottom_0_png_f3d[] = {
	gsDPPipeSync(),
	gsDPSetAlphaDither(G_AD_DISABLE),
	gsSPEndDisplayList(),
};

Gfx mat_INTRO_SCREEN_tile_bottom_1_png_f3d[] = {
	gsSPLightColor(LIGHT_1, 0xFFFFFFFF),
	gsSPLightColor(LIGHT_2, 0x7F7F7FFF),
	gsDPPipeSync(),
	gsDPSetCombineLERP(TEXEL0, 0, SHADE, 0, 0, 0, 0, ENVIRONMENT, TEXEL0, 0, SHADE, 0, 0, 0, 0, ENVIRONMENT),
	gsDPSetAlphaDither(G_AD_NOISE),
	gsSPTexture(65535, 65535, 0, 0, 1),
	gsDPSetTextureImage(G_IM_FMT_RGBA, G_IM_SIZ_16b_LOAD_BLOCK, 1, INTRO_SCREEN_tile_bottom_1_rgba16),
	gsDPSetTile(G_IM_FMT_RGBA, G_IM_SIZ_16b_LOAD_BLOCK, 0, 0, 7, 0, G_TX_WRAP | G_TX_NOMIRROR, 0, 0, G_TX_WRAP | G_TX_NOMIRROR, 0, 0),
	gsDPLoadBlock(7, 0, 0, 1023, 64),
	gsDPSetTile(G_IM_FMT_RGBA, G_IM_SIZ_16b, 32, 0, 0, 0, G_TX_WRAP | G_TX_NOMIRROR, 3, 0, G_TX_WRAP | G_TX_NOMIRROR, 7, 0),
	gsDPSetTileSize(0, 0, 0, 508, 28),
	gsSPEndDisplayList(),
};

Gfx mat_revert_INTRO_SCREEN_tile_bottom_1_png_f3d[] = {
	gsDPPipeSync(),
	gsDPSetAlphaDither(G_AD_DISABLE),
	gsSPEndDisplayList(),
};

Gfx mat_INTRO_SCREEN_tile_right_0_png_f3d[] = {
	gsSPLightColor(LIGHT_1, 0xFFFFFFFF),
	gsSPLightColor(LIGHT_2, 0x7F7F7FFF),
	gsDPPipeSync(),
	gsDPSetCombineLERP(TEXEL0, 0, SHADE, 0, 0, 0, 0, ENVIRONMENT, TEXEL0, 0, SHADE, 0, 0, 0, 0, ENVIRONMENT),
	gsDPSetAlphaDither(G_AD_NOISE),
	gsSPTexture(65535, 65535, 0, 0, 1),
	gsDPSetTextureImage(G_IM_FMT_RGBA, G_IM_SIZ_16b_LOAD_BLOCK, 1, INTRO_SCREEN_tile_right_0_rgba16),
	gsDPSetTile(G_IM_FMT_RGBA, G_IM_SIZ_16b_LOAD_BLOCK, 0, 0, 7, 0, G_TX_WRAP | G_TX_NOMIRROR, 0, 0, G_TX_WRAP | G_TX_NOMIRROR, 0, 0),
	gsDPLoadBlock(7, 0, 0, 1023, 512),
	gsDPSetTile(G_IM_FMT_RGBA, G_IM_SIZ_16b, 4, 0, 0, 0, G_TX_WRAP | G_TX_NOMIRROR, 6, 0, G_TX_WRAP | G_TX_NOMIRROR, 4, 0),
	gsDPSetTileSize(0, 0, 0, 60, 252),
	gsSPEndDisplayList(),
};

Gfx mat_revert_INTRO_SCREEN_tile_right_0_png_f3d[] = {
	gsDPPipeSync(),
	gsDPSetAlphaDither(G_AD_DISABLE),
	gsSPEndDisplayList(),
};

Gfx mat_INTRO_SCREEN_tile_right_1_png_f3d[] = {
	gsSPLightColor(LIGHT_1, 0xFFFFFFFF),
	gsSPLightColor(LIGHT_2, 0x7F7F7FFF),
	gsDPPipeSync(),
	gsDPSetCombineLERP(TEXEL0, 0, SHADE, 0, 0, 0, 0, ENVIRONMENT, TEXEL0, 0, SHADE, 0, 0, 0, 0, ENVIRONMENT),
	gsDPSetAlphaDither(G_AD_NOISE),
	gsSPTexture(65535, 65535, 0, 0, 1),
	gsDPSetTextureImage(G_IM_FMT_RGBA, G_IM_SIZ_16b_LOAD_BLOCK, 1, INTRO_SCREEN_tile_right_1_rgba16),
	gsDPSetTile(G_IM_FMT_RGBA, G_IM_SIZ_16b_LOAD_BLOCK, 0, 0, 7, 0, G_TX_WRAP | G_TX_NOMIRROR, 0, 0, G_TX_WRAP | G_TX_NOMIRROR, 0, 0),
	gsDPLoadBlock(7, 0, 0, 1023, 512),
	gsDPSetTile(G_IM_FMT_RGBA, G_IM_SIZ_16b, 4, 0, 0, 0, G_TX_WRAP | G_TX_NOMIRROR, 6, 0, G_TX_WRAP | G_TX_NOMIRROR, 4, 0),
	gsDPSetTileSize(0, 0, 0, 60, 252),
	gsSPEndDisplayList(),
};

Gfx mat_revert_INTRO_SCREEN_tile_right_1_png_f3d[] = {
	gsDPPipeSync(),
	gsDPSetAlphaDither(G_AD_DISABLE),
	gsSPEndDisplayList(),
};

Gfx mat_INTRO_SCREEN_tile_corner_png_f3d[] = {
	gsSPLightColor(LIGHT_1, 0xFFFFFFFF),
	gsSPLightColor(LIGHT_2, 0x7F7F7FFF),
	gsDPPipeSync(),
	gsDPSetCombineLERP(TEXEL0, 0, SHADE, 0, 0, 0, 0, ENVIRONMENT, TEXEL0, 0, SHADE, 0, 0, 0, 0, ENVIRONMENT),
	gsDPSetAlphaDither(G_AD_NOISE),
	gsSPTexture(65535, 65535, 0, 0, 1),
	gsDPSetTextureImage(G_IM_FMT_RGBA, G_IM_SIZ_16b_LOAD_BLOCK, 1, INTRO_SCREEN_tile_corner_rgba16),
	gsDPSetTile(G_IM_FMT_RGBA, G_IM_SIZ_16b_LOAD_BLOCK, 0, 0, 7, 0, G_TX_WRAP | G_TX_NOMIRROR, 0, 0, G_TX_WRAP | G_TX_NOMIRROR, 0, 0),
	gsDPLoadBlock(7, 0, 0, 127, 512),
	gsDPSetTile(G_IM_FMT_RGBA, G_IM_SIZ_16b, 4, 0, 0, 0, G_TX_WRAP | G_TX_NOMIRROR, 3, 0, G_TX_WRAP | G_TX_NOMIRROR, 4, 0),
	gsDPSetTileSize(0, 0, 0, 60, 28),
	gsSPEndDisplayList(),
};

Gfx mat_revert_INTRO_SCREEN_tile_corner_png_f3d[] = {
	gsDPPipeSync(),
	gsDPSetAlphaDither(G_AD_DISABLE),
	gsSPEndDisplayList(),
};

Gfx mat_INTRO_SCREEN_METAL[] = {
	gsSPGeometryMode(G_LIGHTING, 0),
	gsDPPipeSync(),
	gsDPSetCombineLERP(TEXEL0, 0, SHADE, 0, ENVIRONMENT, 0, SHADE, 0, TEXEL0, 0, SHADE, 0, ENVIRONMENT, 0, SHADE, 0),
	gsDPSetAlphaDither(G_AD_NOISE),
	gsSPTexture(65535, 65535, 0, 0, 1),
	gsDPSetTextureImage(G_IM_FMT_I, G_IM_SIZ_8b_LOAD_BLOCK, 1, INTRO_SCREEN_PaintedMetal016_1K_PNG_Color_64x64_i8),
	gsDPSetTile(G_IM_FMT_I, G_IM_SIZ_8b_LOAD_BLOCK, 0, 0, 7, 0, G_TX_WRAP | G_TX_NOMIRROR, 0, 0, G_TX_WRAP | G_TX_NOMIRROR, 0, 0),
	gsDPLoadBlock(7, 0, 0, 2047, 256),
	gsDPSetTile(G_IM_FMT_I, G_IM_SIZ_8b, 8, 0, 0, 0, G_TX_WRAP | G_TX_NOMIRROR, 6, 0, G_TX_WRAP | G_TX_NOMIRROR, 6, 0),
	gsDPSetTileSize(0, 0, 0, 252, 252),
	gsSPEndDisplayList(),
};

Gfx mat_revert_INTRO_SCREEN_METAL[] = {
	gsSPGeometryMode(0, G_LIGHTING),
	gsDPPipeSync(),
	gsDPSetAlphaDither(G_AD_DISABLE),
	gsSPEndDisplayList(),
};

Gfx INTRO_SCREEN_Image_mesh[] = {
	gsSPClearGeometryMode(G_LIGHTING),
	gsSPVertex(INTRO_SCREEN_Image_mesh_vtx_cull + 0, 8, 0),
	gsSPSetGeometryMode(G_LIGHTING),
	gsSPCullDisplayList(0, 7),
	gsSPDisplayList(mat_INTRO_SCREEN_tile_0_0_png_f3d),
	gsSPDisplayList(INTRO_SCREEN_Image_mesh_tri_0),
	gsSPDisplayList(mat_revert_INTRO_SCREEN_tile_0_0_png_f3d),
	gsSPDisplayList(mat_INTRO_SCREEN_tile_0_1_png_f3d),
	gsSPDisplayList(INTRO_SCREEN_Image_mesh_tri_1),
	gsSPDisplayList(mat_revert_INTRO_SCREEN_tile_0_1_png_f3d),
	gsSPDisplayList(mat_INTRO_SCREEN_tile_0_2_png_f3d),
	gsSPDisplayList(INTRO_SCREEN_Image_mesh_tri_2),
	gsSPDisplayList(mat_revert_INTRO_SCREEN_tile_0_2_png_f3d),
	gsSPDisplayList(mat_INTRO_SCREEN_tile_0_3_png_f3d),
	gsSPDisplayList(INTRO_SCREEN_Image_mesh_tri_3),
	gsSPDisplayList(mat_revert_INTRO_SCREEN_tile_0_3_png_f3d),
	gsSPDisplayList(mat_INTRO_SCREEN_tile_1_0_png_f3d),
	gsSPDisplayList(INTRO_SCREEN_Image_mesh_tri_4),
	gsSPDisplayList(mat_revert_INTRO_SCREEN_tile_1_0_png_f3d),
	gsSPDisplayList(mat_INTRO_SCREEN_tile_1_1_png_f3d),
	gsSPDisplayList(INTRO_SCREEN_Image_mesh_tri_5),
	gsSPDisplayList(mat_revert_INTRO_SCREEN_tile_1_1_png_f3d),
	gsSPDisplayList(mat_INTRO_SCREEN_tile_1_2_png_f3d),
	gsSPDisplayList(INTRO_SCREEN_Image_mesh_tri_6),
	gsSPDisplayList(mat_revert_INTRO_SCREEN_tile_1_2_png_f3d),
	gsSPDisplayList(mat_INTRO_SCREEN_tile_1_3_png_f3d),
	gsSPDisplayList(INTRO_SCREEN_Image_mesh_tri_7),
	gsSPDisplayList(mat_revert_INTRO_SCREEN_tile_1_3_png_f3d),
	gsSPDisplayList(mat_INTRO_SCREEN_tile_2_0_png_f3d),
	gsSPDisplayList(INTRO_SCREEN_Image_mesh_tri_8),
	gsSPDisplayList(mat_revert_INTRO_SCREEN_tile_2_0_png_f3d),
	gsSPDisplayList(mat_INTRO_SCREEN_tile_2_1_png_f3d),
	gsSPDisplayList(INTRO_SCREEN_Image_mesh_tri_9),
	gsSPDisplayList(mat_revert_INTRO_SCREEN_tile_2_1_png_f3d),
	gsSPDisplayList(mat_INTRO_SCREEN_tile_2_2_png_f3d),
	gsSPDisplayList(INTRO_SCREEN_Image_mesh_tri_10),
	gsSPDisplayList(mat_revert_INTRO_SCREEN_tile_2_2_png_f3d),
	gsSPDisplayList(mat_INTRO_SCREEN_tile_2_3_png_f3d),
	gsSPDisplayList(INTRO_SCREEN_Image_mesh_tri_11),
	gsSPDisplayList(mat_revert_INTRO_SCREEN_tile_2_3_png_f3d),
	gsSPDisplayList(mat_INTRO_SCREEN_tile_3_0_png_f3d),
	gsSPDisplayList(INTRO_SCREEN_Image_mesh_tri_12),
	gsSPDisplayList(mat_revert_INTRO_SCREEN_tile_3_0_png_f3d),
	gsSPDisplayList(mat_INTRO_SCREEN_tile_3_1_png_f3d),
	gsSPDisplayList(INTRO_SCREEN_Image_mesh_tri_13),
	gsSPDisplayList(mat_revert_INTRO_SCREEN_tile_3_1_png_f3d),
	gsSPDisplayList(mat_INTRO_SCREEN_tile_3_2_png_f3d),
	gsSPDisplayList(INTRO_SCREEN_Image_mesh_tri_14),
	gsSPDisplayList(mat_revert_INTRO_SCREEN_tile_3_2_png_f3d),
	gsSPDisplayList(mat_INTRO_SCREEN_tile_3_3_png_f3d),
	gsSPDisplayList(INTRO_SCREEN_Image_mesh_tri_15),
	gsSPDisplayList(mat_revert_INTRO_SCREEN_tile_3_3_png_f3d),
	gsSPDisplayList(mat_INTRO_SCREEN_tile_4_0_png_f3d),
	gsSPDisplayList(INTRO_SCREEN_Image_mesh_tri_16),
	gsSPDisplayList(mat_revert_INTRO_SCREEN_tile_4_0_png_f3d),
	gsSPDisplayList(mat_INTRO_SCREEN_tile_4_1_png_f3d),
	gsSPDisplayList(INTRO_SCREEN_Image_mesh_tri_17),
	gsSPDisplayList(mat_revert_INTRO_SCREEN_tile_4_1_png_f3d),
	gsSPDisplayList(mat_INTRO_SCREEN_tile_4_2_png_f3d),
	gsSPDisplayList(INTRO_SCREEN_Image_mesh_tri_18),
	gsSPDisplayList(mat_revert_INTRO_SCREEN_tile_4_2_png_f3d),
	gsSPDisplayList(mat_INTRO_SCREEN_tile_4_3_png_f3d),
	gsSPDisplayList(INTRO_SCREEN_Image_mesh_tri_19),
	gsSPDisplayList(mat_revert_INTRO_SCREEN_tile_4_3_png_f3d),
	gsSPDisplayList(mat_INTRO_SCREEN_tile_5_0_png_f3d),
	gsSPDisplayList(INTRO_SCREEN_Image_mesh_tri_20),
	gsSPDisplayList(mat_revert_INTRO_SCREEN_tile_5_0_png_f3d),
	gsSPDisplayList(mat_INTRO_SCREEN_tile_5_1_png_f3d),
	gsSPDisplayList(INTRO_SCREEN_Image_mesh_tri_21),
	gsSPDisplayList(mat_revert_INTRO_SCREEN_tile_5_1_png_f3d),
	gsSPDisplayList(mat_INTRO_SCREEN_tile_5_2_png_f3d),
	gsSPDisplayList(INTRO_SCREEN_Image_mesh_tri_22),
	gsSPDisplayList(mat_revert_INTRO_SCREEN_tile_5_2_png_f3d),
	gsSPDisplayList(mat_INTRO_SCREEN_tile_5_3_png_f3d),
	gsSPDisplayList(INTRO_SCREEN_Image_mesh_tri_23),
	gsSPDisplayList(mat_revert_INTRO_SCREEN_tile_5_3_png_f3d),
	gsSPDisplayList(mat_INTRO_SCREEN_tile_6_0_png_f3d),
	gsSPDisplayList(INTRO_SCREEN_Image_mesh_tri_24),
	gsSPDisplayList(mat_revert_INTRO_SCREEN_tile_6_0_png_f3d),
	gsSPDisplayList(mat_INTRO_SCREEN_tile_6_1_png_f3d),
	gsSPDisplayList(INTRO_SCREEN_Image_mesh_tri_25),
	gsSPDisplayList(mat_revert_INTRO_SCREEN_tile_6_1_png_f3d),
	gsSPDisplayList(mat_INTRO_SCREEN_tile_6_2_png_f3d),
	gsSPDisplayList(INTRO_SCREEN_Image_mesh_tri_26),
	gsSPDisplayList(mat_revert_INTRO_SCREEN_tile_6_2_png_f3d),
	gsSPDisplayList(mat_INTRO_SCREEN_tile_6_3_png_f3d),
	gsSPDisplayList(INTRO_SCREEN_Image_mesh_tri_27),
	gsSPDisplayList(mat_revert_INTRO_SCREEN_tile_6_3_png_f3d),
	gsSPDisplayList(mat_INTRO_SCREEN_tile_7_0_png_f3d),
	gsSPDisplayList(INTRO_SCREEN_Image_mesh_tri_28),
	gsSPDisplayList(mat_revert_INTRO_SCREEN_tile_7_0_png_f3d),
	gsSPDisplayList(mat_INTRO_SCREEN_tile_7_1_png_f3d),
	gsSPDisplayList(INTRO_SCREEN_Image_mesh_tri_29),
	gsSPDisplayList(mat_revert_INTRO_SCREEN_tile_7_1_png_f3d),
	gsSPDisplayList(mat_INTRO_SCREEN_tile_7_2_png_f3d),
	gsSPDisplayList(INTRO_SCREEN_Image_mesh_tri_30),
	gsSPDisplayList(mat_revert_INTRO_SCREEN_tile_7_2_png_f3d),
	gsSPDisplayList(mat_INTRO_SCREEN_tile_7_3_png_f3d),
	gsSPDisplayList(INTRO_SCREEN_Image_mesh_tri_31),
	gsSPDisplayList(mat_revert_INTRO_SCREEN_tile_7_3_png_f3d),
	gsSPDisplayList(mat_INTRO_SCREEN_tile_bottom_0_png_f3d),
	gsSPDisplayList(INTRO_SCREEN_Image_mesh_tri_32),
	gsSPDisplayList(mat_revert_INTRO_SCREEN_tile_bottom_0_png_f3d),
	gsSPDisplayList(mat_INTRO_SCREEN_tile_bottom_1_png_f3d),
	gsSPDisplayList(INTRO_SCREEN_Image_mesh_tri_33),
	gsSPDisplayList(mat_revert_INTRO_SCREEN_tile_bottom_1_png_f3d),
	gsSPDisplayList(mat_INTRO_SCREEN_tile_right_0_png_f3d),
	gsSPDisplayList(INTRO_SCREEN_Image_mesh_tri_34),
	gsSPDisplayList(mat_revert_INTRO_SCREEN_tile_right_0_png_f3d),
	gsSPDisplayList(mat_INTRO_SCREEN_tile_right_1_png_f3d),
	gsSPDisplayList(INTRO_SCREEN_Image_mesh_tri_35),
	gsSPDisplayList(mat_revert_INTRO_SCREEN_tile_right_1_png_f3d),
	gsSPDisplayList(mat_INTRO_SCREEN_tile_corner_png_f3d),
	gsSPDisplayList(INTRO_SCREEN_Image_mesh_tri_36),
	gsSPDisplayList(mat_revert_INTRO_SCREEN_tile_corner_png_f3d),
	gsSPDisplayList(mat_INTRO_SCREEN_METAL),
	gsSPDisplayList(INTRO_SCREEN_Image_mesh_tri_37),
	gsSPDisplayList(mat_revert_INTRO_SCREEN_METAL),
	gsDPPipeSync(),
	gsSPSetGeometryMode(G_LIGHTING),
	gsSPClearGeometryMode(G_TEXTURE_GEN),
	gsDPSetCombineLERP(0, 0, 0, SHADE, 0, 0, 0, ENVIRONMENT, 0, 0, 0, SHADE, 0, 0, 0, ENVIRONMENT),
	gsSPTexture(65535, 65535, 0, 0, 0),
	gsSPEndDisplayList(),
};

