Gfx bitdw_dl_I_JUST_WHIITED_i8_aligner[] = {gsSPEndDisplayList()};
u8 bitdw_dl_I_JUST_WHIITED_i8[] = {
	0xff, 0xff, 0xff, 0xff, 0xff, 0xff, 0xff, 0xff, 
	0xff, 0xff, 0xff, 0xff, 0xff, 0xff, 0xff, 0xff, 
	0xff, 0xff, 0xff, 0xff, 0xff, 0xff, 0xff, 0xff, 
	0xff, 0xff, 0xff, 0xff, 0xff, 0xff, 0xff, 0xff, 
	0xff, 0xff, 0xff, 0xff, 0xff, 0xff, 0xff, 0xff, 
	0xff, 0xff, 0xff, 0xff, 0xff, 0xff, 0xff, 0xff, 
	0xff, 0xff, 0xff, 0xff, 0xff, 0xff, 0xff, 0xff, 
	0xff, 0xff, 0xff, 0xff, 0xff, 0xff, 0xff, 0xff, 
	0xff, 0xff, 0xff, 0xff, 0xff, 0xff, 0xff, 0xff, 
	0xff, 0xff, 0xff, 0xff, 0xff, 0xff, 0xff, 0xff, 
	0xff, 0xff, 0xff, 0xff, 0xff, 0xff, 0xff, 0xff, 
	0xff, 0xff, 0xff, 0xff, 0xff, 0xff, 0xff, 0xff, 
	0xff, 0xff, 0xff, 0xff, 0xff, 0xff, 0xff, 0xff, 
	0xff, 0xff, 0xff, 0xff, 0xff, 0xff, 0xff, 0xff, 
	0xff, 0xff, 0xff, 0xff, 0xff, 0xff, 0xff, 0xff, 
	0xff, 0xff, 0xff, 0xff, 0xff, 0xff, 0xff, 0xff, 
	0xff, 0xff, 0xff, 0xff, 0xff, 0xff, 0xff, 0xff, 
	0xff, 0xff, 0xff, 0xff, 0xff, 0xff, 0xff, 0xff, 
	0xff, 0xff, 0xff, 0xff, 0xff, 0xff, 0xff, 0xff, 
	0xff, 0xff, 0xff, 0xff, 0xff, 0xff, 0xff, 0xff, 
	0xff, 0xff, 0xff, 0xff, 0xff, 0xff, 0xff, 0xff, 
	0xff, 0xff, 0xff, 0xff, 0xff, 0xff, 0xff, 0xff, 
	0xff, 0xff, 0xff, 0xff, 0xff, 0xff, 0xff, 0xff, 
	0xff, 0xff, 0xff, 0xff, 0xff, 0xff, 0xff, 0xff, 
	0xff, 0xff, 0xff, 0xff, 0xff, 0xff, 0xff, 0xff, 
	0xff, 0xff, 0xff, 0xff, 0xff, 0xff, 0xff, 0xff, 
	0xff, 0xff, 0xff, 0xff, 0xff, 0xff, 0xff, 0xff, 
	0xff, 0xff, 0xff, 0xff, 0xff, 0xff, 0xff, 0xff, 
	0xff, 0xff, 0xff, 0xff, 0xff, 0xff, 0xff, 0xff, 
	0xff, 0xff, 0xff, 0xff, 0xff, 0xff, 0xff, 0xff, 
	0xff, 0xff, 0xff, 0xff, 0xff, 0xff, 0xff, 0xff, 
	0xff, 0xff, 0xff, 0xff, 0xff, 0xff, 0xff, 0xff, 
	0xff, 0xff, 0xff, 0xff, 0xff, 0xff, 0xff, 0xff, 
	0xff, 0xff, 0xff, 0xff, 0xff, 0xff, 0xff, 0xff, 
	0xff, 0xff, 0xff, 0xff, 0xff, 0xff, 0xff, 0xff, 
	0xff, 0xff, 0xff, 0xff, 0xff, 0xff, 0xff, 0xff, 
	0xff, 0xff, 0xff, 0xff, 0xff, 0xff, 0xff, 0xff, 
	0xff, 0xff, 0xff, 0xff, 0xff, 0xff, 0xff, 0xff, 
	0xff, 0xff, 0xff, 0xff, 0xff, 0xff, 0xff, 0xff, 
	0xff, 0xff, 0xff, 0xff, 0xff, 0xff, 0xff, 0xff, 
	0xff, 0xff, 0xff, 0xff, 0xff, 0xff, 0xff, 0xff, 
	0xff, 0xff, 0xff, 0xff, 0xff, 0xff, 0xff, 0xff, 
	0xff, 0xff, 0xff, 0xff, 0xff, 0xff, 0xff, 0xff, 
	0xff, 0xff, 0xff, 0xff, 0xff, 0xff, 0xff, 0xff, 
	0xff, 0xff, 0xff, 0xff, 0xff, 0xff, 0xff, 0xff, 
	0xff, 0xff, 0xff, 0xff, 0xff, 0xff, 0xff, 0xff, 
	0xff, 0xff, 0xff, 0xff, 0xff, 0xff, 0xff, 0xff, 
	0xff, 0xff, 0xff, 0xff, 0xff, 0xff, 0xff, 0xff, 
	0xff, 0xff, 0xff, 0xff, 0xff, 0xff, 0xff, 0xff, 
	0xff, 0xff, 0xff, 0xff, 0xff, 0xff, 0xff, 0xff, 
	0xff, 0xff, 0xff, 0xff, 0xff, 0xff, 0xff, 0xff, 
	0xff, 0xff, 0xff, 0xff, 0xff, 0xff, 0xff, 0xff, 
	0xff, 0xff, 0xff, 0xff, 0xff, 0xff, 0xff, 0xff, 
	0xff, 0xff, 0xff, 0xff, 0xff, 0xff, 0xff, 0xff, 
	0xff, 0xff, 0xff, 0xff, 0xff, 0xff, 0xff, 0xff, 
	0xff, 0xff, 0xff, 0xff, 0xff, 0xff, 0xff, 0xff, 
	0xff, 0xff, 0xff, 0xff, 0xff, 0xff, 0xff, 0xff, 
	0xff, 0xff, 0xff, 0xff, 0xff, 0xff, 0xff, 0xff, 
	0xff, 0xff, 0xff, 0xff, 0xff, 0xff, 0xff, 0xff, 
	0xff, 0xff, 0xff, 0xff, 0xff, 0xff, 0xff, 0xff, 
	0xff, 0xff, 0xff, 0xff, 0xff, 0xff, 0xff, 0xff, 
	0xff, 0xff, 0xff, 0xff, 0xff, 0xff, 0xff, 0xff, 
	0xff, 0xff, 0xff, 0xff, 0xff, 0xff, 0xff, 0xff, 
	0xff, 0xff, 0xff, 0xff, 0xff, 0xff, 0xff, 0xff, 
	0xff, 0xff, 0xff, 0xff, 0xff, 0xff, 0xff, 0xff, 
	0xff, 0xff, 0xff, 0xff, 0xff, 0xff, 0xff, 0xff, 
	0xff, 0xff, 0xff, 0xff, 0xff, 0xff, 0xff, 0xff, 
	0xff, 0xff, 0xff, 0xff, 0xff, 0xff, 0xff, 0xff, 
	0xff, 0xff, 0xff, 0xff, 0xff, 0xff, 0xff, 0xff, 
	0xff, 0xff, 0xff, 0xff, 0xff, 0xff, 0xff, 0xff, 
	0xff, 0xff, 0xff, 0xff, 0xff, 0xff, 0xff, 0xff, 
	0xff, 0xff, 0xff, 0xff, 0xff, 0xff, 0xff, 0xff, 
	0xff, 0xff, 0xff, 0xff, 0xff, 0xff, 0xff, 0xff, 
	0xff, 0xff, 0xff, 0xff, 0xff, 0xff, 0xff, 0xff, 
	0xff, 0xff, 0xff, 0xff, 0xff, 0xff, 0xff, 0xff, 
	0xff, 0xff, 0xff, 0xff, 0xff, 0xff, 0xff, 0xff, 
	0xff, 0xff, 0xff, 0xff, 0xff, 0xff, 0xff, 0xff, 
	0xff, 0xff, 0xff, 0xff, 0xff, 0xff, 0xff, 0xff, 
	0xff, 0xff, 0xff, 0xff, 0xff, 0xff, 0xff, 0xff, 
	0xff, 0xff, 0xff, 0xff, 0xff, 0xff, 0xff, 0xff, 
	0xff, 0xff, 0xff, 0xff, 0xff, 0xff, 0xff, 0xff, 
	0xff, 0xff, 0xff, 0xff, 0xff, 0xff, 0xff, 0xff, 
	0xff, 0xff, 0xff, 0xff, 0xff, 0xff, 0xff, 0xff, 
	0xff, 0xff, 0xff, 0xff, 0xff, 0xff, 0xff, 0xff, 
	0xff, 0xff, 0xff, 0xff, 0xff, 0xff, 0xff, 0xff, 
	0xff, 0xff, 0xff, 0xff, 0xff, 0xff, 0xff, 0xff, 
	0xff, 0xff, 0xff, 0xff, 0xff, 0xff, 0xff, 0xff, 
	0xff, 0xff, 0xff, 0xff, 0xff, 0xff, 0xff, 0xff, 
	0xff, 0xff, 0xff, 0xff, 0xff, 0xff, 0xff, 0xff, 
	0xff, 0xff, 0xff, 0xff, 0xff, 0xff, 0xff, 0xff, 
	0xff, 0xff, 0xff, 0xff, 0xff, 0xff, 0xff, 0xff, 
	0xff, 0xff, 0xff, 0xff, 0xff, 0xff, 0xff, 0xff, 
	0xff, 0xff, 0xff, 0xff, 0xff, 0xff, 0xff, 0xff, 
	0xff, 0xff, 0xff, 0xff, 0xff, 0xff, 0xff, 0xff, 
	0xff, 0xff, 0xff, 0xff, 0xff, 0xff, 0xff, 0xff, 
	0xff, 0xff, 0xff, 0xff, 0xff, 0xff, 0xff, 0xff, 
	0xff, 0xff, 0xff, 0xff, 0xff, 0xff, 0xff, 0xff, 
	0xff, 0xff, 0xff, 0xff, 0xff, 0xff, 0xff, 0xff, 
	0xff, 0xff, 0xff, 0xff, 0xff, 0xff, 0xff, 0xff, 
	0xff, 0xff, 0xff, 0xff, 0xff, 0xff, 0xff, 0xff, 
	0xff, 0xff, 0xff, 0xff, 0xff, 0xff, 0xff, 0xff, 
	0xff, 0xff, 0xff, 0xff, 0xff, 0xff, 0xff, 0xff, 
	0xff, 0xff, 0xff, 0xff, 0xff, 0xff, 0xff, 0xff, 
	0xff, 0xff, 0xff, 0xff, 0xff, 0xff, 0xff, 0xff, 
	0xff, 0xff, 0xff, 0xff, 0xff, 0xff, 0xff, 0xff, 
	0xff, 0xff, 0xff, 0xff, 0xff, 0xff, 0xff, 0xff, 
	0xff, 0xff, 0xff, 0xff, 0xff, 0xff, 0xff, 0xff, 
	0xff, 0xff, 0xff, 0xff, 0xff, 0xff, 0xff, 0xff, 
	0xff, 0xff, 0xff, 0xff, 0xff, 0xff, 0xff, 0xff, 
	0xff, 0xff, 0xff, 0xff, 0xff, 0xff, 0xff, 0xff, 
	0xff, 0xff, 0xff, 0xff, 0xff, 0xff, 0xff, 0xff, 
	0xff, 0xff, 0xff, 0xff, 0xff, 0xff, 0xff, 0xff, 
	0xff, 0xff, 0xff, 0xff, 0xff, 0xff, 0xff, 0xff, 
	0xff, 0xff, 0xff, 0xff, 0xff, 0xff, 0xff, 0xff, 
	0xff, 0xff, 0xff, 0xff, 0xff, 0xff, 0xff, 0xff, 
	0xff, 0xff, 0xff, 0xff, 0xff, 0xff, 0xff, 0xff, 
	0xff, 0xff, 0xff, 0xff, 0xff, 0xff, 0xff, 0xff, 
	0xff, 0xff, 0xff, 0xff, 0xff, 0xff, 0xff, 0xff, 
	0xff, 0xff, 0xff, 0xff, 0xff, 0xff, 0xff, 0xff, 
	0xff, 0xff, 0xff, 0xff, 0xff, 0xff, 0xff, 0xff, 
	0xff, 0xff, 0xff, 0xff, 0xff, 0xff, 0xff, 0xff, 
	0xff, 0xff, 0xff, 0xff, 0xff, 0xff, 0xff, 0xff, 
	0xff, 0xff, 0xff, 0xff, 0xff, 0xff, 0xff, 0xff, 
	0xff, 0xff, 0xff, 0xff, 0xff, 0xff, 0xff, 0xff, 
	0xff, 0xff, 0xff, 0xff, 0xff, 0xff, 0xff, 0xff, 
	0xff, 0xff, 0xff, 0xff, 0xff, 0xff, 0xff, 0xff, 
	0xff, 0xff, 0xff, 0xff, 0xff, 0xff, 0xff, 0xff, 
	0xff, 0xff, 0xff, 0xff, 0xff, 0xff, 0xff, 0xff, 
	
};

Gfx bitdw_dl_Pattern_01_Retro_Wallpaper_Orange_1_64x64_i4_aligner[] = {gsSPEndDisplayList()};
u8 bitdw_dl_Pattern_01_Retro_Wallpaper_Orange_1_64x64_i4[] = {
	0x66, 0x66, 0x66, 0x66, 0x66, 0x66, 0x66, 0x66, 
	0x66, 0x65, 0x10, 0x00, 0x05, 0xef, 0xff, 0xff, 
	0xff, 0xff, 0xfc, 0x20, 0x00, 0x01, 0x56, 0x67, 
	0x66, 0x66, 0x66, 0x66, 0x66, 0x66, 0x66, 0x66, 
	0x66, 0x66, 0x66, 0x66, 0x66, 0x66, 0x66, 0x66, 
	0x66, 0x66, 0x51, 0x00, 0x00, 0x5e, 0xff, 0xff, 
	0xff, 0xff, 0xc2, 0x00, 0x00, 0x15, 0x66, 0x66, 
	0x66, 0x66, 0x67, 0x66, 0x66, 0x66, 0x66, 0x66, 
	0x66, 0x66, 0x66, 0x66, 0x66, 0x66, 0x66, 0x66, 
	0x66, 0x66, 0x65, 0x10, 0x00, 0x05, 0xef, 0xff, 
	0xff, 0xfc, 0x20, 0x00, 0x01, 0x56, 0x66, 0x66, 
	0x66, 0x66, 0x66, 0x66, 0x66, 0x66, 0x66, 0x66, 
	0x66, 0x66, 0x66, 0x66, 0x66, 0x67, 0x66, 0x66, 
	0x66, 0x66, 0x66, 0x51, 0x00, 0x00, 0x5e, 0xff, 
	0xff, 0xc2, 0x00, 0x00, 0x15, 0x66, 0x66, 0x66, 
	0x66, 0x66, 0x66, 0x66, 0x67, 0x66, 0x66, 0x66, 
	0x66, 0x77, 0x66, 0x66, 0x66, 0x66, 0x66, 0x66, 
	0x66, 0x66, 0x66, 0x67, 0x10, 0x00, 0x05, 0xef, 
	0xfc, 0x20, 0x00, 0x01, 0x87, 0x66, 0x66, 0x66, 
	0x66, 0x66, 0x66, 0x66, 0x66, 0x66, 0x66, 0x66, 
	0x66, 0x66, 0x66, 0x66, 0x66, 0x66, 0x66, 0x66, 
	0x66, 0x66, 0x66, 0x9a, 0x81, 0x00, 0x00, 0x5e, 
	0xc2, 0x00, 0x00, 0x18, 0xaa, 0x76, 0x66, 0x66, 
	0x66, 0x66, 0x66, 0x66, 0x66, 0x66, 0x66, 0x66, 
	0x76, 0x66, 0x66, 0x66, 0x66, 0x66, 0x66, 0x66, 
	0x66, 0x66, 0x69, 0xaa, 0xa8, 0x10, 0x00, 0x05, 
	0x20, 0x00, 0x01, 0x8a, 0xaa, 0xa7, 0x66, 0x66, 
	0x66, 0x66, 0x66, 0x66, 0x66, 0x66, 0x66, 0x67, 
	0x66, 0x66, 0x66, 0x66, 0x66, 0x66, 0x66, 0x66, 
	0x66, 0x66, 0x8a, 0xaa, 0xaa, 0x81, 0x00, 0x00, 
	0x00, 0x00, 0x18, 0xaa, 0xaa, 0xaa, 0x77, 0x66, 
	0x66, 0x66, 0x66, 0x66, 0x66, 0x66, 0x66, 0x66, 
	0x66, 0x66, 0x67, 0x66, 0x66, 0x66, 0x66, 0x66, 
	0x66, 0x69, 0xaa, 0xaa, 0xaa, 0xa8, 0x10, 0x00, 
	0x00, 0x01, 0x8a, 0xaa, 0xaa, 0xaa, 0xa7, 0x66, 
	0x66, 0x66, 0x66, 0x77, 0x66, 0x66, 0x66, 0x66, 
	0x66, 0x66, 0x66, 0x66, 0x67, 0x66, 0x66, 0x66, 
	0x66, 0x9a, 0xaa, 0xaa, 0xaa, 0x97, 0x51, 0x00, 
	0x00, 0x15, 0x8a, 0xaa, 0xaa, 0xaa, 0xaa, 0x76, 
	0x66, 0x66, 0x66, 0x66, 0x66, 0x66, 0x66, 0x66, 
	0x66, 0x66, 0x66, 0x66, 0x66, 0x66, 0x66, 0x66, 
	0x69, 0xaa, 0xaa, 0xaa, 0xa9, 0x76, 0x65, 0x10, 
	0x01, 0x56, 0x67, 0xaa, 0xaa, 0xaa, 0xaa, 0x97, 
	0x66, 0x66, 0x66, 0x66, 0x66, 0x66, 0x66, 0x66, 
	0x66, 0x66, 0x66, 0x66, 0x66, 0x66, 0x66, 0x66, 
	0x8a, 0xaa, 0xaa, 0xaa, 0x97, 0x66, 0x66, 0x51, 
	0x15, 0x66, 0x66, 0x7a, 0xaa, 0xaa, 0xaa, 0xaa, 
	0x76, 0x66, 0x66, 0x66, 0x66, 0x66, 0x66, 0x66, 
	0x67, 0x76, 0x66, 0x66, 0x66, 0x66, 0x66, 0x69, 
	0xaa, 0xaa, 0xaa, 0xa9, 0x76, 0x66, 0x66, 0x65, 
	0x56, 0x66, 0x66, 0x67, 0xaa, 0xaa, 0xaa, 0xaa, 
	0xa7, 0x67, 0x66, 0x66, 0x66, 0x66, 0x67, 0x66, 
	0x66, 0x66, 0x66, 0x66, 0x66, 0x66, 0x66, 0x8a, 
	0xaa, 0xaa, 0xaa, 0x97, 0x66, 0x66, 0x66, 0x66, 
	0x66, 0x66, 0x66, 0x66, 0x7a, 0xaa, 0xaa, 0xaa, 
	0xaa, 0x77, 0x66, 0x66, 0x66, 0x66, 0x66, 0x66, 
	0x66, 0x66, 0x66, 0x66, 0x66, 0x66, 0x68, 0xaa, 
	0xaa, 0xaa, 0xa9, 0x76, 0x66, 0x66, 0x66, 0x66, 
	0x66, 0x67, 0x66, 0x66, 0x67, 0xaa, 0xaa, 0xaa, 
	0xaa, 0xa7, 0x66, 0x66, 0x66, 0x66, 0x66, 0x66, 
	0x66, 0x66, 0x66, 0x66, 0x66, 0x66, 0x9a, 0xaa, 
	0xaa, 0xaa, 0x97, 0x66, 0x66, 0x66, 0x77, 0x66, 
	0x66, 0x66, 0x66, 0x66, 0x66, 0x7a, 0xaa, 0xaa, 
	0xaa, 0xaa, 0x76, 0x66, 0x66, 0x66, 0x66, 0x66, 
	0x66, 0x66, 0x66, 0x66, 0x66, 0x69, 0xaa, 0xaa, 
	0xaa, 0xa9, 0x76, 0x66, 0x66, 0x66, 0x66, 0x66, 
	0x66, 0x66, 0x66, 0x66, 0x66, 0x67, 0x9a, 0xaa, 
	0xaa, 0xaa, 0x97, 0x66, 0x66, 0x76, 0x66, 0x66, 
	0x66, 0x66, 0x66, 0x66, 0x66, 0x8a, 0xaa, 0xaa, 
	0xaa, 0x97, 0x66, 0x66, 0x66, 0x66, 0x66, 0x66, 
	0x66, 0x66, 0x66, 0x66, 0x66, 0x66, 0x79, 0xaa, 
	0xaa, 0xaa, 0xaa, 0x76, 0x67, 0x76, 0x66, 0x76, 
	0x66, 0x66, 0x66, 0x66, 0x69, 0xaa, 0xaa, 0xaa, 
	0xa9, 0x76, 0x66, 0x66, 0x66, 0x66, 0x66, 0x66, 
	0x66, 0x66, 0x66, 0x66, 0x67, 0x66, 0x66, 0x9a, 
	0xaa, 0xaa, 0xaa, 0xa7, 0x66, 0x66, 0x66, 0x66, 
	0x66, 0x66, 0x66, 0x66, 0x8a, 0xaa, 0xaa, 0xaa, 
	0x97, 0x66, 0x66, 0x66, 0x66, 0x66, 0x66, 0x65, 
	0x56, 0x66, 0x66, 0x66, 0x66, 0x66, 0x66, 0x79, 
	0xaa, 0xaa, 0xaa, 0xaa, 0x76, 0x66, 0x76, 0x66, 
	0x66, 0x66, 0x66, 0x69, 0xaa, 0xaa, 0xaa, 0xa9, 
	0x76, 0x66, 0x66, 0x66, 0x66, 0x66, 0x66, 0x51, 
	0x15, 0x66, 0x66, 0x66, 0x66, 0x66, 0x66, 0x67, 
	0x9a, 0xaa, 0xaa, 0xaa, 0xa7, 0x66, 0x66, 0x66, 
	0x66, 0x66, 0x66, 0x9a, 0xaa, 0xaa, 0xaa, 0x97, 
	0x66, 0x66, 0x66, 0x66, 0x66, 0x66, 0x75, 0x10, 
	0x01, 0x56, 0x66, 0x66, 0x66, 0x66, 0x76, 0x66, 
	0x79, 0xaa, 0xaa, 0xaa, 0xaa, 0x76, 0x66, 0x66, 
	0x66, 0x66, 0x68, 0xaa, 0xaa, 0xaa, 0xaa, 0x76, 
	0x66, 0x66, 0x66, 0x66, 0x66, 0x66, 0x51, 0x00, 
	0x00, 0x15, 0x66, 0x66, 0x66, 0x66, 0x66, 0x66, 
	0x66, 0x7a, 0xaa, 0xaa, 0xaa, 0xa7, 0x66, 0x66, 
	0x66, 0x66, 0x8a, 0xaa, 0xaa, 0xaa, 0xa7, 0x67, 
	0x66, 0x76, 0x66, 0x66, 0x66, 0x65, 0x10, 0x00, 
	0x00, 0x01, 0x56, 0x66, 0x66, 0x66, 0x66, 0x66, 
	0x66, 0x67, 0x9a, 0xaa, 0xaa, 0xa9, 0x66, 0x66, 
	0x66, 0x68, 0xaa, 0xaa, 0xaa, 0xaa, 0x76, 0x66, 
	0x66, 0x66, 0x66, 0x66, 0x66, 0x51, 0x00, 0x00, 
	0x00, 0x00, 0x15, 0x76, 0x66, 0x67, 0x66, 0x66, 
	0x66, 0x66, 0x7a, 0xaa, 0xaa, 0x96, 0x66, 0x66, 
	0x66, 0x8a, 0xaa, 0xaa, 0xaa, 0xa7, 0x66, 0x66, 
	0x67, 0x66, 0x66, 0x76, 0x65, 0x10, 0x00, 0x05, 
	0x20, 0x00, 0x01, 0x56, 0x66, 0x66, 0x66, 0x66, 
	0x66, 0x66, 0x67, 0xaa, 0xa9, 0x66, 0x66, 0x66, 
	0x68, 0xaa, 0xaa, 0xaa, 0xaa, 0x76, 0x66, 0x66, 
	0x66, 0x66, 0x66, 0x66, 0x51, 0x00, 0x00, 0x5e, 
	0xc2, 0x00, 0x00, 0x15, 0x66, 0x66, 0x66, 0x66, 
	0x66, 0x66, 0x66, 0x7a, 0x96, 0x66, 0x66, 0x66, 
	0x8a, 0xaa, 0xaa, 0xaa, 0xa7, 0x66, 0x66, 0x66, 
	0x66, 0x66, 0x66, 0x65, 0x10, 0x00, 0x05, 0xef, 
	0xfc, 0x20, 0x00, 0x01, 0x56, 0x66, 0x66, 0x66, 
	0x66, 0x66, 0x66, 0x67, 0x66, 0x66, 0x66, 0x66, 
	0xaa, 0xaa, 0xaa, 0xaa, 0x76, 0x66, 0x66, 0x66, 
	0x66, 0x66, 0x66, 0x51, 0x00, 0x00, 0x5e, 0xff, 
	0xff, 0xc3, 0x00, 0x00, 0x15, 0x66, 0x66, 0x66, 
	0x66, 0x66, 0x66, 0x66, 0x66, 0x66, 0x66, 0x69, 
	0xaa, 0xaa, 0xaa, 0xa7, 0x67, 0x76, 0x66, 0x66, 
	0x66, 0x66, 0x65, 0x10, 0x00, 0x05, 0xef, 0xff, 
	0xff, 0xfc, 0x20, 0x00, 0x01, 0x56, 0x66, 0x66, 
	0x66, 0x66, 0x66, 0x66, 0x66, 0x66, 0x66, 0x8a, 
	0xaa, 0xaa, 0xaa, 0x76, 0x66, 0x66, 0x66, 0x66, 
	0x66, 0x66, 0x51, 0x00, 0x00, 0x5e, 0xff, 0xff, 
	0xff, 0xff, 0xc2, 0x00, 0x00, 0x15, 0x66, 0x66, 
	0x67, 0x66, 0x66, 0x66, 0x66, 0x66, 0x69, 0xaa, 
	0xaa, 0xaa, 0xa7, 0x67, 0x66, 0x66, 0x66, 0x66, 
	0x66, 0x65, 0x10, 0x00, 0x05, 0xef, 0xff, 0xff, 
	0xff, 0xff, 0xfc, 0x20, 0x00, 0x01, 0x56, 0x66, 
	0x66, 0x66, 0x66, 0x66, 0x66, 0x66, 0x8a, 0xaa, 
	0xaa, 0xaa, 0x97, 0x66, 0x66, 0x66, 0x66, 0x66, 
	0x66, 0x65, 0x10, 0x00, 0x05, 0xef, 0xff, 0xff, 
	0xff, 0xfe, 0xfc, 0x20, 0x00, 0x01, 0x56, 0x66, 
	0x66, 0x66, 0x66, 0x66, 0x66, 0x66, 0x7a, 0xaa, 
	0xaa, 0xaa, 0xa9, 0x76, 0x66, 0x66, 0x66, 0x67, 
	0x66, 0x66, 0x51, 0x00, 0x00, 0x5e, 0xff, 0xff, 
	0xff, 0xff, 0xc2, 0x00, 0x00, 0x15, 0x66, 0x66, 
	0x66, 0x66, 0x66, 0x66, 0x66, 0x66, 0x67, 0xaa, 
	0xaa, 0xaa, 0xaa, 0x97, 0x66, 0x66, 0x66, 0x66, 
	0x66, 0x66, 0x65, 0x10, 0x00, 0x05, 0xef, 0xff, 
	0xff, 0xfc, 0x20, 0x00, 0x01, 0x56, 0x66, 0x66, 
	0x66, 0x66, 0x66, 0x66, 0x66, 0x66, 0x66, 0x7a, 
	0xaa, 0xaa, 0xaa, 0xa9, 0x76, 0x66, 0x66, 0x66, 
	0x66, 0x66, 0x66, 0x51, 0x00, 0x00, 0x5e, 0xff, 
	0xff, 0xc2, 0x00, 0x00, 0x15, 0x66, 0x66, 0x66, 
	0x66, 0x66, 0x66, 0x66, 0x66, 0x66, 0x66, 0x67, 
	0x7a, 0xaa, 0xaa, 0xaa, 0x97, 0x66, 0x67, 0x76, 
	0x66, 0x66, 0x66, 0x75, 0x10, 0x00, 0x05, 0xef, 
	0xfc, 0x20, 0x00, 0x01, 0x56, 0x66, 0x66, 0x66, 
	0x66, 0x66, 0x66, 0x68, 0x76, 0x66, 0x66, 0x66, 
	0x67, 0xaa, 0xaa, 0xaa, 0xa9, 0x76, 0x66, 0x67, 
	0x76, 0x66, 0x66, 0x66, 0x51, 0x00, 0x00, 0x5e, 
	0xc2, 0x00, 0x00, 0x15, 0x66, 0x66, 0x66, 0x66, 
	0x66, 0x66, 0x66, 0x8a, 0xa7, 0x66, 0x66, 0x66, 
	0x66, 0x7a, 0xaa, 0xaa, 0xaa, 0x97, 0x66, 0x66, 
	0x66, 0x66, 0x66, 0x66, 0x65, 0x10, 0x00, 0x04, 
	0x20, 0x00, 0x01, 0x56, 0x66, 0x66, 0x66, 0x66, 
	0x66, 0x66, 0x68, 0xaa, 0xaa, 0x76, 0x66, 0x66, 
	0x66, 0x67, 0xaa, 0xaa, 0xaa, 0xa9, 0x76, 0x66, 
	0x66, 0x66, 0x66, 0x66, 0x66, 0x51, 0x00, 0x00, 
	0x00, 0x00, 0x15, 0x66, 0x66, 0x66, 0x76, 0x66, 
	0x66, 0x66, 0x8a, 0xaa, 0xaa, 0xa7, 0x66, 0x66, 
	0x66, 0x66, 0x7a, 0xaa, 0xaa, 0xaa, 0x97, 0x66, 
	0x66, 0x66, 0x66, 0x66, 0x66, 0x65, 0x10, 0x00, 
	0x00, 0x01, 0x56, 0x66, 0x66, 0x66, 0x66, 0x66, 
	0x66, 0x68, 0xaa, 0xaa, 0xaa, 0xa9, 0x66, 0x66, 
	0x66, 0x66, 0x67, 0xaa, 0xaa, 0xaa, 0xa9, 0x76, 
	0x67, 0x66, 0x66, 0x66, 0x66, 0x66, 0x51, 0x00, 
	0x00, 0x15, 0x66, 0x66, 0x66, 0x66, 0x66, 0x66, 
	0x66, 0x8a, 0xaa, 0xaa, 0xaa, 0xa7, 0x66, 0x66, 
	0x66, 0x66, 0x66, 0x7a, 0xaa, 0xaa, 0xaa, 0x97, 
	0x66, 0x66, 0x66, 0x66, 0x66, 0x66, 0x65, 0x10, 
	0x01, 0x56, 0x66, 0x66, 0x66, 0x66, 0x66, 0x66, 
	0x79, 0xaa, 0xaa, 0xaa, 0xaa, 0x76, 0x66, 0x66, 
	0x66, 0x66, 0x66, 0x67, 0xaa, 0xaa, 0xaa, 0xa9, 
	0x76, 0x66, 0x66, 0x66, 0x66, 0x66, 0x66, 0x51, 
	0x15, 0x66, 0x66, 0x66, 0x66, 0x66, 0x66, 0x67, 
	0x9a, 0xaa, 0xaa, 0xaa, 0x97, 0x66, 0x66, 0x66, 
	0x66, 0x66, 0x66, 0x66, 0x7a, 0xaa, 0xaa, 0xaa, 
	0x97, 0x76, 0x66, 0x66, 0x66, 0x66, 0x66, 0x65, 
	0x57, 0x76, 0x66, 0x66, 0x66, 0x66, 0x66, 0x79, 
	0xaa, 0xaa, 0xaa, 0xaa, 0x76, 0x66, 0x66, 0x66, 
	0x66, 0x66, 0x66, 0x66, 0x67, 0xaa, 0xaa, 0xaa, 
	0xa9, 0x76, 0x66, 0x66, 0x66, 0x66, 0x66, 0x76, 
	0x66, 0x66, 0x66, 0x66, 0x66, 0x66, 0x67, 0x9a, 
	0xaa, 0xaa, 0xaa, 0xa7, 0x66, 0x66, 0x66, 0x66, 
	0x66, 0x66, 0x66, 0x66, 0x66, 0x7a, 0xaa, 0xaa, 
	0xaa, 0x97, 0x66, 0x66, 0x66, 0x66, 0x66, 0x66, 
	0x66, 0x66, 0x66, 0x66, 0x66, 0x66, 0x79, 0xaa, 
	0xaa, 0xaa, 0xaa, 0x76, 0x66, 0x66, 0x66, 0x76, 
	0x66, 0x66, 0x66, 0x66, 0x66, 0x67, 0xaa, 0xaa, 
	0xaa, 0xa9, 0x76, 0x66, 0x66, 0x67, 0x66, 0x66, 
	0x66, 0x66, 0x66, 0x66, 0x66, 0x67, 0x9a, 0xaa, 
	0xaa, 0xaa, 0x97, 0x66, 0x66, 0x66, 0x66, 0x66, 
	0x76, 0x66, 0x66, 0x66, 0x66, 0x66, 0x7a, 0xaa, 
	0xaa, 0xaa, 0x97, 0x66, 0x66, 0x66, 0x66, 0x66, 
	0x66, 0x66, 0x66, 0x66, 0x66, 0x69, 0xaa, 0xaa, 
	0xaa, 0xaa, 0x76, 0x66, 0x66, 0x66, 0x66, 0x66, 
	0x66, 0x76, 0x66, 0x66, 0x66, 0x66, 0x67, 0xaa, 
	0xaa, 0xaa, 0xa9, 0x76, 0x66, 0x66, 0x66, 0x66, 
	0x66, 0x66, 0x66, 0x66, 0x67, 0x9a, 0xaa, 0xaa, 
	0xaa, 0xa7, 0x66, 0x67, 0x66, 0x66, 0x66, 0x66, 
	0x66, 0x66, 0x66, 0x66, 0x66, 0x66, 0x66, 0x7a, 
	0xaa, 0xaa, 0xaa, 0x97, 0x66, 0x66, 0x66, 0x66, 
	0x66, 0x66, 0x66, 0x66, 0x79, 0xaa, 0xaa, 0xaa, 
	0xaa, 0x76, 0x66, 0x66, 0x66, 0x66, 0x66, 0x66, 
	0x66, 0x66, 0x66, 0x66, 0x66, 0x66, 0x66, 0x67, 
	0xaa, 0xaa, 0xaa, 0xa9, 0x76, 0x66, 0x66, 0x65, 
	0x57, 0x76, 0x66, 0x67, 0x9a, 0xaa, 0xaa, 0xaa, 
	0xa7, 0x66, 0x66, 0x66, 0x66, 0x66, 0x66, 0x66, 
	0x66, 0x66, 0x66, 0x66, 0x66, 0x66, 0x66, 0x66, 
	0x7a, 0xaa, 0xaa, 0xaa, 0x97, 0x66, 0x66, 0x51, 
	0x15, 0x66, 0x66, 0x79, 0xaa, 0xaa, 0xaa, 0xaa, 
	0x76, 0x66, 0x66, 0x66, 0x66, 0x67, 0x66, 0x66, 
	0x66, 0x66, 0x66, 0x67, 0x66, 0x66, 0x66, 0x66, 
	0x67, 0xaa, 0xaa, 0xaa, 0xa9, 0x76, 0x65, 0x10, 
	0x01, 0x56, 0x67, 0x9a, 0xaa, 0xaa, 0xaa, 0xa7, 
	0x66, 0x66, 0x66, 0x66, 0x66, 0x66, 0x66, 0x66, 
	0x66, 0x66, 0x66, 0x66, 0x66, 0x66, 0x66, 0x66, 
	0x66, 0x7a, 0xaa, 0xaa, 0xaa, 0x97, 0x51, 0x00, 
	0x00, 0x15, 0x79, 0xaa, 0xaa, 0xaa, 0xaa, 0x76, 
	0x66, 0x66, 0x66, 0x66, 0x66, 0x66, 0x66, 0x66, 
	0x66, 0x66, 0x66, 0x66, 0x66, 0x66, 0x66, 0x66, 
	0x66, 0x67, 0x9a, 0xaa, 0xaa, 0xa8, 0x10, 0x00, 
	0x00, 0x01, 0x7a, 0xaa, 0xaa, 0xaa, 0xa7, 0x66, 
	0x66, 0x66, 0x66, 0x66, 0x66, 0x66, 0x66, 0x66, 
	0x66, 0x76, 0x66, 0x76, 0x66, 0x66, 0x66, 0x66, 
	0x66, 0x66, 0x7a, 0xaa, 0xaa, 0x81, 0x00, 0x00, 
	0x00, 0x00, 0x18, 0xaa, 0xaa, 0xaa, 0x76, 0x66, 
	0x66, 0x66, 0x66, 0x66, 0x66, 0x66, 0x66, 0x66, 
	0x66, 0x66, 0x66, 0x66, 0x66, 0x66, 0x66, 0x66, 
	0x66, 0x66, 0x67, 0xaa, 0xa8, 0x10, 0x00, 0x05, 
	0x20, 0x00, 0x01, 0x8a, 0xaa, 0xa7, 0x66, 0x66, 
	0x76, 0x66, 0x66, 0x66, 0x66, 0x66, 0x66, 0x66, 
	0x66, 0x66, 0x66, 0x76, 0x66, 0x66, 0x66, 0x66, 
	0x66, 0x66, 0x66, 0x7a, 0x81, 0x00, 0x00, 0x5e, 
	0xc2, 0x00, 0x00, 0x18, 0xaa, 0x76, 0x66, 0x66, 
	0x66, 0x66, 0x66, 0x66, 0x66, 0x66, 0x66, 0x66, 
	0x66, 0x66, 0x66, 0x66, 0x66, 0x66, 0x66, 0x66, 
	0x66, 0x66, 0x66, 0x66, 0x10, 0x00, 0x05, 0xef, 
	0xfc, 0x20, 0x00, 0x01, 0x87, 0x76, 0x66, 0x66, 
	0x66, 0x66, 0x66, 0x66, 0x66, 0x66, 0x66, 0x66, 
	0x66, 0x66, 0x66, 0x66, 0x66, 0x66, 0x66, 0x66, 
	0x66, 0x66, 0x66, 0x51, 0x00, 0x00, 0x5e, 0xff, 
	0xff, 0xc2, 0x00, 0x00, 0x15, 0x66, 0x66, 0x66, 
	0x66, 0x66, 0x66, 0x66, 0x66, 0x66, 0x66, 0x66, 
	0x66, 0x66, 0x66, 0x66, 0x66, 0x66, 0x66, 0x66, 
	0x66, 0x66, 0x65, 0x10, 0x00, 0x05, 0xef, 0xff, 
	0xff, 0xfc, 0x20, 0x00, 0x01, 0x56, 0x66, 0x66, 
	0x66, 0x66, 0x66, 0x67, 0x66, 0x66, 0x66, 0x66, 
	0x66, 0x66, 0x66, 0x66, 0x66, 0x66, 0x66, 0x66, 
	0x67, 0x66, 0x51, 0x00, 0x00, 0x5e, 0xff, 0xff, 
	0xff, 0xff, 0xc2, 0x00, 0x00, 0x15, 0x66, 0x66, 
	0x66, 0x66, 0x66, 0x76, 0x66, 0x66, 0x66, 0x66, 
	0x66, 0x66, 0x66, 0x66, 0x66, 0x66, 0x66, 0x66, 
	0x66, 0x65, 0x10, 0x00, 0x05, 0xef, 0xff, 0xff, 
	0xff, 0xff, 0xfc, 0x20, 0x00, 0x01, 0x56, 0x66, 
	0x66, 0x66, 0x66, 0x66, 0x66, 0x66, 0x66, 0x66, 
	
};

Gfx bitdw_dl_Tiles_Pattern_1_Blue_1_64x64_i4_aligner[] = {gsSPEndDisplayList()};
u8 bitdw_dl_Tiles_Pattern_1_Blue_1_64x64_i4[] = {
	0x21, 0x11, 0x11, 0x22, 0x22, 0x22, 0x22, 0x22, 
	0x22, 0x33, 0x32, 0x11, 0x11, 0x11, 0x21, 0x21, 
	0x11, 0x22, 0x22, 0x33, 0x33, 0x22, 0x11, 0x11, 
	0x12, 0x11, 0x11, 0x12, 0x22, 0x22, 0x33, 0x23, 
	0x12, 0x11, 0x11, 0x22, 0x22, 0x22, 0x21, 0x11, 
	0x12, 0x44, 0x33, 0x21, 0x11, 0x11, 0x21, 0x22, 
	0x12, 0x11, 0x11, 0x21, 0x11, 0x12, 0x11, 0x11, 
	0x12, 0x11, 0x11, 0x21, 0x22, 0x22, 0x21, 0x11, 
	0x11, 0x21, 0x21, 0x22, 0x22, 0x22, 0x12, 0x21, 
	0x12, 0x43, 0x44, 0x22, 0x11, 0x11, 0x21, 0x12, 
	0x21, 0x11, 0x11, 0x21, 0x11, 0x11, 0x12, 0x11, 
	0x22, 0x22, 0x22, 0x11, 0x22, 0x12, 0x21, 0x12, 
	0x11, 0x22, 0x22, 0x22, 0x22, 0x21, 0x12, 0x11, 
	0x12, 0x43, 0x33, 0x33, 0x22, 0x22, 0x22, 0x22, 
	0x21, 0x11, 0x11, 0x21, 0x11, 0x11, 0x12, 0x22, 
	0x23, 0x32, 0x22, 0x11, 0x11, 0x12, 0x21, 0x11, 
	0x11, 0x22, 0x11, 0x11, 0x11, 0x21, 0x11, 0x11, 
	0x13, 0x33, 0x32, 0x33, 0x11, 0x11, 0x11, 0x12, 
	0x21, 0x11, 0x11, 0x21, 0x11, 0x11, 0x12, 0x12, 
	0x22, 0x22, 0x22, 0x11, 0x11, 0x12, 0x21, 0x11, 
	0x11, 0x22, 0x12, 0x21, 0x11, 0x21, 0x11, 0x11, 
	0x22, 0x23, 0x33, 0x33, 0x11, 0x11, 0x11, 0x12, 
	0x11, 0x11, 0x12, 0x22, 0x11, 0x11, 0x12, 0x12, 
	0x22, 0x22, 0x22, 0x11, 0x11, 0x22, 0x21, 0x11, 
	0x11, 0x21, 0x12, 0x21, 0x11, 0x21, 0x11, 0x22, 
	0x21, 0x22, 0x33, 0x33, 0x11, 0x11, 0x11, 0x12, 
	0x11, 0x11, 0x22, 0x11, 0x22, 0x11, 0x12, 0x22, 
	0x22, 0x22, 0x22, 0x11, 0x12, 0x22, 0x12, 0x11, 
	0x22, 0x21, 0x12, 0x21, 0x11, 0x22, 0x22, 0x32, 
	0x11, 0x12, 0x23, 0x32, 0x11, 0x11, 0x11, 0x12, 
	0x32, 0x22, 0x21, 0x11, 0x23, 0x23, 0x32, 0x12, 
	0x22, 0x22, 0x23, 0x33, 0x32, 0x11, 0x11, 0x22, 
	0x11, 0x12, 0x11, 0x11, 0x11, 0x21, 0x21, 0x12, 
	0x11, 0x12, 0x11, 0x12, 0x11, 0x11, 0x11, 0x11, 
	0x11, 0x11, 0x22, 0x11, 0x22, 0x23, 0x22, 0x12, 
	0x22, 0x22, 0x12, 0x33, 0x33, 0x21, 0x12, 0x11, 
	0x11, 0x22, 0x11, 0x11, 0x11, 0x21, 0x11, 0x11, 
	0x12, 0x22, 0x21, 0x12, 0x21, 0x11, 0x11, 0x11, 
	0x11, 0x11, 0x12, 0x22, 0x22, 0x22, 0x22, 0x11, 
	0x22, 0x22, 0x12, 0x33, 0x33, 0x22, 0x21, 0x11, 
	0x11, 0x22, 0x22, 0x22, 0x22, 0x21, 0x11, 0x11, 
	0x12, 0x11, 0x11, 0x12, 0x22, 0x22, 0x22, 0x22, 
	0x11, 0x11, 0x11, 0x22, 0x22, 0x22, 0x22, 0x22, 
	0x22, 0x22, 0x23, 0x23, 0x33, 0x32, 0x21, 0x11, 
	0x11, 0x22, 0x22, 0x21, 0x22, 0x12, 0x11, 0x11, 
	0x12, 0x11, 0x11, 0x23, 0x44, 0x32, 0x21, 0x21, 
	0x21, 0x11, 0x11, 0x22, 0x22, 0x22, 0x21, 0x22, 
	0x22, 0x12, 0x22, 0x23, 0x33, 0x33, 0x11, 0x11, 
	0x12, 0x11, 0x11, 0x21, 0x11, 0x11, 0x21, 0x11, 
	0x12, 0x11, 0x11, 0x33, 0x33, 0x33, 0x21, 0x11, 
	0x12, 0x11, 0x11, 0x21, 0x22, 0x22, 0x21, 0x11, 
	0x12, 0x11, 0x11, 0x12, 0x33, 0x33, 0x11, 0x11, 
	0x21, 0x11, 0x11, 0x21, 0x11, 0x11, 0x13, 0x22, 
	0x22, 0x22, 0x23, 0x33, 0x33, 0x33, 0x21, 0x11, 
	0x11, 0x22, 0x22, 0x22, 0x23, 0x31, 0x11, 0x11, 
	0x12, 0x11, 0x11, 0x11, 0x22, 0x33, 0x22, 0x22, 
	0x21, 0x11, 0x11, 0x21, 0x11, 0x11, 0x12, 0x22, 
	0x22, 0x22, 0x23, 0x33, 0x33, 0x33, 0x21, 0x11, 
	0x11, 0x21, 0x12, 0x22, 0x22, 0x31, 0x11, 0x11, 
	0x12, 0x11, 0x11, 0x11, 0x22, 0x22, 0x22, 0x22, 
	0x21, 0x11, 0x11, 0x22, 0x11, 0x11, 0x12, 0x22, 
	0x22, 0x22, 0x33, 0x33, 0x33, 0x33, 0x22, 0x11, 
	0x22, 0x22, 0x21, 0x22, 0x22, 0x21, 0x11, 0x11, 
	0x22, 0x11, 0x11, 0x11, 0x21, 0x22, 0x22, 0x22, 
	0x22, 0x11, 0x22, 0x22, 0x21, 0x11, 0x12, 0x22, 
	0x22, 0x22, 0x23, 0x23, 0x33, 0x32, 0x22, 0x21, 
	0x11, 0x22, 0x22, 0x22, 0x22, 0x21, 0x11, 0x12, 
	0x22, 0x21, 0x11, 0x11, 0x22, 0x22, 0x22, 0x22, 
	0x32, 0x22, 0x21, 0x11, 0x22, 0x22, 0x22, 0x22, 
	0x22, 0x22, 0x23, 0x23, 0x33, 0x21, 0x11, 0x22, 
	0x22, 0x22, 0x22, 0x22, 0x22, 0x22, 0x22, 0x22, 
	0x11, 0x22, 0x22, 0x22, 0x22, 0x22, 0x22, 0x22, 
	0x21, 0x21, 0x21, 0x11, 0x12, 0x22, 0x22, 0x22, 
	0x22, 0x22, 0x22, 0x11, 0x11, 0x21, 0x11, 0x21, 
	0x11, 0x22, 0x22, 0x22, 0x21, 0x22, 0x22, 0x22, 
	0x11, 0x13, 0x44, 0x44, 0x22, 0x22, 0x22, 0x22, 
	0x21, 0x22, 0x12, 0x12, 0x11, 0x11, 0x12, 0x22, 
	0x22, 0x22, 0x22, 0x11, 0x11, 0x12, 0x12, 0x11, 
	0x11, 0x22, 0x22, 0x22, 0x21, 0x21, 0x11, 0x12, 
	0x21, 0x34, 0x43, 0x33, 0x22, 0x22, 0x22, 0x22, 
	0x21, 0x11, 0x11, 0x22, 0x11, 0x11, 0x12, 0x22, 
	0x22, 0x22, 0x22, 0x11, 0x11, 0x12, 0x31, 0x11, 
	0x11, 0x21, 0x11, 0x21, 0x21, 0x21, 0x11, 0x12, 
	0x22, 0x34, 0x43, 0x33, 0x22, 0x22, 0x22, 0x22, 
	0x21, 0x11, 0x11, 0x21, 0x11, 0x11, 0x23, 0x22, 
	0x22, 0x22, 0x22, 0x11, 0x11, 0x11, 0x21, 0x11, 
	0x11, 0x22, 0x22, 0x22, 0x22, 0x21, 0x22, 0x22, 
	0x12, 0x23, 0x34, 0x32, 0x22, 0x22, 0x22, 0x23, 
	0x12, 0x11, 0x11, 0x21, 0x11, 0x11, 0x21, 0x11, 
	0x12, 0x22, 0x21, 0x21, 0x11, 0x11, 0x21, 0x11, 
	0x22, 0x11, 0x12, 0x21, 0x12, 0x12, 0x11, 0x11, 
	0x12, 0x23, 0x33, 0x32, 0x11, 0x12, 0x21, 0x11, 
	0x11, 0x21, 0x11, 0x21, 0x11, 0x12, 0x11, 0x11, 
	0x12, 0x11, 0x11, 0x12, 0x12, 0x22, 0x22, 0x22, 
	0x21, 0x11, 0x11, 0x21, 0x11, 0x11, 0x22, 0x22, 
	0x12, 0x33, 0x33, 0x21, 0x11, 0x12, 0x21, 0x11, 
	0x11, 0x22, 0x22, 0x22, 0x22, 0x21, 0x11, 0x11, 
	0x12, 0x11, 0x11, 0x12, 0x22, 0x22, 0x22, 0x22, 
	0x11, 0x11, 0x11, 0x21, 0x11, 0x11, 0x12, 0x22, 
	0x22, 0x22, 0x22, 0x11, 0x11, 0x12, 0x21, 0x11, 
	0x11, 0x21, 0x11, 0x11, 0x11, 0x21, 0x11, 0x11, 
	0x12, 0x11, 0x11, 0x12, 0x12, 0x22, 0x22, 0x12, 
	0x11, 0x11, 0x11, 0x21, 0x11, 0x11, 0x12, 0x11, 
	0x11, 0x11, 0x12, 0x11, 0x11, 0x12, 0x21, 0x11, 
	0x11, 0x21, 0x11, 0x11, 0x11, 0x21, 0x11, 0x11, 
	0x23, 0x31, 0x11, 0x12, 0x12, 0x22, 0x22, 0x22, 
	0x11, 0x11, 0x12, 0x32, 0x11, 0x11, 0x12, 0x21, 
	0x11, 0x11, 0x12, 0x11, 0x11, 0x22, 0x22, 0x11, 
	0x11, 0x21, 0x11, 0x11, 0x11, 0x21, 0x11, 0x12, 
	0x33, 0x43, 0x11, 0x12, 0x11, 0x22, 0x22, 0x22, 
	0x11, 0x11, 0x23, 0x23, 0x22, 0x11, 0x12, 0x11, 
	0x11, 0x11, 0x12, 0x11, 0x12, 0x21, 0x22, 0x21, 
	0x22, 0x31, 0x11, 0x11, 0x11, 0x22, 0x22, 0x23, 
	0x33, 0x33, 0x23, 0x33, 0x12, 0x22, 0x22, 0x22, 
	0x33, 0x33, 0x22, 0x33, 0x22, 0x22, 0x22, 0x11, 
	0x11, 0x11, 0x12, 0x22, 0x32, 0x11, 0x12, 0x22, 
	0x21, 0x21, 0x11, 0x11, 0x11, 0x21, 0x22, 0x12, 
	0x33, 0x32, 0x22, 0x22, 0x12, 0x22, 0x22, 0x22, 
	0x34, 0x44, 0x32, 0x32, 0x22, 0x22, 0x22, 0x11, 
	0x11, 0x11, 0x12, 0x12, 0x22, 0x21, 0x12, 0x22, 
	0x11, 0x21, 0x11, 0x11, 0x11, 0x21, 0x11, 0x11, 
	0x23, 0x21, 0x11, 0x12, 0x12, 0x22, 0x12, 0x22, 
	0x24, 0x33, 0x33, 0x22, 0x21, 0x11, 0x12, 0x11, 
	0x11, 0x11, 0x12, 0x11, 0x11, 0x22, 0x21, 0x11, 
	0x11, 0x21, 0x11, 0x11, 0x11, 0x21, 0x11, 0x11, 
	0x12, 0x11, 0x11, 0x12, 0x22, 0x22, 0x11, 0x22, 
	0x23, 0x33, 0x33, 0x32, 0x11, 0x11, 0x12, 0x21, 
	0x11, 0x11, 0x12, 0x11, 0x11, 0x12, 0x21, 0x11, 
	0x11, 0x22, 0x22, 0x23, 0x33, 0x31, 0x11, 0x11, 
	0x12, 0x11, 0x11, 0x12, 0x22, 0x22, 0x22, 0x22, 
	0x22, 0x33, 0x33, 0x31, 0x11, 0x11, 0x12, 0x22, 
	0x22, 0x22, 0x22, 0x11, 0x11, 0x12, 0x21, 0x11, 
	0x12, 0x11, 0x11, 0x23, 0x33, 0x33, 0x11, 0x11, 
	0x12, 0x11, 0x11, 0x22, 0x12, 0x21, 0x21, 0x11, 
	0x22, 0x33, 0x33, 0x31, 0x11, 0x11, 0x21, 0x11, 
	0x12, 0x11, 0x11, 0x21, 0x11, 0x12, 0x21, 0x11, 
	0x21, 0x11, 0x11, 0x23, 0x33, 0x33, 0x32, 0x22, 
	0x12, 0x22, 0x12, 0x11, 0x11, 0x11, 0x21, 0x11, 
	0x12, 0x23, 0x33, 0x32, 0x22, 0x22, 0x21, 0x11, 
	0x12, 0x11, 0x11, 0x12, 0x22, 0x22, 0x32, 0x11, 
	0x21, 0x11, 0x11, 0x23, 0x33, 0x33, 0x33, 0x33, 
	0x33, 0x33, 0x22, 0x11, 0x11, 0x11, 0x21, 0x11, 
	0x11, 0x22, 0x22, 0x22, 0x22, 0x21, 0x22, 0x11, 
	0x12, 0x11, 0x11, 0x21, 0x32, 0x22, 0x22, 0x23, 
	0x21, 0x11, 0x11, 0x23, 0x33, 0x33, 0x32, 0x22, 
	0x22, 0x22, 0x22, 0x11, 0x11, 0x11, 0x21, 0x11, 
	0x11, 0x22, 0x12, 0x22, 0x11, 0x21, 0x21, 0x11, 
	0x12, 0x11, 0x11, 0x21, 0x21, 0x22, 0x22, 0x22, 
	0x21, 0x21, 0x12, 0x22, 0x33, 0x33, 0x33, 0x22, 
	0x22, 0x22, 0x22, 0x11, 0x11, 0x22, 0x22, 0x11, 
	0x11, 0x22, 0x22, 0x21, 0x12, 0x22, 0x21, 0x11, 
	0x22, 0x21, 0x11, 0x11, 0x22, 0x22, 0x22, 0x22, 
	0x21, 0x22, 0x22, 0x12, 0x23, 0x33, 0x33, 0x22, 
	0x22, 0x22, 0x22, 0x11, 0x11, 0x21, 0x12, 0x21, 
	0x11, 0x22, 0x22, 0x21, 0x22, 0x22, 0x21, 0x12, 
	0x21, 0x22, 0x11, 0x11, 0x22, 0x22, 0x22, 0x22, 
	0x22, 0x23, 0x22, 0x11, 0x12, 0x23, 0x22, 0x22, 
	0x22, 0x22, 0x23, 0x33, 0x22, 0x21, 0x11, 0x23, 
	0x32, 0x32, 0x22, 0x22, 0x12, 0x22, 0x32, 0x21, 
	0x11, 0x12, 0x22, 0x22, 0x32, 0x22, 0x22, 0x21, 
	0x21, 0x11, 0x22, 0x11, 0x21, 0x11, 0x12, 0x22, 
	0x22, 0x22, 0x22, 0x11, 0x21, 0x21, 0x12, 0x11, 
	0x11, 0x22, 0x22, 0x22, 0x12, 0x21, 0x11, 0x12, 
	0x11, 0x22, 0x11, 0x11, 0x33, 0x22, 0x22, 0x22, 
	0x21, 0x11, 0x12, 0x12, 0x11, 0x11, 0x12, 0x23, 
	0x22, 0x23, 0x22, 0x12, 0x21, 0x12, 0x21, 0x11, 
	0x11, 0x22, 0x22, 0x22, 0x11, 0x21, 0x11, 0x11, 
	0x22, 0x21, 0x11, 0x11, 0x32, 0x32, 0x22, 0x22, 
	0x21, 0x11, 0x11, 0x21, 0x11, 0x11, 0x12, 0x22, 
	0x12, 0x22, 0x22, 0x12, 0x21, 0x11, 0x21, 0x11, 
	0x11, 0x22, 0x11, 0x22, 0x11, 0x21, 0x11, 0x11, 
	0x12, 0x11, 0x11, 0x11, 0x21, 0x22, 0x22, 0x21, 
	0x22, 0x11, 0x11, 0x21, 0x11, 0x11, 0x22, 0x22, 
	0x23, 0x22, 0x22, 0x11, 0x11, 0x11, 0x21, 0x11, 
	0x12, 0x22, 0x33, 0x32, 0x22, 0x22, 0x11, 0x11, 
	0x12, 0x11, 0x11, 0x12, 0x22, 0x22, 0x22, 0x22, 
	0x12, 0x11, 0x11, 0x21, 0x11, 0x12, 0x11, 0x11, 
	0x12, 0x11, 0x11, 0x21, 0x11, 0x11, 0x21, 0x11, 
	0x22, 0x22, 0x22, 0x21, 0x11, 0x11, 0x21, 0x11, 
	0x12, 0x11, 0x11, 0x21, 0x11, 0x11, 0x11, 0x11, 
	0x11, 0x22, 0x22, 0x22, 0x22, 0x21, 0x11, 0x11, 
	0x12, 0x12, 0x21, 0x12, 0x22, 0x22, 0x22, 0x22, 
	0x22, 0x22, 0x22, 0x21, 0x11, 0x11, 0x22, 0x22, 
	0x22, 0x22, 0x22, 0x11, 0x11, 0x11, 0x11, 0x11, 
	0x11, 0x11, 0x22, 0x22, 0x21, 0x21, 0x21, 0x11, 
	0x12, 0x11, 0x11, 0x22, 0x23, 0x33, 0x33, 0x32, 
	0x22, 0x22, 0x22, 0x21, 0x11, 0x12, 0x12, 0x12, 
	0x22, 0x22, 0x22, 0x11, 0x11, 0x11, 0x21, 0x11, 
	0x22, 0x22, 0x12, 0x22, 0x21, 0x21, 0x21, 0x11, 
	0x12, 0x21, 0x12, 0x31, 0x33, 0x33, 0x23, 0x32, 
	0x22, 0x22, 0x22, 0x32, 0x11, 0x11, 0x12, 0x11, 
	0x11, 0x11, 0x23, 0x11, 0x11, 0x12, 0x31, 0x11, 
	0x22, 0x22, 0x12, 0x22, 0x22, 0x21, 0x11, 0x11, 
	0x22, 0x22, 0x22, 0x21, 0x33, 0x33, 0x33, 0x33, 
	0x22, 0x22, 0x23, 0x44, 0x21, 0x11, 0x12, 0x11, 
	0x11, 0x11, 0x12, 0x11, 0x11, 0x23, 0x43, 0x12, 
	0x22, 0x32, 0x22, 0x22, 0x22, 0x22, 0x22, 0x22, 
	0x11, 0x12, 0x23, 0x22, 0x33, 0x33, 0x33, 0x33, 
	0x32, 0x22, 0x23, 0x34, 0x32, 0x22, 0x22, 0x11, 
	0x11, 0x11, 0x12, 0x22, 0x22, 0x33, 0x33, 0x32, 
	0x22, 0x22, 0x22, 0x22, 0x22, 0x22, 0x22, 0x12, 
	0x11, 0x12, 0x22, 0x22, 0x33, 0x33, 0x33, 0x33, 
	0x22, 0x22, 0x23, 0x33, 0x22, 0x22, 0x12, 0x11, 
	0x11, 0x11, 0x13, 0x33, 0x22, 0x23, 0x33, 0x22, 
	0x11, 0x22, 0x22, 0x22, 0x22, 0x21, 0x11, 0x11, 
	0x21, 0x21, 0x11, 0x12, 0x33, 0x33, 0x33, 0x23, 
	0x21, 0x11, 0x12, 0x32, 0x22, 0x22, 0x12, 0x11, 
	0x11, 0x11, 0x12, 0x22, 0x22, 0x23, 0x32, 0x21, 
	0x11, 0x22, 0x11, 0x11, 0x12, 0x21, 0x11, 0x11, 
	0x12, 0x21, 0x11, 0x11, 0x22, 0x33, 0x32, 0x22, 
	0x11, 0x11, 0x11, 0x21, 0x12, 0x12, 0x22, 0x11, 
	0x11, 0x11, 0x12, 0x22, 0x22, 0x22, 0x22, 0x11, 
	0x11, 0x23, 0x32, 0x22, 0x22, 0x21, 0x11, 0x11, 
	0x12, 0x11, 0x11, 0x12, 0x33, 0x22, 0x32, 0x22, 
	0x21, 0x11, 0x11, 0x21, 0x11, 0x12, 0x23, 0x22, 
	0x22, 0x22, 0x22, 0x22, 0x32, 0x23, 0x21, 0x11, 
	0x12, 0x34, 0x44, 0x31, 0x11, 0x12, 0x11, 0x11, 
	0x12, 0x21, 0x11, 0x21, 0x11, 0x22, 0x21, 0x11, 
	0x11, 0x11, 0x11, 0x21, 0x11, 0x12, 0x23, 0x22, 
	0x22, 0x21, 0x11, 0x22, 0x22, 0x33, 0x21, 0x11, 
	0x24, 0x33, 0x44, 0x31, 0x11, 0x11, 0x21, 0x11, 
	0x12, 0x21, 0x12, 0x11, 0x11, 0x11, 0x21, 0x11, 
	0x11, 0x11, 0x11, 0x21, 0x11, 0x12, 0x12, 0x21, 
	0x12, 0x11, 0x11, 0x12, 0x22, 0x23, 0x21, 0x11, 
	0x33, 0x33, 0x43, 0x31, 0x11, 0x11, 0x13, 0x33, 
	0x33, 0x33, 0x22, 0x11, 0x11, 0x11, 0x21, 0x11, 
	0x11, 0x22, 0x22, 0x22, 0x23, 0x31, 0x11, 0x22, 
	0x12, 0x11, 0x11, 0x11, 0x33, 0x32, 0x23, 0x22, 
	0x33, 0x33, 0x33, 0x32, 0x11, 0x11, 0x12, 0x22, 
	0x22, 0x22, 0x12, 0x11, 0x11, 0x11, 0x21, 0x11, 
	0x11, 0x21, 0x21, 0x12, 0x21, 0x21, 0x11, 0x22, 
	0x22, 0x11, 0x11, 0x11, 0x21, 0x11, 0x11, 0x11, 
	0x33, 0x33, 0x33, 0x22, 0x21, 0x11, 0x12, 0x22, 
	0x22, 0x22, 0x12, 0x11, 0x11, 0x11, 0x22, 0x11, 
	0x11, 0x21, 0x12, 0x22, 0x11, 0x21, 0x11, 0x22, 
	0x22, 0x21, 0x11, 0x11, 0x21, 0x11, 0x11, 0x11, 
	0x32, 0x33, 0x32, 0x22, 0x21, 0x11, 0x12, 0x22, 
	0x22, 0x22, 0x12, 0x11, 0x11, 0x11, 0x22, 0x21, 
	0x11, 0x22, 0x22, 0x22, 0x21, 0x21, 0x11, 0x22, 
	0x21, 0x22, 0x11, 0x11, 0x21, 0x11, 0x11, 0x11, 
	0x32, 0x33, 0x22, 0x11, 0x22, 0x22, 0x22, 0x12, 
	0x22, 0x22, 0x13, 0x22, 0x22, 0x11, 0x22, 0x22, 
	0x22, 0x31, 0x22, 0x11, 0x22, 0x22, 0x22, 0x22, 
	0x11, 0x12, 0x23, 0x22, 0x21, 0x11, 0x11, 0x11, 
	0x21, 0x22, 0x22, 0x11, 0x22, 0x22, 0x22, 0x22, 
	0x22, 0x22, 0x12, 0x11, 0x12, 0x22, 0x22, 0x22, 
	0x21, 0x21, 0x22, 0x22, 0x22, 0x32, 0x22, 0x22, 
	0x11, 0x12, 0x12, 0x21, 0x21, 0x21, 0x11, 0x11, 
	0x21, 0x11, 0x12, 0x12, 0x22, 0x22, 0x22, 0x22, 
	0x22, 0x22, 0x12, 0x11, 0x11, 0x22, 0x13, 0x21, 
	0x11, 0x22, 0x22, 0x22, 0x22, 0x31, 0x11, 0x11, 
	0x22, 0x21, 0x11, 0x11, 0x21, 0x11, 0x11, 0x11, 
	0x21, 0x11, 0x11, 0x22, 0x22, 0x22, 0x22, 0x12, 
	0x11, 0x21, 0x12, 0x11, 0x11, 0x12, 0x22, 0x21, 
	0x11, 0x11, 0x11, 0x12, 0x12, 0x31, 0x11, 0x11, 
	0x12, 0x11, 0x11, 0x11, 0x11, 0x11, 0x11, 0x11, 
	
};

Gfx bitdw_dl_x_wall_I_love_so_much_i8_aligner[] = {gsSPEndDisplayList()};
u8 bitdw_dl_x_wall_I_love_so_much_i8[] = {
	0x60, 0x56, 0x38, 0x4f, 0x68, 0x68, 0x47, 0x4f, 
	0x56, 0x47, 0x56, 0x47, 0x68, 0x47, 0x60, 0x4f, 
	0x60, 0x68, 0x6a, 0x60, 0x4f, 0x69, 0x68, 0x4f, 
	0x56, 0x56, 0x47, 0x47, 0x4f, 0x90, 0x4f, 0x60, 
	0x56, 0x38, 0x44, 0x38, 0x56, 0x56, 0x56, 0x60, 
	0x4f, 0x47, 0x47, 0x47, 0x38, 0x38, 0x44, 0x60, 
	0x60, 0x7b, 0x6a, 0x7b, 0x4f, 0x69, 0x68, 0x4f, 
	0x56, 0x4f, 0x4f, 0x60, 0x90, 0x90, 0x6e, 0x6e, 
	0x38, 0x47, 0x4b, 0x4b, 0x47, 0x68, 0x56, 0x60, 
	0x60, 0x60, 0x47, 0x44, 0x38, 0x38, 0x47, 0x4b, 
	0x6a, 0x6a, 0x90, 0x90, 0x7b, 0x68, 0x4f, 0x47, 
	0x4f, 0x60, 0x56, 0x7b, 0x90, 0x90, 0x90, 0x90, 
	0x56, 0x44, 0x38, 0x4b, 0x47, 0x4b, 0x60, 0x60, 
	0x56, 0x68, 0x4b, 0x4f, 0x4b, 0x44, 0x4f, 0x60, 
	0x47, 0x7b, 0x90, 0x7b, 0x7b, 0x90, 0x4f, 0x47, 
	0x47, 0x4f, 0x7b, 0x7b, 0x7b, 0x90, 0x90, 0x68, 
	0x60, 0x60, 0x38, 0x4b, 0x44, 0x47, 0x47, 0x68, 
	0x56, 0x38, 0x38, 0x4b, 0x38, 0x44, 0x68, 0x4f, 
	0x47, 0x68, 0x90, 0x6a, 0x7b, 0x90, 0x90, 0x47, 
	0x47, 0x7b, 0x90, 0x90, 0x6a, 0x6a, 0x4f, 0x68, 
	0x4f, 0x60, 0x60, 0x47, 0x47, 0x47, 0x38, 0x4b, 
	0x44, 0x38, 0x38, 0x47, 0x44, 0x60, 0x4f, 0x4f, 
	0x56, 0x6e, 0x68, 0x7b, 0x90, 0x90, 0x6e, 0x6a, 
	0x6a, 0x7b, 0x90, 0x7b, 0x7b, 0x60, 0x4f, 0x4f, 
	0x56, 0x68, 0x69, 0x68, 0x44, 0x44, 0x44, 0x4f, 
	0x47, 0x38, 0x4b, 0x47, 0x56, 0x4f, 0x56, 0x68, 
	0x68, 0x68, 0x4f, 0x4f, 0x6a, 0x7b, 0x7b, 0x90, 
	0x90, 0x7b, 0x90, 0x7b, 0x60, 0x68, 0x68, 0x56, 
	0x56, 0x56, 0x68, 0x60, 0x56, 0x4b, 0x47, 0x4f, 
	0x47, 0x38, 0x4b, 0x4f, 0x56, 0x60, 0x60, 0x68, 
	0x68, 0x60, 0x4f, 0x60, 0x56, 0x90, 0x90, 0x7b, 
	0x7b, 0x6a, 0x90, 0x60, 0x56, 0x68, 0x60, 0x56, 
	0x4f, 0x4f, 0x60, 0x69, 0x60, 0x38, 0x38, 0x4f, 
	0x4b, 0x4b, 0x4f, 0x56, 0x68, 0x60, 0x4f, 0x56, 
	0x69, 0x60, 0x60, 0x56, 0x56, 0x6a, 0x7b, 0x7b, 
	0x6a, 0x7b, 0x90, 0x60, 0x68, 0x60, 0x56, 0x4f, 
	0x60, 0x4f, 0x4f, 0x68, 0x47, 0x44, 0x38, 0x4b, 
	0x44, 0x4b, 0x4b, 0x38, 0x68, 0x68, 0x56, 0x56, 
	0x68, 0x56, 0x60, 0x60, 0x7b, 0x6a, 0x6a, 0x90, 
	0x7b, 0x6a, 0x7b, 0x7b, 0x69, 0x69, 0x56, 0x4f, 
	0x60, 0x60, 0x4f, 0x4b, 0x4b, 0x4b, 0x38, 0x38, 
	0x38, 0x38, 0x38, 0x44, 0x47, 0x69, 0x60, 0x56, 
	0x4f, 0x60, 0x60, 0x90, 0x90, 0x90, 0x6a, 0x90, 
	0x7b, 0x6a, 0x6a, 0x90, 0x7b, 0x60, 0x4f, 0x4f, 
	0x4f, 0x68, 0x44, 0x4b, 0x47, 0x38, 0x38, 0x47, 
	0x47, 0x38, 0x38, 0x47, 0x44, 0x44, 0x60, 0x56, 
	0x47, 0x60, 0x90, 0x7b, 0x7b, 0x7b, 0x7b, 0x60, 
	0x56, 0x90, 0x7b, 0x90, 0x6a, 0x6a, 0x4f, 0x60, 
	0x68, 0x47, 0x4b, 0x44, 0x47, 0x44, 0x4f, 0x4f, 
	0x4f, 0x60, 0x4b, 0x4b, 0x44, 0x4b, 0x44, 0x60, 
	0x4f, 0x7b, 0x7b, 0x6a, 0x7b, 0x90, 0x68, 0x56, 
	0x60, 0x60, 0x7b, 0x90, 0x7b, 0x6a, 0x90, 0x6e, 
	0x38, 0x38, 0x38, 0x44, 0x4b, 0x60, 0x4f, 0x4f, 
	0x4f, 0x69, 0x69, 0x4b, 0x47, 0x4f, 0x38, 0x38, 
	0x6a, 0x7b, 0x90, 0x7b, 0x7b, 0x60, 0x4f, 0x47, 
	0x56, 0x56, 0x4f, 0x90, 0x7b, 0x6a, 0x90, 0x90, 
	0x60, 0x38, 0x4b, 0x38, 0x47, 0x60, 0x4f, 0x60, 
	0x47, 0x60, 0x68, 0x60, 0x47, 0x4f, 0x47, 0x68, 
	0x68, 0x7b, 0x90, 0x7b, 0x4f, 0x47, 0x47, 0x47, 
	0x4f, 0x4f, 0x4f, 0x60, 0x90, 0x6a, 0x7b, 0x60, 
	0x56, 0x56, 0x44, 0x4f, 0x4f, 0x60, 0x56, 0x68, 
	0x56, 0x68, 0x68, 0x60, 0x60, 0x44, 0x68, 0x6a, 
	0x6a, 0x68, 0x90, 0x68, 0x56, 0x56, 0x60, 0x4f, 
	0x4f, 0x4f, 0x4f, 0x56, 0x60, 0x7b, 0x68, 0x60, 
	0x6e, 0x6a, 0x90, 0x68, 0x68, 0x60, 0x4f, 0x56, 
	0x4f, 0x56, 0x68, 0x68, 0x60, 0x7b, 0x6e, 0x6e, 
	0x6e, 0x6e, 0x4b, 0x68, 0x68, 0x60, 0x68, 0x68, 
	0x60, 0x60, 0x4f, 0x4f, 0x4f, 0x38, 0x60, 0x68, 
	0x7b, 0x90, 0x7b, 0x90, 0x60, 0x56, 0x60, 0x56, 
	0x68, 0x68, 0x68, 0x60, 0x6a, 0x7b, 0x7b, 0x60, 
	0x68, 0x47, 0x38, 0x38, 0x68, 0x60, 0x56, 0x56, 
	0x60, 0x68, 0x4f, 0x47, 0x44, 0x4b, 0x4b, 0x60, 
	0x90, 0x90, 0x7b, 0x90, 0x6a, 0x56, 0x69, 0x60, 
	0x68, 0x56, 0x56, 0x7b, 0x6a, 0x7b, 0x7b, 0x7b, 
	0x38, 0x4b, 0x4b, 0x38, 0x38, 0x47, 0x56, 0x60, 
	0x68, 0x60, 0x60, 0x38, 0x44, 0x38, 0x38, 0x38, 
	0x56, 0x6a, 0x6a, 0x7b, 0x7b, 0x7b, 0x56, 0x56, 
	0x4f, 0x4b, 0x6a, 0x7b, 0x6a, 0x6a, 0x7b, 0x6e, 
	0x68, 0x38, 0x38, 0x4b, 0x38, 0x38, 0x47, 0x56, 
	0x6e, 0x68, 0x44, 0x38, 0x38, 0x38, 0x38, 0x47, 
	0x68, 0x56, 0x7b, 0x90, 0x90, 0x7b, 0x7b, 0x68, 
	0x68, 0x6a, 0x6a, 0x7b, 0x7b, 0x7b, 0x68, 0x69, 
	0x60, 0x56, 0x38, 0x44, 0x38, 0x38, 0x38, 0x56, 
	0x60, 0x44, 0x38, 0x4b, 0x38, 0x38, 0x47, 0x4f, 
	0x68, 0x4f, 0x56, 0x7b, 0x90, 0x90, 0x90, 0x90, 
	0x7b, 0x6a, 0x90, 0x7b, 0x7b, 0x60, 0x69, 0x68, 
	0x60, 0x4f, 0x47, 0x38, 0x38, 0x38, 0x38, 0x44, 
	0x38, 0x4b, 0x4b, 0x4b, 0x44, 0x68, 0x68, 0x56, 
	0x60, 0x56, 0x60, 0x56, 0x7b, 0x7b, 0x7b, 0x6a, 
	0x7b, 0x7b, 0x90, 0x90, 0x68, 0x60, 0x56, 0x56, 
	0x4f, 0x47, 0x4f, 0x60, 0x4b, 0x47, 0x38, 0x38, 
	0x38, 0x38, 0x4b, 0x38, 0x56, 0x68, 0x68, 0x56, 
	0x68, 0x60, 0x4f, 0x4f, 0x4f, 0x90, 0x7b, 0x6a, 
	0x7b, 0x90, 0x90, 0x60, 0x56, 0x60, 0x60, 0x68, 
	0x56, 0x4f, 0x56, 0x4f, 0x4f, 0x4b, 0x38, 0x44, 
	0x44, 0x38, 0x4b, 0x56, 0x60, 0x4f, 0x4f, 0x4f, 
	0x60, 0x56, 0x4f, 0x68, 0x56, 0x7b, 0x7b, 0x7b, 
	0x6a, 0x6a, 0x90, 0x60, 0x4f, 0x60, 0x69, 0x69, 
	0x56, 0x56, 0x4f, 0x4f, 0x4f, 0x47, 0x47, 0x4b, 
	0x38, 0x4b, 0x4b, 0x4f, 0x56, 0x56, 0x56, 0x56, 
	0x47, 0x4f, 0x56, 0x6e, 0x90, 0x7b, 0x90, 0x90, 
	0x7b, 0x6a, 0x7b, 0x6a, 0x47, 0x56, 0x56, 0x60, 
	0x4f, 0x56, 0x56, 0x60, 0x4b, 0x47, 0x47, 0x47, 
	0x38, 0x44, 0x44, 0x38, 0x60, 0x68, 0x60, 0x4f, 
	0x47, 0x56, 0x68, 0x90, 0x7b, 0x7b, 0x90, 0x7b, 
	0x90, 0x7b, 0x6a, 0x6a, 0x7b, 0x60, 0x56, 0x60, 
	0x4f, 0x60, 0x68, 0x4b, 0x44, 0x44, 0x38, 0x4b, 
	0x38, 0x44, 0x4b, 0x38, 0x38, 0x56, 0x60, 0x56, 
	0x68, 0x69, 0x90, 0x90, 0x6a, 0x6a, 0x7b, 0x56, 
	0x60, 0x6a, 0x6a, 0x7b, 0x7b, 0x7b, 0x47, 0x4f, 
	0x4f, 0x4f, 0x38, 0x44, 0x38, 0x4b, 0x38, 0x68, 
	0x56, 0x4b, 0x44, 0x38, 0x38, 0x4b, 0x68, 0x60, 
	0x56, 0x6a, 0x7b, 0x6a, 0x6a, 0x7b, 0x68, 0x68, 
	0x56, 0x47, 0x7b, 0x6a, 0x7b, 0x7b, 0x7b, 0x60, 
	0x60, 0x44, 0x4b, 0x47, 0x38, 0x47, 0x60, 0x6e, 
	0x60, 0x60, 0x38, 0x38, 0x38, 0x44, 0x38, 0x56, 
	0x90, 0x7b, 0x6a, 0x6a, 0x6a, 0x56, 0x60, 0x69, 
	0x56, 0x4f, 0x68, 0x6a, 0x90, 0x7b, 0x7b, 0x7b, 
	0x38, 0x38, 0x4b, 0x4b, 0x4b, 0x68, 0x68, 0x69, 
	0x60, 0x60, 0x4f, 0x38, 0x38, 0x4b, 0x4b, 0x38, 
	0x6e, 0x90, 0x7b, 0x6a, 0x56, 0x56, 0x56, 0x68, 
	0x60, 0x60, 0x68, 0x4f, 0x7b, 0x7b, 0x90, 0x6e, 
	0x68, 0x38, 0x4b, 0x38, 0x56, 0x60, 0x60, 0x68, 
	0x60, 0x60, 0x4f, 0x60, 0x4b, 0x47, 0x47, 0x68, 
	0x6a, 0x6e, 0x7b, 0x56, 0x68, 0x69, 0x60, 0x56, 
	0x68, 0x6e, 0x4f, 0x47, 0x4f, 0x90, 0x60, 0x6e, 
	0x6e, 0x60, 0x44, 0x47, 0x56, 0x4f, 0x47, 0x4f, 
	0x56, 0x68, 0x47, 0x4f, 0x60, 0x44, 0x4f, 0x4f, 
	
};

Gfx bitdw_dl_Art279_64x64_i4_aligner[] = {gsSPEndDisplayList()};
u8 bitdw_dl_Art279_64x64_i4[] = {
	0x77, 0x77, 0x77, 0x77, 0x87, 0x77, 0x77, 0x77, 
	0x77, 0x98, 0x77, 0x78, 0x98, 0x8a, 0x97, 0x77, 
	0x77, 0x77, 0x76, 0x67, 0x88, 0x77, 0x77, 0x77, 
	0x77, 0x77, 0x77, 0x77, 0x77, 0x66, 0x77, 0x87, 
	0x68, 0x89, 0x77, 0x88, 0x87, 0x77, 0x76, 0x76, 
	0x77, 0x77, 0x77, 0x77, 0x89, 0x99, 0x97, 0x77, 
	0x77, 0x77, 0x77, 0x78, 0x88, 0x78, 0x77, 0x77, 
	0x77, 0x77, 0x77, 0x67, 0x66, 0x67, 0x77, 0x75, 
	0x79, 0x99, 0x77, 0x77, 0x77, 0x46, 0x77, 0x67, 
	0x77, 0x77, 0x77, 0x76, 0x67, 0x79, 0x97, 0x77, 
	0x77, 0x77, 0x77, 0x88, 0x88, 0x77, 0x77, 0x77, 
	0x77, 0x77, 0x76, 0x67, 0x74, 0x77, 0x77, 0x77, 
	0x88, 0x79, 0x77, 0x86, 0x76, 0x36, 0x77, 0x77, 
	0x87, 0x78, 0x64, 0x67, 0x77, 0x7a, 0x97, 0x77, 
	0x77, 0x77, 0x77, 0x78, 0x97, 0x77, 0x78, 0x77, 
	0x77, 0x77, 0x76, 0x66, 0x74, 0x67, 0x77, 0x89, 
	0x88, 0x89, 0x87, 0x87, 0x87, 0x35, 0x78, 0x87, 
	0x87, 0x77, 0x65, 0x67, 0x77, 0x68, 0x87, 0x77, 
	0x77, 0x77, 0x87, 0x77, 0x76, 0x77, 0x77, 0x78, 
	0x77, 0x77, 0x76, 0x66, 0x76, 0x46, 0x88, 0x88, 
	0x77, 0x77, 0x78, 0x97, 0x87, 0x54, 0x77, 0x87, 
	0x77, 0x76, 0x65, 0x67, 0x77, 0x54, 0x67, 0x77, 
	0x77, 0x77, 0x77, 0x77, 0x76, 0x76, 0x66, 0x77, 
	0x67, 0x77, 0x76, 0x66, 0x77, 0x47, 0x99, 0x88, 
	0x67, 0x77, 0x77, 0x77, 0x88, 0x65, 0x77, 0x77, 
	0x88, 0x76, 0x56, 0x66, 0x66, 0x44, 0x77, 0x77, 
	0x77, 0x77, 0x77, 0x77, 0x67, 0x76, 0x65, 0x56, 
	0x66, 0x66, 0x66, 0x66, 0x67, 0x56, 0x87, 0x77, 
	0x78, 0x76, 0x45, 0x78, 0x88, 0x54, 0x66, 0x66, 
	0x66, 0x55, 0x55, 0x45, 0x45, 0x67, 0x76, 0x77, 
	0x67, 0x77, 0x78, 0x78, 0x66, 0x65, 0x55, 0x55, 
	0x46, 0x78, 0x66, 0x66, 0x67, 0x75, 0x67, 0x76, 
	0x67, 0x76, 0x55, 0x68, 0x99, 0x75, 0x44, 0x45, 
	0x66, 0x77, 0x67, 0x78, 0x88, 0x88, 0x86, 0x77, 
	0x77, 0x77, 0x77, 0x77, 0x57, 0x77, 0x66, 0x44, 
	0x45, 0x58, 0x75, 0x56, 0x67, 0x87, 0x65, 0x56, 
	0x66, 0x77, 0x66, 0x78, 0x89, 0x88, 0x88, 0x88, 
	0x99, 0x98, 0x89, 0x88, 0x98, 0x87, 0x88, 0x75, 
	0x67, 0x77, 0x77, 0x75, 0x67, 0x77, 0x87, 0x65, 
	0x55, 0x56, 0x66, 0x66, 0x68, 0x88, 0x88, 0x77, 
	0x87, 0x77, 0x78, 0x88, 0x77, 0x78, 0x88, 0x99, 
	0x99, 0x99, 0x89, 0x76, 0x9a, 0x75, 0x66, 0x57, 
	0x76, 0x66, 0x77, 0x66, 0x66, 0x66, 0x67, 0x77, 
	0x65, 0x76, 0x55, 0x55, 0x57, 0x88, 0x77, 0x89, 
	0x88, 0x89, 0x88, 0x87, 0x66, 0x77, 0x77, 0x77, 
	0x67, 0x77, 0x88, 0x86, 0x68, 0x76, 0x55, 0x67, 
	0x87, 0x78, 0x98, 0x75, 0x57, 0x66, 0x56, 0x77, 
	0x66, 0x76, 0x44, 0x77, 0x77, 0x77, 0x78, 0x88, 
	0x88, 0x88, 0x88, 0x98, 0x86, 0x88, 0x76, 0x77, 
	0x77, 0x77, 0x79, 0x87, 0x68, 0x88, 0x75, 0x66, 
	0x65, 0x67, 0x77, 0x64, 0x56, 0x77, 0x75, 0x66, 
	0x54, 0x46, 0x87, 0x77, 0x66, 0x78, 0x78, 0x78, 
	0x77, 0x76, 0x76, 0x66, 0x67, 0x77, 0x77, 0x77, 
	0x77, 0x77, 0x67, 0x67, 0x78, 0x87, 0x86, 0x54, 
	0x56, 0x78, 0x77, 0x76, 0x67, 0x88, 0x87, 0x66, 
	0x65, 0x55, 0x78, 0x79, 0x77, 0x77, 0x77, 0x76, 
	0x77, 0x77, 0x77, 0x67, 0x77, 0x77, 0x67, 0x77, 
	0x77, 0x77, 0x77, 0x76, 0x68, 0x88, 0x77, 0x56, 
	0x66, 0x77, 0x77, 0x78, 0x89, 0x98, 0x87, 0x77, 
	0x77, 0x66, 0x57, 0x77, 0x67, 0x77, 0x77, 0x77, 
	0x78, 0x88, 0x88, 0x88, 0x77, 0x76, 0x77, 0x77, 
	0x77, 0x77, 0x78, 0x77, 0x47, 0x78, 0x77, 0x56, 
	0x76, 0x76, 0x79, 0x99, 0x99, 0x98, 0x87, 0x77, 
	0x77, 0x76, 0x67, 0x76, 0x77, 0x78, 0x88, 0x88, 
	0x88, 0x88, 0x98, 0x88, 0x76, 0x77, 0x77, 0x77, 
	0x77, 0x77, 0x78, 0x77, 0x56, 0x77, 0x87, 0x65, 
	0x66, 0x77, 0x79, 0x87, 0x88, 0x87, 0x77, 0x77, 
	0x77, 0x77, 0x67, 0x77, 0x77, 0x77, 0x88, 0x88, 
	0x99, 0x88, 0x88, 0x88, 0x77, 0x77, 0x77, 0x76, 
	0x76, 0x66, 0x77, 0x87, 0x64, 0x57, 0x77, 0x65, 
	0x56, 0x79, 0x99, 0x77, 0x76, 0x77, 0x77, 0x77, 
	0x77, 0x77, 0x77, 0x76, 0x77, 0x87, 0x78, 0x98, 
	0x88, 0x88, 0x87, 0x77, 0x87, 0x77, 0x67, 0x77, 
	0x77, 0x66, 0x66, 0x77, 0x75, 0x45, 0x76, 0x65, 
	0x46, 0x66, 0x77, 0x77, 0x66, 0x67, 0x77, 0x77, 
	0x77, 0x77, 0x77, 0x67, 0x77, 0x88, 0x88, 0x87, 
	0x88, 0x88, 0x77, 0x78, 0x77, 0x76, 0x66, 0x66, 
	0x66, 0x66, 0x67, 0x77, 0x76, 0x44, 0x67, 0x65, 
	0x56, 0x65, 0x66, 0x57, 0x77, 0x77, 0x77, 0x77, 
	0x77, 0x76, 0x66, 0x57, 0x77, 0x77, 0x88, 0x88, 
	0x76, 0x77, 0x66, 0x56, 0x67, 0x77, 0x66, 0x66, 
	0x77, 0x77, 0x77, 0x77, 0x76, 0x44, 0x57, 0x54, 
	0x56, 0x64, 0x56, 0x55, 0x55, 0x67, 0x77, 0x77, 
	0x77, 0x66, 0x55, 0x77, 0x77, 0x78, 0x88, 0x77, 
	0x77, 0x67, 0x65, 0x56, 0x67, 0x77, 0x65, 0x55, 
	0x67, 0x77, 0x76, 0x87, 0x76, 0x54, 0x43, 0x55, 
	0x46, 0x65, 0x66, 0x66, 0x66, 0x76, 0x66, 0x77, 
	0x66, 0x64, 0x57, 0x77, 0x77, 0x76, 0x87, 0x77, 
	0x65, 0x55, 0x56, 0x77, 0x77, 0x65, 0x55, 0x65, 
	0x55, 0x56, 0x66, 0x87, 0x87, 0x66, 0x66, 0x77, 
	0x77, 0x77, 0x66, 0x67, 0x77, 0x77, 0x77, 0x77, 
	0x76, 0x55, 0x77, 0x77, 0x76, 0x44, 0x45, 0x55, 
	0x77, 0x77, 0x77, 0x87, 0x66, 0x64, 0x46, 0x76, 
	0x44, 0x55, 0x67, 0x88, 0x89, 0x88, 0x87, 0x77, 
	0x77, 0x77, 0x66, 0x54, 0x44, 0x66, 0x77, 0x77, 
	0x65, 0x67, 0x77, 0x76, 0x66, 0x55, 0x44, 0x66, 
	0x77, 0x77, 0x77, 0x79, 0x86, 0x66, 0x68, 0x99, 
	0x77, 0x77, 0x78, 0x89, 0x89, 0xa9, 0x99, 0x87, 
	0x76, 0x78, 0x98, 0x86, 0x67, 0x64, 0x35, 0x77, 
	0x67, 0x88, 0x75, 0x46, 0x78, 0x86, 0x67, 0x77, 
	0x57, 0x77, 0x67, 0x78, 0x77, 0x66, 0x67, 0x87, 
	0x77, 0x66, 0x67, 0x88, 0x88, 0x88, 0x88, 0x87, 
	0x88, 0x78, 0x88, 0xa9, 0x88, 0x77, 0x99, 0x97, 
	0x77, 0x78, 0x75, 0x57, 0x78, 0x55, 0x68, 0x87, 
	0x47, 0x88, 0x77, 0x77, 0x77, 0x77, 0x77, 0x67, 
	0x66, 0x78, 0x76, 0x98, 0x88, 0x88, 0x89, 0x87, 
	0x78, 0x77, 0x65, 0x78, 0x78, 0x87, 0x67, 0x89, 
	0x98, 0x99, 0x86, 0x67, 0x66, 0x45, 0x7a, 0x95, 
	0x57, 0x77, 0x77, 0x77, 0x66, 0x77, 0x66, 0x66, 
	0x67, 0x78, 0x78, 0x88, 0x88, 0x88, 0x88, 0x97, 
	0x77, 0x77, 0x77, 0x77, 0x67, 0x75, 0x47, 0x99, 
	0x9a, 0x97, 0x87, 0x77, 0x56, 0x55, 0x7a, 0x86, 
	0x78, 0x77, 0x77, 0x77, 0x76, 0x77, 0x66, 0x66, 
	0x67, 0x87, 0x78, 0x88, 0x88, 0x88, 0x89, 0x87, 
	0x77, 0x77, 0x97, 0x77, 0x68, 0x75, 0x59, 0x88, 
	0x88, 0x78, 0x87, 0x76, 0x57, 0x67, 0xaa, 0x87, 
	0x78, 0x77, 0x77, 0x76, 0x76, 0x67, 0x77, 0x76, 
	0x66, 0x77, 0x78, 0x89, 0x88, 0x88, 0x88, 0x87, 
	0x77, 0x67, 0x87, 0x77, 0x78, 0x75, 0x79, 0x77, 
	0x77, 0x78, 0x75, 0x55, 0x56, 0x67, 0x79, 0xa9, 
	0xa8, 0x77, 0x76, 0x66, 0x66, 0x66, 0x66, 0x65, 
	0x56, 0x77, 0x78, 0x88, 0x98, 0x88, 0x88, 0x87, 
	0x77, 0x76, 0x66, 0x66, 0x67, 0x77, 0x77, 0x66, 
	0x66, 0x68, 0x55, 0x44, 0x56, 0x46, 0x7a, 0xaa, 
	0x76, 0x66, 0x66, 0x64, 0x44, 0x55, 0x67, 0x76, 
	0x66, 0x77, 0x78, 0x88, 0x88, 0x88, 0x88, 0x87, 
	0x77, 0x75, 0x56, 0x77, 0x66, 0x76, 0x55, 0x55, 
	0x45, 0x54, 0x36, 0x68, 0x78, 0x8a, 0x9a, 0x98, 
	0x77, 0x76, 0x78, 0x87, 0x77, 0x66, 0x67, 0x76, 
	0x55, 0x44, 0x66, 0x67, 0x77, 0x66, 0x66, 0x66, 
	0x77, 0x67, 0x76, 0x66, 0x65, 0x43, 0x46, 0x64, 
	0x33, 0x22, 0x47, 0x77, 0x64, 0x34, 0x54, 0x45, 
	0x77, 0x88, 0x88, 0x87, 0x87, 0x67, 0x76, 0x65, 
	0x66, 0x56, 0x77, 0x67, 0x77, 0x77, 0x88, 0x88, 
	0x77, 0x88, 0x87, 0x65, 0x55, 0x55, 0x55, 0x43, 
	0x33, 0x33, 0x57, 0x77, 0x77, 0x66, 0x55, 0x56, 
	0x66, 0x66, 0x67, 0x67, 0x77, 0x77, 0x88, 0x77, 
	0x76, 0x66, 0x66, 0x66, 0x65, 0x57, 0x77, 0x77, 
	0x77, 0x76, 0x55, 0x44, 0x44, 0x45, 0x55, 0x54, 
	0x43, 0x33, 0x56, 0x56, 0x67, 0x77, 0x77, 0x76, 
	0x87, 0x66, 0x78, 0x77, 0x76, 0x67, 0x88, 0x78, 
	0x99, 0x66, 0x76, 0x65, 0x77, 0x77, 0x76, 0x66, 
	0x66, 0x66, 0x66, 0x66, 0x54, 0x34, 0x44, 0x44, 
	0x44, 0x34, 0x66, 0x65, 0x66, 0x66, 0x77, 0x77, 
	0x77, 0x77, 0x87, 0x87, 0x66, 0x67, 0x67, 0x78, 
	0x89, 0x77, 0x65, 0x54, 0x55, 0x54, 0x64, 0x66, 
	0x66, 0x66, 0x66, 0x66, 0x67, 0x66, 0x66, 0x66, 
	0x65, 0x56, 0x77, 0x88, 0x78, 0x77, 0x77, 0x76, 
	0x77, 0x78, 0x87, 0x88, 0x87, 0x65, 0x55, 0x66, 
	0x68, 0x66, 0x55, 0x45, 0x55, 0x55, 0x55, 0x76, 
	0x66, 0x56, 0x55, 0x66, 0x66, 0x77, 0x77, 0x77, 
	0x66, 0x76, 0x65, 0x66, 0x77, 0x77, 0x77, 0x66, 
	0x66, 0x78, 0x77, 0x77, 0x89, 0x98, 0x75, 0x67, 
	0x77, 0x45, 0x65, 0x56, 0x65, 0x66, 0x66, 0x66, 
	0x66, 0x55, 0x55, 0x66, 0x66, 0x66, 0x77, 0x77, 
	0x77, 0x66, 0x65, 0x55, 0x57, 0x76, 0x66, 0x77, 
	0x77, 0x77, 0x77, 0x88, 0x78, 0x98, 0x85, 0x67, 
	0x66, 0x44, 0x55, 0x55, 0x66, 0x44, 0x66, 0x66, 
	0x66, 0x55, 0x55, 0x56, 0x66, 0x66, 0x77, 0x67, 
	0x77, 0x66, 0x65, 0x65, 0x67, 0x76, 0x66, 0x66, 
	0x77, 0x77, 0x67, 0x77, 0x77, 0x97, 0x86, 0x66, 
	0x55, 0x66, 0x65, 0x44, 0x55, 0x56, 0x66, 0x66, 
	0x55, 0x55, 0x54, 0x55, 0x56, 0x67, 0x77, 0x76, 
	0x66, 0x66, 0x55, 0x65, 0x56, 0x75, 0x66, 0x66, 
	0x76, 0x67, 0x77, 0x77, 0x77, 0x77, 0x88, 0x66, 
	0x54, 0x66, 0x76, 0x44, 0x45, 0x56, 0x77, 0x66, 
	0x55, 0x55, 0x55, 0x55, 0x56, 0x77, 0x77, 0x56, 
	0x76, 0x65, 0x54, 0x56, 0x66, 0x75, 0x56, 0x66, 
	0x66, 0x66, 0x77, 0x77, 0x76, 0x88, 0x88, 0x66, 
	0x44, 0x67, 0x65, 0x44, 0x44, 0x45, 0x77, 0x65, 
	0x55, 0x55, 0x55, 0x55, 0x55, 0x56, 0x67, 0x77, 
	0x76, 0x65, 0x55, 0x45, 0x56, 0x76, 0x55, 0x66, 
	0x67, 0x66, 0x66, 0x77, 0x66, 0x88, 0x78, 0x76, 
	0x55, 0x66, 0x64, 0x44, 0x44, 0x44, 0x66, 0x76, 
	0x66, 0x65, 0x54, 0x55, 0x55, 0x56, 0x65, 0x67, 
	0x66, 0x66, 0x65, 0x55, 0x55, 0x77, 0x55, 0x56, 
	0x66, 0x67, 0x77, 0x77, 0x77, 0x77, 0x77, 0x76, 
	0x55, 0x66, 0x54, 0x45, 0x54, 0x45, 0x67, 0x76, 
	0x66, 0x66, 0x55, 0x54, 0x55, 0x56, 0x64, 0x66, 
	0x66, 0x66, 0x66, 0x66, 0x66, 0x77, 0x44, 0x66, 
	0x54, 0x55, 0x65, 0x56, 0x76, 0x67, 0x68, 0x87, 
	0x66, 0x54, 0x35, 0x76, 0x54, 0x44, 0x77, 0x88, 
	0x66, 0x54, 0x33, 0x33, 0x45, 0x55, 0x55, 0x77, 
	0x66, 0x66, 0x66, 0x66, 0x68, 0x77, 0x65, 0x44, 
	0x66, 0x65, 0x44, 0x44, 0x44, 0x67, 0x67, 0x88, 
	0x88, 0x98, 0x88, 0x98, 0x77, 0x76, 0x77, 0x77, 
	0x66, 0x66, 0x55, 0x55, 0x54, 0x54, 0x46, 0x77, 
	0x76, 0x66, 0x54, 0x55, 0x47, 0x87, 0x75, 0x54, 
	0x44, 0x43, 0x34, 0x44, 0x34, 0x67, 0x88, 0x87, 
	0x77, 0x77, 0x77, 0x65, 0x55, 0x54, 0x57, 0x87, 
	0x77, 0x77, 0x78, 0x78, 0x77, 0x65, 0x56, 0x77, 
	0x54, 0x44, 0x55, 0x55, 0x55, 0x78, 0x74, 0x44, 
	0x33, 0x34, 0x67, 0x87, 0x77, 0x78, 0x88, 0x88, 
	0x78, 0x89, 0x75, 0x56, 0x55, 0x45, 0x55, 0x67, 
	0x76, 0x77, 0x77, 0x77, 0x77, 0x77, 0x77, 0x77, 
	0x75, 0x33, 0x33, 0x33, 0x56, 0x76, 0x66, 0x64, 
	0x54, 0x66, 0x77, 0x77, 0x77, 0x66, 0x77, 0x77, 
	0x66, 0x66, 0x86, 0x45, 0x45, 0x55, 0x55, 0x47, 
	0x77, 0x87, 0x88, 0x77, 0x77, 0x77, 0x77, 0x67, 
	0x77, 0x67, 0x77, 0x77, 0x99, 0x88, 0x88, 0x76, 
	0x87, 0x88, 0x87, 0x67, 0x76, 0x67, 0x77, 0x77, 
	0x76, 0x77, 0x76, 0x65, 0x44, 0x55, 0x55, 0x56, 
	0x77, 0x87, 0x64, 0x44, 0x44, 0x46, 0x55, 0x67, 
	0x76, 0x77, 0x87, 0x77, 0x78, 0x86, 0x78, 0x77, 
	0x88, 0x87, 0x87, 0x77, 0x88, 0x77, 0x88, 0x87, 
	0x77, 0x77, 0x76, 0x54, 0x44, 0x56, 0x66, 0x66, 
	0x77, 0x77, 0x64, 0x44, 0x44, 0x34, 0x56, 0x78, 
	0x76, 0x76, 0x77, 0x77, 0x66, 0x76, 0x77, 0x77, 
	0x78, 0x97, 0x77, 0x77, 0x79, 0x98, 0x99, 0x98, 
	0x77, 0x77, 0x66, 0x43, 0x45, 0x65, 0x65, 0x55, 
	0x86, 0x56, 0x55, 0x44, 0x44, 0x44, 0x44, 0x67, 
	0x76, 0x76, 0x77, 0x77, 0x67, 0x77, 0x87, 0x77, 
	0x79, 0x96, 0x78, 0x77, 0x88, 0x77, 0x77, 0x87, 
	0x67, 0x77, 0x86, 0x54, 0x34, 0x55, 0x55, 0x56, 
	0x76, 0x56, 0x55, 0x54, 0x44, 0x44, 0x44, 0x47, 
	0x97, 0x77, 0x77, 0x77, 0x67, 0x77, 0x88, 0x76, 
	0x87, 0x86, 0x77, 0x78, 0x77, 0x77, 0x77, 0x77, 
	0x77, 0x75, 0x88, 0x75, 0x33, 0x44, 0x45, 0x68, 
	0x87, 0x56, 0x64, 0x56, 0x65, 0x66, 0x54, 0x57, 
	0x87, 0x87, 0x76, 0x77, 0x76, 0x77, 0x77, 0x77, 
	0x89, 0x97, 0x67, 0x87, 0x66, 0x66, 0x67, 0x77, 
	0x76, 0x57, 0x89, 0x76, 0x63, 0x44, 0x44, 0x58, 
	0x78, 0x56, 0x54, 0x45, 0x66, 0x66, 0x66, 0x66, 
	0x76, 0x77, 0x66, 0x67, 0x76, 0x66, 0x77, 0x78, 
	0x79, 0x99, 0x54, 0x66, 0x56, 0x76, 0x66, 0x77, 
	0x64, 0x78, 0x78, 0x98, 0x64, 0x44, 0x44, 0x47, 
	0x78, 0x76, 0x54, 0x44, 0x56, 0x66, 0x66, 0x67, 
	0x76, 0x77, 0x66, 0x66, 0x66, 0x67, 0x77, 0x88, 
	0x78, 0x99, 0x85, 0x45, 0x66, 0x76, 0x66, 0x65, 
	0x46, 0x77, 0x78, 0x89, 0x64, 0x44, 0x44, 0x54, 
	0x87, 0x76, 0x56, 0x44, 0x56, 0x66, 0x44, 0x36, 
	0x66, 0x76, 0x66, 0x66, 0x66, 0x67, 0x77, 0x77, 
	0x77, 0x89, 0x88, 0x76, 0x45, 0x44, 0x55, 0x46, 
	0x87, 0x77, 0x88, 0x77, 0x85, 0x43, 0x33, 0x57, 
	0x77, 0x77, 0x56, 0x54, 0x45, 0x55, 0x54, 0x45, 
	0x66, 0x66, 0x66, 0x66, 0x66, 0x66, 0x67, 0x76, 
	0x66, 0x89, 0x98, 0x88, 0x76, 0x55, 0x57, 0x77, 
	0x77, 0x77, 0x77, 0x66, 0x77, 0x76, 0x66, 0x77, 
	0x77, 0x88, 0x65, 0x44, 0x45, 0x44, 0x43, 0x55, 
	0x66, 0x56, 0x66, 0x66, 0x66, 0x66, 0x67, 0x77, 
	0x56, 0x88, 0x87, 0x77, 0x77, 0x88, 0x99, 0x98, 
	0x88, 0x77, 0x77, 0x76, 0x87, 0x76, 0x66, 0x67, 
	0x77, 0x77, 0x86, 0x44, 0x46, 0x54, 0x34, 0x55, 
	0x66, 0x53, 0x33, 0x33, 0x34, 0x55, 0x55, 0x66, 
	0x87, 0x66, 0x77, 0x77, 0x77, 0x87, 0x77, 0x77, 
	0x77, 0x77, 0x66, 0x77, 0x77, 0x67, 0x76, 0x77, 
	0x77, 0x76, 0x66, 0x53, 0x44, 0x54, 0x44, 0x56, 
	0x78, 0x75, 0x44, 0x76, 0x66, 0x67, 0x77, 0x77, 
	0x65, 0x65, 0x56, 0x67, 0x87, 0x77, 0x87, 0x77, 
	0x77, 0x66, 0x57, 0x77, 0x77, 0x77, 0x66, 0x67, 
	0x88, 0x78, 0x79, 0x84, 0x33, 0x46, 0x67, 0x77, 
	0x77, 0x76, 0x66, 0x78, 0x88, 0x77, 0x89, 0x88, 
	0x66, 0x77, 0x86, 0x78, 0x98, 0x77, 0x78, 0x87, 
	0x77, 0x77, 0x77, 0x78, 0x78, 0x98, 0x97, 0x67, 
	0x66, 0x67, 0x78, 0x67, 0x56, 0x67, 0x77, 0x77, 
	0x77, 0x77, 0x77, 0x67, 0x77, 0x55, 0x78, 0x87, 
	
};

Gfx bitdw_dl_greyface_alt_64x64__CRUELTY_SQUAD__i4_aligner[] = {gsSPEndDisplayList()};
u8 bitdw_dl_greyface_alt_64x64__CRUELTY_SQUAD__i4[] = {
	0x53, 0x45, 0x88, 0x89, 0x97, 0x89, 0x98, 0x97, 
	0x88, 0x98, 0x99, 0x99, 0x99, 0x89, 0x99, 0x88, 
	0x88, 0x99, 0x98, 0x99, 0x99, 0x99, 0x89, 0x88, 
	0x79, 0x89, 0x98, 0x79, 0x98, 0x88, 0x54, 0x35, 
	0x66, 0x77, 0x89, 0x8b, 0x99, 0x99, 0x99, 0x99, 
	0x99, 0x98, 0xb9, 0x99, 0x99, 0x98, 0x99, 0x99, 
	0x99, 0x99, 0x89, 0x99, 0x99, 0x9b, 0x89, 0x99, 
	0x99, 0x99, 0x99, 0x99, 0xb8, 0x98, 0x77, 0x66, 
	0x66, 0x89, 0x99, 0x99, 0xaa, 0xbb, 0x99, 0x99, 
	0x89, 0x89, 0xb9, 0x99, 0x99, 0xa9, 0x97, 0xab, 
	0xba, 0x79, 0x9a, 0x99, 0x99, 0x9b, 0x98, 0x98, 
	0x99, 0x99, 0xbb, 0xaa, 0x99, 0x99, 0x98, 0x66, 
	0x69, 0x99, 0x99, 0x99, 0x88, 0x8a, 0x99, 0x99, 
	0xb9, 0xb9, 0xb9, 0x99, 0x99, 0x99, 0x99, 0xa8, 
	0x8a, 0x99, 0x99, 0x99, 0x99, 0x9b, 0x9b, 0x9b, 
	0x99, 0x99, 0xa8, 0x88, 0x99, 0x99, 0x99, 0x96, 
	0x56, 0x99, 0x99, 0xa8, 0x89, 0x88, 0x89, 0x88, 
	0xa9, 0x99, 0x89, 0xb8, 0x89, 0x99, 0x99, 0x89, 
	0x98, 0x99, 0x99, 0x98, 0x8b, 0x98, 0x99, 0x9a, 
	0x88, 0x98, 0x88, 0x98, 0x8a, 0x99, 0x99, 0x65, 
	0x68, 0x8b, 0xbb, 0xaa, 0x99, 0x98, 0x88, 0x89, 
	0x99, 0x99, 0x99, 0x89, 0x9b, 0x88, 0x88, 0xa8, 
	0x8a, 0x88, 0x88, 0xb9, 0x98, 0x99, 0x99, 0x99, 
	0x98, 0x88, 0x89, 0x99, 0xaa, 0xbb, 0xb8, 0x86, 
	0x66, 0xbb, 0xaa, 0xb9, 0x88, 0x88, 0x88, 0x89, 
	0x99, 0x88, 0x88, 0xb9, 0x8a, 0x75, 0x97, 0x99, 
	0x99, 0x79, 0x57, 0xa8, 0x9b, 0x88, 0x88, 0x99, 
	0x98, 0x88, 0x88, 0x88, 0x9b, 0xaa, 0xbb, 0x66, 
	0x16, 0x8b, 0xaa, 0x99, 0x88, 0x88, 0x99, 0x99, 
	0x88, 0x88, 0x88, 0x99, 0x88, 0x57, 0x88, 0x97, 
	0x79, 0x88, 0x75, 0x88, 0x99, 0x88, 0x88, 0x88, 
	0x99, 0x99, 0x88, 0x88, 0x99, 0xaa, 0xb8, 0x61, 
	0x55, 0x9a, 0x9b, 0x99, 0x88, 0x79, 0x88, 0x78, 
	0x89, 0x99, 0x99, 0x79, 0x76, 0x86, 0x95, 0x88, 
	0x88, 0x59, 0x68, 0x67, 0x97, 0x99, 0x99, 0x98, 
	0x87, 0x88, 0x97, 0x88, 0x99, 0xb9, 0xa9, 0x55, 
	0x57, 0x98, 0x8b, 0x99, 0x99, 0x89, 0x99, 0x88, 
	0x88, 0x99, 0x97, 0x57, 0x76, 0x85, 0x77, 0x95, 
	0x59, 0x77, 0x58, 0x67, 0x75, 0x79, 0x99, 0x88, 
	0x88, 0x99, 0x98, 0x99, 0x99, 0xb8, 0x89, 0x75, 
	0x48, 0x89, 0x9b, 0x98, 0x99, 0x98, 0x88, 0x77, 
	0x46, 0x48, 0x78, 0x74, 0x78, 0x76, 0x57, 0x59, 
	0x95, 0x75, 0x67, 0x87, 0x47, 0x87, 0x84, 0x64, 
	0x77, 0x88, 0x89, 0x99, 0x89, 0xb9, 0x98, 0x84, 
	0x48, 0x88, 0x99, 0x89, 0x99, 0x89, 0x88, 0x77, 
	0x82, 0x46, 0x54, 0x47, 0x67, 0x77, 0x58, 0x99, 
	0x99, 0x85, 0x77, 0x76, 0x74, 0x45, 0x64, 0x28, 
	0x77, 0x88, 0x98, 0x99, 0x98, 0x99, 0x88, 0x84, 
	0x66, 0x99, 0x99, 0x89, 0x99, 0x98, 0x77, 0x63, 
	0x20, 0x32, 0x03, 0x20, 0x47, 0x77, 0x56, 0x99, 
	0x99, 0x65, 0x77, 0x74, 0x02, 0x30, 0x23, 0x02, 
	0x36, 0x77, 0x89, 0x99, 0x98, 0x99, 0x99, 0x66, 
	0x68, 0x88, 0x88, 0x89, 0x99, 0x89, 0x87, 0x30, 
	0x24, 0x53, 0x55, 0x42, 0x24, 0x47, 0x85, 0x95, 
	0x59, 0x58, 0x74, 0x42, 0x24, 0x55, 0x35, 0x42, 
	0x03, 0x78, 0x98, 0x99, 0x98, 0x88, 0x88, 0x86, 
	0x68, 0x89, 0x88, 0x99, 0x88, 0x88, 0x84, 0x31, 
	0x25, 0x47, 0x99, 0x75, 0x00, 0x16, 0x75, 0x75, 
	0x57, 0x57, 0x61, 0x00, 0x57, 0x99, 0x74, 0x52, 
	0x13, 0x48, 0x88, 0x88, 0x99, 0x88, 0x98, 0x86, 
	0x46, 0x98, 0x99, 0x99, 0x98, 0x88, 0x84, 0x30, 
	0x20, 0x79, 0x89, 0x97, 0x35, 0x48, 0x65, 0x57, 
	0x75, 0x56, 0x84, 0x53, 0x79, 0x98, 0x97, 0x02, 
	0x03, 0x48, 0x88, 0x89, 0x99, 0x99, 0x89, 0x64, 
	0x68, 0x77, 0x99, 0x89, 0x99, 0x99, 0x22, 0x00, 
	0x02, 0x79, 0x99, 0x99, 0x41, 0x07, 0x35, 0x76, 
	0x67, 0x53, 0x70, 0x14, 0x99, 0x99, 0x97, 0x20, 
	0x00, 0x22, 0x99, 0x99, 0x98, 0x99, 0x77, 0x86, 
	0x14, 0x58, 0x89, 0x89, 0x88, 0x88, 0x50, 0x21, 
	0x03, 0x47, 0x99, 0x99, 0x11, 0x05, 0x75, 0x45, 
	0x54, 0x57, 0x50, 0x11, 0x99, 0x99, 0x74, 0x30, 
	0x12, 0x05, 0x88, 0x88, 0x98, 0x98, 0x85, 0x41, 
	0x65, 0x78, 0x79, 0x99, 0xb9, 0x85, 0x48, 0x30, 
	0x24, 0x87, 0x99, 0x99, 0x92, 0x15, 0x55, 0x66, 
	0x66, 0x55, 0x51, 0x29, 0x99, 0x99, 0x78, 0x42, 
	0x03, 0x84, 0x58, 0x9b, 0x99, 0x97, 0x87, 0x56, 
	0x56, 0x57, 0x77, 0x99, 0xb9, 0x95, 0x68, 0x96, 
	0x79, 0x98, 0x99, 0x99, 0x97, 0x37, 0x55, 0x67, 
	0x76, 0x55, 0x73, 0x79, 0x99, 0x99, 0x89, 0x97, 
	0x69, 0x86, 0x59, 0x9b, 0x99, 0x77, 0x75, 0x65, 
	0x66, 0x79, 0x99, 0xab, 0xba, 0x75, 0x66, 0x69, 
	0x99, 0x99, 0x99, 0x99, 0x72, 0x55, 0x76, 0x78, 
	0x87, 0x67, 0x55, 0x27, 0x99, 0x99, 0x99, 0x99, 
	0x96, 0x66, 0x57, 0xab, 0xba, 0x99, 0x97, 0x66, 
	0x46, 0x55, 0x89, 0x99, 0xab, 0x99, 0x77, 0x66, 
	0x9a, 0x99, 0x99, 0x99, 0x44, 0x56, 0x66, 0x57, 
	0x75, 0x66, 0x65, 0x44, 0x99, 0x99, 0x99, 0xa9, 
	0x66, 0x77, 0x99, 0xba, 0x99, 0x98, 0x55, 0x64, 
	0x47, 0x66, 0x79, 0xaa, 0xb9, 0xbb, 0x86, 0x67, 
	0x89, 0xaa, 0x65, 0x77, 0x76, 0x66, 0x55, 0x87, 
	0x78, 0x55, 0x66, 0x67, 0x77, 0x56, 0xaa, 0x98, 
	0x76, 0x68, 0xbb, 0x9b, 0xaa, 0x97, 0x66, 0x74, 
	0x77, 0x68, 0x99, 0xab, 0xa9, 0x88, 0xb6, 0x56, 
	0x98, 0xaa, 0x65, 0x57, 0x76, 0x65, 0x76, 0x88, 
	0x88, 0x67, 0x56, 0x67, 0x75, 0x56, 0xaa, 0x89, 
	0x65, 0x6b, 0x88, 0x9a, 0xba, 0x99, 0x86, 0x77, 
	0x35, 0x45, 0x77, 0x99, 0xab, 0x88, 0x99, 0x99, 
	0x77, 0x57, 0x85, 0x77, 0x76, 0x77, 0x78, 0x98, 
	0x89, 0x87, 0x77, 0x67, 0x77, 0x58, 0x75, 0x77, 
	0x99, 0x99, 0x88, 0xba, 0x99, 0x77, 0x54, 0x53, 
	0x15, 0x55, 0x77, 0x8b, 0xb9, 0xba, 0x99, 0x98, 
	0x77, 0x77, 0x88, 0x66, 0x77, 0x57, 0x87, 0x88, 
	0x88, 0x78, 0x75, 0x77, 0x66, 0x88, 0x77, 0x77, 
	0x89, 0x99, 0xab, 0x9b, 0xb8, 0x77, 0x55, 0x51, 
	0x13, 0x85, 0x38, 0x9a, 0x8c, 0x89, 0x98, 0x98, 
	0x88, 0x88, 0x88, 0x88, 0x76, 0x65, 0x88, 0x77, 
	0x77, 0x88, 0x56, 0x67, 0x88, 0x88, 0x88, 0x88, 
	0x89, 0x89, 0x98, 0xc8, 0xa9, 0x83, 0x58, 0x31, 
	0x55, 0x83, 0x55, 0x99, 0x87, 0x99, 0x89, 0x99, 
	0x88, 0x88, 0x88, 0x88, 0x77, 0x77, 0x53, 0x77, 
	0x77, 0x35, 0x77, 0x77, 0x88, 0x88, 0x88, 0x88, 
	0x99, 0x98, 0x99, 0x78, 0x99, 0x55, 0x38, 0x55, 
	0x64, 0x67, 0x85, 0x57, 0x89, 0x99, 0x99, 0x88, 
	0x88, 0x88, 0x88, 0x88, 0x88, 0x77, 0x76, 0x88, 
	0x88, 0x67, 0x77, 0x88, 0x88, 0x88, 0x88, 0x88, 
	0x88, 0x99, 0x99, 0x98, 0x75, 0x58, 0x76, 0x46, 
	0x27, 0x67, 0x88, 0x57, 0x96, 0x89, 0x99, 0x88, 
	0x88, 0x88, 0x88, 0x88, 0x88, 0x77, 0x76, 0x75, 
	0x57, 0x67, 0x77, 0x88, 0x88, 0x88, 0x88, 0x88, 
	0x88, 0x99, 0x98, 0x69, 0x75, 0x88, 0x76, 0x72, 
	0x55, 0x57, 0x53, 0x47, 0x77, 0x99, 0x88, 0x88, 
	0x88, 0x88, 0x88, 0x77, 0x66, 0x66, 0x78, 0x89, 
	0x98, 0x87, 0x66, 0x66, 0x77, 0x88, 0x88, 0x88, 
	0x88, 0x88, 0x99, 0x77, 0x74, 0x35, 0x75, 0x55, 
	0x45, 0x11, 0x53, 0x63, 0x67, 0x89, 0x99, 0x88, 
	0x88, 0x88, 0x88, 0x67, 0x66, 0x77, 0x89, 0x99, 
	0x99, 0x98, 0x77, 0x66, 0x76, 0x88, 0x88, 0x88, 
	0x88, 0x99, 0x98, 0x76, 0x36, 0x35, 0x11, 0x54, 
	0x37, 0x51, 0x68, 0x78, 0x85, 0x68, 0x99, 0x99, 
	0x88, 0x88, 0x88, 0x56, 0x77, 0x88, 0x89, 0x9b, 
	0xb9, 0x98, 0x88, 0x77, 0x65, 0x88, 0x88, 0x88, 
	0x99, 0x99, 0x86, 0x58, 0x87, 0x86, 0x15, 0x73, 
	0x35, 0x75, 0x88, 0x85, 0x77, 0x77, 0x89, 0x89, 
	0x78, 0x88, 0x88, 0x66, 0x77, 0x89, 0x99, 0x9a, 
	0xa9, 0x99, 0x98, 0x77, 0x66, 0x88, 0x88, 0x87, 
	0x98, 0x98, 0x77, 0x77, 0x58, 0x88, 0x57, 0x53, 
	0x55, 0x67, 0x77, 0x77, 0x77, 0x88, 0x89, 0x99, 
	0x98, 0x88, 0x66, 0x74, 0x78, 0x99, 0x99, 0x88, 
	0x88, 0x99, 0x99, 0x87, 0x47, 0x66, 0x88, 0x89, 
	0x99, 0x98, 0x88, 0x77, 0x77, 0x77, 0x76, 0x55, 
	0x15, 0x76, 0x87, 0x87, 0x88, 0x88, 0x89, 0x89, 
	0x79, 0x88, 0x76, 0x77, 0x97, 0x99, 0x88, 0x82, 
	0x28, 0x88, 0x99, 0x79, 0x77, 0x67, 0x88, 0x97, 
	0x98, 0x98, 0x88, 0x88, 0x78, 0x78, 0x67, 0x51, 
	0x55, 0x99, 0x28, 0x88, 0x88, 0x88, 0x98, 0x89, 
	0x98, 0x88, 0x77, 0x89, 0x8b, 0xa9, 0x88, 0x87, 
	0x78, 0x88, 0x9a, 0xb8, 0x98, 0x77, 0x88, 0x89, 
	0x98, 0x89, 0x88, 0x88, 0x88, 0x82, 0x99, 0x55, 
	0x73, 0x77, 0x86, 0x88, 0x45, 0x88, 0x88, 0x89, 
	0x97, 0x89, 0x88, 0x99, 0x89, 0x98, 0x89, 0x75, 
	0x57, 0x98, 0x89, 0x98, 0x99, 0x88, 0x98, 0x79, 
	0x98, 0x88, 0x88, 0x54, 0x88, 0x68, 0x77, 0x37, 
	0x68, 0x99, 0x98, 0x86, 0x68, 0x66, 0x79, 0x99, 
	0x99, 0x99, 0x89, 0x9a, 0x98, 0x99, 0x99, 0x53, 
	0x35, 0x99, 0x99, 0x89, 0xa9, 0x98, 0x99, 0x99, 
	0x99, 0x97, 0x66, 0x86, 0x68, 0x89, 0x99, 0x86, 
	0x66, 0x79, 0x98, 0x87, 0x88, 0x88, 0x79, 0x98, 
	0x87, 0xb8, 0x99, 0x99, 0xb9, 0x99, 0x99, 0x53, 
	0x35, 0x99, 0x99, 0x9b, 0x99, 0x99, 0x8b, 0x78, 
	0x89, 0x97, 0x88, 0x88, 0x78, 0x89, 0x97, 0x66, 
	0x47, 0x89, 0x99, 0x73, 0x99, 0x77, 0x69, 0x89, 
	0x99, 0x99, 0x88, 0xaa, 0xa8, 0x99, 0x99, 0x71, 
	0x17, 0x99, 0x99, 0x8a, 0xaa, 0x88, 0x99, 0x99, 
	0x98, 0x96, 0x77, 0x99, 0x37, 0x99, 0x98, 0x74, 
	0x47, 0x89, 0x98, 0x77, 0x39, 0x99, 0x66, 0x99, 
	0x98, 0x89, 0xa8, 0xa8, 0x98, 0x98, 0x88, 0x53, 
	0x35, 0x88, 0x89, 0x89, 0x8a, 0x8a, 0x98, 0x89, 
	0x99, 0x66, 0x99, 0x93, 0x77, 0x89, 0x98, 0x74, 
	0x49, 0x88, 0x99, 0x99, 0x75, 0x99, 0x88, 0x77, 
	0x99, 0x99, 0x99, 0x99, 0x98, 0x98, 0x98, 0x82, 
	0x28, 0x89, 0x89, 0x89, 0x99, 0x99, 0x99, 0x99, 
	0x77, 0x88, 0x99, 0x57, 0x99, 0x99, 0x88, 0x94, 
	0x49, 0x88, 0x99, 0x99, 0x77, 0x79, 0x98, 0x75, 
	0x97, 0x88, 0x99, 0x98, 0x88, 0x99, 0x99, 0x84, 
	0x48, 0x99, 0x99, 0x88, 0x89, 0x99, 0x88, 0x79, 
	0x57, 0x89, 0x97, 0x77, 0x99, 0x99, 0x88, 0x94, 
	0x46, 0x89, 0x99, 0x99, 0x99, 0x67, 0x88, 0x98, 
	0x67, 0x77, 0x89, 0x99, 0x99, 0x89, 0x98, 0x86, 
	0x68, 0x89, 0x98, 0x99, 0x99, 0x98, 0x77, 0x76, 
	0x89, 0x88, 0x76, 0x99, 0x99, 0x99, 0x98, 0x64, 
	0x48, 0x99, 0x99, 0x99, 0x98, 0x77, 0x77, 0x98, 
	0x75, 0x67, 0x88, 0x99, 0x89, 0x89, 0x99, 0x88, 
	0x88, 0x99, 0x98, 0x98, 0x99, 0x88, 0x76, 0x57, 
	0x89, 0x77, 0x77, 0x89, 0x99, 0x99, 0x99, 0x84, 
	0x68, 0x89, 0x89, 0x99, 0x88, 0x99, 0x98, 0x99, 
	0x98, 0x77, 0x44, 0x77, 0x66, 0x87, 0x77, 0x77, 
	0x77, 0x77, 0x78, 0x66, 0x77, 0x44, 0x77, 0x89, 
	0x99, 0x89, 0x99, 0x88, 0x99, 0x98, 0x98, 0x86, 
	0x48, 0x98, 0x98, 0x99, 0x88, 0x99, 0x99, 0x99, 
	0x99, 0x77, 0x26, 0x33, 0x64, 0x73, 0x77, 0x75, 
	0x57, 0x77, 0x37, 0x46, 0x33, 0x62, 0x77, 0x99, 
	0x99, 0x99, 0x99, 0x88, 0x99, 0x89, 0x89, 0x84, 
	0x77, 0x99, 0x89, 0x98, 0x88, 0x89, 0x99, 0x88, 
	0x88, 0x89, 0x77, 0x37, 0x88, 0x77, 0x46, 0x88, 
	0x88, 0x64, 0x77, 0x88, 0x73, 0x77, 0x98, 0x88, 
	0x88, 0x99, 0x98, 0x88, 0x89, 0x98, 0x99, 0x77, 
	0x49, 0x99, 0x99, 0x88, 0x88, 0x88, 0x89, 0x88, 
	0x88, 0x89, 0x88, 0x88, 0x88, 0x78, 0x86, 0x78, 
	0x87, 0x68, 0x87, 0x88, 0x88, 0x88, 0x98, 0x88, 
	0x88, 0x98, 0x88, 0x88, 0x88, 0x99, 0x99, 0x94, 
	0x49, 0x99, 0x98, 0x88, 0x89, 0x99, 0x88, 0x98, 
	0x88, 0x89, 0x88, 0x88, 0x88, 0x84, 0x57, 0x63, 
	0x36, 0x75, 0x48, 0x88, 0x88, 0x88, 0x98, 0x88, 
	0x89, 0x88, 0x99, 0x98, 0x88, 0x89, 0x99, 0x94, 
	0x77, 0x89, 0x98, 0x99, 0x99, 0x99, 0x89, 0x99, 
	0x99, 0x89, 0x88, 0x88, 0x88, 0x64, 0x25, 0x33, 
	0x33, 0x52, 0x46, 0x88, 0x88, 0x88, 0x98, 0x99, 
	0x99, 0x98, 0x99, 0x99, 0x99, 0x89, 0x98, 0x77, 
	0x55, 0x89, 0x98, 0x99, 0x99, 0x99, 0x98, 0x88, 
	0x88, 0x98, 0x89, 0x96, 0x67, 0x24, 0x11, 0x61, 
	0x16, 0x11, 0x42, 0x76, 0x69, 0x98, 0x89, 0x88, 
	0x88, 0x89, 0x99, 0x99, 0x99, 0x89, 0x98, 0x55, 
	0x57, 0x99, 0x99, 0x99, 0x99, 0x99, 0x98, 0x98, 
	0x98, 0x99, 0x98, 0x85, 0x77, 0x74, 0x56, 0x46, 
	0x64, 0x65, 0x47, 0x77, 0x58, 0x89, 0x99, 0x89, 
	0x89, 0x89, 0x99, 0x99, 0x99, 0x99, 0x99, 0x75, 
	0x68, 0x88, 0x98, 0x99, 0x88, 0x89, 0xa9, 0x98, 
	0x88, 0x99, 0x79, 0x77, 0x99, 0x88, 0x66, 0x98, 
	0x89, 0x66, 0x88, 0x99, 0x77, 0x97, 0x99, 0x88, 
	0x89, 0x9a, 0x98, 0x88, 0x99, 0x89, 0x88, 0x86, 
	0x46, 0x98, 0x99, 0x98, 0x99, 0x99, 0x99, 0x99, 
	0x98, 0x96, 0x76, 0x87, 0x98, 0x88, 0x86, 0x89, 
	0x98, 0x68, 0x88, 0x89, 0x78, 0x67, 0x69, 0x89, 
	0x99, 0x99, 0x99, 0x99, 0x89, 0x99, 0x89, 0x64, 
	0x56, 0x77, 0x99, 0x88, 0x98, 0x99, 0x99, 0x88, 
	0x89, 0x99, 0x79, 0x77, 0x99, 0x99, 0x88, 0x98, 
	0x89, 0x88, 0x99, 0x99, 0x77, 0x97, 0x99, 0x98, 
	0x88, 0x99, 0x99, 0x89, 0x88, 0x99, 0x77, 0x65, 
	0x63, 0x79, 0x99, 0x98, 0x89, 0x99, 0x99, 0x99, 
	0x88, 0x78, 0x97, 0x76, 0x89, 0x98, 0x89, 0x99, 
	0x99, 0x98, 0x89, 0x98, 0x67, 0x79, 0x87, 0x88, 
	0x99, 0x99, 0x99, 0x98, 0x89, 0x99, 0x97, 0x36, 
	0x76, 0x77, 0x89, 0x89, 0x98, 0xaa, 0x97, 0x77, 
	0x78, 0x95, 0x77, 0x89, 0x99, 0x89, 0x89, 0x98, 
	0x89, 0x98, 0x98, 0x99, 0x98, 0x77, 0x59, 0x87, 
	0x77, 0x79, 0xaa, 0x89, 0x98, 0x98, 0x77, 0x67, 
	0x66, 0x97, 0x99, 0x98, 0x88, 0xaa, 0x76, 0x57, 
	0x67, 0x59, 0x79, 0x99, 0x99, 0x98, 0x89, 0x88, 
	0x88, 0x98, 0x89, 0x99, 0x99, 0x97, 0x95, 0x76, 
	0x75, 0x67, 0xaa, 0x88, 0x89, 0x99, 0x79, 0x66, 
	0x57, 0x88, 0x99, 0x99, 0x98, 0x89, 0x88, 0x67, 
	0x75, 0x77, 0x77, 0x77, 0x88, 0x88, 0x89, 0x88, 
	0x88, 0x98, 0x88, 0x88, 0x77, 0x77, 0x77, 0x57, 
	0x76, 0x88, 0x98, 0x89, 0x99, 0x99, 0x88, 0x75, 
	0x17, 0x98, 0x98, 0x99, 0x98, 0x88, 0x88, 0x68, 
	0x67, 0x47, 0x33, 0x77, 0x75, 0x77, 0x88, 0x56, 
	0x65, 0x88, 0x77, 0x57, 0x77, 0x33, 0x74, 0x76, 
	0x86, 0x88, 0x88, 0x89, 0x99, 0x89, 0x89, 0x71, 
	0x36, 0x66, 0x73, 0x75, 0x79, 0x77, 0x75, 0x44, 
	0x74, 0x42, 0x76, 0x44, 0x68, 0x69, 0x53, 0x42, 
	0x24, 0x35, 0x96, 0x86, 0x44, 0x67, 0x24, 0x47, 
	0x44, 0x57, 0x77, 0x97, 0x57, 0x37, 0x66, 0x63, 
	0x35, 0x55, 0x75, 0x73, 0x99, 0x79, 0x73, 0x44, 
	0x67, 0x74, 0x46, 0x44, 0x44, 0x26, 0x55, 0x22, 
	0x22, 0x55, 0x62, 0x44, 0x44, 0x64, 0x47, 0x76, 
	0x44, 0x37, 0x97, 0x99, 0x37, 0x57, 0x55, 0x53, 
	
};

Gfx bitdw_dl_up_tile_yellow_i8_aligner[] = {gsSPEndDisplayList()};
u8 bitdw_dl_up_tile_yellow_i8[] = {
	0xf6, 0xf6, 0xf6, 0xf6, 0xf6, 0xf6, 0xf6, 0xf6, 
	0xf6, 0xf6, 0xf6, 0xf6, 0xf6, 0xf6, 0xf6, 0xf6, 
	0xf6, 0xf6, 0xf6, 0xf6, 0xf6, 0xf6, 0xf6, 0xf6, 
	0xf6, 0xf6, 0xf6, 0xf6, 0xf6, 0xf6, 0xf6, 0xf6, 
	0xf6, 0xf6, 0xf6, 0xf6, 0xf6, 0xf6, 0xf6, 0xf6, 
	0xf6, 0xf6, 0xf6, 0xf6, 0xf6, 0xf6, 0xf6, 0xf6, 
	0xf6, 0xf6, 0xf6, 0xf6, 0xf6, 0xf6, 0xf6, 0xf6, 
	0xf6, 0xf6, 0xf6, 0xf6, 0xf6, 0xf6, 0xf6, 0xf6, 
	0xb7, 0xb7, 0xb7, 0xb7, 0xb7, 0xb7, 0xb7, 0xb7, 
	0xb7, 0xb7, 0xb7, 0xb7, 0xb7, 0xb7, 0xb7, 0xb7, 
	0xb7, 0xb7, 0xb7, 0xb7, 0xb7, 0xb7, 0xb7, 0xb7, 
	0xb7, 0xb7, 0xb7, 0xb7, 0xb7, 0xb7, 0xb7, 0xb7, 
	0xb1, 0xb1, 0xb1, 0xb1, 0xb1, 0xb1, 0xb1, 0xb1, 
	0xb1, 0xb1, 0xb1, 0xb1, 0xb1, 0xb1, 0xb1, 0xb1, 
	0xb1, 0xb1, 0xb1, 0xb1, 0xb1, 0xb1, 0xb1, 0xb1, 
	0xb1, 0xb1, 0xb1, 0xb1, 0xb1, 0xb1, 0xb1, 0xb1, 
	0xee, 0xee, 0xee, 0xee, 0xee, 0xee, 0xee, 0xee, 
	0xee, 0xee, 0xee, 0xee, 0xee, 0xee, 0xee, 0xf6, 
	0xf6, 0xee, 0xee, 0xee, 0xee, 0xee, 0xee, 0xee, 
	0xee, 0xee, 0xee, 0xee, 0xee, 0xee, 0xee, 0xee, 
	0xee, 0xee, 0xee, 0xee, 0xee, 0xee, 0xee, 0xee, 
	0xee, 0xee, 0xee, 0xee, 0xee, 0xee, 0xee, 0xf6, 
	0xf6, 0xee, 0xee, 0xee, 0xee, 0xee, 0xee, 0xee, 
	0xee, 0xee, 0xee, 0xee, 0xee, 0xee, 0xee, 0xee, 
	0xab, 0xab, 0xab, 0xab, 0xab, 0xab, 0xab, 0xab, 
	0xab, 0xab, 0xab, 0xab, 0xab, 0xab, 0xef, 0xef, 
	0xef, 0xef, 0xab, 0xab, 0xab, 0xab, 0xab, 0xab, 
	0xab, 0xab, 0xab, 0xab, 0xab, 0xab, 0xab, 0xab, 
	0xa6, 0xa6, 0xa6, 0xa6, 0xa6, 0xa6, 0xa6, 0xa6, 
	0xa6, 0xa6, 0xa6, 0xa6, 0xa6, 0xa6, 0xe9, 0xef, 
	0xef, 0xef, 0xa6, 0xa6, 0xa6, 0xa6, 0xa6, 0xa6, 
	0xa6, 0xa6, 0xa6, 0xab, 0xab, 0xab, 0xab, 0xa6, 
	0xe8, 0xe8, 0xe8, 0xe8, 0xe8, 0xe8, 0xe8, 0xe8, 
	0xe8, 0xe8, 0xe8, 0xe8, 0xe8, 0xf6, 0xf6, 0xf6, 
	0xf6, 0xf6, 0xf6, 0xe8, 0xe8, 0xe8, 0xe8, 0xe8, 
	0xe8, 0xe8, 0xe8, 0xe8, 0xe8, 0xe8, 0xe8, 0xe8, 
	0xe8, 0xe8, 0xe8, 0xe8, 0xe8, 0xe8, 0xe8, 0xe8, 
	0xe8, 0xe8, 0xe8, 0xe8, 0xe8, 0xf6, 0xf6, 0xe8, 
	0xe8, 0xf6, 0xf6, 0xe8, 0xe8, 0xe8, 0xe8, 0xe8, 
	0xe8, 0xe8, 0xe8, 0xe8, 0xe8, 0xe8, 0xe8, 0xe8, 
	0xa0, 0xa0, 0xa0, 0xa0, 0xa0, 0xa0, 0xa0, 0xa0, 
	0xa0, 0xa0, 0xa0, 0xa0, 0xa0, 0xe9, 0xe9, 0xa0, 
	0xa0, 0xe9, 0xe9, 0xa0, 0xa0, 0xa0, 0xa0, 0xa0, 
	0xa0, 0xa0, 0xa0, 0xa0, 0xa0, 0xa0, 0xa0, 0xa0, 
	0x9a, 0x9a, 0x9a, 0x9a, 0x9a, 0x9a, 0x9a, 0x9a, 
	0x9a, 0x9a, 0x9a, 0x9a, 0xe9, 0xe9, 0x9a, 0x9a, 
	0x9a, 0x9a, 0xe9, 0xe9, 0xa0, 0xa0, 0xa0, 0xa0, 
	0xa0, 0xa0, 0xa0, 0xa0, 0xa0, 0xa0, 0xa0, 0xa0, 
	0xc9, 0xc9, 0xc9, 0xc9, 0xc9, 0xc9, 0xc9, 0xc9, 
	0xc9, 0xc9, 0xc9, 0xc9, 0xef, 0xef, 0xc9, 0xc9, 
	0xc9, 0xc9, 0xef, 0xef, 0xc9, 0xc9, 0xc9, 0xc9, 
	0xc9, 0xc9, 0xc9, 0xc9, 0xc9, 0xc9, 0xc9, 0xc9, 
	0xc9, 0xc9, 0xc9, 0xc9, 0xc9, 0xc9, 0xc9, 0xc9, 
	0xc9, 0xc9, 0xc9, 0xef, 0xef, 0xc9, 0xc9, 0xc9, 
	0xc9, 0xc9, 0xc3, 0xef, 0xef, 0xc3, 0xc3, 0xc3, 
	0xc3, 0xc3, 0xc3, 0xc3, 0xc3, 0xc3, 0xc3, 0xc3, 
	0x94, 0x94, 0x94, 0x94, 0x94, 0x94, 0x94, 0x94, 
	0x94, 0x94, 0xe9, 0xe9, 0xe9, 0x94, 0x94, 0x94, 
	0x94, 0x94, 0x94, 0xe9, 0xe9, 0xe9, 0x94, 0x94, 
	0x94, 0x94, 0x94, 0x94, 0x94, 0x94, 0x94, 0x94, 
	0x8f, 0x8f, 0x8f, 0x8f, 0x8f, 0x8f, 0x8f, 0x8f, 
	0x8f, 0x8f, 0xe3, 0xe9, 0xe9, 0x94, 0x94, 0x94, 
	0x94, 0x94, 0x94, 0xe9, 0xe9, 0xe3, 0x94, 0x94, 
	0x94, 0x94, 0x94, 0x94, 0x94, 0x94, 0x94, 0x94, 
	0xbe, 0xbe, 0xbe, 0xbe, 0xbe, 0xbe, 0xbe, 0xbe, 
	0xbe, 0xef, 0xef, 0xef, 0xbe, 0xbe, 0xbe, 0xbe, 
	0xbe, 0xbe, 0xbe, 0xbe, 0xe9, 0xe9, 0xe9, 0xbe, 
	0xbe, 0xbe, 0xb8, 0xb8, 0xb8, 0xb8, 0xb8, 0xbe, 
	0xb8, 0xb8, 0xb8, 0xb8, 0xb8, 0xb8, 0xb8, 0xb8, 
	0xb8, 0xe9, 0xe9, 0xe9, 0xb8, 0xb8, 0xb8, 0xb8, 
	0xb8, 0xb8, 0xb8, 0xb8, 0xe9, 0xe9, 0xe9, 0xb8, 
	0xb8, 0xb8, 0xb8, 0xb8, 0xb8, 0xb8, 0xb8, 0xb8, 
	0x89, 0x89, 0x89, 0x89, 0x89, 0x89, 0x89, 0x89, 
	0xe3, 0xe3, 0xe3, 0x89, 0x89, 0x89, 0x89, 0x89, 
	0x89, 0x89, 0x89, 0x89, 0x89, 0xe3, 0xe3, 0xe3, 
	0x89, 0x89, 0x89, 0x89, 0x89, 0x89, 0x89, 0x89, 
	0x83, 0x83, 0x83, 0x83, 0x83, 0x89, 0x89, 0x89, 
	0xe3, 0xe3, 0x89, 0x89, 0x89, 0x89, 0x89, 0x89, 
	0x89, 0x89, 0x89, 0x89, 0x89, 0x89, 0xe3, 0xe3, 
	0x89, 0x89, 0x89, 0x89, 0x89, 0x89, 0x89, 0x89, 
	0xb2, 0xb2, 0xb2, 0xb2, 0xb2, 0xb2, 0xb2, 0xb2, 
	0xe9, 0xe9, 0xb2, 0xb2, 0xb2, 0xb2, 0xb2, 0xac, 
	0xac, 0xac, 0xac, 0xac, 0xac, 0xb2, 0xe9, 0xe9, 
	0xac, 0xac, 0xac, 0xac, 0xac, 0xac, 0xac, 0xac, 
	0xac, 0xac, 0xac, 0xac, 0xac, 0xac, 0xac, 0xe9, 
	0xe9, 0xac, 0xac, 0xac, 0xac, 0xac, 0xac, 0xac, 
	0xac, 0xac, 0xac, 0xac, 0xac, 0xac, 0xac, 0xe9, 
	0xe9, 0xac, 0xac, 0xac, 0xac, 0xac, 0xac, 0xac, 
	0x7d, 0x7d, 0x7d, 0x7d, 0x7d, 0x7d, 0x7d, 0xe3, 
	0xe3, 0x7d, 0x7d, 0x7d, 0x7d, 0x7d, 0x7d, 0x7d, 
	0x7d, 0x7d, 0x7d, 0x7d, 0x7d, 0x7d, 0x7d, 0xe3, 
	0xe3, 0x7d, 0x7d, 0x7d, 0x7d, 0x7d, 0x7d, 0x7d, 
	0x78, 0x7d, 0x7d, 0x7d, 0x7d, 0x7d, 0xe3, 0xe3, 
	0x7d, 0x7d, 0x7d, 0x7d, 0x7d, 0x7d, 0x7d, 0x7d, 
	0x7d, 0x7d, 0x7d, 0x7d, 0x7d, 0x7d, 0x7d, 0x7d, 
	0xe3, 0xe3, 0x7d, 0x7d, 0x7d, 0x7d, 0x7d, 0x7d, 
	0xa1, 0xa1, 0xa1, 0xa1, 0xa1, 0xa1, 0xe9, 0xe9, 
	0xa1, 0xa1, 0xa1, 0xa1, 0xa1, 0xa1, 0xa1, 0xa1, 
	0xa1, 0xa1, 0xa1, 0xa1, 0xa1, 0xa1, 0xa1, 0xa1, 
	0xe9, 0xe9, 0xa1, 0xa1, 0xa1, 0xa1, 0xa1, 0xa1, 
	0xa1, 0xa1, 0xa1, 0xa1, 0xa1, 0xe9, 0xe9, 0xe9, 
	0xa1, 0xa1, 0xa1, 0xa1, 0xa1, 0xa1, 0xa1, 0xa1, 
	0xa1, 0xa1, 0xa1, 0x9b, 0x9b, 0x9b, 0x9b, 0x9b, 
	0xe3, 0xe3, 0xe3, 0x9b, 0x9b, 0x9b, 0x9b, 0x9b, 
	0x72, 0x72, 0x72, 0x72, 0x72, 0xde, 0xde, 0x72, 
	0x72, 0x72, 0x72, 0x72, 0x72, 0x72, 0x72, 0x72, 
	0x72, 0x72, 0x72, 0x72, 0x72, 0x72, 0x72, 0x72, 
	0x72, 0xde, 0xde, 0x72, 0x72, 0x72, 0x72, 0x72, 
	0x72, 0x72, 0x72, 0x72, 0x72, 0xde, 0xde, 0x72, 
	0x72, 0x72, 0x72, 0x72, 0x72, 0x72, 0x72, 0x72, 
	0x72, 0x72, 0x72, 0x72, 0x72, 0x72, 0x72, 0x72, 
	0x72, 0xde, 0xde, 0x72, 0x72, 0x72, 0x72, 0x72, 
	0x95, 0x95, 0x95, 0x95, 0x95, 0x95, 0x95, 0x95, 
	0x95, 0x95, 0x95, 0x95, 0x95, 0x95, 0x95, 0x95, 
	0x95, 0x95, 0x95, 0x95, 0x95, 0x95, 0x95, 0x95, 
	0x95, 0x95, 0x95, 0x95, 0x95, 0x95, 0x95, 0x95, 
	0x90, 0x90, 0x90, 0x90, 0x90, 0x90, 0x90, 0x90, 
	0x90, 0x90, 0x90, 0x90, 0x90, 0x90, 0x90, 0x90, 
	0x90, 0x90, 0x90, 0x90, 0x90, 0x90, 0x90, 0x90, 
	0x90, 0x90, 0x90, 0x90, 0x90, 0x90, 0x90, 0x90, 
	0x67, 0x67, 0x67, 0x67, 0x67, 0x67, 0x67, 0x67, 
	0x67, 0x67, 0x67, 0x67, 0x67, 0x67, 0x67, 0x67, 
	0x67, 0x67, 0x67, 0x67, 0x67, 0x67, 0x67, 0x67, 
	0x67, 0x67, 0x67, 0x67, 0x67, 0x67, 0x67, 0x67, 
	0x67, 0x67, 0x67, 0x67, 0x67, 0x67, 0x67, 0x67, 
	0x67, 0x67, 0x67, 0x67, 0x67, 0x67, 0x67, 0x67, 
	0x67, 0x67, 0x67, 0x67, 0x67, 0x67, 0x67, 0x67, 
	0x67, 0x67, 0x67, 0x67, 0x67, 0x67, 0x67, 0x67, 
	
};

Gfx bitdw_dl__05006078_ci8_aligner[] = {gsSPEndDisplayList()};
u8 bitdw_dl__05006078_ci8[] = {
	0x00, 0x00, 0x00, 0x00, 0x00, 0x00, 0x00, 0x00, 
	0x00, 0x00, 0x00, 0x00, 0x00, 0x00, 0x00, 0x00, 
	0x00, 0x00, 0x00, 0x00, 0x00, 0x00, 0x00, 0x00, 
	0x00, 0x00, 0x00, 0x00, 0x00, 0x00, 0x00, 0x00, 
	0x00, 0x00, 0x00, 0x00, 0x00, 0x00, 0x00, 0x00, 
	0x00, 0x00, 0x00, 0x00, 0x00, 0x00, 0x00, 0x00, 
	0x00, 0x00, 0x00, 0x00, 0x00, 0x00, 0x00, 0x00, 
	0x00, 0x00, 0x00, 0x00, 0x00, 0x00, 0x00, 0x00, 
	0x00, 0x00, 0x00, 0x00, 0x00, 0x00, 0x00, 0x00, 
	0x00, 0x00, 0x00, 0x00, 0x00, 0x00, 0x00, 0x00, 
	0x00, 0x00, 0x00, 0x00, 0x00, 0x00, 0x00, 0x00, 
	0x00, 0x00, 0x00, 0x00, 0x00, 0x00, 0x00, 0x00, 
	0x00, 0x00, 0x00, 0x00, 0x00, 0x00, 0x01, 0x02, 
	0x03, 0x00, 0x00, 0x00, 0x00, 0x00, 0x00, 0x00, 
	0x00, 0x00, 0x00, 0x00, 0x00, 0x00, 0x04, 0x00, 
	0x05, 0x00, 0x00, 0x00, 0x00, 0x00, 0x00, 0x00, 
	0x00, 0x00, 0x00, 0x00, 0x00, 0x00, 0x06, 0x04, 
	0x07, 0x00, 0x00, 0x00, 0x00, 0x00, 0x00, 0x00, 
	0x00, 0x00, 0x00, 0x00, 0x00, 0x00, 0x00, 0x00, 
	0x00, 0x00, 0x00, 0x00, 0x00, 0x00, 0x00, 0x00, 
	0x00, 0x00, 0x00, 0x00, 0x00, 0x00, 0x00, 0x00, 
	0x00, 0x08, 0x02, 0x09, 0x00, 0x00, 0x00, 0x00, 
	0x00, 0x00, 0x00, 0x00, 0x00, 0x00, 0x00, 0x00, 
	0x00, 0x04, 0x0a, 0x05, 0x00, 0x00, 0x00, 0x00, 
	0x00, 0x00, 0x00, 0x00, 0x00, 0x00, 0x00, 0x00, 
	0x00, 0x0b, 0x04, 0x0c, 0x00, 0x00, 0x00, 0x00, 
	0x02, 0x0d, 0x00, 0x00, 0x00, 0x0e, 0x0f, 0x0f, 
	0x10, 0x00, 0x00, 0x00, 0x00, 0x00, 0x11, 0x0f, 
	0x00, 0x12, 0x00, 0x00, 0x00, 0x04, 0x0a, 0x00, 
	0x13, 0x00, 0x00, 0x00, 0x00, 0x00, 0x0b, 0x0a, 
	0x0a, 0x14, 0x00, 0x00, 0x00, 0x0b, 0x04, 0x04, 
	0x15, 0x00, 0x00, 0x00, 0x00, 0x00, 0x0b, 0x16, 
	0x0b, 0x17, 0x00, 0x00, 0x00, 0x18, 0x19, 0x1a, 
	0x1b, 0x0f, 0x14, 0x03, 0x00, 0x00, 0x1c, 0x06, 
	0x1d, 0x1e, 0x02, 0x1f, 0x20, 0x0b, 0x0a, 0x00, 
	0x00, 0x00, 0x21, 0x12, 0x00, 0x00, 0x00, 0x00, 
	0x0b, 0x16, 0x00, 0x22, 0x03, 0x0b, 0x0a, 0x0a, 
	0x00, 0x00, 0x00, 0x02, 0x23, 0x14, 0x1f, 0x24, 
	0x25, 0x26, 0x0a, 0x27, 0x28, 0x06, 0x29, 0x07, 
	0x2a, 0x16, 0x00, 0x2b, 0x2c, 0x00, 0x00, 0x1f, 
	0x2d, 0x06, 0x0b, 0x2e, 0x03, 0x2d, 0x2d, 0x2d, 
	0x2d, 0x2d, 0x1c, 0x2f, 0x06, 0x29, 0x29, 0x30, 
	0x31, 0x05, 0x12, 0x12, 0x10, 0x10, 0x10, 0x10, 
	0x32, 0x12, 0x12, 0x12, 0x33, 0x02, 0x0f, 0x34, 
	0x35, 0x36, 0x37, 0x37, 0x37, 0x37, 0x37, 0x37, 
	0x37, 0x37, 0x37, 0x37, 0x37, 0x37, 0x37, 0x37, 
	0x38, 0x39, 0x3a, 0x3a, 0x3a, 0x3a, 0x2d, 0x2d, 
	0x2d, 0x2d, 0x2d, 0x3a, 0x3a, 0x3a, 0x3a, 0x3a, 
	0x3b, 0x3c, 0x16, 0x00, 0x00, 0x00, 0x00, 0x3d, 
	0x3e, 0x1b, 0x00, 0x00, 0x00, 0x00, 0x00, 0x3a, 
	0x3b, 0x3d, 0x00, 0x00, 0x00, 0x00, 0x3f, 0x40, 
	0x20, 0x03, 0x31, 0x00, 0x00, 0x00, 0x00, 0x3a, 
	0x37, 0x41, 0x00, 0x00, 0x00, 0x00, 0x3a, 0x42, 
	0x20, 0x43, 0x44, 0x00, 0x00, 0x00, 0x00, 0x3a, 
	0x37, 0x45, 0x00, 0x00, 0x00, 0x00, 0x3a, 0x46, 
	0x47, 0x48, 0x49, 0x00, 0x00, 0x00, 0x00, 0x3a, 
	0x3b, 0x1e, 0x00, 0x00, 0x00, 0x00, 0x00, 0x3a, 
	0x3a, 0x3a, 0x00, 0x00, 0x00, 0x00, 0x00, 0x3a, 
	0x4a, 0x05, 0x10, 0x10, 0x10, 0x10, 0x10, 0x10, 
	0x12, 0x4b, 0x4c, 0x3e, 0x4d, 0x4e, 0x39, 0x3a, 
	0x37, 0x37, 0x37, 0x37, 0x37, 0x37, 0x37, 0x37, 
	0x37, 0x37, 0x37, 0x37, 0x37, 0x37, 0x37, 0x37, 
	0x3a, 0x3a, 0x3a, 0x3a, 0x3a, 0x3a, 0x3a, 0x3a, 
	0x3a, 0x3a, 0x3a, 0x3a, 0x3a, 0x3a, 0x3a, 0x3a, 
	
};

Gfx bitdw_dl__05006078_pal_rgba16_aligner[] = {gsSPEndDisplayList()};
u8 bitdw_dl__05006078_pal_rgba16[] = {
	0xf6, 0x41, 0xf6, 0xdb, 0xf7, 0x5d, 0xf7, 0xb5, 
	0xd5, 0x41, 0xf7, 0x5b, 0xc4, 0xc1, 0xe5, 0xc1, 
	0xd5, 0x85, 0xf7, 0xad, 0xf6, 0x01, 0xcd, 0x01, 
	0xe6, 0x51, 0xf7, 0xab, 0xee, 0xdb, 0xf7, 0x59, 
	0xf7, 0xa5, 0xe6, 0x53, 0xf7, 0xa3, 0xf7, 0x0f, 
	0xf7, 0x61, 0xe6, 0x49, 0xee, 0x01, 0xe6, 0x97, 
	0xdd, 0xc1, 0xf6, 0x85, 0xf6, 0xcb, 0xf7, 0x13, 
	0xbc, 0xc1, 0xee, 0x4d, 0xf7, 0x17, 0xf7, 0xa7, 
	0xf7, 0xbd, 0xf6, 0x81, 0xf6, 0xc5, 0xde, 0x0f, 
	0xf7, 0xb7, 0xbc, 0x81, 0xe5, 0x81, 0xf6, 0x83, 
	0xf7, 0xb3, 0xdd, 0x81, 0xed, 0xc1, 0xf7, 0x1b, 
	0xcd, 0x41, 0xb4, 0x81, 0xdd, 0xc9, 0xcd, 0x87, 
	0xee, 0x97, 0xf6, 0xd1, 0xf7, 0xa1, 0xf7, 0x5f, 
	0xf7, 0x15, 0xf7, 0x05, 0xf7, 0x47, 0xf7, 0x4b, 
	0xf7, 0x09, 0xc5, 0x01, 0xac, 0x81, 0xf7, 0x49, 
	0xd5, 0x81, 0xe6, 0x05, 0xf7, 0x19, 0xa4, 0x81, 
	0xef, 0x23, 0xee, 0x4b, 0xef, 0x27, 0xf7, 0xbb, 
	0xee, 0xd9, 0xf6, 0x91, 0xbd, 0x09, 0xe6, 0xa5, 
	0xde, 0x5b, 0xbd, 0x05, 0xf7, 0x07, 0xf7, 0x9f, 
	0xf7, 0x9b, 0xee, 0x93, 0xe6, 0x0d, 
};

Gfx bitdw_dl_Stone_01_64x64_i4_aligner[] = {gsSPEndDisplayList()};
u8 bitdw_dl_Stone_01_64x64_i4[] = {
	0x8b, 0xba, 0x98, 0x77, 0x55, 0x77, 0x66, 0x86, 
	0x67, 0x66, 0x76, 0x66, 0x68, 0x77, 0x76, 0x66, 
	0x66, 0x78, 0x79, 0x67, 0x77, 0x76, 0x77, 0x95, 
	0x67, 0x87, 0x76, 0x86, 0x78, 0x77, 0x78, 0x89, 
	0x9a, 0x98, 0x76, 0x77, 0x55, 0x66, 0x66, 0x76, 
	0x66, 0x76, 0x66, 0x67, 0x67, 0x67, 0x76, 0x56, 
	0x76, 0x78, 0x8a, 0x66, 0x67, 0x75, 0x66, 0x96, 
	0x68, 0x87, 0x77, 0x88, 0x87, 0x77, 0x68, 0x87, 
	0xac, 0xa8, 0x58, 0x88, 0x76, 0x66, 0x65, 0x56, 
	0x56, 0x76, 0x66, 0x66, 0x56, 0x76, 0x66, 0x66, 
	0x76, 0x67, 0x88, 0x85, 0x66, 0x75, 0x57, 0x87, 
	0x78, 0x87, 0x66, 0x67, 0x88, 0x86, 0x67, 0x66, 
	0xbd, 0xca, 0x76, 0x88, 0x77, 0x66, 0x86, 0x66, 
	0x55, 0x66, 0x87, 0x88, 0x87, 0x76, 0x77, 0x77, 
	0x66, 0x75, 0x66, 0x97, 0x67, 0x76, 0x76, 0x77, 
	0x78, 0x78, 0x77, 0x77, 0x66, 0x66, 0x68, 0x78, 
	0xbd, 0xdc, 0xa7, 0x67, 0x86, 0x76, 0x76, 0x66, 
	0x55, 0x77, 0x68, 0x76, 0x77, 0x56, 0x67, 0x66, 
	0x76, 0x76, 0x76, 0x69, 0x66, 0x76, 0x77, 0x86, 
	0x68, 0x77, 0x69, 0x88, 0x7a, 0x87, 0x77, 0x8b, 
	0xbc, 0xbb, 0x98, 0x86, 0x77, 0x67, 0x77, 0x67, 
	0x65, 0x78, 0x67, 0x76, 0x77, 0x66, 0x66, 0x66, 
	0x67, 0x77, 0x77, 0x79, 0x85, 0x56, 0x67, 0x67, 
	0x57, 0x68, 0x76, 0x79, 0xab, 0xba, 0xa9, 0xab, 
	0xb9, 0xaa, 0x98, 0x77, 0x67, 0x86, 0x66, 0x67, 
	0x66, 0x77, 0x76, 0x77, 0x66, 0x66, 0x78, 0x67, 
	0x66, 0x67, 0x78, 0x78, 0xb9, 0x87, 0x88, 0x89, 
	0x8a, 0xab, 0xbb, 0xbc, 0xdb, 0xaa, 0x88, 0x8a, 
	0xa8, 0x89, 0xac, 0xba, 0x75, 0x69, 0x65, 0x56, 
	0x76, 0x77, 0x66, 0x77, 0x77, 0x76, 0x67, 0x67, 
	0x66, 0x76, 0x76, 0x79, 0xaa, 0xab, 0xba, 0xa9, 
	0x89, 0x99, 0x87, 0x78, 0x77, 0x89, 0x77, 0x79, 
	0xa7, 0x77, 0xad, 0xed, 0xa7, 0x76, 0x96, 0x56, 
	0x76, 0x77, 0x76, 0x77, 0x67, 0x77, 0x66, 0x77, 
	0x55, 0x56, 0x66, 0x89, 0x87, 0x78, 0x78, 0x75, 
	0x57, 0x77, 0x86, 0x77, 0x88, 0x87, 0x76, 0x79, 
	0x97, 0x77, 0x9a, 0xbb, 0xab, 0x97, 0x76, 0x67, 
	0x76, 0x77, 0x97, 0x77, 0x77, 0x77, 0x76, 0x66, 
	0x55, 0x55, 0x76, 0x9a, 0x76, 0x67, 0x76, 0x65, 
	0x56, 0x67, 0x67, 0x66, 0x87, 0x77, 0x67, 0x7a, 
	0xa7, 0x76, 0x67, 0x67, 0x78, 0x9a, 0xa9, 0x66, 
	0x77, 0x66, 0x88, 0x67, 0x87, 0x77, 0x67, 0x88, 
	0x66, 0x55, 0x67, 0xcb, 0x86, 0x77, 0x87, 0x86, 
	0x56, 0x66, 0x67, 0x68, 0x68, 0x77, 0x76, 0x58, 
	0x96, 0x98, 0x77, 0x66, 0x77, 0x97, 0x77, 0x8b, 
	0xa7, 0x77, 0x77, 0x77, 0x76, 0x77, 0x78, 0x87, 
	0x66, 0x66, 0x79, 0xcc, 0x86, 0x78, 0x77, 0x65, 
	0x66, 0x66, 0x77, 0x76, 0x77, 0x87, 0x78, 0x79, 
	0x96, 0x77, 0x77, 0x56, 0x66, 0x67, 0x88, 0x66, 
	0x8b, 0x86, 0x77, 0x78, 0x67, 0x77, 0x77, 0x67, 
	0x66, 0x76, 0x89, 0xcc, 0xb7, 0x67, 0x67, 0x65, 
	0x66, 0x76, 0x66, 0x57, 0x77, 0x69, 0x77, 0x7a, 
	0x96, 0x77, 0x77, 0x67, 0x77, 0x77, 0x87, 0x77, 
	0x87, 0x89, 0x99, 0x66, 0x76, 0x66, 0x56, 0x67, 
	0x55, 0x78, 0x88, 0xbe, 0xc9, 0x66, 0x77, 0x67, 
	0x66, 0x86, 0x76, 0x76, 0x56, 0x76, 0x67, 0x6a, 
	0x96, 0x76, 0x76, 0x67, 0x65, 0x87, 0x66, 0x66, 
	0x66, 0x77, 0x67, 0xaa, 0xbb, 0x98, 0x88, 0x78, 
	0x66, 0x99, 0x77, 0xad, 0xc9, 0x77, 0x67, 0x67, 
	0x65, 0x76, 0x77, 0x67, 0x55, 0x77, 0x76, 0x79, 
	0x96, 0x78, 0x76, 0x77, 0x87, 0x65, 0x77, 0x76, 
	0x77, 0x66, 0x66, 0x79, 0x9a, 0xbb, 0xaa, 0x99, 
	0xa8, 0x87, 0x66, 0x9a, 0xb9, 0x77, 0x56, 0x67, 
	0x67, 0x76, 0x66, 0x65, 0x55, 0x56, 0x67, 0x7a, 
	0x96, 0x87, 0x77, 0x76, 0x66, 0x65, 0x77, 0x86, 
	0x66, 0x65, 0x66, 0x77, 0x98, 0x68, 0x99, 0xab, 
	0xca, 0x86, 0x68, 0x77, 0xab, 0x57, 0x77, 0x76, 
	0x67, 0x66, 0x76, 0x65, 0x65, 0x67, 0x77, 0x89, 
	0x96, 0x78, 0x88, 0x66, 0x76, 0x77, 0x96, 0x66, 
	0x66, 0x66, 0x55, 0x56, 0x76, 0x67, 0x66, 0x8b, 
	0xc9, 0x66, 0x66, 0x77, 0x9c, 0x96, 0x76, 0x77, 
	0x66, 0x66, 0x66, 0x67, 0x65, 0x66, 0x66, 0x7a, 
	0x96, 0x77, 0x87, 0x65, 0x67, 0x78, 0x87, 0x56, 
	0x67, 0x77, 0x65, 0x56, 0x76, 0x67, 0x66, 0x7a, 
	0xb9, 0x66, 0x66, 0x67, 0x8b, 0xb7, 0x66, 0x66, 
	0x67, 0x77, 0x65, 0x67, 0x76, 0x65, 0x66, 0x6a, 
	0x85, 0x76, 0x76, 0x65, 0x67, 0x77, 0x78, 0x65, 
	0x56, 0x76, 0x67, 0x56, 0x77, 0x67, 0x66, 0x6b, 
	0xa8, 0x78, 0x76, 0x76, 0x6a, 0xb9, 0x67, 0x66, 
	0x77, 0x77, 0x66, 0x76, 0x76, 0x75, 0x66, 0x69, 
	0x76, 0x65, 0x56, 0x55, 0x66, 0x66, 0x68, 0x66, 
	0x56, 0x66, 0x76, 0x76, 0x66, 0x57, 0x77, 0x8b, 
	0x97, 0x67, 0x77, 0x67, 0x77, 0x8b, 0x57, 0x56, 
	0x66, 0x67, 0x76, 0x76, 0x76, 0x66, 0x77, 0x7a, 
	0x76, 0x76, 0x55, 0x56, 0x66, 0x66, 0x56, 0x65, 
	0x76, 0x67, 0x77, 0x67, 0x76, 0x67, 0x77, 0x9a, 
	0x77, 0x77, 0x86, 0x66, 0x76, 0x88, 0x76, 0x66, 
	0x66, 0x77, 0x76, 0x57, 0x76, 0x78, 0x87, 0x7a, 
	0x77, 0x86, 0x65, 0x57, 0x66, 0x56, 0x56, 0x77, 
	0x66, 0x56, 0x77, 0x76, 0x67, 0x67, 0x77, 0x99, 
	0x77, 0x67, 0x86, 0x66, 0x68, 0x68, 0x89, 0x66, 
	0x67, 0x77, 0x87, 0x87, 0x77, 0x77, 0x77, 0x7a, 
	0x76, 0x88, 0x88, 0x78, 0x65, 0x66, 0x67, 0x66, 
	0x56, 0x66, 0x77, 0x76, 0x77, 0x66, 0x87, 0xa8, 
	0x77, 0x65, 0x76, 0x66, 0x66, 0x55, 0x78, 0xcb, 
	0x66, 0x77, 0x87, 0x88, 0x76, 0x77, 0x88, 0x8c, 
	0x87, 0x77, 0x77, 0x66, 0x66, 0x75, 0x56, 0x66, 
	0x65, 0x66, 0x66, 0x66, 0x66, 0x67, 0x67, 0x96, 
	0x66, 0x56, 0x76, 0x67, 0x85, 0x65, 0x67, 0x89, 
	0xb8, 0x76, 0x66, 0x66, 0x66, 0x67, 0x66, 0x7a, 
	0x76, 0x76, 0x66, 0x66, 0x76, 0x75, 0x76, 0x56, 
	0x76, 0x76, 0x86, 0x67, 0x76, 0x76, 0x79, 0x76, 
	0x88, 0x66, 0x76, 0x66, 0x66, 0x57, 0x66, 0x67, 
	0x89, 0x99, 0x76, 0x56, 0x66, 0x66, 0x56, 0x6a, 
	0x86, 0x66, 0x66, 0x65, 0x77, 0x66, 0x66, 0x66, 
	0x66, 0x66, 0x65, 0x76, 0x87, 0x78, 0xaa, 0x66, 
	0x77, 0x67, 0x66, 0x66, 0x65, 0x55, 0x66, 0x67, 
	0x77, 0x7b, 0xb8, 0x76, 0x78, 0x88, 0x87, 0x7b, 
	0x86, 0x65, 0x56, 0x66, 0x66, 0x55, 0x55, 0x65, 
	0x78, 0x67, 0x66, 0x77, 0x78, 0x78, 0xa8, 0x68, 
	0x57, 0x76, 0x76, 0x66, 0x76, 0x55, 0x77, 0x77, 
	0x77, 0x78, 0x8a, 0xbb, 0x9a, 0xbb, 0xba, 0x8b, 
	0x86, 0x66, 0x76, 0x55, 0x67, 0x55, 0x55, 0x66, 
	0x67, 0x66, 0x65, 0x66, 0x86, 0x79, 0x97, 0x78, 
	0x76, 0x67, 0x66, 0x66, 0x77, 0x65, 0x65, 0x65, 
	0x67, 0x78, 0x77, 0x9b, 0xbc, 0xdd, 0xdb, 0xab, 
	0x97, 0x56, 0x66, 0x56, 0x66, 0x55, 0x65, 0x57, 
	0x77, 0x76, 0x65, 0x66, 0x66, 0x9a, 0xa8, 0x8b, 
	0x99, 0x77, 0x55, 0x66, 0x66, 0x67, 0x87, 0x77, 
	0x77, 0x67, 0x77, 0x77, 0x9b, 0xbd, 0xca, 0x9a, 
	0xb7, 0x65, 0x66, 0x66, 0x67, 0x66, 0x66, 0x67, 
	0x77, 0x77, 0x76, 0x77, 0x67, 0xab, 0xbb, 0xab, 
	0xca, 0xba, 0x99, 0x66, 0x77, 0x77, 0x77, 0x77, 
	0x77, 0x66, 0x77, 0x77, 0x77, 0x7a, 0x98, 0x89, 
	0xbb, 0x98, 0x65, 0x66, 0x66, 0x87, 0x86, 0x67, 
	0x78, 0x77, 0x77, 0x77, 0x77, 0x9a, 0xba, 0x99, 
	0xb8, 0x88, 0x99, 0x99, 0x76, 0x77, 0x87, 0x78, 
	0x67, 0x66, 0x66, 0x76, 0x97, 0x67, 0x87, 0x77, 
	0xcd, 0xb9, 0x87, 0x77, 0x77, 0x66, 0x66, 0x56, 
	0x67, 0x66, 0x66, 0x67, 0x88, 0x98, 0x88, 0x67, 
	0x87, 0x78, 0x67, 0x77, 0x98, 0x76, 0x77, 0x77, 
	0x76, 0x65, 0x66, 0x56, 0x87, 0x67, 0x66, 0x67, 
	0xbb, 0xca, 0xa9, 0xab, 0xcc, 0xcb, 0x99, 0x9a, 
	0x99, 0xa8, 0x76, 0x68, 0x9a, 0x77, 0x76, 0x55, 
	0x66, 0x78, 0x76, 0x66, 0x66, 0x6a, 0xa8, 0x66, 
	0x77, 0x76, 0x66, 0x67, 0x78, 0x67, 0x55, 0x68, 
	0xb9, 0x98, 0x77, 0x79, 0xab, 0xba, 0x97, 0x98, 
	0x9b, 0xbb, 0xab, 0xaa, 0xa8, 0x66, 0x55, 0x55, 
	0x76, 0x67, 0x65, 0x66, 0x66, 0x55, 0x6a, 0xa8, 
	0x76, 0x78, 0x66, 0x77, 0x86, 0x67, 0x65, 0x7a, 
	0xaa, 0xa9, 0x87, 0x88, 0x8a, 0x99, 0x87, 0x88, 
	0xab, 0xac, 0xcc, 0xcb, 0xcc, 0x87, 0x67, 0x67, 
	0x76, 0x76, 0x55, 0x55, 0x66, 0x66, 0x45, 0x68, 
	0xa9, 0x78, 0x97, 0x76, 0x67, 0x67, 0x76, 0x9b, 
	0x99, 0x98, 0x87, 0x67, 0x78, 0x97, 0x76, 0x79, 
	0xbc, 0xde, 0xdc, 0xb9, 0x9a, 0x95, 0x78, 0x78, 
	0x67, 0x87, 0x76, 0x56, 0x67, 0x65, 0x55, 0x67, 
	0x89, 0xbb, 0xa8, 0x77, 0x66, 0x67, 0x77, 0x9a, 
	0x86, 0x66, 0x67, 0x78, 0x76, 0x66, 0x66, 0x69, 
	0xac, 0xee, 0xdb, 0xa9, 0x99, 0xa6, 0x87, 0x77, 
	0x67, 0x65, 0x57, 0x76, 0x66, 0x76, 0x55, 0x77, 
	0x78, 0xac, 0xba, 0x88, 0x77, 0x89, 0xa9, 0x98, 
	0x76, 0x66, 0x56, 0x66, 0x76, 0x65, 0x55, 0x69, 
	0xad, 0xef, 0xdb, 0x99, 0x88, 0xa8, 0x68, 0x76, 
	0x67, 0x66, 0x66, 0x66, 0x66, 0x65, 0x66, 0x78, 
	0x78, 0x7a, 0xba, 0xa9, 0x9a, 0xaa, 0xaa, 0x88, 
	0x77, 0x66, 0x66, 0x66, 0x66, 0x66, 0x77, 0x89, 
	0xbd, 0xef, 0xda, 0x99, 0x77, 0xaa, 0x68, 0x77, 
	0x66, 0x67, 0x76, 0x66, 0x56, 0x67, 0x87, 0x76, 
	0x67, 0x78, 0x99, 0xa9, 0x99, 0x78, 0xac, 0x9a, 
	0x98, 0x76, 0x65, 0x76, 0x66, 0x76, 0x76, 0x79, 
	0xcc, 0xdd, 0xc8, 0x87, 0x76, 0x9a, 0x86, 0x86, 
	0x56, 0x65, 0x65, 0x55, 0x66, 0x77, 0x87, 0x78, 
	0x66, 0x68, 0xb9, 0x98, 0x86, 0x76, 0x9c, 0xa9, 
	0x87, 0x77, 0x86, 0x66, 0x56, 0x76, 0x76, 0x79, 
	0xab, 0xbb, 0xa8, 0x77, 0x77, 0x78, 0xb8, 0x79, 
	0x67, 0x67, 0x65, 0x55, 0x67, 0x66, 0x86, 0x67, 
	0x76, 0x79, 0xb9, 0x67, 0x87, 0x77, 0x7a, 0x9a, 
	0x76, 0x76, 0x76, 0x66, 0x68, 0x76, 0x87, 0x78, 
	0x9a, 0x98, 0x68, 0x66, 0x87, 0x77, 0x8a, 0x67, 
	0x67, 0x66, 0x66, 0x57, 0x67, 0x67, 0x78, 0x77, 
	0x76, 0x89, 0x78, 0x66, 0x78, 0x77, 0x79, 0x89, 
	0x67, 0x77, 0x77, 0x67, 0x66, 0x67, 0x87, 0x87, 
	0x89, 0x77, 0x68, 0x88, 0x77, 0x89, 0x89, 0x76, 
	0x77, 0x77, 0x66, 0x68, 0x65, 0x66, 0x77, 0x86, 
	0x68, 0x86, 0x65, 0x76, 0x76, 0x88, 0x78, 0x87, 
	0x67, 0x78, 0x97, 0x77, 0x76, 0x67, 0x78, 0x87, 
	0x98, 0x77, 0x77, 0x78, 0x68, 0x78, 0x78, 0xa7, 
	0x68, 0x77, 0x75, 0x68, 0x65, 0x67, 0x76, 0x67, 
	0x98, 0x66, 0x55, 0x56, 0x68, 0x77, 0x7a, 0x97, 
	0x58, 0x86, 0x87, 0x77, 0x65, 0x67, 0x77, 0x69, 
	0x87, 0x97, 0x87, 0x78, 0x87, 0x66, 0x68, 0x9a, 
	0x67, 0x76, 0x66, 0x66, 0x76, 0x68, 0x98, 0x79, 
	0x88, 0x77, 0x55, 0x56, 0x78, 0x77, 0x9d, 0xb7, 
	0x68, 0x77, 0x66, 0x77, 0x66, 0x66, 0x66, 0x69, 
	0x77, 0x86, 0x68, 0x76, 0x67, 0x68, 0x78, 0xab, 
	0x77, 0x77, 0x77, 0x67, 0x77, 0x77, 0x78, 0x98, 
	0x56, 0x67, 0x55, 0x57, 0x77, 0x67, 0x9d, 0xc8, 
	0x77, 0x77, 0x67, 0x77, 0x76, 0x76, 0x66, 0x79, 
	0x76, 0x76, 0x67, 0x87, 0x77, 0x67, 0x77, 0x8b, 
	0xb6, 0x76, 0x66, 0x88, 0x78, 0x77, 0x89, 0x86, 
	0x67, 0x76, 0x56, 0x57, 0x66, 0x85, 0x8b, 0xc8, 
	0x67, 0x66, 0x67, 0x66, 0x65, 0x66, 0x77, 0x77, 
	0x76, 0x78, 0x77, 0x67, 0x87, 0x67, 0x98, 0x78, 
	0xd8, 0x86, 0x66, 0x67, 0x77, 0x69, 0xa6, 0x56, 
	0x67, 0x66, 0x66, 0x77, 0x77, 0x87, 0x98, 0xc7, 
	0x56, 0x77, 0x55, 0x66, 0x76, 0x67, 0x66, 0x78, 
	0x76, 0x76, 0x68, 0x67, 0x66, 0x67, 0x77, 0x68, 
	0xda, 0x66, 0x76, 0x67, 0x6a, 0xbb, 0x86, 0x57, 
	0x67, 0x65, 0x76, 0x67, 0x86, 0x67, 0x88, 0xa9, 
	0x56, 0x66, 0x55, 0x76, 0x66, 0x56, 0x66, 0x87, 
	0x77, 0x58, 0x77, 0x67, 0x87, 0x76, 0x56, 0x65, 
	0x9b, 0x76, 0x66, 0x67, 0xac, 0xb7, 0x65, 0x77, 
	0x65, 0x67, 0x55, 0x56, 0x87, 0x66, 0x76, 0xa8, 
	0x67, 0x76, 0x56, 0x65, 0x66, 0x67, 0x67, 0x86, 
	0x67, 0x67, 0x87, 0x76, 0x67, 0x77, 0x77, 0x65, 
	0x79, 0x86, 0x77, 0x79, 0xbc, 0x86, 0x65, 0x66, 
	0x66, 0x56, 0x65, 0x67, 0x67, 0x66, 0x77, 0xa9, 
	0x66, 0x66, 0x66, 0x66, 0x66, 0x66, 0x67, 0x96, 
	0x66, 0x66, 0x77, 0x66, 0x76, 0x66, 0x66, 0x76, 
	0x89, 0x96, 0x67, 0x9a, 0x97, 0x77, 0x66, 0x66, 
	0x65, 0x56, 0x66, 0x66, 0x67, 0x66, 0x88, 0x9a, 
	0x77, 0x76, 0x66, 0x66, 0x66, 0x68, 0x67, 0xb5, 
	0x87, 0x56, 0x66, 0x77, 0x76, 0x76, 0x88, 0x77, 
	0x88, 0xa8, 0x9a, 0xb9, 0x76, 0x87, 0x66, 0x65, 
	0x65, 0x56, 0x67, 0x66, 0x76, 0x77, 0x77, 0x7a, 
	0x67, 0x76, 0x66, 0x66, 0x58, 0x76, 0x79, 0x98, 
	0x78, 0x76, 0x66, 0x67, 0x76, 0x76, 0x87, 0x76, 
	0x67, 0x99, 0xbb, 0x98, 0x77, 0x66, 0x76, 0x66, 
	0x66, 0x66, 0x66, 0x77, 0x77, 0x77, 0x77, 0x8b, 
	0x76, 0x87, 0x66, 0x67, 0x57, 0x67, 0x8a, 0x99, 
	0x67, 0x76, 0x66, 0x55, 0x66, 0x66, 0x77, 0x75, 
	0x67, 0x8a, 0xa8, 0x68, 0x65, 0x86, 0x58, 0x67, 
	0x55, 0x66, 0x66, 0x66, 0x67, 0x66, 0x67, 0x7b, 
	0x96, 0x76, 0x77, 0x77, 0x66, 0x66, 0x89, 0x87, 
	0x77, 0x86, 0x66, 0x67, 0x76, 0x66, 0x65, 0x78, 
	0x76, 0x8a, 0x96, 0x78, 0x66, 0x66, 0x57, 0x77, 
	0x86, 0x66, 0x76, 0x66, 0x76, 0x77, 0x77, 0x89, 
	0x96, 0x67, 0x66, 0x76, 0x67, 0x78, 0xba, 0x97, 
	0x76, 0x77, 0x67, 0x67, 0x67, 0x76, 0x78, 0x9a, 
	0xaa, 0xcc, 0x95, 0x68, 0x76, 0x65, 0x66, 0x66, 
	0x76, 0x67, 0x76, 0x76, 0x77, 0x68, 0x77, 0x79, 
	0xa6, 0x56, 0x66, 0x66, 0x77, 0x78, 0xab, 0x87, 
	0x76, 0x78, 0x87, 0x78, 0x99, 0xa9, 0xaa, 0xab, 
	0x9a, 0xcd, 0x86, 0x76, 0x76, 0x77, 0x67, 0x76, 
	0x77, 0x77, 0x76, 0x86, 0x66, 0x66, 0x78, 0x79, 
	0xb9, 0x65, 0x67, 0x68, 0x76, 0x8a, 0xba, 0x89, 
	0xac, 0xb9, 0x89, 0x99, 0x66, 0x68, 0x87, 0x78, 
	0x77, 0x9c, 0x87, 0x66, 0x77, 0x67, 0x67, 0x76, 
	0x78, 0x78, 0x88, 0x78, 0x66, 0x77, 0x78, 0x88, 
	0xab, 0x86, 0x67, 0x88, 0x77, 0x99, 0xaa, 0x98, 
	0x99, 0x87, 0x67, 0x76, 0x66, 0x66, 0x67, 0x77, 
	0x68, 0x8a, 0x96, 0x66, 0x77, 0x76, 0x66, 0x66, 
	0x67, 0x66, 0x77, 0x88, 0x77, 0x57, 0x68, 0x87, 
	0xbd, 0x98, 0x89, 0x88, 0x89, 0xaa, 0x98, 0x88, 
	0x77, 0x67, 0x77, 0x66, 0x77, 0x65, 0x55, 0x96, 
	0x67, 0x78, 0xa8, 0x67, 0x77, 0x66, 0x88, 0x77, 
	0x78, 0x66, 0x77, 0x77, 0x86, 0x76, 0x68, 0x88, 
	0xbd, 0xb9, 0x9a, 0xaa, 0x98, 0x77, 0x66, 0x78, 
	0x67, 0x66, 0x76, 0x66, 0x67, 0x66, 0x55, 0x88, 
	0x76, 0x67, 0xaa, 0x67, 0x76, 0x65, 0x67, 0x67, 
	0x78, 0x77, 0x66, 0x76, 0x87, 0x78, 0x78, 0x78, 
	0xac, 0xbb, 0xba, 0x97, 0x76, 0x88, 0x66, 0x78, 
	0x77, 0x77, 0x67, 0x66, 0x77, 0x67, 0x66, 0x88, 
	0x85, 0x66, 0x99, 0x79, 0x77, 0x66, 0x76, 0x86, 
	0x77, 0x78, 0x76, 0x66, 0x88, 0x57, 0x88, 0x77, 
	
};

Gfx bitdw_dl_striped_peach_bricks_rgba16_aligner[] = {gsSPEndDisplayList()};
u8 bitdw_dl_striped_peach_bricks_rgba16[] = {
	0xa3, 0xf9, 0x94, 0xa5, 0x94, 0xa5, 0x94, 0xa5, 
	0x94, 0xa5, 0x94, 0xa5, 0x94, 0xa5, 0x94, 0xa5, 
	0x94, 0xa5, 0x94, 0xa5, 0x94, 0xa5, 0x94, 0xa5, 
	0x94, 0xa5, 0x94, 0xa5, 0xa3, 0xf9, 0xa3, 0xf9, 
	0xa3, 0xf9, 0x94, 0xa5, 0x94, 0xa5, 0x94, 0xa5, 
	0x94, 0xa5, 0x94, 0xa5, 0x94, 0xa5, 0x94, 0xa5, 
	0x94, 0xa5, 0x94, 0xa5, 0x94, 0xa5, 0x94, 0xa5, 
	0x94, 0xa5, 0x94, 0xa5, 0xa3, 0xf9, 0xa3, 0xf9, 
	0x94, 0xa5, 0xc6, 0x31, 0xad, 0x6b, 0xad, 0x6b, 
	0xad, 0x6b, 0xc6, 0x31, 0xb5, 0xad, 0xc6, 0x31, 
	0xc6, 0x31, 0xb5, 0xad, 0xc6, 0x31, 0xb5, 0xad, 
	0xc6, 0x31, 0xcd, 0xf7, 0xc5, 0x37, 0xb4, 0x79, 
	0x94, 0xa5, 0x94, 0xa5, 0xa5, 0x29, 0xa5, 0x29, 
	0xad, 0x6b, 0x94, 0xa5, 0x94, 0xa5, 0x94, 0xa5, 
	0x94, 0xa5, 0xa5, 0x29, 0xad, 0x6b, 0xa5, 0x29, 
	0xc6, 0x31, 0xde, 0xb9, 0xd6, 0x79, 0xbc, 0xb7, 
	0x94, 0xa5, 0xad, 0x6b, 0xad, 0x6b, 0xad, 0x6b, 
	0xa5, 0x29, 0xb5, 0xad, 0xb5, 0xad, 0xb5, 0xad, 
	0xce, 0x73, 0xc6, 0x31, 0xc6, 0x31, 0xb5, 0xad, 
	0xcd, 0xf7, 0xcd, 0xf7, 0xb4, 0x79, 0xa5, 0x29, 
	0xa5, 0x29, 0x94, 0xa5, 0x94, 0xa5, 0x94, 0xa5, 
	0xb5, 0xad, 0xa5, 0x29, 0x94, 0xa5, 0x94, 0xa5, 
	0x94, 0xa5, 0xad, 0x6b, 0xad, 0x6b, 0xb5, 0xad, 
	0xd6, 0x79, 0xd6, 0x79, 0xe6, 0xfb, 0xc6, 0x31, 
	0x94, 0xa5, 0xb5, 0xad, 0xad, 0x6b, 0xb5, 0xad, 
	0xb5, 0xad, 0xb5, 0xad, 0xb5, 0xad, 0xa5, 0x29, 
	0xad, 0x6b, 0xad, 0x6b, 0xb5, 0xad, 0xd5, 0xf7, 
	0xcd, 0xb7, 0xd5, 0xf7, 0xb5, 0xad, 0xad, 0x6b, 
	0xad, 0x6b, 0xa5, 0x29, 0xa5, 0x29, 0xad, 0x6b, 
	0xb5, 0xad, 0xb5, 0xad, 0x94, 0xa5, 0xa5, 0x29, 
	0xad, 0x6b, 0xb5, 0xad, 0xb5, 0xad, 0xd6, 0x39, 
	0xd6, 0x39, 0xd5, 0xf7, 0xc6, 0x31, 0xd6, 0xb5, 
	0x94, 0xa5, 0xc6, 0x31, 0xb5, 0xad, 0xc6, 0x31, 
	0xb5, 0xad, 0xce, 0x73, 0xb5, 0xad, 0xad, 0x6b, 
	0xad, 0x6b, 0xa5, 0x29, 0xc4, 0x79, 0xcd, 0x37, 
	0xd5, 0xf7, 0xb5, 0xad, 0xad, 0x6b, 0xa5, 0x29, 
	0xa5, 0x29, 0xad, 0x6b, 0x94, 0xa5, 0xb5, 0xad, 
	0xb5, 0xad, 0xb5, 0xad, 0xce, 0x73, 0xb5, 0xad, 
	0xad, 0x6b, 0xad, 0x6b, 0xd5, 0xf7, 0xd5, 0xf7, 
	0xde, 0x39, 0xb5, 0xad, 0xb5, 0xad, 0xe7, 0x39, 
	0x94, 0xa5, 0xce, 0x73, 0xb5, 0xad, 0xa5, 0x29, 
	0x94, 0xa5, 0x94, 0xa5, 0xad, 0x6b, 0xad, 0x6b, 
	0xad, 0x6b, 0xc4, 0x79, 0xc4, 0x79, 0xd5, 0xf7, 
	0xb5, 0xad, 0xb5, 0xad, 0xb5, 0xad, 0xad, 0x6b, 
	0xad, 0x6b, 0xa5, 0x29, 0xad, 0x6b, 0xb5, 0xad, 
	0xb5, 0xad, 0xb5, 0xad, 0xad, 0x6b, 0x94, 0xa5, 
	0xa5, 0x29, 0xd5, 0xf7, 0xd5, 0xf7, 0xd5, 0xf7, 
	0xb5, 0xad, 0xb5, 0xad, 0xc6, 0x31, 0xe7, 0x39, 
	0x94, 0xa5, 0xc6, 0x31, 0xce, 0x73, 0xb5, 0xad, 
	0x94, 0xa5, 0xa5, 0x29, 0x94, 0xa5, 0x94, 0xa5, 
	0xd5, 0x77, 0xd5, 0x37, 0xcc, 0x39, 0x94, 0xa5, 
	0xb5, 0xad, 0xb5, 0xad, 0xad, 0x6b, 0xad, 0x6b, 
	0xad, 0x6b, 0xad, 0x6b, 0xc6, 0x31, 0xb5, 0xad, 
	0xc6, 0x31, 0xb5, 0xad, 0xc6, 0x31, 0xd6, 0xb5, 
	0xde, 0x39, 0xd5, 0xf7, 0xd5, 0xf7, 0xb5, 0xad, 
	0xd6, 0xb5, 0xc6, 0x31, 0xce, 0x73, 0xe7, 0x39, 
	0x94, 0xa5, 0xb5, 0xad, 0xb5, 0xad, 0xc6, 0x31, 
	0xc6, 0x31, 0xb5, 0xad, 0xb5, 0xad, 0xd4, 0x39, 
	0xd4, 0x39, 0xd5, 0x77, 0x94, 0xa5, 0xad, 0x6b, 
	0xb5, 0xad, 0xb5, 0xad, 0xad, 0x6b, 0xad, 0x6b, 
	0xc6, 0x31, 0xb5, 0xad, 0xc6, 0x31, 0xb5, 0xad, 
	0xc6, 0x31, 0xc6, 0x31, 0xd6, 0xb5, 0xe6, 0xbb, 
	0xe6, 0xbb, 0xef, 0x3b, 0xd6, 0xb5, 0xce, 0x73, 
	0xc6, 0x31, 0xc6, 0x31, 0xd6, 0xb5, 0xe7, 0x39, 
	0x94, 0xa5, 0xc6, 0x31, 0xc6, 0x31, 0xc6, 0x31, 
	0xc6, 0x31, 0xb5, 0xad, 0xdd, 0x77, 0xdd, 0x77, 
	0xdd, 0xb7, 0xad, 0x6b, 0xb5, 0xad, 0xb5, 0xad, 
	0xce, 0x73, 0xc6, 0x31, 0xc6, 0x31, 0xc6, 0x31, 
	0xc6, 0x31, 0xc6, 0x31, 0xb5, 0xad, 0xc6, 0x31, 
	0xc6, 0x31, 0xe7, 0x39, 0xee, 0xfb, 0xe6, 0x39, 
	0xe6, 0xb9, 0xc6, 0x31, 0xd6, 0xb5, 0xd6, 0xb5, 
	0xce, 0x73, 0xc6, 0x31, 0xd6, 0xb5, 0xe7, 0x39, 
	0x94, 0xa5, 0xce, 0x73, 0xc6, 0x31, 0xc6, 0x31, 
	0xce, 0x73, 0xe6, 0x39, 0xdd, 0xf9, 0xdd, 0xb7, 
	0xd6, 0xb5, 0xc6, 0x31, 0xc6, 0x31, 0xc6, 0x31, 
	0xc6, 0x31, 0xb5, 0xad, 0xc6, 0x31, 0xc6, 0x31, 
	0xce, 0x73, 0xc6, 0x31, 0xc6, 0x31, 0xc6, 0x31, 
	0xd6, 0xb5, 0xe6, 0xfb, 0xe6, 0xfb, 0xe6, 0xbb, 
	0xd6, 0xb5, 0xd6, 0xb5, 0xd6, 0xb5, 0xd6, 0xb5, 
	0xce, 0x73, 0xd6, 0xb5, 0xc6, 0x31, 0xe7, 0x39, 
	0x94, 0xa5, 0xc6, 0x31, 0xc6, 0x31, 0xb5, 0xad, 
	0xe6, 0x39, 0xe6, 0xb9, 0xee, 0xfb, 0xe7, 0x39, 
	0xce, 0x73, 0xd6, 0xb5, 0xce, 0x73, 0xc6, 0x31, 
	0xc6, 0x31, 0xb5, 0xad, 0xb5, 0xad, 0xc6, 0x31, 
	0xce, 0x73, 0xd6, 0xb5, 0xc6, 0x31, 0xce, 0x73, 
	0xe6, 0xb9, 0xe6, 0xb9, 0xee, 0xfb, 0xd6, 0xb5, 
	0xd6, 0xb5, 0xd6, 0xb5, 0xd6, 0xb5, 0xd6, 0xb5, 
	0xc6, 0x31, 0xe7, 0x39, 0xce, 0x73, 0xe7, 0x39, 
	0x94, 0xa5, 0xb5, 0xad, 0xb5, 0xad, 0xe5, 0xb7, 
	0xe6, 0x39, 0xe6, 0x39, 0xce, 0x73, 0xc6, 0x31, 
	0xce, 0x73, 0xce, 0x73, 0xce, 0x73, 0xc6, 0x31, 
	0xc6, 0x31, 0xc6, 0x31, 0xc6, 0x31, 0xc6, 0x31, 
	0xc6, 0x31, 0xce, 0x73, 0xd6, 0xb5, 0xee, 0xfb, 
	0xe6, 0xb9, 0xe6, 0xb9, 0xce, 0x73, 0xce, 0x73, 
	0xd6, 0xb5, 0xce, 0x73, 0xd6, 0xb5, 0xd6, 0xb5, 
	0xd6, 0xb5, 0xe7, 0x39, 0xd6, 0xb5, 0xe7, 0x39, 
	0x94, 0xa5, 0xc6, 0x31, 0xe5, 0xb7, 0xe6, 0x37, 
	0xe6, 0x37, 0xce, 0x73, 0xce, 0x73, 0xc6, 0x31, 
	0xc6, 0x31, 0xce, 0x73, 0xce, 0x73, 0xc6, 0x31, 
	0xc6, 0x31, 0xce, 0x73, 0xce, 0x73, 0xc6, 0x31, 
	0xd6, 0xb5, 0xd6, 0xb5, 0xee, 0xfb, 0xef, 0x3b, 
	0xee, 0xb9, 0xd6, 0xb5, 0xd6, 0xb5, 0xce, 0x73, 
	0xc6, 0x31, 0xd6, 0xb5, 0xe7, 0x39, 0xd6, 0xb5, 
	0xd6, 0xb5, 0xc6, 0x31, 0xc6, 0x31, 0xe7, 0x39, 
	0x94, 0xa5, 0xe6, 0x37, 0xe6, 0x37, 0xe6, 0x37, 
	0xd6, 0xb5, 0xce, 0x73, 0xe7, 0x39, 0xe7, 0x39, 
	0xd6, 0xb5, 0xce, 0x73, 0xd6, 0xb5, 0xce, 0x73, 
	0xc6, 0x31, 0xce, 0x73, 0xd6, 0xb5, 0xce, 0x73, 
	0xce, 0x73, 0xee, 0xf9, 0xee, 0xb9, 0xee, 0xb9, 
	0xce, 0x73, 0xd6, 0xb5, 0xd6, 0xb5, 0xce, 0x73, 
	0xd6, 0xb5, 0xc6, 0x31, 0xc6, 0x31, 0xd6, 0xb5, 
	0xc6, 0x31, 0xb5, 0xad, 0xc6, 0x31, 0xe7, 0x39, 
	0xeb, 0x73, 0xe6, 0xb9, 0xe6, 0x37, 0xd6, 0xb5, 
	0xce, 0x73, 0xce, 0x73, 0xe7, 0x39, 0xd6, 0xb5, 
	0xce, 0x73, 0xc6, 0x31, 0xb5, 0xad, 0xd6, 0xb5, 
	0xd6, 0xb5, 0xce, 0x73, 0xd6, 0xb5, 0xce, 0x73, 
	0xe6, 0xb9, 0xe6, 0xb9, 0xe6, 0x37, 0xb5, 0xad, 
	0xc6, 0x31, 0xc6, 0x31, 0xc6, 0x31, 0xb5, 0xad, 
	0xc6, 0x31, 0xc6, 0x31, 0xb5, 0xad, 0xb5, 0xad, 
	0xc6, 0x31, 0xc6, 0x31, 0xce, 0x73, 0xe7, 0x39, 
	0xeb, 0x71, 0xdc, 0xf3, 0xc6, 0x31, 0xd6, 0xb5, 
	0xe7, 0x39, 0xe7, 0x39, 0xe7, 0x39, 0xe7, 0x39, 
	0xe7, 0x39, 0xe7, 0x39, 0xe7, 0x39, 0xe7, 0x39, 
	0xe7, 0x39, 0xe7, 0x39, 0xe7, 0x39, 0xef, 0x3b, 
	0xef, 0x3b, 0xef, 0x3b, 0xe7, 0x39, 0xe7, 0x39, 
	0xe7, 0x39, 0xe7, 0x39, 0xe7, 0x39, 0xe7, 0x39, 
	0xe7, 0x39, 0xe7, 0x39, 0xe7, 0x39, 0xe7, 0x39, 
	0xe7, 0x39, 0xe7, 0x39, 0xe7, 0x39, 0xef, 0x3b, 
	0xa3, 0xf9, 0x94, 0xa5, 0x94, 0xa5, 0x94, 0xa5, 
	0x94, 0xa5, 0x94, 0xa5, 0x94, 0xa5, 0x94, 0xa5, 
	0x94, 0xa5, 0x94, 0xa5, 0x94, 0xa5, 0x94, 0xa5, 
	0x94, 0xa5, 0x94, 0xa5, 0xa3, 0xf9, 0xa3, 0xf9, 
	0xa3, 0xbb, 0x94, 0xa5, 0x94, 0xa5, 0x94, 0xa5, 
	0x94, 0xa5, 0x94, 0xa5, 0x94, 0xa5, 0x94, 0xa5, 
	0x94, 0xa5, 0x94, 0xa5, 0x94, 0xa5, 0x94, 0xa5, 
	0x94, 0xa5, 0x94, 0xa5, 0xa3, 0xf9, 0xa3, 0xf9, 
	0xa5, 0x29, 0x94, 0xa5, 0x94, 0xa5, 0xc6, 0x31, 
	0xb5, 0xad, 0xb5, 0xad, 0xb5, 0xad, 0xb5, 0xad, 
	0xad, 0x6b, 0xa5, 0x29, 0xb5, 0xad, 0xad, 0x6b, 
	0xad, 0x6b, 0xcd, 0xf7, 0xc5, 0xb7, 0xc5, 0x37, 
	0x94, 0xa5, 0x94, 0xa5, 0xa5, 0x29, 0xa5, 0x29, 
	0x94, 0xa5, 0xa5, 0x29, 0x94, 0xa5, 0x94, 0xa5, 
	0xa5, 0x29, 0xad, 0x6b, 0xa5, 0x29, 0x94, 0xa5, 
	0xc6, 0x31, 0xe6, 0xfb, 0xc5, 0xb7, 0xc5, 0x37, 
	0xad, 0x6b, 0xb5, 0xad, 0xb5, 0xad, 0xb5, 0xad, 
	0xb5, 0xad, 0xb5, 0xad, 0xb5, 0xad, 0xb5, 0xad, 
	0xb5, 0xad, 0xa5, 0x29, 0xa5, 0x29, 0xad, 0x6b, 
	0xcd, 0xf7, 0xcd, 0xf7, 0xcd, 0xf7, 0xb5, 0xad, 
	0x94, 0xa5, 0xa5, 0x29, 0xa5, 0x29, 0x94, 0xa5, 
	0xa5, 0x29, 0xb5, 0xad, 0xb5, 0xad, 0x94, 0xa5, 
	0x94, 0xa5, 0x94, 0xa5, 0xa5, 0x29, 0xad, 0x6b, 
	0xcd, 0xf7, 0xef, 0x3b, 0xcd, 0xf7, 0xad, 0x6b, 
	0xb5, 0xad, 0xb5, 0xad, 0xb5, 0xad, 0xb5, 0xad, 
	0xb5, 0xad, 0xb5, 0xad, 0xb5, 0xad, 0xad, 0x6b, 
	0xa5, 0x29, 0xb5, 0xad, 0xb5, 0xad, 0xd6, 0x39, 
	0xd6, 0x39, 0xd6, 0x39, 0xb5, 0xad, 0xc6, 0x31, 
	0x94, 0xa5, 0xa5, 0x29, 0xa5, 0x29, 0xad, 0x6b, 
	0xad, 0x6b, 0xad, 0x6b, 0xb5, 0xad, 0xb5, 0xad, 
	0xb5, 0xad, 0xa5, 0x29, 0xa5, 0x29, 0xd5, 0xf7, 
	0xe6, 0xb9, 0xe6, 0xfb, 0xce, 0x73, 0xc6, 0x31, 
	0xc6, 0x31, 0xce, 0x73, 0xc6, 0x31, 0xb5, 0xad, 
	0xb5, 0xad, 0xb5, 0xad, 0xa5, 0x29, 0x94, 0xa5, 
	0x94, 0xa5, 0xa5, 0x29, 0xd5, 0xf7, 0xd5, 0xf7, 
	0xde, 0x39, 0xb5, 0xad, 0xb5, 0xad, 0xd6, 0xb5, 
	0x94, 0xa5, 0xa5, 0x29, 0xb5, 0xad, 0xad, 0x6b, 
	0xad, 0x6b, 0xa5, 0x29, 0xa5, 0x29, 0xb5, 0xad, 
	0xb5, 0xad, 0xb5, 0xad, 0xd5, 0xf7, 0xde, 0x79, 
	0xde, 0x79, 0xce, 0x73, 0xb5, 0xad, 0xc6, 0x31, 
	0xc6, 0x31, 0xd6, 0xb5, 0xc6, 0x31, 0xb5, 0xad, 
	0xb5, 0xad, 0xb5, 0xad, 0xb5, 0xad, 0xa5, 0x29, 
	0xa5, 0x29, 0xd5, 0xf7, 0xd5, 0xf7, 0xd5, 0xf7, 
	0xb5, 0xad, 0xc6, 0x31, 0xb5, 0xad, 0xe7, 0x39, 
	0x94, 0xa5, 0xad, 0x6b, 0xa5, 0x29, 0xad, 0x6b, 
	0xa5, 0x29, 0xad, 0x6b, 0xa5, 0x29, 0xad, 0x6b, 
	0xb5, 0xad, 0xd5, 0xf7, 0xd5, 0xf7, 0xe6, 0xb9, 
	0xce, 0x73, 0xd6, 0xb5, 0xc6, 0x31, 0xb5, 0xad, 
	0xce, 0x73, 0xce, 0x73, 0xce, 0x73, 0xb5, 0xad, 
	0xb5, 0xad, 0xc6, 0x31, 0xb5, 0xad, 0xb5, 0xad, 
	0xd5, 0x77, 0xd5, 0xf7, 0xd5, 0xf7, 0xb5, 0xad, 
	0xb5, 0xad, 0xc6, 0x31, 0xb5, 0xad, 0xe7, 0x39, 
	0x94, 0xa5, 0xc6, 0x31, 0xb5, 0xad, 0xa5, 0x29, 
	0xa5, 0x29, 0x94, 0xa5, 0xb5, 0xad, 0xb5, 0xad, 
	0xd5, 0xf7, 0xde, 0x39, 0xde, 0x39, 0xb5, 0xad, 
	0xc6, 0x31, 0xce, 0x73, 0xb5, 0xad, 0xc6, 0x31, 
	0xb5, 0xad, 0xc6, 0x31, 0xc6, 0x31, 0xd6, 0xb5, 
	0xc6, 0x31, 0xce, 0x73, 0xb5, 0xad, 0xdd, 0xf7, 
	0xdd, 0xf7, 0xe6, 0xb9, 0xc6, 0x31, 0xc6, 0x31, 
	0xb5, 0xad, 0xb5, 0xad, 0xc6, 0x31, 0xe7, 0x39, 
	0x94, 0xa5, 0xc6, 0x31, 0xc6, 0x31, 0xc6, 0x31, 
	0xb5, 0xad, 0xa5, 0x29, 0xa5, 0x29, 0xdd, 0xf7, 
	0xdd, 0xf7, 0xdd, 0xf7, 0xb5, 0xad, 0xb5, 0xad, 
	0xad, 0x6b, 0xad, 0x6b, 0xb5, 0xad, 0xc6, 0x31, 
	0xc6, 0x31, 0xad, 0x6b, 0xad, 0x6b, 0xce, 0x73, 
	0xd6, 0xb5, 0xc6, 0x31, 0xdd, 0xf9, 0xdd, 0xf9, 
	0xde, 0x39, 0xce, 0x73, 0xd6, 0xb5, 0xb5, 0xad, 
	0xb5, 0xad, 0xa5, 0x29, 0xb5, 0xad, 0xe7, 0x39, 
	0x94, 0xa5, 0xc6, 0x31, 0xc6, 0x31, 0xc6, 0x31, 
	0xc6, 0x31, 0xa5, 0x29, 0xdd, 0x37, 0xdd, 0xf9, 
	0xe6, 0x39, 0xc6, 0x31, 0xc6, 0x31, 0xc6, 0x31, 
	0xad, 0x6b, 0xa5, 0x29, 0xad, 0x6b, 0xb5, 0xad, 
	0xce, 0x73, 0xb5, 0xad, 0xc6, 0x31, 0xad, 0x6b, 
	0xb5, 0xad, 0xe6, 0x39, 0xe6, 0x39, 0xe6, 0x39, 
	0xc6, 0x31, 0xc6, 0x31, 0xd6, 0xb5, 0xc6, 0x31, 
	0xb5, 0xad, 0xb5, 0xad, 0xc6, 0x31, 0xe7, 0x39, 
	0x94, 0xa5, 0xb5, 0xad, 0xb5, 0xad, 0xc6, 0x31, 
	0xc6, 0x31, 0xe6, 0x39, 0xdd, 0xf9, 0xdd, 0xf9, 
	0xce, 0x73, 0xc6, 0x31, 0xc6, 0x31, 0xce, 0x73, 
	0xc6, 0x31, 0xad, 0x6b, 0xb5, 0xad, 0xb5, 0xad, 
	0xce, 0x73, 0xc6, 0x31, 0xc6, 0x31, 0xb5, 0xad, 
	0xe5, 0xb9, 0xe6, 0xb9, 0xe6, 0x39, 0xc6, 0x31, 
	0xc6, 0x31, 0xc6, 0x31, 0xce, 0x73, 0xd6, 0xb5, 
	0xb5, 0xad, 0xb5, 0xad, 0xad, 0x6b, 0xe7, 0x39, 
	0x94, 0xa5, 0xce, 0x73, 0xc6, 0x31, 0xc6, 0x31, 
	0xe6, 0xb9, 0xe6, 0x39, 0xe6, 0x39, 0xc6, 0x31, 
	0xc6, 0x31, 0xce, 0x73, 0xce, 0x73, 0xd6, 0xb5, 
	0xce, 0x73, 0xb5, 0xad, 0xb5, 0xad, 0xc6, 0x31, 
	0xb5, 0xad, 0xce, 0x73, 0xc6, 0x31, 0xe6, 0x39, 
	0xe5, 0xb7, 0xee, 0xfb, 0xce, 0x73, 0xd6, 0xb5, 
	0xc6, 0x31, 0xc6, 0x31, 0xce, 0x73, 0xc6, 0x31, 
	0xc6, 0x31, 0xb5, 0xad, 0xb5, 0xad, 0xe7, 0x39, 
	0x94, 0xa5, 0xa5, 0x29, 0xb5, 0xad, 0xdd, 0x77, 
	0xe6, 0x39, 0xe6, 0x39, 0xb5, 0xad, 0xb5, 0xad, 
	0xc6, 0x31, 0xc6, 0x31, 0xd6, 0xb5, 0xd6, 0xb5, 
	0xce, 0x73, 0xc6, 0x31, 0xc6, 0x31, 0xd6, 0xb5, 
	0xc6, 0x31, 0xc6, 0x31, 0xe6, 0x37, 0xe5, 0xb7, 
	0xe6, 0xb9, 0xce, 0x73, 0xce, 0x73, 0xd6, 0xb5, 
	0xc6, 0x31, 0xce, 0x73, 0xc6, 0x31, 0xc6, 0x31, 
	0xce, 0x73, 0xc6, 0x31, 0xc6, 0x31, 0xe7, 0x39, 
	0x94, 0xa5, 0xad, 0x6b, 0xe5, 0xb7, 0xe6, 0xb9, 
	0xe6, 0x37, 0xb5, 0xad, 0xc6, 0x31, 0xc6, 0x31, 
	0xb5, 0xad, 0xb5, 0xad, 0xd6, 0xb5, 0xde, 0xf7, 
	0xd6, 0xb5, 0xde, 0xf7, 0xce, 0x73, 0xc6, 0x31, 
	0xce, 0x73, 0xe6, 0x37, 0xe6, 0x37, 0xe6, 0x37, 
	0xce, 0x73, 0xce, 0x73, 0xce, 0x73, 0xce, 0x73, 
	0xce, 0x73, 0xd6, 0xb5, 0xd6, 0xb5, 0xce, 0x73, 
	0xd6, 0xb5, 0xd6, 0xb5, 0xb5, 0xad, 0xe7, 0x39, 
	0x94, 0xa5, 0xe6, 0xb9, 0xe5, 0xb7, 0xe5, 0xb7, 
	0xb5, 0xad, 0xc6, 0x31, 0xb5, 0xad, 0xb5, 0xad, 
	0xb5, 0xad, 0xc6, 0x31, 0xc6, 0x31, 0xd6, 0xb5, 
	0xce, 0x73, 0xde, 0xf7, 0xd6, 0xb5, 0xd6, 0xb5, 
	0xee, 0xf9, 0xee, 0xf9, 0xe6, 0x37, 0xb5, 0xad, 
	0xd6, 0xb5, 0xd6, 0xb5, 0xd6, 0xb5, 0xd6, 0xb5, 
	0xd6, 0xb5, 0xd6, 0xb5, 0xd6, 0xb5, 0xb5, 0xad, 
	0xce, 0x73, 0xb5, 0xad, 0xa5, 0x29, 0xe7, 0x39, 
	0xeb, 0x73, 0xe5, 0xb5, 0xe5, 0xb5, 0xb5, 0xad, 
	0xb5, 0xad, 0xb5, 0xad, 0xc6, 0x31, 0xc6, 0x31, 
	0xc6, 0x31, 0xc6, 0x31, 0xc6, 0x31, 0xce, 0x73, 
	0xde, 0xf7, 0xd6, 0xb5, 0xde, 0xf7, 0xde, 0xf7, 
	0xef, 0x3b, 0xef, 0x3b, 0xe7, 0x39, 0xe7, 0x39, 
	0xe7, 0x39, 0xe7, 0x39, 0xe7, 0x39, 0xe7, 0x39, 
	0xe7, 0x39, 0xe7, 0x39, 0xe7, 0x39, 0xe7, 0x39, 
	0xe7, 0x39, 0xe7, 0x39, 0xe7, 0x39, 0xef, 0x3b, 
	0xeb, 0x71, 0xdc, 0xf3, 0xb5, 0xad, 0xc6, 0x31, 
	0xd6, 0xb5, 0xe7, 0x39, 0xe7, 0x39, 0xe7, 0x39, 
	0xe7, 0x39, 0xe7, 0x39, 0xe7, 0x39, 0xe7, 0x39, 
	0xe7, 0x39, 0xe7, 0x39, 0xe7, 0x39, 0xef, 0x3b, 
	
};

Vtx bitdw_dl_Sphere_mesh_layer_1_vtx_cull[8] = {
	{{ {-12926, -10109, 12926}, 0, {0, 0}, {0, 0, 0, 0} }},
	{{ {-12926, 10109, 12926}, 0, {0, 0}, {0, 0, 0, 0} }},
	{{ {-12926, 10109, -12926}, 0, {0, 0}, {0, 0, 0, 0} }},
	{{ {-12926, -10109, -12926}, 0, {0, 0}, {0, 0, 0, 0} }},
	{{ {12926, -10109, 12926}, 0, {0, 0}, {0, 0, 0, 0} }},
	{{ {12926, 10109, 12926}, 0, {0, 0}, {0, 0, 0, 0} }},
	{{ {12926, 10109, -12926}, 0, {0, 0}, {0, 0, 0, 0} }},
	{{ {12926, -10109, -12926}, 0, {0, 0}, {0, 0, 0, 0} }},
};

Vtx bitdw_dl_Sphere_mesh_layer_1_vtx_0[235] = {
	{{ {3498, -7148, 8444}, 0, {4194, -4924}, {0, 120, 144, 255} }},
	{{ {0, -7148, 9140}, 0, {6033, -6118}, {4, 120, 144, 255} }},
	{{ {0, -3868, 11942}, 0, {3602, -9153}, {32, 92, 110, 255} }},
	{{ {1893, -9339, 4570}, 0, {5313, -2519}, {0, 174, 209, 255} }},
	{{ {3498, -9339, 3498}, 0, {4404, -2229}, {0, 174, 209, 255} }},
	{{ {6463, -7148, 6463}, 0, {3136, -3799}, {15, 120, 144, 255} }},
	{{ {4570, -3868, 11033}, 0, {2240, -6334}, {0, 92, 110, 255} }},
	{{ {0, 0, 12926}, 0, {-331, -9776}, {0, 65, 78, 255} }},
	{{ {4947, 0, 11942}, 0, {-87, -6742}, {14, 65, 78, 255} }},
	{{ {0, 3868, 11942}, 0, {-3993, -8502}, {0, 40, 48, 255} }},
	{{ {4570, 3868, 11033}, 0, {-2261, -5970}, {0, 40, 48, 255} }},
	{{ {0, 7148, 9140}, 0, {-5882, -5285}, {4, 26, 31, 255} }},
	{{ {3498, 7148, 8444}, 0, {-3905, -4396}, {0, 25, 30, 255} }},
	{{ {0, 9339, 4947}, 0, {-5784, -1995}, {0, 0, 0, 255} }},
	{{ {1893, 9339, 4570}, 0, {-4689, -2096}, {1, 1, 1, 255} }},
	{{ {0, 10109, 0}, 0, {-4207, 590}, {0, 0, 0, 255} }},
	{{ {3498, 9339, 3498}, 0, {-3814, -1900}, {0, 0, 0, 255} }},
	{{ {4570, 9339, 1893}, 0, {-3190, -1549}, {0, 0, 0, 255} }},
	{{ {4947, 9339, 0}, 0, {-2745, -1138}, {0, 0, 0, 255} }},
	{{ {4570, 9339, -1893}, 0, {-2435, -708}, {0, 0, 0, 255} }},
	{{ {3498, 9339, -3498}, 0, {-2234, -275}, {0, 0, 0, 255} }},
	{{ {1893, 9339, -4570}, 0, {-2117, 155}, {0, 0, 0, 255} }},
	{{ {0, 9339, -4947}, 0, {-2076, 584}, {0, 0, 0, 255} }},
	{{ {-1893, 9339, -4570}, 0, {-2106, 1014}, {0, 0, 0, 255} }},
	{{ {-3498, 9339, -3498}, 0, {-2212, 1448}, {0, 0, 0, 255} }},
	{{ {-4570, 9339, -1893}, 0, {-2379, 1893}, {0, 0, 0, 255} }},
	{{ {-4947, 9339, 0}, 0, {-2682, 2335}, {0, 0, 0, 255} }},
	{{ {-4570, 9339, 1893}, 0, {-3123, 2768}, {0, 0, 0, 255} }},
	{{ {-3498, 9339, 3498}, 0, {-3755, 3158}, {0, 0, 0, 255} }},
	{{ {-1893, 9339, 4570}, 0, {-4646, 3429}, {0, 0, 0, 255} }},
	{{ {0, 9339, 4947}, 0, {-5882, 3419}, {0, 0, 0, 255} }},
	{{ {0, 7148, 9140}, 0, {-5396, 6984}, {4, 26, 31, 255} }},
	{{ {0, 7148, 9140}, 0, {-5396, 6984}, {4, 26, 31, 255} }},
	{{ {-3498, 7148, 8444}, 0, {-3591, 5773}, {0, 25, 30, 255} }},
	{{ {-1893, 9339, 4570}, 0, {-4646, 3429}, {0, 0, 0, 255} }},
	{{ {0, 3868, 11942}, 0, {-2920, 9527}, {0, 40, 48, 255} }},
	{{ {-4570, 3868, 11033}, 0, {-1708, 7174}, {0, 40, 48, 255} }},
	{{ {0, 0, 12926}, 0, {528, 10701}, {0, 65, 78, 255} }},
	{{ {-4947, 0, 11942}, 0, {466, 7578}, {2, 65, 78, 255} }},
	{{ {0, -3868, 11942}, 0, {3954, 9401}, {32, 92, 110, 255} }},
	{{ {-4570, -3868, 11033}, 0, {2640, 7093}, {0, 92, 110, 255} }},
	{{ {0, -7148, 9140}, 0, {6337, 6713}, {4, 120, 144, 255} }},
	{{ {-3498, -7148, 8444}, 0, {4487, 5604}, {0, 120, 144, 255} }},
	{{ {0, -9339, 4947}, 0, {6548, 3173}, {0, 174, 209, 255} }},
	{{ {-1893, -9339, 4570}, 0, {5342, 3234}, {0, 174, 209, 255} }},
	{{ {0, -10109, 0}, 0, {4900, 410}, {0, 213, 255, 255} }},
	{{ {-3498, -9339, 3498}, 0, {4466, 2989}, {0, 174, 209, 255} }},
	{{ {-4570, -9339, 1893}, 0, {3842, 2607}, {0, 174, 209, 255} }},
	{{ {-4947, -9339, 0}, 0, {3375, 2184}, {0, 174, 209, 255} }},
	{{ {-4570, -9339, -1893}, 0, {3044, 1750}, {0, 174, 209, 255} }},
	{{ {-3498, -9339, -3498}, 0, {2847, 1303}, {0, 174, 209, 255} }},
	{{ {-1893, -9339, -4570}, 0, {2733, 861}, {0, 174, 209, 255} }},
	{{ {0, -9339, -4947}, 0, {2692, 421}, {0, 174, 209, 255} }},
	{{ {1893, -9339, -4570}, 0, {2722, -19}, {0, 174, 209, 255} }},
	{{ {3498, -9339, -3498}, 0, {2827, -464}, {0, 174, 209, 255} }},
	{{ {4570, -9339, -1893}, 0, {3020, -917}, {0, 174, 209, 255} }},
	{{ {4947, -9339, 0}, 0, {3321, -1373}, {0, 174, 209, 255} }},
	{{ {4570, -9339, 1893}, 0, {3764, -1821}, {0, 174, 209, 255} }},
	{{ {3498, -9339, 3498}, 0, {4404, -2229}, {0, 174, 209, 255} }},
	{{ {1893, -9339, 4570}, 0, {5313, -2519}, {0, 174, 209, 255} }},
	{{ {0, -9339, 4947}, 0, {6576, -2523}, {0, 174, 209, 255} }},
	{{ {0, -7148, 9140}, 0, {6033, -6118}, {4, 120, 144, 255} }},
	{{ {6463, -7148, 6463}, 0, {3136, -3799}, {15, 120, 144, 255} }},
	{{ {8444, -7148, 3498}, 0, {2515, -2847}, {1, 120, 144, 255} }},
	{{ {8444, -7148, 3498}, 0, {2515, -2847}, {1, 120, 144, 255} }},
	{{ {6463, -7148, 6463}, 0, {3136, -3799}, {15, 120, 144, 255} }},
	{{ {8444, -3868, 8444}, 0, {1627, -4553}, {13, 92, 110, 255} }},
	{{ {4570, -3868, 11033}, 0, {2240, -6334}, {0, 92, 110, 255} }},
	{{ {4947, 0, 11942}, 0, {-87, -6742}, {14, 65, 78, 255} }},
	{{ {9140, 0, 9140}, 0, {65, -4748}, {0, 65, 78, 255} }},
	{{ {4570, 3868, 11033}, 0, {-2261, -5970}, {0, 40, 48, 255} }},
	{{ {8444, 3868, 8444}, 0, {-1449, -4396}, {0, 40, 48, 255} }},
	{{ {3498, 7148, 8444}, 0, {-3905, -4396}, {0, 25, 30, 255} }},
	{{ {6463, 7148, 6463}, 0, {-2824, -3497}, {0, 25, 30, 255} }},
	{{ {1893, 9339, 4570}, 0, {-4689, -2096}, {1, 1, 1, 255} }},
	{{ {3498, 9339, 3498}, 0, {-3814, -1900}, {0, 0, 0, 255} }},
	{{ {8444, 7148, 3498}, 0, {-2127, -2643}, {0, 25, 30, 255} }},
	{{ {4570, 9339, 1893}, 0, {-3190, -1549}, {0, 0, 0, 255} }},
	{{ {9140, 7148, 0}, 0, {-1689, -1893}, {0, 25, 30, 255} }},
	{{ {4947, 9339, 0}, 0, {-2745, -1138}, {0, 0, 0, 255} }},
	{{ {8444, 7148, -3498}, 0, {-1395, -1218}, {0, 25, 30, 255} }},
	{{ {4570, 9339, -1893}, 0, {-2435, -708}, {0, 0, 0, 255} }},
	{{ {6463, 7148, -6463}, 0, {-1220, -606}, {4, 26, 31, 255} }},
	{{ {3498, 9339, -3498}, 0, {-2234, -275}, {0, 0, 0, 255} }},
	{{ {3498, 7148, -8444}, 0, {-1118, -27}, {2, 25, 30, 255} }},
	{{ {1893, 9339, -4570}, 0, {-2117, 155}, {0, 0, 0, 255} }},
	{{ {0, 7148, -9140}, 0, {-1076, 536}, {0, 25, 30, 255} }},
	{{ {0, 9339, -4947}, 0, {-2076, 584}, {0, 0, 0, 255} }},
	{{ {-3498, 7148, -8444}, 0, {-1089, 1102}, {0, 25, 30, 255} }},
	{{ {-1893, 9339, -4570}, 0, {-2106, 1014}, {0, 0, 0, 255} }},
	{{ {-6463, 7148, -6463}, 0, {-1161, 1691}, {0, 25, 30, 255} }},
	{{ {-3498, 9339, -3498}, 0, {-2212, 1448}, {0, 0, 0, 255} }},
	{{ {-8444, 7148, -3498}, 0, {-1297, 2325}, {0, 25, 30, 255} }},
	{{ {-4570, 9339, -1893}, 0, {-2379, 1893}, {0, 0, 0, 255} }},
	{{ {-9140, 7148, 0}, 0, {-1527, 3011}, {1, 25, 30, 255} }},
	{{ {-4947, 9339, 0}, 0, {-2682, 2335}, {0, 0, 0, 255} }},
	{{ {-8444, 7148, 3498}, 0, {-1922, 3795}, {0, 25, 30, 255} }},
	{{ {-9140, 7148, 0}, 0, {-1527, 3011}, {1, 25, 30, 255} }},
	{{ {-4947, 9339, 0}, 0, {-2682, 2335}, {0, 0, 0, 255} }},
	{{ {-4570, 9339, 1893}, 0, {-3123, 2768}, {0, 0, 0, 255} }},
	{{ {-6463, 7148, 6463}, 0, {-2550, 4704}, {1, 25, 30, 255} }},
	{{ {-3498, 9339, 3498}, 0, {-3755, 3158}, {0, 0, 0, 255} }},
	{{ {-3498, 7148, 8444}, 0, {-3591, 5773}, {0, 25, 30, 255} }},
	{{ {-1893, 9339, 4570}, 0, {-4646, 3429}, {0, 0, 0, 255} }},
	{{ {-4570, 3868, 11033}, 0, {-1708, 7174}, {0, 40, 48, 255} }},
	{{ {-8444, 3868, 8444}, 0, {-1087, 5501}, {0, 40, 48, 255} }},
	{{ {-4947, 0, 11942}, 0, {466, 7578}, {2, 65, 78, 255} }},
	{{ {-9140, 0, 9140}, 0, {422, 5683}, {0, 65, 78, 255} }},
	{{ {-4570, -3868, 11033}, 0, {2640, 7093}, {0, 92, 110, 255} }},
	{{ {-8444, -3868, 8444}, 0, {1942, 5442}, {0, 92, 110, 255} }},
	{{ {-3498, -7148, 8444}, 0, {4487, 5604}, {0, 120, 144, 255} }},
	{{ {-6463, -7148, 6463}, 0, {3357, 4562}, {0, 120, 144, 255} }},
	{{ {-1893, -9339, 4570}, 0, {5342, 3234}, {0, 174, 209, 255} }},
	{{ {-3498, -9339, 3498}, 0, {4466, 2989}, {0, 174, 209, 255} }},
	{{ {-8444, -7148, 3498}, 0, {2668, 3663}, {8, 120, 144, 255} }},
	{{ {-4570, -9339, 1893}, 0, {3842, 2607}, {0, 174, 209, 255} }},
	{{ {-9140, -7148, 0}, 0, {2247, 2912}, {18, 120, 144, 255} }},
	{{ {-4947, -9339, 0}, 0, {3375, 2184}, {0, 174, 209, 255} }},
	{{ {-8444, -7148, -3498}, 0, {1988, 2249}, {0, 120, 144, 255} }},
	{{ {-4570, -9339, -1893}, 0, {3044, 1750}, {0, 174, 209, 255} }},
	{{ {-6463, -7148, -6463}, 0, {1822, 1628}, {0, 120, 144, 255} }},
	{{ {-3498, -9339, -3498}, 0, {2847, 1303}, {0, 174, 209, 255} }},
	{{ {-3498, -7148, -8444}, 0, {1715, 1040}, {0, 120, 144, 255} }},
	{{ {-1893, -9339, -4570}, 0, {2733, 861}, {0, 174, 209, 255} }},
	{{ {0, -7148, -9140}, 0, {1679, 470}, {0, 120, 144, 255} }},
	{{ {0, -9339, -4947}, 0, {2692, 421}, {0, 174, 209, 255} }},
	{{ {3498, -7148, -8444}, 0, {1683, -103}, {11, 120, 144, 255} }},
	{{ {1893, -9339, -4570}, 0, {2722, -19}, {0, 174, 209, 255} }},
	{{ {1893, -9339, -4570}, 0, {2722, -19}, {0, 174, 209, 255} }},
	{{ {6463, -7148, -6463}, 0, {1756, -697}, {20, 120, 144, 255} }},
	{{ {3498, -7148, -8444}, 0, {1683, -103}, {11, 120, 144, 255} }},
	{{ {3498, -9339, -3498}, 0, {2827, -464}, {0, 174, 209, 255} }},
	{{ {8444, -7148, -3498}, 0, {1898, -1335}, {2, 120, 144, 255} }},
	{{ {4570, -9339, -1893}, 0, {3020, -917}, {0, 174, 209, 255} }},
	{{ {9140, -7148, 0}, 0, {2142, -2043}, {0, 120, 144, 255} }},
	{{ {4947, -9339, 0}, 0, {3321, -1373}, {0, 174, 209, 255} }},
	{{ {8444, -7148, 3498}, 0, {2515, -2847}, {1, 120, 144, 255} }},
	{{ {4570, -9339, 1893}, 0, {3764, -1821}, {0, 174, 209, 255} }},
	{{ {11033, -3868, 4570}, 0, {1305, -3280}, {0, 92, 110, 255} }},
	{{ {8444, -3868, 8444}, 0, {1627, -4553}, {13, 92, 110, 255} }},
	{{ {9140, 0, 9140}, 0, {65, -4748}, {0, 65, 78, 255} }},
	{{ {11942, 0, 4947}, 0, {150, -3385}, {0, 65, 78, 255} }},
	{{ {8444, 3868, 8444}, 0, {-1449, -4396}, {0, 40, 48, 255} }},
	{{ {11033, 3868, 4570}, 0, {-994, -3198}, {0, 40, 48, 255} }},
	{{ {6463, 7148, 6463}, 0, {-2824, -3497}, {0, 25, 30, 255} }},
	{{ {8444, 7148, 3498}, 0, {-2127, -2643}, {0, 25, 30, 255} }},
	{{ {11942, 3868, 0}, 0, {-716, -2225}, {0, 40, 48, 255} }},
	{{ {9140, 7148, 0}, 0, {-1689, -1893}, {0, 25, 30, 255} }},
	{{ {11033, 3868, -4570}, 0, {-556, -1447}, {0, 40, 48, 255} }},
	{{ {8444, 7148, -3498}, 0, {-1395, -1218}, {0, 25, 30, 255} }},
	{{ {8444, 3868, -8444}, 0, {-445, -747}, {0, 40, 48, 255} }},
	{{ {6463, 7148, -6463}, 0, {-1220, -606}, {4, 26, 31, 255} }},
	{{ {4570, 3868, -11033}, 0, {-380, -103}, {0, 40, 48, 255} }},
	{{ {3498, 7148, -8444}, 0, {-1118, -27}, {2, 25, 30, 255} }},
	{{ {0, 3868, -11942}, 0, {-346, 514}, {0, 40, 48, 255} }},
	{{ {0, 7148, -9140}, 0, {-1076, 536}, {0, 25, 30, 255} }},
	{{ {-4570, 3868, -11033}, 0, {-341, 1132}, {0, 40, 48, 255} }},
	{{ {-3498, 7148, -8444}, 0, {-1089, 1102}, {0, 25, 30, 255} }},
	{{ {-8444, 3868, -8444}, 0, {-362, 1775}, {0, 40, 48, 255} }},
	{{ {-6463, 7148, -6463}, 0, {-1161, 1691}, {0, 25, 30, 255} }},
	{{ {-11033, 3868, -4570}, 0, {-430, 2487}, {0, 40, 48, 255} }},
	{{ {-8444, 3868, -8444}, 0, {-362, 1775}, {0, 40, 48, 255} }},
	{{ {-6463, 7148, -6463}, 0, {-1161, 1691}, {0, 25, 30, 255} }},
	{{ {-8444, 7148, -3498}, 0, {-1297, 2325}, {0, 25, 30, 255} }},
	{{ {-11942, 3868, 0}, 0, {-551, 3312}, {0, 40, 48, 255} }},
	{{ {-9140, 7148, 0}, 0, {-1527, 3011}, {1, 25, 30, 255} }},
	{{ {-11033, 3868, 4570}, 0, {-747, 4277}, {0, 40, 48, 255} }},
	{{ {-8444, 7148, 3498}, 0, {-1922, 3795}, {0, 25, 30, 255} }},
	{{ {-8444, 3868, 8444}, 0, {-1087, 5501}, {0, 40, 48, 255} }},
	{{ {-6463, 7148, 6463}, 0, {-2550, 4704}, {1, 25, 30, 255} }},
	{{ {-9140, 0, 9140}, 0, {422, 5683}, {0, 65, 78, 255} }},
	{{ {-11942, 0, 4947}, 0, {409, 4385}, {4, 65, 78, 255} }},
	{{ {-8444, -3868, 8444}, 0, {1942, 5442}, {0, 92, 110, 255} }},
	{{ {-11033, -3868, 4570}, 0, {1534, 4193}, {0, 92, 110, 255} }},
	{{ {-6463, -7148, 6463}, 0, {3357, 4562}, {0, 120, 144, 255} }},
	{{ {-8444, -7148, 3498}, 0, {2668, 3663}, {8, 120, 144, 255} }},
	{{ {-11942, -3868, 0}, 0, {1295, 3257}, {0, 92, 110, 255} }},
	{{ {-9140, -7148, 0}, 0, {2247, 2912}, {18, 120, 144, 255} }},
	{{ {-11033, -3868, -4570}, 0, {1134, 2458}, {0, 92, 110, 255} }},
	{{ {-8444, -7148, -3498}, 0, {1988, 2249}, {0, 120, 144, 255} }},
	{{ {-8444, -3868, -8444}, 0, {1029, 1756}, {0, 92, 110, 255} }},
	{{ {-6463, -7148, -6463}, 0, {1822, 1628}, {0, 120, 144, 255} }},
	{{ {-4570, -3868, -11033}, 0, {975, 1113}, {0, 92, 110, 255} }},
	{{ {-3498, -7148, -8444}, 0, {1715, 1040}, {0, 120, 144, 255} }},
	{{ {0, -3868, -11942}, 0, {938, 491}, {0, 92, 110, 255} }},
	{{ {0, -7148, -9140}, 0, {1679, 470}, {0, 120, 144, 255} }},
	{{ {4570, -3868, -11033}, 0, {939, -136}, {0, 92, 110, 255} }},
	{{ {3498, -7148, -8444}, 0, {1683, -103}, {11, 120, 144, 255} }},
	{{ {8444, -3868, -8444}, 0, {960, -784}, {0, 92, 110, 255} }},
	{{ {6463, -7148, -6463}, 0, {1756, -697}, {20, 120, 144, 255} }},
	{{ {11033, -3868, -4570}, 0, {1014, -1500}, {0, 92, 110, 255} }},
	{{ {8444, -7148, -3498}, 0, {1898, -1335}, {2, 120, 144, 255} }},
	{{ {8444, -7148, -3498}, 0, {1898, -1335}, {2, 120, 144, 255} }},
	{{ {11942, -3868, 0}, 0, {1114, -2295}, {0, 92, 110, 255} }},
	{{ {11033, -3868, -4570}, 0, {1014, -1500}, {0, 92, 110, 255} }},
	{{ {9140, -7148, 0}, 0, {2142, -2043}, {0, 120, 144, 255} }},
	{{ {11033, -3868, 4570}, 0, {1305, -3280}, {0, 92, 110, 255} }},
	{{ {11942, 0, 4947}, 0, {150, -3385}, {0, 65, 78, 255} }},
	{{ {12926, 0, 0}, 0, {193, -2372}, {0, 65, 78, 255} }},
	{{ {11033, 3868, 4570}, 0, {-994, -3198}, {0, 40, 48, 255} }},
	{{ {11942, 3868, 0}, 0, {-716, -2225}, {0, 40, 48, 255} }},
	{{ {11942, 0, -4947}, 0, {222, -1518}, {0, 65, 78, 255} }},
	{{ {11033, 3868, -4570}, 0, {-556, -1447}, {0, 40, 48, 255} }},
	{{ {9140, 0, -9140}, 0, {257, -795}, {0, 65, 78, 255} }},
	{{ {8444, 3868, -8444}, 0, {-445, -747}, {0, 40, 48, 255} }},
	{{ {4947, 0, -11942}, 0, {274, -129}, {0, 65, 78, 255} }},
	{{ {4570, 3868, -11033}, 0, {-380, -103}, {0, 40, 48, 255} }},
	{{ {0, 0, -12926}, 0, {296, 503}, {1, 65, 78, 255} }},
	{{ {0, 3868, -11942}, 0, {-346, 514}, {0, 40, 48, 255} }},
	{{ {-4947, 0, -11942}, 0, {316, 1136}, {0, 65, 78, 255} }},
	{{ {-4570, 3868, -11033}, 0, {-341, 1132}, {0, 40, 48, 255} }},
	{{ {-9140, 0, -9140}, 0, {333, 1797}, {17, 65, 78, 255} }},
	{{ {-8444, 3868, -8444}, 0, {-362, 1775}, {0, 40, 48, 255} }},
	{{ {-11942, 0, -4947}, 0, {354, 2526}, {0, 65, 78, 255} }},
	{{ {-11033, 3868, -4570}, 0, {-430, 2487}, {0, 40, 48, 255} }},
	{{ {-12926, 0, 0}, 0, {383, 3356}, {0, 65, 78, 255} }},
	{{ {-11942, 3868, 0}, 0, {-551, 3312}, {0, 40, 48, 255} }},
	{{ {-11942, 0, 4947}, 0, {409, 4385}, {4, 65, 78, 255} }},
	{{ {-11033, 3868, 4570}, 0, {-747, 4277}, {0, 40, 48, 255} }},
	{{ {-11033, -3868, 4570}, 0, {1534, 4193}, {0, 92, 110, 255} }},
	{{ {-11942, -3868, 0}, 0, {1295, 3257}, {0, 92, 110, 255} }},
	{{ {-11033, -3868, -4570}, 0, {1134, 2458}, {0, 92, 110, 255} }},
	{{ {-8444, -3868, -8444}, 0, {1029, 1756}, {0, 92, 110, 255} }},
	{{ {-4570, -3868, -11033}, 0, {975, 1113}, {0, 92, 110, 255} }},
	{{ {-4570, -3868, -11033}, 0, {975, 1113}, {0, 92, 110, 255} }},
	{{ {0, -3868, -11942}, 0, {938, 491}, {0, 92, 110, 255} }},
	{{ {0, 0, -12926}, 0, {296, 503}, {1, 65, 78, 255} }},
	{{ {4947, 0, -11942}, 0, {274, -129}, {0, 65, 78, 255} }},
	{{ {4570, -3868, -11033}, 0, {939, -136}, {0, 92, 110, 255} }},
	{{ {9140, 0, -9140}, 0, {257, -795}, {0, 65, 78, 255} }},
	{{ {8444, -3868, -8444}, 0, {960, -784}, {0, 92, 110, 255} }},
	{{ {11942, 0, -4947}, 0, {222, -1518}, {0, 65, 78, 255} }},
	{{ {11033, -3868, -4570}, 0, {1014, -1500}, {0, 92, 110, 255} }},
	{{ {12926, 0, 0}, 0, {193, -2372}, {0, 65, 78, 255} }},
	{{ {11942, -3868, 0}, 0, {1114, -2295}, {0, 92, 110, 255} }},
};

Gfx bitdw_dl_Sphere_mesh_layer_1_tri_0[] = {
	gsSPVertex(bitdw_dl_Sphere_mesh_layer_1_vtx_0 + 0, 32, 0),
	gsSP2Triangles(0, 1, 2, 0, 3, 1, 0, 0),
	gsSP2Triangles(4, 3, 0, 0, 4, 0, 5, 0),
	gsSP2Triangles(5, 0, 6, 0, 0, 2, 6, 0),
	gsSP2Triangles(6, 2, 7, 0, 6, 7, 8, 0),
	gsSP2Triangles(8, 7, 9, 0, 8, 9, 10, 0),
	gsSP2Triangles(10, 9, 11, 0, 10, 11, 12, 0),
	gsSP2Triangles(12, 11, 13, 0, 12, 13, 14, 0),
	gsSP2Triangles(14, 13, 15, 0, 16, 14, 15, 0),
	gsSP2Triangles(17, 16, 15, 0, 18, 17, 15, 0),
	gsSP2Triangles(19, 18, 15, 0, 20, 19, 15, 0),
	gsSP2Triangles(21, 20, 15, 0, 22, 21, 15, 0),
	gsSP2Triangles(23, 22, 15, 0, 24, 23, 15, 0),
	gsSP2Triangles(25, 24, 15, 0, 26, 25, 15, 0),
	gsSP2Triangles(27, 26, 15, 0, 28, 27, 15, 0),
	gsSP2Triangles(29, 28, 15, 0, 30, 29, 15, 0),
	gsSP1Triangle(31, 29, 30, 0),
	gsSPVertex(bitdw_dl_Sphere_mesh_layer_1_vtx_0 + 32, 32, 0),
	gsSP2Triangles(0, 1, 2, 0, 3, 1, 0, 0),
	gsSP2Triangles(3, 4, 1, 0, 5, 4, 3, 0),
	gsSP2Triangles(5, 6, 4, 0, 7, 6, 5, 0),
	gsSP2Triangles(7, 8, 6, 0, 9, 8, 7, 0),
	gsSP2Triangles(9, 10, 8, 0, 11, 10, 9, 0),
	gsSP2Triangles(11, 12, 10, 0, 13, 12, 11, 0),
	gsSP2Triangles(13, 14, 12, 0, 13, 15, 14, 0),
	gsSP2Triangles(13, 16, 15, 0, 13, 17, 16, 0),
	gsSP2Triangles(13, 18, 17, 0, 13, 19, 18, 0),
	gsSP2Triangles(13, 20, 19, 0, 13, 21, 20, 0),
	gsSP2Triangles(13, 22, 21, 0, 13, 23, 22, 0),
	gsSP2Triangles(13, 24, 23, 0, 13, 25, 24, 0),
	gsSP2Triangles(13, 26, 25, 0, 13, 27, 26, 0),
	gsSP2Triangles(13, 28, 27, 0, 27, 28, 29, 0),
	gsSP2Triangles(25, 26, 30, 0, 25, 30, 31, 0),
	gsSPVertex(bitdw_dl_Sphere_mesh_layer_1_vtx_0 + 64, 32, 0),
	gsSP2Triangles(0, 1, 2, 0, 1, 3, 2, 0),
	gsSP2Triangles(2, 3, 4, 0, 2, 4, 5, 0),
	gsSP2Triangles(5, 4, 6, 0, 5, 6, 7, 0),
	gsSP2Triangles(7, 6, 8, 0, 7, 8, 9, 0),
	gsSP2Triangles(9, 8, 10, 0, 9, 10, 11, 0),
	gsSP2Triangles(12, 9, 11, 0, 12, 11, 13, 0),
	gsSP2Triangles(14, 12, 13, 0, 14, 13, 15, 0),
	gsSP2Triangles(16, 14, 15, 0, 16, 15, 17, 0),
	gsSP2Triangles(18, 16, 17, 0, 18, 17, 19, 0),
	gsSP2Triangles(20, 18, 19, 0, 20, 19, 21, 0),
	gsSP2Triangles(22, 20, 21, 0, 22, 21, 23, 0),
	gsSP2Triangles(24, 22, 23, 0, 24, 23, 25, 0),
	gsSP2Triangles(26, 24, 25, 0, 26, 25, 27, 0),
	gsSP2Triangles(28, 26, 27, 0, 28, 27, 29, 0),
	gsSP2Triangles(30, 28, 29, 0, 30, 29, 31, 0),
	gsSPVertex(bitdw_dl_Sphere_mesh_layer_1_vtx_0 + 96, 32, 0),
	gsSP2Triangles(0, 1, 2, 0, 0, 2, 3, 0),
	gsSP2Triangles(4, 0, 3, 0, 4, 3, 5, 0),
	gsSP2Triangles(6, 4, 5, 0, 6, 5, 7, 0),
	gsSP2Triangles(8, 4, 6, 0, 8, 9, 4, 0),
	gsSP2Triangles(10, 9, 8, 0, 10, 11, 9, 0),
	gsSP2Triangles(12, 11, 10, 0, 12, 13, 11, 0),
	gsSP2Triangles(14, 13, 12, 0, 14, 15, 13, 0),
	gsSP2Triangles(16, 15, 14, 0, 16, 17, 15, 0),
	gsSP2Triangles(17, 18, 15, 0, 17, 19, 18, 0),
	gsSP2Triangles(19, 20, 18, 0, 19, 21, 20, 0),
	gsSP2Triangles(21, 22, 20, 0, 21, 23, 22, 0),
	gsSP2Triangles(23, 24, 22, 0, 23, 25, 24, 0),
	gsSP2Triangles(25, 26, 24, 0, 25, 27, 26, 0),
	gsSP2Triangles(27, 28, 26, 0, 27, 29, 28, 0),
	gsSP2Triangles(29, 30, 28, 0, 29, 31, 30, 0),
	gsSPVertex(bitdw_dl_Sphere_mesh_layer_1_vtx_0 + 128, 32, 0),
	gsSP2Triangles(0, 1, 2, 0, 0, 3, 1, 0),
	gsSP2Triangles(3, 4, 1, 0, 3, 5, 4, 0),
	gsSP2Triangles(5, 6, 4, 0, 5, 7, 6, 0),
	gsSP2Triangles(7, 8, 6, 0, 7, 9, 8, 0),
	gsSP2Triangles(6, 8, 10, 0, 8, 11, 10, 0),
	gsSP2Triangles(10, 11, 12, 0, 10, 12, 13, 0),
	gsSP2Triangles(13, 12, 14, 0, 13, 14, 15, 0),
	gsSP2Triangles(15, 14, 16, 0, 15, 16, 17, 0),
	gsSP2Triangles(18, 15, 17, 0, 18, 17, 19, 0),
	gsSP2Triangles(20, 18, 19, 0, 20, 19, 21, 0),
	gsSP2Triangles(22, 20, 21, 0, 22, 21, 23, 0),
	gsSP2Triangles(24, 22, 23, 0, 24, 23, 25, 0),
	gsSP2Triangles(26, 24, 25, 0, 26, 25, 27, 0),
	gsSP2Triangles(28, 26, 27, 0, 28, 27, 29, 0),
	gsSP2Triangles(30, 28, 29, 0, 30, 29, 31, 0),
	gsSPVertex(bitdw_dl_Sphere_mesh_layer_1_vtx_0 + 160, 32, 0),
	gsSP2Triangles(0, 1, 2, 0, 0, 2, 3, 0),
	gsSP2Triangles(4, 0, 3, 0, 4, 3, 5, 0),
	gsSP2Triangles(6, 4, 5, 0, 6, 5, 7, 0),
	gsSP2Triangles(8, 6, 7, 0, 8, 7, 9, 0),
	gsSP2Triangles(10, 6, 8, 0, 10, 11, 6, 0),
	gsSP2Triangles(12, 11, 10, 0, 12, 13, 11, 0),
	gsSP2Triangles(14, 13, 12, 0, 14, 15, 13, 0),
	gsSP2Triangles(15, 16, 13, 0, 15, 17, 16, 0),
	gsSP2Triangles(17, 18, 16, 0, 17, 19, 18, 0),
	gsSP2Triangles(19, 20, 18, 0, 19, 21, 20, 0),
	gsSP2Triangles(21, 22, 20, 0, 21, 23, 22, 0),
	gsSP2Triangles(23, 24, 22, 0, 23, 25, 24, 0),
	gsSP2Triangles(25, 26, 24, 0, 25, 27, 26, 0),
	gsSP2Triangles(27, 28, 26, 0, 27, 29, 28, 0),
	gsSP2Triangles(29, 30, 28, 0, 29, 31, 30, 0),
	gsSPVertex(bitdw_dl_Sphere_mesh_layer_1_vtx_0 + 192, 32, 0),
	gsSP2Triangles(0, 1, 2, 0, 0, 3, 1, 0),
	gsSP2Triangles(3, 4, 1, 0, 1, 4, 5, 0),
	gsSP2Triangles(1, 5, 6, 0, 6, 5, 7, 0),
	gsSP2Triangles(6, 7, 8, 0, 9, 6, 8, 0),
	gsSP2Triangles(9, 8, 10, 0, 11, 9, 10, 0),
	gsSP2Triangles(11, 10, 12, 0, 13, 11, 12, 0),
	gsSP2Triangles(13, 12, 14, 0, 15, 13, 14, 0),
	gsSP2Triangles(15, 14, 16, 0, 17, 15, 16, 0),
	gsSP2Triangles(17, 16, 18, 0, 19, 17, 18, 0),
	gsSP2Triangles(19, 18, 20, 0, 21, 19, 20, 0),
	gsSP2Triangles(21, 20, 22, 0, 23, 21, 22, 0),
	gsSP2Triangles(23, 22, 24, 0, 25, 23, 24, 0),
	gsSP2Triangles(25, 24, 26, 0, 27, 23, 25, 0),
	gsSP2Triangles(27, 28, 23, 0, 28, 21, 23, 0),
	gsSP2Triangles(28, 29, 21, 0, 29, 19, 21, 0),
	gsSP2Triangles(29, 30, 19, 0, 30, 17, 19, 0),
	gsSP2Triangles(30, 31, 17, 0, 31, 15, 17, 0),
	gsSPVertex(bitdw_dl_Sphere_mesh_layer_1_vtx_0 + 224, 11, 0),
	gsSP2Triangles(0, 1, 2, 0, 1, 3, 2, 0),
	gsSP2Triangles(1, 4, 3, 0, 4, 5, 3, 0),
	gsSP2Triangles(4, 6, 5, 0, 6, 7, 5, 0),
	gsSP2Triangles(6, 8, 7, 0, 8, 9, 7, 0),
	gsSP1Triangle(8, 10, 9, 0),
	gsSPEndDisplayList(),
};

Vtx bitdw_dl_VISUAL_mesh_layer_1_vtx_cull[8] = {
	{{ {-1427, -1172, 1500}, 0, {0, 0}, {0, 0, 0, 0} }},
	{{ {-1427, 0, 1500}, 0, {0, 0}, {0, 0, 0, 0} }},
	{{ {-1427, 0, -1500}, 0, {0, 0}, {0, 0, 0, 0} }},
	{{ {-1427, -1172, -1500}, 0, {0, 0}, {0, 0, 0, 0} }},
	{{ {1427, -1172, 1500}, 0, {0, 0}, {0, 0, 0, 0} }},
	{{ {1427, 0, 1500}, 0, {0, 0}, {0, 0, 0, 0} }},
	{{ {1427, 0, -1500}, 0, {0, 0}, {0, 0, 0, 0} }},
	{{ {1427, -1172, -1500}, 0, {0, 0}, {0, 0, 0, 0} }},
};

Vtx bitdw_dl_VISUAL_mesh_layer_1_vtx_0[30] = {
	{{ {-1052, 0, 342}, 0, {2238, 606}, {0, 65, 78, 255} }},
	{{ {-357, 0, 116}, 0, {1412, 3289}, {0, 65, 78, 255} }},
	{{ {-713, 0, -232}, 0, {47, 1959}, {0, 65, 78, 255} }},
	{{ {-441, 0, 607}, 0, {47, 1959}, {0, 65, 78, 255} }},
	{{ {-661, 0, 910}, 0, {-416, 606}, {0, 65, 78, 255} }},
	{{ {-1427, 0, 464}, 0, {2693, -793}, {0, 65, 78, 255} }},
	{{ {-1070, 0, -348}, 0, {-416, 606}, {0, 65, 78, 255} }},
	{{ {-220, 0, -303}, 0, {1412, 3289}, {0, 65, 78, 255} }},
	{{ {-650, 0, -895}, 0, {2238, 606}, {0, 65, 78, 255} }},
	{{ {0, 0, -1125}, 0, {-416, 606}, {0, 65, 78, 255} }},
	{{ {0, 0, -750}, 0, {47, 1959}, {0, 65, 78, 255} }},
	{{ {650, 0, -895}, 0, {2238, 606}, {0, 65, 78, 255} }},
	{{ {220, 0, -303}, 0, {1412, 3289}, {0, 65, 78, 255} }},
	{{ {1070, 0, -348}, 0, {-416, 606}, {0, 65, 78, 255} }},
	{{ {713, 0, -232}, 0, {47, 1959}, {0, 65, 78, 255} }},
	{{ {1052, 0, 342}, 0, {2238, 606}, {0, 65, 78, 255} }},
	{{ {357, 0, 116}, 0, {1412, 3289}, {0, 65, 78, 255} }},
	{{ {441, 0, 607}, 0, {47, 1959}, {0, 65, 78, 255} }},
	{{ {661, 0, 910}, 0, {-416, 606}, {0, 65, 78, 255} }},
	{{ {0, 0, 375}, 0, {1412, 3289}, {0, 65, 78, 255} }},
	{{ {0, 0, 1106}, 0, {2238, 606}, {0, 65, 78, 255} }},
	{{ {-882, 0, 1214}, 0, {-871, -793}, {0, 65, 78, 255} }},
	{{ {0, 0, 1500}, 0, {2693, -793}, {0, 65, 78, 255} }},
	{{ {882, 0, 1214}, 0, {-871, -793}, {0, 65, 78, 255} }},
	{{ {1427, 0, 464}, 0, {2693, -793}, {0, 65, 78, 255} }},
	{{ {1427, 0, -464}, 0, {-871, -793}, {0, 65, 78, 255} }},
	{{ {882, 0, -1214}, 0, {2693, -793}, {0, 65, 78, 255} }},
	{{ {0, 0, -1500}, 0, {-871, -793}, {0, 65, 78, 255} }},
	{{ {-882, 0, -1214}, 0, {2693, -793}, {0, 65, 78, 255} }},
	{{ {-1427, 0, -464}, 0, {-871, -793}, {0, 65, 78, 255} }},
};

Gfx bitdw_dl_VISUAL_mesh_layer_1_tri_0[] = {
	gsSPVertex(bitdw_dl_VISUAL_mesh_layer_1_vtx_0 + 0, 30, 0),
	gsSP2Triangles(0, 1, 2, 0, 0, 3, 1, 0),
	gsSP2Triangles(0, 4, 3, 0, 5, 4, 0, 0),
	gsSP2Triangles(5, 0, 6, 0, 0, 2, 6, 0),
	gsSP2Triangles(6, 2, 7, 0, 6, 7, 8, 0),
	gsSP2Triangles(9, 8, 7, 0, 9, 7, 10, 0),
	gsSP2Triangles(11, 9, 10, 0, 11, 10, 12, 0),
	gsSP2Triangles(13, 11, 12, 0, 13, 12, 14, 0),
	gsSP2Triangles(15, 13, 14, 0, 15, 14, 16, 0),
	gsSP2Triangles(15, 16, 17, 0, 15, 17, 18, 0),
	gsSP2Triangles(18, 17, 19, 0, 18, 19, 20, 0),
	gsSP2Triangles(4, 20, 19, 0, 4, 19, 3, 0),
	gsSP2Triangles(21, 20, 4, 0, 21, 22, 20, 0),
	gsSP2Triangles(23, 20, 22, 0, 23, 18, 20, 0),
	gsSP2Triangles(24, 18, 23, 0, 24, 15, 18, 0),
	gsSP2Triangles(24, 13, 15, 0, 24, 25, 13, 0),
	gsSP2Triangles(25, 11, 13, 0, 25, 26, 11, 0),
	gsSP2Triangles(26, 9, 11, 0, 26, 27, 9, 0),
	gsSP2Triangles(27, 8, 9, 0, 27, 28, 8, 0),
	gsSP2Triangles(29, 8, 28, 0, 29, 6, 8, 0),
	gsSP2Triangles(5, 6, 29, 0, 5, 21, 4, 0),
	gsSPEndDisplayList(),
};

Vtx bitdw_dl_VISUAL_mesh_layer_1_vtx_1[50] = {
	{{ {0, 0, -303}, 0, {-339, 657}, {153, 151, 31, 255} }},
	{{ {0, 0, -750}, 0, {-339, -2056}, {153, 151, 31, 255} }},
	{{ {-220, 0, -303}, 0, {1000, 657}, {153, 151, 31, 255} }},
	{{ {0, 0, -76}, 0, {-339, 2039}, {204, 201, 2, 255} }},
	{{ {-55, 0, -76}, 0, {-4, 2039}, {204, 201, 0, 255} }},
	{{ {289, 0, -94}, 0, {-339, 657}, {153, 151, 31, 255} }},
	{{ {713, 0, -232}, 0, {-339, -2056}, {153, 151, 31, 255} }},
	{{ {220, 0, -303}, 0, {1000, 657}, {153, 151, 31, 255} }},
	{{ {72, 0, -23}, 0, {-339, 2039}, {204, 201, 3, 255} }},
	{{ {55, 0, -76}, 0, {-4, 2039}, {204, 201, 4, 255} }},
	{{ {441, 0, 607}, 0, {-339, -2056}, {153, 151, 31, 255} }},
	{{ {178, 0, 245}, 0, {-339, 657}, {153, 151, 31, 255} }},
	{{ {0, 0, 375}, 0, {1000, 657}, {153, 151, 31, 255} }},
	{{ {45, 0, 61}, 0, {-339, 2039}, {204, 201, 0, 255} }},
	{{ {0, 0, 94}, 0, {-4, 2039}, {204, 201, 0, 255} }},
	{{ {-178, 0, 245}, 0, {-339, 657}, {153, 151, 31, 255} }},
	{{ {-441, 0, 607}, 0, {-339, -2056}, {153, 151, 31, 255} }},
	{{ {0, 0, 375}, 0, {1000, 657}, {153, 151, 31, 255} }},
	{{ {-45, 0, 61}, 0, {-339, 2039}, {204, 201, 0, 255} }},
	{{ {0, 0, 94}, 0, {-4, 2039}, {204, 201, 0, 255} }},
	{{ {-713, 0, -232}, 0, {-339, -2056}, {153, 151, 31, 255} }},
	{{ {-289, 0, -94}, 0, {-339, 657}, {153, 151, 31, 255} }},
	{{ {-220, 0, -303}, 0, {1000, 657}, {153, 151, 31, 255} }},
	{{ {-55, 0, -76}, 0, {-4, 2039}, {204, 201, 0, 255} }},
	{{ {-72, 0, -23}, 0, {-339, 2039}, {204, 201, 0, 255} }},
	{{ {289, 0, -94}, 0, {-339, 657}, {153, 151, 31, 255} }},
	{{ {72, 0, -23}, 0, {-339, 2039}, {204, 201, 3, 255} }},
	{{ {89, 0, 29}, 0, {-4, 2039}, {204, 201, 1, 255} }},
	{{ {357, 0, 116}, 0, {1000, 657}, {153, 151, 31, 255} }},
	{{ {713, 0, -232}, 0, {-339, -2056}, {153, 151, 31, 255} }},
	{{ {0, 0, -303}, 0, {-339, 657}, {153, 151, 31, 255} }},
	{{ {0, 0, -76}, 0, {-339, 2039}, {204, 201, 2, 255} }},
	{{ {55, 0, -76}, 0, {-4, 2039}, {204, 201, 4, 255} }},
	{{ {220, 0, -303}, 0, {1000, 657}, {153, 151, 31, 255} }},
	{{ {0, 0, -750}, 0, {-339, -2056}, {153, 151, 31, 255} }},
	{{ {-178, 0, 245}, 0, {-339, 657}, {153, 151, 31, 255} }},
	{{ {-45, 0, 61}, 0, {-339, 2039}, {204, 201, 0, 255} }},
	{{ {-89, 0, 29}, 0, {-4, 2039}, {204, 201, 0, 255} }},
	{{ {-357, 0, 116}, 0, {1000, 657}, {153, 151, 31, 255} }},
	{{ {-441, 0, 607}, 0, {-339, -2056}, {153, 151, 31, 255} }},
	{{ {89, 0, 29}, 0, {-4, 2039}, {204, 201, 1, 255} }},
	{{ {45, 0, 61}, 0, {-339, 2039}, {204, 201, 0, 255} }},
	{{ {178, 0, 245}, 0, {-339, 657}, {153, 151, 31, 255} }},
	{{ {357, 0, 116}, 0, {1000, 657}, {153, 151, 31, 255} }},
	{{ {441, 0, 607}, 0, {-339, -2056}, {153, 151, 31, 255} }},
	{{ {-357, 0, 116}, 0, {1000, 657}, {153, 151, 31, 255} }},
	{{ {-89, 0, 29}, 0, {-4, 2039}, {204, 201, 0, 255} }},
	{{ {-72, 0, -23}, 0, {-339, 2039}, {204, 201, 0, 255} }},
	{{ {-289, 0, -94}, 0, {-339, 657}, {153, 151, 31, 255} }},
	{{ {-713, 0, -232}, 0, {-339, -2056}, {153, 151, 31, 255} }},
};

Gfx bitdw_dl_VISUAL_mesh_layer_1_tri_1[] = {
	gsSPVertex(bitdw_dl_VISUAL_mesh_layer_1_vtx_1 + 0, 30, 0),
	gsSP2Triangles(0, 1, 2, 0, 2, 3, 0, 0),
	gsSP2Triangles(2, 4, 3, 0, 5, 6, 7, 0),
	gsSP2Triangles(7, 8, 5, 0, 7, 9, 8, 0),
	gsSP2Triangles(10, 11, 12, 0, 13, 12, 11, 0),
	gsSP2Triangles(13, 14, 12, 0, 15, 16, 17, 0),
	gsSP2Triangles(17, 18, 15, 0, 17, 19, 18, 0),
	gsSP2Triangles(20, 21, 22, 0, 21, 23, 22, 0),
	gsSP2Triangles(21, 24, 23, 0, 25, 26, 27, 0),
	gsSP2Triangles(25, 27, 28, 0, 25, 28, 29, 0),
	gsSPVertex(bitdw_dl_VISUAL_mesh_layer_1_vtx_1 + 30, 20, 0),
	gsSP2Triangles(0, 1, 2, 0, 0, 2, 3, 0),
	gsSP2Triangles(0, 3, 4, 0, 5, 6, 7, 0),
	gsSP2Triangles(5, 7, 8, 0, 5, 8, 9, 0),
	gsSP2Triangles(10, 11, 12, 0, 10, 12, 13, 0),
	gsSP2Triangles(14, 13, 12, 0, 15, 16, 17, 0),
	gsSP2Triangles(15, 17, 18, 0, 19, 15, 18, 0),
	gsSPEndDisplayList(),
};

Vtx bitdw_dl_VISUAL_mesh_layer_1_vtx_2[40] = {
	{{ {-1427, 0, 464}, 0, {2032, -16}, {0, 65, 78, 255} }},
	{{ {-1427, 0, -464}, 0, {-16, -16}, {0, 65, 78, 255} }},
	{{ {-1427, -240, -464}, 0, {-16, 2032}, {0, 65, 78, 255} }},
	{{ {-1427, -240, 464}, 0, {2032, 2032}, {0, 65, 78, 255} }},
	{{ {882, 0, -1214}, 0, {-16, -16}, {0, 65, 78, 255} }},
	{{ {882, -240, -1214}, 0, {-16, 2032}, {0, 65, 78, 255} }},
	{{ {0, -240, -1500}, 0, {2032, 2032}, {0, 65, 78, 255} }},
	{{ {0, 0, -1500}, 0, {2032, -16}, {0, 65, 78, 255} }},
	{{ {882, 0, 1214}, 0, {-16, -16}, {0, 65, 78, 255} }},
	{{ {882, -240, 1214}, 0, {-16, 2032}, {0, 65, 78, 255} }},
	{{ {1427, -240, 464}, 0, {2032, 2032}, {0, 65, 78, 255} }},
	{{ {1427, 0, 464}, 0, {2032, -16}, {0, 65, 78, 255} }},
	{{ {-1427, 0, 464}, 0, {-16, -16}, {0, 65, 78, 255} }},
	{{ {-1427, -240, 464}, 0, {-16, 2032}, {0, 65, 78, 255} }},
	{{ {-882, -240, 1214}, 0, {2032, 2032}, {0, 65, 78, 255} }},
	{{ {-882, 0, 1214}, 0, {2032, -16}, {0, 65, 78, 255} }},
	{{ {0, 0, -1500}, 0, {-16, -16}, {0, 65, 78, 255} }},
	{{ {0, -240, -1500}, 0, {-16, 2032}, {0, 65, 78, 255} }},
	{{ {-882, -240, -1214}, 0, {2032, 2032}, {0, 65, 78, 255} }},
	{{ {-882, 0, -1214}, 0, {2032, -16}, {0, 65, 78, 255} }},
	{{ {1427, 0, 464}, 0, {-16, -16}, {0, 65, 78, 255} }},
	{{ {1427, -240, 464}, 0, {-16, 2032}, {0, 65, 78, 255} }},
	{{ {1427, -240, -464}, 0, {2032, 2032}, {0, 65, 78, 255} }},
	{{ {1427, 0, -464}, 0, {2032, -16}, {0, 65, 78, 255} }},
	{{ {-882, 0, 1214}, 0, {-16, -16}, {0, 65, 78, 255} }},
	{{ {-882, -240, 1214}, 0, {-16, 2032}, {0, 65, 78, 255} }},
	{{ {0, -240, 1500}, 0, {2032, 2032}, {0, 65, 78, 255} }},
	{{ {0, 0, 1500}, 0, {2032, -16}, {0, 65, 78, 255} }},
	{{ {-882, 0, -1214}, 0, {-16, -16}, {0, 65, 78, 255} }},
	{{ {-882, -240, -1214}, 0, {-16, 2032}, {0, 65, 78, 255} }},
	{{ {-1427, -240, -464}, 0, {2032, 2032}, {0, 65, 78, 255} }},
	{{ {-1427, 0, -464}, 0, {2032, -16}, {0, 65, 78, 255} }},
	{{ {1427, 0, -464}, 0, {-16, -16}, {0, 65, 78, 255} }},
	{{ {1427, -240, -464}, 0, {-16, 2032}, {0, 65, 78, 255} }},
	{{ {882, -240, -1214}, 0, {2032, 2032}, {0, 65, 78, 255} }},
	{{ {882, 0, -1214}, 0, {2032, -16}, {0, 65, 78, 255} }},
	{{ {0, 0, 1500}, 0, {-16, -16}, {0, 65, 78, 255} }},
	{{ {0, -240, 1500}, 0, {-16, 2032}, {0, 65, 78, 255} }},
	{{ {882, -240, 1214}, 0, {2032, 2032}, {0, 65, 78, 255} }},
	{{ {882, 0, 1214}, 0, {2032, -16}, {0, 65, 78, 255} }},
};

Gfx bitdw_dl_VISUAL_mesh_layer_1_tri_2[] = {
	gsSPVertex(bitdw_dl_VISUAL_mesh_layer_1_vtx_2 + 0, 32, 0),
	gsSP2Triangles(0, 1, 2, 0, 0, 2, 3, 0),
	gsSP2Triangles(4, 5, 6, 0, 4, 6, 7, 0),
	gsSP2Triangles(8, 9, 10, 0, 8, 10, 11, 0),
	gsSP2Triangles(12, 13, 14, 0, 12, 14, 15, 0),
	gsSP2Triangles(16, 17, 18, 0, 16, 18, 19, 0),
	gsSP2Triangles(20, 21, 22, 0, 20, 22, 23, 0),
	gsSP2Triangles(24, 25, 26, 0, 24, 26, 27, 0),
	gsSP2Triangles(28, 29, 30, 0, 28, 30, 31, 0),
	gsSPVertex(bitdw_dl_VISUAL_mesh_layer_1_vtx_2 + 32, 8, 0),
	gsSP2Triangles(0, 1, 2, 0, 0, 2, 3, 0),
	gsSP2Triangles(4, 5, 6, 0, 4, 6, 7, 0),
	gsSPEndDisplayList(),
};

Vtx bitdw_dl_VISUAL_mesh_layer_1_vtx_3[12] = {
	{{ {89, 0, 29}, 0, {-1141, -1060}, {0, 127, 0, 255} }},
	{{ {72, 0, -23}, 0, {-973, -1060}, {0, 127, 0, 255} }},
	{{ {55, 0, -76}, 0, {-805, -1060}, {0, 127, 0, 255} }},
	{{ {0, 0, 0}, 0, {-973, -1522}, {0, 127, 0, 255} }},
	{{ {-55, 0, -76}, 0, {-1141, -1060}, {0, 127, 0, 255} }},
	{{ {0, 0, -76}, 0, {-973, -1060}, {0, 127, 0, 255} }},
	{{ {-89, 0, 29}, 0, {-805, -1060}, {0, 127, 0, 255} }},
	{{ {-72, 0, -23}, 0, {-973, -1060}, {0, 127, 0, 255} }},
	{{ {-89, 0, 29}, 0, {-1141, -1060}, {0, 127, 0, 255} }},
	{{ {-45, 0, 61}, 0, {-973, -1060}, {0, 127, 0, 255} }},
	{{ {0, 0, 94}, 0, {-805, -1060}, {0, 127, 0, 255} }},
	{{ {45, 0, 61}, 0, {-973, -1060}, {0, 127, 0, 255} }},
};

Gfx bitdw_dl_VISUAL_mesh_layer_1_tri_3[] = {
	gsSPVertex(bitdw_dl_VISUAL_mesh_layer_1_vtx_3 + 0, 12, 0),
	gsSP2Triangles(0, 1, 2, 0, 0, 2, 3, 0),
	gsSP2Triangles(2, 4, 3, 0, 2, 5, 4, 0),
	gsSP2Triangles(4, 6, 3, 0, 4, 7, 6, 0),
	gsSP2Triangles(8, 9, 3, 0, 9, 10, 3, 0),
	gsSP2Triangles(10, 0, 3, 0, 10, 11, 0, 0),
	gsSPEndDisplayList(),
};

Vtx bitdw_dl_VISUAL_mesh_layer_1_vtx_4[71] = {
	{{ {1427, -240, 464}, 0, {-550, -750}, {0, 64, 77, 255} }},
	{{ {1255, -580, -408}, 0, {1458, 127}, {0, 0, 0, 255} }},
	{{ {1427, -240, -464}, 0, {1586, -750}, {0, 65, 78, 255} }},
	{{ {1255, -580, 408}, 0, {-422, 127}, {0, 0, 0, 255} }},
	{{ {799, -880, -260}, 0, {1116, 1386}, {0, 0, 0, 255} }},
	{{ {799, -880, 260}, 0, {-80, 1386}, {0, 0, 0, 255} }},
	{{ {0, -1172, 0}, 0, {518, 3346}, {0, 0, 0, 255} }},
	{{ {-882, -240, 1214}, 0, {1586, -750}, {0, 65, 78, 255} }},
	{{ {0, -580, 1320}, 0, {-422, 127}, {0, 0, 0, 255} }},
	{{ {0, -240, 1500}, 0, {-550, -750}, {0, 65, 78, 255} }},
	{{ {-776, -580, 1068}, 0, {1458, 127}, {0, 0, 0, 255} }},
	{{ {0, -880, 840}, 0, {-80, 1386}, {0, 0, 0, 255} }},
	{{ {-494, -880, 680}, 0, {1116, 1386}, {0, 0, 0, 255} }},
	{{ {0, -1172, 0}, 0, {518, 3346}, {0, 0, 0, 255} }},
	{{ {-882, -240, -1214}, 0, {-550, -750}, {0, 65, 78, 255} }},
	{{ {-1255, -580, -408}, 0, {1458, 127}, {0, 0, 0, 255} }},
	{{ {-1427, -240, -464}, 0, {1586, -750}, {0, 65, 78, 255} }},
	{{ {-776, -580, -1068}, 0, {-422, 127}, {0, 0, 0, 255} }},
	{{ {-799, -880, -260}, 0, {1116, 1386}, {0, 0, 0, 255} }},
	{{ {-494, -880, -680}, 0, {-80, 1386}, {0, 0, 0, 255} }},
	{{ {0, -1172, 0}, 0, {518, 3346}, {0, 0, 0, 255} }},
	{{ {1427, -240, -464}, 0, {1586, -750}, {0, 65, 78, 255} }},
	{{ {776, -580, -1068}, 0, {-422, 127}, {0, 0, 0, 255} }},
	{{ {882, -240, -1214}, 0, {-550, -750}, {0, 65, 78, 255} }},
	{{ {1255, -580, -408}, 0, {1458, 127}, {0, 0, 0, 255} }},
	{{ {494, -880, -680}, 0, {-80, 1386}, {0, 0, 0, 255} }},
	{{ {799, -880, -260}, 0, {1116, 1386}, {0, 0, 0, 255} }},
	{{ {0, -1172, 0}, 0, {518, 3346}, {0, 0, 0, 255} }},
	{{ {0, -240, 1500}, 0, {-550, -750}, {0, 65, 78, 255} }},
	{{ {776, -580, 1068}, 0, {1458, 127}, {0, 0, 0, 255} }},
	{{ {882, -240, 1214}, 0, {1586, -750}, {0, 65, 78, 255} }},
	{{ {0, -580, 1320}, 0, {-422, 127}, {0, 0, 0, 255} }},
	{{ {0, -580, 1320}, 0, {-422, 127}, {0, 0, 0, 255} }},
	{{ {494, -880, 680}, 0, {1116, 1386}, {0, 0, 0, 255} }},
	{{ {776, -580, 1068}, 0, {1458, 127}, {0, 0, 0, 255} }},
	{{ {0, -880, 840}, 0, {-80, 1386}, {0, 0, 0, 255} }},
	{{ {0, -1172, 0}, 0, {518, 3346}, {0, 0, 0, 255} }},
	{{ {-1427, -240, 464}, 0, {-550, -750}, {0, 64, 77, 255} }},
	{{ {-1427, -240, -464}, 0, {1586, -750}, {0, 65, 78, 255} }},
	{{ {-1255, -580, -408}, 0, {1458, 127}, {0, 0, 0, 255} }},
	{{ {-1255, -580, 408}, 0, {-422, 127}, {0, 0, 0, 255} }},
	{{ {-799, -880, -260}, 0, {1116, 1386}, {0, 0, 0, 255} }},
	{{ {-799, -880, 260}, 0, {-80, 1386}, {0, 0, 0, 255} }},
	{{ {0, -1172, 0}, 0, {518, 3346}, {0, 0, 0, 255} }},
	{{ {882, -240, -1214}, 0, {-550, -750}, {0, 65, 78, 255} }},
	{{ {0, -580, -1320}, 0, {1458, 127}, {0, 0, 0, 255} }},
	{{ {0, -240, -1500}, 0, {1586, -750}, {0, 65, 78, 255} }},
	{{ {776, -580, -1068}, 0, {-422, 127}, {0, 0, 0, 255} }},
	{{ {0, -880, -840}, 0, {1116, 1386}, {0, 0, 0, 255} }},
	{{ {494, -880, -680}, 0, {-80, 1386}, {0, 0, 0, 255} }},
	{{ {882, -240, 1214}, 0, {1586, -750}, {0, 65, 78, 255} }},
	{{ {1255, -580, 408}, 0, {-422, 127}, {0, 0, 0, 255} }},
	{{ {1427, -240, 464}, 0, {-550, -750}, {0, 64, 77, 255} }},
	{{ {776, -580, 1068}, 0, {1458, 127}, {0, 0, 0, 255} }},
	{{ {799, -880, 260}, 0, {-80, 1386}, {0, 0, 0, 255} }},
	{{ {494, -880, 680}, 0, {1116, 1386}, {0, 0, 0, 255} }},
	{{ {0, -1172, 0}, 0, {518, 3346}, {0, 0, 0, 255} }},
	{{ {-1427, -240, 464}, 0, {-550, -750}, {0, 64, 77, 255} }},
	{{ {-776, -580, 1068}, 0, {1458, 127}, {0, 0, 0, 255} }},
	{{ {-882, -240, 1214}, 0, {1586, -750}, {0, 65, 78, 255} }},
	{{ {-1255, -580, 408}, 0, {-422, 127}, {0, 0, 0, 255} }},
	{{ {-494, -880, 680}, 0, {1116, 1386}, {0, 0, 0, 255} }},
	{{ {-799, -880, 260}, 0, {-80, 1386}, {0, 0, 0, 255} }},
	{{ {0, -1172, 0}, 0, {518, 3346}, {0, 0, 0, 255} }},
	{{ {0, -240, -1500}, 0, {1586, -750}, {0, 65, 78, 255} }},
	{{ {-776, -580, -1068}, 0, {-422, 127}, {0, 0, 0, 255} }},
	{{ {-882, -240, -1214}, 0, {-550, -750}, {0, 65, 78, 255} }},
	{{ {0, -580, -1320}, 0, {1458, 127}, {0, 0, 0, 255} }},
	{{ {-494, -880, -680}, 0, {-80, 1386}, {0, 0, 0, 255} }},
	{{ {0, -880, -840}, 0, {1116, 1386}, {0, 0, 0, 255} }},
	{{ {0, -1172, 0}, 0, {518, 3346}, {0, 0, 0, 255} }},
};

Gfx bitdw_dl_VISUAL_mesh_layer_1_tri_4[] = {
	gsSPVertex(bitdw_dl_VISUAL_mesh_layer_1_vtx_4 + 0, 32, 0),
	gsSP2Triangles(0, 1, 2, 0, 0, 3, 1, 0),
	gsSP2Triangles(3, 4, 1, 0, 3, 5, 4, 0),
	gsSP2Triangles(5, 6, 4, 0, 7, 8, 9, 0),
	gsSP2Triangles(7, 10, 8, 0, 10, 11, 8, 0),
	gsSP2Triangles(10, 12, 11, 0, 12, 13, 11, 0),
	gsSP2Triangles(14, 15, 16, 0, 14, 17, 15, 0),
	gsSP2Triangles(17, 18, 15, 0, 17, 19, 18, 0),
	gsSP2Triangles(19, 20, 18, 0, 21, 22, 23, 0),
	gsSP2Triangles(21, 24, 22, 0, 24, 25, 22, 0),
	gsSP2Triangles(24, 26, 25, 0, 26, 27, 25, 0),
	gsSP2Triangles(28, 29, 30, 0, 28, 31, 29, 0),
	gsSPVertex(bitdw_dl_VISUAL_mesh_layer_1_vtx_4 + 32, 32, 0),
	gsSP2Triangles(0, 1, 2, 0, 0, 3, 1, 0),
	gsSP2Triangles(3, 4, 1, 0, 5, 6, 7, 0),
	gsSP2Triangles(5, 7, 8, 0, 8, 7, 9, 0),
	gsSP2Triangles(8, 9, 10, 0, 9, 11, 10, 0),
	gsSP2Triangles(12, 13, 14, 0, 12, 15, 13, 0),
	gsSP2Triangles(15, 16, 13, 0, 15, 17, 16, 0),
	gsSP2Triangles(17, 4, 16, 0, 18, 19, 20, 0),
	gsSP2Triangles(18, 21, 19, 0, 21, 22, 19, 0),
	gsSP2Triangles(21, 23, 22, 0, 23, 24, 22, 0),
	gsSP2Triangles(25, 26, 27, 0, 25, 28, 26, 0),
	gsSP2Triangles(28, 29, 26, 0, 28, 30, 29, 0),
	gsSP1Triangle(30, 31, 29, 0),
	gsSPVertex(bitdw_dl_VISUAL_mesh_layer_1_vtx_4 + 64, 7, 0),
	gsSP2Triangles(0, 1, 2, 0, 0, 3, 1, 0),
	gsSP2Triangles(3, 4, 1, 0, 3, 5, 4, 0),
	gsSP1Triangle(5, 6, 4, 0),
	gsSPEndDisplayList(),
};

Gfx mat_bitdw_dl_sky[] = {
	gsSPGeometryMode(G_LIGHTING, 0),
	gsDPPipeSync(),
	gsDPSetCombineLERP(TEXEL0, 0, SHADE, 0, ENVIRONMENT, 0, SHADE, 0, TEXEL0, 0, SHADE, 0, ENVIRONMENT, 0, SHADE, 0),
	gsDPSetAlphaDither(G_AD_NOISE),
	gsSPTexture(65535, 65535, 0, 0, 1),
	gsDPSetTextureImage(G_IM_FMT_I, G_IM_SIZ_8b_LOAD_BLOCK, 1, bitdw_dl_I_JUST_WHIITED_i8),
	gsDPSetTile(G_IM_FMT_I, G_IM_SIZ_8b_LOAD_BLOCK, 0, 0, 7, 0, G_TX_WRAP | G_TX_NOMIRROR, 0, 0, G_TX_WRAP | G_TX_NOMIRROR, 0, 0),
	gsDPLoadBlock(7, 0, 0, 511, 512),
	gsDPSetTile(G_IM_FMT_I, G_IM_SIZ_8b, 4, 0, 0, 0, G_TX_WRAP | G_TX_NOMIRROR, 5, 0, G_TX_WRAP | G_TX_NOMIRROR, 5, 0),
	gsDPSetTileSize(0, 0, 0, 124, 124),
	gsSPEndDisplayList(),
};

Gfx mat_revert_bitdw_dl_sky[] = {
	gsSPGeometryMode(0, G_LIGHTING),
	gsDPPipeSync(),
	gsDPSetAlphaDither(G_AD_DISABLE),
	gsSPEndDisplayList(),
};

Gfx mat_bitdw_dl_floor_layer1[] = {
	gsSPGeometryMode(G_LIGHTING, 0),
	gsDPPipeSync(),
	gsDPSetCombineLERP(TEXEL0, 0, TEXEL1, TEXEL0, 0, 0, 0, ENVIRONMENT, PRIMITIVE, 0, SHADE, COMBINED, 0, 0, 0, 1),
	gsDPSetAlphaDither(G_AD_NOISE),
	gsDPSetCycleType(G_CYC_2CYCLE),
	gsDPSetRenderMode(G_RM_NOOP, G_RM_AA_ZB_OPA_SURF2),
	gsSPTexture(65535, 65535, 0, 0, 1),
	gsDPSetPrimColor(0, 0, 255, 255, 255, 255),
	gsDPSetTextureImage(G_IM_FMT_I, G_IM_SIZ_16b, 1, bitdw_dl_Pattern_01_Retro_Wallpaper_Orange_1_64x64_i4),
	gsDPSetTile(G_IM_FMT_I, G_IM_SIZ_16b, 0, 0, 7, 0, G_TX_WRAP | G_TX_NOMIRROR, 0, 0, G_TX_WRAP | G_TX_NOMIRROR, 0, 0),
	gsDPLoadBlock(7, 0, 0, 1023, 512),
	gsDPSetTile(G_IM_FMT_I, G_IM_SIZ_4b, 4, 0, 0, 0, G_TX_WRAP | G_TX_NOMIRROR, 6, 0, G_TX_WRAP | G_TX_NOMIRROR, 6, 0),
	gsDPSetTileSize(0, 0, 0, 252, 252),
	gsDPSetTextureImage(G_IM_FMT_I, G_IM_SIZ_16b, 1, bitdw_dl_Tiles_Pattern_1_Blue_1_64x64_i4),
	gsDPSetTile(G_IM_FMT_I, G_IM_SIZ_16b, 0, 256, 6, 0, G_TX_WRAP | G_TX_NOMIRROR, 0, 0, G_TX_WRAP | G_TX_NOMIRROR, 0, 0),
	gsDPLoadBlock(6, 0, 0, 1023, 512),
	gsDPSetTile(G_IM_FMT_I, G_IM_SIZ_4b, 4, 256, 1, 0, G_TX_WRAP | G_TX_NOMIRROR, 6, 0, G_TX_WRAP | G_TX_NOMIRROR, 6, 0),
	gsDPSetTileSize(1, 0, 0, 252, 252),
	gsSPEndDisplayList(),
};

Gfx mat_revert_bitdw_dl_floor_layer1[] = {
	gsSPGeometryMode(0, G_LIGHTING),
	gsDPPipeSync(),
	gsDPSetAlphaDither(G_AD_DISABLE),
	gsDPSetCycleType(G_CYC_1CYCLE),
	gsDPSetRenderMode(G_RM_AA_ZB_OPA_SURF, G_RM_AA_ZB_OPA_SURF2),
	gsSPEndDisplayList(),
};

Gfx mat_bitdw_dl_star_layer1[] = {
	gsSPGeometryMode(G_LIGHTING, 0),
	gsDPPipeSync(),
	gsDPSetCombineLERP(TEXEL0, 0, TEXEL1, 0, 0, 0, 0, ENVIRONMENT, PRIMITIVE, 0, SHADE, COMBINED, 0, 0, 0, 1),
	gsDPSetAlphaDither(G_AD_NOISE),
	gsDPSetCycleType(G_CYC_2CYCLE),
	gsDPSetRenderMode(G_RM_NOOP, G_RM_AA_ZB_OPA_SURF2),
	gsSPTexture(65535, 65535, 0, 0, 1),
	gsDPSetPrimColor(0, 0, 255, 255, 255, 255),
	gsDPSetTextureImage(G_IM_FMT_I, G_IM_SIZ_8b_LOAD_BLOCK, 1, bitdw_dl_x_wall_I_love_so_much_i8),
	gsDPSetTile(G_IM_FMT_I, G_IM_SIZ_8b_LOAD_BLOCK, 0, 0, 7, 0, G_TX_WRAP | G_TX_NOMIRROR, 0, 0, G_TX_WRAP | G_TX_NOMIRROR, 0, 0),
	gsDPLoadBlock(7, 0, 0, 511, 512),
	gsDPSetTile(G_IM_FMT_I, G_IM_SIZ_8b, 4, 0, 0, 0, G_TX_WRAP | G_TX_NOMIRROR, 5, 0, G_TX_WRAP | G_TX_NOMIRROR, 5, 0),
	gsDPSetTileSize(0, 0, 0, 124, 124),
	gsDPSetTextureImage(G_IM_FMT_I, G_IM_SIZ_16b, 1, bitdw_dl_Art279_64x64_i4),
	gsDPSetTile(G_IM_FMT_I, G_IM_SIZ_16b, 0, 128, 6, 0, G_TX_WRAP | G_TX_NOMIRROR, 0, 0, G_TX_WRAP | G_TX_NOMIRROR, 0, 0),
	gsDPLoadBlock(6, 0, 0, 1023, 512),
	gsDPSetTile(G_IM_FMT_I, G_IM_SIZ_4b, 4, 128, 1, 0, G_TX_WRAP | G_TX_NOMIRROR, 6, 0, G_TX_WRAP | G_TX_NOMIRROR, 6, 0),
	gsDPSetTileSize(1, 0, 0, 252, 252),
	gsSPEndDisplayList(),
};

Gfx mat_revert_bitdw_dl_star_layer1[] = {
	gsSPGeometryMode(0, G_LIGHTING),
	gsDPPipeSync(),
	gsDPSetAlphaDither(G_AD_DISABLE),
	gsDPSetCycleType(G_CYC_1CYCLE),
	gsDPSetRenderMode(G_RM_AA_ZB_OPA_SURF, G_RM_AA_ZB_OPA_SURF2),
	gsSPEndDisplayList(),
};

Gfx mat_bitdw_dl_face_wall_layer1[] = {
	gsSPGeometryMode(G_LIGHTING, 0),
	gsDPPipeSync(),
	gsDPSetCombineLERP(TEXEL0, 0, TEXEL1, 0, 0, 0, 0, ENVIRONMENT, PRIMITIVE, 0, SHADE, COMBINED, 0, 0, 0, 1),
	gsDPSetAlphaDither(G_AD_NOISE),
	gsDPSetCycleType(G_CYC_2CYCLE),
	gsDPSetRenderMode(G_RM_NOOP, G_RM_AA_ZB_OPA_SURF2),
	gsSPTexture(65535, 65535, 0, 0, 1),
	gsDPSetPrimColor(0, 0, 255, 255, 255, 255),
	gsDPSetTextureImage(G_IM_FMT_I, G_IM_SIZ_16b, 1, bitdw_dl_greyface_alt_64x64__CRUELTY_SQUAD__i4),
	gsDPSetTile(G_IM_FMT_I, G_IM_SIZ_16b, 0, 0, 7, 0, G_TX_WRAP | G_TX_NOMIRROR, 0, 0, G_TX_WRAP | G_TX_NOMIRROR, 0, 0),
	gsDPLoadBlock(7, 0, 0, 1023, 512),
	gsDPSetTile(G_IM_FMT_I, G_IM_SIZ_4b, 4, 0, 0, 0, G_TX_CLAMP | G_TX_NOMIRROR, 6, 0, G_TX_CLAMP | G_TX_NOMIRROR, 6, 0),
	gsDPSetTileSize(0, 0, 0, 252, 252),
	gsDPSetTextureImage(G_IM_FMT_I, G_IM_SIZ_8b_LOAD_BLOCK, 1, bitdw_dl_up_tile_yellow_i8),
	gsDPSetTile(G_IM_FMT_I, G_IM_SIZ_8b_LOAD_BLOCK, 0, 256, 6, 0, G_TX_WRAP | G_TX_NOMIRROR, 0, 0, G_TX_WRAP | G_TX_NOMIRROR, 0, 0),
	gsDPLoadBlock(6, 0, 0, 511, 512),
	gsDPSetTile(G_IM_FMT_I, G_IM_SIZ_8b, 4, 256, 1, 0, G_TX_CLAMP | G_TX_MIRROR, 5, 0, G_TX_WRAP | G_TX_NOMIRROR, 5, 0),
	gsDPSetTileSize(1, 0, 0, 124, 252),
	gsSPEndDisplayList(),
};

Gfx mat_revert_bitdw_dl_face_wall_layer1[] = {
	gsSPGeometryMode(0, G_LIGHTING),
	gsDPPipeSync(),
	gsDPSetAlphaDither(G_AD_DISABLE),
	gsDPSetCycleType(G_CYC_1CYCLE),
	gsDPSetRenderMode(G_RM_AA_ZB_OPA_SURF, G_RM_AA_ZB_OPA_SURF2),
	gsSPEndDisplayList(),
};

Gfx mat_bitdw_dl_env_map[] = {
	gsSPGeometryMode(0, G_TEXTURE_GEN),
	gsDPPipeSync(),
	gsDPSetCombineLERP(0, 0, 0, TEXEL0, ENVIRONMENT, 0, ENVIRONMENT, ENVIRONMENT, 0, 0, 0, TEXEL0, ENVIRONMENT, 0, ENVIRONMENT, ENVIRONMENT),
	gsDPSetAlphaDither(G_AD_NOISE),
	gsDPSetTextureLUT(G_TT_RGBA16),
	gsSPTexture(960, 1984, 0, 0, 1),
	gsDPSetTextureImage(G_IM_FMT_RGBA, G_IM_SIZ_16b, 1, bitdw_dl__05006078_pal_rgba16),
	gsDPSetTile(0, 0, 0, 256, 5, 0, G_TX_WRAP | G_TX_NOMIRROR, 0, 0, G_TX_WRAP | G_TX_NOMIRROR, 0, 0),
	gsDPLoadTLUTCmd(5, 78),
	gsDPSetTextureImage(G_IM_FMT_CI, G_IM_SIZ_8b_LOAD_BLOCK, 1, bitdw_dl__05006078_ci8),
	gsDPSetTile(G_IM_FMT_CI, G_IM_SIZ_8b_LOAD_BLOCK, 0, 0, 7, 0, G_TX_WRAP | G_TX_NOMIRROR, 0, 0, G_TX_WRAP | G_TX_NOMIRROR, 0, 0),
	gsDPLoadBlock(7, 0, 0, 255, 1024),
	gsDPSetTile(G_IM_FMT_CI, G_IM_SIZ_8b, 2, 0, 0, 0, G_TX_CLAMP | G_TX_MIRROR, 5, 0, G_TX_CLAMP | G_TX_MIRROR, 4, 0),
	gsDPSetTileSize(0, 0, 0, 124, 252),
	gsSPEndDisplayList(),
};

Gfx mat_revert_bitdw_dl_env_map[] = {
	gsSPGeometryMode(G_TEXTURE_GEN, 0),
	gsDPPipeSync(),
	gsDPSetAlphaDither(G_AD_DISABLE),
	gsDPSetTextureLUT(G_TT_NONE),
	gsSPEndDisplayList(),
};

Gfx mat_bitdw_dl_stone_layer1[] = {
	gsSPGeometryMode(G_LIGHTING, 0),
	gsDPPipeSync(),
	gsDPSetCombineLERP(TEXEL0, 0, TEXEL1, 0, 0, 0, 0, ENVIRONMENT, PRIMITIVE, 0, SHADE, COMBINED, 0, 0, 0, 1),
	gsDPSetAlphaDither(G_AD_NOISE),
	gsDPSetCycleType(G_CYC_2CYCLE),
	gsDPSetRenderMode(G_RM_NOOP, G_RM_AA_ZB_OPA_SURF2),
	gsSPTexture(65535, 65535, 0, 0, 1),
	gsDPSetPrimColor(0, 0, 255, 255, 255, 255),
	gsDPSetTextureImage(G_IM_FMT_I, G_IM_SIZ_16b, 1, bitdw_dl_Stone_01_64x64_i4),
	gsDPSetTile(G_IM_FMT_I, G_IM_SIZ_16b, 0, 0, 7, 0, G_TX_WRAP | G_TX_NOMIRROR, 0, 0, G_TX_WRAP | G_TX_NOMIRROR, 0, 0),
	gsDPLoadBlock(7, 0, 0, 1023, 512),
	gsDPSetTile(G_IM_FMT_I, G_IM_SIZ_4b, 4, 0, 0, 0, G_TX_WRAP | G_TX_NOMIRROR, 6, 0, G_TX_WRAP | G_TX_NOMIRROR, 6, 0),
	gsDPSetTileSize(0, 0, 0, 252, 252),
	gsDPSetTextureImage(G_IM_FMT_RGBA, G_IM_SIZ_16b_LOAD_BLOCK, 1, bitdw_dl_striped_peach_bricks_rgba16),
	gsDPSetTile(G_IM_FMT_RGBA, G_IM_SIZ_16b_LOAD_BLOCK, 0, 256, 6, 0, G_TX_WRAP | G_TX_NOMIRROR, 0, 0, G_TX_WRAP | G_TX_NOMIRROR, 0, 0),
	gsDPLoadBlock(6, 0, 0, 1023, 256),
	gsDPSetTile(G_IM_FMT_RGBA, G_IM_SIZ_16b, 8, 256, 1, 0, G_TX_WRAP | G_TX_NOMIRROR, 5, 0, G_TX_WRAP | G_TX_NOMIRROR, 5, 0),
	gsDPSetTileSize(1, 0, 0, 124, 124),
	gsSPEndDisplayList(),
};

Gfx mat_revert_bitdw_dl_stone_layer1[] = {
	gsSPGeometryMode(0, G_LIGHTING),
	gsDPPipeSync(),
	gsDPSetAlphaDither(G_AD_DISABLE),
	gsDPSetCycleType(G_CYC_1CYCLE),
	gsDPSetRenderMode(G_RM_AA_ZB_OPA_SURF, G_RM_AA_ZB_OPA_SURF2),
	gsSPEndDisplayList(),
};

Gfx bitdw_dl_Sphere_mesh_layer_1[] = {
	gsSPClearGeometryMode(G_LIGHTING),
	gsSPVertex(bitdw_dl_Sphere_mesh_layer_1_vtx_cull + 0, 8, 0),
	gsSPSetGeometryMode(G_LIGHTING),
	gsSPCullDisplayList(0, 7),
	gsSPDisplayList(mat_bitdw_dl_sky),
	gsSPDisplayList(bitdw_dl_Sphere_mesh_layer_1_tri_0),
	gsSPDisplayList(mat_revert_bitdw_dl_sky),
	gsSPEndDisplayList(),
};

Gfx bitdw_dl_VISUAL_mesh_layer_1[] = {
	gsSPClearGeometryMode(G_LIGHTING),
	gsSPVertex(bitdw_dl_VISUAL_mesh_layer_1_vtx_cull + 0, 8, 0),
	gsSPSetGeometryMode(G_LIGHTING),
	gsSPCullDisplayList(0, 7),
	gsSPDisplayList(mat_bitdw_dl_floor_layer1),
	gsSPDisplayList(bitdw_dl_VISUAL_mesh_layer_1_tri_0),
	gsSPDisplayList(mat_revert_bitdw_dl_floor_layer1),
	gsSPDisplayList(mat_bitdw_dl_star_layer1),
	gsSPDisplayList(bitdw_dl_VISUAL_mesh_layer_1_tri_1),
	gsSPDisplayList(mat_revert_bitdw_dl_star_layer1),
	gsSPDisplayList(mat_bitdw_dl_face_wall_layer1),
	gsSPDisplayList(bitdw_dl_VISUAL_mesh_layer_1_tri_2),
	gsSPDisplayList(mat_revert_bitdw_dl_face_wall_layer1),
	gsSPDisplayList(mat_bitdw_dl_env_map),
	gsSPDisplayList(bitdw_dl_VISUAL_mesh_layer_1_tri_3),
	gsSPDisplayList(mat_revert_bitdw_dl_env_map),
	gsSPDisplayList(mat_bitdw_dl_stone_layer1),
	gsSPDisplayList(bitdw_dl_VISUAL_mesh_layer_1_tri_4),
	gsSPDisplayList(mat_revert_bitdw_dl_stone_layer1),
	gsDPPipeSync(),
	gsSPSetGeometryMode(G_LIGHTING),
	gsSPClearGeometryMode(G_TEXTURE_GEN),
	gsDPSetCombineLERP(0, 0, 0, SHADE, 0, 0, 0, ENVIRONMENT, 0, 0, 0, SHADE, 0, 0, 0, ENVIRONMENT),
	gsSPTexture(65535, 65535, 0, 0, 0),
	gsDPSetEnvColor(255, 255, 255, 255),
	gsDPSetAlphaCompare(G_AC_NONE),
	gsSPEndDisplayList(),
};

