Gfx pss_dl_GM4E01_6a317236_14_64x64__BRODUTE__i4_aligner[] = {gsSPEndDisplayList()};
u8 pss_dl_GM4E01_6a317236_14_64x64__BRODUTE__i4[] = {
	0x87, 0x88, 0x77, 0x77, 0x77, 0x77, 0x77, 0x78, 
	0x88, 0x87, 0x88, 0x87, 0x77, 0x77, 0x77, 0x78, 
	0x88, 0x78, 0x77, 0x77, 0x77, 0x77, 0x77, 0x78, 
	0x87, 0x77, 0x77, 0x87, 0x87, 0x77, 0x77, 0x77, 
	0x87, 0x87, 0x77, 0x77, 0x77, 0x77, 0x88, 0x77, 
	0x77, 0x77, 0x78, 0x88, 0x77, 0x77, 0x77, 0x78, 
	0x88, 0x77, 0x77, 0x87, 0x77, 0x77, 0x77, 0x88, 
	0x88, 0x77, 0x77, 0x77, 0x77, 0x77, 0x77, 0x77, 
	0x88, 0x88, 0x77, 0x77, 0x76, 0x77, 0x88, 0x77, 
	0x77, 0x77, 0x78, 0x88, 0x77, 0x77, 0x78, 0x88, 
	0x88, 0x88, 0x88, 0x87, 0x77, 0x87, 0x78, 0x78, 
	0x88, 0x87, 0x77, 0x77, 0x77, 0x76, 0x77, 0x78, 
	0x77, 0x88, 0x77, 0x77, 0x76, 0x77, 0x88, 0x77, 
	0x77, 0x77, 0x77, 0x77, 0x77, 0x77, 0x77, 0x77, 
	0x78, 0x88, 0x88, 0x88, 0x77, 0x77, 0x88, 0x77, 
	0x77, 0x77, 0x77, 0x77, 0x77, 0x77, 0x77, 0x77, 
	0x77, 0x77, 0x77, 0x77, 0x76, 0x67, 0x87, 0x77, 
	0x67, 0x77, 0x77, 0x77, 0x77, 0x77, 0x78, 0x77, 
	0x78, 0x87, 0x88, 0x88, 0x88, 0x88, 0x88, 0x88, 
	0x87, 0x77, 0x77, 0x77, 0x77, 0x77, 0x77, 0x77, 
	0x77, 0x78, 0x87, 0x77, 0x77, 0x77, 0x77, 0x77, 
	0x77, 0x77, 0x77, 0x77, 0x77, 0x88, 0x77, 0x77, 
	0x77, 0x77, 0x88, 0x88, 0x88, 0x88, 0x78, 0x88, 
	0x88, 0x77, 0x78, 0x87, 0x77, 0x77, 0x77, 0x77, 
	0x77, 0x78, 0x87, 0x87, 0x77, 0x77, 0x77, 0x77, 
	0x77, 0x77, 0x77, 0x77, 0x77, 0x87, 0x77, 0x77, 
	0x77, 0x77, 0x77, 0x87, 0x88, 0x88, 0x88, 0x88, 
	0x88, 0x77, 0x77, 0x78, 0x88, 0x88, 0x77, 0x76, 
	0x77, 0x77, 0x77, 0x77, 0x77, 0x77, 0x77, 0x77, 
	0x77, 0x77, 0x77, 0x67, 0x78, 0x77, 0x77, 0x67, 
	0x77, 0x77, 0x77, 0x77, 0x88, 0x88, 0x88, 0x78, 
	0x77, 0x77, 0x77, 0x88, 0x77, 0x77, 0x77, 0x77, 
	0x77, 0x77, 0x77, 0x76, 0x67, 0x77, 0x77, 0x77, 
	0x77, 0x77, 0x77, 0x77, 0x87, 0x77, 0x66, 0x77, 
	0x88, 0x77, 0x77, 0x77, 0x77, 0x78, 0x88, 0x87, 
	0x77, 0x77, 0x78, 0x88, 0x77, 0x77, 0x77, 0x76, 
	0x77, 0x77, 0x77, 0x76, 0x67, 0x77, 0x77, 0x77, 
	0x77, 0x77, 0x77, 0x77, 0x77, 0x77, 0x66, 0x77, 
	0x77, 0x77, 0x77, 0x77, 0x77, 0x77, 0x88, 0x77, 
	0x77, 0x66, 0x77, 0x88, 0x76, 0x77, 0x77, 0x76, 
	0x77, 0x77, 0x77, 0x66, 0x67, 0x77, 0x77, 0x77, 
	0x77, 0x77, 0x87, 0x77, 0x77, 0x77, 0x77, 0x78, 
	0x88, 0x77, 0x77, 0x77, 0x77, 0x77, 0x88, 0x87, 
	0x77, 0x77, 0x77, 0x87, 0x77, 0x77, 0x77, 0x76, 
	0x77, 0x77, 0x77, 0x77, 0x77, 0x77, 0x77, 0x77, 
	0x77, 0x78, 0x87, 0x77, 0x77, 0x76, 0x67, 0x88, 
	0x88, 0x76, 0x77, 0x77, 0x77, 0x77, 0x77, 0x77, 
	0x77, 0x77, 0x77, 0x77, 0x78, 0x77, 0x77, 0x77, 
	0x77, 0x77, 0x77, 0x77, 0x77, 0x77, 0x67, 0x77, 
	0x77, 0x77, 0x77, 0x77, 0x77, 0x76, 0x67, 0x88, 
	0x87, 0x77, 0x77, 0x88, 0x88, 0x77, 0x77, 0x77, 
	0x77, 0x77, 0x66, 0x67, 0x78, 0x88, 0x77, 0x77, 
	0x76, 0x77, 0x77, 0x78, 0x77, 0x77, 0x77, 0x77, 
	0x77, 0x77, 0x77, 0x76, 0x77, 0x77, 0x77, 0x77, 
	0x77, 0x77, 0x77, 0x78, 0x77, 0x77, 0x76, 0x77, 
	0x77, 0x77, 0x66, 0x77, 0x78, 0x88, 0x77, 0x77, 
	0x76, 0x77, 0x77, 0x78, 0x77, 0x77, 0x77, 0x77, 
	0x77, 0x77, 0x77, 0x77, 0x76, 0x67, 0x77, 0x77, 
	0x77, 0x77, 0x77, 0x77, 0x77, 0x77, 0x76, 0x77, 
	0x77, 0x77, 0x77, 0x77, 0x77, 0x77, 0x77, 0x77, 
	0x67, 0x77, 0x77, 0x87, 0x77, 0x77, 0x88, 0x77, 
	0x77, 0x77, 0x66, 0x66, 0x66, 0x77, 0x67, 0x67, 
	0x77, 0x78, 0x77, 0x77, 0x77, 0x67, 0x77, 0x77, 
	0x77, 0x77, 0x77, 0x87, 0x77, 0x77, 0x78, 0x77, 
	0x77, 0x77, 0x77, 0x77, 0x77, 0x77, 0x88, 0x77, 
	0x77, 0x77, 0x77, 0x77, 0x77, 0x66, 0x67, 0x66, 
	0x77, 0x88, 0x77, 0x66, 0x77, 0x77, 0x77, 0x77, 
	0x77, 0x77, 0x88, 0x87, 0x77, 0x77, 0x77, 0x77, 
	0x77, 0x66, 0x77, 0x87, 0x77, 0x77, 0x87, 0x77, 
	0x77, 0x77, 0x77, 0x77, 0x77, 0x76, 0x66, 0x77, 
	0x78, 0x88, 0x77, 0x77, 0x77, 0x77, 0x77, 0x77, 
	0x77, 0x77, 0x78, 0x87, 0x77, 0x77, 0x77, 0x77, 
	0x77, 0x76, 0x77, 0x77, 0x77, 0x77, 0x77, 0x77, 
	0x87, 0x77, 0x77, 0x88, 0x88, 0x76, 0x66, 0x77, 
	0x78, 0x87, 0x77, 0x77, 0x77, 0x77, 0x77, 0x77, 
	0x77, 0x77, 0x88, 0x88, 0x77, 0x77, 0x77, 0x77, 
	0x77, 0x76, 0x77, 0x77, 0x77, 0x77, 0x77, 0x77, 
	0x77, 0x78, 0x88, 0x78, 0x88, 0x77, 0x67, 0x77, 
	0x77, 0x77, 0x77, 0x77, 0x78, 0x77, 0x77, 0x77, 
	0x77, 0x77, 0x78, 0x87, 0x77, 0x77, 0x77, 0x77, 
	0x87, 0x77, 0x77, 0x77, 0x78, 0x77, 0x77, 0x77, 
	0x78, 0x87, 0x87, 0x88, 0x78, 0x87, 0x77, 0x77, 
	0x87, 0x77, 0x77, 0x77, 0x88, 0x77, 0x77, 0x77, 
	0x77, 0x77, 0x77, 0x77, 0x77, 0x77, 0x78, 0x88, 
	0x88, 0x88, 0x77, 0x77, 0x88, 0x87, 0x88, 0x87, 
	0x78, 0x77, 0x77, 0x77, 0x87, 0x88, 0x87, 0x88, 
	0x77, 0x77, 0x77, 0x77, 0x77, 0x77, 0x76, 0x67, 
	0x77, 0x77, 0x77, 0x76, 0x67, 0x77, 0x78, 0x88, 
	0x88, 0x88, 0x77, 0x78, 0x88, 0x88, 0x88, 0x77, 
	0x88, 0x77, 0x77, 0x77, 0x77, 0x77, 0x88, 0x77, 
	0x77, 0x77, 0x77, 0x77, 0x77, 0x77, 0x77, 0x67, 
	0x77, 0x77, 0x77, 0x66, 0x66, 0x77, 0x88, 0x88, 
	0x88, 0x88, 0x77, 0x77, 0x88, 0x87, 0x77, 0x87, 
	0x88, 0x77, 0x77, 0x77, 0x77, 0x77, 0x88, 0x88, 
	0x87, 0x77, 0x77, 0x77, 0x77, 0x77, 0x77, 0x77, 
	0x77, 0x77, 0x77, 0x77, 0x77, 0x77, 0x78, 0x88, 
	0x88, 0x87, 0x77, 0x77, 0x78, 0x87, 0x77, 0x87, 
	0x87, 0x77, 0x77, 0x77, 0x77, 0x77, 0x78, 0x88, 
	0x87, 0x87, 0x77, 0x77, 0x77, 0x76, 0x66, 0x77, 
	0x78, 0x87, 0x77, 0x77, 0x77, 0x77, 0x88, 0x77, 
	0x87, 0x77, 0x77, 0x88, 0x88, 0x77, 0x77, 0x78, 
	0x77, 0x77, 0x77, 0x88, 0x77, 0x77, 0x78, 0x88, 
	0x88, 0x88, 0x77, 0x77, 0x77, 0x76, 0x66, 0x77, 
	0x88, 0x77, 0x77, 0x77, 0x77, 0x77, 0x77, 0x87, 
	0x87, 0x77, 0x77, 0x88, 0x88, 0x77, 0x77, 0x77, 
	0x77, 0x77, 0x77, 0x87, 0x77, 0x77, 0x77, 0x77, 
	0x77, 0x78, 0x87, 0x77, 0x77, 0x76, 0x66, 0x77, 
	0x88, 0x77, 0x87, 0x77, 0x77, 0x77, 0x77, 0x88, 
	0x87, 0x77, 0x77, 0x77, 0x87, 0x77, 0x77, 0x77, 
	0x77, 0x77, 0x88, 0x77, 0x77, 0x77, 0x77, 0x77, 
	0x77, 0x77, 0x78, 0x77, 0x76, 0x67, 0x77, 0x78, 
	0x88, 0x78, 0x87, 0x77, 0x77, 0x77, 0x77, 0x88, 
	0x87, 0x77, 0x67, 0x78, 0x87, 0x88, 0x88, 0x77, 
	0x77, 0x77, 0x88, 0x87, 0x77, 0x77, 0x77, 0x77, 
	0x66, 0x67, 0x77, 0x88, 0x76, 0x66, 0x77, 0x77, 
	0x78, 0x88, 0x87, 0x77, 0x77, 0x77, 0x78, 0x88, 
	0x87, 0x77, 0x67, 0x77, 0x77, 0x78, 0x88, 0x87, 
	0x77, 0x77, 0x78, 0x87, 0x77, 0x77, 0x77, 0x76, 
	0x66, 0x66, 0x77, 0x77, 0x76, 0x67, 0x77, 0x77, 
	0x88, 0x78, 0x77, 0x77, 0x77, 0x77, 0x88, 0x88, 
	0x77, 0x77, 0x77, 0x77, 0x77, 0x78, 0x88, 0x87, 
	0x77, 0x77, 0x77, 0x87, 0x77, 0x77, 0x77, 0x77, 
	0x77, 0x66, 0x78, 0x77, 0x77, 0x77, 0x77, 0x77, 
	0x77, 0x77, 0x78, 0x88, 0x77, 0x77, 0x77, 0x78, 
	0x88, 0x78, 0x78, 0x77, 0x77, 0x77, 0x78, 0x88, 
	0x77, 0x77, 0x77, 0x77, 0x77, 0x77, 0x67, 0x77, 
	0x77, 0x77, 0x77, 0x88, 0x78, 0x88, 0x77, 0x87, 
	0x77, 0x77, 0x77, 0x88, 0x88, 0x77, 0x77, 0x78, 
	0x88, 0x88, 0x87, 0x77, 0x77, 0x77, 0x88, 0x88, 
	0x87, 0x77, 0x77, 0x76, 0x77, 0x77, 0x77, 0x77, 
	0x77, 0x77, 0x77, 0x78, 0x88, 0x88, 0x88, 0x88, 
	0x77, 0x77, 0x78, 0x87, 0x88, 0x77, 0x77, 0x77, 
	0x77, 0x77, 0x88, 0x77, 0x77, 0x77, 0x88, 0x87, 
	0x77, 0x77, 0x77, 0x77, 0x77, 0x77, 0x77, 0x77, 
	0x77, 0x77, 0x77, 0x77, 0x87, 0x77, 0x78, 0x88, 
	0x87, 0x77, 0x78, 0x78, 0x77, 0x76, 0x77, 0x77, 
	0x77, 0x88, 0x87, 0x77, 0x77, 0x78, 0x88, 0x87, 
	0x77, 0x87, 0x87, 0x77, 0x77, 0x77, 0x76, 0x77, 
	0x77, 0x77, 0x76, 0x77, 0x77, 0x77, 0x77, 0x77, 
	0x88, 0x88, 0x87, 0x77, 0x77, 0x76, 0x76, 0x77, 
	0x77, 0x88, 0x77, 0x77, 0x78, 0x88, 0x88, 0x87, 
	0x77, 0x78, 0x77, 0x77, 0x77, 0x77, 0x77, 0x66, 
	0x77, 0x77, 0x77, 0x77, 0x78, 0x77, 0x77, 0x77, 
	0x88, 0x88, 0x77, 0x77, 0x77, 0x77, 0x66, 0x77, 
	0x77, 0x77, 0x77, 0x78, 0x88, 0x87, 0x77, 0x77, 
	0x77, 0x87, 0x77, 0x77, 0x78, 0x77, 0x77, 0x77, 
	0x77, 0x77, 0x77, 0x67, 0x88, 0x77, 0x77, 0x77, 
	0x77, 0x77, 0x87, 0x77, 0x77, 0x67, 0x77, 0x77, 
	0x78, 0x77, 0x77, 0x88, 0x88, 0x87, 0x77, 0x77, 
	0x78, 0x77, 0x77, 0x67, 0x77, 0x77, 0x77, 0x77, 
	0x78, 0x88, 0x87, 0x77, 0x77, 0x77, 0x77, 0x77, 
	0x77, 0x77, 0x77, 0x77, 0x77, 0x77, 0x77, 0x77, 
	0x78, 0x88, 0x87, 0x78, 0x88, 0x87, 0x77, 0x77, 
	0x77, 0x77, 0x77, 0x67, 0x77, 0x78, 0x88, 0x88, 
	0x78, 0x88, 0x87, 0x77, 0x77, 0x77, 0x76, 0x66, 
	0x67, 0x77, 0x77, 0x77, 0x77, 0x77, 0x77, 0x77, 
	0x88, 0x87, 0x77, 0x77, 0x78, 0x77, 0x77, 0x77, 
	0x88, 0x77, 0x77, 0x77, 0x77, 0x88, 0x88, 0x87, 
	0x88, 0x77, 0x77, 0x77, 0x77, 0x77, 0x77, 0x76, 
	0x67, 0x77, 0x77, 0x77, 0x77, 0x77, 0x77, 0x78, 
	0x88, 0x77, 0x88, 0x77, 0x77, 0x76, 0x66, 0x77, 
	0x87, 0x77, 0x77, 0x77, 0x77, 0x88, 0x88, 0x87, 
	0x78, 0x77, 0x77, 0x77, 0x77, 0x66, 0x67, 0x77, 
	0x77, 0x78, 0x87, 0x77, 0x77, 0x77, 0x77, 0x78, 
	0x88, 0x77, 0x88, 0x78, 0x77, 0x77, 0x66, 0x77, 
	0x77, 0x77, 0x67, 0x77, 0x77, 0x88, 0x88, 0x78, 
	0x77, 0x77, 0x77, 0x77, 0x77, 0x76, 0x77, 0x76, 
	0x67, 0x77, 0x88, 0x78, 0x87, 0x77, 0x77, 0x78, 
	0x88, 0x77, 0x77, 0x77, 0x78, 0x77, 0x77, 0x77, 
	0x77, 0x77, 0x77, 0x77, 0x77, 0x77, 0x87, 0x77, 
	0x77, 0x77, 0x77, 0x77, 0x77, 0x77, 0x77, 0x77, 
	0x67, 0x77, 0x77, 0x77, 0x78, 0x77, 0x77, 0x78, 
	0x77, 0x87, 0x77, 0x77, 0x77, 0x77, 0x77, 0x77, 
	0x78, 0x77, 0x77, 0x77, 0x77, 0x77, 0x77, 0x77, 
	0x77, 0x77, 0x77, 0x77, 0x77, 0x77, 0x77, 0x77, 
	0x77, 0x77, 0x77, 0x77, 0x77, 0x77, 0x77, 0x77, 
	0x77, 0x77, 0x77, 0x77, 0x77, 0x77, 0x77, 0x87, 
	0x77, 0x77, 0x77, 0x77, 0x77, 0x77, 0x77, 0x77, 
	0x77, 0x77, 0x77, 0x77, 0x78, 0x77, 0x77, 0x77, 
	0x77, 0x77, 0x66, 0x67, 0x77, 0x77, 0x77, 0x77, 
	0x77, 0x87, 0x77, 0x77, 0x77, 0x77, 0x77, 0x88, 
	0x87, 0x88, 0x77, 0x77, 0x77, 0x77, 0x77, 0x77, 
	0x77, 0x77, 0x77, 0x77, 0x78, 0x77, 0x77, 0x77, 
	0x77, 0x76, 0x66, 0x77, 0x77, 0x77, 0x87, 0x77, 
	0x77, 0x77, 0x77, 0x77, 0x87, 0x77, 0x77, 0x78, 
	0x88, 0x87, 0x88, 0x88, 0x87, 0x77, 0x77, 0x78, 
	0x78, 0x77, 0x77, 0x77, 0x77, 0x77, 0x77, 0x77, 
	0x77, 0x76, 0x66, 0x77, 0x76, 0x77, 0x77, 0x78, 
	0x77, 0x77, 0x77, 0x88, 0x77, 0x77, 0x77, 0x77, 
	0x78, 0x88, 0x77, 0x77, 0x87, 0x77, 0x88, 0x88, 
	0x88, 0x77, 0x76, 0x67, 0x77, 0x77, 0x77, 0x78, 
	0x87, 0x77, 0x67, 0x77, 0x67, 0x77, 0x77, 0x78, 
	0x77, 0x77, 0x78, 0x87, 0x77, 0x77, 0x77, 0x77, 
	0x77, 0x88, 0x77, 0x77, 0x77, 0x78, 0x88, 0x88, 
	0x88, 0x77, 0x66, 0x66, 0x77, 0x77, 0x77, 0x77, 
	0x87, 0x77, 0x77, 0x77, 0x77, 0x77, 0x77, 0x77, 
	0x77, 0x77, 0x77, 0x77, 0x77, 0x77, 0x77, 0x77, 
	0x77, 0x77, 0x77, 0x77, 0x67, 0x77, 0x88, 0x87, 
	0x77, 0x77, 0x76, 0x66, 0x66, 0x77, 0x77, 0x77, 
	0x88, 0x77, 0x77, 0x77, 0x77, 0x77, 0x77, 0x77, 
	0x77, 0x77, 0x77, 0x77, 0x77, 0x77, 0x77, 0x77, 
	0x77, 0x77, 0x77, 0x77, 0x66, 0x77, 0x77, 0x87, 
	0x67, 0x77, 0x76, 0x66, 0x66, 0x76, 0x67, 0x77, 
	0x78, 0x87, 0x76, 0x67, 0x77, 0x77, 0x77, 0x77, 
	0x77, 0x78, 0x77, 0x77, 0x77, 0x87, 0x88, 0x76, 
	0x77, 0x66, 0x77, 0x77, 0x77, 0x77, 0x77, 0x77, 
	0x76, 0x77, 0x76, 0x67, 0x77, 0x66, 0x67, 0x77, 
	0x78, 0x77, 0x77, 0x67, 0x78, 0x88, 0x77, 0x77, 
	0x77, 0x77, 0x87, 0x67, 0x77, 0x77, 0x77, 0x77, 
	0x77, 0x67, 0x77, 0x77, 0x77, 0x77, 0x78, 0x77, 
	0x77, 0x76, 0x66, 0x66, 0x67, 0x66, 0x67, 0x77, 
	0x77, 0x77, 0x77, 0x77, 0x77, 0x88, 0x77, 0x77, 
	0x77, 0x88, 0x87, 0x77, 0x77, 0x77, 0x77, 0x78, 
	0x87, 0x77, 0x77, 0x77, 0x77, 0x78, 0x88, 0x88, 
	0x77, 0x76, 0x66, 0x77, 0x66, 0x66, 0x77, 0x78, 
	0x77, 0x77, 0x78, 0x77, 0x77, 0x78, 0x87, 0x77, 
	0x77, 0x88, 0x87, 0x77, 0x77, 0x77, 0x77, 0x78, 
	0x88, 0x77, 0x77, 0x77, 0x77, 0x78, 0x88, 0x88, 
	0x87, 0x76, 0x77, 0x77, 0x76, 0x77, 0x77, 0x77, 
	0x77, 0x77, 0x78, 0x88, 0x87, 0x77, 0x87, 0x77, 
	0x77, 0x77, 0x78, 0x77, 0x78, 0x77, 0x77, 0x78, 
	0x78, 0x77, 0x77, 0x77, 0x78, 0x77, 0x78, 0x88, 
	0x77, 0x76, 0x77, 0x77, 0x77, 0x77, 0x77, 0x87, 
	0x77, 0x77, 0x78, 0x88, 0x87, 0x77, 0x77, 0x77, 
	0x77, 0x77, 0x78, 0x78, 0x88, 0x87, 0x77, 0x77, 
	0x77, 0x87, 0x77, 0x77, 0x77, 0x77, 0x77, 0x77, 
	0x77, 0x77, 0x77, 0x77, 0x78, 0x78, 0x87, 0x87, 
	0x76, 0x77, 0x77, 0x88, 0x87, 0x77, 0x77, 0x66, 
	0x67, 0x77, 0x77, 0x78, 0x88, 0x88, 0x77, 0x66, 
	0x77, 0x88, 0x77, 0x77, 0x77, 0x77, 0x77, 0x77, 
	0x77, 0x78, 0x88, 0x77, 0x77, 0x88, 0x87, 0x77, 
	0x76, 0x77, 0x77, 0x88, 0x88, 0x77, 0x76, 0x66, 
	0x67, 0x77, 0x77, 0x77, 0x78, 0x78, 0x77, 0x76, 
	0x67, 0x88, 0x77, 0x77, 0x77, 0x77, 0x77, 0x77, 
	0x77, 0x78, 0x87, 0x77, 0x77, 0x77, 0x87, 0x77, 
	0x76, 0x77, 0x77, 0x88, 0x88, 0x77, 0x76, 0x66, 
	0x67, 0x77, 0x77, 0x77, 0x78, 0x77, 0x87, 0x76, 
	0x67, 0x77, 0x77, 0x77, 0x77, 0x87, 0x77, 0x76, 
	0x67, 0x78, 0x87, 0x77, 0x77, 0x77, 0x77, 0x76, 
	0x67, 0x77, 0x78, 0x88, 0x78, 0x77, 0x76, 0x76, 
	0x77, 0x77, 0x77, 0x88, 0x77, 0x88, 0x77, 0x77, 
	0x77, 0x77, 0x77, 0x77, 0x88, 0x87, 0x77, 0x77, 
	0x77, 0x78, 0x87, 0x67, 0x76, 0x77, 0x77, 0x76, 
	0x67, 0x77, 0x77, 0x78, 0x77, 0x77, 0x77, 0x77, 
	0x77, 0x77, 0x77, 0x77, 0x77, 0x88, 0x77, 0x77, 
	0x77, 0x77, 0x77, 0x78, 0x88, 0x87, 0x77, 0x77, 
	0x77, 0x78, 0x77, 0x67, 0x66, 0x67, 0x77, 0x77, 
	0x77, 0x77, 0x77, 0x87, 0x77, 0x77, 0x77, 0x77, 
	0x77, 0x78, 0x77, 0x77, 0x77, 0x77, 0x77, 0x77, 
	0x77, 0x77, 0x77, 0x78, 0x87, 0x87, 0x77, 0x77, 
	0x77, 0x88, 0x77, 0x66, 0x67, 0x77, 0x77, 0x77, 
	0x77, 0x77, 0x88, 0x87, 0x77, 0x77, 0x77, 0x77, 
	0x77, 0x78, 0x77, 0x77, 0x77, 0x77, 0x77, 0x88, 
	0x88, 0x77, 0x87, 0x88, 0x88, 0x87, 0x77, 0x77, 
	0x87, 0x77, 0x77, 0x77, 0x77, 0x76, 0x77, 0x78, 
	0x77, 0x77, 0x77, 0x87, 0x88, 0x77, 0x78, 0x77, 
	
};

Gfx pss_dl_suna4_i4_aligner[] = {gsSPEndDisplayList()};
u8 pss_dl_suna4_i4[] = {
	0xbb, 0xbb, 0xbb, 0xbb, 0xaa, 0xaa, 0xba, 0xaa, 
	0xaa, 0xaa, 0xbb, 0xbb, 0xcb, 0xbb, 0xaa, 0xaa, 
	0xaa, 0xab, 0xbb, 0xbb, 0xcc, 0xbb, 0xaa, 0xab, 
	0xaa, 0xaa, 0xaa, 0xaa, 0xaa, 0xaa, 0xaa, 0xab, 
	0xbb, 0xbb, 0xbb, 0xbb, 0xaa, 0xaa, 0xba, 0xaa, 
	0xaa, 0xaa, 0xbb, 0xbb, 0xbb, 0xbb, 0xaa, 0xaa, 
	0xaa, 0xab, 0xbb, 0xbb, 0xcb, 0xba, 0xaa, 0xaa, 
	0xaa, 0xaa, 0xaa, 0xaa, 0xaa, 0xaa, 0xaa, 0xab, 
	0xbb, 0xbb, 0xbb, 0xbb, 0xaa, 0xaa, 0xaa, 0xaa, 
	0xaa, 0xaa, 0xbb, 0xbb, 0xbb, 0xbb, 0xaa, 0xaa, 
	0xaa, 0xbb, 0xbb, 0xbb, 0xba, 0xab, 0xaa, 0xaa, 
	0xaa, 0xaa, 0xaa, 0xaa, 0xaa, 0xaa, 0xaa, 0xab, 
	0xbb, 0xbc, 0xbb, 0xbb, 0xaa, 0xaa, 0xaa, 0xaa, 
	0xaa, 0xaa, 0xbb, 0xbb, 0xbb, 0xbb, 0xaa, 0xaa, 
	0xab, 0xbb, 0xbb, 0xbb, 0xba, 0xaa, 0xaa, 0xaa, 
	0xaa, 0xaa, 0xaa, 0xaa, 0xaa, 0xaa, 0xaa, 0xbb, 
	0xbb, 0xbc, 0xbb, 0xbb, 0xbb, 0xaa, 0xaa, 0xaa, 
	0xaa, 0xaa, 0xbb, 0xbb, 0xbb, 0xbb, 0xba, 0xaa, 
	0xbb, 0xbb, 0xcc, 0xbb, 0xba, 0xaa, 0xaa, 0xaa, 
	0xaa, 0xaa, 0xaa, 0xaa, 0xbb, 0xbb, 0xbb, 0xbb, 
	0xbb, 0xcc, 0xbb, 0xbb, 0xbb, 0xaa, 0xaa, 0xaa, 
	0xaa, 0xab, 0xbb, 0xbb, 0xbb, 0xbb, 0xba, 0xaa, 
	0xbb, 0xbb, 0xbb, 0xbb, 0xbb, 0xaa, 0xaa, 0xaa, 
	0xaa, 0xaa, 0xaa, 0xab, 0xbb, 0xcb, 0xbb, 0xbb, 
	0xbb, 0xcc, 0xbb, 0xbb, 0xbb, 0xaa, 0xaa, 0xaa, 
	0xaa, 0xab, 0xbb, 0xbb, 0xbb, 0xbb, 0xba, 0xaa, 
	0xbb, 0xbb, 0xbb, 0xbb, 0xba, 0xaa, 0xaa, 0xaa, 
	0xaa, 0xaa, 0xaa, 0xbb, 0xbc, 0xcc, 0xbb, 0xbb, 
	0xbc, 0xcc, 0xbb, 0xbb, 0xaa, 0xaa, 0xaa, 0xaa, 
	0xaa, 0xab, 0xbb, 0xcb, 0xbb, 0xbb, 0xba, 0xab, 
	0xbb, 0xbb, 0xbb, 0xaa, 0xaa, 0xaa, 0xab, 0xaa, 
	0xaa, 0xaa, 0xbb, 0xbb, 0xcc, 0xcc, 0xbb, 0xbb, 
	0xbb, 0xbb, 0xbb, 0xaa, 0xaa, 0xaa, 0xaa, 0xaa, 
	0xaa, 0xbb, 0xbb, 0xcb, 0xbb, 0xbb, 0xbb, 0xbb, 
	0xbb, 0xbb, 0xaa, 0xaa, 0xaa, 0xaa, 0xaa, 0xaa, 
	0xaa, 0xab, 0xbb, 0xbc, 0xcc, 0xbb, 0xbb, 0xbb, 
	0xbb, 0xbb, 0xba, 0xaa, 0xba, 0xaa, 0xaa, 0xaa, 
	0xaa, 0xbb, 0xbb, 0xbb, 0xbb, 0xbb, 0xbb, 0xbb, 
	0xbb, 0xba, 0xaa, 0xaa, 0xaa, 0xaa, 0xaa, 0xaa, 
	0xaa, 0xbb, 0xbb, 0xcc, 0xcb, 0xbb, 0xbb, 0xbb, 
	0xbb, 0xbb, 0xaa, 0xaa, 0xaa, 0xaa, 0xaa, 0xaa, 
	0xaa, 0xab, 0xbb, 0xbc, 0xcb, 0xbb, 0xbb, 0xbb, 
	0xbb, 0xaa, 0xaa, 0xaa, 0xaa, 0xaa, 0xaa, 0xaa, 
	0xbb, 0xbb, 0xbc, 0xcc, 0xbb, 0xbb, 0xbb, 0xbb, 
	0xbb, 0xbb, 0xab, 0xaa, 0xaa, 0xaa, 0xaa, 0xaa, 
	0xaa, 0xbb, 0xbb, 0xbc, 0xcb, 0xbb, 0xbb, 0xbb, 
	0xba, 0xaa, 0xaa, 0xaa, 0xaa, 0xaa, 0xaa, 0xab, 
	0xbb, 0xbb, 0xcc, 0xcb, 0xbb, 0xbb, 0xbb, 0xbb, 
	0xbb, 0xbb, 0xbb, 0xbb, 0xaa, 0xaa, 0xaa, 0xaa, 
	0xaa, 0xbb, 0xbb, 0xbc, 0xbb, 0xbb, 0xaa, 0xaa, 
	0xbb, 0xaa, 0xaa, 0xaa, 0xaa, 0xaa, 0xaa, 0xbb, 
	0xbb, 0xbb, 0xcc, 0xbb, 0xba, 0xaa, 0xab, 0xbb, 
	0xbb, 0xbb, 0xbb, 0xbb, 0xba, 0xaa, 0xaa, 0xaa, 
	0xab, 0xbb, 0xbb, 0xbc, 0xcb, 0xbb, 0xba, 0xaa, 
	0xaa, 0xaa, 0xaa, 0xaa, 0xaa, 0xaa, 0xaa, 0xbb, 
	0xbb, 0xbc, 0xcb, 0xbb, 0xaa, 0xaa, 0xab, 0xbb, 
	0xbb, 0xbb, 0xbb, 0xbb, 0xaa, 0xaa, 0xaa, 0xaa, 
	0xab, 0xbb, 0xbb, 0xbc, 0xcc, 0xbb, 0xbb, 0xaa, 
	0xaa, 0xbb, 0xaa, 0xaa, 0xaa, 0xaa, 0xab, 0xbb, 
	0xbc, 0xcc, 0xcb, 0xbb, 0xaa, 0xaa, 0xaa, 0xab, 
	0xbb, 0xbb, 0xbb, 0xbb, 0xaa, 0xaa, 0xaa, 0xaa, 
	0xab, 0xbb, 0xbb, 0xbc, 0xcc, 0xbb, 0xaa, 0xaa, 
	0xaa, 0xbb, 0xaa, 0xaa, 0xaa, 0xaa, 0xbb, 0xbb, 
	0xcc, 0xcc, 0xbb, 0xbb, 0xaa, 0xaa, 0xaa, 0xaa, 
	0xbb, 0xbb, 0xbb, 0xbb, 0xaa, 0xaa, 0xaa, 0xaa, 
	0xaa, 0xbb, 0xbb, 0xbb, 0xcc, 0xbb, 0xab, 0xaa, 
	0xaa, 0xaa, 0xaa, 0xaa, 0xbb, 0xbb, 0xbb, 0xbb, 
	0xcc, 0xbb, 0xbb, 0xaa, 0xbb, 0xaa, 0xaa, 0xaa, 
	0xbb, 0xbb, 0xbb, 0xba, 0xaa, 0xab, 0xaa, 0xaa, 
	0xab, 0xbb, 0xbb, 0xbb, 0xcc, 0xba, 0xaa, 0xaa, 
	0xaa, 0xaa, 0xaa, 0xaa, 0xbb, 0xbb, 0xbb, 0xbb, 
	0xbb, 0xbb, 0xbb, 0xaa, 0xbb, 0xaa, 0xaa, 0xaa, 
	0xbb, 0xbb, 0xbb, 0xbb, 0xaa, 0xab, 0xaa, 0xaa, 
	0xbb, 0xbb, 0xbb, 0xbb, 0xcc, 0xba, 0xaa, 0xaa, 
	0xaa, 0xaa, 0xaa, 0xaa, 0xbb, 0xbb, 0xbb, 0xcb, 
	0xbb, 0xbb, 0xaa, 0xaa, 0xab, 0xba, 0xaa, 0xaa, 
	0xbb, 0xbb, 0xbb, 0xbb, 0xaa, 0xaa, 0xaa, 0xaa, 
	0xbb, 0xbb, 0xbb, 0xbb, 0xcb, 0xaa, 0xaa, 0xaa, 
	0xaa, 0xaa, 0xaa, 0xbb, 0xbc, 0xbc, 0xbb, 0xbb, 
	0xbb, 0xbb, 0xaa, 0xaa, 0xaa, 0xaa, 0xaa, 0xaa, 
	0xbb, 0xbb, 0xbb, 0xba, 0xaa, 0xaa, 0xaa, 0xab, 
	0xbb, 0xbb, 0xbb, 0xcc, 0xbb, 0xaa, 0xaa, 0xaa, 
	0xaa, 0xaa, 0xab, 0xbb, 0xbb, 0xbb, 0xcb, 0xbb, 
	0xaa, 0xaa, 0xba, 0xaa, 0xaa, 0xaa, 0xaa, 0xab, 
	0xbb, 0xbb, 0xbb, 0xba, 0xaa, 0xaa, 0xaa, 0xab, 
	0xbb, 0xbb, 0xbb, 0xcc, 0xbb, 0xba, 0xaa, 0xaa, 
	0xaa, 0xaa, 0xab, 0xbb, 0xbb, 0xbb, 0xcb, 0xba, 
	0xaa, 0xaa, 0xba, 0xaa, 0xaa, 0xaa, 0xaa, 0xbb, 
	0xbb, 0xbb, 0xbb, 0xaa, 0xbb, 0xaa, 0xab, 0xab, 
	0xbb, 0xbb, 0xbb, 0xbb, 0xbb, 0xbb, 0xaa, 0xaa, 
	0xaa, 0xaa, 0xba, 0xbb, 0xbb, 0xbb, 0xbb, 0xaa, 
	0xaa, 0xaa, 0xba, 0xaa, 0xaa, 0xaa, 0xaa, 0xbb, 
	0xbb, 0xbc, 0xbb, 0xba, 0xbb, 0xaa, 0xab, 0xbb, 
	0xbb, 0xbb, 0xbb, 0xbb, 0xbb, 0xaa, 0xaa, 0xaa, 
	0xaa, 0xab, 0xbb, 0xbb, 0xbb, 0xbb, 0xba, 0xaa, 
	0xaa, 0xaa, 0xaa, 0xaa, 0xaa, 0xaa, 0xaa, 0xbb, 
	0xbb, 0xbc, 0xcb, 0xbb, 0xba, 0xaa, 0xab, 0xaa, 
	0xab, 0xab, 0xbb, 0xbb, 0xbb, 0xaa, 0xaa, 0xaa, 
	0xaa, 0xab, 0xbb, 0xbb, 0xbb, 0xba, 0xaa, 0xaa, 
	0xab, 0xaa, 0xaa, 0xaa, 0xaa, 0xab, 0xbb, 0xbb, 
	0xbb, 0xbb, 0xcb, 0xbb, 0xaa, 0xaa, 0xaa, 0xaa, 
	0xab, 0xbb, 0xbb, 0xbb, 0xaa, 0xaa, 0xaa, 0xaa, 
	0xaa, 0xbb, 0xbb, 0xbb, 0xbb, 0xaa, 0xaa, 0xaa, 
	0xaa, 0xaa, 0xaa, 0xaa, 0xaa, 0xab, 0xbb, 0xbb, 
	0xbb, 0xbb, 0xbb, 0xbb, 0xaa, 0xaa, 0xaa, 0xaa, 
	0xbb, 0xbb, 0xbb, 0xbb, 0xaa, 0xaa, 0xaa, 0xab, 
	0xab, 0xbb, 0xbb, 0xbb, 0xba, 0xaa, 0xaa, 0xaa, 
	0xaa, 0xaa, 0xaa, 0xaa, 0xaa, 0xbb, 0xbb, 0xbb, 
	0xbb, 0xbb, 0xbb, 0xbb, 0xaa, 0xaa, 0xaa, 0xaa, 
	0xbb, 0xbb, 0xbb, 0xbb, 0xaa, 0xaa, 0xaa, 0xbb, 
	0xbb, 0xbb, 0xbb, 0xbb, 0xaa, 0xaa, 0xaa, 0xaa, 
	0xaa, 0xaa, 0xaa, 0xaa, 0xab, 0xbb, 0xbb, 0xbb, 
	0xbb, 0xbb, 0xba, 0xaa, 0xaa, 0xaa, 0xaa, 0xab, 
	0xbb, 0xbb, 0xbb, 0xaa, 0xaa, 0xaa, 0xbb, 0xbb, 
	0xbb, 0xbb, 0xbb, 0xbb, 0xaa, 0xaa, 0xaa, 0xaa, 
	0xaa, 0xaa, 0xaa, 0xaa, 0xbb, 0xbb, 0xab, 0xbb, 
	0xbb, 0xbb, 0xbb, 0xba, 0xaa, 0xaa, 0xab, 0xbb, 
	0xbb, 0xbb, 0xba, 0xaa, 0xaa, 0xaa, 0xbb, 0xbb, 
	0xbb, 0xbb, 0xbb, 0xbb, 0xaa, 0xaa, 0xba, 0xaa, 
	0xaa, 0xaa, 0xaa, 0xaa, 0xbb, 0xbb, 0xbb, 0xba, 
	0xbb, 0xbb, 0xba, 0xaa, 0xaa, 0xaa, 0xbb, 0xbb, 
	0xbb, 0xbb, 0xab, 0xba, 0xaa, 0xbb, 0xbb, 0xbb, 
	0xbb, 0xbb, 0xbb, 0xbb, 0xbb, 0xaa, 0xba, 0xaa, 
	0xaa, 0xaa, 0xaa, 0xaa, 0xbb, 0xbb, 0xbb, 0xba, 
	0xbb, 0xbb, 0xaa, 0xaa, 0xaa, 0xbb, 0xbb, 0xbb, 
	0xbb, 0xbb, 0xaa, 0xaa, 0xaa, 0xbb, 0xbb, 0xbb, 
	0xbb, 0xbb, 0xbb, 0xbb, 0xbb, 0xaa, 0xaa, 0xaa, 
	0xaa, 0xab, 0xbb, 0xbb, 0xbb, 0xbb, 0xbb, 0xba, 
	0xbb, 0xba, 0xaa, 0xaa, 0xbb, 0xbb, 0xbb, 0xcb, 
	0xaa, 0xaa, 0xaa, 0xaa, 0xab, 0xab, 0xbb, 0xbb, 
	0xbb, 0xbb, 0xbb, 0xaa, 0xba, 0xaa, 0xaa, 0xaa, 
	0xaa, 0xaa, 0xbb, 0xbb, 0xbb, 0xbb, 0xbb, 0xba, 
	0xbb, 0xba, 0xaa, 0xaa, 0xbb, 0xbb, 0xbb, 0xbb, 
	0xaa, 0xaa, 0xaa, 0xaa, 0xaa, 0xab, 0xbb, 0xbb, 
	0xbb, 0xbb, 0xbb, 0xaa, 0xaa, 0xaa, 0xaa, 0xaa, 
	0xaa, 0xba, 0xbb, 0xbb, 0xbb, 0xbb, 0xbb, 0xba, 
	0xbb, 0xaa, 0xab, 0xaa, 0xbb, 0xbb, 0xbc, 0xbb, 
	0xaa, 0xaa, 0xaa, 0xaa, 0xaa, 0xab, 0xbb, 0xbb, 
	0xbb, 0xbb, 0xba, 0xaa, 0xaa, 0xaa, 0xaa, 0xab, 
	0xbb, 0xaa, 0xbb, 0xbb, 0xbb, 0xbb, 0xaa, 0xaa, 
	0xbb, 0xaa, 0xaa, 0xaa, 0xbb, 0xbb, 0xbb, 0xbb, 
	0xaa, 0xaa, 0xaa, 0xaa, 0xaa, 0xab, 0xbb, 0xbb, 
	0xbb, 0xbb, 0xba, 0xaa, 0xaa, 0xaa, 0xaa, 0xab, 
	0xbb, 0xbb, 0xbc, 0xbb, 0xbb, 0xbb, 0xba, 0xaa, 
	0xba, 0xaa, 0xab, 0xbb, 0xbb, 0xcb, 0xbb, 0xaa, 
	0xaa, 0xaa, 0xaa, 0xab, 0xbb, 0xbb, 0xbc, 0xbb, 
	0xbb, 0xbb, 0xba, 0xaa, 0xaa, 0xaa, 0xaa, 0xab, 
	0xbb, 0xbb, 0xbc, 0xba, 0xaa, 0xaa, 0xaa, 0xaa, 
	0xaa, 0xaa, 0xbb, 0xbb, 0xcb, 0xbb, 0xba, 0xaa, 
	0xaa, 0xaa, 0xaa, 0xbb, 0xbb, 0xbb, 0xbb, 0xbb, 
	0xbb, 0xbb, 0xaa, 0xaa, 0xaa, 0xab, 0xaa, 0xab, 
	0xbb, 0xbb, 0xcb, 0xba, 0xaa, 0xaa, 0xaa, 0xaa, 
	0xaa, 0xaa, 0xab, 0xbc, 0xcb, 0xbb, 0xaa, 0xaa, 
	0xaa, 0xaa, 0xaa, 0xbb, 0xbb, 0xbb, 0xbb, 0xbb, 
	0xbb, 0xbb, 0xaa, 0xaa, 0xaa, 0xab, 0xaa, 0xab, 
	0xbb, 0xbb, 0xcb, 0xaa, 0xaa, 0xaa, 0xaa, 0xaa, 
	0xaa, 0xaa, 0xab, 0xcc, 0xbb, 0xab, 0xaa, 0xaa, 
	0xaa, 0xaa, 0xab, 0xbb, 0xbb, 0xbb, 0xbb, 0xbb, 
	0xbb, 0xbb, 0xaa, 0xaa, 0xaa, 0xaa, 0xaa, 0xab, 
	0xbb, 0xbb, 0xcb, 0xaa, 0xaa, 0xaa, 0xaa, 0xaa, 
	0xaa, 0xaa, 0xbb, 0xbb, 0xbb, 0xaa, 0xaa, 0xaa, 
	0xaa, 0xaa, 0xbb, 0xbb, 0xbb, 0xbb, 0xba, 0xaa, 
	0xbb, 0xba, 0xaa, 0xaa, 0xaa, 0xaa, 0xaa, 0xab, 
	0xbb, 0xbb, 0xbb, 0xaa, 0xaa, 0xaa, 0xaa, 0xaa, 
	0xaa, 0xaa, 0xbb, 0xbb, 0xbb, 0xaa, 0xaa, 0xaa, 
	0xaa, 0xaa, 0xbb, 0xbb, 0xbc, 0xbb, 0xaa, 0xaa, 
	0xab, 0xba, 0xaa, 0xaa, 0xaa, 0xaa, 0xaa, 0xab, 
	0xbb, 0xbb, 0xba, 0xaa, 0xaa, 0xaa, 0xaa, 0xaa, 
	0xaa, 0xbb, 0xbb, 0xbb, 0xba, 0xaa, 0xaa, 0xaa, 
	0xaa, 0xaa, 0xbb, 0xbb, 0xbc, 0xbb, 0xaa, 0xaa, 
	0xbb, 0xba, 0xaa, 0xaa, 0xaa, 0xaa, 0xaa, 0xab, 
	0xbb, 0xbb, 0xaa, 0xaa, 0xaa, 0xaa, 0xaa, 0xaa, 
	0xaa, 0xbb, 0xbc, 0xbb, 0xaa, 0xaa, 0xaa, 0xaa, 
	0xaa, 0xaa, 0xbb, 0xbb, 0xcc, 0xbb, 0xaa, 0xaa, 
	0xbb, 0xba, 0xaa, 0xaa, 0xaa, 0xab, 0xaa, 0xbb, 
	0xbb, 0xbb, 0xaa, 0xaa, 0xaa, 0xaa, 0xaa, 0xaa, 
	0xbb, 0xbb, 0xbb, 0xbb, 0xba, 0xaa, 0xaa, 0xaa, 
	0xaa, 0xaa, 0xbb, 0xbb, 0xcc, 0xbb, 0xaa, 0xaa, 
	0xbb, 0xba, 0xaa, 0xaa, 0xaa, 0xaa, 0xbb, 0xbb, 
	0xbb, 0xba, 0xab, 0xba, 0xaa, 0xaa, 0xaa, 0xaa, 
	0xbb, 0xbb, 0xbb, 0xbb, 0xaa, 0xaa, 0xaa, 0xaa, 
	0xaa, 0xab, 0xbb, 0xbc, 0xcb, 0xbb, 0xaa, 0xaa, 
	0xab, 0xba, 0xaa, 0xaa, 0xaa, 0xaa, 0xbb, 0xbb, 
	0xbb, 0xba, 0xaa, 0xaa, 0xaa, 0xaa, 0xaa, 0xab, 
	0xbb, 0xbb, 0xbb, 0xbb, 0xaa, 0xaa, 0xaa, 0xaa, 
	0xaa, 0xab, 0xbb, 0xbc, 0xcb, 0xbb, 0xba, 0xaa, 
	0xbb, 0xbb, 0xba, 0xaa, 0xaa, 0xaa, 0xbb, 0xbb, 
	0xbb, 0xaa, 0xaa, 0xaa, 0xaa, 0xaa, 0xaa, 0xbb, 
	0xbb, 0xbb, 0xbb, 0xbb, 0xaa, 0xaa, 0xaa, 0xaa, 
	0xaa, 0xbb, 0xbb, 0xbc, 0xbb, 0xbb, 0xba, 0xaa, 
	0xab, 0xbb, 0xba, 0xba, 0xaa, 0xaa, 0xbb, 0xbb, 
	0xbb, 0xaa, 0xaa, 0xaa, 0xaa, 0xba, 0xbb, 0xbb, 
	0xbb, 0xcc, 0xbb, 0xbb, 0xaa, 0xaa, 0xaa, 0xaa, 
	0xaa, 0xab, 0xbb, 0xcc, 0xba, 0xaa, 0xaa, 0xaa, 
	0xbb, 0xaa, 0xaa, 0xbb, 0xaa, 0xaa, 0xbb, 0xbb, 
	0xbb, 0xaa, 0xaa, 0xbb, 0xbb, 0xbb, 0xbb, 0xab, 
	0xbb, 0xbc, 0xbb, 0xaa, 0xaa, 0xaa, 0xaa, 0xaa, 
	0xaa, 0xab, 0xbb, 0xcc, 0xba, 0xaa, 0xaa, 0xaa, 
	0xbb, 0xaa, 0xaa, 0xaa, 0xaa, 0xaa, 0xbb, 0xbb, 
	0xba, 0xaa, 0xbb, 0xbb, 0xbb, 0xbb, 0xbb, 0xab, 
	0xbb, 0xbb, 0xba, 0xaa, 0xaa, 0xaa, 0xaa, 0xaa, 
	0xaa, 0xab, 0xbb, 0xbb, 0xba, 0xaa, 0xaa, 0xaa, 
	0xba, 0xaa, 0xaa, 0xaa, 0xaa, 0xaa, 0xbb, 0xbb, 
	0xba, 0xbb, 0xbb, 0xbb, 0xbb, 0xaa, 0xab, 0xaa, 
	0xbb, 0xbb, 0xbb, 0xbb, 0xaa, 0xaa, 0xaa, 0xaa, 
	0xaa, 0xaa, 0xbb, 0xbb, 0xaa, 0xaa, 0xaa, 0xaa, 
	0xba, 0xaa, 0xaa, 0xaa, 0xaa, 0xba, 0xbb, 0xbb, 
	0xbb, 0xbb, 0xbb, 0xbb, 0xba, 0xaa, 0xaa, 0xab, 
	0xbb, 0xbb, 0xbb, 0xab, 0xaa, 0xaa, 0xab, 0xbb, 
	0xbb, 0xbb, 0xbb, 0xbb, 0xba, 0xaa, 0xaa, 0xaa, 
	0xaa, 0xaa, 0xaa, 0xaa, 0xaa, 0xbb, 0xbb, 0xbb, 
	0xbb, 0xbb, 0xbb, 0xbb, 0xaa, 0xaa, 0xaa, 0xaa, 
	0xbb, 0xbb, 0xbb, 0xaa, 0xaa, 0xaa, 0xaa, 0xba, 
	0xbb, 0xbb, 0xbb, 0xbb, 0xaa, 0xaa, 0xaa, 0xaa, 
	0xaa, 0xaa, 0xaa, 0xaa, 0xaa, 0xbb, 0xbb, 0xbb, 
	0xbb, 0xbb, 0xbb, 0xaa, 0xaa, 0xaa, 0xaa, 0xaa, 
	0xbb, 0xbb, 0xab, 0xaa, 0xaa, 0xaa, 0xaa, 0xaa, 
	0xbb, 0xbb, 0xbb, 0xbb, 0xbb, 0xaa, 0xaa, 0xaa, 
	0xaa, 0xaa, 0xaa, 0xaa, 0xaa, 0xbb, 0xbb, 0xbb, 
	0xbb, 0xbb, 0xaa, 0xaa, 0xaa, 0xaa, 0xaa, 0xab, 
	0xbb, 0xbb, 0xab, 0xba, 0xaa, 0xaa, 0xaa, 0xaa, 
	0xbb, 0xbb, 0xbb, 0xbb, 0xba, 0xaa, 0xaa, 0xaa, 
	0xaa, 0xaa, 0xaa, 0xaa, 0xbb, 0xbb, 0xbb, 0xbb, 
	0xcb, 0xbb, 0xaa, 0xaa, 0xaa, 0xaa, 0xaa, 0xaa, 
	0xbb, 0xbb, 0xbb, 0xbb, 0xaa, 0xaa, 0xbb, 0xaa, 
	0xaa, 0xbb, 0xbb, 0xbb, 0xbb, 0xbb, 0xaa, 0xaa, 
	0xaa, 0xaa, 0xaa, 0xaa, 0xbb, 0xbb, 0xbc, 0xbc, 
	0xbb, 0xaa, 0xaa, 0xba, 0xaa, 0xaa, 0xaa, 0xab, 
	0xbb, 0xbb, 0xbb, 0xbb, 0xba, 0xaa, 0xaa, 0xaa, 
	0xbb, 0xbb, 0xbb, 0xbb, 0xbb, 0xbb, 0xaa, 0xaa, 
	0xaa, 0xaa, 0xab, 0xab, 0xbb, 0xbb, 0xcc, 0xcc, 
	0xba, 0xaa, 0xaa, 0xaa, 0xaa, 0xaa, 0xaa, 0xaa, 
	0xbb, 0xbb, 0xbb, 0xbb, 0xba, 0xaa, 0xbb, 0xaa, 
	0xaa, 0xba, 0xbb, 0xbb, 0xbb, 0xbb, 0xaa, 0xaa, 
	0xaa, 0xaa, 0xab, 0xbb, 0xbb, 0xbb, 0xcc, 0xcc, 
	0xba, 0xaa, 0xaa, 0xaa, 0xaa, 0xaa, 0xaa, 0xba, 
	0xbb, 0xbb, 0xbb, 0xbb, 0xbb, 0xba, 0xaa, 0xba, 
	0xaa, 0xaa, 0xbb, 0xbb, 0xbb, 0xbb, 0xaa, 0xaa, 
	0xab, 0xaa, 0xab, 0xbb, 0xbb, 0xbc, 0xcc, 0xcb, 
	0xaa, 0xaa, 0xaa, 0xaa, 0xaa, 0xaa, 0xaa, 0xaa, 
	0xbb, 0xbb, 0xbb, 0xbb, 0xbb, 0xbb, 0xaa, 0xaa, 
	0xaa, 0xbb, 0xbb, 0xbb, 0xbb, 0xbb, 0xbb, 0xaa, 
	0xaa, 0xaa, 0xbb, 0xbb, 0xbb, 0xbc, 0xcc, 0xbb, 
	0xaa, 0xaa, 0xaa, 0xaa, 0xaa, 0xaa, 0xaa, 0xaa, 
	0xbb, 0xbb, 0xbb, 0xbb, 0xbb, 0xbb, 0xaa, 0xaa, 
	0xaa, 0xab, 0xbb, 0xbb, 0xbb, 0xbb, 0xba, 0xaa, 
	0xaa, 0xaa, 0xbb, 0xbb, 0xbb, 0xcc, 0xbb, 0xbb, 
	0xbb, 0xaa, 0xaa, 0xaa, 0xaa, 0xaa, 0xaa, 0xaa, 
	0xbb, 0xbb, 0xbb, 0xbb, 0xbb, 0xbb, 0xaa, 0xaa, 
	0xaa, 0xaa, 0xbb, 0xbb, 0xbb, 0xbb, 0xaa, 0xaa, 
	0xaa, 0xaa, 0xbb, 0xbb, 0xbb, 0xcc, 0xbb, 0xbb, 
	0xaa, 0xaa, 0xaa, 0xaa, 0xaa, 0xaa, 0xaa, 0xaa, 
	0xbb, 0xbb, 0xbb, 0xcb, 0xbb, 0xbb, 0xaa, 0xaa, 
	0xaa, 0xaa, 0xbb, 0xbb, 0xbb, 0xbb, 0xaa, 0xaa, 
	0xaa, 0xaa, 0xbb, 0xbb, 0xbb, 0xbb, 0xbb, 0xbb, 
	0xba, 0xaa, 0xaa, 0xaa, 0xaa, 0xaa, 0xaa, 0xaa, 
	
};

Gfx pss_dl_KKIIDDZZ_DAT_798__p00_i4_aligner[] = {gsSPEndDisplayList()};
u8 pss_dl_KKIIDDZZ_DAT_798__p00_i4[] = {
	0xaa, 0xaa, 0xaa, 0xab, 0xba, 0xaa, 0xaa, 0xbb, 
	0xa9, 0x89, 0x99, 0xaa, 0xa9, 0x88, 0x9a, 0xaa, 
	0xab, 0xaa, 0xaa, 0x98, 0x9a, 0x9a, 0xaa, 0xbb, 
	0xbb, 0xab, 0xaa, 0x9a, 0xaa, 0xbc, 0xcc, 0xba, 
	0xaa, 0xaa, 0x9a, 0xab, 0xba, 0xbb, 0xa9, 0x9a, 
	0xaa, 0x99, 0x99, 0xaa, 0xaa, 0x99, 0xaa, 0xba, 
	0xab, 0xcc, 0xb9, 0x88, 0x9a, 0xba, 0xab, 0xcc, 
	0xbb, 0xaa, 0x9a, 0x99, 0x9a, 0xcc, 0xba, 0x99, 
	0xbb, 0xa9, 0x99, 0xaa, 0xbb, 0xcc, 0xba, 0xaa, 
	0xaa, 0xaa, 0xaa, 0xbb, 0xaa, 0xaa, 0xbc, 0xdd, 
	0xdd, 0xcb, 0xba, 0x99, 0xab, 0xbb, 0xaa, 0x99, 
	0xaa, 0xa9, 0x98, 0x98, 0x8a, 0xbb, 0xba, 0xab, 
	0xba, 0xaa, 0xab, 0xcb, 0xcb, 0xaa, 0xab, 0xba, 
	0xaa, 0xa9, 0xaa, 0xbb, 0xba, 0xab, 0xcd, 0xee, 
	0xed, 0xca, 0xab, 0xbb, 0xaa, 0xbb, 0xa9, 0x9a, 
	0xbb, 0xa9, 0x99, 0x99, 0xaa, 0xaa, 0xab, 0xbb, 
	0xba, 0xbb, 0xbb, 0xbb, 0xbb, 0xba, 0x9a, 0xaa, 
	0x99, 0xa9, 0x99, 0x9a, 0xbc, 0xcb, 0xbb, 0xcc, 
	0xbb, 0xa9, 0x99, 0xab, 0xbb, 0xcc, 0xbb, 0xbb, 
	0xcc, 0xba, 0xa9, 0x9a, 0xaa, 0xaa, 0xab, 0xcc, 
	0xba, 0xab, 0xba, 0xaa, 0xbb, 0xbb, 0xcb, 0xbb, 
	0xab, 0xa9, 0x99, 0xaa, 0xbc, 0xcc, 0xa9, 0x88, 
	0x99, 0xa9, 0x99, 0x9a, 0xbc, 0xcc, 0xcc, 0xaa, 
	0xab, 0xbb, 0xa9, 0x9a, 0xbb, 0xbb, 0xaa, 0xbc, 
	0xbb, 0xbb, 0xbb, 0xbb, 0xaa, 0xbc, 0xcc, 0xcc, 
	0xcc, 0xba, 0xaa, 0x9a, 0xab, 0xbb, 0xa9, 0x88, 
	0x9a, 0xaa, 0x98, 0x88, 0x99, 0xab, 0xbb, 0xa9, 
	0x8a, 0xbc, 0xcc, 0xcc, 0xcb, 0xbb, 0xaa, 0xab, 
	0xaa, 0xbc, 0xcb, 0xbb, 0xa9, 0xab, 0xbc, 0xcc, 
	0xcb, 0xaa, 0xba, 0x98, 0x89, 0xab, 0xba, 0xaa, 
	0xbc, 0xba, 0xa9, 0x97, 0x67, 0x99, 0xab, 0xba, 
	0x9a, 0xbc, 0xcd, 0xcc, 0xcb, 0xaa, 0xa9, 0x99, 
	0x89, 0xbc, 0xcb, 0xaa, 0xaa, 0xaa, 0xab, 0xcc, 
	0xcb, 0xbb, 0xba, 0x86, 0x68, 0x9a, 0xaa, 0xbb, 
	0xbb, 0xbc, 0xbb, 0xa9, 0x88, 0x98, 0x99, 0xaa, 
	0xa9, 0x89, 0xab, 0xbb, 0xba, 0xaa, 0xaa, 0xa9, 
	0xaa, 0xbc, 0xcc, 0xaa, 0xab, 0xba, 0x99, 0xab, 
	0xbb, 0xbc, 0xba, 0x98, 0x66, 0x79, 0xab, 0xcb, 
	0xaa, 0xbc, 0xcb, 0xaa, 0xa9, 0x99, 0x99, 0xaa, 
	0x97, 0x67, 0x9a, 0xab, 0xba, 0x99, 0xaa, 0xaa, 
	0xba, 0xaa, 0xbc, 0xbb, 0xaa, 0xaa, 0xa8, 0x89, 
	0x9a, 0xbb, 0xa9, 0x99, 0x87, 0x78, 0x9a, 0xbb, 
	0xbc, 0xcb, 0xbb, 0xcb, 0xbb, 0xbb, 0xbb, 0xaa, 
	0x98, 0x89, 0xaa, 0xba, 0xa9, 0x99, 0xaa, 0xab, 
	0x99, 0x99, 0x99, 0xab, 0xab, 0xbb, 0xba, 0x98, 
	0x9a, 0xbb, 0xba, 0xaa, 0xaa, 0x88, 0x89, 0xab, 
	0xcc, 0xcb, 0xbb, 0xcc, 0xcd, 0xcc, 0xbb, 0xba, 
	0x9a, 0xbc, 0xcc, 0xbb, 0xa9, 0x9a, 0xaa, 0xa9, 
	0x9a, 0xaa, 0xa9, 0x9a, 0xaa, 0xab, 0xab, 0xaa, 
	0x9a, 0xbb, 0xbb, 0xbb, 0xba, 0x98, 0xac, 0xcc, 
	0xba, 0xaa, 0xbb, 0xbb, 0xcc, 0xbb, 0xaa, 0x99, 
	0x9a, 0xab, 0xcd, 0xcc, 0xcb, 0xbb, 0xaa, 0xa9, 
	0xaa, 0xab, 0xa9, 0x89, 0xaa, 0xaa, 0xba, 0xaa, 
	0xab, 0xbc, 0xdd, 0xdd, 0xdc, 0xcb, 0xcc, 0xdc, 
	0xa8, 0x79, 0xaa, 0xbb, 0xba, 0xaa, 0xa9, 0x99, 
	0xaa, 0xbb, 0xcc, 0xcc, 0xcc, 0xcb, 0xba, 0xaa, 
	0xaa, 0xab, 0xaa, 0x9a, 0xa9, 0x9a, 0xbc, 0xcd, 
	0xdd, 0xde, 0xee, 0xee, 0xdd, 0xdd, 0xcb, 0xaa, 
	0x99, 0x99, 0x99, 0xaa, 0xba, 0x98, 0x79, 0xaa, 
	0xbc, 0xdc, 0xcb, 0xbb, 0xbb, 0xbb, 0xbb, 0xbb, 
	0xba, 0xaa, 0xaa, 0xab, 0xba, 0xaa, 0xbc, 0xcd, 
	0xee, 0xed, 0xdd, 0xcc, 0xbc, 0xcc, 0xba, 0x9a, 
	0xbb, 0xb9, 0x88, 0x99, 0xaa, 0x87, 0x67, 0x9a, 
	0xcc, 0xcc, 0xbb, 0xbb, 0xba, 0xaa, 0xaa, 0xab, 
	0xcc, 0xbb, 0xaa, 0xab, 0xcb, 0xaa, 0xbb, 0xba, 
	0xaa, 0xbb, 0xba, 0xa9, 0xab, 0xcc, 0xa9, 0x9a, 
	0xbc, 0xcb, 0xab, 0xbb, 0xba, 0xa9, 0x9a, 0xaa, 
	0xaa, 0xaa, 0x98, 0x89, 0xaa, 0xaa, 0xab, 0xcc, 
	0xed, 0xcc, 0xcb, 0xbb, 0xba, 0x99, 0xab, 0xb9, 
	0x88, 0x99, 0x9a, 0xab, 0xbb, 0xba, 0x98, 0x99, 
	0xab, 0xcc, 0xcd, 0xdd, 0xcb, 0xbc, 0xcc, 0xcb, 
	0xba, 0xba, 0x97, 0x67, 0x8a, 0xab, 0xcd, 0xde, 
	0xdc, 0xbb, 0xbb, 0xba, 0xaa, 0xab, 0xba, 0xa9, 
	0x88, 0x8a, 0xaa, 0xbc, 0xbb, 0xa9, 0x88, 0x9b, 
	0xbc, 0xcc, 0xcc, 0xcb, 0xbb, 0xcb, 0xbb, 0xa9, 
	0x99, 0x88, 0x88, 0x89, 0xab, 0xcd, 0xdd, 0xdd, 
	0xaa, 0xaa, 0xba, 0xa9, 0xaa, 0xab, 0xba, 0xa9, 
	0x86, 0x78, 0xaa, 0xbc, 0xcb, 0xaa, 0xaa, 0xab, 
	0xcc, 0xbb, 0xcb, 0xa9, 0x9a, 0xbb, 0xa8, 0x78, 
	0x87, 0x66, 0x79, 0xac, 0xbb, 0xaa, 0xab, 0xbb, 
	0xaa, 0xbc, 0xcb, 0xba, 0xba, 0xa9, 0xab, 0xa9, 
	0x87, 0x67, 0x9b, 0xcc, 0xcb, 0xba, 0xba, 0xba, 
	0xab, 0xbc, 0xbb, 0xaa, 0xbb, 0xcc, 0xba, 0x99, 
	0x87, 0x78, 0x9a, 0xab, 0xaa, 0xa9, 0x89, 0xa9, 
	0xaa, 0xab, 0xcd, 0xcc, 0xca, 0x99, 0xab, 0xcc, 
	0xba, 0x99, 0xac, 0xcc, 0xaa, 0xaa, 0xaa, 0xa9, 
	0x89, 0xbc, 0xba, 0xaa, 0xcc, 0xcc, 0xbb, 0xba, 
	0x99, 0x9b, 0xbb, 0xa9, 0x8a, 0xa9, 0x99, 0xaa, 
	0xaa, 0x89, 0xab, 0xcb, 0xbb, 0xaa, 0xaa, 0xbb, 
	0xbb, 0xaa, 0xaa, 0xba, 0xa9, 0x99, 0x99, 0xaa, 
	0x99, 0x99, 0xaa, 0xaa, 0x9a, 0xab, 0xbc, 0xbb, 
	0xaa, 0xbc, 0xcb, 0xa9, 0x9a, 0xa9, 0x88, 0x9a, 
	0xaa, 0xaa, 0xaa, 0xaa, 0xab, 0xba, 0x97, 0x9a, 
	0xab, 0xa9, 0x88, 0x89, 0x99, 0x89, 0x99, 0x9a, 
	0xa9, 0x88, 0x9b, 0xba, 0x98, 0x9a, 0xbb, 0xba, 
	0xac, 0xde, 0xcb, 0xaa, 0xba, 0xa9, 0xa9, 0xaa, 
	0xbb, 0xbb, 0xaa, 0xaa, 0xaa, 0xa9, 0x99, 0xaa, 
	0xaa, 0xa9, 0x99, 0x99, 0x98, 0x89, 0x99, 0x99, 
	0xaa, 0xbb, 0xbb, 0xcb, 0xa9, 0xaa, 0xaa, 0xbc, 
	0xce, 0xed, 0xcc, 0xba, 0xaa, 0xbb, 0xbb, 0xbb, 
	0xbb, 0xa9, 0x9a, 0xbb, 0xaa, 0xaa, 0xab, 0xbb, 
	0xab, 0xbb, 0xbb, 0xbb, 0xba, 0x99, 0xa9, 0x88, 
	0xab, 0xcc, 0xcb, 0xba, 0xaa, 0xaa, 0x99, 0xbc, 
	0xdd, 0xcb, 0xcc, 0xcb, 0xbc, 0xcc, 0xba, 0xab, 
	0xcc, 0xba, 0x99, 0xaa, 0x99, 0xaa, 0xbb, 0xa9, 
	0x9a, 0xbb, 0xbb, 0xcc, 0xdd, 0xcb, 0xaa, 0xaa, 
	0xaa, 0xaa, 0xab, 0xbb, 0xba, 0x99, 0x9a, 0xbc, 
	0xcc, 0xaa, 0xab, 0xdd, 0xee, 0xec, 0xaa, 0xab, 
	0xcb, 0xba, 0x98, 0x87, 0x88, 0x9a, 0xbb, 0x99, 
	0x9a, 0xab, 0xbb, 0xbd, 0xee, 0xec, 0xaa, 0xab, 
	0xbb, 0xaa, 0xaa, 0xac, 0xcb, 0x98, 0x89, 0xbc, 
	0xca, 0x99, 0x9a, 0xbd, 0xde, 0xdc, 0xaa, 0xab, 
	0xca, 0x99, 0x88, 0x89, 0xaa, 0xaa, 0xa9, 0x9a, 
	0xaa, 0xaa, 0xaa, 0xbb, 0xcb, 0xca, 0xaa, 0xbb, 
	0xbb, 0xbb, 0xbb, 0xbb, 0xa9, 0x87, 0x79, 0x99, 
	0x99, 0x9a, 0xbb, 0xcb, 0xbb, 0xa9, 0x9a, 0xbc, 
	0x99, 0x98, 0x88, 0x89, 0xab, 0xa9, 0x99, 0xab, 
	0xba, 0xa9, 0xaa, 0xaa, 0xaa, 0xaa, 0xaa, 0xaa, 
	0xa9, 0xaa, 0xbc, 0xb9, 0x87, 0x89, 0xa9, 0x87, 
	0x78, 0x9a, 0xac, 0xcc, 0xa9, 0x77, 0x89, 0xaa, 
	0x88, 0x9a, 0xaa, 0xaa, 0xaa, 0xbc, 0xcb, 0xaa, 
	0xaa, 0xa9, 0xaa, 0xab, 0xaa, 0xaa, 0xa9, 0xaa, 
	0xaa, 0xab, 0xba, 0xa8, 0x8a, 0xaa, 0xa9, 0x99, 
	0x99, 0xa9, 0x89, 0x9a, 0x98, 0x87, 0x89, 0x98, 
	0xab, 0xcc, 0xcc, 0xba, 0xbb, 0xbc, 0xdc, 0xba, 
	0xbb, 0xbb, 0xbb, 0xba, 0xbb, 0xba, 0x99, 0xab, 
	0xbc, 0xcc, 0xba, 0xaa, 0xbc, 0xcb, 0xbb, 0xaa, 
	0xaa, 0x98, 0x66, 0x67, 0x88, 0x87, 0x68, 0x88, 
	0xbb, 0xbb, 0xbb, 0xaa, 0xaa, 0xbb, 0xab, 0xbb, 
	0xbb, 0xba, 0xa9, 0x88, 0x99, 0xab, 0xcc, 0xbb, 
	0xbb, 0xbb, 0xaa, 0xbb, 0xbb, 0xcc, 0xdc, 0xcb, 
	0xaa, 0x99, 0x88, 0x77, 0x78, 0x87, 0x79, 0x98, 
	0x99, 0x89, 0xab, 0xa9, 0x89, 0xaa, 0xab, 0xcc, 
	0xbb, 0xcb, 0x98, 0x76, 0x78, 0x9b, 0xcd, 0xdc, 
	0xba, 0xa9, 0x9a, 0xbb, 0xbb, 0xbd, 0xee, 0xdc, 
	0xba, 0x99, 0xaa, 0xa9, 0x88, 0x99, 0x99, 0x98, 
	0x87, 0x8a, 0xbc, 0xbb, 0xbb, 0xbb, 0xbb, 0xcb, 
	0xbb, 0xbb, 0xba, 0x99, 0x99, 0xaa, 0xab, 0xcc, 
	0xcc, 0xbb, 0xbb, 0xcc, 0xcc, 0xcd, 0xdd, 0xcc, 
	0xba, 0xaa, 0xbb, 0xba, 0xaa, 0xaa, 0xbb, 0xb9, 
	0xaa, 0xab, 0xbb, 0xbc, 0xdd, 0xcc, 0xcb, 0xbb, 
	0xbb, 0xaa, 0xa9, 0x99, 0xa9, 0x98, 0x8a, 0xbb, 
	0xcc, 0xcb, 0xcc, 0xcc, 0xcc, 0xcc, 0xbb, 0xab, 
	0xaa, 0xab, 0xbb, 0xbb, 0xbb, 0xbb, 0xbb, 0xbb, 
	0xcc, 0xcb, 0xbb, 0xbb, 0xbc, 0xba, 0xa9, 0x9a, 
	0xa9, 0x9a, 0xaa, 0xab, 0xa9, 0x97, 0x88, 0x99, 
	0xab, 0xbb, 0xba, 0xaa, 0xaa, 0xaa, 0xaa, 0xaa, 
	0x99, 0xaa, 0xcc, 0xdd, 0xed, 0xcb, 0xbb, 0xbc, 
	0xcc, 0xcb, 0xbb, 0xcc, 0xcb, 0xa9, 0x88, 0x89, 
	0xa9, 0xaa, 0xab, 0xbc, 0xb9, 0x89, 0x99, 0x88, 
	0x9a, 0xaa, 0x99, 0x88, 0x99, 0x99, 0x9a, 0xaa, 
	0x99, 0xbc, 0xcd, 0xde, 0xee, 0xcb, 0xba, 0xab, 
	0xbc, 0xba, 0xab, 0xcc, 0xcc, 0xba, 0xa9, 0x9a, 
	0xaa, 0xaa, 0xaa, 0xa9, 0x87, 0x9b, 0xbb, 0xba, 
	0x99, 0x89, 0x99, 0x99, 0x99, 0x99, 0x88, 0x88, 
	0x9a, 0xcc, 0xcc, 0xcc, 0xcc, 0xba, 0xaa, 0xaa, 
	0x88, 0x78, 0x9a, 0xbc, 0xcc, 0xbb, 0xcb, 0xaa, 
	0xaa, 0xaa, 0xa9, 0x87, 0x88, 0xbc, 0xdd, 0xcb, 
	0x98, 0x88, 0x9a, 0xaa, 0x9a, 0xa9, 0x98, 0x88, 
	0x9b, 0xca, 0xaa, 0xbb, 0xaa, 0xaa, 0xaa, 0xa9, 
	0x86, 0x69, 0xab, 0xbc, 0xbb, 0xcb, 0xcb, 0xbb, 
	0xaa, 0xab, 0xaa, 0x9a, 0xbb, 0xbb, 0xcc, 0xcd, 
	0xcb, 0xa9, 0x99, 0x99, 0xaa, 0xab, 0xba, 0xaa, 
	0xbb, 0xba, 0x97, 0x76, 0x67, 0x99, 0x9a, 0xa9, 
	0xaa, 0xaa, 0xbb, 0xba, 0xab, 0xcc, 0xcc, 0xbb, 
	0xaa, 0xab, 0xba, 0xab, 0xcc, 0xbb, 0xbb, 0xcd, 
	0xdc, 0xba, 0x98, 0x89, 0xaa, 0xbc, 0xcc, 0xcc, 
	0xcc, 0xba, 0x97, 0x66, 0x67, 0x99, 0x9a, 0xbb, 
	0xcc, 0xbc, 0xcb, 0xa9, 0x9a, 0xbc, 0xcc, 0xcc, 
	0xbb, 0xaa, 0xaa, 0xab, 0xcb, 0xcb, 0xbb, 0xbb, 
	0xbb, 0xaa, 0xba, 0xab, 0xba, 0xab, 0xcc, 0xcb, 
	0xaa, 0xbb, 0xba, 0xa9, 0x99, 0xaa, 0xaa, 0xbc, 
	0xcd, 0xdc, 0xcb, 0xa9, 0x9a, 0xbc, 0xcc, 0xbc, 
	0xcc, 0xba, 0xaa, 0xbb, 0xba, 0xab, 0xcb, 0xa9, 
	0xa9, 0x9a, 0xbc, 0xcc, 0xb9, 0x99, 0xbc, 0xca, 
	0x98, 0xab, 0xcc, 0xcc, 0xcb, 0xbb, 0xaa, 0xab, 
	0xbc, 0xca, 0xaa, 0xab, 0xba, 0xbb, 0xcb, 0xbb, 
	0xbb, 0xbb, 0xba, 0xaa, 0xaa, 0xab, 0xba, 0x99, 
	0x99, 0x9a, 0xac, 0xdd, 0xbb, 0xaa, 0xbc, 0xdc, 
	0xa9, 0x9a, 0xbc, 0xee, 0xed, 0xcc, 0xba, 0xaa, 
	0xaa, 0x98, 0x89, 0xab, 0xba, 0xa9, 0xa9, 0x99, 
	0xab, 0xbc, 0xca, 0x99, 0x9a, 0xaa, 0xa9, 0x99, 
	0x98, 0x9a, 0xbc, 0xcc, 0xbb, 0xca, 0xaa, 0xbc, 
	0xcb, 0xaa, 0xbc, 0xee, 0xdc, 0xbb, 0xbb, 0xba, 
	0xaa, 0x9a, 0xab, 0xcc, 0xcb, 0xa9, 0x88, 0x89, 
	0xab, 0xcc, 0xcc, 0xaa, 0x99, 0x98, 0x99, 0xaa, 
	0xaa, 0xbb, 0xbb, 0xba, 0x99, 0x99, 0x99, 0x99, 
	0xab, 0xcc, 0xbb, 0xbb, 0xaa, 0x9a, 0xbb, 0xbc, 
	0xcc, 0xbb, 0xbc, 0xdd, 0xdc, 0xa9, 0x77, 0x88, 
	0x9a, 0xbc, 0xcb, 0xba, 0x99, 0x88, 0x89, 0xab, 
	0xbc, 0xdc, 0xb9, 0x88, 0x88, 0x89, 0xaa, 0x88, 
	0x9b, 0xcc, 0xca, 0x9a, 0xba, 0x99, 0xab, 0xbc, 
	0xdc, 0xbb, 0xbb, 0xbb, 0xaa, 0x99, 0x89, 0x99, 
	0x88, 0x9a, 0xbb, 0xba, 0x99, 0x99, 0xab, 0xbc, 
	0xcc, 0xdc, 0xa8, 0x66, 0x88, 0x99, 0xaa, 0xaa, 
	0x9a, 0xaa, 0xa9, 0x99, 0xab, 0xba, 0xaa, 0xbd, 
	0xba, 0xa9, 0xaa, 0x98, 0x78, 0x99, 0xaa, 0xa9, 
	0x98, 0x9a, 0xab, 0xba, 0x9a, 0xbb, 0xbc, 0xcc, 
	0xcb, 0xbb, 0x97, 0x67, 0x89, 0x89, 0x9a, 0xbb, 
	0xa9, 0x99, 0xa9, 0x98, 0x9a, 0xbb, 0xbb, 0xbb, 
	0xab, 0xa9, 0xaa, 0x97, 0x78, 0x99, 0xaa, 0xa9, 
	0x99, 0xab, 0xbb, 0xbc, 0xcc, 0xba, 0xab, 0xbb, 
	0xaa, 0x99, 0x9a, 0xaa, 0xba, 0xa9, 0x99, 0x9a, 
	0xab, 0xba, 0xaa, 0xa9, 0x89, 0xab, 0xbb, 0xa9, 
	0x9a, 0xbb, 0xab, 0xaa, 0x9a, 0xaa, 0xbb, 0xba, 
	0xaa, 0xab, 0xbb, 0xbc, 0xdd, 0xba, 0x9a, 0xa9, 
	0xa9, 0xa9, 0xab, 0xcc, 0xcb, 0xbb, 0xa9, 0x9a, 
	0xab, 0xcb, 0x99, 0x98, 0x88, 0x9a, 0xaa, 0x99, 
	0x99, 0xaa, 0xab, 0xcb, 0xba, 0x9a, 0xbb, 0xbb, 
	0xcb, 0xa9, 0x9a, 0xaa, 0xab, 0xba, 0x99, 0x99, 
	0xaa, 0xaa, 0xab, 0xbb, 0xcc, 0xdd, 0xcc, 0xcc, 
	0xcc, 0xba, 0x87, 0x88, 0xaa, 0x99, 0x89, 0x99, 
	0xa9, 0xaa, 0xab, 0xcc, 0xb9, 0x99, 0xaa, 0xbc, 
	0xdd, 0xba, 0x99, 0x9a, 0xaa, 0xaa, 0x97, 0x79, 
	0x9a, 0xbb, 0xbb, 0xab, 0xcd, 0xdd, 0xdc, 0xcc, 
	0xcc, 0xba, 0x98, 0x9a, 0xbb, 0xa8, 0x98, 0x9a, 
	0x9a, 0xaa, 0xa9, 0xaa, 0xaa, 0xaa, 0xbb, 0xcc, 
	0xcc, 0xbb, 0xa9, 0x88, 0xab, 0xbb, 0xa9, 0x89, 
	0xaa, 0xbc, 0xcb, 0xba, 0xcc, 0xdc, 0xcb, 0xaa, 
	0xaa, 0xbb, 0xbb, 0xbb, 0xba, 0xa9, 0x99, 0x99, 
	0xaa, 0xaa, 0xaa, 0xaa, 0xab, 0xcc, 0xcc, 0xcb, 
	0xa9, 0x89, 0x99, 0x68, 0xac, 0xbb, 0x99, 0xaa, 
	0xaa, 0xab, 0xcb, 0xbb, 0xbc, 0xdd, 0xdb, 0xa9, 
	0x99, 0xaa, 0xbb, 0xbb, 0xbb, 0xbb, 0xba, 0xaa, 
	0xba, 0xaa, 0xab, 0xa9, 0xab, 0xcc, 0xcc, 0xa9, 
	0x87, 0x77, 0x99, 0xbb, 0xcc, 0xa9, 0x99, 0xaa, 
	0xaa, 0xaa, 0xab, 0xbb, 0xbb, 0xbb, 0xcb, 0xba, 
	0xa9, 0x98, 0x99, 0xaa, 0xba, 0xbb, 0xba, 0xab, 
	0xaa, 0xab, 0xcb, 0xa9, 0x9a, 0xbb, 0xba, 0xa9, 
	0x9a, 0xaa, 0xab, 0xcd, 0xdb, 0xba, 0xab, 0xba, 
	0xa9, 0x88, 0x8a, 0xab, 0xaa, 0x99, 0xab, 0xbb, 
	0xaa, 0x87, 0x78, 0x9a, 0xbc, 0xcc, 0xbb, 0xbb, 
	0xba, 0xaa, 0xbb, 0xbb, 0xbb, 0xba, 0x98, 0x9a, 
	0xbb, 0xbb, 0xab, 0xbc, 0xcb, 0xaa, 0xbb, 0xba, 
	0x99, 0x87, 0x89, 0x99, 0x9a, 0xab, 0xbc, 0xbb, 
	0xaa, 0x99, 0x9a, 0xab, 0xcd, 0xdd, 0xcb, 0xbb, 
	0xbb, 0xaa, 0xab, 0xcc, 0xcc, 0xcb, 0xa9, 0x9a, 
	0xbb, 0xba, 0xbb, 0xba, 0xa9, 0x9a, 0xba, 0xa9, 
	0x98, 0x76, 0x89, 0xaa, 0xaa, 0xbc, 0xcc, 0xbb, 
	0xaa, 0xaa, 0xab, 0xbc, 0xcc, 0xbb, 0xba, 0xaa, 
	0xaa, 0xba, 0xbb, 0xcb, 0xba, 0xab, 0xbb, 0xaa, 
	0xaa, 0xba, 0xaa, 0xa9, 0x89, 0xaa, 0xbb, 0xba, 
	0xa9, 0x88, 0x9a, 0xbc, 0xba, 0x99, 0x99, 0x9a, 
	0x99, 0x99, 0xaa, 0xbc, 0xcb, 0xb9, 0x99, 0x99, 
	0x88, 0x9a, 0xab, 0xbb, 0xa9, 0x9a, 0xbb, 0xbb, 
	0xab, 0xbb, 0xa9, 0x98, 0x89, 0xab, 0xbb, 0xba, 
	0xaa, 0xab, 0xaa, 0xab, 0xba, 0x98, 0x78, 0x99, 
	0xa9, 0x99, 0x9a, 0xbc, 0xcc, 0xba, 0x99, 0xa9, 
	0x97, 0x89, 0xaa, 0xab, 0xaa, 0x99, 0xaa, 0xaa, 
	0xab, 0xcb, 0xa9, 0x88, 0x99, 0x9a, 0xba, 0xa9, 
	0x88, 0x99, 0x99, 0x99, 0xaa, 0xaa, 0xaa, 0xaa, 
	0xaa, 0xaa, 0x99, 0x9b, 0xbb, 0xbb, 0xab, 0xaa, 
	0x98, 0x99, 0xaa, 0xaa, 0xaa, 0x9a, 0xab, 0xbb, 
	0xba, 0xaa, 0x99, 0x99, 0x99, 0x89, 0x9a, 0xaa, 
	0x99, 0x99, 0x99, 0x99, 0xaa, 0xaa, 0xa9, 0x9a, 
	0xaa, 0xaa, 0xa9, 0x89, 0xaa, 0xab, 0xbb, 0xaa, 
	
};

Gfx pss_dl_Dirt_Cracked_01_White_1_64x64_i4_aligner[] = {gsSPEndDisplayList()};
u8 pss_dl_Dirt_Cracked_01_White_1_64x64_i4[] = {
	0xaa, 0x89, 0x98, 0x89, 0x98, 0x88, 0x87, 0x78, 
	0x88, 0x99, 0x9a, 0x98, 0xaa, 0x88, 0x98, 0x88, 
	0x88, 0x88, 0x99, 0x9a, 0x99, 0x79, 0x98, 0x78, 
	0x78, 0x87, 0x78, 0x98, 0x88, 0x88, 0x99, 0x89, 
	0x98, 0x98, 0x99, 0x88, 0x89, 0x87, 0x87, 0x89, 
	0x88, 0x9a, 0x89, 0x99, 0xa9, 0x87, 0x78, 0x88, 
	0x87, 0x98, 0x88, 0x88, 0x99, 0x88, 0x88, 0x9a, 
	0x98, 0x88, 0x87, 0x89, 0x88, 0x88, 0x99, 0x88, 
	0x78, 0x99, 0x78, 0x99, 0x89, 0x98, 0x78, 0x99, 
	0x99, 0x99, 0x88, 0x79, 0x99, 0x89, 0x87, 0x88, 
	0x87, 0x98, 0x87, 0x89, 0x87, 0x79, 0xa9, 0x99, 
	0x98, 0x99, 0x88, 0x77, 0x88, 0x88, 0x98, 0x87, 
	0xa9, 0x98, 0x79, 0x98, 0x88, 0x87, 0x88, 0x98, 
	0x88, 0x87, 0x98, 0x98, 0x88, 0x88, 0x88, 0x78, 
	0x88, 0x88, 0x87, 0x99, 0x88, 0x9a, 0x98, 0x88, 
	0x98, 0x99, 0x88, 0x88, 0x78, 0x98, 0x89, 0xa9, 
	0x99, 0x99, 0x78, 0x98, 0x89, 0x77, 0x87, 0x88, 
	0x9a, 0xa8, 0x89, 0x99, 0x98, 0x88, 0x9a, 0x98, 
	0x89, 0x88, 0x87, 0x88, 0x89, 0x99, 0x98, 0x89, 
	0x98, 0xa9, 0x88, 0x89, 0x88, 0x89, 0x89, 0x99, 
	0x88, 0x88, 0x87, 0x98, 0x87, 0x89, 0x98, 0x87, 
	0x89, 0x99, 0x89, 0x88, 0x89, 0x79, 0x99, 0x88, 
	0x89, 0x98, 0x97, 0x88, 0x99, 0x88, 0x8a, 0x99, 
	0x88, 0x99, 0x98, 0x77, 0x79, 0x99, 0x98, 0x99, 
	0x88, 0x98, 0x98, 0x88, 0x77, 0x89, 0x88, 0x88, 
	0x88, 0x98, 0x98, 0x88, 0x89, 0x89, 0x88, 0x99, 
	0x88, 0x87, 0x89, 0x9a, 0x78, 0x88, 0x88, 0x88, 
	0x88, 0xa9, 0x88, 0x78, 0x99, 0x88, 0x98, 0x88, 
	0x97, 0x79, 0xa9, 0x77, 0x99, 0x87, 0x98, 0x98, 
	0x89, 0x88, 0xa9, 0x98, 0x88, 0x99, 0x88, 0x78, 
	0x88, 0x87, 0x89, 0x98, 0x97, 0x77, 0x89, 0x99, 
	0x98, 0xa9, 0x87, 0x98, 0x99, 0x88, 0x88, 0x99, 
	0x88, 0x98, 0x9a, 0x8a, 0xa9, 0x88, 0x79, 0x99, 
	0x98, 0x88, 0x89, 0x98, 0x88, 0x88, 0x88, 0x89, 
	0x87, 0x89, 0x88, 0x88, 0x87, 0x79, 0xaa, 0x99, 
	0x99, 0x88, 0x79, 0x97, 0x98, 0x88, 0x89, 0x89, 
	0x88, 0x8a, 0x88, 0x8a, 0x98, 0x88, 0x78, 0x98, 
	0x8a, 0xa9, 0x88, 0x77, 0x98, 0x88, 0x88, 0x88, 
	0x88, 0x89, 0x88, 0x87, 0x78, 0x97, 0x99, 0x88, 
	0x89, 0x88, 0xa9, 0x87, 0x88, 0x88, 0x89, 0x89, 
	0x98, 0x97, 0x88, 0x88, 0x88, 0x88, 0x87, 0x77, 
	0x9a, 0x98, 0x88, 0x87, 0x99, 0x88, 0x87, 0x79, 
	0x99, 0xa8, 0x88, 0x78, 0x88, 0x87, 0x89, 0x88, 
	0x98, 0x87, 0x88, 0x87, 0x88, 0x88, 0x99, 0x99, 
	0x98, 0x79, 0x98, 0xa8, 0x78, 0x87, 0x87, 0x77, 
	0x98, 0x88, 0x88, 0x88, 0x8a, 0x88, 0x79, 0x99, 
	0x99, 0xaa, 0x77, 0x99, 0x88, 0x78, 0x77, 0x99, 
	0x88, 0x89, 0xa9, 0x77, 0x78, 0x99, 0xa9, 0x87, 
	0x7a, 0x88, 0x89, 0x99, 0x77, 0x88, 0x88, 0x98, 
	0x88, 0x88, 0x88, 0x98, 0x89, 0x87, 0x89, 0x88, 
	0x89, 0x99, 0x88, 0x88, 0x98, 0x99, 0x98, 0x87, 
	0x8a, 0x99, 0x98, 0x87, 0x89, 0x88, 0x87, 0x89, 
	0x98, 0x8a, 0x99, 0x89, 0x89, 0xa9, 0x98, 0x89, 
	0x89, 0xa8, 0x88, 0x89, 0xa8, 0x78, 0xa9, 0x88, 
	0x88, 0x88, 0x9a, 0x97, 0x78, 0x98, 0x99, 0x78, 
	0x99, 0x99, 0xa8, 0x77, 0x89, 0xa9, 0x98, 0xa9, 
	0x98, 0x8a, 0x97, 0x88, 0x89, 0x89, 0x98, 0x89, 
	0xa8, 0x98, 0x88, 0x89, 0x77, 0x78, 0x9a, 0x88, 
	0x89, 0x78, 0xa9, 0x98, 0x79, 0x88, 0x88, 0x89, 
	0x89, 0x99, 0x88, 0x99, 0x79, 0x99, 0x89, 0xa9, 
	0x9a, 0x8a, 0x98, 0x88, 0x88, 0x89, 0x98, 0x89, 
	0x98, 0x88, 0x88, 0x78, 0x99, 0x89, 0x79, 0x88, 
	0x88, 0x7a, 0x98, 0x89, 0x79, 0x88, 0x88, 0xa9, 
	0xa8, 0x78, 0x99, 0x99, 0x97, 0x88, 0x89, 0x99, 
	0x78, 0x89, 0x99, 0x88, 0x88, 0x88, 0x89, 0x99, 
	0x99, 0xa8, 0x77, 0x88, 0x99, 0x88, 0x88, 0x99, 
	0x88, 0x9a, 0x88, 0x89, 0x88, 0x88, 0x79, 0x99, 
	0x98, 0x98, 0xaa, 0x99, 0x98, 0x9a, 0x98, 0x89, 
	0x98, 0x88, 0x99, 0x98, 0x88, 0x88, 0x88, 0x9a, 
	0x88, 0x89, 0x88, 0x99, 0x99, 0x98, 0x97, 0x78, 
	0x78, 0x98, 0x88, 0x88, 0x87, 0x87, 0x99, 0x88, 
	0x98, 0x97, 0x89, 0x99, 0x97, 0x99, 0x98, 0x78, 
	0x88, 0x89, 0x89, 0xa9, 0x87, 0x89, 0x88, 0x97, 
	0x99, 0xa8, 0x88, 0x99, 0x98, 0x88, 0x87, 0x89, 
	0xa8, 0x98, 0x88, 0x88, 0x97, 0x78, 0x99, 0x88, 
	0x87, 0x89, 0x98, 0x89, 0x87, 0x99, 0x98, 0x88, 
	0x99, 0x99, 0x88, 0x78, 0x99, 0x88, 0x88, 0x79, 
	0x98, 0x98, 0xa8, 0x99, 0x88, 0x98, 0x78, 0x98, 
	0x99, 0x88, 0x88, 0x89, 0x88, 0x87, 0x89, 0x88, 
	0x87, 0x99, 0xa9, 0x77, 0x77, 0x78, 0x87, 0x98, 
	0x97, 0x77, 0x89, 0x98, 0x89, 0x99, 0x87, 0x88, 
	0x88, 0x88, 0x99, 0x78, 0x88, 0x87, 0x98, 0x88, 
	0x9a, 0x88, 0x99, 0x87, 0x9a, 0x98, 0x87, 0x88, 
	0x79, 0x88, 0x99, 0x87, 0x99, 0x99, 0xa8, 0x89, 
	0x89, 0x98, 0x79, 0x98, 0x88, 0x9a, 0xa8, 0x89, 
	0x98, 0x88, 0x89, 0x87, 0x77, 0x78, 0x88, 0x88, 
	0x88, 0x87, 0x77, 0x8a, 0x99, 0x88, 0x88, 0x77, 
	0x78, 0x98, 0x88, 0x79, 0x99, 0x99, 0xaa, 0x78, 
	0x99, 0x89, 0x79, 0x98, 0x88, 0x89, 0x99, 0x89, 
	0x99, 0x88, 0x88, 0x78, 0xaa, 0x98, 0x99, 0xaa, 
	0x98, 0x98, 0x77, 0x89, 0x98, 0x88, 0x87, 0x78, 
	0x98, 0x88, 0x87, 0x88, 0x99, 0x99, 0x99, 0x8a, 
	0x99, 0x99, 0x88, 0x98, 0x88, 0x99, 0xa9, 0x77, 
	0x88, 0x88, 0x87, 0x99, 0x99, 0x88, 0x98, 0x89, 
	0x98, 0x88, 0x89, 0x99, 0x87, 0x77, 0x78, 0x89, 
	0x99, 0xa8, 0x87, 0x88, 0x88, 0x88, 0x88, 0x99, 
	0x89, 0x99, 0x97, 0x88, 0x88, 0x98, 0x88, 0x89, 
	0x97, 0x88, 0x89, 0xa8, 0x88, 0x88, 0x88, 0x88, 
	0x99, 0x88, 0x88, 0x89, 0x98, 0x78, 0x99, 0x88, 
	0x99, 0x99, 0xa8, 0x98, 0x9a, 0x98, 0x99, 0x89, 
	0x88, 0x87, 0x78, 0x77, 0x88, 0x88, 0x9a, 0x99, 
	0x99, 0x87, 0x79, 0x98, 0x88, 0x88, 0x88, 0x88, 
	0x88, 0x88, 0x88, 0x89, 0xa8, 0x89, 0x88, 0x88, 
	0x99, 0x99, 0x97, 0x99, 0x99, 0x98, 0x88, 0x88, 
	0x8a, 0x98, 0x88, 0x99, 0x78, 0x79, 0x99, 0x88, 
	0x89, 0x88, 0x7a, 0x98, 0x88, 0x88, 0x99, 0x88, 
	0x88, 0x98, 0x88, 0x88, 0x87, 0xaa, 0x98, 0x88, 
	0x99, 0x99, 0x87, 0x99, 0x98, 0x88, 0x88, 0x87, 
	0x88, 0x88, 0x89, 0x99, 0x97, 0x7a, 0x98, 0x88, 
	0x9a, 0x98, 0x7a, 0x98, 0x88, 0x88, 0xa9, 0x88, 
	0x78, 0x88, 0x99, 0x99, 0x79, 0xa9, 0x97, 0x88, 
	0x89, 0x99, 0x88, 0x88, 0x88, 0x88, 0x87, 0x79, 
	0x88, 0x87, 0x77, 0x78, 0x88, 0x89, 0x98, 0x88, 
	0x9a, 0x79, 0x98, 0x99, 0x98, 0x87, 0x99, 0x88, 
	0x89, 0x87, 0x78, 0x88, 0x78, 0x99, 0x98, 0x98, 
	0x88, 0x88, 0x99, 0x88, 0x89, 0x89, 0x77, 0x87, 
	0x87, 0x79, 0x99, 0x88, 0x88, 0x79, 0x89, 0x88, 
	0xa8, 0x88, 0x88, 0x88, 0x77, 0x78, 0x89, 0xa9, 
	0x87, 0x88, 0x88, 0x98, 0x89, 0x87, 0x87, 0x88, 
	0x99, 0x87, 0x98, 0x78, 0x88, 0x87, 0x89, 0xa9, 
	0xa8, 0x9a, 0x99, 0x98, 0x99, 0x77, 0x89, 0x99, 
	0x89, 0xa9, 0x89, 0xaa, 0xa9, 0x99, 0x77, 0x88, 
	0x77, 0x98, 0x88, 0x99, 0x9a, 0xa8, 0x89, 0x88, 
	0x77, 0x77, 0x88, 0x77, 0x78, 0x9a, 0x97, 0x9a, 
	0x88, 0x89, 0x98, 0x98, 0x89, 0x98, 0x77, 0x88, 
	0x8a, 0xa9, 0x8a, 0x88, 0x89, 0x98, 0x87, 0x97, 
	0x78, 0x99, 0x89, 0x88, 0x89, 0x98, 0x88, 0x88, 
	0x99, 0x87, 0x78, 0x87, 0x88, 0x99, 0xaa, 0x78, 
	0x9a, 0x98, 0x99, 0x99, 0x88, 0x88, 0x78, 0xa9, 
	0x89, 0x97, 0x78, 0x98, 0x89, 0x88, 0x97, 0x77, 
	0x87, 0x88, 0x99, 0x88, 0x89, 0x98, 0x98, 0x88, 
	0x97, 0x88, 0x99, 0x88, 0x88, 0x99, 0x9a, 0x88, 
	0x88, 0x99, 0x89, 0xa9, 0x87, 0x77, 0x88, 0x88, 
	0x89, 0x79, 0x87, 0x88, 0x89, 0x78, 0x87, 0x89, 
	0x88, 0x79, 0x99, 0x98, 0x99, 0x88, 0x98, 0x89, 
	0x78, 0x99, 0x88, 0x88, 0x89, 0x99, 0x98, 0x88, 
	0x88, 0x99, 0x77, 0x89, 0x78, 0x87, 0x98, 0x89, 
	0x98, 0x88, 0x98, 0x78, 0x99, 0x99, 0x98, 0x89, 
	0x89, 0xa8, 0x88, 0x77, 0x87, 0x79, 0x98, 0x88, 
	0x89, 0xa9, 0x99, 0x98, 0x79, 0x88, 0x99, 0x88, 
	0x88, 0x98, 0x78, 0x88, 0x88, 0x87, 0x88, 0x99, 
	0x88, 0x98, 0x89, 0x78, 0x88, 0x89, 0x98, 0x89, 
	0x88, 0x99, 0x88, 0x78, 0x88, 0x88, 0x98, 0x77, 
	0x88, 0x99, 0x99, 0x88, 0x78, 0x9a, 0xa9, 0x89, 
	0x99, 0x87, 0x79, 0x88, 0x87, 0x87, 0x77, 0x88, 
	0x99, 0x88, 0x88, 0x87, 0x88, 0x88, 0x88, 0x78, 
	0x88, 0x88, 0x87, 0x98, 0x89, 0x99, 0x77, 0x78, 
	0x99, 0x88, 0x99, 0x97, 0x79, 0xa9, 0x99, 0x89, 
	0x99, 0x97, 0x89, 0x99, 0x87, 0x78, 0x99, 0x98, 
	0xa9, 0x99, 0x88, 0x87, 0x88, 0x98, 0x88, 0x77, 
	0x88, 0x88, 0x87, 0x98, 0x88, 0x89, 0x87, 0x99, 
	0x89, 0xa9, 0x88, 0x77, 0x89, 0x99, 0x9a, 0x79, 
	0x99, 0x87, 0x89, 0x99, 0x97, 0x99, 0x88, 0x98, 
	0xa9, 0x99, 0x88, 0x88, 0x77, 0x77, 0x77, 0x99, 
	0x87, 0x88, 0x77, 0x98, 0x88, 0x88, 0x87, 0x98, 
	0x89, 0x99, 0xaa, 0x77, 0x99, 0x99, 0x99, 0x88, 
	0x89, 0x88, 0x89, 0x99, 0x89, 0xa9, 0x88, 0x89, 
	0x78, 0x98, 0x88, 0x87, 0x99, 0x88, 0x88, 0x88, 
	0x98, 0x88, 0x97, 0x89, 0x99, 0x88, 0x88, 0x98, 
	0x88, 0x99, 0x88, 0x79, 0x88, 0x88, 0x88, 0x88, 
	0x89, 0x99, 0x89, 0x98, 0x79, 0xa9, 0x89, 0x98, 
	0x78, 0x89, 0x98, 0x87, 0xa9, 0x88, 0x88, 0x88, 
	0x88, 0x89, 0xa9, 0x89, 0x99, 0x99, 0x87, 0x88, 
	0x88, 0x87, 0x88, 0x89, 0x98, 0x87, 0x79, 0x88, 
	0x88, 0x9a, 0x98, 0x89, 0xa8, 0x99, 0x88, 0x88, 
	0x87, 0x89, 0x98, 0x78, 0xa9, 0x99, 0x88, 0x88, 
	0x88, 0x99, 0x99, 0x88, 0x99, 0x87, 0x8a, 0xa9, 
	0xaa, 0x88, 0x98, 0x77, 0x77, 0x78, 0x98, 0x88, 
	0x88, 0xa9, 0x88, 0x9a, 0x99, 0x77, 0x78, 0x88, 
	0x88, 0x77, 0x77, 0x89, 0x99, 0x99, 0x87, 0x89, 
	0x99, 0x99, 0x99, 0x88, 0x78, 0x88, 0xaa, 0x99, 
	0xaa, 0x87, 0x77, 0x88, 0x99, 0x77, 0x99, 0x88, 
	0x99, 0x88, 0x98, 0xa9, 0x98, 0x78, 0x88, 0x98, 
	0x77, 0x89, 0x97, 0x99, 0x98, 0x87, 0x78, 0x89, 
	0x99, 0x99, 0x98, 0x98, 0x97, 0x88, 0x99, 0x99, 
	0x98, 0x78, 0x89, 0x88, 0xa9, 0x98, 0x89, 0x99, 
	0x98, 0x89, 0x89, 0xa9, 0x88, 0x79, 0x88, 0x9a, 
	0x89, 0xa8, 0x88, 0x88, 0x77, 0x88, 0x9a, 0x88, 
	0x89, 0x88, 0x8a, 0x88, 0x89, 0x98, 0x78, 0x88, 
	0x88, 0x98, 0x88, 0x98, 0x99, 0x88, 0x87, 0x99, 
	0x77, 0xa9, 0x89, 0x99, 0x88, 0x88, 0x88, 0xa8, 
	0x8a, 0x98, 0x89, 0xa9, 0x79, 0x98, 0x89, 0x98, 
	0x99, 0x88, 0x9a, 0x99, 0x99, 0x8a, 0x99, 0x99, 
	0x89, 0x99, 0x98, 0x99, 0x89, 0x88, 0x88, 0x98, 
	0x77, 0x99, 0x78, 0x89, 0x88, 0x88, 0x88, 0x88, 
	0x98, 0x88, 0x88, 0x98, 0x78, 0x88, 0x89, 0x88, 
	0x88, 0x88, 0x89, 0x99, 0x98, 0x9a, 0x88, 0x88, 
	0x77, 0x89, 0xa9, 0x99, 0x88, 0x88, 0x87, 0x88, 
	0x97, 0x87, 0x78, 0x88, 0x88, 0x88, 0x87, 0x89, 
	0x89, 0x99, 0x88, 0x88, 0x97, 0x88, 0x88, 0x88, 
	0x88, 0x88, 0x78, 0x99, 0x78, 0x88, 0x88, 0x97, 
	0x89, 0x87, 0x89, 0x99, 0x79, 0x99, 0x9a, 0xa9, 
	0x88, 0x99, 0x78, 0x88, 0x88, 0x98, 0x78, 0x89, 
	0xa8, 0x88, 0x89, 0x99, 0x89, 0x87, 0x79, 0xa8, 
	0x88, 0x97, 0x99, 0x87, 0x89, 0x89, 0x88, 0x87, 
	0x99, 0x98, 0x78, 0x98, 0x78, 0x88, 0x88, 0x99, 
	0x79, 0x98, 0x89, 0x97, 0x87, 0x88, 0x98, 0x88, 
	0xa8, 0x9a, 0x99, 0x99, 0x89, 0x89, 0x88, 0x99, 
	0x98, 0x78, 0x88, 0xa7, 0x88, 0x8a, 0x98, 0x7a, 
	0x99, 0x98, 0x89, 0x98, 0x77, 0x88, 0x88, 0x89, 
	0x88, 0x88, 0x89, 0x98, 0x79, 0xa8, 0x88, 0x88, 
	0x89, 0xa9, 0x88, 0x99, 0xa8, 0x89, 0x89, 0x88, 
	0x87, 0x89, 0x88, 0xa7, 0x98, 0x89, 0x98, 0x78, 
	0x88, 0x98, 0x77, 0x77, 0x78, 0x77, 0x77, 0x77, 
	0x88, 0x88, 0x99, 0x89, 0x8a, 0x98, 0x88, 0x89, 
	0x8a, 0x99, 0x88, 0x9a, 0xa8, 0x98, 0x89, 0x87, 
	0x77, 0x98, 0x88, 0x97, 0x88, 0x89, 0x98, 0x98, 
	0x78, 0x88, 0x99, 0x89, 0x79, 0x99, 0x87, 0x97, 
	0x89, 0x99, 0x98, 0xa9, 0x9a, 0xa8, 0x88, 0x9a, 
	0x8a, 0x98, 0x88, 0x99, 0x88, 0xa8, 0x88, 0x88, 
	0x79, 0x88, 0x88, 0x98, 0x88, 0x88, 0x89, 0x98, 
	0x87, 0x8a, 0x98, 0x99, 0x88, 0x98, 0x79, 0x87, 
	0x88, 0x99, 0x8a, 0x99, 0xa8, 0x99, 0x88, 0x8a, 
	0x78, 0x98, 0x88, 0x98, 0x78, 0xa8, 0x88, 0x98, 
	0x78, 0x88, 0x88, 0x78, 0x89, 0x88, 0x78, 0x88, 
	0x88, 0x9a, 0x98, 0x88, 0x98, 0x78, 0x89, 0x98, 
	0x99, 0x87, 0x99, 0x88, 0x8a, 0x88, 0x77, 0x88, 
	0x88, 0x87, 0x88, 0x77, 0x78, 0x99, 0x88, 0x88, 
	0x98, 0x77, 0x88, 0x99, 0xa8, 0x88, 0x99, 0x88, 
	0x99, 0x8a, 0x98, 0x88, 0x97, 0x9a, 0x98, 0x88, 
	0x88, 0x79, 0xa8, 0x88, 0x89, 0x99, 0x99, 0x98, 
	0x98, 0x89, 0x77, 0x79, 0x88, 0x77, 0x88, 0x89, 
	0x99, 0x87, 0x9a, 0x99, 0xaa, 0x87, 0x99, 0x99, 
	0x99, 0x89, 0x98, 0x88, 0x88, 0xa9, 0x98, 0x88, 
	0x98, 0x99, 0xa8, 0x88, 0x98, 0x99, 0xa9, 0x98, 
	0xa9, 0x99, 0x98, 0x99, 0x89, 0x98, 0x79, 0xaa, 
	0x88, 0x87, 0x99, 0x88, 0x98, 0x87, 0x99, 0x9a, 
	0xaa, 0x87, 0x99, 0x99, 0x87, 0x99, 0x88, 0x99, 
	0x88, 0x89, 0xa9, 0x88, 0x98, 0x99, 0x88, 0x78, 
	0xa9, 0x88, 0x89, 0x99, 0x88, 0x89, 0x79, 0x89, 
	0x89, 0x87, 0x99, 0x88, 0x98, 0x87, 0x98, 0x78, 
	0x88, 0x89, 0x78, 0x87, 0x78, 0x89, 0x88, 0x98, 
	0xaa, 0x98, 0x89, 0x88, 0x88, 0x89, 0x9a, 0x98, 
	0xa9, 0x88, 0x87, 0x79, 0x88, 0x87, 0x78, 0x88, 
	0x89, 0x87, 0x98, 0x88, 0x99, 0x79, 0x89, 0x88, 
	0xa9, 0x99, 0x99, 0x78, 0x89, 0x87, 0x87, 0x8a, 
	0x88, 0x99, 0x89, 0x88, 0x7a, 0x99, 0x99, 0xa9, 
	0x9a, 0x98, 0x78, 0x97, 0x99, 0x79, 0x87, 0x98, 
	0x98, 0x87, 0x88, 0x88, 0x98, 0x88, 0x88, 0x88, 
	0x99, 0x99, 0x98, 0x9a, 0x99, 0xa9, 0x88, 0xa9, 
	0x88, 0x89, 0x99, 0x98, 0x99, 0x88, 0x88, 0x9a, 
	0x88, 0x87, 0x99, 0x88, 0x88, 0x9a, 0x97, 0x78, 
	0x98, 0x77, 0x78, 0x88, 0x78, 0x98, 0x88, 0x89, 
	0x8a, 0x98, 0x89, 0xa8, 0x89, 0x99, 0x98, 0xa9, 
	0x98, 0x88, 0x98, 0x88, 0x99, 0x88, 0x88, 0x89, 
	0x97, 0x89, 0x98, 0x88, 0x88, 0x88, 0x99, 0x88, 
	0x78, 0x99, 0x87, 0x77, 0x89, 0x98, 0x88, 0x99, 
	0x97, 0x89, 0xaa, 0x98, 0x88, 0x99, 0xa8, 0x99, 
	0x99, 0x87, 0x88, 0x89, 0x89, 0x88, 0x88, 0x88, 
	0x78, 0x89, 0xa9, 0x99, 0x89, 0xaa, 0xa9, 0x8a, 
	0x89, 0x99, 0xa8, 0x8a, 0xa7, 0x88, 0x88, 0x89, 
	0xa9, 0x8a, 0x98, 0x88, 0x88, 0x88, 0x98, 0x99, 
	0x99, 0x98, 0x88, 0x89, 0x98, 0x98, 0x98, 0x87, 
	0x88, 0x98, 0xa9, 0x99, 0x88, 0xa9, 0x98, 0x88, 
	0x89, 0x89, 0x98, 0x9a, 0xa9, 0x79, 0x88, 0x89, 
	0x98, 0x79, 0x98, 0x88, 0x87, 0x88, 0x99, 0x8a, 
	
};

Gfx pss_dl_Art411_64x64_BLOOD__i4_aligner[] = {gsSPEndDisplayList()};
u8 pss_dl_Art411_64x64_BLOOD__i4[] = {
	0x45, 0x55, 0x43, 0x33, 0x33, 0x33, 0x45, 0x44, 
	0x22, 0x33, 0x34, 0x43, 0x38, 0x87, 0x77, 0x74, 
	0x66, 0x77, 0x99, 0x77, 0x88, 0x87, 0x54, 0x33, 
	0x34, 0x68, 0x99, 0x98, 0x88, 0x88, 0x89, 0x83, 
	0x35, 0x63, 0x33, 0x44, 0x56, 0x76, 0x65, 0x55, 
	0x43, 0x45, 0x67, 0x63, 0x37, 0x87, 0x78, 0x64, 
	0x67, 0x78, 0x98, 0x89, 0x88, 0x88, 0x97, 0x42, 
	0x34, 0x44, 0x79, 0x99, 0x98, 0x88, 0x98, 0x63, 
	0x67, 0x88, 0x54, 0x35, 0x77, 0x76, 0x77, 0x66, 
	0x66, 0x76, 0x67, 0x73, 0x37, 0xa7, 0x77, 0x46, 
	0x77, 0x77, 0x78, 0x88, 0x88, 0x78, 0x99, 0x73, 
	0x23, 0x34, 0x47, 0x98, 0x89, 0x88, 0x76, 0x43, 
	0x66, 0x56, 0x64, 0x34, 0x66, 0x66, 0x77, 0x76, 
	0x66, 0x77, 0x66, 0x64, 0x36, 0x98, 0x75, 0x47, 
	0x77, 0x77, 0x78, 0x98, 0x77, 0x88, 0x99, 0x96, 
	0x33, 0x33, 0x45, 0x77, 0x77, 0x77, 0x55, 0x33, 
	0x46, 0x66, 0x54, 0x42, 0x44, 0x55, 0x67, 0x76, 
	0x67, 0x77, 0x67, 0x77, 0x26, 0x66, 0x53, 0x66, 
	0x66, 0x77, 0x78, 0x88, 0x88, 0x99, 0x89, 0xa9, 
	0x53, 0x33, 0x43, 0x44, 0x44, 0x43, 0x33, 0x44, 
	0x54, 0x44, 0x33, 0x43, 0x33, 0x33, 0x33, 0x35, 
	0x56, 0x66, 0x66, 0x64, 0x26, 0x76, 0x54, 0x57, 
	0x66, 0x67, 0x87, 0x77, 0x8a, 0x99, 0x89, 0x88, 
	0x84, 0x33, 0x33, 0x43, 0x33, 0x34, 0x56, 0x56, 
	0x76, 0x65, 0x34, 0x44, 0x45, 0x66, 0x77, 0x65, 
	0x55, 0x55, 0x55, 0x54, 0x35, 0x55, 0x34, 0x55, 
	0x76, 0x67, 0x87, 0x77, 0x78, 0x99, 0x88, 0x87, 
	0x74, 0x33, 0x34, 0x33, 0x44, 0x46, 0x78, 0x77, 
	0x66, 0x66, 0x63, 0x45, 0x56, 0x66, 0x77, 0x97, 
	0x67, 0x69, 0x98, 0x87, 0x79, 0x95, 0x34, 0x55, 
	0x76, 0x67, 0x77, 0x87, 0x88, 0x88, 0x78, 0x86, 
	0x54, 0x55, 0x45, 0x86, 0x44, 0x46, 0x78, 0x67, 
	0x66, 0x77, 0x75, 0x24, 0x56, 0x76, 0x56, 0x58, 
	0x86, 0x57, 0x66, 0x67, 0x78, 0x98, 0x45, 0x56, 
	0x77, 0x66, 0x68, 0x78, 0x88, 0x87, 0x75, 0x34, 
	0x44, 0x66, 0x56, 0x99, 0x44, 0x33, 0x66, 0x66, 
	0x76, 0x78, 0x76, 0x24, 0x46, 0x56, 0x65, 0x55, 
	0x65, 0x75, 0x67, 0x65, 0x66, 0x76, 0x45, 0x77, 
	0x77, 0x66, 0x67, 0x88, 0x87, 0x87, 0x64, 0x46, 
	0x66, 0x77, 0x67, 0x88, 0x53, 0x43, 0x35, 0x67, 
	0x66, 0x77, 0x76, 0x23, 0x44, 0x67, 0x55, 0x65, 
	0x55, 0x55, 0x55, 0x65, 0x55, 0x43, 0x45, 0x77, 
	0x76, 0x67, 0x77, 0x88, 0x87, 0x64, 0x35, 0x87, 
	0x66, 0x77, 0x77, 0x88, 0x64, 0x67, 0x64, 0x45, 
	0x56, 0x77, 0x77, 0x43, 0x34, 0x47, 0x65, 0x55, 
	0x44, 0x44, 0x33, 0x34, 0x33, 0x32, 0x34, 0x57, 
	0x77, 0x67, 0x77, 0x77, 0x75, 0x33, 0x46, 0x77, 
	0x67, 0x78, 0x77, 0x77, 0x54, 0x66, 0x67, 0x73, 
	0x34, 0x66, 0x66, 0x43, 0x33, 0x44, 0x65, 0x55, 
	0x43, 0x33, 0x44, 0x56, 0x77, 0x75, 0x23, 0x46, 
	0x77, 0x66, 0x67, 0x76, 0x43, 0x34, 0x46, 0x76, 
	0x66, 0x77, 0x77, 0x66, 0x54, 0x67, 0x77, 0x76, 
	0x42, 0x23, 0x34, 0x44, 0x44, 0x34, 0x54, 0x33, 
	0x44, 0x44, 0x56, 0x77, 0x88, 0x99, 0x74, 0x32, 
	0x35, 0x56, 0x76, 0x44, 0x33, 0x22, 0x34, 0x56, 
	0x65, 0x76, 0x66, 0x67, 0x54, 0x67, 0x77, 0x77, 
	0x42, 0x44, 0x57, 0x87, 0x89, 0x77, 0x78, 0x88, 
	0x63, 0x46, 0x78, 0x88, 0x77, 0x89, 0x9a, 0x96, 
	0x23, 0x44, 0x43, 0x46, 0x77, 0x64, 0x33, 0x33, 
	0x33, 0x33, 0x44, 0x44, 0x33, 0x57, 0x77, 0x78, 
	0x26, 0x67, 0x77, 0x78, 0x88, 0x98, 0x89, 0x99, 
	0x93, 0x47, 0x78, 0x89, 0x99, 0x86, 0x9a, 0x99, 
	0x84, 0x22, 0x45, 0x77, 0x67, 0x77, 0x67, 0x77, 
	0x66, 0x77, 0x77, 0x66, 0x65, 0x36, 0x87, 0x76, 
	0x37, 0x67, 0x78, 0x78, 0x77, 0x87, 0x7a, 0x99, 
	0x84, 0x57, 0x76, 0x67, 0x77, 0x99, 0x87, 0x99, 
	0x99, 0x44, 0x76, 0x77, 0x76, 0x66, 0x56, 0x55, 
	0x66, 0x67, 0x77, 0x77, 0x67, 0x53, 0x56, 0x63, 
	0x57, 0x77, 0x77, 0x77, 0x77, 0x88, 0xa9, 0xa9, 
	0x93, 0x66, 0x77, 0x66, 0x67, 0x89, 0xa9, 0x88, 
	0x99, 0x45, 0x77, 0x77, 0x76, 0x77, 0x66, 0x66, 
	0x77, 0x78, 0x87, 0x77, 0x76, 0x54, 0x32, 0x23, 
	0x58, 0x77, 0x77, 0x77, 0x67, 0x89, 0xaa, 0xaa, 
	0x93, 0x67, 0x78, 0x77, 0x78, 0x8a, 0xa9, 0x88, 
	0x85, 0x46, 0x66, 0x87, 0x67, 0x78, 0x77, 0x67, 
	0x77, 0x98, 0x88, 0x86, 0x67, 0x66, 0x66, 0x33, 
	0x68, 0x78, 0x77, 0x78, 0x78, 0x88, 0x9a, 0xaa, 
	0xa5, 0x57, 0x67, 0x78, 0x88, 0x88, 0x77, 0x76, 
	0x45, 0x68, 0x77, 0x77, 0x77, 0x77, 0x67, 0x77, 
	0x78, 0x79, 0x87, 0x66, 0x78, 0x88, 0x77, 0x74, 
	0x69, 0x89, 0x98, 0x67, 0x79, 0x98, 0x98, 0xaa, 
	0xa6, 0x33, 0x44, 0x55, 0x66, 0x44, 0x45, 0x43, 
	0x46, 0x8a, 0x77, 0x77, 0x77, 0x77, 0x77, 0x78, 
	0x77, 0x89, 0x87, 0x76, 0x99, 0x98, 0x87, 0x76, 
	0x68, 0x89, 0x98, 0x77, 0x79, 0x98, 0x88, 0x9a, 
	0x97, 0x44, 0x54, 0x43, 0x33, 0x43, 0x44, 0x45, 
	0x67, 0x89, 0x87, 0x77, 0x77, 0x78, 0x77, 0x77, 
	0x77, 0x89, 0x88, 0x67, 0x7a, 0x99, 0x87, 0x98, 
	0x68, 0x87, 0x87, 0x77, 0x79, 0x99, 0xaa, 0xa9, 
	0xa8, 0x47, 0x76, 0x54, 0x55, 0x64, 0x44, 0x55, 
	0x67, 0x88, 0x87, 0x88, 0x77, 0x78, 0x78, 0x97, 
	0x77, 0x99, 0x87, 0x78, 0x9a, 0xaa, 0x87, 0x98, 
	0x58, 0xa9, 0x98, 0x99, 0x99, 0x99, 0xaa, 0xaa, 
	0xa7, 0x47, 0x77, 0x56, 0x55, 0x56, 0x54, 0x46, 
	0x77, 0x88, 0x98, 0x88, 0x78, 0x89, 0x88, 0x87, 
	0x78, 0x89, 0x87, 0x69, 0x98, 0x79, 0x87, 0x86, 
	0x58, 0x89, 0x98, 0x89, 0x89, 0x9a, 0xaa, 0x9a, 
	0xa7, 0x57, 0x77, 0x66, 0x66, 0x76, 0x53, 0x57, 
	0x77, 0x89, 0x79, 0x87, 0x78, 0x88, 0x88, 0x98, 
	0x97, 0x88, 0x77, 0x68, 0x87, 0x87, 0x75, 0x75, 
	0x47, 0x99, 0x87, 0x78, 0x79, 0xaa, 0xaa, 0xaa, 
	0x97, 0x56, 0x78, 0x77, 0x68, 0x76, 0x43, 0x56, 
	0x88, 0x89, 0x88, 0x87, 0x79, 0x88, 0x98, 0x89, 
	0x97, 0x79, 0x87, 0x68, 0x77, 0x77, 0x77, 0x63, 
	0x47, 0x89, 0x99, 0x9a, 0x99, 0x9a, 0xaa, 0x99, 
	0x96, 0x67, 0x88, 0x77, 0x78, 0x77, 0x43, 0x36, 
	0x88, 0x99, 0x99, 0x98, 0x78, 0x88, 0x88, 0x89, 
	0x98, 0x89, 0x86, 0x68, 0x77, 0x67, 0x77, 0x53, 
	0x46, 0x67, 0x88, 0x88, 0x89, 0x99, 0x99, 0xaa, 
	0xa5, 0x67, 0x87, 0x76, 0x78, 0x87, 0x63, 0x46, 
	0x99, 0xaa, 0x97, 0x88, 0x88, 0x9a, 0x88, 0x98, 
	0x87, 0x89, 0x88, 0x67, 0x77, 0x67, 0x64, 0x56, 
	0x44, 0x66, 0x56, 0x77, 0x88, 0x89, 0x99, 0x99, 
	0x94, 0x67, 0x88, 0x77, 0x88, 0x77, 0x64, 0x36, 
	0x89, 0x88, 0x78, 0x78, 0x88, 0x88, 0x88, 0x98, 
	0x77, 0x86, 0x67, 0x67, 0x77, 0x75, 0x35, 0x66, 
	0x43, 0x45, 0x44, 0x44, 0x55, 0x66, 0x76, 0x77, 
	0x63, 0x57, 0x78, 0x87, 0x88, 0x87, 0x64, 0x34, 
	0x67, 0x76, 0x77, 0x77, 0x67, 0x77, 0x77, 0x88, 
	0x77, 0x66, 0x67, 0x66, 0x77, 0x43, 0x33, 0x34, 
	0x34, 0x44, 0x44, 0x44, 0x43, 0x24, 0x34, 0x45, 
	0x43, 0x46, 0x77, 0x78, 0x87, 0x77, 0x54, 0x44, 
	0x45, 0x55, 0x44, 0x45, 0x45, 0x57, 0x88, 0x78, 
	0x77, 0x67, 0x77, 0x67, 0x43, 0x44, 0x22, 0x33, 
	0x87, 0x77, 0x77, 0x55, 0x77, 0x66, 0x55, 0x54, 
	0x33, 0x34, 0x67, 0x77, 0x67, 0x66, 0x45, 0x67, 
	0x78, 0x99, 0x98, 0x87, 0x64, 0x24, 0x67, 0x77, 
	0x77, 0x55, 0x54, 0x44, 0x54, 0x44, 0x22, 0x37, 
	0x97, 0x76, 0x68, 0x65, 0x66, 0x66, 0x67, 0x67, 
	0x77, 0x54, 0x43, 0x43, 0x34, 0x46, 0x77, 0x88, 
	0x77, 0x66, 0x87, 0x89, 0x96, 0x53, 0x33, 0x44, 
	0x44, 0x66, 0x77, 0x55, 0x55, 0x54, 0x56, 0x89, 
	0x77, 0x77, 0x67, 0x54, 0x65, 0x56, 0x56, 0x56, 
	0x66, 0x67, 0x66, 0x66, 0x44, 0x66, 0x66, 0x66, 
	0x77, 0x77, 0x66, 0x78, 0x85, 0x44, 0x45, 0x66, 
	0x77, 0x77, 0x77, 0x76, 0x55, 0x44, 0x67, 0x89, 
	0x77, 0x65, 0x56, 0x64, 0x66, 0x55, 0x55, 0x66, 
	0x55, 0x55, 0x56, 0x66, 0x46, 0x66, 0x56, 0x65, 
	0x77, 0x77, 0x67, 0x77, 0x74, 0x44, 0x67, 0x67, 
	0x77, 0x87, 0x89, 0x96, 0x65, 0x44, 0x56, 0x88, 
	0x65, 0x55, 0x55, 0x73, 0x45, 0x56, 0x55, 0x56, 
	0x55, 0x55, 0x54, 0x65, 0x46, 0x66, 0x56, 0x65, 
	0x66, 0x77, 0x66, 0x66, 0x64, 0x46, 0x55, 0x77, 
	0x79, 0x99, 0x99, 0x87, 0x74, 0x35, 0x67, 0x88, 
	0x65, 0x54, 0x54, 0x63, 0x24, 0x55, 0x66, 0x66, 
	0x55, 0x55, 0x54, 0x54, 0x66, 0x66, 0x55, 0x55, 
	0x56, 0x66, 0x56, 0x67, 0x55, 0x44, 0x47, 0x77, 
	0x78, 0x99, 0x8a, 0xa8, 0x85, 0x34, 0x56, 0x76, 
	0x54, 0x55, 0x44, 0x64, 0x24, 0x54, 0x56, 0x66, 
	0x65, 0x65, 0x44, 0x44, 0x65, 0x76, 0x55, 0x55, 
	0x56, 0x65, 0x65, 0x66, 0x63, 0x54, 0x46, 0x77, 
	0x89, 0x99, 0x8a, 0xaa, 0x96, 0x43, 0x46, 0x55, 
	0x54, 0x45, 0x45, 0x65, 0x22, 0x34, 0x44, 0x55, 
	0x55, 0x54, 0x44, 0x24, 0x66, 0x77, 0x76, 0x65, 
	0x65, 0x56, 0x65, 0x56, 0x64, 0x64, 0x57, 0x77, 
	0xaa, 0x89, 0x89, 0xaa, 0xa7, 0x42, 0x36, 0x65, 
	0x44, 0x54, 0x44, 0x43, 0x23, 0x23, 0x34, 0x44, 
	0x44, 0x54, 0x44, 0x23, 0x57, 0x66, 0x66, 0x66, 
	0x66, 0x55, 0x55, 0x66, 0x46, 0x65, 0x67, 0x89, 
	0x98, 0x99, 0x99, 0x9a, 0x97, 0x73, 0x35, 0x54, 
	0x44, 0x56, 0x66, 0x65, 0x55, 0x44, 0x33, 0x22, 
	0x32, 0x44, 0x45, 0x32, 0x35, 0x76, 0x65, 0x66, 
	0x67, 0x66, 0x55, 0x65, 0x46, 0x65, 0x78, 0x79, 
	0x98, 0x89, 0xaa, 0xaa, 0x98, 0x94, 0x23, 0x34, 
	0x77, 0x76, 0x66, 0x67, 0x77, 0x77, 0x87, 0x76, 
	0x64, 0x54, 0x54, 0x43, 0x33, 0x56, 0x66, 0x66, 
	0x65, 0x55, 0x65, 0x64, 0x56, 0x65, 0x78, 0x78, 
	0x99, 0x9a, 0xaa, 0x99, 0x89, 0x97, 0x23, 0x57, 
	0x76, 0x66, 0x66, 0x67, 0x77, 0x78, 0x89, 0x77, 
	0x76, 0x44, 0x56, 0x54, 0x33, 0x34, 0x55, 0x55, 
	0x54, 0x56, 0x65, 0x53, 0x44, 0x56, 0x87, 0x67, 
	0x88, 0x79, 0x9a, 0x89, 0x97, 0x87, 0x23, 0x67, 
	0x67, 0x66, 0x66, 0x66, 0x66, 0x66, 0x77, 0x88, 
	0x86, 0x46, 0x78, 0x87, 0x44, 0x43, 0x34, 0x44, 
	0x44, 0x44, 0x44, 0x44, 0x66, 0x67, 0x77, 0x77, 
	0x88, 0x87, 0x67, 0x88, 0x77, 0x67, 0x53, 0x56, 
	0x76, 0x66, 0x66, 0x65, 0x66, 0x66, 0x77, 0x68, 
	0x86, 0x57, 0x76, 0x89, 0x87, 0x66, 0x54, 0x44, 
	0x44, 0x34, 0x34, 0x43, 0x66, 0x68, 0x98, 0x99, 
	0x99, 0x98, 0x77, 0x76, 0x67, 0x67, 0x62, 0x56, 
	0x77, 0x76, 0x66, 0x66, 0x66, 0x56, 0x66, 0x66, 
	0x64, 0x56, 0x77, 0x77, 0x87, 0x79, 0x99, 0x99, 
	0x98, 0x65, 0x55, 0x42, 0x56, 0x58, 0x88, 0x88, 
	0x99, 0x89, 0x98, 0x77, 0x77, 0x76, 0x73, 0x37, 
	0x77, 0x65, 0x66, 0x66, 0x56, 0x76, 0x75, 0x66, 
	0x44, 0x66, 0x77, 0x77, 0x77, 0x67, 0x99, 0xaa, 
	0xa9, 0x76, 0x65, 0x42, 0x44, 0x47, 0x89, 0x99, 
	0x99, 0x88, 0x98, 0x78, 0x77, 0x78, 0x73, 0x36, 
	0x77, 0x66, 0x66, 0x65, 0x66, 0x76, 0x66, 0x64, 
	0x34, 0x67, 0x76, 0x77, 0x77, 0x77, 0x98, 0x89, 
	0x98, 0x87, 0x66, 0x54, 0x45, 0x47, 0x88, 0x99, 
	0x99, 0x98, 0x9a, 0x88, 0x87, 0x88, 0x94, 0x35, 
	0x66, 0x76, 0x66, 0x66, 0x55, 0x66, 0x64, 0x34, 
	0x44, 0x66, 0x77, 0x66, 0x77, 0x77, 0x78, 0x8a, 
	0xaa, 0x88, 0x76, 0x64, 0x45, 0x48, 0x88, 0x89, 
	0xaa, 0x88, 0x89, 0x99, 0x99, 0x88, 0x87, 0x24, 
	0x76, 0x66, 0x66, 0x65, 0x56, 0x65, 0x45, 0x65, 
	0x45, 0x77, 0x77, 0x76, 0x66, 0x77, 0x78, 0x89, 
	0xaa, 0xa8, 0x86, 0x64, 0x45, 0x58, 0x88, 0x89, 
	0x89, 0x99, 0x9a, 0x99, 0xa9, 0x88, 0x89, 0x44, 
	0x77, 0x87, 0x87, 0x87, 0x66, 0x53, 0x46, 0x77, 
	0x44, 0x77, 0x77, 0x77, 0x76, 0x66, 0x66, 0x66, 
	0x77, 0x89, 0x87, 0x65, 0x45, 0x67, 0x89, 0x89, 
	0x99, 0x89, 0x99, 0x99, 0xaa, 0x98, 0x87, 0x43, 
	0x57, 0x77, 0x77, 0x77, 0x75, 0x34, 0x67, 0x77, 
	0x45, 0x76, 0x77, 0x77, 0x77, 0x77, 0x76, 0x67, 
	0x77, 0x79, 0x77, 0x64, 0x45, 0x57, 0x97, 0x88, 
	0x99, 0x89, 0xa9, 0x89, 0xaa, 0x87, 0x79, 0x43, 
	0x36, 0x67, 0x77, 0x67, 0x63, 0x46, 0x67, 0x76, 
	0x45, 0x77, 0x77, 0x87, 0x77, 0x77, 0x77, 0x77, 
	0x87, 0x77, 0x87, 0x64, 0x45, 0x68, 0x88, 0x87, 
	0x98, 0x99, 0x99, 0x99, 0x9a, 0xa8, 0x66, 0x53, 
	0x23, 0x34, 0x56, 0x66, 0x33, 0x56, 0x76, 0x66, 
	0x44, 0x77, 0x77, 0x87, 0x77, 0x77, 0x77, 0x67, 
	0x88, 0x77, 0x76, 0x54, 0x23, 0x67, 0x87, 0x78, 
	0x89, 0x99, 0xa9, 0x99, 0x99, 0x99, 0x88, 0x43, 
	0x33, 0x33, 0x23, 0x32, 0x34, 0x66, 0x77, 0x76, 
	0x44, 0x77, 0x76, 0x77, 0x77, 0x77, 0x77, 0x77, 
	0x77, 0x76, 0x44, 0x57, 0x75, 0x67, 0x78, 0x77, 
	0x89, 0x99, 0x99, 0x99, 0x89, 0x99, 0x97, 0x43, 
	0x66, 0x66, 0x64, 0x32, 0x34, 0x67, 0x77, 0x66, 
	0x35, 0x66, 0x66, 0x77, 0x77, 0x77, 0x77, 0x67, 
	0x77, 0x64, 0x56, 0x66, 0x78, 0x46, 0x66, 0x77, 
	0x88, 0x78, 0x98, 0x89, 0x98, 0x88, 0x97, 0x53, 
	0x67, 0x76, 0x66, 0x33, 0x23, 0x56, 0x77, 0x65, 
	0x35, 0x67, 0x76, 0x77, 0x77, 0x66, 0x77, 0x77, 
	0x76, 0x45, 0x66, 0x77, 0x65, 0x23, 0x34, 0x55, 
	0x66, 0x66, 0x66, 0x68, 0x87, 0x77, 0x66, 0x55, 
	0x78, 0x87, 0x66, 0x43, 0x32, 0x35, 0x66, 0x64, 
	0x35, 0x66, 0x66, 0x75, 0x57, 0x77, 0x77, 0x75, 
	0x44, 0x56, 0x67, 0x77, 0x75, 0x44, 0x43, 0x33, 
	0x44, 0x43, 0x44, 0x44, 0x44, 0x33, 0x44, 0x37, 
	0x87, 0x87, 0x65, 0x44, 0x34, 0x33, 0x34, 0x44, 
	0x45, 0x55, 0x56, 0x66, 0x67, 0x77, 0x77, 0x63, 
	0x44, 0x67, 0x67, 0x66, 0x75, 0x44, 0x54, 0x55, 
	0x44, 0x44, 0x45, 0x54, 0x44, 0x55, 0x54, 0x47, 
	0x76, 0x76, 0x66, 0x63, 0x55, 0x58, 0x75, 0x43, 
	0x34, 0x56, 0x67, 0x77, 0x66, 0x78, 0x66, 0x45, 
	0x32, 0x68, 0x77, 0x66, 0x65, 0x46, 0x66, 0x86, 
	0x44, 0x57, 0x77, 0x77, 0x87, 0x78, 0x73, 0x47, 
	0x56, 0x66, 0x76, 0x54, 0x44, 0x67, 0x89, 0x97, 
	0x42, 0x33, 0x45, 0x67, 0x77, 0x67, 0x55, 0x44, 
	0x43, 0x47, 0x77, 0x67, 0x74, 0x47, 0x77, 0x97, 
	0x56, 0x77, 0x87, 0x79, 0x99, 0x99, 0x95, 0x46, 
	0x56, 0x76, 0x66, 0x44, 0x56, 0x76, 0x67, 0x89, 
	0x75, 0x77, 0x63, 0x33, 0x33, 0x44, 0x44, 0x44, 
	0x43, 0x35, 0x66, 0x67, 0x54, 0x47, 0x78, 0x88, 
	0x56, 0x77, 0x88, 0x98, 0x99, 0x89, 0x97, 0x46, 
	0x57, 0x65, 0x56, 0x34, 0x66, 0x67, 0x68, 0x89, 
	0x64, 0x56, 0x75, 0x44, 0x35, 0x79, 0x98, 0x88, 
	0x43, 0x43, 0x34, 0x44, 0x33, 0x35, 0x78, 0x77, 
	0x46, 0x79, 0x99, 0x98, 0x87, 0x78, 0x98, 0x36, 
	0x66, 0x66, 0x54, 0x32, 0x45, 0x66, 0x67, 0x77, 
	0x53, 0x55, 0x44, 0x43, 0x36, 0x88, 0x88, 0x77, 
	0x46, 0x77, 0x77, 0x66, 0x54, 0x33, 0x35, 0x66, 
	0x55, 0x79, 0x99, 0x98, 0x87, 0x78, 0x88, 0x65, 
	
};

Gfx pss_dl_itimatu_i4_aligner[] = {gsSPEndDisplayList()};
u8 pss_dl_itimatu_i4[] = {
	0xaa, 0xcc, 0xdd, 0xdc, 0xbc, 0xca, 0xbb, 0x88, 
	0x9a, 0xab, 0xaa, 0x98, 0x78, 0x89, 0xaa, 0xaa, 
	0x99, 0xad, 0xdd, 0xcc, 0xcc, 0x99, 0x88, 0x88, 
	0x99, 0x99, 0x88, 0x9c, 0xba, 0xaa, 0xaa, 0xaa, 
	0xac, 0xca, 0xaa, 0xaa, 0xaa, 0xbc, 0xdb, 0x99, 
	0xa9, 0xaa, 0x98, 0x88, 0x79, 0x99, 0xaa, 0xab, 
	0x9a, 0xbb, 0xbb, 0xab, 0xcc, 0xcc, 0xaa, 0x98, 
	0x77, 0x99, 0x9a, 0xac, 0xba, 0xaa, 0xaa, 0xaa, 
	0xca, 0xaa, 0xaa, 0xaa, 0xaa, 0xac, 0xd9, 0x9b, 
	0xb9, 0x99, 0x9a, 0xaa, 0xa9, 0x89, 0xbb, 0xbb, 
	0xad, 0xda, 0xbc, 0xaa, 0xca, 0xcc, 0xcc, 0xaa, 
	0x99, 0x79, 0xcc, 0xca, 0xab, 0xaa, 0xaa, 0xab, 
	0xcc, 0xaa, 0xaa, 0xaa, 0xab, 0xcc, 0xd8, 0xbb, 
	0xab, 0xbb, 0xcc, 0xca, 0xaa, 0x89, 0xcc, 0xbc, 
	0xdd, 0xbb, 0xbb, 0xaa, 0xac, 0xcc, 0xcc, 0xcc, 
	0x99, 0x9b, 0xcc, 0xac, 0xab, 0xba, 0xbb, 0xbb, 
	0xaa, 0xac, 0xcc, 0xbb, 0xbc, 0xcd, 0xb9, 0x99, 
	0xcd, 0xdd, 0xdd, 0xdb, 0xca, 0x99, 0xcc, 0xaa, 
	0xcb, 0xbb, 0xcc, 0xbb, 0xab, 0xba, 0xcc, 0xcc, 
	0xc9, 0xcc, 0xdd, 0xdc, 0xbc, 0xbb, 0xcc, 0xaa, 
	0xbb, 0xab, 0xcd, 0xbc, 0xcc, 0xdd, 0x97, 0x9b, 
	0xdc, 0xbb, 0xaa, 0xab, 0xcc, 0xa9, 0xcc, 0xaa, 
	0xcc, 0xbb, 0xcc, 0xcb, 0xaa, 0xcc, 0xcb, 0xcc, 
	0xc8, 0xaa, 0xba, 0xaa, 0xac, 0xdd, 0xcb, 0xaa, 
	0xcc, 0xcc, 0xda, 0xbd, 0xdc, 0xdb, 0x99, 0xbb, 
	0xba, 0xaa, 0xbb, 0xaa, 0xac, 0xa9, 0x99, 0xac, 
	0xdd, 0xcc, 0xcb, 0xbb, 0xcb, 0xbb, 0xbb, 0xbb, 
	0xa8, 0x9c, 0xcb, 0xaa, 0xaa, 0xab, 0xab, 0xbb, 
	0xcc, 0xca, 0xcc, 0xbc, 0xcd, 0xba, 0x9b, 0xbb, 
	0xbc, 0xbc, 0xbb, 0xbb, 0xac, 0xc9, 0xaa, 0xcc, 
	0xdd, 0xdb, 0xbb, 0x99, 0xaa, 0xaa, 0xaa, 0xbb, 
	0xca, 0x9c, 0xbc, 0xcb, 0xaa, 0xbc, 0xcc, 0xcc, 
	0xaa, 0xab, 0xcc, 0xcc, 0xbb, 0x99, 0xac, 0xcc, 
	0xab, 0xbb, 0xcc, 0xcb, 0xcc, 0xcc, 0xaa, 0xbb, 
	0xbb, 0xcc, 0xcc, 0xa9, 0xaa, 0xaa, 0xaa, 0xcc, 
	0xca, 0x9c, 0xcc, 0xca, 0xaa, 0xbc, 0xcc, 0xca, 
	0x99, 0x9a, 0xbc, 0xcc, 0xb9, 0x79, 0xbc, 0xb9, 
	0x99, 0xaa, 0xba, 0xbc, 0xcc, 0xcc, 0xa9, 0x9b, 
	0xba, 0xaa, 0xaa, 0xba, 0xab, 0xba, 0xac, 0xaa, 
	0xa9, 0x9c, 0xcb, 0xbb, 0xcc, 0xbb, 0xba, 0xa9, 
	0xaa, 0xaa, 0xbc, 0xcb, 0x97, 0x99, 0xca, 0xaa, 
	0xaa, 0xbb, 0xaa, 0xab, 0x9b, 0xbb, 0xa9, 0xac, 
	0xba, 0xaa, 0x9a, 0xbc, 0xcb, 0xba, 0xba, 0xaa, 
	0xaa, 0x9a, 0xbb, 0xaa, 0xaa, 0xaa, 0xbb, 0xaa, 
	0xbb, 0xbb, 0xcc, 0xb9, 0x99, 0xb9, 0x9a, 0xaa, 
	0xab, 0xba, 0xaa, 0xab, 0xb9, 0x9b, 0xb9, 0xac, 
	0xbb, 0xaa, 0xbb, 0xbc, 0xcc, 0xcc, 0xba, 0xab, 
	0xac, 0x99, 0xaa, 0xbb, 0xaa, 0xaa, 0xcb, 0xbb, 
	0xdd, 0xdd, 0xdb, 0x99, 0xcc, 0xda, 0x99, 0xbb, 
	0xaa, 0xaa, 0xaa, 0xbb, 0xaa, 0xaa, 0xba, 0xbd, 
	0xcc, 0xcc, 0xcb, 0xcc, 0xca, 0xaa, 0xaa, 0xbc, 
	0xaa, 0xa8, 0xbc, 0xcc, 0xcc, 0xcc, 0xcc, 0xdd, 
	0xbd, 0xdb, 0x99, 0x9b, 0xdd, 0xdc, 0xb9, 0x9b, 
	0xcc, 0xaa, 0xab, 0xbb, 0xba, 0xaa, 0xba, 0xbd, 
	0xaa, 0xaa, 0xaa, 0xbc, 0xaa, 0xaa, 0xbb, 0xcc, 
	0xdd, 0xa8, 0xcc, 0xbd, 0xcc, 0xcc, 0xcc, 0xcd, 
	0xdb, 0xb9, 0x88, 0xbd, 0xdc, 0xdc, 0xbb, 0x9b, 
	0xcc, 0xcc, 0xcc, 0xbb, 0xbb, 0xab, 0xba, 0xab, 
	0xba, 0xbb, 0xaa, 0xaa, 0xab, 0xaa, 0xac, 0xcd, 
	0xdd, 0xa8, 0xdd, 0xcc, 0xcc, 0xcc, 0xdd, 0xcc, 
	0xb9, 0x98, 0x99, 0xdd, 0xac, 0xdd, 0xcc, 0x99, 
	0xaa, 0xaa, 0xaa, 0xbb, 0xbb, 0xbb, 0xba, 0xaa, 
	0xbb, 0xbb, 0xba, 0xaa, 0xaa, 0xba, 0xcc, 0xbb, 
	0xaa, 0x86, 0xbd, 0xdb, 0xdc, 0xcc, 0xdc, 0xaa, 
	0x99, 0x99, 0xad, 0xdd, 0xaa, 0xab, 0xbb, 0xb9, 
	0xba, 0xa9, 0x9a, 0xca, 0xaa, 0xab, 0xb9, 0xbb, 
	0xaa, 0xaa, 0xac, 0xcc, 0xab, 0xcc, 0xbb, 0xbb, 
	0xb9, 0x77, 0x8a, 0xcc, 0xca, 0xa9, 0x9a, 0xb9, 
	0x9a, 0xac, 0xdc, 0xba, 0xaa, 0xaa, 0xab, 0xdb, 
	0xba, 0xa9, 0x9a, 0xa9, 0xaa, 0xab, 0xb9, 0xbb, 
	0xaa, 0xaa, 0xab, 0xaa, 0xab, 0xcb, 0xbd, 0xdd, 
	0xb9, 0x99, 0x88, 0xa9, 0x99, 0x99, 0xab, 0xbb, 
	0x9c, 0xcc, 0xcb, 0xbb, 0xbc, 0xcc, 0xbb, 0xbb, 
	0x9a, 0xbb, 0xa9, 0x99, 0xaa, 0xaa, 0xb9, 0xbb, 
	0xab, 0xaa, 0xaa, 0xab, 0xcd, 0xdd, 0xdb, 0xbb, 
	0x77, 0x99, 0x99, 0xac, 0xcc, 0xa9, 0x9b, 0xb9, 
	0xcc, 0xca, 0xba, 0xbc, 0xcc, 0xaa, 0xaa, 0xab, 
	0xaa, 0xaa, 0xca, 0x99, 0xaa, 0xbb, 0xb9, 0xab, 
	0xba, 0xaa, 0xaa, 0xbc, 0xdd, 0xbb, 0xbb, 0xb8, 
	0x99, 0x9b, 0xcc, 0xca, 0xac, 0xca, 0x99, 0xa9, 
	0xcd, 0xcc, 0xbb, 0xcc, 0xca, 0xab, 0xab, 0xab, 
	0xca, 0xaa, 0xaa, 0xbb, 0xbc, 0xcc, 0xc9, 0x9a, 
	0xb9, 0x9b, 0xab, 0xbd, 0xcc, 0xcc, 0xa9, 0x9a, 
	0xbc, 0xbb, 0xaa, 0xcc, 0xdd, 0xdb, 0x99, 0x9a, 
	0xdd, 0xdd, 0xcc, 0xbb, 0xaa, 0xaa, 0xbb, 0xbc, 
	0xcb, 0x99, 0xaa, 0xaa, 0xab, 0xcc, 0xc9, 0xac, 
	0xcb, 0xcc, 0xdd, 0xdb, 0xcc, 0x99, 0x99, 0xaa, 
	0xbc, 0xbb, 0xbb, 0xaa, 0xac, 0xdd, 0xda, 0x9b, 
	0x9c, 0xcb, 0xab, 0xba, 0xaa, 0xaa, 0xaa, 0xac, 
	0xcc, 0xa9, 0xba, 0xaa, 0xaa, 0xba, 0xc9, 0xcc, 
	0xcc, 0xbb, 0xbd, 0xda, 0x98, 0x87, 0x9c, 0xac, 
	0xbb, 0xbb, 0xca, 0xaa, 0xaa, 0xba, 0xdd, 0xbb, 
	0x99, 0xcc, 0xaa, 0xbc, 0xbb, 0xaa, 0xab, 0xbb, 
	0xcc, 0xc9, 0xab, 0xbb, 0xba, 0xaa, 0x99, 0xac, 
	0xbc, 0xbc, 0xdb, 0x99, 0x98, 0x88, 0xcc, 0xcc, 
	0xbb, 0xcc, 0xaa, 0xaa, 0xbb, 0xba, 0xbd, 0xdd, 
	0x99, 0xbc, 0xcc, 0xcc, 0xcc, 0xbb, 0xbb, 0xbb, 
	0xcc, 0xa9, 0x9a, 0xbb, 0xba, 0xa9, 0x99, 0x9a, 
	0xbb, 0xbb, 0xa8, 0x89, 0xcc, 0x99, 0xbc, 0xcb, 
	0xbc, 0xca, 0xaa, 0xab, 0xbb, 0xbb, 0xbb, 0xbb, 
	0xb9, 0x9b, 0xcc, 0xcd, 0xcb, 0xcc, 0xdb, 0xda, 
	0xca, 0x89, 0x9a, 0xaa, 0x99, 0x99, 0x99, 0x99, 
	0xbb, 0xb9, 0x88, 0x9c, 0xbb, 0xca, 0xcc, 0xcc, 
	0xda, 0xbc, 0xcc, 0xcc, 0xbb, 0xbb, 0xcc, 0xbb, 
	0xca, 0x9a, 0xcd, 0xdd, 0xcc, 0xcc, 0xda, 0x99, 
	0x99, 0x88, 0x99, 0x99, 0x99, 0xaa, 0xaa, 0x89, 
	0x99, 0x88, 0x8c, 0xcc, 0xbc, 0xbb, 0xca, 0xbb, 
	0xab, 0xdd, 0xca, 0xcc, 0xcc, 0xbb, 0xab, 0xcc, 
	0xcc, 0x99, 0xaa, 0xcd, 0xcc, 0xaa, 0x99, 0x99, 
	0x99, 0xaa, 0xbb, 0xbd, 0xdd, 0xdd, 0xaa, 0xa9, 
	0x88, 0x88, 0x8a, 0xcc, 0xcc, 0xb9, 0xaa, 0xaa, 
	0xcc, 0xdb, 0xaa, 0xab, 0xbb, 0xbc, 0xaa, 0xcc, 
	0xcc, 0x99, 0x99, 0x9b, 0xa9, 0x9a, 0xab, 0xdb, 
	0xcc, 0xcc, 0xdc, 0xdd, 0xcb, 0xbc, 0x99, 0xbc, 
	0x99, 0x99, 0x89, 0xaa, 0xaa, 0x99, 0xbc, 0xcb, 
	0xab, 0xab, 0xaa, 0xbb, 0xaa, 0xbc, 0xbb, 0xcc, 
	0xcc, 0xa9, 0x99, 0x99, 0x9a, 0xbb, 0xdd, 0xdd, 
	0xaa, 0xaa, 0xcd, 0xdd, 0xdb, 0xab, 0xcc, 0xcb, 
	0xaa, 0xaa, 0x88, 0x99, 0x9a, 0x99, 0xbc, 0xcc, 
	0xaa, 0xaa, 0xbc, 0xba, 0xaa, 0xaa, 0xcc, 0xcc, 
	0xcc, 0xaa, 0x99, 0x99, 0xcc, 0xbc, 0xba, 0xbb, 
	0xaa, 0xbc, 0xcc, 0xbb, 0xcc, 0xcb, 0xcc, 0xcb, 
	0x9a, 0xaa, 0xca, 0x8a, 0xaa, 0xaa, 0x9b, 0xbb, 
	0xaa, 0xac, 0xbb, 0xaa, 0xaa, 0xba, 0xcc, 0xcc, 
	0xcc, 0xcc, 0x99, 0xbd, 0xcc, 0xcb, 0xaa, 0xbb, 
	0xaa, 0xbb, 0xba, 0xab, 0xbb, 0xba, 0xbb, 0xbb, 
	0xac, 0xcc, 0xcc, 0xa9, 0xba, 0xba, 0x9b, 0xba, 
	0xaa, 0xcc, 0xaa, 0xaa, 0xaa, 0xaa, 0xbb, 0xcc, 
	0xaa, 0xcc, 0x99, 0xcc, 0xdd, 0xda, 0xbc, 0xbb, 
	0xbc, 0xbb, 0xba, 0xaa, 0xaa, 0xaa, 0xaa, 0xaa, 
	0xaa, 0xcd, 0xcc, 0xc9, 0xbd, 0xda, 0xac, 0xaa, 
	0xaa, 0xaa, 0xaa, 0xaa, 0x99, 0xa9, 0xa7, 0xaa, 
	0xbc, 0xca, 0x99, 0xcb, 0xba, 0xcb, 0xcd, 0xcb, 
	0xbb, 0xba, 0xaa, 0xaa, 0xaa, 0xba, 0xaa, 0xbb, 
	0xbd, 0xca, 0xaa, 0xa8, 0xab, 0xbb, 0xdd, 0xcb, 
	0xaa, 0xaa, 0xaa, 0xaa, 0xac, 0xa9, 0x7a, 0xcc, 
	0xcb, 0xaa, 0x9b, 0xcc, 0xaa, 0xaa, 0xbc, 0xbb, 
	0xbc, 0xbb, 0xba, 0xaa, 0xaa, 0xbb, 0xbb, 0xcc, 
	0xcc, 0xba, 0xac, 0xa8, 0xaa, 0xbb, 0xcc, 0xba, 
	0xbb, 0xbb, 0xbb, 0xbb, 0xca, 0x99, 0x7a, 0xcc, 
	0xcc, 0xba, 0x9c, 0xcc, 0xbb, 0xbc, 0xcc, 0xdc, 
	0xdd, 0xcb, 0xbb, 0xaa, 0xaa, 0xab, 0xcc, 0xcd, 
	0xdd, 0xbb, 0xac, 0xa8, 0x9a, 0xab, 0xdd, 0xdd, 
	0xcd, 0xcc, 0xbb, 0xba, 0x99, 0xcc, 0xaa, 0xcc, 
	0xbc, 0xbb, 0xac, 0xbb, 0xbc, 0xcc, 0xdd, 0xcb, 
	0xcb, 0xcc, 0xcc, 0xcb, 0xbb, 0xbc, 0xdd, 0xcb, 
	0xbb, 0xbc, 0xcc, 0xc7, 0x89, 0xac, 0xcc, 0xcc, 
	0xbb, 0xdd, 0xdd, 0x98, 0xac, 0xcb, 0xd9, 0x9b, 
	0xbc, 0xbb, 0xac, 0xcb, 0xcc, 0xcc, 0xdb, 0xbb, 
	0xbb, 0xbb, 0xbb, 0xbb, 0xbc, 0xcc, 0xdc, 0xbb, 
	0xbb, 0xbb, 0xcc, 0xc7, 0x89, 0xaa, 0xb9, 0x99, 
	0x99, 0xa9, 0x98, 0x89, 0xbc, 0xcc, 0xd9, 0x8b, 
	0xdd, 0xcb, 0xaa, 0xbb, 0xcc, 0xcc, 0xbb, 0xbb, 
	0xbb, 0xbb, 0xbb, 0xba, 0xaa, 0xab, 0xbc, 0xbc, 
	0xdd, 0xcd, 0xcc, 0x99, 0xac, 0xcc, 0xcc, 0xcc, 
	0xbb, 0xbb, 0x99, 0x8b, 0xaa, 0xaa, 0xbb, 0x8b, 
	0xdd, 0xbb, 0xca, 0xaa, 0xbb, 0xbb, 0xbb, 0xbb, 
	0xbc, 0xcc, 0xbb, 0x99, 0x99, 0xab, 0xcc, 0xcd, 
	0xdd, 0xdd, 0xcc, 0x79, 0xac, 0xcc, 0xcc, 0xcc, 
	0xdd, 0xdd, 0xb9, 0x8d, 0xaa, 0xab, 0xdd, 0x99, 
	0x99, 0xdd, 0xcc, 0xa9, 0x99, 0x99, 0x99, 0x99, 
	0x99, 0x99, 0xaa, 0xaa, 0xa8, 0x9a, 0xa9, 0xba, 
	0xbb, 0xcd, 0xd9, 0x88, 0xdb, 0xbb, 0xab, 0xcc, 
	0xdc, 0xcd, 0xdb, 0x9d, 0xba, 0xbc, 0xdd, 0x98, 
	0x99, 0xab, 0xac, 0xc9, 0x99, 0x99, 0x9a, 0xaa, 
	0xcc, 0xca, 0xaa, 0xac, 0xca, 0x98, 0x99, 0x99, 
	0xbb, 0xcc, 0xb8, 0xbd, 0xdb, 0xbb, 0xac, 0xba, 
	0xaa, 0xbd, 0xdb, 0x9d, 0xcc, 0xcb, 0xb9, 0x98, 
	0x99, 0xaa, 0x9a, 0xcc, 0xbb, 0xbb, 0xdd, 0xba, 
	0xcc, 0xcc, 0xaa, 0xcc, 0xc9, 0x88, 0xab, 0x99, 
	0xcc, 0xcb, 0x98, 0xdd, 0xcb, 0xbb, 0xba, 0xaa, 
	0xab, 0xbc, 0xba, 0x9a, 0xbb, 0xab, 0xb9, 0xdb, 
	0xb9, 0x99, 0x9a, 0xcc, 0xdd, 0xdd, 0xba, 0xaa, 
	0xac, 0xac, 0xaa, 0xac, 0xc9, 0x88, 0xbb, 0xba, 
	0xac, 0xcb, 0x9b, 0xdd, 0xbc, 0xcc, 0xba, 0xaa, 
	0xaa, 0xac, 0xaa, 0x9a, 0xaa, 0x9a, 0x9b, 0xdd, 
	0xcc, 0xc9, 0xad, 0xdd, 0xba, 0xaa, 0xaa, 0xba, 
	0xaa, 0xab, 0xbb, 0xaa, 0xca, 0x7a, 0xcb, 0xbc, 
	0xcc, 0xc9, 0xbc, 0xcc, 0xba, 0xaa, 0xaa, 0xaa, 
	0xaa, 0xab, 0xbb, 0x9b, 0xaa, 0x99, 0xac, 0xcc, 
	0xaa, 0xca, 0x9d, 0xdb, 0xaa, 0xaa, 0xaa, 0xab, 
	0xba, 0xbb, 0xbb, 0xba, 0xaa, 0x7a, 0xcb, 0xbc, 
	0xc9, 0x99, 0xac, 0xcc, 0xaa, 0xaa, 0xaa, 0xab, 
	0xbb, 0xac, 0xbd, 0x99, 0x89, 0xa9, 0xac, 0xbc, 
	0xca, 0xcc, 0x9b, 0xba, 0xaa, 0xaa, 0xab, 0xcc, 
	0xcc, 0xcc, 0xcb, 0xcb, 0xaa, 0x7c, 0xca, 0xaa, 
	0xcc, 0x99, 0xab, 0xbb, 0xaa, 0xaa, 0xab, 0xcc, 
	0xcc, 0xbc, 0xdd, 0x99, 0x9a, 0x98, 0xab, 0xaa, 
	0xca, 0xcc, 0x9b, 0xba, 0xaa, 0xbb, 0xbb, 0xaa, 
	0xaa, 0xaa, 0xad, 0xdc, 0xaa, 0xac, 0xbb, 0xaa, 
	0xcc, 0x99, 0xaa, 0xbb, 0xaa, 0xbb, 0xbb, 0xba, 
	0xaa, 0xaa, 0xbd, 0xb9, 0xaa, 0xa8, 0xab, 0xaa, 
	0x99, 0xb9, 0x9c, 0xcc, 0xab, 0xbb, 0xba, 0xbb, 
	0xaa, 0xa9, 0xbd, 0xdb, 0xc9, 0x9c, 0xbb, 0xb9, 
	0xbb, 0x99, 0xbd, 0xdd, 0xbb, 0xcc, 0xba, 0xab, 
	0xcb, 0xbb, 0xdd, 0xb8, 0xcb, 0xb9, 0xac, 0xaa, 
	0xbb, 0x97, 0x9c, 0xca, 0xab, 0xbb, 0xab, 0xbb, 
	0xcc, 0xa9, 0xbb, 0xbb, 0x99, 0x9c, 0xbb, 0xab, 
	0xbd, 0xa9, 0xbb, 0xbb, 0xbb, 0xbc, 0xab, 0xcc, 
	0xdd, 0xdc, 0xdd, 0xb8, 0xbc, 0xb9, 0x7a, 0xaa, 
	0xb8, 0x78, 0xaa, 0xcc, 0xbd, 0xdd, 0xbb, 0xbb, 
	0xa8, 0xa9, 0x99, 0xb9, 0x99, 0x9a, 0xab, 0xba, 
	0xbd, 0xba, 0xbb, 0xbb, 0xcd, 0xdd, 0xcc, 0xba, 
	0xab, 0xcd, 0xdb, 0x98, 0xbc, 0xb9, 0x7a, 0xcc, 
	0x77, 0x88, 0x99, 0xaa, 0xbb, 0xaa, 0x99, 0x99, 
	0x88, 0x88, 0x99, 0x88, 0x99, 0x9a, 0xaa, 0xab, 
	0xbb, 0xba, 0xbb, 0xdc, 0xdd, 0xbb, 0xaa, 0xaa, 
	0xaa, 0xac, 0xdd, 0x98, 0xbc, 0xcc, 0x77, 0x77, 
	0x99, 0xaa, 0xb9, 0x99, 0x98, 0x88, 0x97, 0x79, 
	0x9b, 0xbb, 0xbb, 0xcc, 0xca, 0xaa, 0xaa, 0xaa, 
	0xac, 0xca, 0xbd, 0xdd, 0xdc, 0xcc, 0xaa, 0xaa, 
	0xcc, 0xcc, 0xdd, 0xd9, 0xdd, 0xdb, 0x99, 0xa9, 
	0xdb, 0xdd, 0xdd, 0xcc, 0xac, 0xaa, 0xaa, 0x79, 
	0xad, 0xdb, 0xcc, 0xba, 0xaa, 0xac, 0xda, 0xcc, 
	0xdc, 0xda, 0xdd, 0xba, 0xaa, 0xbb, 0xba, 0xbc, 
	0xcb, 0xbb, 0xdd, 0xd8, 0xbd, 0xb9, 0xab, 0xbd, 
	0xdd, 0xbb, 0xcd, 0xdc, 0xac, 0xcc, 0xcc, 0xa9, 
	0xbd, 0xba, 0xca, 0x99, 0xaa, 0xa7, 0xcd, 0xdd, 
	0xdd, 0xda, 0xad, 0xba, 0xaa, 0xaa, 0xcc, 0xdd, 
	0xcb, 0xcc, 0xdd, 0xd8, 0x99, 0xb8, 0xbd, 0xdd, 
	0xdb, 0xaa, 0xbb, 0xcc, 0xca, 0xcc, 0xcc, 0xc9, 
	0xdd, 0xbb, 0xba, 0xaa, 0xcc, 0xa7, 0xad, 0xdd, 
	0xcc, 0xda, 0x9b, 0xbd, 0xcb, 0xab, 0xdd, 0xdd, 
	0xcc, 0xdd, 0xdd, 0xd8, 0x9b, 0xb8, 0xbd, 0xdd, 
	0xbb, 0xbb, 0xbb, 0xbb, 0xcd, 0xcb, 0xdd, 0xb9, 
	0xcc, 0xba, 0xaa, 0xaa, 0xaa, 0xc9, 0xab, 0xbb, 
	0xbc, 0xdc, 0x9b, 0xbb, 0xcc, 0xbb, 0xdd, 0xdc, 
	0xcc, 0xcb, 0xcc, 0xda, 0xaa, 0x9a, 0xdc, 0xdc, 
	0xbb, 0xbb, 0xbb, 0xbb, 0xbb, 0xdd, 0xbd, 0xa9, 
	0xda, 0xac, 0xcc, 0xcb, 0xca, 0xaa, 0xbb, 0xbb, 
	0xcc, 0xdc, 0x9b, 0xdb, 0xbb, 0xcc, 0xdc, 0xdd, 
	0xcb, 0xbc, 0xdd, 0xdd, 0x99, 0x9b, 0xcd, 0xcc, 
	0xcb, 0xcc, 0xbc, 0xcc, 0xbd, 0xbc, 0xdb, 0x9a, 
	0xcb, 0xbc, 0xcb, 0xbb, 0xcc, 0xaa, 0xac, 0xcc, 
	0xcc, 0xdd, 0x9b, 0xdd, 0xbc, 0xbc, 0xca, 0xcc, 
	0xbb, 0xcc, 0xdd, 0xdd, 0xaa, 0xad, 0xcd, 0xcc, 
	0xcc, 0xcb, 0xbb, 0xcc, 0xcb, 0xbb, 0xbb, 0x99, 
	0xcd, 0xbb, 0xaa, 0xaa, 0xac, 0xca, 0xab, 0xcc, 
	0xdc, 0xdd, 0x99, 0xdd, 0xcc, 0xbb, 0xaa, 0xaa, 
	0xcc, 0xcb, 0xaa, 0xcc, 0x9a, 0xdd, 0xcc, 0xcc, 
	0xbb, 0xbb, 0xaa, 0xaa, 0xaa, 0xaa, 0xdd, 0xb9, 
	0xca, 0xaa, 0xba, 0xcb, 0xbb, 0xbb, 0xaa, 0xcc, 
	0xcb, 0xca, 0x88, 0x9b, 0xaa, 0xaa, 0xaa, 0xca, 
	0xbb, 0xba, 0xac, 0xca, 0x8a, 0xcc, 0xdc, 0xdd, 
	0xbb, 0xbb, 0xba, 0xaa, 0xaa, 0xab, 0xdd, 0x99, 
	0xba, 0xaa, 0xbc, 0xcc, 0xca, 0xaa, 0xbc, 0xcb, 
	0xcc, 0xca, 0x88, 0x89, 0xaa, 0xaa, 0xac, 0xcc, 
	0xaa, 0xaa, 0xcc, 0xc9, 0xac, 0xcc, 0xdd, 0xdc, 
	0xbb, 0xbb, 0xcb, 0xba, 0xaa, 0xbb, 0xbb, 0x89, 
	0xaa, 0xbb, 0xcc, 0xbc, 0xcb, 0x99, 0xcc, 0xcb, 
	0xcc, 0xb9, 0x88, 0x88, 0x9c, 0xac, 0xac, 0xca, 
	0xaa, 0xbb, 0xca, 0x9a, 0xcc, 0xaa, 0xdd, 0xdd, 
	0xbb, 0xbc, 0xdc, 0xcb, 0xab, 0xba, 0xbb, 0x89, 
	0xbb, 0xcb, 0xba, 0xbb, 0x99, 0x99, 0xab, 0xbc, 
	0xbc, 0xba, 0xdb, 0xbb, 0x99, 0x99, 0xaa, 0xaa, 
	0xbb, 0xcc, 0xa9, 0x9a, 0xcc, 0xaa, 0xac, 0xdd, 
	
};

Gfx pss_dl_Newgrass3_i4_aligner[] = {gsSPEndDisplayList()};
u8 pss_dl_Newgrass3_i4[] = {
	0x43, 0x33, 0x33, 0x43, 0x33, 0x33, 0x33, 0x44, 
	0x43, 0x33, 0x33, 0x33, 0x33, 0x33, 0x33, 0x33, 
	0x33, 0x33, 0x33, 0x33, 0x33, 0x33, 0x33, 0x33, 
	0x33, 0x33, 0x33, 0x33, 0x33, 0x44, 0x44, 0x44, 
	0x33, 0x33, 0x33, 0x44, 0x33, 0x33, 0x34, 0x44, 
	0x43, 0x33, 0x33, 0x33, 0x33, 0x33, 0x33, 0x33, 
	0x33, 0x33, 0x33, 0x33, 0x33, 0x33, 0x33, 0x33, 
	0x33, 0x33, 0x33, 0x33, 0x33, 0x44, 0x43, 0x44, 
	0x33, 0x33, 0x33, 0x44, 0x44, 0x33, 0x34, 0x44, 
	0x33, 0x33, 0x33, 0x43, 0x33, 0x33, 0x33, 0x33, 
	0x33, 0x33, 0x33, 0x33, 0x33, 0x33, 0x33, 0x33, 
	0x33, 0x33, 0x33, 0x33, 0x33, 0x44, 0x33, 0x33, 
	0x33, 0x33, 0x33, 0x34, 0x44, 0x43, 0x34, 0x44, 
	0x33, 0x33, 0x33, 0x43, 0x33, 0x43, 0x33, 0x33, 
	0x33, 0x33, 0x33, 0x33, 0x33, 0x33, 0x33, 0x33, 
	0x33, 0x33, 0x33, 0x33, 0x33, 0x33, 0x33, 0x33, 
	0x33, 0x33, 0x33, 0x34, 0x44, 0x44, 0x33, 0x33, 
	0x33, 0x33, 0x34, 0x43, 0x33, 0x33, 0x33, 0x33, 
	0x33, 0x33, 0x33, 0x33, 0x33, 0x33, 0x33, 0x33, 
	0x33, 0x33, 0x33, 0x33, 0x33, 0x33, 0x33, 0x33, 
	0x33, 0x33, 0x33, 0x34, 0x44, 0x44, 0x33, 0x33, 
	0x33, 0x33, 0x33, 0x33, 0x33, 0x33, 0x33, 0x33, 
	0x33, 0x33, 0x33, 0x33, 0x33, 0x33, 0x33, 0x33, 
	0x33, 0x33, 0x33, 0x33, 0x33, 0x33, 0x33, 0x33, 
	0x33, 0x33, 0x33, 0x34, 0x44, 0x44, 0x44, 0x43, 
	0x33, 0x33, 0x33, 0x33, 0x33, 0x33, 0x33, 0x33, 
	0x33, 0x33, 0x33, 0x33, 0x33, 0x33, 0x33, 0x33, 
	0x33, 0x33, 0x33, 0x33, 0x33, 0x33, 0x33, 0x33, 
	0x34, 0x33, 0x33, 0x34, 0x44, 0x44, 0x44, 0x43, 
	0x33, 0x33, 0x33, 0x33, 0x33, 0x33, 0x33, 0x33, 
	0x33, 0x33, 0x33, 0x33, 0x33, 0x33, 0x33, 0x33, 
	0x33, 0x33, 0x33, 0x33, 0x33, 0x33, 0x33, 0x33, 
	0x44, 0x43, 0x33, 0x34, 0x44, 0x44, 0x44, 0x43, 
	0x33, 0x33, 0x33, 0x33, 0x33, 0x33, 0x33, 0x33, 
	0x33, 0x33, 0x33, 0x33, 0x33, 0x33, 0x33, 0x33, 
	0x33, 0x33, 0x33, 0x43, 0x33, 0x33, 0x33, 0x34, 
	0x44, 0x44, 0x44, 0x44, 0x44, 0x43, 0x33, 0x33, 
	0x33, 0x33, 0x33, 0x33, 0x33, 0x33, 0x33, 0x33, 
	0x33, 0x33, 0x33, 0x33, 0x33, 0x33, 0x33, 0x33, 
	0x33, 0x33, 0x34, 0x43, 0x33, 0x33, 0x34, 0x44, 
	0x44, 0x44, 0x44, 0x44, 0x33, 0x43, 0x33, 0x33, 
	0x33, 0x33, 0x33, 0x33, 0x33, 0x33, 0x33, 0x33, 
	0x33, 0x33, 0x33, 0x33, 0x33, 0x33, 0x33, 0x33, 
	0x33, 0x33, 0x44, 0x43, 0x33, 0x33, 0x44, 0x44, 
	0x44, 0x44, 0x44, 0x43, 0x34, 0x44, 0x33, 0x33, 
	0x33, 0x33, 0x33, 0x33, 0x33, 0x33, 0x33, 0x33, 
	0x33, 0x33, 0x33, 0x33, 0x33, 0x33, 0x33, 0x33, 
	0x33, 0x33, 0x44, 0x43, 0x33, 0x44, 0x44, 0x44, 
	0x44, 0x44, 0x44, 0x43, 0x34, 0x43, 0x33, 0x33, 
	0x33, 0x33, 0x33, 0x33, 0x33, 0x33, 0x33, 0x33, 
	0x33, 0x33, 0x33, 0x33, 0x33, 0x33, 0x33, 0x33, 
	0x33, 0x33, 0x43, 0x43, 0x33, 0x44, 0x44, 0x44, 
	0x43, 0x33, 0x33, 0x33, 0x44, 0x43, 0x33, 0x33, 
	0x33, 0x33, 0x33, 0x33, 0x33, 0x33, 0x33, 0x33, 
	0x33, 0x33, 0x33, 0x33, 0x33, 0x33, 0x33, 0x33, 
	0x33, 0x33, 0x43, 0x34, 0x44, 0x44, 0x44, 0x44, 
	0x33, 0x33, 0x33, 0x33, 0x44, 0x43, 0x33, 0x33, 
	0x33, 0x33, 0x33, 0x33, 0x33, 0x33, 0x33, 0x33, 
	0x33, 0x33, 0x33, 0x33, 0x33, 0x33, 0x33, 0x33, 
	0x33, 0x33, 0x43, 0x33, 0x44, 0x44, 0x44, 0x44, 
	0x43, 0x34, 0x44, 0x44, 0x44, 0x43, 0x33, 0x33, 
	0x33, 0x33, 0x33, 0x33, 0x33, 0x33, 0x33, 0x33, 
	0x33, 0x33, 0x33, 0x33, 0x33, 0x33, 0x33, 0x33, 
	0x33, 0x33, 0x33, 0x33, 0x33, 0x34, 0x44, 0x44, 
	0x44, 0x44, 0x44, 0x43, 0x34, 0x33, 0x33, 0x33, 
	0x33, 0x33, 0x33, 0x33, 0x33, 0x33, 0x33, 0x33, 
	0x33, 0x33, 0x33, 0x33, 0x33, 0x33, 0x33, 0x33, 
	0x33, 0x44, 0x33, 0x33, 0x33, 0x34, 0x44, 0x44, 
	0x44, 0x44, 0x44, 0x43, 0x33, 0x33, 0x33, 0x33, 
	0x33, 0x33, 0x33, 0x33, 0x33, 0x33, 0x33, 0x33, 
	0x33, 0x33, 0x33, 0x33, 0x33, 0x33, 0x33, 0x33, 
	0x34, 0x44, 0x44, 0x33, 0x34, 0x34, 0x44, 0x44, 
	0x44, 0x44, 0x44, 0x43, 0x33, 0x33, 0x33, 0x33, 
	0x33, 0x33, 0x33, 0x33, 0x44, 0x33, 0x33, 0x33, 
	0x33, 0x33, 0x33, 0x33, 0x33, 0x33, 0x33, 0x33, 
	0x34, 0x44, 0x44, 0x33, 0x34, 0x44, 0x44, 0x44, 
	0x44, 0x44, 0x44, 0x43, 0x33, 0x33, 0x33, 0x33, 
	0x33, 0x34, 0x33, 0x33, 0x44, 0x43, 0x34, 0x44, 
	0x44, 0x44, 0x33, 0x33, 0x34, 0x33, 0x33, 0x33, 
	0x34, 0x44, 0x43, 0x33, 0x34, 0x44, 0x33, 0x44, 
	0x44, 0x44, 0x43, 0x33, 0x33, 0x33, 0x33, 0x33, 
	0x33, 0x33, 0x33, 0x33, 0x44, 0x43, 0x34, 0x44, 
	0x44, 0x44, 0x33, 0x33, 0x34, 0x43, 0x33, 0x33, 
	0x33, 0x44, 0x43, 0x33, 0x33, 0x43, 0x33, 0x34, 
	0x44, 0x44, 0x33, 0x33, 0x33, 0x33, 0x33, 0x33, 
	0x33, 0x33, 0x33, 0x33, 0x44, 0x44, 0x33, 0x34, 
	0x44, 0x43, 0x33, 0x33, 0x44, 0x44, 0x33, 0x33, 
	0x33, 0x33, 0x33, 0x33, 0x33, 0x33, 0x33, 0x34, 
	0x44, 0x43, 0x33, 0x33, 0x33, 0x33, 0x33, 0x33, 
	0x33, 0x33, 0x33, 0x33, 0x33, 0x33, 0x33, 0x34, 
	0x44, 0x33, 0x33, 0x34, 0x44, 0x43, 0x33, 0x33, 
	0x33, 0x33, 0x33, 0x33, 0x33, 0x33, 0x33, 0x44, 
	0x44, 0x43, 0x33, 0x33, 0x33, 0x33, 0x33, 0x33, 
	0x33, 0x33, 0x33, 0x33, 0x33, 0x33, 0x33, 0x44, 
	0x33, 0x34, 0x43, 0x33, 0x43, 0x33, 0x33, 0x33, 
	0x33, 0x33, 0x33, 0x33, 0x33, 0x33, 0x33, 0x44, 
	0x33, 0x33, 0x33, 0x33, 0x33, 0x33, 0x33, 0x33, 
	0x33, 0x33, 0x33, 0x33, 0x33, 0x33, 0x34, 0x44, 
	0x33, 0x44, 0x44, 0x33, 0x33, 0x33, 0x33, 0x33, 
	0x33, 0x33, 0x33, 0x33, 0x33, 0x33, 0x34, 0x43, 
	0x33, 0x33, 0x33, 0x33, 0x33, 0x33, 0x33, 0x33, 
	0x34, 0x43, 0x33, 0x33, 0x33, 0x33, 0x33, 0x43, 
	0x33, 0x44, 0x44, 0x43, 0x44, 0x44, 0x43, 0x33, 
	0x33, 0x44, 0x33, 0x34, 0x33, 0x33, 0x34, 0x33, 
	0x33, 0x33, 0x33, 0x33, 0x33, 0x33, 0x33, 0x33, 
	0x33, 0x43, 0x33, 0x33, 0x33, 0x33, 0x33, 0x33, 
	0x33, 0x44, 0x44, 0x33, 0x44, 0x43, 0x33, 0x33, 
	0x33, 0x44, 0x43, 0x44, 0x33, 0x33, 0x33, 0x33, 
	0x33, 0x33, 0x33, 0x33, 0x33, 0x33, 0x33, 0x33, 
	0x33, 0x44, 0x33, 0x33, 0x33, 0x34, 0x43, 0x33, 
	0x33, 0x44, 0x44, 0x33, 0x44, 0x43, 0x33, 0x33, 
	0x33, 0x34, 0x44, 0x44, 0x33, 0x33, 0x33, 0x33, 
	0x33, 0x33, 0x33, 0x33, 0x33, 0x33, 0x33, 0x33, 
	0x33, 0x33, 0x33, 0x33, 0x33, 0x34, 0x44, 0x33, 
	0x34, 0x44, 0x44, 0x43, 0x34, 0x43, 0x33, 0x33, 
	0x33, 0x34, 0x44, 0x44, 0x33, 0x33, 0x33, 0x33, 
	0x33, 0x33, 0x33, 0x33, 0x33, 0x33, 0x33, 0x33, 
	0x33, 0x33, 0x33, 0x33, 0x33, 0x33, 0x44, 0x33, 
	0x34, 0x43, 0x33, 0x33, 0x33, 0x33, 0x33, 0x33, 
	0x33, 0x33, 0x33, 0x43, 0x33, 0x33, 0x33, 0x33, 
	0x33, 0x33, 0x33, 0x33, 0x33, 0x33, 0x33, 0x33, 
	0x33, 0x33, 0x33, 0x33, 0x33, 0x33, 0x44, 0x44, 
	0x43, 0x33, 0x33, 0x33, 0x33, 0x33, 0x33, 0x33, 
	0x33, 0x33, 0x33, 0x33, 0x33, 0x33, 0x33, 0x33, 
	0x33, 0x33, 0x33, 0x33, 0x33, 0x33, 0x33, 0x33, 
	0x33, 0x33, 0x33, 0x33, 0x33, 0x34, 0x44, 0x44, 
	0x43, 0x33, 0x33, 0x33, 0x33, 0x33, 0x33, 0x33, 
	0x33, 0x33, 0x33, 0x33, 0x33, 0x33, 0x33, 0x33, 
	0x33, 0x33, 0x33, 0x33, 0x33, 0x33, 0x33, 0x33, 
	0x33, 0x33, 0x33, 0x33, 0x33, 0x44, 0x44, 0x44, 
	0x43, 0x33, 0x33, 0x43, 0x33, 0x33, 0x33, 0x44, 
	0x43, 0x33, 0x33, 0x33, 0x33, 0x33, 0x33, 0x33, 
	0x33, 0x33, 0x33, 0x33, 0x33, 0x33, 0x33, 0x33, 
	0x33, 0x33, 0x33, 0x33, 0x33, 0x44, 0x43, 0x44, 
	0x33, 0x33, 0x33, 0x44, 0x33, 0x33, 0x34, 0x44, 
	0x43, 0x33, 0x33, 0x33, 0x33, 0x33, 0x33, 0x33, 
	0x33, 0x33, 0x33, 0x33, 0x33, 0x33, 0x33, 0x33, 
	0x33, 0x33, 0x33, 0x33, 0x33, 0x44, 0x33, 0x33, 
	0x33, 0x33, 0x33, 0x44, 0x44, 0x33, 0x34, 0x44, 
	0x33, 0x33, 0x33, 0x43, 0x33, 0x33, 0x33, 0x33, 
	0x33, 0x33, 0x33, 0x33, 0x33, 0x33, 0x33, 0x33, 
	0x33, 0x33, 0x33, 0x33, 0x33, 0x33, 0x33, 0x33, 
	0x33, 0x33, 0x33, 0x34, 0x44, 0x43, 0x34, 0x44, 
	0x33, 0x33, 0x33, 0x43, 0x33, 0x43, 0x33, 0x33, 
	0x33, 0x33, 0x33, 0x33, 0x33, 0x33, 0x33, 0x33, 
	0x33, 0x33, 0x33, 0x33, 0x33, 0x33, 0x33, 0x33, 
	0x33, 0x33, 0x33, 0x34, 0x44, 0x44, 0x33, 0x33, 
	0x33, 0x33, 0x34, 0x43, 0x33, 0x33, 0x33, 0x33, 
	0x33, 0x33, 0x33, 0x33, 0x33, 0x33, 0x33, 0x33, 
	0x33, 0x33, 0x33, 0x33, 0x33, 0x33, 0x33, 0x33, 
	0x33, 0x33, 0x33, 0x34, 0x44, 0x44, 0x33, 0x33, 
	0x33, 0x33, 0x33, 0x33, 0x33, 0x33, 0x33, 0x33, 
	0x33, 0x33, 0x33, 0x33, 0x33, 0x33, 0x33, 0x33, 
	0x33, 0x33, 0x33, 0x33, 0x33, 0x33, 0x33, 0x33, 
	0x33, 0x33, 0x33, 0x34, 0x44, 0x44, 0x44, 0x43, 
	0x33, 0x33, 0x33, 0x33, 0x33, 0x33, 0x33, 0x33, 
	0x33, 0x33, 0x33, 0x33, 0x33, 0x33, 0x33, 0x33, 
	0x33, 0x33, 0x33, 0x33, 0x33, 0x33, 0x33, 0x33, 
	0x34, 0x33, 0x33, 0x34, 0x44, 0x44, 0x44, 0x43, 
	0x33, 0x33, 0x33, 0x33, 0x33, 0x33, 0x33, 0x33, 
	0x33, 0x33, 0x33, 0x33, 0x33, 0x33, 0x33, 0x33, 
	0x33, 0x33, 0x33, 0x43, 0x33, 0x33, 0x33, 0x34, 
	0x44, 0x43, 0x33, 0x34, 0x44, 0x44, 0x44, 0x43, 
	0x33, 0x33, 0x33, 0x33, 0x33, 0x33, 0x33, 0x33, 
	0x33, 0x33, 0x33, 0x33, 0x33, 0x33, 0x33, 0x33, 
	0x33, 0x33, 0x34, 0x43, 0x33, 0x33, 0x34, 0x44, 
	0x44, 0x44, 0x44, 0x44, 0x44, 0x43, 0x33, 0x33, 
	0x33, 0x33, 0x33, 0x33, 0x33, 0x33, 0x33, 0x33, 
	0x33, 0x33, 0x33, 0x33, 0x33, 0x33, 0x33, 0x33, 
	0x33, 0x33, 0x44, 0x43, 0x33, 0x33, 0x44, 0x44, 
	0x44, 0x44, 0x44, 0x44, 0x33, 0x43, 0x33, 0x33, 
	0x33, 0x33, 0x33, 0x33, 0x33, 0x33, 0x33, 0x33, 
	0x33, 0x33, 0x33, 0x33, 0x33, 0x33, 0x33, 0x33, 
	0x33, 0x33, 0x44, 0x43, 0x33, 0x44, 0x44, 0x44, 
	0x44, 0x44, 0x44, 0x43, 0x34, 0x44, 0x33, 0x33, 
	0x33, 0x33, 0x33, 0x33, 0x33, 0x33, 0x33, 0x33, 
	0x33, 0x33, 0x33, 0x33, 0x33, 0x33, 0x33, 0x33, 
	0x33, 0x33, 0x43, 0x43, 0x33, 0x44, 0x44, 0x44, 
	0x44, 0x44, 0x44, 0x43, 0x34, 0x43, 0x33, 0x33, 
	0x33, 0x33, 0x33, 0x33, 0x33, 0x33, 0x33, 0x33, 
	0x33, 0x33, 0x33, 0x33, 0x33, 0x33, 0x33, 0x33, 
	0x33, 0x33, 0x43, 0x34, 0x44, 0x44, 0x44, 0x44, 
	0x43, 0x33, 0x33, 0x33, 0x44, 0x43, 0x33, 0x33, 
	0x33, 0x33, 0x33, 0x33, 0x33, 0x33, 0x33, 0x33, 
	0x33, 0x33, 0x33, 0x33, 0x33, 0x33, 0x33, 0x33, 
	0x33, 0x33, 0x43, 0x33, 0x44, 0x44, 0x44, 0x44, 
	0x33, 0x33, 0x33, 0x33, 0x44, 0x43, 0x33, 0x33, 
	0x33, 0x33, 0x33, 0x33, 0x33, 0x33, 0x33, 0x33, 
	0x33, 0x33, 0x33, 0x33, 0x33, 0x33, 0x33, 0x33, 
	0x33, 0x33, 0x33, 0x33, 0x33, 0x34, 0x44, 0x44, 
	0x43, 0x34, 0x44, 0x44, 0x44, 0x43, 0x33, 0x33, 
	0x33, 0x33, 0x33, 0x33, 0x33, 0x33, 0x33, 0x33, 
	0x33, 0x33, 0x33, 0x33, 0x33, 0x33, 0x33, 0x33, 
	0x33, 0x44, 0x33, 0x33, 0x33, 0x34, 0x44, 0x44, 
	0x44, 0x44, 0x44, 0x43, 0x34, 0x33, 0x33, 0x33, 
	0x33, 0x33, 0x33, 0x33, 0x33, 0x33, 0x33, 0x33, 
	0x33, 0x33, 0x33, 0x33, 0x33, 0x33, 0x33, 0x33, 
	0x34, 0x44, 0x44, 0x33, 0x34, 0x34, 0x44, 0x44, 
	0x44, 0x44, 0x44, 0x43, 0x33, 0x33, 0x33, 0x33, 
	0x33, 0x33, 0x33, 0x33, 0x33, 0x33, 0x33, 0x33, 
	0x33, 0x33, 0x33, 0x33, 0x33, 0x33, 0x33, 0x33, 
	0x34, 0x44, 0x44, 0x33, 0x34, 0x44, 0x44, 0x44, 
	0x44, 0x44, 0x44, 0x43, 0x33, 0x33, 0x33, 0x33, 
	0x33, 0x33, 0x33, 0x33, 0x44, 0x33, 0x33, 0x33, 
	0x44, 0x44, 0x33, 0x33, 0x34, 0x33, 0x33, 0x33, 
	0x34, 0x44, 0x43, 0x33, 0x34, 0x44, 0x33, 0x44, 
	0x44, 0x44, 0x44, 0x43, 0x33, 0x33, 0x33, 0x33, 
	0x33, 0x34, 0x33, 0x33, 0x44, 0x43, 0x34, 0x44, 
	0x44, 0x44, 0x33, 0x33, 0x34, 0x43, 0x33, 0x33, 
	0x33, 0x44, 0x43, 0x33, 0x33, 0x43, 0x33, 0x34, 
	0x44, 0x44, 0x43, 0x33, 0x33, 0x33, 0x33, 0x33, 
	0x33, 0x33, 0x33, 0x33, 0x44, 0x43, 0x34, 0x44, 
	0x44, 0x43, 0x33, 0x33, 0x44, 0x44, 0x33, 0x33, 
	0x33, 0x33, 0x33, 0x33, 0x33, 0x33, 0x33, 0x34, 
	0x44, 0x44, 0x33, 0x33, 0x33, 0x33, 0x33, 0x33, 
	0x33, 0x33, 0x33, 0x33, 0x44, 0x44, 0x33, 0x34, 
	0x44, 0x33, 0x33, 0x34, 0x44, 0x43, 0x33, 0x33, 
	0x33, 0x33, 0x33, 0x33, 0x33, 0x33, 0x33, 0x44, 
	0x44, 0x43, 0x33, 0x33, 0x33, 0x33, 0x33, 0x33, 
	0x33, 0x33, 0x33, 0x33, 0x33, 0x33, 0x33, 0x34, 
	0x33, 0x34, 0x43, 0x33, 0x43, 0x33, 0x33, 0x33, 
	0x33, 0x33, 0x33, 0x33, 0x33, 0x33, 0x33, 0x44, 
	0x44, 0x43, 0x33, 0x33, 0x33, 0x33, 0x33, 0x33, 
	0x33, 0x33, 0x33, 0x33, 0x33, 0x33, 0x33, 0x44, 
	0x33, 0x44, 0x44, 0x33, 0x33, 0x33, 0x33, 0x33, 
	0x33, 0x33, 0x33, 0x33, 0x33, 0x33, 0x34, 0x43, 
	0x33, 0x33, 0x33, 0x33, 0x33, 0x33, 0x33, 0x33, 
	0x33, 0x33, 0x33, 0x33, 0x33, 0x33, 0x34, 0x44, 
	0x33, 0x44, 0x44, 0x43, 0x44, 0x44, 0x43, 0x33, 
	0x33, 0x44, 0x33, 0x34, 0x33, 0x33, 0x34, 0x33, 
	0x33, 0x33, 0x33, 0x33, 0x33, 0x33, 0x33, 0x33, 
	0x34, 0x43, 0x33, 0x33, 0x33, 0x33, 0x33, 0x43, 
	0x33, 0x44, 0x44, 0x33, 0x44, 0x43, 0x33, 0x33, 
	0x33, 0x44, 0x43, 0x44, 0x33, 0x33, 0x33, 0x33, 
	0x33, 0x33, 0x33, 0x33, 0x33, 0x33, 0x33, 0x33, 
	0x33, 0x43, 0x33, 0x33, 0x33, 0x33, 0x33, 0x33, 
	0x33, 0x44, 0x44, 0x33, 0x44, 0x43, 0x33, 0x33, 
	0x33, 0x34, 0x44, 0x44, 0x33, 0x33, 0x33, 0x33, 
	0x33, 0x33, 0x33, 0x33, 0x33, 0x33, 0x33, 0x33, 
	0x33, 0x44, 0x33, 0x33, 0x33, 0x34, 0x43, 0x33, 
	0x34, 0x44, 0x44, 0x43, 0x34, 0x43, 0x33, 0x33, 
	0x33, 0x34, 0x44, 0x44, 0x33, 0x33, 0x33, 0x33, 
	0x33, 0x33, 0x33, 0x33, 0x33, 0x33, 0x33, 0x33, 
	0x33, 0x33, 0x33, 0x33, 0x33, 0x34, 0x44, 0x33, 
	0x34, 0x43, 0x33, 0x33, 0x33, 0x33, 0x33, 0x33, 
	0x33, 0x33, 0x33, 0x43, 0x33, 0x33, 0x33, 0x33, 
	0x33, 0x33, 0x33, 0x33, 0x33, 0x33, 0x33, 0x33, 
	0x33, 0x33, 0x33, 0x33, 0x33, 0x33, 0x44, 0x33, 
	0x43, 0x33, 0x33, 0x33, 0x33, 0x33, 0x33, 0x33, 
	0x33, 0x33, 0x33, 0x33, 0x33, 0x33, 0x33, 0x33, 
	0x33, 0x33, 0x33, 0x33, 0x33, 0x33, 0x33, 0x33, 
	0x33, 0x33, 0x33, 0x33, 0x33, 0x33, 0x44, 0x44, 
	0x43, 0x33, 0x33, 0x33, 0x33, 0x33, 0x33, 0x33, 
	0x33, 0x33, 0x33, 0x33, 0x33, 0x33, 0x33, 0x33, 
	0x33, 0x33, 0x33, 0x33, 0x33, 0x33, 0x33, 0x33, 
	0x33, 0x33, 0x33, 0x33, 0x33, 0x34, 0x44, 0x44, 
	
};

Gfx pss_dl_LawnPattern00Bright_64x64__Brodute__i4_aligner[] = {gsSPEndDisplayList()};
u8 pss_dl_LawnPattern00Bright_64x64__Brodute__i4[] = {
	0x77, 0x77, 0x77, 0x77, 0x76, 0x77, 0x77, 0x77, 
	0x77, 0x66, 0x76, 0x66, 0x77, 0x77, 0x66, 0x66, 
	0x77, 0x77, 0x77, 0x88, 0x88, 0x98, 0x88, 0x77, 
	0x78, 0x88, 0x76, 0x77, 0x87, 0x78, 0x77, 0x77, 
	0x77, 0x77, 0x77, 0x77, 0x77, 0x77, 0x77, 0x77, 
	0x76, 0x67, 0x77, 0x76, 0x67, 0x67, 0x66, 0x67, 
	0x77, 0x77, 0x77, 0x77, 0x77, 0x77, 0x77, 0x77, 
	0x78, 0x88, 0x87, 0x77, 0x78, 0x88, 0x88, 0x87, 
	0x87, 0x87, 0x77, 0x77, 0x76, 0x77, 0x77, 0x77, 
	0x76, 0x77, 0x67, 0x77, 0x77, 0x77, 0x76, 0x66, 
	0x77, 0x77, 0x77, 0x76, 0x76, 0x77, 0x77, 0x77, 
	0x78, 0x98, 0x87, 0x77, 0x88, 0x88, 0x87, 0x78, 
	0x77, 0x78, 0x87, 0x77, 0x76, 0x77, 0x77, 0x77, 
	0x76, 0x67, 0x77, 0x88, 0x88, 0x77, 0x76, 0x66, 
	0x67, 0x77, 0x77, 0x77, 0x77, 0x77, 0x77, 0x77, 
	0x77, 0x88, 0x88, 0x77, 0x78, 0x88, 0x87, 0x88, 
	0x77, 0x77, 0x87, 0x77, 0x76, 0x67, 0x88, 0x77, 
	0x77, 0x77, 0x77, 0x89, 0x99, 0x87, 0x76, 0x66, 
	0x66, 0x77, 0x67, 0x88, 0x88, 0x88, 0x86, 0x77, 
	0x77, 0x78, 0x87, 0x87, 0x77, 0x88, 0x77, 0x88, 
	0x77, 0x77, 0x77, 0x77, 0x66, 0x78, 0x88, 0x87, 
	0x76, 0x67, 0x78, 0x89, 0x99, 0x87, 0x66, 0x66, 
	0x66, 0x66, 0x67, 0x89, 0x99, 0x88, 0x87, 0x77, 
	0x77, 0x88, 0x88, 0x77, 0x76, 0x77, 0x77, 0x77, 
	0x76, 0x77, 0x77, 0x66, 0x77, 0x88, 0x88, 0x88, 
	0x77, 0x77, 0x78, 0x98, 0x98, 0x87, 0x76, 0x67, 
	0x77, 0x76, 0x77, 0x89, 0x99, 0x88, 0x87, 0x77, 
	0x77, 0x77, 0x87, 0x77, 0x76, 0x77, 0x77, 0x77, 
	0x77, 0x77, 0x77, 0x66, 0x77, 0x88, 0x88, 0x88, 
	0x88, 0x77, 0x77, 0x88, 0x99, 0x87, 0x77, 0x78, 
	0x87, 0x77, 0x77, 0x88, 0x99, 0x88, 0x88, 0x88, 
	0x88, 0x77, 0x77, 0x77, 0x77, 0x77, 0x87, 0x77, 
	0x77, 0x78, 0x88, 0x77, 0x78, 0x88, 0x88, 0x89, 
	0x88, 0x88, 0x87, 0x78, 0x87, 0x76, 0x77, 0x88, 
	0x87, 0x77, 0x67, 0x78, 0x88, 0x88, 0x88, 0x88, 
	0x88, 0x87, 0x67, 0x76, 0x77, 0x88, 0x87, 0x87, 
	0x77, 0x78, 0x88, 0x77, 0x77, 0x89, 0x98, 0x89, 
	0x77, 0x88, 0x87, 0x77, 0x77, 0x77, 0x77, 0x88, 
	0x87, 0x76, 0x67, 0x77, 0x77, 0x77, 0x88, 0x88, 
	0x88, 0x87, 0x77, 0x77, 0x77, 0x88, 0x88, 0x77, 
	0x77, 0x78, 0x88, 0x77, 0x77, 0x89, 0x99, 0x88, 
	0x88, 0x87, 0x87, 0x77, 0x76, 0x66, 0x77, 0x77, 
	0x87, 0x77, 0x77, 0x77, 0x77, 0x77, 0x78, 0x88, 
	0x88, 0x87, 0x77, 0x76, 0x77, 0x88, 0x88, 0x77, 
	0x67, 0x77, 0x77, 0x77, 0x77, 0x78, 0x88, 0x78, 
	0x88, 0x88, 0x77, 0x77, 0x77, 0x66, 0x77, 0x77, 
	0x76, 0x77, 0x77, 0x77, 0x67, 0x77, 0x78, 0x88, 
	0x98, 0x87, 0x77, 0x77, 0x77, 0x88, 0x88, 0x77, 
	0x67, 0x77, 0x76, 0x67, 0x77, 0x77, 0x77, 0x77, 
	0x88, 0x87, 0x77, 0x77, 0x77, 0x76, 0x66, 0x67, 
	0x67, 0x77, 0x78, 0x77, 0x77, 0x77, 0x78, 0x88, 
	0x99, 0x87, 0x88, 0x88, 0x77, 0x88, 0x87, 0x77, 
	0x77, 0x66, 0x66, 0x76, 0x77, 0x78, 0x77, 0x77, 
	0x77, 0x77, 0x67, 0x78, 0x77, 0x66, 0x66, 0x77, 
	0x77, 0x78, 0x88, 0x77, 0x77, 0x77, 0x77, 0x78, 
	0x88, 0x77, 0x88, 0x88, 0x77, 0x77, 0x77, 0x77, 
	0x77, 0x76, 0x67, 0x77, 0x77, 0x77, 0x77, 0x77, 
	0x77, 0x77, 0x77, 0x78, 0x77, 0x76, 0x67, 0x77, 
	0x77, 0x78, 0x88, 0x77, 0x77, 0x77, 0x77, 0x77, 
	0x77, 0x77, 0x88, 0x88, 0x77, 0x77, 0x77, 0x88, 
	0x77, 0x76, 0x77, 0x88, 0x77, 0x77, 0x88, 0x87, 
	0x77, 0x77, 0x77, 0x78, 0x87, 0x76, 0x77, 0x77, 
	0x77, 0x77, 0x77, 0x76, 0x77, 0x77, 0x77, 0x77, 
	0x77, 0x77, 0x88, 0x88, 0x77, 0x77, 0x77, 0x88, 
	0x77, 0x76, 0x88, 0x99, 0x88, 0x88, 0x88, 0x88, 
	0x77, 0x77, 0x77, 0x88, 0x87, 0x78, 0x88, 0x88, 
	0x87, 0x76, 0x67, 0x67, 0x67, 0x88, 0x87, 0x77, 
	0x77, 0x77, 0x88, 0x88, 0x76, 0x77, 0x77, 0x88, 
	0x77, 0x67, 0x88, 0x99, 0x88, 0x88, 0x88, 0x88, 
	0x77, 0x77, 0x77, 0x77, 0x77, 0x89, 0x99, 0x88, 
	0x77, 0x77, 0x76, 0x76, 0x78, 0x78, 0x87, 0x88, 
	0x88, 0x87, 0x88, 0x88, 0x87, 0x77, 0x77, 0x88, 
	0x66, 0x67, 0x89, 0x99, 0x88, 0x88, 0x88, 0x87, 
	0x77, 0x77, 0x77, 0x77, 0x78, 0x89, 0x99, 0x98, 
	0x77, 0x77, 0x67, 0x76, 0x77, 0x78, 0x77, 0x78, 
	0x88, 0x88, 0x88, 0x88, 0x87, 0x77, 0x77, 0x76, 
	0x66, 0x67, 0x88, 0x88, 0x88, 0x88, 0x77, 0x77, 
	0x77, 0x77, 0x88, 0x88, 0x89, 0x88, 0x99, 0x98, 
	0x77, 0x76, 0x67, 0x77, 0x87, 0x77, 0x77, 0x78, 
	0x88, 0x88, 0x78, 0x88, 0x87, 0x77, 0x76, 0x66, 
	0x67, 0x67, 0x88, 0x88, 0x88, 0x88, 0x77, 0x76, 
	0x77, 0x78, 0x88, 0x88, 0x89, 0x88, 0x99, 0x98, 
	0x77, 0x76, 0x67, 0x78, 0x88, 0x77, 0x77, 0x78, 
	0x88, 0x87, 0x77, 0x77, 0x77, 0x77, 0x66, 0x66, 
	0x76, 0x67, 0x88, 0x88, 0x88, 0x88, 0x77, 0x77, 
	0x77, 0x78, 0x88, 0x88, 0x88, 0x88, 0x88, 0x97, 
	0x76, 0x66, 0x77, 0x78, 0x88, 0x77, 0x77, 0x77, 
	0x88, 0x77, 0x66, 0x77, 0x77, 0x77, 0x76, 0x67, 
	0x76, 0x66, 0x88, 0x88, 0x88, 0x87, 0x77, 0x77, 
	0x77, 0x78, 0x88, 0x88, 0x87, 0x88, 0x88, 0x76, 
	0x67, 0x67, 0x67, 0x78, 0x87, 0x77, 0x77, 0x77, 
	0x77, 0x76, 0x66, 0x77, 0x88, 0x88, 0x87, 0x77, 
	0x77, 0x77, 0x68, 0x88, 0x88, 0x77, 0x77, 0x77, 
	0x77, 0x78, 0x88, 0x88, 0x87, 0x77, 0x77, 0x76, 
	0x66, 0x67, 0x66, 0x77, 0x77, 0x77, 0x77, 0x77, 
	0x77, 0x66, 0x66, 0x78, 0x88, 0x88, 0x88, 0x88, 
	0x88, 0x76, 0x67, 0x77, 0x76, 0x77, 0x77, 0x77, 
	0x77, 0x77, 0x88, 0x88, 0x77, 0x77, 0x77, 0x77, 
	0x67, 0x78, 0x87, 0x67, 0x77, 0x77, 0x77, 0x78, 
	0x87, 0x66, 0x67, 0x88, 0x88, 0x88, 0x88, 0x99, 
	0x98, 0x77, 0x67, 0x66, 0x66, 0x77, 0x77, 0x77, 
	0x77, 0x77, 0x77, 0x77, 0x77, 0x77, 0x77, 0x67, 
	0x88, 0x88, 0x88, 0x77, 0x77, 0x77, 0x77, 0x88, 
	0x77, 0x76, 0x68, 0x88, 0x88, 0x88, 0x89, 0x99, 
	0x98, 0x77, 0x66, 0x67, 0x66, 0x67, 0x77, 0x77, 
	0x77, 0x77, 0x77, 0x77, 0x77, 0x77, 0x77, 0x67, 
	0x88, 0x88, 0x88, 0x87, 0x76, 0x77, 0x77, 0x88, 
	0x77, 0x77, 0x78, 0x88, 0x88, 0x88, 0x89, 0x99, 
	0x98, 0x77, 0x76, 0x67, 0x77, 0x77, 0x77, 0x77, 
	0x77, 0x77, 0x87, 0x78, 0x77, 0x77, 0x66, 0x68, 
	0x88, 0x88, 0x88, 0x88, 0x77, 0x66, 0x77, 0x77, 
	0x77, 0x77, 0x78, 0x88, 0x88, 0x88, 0x89, 0x99, 
	0x98, 0x76, 0x66, 0x67, 0x78, 0x98, 0x88, 0x87, 
	0x77, 0x77, 0x78, 0x88, 0x87, 0x77, 0x77, 0x78, 
	0x88, 0x88, 0x88, 0x88, 0x77, 0x66, 0x67, 0x77, 
	0x77, 0x77, 0x78, 0x88, 0x88, 0x88, 0x88, 0x99, 
	0x88, 0x66, 0x66, 0x77, 0x79, 0x98, 0x88, 0x88, 
	0x77, 0x78, 0x88, 0x88, 0x87, 0x77, 0x78, 0x88, 
	0x88, 0x88, 0x88, 0x88, 0x77, 0x66, 0x67, 0x77, 
	0x78, 0x77, 0x78, 0x88, 0x88, 0x88, 0x88, 0x88, 
	0x87, 0x77, 0x66, 0x77, 0x89, 0x99, 0x88, 0x88, 
	0x77, 0x77, 0x78, 0x88, 0x88, 0x77, 0x88, 0x88, 
	0x88, 0x88, 0x88, 0x87, 0x77, 0x76, 0x77, 0x88, 
	0x87, 0x77, 0x78, 0x88, 0x88, 0x88, 0x88, 0x88, 
	0x87, 0x77, 0x66, 0x67, 0x79, 0x88, 0x88, 0x98, 
	0x77, 0x77, 0x78, 0x88, 0x87, 0x77, 0x88, 0x87, 
	0x88, 0x88, 0x88, 0x87, 0x77, 0x77, 0x88, 0x78, 
	0x77, 0x76, 0x78, 0x89, 0x99, 0x88, 0x88, 0x88, 
	0x87, 0x67, 0x67, 0x66, 0x78, 0x88, 0x99, 0x98, 
	0x77, 0x77, 0x78, 0x88, 0x87, 0x67, 0x78, 0x77, 
	0x77, 0x78, 0x77, 0x76, 0x67, 0x77, 0x88, 0x88, 
	0x87, 0x67, 0x77, 0x89, 0x99, 0x98, 0x88, 0x88, 
	0x77, 0x76, 0x76, 0x67, 0x77, 0x89, 0x99, 0x97, 
	0x77, 0x77, 0x77, 0x77, 0x77, 0x77, 0x78, 0x87, 
	0x77, 0x77, 0x66, 0x67, 0x77, 0x77, 0x88, 0x88, 
	0x77, 0x77, 0x77, 0x89, 0x99, 0x98, 0x88, 0x88, 
	0x77, 0x77, 0x67, 0x77, 0x76, 0x78, 0x88, 0x88, 
	0x77, 0x77, 0x77, 0x77, 0x77, 0x77, 0x77, 0x77, 
	0x77, 0x77, 0x76, 0x66, 0x66, 0x77, 0x78, 0x78, 
	0x76, 0x77, 0x77, 0x78, 0x99, 0x98, 0x88, 0x87, 
	0x77, 0x77, 0x77, 0x77, 0x77, 0x78, 0x88, 0x87, 
	0x77, 0x77, 0x77, 0x77, 0x77, 0x77, 0x77, 0x77, 
	0x77, 0x77, 0x77, 0x76, 0x67, 0x67, 0x77, 0x77, 
	0x66, 0x67, 0x77, 0x77, 0x77, 0x77, 0x76, 0x77, 
	0x77, 0x77, 0x77, 0x77, 0x77, 0x78, 0x88, 0x87, 
	0x77, 0x77, 0x77, 0x77, 0x77, 0x77, 0x77, 0x77, 
	0x77, 0x77, 0x87, 0x77, 0x76, 0x77, 0x77, 0x66, 
	0x77, 0x77, 0x77, 0x77, 0x77, 0x77, 0x76, 0x77, 
	0x67, 0x77, 0x88, 0x78, 0x88, 0x77, 0x77, 0x77, 
	0x77, 0x77, 0x77, 0x77, 0x76, 0x77, 0x77, 0x77, 
	0x77, 0x78, 0x77, 0x77, 0x76, 0x77, 0x77, 0x76, 
	0x77, 0x78, 0x88, 0x77, 0x77, 0x77, 0x66, 0x67, 
	0x77, 0x88, 0x98, 0x98, 0x88, 0x78, 0x87, 0x77, 
	0x77, 0x77, 0x77, 0x77, 0x77, 0x77, 0x77, 0x77, 
	0x77, 0x78, 0x77, 0x77, 0x77, 0x88, 0x77, 0x77, 
	0x77, 0x88, 0x87, 0x87, 0x77, 0x77, 0x76, 0x66, 
	0x78, 0x88, 0x88, 0x99, 0x88, 0x78, 0x88, 0x77, 
	0x77, 0x88, 0x88, 0x77, 0x77, 0x77, 0x87, 0x77, 
	0x77, 0x78, 0x77, 0x77, 0x87, 0x88, 0x87, 0x77, 
	0x77, 0x88, 0x88, 0x87, 0x77, 0x77, 0x76, 0x66, 
	0x88, 0x88, 0x88, 0x99, 0x87, 0x78, 0x87, 0x77, 
	0x78, 0x88, 0x88, 0x86, 0x77, 0x87, 0x87, 0x87, 
	0x77, 0x77, 0x77, 0x77, 0x77, 0x78, 0x87, 0x76, 
	0x77, 0x88, 0x88, 0x87, 0x77, 0x77, 0x76, 0x77, 
	0x88, 0x88, 0x88, 0x88, 0x77, 0x77, 0x78, 0x88, 
	0x89, 0x98, 0x88, 0x87, 0x77, 0x78, 0x87, 0x77, 
	0x76, 0x77, 0x77, 0x77, 0x77, 0x77, 0x77, 0x77, 
	0x67, 0x78, 0x88, 0x87, 0x77, 0x77, 0x77, 0x77, 
	0x88, 0x88, 0x88, 0x88, 0x77, 0x77, 0x78, 0x88, 
	0x88, 0x98, 0x88, 0x87, 0x77, 0x77, 0x77, 0x77, 
	0x77, 0x67, 0x67, 0x76, 0x67, 0x77, 0x77, 0x76, 
	0x77, 0x88, 0x88, 0x77, 0x77, 0x77, 0x77, 0x77, 
	0x88, 0x88, 0x88, 0x88, 0x77, 0x77, 0x78, 0x88, 
	0x88, 0x99, 0x98, 0x77, 0x77, 0x77, 0x77, 0x77, 
	0x66, 0x66, 0x66, 0x66, 0x66, 0x67, 0x77, 0x77, 
	0x78, 0x89, 0x89, 0x87, 0x77, 0x77, 0x77, 0x77, 
	0x78, 0x88, 0x88, 0x88, 0x76, 0x67, 0x78, 0x77, 
	0x88, 0x88, 0x88, 0x77, 0x77, 0x77, 0x77, 0x77, 
	0x67, 0x77, 0x76, 0x77, 0x76, 0x77, 0x77, 0x77, 
	0x88, 0x88, 0x88, 0x87, 0x67, 0x77, 0x77, 0x77, 
	0x77, 0x88, 0x88, 0x77, 0x77, 0x67, 0x88, 0x88, 
	0x88, 0x88, 0x88, 0x77, 0x77, 0x78, 0x77, 0x88, 
	0x77, 0x77, 0x77, 0x88, 0x87, 0x77, 0x77, 0x77, 
	0x88, 0x88, 0x88, 0x87, 0x67, 0x77, 0x77, 0x77, 
	0x77, 0x67, 0x77, 0x77, 0x77, 0x78, 0x88, 0x88, 
	0x88, 0x88, 0x88, 0x77, 0x77, 0x78, 0x89, 0x88, 
	0x88, 0x77, 0x78, 0x88, 0x87, 0x77, 0x77, 0x87, 
	0x88, 0x88, 0x88, 0x87, 0x77, 0x77, 0x77, 0x77, 
	0x77, 0x77, 0x87, 0x77, 0x66, 0x77, 0x88, 0x88, 
	0x88, 0x88, 0x88, 0x77, 0x77, 0x77, 0x89, 0x88, 
	0x89, 0x87, 0x77, 0x88, 0x87, 0x78, 0x87, 0x77, 
	0x78, 0x88, 0x99, 0x88, 0x77, 0x76, 0x78, 0x87, 
	0x76, 0x77, 0x77, 0x77, 0x76, 0x77, 0x88, 0x88, 
	0x88, 0x88, 0x88, 0x77, 0x77, 0x77, 0x89, 0x88, 
	0x88, 0x87, 0x76, 0x77, 0x77, 0x77, 0x77, 0x77, 
	0x67, 0x88, 0x88, 0x88, 0x88, 0x77, 0x89, 0x98, 
	0x76, 0x77, 0x88, 0x87, 0x76, 0x77, 0x88, 0x88, 
	0x88, 0x88, 0x87, 0x77, 0x77, 0x77, 0x89, 0x88, 
	0x88, 0x87, 0x76, 0x77, 0x77, 0x77, 0x77, 0x77, 
	0x67, 0x77, 0x88, 0x88, 0x88, 0x77, 0x89, 0x88, 
	0x77, 0x78, 0x89, 0x98, 0x76, 0x77, 0x77, 0x88, 
	0x88, 0x87, 0x77, 0x76, 0x77, 0x77, 0x88, 0x88, 
	0x88, 0x77, 0x67, 0x67, 0x77, 0x77, 0x77, 0x76, 
	0x77, 0x77, 0x88, 0x88, 0x88, 0x77, 0x89, 0x88, 
	0x76, 0x78, 0x99, 0x99, 0x87, 0x66, 0x77, 0x77, 
	0x77, 0x77, 0x77, 0x77, 0x76, 0x77, 0x78, 0x88, 
	0x87, 0x66, 0x76, 0x77, 0x77, 0x87, 0x77, 0x66, 
	0x66, 0x67, 0x78, 0x88, 0x88, 0x77, 0x77, 0x77, 
	0x77, 0x78, 0x99, 0x98, 0x87, 0x66, 0x66, 0x77, 
	0x76, 0x77, 0x77, 0x77, 0x77, 0x76, 0x66, 0x77, 
	0x77, 0x66, 0x66, 0x77, 0x88, 0x88, 0x87, 0x76, 
	0x77, 0x77, 0x88, 0x88, 0x88, 0x77, 0x77, 0x77, 
	0x77, 0x78, 0x88, 0x88, 0x88, 0x66, 0x67, 0x77, 
	0x76, 0x77, 0x77, 0x77, 0x77, 0x66, 0x76, 0x77, 
	0x77, 0x66, 0x67, 0x78, 0x88, 0x89, 0x88, 0x76, 
	0x77, 0x77, 0x78, 0x88, 0x87, 0x76, 0x66, 0x66, 
	0x67, 0x78, 0x88, 0x88, 0x87, 0x66, 0x67, 0x67, 
	0x76, 0x77, 0x77, 0x77, 0x87, 0x77, 0x67, 0x77, 
	0x77, 0x76, 0x67, 0x88, 0x88, 0x88, 0x88, 0x87, 
	0x77, 0x77, 0x77, 0x77, 0x77, 0x77, 0x76, 0x67, 
	0x66, 0x67, 0x88, 0x88, 0x87, 0x67, 0x77, 0x76, 
	0x77, 0x67, 0x77, 0x88, 0x88, 0x88, 0x77, 0x77, 
	0x77, 0x77, 0x78, 0x88, 0x98, 0x88, 0x88, 0x88, 
	0x77, 0x77, 0x77, 0x77, 0x77, 0x66, 0x77, 0x76, 
	0x66, 0x67, 0x88, 0x88, 0x77, 0x67, 0x77, 0x88, 
	0x77, 0x67, 0x78, 0x89, 0x88, 0x88, 0x87, 0x77, 
	0x77, 0x77, 0x88, 0x88, 0x88, 0x88, 0x88, 0x88, 
	0x87, 0x77, 0x77, 0x77, 0x77, 0x77, 0x77, 0x77, 
	0x76, 0x77, 0x77, 0x77, 0x76, 0x77, 0x78, 0x88, 
	0x77, 0x66, 0x78, 0x88, 0x88, 0x88, 0x87, 0x77, 
	0x77, 0x77, 0x88, 0x88, 0x88, 0x88, 0x88, 0x89, 
	0x87, 0x87, 0x77, 0x77, 0x77, 0x77, 0x77, 0x77, 
	0x77, 0x77, 0x77, 0x77, 0x76, 0x67, 0x78, 0x88, 
	0x77, 0x76, 0x78, 0x88, 0x88, 0x88, 0x88, 0x77, 
	0x77, 0x77, 0x88, 0x88, 0x88, 0x88, 0x88, 0x89, 
	0x87, 0x78, 0x77, 0x78, 0x77, 0x77, 0x78, 0x77, 
	0x77, 0x77, 0x77, 0x77, 0x76, 0x66, 0x78, 0x88, 
	0x88, 0x77, 0x78, 0x88, 0x88, 0x88, 0x87, 0x67, 
	0x77, 0x67, 0x88, 0x88, 0x88, 0x88, 0x88, 0x88, 
	0x87, 0x78, 0x77, 0x77, 0x77, 0x78, 0x88, 0x87, 
	0x77, 0x77, 0x77, 0x77, 0x76, 0x66, 0x67, 0x77, 
	0x88, 0x77, 0x77, 0x88, 0x88, 0x88, 0x87, 0x76, 
	0x66, 0x67, 0x88, 0x88, 0x88, 0x88, 0x88, 0x89, 
	0x87, 0x77, 0x77, 0x77, 0x77, 0x78, 0x88, 0x88, 
	0x87, 0x67, 0x77, 0x77, 0x77, 0x66, 0x66, 0x67, 
	0x77, 0x77, 0x77, 0x88, 0x88, 0x88, 0x87, 0x66, 
	0x77, 0x67, 0x88, 0x88, 0x88, 0x88, 0x88, 0x88, 
	0x87, 0x77, 0x77, 0x77, 0x78, 0x88, 0x88, 0x88, 
	0x77, 0x76, 0x76, 0x77, 0x77, 0x76, 0x66, 0x66, 
	0x77, 0x88, 0x76, 0x78, 0x88, 0x88, 0x77, 0x67, 
	0x77, 0x77, 0x88, 0x88, 0x88, 0x98, 0x88, 0x88, 
	0x87, 0x76, 0x77, 0x77, 0x78, 0x88, 0x88, 0x87, 
	0x77, 0x76, 0x77, 0x77, 0x77, 0x67, 0x77, 0x77, 
	0x67, 0x77, 0x67, 0x77, 0x77, 0x77, 0x76, 0x66, 
	0x77, 0x87, 0x78, 0x88, 0x88, 0x88, 0x88, 0x87, 
	0x77, 0x77, 0x76, 0x67, 0x77, 0x87, 0x88, 0x88, 
	
};

Gfx pss_dl_p_sndstn_64x64_STRIFE_i4_aligner[] = {gsSPEndDisplayList()};
u8 pss_dl_p_sndstn_64x64_STRIFE_i4[] = {
	0x66, 0x66, 0x65, 0x55, 0x56, 0x66, 0x65, 0x66, 
	0x66, 0x66, 0x76, 0x66, 0x66, 0x66, 0x66, 0x66, 
	0x66, 0x67, 0x66, 0x66, 0x55, 0x55, 0x56, 0x66, 
	0x65, 0x66, 0x66, 0x76, 0x66, 0x66, 0x65, 0x55, 
	0x76, 0x66, 0x55, 0x55, 0x56, 0x55, 0x66, 0x66, 
	0x66, 0x66, 0x65, 0x66, 0x66, 0x66, 0x66, 0x66, 
	0x66, 0x77, 0x65, 0x67, 0x66, 0x55, 0x56, 0x66, 
	0x55, 0x66, 0x67, 0x76, 0x66, 0x66, 0x65, 0x55, 
	0x56, 0x76, 0x56, 0x66, 0x66, 0x45, 0x57, 0x66, 
	0x66, 0x66, 0x65, 0x56, 0x66, 0x66, 0x66, 0x66, 
	0x66, 0x66, 0x56, 0x66, 0x76, 0x56, 0x66, 0x66, 
	0x56, 0x66, 0x67, 0x66, 0x66, 0x66, 0x65, 0x55, 
	0x55, 0x66, 0x67, 0x77, 0x76, 0x54, 0x66, 0x66, 
	0x56, 0x66, 0x65, 0x56, 0x66, 0x66, 0x66, 0x66, 
	0x56, 0x55, 0x67, 0x76, 0x55, 0x55, 0x66, 0x66, 
	0x66, 0x67, 0x77, 0x66, 0x66, 0x76, 0x65, 0x55, 
	0x55, 0x55, 0x67, 0x67, 0x65, 0x45, 0x66, 0x56, 
	0x66, 0x67, 0x65, 0x66, 0x66, 0x65, 0x56, 0x56, 
	0x55, 0x56, 0x76, 0x66, 0x65, 0x66, 0x66, 0x66, 
	0x66, 0x66, 0x67, 0x76, 0x66, 0x66, 0x66, 0x55, 
	0x55, 0x55, 0x66, 0x67, 0x65, 0x55, 0x66, 0x66, 
	0x65, 0x76, 0x66, 0x55, 0x66, 0x55, 0x55, 0x56, 
	0x55, 0x66, 0x66, 0x65, 0x66, 0x66, 0x66, 0x67, 
	0x66, 0x66, 0x67, 0x66, 0x66, 0x65, 0x65, 0x56, 
	0x55, 0x66, 0x66, 0x66, 0x55, 0x55, 0x76, 0x66, 
	0x66, 0x66, 0x66, 0x56, 0x65, 0x55, 0x55, 0x56, 
	0x55, 0x66, 0x66, 0x66, 0x66, 0x65, 0x56, 0x66, 
	0x66, 0x65, 0x67, 0x66, 0x66, 0x55, 0x56, 0x56, 
	0x65, 0x76, 0x65, 0x56, 0x55, 0x55, 0x66, 0x56, 
	0x66, 0x66, 0x66, 0x56, 0x65, 0x55, 0x55, 0x66, 
	0x56, 0x66, 0x66, 0x66, 0x75, 0x55, 0x55, 0x66, 
	0x66, 0x56, 0x66, 0x66, 0x65, 0x66, 0x55, 0x56, 
	0x66, 0x66, 0x66, 0x66, 0x66, 0x65, 0x66, 0x66, 
	0x66, 0x66, 0x56, 0x65, 0x66, 0x56, 0x56, 0x67, 
	0x66, 0x66, 0x66, 0x67, 0x86, 0x67, 0x66, 0x66, 
	0x66, 0x55, 0x56, 0x66, 0x55, 0x66, 0x55, 0x56, 
	0x66, 0x66, 0x66, 0x66, 0x55, 0x56, 0x66, 0x65, 
	0x66, 0x66, 0x66, 0x65, 0x66, 0x55, 0x66, 0x66, 
	0x65, 0x66, 0x66, 0x76, 0x77, 0x66, 0x56, 0x67, 
	0x66, 0x55, 0x56, 0x65, 0x56, 0x65, 0x56, 0x56, 
	0x66, 0x56, 0x66, 0x65, 0x55, 0x67, 0x76, 0x66, 
	0x66, 0x66, 0x66, 0x66, 0x67, 0x65, 0x66, 0x66, 
	0x55, 0x66, 0x66, 0x66, 0x67, 0x65, 0x55, 0x66, 
	0x55, 0x55, 0x67, 0x65, 0x66, 0x65, 0x66, 0x66, 
	0x55, 0x56, 0x66, 0x65, 0x56, 0x76, 0x66, 0x56, 
	0x65, 0x66, 0x66, 0x66, 0x67, 0x66, 0x66, 0x66, 
	0x66, 0x56, 0x66, 0x66, 0x66, 0x65, 0x55, 0x66, 
	0x55, 0x55, 0x77, 0x55, 0x67, 0x66, 0x56, 0x66, 
	0x55, 0x56, 0x55, 0x56, 0x65, 0x66, 0x65, 0x66, 
	0x65, 0x66, 0x66, 0x66, 0x66, 0x66, 0x66, 0x66, 
	0x66, 0x66, 0x66, 0x66, 0x67, 0x66, 0x66, 0x56, 
	0x55, 0x66, 0x76, 0x55, 0x67, 0x66, 0x66, 0x65, 
	0x56, 0x66, 0x65, 0x57, 0x66, 0x56, 0x55, 0x55, 
	0x55, 0x66, 0x66, 0x66, 0x77, 0x76, 0x66, 0x66, 
	0x56, 0x66, 0x76, 0x66, 0x76, 0x56, 0x65, 0x55, 
	0x56, 0x66, 0x65, 0x65, 0x56, 0x66, 0x66, 0x65, 
	0x66, 0x66, 0x66, 0x56, 0x66, 0x66, 0x66, 0x55, 
	0x56, 0x66, 0x65, 0x66, 0x67, 0x76, 0x66, 0x55, 
	0x56, 0x66, 0x77, 0x67, 0x65, 0x56, 0x55, 0x55, 
	0x66, 0x66, 0x66, 0x65, 0x66, 0x66, 0x66, 0x56, 
	0x66, 0x65, 0x66, 0x55, 0x56, 0x66, 0x66, 0x55, 
	0x66, 0x66, 0x66, 0x66, 0x77, 0x77, 0x76, 0x66, 
	0x56, 0x55, 0x76, 0x67, 0x65, 0x56, 0x66, 0x55, 
	0x66, 0x66, 0x56, 0x65, 0x66, 0x65, 0x67, 0x55, 
	0x76, 0x65, 0x56, 0x55, 0x56, 0x65, 0x55, 0x55, 
	0x56, 0x66, 0x66, 0x66, 0x78, 0x87, 0x65, 0x55, 
	0x55, 0x55, 0x65, 0x66, 0x66, 0x66, 0x55, 0x55, 
	0x66, 0x66, 0x67, 0x76, 0x67, 0x65, 0x67, 0x65, 
	0x66, 0x66, 0x66, 0x55, 0x56, 0x66, 0x65, 0x66, 
	0x66, 0x66, 0x66, 0x66, 0x77, 0x76, 0x55, 0x55, 
	0x55, 0x56, 0x55, 0x56, 0x77, 0x65, 0x55, 0x65, 
	0x55, 0x55, 0x68, 0x86, 0x66, 0x56, 0x66, 0x75, 
	0x56, 0x66, 0x76, 0x54, 0x46, 0x66, 0x66, 0x66, 
	0x66, 0x66, 0x76, 0x65, 0x66, 0x65, 0x55, 0x55, 
	0x56, 0x56, 0x55, 0x66, 0x66, 0x65, 0x67, 0x66, 
	0x64, 0x44, 0x67, 0x76, 0x66, 0x66, 0x66, 0x66, 
	0x66, 0x67, 0x77, 0x65, 0x45, 0x56, 0x76, 0x65, 
	0x55, 0x66, 0x66, 0x65, 0x65, 0x65, 0x56, 0x65, 
	0x56, 0x65, 0x56, 0x65, 0x56, 0x66, 0x77, 0x76, 
	0x64, 0x45, 0x66, 0x56, 0x66, 0x66, 0x76, 0x66, 
	0x66, 0x67, 0x76, 0x65, 0x44, 0x57, 0x76, 0x55, 
	0x55, 0x66, 0x66, 0x55, 0x65, 0x55, 0x66, 0x65, 
	0x56, 0x65, 0x66, 0x66, 0x65, 0x56, 0x76, 0x66, 
	0x44, 0x45, 0x77, 0x66, 0x77, 0x66, 0x77, 0x77, 
	0x65, 0x55, 0x55, 0x55, 0x44, 0x57, 0x77, 0x67, 
	0x66, 0x66, 0x66, 0x55, 0x56, 0x55, 0x56, 0x66, 
	0x66, 0x56, 0x66, 0x67, 0x76, 0x55, 0x55, 0x55, 
	0x55, 0x56, 0x88, 0x76, 0x66, 0x66, 0x76, 0x78, 
	0x66, 0x55, 0x55, 0x56, 0x66, 0x67, 0x77, 0x66, 
	0x65, 0x66, 0x66, 0x55, 0x55, 0x55, 0x66, 0x65, 
	0x56, 0x66, 0x67, 0x66, 0x66, 0x65, 0x55, 0x56, 
	0x66, 0x66, 0x77, 0x77, 0x66, 0x66, 0x66, 0x66, 
	0x65, 0x56, 0x55, 0x57, 0x66, 0x67, 0x67, 0x65, 
	0x55, 0x67, 0x66, 0x55, 0x56, 0x56, 0x66, 0x66, 
	0x56, 0x68, 0x76, 0x66, 0x55, 0x66, 0x65, 0x56, 
	0x66, 0x66, 0x77, 0x66, 0x66, 0x66, 0x66, 0x66, 
	0x55, 0x56, 0x65, 0x56, 0x66, 0x66, 0x76, 0x66, 
	0x55, 0x66, 0x55, 0x55, 0x55, 0x66, 0x66, 0x66, 
	0x65, 0x77, 0x76, 0x76, 0x55, 0x65, 0x55, 0x56, 
	0x66, 0x67, 0x77, 0x66, 0x65, 0x56, 0x66, 0x66, 
	0x65, 0x66, 0x65, 0x65, 0x66, 0x66, 0x66, 0x66, 
	0x65, 0x56, 0x65, 0x55, 0x65, 0x55, 0x56, 0x65, 
	0x65, 0x8a, 0x86, 0x77, 0x65, 0x66, 0x55, 0x65, 
	0x56, 0x66, 0x66, 0x66, 0x65, 0x56, 0x67, 0x67, 
	0x55, 0x66, 0x55, 0x87, 0x66, 0x66, 0x76, 0x56, 
	0x66, 0x55, 0x55, 0x66, 0x65, 0x55, 0x66, 0x56, 
	0x65, 0x68, 0x76, 0x66, 0x76, 0x66, 0x65, 0x66, 
	0x66, 0x66, 0x56, 0x66, 0x76, 0x56, 0x76, 0x76, 
	0x55, 0x55, 0x66, 0x76, 0x66, 0x66, 0x65, 0x56, 
	0x65, 0x55, 0x56, 0x66, 0x66, 0x55, 0x67, 0x65, 
	0x65, 0x56, 0x66, 0x66, 0x66, 0x66, 0x56, 0x67, 
	0x67, 0x77, 0x66, 0x66, 0x66, 0x56, 0x76, 0x66, 
	0x66, 0x55, 0x67, 0x66, 0x66, 0x66, 0x66, 0x55, 
	0x66, 0x55, 0x57, 0x66, 0x66, 0x55, 0x78, 0x86, 
	0x56, 0x56, 0x66, 0x55, 0x66, 0x66, 0x66, 0x66, 
	0x66, 0x67, 0x67, 0x76, 0x56, 0x66, 0x67, 0x65, 
	0x77, 0x64, 0x67, 0x67, 0x65, 0x67, 0x66, 0x66, 
	0x55, 0x55, 0x56, 0x66, 0x66, 0x55, 0x68, 0x87, 
	0x55, 0x67, 0x66, 0x66, 0x65, 0x66, 0x66, 0x56, 
	0x76, 0x66, 0x67, 0x65, 0x56, 0x66, 0x66, 0x66, 
	0x66, 0x55, 0x66, 0x77, 0x65, 0x55, 0x66, 0x65, 
	0x55, 0x55, 0x55, 0x44, 0x56, 0x66, 0x76, 0x77, 
	0x56, 0x67, 0x66, 0x56, 0x55, 0x66, 0x66, 0x56, 
	0x76, 0x77, 0x77, 0x65, 0x56, 0x67, 0x66, 0x66, 
	0x67, 0x55, 0x66, 0x78, 0x76, 0x55, 0x56, 0x66, 
	0x67, 0x76, 0x65, 0x44, 0x56, 0x66, 0x76, 0x66, 
	0x65, 0x56, 0x65, 0x66, 0x55, 0x66, 0x66, 0x56, 
	0x76, 0x77, 0x66, 0x65, 0x56, 0x76, 0x65, 0x55, 
	0x66, 0x65, 0x66, 0x67, 0x76, 0x55, 0x56, 0x66, 
	0x67, 0x77, 0x65, 0x45, 0x66, 0x66, 0x77, 0x66, 
	0x66, 0x46, 0x66, 0x55, 0x55, 0x66, 0x65, 0x56, 
	0x66, 0x77, 0x65, 0x55, 0x56, 0x76, 0x66, 0x56, 
	0x55, 0x56, 0x77, 0x67, 0x76, 0x76, 0x55, 0x56, 
	0x66, 0x76, 0x54, 0x46, 0x66, 0x66, 0x77, 0x66, 
	0x66, 0x55, 0x66, 0x55, 0x66, 0x66, 0x65, 0x56, 
	0x67, 0x77, 0x65, 0x55, 0x66, 0x66, 0x66, 0x65, 
	0x66, 0x65, 0x76, 0x67, 0x66, 0x75, 0x55, 0x66, 
	0x66, 0x66, 0x55, 0x56, 0x66, 0x66, 0x66, 0x77, 
	0x66, 0x65, 0x56, 0x55, 0x66, 0x66, 0x66, 0x45, 
	0x67, 0x77, 0x65, 0x67, 0x66, 0x66, 0x56, 0x55, 
	0x66, 0x56, 0x67, 0x67, 0x67, 0x76, 0x56, 0x76, 
	0x65, 0x56, 0x55, 0x56, 0x67, 0x77, 0x66, 0x77, 
	0x66, 0x66, 0x55, 0x56, 0x56, 0x66, 0x66, 0x55, 
	0x67, 0x66, 0x66, 0x66, 0x66, 0x66, 0x56, 0x65, 
	0x65, 0x67, 0x67, 0x67, 0x76, 0x77, 0x66, 0x66, 
	0x65, 0x66, 0x55, 0x56, 0x67, 0x76, 0x66, 0x67, 
	0x77, 0x66, 0x66, 0x66, 0x66, 0x66, 0x66, 0x55, 
	0x67, 0x66, 0x66, 0x66, 0x66, 0x76, 0x66, 0x65, 
	0x65, 0x66, 0x67, 0x67, 0x65, 0x66, 0x67, 0x66, 
	0x66, 0x66, 0x55, 0x56, 0x67, 0x77, 0x66, 0x67, 
	0x66, 0x66, 0x66, 0x66, 0x66, 0x66, 0x76, 0x66, 
	0x66, 0x76, 0x66, 0x66, 0x66, 0x85, 0x67, 0x66, 
	0x65, 0x66, 0x55, 0x66, 0x66, 0x56, 0x66, 0x56, 
	0x66, 0x65, 0x56, 0x67, 0x66, 0x77, 0x66, 0x66, 
	0x66, 0x66, 0x77, 0x65, 0x56, 0x65, 0x66, 0x65, 
	0x57, 0x76, 0x66, 0x66, 0x67, 0x75, 0x66, 0x56, 
	0x66, 0x66, 0x66, 0x66, 0x56, 0x66, 0x65, 0x55, 
	0x56, 0x55, 0x56, 0x67, 0x66, 0x67, 0x77, 0x76, 
	0x66, 0x67, 0x77, 0x75, 0x56, 0x65, 0x66, 0x66, 
	0x66, 0x67, 0x76, 0x66, 0x66, 0x65, 0x56, 0x65, 
	0x66, 0x55, 0x66, 0x66, 0x66, 0x55, 0x66, 0x55, 
	0x56, 0x65, 0x56, 0x66, 0x66, 0x67, 0x76, 0x55, 
	0x66, 0x67, 0x77, 0x76, 0x56, 0x65, 0x66, 0x66, 
	0x66, 0x66, 0x76, 0x66, 0x66, 0x66, 0x67, 0x66, 
	0x76, 0x66, 0x65, 0x66, 0x66, 0x66, 0x67, 0x65, 
	0x56, 0x66, 0x66, 0x76, 0x66, 0x66, 0x66, 0x66, 
	0x66, 0x67, 0x66, 0x76, 0x66, 0x66, 0x66, 0x66, 
	0x65, 0x66, 0x65, 0x55, 0x66, 0x66, 0x77, 0x65, 
	0x66, 0x56, 0x55, 0x66, 0x66, 0x66, 0x67, 0x76, 
	0x66, 0x66, 0x66, 0x77, 0x76, 0x66, 0x66, 0x66, 
	0x66, 0x66, 0x66, 0x66, 0x66, 0x56, 0x66, 0x66, 
	0x66, 0x56, 0x55, 0x56, 0x65, 0x56, 0x76, 0x66, 
	0x55, 0x66, 0x55, 0x66, 0x66, 0x66, 0x66, 0x66, 
	0x66, 0x66, 0x66, 0x76, 0x66, 0x65, 0x55, 0x55, 
	0x66, 0x66, 0x66, 0x65, 0x66, 0x55, 0x66, 0x66, 
	0x66, 0x66, 0x55, 0x56, 0x65, 0x55, 0x66, 0x66, 
	0x56, 0x66, 0x66, 0x66, 0x56, 0x66, 0x67, 0x77, 
	0x66, 0x66, 0x76, 0x76, 0x66, 0x55, 0x65, 0x56, 
	0x66, 0x66, 0x66, 0x65, 0x56, 0x66, 0x66, 0x65, 
	0x66, 0x67, 0x66, 0x66, 0x66, 0x55, 0x66, 0x65, 
	0x66, 0x66, 0x66, 0x66, 0x56, 0x66, 0x66, 0x76, 
	0x76, 0x67, 0x66, 0x66, 0x65, 0x56, 0x65, 0x56, 
	0x66, 0x66, 0x66, 0x65, 0x56, 0x76, 0x77, 0x76, 
	0x66, 0x66, 0x66, 0x66, 0x66, 0x66, 0x66, 0x66, 
	0x66, 0x76, 0x76, 0x65, 0x66, 0x67, 0x77, 0x77, 
	0x76, 0x67, 0x76, 0x66, 0x64, 0x66, 0x65, 0x55, 
	0x56, 0x66, 0x77, 0x66, 0x56, 0x66, 0x66, 0x76, 
	0x77, 0x65, 0x76, 0x65, 0x56, 0x55, 0x56, 0x66, 
	0x66, 0x77, 0x76, 0x55, 0x56, 0x66, 0x77, 0x87, 
	0x66, 0x66, 0x66, 0x66, 0x55, 0x66, 0x56, 0x65, 
	0x56, 0x77, 0x77, 0x66, 0x55, 0x67, 0x66, 0x66, 
	0x76, 0x55, 0x66, 0x66, 0x66, 0x55, 0x56, 0x66, 
	0x66, 0x67, 0x65, 0x55, 0x55, 0x56, 0x67, 0x76, 
	0x66, 0x76, 0x66, 0x75, 0x66, 0x76, 0x65, 0x65, 
	0x56, 0x67, 0x77, 0x76, 0x65, 0x67, 0x67, 0x77, 
	0x76, 0x55, 0x55, 0x66, 0x67, 0x65, 0x56, 0x66, 
	0x66, 0x66, 0x76, 0x55, 0x56, 0x65, 0x66, 0x66, 
	0x67, 0x66, 0x67, 0x75, 0x56, 0x76, 0x66, 0x66, 
	0x56, 0x76, 0x78, 0x76, 0x65, 0x67, 0x67, 0x76, 
	0x66, 0x55, 0x55, 0x67, 0x67, 0x66, 0x66, 0x66, 
	0x66, 0x66, 0x76, 0x55, 0x56, 0x55, 0x66, 0x56, 
	0x66, 0x66, 0x66, 0x65, 0x65, 0x66, 0x65, 0x56, 
	0x66, 0x66, 0x78, 0x76, 0x65, 0x66, 0x67, 0x76, 
	0x55, 0x55, 0x66, 0x67, 0x77, 0x76, 0x65, 0x66, 
	0x66, 0x66, 0x66, 0x55, 0x56, 0x55, 0x65, 0x56, 
	0x66, 0x56, 0x66, 0x56, 0x55, 0x66, 0x66, 0x66, 
	0x66, 0x66, 0x77, 0x76, 0x64, 0x66, 0x77, 0x76, 
	0x55, 0x56, 0x76, 0x56, 0x66, 0x66, 0x64, 0x55, 
	0x45, 0x55, 0x55, 0x55, 0x66, 0x55, 0x56, 0x66, 
	0x66, 0x66, 0x66, 0x66, 0x56, 0x87, 0x66, 0x67, 
	0x66, 0x66, 0x77, 0x67, 0x64, 0x56, 0x77, 0x76, 
	0x56, 0x76, 0x66, 0x55, 0x55, 0x56, 0x55, 0x55, 
	0x65, 0x55, 0x55, 0x66, 0x66, 0x55, 0x56, 0x56, 
	0x66, 0x66, 0x66, 0x66, 0x67, 0x87, 0x66, 0x66, 
	0x66, 0x66, 0x77, 0x67, 0x65, 0x56, 0x76, 0x66, 
	0x66, 0x66, 0x66, 0x66, 0x55, 0x56, 0x66, 0x65, 
	0x76, 0x65, 0x55, 0x66, 0x55, 0x55, 0x56, 0x65, 
	0x57, 0x66, 0x66, 0x66, 0x66, 0x66, 0x66, 0x66, 
	0x66, 0x66, 0x77, 0x65, 0x55, 0x56, 0x76, 0x66, 
	0x66, 0x66, 0x55, 0x65, 0x55, 0x56, 0x66, 0x66, 
	0x66, 0x66, 0x65, 0x66, 0x55, 0x55, 0x67, 0x76, 
	0x67, 0x65, 0x56, 0x76, 0x66, 0x66, 0x66, 0x77, 
	0x66, 0x66, 0x66, 0x65, 0x56, 0x66, 0x67, 0x66, 
	0x66, 0x66, 0x55, 0x65, 0x54, 0x55, 0x66, 0x66, 
	0x77, 0x66, 0x66, 0x55, 0x65, 0x66, 0x67, 0x76, 
	0x66, 0x65, 0x66, 0x76, 0x76, 0x77, 0x66, 0x77, 
	0x66, 0x56, 0x77, 0x65, 0x56, 0x65, 0x77, 0x66, 
	0x66, 0x66, 0x66, 0x66, 0x55, 0x65, 0x55, 0x55, 
	0x76, 0x56, 0x65, 0x55, 0x56, 0x66, 0x67, 0x67, 
	0x66, 0x65, 0x66, 0x76, 0x66, 0x66, 0x67, 0x66, 
	0x66, 0x57, 0x77, 0x65, 0x56, 0x65, 0x55, 0x66, 
	0x66, 0x66, 0x66, 0x65, 0x66, 0x65, 0x55, 0x55, 
	0x66, 0x55, 0x65, 0x55, 0x56, 0x56, 0x66, 0x76, 
	0x66, 0x66, 0x66, 0x65, 0x66, 0x66, 0x76, 0x65, 
	0x56, 0x67, 0x77, 0x65, 0x55, 0x65, 0x56, 0x66, 
	0x66, 0x76, 0x66, 0x55, 0x56, 0x65, 0x55, 0x56, 
	0x66, 0x56, 0x66, 0x55, 0x56, 0x66, 0x66, 0x77, 
	0x76, 0x66, 0x66, 0x66, 0x66, 0x77, 0x66, 0x65, 
	0x56, 0x66, 0x77, 0x66, 0x66, 0x55, 0x56, 0x66, 
	0x66, 0x77, 0x76, 0x55, 0x56, 0x66, 0x65, 0x55, 
	0x66, 0x65, 0x55, 0x55, 0x56, 0x55, 0x67, 0x77, 
	0x77, 0x66, 0x66, 0x66, 0x78, 0x86, 0x66, 0x65, 
	0x45, 0x56, 0x67, 0x66, 0x55, 0x55, 0x56, 0x65, 
	0x56, 0x77, 0x66, 0x66, 0x65, 0x66, 0x65, 0x55, 
	0x66, 0x65, 0x56, 0x66, 0x65, 0x44, 0x67, 0x87, 
	0x57, 0x67, 0x66, 0x77, 0x78, 0x76, 0x66, 0x56, 
	0x56, 0x66, 0x66, 0x66, 0x56, 0x66, 0x66, 0x55, 
	0x56, 0x78, 0x56, 0x65, 0x66, 0x66, 0x65, 0x66, 
	0x66, 0x66, 0x66, 0x66, 0x65, 0x45, 0x66, 0x66, 
	0x57, 0x76, 0x66, 0x76, 0x66, 0x55, 0x55, 0x66, 
	0x67, 0x66, 0x66, 0x66, 0x67, 0x77, 0x76, 0x54, 
	0x56, 0x67, 0x65, 0x55, 0x66, 0x66, 0x65, 0x66, 
	0x66, 0x56, 0x66, 0x66, 0x54, 0x45, 0x66, 0x56, 
	0x67, 0x66, 0x66, 0x66, 0x56, 0x65, 0x56, 0x66, 
	0x67, 0x77, 0x76, 0x65, 0x67, 0x67, 0x65, 0x45, 
	0x65, 0x76, 0x66, 0x66, 0x66, 0x76, 0x66, 0x56, 
	
};

Gfx pss_dl_Debris_Coins_Mix_5_64x64_i4_aligner[] = {gsSPEndDisplayList()};
u8 pss_dl_Debris_Coins_Mix_5_64x64_i4[] = {
	0x88, 0xaa, 0xaa, 0x7a, 0xa9, 0xaa, 0x97, 0x77, 
	0x9a, 0x9a, 0x9a, 0x8a, 0xaa, 0x88, 0x89, 0x8a, 
	0xb9, 0xa9, 0x99, 0xa8, 0x8a, 0xa8, 0x99, 0x88, 
	0x89, 0x9a, 0xbb, 0x99, 0x8a, 0x89, 0x9a, 0xb8, 
	0xa9, 0x89, 0x87, 0x8b, 0xaa, 0xbb, 0xba, 0x89, 
	0xaa, 0xa9, 0x9a, 0xa8, 0x88, 0xa9, 0x9a, 0x9b, 
	0xab, 0x89, 0xb9, 0x88, 0x89, 0x9a, 0xa9, 0xaa, 
	0xaa, 0xaa, 0xba, 0x97, 0x9b, 0x9a, 0xa9, 0xa8, 
	0xaa, 0xa7, 0x89, 0xab, 0x9b, 0xbb, 0xbb, 0x89, 
	0xaa, 0xa8, 0xa8, 0x98, 0x7a, 0xaa, 0xaa, 0x9b, 
	0xaa, 0x88, 0x9a, 0xba, 0x9a, 0xbb, 0x99, 0xaa, 
	0xa9, 0xa9, 0xaa, 0x87, 0xab, 0xa9, 0x9b, 0xa9, 
	0xa9, 0x79, 0x9a, 0xba, 0x9b, 0xbb, 0xaa, 0x98, 
	0x9a, 0x88, 0xaa, 0x9a, 0xaa, 0xaa, 0xaa, 0xa9, 
	0x98, 0x88, 0xaa, 0xaa, 0x89, 0xa9, 0xba, 0xaa, 
	0xa8, 0xaa, 0x98, 0x7a, 0x8b, 0xa8, 0x9b, 0xb9, 
	0x77, 0xa9, 0xb9, 0x99, 0x8a, 0xbb, 0x9a, 0x9a, 
	0x98, 0x98, 0x88, 0xbb, 0xb8, 0xa9, 0x8a, 0xa9, 
	0x9b, 0xba, 0x78, 0x97, 0x78, 0x9b, 0xba, 0x88, 
	0x88, 0x9a, 0x97, 0x9a, 0x9a, 0xaa, 0xa9, 0xb8, 
	0x9b, 0xb9, 0x9a, 0x88, 0x98, 0xaa, 0x9a, 0x9a, 
	0xba, 0xa9, 0x78, 0xbb, 0xba, 0x88, 0xa8, 0x89, 
	0xbb, 0xba, 0xa8, 0xbb, 0x97, 0x9b, 0xbb, 0xaa, 
	0xab, 0x88, 0x9a, 0xba, 0xa9, 0x9b, 0xba, 0x87, 
	0x8a, 0xb9, 0xaa, 0xa8, 0xaa, 0x88, 0x9a, 0xaa, 
	0xbb, 0xaa, 0x9a, 0xbb, 0xbb, 0x9a, 0xab, 0x89, 
	0xbb, 0xbb, 0xa9, 0xab, 0xa7, 0x8b, 0xbb, 0xaa, 
	0xaa, 0x89, 0xaa, 0xaa, 0x99, 0x9b, 0xaa, 0x77, 
	0x98, 0x98, 0xba, 0xa8, 0x8a, 0xa9, 0x78, 0x9a, 
	0xaa, 0xa9, 0xa9, 0xaa, 0x9a, 0xab, 0xaa, 0x99, 
	0xbb, 0xbb, 0xa8, 0xab, 0xa8, 0x79, 0xab, 0xab, 
	0xba, 0xa7, 0xaa, 0xaa, 0x79, 0x9a, 0xa8, 0x89, 
	0xa9, 0x97, 0x9b, 0xa8, 0x78, 0x89, 0xa9, 0x89, 
	0x9a, 0x98, 0xab, 0xbb, 0xa8, 0x9a, 0x99, 0xa7, 
	0x9a, 0xbb, 0x97, 0x99, 0x89, 0x98, 0x88, 0xab, 
	0xa9, 0x97, 0x78, 0x87, 0x9a, 0x9a, 0x87, 0xaa, 
	0x9a, 0x89, 0x88, 0x78, 0x98, 0xbb, 0xbb, 0xaa, 
	0xaa, 0x89, 0xab, 0xbb, 0xaa, 0xab, 0xb8, 0x87, 
	0x79, 0x98, 0x87, 0x99, 0x9b, 0xba, 0x87, 0x8a, 
	0x98, 0x88, 0xa9, 0x98, 0xab, 0x99, 0x79, 0xaa, 
	0x78, 0xbb, 0xba, 0xab, 0xaa, 0xbb, 0xbb, 0xa8, 
	0xbb, 0xba, 0xab, 0xbb, 0xba, 0x9b, 0xaa, 0xbb, 
	0xa8, 0x79, 0xaa, 0xaa, 0x9b, 0xaa, 0xab, 0xba, 
	0x77, 0x89, 0x9a, 0x89, 0xbb, 0x98, 0x9a, 0xaa, 
	0x7a, 0xbb, 0xba, 0xb9, 0xaa, 0xbb, 0xbb, 0xa8, 
	0xbb, 0xb8, 0x9b, 0xbb, 0xa9, 0xaa, 0xab, 0xbb, 
	0xb9, 0x8a, 0xaa, 0xaa, 0x9a, 0xa9, 0xbb, 0xba, 
	0xa9, 0xba, 0x99, 0x99, 0xa9, 0x7a, 0xaa, 0xa9, 
	0x8a, 0xbb, 0xba, 0xaa, 0xa9, 0xab, 0xbb, 0xa8, 
	0xab, 0xa8, 0x89, 0xaa, 0x97, 0x98, 0xab, 0xbb, 
	0xa9, 0x8a, 0xaa, 0x9a, 0xa8, 0x8a, 0xbb, 0xbb, 
	0xa9, 0xbb, 0xa9, 0xba, 0x98, 0x98, 0xaa, 0xa7, 
	0xbb, 0xbb, 0xb9, 0x9a, 0xaa, 0x9a, 0xaa, 0x88, 
	0x88, 0x8a, 0xa9, 0x88, 0x9a, 0x98, 0xab, 0xbb, 
	0x99, 0x8a, 0x88, 0x79, 0xa9, 0x79, 0xbb, 0xbb, 
	0xa9, 0xbb, 0xa9, 0xbb, 0xa8, 0x97, 0x77, 0x7a, 
	0xba, 0xab, 0xa8, 0x8a, 0xab, 0xa8, 0x77, 0x89, 
	0x9a, 0x9b, 0xaa, 0x99, 0xaa, 0xa7, 0x9a, 0xb9, 
	0xa9, 0xaa, 0xa9, 0xa8, 0x77, 0x77, 0xab, 0xba, 
	0x89, 0xaa, 0x89, 0xa9, 0x88, 0x8a, 0xaa, 0x8a, 
	0xb9, 0x88, 0x88, 0x7a, 0xaa, 0xa8, 0x79, 0xaa, 
	0x9a, 0x9b, 0xaa, 0x9a, 0xaa, 0xa8, 0xa8, 0xa8, 
	0xb9, 0xaa, 0xba, 0xa8, 0x78, 0x88, 0x88, 0x88, 
	0x87, 0x89, 0xab, 0xb9, 0xa8, 0xa8, 0x98, 0x9b, 
	0x99, 0x9b, 0xbb, 0x88, 0x99, 0x87, 0x8a, 0xaa, 
	0x99, 0x99, 0x97, 0xaa, 0x9a, 0x88, 0xaa, 0x97, 
	0x99, 0xaa, 0xba, 0xb8, 0x9b, 0xbb, 0x98, 0x79, 
	0xaa, 0x8a, 0xab, 0xaa, 0xa7, 0xba, 0xaa, 0x99, 
	0xba, 0xbb, 0xba, 0xba, 0x88, 0x99, 0xa8, 0xaa, 
	0x7a, 0xa9, 0x78, 0xaa, 0x98, 0x98, 0x8a, 0x99, 
	0xa8, 0x9a, 0xab, 0x97, 0xbb, 0xbb, 0xb9, 0x8a, 
	0xaa, 0x8a, 0x9a, 0xa9, 0x98, 0xab, 0xbb, 0xa8, 
	0x99, 0xbb, 0xb9, 0xbb, 0x9a, 0xaa, 0xb8, 0x89, 
	0x98, 0x87, 0x7a, 0xaa, 0xba, 0xa9, 0x77, 0x9a, 
	0xba, 0x88, 0x98, 0x88, 0xbb, 0xbb, 0xa9, 0x8a, 
	0xaa, 0x7a, 0x98, 0x78, 0xa8, 0x99, 0xaa, 0x87, 
	0x99, 0xab, 0xb9, 0x9a, 0x8b, 0x98, 0x98, 0x7a, 
	0x99, 0xa9, 0x88, 0xaa, 0xbb, 0xaa, 0x89, 0x8a, 
	0xaa, 0xa8, 0x8a, 0xa9, 0xab, 0xba, 0x98, 0x98, 
	0x88, 0x79, 0x98, 0x8a, 0xa9, 0xb9, 0x77, 0xaa, 
	0xa8, 0x8a, 0xb8, 0x98, 0x88, 0x98, 0x88, 0x89, 
	0xab, 0xb9, 0x9a, 0x9a, 0xaa, 0xa9, 0x8a, 0x99, 
	0xba, 0x97, 0x88, 0x99, 0x8a, 0xb9, 0xa8, 0xaa, 
	0x99, 0x97, 0x78, 0x9a, 0x88, 0xaa, 0x8a, 0xaa, 
	0x99, 0x97, 0x87, 0xbb, 0xa8, 0x8a, 0xba, 0x8a, 
	0xbb, 0x99, 0xa9, 0x79, 0xaa, 0x97, 0xaa, 0x9b, 
	0xbb, 0xa9, 0x9a, 0xa9, 0x88, 0x98, 0xa9, 0xab, 
	0xba, 0xa8, 0x8a, 0xba, 0x9a, 0x89, 0x89, 0xaa, 
	0x78, 0xaa, 0x97, 0xab, 0xb8, 0xaa, 0xaa, 0x89, 
	0xaa, 0x8b, 0xaa, 0x77, 0x78, 0x89, 0xb9, 0xab, 
	0xbb, 0xba, 0x8b, 0xba, 0xa8, 0x77, 0xa9, 0xaa, 
	0xba, 0xa8, 0xa8, 0xaa, 0x9b, 0xa8, 0x89, 0x88, 
	0xa7, 0x88, 0x89, 0x8a, 0xa7, 0x7a, 0xa8, 0x88, 
	0x78, 0x9a, 0x89, 0x98, 0x89, 0xba, 0x9a, 0xab, 
	0xbb, 0xba, 0x8b, 0xb9, 0xaa, 0xba, 0x98, 0xaa, 
	0xaa, 0x8a, 0xaa, 0x98, 0x9b, 0xa9, 0x9a, 0x99, 
	0xa9, 0x77, 0xaa, 0x98, 0x76, 0x87, 0x77, 0xaa, 
	0xa9, 0x88, 0xaa, 0xaa, 0x8a, 0x98, 0xaa, 0x9a, 
	0xbb, 0xaa, 0x8b, 0xa8, 0x8a, 0xaa, 0xa9, 0x78, 
	0xa9, 0x8b, 0xaa, 0xba, 0x9a, 0x98, 0xba, 0xba, 
	0xa9, 0xa9, 0x8a, 0xa8, 0xba, 0x9a, 0x97, 0x89, 
	0x98, 0xa9, 0xab, 0xba, 0xa8, 0x9a, 0xa9, 0xa8, 
	0xaa, 0x97, 0x77, 0x8a, 0x99, 0xab, 0xaa, 0x88, 
	0xab, 0x9a, 0xab, 0xbb, 0x99, 0x99, 0xaa, 0xba, 
	0xa8, 0xaa, 0x8a, 0xbb, 0xbb, 0x88, 0x78, 0xa8, 
	0x7a, 0xbb, 0xa9, 0xa9, 0x9a, 0xaa, 0xba, 0x9a, 
	0x88, 0x9a, 0x99, 0xbb, 0xba, 0x99, 0xa9, 0xaa, 
	0x9a, 0xa8, 0x9b, 0xbb, 0x99, 0x89, 0x9a, 0xaa, 
	0x89, 0xb9, 0xab, 0xab, 0xbb, 0xba, 0x9a, 0x99, 
	0xab, 0xbb, 0xa9, 0x9a, 0xaa, 0xa9, 0xaa, 0x8a, 
	0x88, 0xaa, 0x9a, 0xbb, 0xba, 0xa9, 0xbb, 0x9a, 
	0x99, 0x87, 0x78, 0x98, 0x8a, 0xa8, 0x89, 0xa9, 
	0x9b, 0xa8, 0xbb, 0xaa, 0xbb, 0xba, 0x9b, 0xbb, 
	0xbb, 0xbb, 0xba, 0x9b, 0xba, 0xa9, 0xa9, 0x78, 
	0x99, 0xaa, 0x9a, 0xbb, 0xbb, 0xa8, 0xbb, 0x99, 
	0xbb, 0xaa, 0x9a, 0xaa, 0x8a, 0xa9, 0x99, 0x88, 
	0xaa, 0xaa, 0xab, 0xb8, 0xab, 0xb9, 0x8a, 0xa9, 
	0xab, 0xbb, 0xba, 0x8b, 0xb9, 0x8b, 0xbb, 0x99, 
	0xaa, 0x89, 0x89, 0xbb, 0xba, 0x99, 0xba, 0x88, 
	0xab, 0xb9, 0xaa, 0xaa, 0xa8, 0x9a, 0xa9, 0x89, 
	0x98, 0x9a, 0x9a, 0xaa, 0x88, 0x87, 0x99, 0x99, 
	0x9a, 0xbb, 0xa9, 0x8a, 0xa8, 0x99, 0x9b, 0x99, 
	0xaa, 0x98, 0xb9, 0x9a, 0xa9, 0x88, 0x99, 0x9b, 
	0xa8, 0xa8, 0x99, 0x9a, 0xba, 0x9a, 0xaa, 0x88, 
	0x9a, 0xa8, 0xab, 0xbb, 0x87, 0x8a, 0xaa, 0xaa, 
	0xa8, 0x99, 0x88, 0x8a, 0x9a, 0xbb, 0x99, 0x9a, 
	0x98, 0x89, 0xaa, 0xa8, 0x79, 0xa9, 0xa9, 0xba, 
	0xb9, 0x8a, 0xa8, 0xa9, 0x9a, 0x8a, 0xba, 0xa8, 
	0xaa, 0xa9, 0xbb, 0xbb, 0xa8, 0xaa, 0xaa, 0x99, 
	0xab, 0x97, 0xaa, 0xaa, 0xaa, 0xba, 0xa8, 0x99, 
	0x9a, 0x99, 0xbb, 0xba, 0x9a, 0xaa, 0xaa, 0xab, 
	0xb9, 0x9b, 0xb9, 0xaa, 0x98, 0xa9, 0x99, 0x89, 
	0xa8, 0x8a, 0xbb, 0xbb, 0xa8, 0x9a, 0xa9, 0x9a, 
	0x88, 0x98, 0xaa, 0xa8, 0xaa, 0xba, 0x98, 0x8a, 
	0xaa, 0xa9, 0xaa, 0x9a, 0xaa, 0xaa, 0xaa, 0x99, 
	0x98, 0x9b, 0xb9, 0x9b, 0xbb, 0x99, 0xab, 0xa9, 
	0x9a, 0xb9, 0xbb, 0xba, 0xa9, 0xa8, 0x98, 0x89, 
	0x9b, 0xb9, 0xaa, 0xa8, 0xaa, 0x87, 0x89, 0x8a, 
	0xaa, 0xa8, 0x99, 0xbb, 0xa9, 0xa8, 0x9a, 0xaa, 
	0x79, 0xaa, 0xa8, 0x89, 0xab, 0x9a, 0x9b, 0xb9, 
	0x9a, 0xb8, 0xab, 0xba, 0xaa, 0xaa, 0x9a, 0x87, 
	0x9b, 0xbb, 0x99, 0x87, 0x99, 0x88, 0xaa, 0x98, 
	0x99, 0x8a, 0x9a, 0xbb, 0xb9, 0x79, 0x98, 0x87, 
	0x9a, 0xa9, 0x99, 0xbb, 0x9a, 0x9a, 0x9b, 0xb8, 
	0xa9, 0x8a, 0x78, 0x9a, 0x9b, 0xab, 0xba, 0x88, 
	0xab, 0xbb, 0xa9, 0x89, 0xa7, 0x8a, 0xba, 0x99, 
	0x99, 0x79, 0xaa, 0xbb, 0xba, 0x9a, 0xb9, 0xaa, 
	0xba, 0xa9, 0xaa, 0xab, 0xa8, 0xa8, 0x9a, 0xa9, 
	0xbb, 0x9a, 0x98, 0x78, 0x9a, 0xab, 0xaa, 0x8a, 
	0xab, 0xbb, 0x99, 0xa9, 0xb9, 0xaa, 0xaa, 0x99, 
	0xa9, 0x98, 0x89, 0xbb, 0xaa, 0xbb, 0xaa, 0x9a, 
	0xaa, 0xa7, 0xa9, 0xba, 0x98, 0x99, 0x9a, 0x9a, 
	0xba, 0x98, 0xa9, 0x8a, 0x88, 0xaa, 0xa9, 0x7a, 
	0x99, 0xaa, 0x9b, 0xba, 0xa9, 0xaa, 0xaa, 0x8a, 
	0xa8, 0xab, 0x99, 0x9a, 0x9b, 0xaa, 0xaa, 0x89, 
	0xa9, 0x88, 0x99, 0x88, 0x78, 0x8a, 0xa9, 0xaa, 
	0xaa, 0x88, 0x78, 0xaa, 0x99, 0xaa, 0x87, 0xa9, 
	0xa9, 0x88, 0x9b, 0xaa, 0x99, 0x88, 0x88, 0xab, 
	0xa9, 0x99, 0x9a, 0x88, 0x7a, 0xba, 0x98, 0x88, 
	0x88, 0x8b, 0xaa, 0xa7, 0x7a, 0x99, 0xa8, 0xa9, 
	0x97, 0x8a, 0x78, 0xa9, 0xaa, 0xaa, 0xa8, 0xb9, 
	0x98, 0xa8, 0x8a, 0xa8, 0x87, 0x9a, 0xa9, 0xbb, 
	0xa8, 0xab, 0x99, 0xa9, 0x78, 0x88, 0x89, 0x8a, 
	0xa9, 0x9b, 0xb7, 0x79, 0xaa, 0xa9, 0x98, 0xaa, 
	0x88, 0xaa, 0x86, 0x89, 0xaa, 0xba, 0xa8, 0x9a, 
	0xba, 0x89, 0xa9, 0x88, 0x77, 0x89, 0x89, 0xbb, 
	0xa8, 0x99, 0x88, 0x79, 0xba, 0x98, 0xaa, 0xa8, 
	0x89, 0xbb, 0x99, 0xaa, 0xaa, 0x97, 0x88, 0x99, 
	0x9a, 0xaa, 0x99, 0xbb, 0xba, 0xaa, 0xa8, 0xa9, 
	0xab, 0x9a, 0xab, 0xaa, 0x7a, 0xa9, 0x99, 0xba, 
	0x98, 0x9a, 0x9b, 0x9b, 0xbb, 0xa9, 0xab, 0xb9, 
	0x9b, 0xb9, 0x88, 0xaa, 0xaa, 0x87, 0x9a, 0x89, 
	0xaa, 0xaa, 0x9b, 0xbb, 0xaa, 0x9b, 0xba, 0xaa, 
	0x89, 0x8a, 0xaa, 0xa8, 0x8a, 0xba, 0xa8, 0x7a, 
	0xaa, 0x9a, 0x89, 0xab, 0xbb, 0xba, 0x9b, 0xb9, 
	0xab, 0xaa, 0x99, 0x89, 0x98, 0xab, 0xa8, 0x99, 
	0xaa, 0xa9, 0x9b, 0xbb, 0xba, 0x9b, 0xba, 0x9a, 
	0xba, 0x88, 0x99, 0x87, 0xa9, 0xaa, 0x79, 0x8a, 
	0xaa, 0x98, 0x9b, 0xab, 0xbb, 0xba, 0x8a, 0xb9, 
	0x8a, 0xa9, 0x88, 0x98, 0x88, 0xbb, 0xb9, 0xa8, 
	0x77, 0x78, 0x9b, 0xbb, 0xba, 0x8b, 0xb9, 0x8a, 
	0xbb, 0x98, 0x88, 0x88, 0xaa, 0xa8, 0x7a, 0x89, 
	0xaa, 0x88, 0xaa, 0x9a, 0xbb, 0xa9, 0x79, 0x98, 
	0x99, 0x79, 0x99, 0x9a, 0x9a, 0xbb, 0xa9, 0x78, 
	0xaa, 0x99, 0xa9, 0xab, 0xa9, 0x89, 0x98, 0x9a, 
	0x9a, 0x9a, 0x97, 0x88, 0x89, 0x97, 0x9a, 0x79, 
	0x77, 0x89, 0xab, 0xa8, 0x9a, 0x98, 0x88, 0x9a, 
	0xbb, 0x9a, 0x8a, 0x89, 0x99, 0xaa, 0x98, 0x88, 
	0x89, 0x8a, 0xba, 0x89, 0x99, 0x89, 0xa9, 0xbb, 
	0xa7, 0x8a, 0xaa, 0xaa, 0x78, 0x9a, 0x87, 0x8a, 
	0xaa, 0xa9, 0xaa, 0xaa, 0x87, 0xaa, 0xa9, 0xaa, 
	0xba, 0xa8, 0x9a, 0x8b, 0xb9, 0x78, 0x9a, 0x78, 
	0x99, 0x98, 0x99, 0xa9, 0xaa, 0xa9, 0xa9, 0xba, 
	0xa8, 0x9a, 0xbb, 0xaa, 0x89, 0xab, 0xa9, 0xb9, 
	0xaa, 0xa8, 0x9a, 0xaa, 0x88, 0xaa, 0xa8, 0xa9, 
	0xaa, 0x87, 0x98, 0x88, 0x98, 0xab, 0xa9, 0x8b, 
	0xbb, 0x98, 0x89, 0x99, 0xaa, 0xa9, 0xa9, 0x9a, 
	0x87, 0x8a, 0xaa, 0xaa, 0x8b, 0x9a, 0xa9, 0xba, 
	0x9a, 0x8a, 0x98, 0x87, 0x9a, 0xaa, 0xa7, 0xaa, 
	0x87, 0x77, 0x9a, 0x99, 0xa9, 0xba, 0xb8, 0x9a, 
	0xa9, 0x89, 0x8a, 0xbb, 0x9a, 0xa8, 0xaa, 0x99, 
	0x7a, 0x88, 0xaa, 0xa8, 0x9a, 0xa9, 0x9a, 0xb9, 
	0x9a, 0x8b, 0xb9, 0x9a, 0xbb, 0x98, 0x87, 0x9a, 
	0x98, 0x88, 0xaa, 0xa9, 0xa9, 0xba, 0xa8, 0xaa, 
	0xa8, 0x9a, 0x8b, 0xbb, 0xa8, 0x89, 0x89, 0x87, 
	0x9a, 0xa8, 0x88, 0x78, 0xba, 0xbb, 0xba, 0x97, 
	0x88, 0x8a, 0xaa, 0xb9, 0xaa, 0x99, 0xb9, 0x89, 
	0x99, 0xa8, 0xaa, 0xa9, 0x9a, 0x99, 0x79, 0xaa, 
	0x77, 0x99, 0x8b, 0xbb, 0xba, 0xaa, 0xa8, 0x89, 
	0xba, 0xa8, 0x88, 0xab, 0xba, 0xbb, 0xb9, 0xa8, 
	0xaa, 0xa9, 0x99, 0xba, 0x88, 0x87, 0x88, 0xaa, 
	0xa9, 0xa8, 0x9a, 0x97, 0xaa, 0xa8, 0x7a, 0x98, 
	0xaa, 0x87, 0x9a, 0xbb, 0xaa, 0xb9, 0xa9, 0xaa, 
	0xaa, 0xa7, 0x8a, 0x9a, 0xa9, 0x9b, 0xa7, 0x77, 
	0xba, 0x9b, 0xaa, 0x88, 0x8a, 0x99, 0xaa, 0xb9, 
	0x89, 0xa9, 0xa8, 0x99, 0x78, 0x77, 0x9a, 0x78, 
	0xab, 0xa9, 0x98, 0xaa, 0xab, 0xaa, 0x89, 0x9a, 
	0xaa, 0x78, 0x8b, 0xb8, 0x78, 0x88, 0x88, 0x88, 
	0xab, 0x9a, 0xba, 0x99, 0xaa, 0xa8, 0xab, 0xa9, 
	0xbb, 0x9a, 0xab, 0xaa, 0x86, 0x9a, 0xa8, 0x87, 
	0x8a, 0x99, 0xa9, 0x88, 0x9b, 0xba, 0x78, 0x97, 
	0x77, 0xab, 0x99, 0x89, 0xaa, 0xaa, 0xaa, 0xaa, 
	0x99, 0x89, 0xbb, 0x8a, 0xaa, 0xa9, 0x89, 0x9a, 
	0xba, 0xa9, 0xab, 0xaa, 0x88, 0xab, 0xb8, 0xb9, 
	0x89, 0x9a, 0x9a, 0xa9, 0x89, 0x99, 0x89, 0x9a, 
	0xa8, 0xbb, 0xa9, 0xaa, 0xaa, 0xba, 0xab, 0xba, 
	0xa8, 0x79, 0x99, 0x87, 0x88, 0x7a, 0x99, 0x89, 
	0xba, 0x99, 0xaa, 0xaa, 0x7a, 0x99, 0xa8, 0xbb, 
	0xab, 0xba, 0x98, 0x88, 0xaa, 0xaa, 0x89, 0x89, 
	0x89, 0xbb, 0x99, 0xaa, 0xa8, 0xaa, 0xaa, 0xba, 
	0xa8, 0xa9, 0xaa, 0x7a, 0xa9, 0x89, 0xaa, 0x89, 
	0x88, 0x98, 0xa9, 0x98, 0x9b, 0xaa, 0xaa, 0xba, 
	0xbb, 0xba, 0x98, 0x8a, 0xab, 0xaa, 0x88, 0xaa, 
	0xa9, 0x99, 0x88, 0xaa, 0x99, 0x98, 0xaa, 0xaa, 
	0x98, 0xaa, 0xa9, 0x88, 0xa9, 0x99, 0x87, 0x9b, 
	0xba, 0xa7, 0x79, 0xa9, 0xaa, 0xbb, 0xba, 0xa8, 
	0x9a, 0x97, 0x79, 0xa9, 0xaa, 0xa9, 0x8b, 0xba, 
	0xa9, 0x8a, 0xa8, 0x78, 0x9a, 0xba, 0x89, 0xa9, 
	0x8a, 0xaa, 0xba, 0xaa, 0x88, 0x8a, 0x98, 0xaa, 
	0xaa, 0xa9, 0x99, 0xba, 0x9a, 0xbb, 0xba, 0xa9, 
	0x88, 0x98, 0x78, 0xa8, 0x88, 0x77, 0xab, 0xbb, 
	0xa9, 0x89, 0x98, 0xab, 0x9a, 0xaa, 0xa7, 0x88, 
	0xab, 0xab, 0xbb, 0x98, 0xaa, 0x99, 0xa9, 0x8a, 
	0xaa, 0x79, 0xa9, 0x99, 0x8a, 0x9a, 0xa8, 0x99, 
	0xb9, 0xaa, 0xa9, 0x88, 0x78, 0x9a, 0xab, 0xbb, 
	0xba, 0x9b, 0xb9, 0xbb, 0x99, 0xaa, 0x87, 0x8a, 
	0xbb, 0xab, 0xbb, 0x8a, 0xaa, 0xbb, 0xbb, 0x97, 
	0x77, 0xa9, 0xa9, 0xa9, 0x98, 0x78, 0x8a, 0xba, 
	0xa9, 0xab, 0xba, 0xa8, 0x78, 0x88, 0x8a, 0xbb, 
	0xa9, 0x9b, 0xa9, 0xbb, 0xb8, 0x77, 0x89, 0xb9, 
	0x9a, 0x98, 0xa8, 0x89, 0xaa, 0x9b, 0xbb, 0xa9, 
	0x8a, 0xb9, 0x9b, 0xbb, 0x9a, 0x87, 0x79, 0x99, 
	0xa9, 0xaa, 0xaa, 0x99, 0xa9, 0xa9, 0x78, 0xaa, 
	0x97, 0x88, 0x99, 0xab, 0xba, 0x98, 0xaa, 0xaa, 
	0x89, 0xa9, 0x8a, 0xb8, 0x78, 0x9a, 0xbb, 0xa9, 
	0x9a, 0x98, 0x9a, 0xab, 0x8a, 0x87, 0x8a, 0xa8, 
	
};

Gfx pss_dl_miti2_i4_aligner[] = {gsSPEndDisplayList()};
u8 pss_dl_miti2_i4[] = {
	0xba, 0xa9, 0x9a, 0xaa, 0xab, 0xbb, 0xb9, 0x88, 
	0x99, 0xbb, 0xbb, 0xaa, 0xaa, 0xaa, 0xab, 0xbb, 
	0x99, 0x99, 0xaa, 0xaa, 0x99, 0x99, 0xab, 0xaa, 
	0xaa, 0xa9, 0xaa, 0xaa, 0xbb, 0xbb, 0xbb, 0xab, 
	0xbb, 0xa9, 0xaa, 0xaa, 0xbb, 0xbb, 0xb9, 0x88, 
	0x99, 0xbb, 0xbb, 0xaa, 0xaa, 0xaa, 0xab, 0xbb, 
	0x9a, 0xaa, 0xaa, 0xaa, 0x99, 0x99, 0xaa, 0xaa, 
	0xaa, 0xa9, 0xaa, 0xaa, 0xab, 0xbb, 0xaa, 0xaa, 
	0xbb, 0xa9, 0x9a, 0xab, 0xbb, 0xbb, 0xba, 0x88, 
	0x9a, 0xbb, 0xbb, 0xbb, 0xba, 0xaa, 0xbb, 0xbb, 
	0x9a, 0xaa, 0xaa, 0xaa, 0x99, 0x99, 0xaa, 0xaa, 
	0xaa, 0xaa, 0xaa, 0xaa, 0xaa, 0xaa, 0xaa, 0xaa, 
	0xbb, 0xa9, 0x9a, 0xaa, 0xbb, 0xbb, 0xbb, 0x98, 
	0x99, 0xbb, 0xbb, 0xbb, 0xbb, 0xaa, 0xbb, 0xbb, 
	0x9a, 0xaa, 0xaa, 0xaa, 0x99, 0x99, 0xab, 0xba, 
	0xaa, 0xaa, 0xaa, 0xaa, 0xaa, 0xaa, 0xaa, 0xaa, 
	0xbb, 0xa9, 0x99, 0x99, 0xab, 0xbb, 0xbb, 0x97, 
	0x88, 0x9a, 0xbb, 0xbb, 0xbb, 0xa9, 0xbb, 0xbb, 
	0x9a, 0xaa, 0xba, 0xaa, 0x99, 0x89, 0xbb, 0xbb, 
	0xaa, 0xaa, 0xa9, 0x99, 0xaa, 0xaa, 0xaa, 0xaa, 
	0xbb, 0xa9, 0x99, 0x99, 0x9a, 0xbb, 0xbb, 0x97, 
	0x88, 0x9a, 0xbb, 0xbb, 0xbb, 0xa9, 0xab, 0xba, 
	0x9a, 0xaa, 0xbb, 0xba, 0x99, 0x8a, 0xbb, 0xbb, 
	0xaa, 0xaa, 0x99, 0x99, 0xab, 0xba, 0xaa, 0xaa, 
	0xbb, 0xa9, 0x88, 0x98, 0x89, 0xab, 0xbb, 0x98, 
	0x88, 0x8a, 0xab, 0xbb, 0xbb, 0xa9, 0x99, 0xb9, 
	0xab, 0xba, 0xbb, 0xa8, 0x88, 0x8a, 0xbb, 0xbb, 
	0xaa, 0xaa, 0x99, 0x9a, 0xaa, 0xbb, 0xaa, 0xaa, 
	0xbb, 0xb9, 0x88, 0x98, 0x88, 0xaa, 0x99, 0x98, 
	0x88, 0x88, 0xaa, 0xbb, 0xbb, 0xa9, 0x99, 0x99, 
	0xab, 0xba, 0xbb, 0xa8, 0x88, 0x9a, 0xbb, 0xbb, 
	0xaa, 0x98, 0x99, 0x9a, 0xaa, 0xbb, 0xaa, 0xaa, 
	0xbb, 0xa9, 0x88, 0x88, 0x88, 0x99, 0x99, 0x88, 
	0x88, 0x88, 0x99, 0xbb, 0xaa, 0xa9, 0x88, 0x8a, 
	0xbb, 0xbb, 0xcb, 0xba, 0xa9, 0x9a, 0xab, 0xb9, 
	0x99, 0x98, 0x99, 0x9a, 0xaa, 0xbb, 0xba, 0xab, 
	0xab, 0xa9, 0x88, 0x89, 0x88, 0x99, 0x98, 0x99, 
	0x99, 0x88, 0x99, 0xb9, 0x99, 0x99, 0x88, 0x8a, 
	0xab, 0xbb, 0xcc, 0xba, 0xa9, 0x99, 0xab, 0xa9, 
	0x99, 0x88, 0x88, 0x9a, 0xaa, 0xbb, 0xbb, 0xbb, 
	0xaa, 0x99, 0x99, 0x99, 0x98, 0x99, 0x98, 0x99, 
	0x99, 0x88, 0x89, 0x99, 0x98, 0x98, 0x88, 0x9a, 
	0xab, 0xbb, 0xcc, 0xca, 0xa9, 0x99, 0x9a, 0xa9, 
	0x99, 0x98, 0x89, 0x88, 0x99, 0xbb, 0xaa, 0xa9, 
	0xa9, 0x99, 0x99, 0x99, 0x99, 0x99, 0x98, 0x99, 
	0x99, 0x88, 0x88, 0x99, 0x98, 0x88, 0x99, 0xaa, 
	0xaa, 0xaa, 0xcc, 0xca, 0xa9, 0x99, 0x9a, 0xa9, 
	0x99, 0x98, 0x88, 0x88, 0x99, 0xaa, 0xa9, 0x88, 
	0x89, 0x99, 0x99, 0xaa, 0xa9, 0xa9, 0x99, 0x99, 
	0x99, 0x77, 0x88, 0x99, 0x98, 0x88, 0x99, 0x9b, 
	0xaa, 0xaa, 0xbb, 0xbb, 0xbb, 0x99, 0x9a, 0xa9, 
	0x99, 0x98, 0x88, 0x88, 0x88, 0x88, 0x89, 0x88, 
	0x89, 0x99, 0xa9, 0xaa, 0xa9, 0xa9, 0x9a, 0x99, 
	0x99, 0x77, 0x88, 0x99, 0x98, 0x9a, 0xab, 0xbb, 
	0xaa, 0xaa, 0xaa, 0xbb, 0xbb, 0x99, 0xaa, 0xaa, 
	0x98, 0x88, 0x88, 0x88, 0x88, 0x88, 0x89, 0x88, 
	0x88, 0x8a, 0xaa, 0xbb, 0xb9, 0xa9, 0x9a, 0x99, 
	0x99, 0x77, 0x88, 0x88, 0x99, 0xaa, 0xab, 0xbb, 
	0xaa, 0xaa, 0xab, 0xbb, 0xbb, 0xaa, 0xab, 0xaa, 
	0x98, 0x88, 0x88, 0x88, 0x88, 0x88, 0x89, 0x88, 
	0x88, 0x9a, 0xab, 0xbb, 0xbb, 0xaa, 0xbb, 0xba, 
	0x98, 0x87, 0x88, 0x98, 0x99, 0x9a, 0xab, 0xbb, 
	0xaa, 0xaa, 0xab, 0xbb, 0xba, 0xaa, 0xab, 0xbb, 
	0x98, 0x88, 0x77, 0x78, 0x88, 0x88, 0x88, 0x88, 
	0x99, 0x9a, 0xbb, 0xbb, 0xbb, 0xbb, 0xbb, 0xba, 
	0x98, 0x77, 0x89, 0x99, 0x99, 0x99, 0xaa, 0xaa, 
	0xaa, 0xaa, 0xab, 0xcc, 0xcc, 0xa9, 0x99, 0xbb, 
	0xb9, 0x99, 0x77, 0x78, 0x78, 0x88, 0x99, 0x99, 
	0xaa, 0xaa, 0xab, 0xbb, 0xbb, 0xbb, 0xbb, 0xba, 
	0x98, 0x77, 0x89, 0x99, 0x99, 0x99, 0x99, 0xaa, 
	0xa9, 0x99, 0xab, 0xcc, 0xcc, 0xa9, 0x99, 0xaa, 
	0xb9, 0x99, 0x77, 0x77, 0x77, 0x89, 0x99, 0x9a, 
	0xaa, 0xaa, 0xab, 0xbb, 0xba, 0x99, 0x9a, 0xa9, 
	0x98, 0x87, 0x89, 0x99, 0x99, 0x98, 0x88, 0x9a, 
	0x99, 0x99, 0xab, 0xcc, 0xcc, 0xa9, 0x99, 0xaa, 
	0xa9, 0x99, 0x98, 0x77, 0x77, 0x79, 0x99, 0x99, 
	0xaa, 0xaa, 0xaa, 0xbb, 0xaa, 0x99, 0x99, 0xa9, 
	0x98, 0x87, 0x89, 0x99, 0x99, 0x99, 0x98, 0x89, 
	0x99, 0xaa, 0xab, 0xcc, 0xcc, 0xa9, 0x99, 0xaa, 
	0x99, 0x99, 0x98, 0x77, 0x77, 0x79, 0x99, 0xaa, 
	0xcb, 0xaa, 0xaa, 0xaa, 0xaa, 0x98, 0x99, 0x99, 
	0x88, 0x88, 0x99, 0x99, 0x99, 0x99, 0x98, 0x99, 
	0x99, 0xaa, 0xab, 0xbb, 0xcc, 0xaa, 0xaa, 0xaa, 
	0x99, 0x99, 0x88, 0x77, 0x77, 0x78, 0x8a, 0xaa, 
	0xcb, 0xaa, 0xaa, 0xaa, 0xaa, 0xaa, 0x99, 0x99, 
	0x88, 0x99, 0x99, 0x9a, 0xaa, 0x99, 0x98, 0x89, 
	0x9a, 0x99, 0xaa, 0xbb, 0xcc, 0xba, 0xaa, 0xaa, 
	0x99, 0x99, 0x88, 0x87, 0x78, 0x88, 0x8a, 0xac, 
	0xcc, 0xaa, 0x9a, 0xaa, 0xaa, 0xaa, 0x99, 0x98, 
	0x99, 0xaa, 0xa9, 0x99, 0x99, 0x99, 0x98, 0x88, 
	0xaa, 0x99, 0xaa, 0xab, 0xcc, 0xbb, 0xcb, 0xaa, 
	0x99, 0x99, 0x88, 0x87, 0x88, 0x88, 0x8a, 0xac, 
	0xcc, 0xaa, 0x99, 0xaa, 0xaa, 0xaa, 0x99, 0x88, 
	0x99, 0xab, 0xaa, 0x99, 0x99, 0x99, 0x88, 0x88, 
	0xaa, 0x99, 0xaa, 0xaa, 0xbb, 0xbb, 0xcc, 0xca, 
	0x99, 0x99, 0x88, 0x87, 0x88, 0x88, 0x9a, 0xcc, 
	0xcc, 0xa9, 0x88, 0xab, 0xaa, 0xaa, 0xaa, 0x88, 
	0x8a, 0xbb, 0xba, 0x99, 0x99, 0x99, 0x88, 0x88, 
	0xaa, 0xa9, 0x99, 0x99, 0xab, 0xbb, 0xcc, 0xca, 
	0xaa, 0xaa, 0x99, 0x99, 0x88, 0x99, 0x9a, 0xbb, 
	0xcc, 0xa9, 0x88, 0xab, 0xbb, 0xba, 0xa9, 0x88, 
	0x8a, 0xbb, 0xba, 0x99, 0x99, 0x99, 0x88, 0x99, 
	0xaa, 0xa9, 0x99, 0x89, 0x9a, 0xab, 0xcc, 0xca, 
	0xaa, 0xba, 0x99, 0x9a, 0x98, 0x88, 0x9a, 0xbb, 
	0xaa, 0xa9, 0x88, 0xab, 0xbb, 0xba, 0xa9, 0x88, 
	0x8a, 0xbb, 0xba, 0x99, 0x99, 0x98, 0x88, 0x99, 
	0xaa, 0x99, 0x99, 0x89, 0x99, 0xab, 0xcc, 0xba, 
	0xaa, 0xba, 0xaa, 0xaa, 0x99, 0x88, 0x8a, 0xbb, 
	0xa9, 0x99, 0x88, 0x9b, 0xbb, 0xba, 0xa9, 0x88, 
	0x9b, 0xbb, 0xba, 0x99, 0x99, 0x88, 0x88, 0x99, 
	0x9a, 0x99, 0x98, 0x88, 0x99, 0x9b, 0xcc, 0xba, 
	0xaa, 0xcc, 0xaa, 0xaa, 0xaa, 0x99, 0x89, 0xaa, 
	0xa9, 0x99, 0x88, 0x8a, 0xba, 0xaa, 0xa9, 0x99, 
	0x8a, 0xaa, 0xaa, 0x99, 0x99, 0x99, 0x98, 0x89, 
	0x9a, 0x99, 0x98, 0x88, 0x89, 0xab, 0xcc, 0xbb, 
	0xcc, 0xcc, 0xcb, 0xbb, 0xaa, 0x99, 0x99, 0x99, 
	0x99, 0x89, 0x88, 0x89, 0xba, 0xaa, 0x99, 0x99, 
	0x88, 0x99, 0x9a, 0x99, 0x99, 0x99, 0x98, 0x99, 
	0xaa, 0x99, 0x98, 0x89, 0x89, 0xab, 0xab, 0xbc, 
	0xbb, 0xcb, 0xcb, 0xbb, 0xaa, 0xab, 0xa9, 0x99, 
	0x99, 0x88, 0x88, 0x89, 0xaa, 0xaa, 0x99, 0x99, 
	0x88, 0x99, 0x9a, 0x99, 0x99, 0x99, 0x99, 0x99, 
	0xaa, 0xa9, 0x99, 0x99, 0x99, 0xab, 0xaa, 0xcc, 
	0xbb, 0xbb, 0xba, 0xaa, 0x99, 0xbb, 0xa9, 0x98, 
	0x99, 0x88, 0x88, 0x89, 0xaa, 0xaa, 0x99, 0xaa, 
	0x98, 0x99, 0x99, 0x99, 0x99, 0x99, 0x99, 0x99, 
	0xaa, 0xa9, 0x99, 0x99, 0xaa, 0xbb, 0xac, 0xcc, 
	0xbb, 0xbb, 0xb9, 0x99, 0x9a, 0xbb, 0xaa, 0x98, 
	0x89, 0x88, 0x88, 0x89, 0x9a, 0xaa, 0xaa, 0xaa, 
	0x98, 0x88, 0x99, 0x99, 0x99, 0x89, 0x99, 0xaa, 
	0xbb, 0xbb, 0xaa, 0xaa, 0xbc, 0xcb, 0xbb, 0xcb, 
	0xbb, 0xba, 0xa9, 0x98, 0xaa, 0xbb, 0xbb, 0x99, 
	0x89, 0x99, 0x88, 0x89, 0x99, 0x9a, 0xaa, 0xaa, 
	0x98, 0x88, 0x88, 0x99, 0x88, 0x89, 0xaa, 0xaa, 
	0xbb, 0xbb, 0xbb, 0xbb, 0xbc, 0xcb, 0xcb, 0xbb, 
	0xab, 0xba, 0xa9, 0x98, 0xaa, 0xbb, 0xbb, 0x98, 
	0x89, 0x99, 0x88, 0x88, 0x88, 0x89, 0x88, 0xaa, 
	0x98, 0x88, 0x88, 0x99, 0x88, 0x89, 0xaa, 0xaa, 
	0xbb, 0xbb, 0xbb, 0xbb, 0xbc, 0xcc, 0xcb, 0xbb, 
	0xaa, 0xba, 0xa9, 0x99, 0xaa, 0xbb, 0xb9, 0x98, 
	0x99, 0x99, 0x88, 0x88, 0x88, 0x88, 0x88, 0x99, 
	0x98, 0x88, 0x88, 0x98, 0x88, 0x89, 0xaa, 0xaa, 
	0xbb, 0xbb, 0xbb, 0xbb, 0xbc, 0xcc, 0xcb, 0xbb, 
	0xab, 0xba, 0x99, 0x9a, 0xaa, 0xbb, 0xbb, 0x99, 
	0x99, 0x99, 0x88, 0x99, 0x77, 0x78, 0x88, 0x99, 
	0x98, 0x88, 0x88, 0x98, 0x88, 0x88, 0xab, 0xbb, 
	0xbb, 0xbb, 0xbb, 0xbb, 0xbc, 0xbb, 0xbb, 0xbb, 
	0xbb, 0xba, 0xa9, 0x9b, 0xa9, 0xbb, 0xba, 0xa9, 
	0x99, 0x99, 0x88, 0x99, 0x89, 0x88, 0x88, 0x99, 
	0x88, 0x88, 0x88, 0x98, 0x88, 0x8a, 0xbb, 0xbb, 
	0xbb, 0xbb, 0xbb, 0xbb, 0xcc, 0xbb, 0xba, 0xbb, 
	0xbb, 0xbb, 0xba, 0x9a, 0xbb, 0xbb, 0xaa, 0xa9, 
	0xaa, 0x99, 0x89, 0x9a, 0xaa, 0xa8, 0x99, 0x99, 
	0x88, 0x99, 0x99, 0x98, 0x78, 0x8a, 0xbb, 0xbb, 
	0xbb, 0xbb, 0xbb, 0xbc, 0xcc, 0xbb, 0xba, 0xbb, 
	0xbc, 0xcb, 0xba, 0xaa, 0xdd, 0xdb, 0xbb, 0xb9, 
	0xba, 0xa9, 0x89, 0x9a, 0xaa, 0xaa, 0x99, 0x98, 
	0x88, 0x99, 0x99, 0x98, 0x78, 0x8a, 0xbb, 0xbb, 
	0xbb, 0xbb, 0xbb, 0xbc, 0xcc, 0xcb, 0xba, 0xbb, 
	0xbc, 0xcc, 0xba, 0xab, 0xdd, 0xdb, 0xbb, 0xbb, 
	0xba, 0xaa, 0x99, 0xaa, 0xaa, 0xaa, 0x99, 0x98, 
	0x88, 0x99, 0x9a, 0xa8, 0x88, 0x89, 0xab, 0xbb, 
	0xbb, 0xbb, 0xbb, 0xcc, 0xcc, 0xcc, 0xaa, 0xbb, 
	0xcc, 0xcc, 0xcb, 0xbb, 0xdd, 0xdc, 0xcc, 0xcb, 
	0xba, 0xaa, 0xaa, 0xaa, 0xaa, 0xaa, 0xaa, 0xaa, 
	0x99, 0xaa, 0xbb, 0xb8, 0x88, 0x99, 0x9b, 0xbb, 
	0xbb, 0xbb, 0xbb, 0xcc, 0xcc, 0xcb, 0x9a, 0xbb, 
	0xcc, 0xcb, 0xbb, 0xbc, 0xcd, 0xdc, 0xcc, 0xbb, 
	0xba, 0xaa, 0x99, 0x9a, 0xaa, 0xaa, 0xaa, 0xa9, 
	0x99, 0x9a, 0xbb, 0xbb, 0xa9, 0x99, 0x9b, 0xbb, 
	0xbb, 0xaa, 0xab, 0xbc, 0xcc, 0xba, 0x99, 0xaa, 
	0xcc, 0xcb, 0xbb, 0xbc, 0xbd, 0xdc, 0xcc, 0xbb, 
	0xaa, 0xaa, 0x99, 0x9a, 0xaa, 0xaa, 0xaa, 0xa9, 
	0x99, 0xaa, 0xbb, 0xba, 0xaa, 0x99, 0x9b, 0xbb, 
	0xab, 0xaa, 0xaa, 0xab, 0xbb, 0xaa, 0x99, 0xaa, 
	0xcc, 0xcb, 0xbb, 0xbc, 0xbb, 0xcc, 0xcc, 0xbb, 
	0xa9, 0xaa, 0xaa, 0x99, 0xaa, 0xaa, 0xaa, 0xa9, 
	0x89, 0x99, 0xab, 0xba, 0xaa, 0xaa, 0xaa, 0xaa, 
	0xaa, 0x99, 0xaa, 0xaa, 0xbb, 0xaa, 0x99, 0x9a, 
	0xcc, 0xcc, 0xbb, 0xbb, 0xaa, 0xcc, 0xcc, 0xbb, 
	0xa9, 0x9a, 0xa9, 0x99, 0xbb, 0xaa, 0xaa, 0xa9, 
	0x89, 0x99, 0x9a, 0xbb, 0xbb, 0xaa, 0xaa, 0xaa, 
	0xaa, 0x99, 0xaa, 0xaa, 0xaa, 0xaa, 0x99, 0x99, 
	0xcc, 0xcc, 0xbb, 0xbb, 0xba, 0xcc, 0xcc, 0xcb, 
	0x99, 0x9a, 0x9a, 0x99, 0xbb, 0xaa, 0xaa, 0xa9, 
	0x88, 0x99, 0x9a, 0xba, 0xbb, 0xba, 0xab, 0xaa, 
	0x99, 0x99, 0xa9, 0xaa, 0xaa, 0xaa, 0x99, 0x99, 
	0xab, 0xcb, 0xbb, 0xbb, 0xba, 0xab, 0xbb, 0xbb, 
	0x99, 0x9a, 0x9a, 0x99, 0xbb, 0xba, 0xaa, 0xa8, 
	0x89, 0x99, 0x99, 0xba, 0xbb, 0xbc, 0xcb, 0xaa, 
	0x99, 0x99, 0x99, 0x99, 0xaa, 0xaa, 0x99, 0x99, 
	0x99, 0xbb, 0xaa, 0xba, 0xaa, 0xab, 0xbb, 0xbb, 
	0x99, 0x99, 0xaa, 0xaa, 0xab, 0xba, 0xaa, 0xa9, 
	0x9a, 0x99, 0x99, 0xaa, 0xbb, 0xbc, 0xba, 0xaa, 
	0x99, 0x99, 0x99, 0x99, 0x9a, 0xaa, 0x99, 0x99, 
	0x99, 0xaa, 0x99, 0x99, 0x9a, 0xaa, 0xbb, 0xba, 
	0x99, 0x99, 0xaa, 0xab, 0xcb, 0xbb, 0xbb, 0xaa, 
	0xba, 0x99, 0x99, 0x9a, 0xbb, 0xbc, 0xba, 0xa9, 
	0x99, 0x99, 0x99, 0x99, 0x8a, 0xaa, 0x99, 0x99, 
	0x99, 0x99, 0x98, 0x99, 0x9a, 0xaa, 0xbb, 0xba, 
	0x99, 0x9a, 0xaa, 0xbb, 0xcc, 0xbb, 0xbb, 0xbb, 
	0xba, 0x99, 0x99, 0x99, 0xbb, 0xbc, 0xaa, 0xa9, 
	0x89, 0x99, 0x99, 0x99, 0x88, 0xa9, 0x99, 0x99, 
	0x99, 0x88, 0x89, 0x99, 0x9a, 0xaa, 0xbb, 0xaa, 
	0x88, 0x9a, 0xaa, 0xbc, 0xcb, 0xbb, 0xbb, 0xba, 
	0xbb, 0x99, 0x99, 0x99, 0xbb, 0xbb, 0xa9, 0x99, 
	0x98, 0x99, 0x99, 0x99, 0x89, 0xaa, 0x99, 0x99, 
	0x99, 0x88, 0x89, 0x99, 0x99, 0xaa, 0xbb, 0xaa, 
	0x88, 0x9a, 0xab, 0xcc, 0xcb, 0xbb, 0xbb, 0xba, 
	0xaa, 0x99, 0x98, 0x9a, 0xbb, 0xbb, 0xa8, 0x89, 
	0x88, 0x89, 0x99, 0x99, 0x99, 0xa9, 0x88, 0x89, 
	0x99, 0x88, 0x99, 0x99, 0xaa, 0xab, 0xab, 0xaa, 
	0x88, 0x99, 0xaa, 0xcc, 0xcb, 0xbb, 0xbb, 0xbb, 
	0xaa, 0x99, 0x88, 0x9a, 0xbb, 0xbb, 0xa8, 0x88, 
	0x89, 0x99, 0x99, 0x99, 0x99, 0xaa, 0x89, 0x99, 
	0x99, 0x99, 0x99, 0x9a, 0xaa, 0xab, 0xba, 0xaa, 
	0x99, 0xaa, 0xaa, 0xcc, 0xcb, 0xbb, 0xbb, 0xbb, 
	0xaa, 0x99, 0x88, 0x9a, 0xbb, 0xbb, 0xa8, 0x88, 
	0x89, 0x99, 0x9a, 0x99, 0x99, 0xaa, 0x99, 0x99, 
	0x99, 0x99, 0x99, 0x9a, 0xaa, 0xab, 0xba, 0xaa, 
	0x99, 0x9a, 0xaa, 0xab, 0xbb, 0xbb, 0xbb, 0xbb, 
	0xaa, 0x99, 0x88, 0x8a, 0xbb, 0xbb, 0xa8, 0x88, 
	0x89, 0x99, 0xaa, 0xa9, 0x99, 0xaa, 0x99, 0x99, 
	0x99, 0x99, 0xaa, 0xaa, 0xaa, 0xbb, 0xba, 0xaa, 
	0x99, 0x9a, 0xaa, 0xab, 0xbb, 0xbb, 0xbb, 0xbb, 
	0xaa, 0x99, 0x77, 0x89, 0xbb, 0xbb, 0x98, 0x87, 
	0x88, 0x9a, 0xaa, 0xaa, 0xaa, 0xaa, 0x99, 0x99, 
	0x99, 0xaa, 0xaa, 0xab, 0xbb, 0xcb, 0xba, 0xaa, 
	0x99, 0x9a, 0xaa, 0xab, 0xbb, 0xbb, 0xbb, 0xaa, 
	0xa9, 0x99, 0x88, 0x89, 0xba, 0xba, 0x88, 0x77, 
	0x88, 0x9a, 0xbb, 0xbb, 0xbb, 0xbb, 0x99, 0x99, 
	0x9a, 0xaa, 0xaa, 0xbb, 0xbb, 0xcb, 0xbb, 0xaa, 
	0x99, 0x99, 0xaa, 0xab, 0xbb, 0xbb, 0xbb, 0xaa, 
	0x99, 0x99, 0x88, 0x88, 0x99, 0x99, 0x88, 0x77, 
	0x88, 0x9a, 0xbb, 0xbb, 0xbb, 0xbb, 0x99, 0x99, 
	0x9a, 0xaa, 0xaa, 0xbb, 0xbc, 0xcb, 0xbb, 0xaa, 
	0x99, 0x99, 0xaa, 0xaa, 0xbb, 0xbb, 0xbb, 0xaa, 
	0x99, 0x99, 0x88, 0x88, 0x99, 0x99, 0x88, 0x78, 
	0x88, 0x8a, 0xbb, 0xbb, 0xb9, 0x98, 0x99, 0x99, 
	0xaa, 0xaa, 0xaa, 0xbb, 0xbc, 0xcb, 0xbb, 0xaa, 
	0x99, 0x99, 0x9a, 0xaa, 0xbb, 0xbb, 0xbb, 0xa9, 
	0x89, 0x99, 0x98, 0x88, 0x88, 0x99, 0x99, 0x88, 
	0x88, 0x89, 0xbb, 0xbb, 0x99, 0x98, 0x88, 0x9a, 
	0xaa, 0xaa, 0xaa, 0xbb, 0xbc, 0xcc, 0xbb, 0xbb, 
	0x99, 0x99, 0x9a, 0xaa, 0xab, 0xbb, 0xba, 0x99, 
	0x89, 0x99, 0x99, 0x98, 0x98, 0x99, 0x99, 0x99, 
	0x88, 0x89, 0xab, 0xbb, 0x99, 0x98, 0x88, 0x9a, 
	0xaa, 0xaa, 0xaa, 0xbb, 0xbc, 0xcc, 0xcb, 0xbb, 
	0x99, 0x99, 0x9a, 0xaa, 0xab, 0xbb, 0xb9, 0x99, 
	0x89, 0x99, 0x99, 0xa9, 0x99, 0x99, 0x9b, 0x99, 
	0x89, 0x99, 0xaa, 0xaa, 0x99, 0x98, 0x88, 0x8a, 
	0xaa, 0xaa, 0xab, 0xbb, 0xbc, 0xcc, 0xbb, 0xbb, 
	0xa9, 0xa9, 0x99, 0xaa, 0xab, 0xbb, 0xb9, 0x99, 
	0x99, 0x99, 0x9a, 0xa9, 0x99, 0x99, 0x9b, 0xb9, 
	0x89, 0x99, 0xaa, 0xaa, 0x99, 0x99, 0x9a, 0xaa, 
	0xaa, 0xaa, 0xab, 0xbb, 0xbb, 0xbb, 0xbb, 0xbc, 
	
};

Gfx pss_dl_wc_isi_i4_aligner[] = {gsSPEndDisplayList()};
u8 pss_dl_wc_isi_i4[] = {
	0x99, 0x88, 0x8b, 0x7b, 0xa9, 0xa9, 0xa9, 0x9a, 
	0xaa, 0x93, 0x57, 0x99, 0x88, 0xaa, 0xba, 0xaa, 
	0xba, 0x98, 0xaa, 0x8a, 0x99, 0x84, 0x25, 0x77, 
	0x88, 0x55, 0x8a, 0x89, 0x87, 0xbb, 0xba, 0x99, 
	0x7b, 0x78, 0xb9, 0x89, 0xa9, 0x9b, 0xba, 0x88, 
	0xaa, 0x95, 0x35, 0x77, 0x8a, 0xa8, 0xab, 0x98, 
	0x9b, 0x88, 0x88, 0x8a, 0x99, 0x84, 0x22, 0x57, 
	0x66, 0x36, 0x89, 0x99, 0xbb, 0x89, 0xaa, 0x9b, 
	0xb8, 0x78, 0xb9, 0xb9, 0xa9, 0x98, 0xa8, 0xaa, 
	0xaa, 0xa9, 0x55, 0x77, 0x88, 0xaa, 0xaa, 0xba, 
	0xbb, 0xba, 0xa9, 0xa9, 0x64, 0x46, 0x53, 0x23, 
	0x53, 0x38, 0x98, 0x9a, 0x9b, 0x89, 0xb9, 0x9b, 
	0x99, 0x88, 0xbb, 0xb9, 0x8a, 0x89, 0x88, 0xa9, 
	0xaa, 0xaa, 0x95, 0x57, 0x88, 0x9a, 0xaa, 0xaa, 
	0xab, 0xbb, 0xa8, 0x44, 0x44, 0x66, 0x55, 0x33, 
	0x33, 0x56, 0x88, 0x9a, 0xb8, 0xb9, 0x9b, 0x99, 
	0x99, 0x9b, 0x9b, 0xb9, 0x99, 0x9a, 0x88, 0x89, 
	0xca, 0x9a, 0x99, 0x65, 0x68, 0x88, 0x99, 0xaa, 
	0x99, 0x98, 0x64, 0x46, 0x88, 0x9b, 0xa9, 0x99, 
	0xa7, 0x44, 0x57, 0x7b, 0xa9, 0xaa, 0xaa, 0xb9, 
	0xbb, 0xbb, 0xa9, 0xab, 0xa9, 0x98, 0x9a, 0x9b, 
	0xcb, 0x9a, 0xbb, 0xb5, 0x48, 0x88, 0x99, 0xaa, 
	0x98, 0x86, 0x46, 0x68, 0x9a, 0xba, 0xbb, 0xbb, 
	0xda, 0xa7, 0x55, 0x78, 0x9b, 0xab, 0xaa, 0x9a, 
	0x88, 0x88, 0x9a, 0x99, 0xab, 0xbb, 0xab, 0x89, 
	0x9a, 0xb9, 0x9b, 0xbb, 0x44, 0x64, 0x55, 0x55, 
	0x66, 0x66, 0x86, 0x8b, 0xbb, 0xa9, 0xaa, 0xaa, 
	0xaa, 0xaa, 0x88, 0x57, 0x9a, 0x9a, 0xaa, 0xba, 
	0xb8, 0xb8, 0x99, 0xba, 0x8a, 0xaa, 0x9b, 0x89, 
	0x99, 0xb9, 0x99, 0xbb, 0x63, 0x43, 0x33, 0x33, 
	0x46, 0x68, 0x66, 0xbb, 0xa9, 0x89, 0xaa, 0xa9, 
	0xaa, 0xaa, 0xbb, 0x85, 0x89, 0x9a, 0xba, 0xaa, 
	0x9a, 0x9a, 0xab, 0xaa, 0x88, 0x99, 0xba, 0xbb, 
	0x88, 0x98, 0x99, 0xba, 0xa3, 0x35, 0x88, 0xaa, 
	0xab, 0xcb, 0x44, 0xaa, 0xaa, 0x87, 0x96, 0x67, 
	0x77, 0x9a, 0xbb, 0x86, 0x5a, 0xaa, 0xab, 0xba, 
	0xb9, 0xba, 0x9a, 0xaa, 0x97, 0x77, 0xbb, 0xba, 
	0x88, 0x98, 0xaa, 0xa8, 0x55, 0x58, 0xab, 0xbb, 
	0xcc, 0xca, 0x44, 0xaa, 0xa8, 0x78, 0x69, 0x79, 
	0x77, 0x99, 0xbb, 0x88, 0x27, 0xaa, 0xab, 0x9a, 
	0xaa, 0x9b, 0x8a, 0x9b, 0x98, 0x98, 0xa8, 0x99, 
	0xb8, 0x99, 0xa8, 0xb8, 0x53, 0x8a, 0xbb, 0xbb, 
	0xbb, 0xbb, 0x44, 0x7a, 0xb8, 0x88, 0xaa, 0x99, 
	0x89, 0x99, 0xbb, 0x86, 0x25, 0xaa, 0xa8, 0x9a, 
	0x99, 0x9a, 0xa8, 0xb8, 0xa9, 0xa9, 0x99, 0x9a, 
	0x9b, 0xb8, 0x89, 0xb8, 0x38, 0xaa, 0xbb, 0xbb, 
	0xaa, 0xbb, 0x74, 0x4a, 0xb8, 0xaa, 0x79, 0x77, 
	0x88, 0x98, 0xb8, 0x44, 0x25, 0xaa, 0xa9, 0xaa, 
	0xb9, 0x98, 0x99, 0x9b, 0xa8, 0x8a, 0xbb, 0x9a, 
	0xaa, 0xa9, 0xb8, 0x85, 0x79, 0xac, 0xcb, 0xab, 
	0xaa, 0xcb, 0x94, 0x49, 0xca, 0x9a, 0xb8, 0x99, 
	0xaa, 0xaa, 0x74, 0x22, 0x46, 0xbb, 0xa8, 0xa9, 
	0x89, 0xba, 0xb8, 0x98, 0x89, 0xaa, 0x8a, 0xba, 
	0xca, 0x99, 0xbb, 0x55, 0x7a, 0xcc, 0xcb, 0xaa, 
	0x99, 0xcb, 0x96, 0x29, 0xcc, 0x99, 0xa8, 0x99, 
	0xaa, 0xa7, 0x42, 0x24, 0x64, 0xbb, 0xaa, 0x8a, 
	0x9a, 0x8a, 0xb9, 0x88, 0x88, 0x9a, 0xab, 0xa8, 
	0x9a, 0xaa, 0xb8, 0x57, 0x99, 0xcc, 0xba, 0xbb, 
	0xaa, 0x9b, 0x99, 0x24, 0xac, 0xaa, 0xab, 0xba, 
	0xa7, 0x41, 0x24, 0x77, 0x46, 0x8b, 0xbb, 0xb9, 
	0x98, 0xba, 0xbb, 0x79, 0x98, 0x89, 0xab, 0x9b, 
	0xaa, 0xaa, 0xb5, 0x57, 0x9a, 0xcc, 0xba, 0xcb, 
	0x99, 0xbb, 0x99, 0x22, 0x9a, 0xca, 0xba, 0x88, 
	0x44, 0x11, 0x7a, 0xaa, 0x88, 0x6b, 0xbb, 0xa9, 
	0xb8, 0x99, 0x8a, 0xaa, 0xbb, 0xb9, 0x9a, 0xac, 
	0xab, 0xaa, 0xa5, 0x58, 0xab, 0xba, 0x99, 0xbb, 
	0xcc, 0xbb, 0xaa, 0x33, 0x4a, 0xaa, 0x77, 0x55, 
	0x11, 0x3c, 0xbc, 0xbc, 0xb6, 0x38, 0xbb, 0xbb, 
	0x7b, 0x9b, 0x88, 0x99, 0x97, 0x98, 0xac, 0xca, 
	0xaa, 0x9a, 0x85, 0x5a, 0xab, 0xab, 0x9b, 0xb9, 
	0x9b, 0xbb, 0xaa, 0x33, 0x47, 0xa7, 0x75, 0x22, 
	0x37, 0xcc, 0xbb, 0xcc, 0xbb, 0x66, 0xbb, 0xb7, 
	0x8b, 0x99, 0x88, 0x89, 0x89, 0x9b, 0x99, 0x9a, 
	0xa9, 0xaa, 0x33, 0x8a, 0xba, 0x9a, 0xaa, 0xbb, 
	0xac, 0xa9, 0xaa, 0x53, 0x22, 0x22, 0x22, 0x27, 
	0x7c, 0xcc, 0xbb, 0xbb, 0xbb, 0x66, 0x5b, 0xbb, 
	0xb9, 0x89, 0x8a, 0x98, 0x98, 0xb9, 0xa9, 0xa9, 
	0x99, 0xa8, 0x35, 0x8a, 0xaa, 0xaa, 0xa9, 0x99, 
	0xcb, 0xa9, 0xaa, 0x55, 0x22, 0x24, 0x77, 0xaa, 
	0xcc, 0xcc, 0xbc, 0xbb, 0xbb, 0x86, 0x57, 0xbb, 
	0x88, 0xaa, 0x88, 0x9a, 0x88, 0xaa, 0xaa, 0xaa, 
	0xaa, 0x53, 0x38, 0x8c, 0xba, 0xbb, 0x8a, 0x99, 
	0xb9, 0x99, 0xb8, 0x44, 0x77, 0xaa, 0xbb, 0xbb, 
	0xcc, 0xba, 0xaa, 0xa9, 0xab, 0xaa, 0x72, 0xaa, 
	0xa8, 0xa8, 0x98, 0x98, 0x8a, 0xaa, 0xa7, 0xa7, 
	0x55, 0x57, 0x38, 0x8c, 0xbb, 0xba, 0xbb, 0xba, 
	0xa9, 0x9a, 0xb8, 0x46, 0xaa, 0xbb, 0xbb, 0xbd, 
	0xac, 0xb9, 0xaa, 0xaa, 0xab, 0xca, 0x75, 0x5a, 
	0x87, 0x8a, 0xaa, 0x99, 0x88, 0x88, 0x77, 0x73, 
	0x75, 0xaa, 0xa3, 0x8c, 0xbb, 0xbb, 0xa8, 0x8a, 
	0xbb, 0x9b, 0x88, 0x46, 0xab, 0xbb, 0xaa, 0xbb, 
	0xbc, 0x99, 0xa9, 0xaa, 0xaa, 0xcb, 0xa7, 0x27, 
	0x78, 0x88, 0x88, 0x8a, 0x88, 0x87, 0x33, 0x33, 
	0xaa, 0xaa, 0xaa, 0x38, 0xbb, 0xbb, 0xa9, 0x89, 
	0x9b, 0xaa, 0x86, 0x68, 0xbb, 0xba, 0xab, 0xdb, 
	0xcc, 0x99, 0xab, 0xaa, 0xaa, 0xcc, 0xa7, 0x27, 
	0x46, 0x44, 0x33, 0x35, 0x53, 0x53, 0x38, 0xab, 
	0xbb, 0xba, 0xbb, 0x77, 0x9c, 0x9c, 0x9a, 0xac, 
	0xbb, 0xbb, 0x65, 0x6a, 0xbb, 0x9a, 0x99, 0xaa, 
	0xbb, 0xab, 0x99, 0xba, 0xaa, 0xcc, 0xca, 0x33, 
	0x44, 0x44, 0x33, 0x35, 0x33, 0x58, 0xbb, 0xbb, 
	0x98, 0xab, 0xab, 0x77, 0x8c, 0xcc, 0x99, 0x99, 
	0xab, 0xbb, 0x55, 0x8a, 0xaa, 0xaa, 0xa8, 0xa9, 
	0xcb, 0xab, 0xab, 0xcb, 0xab, 0xbc, 0xaa, 0x53, 
	0x44, 0x69, 0xa9, 0x95, 0x33, 0x8a, 0xbb, 0xa8, 
	0x88, 0x88, 0xbb, 0xa8, 0x69, 0xcc, 0x9b, 0x9a, 
	0xab, 0xb7, 0x56, 0xaa, 0xba, 0x88, 0xa8, 0xba, 
	0xbb, 0xbb, 0xcb, 0xab, 0xbb, 0xbb, 0xca, 0x55, 
	0x66, 0x99, 0x9a, 0xa9, 0x85, 0xaa, 0xaa, 0x88, 
	0x88, 0x88, 0xab, 0xb7, 0x68, 0xcc, 0xb9, 0x99, 
	0xbb, 0xb7, 0x58, 0xaa, 0xb9, 0x99, 0xb9, 0xa9, 
	0xab, 0xcb, 0xa9, 0xbc, 0xbb, 0xbb, 0xca, 0x55, 
	0x89, 0x9b, 0xaa, 0xa9, 0x77, 0xbb, 0xaa, 0x9a, 
	0xa9, 0x98, 0x8b, 0xb8, 0x66, 0x9c, 0xba, 0xbb, 
	0xbb, 0xa5, 0x56, 0xaa, 0x87, 0x89, 0xb9, 0xaa, 
	0xba, 0xbb, 0x9a, 0xab, 0xaa, 0xcc, 0xb8, 0x46, 
	0x99, 0xbb, 0xaa, 0xaa, 0x77, 0xbb, 0x9b, 0xaa, 
	0xb9, 0xa8, 0x8a, 0xbb, 0x86, 0x8c, 0xbb, 0xba, 
	0xbb, 0x95, 0x58, 0xaa, 0x97, 0x97, 0xa9, 0xab, 
	0xaa, 0xbb, 0xb9, 0xa9, 0x9a, 0xcc, 0x86, 0x46, 
	0x99, 0xb9, 0xaa, 0x99, 0x77, 0xba, 0x9a, 0xaa, 
	0xa9, 0xb8, 0x88, 0xbb, 0x86, 0x89, 0xbc, 0xba, 
	0xba, 0x95, 0x68, 0xaa, 0x77, 0xbb, 0x99, 0x9a, 
	0xaa, 0xaa, 0xbb, 0xaa, 0xac, 0xa9, 0x44, 0x46, 
	0x97, 0xb8, 0xca, 0x99, 0x78, 0xba, 0x9a, 0xaa, 
	0x99, 0x99, 0x88, 0xab, 0x98, 0x89, 0xcb, 0xbb, 
	0xba, 0x55, 0x6a, 0xaa, 0x78, 0xbb, 0x9c, 0x99, 
	0x9a, 0xab, 0xbb, 0xaa, 0xcc, 0xa7, 0x44, 0x48, 
	0x89, 0xa8, 0xbb, 0x88, 0x87, 0xba, 0x9a, 0x9a, 
	0x9a, 0xa8, 0x98, 0x8b, 0x98, 0x48, 0x99, 0x99, 
	0x99, 0x43, 0x89, 0xaa, 0x99, 0xb9, 0xaa, 0x98, 
	0x9a, 0xab, 0xbb, 0xbb, 0xaa, 0x42, 0x44, 0x89, 
	0x88, 0x89, 0x88, 0x77, 0x78, 0xba, 0x9a, 0x99, 
	0x89, 0x88, 0x89, 0x8a, 0x99, 0x38, 0x69, 0x88, 
	0x98, 0x44, 0x89, 0xba, 0xa8, 0xa9, 0xa8, 0x89, 
	0xaa, 0xbb, 0xbb, 0xbb, 0xa7, 0x22, 0x44, 0x86, 
	0x88, 0x88, 0x88, 0x55, 0x8b, 0xaa, 0x9a, 0xaa, 
	0x89, 0x88, 0x89, 0x9a, 0x99, 0x43, 0x44, 0x86, 
	0x44, 0x34, 0x89, 0xbb, 0xa9, 0xa9, 0xaa, 0x99, 
	0xbb, 0xbb, 0xb9, 0x99, 0xa4, 0x22, 0x44, 0x88, 
	0x88, 0x99, 0x75, 0x7b, 0xba, 0xaa, 0xaa, 0x9a, 
	0x88, 0x9a, 0x8a, 0x9a, 0x99, 0x43, 0x46, 0x64, 
	0x33, 0x44, 0x88, 0xbb, 0x9a, 0x99, 0xa9, 0xab, 
	0xbb, 0x95, 0x21, 0x22, 0x24, 0x24, 0x46, 0x89, 
	0x77, 0x75, 0x58, 0xb8, 0x99, 0xa9, 0xa9, 0xa9, 
	0xaa, 0xab, 0x9a, 0xaa, 0x99, 0x44, 0x77, 0x79, 
	0xcc, 0x66, 0x68, 0xbb, 0xab, 0xaa, 0xbb, 0xbb, 
	0x96, 0x42, 0x35, 0x58, 0x67, 0x66, 0x33, 0x68, 
	0x77, 0x55, 0x8b, 0x88, 0x9b, 0xbb, 0xba, 0xbb, 
	0xba, 0xbb, 0x99, 0x9a, 0x99, 0x44, 0x99, 0xaa, 
	0xcc, 0x66, 0x46, 0xbb, 0xab, 0xaa, 0xbb, 0xb8, 
	0x62, 0x26, 0x88, 0xaa, 0x88, 0x75, 0x53, 0x55, 
	0x33, 0x57, 0xbb, 0x88, 0x99, 0xab, 0xaa, 0xba, 
	0xba, 0xab, 0xaa, 0x9a, 0x99, 0x46, 0xaa, 0xac, 
	0x9c, 0x96, 0x44, 0xbb, 0xb9, 0xab, 0xbb, 0x52, 
	0x24, 0x99, 0xaa, 0x88, 0x88, 0x86, 0x55, 0x33, 
	0x33, 0x5a, 0x88, 0x88, 0x9a, 0xab, 0xab, 0xa8, 
	0xbb, 0xbc, 0xaa, 0x9a, 0x99, 0x46, 0xca, 0xac, 
	0x99, 0x98, 0x44, 0x8b, 0xaa, 0xa9, 0xb2, 0x25, 
	0x99, 0x99, 0xa8, 0x88, 0x88, 0x88, 0x88, 0x65, 
	0x75, 0x37, 0xb9, 0x99, 0x9a, 0xbb, 0x9a, 0xa9, 
	0xa9, 0x9a, 0xaa, 0x9b, 0x96, 0x49, 0xb9, 0x88, 
	0x9b, 0xbb, 0x44, 0x47, 0x77, 0x41, 0x33, 0x8a, 
	0xbb, 0xba, 0x98, 0x89, 0x89, 0x98, 0x88, 0x88, 
	0x75, 0x53, 0xb9, 0xbb, 0xb9, 0xbb, 0xa9, 0x99, 
	0xb9, 0xaa, 0xbb, 0x9b, 0x94, 0x49, 0xb9, 0x88, 
	0xc9, 0xbc, 0x74, 0x11, 0x11, 0x14, 0x8a, 0xac, 
	0xba, 0xa9, 0x88, 0x99, 0x99, 0x88, 0x88, 0x87, 
	0x97, 0x75, 0x78, 0xbb, 0xaa, 0xaa, 0xaa, 0x88, 
	0x8a, 0x9a, 0x9b, 0x9b, 0x94, 0x69, 0xaa, 0x99, 
	0x99, 0x9b, 0x77, 0x44, 0x44, 0x7a, 0xcc, 0xca, 
	0x99, 0x98, 0x89, 0xa9, 0x99, 0x88, 0xa8, 0x8a, 
	0x99, 0x75, 0x79, 0xbb, 0xba, 0xbb, 0xa8, 0xba, 
	0xba, 0xa9, 0x9a, 0x9b, 0x84, 0x89, 0xa9, 0x8a, 
	0xbb, 0x99, 0xa7, 0x44, 0x47, 0xaa, 0xca, 0xaa, 
	0x88, 0x89, 0xaa, 0xaa, 0x88, 0x87, 0xa8, 0xaa, 
	0xaa, 0x99, 0x53, 0x59, 0xcc, 0x99, 0xa9, 0x9a, 
	0xaa, 0xac, 0x99, 0xaa, 0x74, 0x49, 0xa9, 0x8a, 
	0x8b, 0x98, 0x88, 0x88, 0xab, 0xcc, 0xa8, 0xa8, 
	0x88, 0x99, 0xaa, 0xaa, 0xa9, 0xcc, 0x99, 0x99, 
	0x99, 0xaa, 0x73, 0x57, 0x9c, 0xc9, 0x9a, 0xab, 
	0xaa, 0xaa, 0xca, 0xca, 0x66, 0x49, 0xa9, 0x98, 
	0x88, 0x79, 0x8a, 0x86, 0xbc, 0xca, 0x88, 0x88, 
	0xa9, 0xaa, 0xaa, 0xba, 0xa9, 0xac, 0x99, 0xa9, 
	0xac, 0xaa, 0x97, 0x53, 0x69, 0xcc, 0xab, 0x9a, 
	0x9c, 0xaa, 0xa9, 0xaa, 0x66, 0x49, 0x99, 0x9a, 
	0x97, 0x99, 0x8a, 0x5a, 0xcb, 0xc9, 0xa8, 0x88, 
	0xaa, 0x99, 0xa9, 0x9b, 0x8a, 0x98, 0xaa, 0xaa, 
	0xaa, 0xaa, 0x99, 0x75, 0x26, 0x9c, 0xbb, 0x99, 
	0xc9, 0xc9, 0xc9, 0xac, 0x94, 0x47, 0x99, 0x99, 
	0x87, 0x99, 0xa8, 0x58, 0xcb, 0x99, 0xa8, 0x88, 
	0x99, 0xab, 0x99, 0x9a, 0x89, 0xa8, 0xca, 0xaa, 
	0x88, 0xb8, 0xaa, 0xa5, 0x42, 0x69, 0xac, 0xa8, 
	0xaa, 0x99, 0xca, 0xaa, 0x85, 0x57, 0x99, 0x78, 
	0xa6, 0xaa, 0xa8, 0x58, 0xca, 0xab, 0xa9, 0xaa, 
	0xa8, 0xa9, 0x9c, 0x9a, 0xa8, 0xa8, 0xaa, 0x89, 
	0xbb, 0xbb, 0xaa, 0xa7, 0x24, 0x44, 0x8a, 0xa8, 
	0xab, 0x9a, 0xba, 0xac, 0x85, 0x57, 0x98, 0x98, 
	0x8a, 0x8a, 0x68, 0x58, 0xca, 0xaa, 0xba, 0xba, 
	0x9b, 0xa8, 0xcc, 0x9a, 0x99, 0xa7, 0xba, 0xba, 
	0x68, 0x44, 0x75, 0x33, 0x44, 0x44, 0x5a, 0xca, 
	0x99, 0xbb, 0xaa, 0xab, 0x85, 0x56, 0x98, 0x98, 
	0x8a, 0x66, 0xa8, 0x68, 0xba, 0xaa, 0xa9, 0xa9, 
	0x9b, 0xa8, 0x9a, 0xaa, 0x77, 0xa8, 0x8a, 0xb9, 
	0x88, 0x66, 0x33, 0x53, 0x44, 0x24, 0x5a, 0xca, 
	0x9b, 0xaa, 0xba, 0xab, 0x86, 0x56, 0x98, 0x88, 
	0x88, 0x66, 0xa6, 0x58, 0xaa, 0xaa, 0xaa, 0xaa, 
	0xa9, 0x98, 0xca, 0xaa, 0x77, 0x8a, 0xa9, 0x9a, 
	0x75, 0x52, 0x64, 0x46, 0x57, 0x52, 0x38, 0xcc, 
	0x9a, 0xaa, 0x8a, 0xa8, 0x75, 0x35, 0x88, 0x89, 
	0x85, 0x65, 0xa8, 0x38, 0x98, 0xbb, 0xaa, 0xaa, 
	0xbb, 0xa8, 0x9a, 0x9a, 0xaa, 0xca, 0xaa, 0xa7, 
	0x52, 0x57, 0x66, 0x66, 0x77, 0x52, 0x38, 0xac, 
	0x9a, 0xa9, 0x89, 0x89, 0x77, 0x37, 0x87, 0x88, 
	0x88, 0x86, 0xaa, 0x38, 0x89, 0xaa, 0xcb, 0xba, 
	0x99, 0x89, 0x99, 0x88, 0xaa, 0xaa, 0xaa, 0x74, 
	0x77, 0xaa, 0x89, 0x98, 0x7a, 0x75, 0x33, 0x8c, 
	0x99, 0xbb, 0xa9, 0xaa, 0x75, 0x35, 0x97, 0x77, 
	0x66, 0x8a, 0xaa, 0x35, 0x89, 0xba, 0xab, 0x9c, 
	0xba, 0xba, 0x98, 0x9a, 0xcc, 0x99, 0x74, 0x24, 
	0xaa, 0xaa, 0x99, 0x99, 0xaa, 0x77, 0x33, 0x8c, 
	0xba, 0x99, 0x99, 0xa9, 0x73, 0x35, 0x8b, 0x78, 
	0x66, 0xaa, 0x85, 0x33, 0x89, 0xab, 0xba, 0xab, 
	0xbb, 0x9a, 0x88, 0x9a, 0xaa, 0xa9, 0x44, 0x77, 
	0xaa, 0x8a, 0xaa, 0x9a, 0x98, 0x97, 0x63, 0x58, 
	0xcc, 0xaa, 0xaa, 0xa7, 0x42, 0x64, 0x79, 0x99, 
	0x66, 0x64, 0x55, 0x55, 0x68, 0x8b, 0xca, 0x9a, 
	0xba, 0xbb, 0xb8, 0xbb, 0xbb, 0x84, 0x79, 0xac, 
	0x98, 0x88, 0xa9, 0x9a, 0x9b, 0x77, 0x65, 0x36, 
	0x88, 0xac, 0xa7, 0x75, 0x46, 0x64, 0x46, 0x99, 
	0x64, 0x22, 0x55, 0x88, 0x46, 0x88, 0xca, 0x99, 
	0x99, 0xbb, 0x8b, 0xbb, 0x86, 0x48, 0x9a, 0xca, 
	0x98, 0x89, 0x88, 0x9a, 0x9b, 0xb8, 0x65, 0x33, 
	0x33, 0x88, 0x33, 0x35, 0x99, 0x66, 0x44, 0x66, 
	0x44, 0x44, 0x8a, 0xcc, 0x86, 0x68, 0xca, 0xaa, 
	0xb9, 0xaa, 0xbb, 0xa8, 0x44, 0x8b, 0xcc, 0xa9, 
	0x89, 0xaa, 0x8a, 0x98, 0x9b, 0x99, 0x66, 0x53, 
	0x33, 0x33, 0x57, 0xaa, 0x99, 0x99, 0x99, 0x66, 
	0x64, 0x69, 0xac, 0xcc, 0xb6, 0x66, 0xaa, 0xa9, 
	0x88, 0xab, 0xba, 0x83, 0x48, 0xbb, 0xcc, 0x97, 
	0x88, 0xaa, 0x8a, 0xa9, 0x88, 0x9b, 0xba, 0x77, 
	0x75, 0x35, 0xab, 0xbb, 0xaa, 0xbb, 0xaa, 0xab, 
	0xba, 0xab, 0xba, 0x9b, 0xda, 0x74, 0x88, 0xbb, 
	0xbb, 0xbb, 0x84, 0x46, 0xab, 0xcc, 0x9b, 0x87, 
	0x88, 0x88, 0x98, 0x9a, 0x98, 0xab, 0xba, 0xaa, 
	0xaa, 0x35, 0x9a, 0xba, 0x99, 0xbb, 0xca, 0xaa, 
	0xab, 0xbc, 0xbb, 0xa9, 0xaa, 0x74, 0x68, 0xbb, 
	0xbb, 0xbb, 0x44, 0x48, 0xbc, 0xcd, 0xb8, 0x88, 
	0x9a, 0xa8, 0xaa, 0xaa, 0x9b, 0xb9, 0xdb, 0xab, 
	0xa7, 0x53, 0x89, 0xaa, 0x9a, 0xa9, 0xcc, 0xcb, 
	0xba, 0xaa, 0xba, 0x99, 0xaa, 0xa7, 0x48, 0x88, 
	0x8b, 0x82, 0x46, 0x8b, 0xdb, 0xab, 0xbb, 0xb9, 
	0x98, 0x88, 0xb8, 0xab, 0xaa, 0x9a, 0xda, 0xba, 
	0xaa, 0x53, 0x88, 0xaa, 0xa9, 0x9a, 0xab, 0xbb, 
	0xba, 0xaa, 0xba, 0xaa, 0xaa, 0xa7, 0x46, 0x88, 
	0x88, 0x55, 0x68, 0xbb, 0xdc, 0xaa, 0xb9, 0x98, 
	
};

Gfx pss_dl_noko_waterA_i4_aligner[] = {gsSPEndDisplayList()};
u8 pss_dl_noko_waterA_i4[] = {
	0xa7, 0x77, 0x7b, 0xff, 0xfe, 0xee, 0xee, 0xee, 
	0xc9, 0x77, 0x77, 0x77, 0x77, 0x77, 0x77, 0x77, 
	0x77, 0x77, 0x77, 0x77, 0x77, 0x77, 0x77, 0x77, 
	0x77, 0x77, 0x77, 0x77, 0x77, 0x77, 0x77, 0x78, 
	0xc9, 0x77, 0x8e, 0xfe, 0xb9, 0x88, 0x88, 0x8a, 
	0xef, 0xc9, 0x77, 0x77, 0x77, 0x77, 0x77, 0x77, 
	0x77, 0x77, 0x77, 0x77, 0x77, 0x77, 0x77, 0x77, 
	0x77, 0x77, 0x77, 0x77, 0x77, 0x77, 0x77, 0x78, 
	0xee, 0x9a, 0xef, 0xc8, 0x77, 0x77, 0x77, 0x77, 
	0x8a, 0xef, 0xc8, 0x77, 0x77, 0x77, 0x77, 0x77, 
	0x77, 0x77, 0x77, 0x77, 0x77, 0x77, 0x77, 0x77, 
	0x77, 0x77, 0x77, 0x77, 0x77, 0x77, 0x77, 0x78, 
	0xca, 0x8c, 0xfb, 0x77, 0x77, 0x77, 0x77, 0x77, 
	0x77, 0x8e, 0xfc, 0x87, 0x77, 0x77, 0x77, 0x77, 
	0x77, 0x77, 0x77, 0x77, 0x77, 0x77, 0x77, 0x77, 
	0x77, 0x77, 0x77, 0x77, 0x77, 0x77, 0x77, 0x78, 
	0xe9, 0x7b, 0xb7, 0x77, 0x77, 0x77, 0x77, 0x77, 
	0x77, 0x79, 0xef, 0xc8, 0x77, 0x77, 0x77, 0x77, 
	0x77, 0x77, 0x77, 0x77, 0x77, 0x77, 0x77, 0x77, 
	0x77, 0x77, 0x77, 0x77, 0x77, 0x77, 0x77, 0x78, 
	0xfe, 0xcc, 0x87, 0x77, 0x77, 0x77, 0x77, 0x77, 
	0x77, 0x77, 0xaf, 0xfa, 0x77, 0x77, 0x77, 0x77, 
	0x77, 0x77, 0x77, 0x77, 0x77, 0x77, 0x77, 0x77, 
	0x77, 0x77, 0x77, 0x77, 0x77, 0x77, 0x77, 0x78, 
	0xff, 0xf9, 0x77, 0x77, 0x77, 0x77, 0x77, 0x77, 
	0x77, 0x77, 0x8c, 0xfe, 0x87, 0x77, 0x77, 0x77, 
	0x77, 0x77, 0x77, 0x77, 0x77, 0x77, 0x77, 0x77, 
	0x77, 0x77, 0x77, 0x77, 0x77, 0x77, 0x77, 0x79, 
	0xff, 0xe8, 0x77, 0x77, 0x77, 0x77, 0x77, 0x77, 
	0x77, 0x77, 0x7a, 0xff, 0xa7, 0x77, 0x77, 0x77, 
	0x77, 0x77, 0x77, 0x77, 0x77, 0x77, 0x77, 0x77, 
	0x77, 0x77, 0x77, 0x77, 0x77, 0x77, 0x77, 0x7b, 
	0xff, 0xb7, 0x77, 0x77, 0x77, 0x77, 0x77, 0x77, 
	0x77, 0x77, 0x78, 0xef, 0xe8, 0x77, 0x77, 0x77, 
	0x77, 0x77, 0x77, 0x77, 0x77, 0x77, 0x77, 0x77, 
	0x77, 0x77, 0x77, 0x77, 0x77, 0x77, 0x77, 0x8e, 
	0xff, 0xa7, 0x77, 0x77, 0x77, 0x77, 0x77, 0x77, 
	0x77, 0x77, 0x78, 0xef, 0xfc, 0x87, 0x77, 0x77, 
	0x77, 0x77, 0x77, 0x77, 0x77, 0x77, 0x77, 0x77, 
	0x77, 0x77, 0x77, 0x77, 0x77, 0x77, 0x77, 0x9f, 
	0xff, 0xa7, 0x77, 0x77, 0x77, 0x77, 0x77, 0x77, 
	0x77, 0x77, 0x78, 0xef, 0xee, 0xc8, 0x77, 0x77, 
	0x77, 0x77, 0x77, 0x77, 0x77, 0x77, 0x77, 0x77, 
	0x77, 0x77, 0x77, 0x77, 0x77, 0x77, 0x77, 0xcf, 
	0xff, 0xa7, 0x77, 0x77, 0x77, 0x77, 0x77, 0x77, 
	0x77, 0x77, 0x78, 0xec, 0x98, 0xbc, 0x87, 0x77, 
	0x77, 0x77, 0x77, 0x77, 0x77, 0x77, 0x77, 0x77, 
	0x77, 0x77, 0x77, 0x77, 0x77, 0x77, 0x79, 0xff, 
	0xff, 0xb7, 0x77, 0x77, 0x77, 0x77, 0x77, 0x77, 
	0x77, 0x77, 0x78, 0xe9, 0x77, 0x8e, 0xa7, 0x77, 
	0x77, 0x77, 0x77, 0x77, 0x77, 0x77, 0x77, 0x77, 
	0x77, 0x77, 0x77, 0x77, 0x77, 0x77, 0x8c, 0xff, 
	0xff, 0xc7, 0x77, 0x77, 0x77, 0x77, 0x77, 0x77, 
	0x77, 0x77, 0x79, 0xe8, 0x77, 0x8e, 0xa7, 0x77, 
	0x77, 0x77, 0x77, 0x77, 0x77, 0x77, 0x77, 0x77, 
	0x77, 0x77, 0x77, 0x77, 0x77, 0x77, 0xbf, 0xff, 
	0xff, 0xe8, 0x77, 0x77, 0x77, 0x77, 0x77, 0x77, 
	0x77, 0x77, 0x7c, 0xfb, 0x88, 0xac, 0x97, 0x77, 
	0x77, 0x77, 0x77, 0x77, 0x77, 0x77, 0x77, 0x77, 
	0x77, 0x77, 0x77, 0x77, 0x77, 0x7a, 0xff, 0xee, 
	0x9b, 0xeb, 0x77, 0x77, 0x77, 0x77, 0x77, 0x77, 
	0x77, 0x77, 0x8e, 0xff, 0xec, 0xc9, 0x77, 0x77, 
	0x77, 0x77, 0x77, 0x77, 0x77, 0x77, 0x77, 0x77, 
	0x77, 0x77, 0x77, 0x77, 0x77, 0xaf, 0xea, 0x88, 
	0x77, 0xae, 0x97, 0x77, 0x77, 0x77, 0x77, 0x77, 
	0x77, 0x77, 0xcf, 0xff, 0xeb, 0x87, 0x77, 0x77, 
	0x77, 0x77, 0x77, 0x77, 0x77, 0x77, 0x77, 0x77, 
	0x77, 0x77, 0x77, 0x77, 0x8b, 0xfe, 0x97, 0x77, 
	0x77, 0x7b, 0xe8, 0x77, 0x77, 0x77, 0x77, 0x77, 
	0x77, 0x7b, 0xff, 0xfe, 0x97, 0x77, 0x77, 0x77, 
	0x77, 0x77, 0x77, 0x77, 0x77, 0x77, 0x77, 0x77, 
	0x77, 0x77, 0x77, 0x79, 0xcf, 0xf9, 0x77, 0x77, 
	0x77, 0x79, 0xfe, 0x97, 0x77, 0x77, 0x77, 0x77, 
	0x78, 0xbf, 0xff, 0xe9, 0x77, 0x77, 0x77, 0x77, 
	0x77, 0x77, 0x77, 0x77, 0x77, 0x77, 0x77, 0x77, 
	0x77, 0x77, 0x89, 0xcf, 0xff, 0xe8, 0x77, 0x77, 
	0x77, 0x78, 0xef, 0xeb, 0x87, 0x77, 0x77, 0x78, 
	0x9e, 0xff, 0xff, 0xb7, 0x77, 0x77, 0x77, 0x77, 
	0x77, 0x77, 0x77, 0x77, 0x77, 0x78, 0x88, 0x88, 
	0x88, 0x9b, 0xef, 0xff, 0xff, 0xc8, 0x77, 0x77, 
	0x77, 0x78, 0xef, 0xff, 0xec, 0xba, 0xaa, 0xbe, 
	0xff, 0xee, 0xfe, 0x97, 0x77, 0x77, 0x77, 0x77, 
	0x77, 0x77, 0x77, 0x77, 0x79, 0xcc, 0xee, 0xee, 
	0xee, 0xff, 0xff, 0xff, 0xff, 0xc8, 0x77, 0x77, 
	0x77, 0x7a, 0xff, 0xff, 0xff, 0xff, 0xff, 0xff, 
	0xfb, 0x8a, 0xfe, 0x87, 0x77, 0x77, 0x77, 0x77, 
	0x77, 0x77, 0x77, 0x77, 0x8e, 0xc9, 0xbe, 0xef, 
	0xff, 0xff, 0xff, 0xff, 0xff, 0xe9, 0x77, 0x77, 
	0x77, 0x8e, 0xff, 0xfc, 0xa9, 0x99, 0xab, 0xef, 
	0xfb, 0x79, 0xfc, 0x87, 0x77, 0x77, 0x77, 0x77, 
	0x77, 0x77, 0x77, 0x77, 0xbc, 0x87, 0x7a, 0xff, 
	0xff, 0xfe, 0xcc, 0xcc, 0xef, 0xfc, 0x87, 0x77, 
	0x89, 0xcf, 0xfc, 0x97, 0x77, 0x77, 0x77, 0x8a, 
	0xee, 0xce, 0xfc, 0x87, 0x77, 0x77, 0x77, 0x77, 
	0x77, 0x77, 0x77, 0x8b, 0xfb, 0x77, 0x79, 0xff, 
	0xeb, 0x98, 0x87, 0x78, 0x89, 0xbe, 0xc9, 0x88, 
	0xce, 0xec, 0x98, 0x77, 0x77, 0x77, 0x77, 0x77, 
	0x8c, 0xff, 0xfe, 0x87, 0x77, 0x77, 0x77, 0x77, 
	0x77, 0x77, 0x79, 0xef, 0xfc, 0x87, 0x8c, 0xfb, 
	0x87, 0x77, 0x77, 0x77, 0x77, 0x77, 0x9b, 0xcc, 
	0x99, 0x87, 0x77, 0x77, 0x77, 0x77, 0x77, 0x77, 
	0x78, 0xcf, 0xff, 0x97, 0x77, 0x77, 0x77, 0x77, 
	0x77, 0x77, 0xaf, 0xee, 0xff, 0xcb, 0xce, 0x97, 
	0x77, 0x77, 0x77, 0x77, 0x77, 0x77, 0x77, 0x89, 
	0x77, 0x77, 0x77, 0x77, 0x77, 0x77, 0x77, 0x77, 
	0x77, 0x8e, 0xff, 0xc7, 0x77, 0x77, 0x77, 0x77, 
	0x77, 0x7a, 0xeb, 0x88, 0xae, 0xff, 0xe9, 0x77, 
	0x77, 0x77, 0x77, 0x77, 0x77, 0x77, 0x77, 0x77, 
	0x77, 0x77, 0x77, 0x77, 0x77, 0x77, 0x77, 0x77, 
	0x77, 0x7a, 0xff, 0xfa, 0x77, 0x77, 0x77, 0x77, 
	0x77, 0x9e, 0xb7, 0x77, 0x79, 0xff, 0x97, 0x77, 
	0x77, 0x77, 0x77, 0x77, 0x77, 0x77, 0x77, 0x77, 
	0x77, 0x77, 0x77, 0x77, 0x77, 0x77, 0x77, 0x77, 
	0x77, 0x78, 0xef, 0xfe, 0xa7, 0x77, 0x77, 0x77, 
	0x79, 0xee, 0x87, 0x77, 0x78, 0xcb, 0x77, 0x77, 
	0x77, 0x77, 0x77, 0x77, 0x77, 0x77, 0x77, 0x77, 
	0x77, 0x77, 0x77, 0x77, 0x77, 0x77, 0x77, 0x77, 
	0x77, 0x77, 0xbf, 0xff, 0xfc, 0x98, 0x88, 0x89, 
	0xbe, 0xfe, 0x87, 0x77, 0x78, 0xb8, 0x77, 0x77, 
	0x77, 0x77, 0x77, 0x77, 0x77, 0x77, 0x77, 0x77, 
	0x77, 0x77, 0x77, 0x77, 0x77, 0x77, 0x77, 0x77, 
	0x77, 0x77, 0xaf, 0xff, 0xff, 0xfe, 0xcc, 0xce, 
	0xff, 0xff, 0xa7, 0x77, 0x79, 0xa7, 0x77, 0x77, 
	0x77, 0x77, 0x77, 0x77, 0x77, 0x77, 0x77, 0x77, 
	0x77, 0x77, 0x77, 0x77, 0x77, 0x77, 0x77, 0x77, 
	0x77, 0x77, 0x9f, 0xff, 0xff, 0xec, 0xba, 0x9a, 
	0xbc, 0xef, 0xe9, 0x88, 0x9c, 0x97, 0x77, 0x77, 
	0x77, 0x77, 0x77, 0x77, 0x77, 0x77, 0x77, 0x77, 
	0x77, 0x77, 0x77, 0x77, 0x77, 0x77, 0x77, 0x77, 
	0x77, 0x77, 0x9f, 0xff, 0xeb, 0x87, 0x77, 0x77, 
	0x77, 0x8b, 0xef, 0xcc, 0xee, 0x87, 0x77, 0x77, 
	0x77, 0x77, 0x77, 0x77, 0x77, 0x77, 0x77, 0x77, 
	0x77, 0x77, 0x77, 0x77, 0x77, 0x77, 0x77, 0x77, 
	0x77, 0x77, 0x9f, 0xfe, 0x97, 0x77, 0x77, 0x77, 
	0x77, 0x77, 0x9e, 0xff, 0xfc, 0x77, 0x77, 0x77, 
	0x77, 0x77, 0x77, 0x77, 0x77, 0x77, 0x77, 0x77, 
	0x77, 0x77, 0x77, 0x77, 0x77, 0x77, 0x77, 0x77, 
	0x77, 0x77, 0xbf, 0xe8, 0x77, 0x77, 0x77, 0x77, 
	0x77, 0x77, 0x79, 0xef, 0xfb, 0x77, 0x77, 0x77, 
	0x77, 0x77, 0x77, 0x77, 0x77, 0x77, 0x77, 0x77, 
	0x77, 0x77, 0x77, 0x77, 0x77, 0x77, 0x77, 0x77, 
	0x77, 0x77, 0xce, 0x97, 0x77, 0x77, 0x77, 0x77, 
	0x77, 0x77, 0x77, 0x9e, 0xfb, 0x77, 0x77, 0x77, 
	0x77, 0x77, 0x77, 0x77, 0x77, 0x77, 0x77, 0x77, 
	0x77, 0x77, 0x77, 0x77, 0x77, 0x77, 0x77, 0x77, 
	0x77, 0x79, 0xea, 0x77, 0x77, 0x77, 0x77, 0x77, 
	0x77, 0x77, 0x77, 0x7a, 0xfc, 0x77, 0x77, 0x77, 
	0x77, 0x77, 0x77, 0x77, 0x77, 0x77, 0x77, 0x77, 
	0x77, 0x77, 0x77, 0x77, 0x77, 0x77, 0x77, 0x77, 
	0x77, 0x7c, 0xe8, 0x77, 0x77, 0x77, 0x77, 0x77, 
	0x77, 0x77, 0x77, 0x78, 0xec, 0x77, 0x77, 0x77, 
	0x77, 0x77, 0x77, 0x77, 0x77, 0x77, 0x77, 0x77, 
	0x77, 0x77, 0x77, 0x77, 0x77, 0x77, 0x77, 0x77, 
	0x77, 0xaf, 0xa7, 0x77, 0x77, 0x77, 0x77, 0x77, 
	0x77, 0x77, 0x77, 0x77, 0xbe, 0x87, 0x77, 0x77, 
	0x77, 0x77, 0x77, 0x77, 0x77, 0x77, 0x77, 0x77, 
	0x77, 0x77, 0x77, 0x77, 0x77, 0x77, 0x77, 0x77, 
	0x7a, 0xff, 0x97, 0x77, 0x77, 0x77, 0x77, 0x77, 
	0x77, 0x77, 0x77, 0x77, 0x9f, 0x97, 0x77, 0x77, 
	0x77, 0x77, 0x77, 0x77, 0x77, 0x77, 0x77, 0x77, 
	0x77, 0x77, 0x77, 0x77, 0x77, 0x77, 0x77, 0x78, 
	0xbf, 0xfe, 0x87, 0x77, 0x77, 0x77, 0x77, 0x77, 
	0x77, 0x77, 0x77, 0x77, 0x8f, 0xc7, 0x77, 0x77, 
	0x77, 0x77, 0x77, 0x77, 0x77, 0x77, 0x77, 0x77, 
	0x77, 0x78, 0xaa, 0xa9, 0x88, 0x77, 0x88, 0xbe, 
	0xff, 0xfe, 0x87, 0x77, 0x77, 0x77, 0x77, 0x77, 
	0x77, 0x77, 0x77, 0x77, 0x8e, 0xf9, 0x77, 0x77, 
	0x77, 0x77, 0x77, 0x77, 0x77, 0x77, 0x77, 0x77, 
	0x8a, 0xef, 0xff, 0xff, 0xee, 0xcc, 0xee, 0xec, 
	0xbc, 0xfe, 0x87, 0x77, 0x77, 0x77, 0x77, 0x77, 
	0x77, 0x77, 0x77, 0x77, 0x8e, 0xfc, 0x87, 0x77, 
	0x77, 0x77, 0x77, 0x77, 0x77, 0x77, 0x77, 0x77, 
	0xef, 0xfe, 0xec, 0xce, 0xff, 0xff, 0xfe, 0x97, 
	0x77, 0xae, 0x87, 0x77, 0x77, 0x77, 0x77, 0x77, 
	0x77, 0x77, 0x77, 0x77, 0x9e, 0xff, 0xc7, 0x77, 
	0x77, 0x77, 0x77, 0x77, 0x77, 0x77, 0x77, 0x79, 
	0xff, 0xb9, 0x87, 0x78, 0x9c, 0xff, 0xfb, 0x77, 
	0x77, 0x8c, 0x97, 0x77, 0x77, 0x77, 0x77, 0x77, 
	0x77, 0x77, 0x77, 0x77, 0xae, 0xef, 0xfb, 0x87, 
	0x77, 0x77, 0x77, 0x77, 0x77, 0x77, 0x77, 0xaf, 
	0xe9, 0x77, 0x77, 0x77, 0x78, 0xae, 0xf9, 0x77, 
	0x77, 0x7c, 0xb7, 0x77, 0x77, 0x77, 0x77, 0x77, 
	0x77, 0x77, 0x77, 0x78, 0xb9, 0x8a, 0xef, 0xc8, 
	0x77, 0x77, 0x77, 0x77, 0x77, 0x77, 0x7b, 0xff, 
	0x97, 0x77, 0x77, 0x77, 0x77, 0x7a, 0xfa, 0x77, 
	0x77, 0x7e, 0xc7, 0x77, 0x77, 0x77, 0x77, 0x77, 
	0x77, 0x77, 0x77, 0x79, 0xa7, 0x77, 0xbf, 0xfe, 
	0xb8, 0x77, 0x77, 0x77, 0x77, 0x89, 0xcf, 0xff, 
	0x77, 0x77, 0x77, 0x77, 0x77, 0x77, 0xce, 0x87, 
	0x77, 0x9e, 0xb7, 0x77, 0x77, 0x77, 0x77, 0x77, 
	0x77, 0x77, 0x77, 0x79, 0xa7, 0x77, 0xbf, 0xff, 
	0xfe, 0xca, 0x98, 0x89, 0x9b, 0xef, 0xff, 0xfb, 
	0x77, 0x77, 0x77, 0x77, 0x77, 0x77, 0x9f, 0xc8, 
	0x7a, 0xef, 0x97, 0x77, 0x77, 0x77, 0x77, 0x77, 
	0x77, 0x77, 0x77, 0x78, 0xc8, 0x89, 0xef, 0xff, 
	0xff, 0xff, 0xfe, 0xef, 0xff, 0xff, 0xff, 0xe8, 
	0x77, 0x77, 0x77, 0x77, 0x77, 0x77, 0x8e, 0x97, 
	0x7b, 0xfe, 0x87, 0x77, 0x77, 0x77, 0x77, 0x77, 
	0x77, 0x77, 0x77, 0x77, 0xac, 0xbb, 0xba, 0xaa, 
	0xab, 0xce, 0xff, 0xff, 0xff, 0xfe, 0xef, 0xc7, 
	0x77, 0x77, 0x77, 0x77, 0x77, 0x77, 0x8b, 0x77, 
	0x7a, 0xea, 0x77, 0x77, 0x77, 0x77, 0x77, 0x77, 
	0x77, 0x77, 0x77, 0x77, 0x78, 0x88, 0x87, 0x77, 
	0x77, 0x78, 0xac, 0xff, 0xff, 0xb8, 0xaf, 0xb7, 
	0x77, 0x77, 0x77, 0x77, 0x77, 0x77, 0x8c, 0x87, 
	0x7b, 0xb8, 0x77, 0x77, 0x77, 0x77, 0x77, 0x77, 
	0x77, 0x77, 0x77, 0x77, 0x77, 0x77, 0x77, 0x77, 
	0x77, 0x77, 0x77, 0x9c, 0xff, 0xb7, 0x9f, 0xb7, 
	0x77, 0x77, 0x77, 0x77, 0x77, 0x77, 0x8e, 0xea, 
	0xbb, 0x87, 0x77, 0x77, 0x77, 0x77, 0x77, 0x77, 
	0x77, 0x77, 0x77, 0x77, 0x77, 0x77, 0x77, 0x77, 
	0x77, 0x77, 0x77, 0x77, 0xae, 0xec, 0xef, 0xb7, 
	0x77, 0x77, 0x77, 0x77, 0x77, 0x77, 0x8e, 0xff, 
	0xe8, 0x77, 0x77, 0x77, 0x77, 0x77, 0x77, 0x77, 
	0x77, 0x77, 0x77, 0x77, 0x77, 0x77, 0x77, 0x77, 
	0x77, 0x77, 0x77, 0x77, 0x78, 0xef, 0xff, 0xc8, 
	0x77, 0x77, 0x77, 0x77, 0x77, 0x77, 0x9f, 0xfe, 
	0x97, 0x77, 0x77, 0x77, 0x77, 0x77, 0x77, 0x77, 
	0x77, 0x77, 0x77, 0x77, 0x77, 0x77, 0x77, 0x77, 
	0x77, 0x77, 0x77, 0x77, 0x77, 0x8e, 0xff, 0xe9, 
	0x77, 0x77, 0x77, 0x77, 0x77, 0x77, 0xaf, 0xfa, 
	0x77, 0x77, 0x77, 0x77, 0x77, 0x77, 0x77, 0x77, 
	0x77, 0x77, 0x77, 0x77, 0x77, 0x77, 0x77, 0x77, 
	0x77, 0x77, 0x77, 0x77, 0x77, 0x79, 0xef, 0xfc, 
	0x97, 0x77, 0x77, 0x77, 0x77, 0x77, 0xcf, 0xc8, 
	0x77, 0x77, 0x77, 0x77, 0x77, 0x77, 0x77, 0x77, 
	0x77, 0x77, 0x77, 0x77, 0x77, 0x77, 0x77, 0x77, 
	0x77, 0x77, 0x77, 0x77, 0x77, 0x77, 0xbf, 0xff, 
	0xe8, 0x77, 0x77, 0x77, 0x77, 0x78, 0xef, 0xa7, 
	0x77, 0x77, 0x77, 0x77, 0x77, 0x77, 0x77, 0x77, 
	0x77, 0x77, 0x77, 0x77, 0x77, 0x77, 0x77, 0x77, 
	0x77, 0x77, 0x77, 0x77, 0x77, 0x77, 0x8e, 0xff, 
	0xfc, 0x77, 0x77, 0x77, 0x77, 0x7a, 0xfe, 0x87, 
	0x77, 0x77, 0x77, 0x77, 0x77, 0x77, 0x77, 0x77, 
	0x77, 0x77, 0x77, 0x77, 0x77, 0x77, 0x77, 0x77, 
	0x77, 0x77, 0x77, 0x77, 0x77, 0x77, 0x79, 0xff, 
	0xff, 0xb7, 0x77, 0x77, 0x77, 0x7c, 0xfb, 0x77, 
	0x77, 0x77, 0x77, 0x77, 0x77, 0x77, 0x77, 0x77, 
	0x77, 0x77, 0x77, 0x77, 0x77, 0x77, 0x77, 0x77, 
	0x77, 0x77, 0x77, 0x77, 0x77, 0x77, 0x77, 0xcf, 
	0xff, 0xfc, 0x87, 0x77, 0x77, 0x9e, 0xf9, 0x77, 
	0x77, 0x77, 0x77, 0x77, 0x77, 0x77, 0x77, 0x77, 
	0x77, 0x77, 0x77, 0x77, 0x77, 0x77, 0x77, 0x77, 
	0x77, 0x77, 0x77, 0x77, 0x77, 0x77, 0x77, 0xaf, 
	0xfe, 0xcc, 0xb8, 0x77, 0x78, 0xcf, 0xfa, 0x77, 
	0x77, 0x77, 0x77, 0x77, 0x77, 0x77, 0x77, 0x77, 
	0x77, 0x77, 0x77, 0x77, 0x77, 0x77, 0x77, 0x77, 
	0x77, 0x77, 0x77, 0x77, 0x77, 0x77, 0x77, 0x8e, 
	0xe9, 0x78, 0x9c, 0xa9, 0xac, 0xff, 0xfc, 0x87, 
	0x77, 0x77, 0x77, 0x77, 0x77, 0x77, 0x77, 0x77, 
	0x77, 0x77, 0x77, 0x77, 0x77, 0x77, 0x77, 0x77, 
	0x77, 0x77, 0x77, 0x77, 0x77, 0x77, 0x77, 0x7b, 
	0xa7, 0x77, 0x7c, 0xff, 0xff, 0xff, 0xfe, 0xc8, 
	0x77, 0x77, 0x77, 0x77, 0x77, 0x77, 0x77, 0x77, 
	0x77, 0x77, 0x77, 0x77, 0x77, 0x77, 0x77, 0x77, 
	0x77, 0x77, 0x77, 0x77, 0x77, 0x77, 0x77, 0x79, 
	
};

Gfx pss_dl_noko_waterC_i4_aligner[] = {gsSPEndDisplayList()};
u8 pss_dl_noko_waterC_i4[] = {
	0x6a, 0xef, 0xfe, 0xdd, 0xed, 0x66, 0x66, 0x66, 
	0x66, 0x66, 0x66, 0x66, 0x66, 0x66, 0x66, 0x66, 
	0x66, 0x66, 0x66, 0x66, 0x66, 0x66, 0x66, 0x66, 
	0x66, 0x66, 0x8f, 0xff, 0xeb, 0x86, 0x66, 0x66, 
	0x66, 0x6b, 0xff, 0xff, 0xfd, 0x66, 0x66, 0x66, 
	0x66, 0x66, 0x66, 0x66, 0x66, 0x66, 0x66, 0x66, 
	0x66, 0x66, 0x66, 0x66, 0x66, 0x66, 0x66, 0x66, 
	0x66, 0x66, 0xaf, 0xfe, 0x86, 0x66, 0x66, 0x66, 
	0x66, 0x66, 0xae, 0xff, 0xfb, 0x66, 0x66, 0x66, 
	0x66, 0x66, 0x66, 0x66, 0x66, 0x66, 0x66, 0x66, 
	0x66, 0x66, 0x66, 0x66, 0x66, 0x66, 0x66, 0x66, 
	0x66, 0x66, 0xbf, 0xe8, 0x66, 0x66, 0x66, 0x66, 
	0x66, 0x66, 0x6a, 0xff, 0xfb, 0x66, 0x66, 0x66, 
	0x66, 0x66, 0x66, 0x66, 0x66, 0x66, 0x66, 0x66, 
	0x66, 0x66, 0x66, 0x66, 0x66, 0x66, 0x66, 0x66, 
	0x66, 0x66, 0xde, 0x86, 0x66, 0x66, 0x66, 0x66, 
	0x66, 0x66, 0x66, 0xdf, 0xfd, 0x66, 0x66, 0x66, 
	0x66, 0x66, 0x66, 0x66, 0x66, 0x66, 0x66, 0x66, 
	0x66, 0x66, 0x66, 0x66, 0x66, 0x66, 0x66, 0x66, 
	0x66, 0x68, 0xfa, 0x66, 0x66, 0x66, 0x66, 0x66, 
	0x66, 0x66, 0x66, 0x8e, 0xfd, 0x66, 0x66, 0x66, 
	0x66, 0x66, 0x66, 0x66, 0x66, 0x66, 0x66, 0x66, 
	0x66, 0x66, 0x66, 0x66, 0x66, 0x66, 0x66, 0x66, 
	0x66, 0x6d, 0xe6, 0x66, 0x66, 0x66, 0x66, 0x66, 
	0x66, 0x66, 0x66, 0x6d, 0xfe, 0x86, 0x66, 0x66, 
	0x66, 0x66, 0x66, 0x66, 0x66, 0x66, 0x66, 0x66, 
	0x66, 0x66, 0x66, 0x66, 0x66, 0x66, 0x66, 0x66, 
	0x66, 0xaf, 0xa6, 0x66, 0x66, 0x66, 0x66, 0x66, 
	0x66, 0x66, 0x66, 0x6b, 0xff, 0xa6, 0x66, 0x66, 
	0x66, 0x66, 0x66, 0x66, 0x66, 0x66, 0x66, 0x66, 
	0x66, 0x66, 0x66, 0x66, 0x66, 0x66, 0x66, 0x66, 
	0x6a, 0xee, 0x86, 0x66, 0x66, 0x66, 0x66, 0x66, 
	0x66, 0x66, 0x66, 0x6a, 0xff, 0xd6, 0x66, 0x66, 
	0x66, 0x66, 0x66, 0x66, 0x66, 0x66, 0x66, 0x66, 
	0x66, 0x66, 0x66, 0x66, 0x66, 0x66, 0x66, 0x66, 
	0xbf, 0xfe, 0x66, 0x66, 0x66, 0x66, 0x66, 0x66, 
	0x66, 0x66, 0x66, 0x68, 0xff, 0xf8, 0x66, 0x66, 
	0x66, 0x66, 0x66, 0x66, 0x66, 0x66, 0x66, 0x66, 
	0x66, 0x68, 0xaa, 0xa8, 0x66, 0x66, 0x68, 0xbe, 
	0xff, 0xfe, 0x66, 0x66, 0x66, 0x66, 0x66, 0x66, 
	0x66, 0x66, 0x66, 0x68, 0xff, 0xfe, 0x66, 0x66, 
	0x66, 0x66, 0x66, 0x66, 0x66, 0x66, 0x66, 0x66, 
	0x6a, 0xde, 0xff, 0xff, 0xed, 0xdd, 0xee, 0xed, 
	0xbd, 0xfe, 0x86, 0x66, 0x66, 0x66, 0x66, 0x66, 
	0x66, 0x66, 0x66, 0x6a, 0xff, 0xff, 0xd6, 0x66, 
	0x66, 0x66, 0x66, 0x66, 0x66, 0x66, 0x66, 0x68, 
	0xdf, 0xfe, 0xed, 0xde, 0xff, 0xff, 0xfe, 0x86, 
	0x66, 0xaf, 0xb6, 0x66, 0x66, 0x66, 0x66, 0x66, 
	0x66, 0x66, 0x66, 0x6b, 0xfe, 0xee, 0xfb, 0x66, 
	0x66, 0x66, 0x66, 0x66, 0x66, 0x66, 0x66, 0x8e, 
	0xfe, 0xb8, 0x66, 0x66, 0x8d, 0xff, 0xfb, 0x66, 
	0x66, 0x6e, 0xe6, 0x66, 0x66, 0x66, 0x66, 0x66, 
	0x66, 0x66, 0x66, 0x6e, 0xe8, 0x8a, 0xef, 0xd8, 
	0x66, 0x66, 0x66, 0x66, 0x66, 0x66, 0x6a, 0xef, 
	0xe8, 0x66, 0x66, 0x66, 0x66, 0xae, 0xf8, 0x66, 
	0x66, 0x6d, 0xe8, 0x66, 0x66, 0x66, 0x66, 0x66, 
	0x66, 0x66, 0x66, 0x8f, 0xa6, 0x66, 0xbf, 0xfe, 
	0xb8, 0x66, 0x66, 0x66, 0x66, 0x68, 0xdf, 0xfe, 
	0x86, 0x66, 0x66, 0x66, 0x66, 0x6a, 0xfa, 0x66, 
	0x66, 0x6d, 0xe8, 0x66, 0x66, 0x66, 0x66, 0x66, 
	0x66, 0x66, 0x66, 0xaf, 0xa6, 0x66, 0xbf, 0xff, 
	0xfe, 0xda, 0x88, 0x88, 0xab, 0xdf, 0xff, 0xfb, 
	0x66, 0x66, 0x66, 0x66, 0x66, 0x66, 0xde, 0x86, 
	0x66, 0x8e, 0xe6, 0x66, 0x66, 0x66, 0x66, 0x66, 
	0x66, 0x66, 0x66, 0x8e, 0xe8, 0x68, 0xef, 0xff, 
	0xff, 0xfe, 0xee, 0xee, 0xff, 0xff, 0xff, 0xe8, 
	0x66, 0x66, 0x66, 0x66, 0x66, 0x66, 0x8f, 0xea, 
	0x8b, 0xef, 0xa6, 0x66, 0x66, 0x66, 0x66, 0x66, 
	0x66, 0x66, 0x66, 0x6b, 0xee, 0xee, 0xeb, 0xaa, 
	0xab, 0xde, 0xff, 0xff, 0xff, 0xee, 0xef, 0xd6, 
	0x66, 0x66, 0x66, 0x66, 0x66, 0x66, 0x6e, 0xff, 
	0xff, 0xfb, 0x66, 0x66, 0x66, 0x66, 0x66, 0x66, 
	0x66, 0x66, 0x66, 0x66, 0x8a, 0xa8, 0x66, 0x66, 
	0x66, 0x68, 0xad, 0xef, 0xff, 0xb6, 0xaf, 0xb6, 
	0x66, 0x66, 0x66, 0x66, 0x66, 0x66, 0x6d, 0xff, 
	0xfe, 0xa6, 0x66, 0x66, 0x66, 0x66, 0x66, 0x66, 
	0x66, 0x66, 0x66, 0x66, 0x66, 0x66, 0x66, 0x66, 
	0x66, 0x66, 0x66, 0x8d, 0xff, 0xb6, 0x8f, 0xb6, 
	0x66, 0x66, 0x66, 0x66, 0x66, 0x66, 0x6d, 0xff, 
	0xea, 0x66, 0x66, 0x66, 0x66, 0x66, 0x66, 0x66, 
	0x66, 0x66, 0x66, 0x66, 0x66, 0x66, 0x66, 0x66, 
	0x66, 0x66, 0x66, 0x66, 0xae, 0xed, 0xef, 0xb6, 
	0x66, 0x66, 0x66, 0x66, 0x66, 0x66, 0x6d, 0xff, 
	0xb6, 0x66, 0x66, 0x66, 0x66, 0x66, 0x66, 0x66, 
	0x66, 0x66, 0x66, 0x66, 0x66, 0x66, 0x66, 0x66, 
	0x66, 0x66, 0x66, 0x66, 0x68, 0xef, 0xef, 0xe6, 
	0x66, 0x66, 0x66, 0x66, 0x66, 0x66, 0x6d, 0xfe, 
	0x86, 0x66, 0x66, 0x66, 0x66, 0x66, 0x66, 0x66, 
	0x66, 0x66, 0x66, 0x66, 0x66, 0x66, 0x66, 0x66, 
	0x66, 0x66, 0x66, 0x66, 0x66, 0x8d, 0xff, 0xfa, 
	0x66, 0x66, 0x66, 0x66, 0x66, 0x66, 0x6d, 0xfd, 
	0x66, 0x66, 0x66, 0x66, 0x66, 0x66, 0x66, 0x66, 
	0x66, 0x66, 0x66, 0x66, 0x66, 0x66, 0x66, 0x66, 
	0x66, 0x66, 0x66, 0x66, 0x66, 0x68, 0xef, 0xfe, 
	0x86, 0x66, 0x66, 0x66, 0x66, 0x66, 0x8e, 0xfb, 
	0x66, 0x66, 0x66, 0x66, 0x66, 0x66, 0x66, 0x66, 
	0x66, 0x66, 0x66, 0x66, 0x66, 0x66, 0x66, 0x66, 
	0x66, 0x66, 0x66, 0x66, 0x66, 0x66, 0x8e, 0xff, 
	0xd6, 0x66, 0x66, 0x66, 0x66, 0x66, 0x8e, 0xfa, 
	0x66, 0x66, 0x66, 0x66, 0x66, 0x66, 0x66, 0x66, 
	0x66, 0x66, 0x66, 0x66, 0x66, 0x66, 0x66, 0x66, 
	0x66, 0x66, 0x66, 0x66, 0x66, 0x66, 0x6b, 0xff, 
	0xfb, 0x66, 0x66, 0x66, 0x66, 0x66, 0x8e, 0xfa, 
	0x66, 0x66, 0x66, 0x66, 0x66, 0x66, 0x66, 0x66, 
	0x66, 0x66, 0x66, 0x66, 0x66, 0x66, 0x66, 0x66, 
	0x66, 0x66, 0x66, 0x66, 0x66, 0x66, 0x66, 0xef, 
	0xff, 0xb6, 0x66, 0x66, 0x66, 0x66, 0x8e, 0xfa, 
	0x66, 0x66, 0x66, 0x66, 0x66, 0x66, 0x66, 0x66, 
	0x66, 0x66, 0x66, 0x66, 0x66, 0x66, 0x66, 0x66, 
	0x66, 0x66, 0x66, 0x66, 0x66, 0x66, 0x66, 0xaf, 
	0xff, 0xe8, 0x66, 0x66, 0x66, 0x66, 0xaf, 0xfb, 
	0x66, 0x66, 0x66, 0x66, 0x66, 0x66, 0x66, 0x66, 
	0x66, 0x66, 0x66, 0x66, 0x66, 0x66, 0x66, 0x66, 
	0x66, 0x66, 0x66, 0x66, 0x66, 0x66, 0x66, 0x8e, 
	0xff, 0xfe, 0x66, 0x66, 0x66, 0x66, 0xdf, 0xfe, 
	0x66, 0x66, 0x66, 0x66, 0x66, 0x66, 0x66, 0x66, 
	0x66, 0x66, 0x66, 0x66, 0x66, 0x66, 0x66, 0x66, 
	0x66, 0x66, 0x66, 0x66, 0x66, 0x66, 0x66, 0x6d, 
	0xff, 0xff, 0xd6, 0x66, 0x66, 0x6b, 0xff, 0xff, 
	0xa6, 0x66, 0x66, 0x66, 0x66, 0x66, 0x66, 0x66, 
	0x66, 0x66, 0x66, 0x66, 0x66, 0x66, 0x66, 0x66, 
	0x66, 0x66, 0x66, 0x66, 0x66, 0x66, 0x66, 0x6a, 
	0xff, 0xff, 0xfd, 0xa8, 0x88, 0xdf, 0xff, 0xff, 
	0xe6, 0x66, 0x66, 0x66, 0x66, 0x66, 0x66, 0x66, 
	0x66, 0x66, 0x66, 0x66, 0x66, 0x66, 0x66, 0x66, 
	0x66, 0x66, 0x66, 0x66, 0x66, 0x66, 0x66, 0x68, 
	0xef, 0xff, 0xff, 0xfe, 0xee, 0xff, 0xff, 0xff, 
	0xfb, 0x66, 0x66, 0x66, 0x66, 0x66, 0x66, 0x66, 
	0x66, 0x66, 0x66, 0x66, 0x66, 0x66, 0x66, 0x66, 
	0x66, 0x66, 0x66, 0x66, 0x66, 0x66, 0x66, 0x66, 
	0xef, 0xff, 0xff, 0xff, 0xff, 0xee, 0xee, 0xef, 
	0xff, 0xb6, 0x66, 0x66, 0x66, 0x66, 0x66, 0x66, 
	0x66, 0x66, 0x66, 0x66, 0x66, 0x66, 0x66, 0x66, 
	0x66, 0x66, 0x66, 0x66, 0x66, 0x66, 0x66, 0x66, 
	0xef, 0xff, 0xff, 0xfe, 0xb8, 0x86, 0x66, 0x8a, 
	0xdf, 0xfb, 0x66, 0x66, 0x66, 0x66, 0x66, 0x66, 
	0x66, 0x66, 0x66, 0x66, 0x66, 0x66, 0x66, 0x66, 
	0x66, 0x66, 0x66, 0x66, 0x66, 0x66, 0x66, 0x66, 
	0xee, 0xee, 0xff, 0xd8, 0x66, 0x66, 0x66, 0x66, 
	0x6a, 0xef, 0xd8, 0x66, 0x66, 0x66, 0x66, 0x66, 
	0x66, 0x66, 0x66, 0x66, 0x66, 0x66, 0x66, 0x66, 
	0x66, 0x66, 0x66, 0x66, 0x66, 0x66, 0x66, 0x66, 
	0xea, 0x6b, 0xfb, 0x66, 0x66, 0x66, 0x66, 0x66, 
	0x66, 0x8e, 0xfd, 0x86, 0x66, 0x66, 0x66, 0x66, 
	0x66, 0x66, 0x66, 0x66, 0x66, 0x66, 0x66, 0x66, 
	0x66, 0x66, 0x66, 0x66, 0x66, 0x66, 0x66, 0x66, 
	0xe8, 0x6b, 0xb6, 0x66, 0x66, 0x66, 0x66, 0x66, 
	0x66, 0x68, 0xef, 0xea, 0x66, 0x66, 0x66, 0x66, 
	0x66, 0x66, 0x66, 0x66, 0x66, 0x66, 0x66, 0x66, 
	0x66, 0x66, 0x66, 0x66, 0x66, 0x66, 0x66, 0x68, 
	0xee, 0xdd, 0x66, 0x66, 0x66, 0x66, 0x66, 0x66, 
	0x66, 0x66, 0xaf, 0xfe, 0xb6, 0x66, 0x66, 0x66, 
	0x66, 0x66, 0x66, 0x66, 0x66, 0x66, 0x66, 0x66, 
	0x66, 0x66, 0x66, 0x66, 0x66, 0x66, 0x66, 0x68, 
	0xff, 0xfa, 0x66, 0x66, 0x66, 0x66, 0x66, 0x66, 
	0x66, 0x66, 0x6d, 0xff, 0xfd, 0x86, 0x66, 0x66, 
	0x66, 0x66, 0x66, 0x66, 0x66, 0x66, 0x66, 0x66, 
	0x66, 0x66, 0x66, 0x66, 0x66, 0x66, 0x66, 0x6b, 
	0xff, 0xe6, 0x66, 0x66, 0x66, 0x66, 0x66, 0x66, 
	0x66, 0x66, 0x6a, 0xff, 0xff, 0xe8, 0x66, 0x66, 
	0x66, 0x66, 0x66, 0x66, 0x66, 0x66, 0x66, 0x66, 
	0x66, 0x66, 0x66, 0x66, 0x66, 0x66, 0x66, 0x6d, 
	0xff, 0xb6, 0x66, 0x66, 0x66, 0x66, 0x66, 0x66, 
	0x66, 0x66, 0x68, 0xef, 0xff, 0xee, 0x86, 0x66, 
	0x66, 0x66, 0x66, 0x66, 0x66, 0x66, 0x66, 0x66, 
	0x66, 0x66, 0x66, 0x66, 0x66, 0x66, 0x66, 0x8e, 
	0xff, 0xa6, 0x66, 0x66, 0x66, 0x66, 0x66, 0x66, 
	0x66, 0x66, 0x66, 0xef, 0xff, 0xfe, 0xe8, 0x66, 
	0x66, 0x66, 0x66, 0x66, 0x66, 0x66, 0x66, 0x66, 
	0x66, 0x66, 0x66, 0x66, 0x66, 0x66, 0x66, 0xdf, 
	0xff, 0xa6, 0x66, 0x66, 0x66, 0x66, 0x66, 0x66, 
	0x66, 0x66, 0x66, 0xef, 0xee, 0xff, 0xee, 0x86, 
	0x66, 0x66, 0x66, 0x66, 0x66, 0x66, 0x66, 0x66, 
	0x66, 0x66, 0x66, 0x66, 0x66, 0x66, 0x68, 0xef, 
	0xff, 0xa6, 0x66, 0x66, 0x66, 0x66, 0x66, 0x66, 
	0x66, 0x66, 0x66, 0xed, 0x88, 0xbf, 0xff, 0xe8, 
	0x86, 0x66, 0x66, 0x66, 0x66, 0x66, 0x66, 0x66, 
	0x66, 0x66, 0x66, 0x66, 0x66, 0x66, 0x6d, 0xff, 
	0xff, 0xb6, 0x66, 0x66, 0x66, 0x66, 0x66, 0x66, 
	0x66, 0x66, 0x68, 0xe8, 0x66, 0x6e, 0xff, 0xfd, 
	0xd8, 0x66, 0x66, 0x66, 0x66, 0x66, 0x66, 0x66, 
	0x66, 0x66, 0x66, 0x66, 0x66, 0x66, 0xbf, 0xff, 
	0xff, 0xd6, 0x66, 0x66, 0x66, 0x66, 0x66, 0x66, 
	0x66, 0x66, 0x68, 0xe8, 0x66, 0x6d, 0xff, 0xff, 
	0xee, 0x86, 0x66, 0x66, 0x66, 0x66, 0x66, 0x66, 
	0x66, 0x66, 0x66, 0x66, 0x66, 0x6a, 0xff, 0xee, 
	0xef, 0xe8, 0x66, 0x66, 0x66, 0x66, 0x66, 0x66, 
	0x66, 0x66, 0x6b, 0xfb, 0x66, 0xaf, 0xff, 0xff, 
	0xef, 0xd8, 0x66, 0x66, 0x66, 0x66, 0x66, 0x66, 
	0x66, 0x66, 0x66, 0x66, 0x66, 0xaf, 0xea, 0x88, 
	0x8b, 0xeb, 0x66, 0x66, 0x66, 0x66, 0x66, 0x66, 
	0x66, 0x66, 0x8e, 0xff, 0xed, 0xed, 0xbb, 0xbd, 
	0xae, 0xfe, 0x86, 0x66, 0x66, 0x66, 0x66, 0x66, 
	0x66, 0x66, 0x66, 0x66, 0x6b, 0xfe, 0x86, 0x66, 
	0x66, 0xae, 0x86, 0x66, 0x66, 0x66, 0x66, 0x66, 
	0x66, 0x66, 0xdf, 0xff, 0xeb, 0x86, 0x66, 0x66, 
	0x68, 0xdf, 0xeb, 0x66, 0x66, 0x66, 0x66, 0x66, 
	0x66, 0x66, 0x66, 0x68, 0xdf, 0xfa, 0x66, 0x66, 
	0x66, 0x6b, 0xe8, 0x66, 0x66, 0x66, 0x66, 0x66, 
	0x66, 0x6b, 0xff, 0xfe, 0x86, 0x66, 0x66, 0x66, 
	0x66, 0x8e, 0xff, 0xea, 0x86, 0x66, 0x66, 0x66, 
	0x66, 0x66, 0x68, 0xdf, 0xff, 0xe8, 0x66, 0x66, 
	0x66, 0x68, 0xfe, 0x86, 0x66, 0x66, 0x66, 0x66, 
	0x66, 0xbf, 0xff, 0xe8, 0x66, 0x66, 0x66, 0x66, 
	0x66, 0x6a, 0xff, 0xff, 0xed, 0xa8, 0x86, 0x66, 
	0x68, 0x8b, 0xdf, 0xff, 0xff, 0xd6, 0x66, 0x66, 
	0x66, 0x68, 0xef, 0xeb, 0x86, 0x66, 0x66, 0x66, 
	0xae, 0xff, 0xff, 0xb6, 0x66, 0x66, 0x66, 0x66, 
	0x66, 0x66, 0xef, 0xff, 0xff, 0xfe, 0xee, 0xee, 
	0xee, 0xff, 0xff, 0xff, 0xff, 0xe6, 0x66, 0x66, 
	0x66, 0x68, 0xef, 0xff, 0xed, 0xba, 0xaa, 0xbe, 
	0xff, 0xee, 0xfe, 0x86, 0x66, 0x66, 0x66, 0x66, 
	0x66, 0x66, 0xbf, 0xff, 0xfe, 0xba, 0xbe, 0xff, 
	0xff, 0xff, 0xff, 0xff, 0xff, 0xe8, 0x66, 0x66, 
	0x66, 0x6a, 0xff, 0xff, 0xff, 0xff, 0xff, 0xff, 
	0xfb, 0x6a, 0xfe, 0x66, 0x66, 0x66, 0x66, 0x66, 
	0x66, 0x66, 0xbf, 0xff, 0xfd, 0x66, 0x6b, 0xff, 
	0xff, 0xfe, 0xed, 0xdd, 0xef, 0xfe, 0x86, 0x66, 
	0x66, 0x8e, 0xff, 0xfd, 0xa8, 0x88, 0xab, 0xef, 
	0xfb, 0x68, 0xfd, 0x66, 0x66, 0x66, 0x66, 0x66, 
	0x66, 0x66, 0xbf, 0xff, 0xfb, 0x66, 0x68, 0xff, 
	0xeb, 0xa8, 0x66, 0x66, 0x68, 0xbe, 0xea, 0x86, 
	0x6a, 0xef, 0xfe, 0xa6, 0x66, 0x66, 0x66, 0x6a, 
	0xee, 0xde, 0xfd, 0x66, 0x66, 0x66, 0x66, 0x66, 
	0x66, 0x66, 0xdf, 0xff, 0xfd, 0x86, 0x6d, 0xfb, 
	0x66, 0x66, 0x66, 0x66, 0x66, 0x68, 0xbe, 0xed, 
	0xef, 0xfe, 0xb6, 0x66, 0x66, 0x66, 0x66, 0x66, 
	0x8d, 0xfe, 0xfe, 0x66, 0x66, 0x66, 0x66, 0x66, 
	0x66, 0x68, 0xef, 0xee, 0xff, 0xdb, 0xde, 0xa6, 
	0x66, 0x66, 0x66, 0x66, 0x66, 0x66, 0x6a, 0xde, 
	0xfe, 0xd8, 0x66, 0x66, 0x66, 0x66, 0x66, 0x66, 
	0x66, 0xdf, 0xfe, 0x86, 0x66, 0x66, 0x66, 0x66, 
	0x66, 0x6b, 0xeb, 0x88, 0xae, 0xff, 0xe8, 0x66, 
	0x66, 0x66, 0x66, 0x66, 0x66, 0x66, 0x66, 0x68, 
	0x88, 0x66, 0x66, 0x66, 0x66, 0x66, 0x66, 0x66, 
	0x66, 0x8e, 0xff, 0xd6, 0x66, 0x66, 0x66, 0x66, 
	0x66, 0x8e, 0xb6, 0x66, 0x6a, 0xef, 0x86, 0x66, 
	0x66, 0x66, 0x66, 0x66, 0x66, 0x66, 0x66, 0x66, 
	0x66, 0x66, 0x66, 0x66, 0x66, 0x66, 0x66, 0x66, 
	0x66, 0x6a, 0xff, 0xfa, 0x66, 0x66, 0x66, 0x66, 
	0x68, 0xee, 0x86, 0x66, 0x66, 0xeb, 0x66, 0x66, 
	0x66, 0x66, 0x66, 0x66, 0x66, 0x66, 0x66, 0x66, 
	0x66, 0x66, 0x66, 0x66, 0x66, 0x66, 0x66, 0x66, 
	0x66, 0x66, 0xef, 0xfe, 0xa6, 0x66, 0x66, 0x66, 
	0xbe, 0xee, 0x86, 0x66, 0x66, 0xb8, 0x66, 0x66, 
	0x66, 0x66, 0x66, 0x66, 0x66, 0x66, 0x66, 0x66, 
	0x66, 0x66, 0x66, 0x66, 0x66, 0x66, 0x66, 0x66, 
	0x66, 0x66, 0xbf, 0xff, 0xfd, 0x86, 0x66, 0x68, 
	0xff, 0xff, 0xa6, 0x66, 0x68, 0xa6, 0x66, 0x66, 
	0x66, 0x66, 0x66, 0x66, 0x66, 0x66, 0x66, 0x66, 
	0x66, 0x66, 0x66, 0x66, 0x66, 0x66, 0x66, 0x66, 
	0x66, 0x66, 0xaf, 0xff, 0xff, 0xee, 0xdd, 0xee, 
	0xff, 0xff, 0xd8, 0x66, 0x8d, 0x86, 0x66, 0x66, 
	0x66, 0x66, 0x66, 0x66, 0x66, 0x66, 0x66, 0x66, 
	0x66, 0x66, 0x66, 0x66, 0x66, 0x66, 0x66, 0x66, 
	0x66, 0x66, 0x8e, 0xff, 0xff, 0xff, 0xff, 0xff, 
	
};

Vtx pss_dl_VISUAL_mesh_layer_1_vtx_cull[8] = {
	{{ {-6127, 0, 5797}, 0, {0, 0}, {0, 0, 0, 0} }},
	{{ {-6127, 1000, 5797}, 0, {0, 0}, {0, 0, 0, 0} }},
	{{ {-6127, 1000, -6203}, 0, {0, 0}, {0, 0, 0, 0} }},
	{{ {-6127, 0, -6203}, 0, {0, 0}, {0, 0, 0, 0} }},
	{{ {5873, 0, 5797}, 0, {0, 0}, {0, 0, 0, 0} }},
	{{ {5873, 1000, 5797}, 0, {0, 0}, {0, 0, 0, 0} }},
	{{ {5873, 1000, -6203}, 0, {0, 0}, {0, 0, 0, 0} }},
	{{ {5873, 0, -6203}, 0, {0, 0}, {0, 0, 0, 0} }},
};

Vtx pss_dl_VISUAL_mesh_layer_1_vtx_0[225] = {
	{{ {-2082, 0, 3003}, 0, {3868, 4966}, {103, 72, 60, 255} }},
	{{ {-2579, 0, 2615}, 0, {3196, 5411}, {103, 72, 60, 255} }},
	{{ {-2811, 0, 2485}, 0, {2951, 5618}, {103, 72, 60, 255} }},
	{{ {-127, 0, 4931}, 0, {7143, 3543}, {103, 72, 60, 255} }},
	{{ {-3758, 0, 3427}, 0, {3608, 7137}, {103, 72, 60, 255} }},
	{{ {-3288, 0, 2251}, 0, {2430, 6022}, {103, 72, 60, 255} }},
	{{ {-3460, 0, 1747}, 0, {1709, 5974}, {103, 72, 60, 255} }},
	{{ {-5261, 0, -203}, 0, {-1551, 7132}, {103, 72, 60, 255} }},
	{{ {-3226, 0, 1270}, 0, {1247, 5421}, {103, 72, 60, 255} }},
	{{ {-2722, 0, 1098}, 0, {1310, 4720}, {103, 72, 60, 255} }},
	{{ {-3559, 0, -587}, 0, {-1150, 4901}, {103, 72, 60, 255} }},
	{{ {-2245, 0, 1333}, 0, {1780, 4271}, {103, 72, 60, 255} }},
	{{ {-3135, 0, -762}, 0, {-1152, 4316}, {103, 72, 60, 255} }},
	{{ {-2959, 0, -1187}, 0, {-1570, 3899}, {103, 72, 60, 255} }},
	{{ {-2013, 0, 1462}, 0, {2035, 4070}, {103, 72, 60, 255} }},
	{{ {-1080, 0, 742}, 0, {1672, 2612}, {103, 72, 60, 255} }},
	{{ {-105, 0, 1146}, 0, {2637, 1655}, {103, 72, 60, 255} }},
	{{ {-1596, 0, 1595}, 0, {2421, 3673}, {103, 72, 60, 255} }},
	{{ {867, 0, 2150}, 0, {4320, 993}, {103, 72, 60, 255} }},
	{{ {-1473, 0, 2240}, 0, {3258, 3851}, {103, 72, 60, 255} }},
	{{ {584, 0, 2550}, 0, {4657, 1527}, {103, 72, 60, 255} }},
	{{ {867, 0, 2950}, 0, {5273, 1387}, {103, 72, 60, 255} }},
	{{ {-1661, 0, 2625}, 0, {3623, 4270}, {103, 72, 60, 255} }},
	{{ {1267, 0, 3116}, 0, {5667, 993}, {103, 72, 60, 255} }},
	{{ {1716, 0, 2824}, 0, {5541, 315}, {103, 72, 60, 255} }},
	{{ {3503, 0, 3427}, 0, {7138, -1516}, {103, 72, 60, 255} }},
	{{ {1899, 0, 2347}, 0, {5063, -139}, {103, 72, 60, 255} }},
	{{ {3320, 0, 917}, 0, {4053, -2556}, {103, 72, 60, 255} }},
	{{ {3685, 0, 264}, 0, {3465, -3321}, {105, 73, 62, 255} }},
	{{ {5007, 0, -203}, 0, {3571, -5113}, {103, 72, 60, 255} }},
	{{ {3735, 0, -663}, 0, {2401, -3832}, {109, 75, 63, 255} }},
	{{ {3410, 0, -1162}, 0, {1642, -3688}, {103, 72, 60, 255} }},
	{{ {5007, 0, -203}, 0, {3571, -5113}, {103, 72, 60, 255} }},
	{{ {3503, 0, -3834}, 0, {-1507, -5125}, {103, 72, 60, 255} }},
	{{ {3410, 0, -1162}, 0, {1642, -3688}, {103, 72, 60, 255} }},
	{{ {2827, 0, -1285}, 0, {1206, -3050}, {103, 72, 60, 255} }},
	{{ {1614, 0, -3046}, 0, {-1516, -2486}, {103, 72, 60, 255} }},
	{{ {1626, 0, -3425}, 0, {-1960, -2689}, {103, 72, 60, 255} }},
	{{ {1376, 0, -3863}, 0, {-2604, -2614}, {103, 72, 60, 255} }},
	{{ {-127, 0, -5337}, 0, {-5102, -1564}, {103, 72, 60, 255} }},
	{{ {865, 0, -4256}, 0, {-3323, -2203}, {103, 72, 60, 255} }},
	{{ {220, 0, -4286}, 0, {-3682, -1454}, {103, 72, 60, 255} }},
	{{ {-246, 0, -4110}, 0, {-3702, -812}, {103, 72, 60, 255} }},
	{{ {-465, 0, -3828}, 0, {-3475, -410}, {103, 72, 60, 255} }},
	{{ {-566, 0, -3466}, 0, {-3092, -110}, {103, 72, 60, 255} }},
	{{ {-1930, 0, -3001}, 0, {-3213, 1760}, {103, 72, 60, 255} }},
	{{ {-2142, 0, -3088}, 0, {-3424, 1969}, {103, 72, 60, 255} }},
	{{ {-2354, 0, -3001}, 0, {-3425, 2266}, {103, 72, 60, 255} }},
	{{ {-3758, 0, -3834}, 0, {-5120, 3518}, {103, 72, 60, 255} }},
	{{ {-2442, 0, -2788}, 0, {-3217, 2476}, {103, 72, 60, 255} }},
	{{ {-2354, 0, -2576}, 0, {-2920, 2478}, {103, 72, 60, 255} }},
	{{ {-3135, 0, -1611}, 0, {-2162, 3895}, {103, 72, 60, 255} }},
	{{ {-3559, 0, -1787}, 0, {-2582, 4311}, {103, 72, 60, 255} }},
	{{ {-3983, 0, -1611}, 0, {-2585, 4902}, {103, 72, 60, 255} }},
	{{ {-5261, 0, -203}, 0, {-1551, 7132}, {103, 72, 60, 255} }},
	{{ {-4159, 0, -1187}, 0, {-2169, 5322}, {103, 72, 60, 255} }},
	{{ {-3983, 0, -762}, 0, {-1574, 5324}, {103, 72, 60, 255} }},
	{{ {-3559, 0, -587}, 0, {-1150, 4901}, {103, 72, 60, 255} }},
	{{ {-1080, 0, -1209}, 0, {-648, 1642}, {103, 72, 60, 255} }},
	{{ {-2959, 0, -1187}, 0, {-1570, 3899}, {103, 72, 60, 255} }},
	{{ {-1484, 0, -233}, 0, {312, 2606}, {103, 72, 60, 255} }},
	{{ {-1080, 0, 742}, 0, {1672, 2612}, {103, 72, 60, 255} }},
	{{ {-1195, 100, -233}, 0, {461, 2247}, {161, 112, 94, 255} }},
	{{ {-926, 100, 415}, 0, {1361, 2252}, {161, 112, 94, 255} }},
	{{ {-875, 100, 537}, 0, {1526, 2251}, {161, 112, 94, 255} }},
	{{ {-926, 100, 415}, 0, {1361, 2252}, {161, 112, 94, 255} }},
	{{ {-1080, 0, 742}, 0, {1672, 2612}, {103, 72, 60, 255} }},
	{{ {-105, 100, 856}, 0, {2278, 1502}, {161, 112, 94, 255} }},
	{{ {-105, 0, 1146}, 0, {2637, 1655}, {103, 72, 60, 255} }},
	{{ {665, 100, 537}, 0, {2278, 440}, {161, 112, 94, 255} }},
	{{ {870, 0, 742}, 0, {2640, 293}, {103, 72, 60, 255} }},
	{{ {867, 0, 2150}, 0, {4320, 993}, {103, 72, 60, 255} }},
	{{ {1267, 0, 2044}, 0, {4391, 464}, {103, 72, 60, 255} }},
	{{ {1274, 0, -233}, 0, {1680, -675}, {103, 72, 60, 255} }},
	{{ {2329, 0, -98}, 0, {2362, -1857}, {103, 72, 60, 255} }},
	{{ {2670, 0, 668}, 0, {3436, -1892}, {113, 79, 66, 255} }},
	{{ {1667, 0, 2150}, 0, {4715, 40}, {103, 72, 60, 255} }},
	{{ {3320, 0, 917}, 0, {4053, -2556}, {103, 72, 60, 255} }},
	{{ {1899, 0, 2347}, 0, {5063, -139}, {103, 72, 60, 255} }},
	{{ {3228, 105, 551}, 0, {3555, -2626}, {161, 112, 94, 255} }},
	{{ {2780, 105, 380}, 0, {3139, -2186}, {161, 112, 94, 255} }},
	{{ {3112, 181, 162}, 0, {3041, -2680}, {161, 112, 94, 255} }},
	{{ {3223, 181, -37}, 0, {2866, -2900}, {161, 112, 94, 255} }},
	{{ {3479, 105, 102}, 0, {3156, -3138}, {161, 112, 94, 255} }},
	{{ {3685, 0, 264}, 0, {3465, -3321}, {105, 73, 62, 255} }},
	{{ {3514, 105, -537}, 0, {2436, -3482}, {161, 112, 94, 255} }},
	{{ {3735, 0, -663}, 0, {2401, -3832}, {109, 75, 63, 255} }},
	{{ {3290, 105, -881}, 0, {1928, -3389}, {161, 112, 94, 255} }},
	{{ {3410, 0, -1162}, 0, {1642, -3688}, {103, 72, 60, 255} }},
	{{ {2888, 105, -966}, 0, {1633, -2963}, {161, 112, 94, 255} }},
	{{ {2827, 0, -1285}, 0, {1206, -3050}, {103, 72, 60, 255} }},
	{{ {2521, 105, -635}, 0, {1842, -2377}, {161, 112, 94, 255} }},
	{{ {2295, 0, -805}, 0, {1511, -2176}, {103, 72, 60, 255} }},
	{{ {870, 0, -1209}, 0, {320, -680}, {103, 72, 60, 255} }},
	{{ {1614, 0, -3046}, 0, {-1516, -2486}, {103, 72, 60, 255} }},
	{{ {1439, 0, -2717}, 0, {-1214, -2112}, {103, 72, 60, 255} }},
	{{ {1514, 40, -3073}, 0, {-1603, -2375}, {161, 112, 94, 255} }},
	{{ {1439, 0, -2717}, 0, {-1214, -2112}, {103, 72, 60, 255} }},
	{{ {1614, 0, -3046}, 0, {-1516, -2486}, {103, 72, 60, 255} }},
	{{ {1525, 40, -3400}, 0, {-1983, -2548}, {161, 112, 94, 255} }},
	{{ {1626, 0, -3425}, 0, {-1960, -2689}, {103, 72, 60, 255} }},
	{{ {1299, 40, -3796}, 0, {-2560, -2481}, {161, 112, 94, 255} }},
	{{ {1376, 0, -3863}, 0, {-2604, -2614}, {103, 72, 60, 255} }},
	{{ {829, 40, -4157}, 0, {-3217, -2105}, {161, 112, 94, 255} }},
	{{ {865, 0, -4256}, 0, {-3323, -2203}, {103, 72, 60, 255} }},
	{{ {236, 40, -4185}, 0, {-3545, -1421}, {161, 112, 94, 255} }},
	{{ {220, 0, -4286}, 0, {-3682, -1454}, {103, 72, 60, 255} }},
	{{ {-184, 40, -4026}, 0, {-3563, -846}, {161, 112, 94, 255} }},
	{{ {-246, 0, -4110}, 0, {-3702, -812}, {103, 72, 60, 255} }},
	{{ {-374, 40, -3782}, 0, {-3369, -501}, {161, 112, 94, 255} }},
	{{ {-465, 0, -3828}, 0, {-3475, -410}, {103, 72, 60, 255} }},
	{{ {-461, 40, -3473}, 0, {-3046, -249}, {161, 112, 94, 255} }},
	{{ {-566, 0, -3466}, 0, {-3092, -110}, {103, 72, 60, 255} }},
	{{ {-372, 40, -3266}, 0, {-2755, -254}, {161, 112, 94, 255} }},
	{{ {-439, 0, -3169}, 0, {-2670, -116}, {103, 72, 60, 255} }},
	{{ {-1842, 0, -2788}, 0, {-2916, 1762}, {103, 72, 60, 255} }},
	{{ {-1930, 0, -3001}, 0, {-3213, 1760}, {103, 72, 60, 255} }},
	{{ {-1080, 0, -1209}, 0, {-648, 1642}, {103, 72, 60, 255} }},
	{{ {-105, 0, -1613}, 0, {-647, 279}, {103, 72, 60, 255} }},
	{{ {-816, 100, -1027}, 0, {-287, 1413}, {161, 112, 94, 255} }},
	{{ {-924, 100, -918}, 0, {-213, 1593}, {161, 112, 94, 255} }},
	{{ {-1195, 100, -233}, 0, {461, 2247}, {161, 112, 94, 255} }},
	{{ {-1484, 0, -233}, 0, {312, 2606}, {103, 72, 60, 255} }},
	{{ {-905, 200, -233}, 0, {611, 1888}, {161, 112, 94, 255} }},
	{{ {-926, 100, 415}, 0, {1361, 2252}, {161, 112, 94, 255} }},
	{{ {-772, 200, 87}, 0, {1049, 1891}, {161, 112, 94, 255} }},
	{{ {-671, 200, 332}, 0, {1381, 1891}, {161, 112, 94, 255} }},
	{{ {-875, 100, 537}, 0, {1526, 2251}, {161, 112, 94, 255} }},
	{{ {-105, 200, 567}, 0, {1919, 1350}, {161, 112, 94, 255} }},
	{{ {-671, 200, 332}, 0, {1381, 1891}, {161, 112, 94, 255} }},
	{{ {-875, 100, 537}, 0, {1526, 2251}, {161, 112, 94, 255} }},
	{{ {-105, 100, 856}, 0, {2278, 1502}, {161, 112, 94, 255} }},
	{{ {461, 200, 332}, 0, {1917, 586}, {161, 112, 94, 255} }},
	{{ {665, 100, 537}, 0, {2278, 440}, {161, 112, 94, 255} }},
	{{ {695, 200, -233}, 0, {1376, 47}, {161, 112, 94, 255} }},
	{{ {985, 100, -233}, 0, {1528, -314}, {161, 112, 94, 255} }},
	{{ {870, 0, 742}, 0, {2640, 293}, {103, 72, 60, 255} }},
	{{ {1274, 0, -233}, 0, {1680, -675}, {103, 72, 60, 255} }},
	{{ {665, 100, -1004}, 0, {467, -320}, {161, 112, 94, 255} }},
	{{ {870, 0, -1209}, 0, {320, -680}, {103, 72, 60, 255} }},
	{{ {2329, 0, -98}, 0, {2362, -1857}, {103, 72, 60, 255} }},
	{{ {2295, 0, -805}, 0, {1511, -2176}, {103, 72, 60, 255} }},
	{{ {2545, 105, -148}, 0, {2415, -2166}, {161, 112, 94, 255} }},
	{{ {2780, 105, 380}, 0, {3139, -2186}, {161, 112, 94, 255} }},
	{{ {2670, 0, 668}, 0, {3436, -1892}, {113, 79, 66, 255} }},
	{{ {2944, 181, 98}, 0, {2888, -2519}, {161, 112, 94, 255} }},
	{{ {2807, 181, -210}, 0, {2473, -2510}, {161, 112, 94, 255} }},
	{{ {2795, 181, -474}, 0, {2167, -2620}, {161, 112, 94, 255} }},
	{{ {3223, 181, -37}, 0, {2866, -2900}, {161, 112, 94, 255} }},
	{{ {3112, 181, 162}, 0, {3041, -2680}, {161, 112, 94, 255} }},
	{{ {3136, 181, -590}, 0, {2196, -3064}, {161, 112, 94, 255} }},
	{{ {3244, 181, -423}, 0, {2438, -3107}, {161, 112, 94, 255} }},
	{{ {3479, 105, 102}, 0, {3156, -3138}, {161, 112, 94, 255} }},
	{{ {3514, 105, -537}, 0, {2436, -3482}, {161, 112, 94, 255} }},
	{{ {3290, 105, -881}, 0, {1928, -3389}, {161, 112, 94, 255} }},
	{{ {2964, 181, -626}, 0, {2072, -2885}, {161, 112, 94, 255} }},
	{{ {2888, 105, -966}, 0, {1633, -2963}, {161, 112, 94, 255} }},
	{{ {2521, 105, -635}, 0, {1842, -2377}, {161, 112, 94, 255} }},
	{{ {-924, 100, -918}, 0, {-213, 1593}, {161, 112, 94, 255} }},
	{{ {-905, 200, -233}, 0, {611, 1888}, {161, 112, 94, 255} }},
	{{ {-769, 200, -627}, 0, {222, 1543}, {161, 112, 94, 255} }},
	{{ {-816, 100, -1027}, 0, {-287, 1413}, {161, 112, 94, 255} }},
	{{ {-705, 200, -781}, 0, {74, 1394}, {161, 112, 94, 255} }},
	{{ {-551, 200, -845}, 0, {74, 1184}, {161, 112, 94, 255} }},
	{{ {-105, 100, -1323}, 0, {-287, 429}, {161, 112, 94, 255} }},
	{{ {-105, 200, -1033}, 0, {73, 579}, {161, 112, 94, 255} }},
	{{ {665, 100, -1004}, 0, {467, -320}, {161, 112, 94, 255} }},
	{{ {461, 200, -799}, 0, {614, 39}, {161, 112, 94, 255} }},
	{{ {985, 100, -233}, 0, {1528, -314}, {161, 112, 94, 255} }},
	{{ {695, 200, -233}, 0, {1376, 47}, {161, 112, 94, 255} }},
	{{ {870, 0, -1209}, 0, {320, -680}, {103, 72, 60, 255} }},
	{{ {-105, 0, -1613}, 0, {-647, 279}, {103, 72, 60, 255} }},
	{{ {1181, 0, -2635}, 0, {-1242, -1760}, {103, 72, 60, 255} }},
	{{ {1439, 0, -2717}, 0, {-1214, -2112}, {103, 72, 60, 255} }},
	{{ {1370, 40, -2800}, 0, {-1356, -2068}, {161, 112, 94, 255} }},
	{{ {1514, 40, -3073}, 0, {-1603, -2375}, {161, 112, 94, 255} }},
	{{ {1415, 100, -3099}, 0, {-1696, -2255}, {161, 112, 94, 255} }},
	{{ {1424, 100, -3375}, 0, {-2006, -2399}, {161, 112, 94, 255} }},
	{{ {1525, 40, -3400}, 0, {-1983, -2548}, {161, 112, 94, 255} }},
	{{ {1222, 100, -3729}, 0, {-2512, -2336}, {161, 112, 94, 255} }},
	{{ {1299, 40, -3796}, 0, {-2560, -2481}, {161, 112, 94, 255} }},
	{{ {793, 100, -4059}, 0, {-3105, -2000}, {161, 112, 94, 255} }},
	{{ {829, 40, -4157}, 0, {-3217, -2105}, {161, 112, 94, 255} }},
	{{ {252, 100, -4084}, 0, {-3397, -1385}, {161, 112, 94, 255} }},
	{{ {236, 40, -4185}, 0, {-3545, -1421}, {161, 112, 94, 255} }},
	{{ {-123, 100, -3942}, 0, {-3415, -883}, {161, 112, 94, 255} }},
	{{ {-184, 40, -4026}, 0, {-3563, -846}, {161, 112, 94, 255} }},
	{{ {-283, 100, -3736}, 0, {-3254, -600}, {161, 112, 94, 255} }},
	{{ {-374, 40, -3782}, 0, {-3369, -501}, {161, 112, 94, 255} }},
	{{ {-355, 100, -3480}, 0, {-2998, -395}, {161, 112, 94, 255} }},
	{{ {-355, 100, -3480}, 0, {-2998, -395}, {161, 112, 94, 255} }},
	{{ {-374, 40, -3782}, 0, {-3369, -501}, {161, 112, 94, 255} }},
	{{ {-461, 40, -3473}, 0, {-3046, -249}, {161, 112, 94, 255} }},
	{{ {-304, 100, -3362}, 0, {-2843, -395}, {161, 112, 94, 255} }},
	{{ {-372, 40, -3266}, 0, {-2755, -254}, {161, 112, 94, 255} }},
	{{ {-221, 100, -3358}, 0, {-2797, -486}, {161, 112, 94, 255} }},
	{{ {-208, 40, -3257}, 0, {-2656, -441}, {161, 112, 94, 255} }},
	{{ {-439, 0, -3169}, 0, {-2670, -116}, {103, 72, 60, 255} }},
	{{ {-195, 0, -3156}, 0, {-2522, -399}, {103, 72, 60, 255} }},
	{{ {-105, 0, -1613}, 0, {-647, 279}, {103, 72, 60, 255} }},
	{{ {492, 0, -3238}, 0, {-2278, -1232}, {103, 72, 60, 255} }},
	{{ {973, 0, -2716}, 0, {-1441, -1546}, {103, 72, 60, 255} }},
	{{ {1181, 0, -2635}, 0, {-1242, -1760}, {103, 72, 60, 255} }},
	{{ {1185, 40, -2741}, 0, {-1376, -1820}, {161, 112, 94, 255} }},
	{{ {1370, 40, -2800}, 0, {-1356, -2068}, {161, 112, 94, 255} }},
	{{ {1300, 100, -2883}, 0, {-1504, -2023}, {161, 112, 94, 255} }},
	{{ {1415, 100, -3099}, 0, {-1696, -2255}, {161, 112, 94, 255} }},
	{{ {1188, 100, -2847}, 0, {-1516, -1881}, {161, 112, 94, 255} }},
	{{ {1040, 40, -2798}, 0, {-1512, -1673}, {161, 112, 94, 255} }},
	{{ {1107, 100, -2879}, 0, {-1589, -1805}, {161, 112, 94, 255} }},
	{{ {851, 40, -3095}, 0, {-1948, -1583}, {161, 112, 94, 255} }},
	{{ {926, 100, -3164}, 0, {-2002, -1722}, {161, 112, 94, 255} }},
	{{ {528, 40, -3336}, 0, {-2380, -1326}, {161, 112, 94, 255} }},
	{{ {564, 100, -3434}, 0, {-2490, -1429}, {161, 112, 94, 255} }},
	{{ {125, 40, -3361}, 0, {-2604, -878}, {161, 112, 94, 255} }},
	{{ {113, 100, -3462}, 0, {-2746, -921}, {161, 112, 94, 255} }},
	{{ {137, 0, -3260}, 0, {-2473, -839}, {103, 72, 60, 255} }},
	{{ {777, 0, -3026}, 0, {-1899, -1456}, {103, 72, 60, 255} }},
	{{ {-816, 100, -1027}, 0, {-287, 1413}, {161, 112, 94, 255} }},
	{{ {-105, 100, -1323}, 0, {-287, 429}, {161, 112, 94, 255} }},
	{{ {-1930, 0, -2576}, 0, {-2707, 1973}, {103, 72, 60, 255} }},
	{{ {-1080, 0, -1209}, 0, {-648, 1642}, {103, 72, 60, 255} }},
	{{ {-1842, 0, -2788}, 0, {-2916, 1762}, {103, 72, 60, 255} }},
	{{ {-2142, 0, -2488}, 0, {-2708, 2269}, {103, 72, 60, 255} }},
	{{ {-2354, 0, -2576}, 0, {-2920, 2478}, {103, 72, 60, 255} }},
};

Gfx pss_dl_VISUAL_mesh_layer_1_tri_0[] = {
	gsSPVertex(pss_dl_VISUAL_mesh_layer_1_vtx_0 + 0, 32, 0),
	gsSP2Triangles(0, 1, 2, 0, 3, 0, 2, 0),
	gsSP2Triangles(2, 4, 3, 0, 4, 2, 5, 0),
	gsSP2Triangles(4, 5, 6, 0, 7, 4, 6, 0),
	gsSP2Triangles(6, 8, 7, 0, 8, 9, 7, 0),
	gsSP2Triangles(10, 7, 9, 0, 10, 9, 11, 0),
	gsSP2Triangles(12, 10, 11, 0, 11, 13, 12, 0),
	gsSP2Triangles(11, 14, 13, 0, 13, 14, 15, 0),
	gsSP2Triangles(16, 15, 14, 0, 16, 14, 17, 0),
	gsSP2Triangles(18, 16, 17, 0, 17, 19, 18, 0),
	gsSP2Triangles(19, 20, 18, 0, 21, 20, 19, 0),
	gsSP2Triangles(21, 19, 22, 0, 22, 3, 21, 0),
	gsSP2Triangles(3, 22, 0, 0, 23, 21, 3, 0),
	gsSP2Triangles(24, 23, 3, 0, 3, 25, 24, 0),
	gsSP2Triangles(26, 24, 25, 0, 26, 25, 27, 0),
	gsSP2Triangles(25, 28, 27, 0, 25, 29, 28, 0),
	gsSP2Triangles(30, 28, 29, 0, 31, 30, 29, 0),
	gsSPVertex(pss_dl_VISUAL_mesh_layer_1_vtx_0 + 32, 32, 0),
	gsSP2Triangles(0, 1, 2, 0, 1, 3, 2, 0),
	gsSP2Triangles(3, 1, 4, 0, 5, 4, 1, 0),
	gsSP2Triangles(6, 5, 1, 0, 1, 7, 6, 0),
	gsSP2Triangles(7, 8, 6, 0, 7, 9, 8, 0),
	gsSP2Triangles(7, 10, 9, 0, 11, 10, 7, 0),
	gsSP2Triangles(12, 11, 7, 0, 13, 12, 7, 0),
	gsSP2Triangles(7, 14, 13, 0, 7, 15, 14, 0),
	gsSP2Triangles(7, 16, 15, 0, 17, 15, 16, 0),
	gsSP2Triangles(18, 17, 16, 0, 18, 16, 19, 0),
	gsSP2Triangles(20, 19, 16, 0, 21, 20, 16, 0),
	gsSP2Triangles(16, 22, 21, 0, 22, 23, 21, 0),
	gsSP2Triangles(22, 24, 23, 0, 22, 25, 24, 0),
	gsSP2Triangles(19, 26, 18, 0, 19, 27, 26, 0),
	gsSP2Triangles(28, 26, 27, 0, 28, 27, 29, 0),
	gsSP2Triangles(29, 30, 28, 0, 29, 31, 30, 0),
	gsSPVertex(pss_dl_VISUAL_mesh_layer_1_vtx_0 + 64, 32, 0),
	gsSP2Triangles(0, 1, 2, 0, 3, 0, 2, 0),
	gsSP2Triangles(3, 2, 4, 0, 5, 3, 4, 0),
	gsSP2Triangles(5, 4, 6, 0, 7, 6, 4, 0),
	gsSP2Triangles(7, 8, 6, 0, 9, 6, 8, 0),
	gsSP2Triangles(8, 10, 9, 0, 8, 11, 10, 0),
	gsSP2Triangles(8, 12, 11, 0, 13, 11, 12, 0),
	gsSP2Triangles(13, 12, 14, 0, 15, 11, 13, 0),
	gsSP2Triangles(15, 16, 11, 0, 17, 16, 15, 0),
	gsSP2Triangles(18, 17, 15, 0, 18, 15, 19, 0),
	gsSP2Triangles(19, 15, 13, 0, 19, 13, 20, 0),
	gsSP2Triangles(21, 19, 20, 0, 21, 20, 22, 0),
	gsSP2Triangles(23, 21, 22, 0, 23, 22, 24, 0),
	gsSP2Triangles(25, 23, 24, 0, 25, 24, 26, 0),
	gsSP2Triangles(27, 25, 26, 0, 27, 26, 28, 0),
	gsSP2Triangles(29, 28, 26, 0, 29, 26, 30, 0),
	gsSP1Triangle(30, 31, 29, 0),
	gsSPVertex(pss_dl_VISUAL_mesh_layer_1_vtx_0 + 96, 32, 0),
	gsSP2Triangles(0, 1, 2, 0, 3, 0, 2, 0),
	gsSP2Triangles(3, 2, 4, 0, 5, 3, 4, 0),
	gsSP2Triangles(5, 4, 6, 0, 7, 5, 6, 0),
	gsSP2Triangles(7, 6, 8, 0, 9, 7, 8, 0),
	gsSP2Triangles(9, 8, 10, 0, 11, 9, 10, 0),
	gsSP2Triangles(11, 10, 12, 0, 13, 11, 12, 0),
	gsSP2Triangles(13, 12, 14, 0, 15, 13, 14, 0),
	gsSP2Triangles(15, 14, 16, 0, 17, 15, 16, 0),
	gsSP2Triangles(17, 16, 18, 0, 19, 18, 16, 0),
	gsSP2Triangles(20, 19, 16, 0, 21, 18, 19, 0),
	gsSP2Triangles(18, 21, 22, 0, 22, 21, 23, 0),
	gsSP2Triangles(21, 24, 23, 0, 21, 25, 24, 0),
	gsSP2Triangles(21, 26, 25, 0, 24, 25, 27, 0),
	gsSP2Triangles(28, 27, 25, 0, 28, 29, 27, 0),
	gsSP2Triangles(30, 29, 28, 0, 30, 28, 31, 0),
	gsSPVertex(pss_dl_VISUAL_mesh_layer_1_vtx_0 + 128, 30, 0),
	gsSP2Triangles(0, 1, 2, 0, 0, 2, 3, 0),
	gsSP2Triangles(4, 0, 3, 0, 4, 3, 5, 0),
	gsSP2Triangles(6, 4, 5, 0, 6, 5, 7, 0),
	gsSP2Triangles(7, 5, 8, 0, 7, 8, 9, 0),
	gsSP2Triangles(10, 7, 9, 0, 10, 9, 11, 0),
	gsSP2Triangles(12, 11, 9, 0, 12, 13, 11, 0),
	gsSP2Triangles(14, 13, 12, 0, 15, 14, 12, 0),
	gsSP2Triangles(15, 12, 16, 0, 17, 14, 15, 0),
	gsSP2Triangles(17, 18, 14, 0, 19, 18, 17, 0),
	gsSP2Triangles(19, 17, 20, 0, 17, 21, 20, 0),
	gsSP2Triangles(21, 17, 15, 0, 20, 22, 19, 0),
	gsSP2Triangles(20, 23, 22, 0, 23, 20, 24, 0),
	gsSP2Triangles(23, 24, 25, 0, 22, 23, 25, 0),
	gsSP2Triangles(22, 25, 26, 0, 27, 22, 26, 0),
	gsSP2Triangles(27, 26, 28, 0, 19, 27, 28, 0),
	gsSP2Triangles(19, 28, 29, 0, 18, 19, 29, 0),
	gsSP2Triangles(18, 29, 14, 0, 14, 29, 13, 0),
	gsSP1Triangle(22, 27, 19, 0),
	gsSPVertex(pss_dl_VISUAL_mesh_layer_1_vtx_0 + 158, 32, 0),
	gsSP2Triangles(0, 1, 2, 0, 3, 0, 2, 0),
	gsSP2Triangles(2, 4, 3, 0, 4, 5, 3, 0),
	gsSP2Triangles(6, 3, 5, 0, 6, 5, 7, 0),
	gsSP2Triangles(7, 8, 6, 0, 7, 9, 8, 0),
	gsSP2Triangles(9, 10, 8, 0, 9, 11, 10, 0),
	gsSP2Triangles(6, 8, 12, 0, 6, 12, 13, 0),
	gsSP2Triangles(13, 12, 14, 0, 15, 14, 12, 0),
	gsSP2Triangles(16, 14, 15, 0, 17, 16, 15, 0),
	gsSP2Triangles(18, 16, 17, 0, 19, 18, 17, 0),
	gsSP2Triangles(19, 17, 20, 0, 21, 19, 20, 0),
	gsSP2Triangles(21, 20, 22, 0, 23, 21, 22, 0),
	gsSP2Triangles(23, 22, 24, 0, 25, 23, 24, 0),
	gsSP2Triangles(25, 24, 26, 0, 27, 25, 26, 0),
	gsSP2Triangles(27, 26, 28, 0, 29, 27, 28, 0),
	gsSP2Triangles(29, 28, 30, 0, 31, 29, 30, 0),
	gsSPVertex(pss_dl_VISUAL_mesh_layer_1_vtx_0 + 190, 30, 0),
	gsSP2Triangles(0, 1, 2, 0, 3, 0, 2, 0),
	gsSP2Triangles(3, 2, 4, 0, 5, 3, 4, 0),
	gsSP2Triangles(5, 4, 6, 0, 6, 4, 7, 0),
	gsSP2Triangles(6, 7, 8, 0, 8, 7, 9, 0),
	gsSP2Triangles(9, 10, 8, 0, 9, 11, 10, 0),
	gsSP2Triangles(9, 12, 11, 0, 13, 11, 12, 0),
	gsSP2Triangles(14, 13, 12, 0, 15, 13, 14, 0),
	gsSP2Triangles(16, 15, 14, 0, 15, 17, 13, 0),
	gsSP2Triangles(17, 18, 13, 0, 17, 19, 18, 0),
	gsSP2Triangles(19, 20, 18, 0, 19, 21, 20, 0),
	gsSP2Triangles(21, 22, 20, 0, 21, 23, 22, 0),
	gsSP2Triangles(23, 24, 22, 0, 23, 25, 24, 0),
	gsSP2Triangles(25, 6, 24, 0, 25, 5, 6, 0),
	gsSP2Triangles(24, 6, 8, 0, 24, 8, 26, 0),
	gsSP2Triangles(10, 26, 8, 0, 22, 26, 10, 0),
	gsSP2Triangles(20, 22, 10, 0, 20, 10, 27, 0),
	gsSP2Triangles(11, 27, 10, 0, 18, 27, 11, 0),
	gsSP2Triangles(13, 18, 11, 0, 18, 20, 27, 0),
	gsSP2Triangles(22, 24, 26, 0, 9, 28, 29, 0),
	gsSPVertex(pss_dl_VISUAL_mesh_layer_1_vtx_0 + 220, 5, 0),
	gsSP2Triangles(0, 1, 2, 0, 0, 3, 1, 0),
	gsSP1Triangle(1, 3, 4, 0),
	gsSPEndDisplayList(),
};

Vtx pss_dl_VISUAL_mesh_layer_1_vtx_1[41] = {
	{{ {881, 41, 2933}, 0, {-1705, 28}, {103, 72, 60, 255} }},
	{{ {584, 0, 2550}, 0, {-314, -2063}, {103, 72, 60, 255} }},
	{{ {867, 0, 2950}, 0, {-1943, -54}, {103, 72, 60, 255} }},
	{{ {611, 41, 2550}, 0, {-225, -1834}, {103, 72, 60, 255} }},
	{{ {924, 165, 2879}, 0, {-989, 274}, {161, 112, 94, 255} }},
	{{ {1258, 165, 3018}, 0, {-1062, 1887}, {161, 112, 94, 255} }},
	{{ {1265, 41, 3092}, 0, {-1723, 2194}, {103, 72, 60, 255} }},
	{{ {1267, 0, 3116}, 0, {-1943, 2297}, {103, 72, 60, 255} }},
	{{ {1698, 41, 2810}, 0, {323, 3837}, {103, 72, 60, 255} }},
	{{ {1716, 0, 2824}, 0, {245, 4079}, {103, 72, 60, 255} }},
	{{ {1874, 41, 2354}, 0, {2832, 3737}, {103, 72, 60, 255} }},
	{{ {1899, 0, 2347}, 0, {2972, 3950}, {103, 72, 60, 255} }},
	{{ {1657, 41, 2170}, 0, {3587, 2341}, {103, 72, 60, 255} }},
	{{ {1667, 0, 2150}, 0, {3839, 2399}, {103, 72, 60, 255} }},
	{{ {1267, 41, 2066}, 0, {3417, 187}, {103, 72, 60, 255} }},
	{{ {1267, 0, 2044}, 0, {3645, 90}, {103, 72, 60, 255} }},
	{{ {880, 41, 2169}, 0, {2084, -1441}, {103, 72, 60, 255} }},
	{{ {867, 0, 2150}, 0, {2202, -1655}, {103, 72, 60, 255} }},
	{{ {691, 165, 2550}, 0, {40, -1147}, {161, 112, 94, 255} }},
	{{ {920, 165, 2226}, 0, {1730, -802}, {161, 112, 94, 255} }},
	{{ {878, 286, 2550}, 0, {380, -271}, {161, 112, 94, 255} }},
	{{ {1023, 286, 2755}, 0, {-177, 551}, {161, 112, 94, 255} }},
	{{ {1242, 286, 2846}, 0, {-232, 1500}, {161, 112, 94, 255} }},
	{{ {1242, 336, 2550}, 0, {893, 1082}, {161, 112, 94, 255} }},
	{{ {1614, 286, 2420}, 0, {1879, 2311}, {161, 112, 94, 255} }},
	{{ {1520, 286, 2666}, 0, {832, 2284}, {161, 112, 94, 255} }},
	{{ {1644, 165, 2767}, 0, {559, 3110}, {161, 112, 94, 255} }},
	{{ {1796, 165, 2374}, 0, {2412, 3100}, {161, 112, 94, 255} }},
	{{ {1626, 165, 2230}, 0, {2832, 2168}, {161, 112, 94, 255} }},
	{{ {1267, 165, 2134}, 0, {2733, 479}, {161, 112, 94, 255} }},
	{{ {1013, 286, 2360}, 0, {1285, -53}, {161, 112, 94, 255} }},
	{{ {1267, 286, 2292}, 0, {1919, 809}, {161, 112, 94, 255} }},
	{{ {1242, 336, 2550}, 0, {893, 1082}, {161, 112, 94, 255} }},
	{{ {1553, 286, 2368}, 0, {1995, 2007}, {161, 112, 94, 255} }},
	{{ {1267, 286, 2292}, 0, {1919, 809}, {161, 112, 94, 255} }},
	{{ {1614, 286, 2420}, 0, {1879, 2311}, {161, 112, 94, 255} }},
	{{ {1796, 165, 2374}, 0, {2412, 3100}, {161, 112, 94, 255} }},
	{{ {1644, 165, 2767}, 0, {559, 3110}, {161, 112, 94, 255} }},
	{{ {1520, 286, 2666}, 0, {832, 2284}, {161, 112, 94, 255} }},
	{{ {1626, 165, 2230}, 0, {2832, 2168}, {161, 112, 94, 255} }},
	{{ {1267, 165, 2134}, 0, {2733, 479}, {161, 112, 94, 255} }},
};

Gfx pss_dl_VISUAL_mesh_layer_1_tri_1[] = {
	gsSPVertex(pss_dl_VISUAL_mesh_layer_1_vtx_1 + 0, 32, 0),
	gsSP2Triangles(0, 1, 2, 0, 0, 3, 1, 0),
	gsSP2Triangles(4, 3, 0, 0, 5, 4, 0, 0),
	gsSP2Triangles(5, 0, 6, 0, 6, 0, 2, 0),
	gsSP2Triangles(6, 2, 7, 0, 8, 6, 7, 0),
	gsSP2Triangles(8, 7, 9, 0, 10, 8, 9, 0),
	gsSP2Triangles(10, 9, 11, 0, 12, 10, 11, 0),
	gsSP2Triangles(12, 11, 13, 0, 14, 12, 13, 0),
	gsSP2Triangles(14, 13, 15, 0, 16, 14, 15, 0),
	gsSP2Triangles(16, 15, 17, 0, 3, 16, 17, 0),
	gsSP2Triangles(3, 17, 1, 0, 18, 16, 3, 0),
	gsSP2Triangles(18, 19, 16, 0, 20, 19, 18, 0),
	gsSP2Triangles(21, 20, 18, 0, 21, 18, 4, 0),
	gsSP2Triangles(4, 18, 3, 0, 22, 21, 4, 0),
	gsSP2Triangles(21, 22, 23, 0, 22, 24, 23, 0),
	gsSP2Triangles(22, 25, 24, 0, 25, 22, 5, 0),
	gsSP2Triangles(22, 4, 5, 0, 25, 5, 26, 0),
	gsSP2Triangles(26, 5, 6, 0, 26, 6, 8, 0),
	gsSP2Triangles(27, 26, 8, 0, 27, 8, 10, 0),
	gsSP2Triangles(28, 27, 10, 0, 28, 10, 12, 0),
	gsSP2Triangles(29, 28, 12, 0, 29, 12, 14, 0),
	gsSP2Triangles(19, 29, 14, 0, 19, 14, 16, 0),
	gsSP2Triangles(30, 29, 19, 0, 30, 31, 29, 0),
	gsSP2Triangles(20, 31, 30, 0, 20, 30, 19, 0),
	gsSP2Triangles(20, 23, 31, 0, 21, 23, 20, 0),
	gsSPVertex(pss_dl_VISUAL_mesh_layer_1_vtx_1 + 32, 9, 0),
	gsSP2Triangles(0, 1, 2, 0, 0, 3, 1, 0),
	gsSP2Triangles(1, 3, 4, 0, 3, 5, 4, 0),
	gsSP2Triangles(3, 6, 5, 0, 1, 4, 7, 0),
	gsSP2Triangles(2, 1, 7, 0, 2, 7, 8, 0),
	gsSPEndDisplayList(),
};

Vtx pss_dl_VISUAL_mesh_layer_1_vtx_2[51] = {
	{{ {-3211, 47, -839}, 0, {321, -1172}, {255, 177, 149, 255} }},
	{{ {-3135, 0, -762}, 0, {582, -1782}, {103, 72, 60, 255} }},
	{{ {-2959, 0, -1187}, 0, {-2036, -1811}, {103, 72, 60, 255} }},
	{{ {-3559, 47, -694}, 0, {1774, 340}, {255, 177, 149, 255} }},
	{{ {-3559, 120, -787}, 0, {1181, 581}, {255, 177, 149, 255} }},
	{{ {-3276, 120, -904}, 0, {71, -587}, {255, 177, 149, 255} }},
	{{ {-3066, 47, -1187}, 0, {-1789, -1189}, {255, 177, 149, 255} }},
	{{ {-3135, 0, -1611}, 0, {-3933, 7}, {103, 72, 60, 255} }},
	{{ {-3211, 47, -1535}, 0, {-3320, 272}, {255, 177, 149, 255} }},
	{{ {-3559, 0, -1787}, 0, {-3968, 2644}, {103, 72, 60, 255} }},
	{{ {-3559, 47, -1679}, 0, {-3343, 2395}, {255, 177, 149, 255} }},
	{{ {-3983, 0, -1611}, 0, {-2126, 4563}, {103, 72, 60, 255} }},
	{{ {-3907, 47, -1535}, 0, {-1863, 3938}, {255, 177, 149, 255} }},
	{{ {-4159, 0, -1187}, 0, {549, 4559}, {103, 72, 60, 255} }},
	{{ {-4051, 47, -1187}, 0, {289, 3935}, {255, 177, 149, 255} }},
	{{ {-3983, 0, -762}, 0, {2385, 2680}, {103, 72, 60, 255} }},
	{{ {-3907, 47, -839}, 0, {1775, 2429}, {255, 177, 149, 255} }},
	{{ {-3559, 0, -587}, 0, {2385, 94}, {103, 72, 60, 255} }},
	{{ {-3842, 120, -904}, 0, {1184, 2183}, {255, 177, 149, 255} }},
	{{ {-3959, 120, -1187}, 0, {41, 3335}, {255, 177, 149, 255} }},
	{{ {-3898, 260, -1187}, 0, {-269, 2648}, {255, 177, 149, 255} }},
	{{ {-3799, 260, -947}, 0, {486, 1920}, {255, 177, 149, 255} }},
	{{ {-3559, 260, -847}, 0, {523, 850}, {255, 177, 149, 255} }},
	{{ {-3319, 260, -947}, 0, {-234, 129}, {255, 177, 149, 255} }},
	{{ {-3159, 120, -1187}, 0, {-1550, -587}, {255, 177, 149, 255} }},
	{{ {-3276, 120, -1470}, 0, {-2732, 527}, {255, 177, 149, 255} }},
	{{ {-3559, 120, -1587}, 0, {-2736, 2154}, {255, 177, 149, 255} }},
	{{ {-3842, 120, -1470}, 0, {-1607, 3342}, {255, 177, 149, 255} }},
	{{ {-3799, 260, -1427}, 0, {-1298, 2609}, {255, 177, 149, 255} }},
	{{ {-3559, 260, -1526}, 0, {-2064, 1885}, {255, 177, 149, 255} }},
	{{ {-3559, 370, -1370}, 0, {-1386, 1584}, {255, 177, 149, 255} }},
	{{ {-3689, 370, -1317}, 0, {-1043, 1954}, {255, 177, 149, 255} }},
	{{ {-3689, 370, -1317}, 0, {-1043, 1954}, {255, 177, 149, 255} }},
	{{ {-3898, 260, -1187}, 0, {-269, 2648}, {255, 177, 149, 255} }},
	{{ {-3742, 370, -1187}, 0, {-533, 1969}, {255, 177, 149, 255} }},
	{{ {-3799, 260, -947}, 0, {486, 1920}, {255, 177, 149, 255} }},
	{{ {-3689, 370, -1057}, 0, {-171, 1606}, {255, 177, 149, 255} }},
	{{ {-3559, 260, -847}, 0, {523, 850}, {255, 177, 149, 255} }},
	{{ {-3559, 370, -1003}, 0, {-173, 1099}, {255, 177, 149, 255} }},
	{{ {-3319, 260, -947}, 0, {-234, 129}, {255, 177, 149, 255} }},
	{{ {-3429, 370, -1057}, 0, {-525, 750}, {255, 177, 149, 255} }},
	{{ {-3220, 260, -1187}, 0, {-1283, 83}, {255, 177, 149, 255} }},
	{{ {-3159, 120, -1187}, 0, {-1550, -587}, {255, 177, 149, 255} }},
	{{ {-3276, 120, -1470}, 0, {-2732, 527}, {255, 177, 149, 255} }},
	{{ {-3319, 260, -1427}, 0, {-2013, 838}, {255, 177, 149, 255} }},
	{{ {-3559, 120, -1587}, 0, {-2736, 2154}, {255, 177, 149, 255} }},
	{{ {-3559, 260, -1526}, 0, {-2064, 1885}, {255, 177, 149, 255} }},
	{{ {-3842, 120, -1470}, 0, {-1607, 3342}, {255, 177, 149, 255} }},
	{{ {-3429, 370, -1317}, 0, {-1371, 1089}, {255, 177, 149, 255} }},
	{{ {-3375, 370, -1187}, 0, {-1012, 759}, {255, 177, 149, 255} }},
	{{ {-3559, 370, -1370}, 0, {-1386, 1584}, {255, 177, 149, 255} }},
};

Gfx pss_dl_VISUAL_mesh_layer_1_tri_2[] = {
	gsSPVertex(pss_dl_VISUAL_mesh_layer_1_vtx_2 + 0, 32, 0),
	gsSP2Triangles(0, 1, 2, 0, 3, 1, 0, 0),
	gsSP2Triangles(4, 3, 0, 0, 4, 0, 5, 0),
	gsSP2Triangles(5, 0, 6, 0, 0, 2, 6, 0),
	gsSP2Triangles(6, 2, 7, 0, 6, 7, 8, 0),
	gsSP2Triangles(8, 7, 9, 0, 8, 9, 10, 0),
	gsSP2Triangles(10, 9, 11, 0, 10, 11, 12, 0),
	gsSP2Triangles(12, 11, 13, 0, 12, 13, 14, 0),
	gsSP2Triangles(14, 13, 15, 0, 14, 15, 16, 0),
	gsSP2Triangles(16, 15, 17, 0, 16, 17, 3, 0),
	gsSP2Triangles(3, 17, 1, 0, 18, 16, 3, 0),
	gsSP2Triangles(19, 16, 18, 0, 20, 19, 18, 0),
	gsSP2Triangles(20, 18, 21, 0, 21, 18, 4, 0),
	gsSP2Triangles(18, 3, 4, 0, 21, 4, 22, 0),
	gsSP2Triangles(22, 4, 5, 0, 22, 5, 23, 0),
	gsSP2Triangles(23, 5, 24, 0, 5, 6, 24, 0),
	gsSP2Triangles(24, 6, 8, 0, 24, 8, 25, 0),
	gsSP2Triangles(25, 8, 10, 0, 25, 10, 26, 0),
	gsSP2Triangles(26, 10, 12, 0, 26, 12, 27, 0),
	gsSP2Triangles(27, 12, 14, 0, 27, 14, 19, 0),
	gsSP2Triangles(19, 14, 16, 0, 28, 27, 19, 0),
	gsSP2Triangles(29, 27, 28, 0, 30, 29, 28, 0),
	gsSP2Triangles(30, 28, 31, 0, 31, 28, 20, 0),
	gsSP1Triangle(28, 19, 20, 0),
	gsSPVertex(pss_dl_VISUAL_mesh_layer_1_vtx_2 + 32, 19, 0),
	gsSP2Triangles(0, 1, 2, 0, 2, 1, 3, 0),
	gsSP2Triangles(2, 3, 4, 0, 4, 3, 5, 0),
	gsSP2Triangles(4, 5, 6, 0, 6, 5, 7, 0),
	gsSP2Triangles(6, 7, 8, 0, 8, 7, 9, 0),
	gsSP2Triangles(7, 10, 9, 0, 9, 10, 11, 0),
	gsSP2Triangles(9, 11, 12, 0, 12, 11, 13, 0),
	gsSP2Triangles(12, 13, 14, 0, 14, 13, 15, 0),
	gsSP2Triangles(16, 12, 14, 0, 17, 12, 16, 0),
	gsSP2Triangles(17, 16, 18, 0, 16, 14, 18, 0),
	gsSP2Triangles(6, 17, 18, 0, 6, 8, 17, 0),
	gsSP2Triangles(8, 9, 17, 0, 17, 9, 12, 0),
	gsSP2Triangles(18, 2, 6, 0, 18, 0, 2, 0),
	gsSP1Triangle(2, 4, 6, 0),
	gsSPEndDisplayList(),
};

Vtx pss_dl_VISUAL_mesh_layer_1_vtx_3[80] = {
	{{ {-397, 500, -473}, 0, {2108, 1206}, {136, 224, 100, 255} }},
	{{ {-551, 500, -410}, 0, {1687, 1380}, {136, 224, 100, 255} }},
	{{ {-387, 500, -297}, 0, {2134, 1689}, {136, 224, 100, 255} }},
	{{ {-705, 500, -473}, 0, {1266, 1206}, {136, 224, 100, 255} }},
	{{ {-130, 500, 87}, 0, {2838, 2739}, {136, 224, 100, 255} }},
	{{ {-772, 500, 87}, 0, {1084, 2739}, {136, 224, 100, 255} }},
	{{ {-769, 500, -627}, 0, {1092, 785}, {136, 224, 100, 255} }},
	{{ {-904, 500, -233}, 0, {721, 1862}, {136, 224, 100, 255} }},
	{{ {-451, 500, 220}, 0, {1961, 3102}, {136, 224, 100, 255} }},
	{{ {-2, 500, -244}, 0, {3186, 1834}, {136, 224, 100, 255} }},
	{{ {-131, 500, -190}, 0, {2835, 1980}, {136, 224, 100, 255} }},
	{{ {-387, 800, -810}, 0, {2134, 286}, {136, 224, 100, 121} }},
	{{ {126, 800, -810}, 0, {3537, 286}, {136, 224, 100, 234} }},
	{{ {-131, 800, -916}, 0, {2835, -4}, {136, 224, 100, 200} }},
	{{ {-333, 800, -627}, 0, {2282, 785}, {136, 224, 100, 159} }},
	{{ {-397, 800, -473}, 0, {2108, 1206}, {136, 224, 100, 255} }},
	{{ {126, 800, -297}, 0, {3537, 1689}, {136, 224, 100, 255} }},
	{{ {-387, 800, -297}, 0, {2134, 1689}, {136, 224, 100, 255} }},
	{{ {-131, 800, -190}, 0, {2835, 1980}, {136, 224, 100, 255} }},
	{{ {232, 800, -553}, 0, {3827, 988}, {136, 224, 100, 255} }},
	{{ {-551, 1000, -845}, 0, {1687, 190}, {136, 224, 100, 197} }},
	{{ {-705, 1000, -781}, 0, {1266, 364}, {136, 224, 100, 255} }},
	{{ {-769, 1000, -627}, 0, {1092, 785}, {136, 224, 100, 255} }},
	{{ {-551, 1000, -410}, 0, {1687, 1380}, {136, 224, 100, 199} }},
	{{ {-705, 1000, -473}, 0, {1266, 1206}, {136, 224, 100, 196} }},
	{{ {-333, 1000, -627}, 0, {2282, 785}, {136, 224, 100, 177} }},
	{{ {-397, 1000, -473}, 0, {2108, 1206}, {136, 224, 100, 237} }},
	{{ {-387, 1000, -810}, 0, {2134, 286}, {136, 224, 100, 138} }},
	{{ {-772, 200, 87}, 0, {1084, 2739}, {136, 224, 100, 255} }},
	{{ {-671, 200, 332}, 0, {1360, 3409}, {136, 224, 100, 255} }},
	{{ {-105, 200, 567}, 0, {2906, 4049}, {136, 224, 100, 255} }},
	{{ {-451, 200, 220}, 0, {1961, 3102}, {136, 224, 100, 255} }},
	{{ {-105, 200, 567}, 0, {2906, 4049}, {136, 224, 100, 255} }},
	{{ {-130, 200, 87}, 0, {2838, 2739}, {136, 224, 100, 255} }},
	{{ {-451, 200, 220}, 0, {1961, 3102}, {136, 224, 100, 255} }},
	{{ {461, 200, 332}, 0, {4452, 3409}, {136, 224, 100, 255} }},
	{{ {126, 200, -297}, 0, {3537, 1689}, {136, 224, 100, 255} }},
	{{ {232, 200, -553}, 0, {3827, 988}, {136, 224, 100, 255} }},
	{{ {695, 200, -233}, 0, {5093, 1862}, {136, 224, 100, 255} }},
	{{ {461, 200, -799}, 0, {4452, 316}, {136, 224, 100, 255} }},
	{{ {126, 200, -810}, 0, {3537, 286}, {136, 224, 100, 255} }},
	{{ {-105, 200, -1033}, 0, {2906, -324}, {136, 224, 100, 255} }},
	{{ {-131, 200, -916}, 0, {2835, -4}, {136, 224, 100, 255} }},
	{{ {-387, 200, -810}, 0, {2134, 286}, {136, 224, 100, 255} }},
	{{ {-551, 200, -845}, 0, {1687, 190}, {136, 224, 100, 255} }},
	{{ {-2, 200, -244}, 0, {3186, 1834}, {136, 224, 100, 255} }},
	{{ {1188, 100, -2847}, 0, {6440, -5282}, {136, 224, 100, 255} }},
	{{ {1300, 100, -2883}, 0, {6747, -5381}, {136, 224, 100, 255} }},
	{{ {1415, 100, -3099}, 0, {7061, -5971}, {136, 224, 100, 255} }},
	{{ {1222, 100, -3729}, 0, {6533, -7692}, {136, 224, 100, 255} }},
	{{ {1424, 100, -3375}, 0, {7085, -6725}, {136, 224, 100, 255} }},
	{{ {926, 100, -3164}, 0, {5724, -6148}, {136, 224, 100, 255} }},
	{{ {1107, 100, -2879}, 0, {6219, -5369}, {136, 224, 100, 255} }},
	{{ {564, 100, -3434}, 0, {4734, -6887}, {136, 224, 100, 255} }},
	{{ {-283, 100, -3736}, 0, {2419, -7713}, {136, 224, 100, 255} }},
	{{ {252, 100, -4084}, 0, {3883, -8664}, {136, 224, 100, 255} }},
	{{ {793, 100, -4059}, 0, {5360, -8595}, {136, 224, 100, 255} }},
	{{ {-123, 100, -3942}, 0, {2858, -8276}, {136, 224, 100, 255} }},
	{{ {-355, 100, -3480}, 0, {2223, -7013}, {136, 224, 100, 255} }},
	{{ {-304, 100, -3362}, 0, {2361, -6690}, {136, 224, 100, 255} }},
	{{ {113, 100, -3462}, 0, {3502, -6963}, {136, 224, 100, 255} }},
	{{ {-221, 100, -3358}, 0, {2590, -6678}, {136, 224, 100, 255} }},
	{{ {-3338, 300, 1751}, 0, {-5931, 7286}, {136, 224, 100, 255} }},
	{{ {-3200, 300, 2156}, 0, {-5553, 8394}, {136, 224, 100, 255} }},
	{{ {-2815, 300, 2345}, 0, {-4501, 8911}, {136, 224, 100, 255} }},
	{{ {-2220, 300, 1822}, 0, {-2876, 7481}, {136, 224, 100, 255} }},
	{{ {-2409, 300, 2207}, 0, {-3393, 8532}, {136, 224, 100, 255} }},
	{{ {-2035, 150, 2416}, 0, {-2371, 9104}, {136, 224, 100, 255} }},
	{{ {-2441, 150, 2555}, 0, {-3479, 9482}, {136, 224, 100, 255} }},
	{{ {-2262, 75, 2779}, 0, {-2989, 10096}, {136, 224, 100, 255} }},
	{{ {-1661, 0, 2625}, 0, {-1349, 9676}, {136, 224, 100, 255} }},
	{{ {-2082, 0, 3003}, 0, {-2499, 10709}, {136, 224, 100, 255} }},
	{{ {-1473, 0, 2240}, 0, {-832, 8624}, {136, 224, 100, 255} }},
	{{ {-1846, 150, 2031}, 0, {-1854, 8052}, {136, 224, 100, 255} }},
	{{ {-1985, 150, 1626}, 0, {-2233, 6944}, {136, 224, 100, 255} }},
	{{ {-1790, 75, 1611}, 0, {-1701, 6902}, {136, 224, 100, 255} }},
	{{ {-1596, 0, 1595}, 0, {-1169, 6861}, {136, 224, 100, 255} }},
	{{ {-2359, 300, 1417}, 0, {-3255, 6372}, {136, 224, 100, 255} }},
	{{ {-2743, 300, 1228}, 0, {-4306, 5856}, {136, 224, 100, 255} }},
	{{ {-3149, 300, 1366}, 0, {-5415, 6234}, {136, 224, 100, 255} }},
};

Gfx pss_dl_VISUAL_mesh_layer_1_tri_3[] = {
	gsSPVertex(pss_dl_VISUAL_mesh_layer_1_vtx_3 + 0, 32, 0),
	gsSP2Triangles(0, 1, 2, 0, 2, 1, 3, 0),
	gsSP2Triangles(4, 2, 3, 0, 5, 4, 3, 0),
	gsSP2Triangles(3, 6, 5, 0, 6, 7, 5, 0),
	gsSP2Triangles(5, 8, 4, 0, 4, 9, 10, 0),
	gsSP2Triangles(4, 10, 2, 0, 11, 12, 13, 0),
	gsSP2Triangles(11, 14, 12, 0, 12, 14, 15, 0),
	gsSP2Triangles(16, 12, 15, 0, 15, 17, 16, 0),
	gsSP2Triangles(17, 18, 16, 0, 16, 19, 12, 0),
	gsSP2Triangles(20, 21, 22, 0, 20, 22, 23, 0),
	gsSP2Triangles(22, 24, 23, 0, 23, 25, 20, 0),
	gsSP2Triangles(23, 26, 25, 0, 25, 27, 20, 0),
	gsSP2Triangles(28, 29, 30, 0, 31, 28, 30, 0),
	gsSPVertex(pss_dl_VISUAL_mesh_layer_1_vtx_3 + 32, 30, 0),
	gsSP2Triangles(0, 1, 2, 0, 0, 3, 1, 0),
	gsSP2Triangles(4, 1, 3, 0, 3, 5, 4, 0),
	gsSP2Triangles(3, 6, 5, 0, 5, 6, 7, 0),
	gsSP2Triangles(8, 5, 7, 0, 7, 9, 8, 0),
	gsSP2Triangles(9, 10, 8, 0, 9, 11, 10, 0),
	gsSP2Triangles(9, 12, 11, 0, 4, 13, 1, 0),
	gsSP2Triangles(14, 15, 16, 0, 14, 16, 17, 0),
	gsSP2Triangles(16, 18, 17, 0, 19, 14, 17, 0),
	gsSP2Triangles(19, 20, 14, 0, 17, 21, 19, 0),
	gsSP2Triangles(17, 22, 21, 0, 17, 23, 22, 0),
	gsSP2Triangles(17, 24, 23, 0, 23, 25, 22, 0),
	gsSP2Triangles(22, 26, 27, 0, 22, 27, 28, 0),
	gsSP2Triangles(27, 29, 28, 0, 22, 28, 21, 0),
	gsSPVertex(pss_dl_VISUAL_mesh_layer_1_vtx_3 + 62, 18, 0),
	gsSP2Triangles(0, 1, 2, 0, 0, 2, 3, 0),
	gsSP2Triangles(2, 4, 3, 0, 2, 5, 4, 0),
	gsSP2Triangles(2, 6, 5, 0, 5, 6, 7, 0),
	gsSP2Triangles(7, 8, 5, 0, 7, 9, 8, 0),
	gsSP2Triangles(5, 8, 10, 0, 5, 10, 11, 0),
	gsSP2Triangles(12, 11, 10, 0, 10, 13, 12, 0),
	gsSP2Triangles(10, 14, 13, 0, 3, 11, 12, 0),
	gsSP2Triangles(4, 11, 3, 0, 4, 5, 11, 0),
	gsSP2Triangles(3, 12, 15, 0, 3, 15, 16, 0),
	gsSP2Triangles(3, 16, 0, 0, 16, 17, 0, 0),
	gsSPEndDisplayList(),
};

Vtx pss_dl_VISUAL_mesh_layer_1_vtx_4[93] = {
	{{ {-905, 200, -233}, 0, {1659, 6647}, {255, 177, 149, 255} }},
	{{ {-769, 500, -627}, 0, {562, 7696}, {255, 177, 149, 255} }},
	{{ {-769, 200, -627}, 0, {1659, 7696}, {255, 177, 149, 255} }},
	{{ {-904, 500, -233}, 0, {562, 6648}, {164, 114, 96, 255} }},
	{{ {-772, 500, 87}, 0, {560, 5480}, {161, 112, 94, 255} }},
	{{ {-772, 200, 87}, 0, {1657, 5478}, {255, 177, 149, 255} }},
	{{ {-451, 500, 220}, 0, {558, 4372}, {173, 120, 101, 255} }},
	{{ {-451, 200, 220}, 0, {1655, 4371}, {255, 177, 149, 255} }},
	{{ {-130, 500, 87}, 0, {557, 3103}, {162, 113, 95, 255} }},
	{{ {-130, 200, 87}, 0, {1653, 3102}, {255, 177, 149, 255} }},
	{{ {-2, 500, -244}, 0, {555, 1807}, {255, 177, 149, 255} }},
	{{ {-2, 200, -244}, 0, {1651, 1805}, {255, 177, 149, 255} }},
	{{ {-131, 200, -916}, 0, {1646, -1748}, {255, 177, 149, 255} }},
	{{ {-387, 800, -810}, 0, {-548, -2992}, {213, 148, 124, 121} }},
	{{ {-131, 800, -916}, 0, {-547, -1745}, {161, 112, 94, 200} }},
	{{ {-387, 200, -810}, 0, {1645, -2995}, {255, 177, 149, 255} }},
	{{ {-551, 1000, -845}, 0, {-1280, -3370}, {179, 125, 104, 197} }},
	{{ {-551, 200, -845}, 0, {1644, -3374}, {255, 177, 149, 255} }},
	{{ {-705, 1000, -781}, 0, {-1281, -3979}, {171, 119, 100, 255} }},
	{{ {-705, 200, -781}, 0, {1643, -3983}, {255, 177, 149, 255} }},
	{{ {-769, 200, -627}, 0, {1642, -4592}, {255, 177, 149, 255} }},
	{{ {-769, 500, -627}, 0, {545, -4591}, {232, 161, 135, 255} }},
	{{ {-769, 750, -627}, 0, {-368, -4589}, {182, 126, 106, 255} }},
	{{ {-705, 500, -473}, 0, {545, -5200}, {255, 177, 149, 255} }},
	{{ {-769, 1000, -627}, 0, {-1282, -4588}, {161, 112, 94, 255} }},
	{{ {-705, 1000, -473}, 0, {-1283, -5197}, {162, 113, 95, 196} }},
	{{ {-551, 1000, -410}, 0, {-1284, -5806}, {169, 117, 98, 199} }},
	{{ {-551, 500, -410}, 0, {544, -5809}, {255, 177, 149, 255} }},
	{{ {-397, 800, -473}, 0, {-554, -6416}, {203, 141, 118, 255} }},
	{{ {-397, 500, -473}, 0, {543, -6418}, {255, 177, 149, 255} }},
	{{ {-397, 1000, -473}, 0, {-1285, -6415}, {162, 112, 94, 237} }},
	{{ {126, 800, -810}, 0, {-545, -729}, {161, 112, 94, 234} }},
	{{ {-131, 200, -916}, 0, {1646, -1748}, {255, 177, 149, 255} }},
	{{ {-131, 800, -916}, 0, {-547, -1745}, {161, 112, 94, 200} }},
	{{ {126, 200, -810}, 0, {1647, -733}, {255, 177, 149, 255} }},
	{{ {232, 800, -553}, 0, {-544, 286}, {162, 113, 95, 255} }},
	{{ {232, 200, -553}, 0, {1649, 283}, {255, 177, 149, 255} }},
	{{ {126, 500, -297}, 0, {554, 1299}, {255, 177, 149, 255} }},
	{{ {126, 800, -297}, 0, {-542, 1301}, {161, 112, 94, 255} }},
	{{ {-131, 650, -190}, 0, {7, 2315}, {217, 151, 127, 255} }},
	{{ {-131, 800, -190}, 0, {-541, 2316}, {168, 117, 98, 255} }},
	{{ {-387, 500, -297}, 0, {557, 3329}, {255, 177, 149, 255} }},
	{{ {-387, 800, -297}, 0, {-540, 3331}, {162, 113, 95, 255} }},
	{{ {-397, 800, -473}, 0, {-539, 3823}, {203, 141, 118, 255} }},
	{{ {-397, 500, -473}, 0, {558, 3821}, {255, 177, 149, 255} }},
	{{ {-131, 500, -190}, 0, {555, 2314}, {255, 177, 149, 255} }},
	{{ {-2, 500, -244}, 0, {555, 1807}, {254, 177, 148, 255} }},
	{{ {126, 200, -297}, 0, {1650, 1298}, {255, 177, 149, 255} }},
	{{ {-2, 200, -244}, 0, {1651, 1805}, {255, 177, 149, 255} }},
	{{ {-1596, 0, 1595}, 0, {415, 6127}, {161, 112, 94, 255} }},
	{{ {-1999, 75, 1544}, 0, {630, 5110}, {255, 177, 149, 255} }},
	{{ {-1790, 75, 1611}, 0, {383, 5602}, {255, 177, 149, 255} }},
	{{ {-2013, 0, 1462}, 0, {910, 5142}, {161, 112, 94, 255} }},
	{{ {-2245, 0, 1333}, 0, {1300, 4599}, {161, 112, 94, 255} }},
	{{ {-2302, 150, 1375}, 0, {1009, 4298}, {255, 177, 149, 255} }},
	{{ {-2722, 0, 1098}, 0, {2066, 3498}, {161, 112, 94, 255} }},
	{{ {-2733, 150, 1163}, 0, {1703, 3304}, {255, 177, 149, 255} }},
	{{ {-3226, 0, 1270}, 0, {2465, 2219}, {161, 112, 94, 255} }},
	{{ {-3187, 150, 1318}, 0, {2062, 2149}, {255, 177, 149, 255} }},
	{{ {-3460, 0, 1747}, 0, {2480, 880}, {161, 112, 94, 255} }},
	{{ {-3399, 150, 1749}, 0, {2076, 939}, {255, 177, 149, 255} }},
	{{ {-3288, 0, 2251}, 0, {2112, -408}, {161, 112, 94, 255} }},
	{{ {-3244, 150, 2204}, 0, {1744, -224}, {255, 177, 149, 255} }},
	{{ {-3244, 150, 2204}, 0, {1744, -224}, {255, 177, 149, 255} }},
	{{ {-3288, 0, 2251}, 0, {2112, -408}, {161, 112, 94, 255} }},
	{{ {-2811, 0, 2485}, 0, {1375, -1529}, {161, 112, 94, 255} }},
	{{ {-2813, 150, 2415}, 0, {1077, -1236}, {255, 177, 149, 255} }},
	{{ {-2510, 75, 2585}, 0, {756, -2072}, {255, 177, 149, 255} }},
	{{ {-2579, 0, 2615}, 0, {1022, -2098}, {161, 112, 94, 255} }},
	{{ {-2082, 0, 3003}, 0, {351, -3534}, {161, 112, 94, 255} }},
	{{ {-2262, 75, 2779}, 0, {420, -2791}, {254, 177, 149, 255} }},
	{{ {-2441, 150, 2555}, 0, {490, -2047}, {255, 177, 149, 255} }},
	{{ {-2262, 75, 2779}, 0, {420, -2791}, {255, 177, 149, 255} }},
	{{ {-2815, 300, 2345}, 0, {782, -941}, {255, 177, 149, 255} }},
	{{ {-3200, 300, 2156}, 0, {1376, -39}, {255, 177, 149, 255} }},
	{{ {-3338, 300, 1751}, 0, {1673, 999}, {255, 177, 149, 255} }},
	{{ {-3399, 150, 1749}, 0, {2076, 939}, {255, 177, 149, 255} }},
	{{ {-3149, 300, 1366}, 0, {1660, 2078}, {255, 177, 149, 255} }},
	{{ {-3187, 150, 1318}, 0, {2062, 2149}, {255, 177, 149, 255} }},
	{{ {-2743, 300, 1228}, 0, {1339, 3109}, {255, 177, 149, 255} }},
	{{ {-2733, 150, 1163}, 0, {1703, 3304}, {255, 177, 149, 255} }},
	{{ {-2359, 300, 1417}, 0, {721, 3995}, {255, 177, 149, 255} }},
	{{ {-2302, 150, 1375}, 0, {1009, 4298}, {255, 177, 149, 255} }},
	{{ {-1985, 150, 1626}, 0, {351, 5077}, {255, 177, 149, 255} }},
	{{ {-1999, 75, 1544}, 0, {630, 5110}, {255, 177, 149, 255} }},
	{{ {-1790, 75, 1611}, 0, {383, 5602}, {255, 177, 149, 255} }},
	{{ {-551, 1000, -845}, 0, {-1280, -3370}, {179, 125, 104, 197} }},
	{{ {-387, 1000, -810}, 0, {-1279, -2990}, {161, 112, 94, 138} }},
	{{ {-387, 800, -810}, 0, {-548, -2992}, {213, 148, 124, 121} }},
	{{ {-333, 1000, -627}, 0, {-1278, -2668}, {165, 114, 96, 177} }},
	{{ {-333, 800, -627}, 0, {-547, -2669}, {255, 177, 149, 159} }},
	{{ {-397, 1000, -473}, 0, {-1277, -2320}, {162, 112, 94, 237} }},
	{{ {-397, 800, -473}, 0, {-546, -2321}, {203, 141, 118, 255} }},
};

Gfx pss_dl_VISUAL_mesh_layer_1_tri_4[] = {
	gsSPVertex(pss_dl_VISUAL_mesh_layer_1_vtx_4 + 0, 31, 0),
	gsSP2Triangles(0, 1, 2, 0, 0, 3, 1, 0),
	gsSP2Triangles(4, 3, 0, 0, 4, 0, 5, 0),
	gsSP2Triangles(6, 4, 5, 0, 6, 5, 7, 0),
	gsSP2Triangles(8, 6, 7, 0, 8, 7, 9, 0),
	gsSP2Triangles(10, 8, 9, 0, 10, 9, 11, 0),
	gsSP2Triangles(12, 13, 14, 0, 12, 15, 13, 0),
	gsSP2Triangles(16, 13, 15, 0, 16, 15, 17, 0),
	gsSP2Triangles(18, 16, 17, 0, 18, 17, 19, 0),
	gsSP2Triangles(18, 19, 20, 0, 18, 20, 21, 0),
	gsSP2Triangles(21, 22, 18, 0, 22, 21, 23, 0),
	gsSP2Triangles(23, 24, 22, 0, 23, 25, 24, 0),
	gsSP2Triangles(26, 25, 23, 0, 26, 23, 27, 0),
	gsSP2Triangles(26, 27, 28, 0, 29, 28, 27, 0),
	gsSP2Triangles(26, 28, 30, 0, 22, 24, 18, 0),
	gsSPVertex(pss_dl_VISUAL_mesh_layer_1_vtx_4 + 31, 32, 0),
	gsSP2Triangles(0, 1, 2, 0, 0, 3, 1, 0),
	gsSP2Triangles(4, 3, 0, 0, 4, 5, 3, 0),
	gsSP2Triangles(6, 5, 4, 0, 4, 7, 6, 0),
	gsSP2Triangles(7, 8, 6, 0, 7, 9, 8, 0),
	gsSP2Triangles(10, 8, 9, 0, 9, 11, 10, 0),
	gsSP2Triangles(10, 11, 12, 0, 10, 12, 13, 0),
	gsSP2Triangles(10, 14, 8, 0, 8, 14, 15, 0),
	gsSP2Triangles(6, 8, 15, 0, 6, 15, 16, 0),
	gsSP2Triangles(15, 17, 16, 0, 6, 16, 5, 0),
	gsSP2Triangles(18, 19, 20, 0, 18, 21, 19, 0),
	gsSP2Triangles(22, 19, 21, 0, 22, 23, 19, 0),
	gsSP2Triangles(23, 22, 24, 0, 23, 24, 25, 0),
	gsSP2Triangles(25, 24, 26, 0, 25, 26, 27, 0),
	gsSP2Triangles(27, 26, 28, 0, 27, 28, 29, 0),
	gsSP2Triangles(29, 28, 30, 0, 29, 30, 31, 0),
	gsSPVertex(pss_dl_VISUAL_mesh_layer_1_vtx_4 + 63, 30, 0),
	gsSP2Triangles(0, 1, 2, 0, 0, 2, 3, 0),
	gsSP2Triangles(2, 4, 3, 0, 2, 5, 4, 0),
	gsSP2Triangles(6, 4, 5, 0, 6, 7, 4, 0),
	gsSP2Triangles(3, 4, 8, 0, 9, 8, 4, 0),
	gsSP2Triangles(3, 8, 10, 0, 11, 3, 10, 0),
	gsSP2Triangles(11, 0, 3, 0, 12, 0, 11, 0),
	gsSP2Triangles(12, 13, 0, 0, 14, 13, 12, 0),
	gsSP2Triangles(14, 15, 13, 0, 16, 15, 14, 0),
	gsSP2Triangles(16, 17, 15, 0, 18, 17, 16, 0),
	gsSP2Triangles(18, 19, 17, 0, 19, 18, 20, 0),
	gsSP2Triangles(19, 20, 21, 0, 21, 20, 22, 0),
	gsSP2Triangles(23, 24, 25, 0, 26, 25, 24, 0),
	gsSP2Triangles(26, 27, 25, 0, 28, 27, 26, 0),
	gsSP1Triangle(28, 29, 27, 0),
	gsSPEndDisplayList(),
};

Vtx pss_dl_VISUAL_mesh_layer_1_vtx_5[51] = {
	{{ {-1968, 47, -2614}, 0, {2020, 3452}, {255, 177, 149, 255} }},
	{{ {-1930, 0, -2576}, 0, {2213, 3917}, {159, 111, 96, 255} }},
	{{ {-1842, 0, -2788}, 0, {3917, 2213}, {159, 111, 96, 255} }},
	{{ {-2142, 47, -2542}, 0, {-4, 3452}, {255, 177, 149, 255} }},
	{{ {-2142, 120, -2588}, 0, {226, 2895}, {255, 177, 149, 255} }},
	{{ {-2000, 120, -2647}, 0, {1790, 2895}, {255, 177, 149, 255} }},
	{{ {-1896, 47, -2788}, 0, {3452, 2020}, {255, 177, 149, 255} }},
	{{ {-1930, 0, -3001}, 0, {3917, -197}, {159, 111, 96, 255} }},
	{{ {-1968, 47, -2962}, 0, {3452, -4}, {255, 177, 149, 255} }},
	{{ {-2142, 0, -3088}, 0, {2213, -1901}, {159, 111, 96, 255} }},
	{{ {-2142, 47, -3035}, 0, {2020, -1436}, {255, 177, 149, 255} }},
	{{ {-2354, 0, -3001}, 0, {-197, -1901}, {159, 111, 96, 255} }},
	{{ {-2316, 47, -2962}, 0, {-4, -1436}, {255, 177, 149, 255} }},
	{{ {-2442, 0, -2788}, 0, {-1901, -197}, {159, 111, 96, 255} }},
	{{ {-2388, 47, -2788}, 0, {-1436, -4}, {255, 177, 149, 255} }},
	{{ {-2354, 0, -2576}, 0, {-1901, 2213}, {159, 111, 96, 255} }},
	{{ {-2316, 47, -2614}, 0, {-1436, 2020}, {255, 177, 149, 255} }},
	{{ {-2142, 0, -2488}, 0, {-197, 3917}, {159, 111, 96, 255} }},
	{{ {-2283, 120, -2647}, 0, {-879, 1790}, {255, 177, 149, 255} }},
	{{ {-2342, 120, -2788}, 0, {-879, 226}, {255, 177, 149, 255} }},
	{{ {-2322, 210, -2788}, 0, {-307, 463}, {255, 177, 149, 255} }},
	{{ {-2269, 210, -2661}, 0, {-307, 1553}, {255, 177, 149, 255} }},
	{{ {-2142, 210, -2608}, 0, {463, 2323}, {255, 177, 149, 255} }},
	{{ {-2014, 210, -2661}, 0, {1553, 2323}, {255, 177, 149, 255} }},
	{{ {-1942, 120, -2788}, 0, {2895, 1790}, {255, 177, 149, 255} }},
	{{ {-2000, 120, -2930}, 0, {2895, 226}, {255, 177, 149, 255} }},
	{{ {-2142, 120, -2988}, 0, {1790, -879}, {255, 177, 149, 255} }},
	{{ {-2283, 120, -2930}, 0, {226, -879}, {255, 177, 149, 255} }},
	{{ {-2269, 210, -2916}, 0, {463, -307}, {255, 177, 149, 255} }},
	{{ {-2142, 210, -2969}, 0, {1553, -307}, {255, 177, 149, 255} }},
	{{ {-2142, 264, -2908}, 0, {1333, 223}, {255, 177, 149, 255} }},
	{{ {-2226, 264, -2873}, 0, {683, 223}, {255, 177, 149, 255} }},
	{{ {-2226, 264, -2873}, 0, {683, 223}, {255, 177, 149, 255} }},
	{{ {-2322, 210, -2788}, 0, {-307, 463}, {255, 177, 149, 255} }},
	{{ {-2262, 264, -2788}, 0, {223, 683}, {255, 177, 149, 255} }},
	{{ {-2269, 210, -2661}, 0, {-307, 1553}, {255, 177, 149, 255} }},
	{{ {-2226, 264, -2704}, 0, {223, 1333}, {255, 177, 149, 255} }},
	{{ {-2142, 210, -2608}, 0, {463, 2323}, {255, 177, 149, 255} }},
	{{ {-2142, 264, -2669}, 0, {683, 1793}, {255, 177, 149, 255} }},
	{{ {-2014, 210, -2661}, 0, {1553, 2323}, {255, 177, 149, 255} }},
	{{ {-2057, 264, -2704}, 0, {1333, 1793}, {255, 177, 149, 255} }},
	{{ {-1961, 210, -2788}, 0, {2323, 1553}, {255, 177, 149, 255} }},
	{{ {-1942, 120, -2788}, 0, {2895, 1790}, {255, 177, 149, 255} }},
	{{ {-2000, 120, -2930}, 0, {2895, 226}, {255, 177, 149, 255} }},
	{{ {-2014, 210, -2916}, 0, {2323, 463}, {255, 177, 149, 255} }},
	{{ {-2142, 120, -2988}, 0, {1790, -879}, {255, 177, 149, 255} }},
	{{ {-2142, 210, -2969}, 0, {1553, -307}, {255, 177, 149, 255} }},
	{{ {-2283, 120, -2930}, 0, {226, -879}, {255, 177, 149, 255} }},
	{{ {-2057, 264, -2873}, 0, {1793, 683}, {255, 177, 149, 255} }},
	{{ {-2022, 264, -2788}, 0, {1793, 1333}, {255, 177, 149, 255} }},
	{{ {-2142, 264, -2908}, 0, {1333, 223}, {255, 177, 149, 255} }},
};

Gfx pss_dl_VISUAL_mesh_layer_1_tri_5[] = {
	gsSPVertex(pss_dl_VISUAL_mesh_layer_1_vtx_5 + 0, 32, 0),
	gsSP2Triangles(0, 1, 2, 0, 3, 1, 0, 0),
	gsSP2Triangles(4, 3, 0, 0, 4, 0, 5, 0),
	gsSP2Triangles(5, 0, 6, 0, 0, 2, 6, 0),
	gsSP2Triangles(6, 2, 7, 0, 6, 7, 8, 0),
	gsSP2Triangles(8, 7, 9, 0, 8, 9, 10, 0),
	gsSP2Triangles(10, 9, 11, 0, 10, 11, 12, 0),
	gsSP2Triangles(12, 11, 13, 0, 12, 13, 14, 0),
	gsSP2Triangles(14, 13, 15, 0, 14, 15, 16, 0),
	gsSP2Triangles(16, 15, 17, 0, 16, 17, 3, 0),
	gsSP2Triangles(3, 17, 1, 0, 18, 16, 3, 0),
	gsSP2Triangles(19, 16, 18, 0, 20, 19, 18, 0),
	gsSP2Triangles(20, 18, 21, 0, 21, 18, 4, 0),
	gsSP2Triangles(18, 3, 4, 0, 21, 4, 22, 0),
	gsSP2Triangles(22, 4, 5, 0, 22, 5, 23, 0),
	gsSP2Triangles(23, 5, 24, 0, 5, 6, 24, 0),
	gsSP2Triangles(24, 6, 8, 0, 24, 8, 25, 0),
	gsSP2Triangles(25, 8, 10, 0, 25, 10, 26, 0),
	gsSP2Triangles(26, 10, 12, 0, 26, 12, 27, 0),
	gsSP2Triangles(27, 12, 14, 0, 27, 14, 19, 0),
	gsSP2Triangles(19, 14, 16, 0, 28, 27, 19, 0),
	gsSP2Triangles(29, 27, 28, 0, 30, 29, 28, 0),
	gsSP2Triangles(30, 28, 31, 0, 31, 28, 20, 0),
	gsSP1Triangle(28, 19, 20, 0),
	gsSPVertex(pss_dl_VISUAL_mesh_layer_1_vtx_5 + 32, 19, 0),
	gsSP2Triangles(0, 1, 2, 0, 2, 1, 3, 0),
	gsSP2Triangles(2, 3, 4, 0, 4, 3, 5, 0),
	gsSP2Triangles(4, 5, 6, 0, 6, 5, 7, 0),
	gsSP2Triangles(6, 7, 8, 0, 8, 7, 9, 0),
	gsSP2Triangles(7, 10, 9, 0, 9, 10, 11, 0),
	gsSP2Triangles(9, 11, 12, 0, 12, 11, 13, 0),
	gsSP2Triangles(12, 13, 14, 0, 14, 13, 15, 0),
	gsSP2Triangles(16, 12, 14, 0, 17, 12, 16, 0),
	gsSP2Triangles(17, 16, 18, 0, 16, 14, 18, 0),
	gsSP2Triangles(6, 17, 18, 0, 6, 8, 17, 0),
	gsSP2Triangles(8, 9, 17, 0, 17, 9, 12, 0),
	gsSP2Triangles(18, 2, 6, 0, 18, 0, 2, 0),
	gsSP1Triangle(2, 4, 6, 0),
	gsSPEndDisplayList(),
};

Vtx pss_dl_VISUAL_mesh_layer_5_vtx_cull[8] = {
	{{ {-6127, 0, 5797}, 0, {0, 0}, {0, 0, 0, 0} }},
	{{ {-6127, 1000, 5797}, 0, {0, 0}, {0, 0, 0, 0} }},
	{{ {-6127, 1000, -6203}, 0, {0, 0}, {0, 0, 0, 0} }},
	{{ {-6127, 0, -6203}, 0, {0, 0}, {0, 0, 0, 0} }},
	{{ {5873, 0, 5797}, 0, {0, 0}, {0, 0, 0, 0} }},
	{{ {5873, 1000, 5797}, 0, {0, 0}, {0, 0, 0, 0} }},
	{{ {5873, 1000, -6203}, 0, {0, 0}, {0, 0, 0, 0} }},
	{{ {5873, 0, -6203}, 0, {0, 0}, {0, 0, 0, 0} }},
};

Vtx pss_dl_VISUAL_mesh_layer_5_vtx_0[16] = {
	{{ {-3758, 0, -3834}, 0, {-5120, 3518}, {103, 72, 60, 255} }},
	{{ {-127, 0, -5337}, 0, {-5102, -1564}, {103, 72, 60, 255} }},
	{{ {-127, 0, -6203}, 0, {-6133, -1996}, {103, 72, 60, 0} }},
	{{ {4115, 0, -4446}, 0, {-1930, -6159}, {103, 72, 60, 0} }},
	{{ {3503, 0, -3834}, 0, {-1507, -5125}, {103, 72, 60, 255} }},
	{{ {5873, 0, -203}, 0, {4001, -6145}, {103, 72, 60, 0} }},
	{{ {5007, 0, -203}, 0, {3571, -5113}, {103, 72, 60, 255} }},
	{{ {4115, 0, 4039}, 0, {8168, -1941}, {103, 72, 60, 0} }},
	{{ {3503, 0, 3427}, 0, {7138, -1516}, {103, 72, 60, 255} }},
	{{ {-127, 0, 5797}, 0, {8173, 3962}, {103, 72, 60, 0} }},
	{{ {-127, 0, 4931}, 0, {7143, 3543}, {103, 72, 60, 255} }},
	{{ {-4370, 0, 4039}, 0, {4039, 8175}, {103, 72, 60, 0} }},
	{{ {-3758, 0, 3427}, 0, {3608, 7137}, {103, 72, 60, 255} }},
	{{ {-6127, 0, -203}, 0, {-1985, 8175}, {103, 72, 60, 0} }},
	{{ {-5261, 0, -203}, 0, {-1551, 7132}, {103, 72, 60, 255} }},
	{{ {-4370, 0, -4446}, 0, {-6157, 3941}, {103, 72, 60, 0} }},
};

Gfx pss_dl_VISUAL_mesh_layer_5_tri_0[] = {
	gsSPVertex(pss_dl_VISUAL_mesh_layer_5_vtx_0 + 0, 16, 0),
	gsSP2Triangles(0, 1, 2, 0, 1, 3, 2, 0),
	gsSP2Triangles(1, 4, 3, 0, 4, 5, 3, 0),
	gsSP2Triangles(4, 6, 5, 0, 6, 7, 5, 0),
	gsSP2Triangles(6, 8, 7, 0, 8, 9, 7, 0),
	gsSP2Triangles(8, 10, 9, 0, 10, 11, 9, 0),
	gsSP2Triangles(10, 12, 11, 0, 12, 13, 11, 0),
	gsSP2Triangles(12, 14, 13, 0, 14, 15, 13, 0),
	gsSP2Triangles(14, 0, 15, 0, 0, 2, 15, 0),
	gsSPEndDisplayList(),
};

Vtx pss_dl_WATER__VISUAL__mesh_layer_5_vtx_cull[8] = {
	{{ {-6127, 50, 5797}, 0, {0, 0}, {0, 0, 0, 0} }},
	{{ {-6127, 50, 5797}, 0, {0, 0}, {0, 0, 0, 0} }},
	{{ {-6127, 50, -6203}, 0, {0, 0}, {0, 0, 0, 0} }},
	{{ {-6127, 50, -6203}, 0, {0, 0}, {0, 0, 0, 0} }},
	{{ {5873, 50, 5797}, 0, {0, 0}, {0, 0, 0, 0} }},
	{{ {5873, 50, 5797}, 0, {0, 0}, {0, 0, 0, 0} }},
	{{ {5873, 50, -6203}, 0, {0, 0}, {0, 0, 0, 0} }},
	{{ {5873, 50, -6203}, 0, {0, 0}, {0, 0, 0, 0} }},
};

Vtx pss_dl_WATER__VISUAL__mesh_layer_5_vtx_0[25] = {
	{{ {-3758, 50, -3834}, 0, {-5120, 3518}, {82, 57, 48, 64} }},
	{{ {-127, 50, -6203}, 0, {-6133, -1996}, {82, 57, 48, 0} }},
	{{ {-4370, 50, -4446}, 0, {-6157, 3941}, {82, 57, 48, 0} }},
	{{ {-127, 50, -5337}, 0, {-5102, -1564}, {82, 57, 48, 113} }},
	{{ {-1942, 50, -2019}, 0, {-2049, 2260}, {82, 57, 48, 91} }},
	{{ {-2694, 50, -203}, 0, {-265, 4067}, {82, 57, 48, 94} }},
	{{ {-5261, 50, -203}, 0, {-1551, 7132}, {82, 57, 48, 69} }},
	{{ {-6127, 50, -203}, 0, {-1985, 8175}, {82, 57, 48, 0} }},
	{{ {-3758, 50, 3427}, 0, {3608, 7137}, {82, 57, 48, 76} }},
	{{ {-4370, 50, 4039}, 0, {4039, 8175}, {82, 57, 48, 0} }},
	{{ {-127, 50, 4931}, 0, {7143, 3543}, {82, 57, 48, 44} }},
	{{ {-127, 50, 5797}, 0, {8173, 3962}, {82, 57, 48, 0} }},
	{{ {3503, 50, 3427}, 0, {7138, -1516}, {82, 57, 48, 44} }},
	{{ {4115, 50, 4039}, 0, {8168, -1941}, {82, 57, 48, 0} }},
	{{ {5007, 50, -203}, 0, {3571, -5113}, {82, 57, 48, 77} }},
	{{ {5873, 50, -203}, 0, {4001, -6145}, {82, 57, 48, 0} }},
	{{ {3503, 50, -3834}, 0, {-1507, -5125}, {82, 57, 48, 71} }},
	{{ {4115, 50, -4446}, 0, {-1930, -6159}, {82, 57, 48, 0} }},
	{{ {-127, 50, -2770}, 0, {-2040, -281}, {82, 57, 48, 91} }},
	{{ {-127, 50, -203}, 0, {1022, 1001}, {82, 57, 48, 90} }},
	{{ {-1942, 50, 1612}, 0, {2315, 4069}, {82, 57, 48, 101} }},
	{{ {-127, 50, 2364}, 0, {4083, 2272}, {82, 57, 48, 106} }},
	{{ {1688, 50, 1612}, 0, {4080, -257}, {82, 57, 48, 107} }},
	{{ {2440, 50, -203}, 0, {2297, -2056}, {82, 57, 48, 103} }},
	{{ {1688, 50, -2019}, 0, {-242, -2062}, {82, 57, 48, 96} }},
};

Gfx pss_dl_WATER__VISUAL__mesh_layer_5_tri_0[] = {
	gsSPVertex(pss_dl_WATER__VISUAL__mesh_layer_5_vtx_0 + 0, 25, 0),
	gsSP2Triangles(0, 1, 2, 0, 0, 3, 1, 0),
	gsSP2Triangles(3, 0, 4, 0, 0, 5, 4, 0),
	gsSP2Triangles(0, 6, 5, 0, 6, 0, 2, 0),
	gsSP2Triangles(6, 2, 7, 0, 8, 6, 7, 0),
	gsSP2Triangles(8, 7, 9, 0, 10, 8, 9, 0),
	gsSP2Triangles(10, 9, 11, 0, 12, 10, 11, 0),
	gsSP2Triangles(12, 11, 13, 0, 14, 12, 13, 0),
	gsSP2Triangles(14, 13, 15, 0, 16, 14, 15, 0),
	gsSP2Triangles(16, 15, 17, 0, 3, 16, 17, 0),
	gsSP2Triangles(3, 17, 1, 0, 16, 3, 18, 0),
	gsSP2Triangles(3, 4, 18, 0, 4, 19, 18, 0),
	gsSP2Triangles(5, 19, 4, 0, 20, 19, 5, 0),
	gsSP2Triangles(6, 20, 5, 0, 6, 8, 20, 0),
	gsSP2Triangles(8, 21, 20, 0, 8, 10, 21, 0),
	gsSP2Triangles(10, 22, 21, 0, 10, 12, 22, 0),
	gsSP2Triangles(12, 23, 22, 0, 12, 14, 23, 0),
	gsSP2Triangles(14, 24, 23, 0, 14, 16, 24, 0),
	gsSP2Triangles(16, 18, 24, 0, 18, 19, 24, 0),
	gsSP2Triangles(24, 19, 23, 0, 23, 19, 22, 0),
	gsSP2Triangles(22, 19, 21, 0, 21, 19, 20, 0),
	gsSPEndDisplayList(),
};

Gfx mat_pss_dl_Shit_sand_layer1[] = {
	gsSPGeometryMode(G_LIGHTING, 0),
	gsDPPipeSync(),
	gsDPSetCombineLERP(TEXEL0, 0, TEXEL1, 0, 0, 0, 0, ENVIRONMENT, COMBINED, 0, SHADE, 0, 0, 0, 0, COMBINED),
	gsDPSetAlphaDither(G_AD_NOISE),
	gsDPSetCycleType(G_CYC_2CYCLE),
	gsDPSetRenderMode(G_RM_NOOP, G_RM_AA_ZB_OPA_SURF2),
	gsSPTexture(65535, 65535, 0, 0, 1),
	gsDPSetTextureImage(G_IM_FMT_I, G_IM_SIZ_16b, 1, pss_dl_GM4E01_6a317236_14_64x64__BRODUTE__i4),
	gsDPSetTile(G_IM_FMT_I, G_IM_SIZ_16b, 0, 0, 7, 0, G_TX_WRAP | G_TX_NOMIRROR, 0, 0, G_TX_WRAP | G_TX_NOMIRROR, 0, 0),
	gsDPLoadBlock(7, 0, 0, 1023, 512),
	gsDPSetTile(G_IM_FMT_I, G_IM_SIZ_4b, 4, 0, 0, 0, G_TX_WRAP | G_TX_NOMIRROR, 6, 0, G_TX_WRAP | G_TX_NOMIRROR, 6, 0),
	gsDPSetTileSize(0, 0, 0, 252, 252),
	gsDPSetTextureImage(G_IM_FMT_I, G_IM_SIZ_16b, 1, pss_dl_suna4_i4),
	gsDPSetTile(G_IM_FMT_I, G_IM_SIZ_16b, 0, 256, 6, 0, G_TX_WRAP | G_TX_NOMIRROR, 0, 0, G_TX_WRAP | G_TX_NOMIRROR, 0, 0),
	gsDPLoadBlock(6, 0, 0, 1023, 512),
	gsDPSetTile(G_IM_FMT_I, G_IM_SIZ_4b, 4, 256, 1, 0, G_TX_WRAP | G_TX_NOMIRROR, 6, 0, G_TX_WRAP | G_TX_NOMIRROR, 6, 0),
	gsDPSetTileSize(1, 0, 0, 252, 252),
	gsSPEndDisplayList(),
};

Gfx mat_revert_pss_dl_Shit_sand_layer1[] = {
	gsSPGeometryMode(0, G_LIGHTING),
	gsDPPipeSync(),
	gsDPSetAlphaDither(G_AD_DISABLE),
	gsDPSetCycleType(G_CYC_1CYCLE),
	gsDPSetRenderMode(G_RM_AA_ZB_OPA_SURF, G_RM_AA_ZB_OPA_SURF2),
	gsSPEndDisplayList(),
};

Gfx mat_pss_dl_Shart_stone_layer1[] = {
	gsSPGeometryMode(G_LIGHTING, 0),
	gsDPPipeSync(),
	gsDPSetCombineLERP(TEXEL0, 0, TEXEL1, 0, 0, 0, 0, ENVIRONMENT, COMBINED, 0, SHADE, 0, 0, 0, 0, COMBINED),
	gsDPSetAlphaDither(G_AD_NOISE),
	gsDPSetCycleType(G_CYC_2CYCLE),
	gsDPSetRenderMode(G_RM_NOOP, G_RM_AA_ZB_OPA_SURF2),
	gsSPTexture(65535, 65535, 0, 0, 1),
	gsDPSetTextureImage(G_IM_FMT_I, G_IM_SIZ_16b, 1, pss_dl_KKIIDDZZ_DAT_798__p00_i4),
	gsDPSetTile(G_IM_FMT_I, G_IM_SIZ_16b, 0, 0, 7, 0, G_TX_WRAP | G_TX_NOMIRROR, 0, 0, G_TX_WRAP | G_TX_NOMIRROR, 0, 0),
	gsDPLoadBlock(7, 0, 0, 1023, 512),
	gsDPSetTile(G_IM_FMT_I, G_IM_SIZ_4b, 4, 0, 0, 0, G_TX_WRAP | G_TX_NOMIRROR, 6, 0, G_TX_WRAP | G_TX_NOMIRROR, 6, 0),
	gsDPSetTileSize(0, 0, 0, 252, 252),
	gsDPSetTextureImage(G_IM_FMT_I, G_IM_SIZ_16b, 1, pss_dl_Dirt_Cracked_01_White_1_64x64_i4),
	gsDPSetTile(G_IM_FMT_I, G_IM_SIZ_16b, 0, 256, 6, 0, G_TX_WRAP | G_TX_NOMIRROR, 0, 0, G_TX_WRAP | G_TX_NOMIRROR, 0, 0),
	gsDPLoadBlock(6, 0, 0, 1023, 512),
	gsDPSetTile(G_IM_FMT_I, G_IM_SIZ_4b, 4, 256, 1, 0, G_TX_WRAP | G_TX_NOMIRROR, 6, 0, G_TX_WRAP | G_TX_NOMIRROR, 6, 0),
	gsDPSetTileSize(1, 0, 0, 252, 252),
	gsSPEndDisplayList(),
};

Gfx mat_revert_pss_dl_Shart_stone_layer1[] = {
	gsSPGeometryMode(0, G_LIGHTING),
	gsDPPipeSync(),
	gsDPSetAlphaDither(G_AD_DISABLE),
	gsDPSetCycleType(G_CYC_1CYCLE),
	gsDPSetRenderMode(G_RM_AA_ZB_OPA_SURF, G_RM_AA_ZB_OPA_SURF2),
	gsSPEndDisplayList(),
};

Gfx mat_pss_dl_Shart_stone_2_layer1[] = {
	gsSPGeometryMode(G_LIGHTING, 0),
	gsDPPipeSync(),
	gsDPSetCombineLERP(TEXEL0, 0, TEXEL1, 0, 0, 0, 0, ENVIRONMENT, COMBINED, 0, SHADE, 0, 0, 0, 0, COMBINED),
	gsDPSetAlphaDither(G_AD_NOISE),
	gsDPSetCycleType(G_CYC_2CYCLE),
	gsDPSetRenderMode(G_RM_NOOP, G_RM_AA_ZB_OPA_SURF2),
	gsSPTexture(65535, 65535, 0, 0, 1),
	gsDPSetTextureImage(G_IM_FMT_I, G_IM_SIZ_16b, 1, pss_dl_Art411_64x64_BLOOD__i4),
	gsDPSetTile(G_IM_FMT_I, G_IM_SIZ_16b, 0, 0, 7, 0, G_TX_WRAP | G_TX_NOMIRROR, 0, 0, G_TX_WRAP | G_TX_NOMIRROR, 0, 0),
	gsDPLoadBlock(7, 0, 0, 1023, 512),
	gsDPSetTile(G_IM_FMT_I, G_IM_SIZ_4b, 4, 0, 0, 0, G_TX_WRAP | G_TX_NOMIRROR, 6, 0, G_TX_WRAP | G_TX_NOMIRROR, 6, 0),
	gsDPSetTileSize(0, 0, 0, 252, 252),
	gsDPSetTextureImage(G_IM_FMT_I, G_IM_SIZ_16b, 1, pss_dl_itimatu_i4),
	gsDPSetTile(G_IM_FMT_I, G_IM_SIZ_16b, 0, 256, 6, 0, G_TX_WRAP | G_TX_NOMIRROR, 0, 0, G_TX_WRAP | G_TX_NOMIRROR, 0, 0),
	gsDPLoadBlock(6, 0, 0, 1023, 512),
	gsDPSetTile(G_IM_FMT_I, G_IM_SIZ_4b, 4, 256, 1, 0, G_TX_WRAP | G_TX_NOMIRROR, 6, 0, G_TX_WRAP | G_TX_NOMIRROR, 6, 0),
	gsDPSetTileSize(1, 0, 0, 252, 252),
	gsSPEndDisplayList(),
};

Gfx mat_revert_pss_dl_Shart_stone_2_layer1[] = {
	gsSPGeometryMode(0, G_LIGHTING),
	gsDPPipeSync(),
	gsDPSetAlphaDither(G_AD_DISABLE),
	gsDPSetCycleType(G_CYC_1CYCLE),
	gsDPSetRenderMode(G_RM_AA_ZB_OPA_SURF, G_RM_AA_ZB_OPA_SURF2),
	gsSPEndDisplayList(),
};

Gfx mat_pss_dl_BRAAAP_Grass_layer1[] = {
	gsSPGeometryMode(G_LIGHTING, 0),
	gsDPPipeSync(),
	gsDPSetCombineLERP(TEXEL0, 0, TEXEL1, 0, 0, 0, 0, ENVIRONMENT, COMBINED, 0, SHADE, 0, 0, 0, 0, COMBINED),
	gsDPSetAlphaDither(G_AD_NOISE),
	gsDPSetCycleType(G_CYC_2CYCLE),
	gsDPSetRenderMode(G_RM_NOOP, G_RM_AA_ZB_OPA_SURF2),
	gsSPTexture(65535, 65535, 0, 0, 1),
	gsDPSetTextureImage(G_IM_FMT_I, G_IM_SIZ_16b, 1, pss_dl_Newgrass3_i4),
	gsDPSetTile(G_IM_FMT_I, G_IM_SIZ_16b, 0, 0, 7, 0, G_TX_WRAP | G_TX_NOMIRROR, 0, 0, G_TX_WRAP | G_TX_NOMIRROR, 0, 0),
	gsDPLoadBlock(7, 0, 0, 1023, 512),
	gsDPSetTile(G_IM_FMT_I, G_IM_SIZ_4b, 4, 0, 0, 0, G_TX_WRAP | G_TX_NOMIRROR, 6, 0, G_TX_WRAP | G_TX_NOMIRROR, 6, 0),
	gsDPSetTileSize(0, 0, 0, 252, 252),
	gsDPSetTextureImage(G_IM_FMT_I, G_IM_SIZ_16b, 1, pss_dl_LawnPattern00Bright_64x64__Brodute__i4),
	gsDPSetTile(G_IM_FMT_I, G_IM_SIZ_16b, 0, 256, 6, 0, G_TX_WRAP | G_TX_NOMIRROR, 0, 0, G_TX_WRAP | G_TX_NOMIRROR, 0, 0),
	gsDPLoadBlock(6, 0, 0, 1023, 512),
	gsDPSetTile(G_IM_FMT_I, G_IM_SIZ_4b, 4, 256, 1, 0, G_TX_WRAP | G_TX_NOMIRROR, 6, 0, G_TX_WRAP | G_TX_NOMIRROR, 6, 0),
	gsDPSetTileSize(1, 0, 0, 252, 252),
	gsSPEndDisplayList(),
};

Gfx mat_revert_pss_dl_BRAAAP_Grass_layer1[] = {
	gsSPGeometryMode(0, G_LIGHTING),
	gsDPPipeSync(),
	gsDPSetAlphaDither(G_AD_DISABLE),
	gsDPSetCycleType(G_CYC_1CYCLE),
	gsDPSetRenderMode(G_RM_AA_ZB_OPA_SURF, G_RM_AA_ZB_OPA_SURF2),
	gsSPEndDisplayList(),
};

Gfx mat_pss_dl_Woke_wall_layer1[] = {
	gsSPGeometryMode(G_LIGHTING, 0),
	gsDPPipeSync(),
	gsDPSetCombineLERP(TEXEL0, 0, TEXEL1, 0, 0, 0, 0, ENVIRONMENT, COMBINED, 0, SHADE, 0, 0, 0, 0, COMBINED),
	gsDPSetAlphaDither(G_AD_NOISE),
	gsDPSetCycleType(G_CYC_2CYCLE),
	gsDPSetRenderMode(G_RM_NOOP, G_RM_AA_ZB_OPA_SURF2),
	gsSPTexture(65535, 65535, 0, 0, 1),
	gsDPSetTextureImage(G_IM_FMT_I, G_IM_SIZ_16b, 1, pss_dl_p_sndstn_64x64_STRIFE_i4),
	gsDPSetTile(G_IM_FMT_I, G_IM_SIZ_16b, 0, 0, 7, 0, G_TX_WRAP | G_TX_NOMIRROR, 0, 0, G_TX_WRAP | G_TX_NOMIRROR, 0, 0),
	gsDPLoadBlock(7, 0, 0, 1023, 512),
	gsDPSetTile(G_IM_FMT_I, G_IM_SIZ_4b, 4, 0, 0, 0, G_TX_WRAP | G_TX_NOMIRROR, 6, 0, G_TX_WRAP | G_TX_NOMIRROR, 6, 0),
	gsDPSetTileSize(0, 0, 0, 252, 252),
	gsDPSetTextureImage(G_IM_FMT_I, G_IM_SIZ_16b, 1, pss_dl_Debris_Coins_Mix_5_64x64_i4),
	gsDPSetTile(G_IM_FMT_I, G_IM_SIZ_16b, 0, 256, 6, 0, G_TX_WRAP | G_TX_NOMIRROR, 0, 0, G_TX_WRAP | G_TX_NOMIRROR, 0, 0),
	gsDPLoadBlock(6, 0, 0, 1023, 512),
	gsDPSetTile(G_IM_FMT_I, G_IM_SIZ_4b, 4, 256, 1, 0, G_TX_WRAP | G_TX_NOMIRROR, 6, 0, G_TX_WRAP | G_TX_NOMIRROR, 6, 0),
	gsDPSetTileSize(1, 0, 0, 252, 252),
	gsSPEndDisplayList(),
};

Gfx mat_revert_pss_dl_Woke_wall_layer1[] = {
	gsSPGeometryMode(0, G_LIGHTING),
	gsDPPipeSync(),
	gsDPSetAlphaDither(G_AD_DISABLE),
	gsDPSetCycleType(G_CYC_1CYCLE),
	gsDPSetRenderMode(G_RM_AA_ZB_OPA_SURF, G_RM_AA_ZB_OPA_SURF2),
	gsSPEndDisplayList(),
};

Gfx mat_pss_dl_Shart_stone_3_layer1[] = {
	gsSPGeometryMode(G_LIGHTING, 0),
	gsDPPipeSync(),
	gsDPSetCombineLERP(TEXEL0, 0, TEXEL1, 0, 0, 0, 0, ENVIRONMENT, COMBINED, 0, SHADE, 0, 0, 0, 0, COMBINED),
	gsDPSetAlphaDither(G_AD_NOISE),
	gsDPSetCycleType(G_CYC_2CYCLE),
	gsDPSetRenderMode(G_RM_NOOP, G_RM_AA_ZB_OPA_SURF2),
	gsSPTexture(65535, 65535, 0, 0, 1),
	gsDPSetTextureImage(G_IM_FMT_I, G_IM_SIZ_16b, 1, pss_dl_miti2_i4),
	gsDPSetTile(G_IM_FMT_I, G_IM_SIZ_16b, 0, 0, 7, 0, G_TX_WRAP | G_TX_NOMIRROR, 0, 0, G_TX_WRAP | G_TX_NOMIRROR, 0, 0),
	gsDPLoadBlock(7, 0, 0, 1023, 512),
	gsDPSetTile(G_IM_FMT_I, G_IM_SIZ_4b, 4, 0, 0, 0, G_TX_WRAP | G_TX_NOMIRROR, 6, 0, G_TX_WRAP | G_TX_NOMIRROR, 6, 0),
	gsDPSetTileSize(0, 0, 0, 252, 252),
	gsDPSetTextureImage(G_IM_FMT_I, G_IM_SIZ_16b, 1, pss_dl_wc_isi_i4),
	gsDPSetTile(G_IM_FMT_I, G_IM_SIZ_16b, 0, 256, 6, 0, G_TX_WRAP | G_TX_NOMIRROR, 0, 0, G_TX_WRAP | G_TX_NOMIRROR, 0, 0),
	gsDPLoadBlock(6, 0, 0, 1023, 512),
	gsDPSetTile(G_IM_FMT_I, G_IM_SIZ_4b, 4, 256, 1, 0, G_TX_WRAP | G_TX_NOMIRROR, 6, 0, G_TX_WRAP | G_TX_NOMIRROR, 6, 0),
	gsDPSetTileSize(1, 0, 0, 252, 252),
	gsSPEndDisplayList(),
};

Gfx mat_revert_pss_dl_Shart_stone_3_layer1[] = {
	gsSPGeometryMode(0, G_LIGHTING),
	gsDPPipeSync(),
	gsDPSetAlphaDither(G_AD_DISABLE),
	gsDPSetCycleType(G_CYC_1CYCLE),
	gsDPSetRenderMode(G_RM_AA_ZB_OPA_SURF, G_RM_AA_ZB_OPA_SURF2),
	gsSPEndDisplayList(),
};

Gfx mat_pss_dl_Shit_sand_FADE_layer5[] = {
	gsSPGeometryMode(G_LIGHTING, 0),
	gsDPPipeSync(),
	gsDPSetCombineLERP(TEXEL0, 0, TEXEL1, 0, 0, 0, 0, SHADE, COMBINED, 0, SHADE, 0, 0, 0, 0, SHADE),
	gsDPSetAlphaDither(G_AD_NOISE),
	gsDPSetCycleType(G_CYC_2CYCLE),
	gsDPSetRenderMode(G_RM_PASS, G_RM_AA_ZB_XLU_SURF2),
	gsSPTexture(65535, 65535, 0, 0, 1),
	gsDPSetTextureImage(G_IM_FMT_I, G_IM_SIZ_16b, 1, pss_dl_GM4E01_6a317236_14_64x64__BRODUTE__i4),
	gsDPSetTile(G_IM_FMT_I, G_IM_SIZ_16b, 0, 0, 7, 0, G_TX_WRAP | G_TX_NOMIRROR, 0, 0, G_TX_WRAP | G_TX_NOMIRROR, 0, 0),
	gsDPLoadBlock(7, 0, 0, 1023, 512),
	gsDPSetTile(G_IM_FMT_I, G_IM_SIZ_4b, 4, 0, 0, 0, G_TX_WRAP | G_TX_NOMIRROR, 6, 0, G_TX_WRAP | G_TX_NOMIRROR, 6, 0),
	gsDPSetTileSize(0, 0, 0, 252, 252),
	gsDPSetTextureImage(G_IM_FMT_I, G_IM_SIZ_16b, 1, pss_dl_suna4_i4),
	gsDPSetTile(G_IM_FMT_I, G_IM_SIZ_16b, 0, 256, 6, 0, G_TX_WRAP | G_TX_NOMIRROR, 0, 0, G_TX_WRAP | G_TX_NOMIRROR, 0, 0),
	gsDPLoadBlock(6, 0, 0, 1023, 512),
	gsDPSetTile(G_IM_FMT_I, G_IM_SIZ_4b, 4, 256, 1, 0, G_TX_WRAP | G_TX_NOMIRROR, 6, 0, G_TX_WRAP | G_TX_NOMIRROR, 6, 0),
	gsDPSetTileSize(1, 0, 0, 252, 252),
	gsSPEndDisplayList(),
};

Gfx mat_revert_pss_dl_Shit_sand_FADE_layer5[] = {
	gsSPGeometryMode(0, G_LIGHTING),
	gsDPPipeSync(),
	gsDPSetAlphaDither(G_AD_DISABLE),
	gsDPSetCycleType(G_CYC_1CYCLE),
	gsDPSetRenderMode(G_RM_AA_ZB_XLU_SURF, G_RM_AA_ZB_XLU_SURF2),
	gsSPEndDisplayList(),
};

Gfx mat_pss_dl_Ween_water_001_layer5[] = {
	gsSPGeometryMode(G_LIGHTING, 0),
	gsDPPipeSync(),
	gsDPSetCombineLERP(TEXEL0, 0, TEXEL1, 0, 0, 0, 0, SHADE, COMBINED, 0, SHADE, 0, 0, 0, 0, SHADE),
	gsDPSetAlphaDither(G_AD_NOISE),
	gsDPSetCycleType(G_CYC_2CYCLE),
	gsDPSetRenderMode(G_RM_PASS, G_RM_AA_ZB_XLU_SURF2),
	gsSPTexture(65535, 65535, 0, 0, 1),
	gsDPSetTextureImage(G_IM_FMT_I, G_IM_SIZ_16b, 1, pss_dl_noko_waterA_i4),
	gsDPSetTile(G_IM_FMT_I, G_IM_SIZ_16b, 0, 0, 7, 0, G_TX_WRAP | G_TX_NOMIRROR, 0, 0, G_TX_WRAP | G_TX_NOMIRROR, 0, 0),
	gsDPLoadBlock(7, 0, 0, 1023, 512),
	gsDPSetTile(G_IM_FMT_I, G_IM_SIZ_4b, 4, 0, 0, 0, G_TX_WRAP | G_TX_NOMIRROR, 6, 0, G_TX_WRAP | G_TX_NOMIRROR, 6, 0),
	gsDPSetTileSize(0, 0, 0, 252, 252),
	gsDPSetTextureImage(G_IM_FMT_I, G_IM_SIZ_16b, 1, pss_dl_noko_waterC_i4),
	gsDPSetTile(G_IM_FMT_I, G_IM_SIZ_16b, 0, 256, 6, 0, G_TX_WRAP | G_TX_NOMIRROR, 0, 0, G_TX_WRAP | G_TX_NOMIRROR, 0, 0),
	gsDPLoadBlock(6, 0, 0, 1023, 512),
	gsDPSetTile(G_IM_FMT_I, G_IM_SIZ_4b, 4, 256, 1, 0, G_TX_WRAP | G_TX_NOMIRROR, 6, 0, G_TX_WRAP | G_TX_NOMIRROR, 6, 0),
	gsDPSetTileSize(1, 0, 0, 252, 252),
	gsSPEndDisplayList(),
};

Gfx mat_revert_pss_dl_Ween_water_001_layer5[] = {
	gsSPGeometryMode(0, G_LIGHTING),
	gsDPPipeSync(),
	gsDPSetAlphaDither(G_AD_DISABLE),
	gsDPSetCycleType(G_CYC_1CYCLE),
	gsDPSetRenderMode(G_RM_AA_ZB_XLU_SURF, G_RM_AA_ZB_XLU_SURF2),
	gsSPEndDisplayList(),
};

Gfx pss_dl_VISUAL_mesh_layer_1[] = {
	gsSPClearGeometryMode(G_LIGHTING),
	gsSPVertex(pss_dl_VISUAL_mesh_layer_1_vtx_cull + 0, 8, 0),
	gsSPSetGeometryMode(G_LIGHTING),
	gsSPCullDisplayList(0, 7),
	gsSPDisplayList(mat_pss_dl_Shit_sand_layer1),
	gsSPDisplayList(pss_dl_VISUAL_mesh_layer_1_tri_0),
	gsSPDisplayList(mat_revert_pss_dl_Shit_sand_layer1),
	gsSPDisplayList(mat_pss_dl_Shart_stone_layer1),
	gsSPDisplayList(pss_dl_VISUAL_mesh_layer_1_tri_1),
	gsSPDisplayList(mat_revert_pss_dl_Shart_stone_layer1),
	gsSPDisplayList(mat_pss_dl_Shart_stone_2_layer1),
	gsSPDisplayList(pss_dl_VISUAL_mesh_layer_1_tri_2),
	gsSPDisplayList(mat_revert_pss_dl_Shart_stone_2_layer1),
	gsSPDisplayList(mat_pss_dl_BRAAAP_Grass_layer1),
	gsSPDisplayList(pss_dl_VISUAL_mesh_layer_1_tri_3),
	gsSPDisplayList(mat_revert_pss_dl_BRAAAP_Grass_layer1),
	gsSPDisplayList(mat_pss_dl_Woke_wall_layer1),
	gsSPDisplayList(pss_dl_VISUAL_mesh_layer_1_tri_4),
	gsSPDisplayList(mat_revert_pss_dl_Woke_wall_layer1),
	gsSPDisplayList(mat_pss_dl_Shart_stone_3_layer1),
	gsSPDisplayList(pss_dl_VISUAL_mesh_layer_1_tri_5),
	gsSPDisplayList(mat_revert_pss_dl_Shart_stone_3_layer1),
	gsDPPipeSync(),
	gsSPSetGeometryMode(G_LIGHTING),
	gsSPClearGeometryMode(G_TEXTURE_GEN),
	gsDPSetCombineLERP(0, 0, 0, SHADE, 0, 0, 0, ENVIRONMENT, 0, 0, 0, SHADE, 0, 0, 0, ENVIRONMENT),
	gsSPTexture(65535, 65535, 0, 0, 0),
	gsDPSetEnvColor(255, 255, 255, 255),
	gsDPSetAlphaCompare(G_AC_NONE),
	gsSPEndDisplayList(),
};

Gfx pss_dl_VISUAL_mesh_layer_5[] = {
	gsSPClearGeometryMode(G_LIGHTING),
	gsSPVertex(pss_dl_VISUAL_mesh_layer_5_vtx_cull + 0, 8, 0),
	gsSPSetGeometryMode(G_LIGHTING),
	gsSPCullDisplayList(0, 7),
	gsSPDisplayList(mat_pss_dl_Shit_sand_FADE_layer5),
	gsSPDisplayList(pss_dl_VISUAL_mesh_layer_5_tri_0),
	gsSPDisplayList(mat_revert_pss_dl_Shit_sand_FADE_layer5),
	gsSPEndDisplayList(),
};

Gfx pss_dl_WATER__VISUAL__mesh_layer_5[] = {
	gsSPClearGeometryMode(G_LIGHTING),
	gsSPVertex(pss_dl_WATER__VISUAL__mesh_layer_5_vtx_cull + 0, 8, 0),
	gsSPSetGeometryMode(G_LIGHTING),
	gsSPCullDisplayList(0, 7),
	gsSPDisplayList(mat_pss_dl_Ween_water_001_layer5),
	gsSPDisplayList(pss_dl_WATER__VISUAL__mesh_layer_5_tri_0),
	gsSPDisplayList(mat_revert_pss_dl_Ween_water_001_layer5),
	gsDPPipeSync(),
	gsSPSetGeometryMode(G_LIGHTING),
	gsSPClearGeometryMode(G_TEXTURE_GEN),
	gsDPSetCombineLERP(0, 0, 0, SHADE, 0, 0, 0, ENVIRONMENT, 0, 0, 0, SHADE, 0, 0, 0, ENVIRONMENT),
	gsSPTexture(65535, 65535, 0, 0, 0),
	gsDPSetEnvColor(255, 255, 255, 255),
	gsDPSetAlphaCompare(G_AC_NONE),
	gsSPEndDisplayList(),
};

